algorithm,Average Ranking (Algorithm)
NSGA2,1.5555555555555556
NSGA3,2.3333333333333335
SPEA2,2.888888888888889
MOEAD_TCHE,3.2222222222222223
