crossover,Average Ranking (Crossover)
UX,1.1111111111111112
HUX,1.8888888888888888
2P,3.111111111111111
1P,3.888888888888889
