crossover,Average Ranking (Crossover)
UX,1.6666666666666667
HUX,2.2222222222222223
2P,2.6666666666666665
1P,3.4444444444444446
