init,Average Ranking (Initialization)
greedy_ting,1.6666666666666667
random_dense,1.7777777777777777
greedy_multi,2.5555555555555554
