crossover,Average Ranking (Crossover)
HUX,1.5555555555555556
UX,2.111111111111111
2P,2.6666666666666665
1P,3.6666666666666665
