algorithm,Average Ranking (Algorithm)
NSGA2,1.4444444444444444
NSGA3,2.111111111111111
MOEAD_TCHE,2.4444444444444446
