Group,Mean,Equivalence_Lines
AGEMOEA2-greedy_multi-UX,0.2916532756651478,"['Equivalence_Line_1: AGEMOEA2-greedy_multi-UX to SMSEMOA-greedy_multi-2P', 'Equivalence_Line_2: AGEMOEA2-greedy_multi-HUX to SMSEMOA-random_dense-UX', 'Equivalence_Line_3: SPEA2-greedy_multi-HUX to SMSEMOA-random_dense-HUX', 'Equivalence_Line_4: AGEMOEA2-greedy_multi-2P to UNSGA3-random_dense-UX', 'Equivalence_Line_5: SPEA2-greedy_multi-UX to UNSGA3-random_dense-HUX', 'Equivalence_Line_6: AGEMOEA2-greedy_multi-1P to AGEMOEA2-random_dense-HUX', 'Equivalence_Line_7: NSGA2-greedy_multi-2P to NSGA3-greedy_ting-HUX', 'Equivalence_Line_8: NSGA2-greedy_multi-HUX to UNSGA3-greedy_ting-UX', 'Equivalence_Line_9: SMSEMOA-greedy_ting-HUX to NSGA2-greedy_ting-HUX', 'Equivalence_Line_10: UNSGA3-greedy_multi-HUX to SMSEMOA-random_dense-2P', 'Equivalence_Line_11: NSGA3-greedy_multi-1P to RVEA-random_dense-UX', 'Equivalence_Line_12: UNSGA3-greedy_multi-1P to NSGA2-greedy_ting-UX', 'Equivalence_Line_13: SMSEMOA-greedy_ting-2P to RVEA-greedy_multi-2P', 'Equivalence_Line_14: SMSEMOA-greedy_multi-2P to AGEMOEA2-greedy_ting-HUX', 'Equivalence_Line_15: SMSEMOA-random_dense-UX to NSGA2-random_dense-UX', 'Equivalence_Line_16: SMSEMOA-greedy_ting-1P to UNSGA3-random_dense-2P', 'Equivalence_Line_17: NSGA3-random_dense-HUX to NSGA3-random_dense-2P', 'Equivalence_Line_18: SMSEMOA-greedy_multi-UX to SPEA2-random_dense-UX', 'Equivalence_Line_19: SMSEMOA-greedy_multi-HUX to SPEA2-greedy_ting-HUX', 'Equivalence_Line_20: AGEMOEA2-random_dense-UX to UNSGA3-greedy_ting-2P', 'Equivalence_Line_21: NSGA3-greedy_ting-HUX to AGEMOEA2-greedy_ting-2P', 'Equivalence_Line_22: UNSGA3-greedy_ting-UX to NSGA2-random_dense-2P', 'Equivalence_Line_23: UNSGA3-greedy_ting-HUX to RVEA-greedy_multi-HUX', 'Equivalence_Line_24: AGEMOEA2-greedy_ting-UX to NSGA2-greedy_ting-1P', 'Equivalence_Line_25: SMSEMOA-random_dense-1P to SPEA2-random_dense-1P', 'Equivalence_Line_26: AGEMOEA2-greedy_ting-HUX to RVEA-random_dense-1P', 'Equivalence_Line_27: UNSGA3-random_dense-2P to RVEA-greedy_ting-UX', 'Equivalence_Line_28: NSGA3-random_dense-2P to RVEA-greedy_ting-2P']"
AGEMOEA2-greedy_multi-HUX,0.29039055910145056,"['Equivalence_Line_1: AGEMOEA2-greedy_multi-UX to SMSEMOA-greedy_multi-2P', 'Equivalence_Line_2: AGEMOEA2-greedy_multi-HUX to SMSEMOA-random_dense-UX', 'Equivalence_Line_3: SPEA2-greedy_multi-HUX to SMSEMOA-random_dense-HUX', 'Equivalence_Line_4: AGEMOEA2-greedy_multi-2P to UNSGA3-random_dense-UX', 'Equivalence_Line_5: SPEA2-greedy_multi-UX to UNSGA3-random_dense-HUX', 'Equivalence_Line_6: AGEMOEA2-greedy_multi-1P to AGEMOEA2-random_dense-HUX', 'Equivalence_Line_7: NSGA2-greedy_multi-2P to NSGA3-greedy_ting-HUX', 'Equivalence_Line_8: NSGA2-greedy_multi-HUX to UNSGA3-greedy_ting-UX', 'Equivalence_Line_9: SMSEMOA-greedy_ting-HUX to NSGA2-greedy_ting-HUX', 'Equivalence_Line_10: UNSGA3-greedy_multi-HUX to SMSEMOA-random_dense-2P', 'Equivalence_Line_11: NSGA3-greedy_multi-1P to RVEA-random_dense-UX', 'Equivalence_Line_12: UNSGA3-greedy_multi-1P to NSGA2-greedy_ting-UX', 'Equivalence_Line_13: SMSEMOA-greedy_ting-2P to RVEA-greedy_multi-2P', 'Equivalence_Line_14: SMSEMOA-greedy_multi-2P to AGEMOEA2-greedy_ting-HUX', 'Equivalence_Line_15: SMSEMOA-random_dense-UX to NSGA2-random_dense-UX', 'Equivalence_Line_16: SMSEMOA-greedy_ting-1P to UNSGA3-random_dense-2P', 'Equivalence_Line_17: NSGA3-random_dense-HUX to NSGA3-random_dense-2P', 'Equivalence_Line_18: SMSEMOA-greedy_multi-UX to SPEA2-random_dense-UX', 'Equivalence_Line_19: SMSEMOA-greedy_multi-HUX to SPEA2-greedy_ting-HUX', 'Equivalence_Line_20: AGEMOEA2-random_dense-UX to UNSGA3-greedy_ting-2P', 'Equivalence_Line_21: NSGA3-greedy_ting-HUX to AGEMOEA2-greedy_ting-2P', 'Equivalence_Line_22: UNSGA3-greedy_ting-UX to NSGA2-random_dense-2P', 'Equivalence_Line_23: UNSGA3-greedy_ting-HUX to RVEA-greedy_multi-HUX', 'Equivalence_Line_24: AGEMOEA2-greedy_ting-UX to NSGA2-greedy_ting-1P', 'Equivalence_Line_25: SMSEMOA-random_dense-1P to SPEA2-random_dense-1P', 'Equivalence_Line_26: AGEMOEA2-greedy_ting-HUX to RVEA-random_dense-1P', 'Equivalence_Line_27: UNSGA3-random_dense-2P to RVEA-greedy_ting-UX', 'Equivalence_Line_28: NSGA3-random_dense-2P to RVEA-greedy_ting-2P']"
SPEA2-greedy_multi-HUX,0.2874089473454086,"['Equivalence_Line_1: AGEMOEA2-greedy_multi-UX to SMSEMOA-greedy_multi-2P', 'Equivalence_Line_2: AGEMOEA2-greedy_multi-HUX to SMSEMOA-random_dense-UX', 'Equivalence_Line_3: SPEA2-greedy_multi-HUX to SMSEMOA-random_dense-HUX', 'Equivalence_Line_4: AGEMOEA2-greedy_multi-2P to UNSGA3-random_dense-UX', 'Equivalence_Line_5: SPEA2-greedy_multi-UX to UNSGA3-random_dense-HUX', 'Equivalence_Line_6: AGEMOEA2-greedy_multi-1P to AGEMOEA2-random_dense-HUX', 'Equivalence_Line_7: NSGA2-greedy_multi-2P to NSGA3-greedy_ting-HUX', 'Equivalence_Line_8: NSGA2-greedy_multi-HUX to UNSGA3-greedy_ting-UX', 'Equivalence_Line_9: SMSEMOA-greedy_ting-HUX to NSGA2-greedy_ting-HUX', 'Equivalence_Line_10: UNSGA3-greedy_multi-HUX to SMSEMOA-random_dense-2P', 'Equivalence_Line_11: NSGA3-greedy_multi-1P to RVEA-random_dense-UX', 'Equivalence_Line_12: UNSGA3-greedy_multi-1P to NSGA2-greedy_ting-UX', 'Equivalence_Line_13: SMSEMOA-greedy_ting-2P to RVEA-greedy_multi-2P', 'Equivalence_Line_14: SMSEMOA-greedy_multi-2P to AGEMOEA2-greedy_ting-HUX', 'Equivalence_Line_15: SMSEMOA-random_dense-UX to NSGA2-random_dense-UX', 'Equivalence_Line_16: SMSEMOA-greedy_ting-1P to UNSGA3-random_dense-2P', 'Equivalence_Line_17: NSGA3-random_dense-HUX to NSGA3-random_dense-2P', 'Equivalence_Line_18: SMSEMOA-greedy_multi-UX to SPEA2-random_dense-UX', 'Equivalence_Line_19: SMSEMOA-greedy_multi-HUX to SPEA2-greedy_ting-HUX', 'Equivalence_Line_20: AGEMOEA2-random_dense-UX to UNSGA3-greedy_ting-2P', 'Equivalence_Line_21: NSGA3-greedy_ting-HUX to AGEMOEA2-greedy_ting-2P', 'Equivalence_Line_22: UNSGA3-greedy_ting-UX to NSGA2-random_dense-2P', 'Equivalence_Line_23: UNSGA3-greedy_ting-HUX to RVEA-greedy_multi-HUX', 'Equivalence_Line_24: AGEMOEA2-greedy_ting-UX to NSGA2-greedy_ting-1P', 'Equivalence_Line_25: SMSEMOA-random_dense-1P to SPEA2-random_dense-1P', 'Equivalence_Line_26: AGEMOEA2-greedy_ting-HUX to RVEA-random_dense-1P', 'Equivalence_Line_27: UNSGA3-random_dense-2P to RVEA-greedy_ting-UX', 'Equivalence_Line_28: NSGA3-random_dense-2P to RVEA-greedy_ting-2P']"
SPEA2-greedy_multi-1P,0.28709815913328707,"['Equivalence_Line_1: AGEMOEA2-greedy_multi-UX to SMSEMOA-greedy_multi-2P', 'Equivalence_Line_2: AGEMOEA2-greedy_multi-HUX to SMSEMOA-random_dense-UX', 'Equivalence_Line_3: SPEA2-greedy_multi-HUX to SMSEMOA-random_dense-HUX', 'Equivalence_Line_4: AGEMOEA2-greedy_multi-2P to UNSGA3-random_dense-UX', 'Equivalence_Line_5: SPEA2-greedy_multi-UX to UNSGA3-random_dense-HUX', 'Equivalence_Line_6: AGEMOEA2-greedy_multi-1P to AGEMOEA2-random_dense-HUX', 'Equivalence_Line_7: NSGA2-greedy_multi-2P to NSGA3-greedy_ting-HUX', 'Equivalence_Line_8: NSGA2-greedy_multi-HUX to UNSGA3-greedy_ting-UX', 'Equivalence_Line_9: SMSEMOA-greedy_ting-HUX to NSGA2-greedy_ting-HUX', 'Equivalence_Line_10: UNSGA3-greedy_multi-HUX to SMSEMOA-random_dense-2P', 'Equivalence_Line_11: NSGA3-greedy_multi-1P to RVEA-random_dense-UX', 'Equivalence_Line_12: UNSGA3-greedy_multi-1P to NSGA2-greedy_ting-UX', 'Equivalence_Line_13: SMSEMOA-greedy_ting-2P to RVEA-greedy_multi-2P', 'Equivalence_Line_14: SMSEMOA-greedy_multi-2P to AGEMOEA2-greedy_ting-HUX', 'Equivalence_Line_15: SMSEMOA-random_dense-UX to NSGA2-random_dense-UX', 'Equivalence_Line_16: SMSEMOA-greedy_ting-1P to UNSGA3-random_dense-2P', 'Equivalence_Line_17: NSGA3-random_dense-HUX to NSGA3-random_dense-2P', 'Equivalence_Line_18: SMSEMOA-greedy_multi-UX to SPEA2-random_dense-UX', 'Equivalence_Line_19: SMSEMOA-greedy_multi-HUX to SPEA2-greedy_ting-HUX', 'Equivalence_Line_20: AGEMOEA2-random_dense-UX to UNSGA3-greedy_ting-2P', 'Equivalence_Line_21: NSGA3-greedy_ting-HUX to AGEMOEA2-greedy_ting-2P', 'Equivalence_Line_22: UNSGA3-greedy_ting-UX to NSGA2-random_dense-2P', 'Equivalence_Line_23: UNSGA3-greedy_ting-HUX to RVEA-greedy_multi-HUX', 'Equivalence_Line_24: AGEMOEA2-greedy_ting-UX to NSGA2-greedy_ting-1P', 'Equivalence_Line_25: SMSEMOA-random_dense-1P to SPEA2-random_dense-1P', 'Equivalence_Line_26: AGEMOEA2-greedy_ting-HUX to RVEA-random_dense-1P', 'Equivalence_Line_27: UNSGA3-random_dense-2P to RVEA-greedy_ting-UX', 'Equivalence_Line_28: NSGA3-random_dense-2P to RVEA-greedy_ting-2P']"
AGEMOEA2-greedy_multi-2P,0.2857855763515471,"['Equivalence_Line_1: AGEMOEA2-greedy_multi-UX to SMSEMOA-greedy_multi-2P', 'Equivalence_Line_2: AGEMOEA2-greedy_multi-HUX to SMSEMOA-random_dense-UX', 'Equivalence_Line_3: SPEA2-greedy_multi-HUX to SMSEMOA-random_dense-HUX', 'Equivalence_Line_4: AGEMOEA2-greedy_multi-2P to UNSGA3-random_dense-UX', 'Equivalence_Line_5: SPEA2-greedy_multi-UX to UNSGA3-random_dense-HUX', 'Equivalence_Line_6: AGEMOEA2-greedy_multi-1P to AGEMOEA2-random_dense-HUX', 'Equivalence_Line_7: NSGA2-greedy_multi-2P to NSGA3-greedy_ting-HUX', 'Equivalence_Line_8: NSGA2-greedy_multi-HUX to UNSGA3-greedy_ting-UX', 'Equivalence_Line_9: SMSEMOA-greedy_ting-HUX to NSGA2-greedy_ting-HUX', 'Equivalence_Line_10: UNSGA3-greedy_multi-HUX to SMSEMOA-random_dense-2P', 'Equivalence_Line_11: NSGA3-greedy_multi-1P to RVEA-random_dense-UX', 'Equivalence_Line_12: UNSGA3-greedy_multi-1P to NSGA2-greedy_ting-UX', 'Equivalence_Line_13: SMSEMOA-greedy_ting-2P to RVEA-greedy_multi-2P', 'Equivalence_Line_14: SMSEMOA-greedy_multi-2P to AGEMOEA2-greedy_ting-HUX', 'Equivalence_Line_15: SMSEMOA-random_dense-UX to NSGA2-random_dense-UX', 'Equivalence_Line_16: SMSEMOA-greedy_ting-1P to UNSGA3-random_dense-2P', 'Equivalence_Line_17: NSGA3-random_dense-HUX to NSGA3-random_dense-2P', 'Equivalence_Line_18: SMSEMOA-greedy_multi-UX to SPEA2-random_dense-UX', 'Equivalence_Line_19: SMSEMOA-greedy_multi-HUX to SPEA2-greedy_ting-HUX', 'Equivalence_Line_20: AGEMOEA2-random_dense-UX to UNSGA3-greedy_ting-2P', 'Equivalence_Line_21: NSGA3-greedy_ting-HUX to AGEMOEA2-greedy_ting-2P', 'Equivalence_Line_22: UNSGA3-greedy_ting-UX to NSGA2-random_dense-2P', 'Equivalence_Line_23: UNSGA3-greedy_ting-HUX to RVEA-greedy_multi-HUX', 'Equivalence_Line_24: AGEMOEA2-greedy_ting-UX to NSGA2-greedy_ting-1P', 'Equivalence_Line_25: SMSEMOA-random_dense-1P to SPEA2-random_dense-1P', 'Equivalence_Line_26: AGEMOEA2-greedy_ting-HUX to RVEA-random_dense-1P', 'Equivalence_Line_27: UNSGA3-random_dense-2P to RVEA-greedy_ting-UX', 'Equivalence_Line_28: NSGA3-random_dense-2P to RVEA-greedy_ting-2P']"
SPEA2-greedy_multi-UX,0.2851105888994512,"['Equivalence_Line_1: AGEMOEA2-greedy_multi-UX to SMSEMOA-greedy_multi-2P', 'Equivalence_Line_2: AGEMOEA2-greedy_multi-HUX to SMSEMOA-random_dense-UX', 'Equivalence_Line_3: SPEA2-greedy_multi-HUX to SMSEMOA-random_dense-HUX', 'Equivalence_Line_4: AGEMOEA2-greedy_multi-2P to UNSGA3-random_dense-UX', 'Equivalence_Line_5: SPEA2-greedy_multi-UX to UNSGA3-random_dense-HUX', 'Equivalence_Line_6: AGEMOEA2-greedy_multi-1P to AGEMOEA2-random_dense-HUX', 'Equivalence_Line_7: NSGA2-greedy_multi-2P to NSGA3-greedy_ting-HUX', 'Equivalence_Line_8: NSGA2-greedy_multi-HUX to UNSGA3-greedy_ting-UX', 'Equivalence_Line_9: SMSEMOA-greedy_ting-HUX to NSGA2-greedy_ting-HUX', 'Equivalence_Line_10: UNSGA3-greedy_multi-HUX to SMSEMOA-random_dense-2P', 'Equivalence_Line_11: NSGA3-greedy_multi-1P to RVEA-random_dense-UX', 'Equivalence_Line_12: UNSGA3-greedy_multi-1P to NSGA2-greedy_ting-UX', 'Equivalence_Line_13: SMSEMOA-greedy_ting-2P to RVEA-greedy_multi-2P', 'Equivalence_Line_14: SMSEMOA-greedy_multi-2P to AGEMOEA2-greedy_ting-HUX', 'Equivalence_Line_15: SMSEMOA-random_dense-UX to NSGA2-random_dense-UX', 'Equivalence_Line_16: SMSEMOA-greedy_ting-1P to UNSGA3-random_dense-2P', 'Equivalence_Line_17: NSGA3-random_dense-HUX to NSGA3-random_dense-2P', 'Equivalence_Line_18: SMSEMOA-greedy_multi-UX to SPEA2-random_dense-UX', 'Equivalence_Line_19: SMSEMOA-greedy_multi-HUX to SPEA2-greedy_ting-HUX', 'Equivalence_Line_20: AGEMOEA2-random_dense-UX to UNSGA3-greedy_ting-2P', 'Equivalence_Line_21: NSGA3-greedy_ting-HUX to AGEMOEA2-greedy_ting-2P', 'Equivalence_Line_22: UNSGA3-greedy_ting-UX to NSGA2-random_dense-2P', 'Equivalence_Line_23: UNSGA3-greedy_ting-HUX to RVEA-greedy_multi-HUX', 'Equivalence_Line_24: AGEMOEA2-greedy_ting-UX to NSGA2-greedy_ting-1P', 'Equivalence_Line_25: SMSEMOA-random_dense-1P to SPEA2-random_dense-1P', 'Equivalence_Line_26: AGEMOEA2-greedy_ting-HUX to RVEA-random_dense-1P', 'Equivalence_Line_27: UNSGA3-random_dense-2P to RVEA-greedy_ting-UX', 'Equivalence_Line_28: NSGA3-random_dense-2P to RVEA-greedy_ting-2P']"
SPEA2-greedy_multi-2P,0.2845594186406123,"['Equivalence_Line_1: AGEMOEA2-greedy_multi-UX to SMSEMOA-greedy_multi-2P', 'Equivalence_Line_2: AGEMOEA2-greedy_multi-HUX to SMSEMOA-random_dense-UX', 'Equivalence_Line_3: SPEA2-greedy_multi-HUX to SMSEMOA-random_dense-HUX', 'Equivalence_Line_4: AGEMOEA2-greedy_multi-2P to UNSGA3-random_dense-UX', 'Equivalence_Line_5: SPEA2-greedy_multi-UX to UNSGA3-random_dense-HUX', 'Equivalence_Line_6: AGEMOEA2-greedy_multi-1P to AGEMOEA2-random_dense-HUX', 'Equivalence_Line_7: NSGA2-greedy_multi-2P to NSGA3-greedy_ting-HUX', 'Equivalence_Line_8: NSGA2-greedy_multi-HUX to UNSGA3-greedy_ting-UX', 'Equivalence_Line_9: SMSEMOA-greedy_ting-HUX to NSGA2-greedy_ting-HUX', 'Equivalence_Line_10: UNSGA3-greedy_multi-HUX to SMSEMOA-random_dense-2P', 'Equivalence_Line_11: NSGA3-greedy_multi-1P to RVEA-random_dense-UX', 'Equivalence_Line_12: UNSGA3-greedy_multi-1P to NSGA2-greedy_ting-UX', 'Equivalence_Line_13: SMSEMOA-greedy_ting-2P to RVEA-greedy_multi-2P', 'Equivalence_Line_14: SMSEMOA-greedy_multi-2P to AGEMOEA2-greedy_ting-HUX', 'Equivalence_Line_15: SMSEMOA-random_dense-UX to NSGA2-random_dense-UX', 'Equivalence_Line_16: SMSEMOA-greedy_ting-1P to UNSGA3-random_dense-2P', 'Equivalence_Line_17: NSGA3-random_dense-HUX to NSGA3-random_dense-2P', 'Equivalence_Line_18: SMSEMOA-greedy_multi-UX to SPEA2-random_dense-UX', 'Equivalence_Line_19: SMSEMOA-greedy_multi-HUX to SPEA2-greedy_ting-HUX', 'Equivalence_Line_20: AGEMOEA2-random_dense-UX to UNSGA3-greedy_ting-2P', 'Equivalence_Line_21: NSGA3-greedy_ting-HUX to AGEMOEA2-greedy_ting-2P', 'Equivalence_Line_22: UNSGA3-greedy_ting-UX to NSGA2-random_dense-2P', 'Equivalence_Line_23: UNSGA3-greedy_ting-HUX to RVEA-greedy_multi-HUX', 'Equivalence_Line_24: AGEMOEA2-greedy_ting-UX to NSGA2-greedy_ting-1P', 'Equivalence_Line_25: SMSEMOA-random_dense-1P to SPEA2-random_dense-1P', 'Equivalence_Line_26: AGEMOEA2-greedy_ting-HUX to RVEA-random_dense-1P', 'Equivalence_Line_27: UNSGA3-random_dense-2P to RVEA-greedy_ting-UX', 'Equivalence_Line_28: NSGA3-random_dense-2P to RVEA-greedy_ting-2P']"
AGEMOEA2-greedy_multi-1P,0.28316982617089836,"['Equivalence_Line_1: AGEMOEA2-greedy_multi-UX to SMSEMOA-greedy_multi-2P', 'Equivalence_Line_2: AGEMOEA2-greedy_multi-HUX to SMSEMOA-random_dense-UX', 'Equivalence_Line_3: SPEA2-greedy_multi-HUX to SMSEMOA-random_dense-HUX', 'Equivalence_Line_4: AGEMOEA2-greedy_multi-2P to UNSGA3-random_dense-UX', 'Equivalence_Line_5: SPEA2-greedy_multi-UX to UNSGA3-random_dense-HUX', 'Equivalence_Line_6: AGEMOEA2-greedy_multi-1P to AGEMOEA2-random_dense-HUX', 'Equivalence_Line_7: NSGA2-greedy_multi-2P to NSGA3-greedy_ting-HUX', 'Equivalence_Line_8: NSGA2-greedy_multi-HUX to UNSGA3-greedy_ting-UX', 'Equivalence_Line_9: SMSEMOA-greedy_ting-HUX to NSGA2-greedy_ting-HUX', 'Equivalence_Line_10: UNSGA3-greedy_multi-HUX to SMSEMOA-random_dense-2P', 'Equivalence_Line_11: NSGA3-greedy_multi-1P to RVEA-random_dense-UX', 'Equivalence_Line_12: UNSGA3-greedy_multi-1P to NSGA2-greedy_ting-UX', 'Equivalence_Line_13: SMSEMOA-greedy_ting-2P to RVEA-greedy_multi-2P', 'Equivalence_Line_14: SMSEMOA-greedy_multi-2P to AGEMOEA2-greedy_ting-HUX', 'Equivalence_Line_15: SMSEMOA-random_dense-UX to NSGA2-random_dense-UX', 'Equivalence_Line_16: SMSEMOA-greedy_ting-1P to UNSGA3-random_dense-2P', 'Equivalence_Line_17: NSGA3-random_dense-HUX to NSGA3-random_dense-2P', 'Equivalence_Line_18: SMSEMOA-greedy_multi-UX to SPEA2-random_dense-UX', 'Equivalence_Line_19: SMSEMOA-greedy_multi-HUX to SPEA2-greedy_ting-HUX', 'Equivalence_Line_20: AGEMOEA2-random_dense-UX to UNSGA3-greedy_ting-2P', 'Equivalence_Line_21: NSGA3-greedy_ting-HUX to AGEMOEA2-greedy_ting-2P', 'Equivalence_Line_22: UNSGA3-greedy_ting-UX to NSGA2-random_dense-2P', 'Equivalence_Line_23: UNSGA3-greedy_ting-HUX to RVEA-greedy_multi-HUX', 'Equivalence_Line_24: AGEMOEA2-greedy_ting-UX to NSGA2-greedy_ting-1P', 'Equivalence_Line_25: SMSEMOA-random_dense-1P to SPEA2-random_dense-1P', 'Equivalence_Line_26: AGEMOEA2-greedy_ting-HUX to RVEA-random_dense-1P', 'Equivalence_Line_27: UNSGA3-random_dense-2P to RVEA-greedy_ting-UX', 'Equivalence_Line_28: NSGA3-random_dense-2P to RVEA-greedy_ting-2P']"
NSGA2-greedy_multi-2P,0.27875549838902886,"['Equivalence_Line_1: AGEMOEA2-greedy_multi-UX to SMSEMOA-greedy_multi-2P', 'Equivalence_Line_2: AGEMOEA2-greedy_multi-HUX to SMSEMOA-random_dense-UX', 'Equivalence_Line_3: SPEA2-greedy_multi-HUX to SMSEMOA-random_dense-HUX', 'Equivalence_Line_4: AGEMOEA2-greedy_multi-2P to UNSGA3-random_dense-UX', 'Equivalence_Line_5: SPEA2-greedy_multi-UX to UNSGA3-random_dense-HUX', 'Equivalence_Line_6: AGEMOEA2-greedy_multi-1P to AGEMOEA2-random_dense-HUX', 'Equivalence_Line_7: NSGA2-greedy_multi-2P to NSGA3-greedy_ting-HUX', 'Equivalence_Line_8: NSGA2-greedy_multi-HUX to UNSGA3-greedy_ting-UX', 'Equivalence_Line_9: SMSEMOA-greedy_ting-HUX to NSGA2-greedy_ting-HUX', 'Equivalence_Line_10: UNSGA3-greedy_multi-HUX to SMSEMOA-random_dense-2P', 'Equivalence_Line_11: NSGA3-greedy_multi-1P to RVEA-random_dense-UX', 'Equivalence_Line_12: UNSGA3-greedy_multi-1P to NSGA2-greedy_ting-UX', 'Equivalence_Line_13: SMSEMOA-greedy_ting-2P to RVEA-greedy_multi-2P', 'Equivalence_Line_14: SMSEMOA-greedy_multi-2P to AGEMOEA2-greedy_ting-HUX', 'Equivalence_Line_15: SMSEMOA-random_dense-UX to NSGA2-random_dense-UX', 'Equivalence_Line_16: SMSEMOA-greedy_ting-1P to UNSGA3-random_dense-2P', 'Equivalence_Line_17: NSGA3-random_dense-HUX to NSGA3-random_dense-2P', 'Equivalence_Line_18: SMSEMOA-greedy_multi-UX to SPEA2-random_dense-UX', 'Equivalence_Line_19: SMSEMOA-greedy_multi-HUX to SPEA2-greedy_ting-HUX', 'Equivalence_Line_20: AGEMOEA2-random_dense-UX to UNSGA3-greedy_ting-2P', 'Equivalence_Line_21: NSGA3-greedy_ting-HUX to AGEMOEA2-greedy_ting-2P', 'Equivalence_Line_22: UNSGA3-greedy_ting-UX to NSGA2-random_dense-2P', 'Equivalence_Line_23: UNSGA3-greedy_ting-HUX to RVEA-greedy_multi-HUX', 'Equivalence_Line_24: AGEMOEA2-greedy_ting-UX to NSGA2-greedy_ting-1P', 'Equivalence_Line_25: SMSEMOA-random_dense-1P to SPEA2-random_dense-1P', 'Equivalence_Line_26: AGEMOEA2-greedy_ting-HUX to RVEA-random_dense-1P', 'Equivalence_Line_27: UNSGA3-random_dense-2P to RVEA-greedy_ting-UX', 'Equivalence_Line_28: NSGA3-random_dense-2P to RVEA-greedy_ting-2P']"
NSGA2-greedy_multi-UX,0.27797912265819136,"['Equivalence_Line_1: AGEMOEA2-greedy_multi-UX to SMSEMOA-greedy_multi-2P', 'Equivalence_Line_2: AGEMOEA2-greedy_multi-HUX to SMSEMOA-random_dense-UX', 'Equivalence_Line_3: SPEA2-greedy_multi-HUX to SMSEMOA-random_dense-HUX', 'Equivalence_Line_4: AGEMOEA2-greedy_multi-2P to UNSGA3-random_dense-UX', 'Equivalence_Line_5: SPEA2-greedy_multi-UX to UNSGA3-random_dense-HUX', 'Equivalence_Line_6: AGEMOEA2-greedy_multi-1P to AGEMOEA2-random_dense-HUX', 'Equivalence_Line_7: NSGA2-greedy_multi-2P to NSGA3-greedy_ting-HUX', 'Equivalence_Line_8: NSGA2-greedy_multi-HUX to UNSGA3-greedy_ting-UX', 'Equivalence_Line_9: SMSEMOA-greedy_ting-HUX to NSGA2-greedy_ting-HUX', 'Equivalence_Line_10: UNSGA3-greedy_multi-HUX to SMSEMOA-random_dense-2P', 'Equivalence_Line_11: NSGA3-greedy_multi-1P to RVEA-random_dense-UX', 'Equivalence_Line_12: UNSGA3-greedy_multi-1P to NSGA2-greedy_ting-UX', 'Equivalence_Line_13: SMSEMOA-greedy_ting-2P to RVEA-greedy_multi-2P', 'Equivalence_Line_14: SMSEMOA-greedy_multi-2P to AGEMOEA2-greedy_ting-HUX', 'Equivalence_Line_15: SMSEMOA-random_dense-UX to NSGA2-random_dense-UX', 'Equivalence_Line_16: SMSEMOA-greedy_ting-1P to UNSGA3-random_dense-2P', 'Equivalence_Line_17: NSGA3-random_dense-HUX to NSGA3-random_dense-2P', 'Equivalence_Line_18: SMSEMOA-greedy_multi-UX to SPEA2-random_dense-UX', 'Equivalence_Line_19: SMSEMOA-greedy_multi-HUX to SPEA2-greedy_ting-HUX', 'Equivalence_Line_20: AGEMOEA2-random_dense-UX to UNSGA3-greedy_ting-2P', 'Equivalence_Line_21: NSGA3-greedy_ting-HUX to AGEMOEA2-greedy_ting-2P', 'Equivalence_Line_22: UNSGA3-greedy_ting-UX to NSGA2-random_dense-2P', 'Equivalence_Line_23: UNSGA3-greedy_ting-HUX to RVEA-greedy_multi-HUX', 'Equivalence_Line_24: AGEMOEA2-greedy_ting-UX to NSGA2-greedy_ting-1P', 'Equivalence_Line_25: SMSEMOA-random_dense-1P to SPEA2-random_dense-1P', 'Equivalence_Line_26: AGEMOEA2-greedy_ting-HUX to RVEA-random_dense-1P', 'Equivalence_Line_27: UNSGA3-random_dense-2P to RVEA-greedy_ting-UX', 'Equivalence_Line_28: NSGA3-random_dense-2P to RVEA-greedy_ting-2P']"
UNSGA3-greedy_multi-UX,0.2775605716186148,"['Equivalence_Line_1: AGEMOEA2-greedy_multi-UX to SMSEMOA-greedy_multi-2P', 'Equivalence_Line_2: AGEMOEA2-greedy_multi-HUX to SMSEMOA-random_dense-UX', 'Equivalence_Line_3: SPEA2-greedy_multi-HUX to SMSEMOA-random_dense-HUX', 'Equivalence_Line_4: AGEMOEA2-greedy_multi-2P to UNSGA3-random_dense-UX', 'Equivalence_Line_5: SPEA2-greedy_multi-UX to UNSGA3-random_dense-HUX', 'Equivalence_Line_6: AGEMOEA2-greedy_multi-1P to AGEMOEA2-random_dense-HUX', 'Equivalence_Line_7: NSGA2-greedy_multi-2P to NSGA3-greedy_ting-HUX', 'Equivalence_Line_8: NSGA2-greedy_multi-HUX to UNSGA3-greedy_ting-UX', 'Equivalence_Line_9: SMSEMOA-greedy_ting-HUX to NSGA2-greedy_ting-HUX', 'Equivalence_Line_10: UNSGA3-greedy_multi-HUX to SMSEMOA-random_dense-2P', 'Equivalence_Line_11: NSGA3-greedy_multi-1P to RVEA-random_dense-UX', 'Equivalence_Line_12: UNSGA3-greedy_multi-1P to NSGA2-greedy_ting-UX', 'Equivalence_Line_13: SMSEMOA-greedy_ting-2P to RVEA-greedy_multi-2P', 'Equivalence_Line_14: SMSEMOA-greedy_multi-2P to AGEMOEA2-greedy_ting-HUX', 'Equivalence_Line_15: SMSEMOA-random_dense-UX to NSGA2-random_dense-UX', 'Equivalence_Line_16: SMSEMOA-greedy_ting-1P to UNSGA3-random_dense-2P', 'Equivalence_Line_17: NSGA3-random_dense-HUX to NSGA3-random_dense-2P', 'Equivalence_Line_18: SMSEMOA-greedy_multi-UX to SPEA2-random_dense-UX', 'Equivalence_Line_19: SMSEMOA-greedy_multi-HUX to SPEA2-greedy_ting-HUX', 'Equivalence_Line_20: AGEMOEA2-random_dense-UX to UNSGA3-greedy_ting-2P', 'Equivalence_Line_21: NSGA3-greedy_ting-HUX to AGEMOEA2-greedy_ting-2P', 'Equivalence_Line_22: UNSGA3-greedy_ting-UX to NSGA2-random_dense-2P', 'Equivalence_Line_23: UNSGA3-greedy_ting-HUX to RVEA-greedy_multi-HUX', 'Equivalence_Line_24: AGEMOEA2-greedy_ting-UX to NSGA2-greedy_ting-1P', 'Equivalence_Line_25: SMSEMOA-random_dense-1P to SPEA2-random_dense-1P', 'Equivalence_Line_26: AGEMOEA2-greedy_ting-HUX to RVEA-random_dense-1P', 'Equivalence_Line_27: UNSGA3-random_dense-2P to RVEA-greedy_ting-UX', 'Equivalence_Line_28: NSGA3-random_dense-2P to RVEA-greedy_ting-2P']"
NSGA2-greedy_multi-HUX,0.27731972123157583,"['Equivalence_Line_1: AGEMOEA2-greedy_multi-UX to SMSEMOA-greedy_multi-2P', 'Equivalence_Line_2: AGEMOEA2-greedy_multi-HUX to SMSEMOA-random_dense-UX', 'Equivalence_Line_3: SPEA2-greedy_multi-HUX to SMSEMOA-random_dense-HUX', 'Equivalence_Line_4: AGEMOEA2-greedy_multi-2P to UNSGA3-random_dense-UX', 'Equivalence_Line_5: SPEA2-greedy_multi-UX to UNSGA3-random_dense-HUX', 'Equivalence_Line_6: AGEMOEA2-greedy_multi-1P to AGEMOEA2-random_dense-HUX', 'Equivalence_Line_7: NSGA2-greedy_multi-2P to NSGA3-greedy_ting-HUX', 'Equivalence_Line_8: NSGA2-greedy_multi-HUX to UNSGA3-greedy_ting-UX', 'Equivalence_Line_9: SMSEMOA-greedy_ting-HUX to NSGA2-greedy_ting-HUX', 'Equivalence_Line_10: UNSGA3-greedy_multi-HUX to SMSEMOA-random_dense-2P', 'Equivalence_Line_11: NSGA3-greedy_multi-1P to RVEA-random_dense-UX', 'Equivalence_Line_12: UNSGA3-greedy_multi-1P to NSGA2-greedy_ting-UX', 'Equivalence_Line_13: SMSEMOA-greedy_ting-2P to RVEA-greedy_multi-2P', 'Equivalence_Line_14: SMSEMOA-greedy_multi-2P to AGEMOEA2-greedy_ting-HUX', 'Equivalence_Line_15: SMSEMOA-random_dense-UX to NSGA2-random_dense-UX', 'Equivalence_Line_16: SMSEMOA-greedy_ting-1P to UNSGA3-random_dense-2P', 'Equivalence_Line_17: NSGA3-random_dense-HUX to NSGA3-random_dense-2P', 'Equivalence_Line_18: SMSEMOA-greedy_multi-UX to SPEA2-random_dense-UX', 'Equivalence_Line_19: SMSEMOA-greedy_multi-HUX to SPEA2-greedy_ting-HUX', 'Equivalence_Line_20: AGEMOEA2-random_dense-UX to UNSGA3-greedy_ting-2P', 'Equivalence_Line_21: NSGA3-greedy_ting-HUX to AGEMOEA2-greedy_ting-2P', 'Equivalence_Line_22: UNSGA3-greedy_ting-UX to NSGA2-random_dense-2P', 'Equivalence_Line_23: UNSGA3-greedy_ting-HUX to RVEA-greedy_multi-HUX', 'Equivalence_Line_24: AGEMOEA2-greedy_ting-UX to NSGA2-greedy_ting-1P', 'Equivalence_Line_25: SMSEMOA-random_dense-1P to SPEA2-random_dense-1P', 'Equivalence_Line_26: AGEMOEA2-greedy_ting-HUX to RVEA-random_dense-1P', 'Equivalence_Line_27: UNSGA3-random_dense-2P to RVEA-greedy_ting-UX', 'Equivalence_Line_28: NSGA3-random_dense-2P to RVEA-greedy_ting-2P']"
NSGA2-greedy_multi-1P,0.2772995218694549,"['Equivalence_Line_1: AGEMOEA2-greedy_multi-UX to SMSEMOA-greedy_multi-2P', 'Equivalence_Line_2: AGEMOEA2-greedy_multi-HUX to SMSEMOA-random_dense-UX', 'Equivalence_Line_3: SPEA2-greedy_multi-HUX to SMSEMOA-random_dense-HUX', 'Equivalence_Line_4: AGEMOEA2-greedy_multi-2P to UNSGA3-random_dense-UX', 'Equivalence_Line_5: SPEA2-greedy_multi-UX to UNSGA3-random_dense-HUX', 'Equivalence_Line_6: AGEMOEA2-greedy_multi-1P to AGEMOEA2-random_dense-HUX', 'Equivalence_Line_7: NSGA2-greedy_multi-2P to NSGA3-greedy_ting-HUX', 'Equivalence_Line_8: NSGA2-greedy_multi-HUX to UNSGA3-greedy_ting-UX', 'Equivalence_Line_9: SMSEMOA-greedy_ting-HUX to NSGA2-greedy_ting-HUX', 'Equivalence_Line_10: UNSGA3-greedy_multi-HUX to SMSEMOA-random_dense-2P', 'Equivalence_Line_11: NSGA3-greedy_multi-1P to RVEA-random_dense-UX', 'Equivalence_Line_12: UNSGA3-greedy_multi-1P to NSGA2-greedy_ting-UX', 'Equivalence_Line_13: SMSEMOA-greedy_ting-2P to RVEA-greedy_multi-2P', 'Equivalence_Line_14: SMSEMOA-greedy_multi-2P to AGEMOEA2-greedy_ting-HUX', 'Equivalence_Line_15: SMSEMOA-random_dense-UX to NSGA2-random_dense-UX', 'Equivalence_Line_16: SMSEMOA-greedy_ting-1P to UNSGA3-random_dense-2P', 'Equivalence_Line_17: NSGA3-random_dense-HUX to NSGA3-random_dense-2P', 'Equivalence_Line_18: SMSEMOA-greedy_multi-UX to SPEA2-random_dense-UX', 'Equivalence_Line_19: SMSEMOA-greedy_multi-HUX to SPEA2-greedy_ting-HUX', 'Equivalence_Line_20: AGEMOEA2-random_dense-UX to UNSGA3-greedy_ting-2P', 'Equivalence_Line_21: NSGA3-greedy_ting-HUX to AGEMOEA2-greedy_ting-2P', 'Equivalence_Line_22: UNSGA3-greedy_ting-UX to NSGA2-random_dense-2P', 'Equivalence_Line_23: UNSGA3-greedy_ting-HUX to RVEA-greedy_multi-HUX', 'Equivalence_Line_24: AGEMOEA2-greedy_ting-UX to NSGA2-greedy_ting-1P', 'Equivalence_Line_25: SMSEMOA-random_dense-1P to SPEA2-random_dense-1P', 'Equivalence_Line_26: AGEMOEA2-greedy_ting-HUX to RVEA-random_dense-1P', 'Equivalence_Line_27: UNSGA3-random_dense-2P to RVEA-greedy_ting-UX', 'Equivalence_Line_28: NSGA3-random_dense-2P to RVEA-greedy_ting-2P']"
SMSEMOA-greedy_ting-HUX,0.27680607868800344,"['Equivalence_Line_1: AGEMOEA2-greedy_multi-UX to SMSEMOA-greedy_multi-2P', 'Equivalence_Line_2: AGEMOEA2-greedy_multi-HUX to SMSEMOA-random_dense-UX', 'Equivalence_Line_3: SPEA2-greedy_multi-HUX to SMSEMOA-random_dense-HUX', 'Equivalence_Line_4: AGEMOEA2-greedy_multi-2P to UNSGA3-random_dense-UX', 'Equivalence_Line_5: SPEA2-greedy_multi-UX to UNSGA3-random_dense-HUX', 'Equivalence_Line_6: AGEMOEA2-greedy_multi-1P to AGEMOEA2-random_dense-HUX', 'Equivalence_Line_7: NSGA2-greedy_multi-2P to NSGA3-greedy_ting-HUX', 'Equivalence_Line_8: NSGA2-greedy_multi-HUX to UNSGA3-greedy_ting-UX', 'Equivalence_Line_9: SMSEMOA-greedy_ting-HUX to NSGA2-greedy_ting-HUX', 'Equivalence_Line_10: UNSGA3-greedy_multi-HUX to SMSEMOA-random_dense-2P', 'Equivalence_Line_11: NSGA3-greedy_multi-1P to RVEA-random_dense-UX', 'Equivalence_Line_12: UNSGA3-greedy_multi-1P to NSGA2-greedy_ting-UX', 'Equivalence_Line_13: SMSEMOA-greedy_ting-2P to RVEA-greedy_multi-2P', 'Equivalence_Line_14: SMSEMOA-greedy_multi-2P to AGEMOEA2-greedy_ting-HUX', 'Equivalence_Line_15: SMSEMOA-random_dense-UX to NSGA2-random_dense-UX', 'Equivalence_Line_16: SMSEMOA-greedy_ting-1P to UNSGA3-random_dense-2P', 'Equivalence_Line_17: NSGA3-random_dense-HUX to NSGA3-random_dense-2P', 'Equivalence_Line_18: SMSEMOA-greedy_multi-UX to SPEA2-random_dense-UX', 'Equivalence_Line_19: SMSEMOA-greedy_multi-HUX to SPEA2-greedy_ting-HUX', 'Equivalence_Line_20: AGEMOEA2-random_dense-UX to UNSGA3-greedy_ting-2P', 'Equivalence_Line_21: NSGA3-greedy_ting-HUX to AGEMOEA2-greedy_ting-2P', 'Equivalence_Line_22: UNSGA3-greedy_ting-UX to NSGA2-random_dense-2P', 'Equivalence_Line_23: UNSGA3-greedy_ting-HUX to RVEA-greedy_multi-HUX', 'Equivalence_Line_24: AGEMOEA2-greedy_ting-UX to NSGA2-greedy_ting-1P', 'Equivalence_Line_25: SMSEMOA-random_dense-1P to SPEA2-random_dense-1P', 'Equivalence_Line_26: AGEMOEA2-greedy_ting-HUX to RVEA-random_dense-1P', 'Equivalence_Line_27: UNSGA3-random_dense-2P to RVEA-greedy_ting-UX', 'Equivalence_Line_28: NSGA3-random_dense-2P to RVEA-greedy_ting-2P']"
NSGA3-greedy_multi-HUX,0.2767323299007897,"['Equivalence_Line_1: AGEMOEA2-greedy_multi-UX to SMSEMOA-greedy_multi-2P', 'Equivalence_Line_2: AGEMOEA2-greedy_multi-HUX to SMSEMOA-random_dense-UX', 'Equivalence_Line_3: SPEA2-greedy_multi-HUX to SMSEMOA-random_dense-HUX', 'Equivalence_Line_4: AGEMOEA2-greedy_multi-2P to UNSGA3-random_dense-UX', 'Equivalence_Line_5: SPEA2-greedy_multi-UX to UNSGA3-random_dense-HUX', 'Equivalence_Line_6: AGEMOEA2-greedy_multi-1P to AGEMOEA2-random_dense-HUX', 'Equivalence_Line_7: NSGA2-greedy_multi-2P to NSGA3-greedy_ting-HUX', 'Equivalence_Line_8: NSGA2-greedy_multi-HUX to UNSGA3-greedy_ting-UX', 'Equivalence_Line_9: SMSEMOA-greedy_ting-HUX to NSGA2-greedy_ting-HUX', 'Equivalence_Line_10: UNSGA3-greedy_multi-HUX to SMSEMOA-random_dense-2P', 'Equivalence_Line_11: NSGA3-greedy_multi-1P to RVEA-random_dense-UX', 'Equivalence_Line_12: UNSGA3-greedy_multi-1P to NSGA2-greedy_ting-UX', 'Equivalence_Line_13: SMSEMOA-greedy_ting-2P to RVEA-greedy_multi-2P', 'Equivalence_Line_14: SMSEMOA-greedy_multi-2P to AGEMOEA2-greedy_ting-HUX', 'Equivalence_Line_15: SMSEMOA-random_dense-UX to NSGA2-random_dense-UX', 'Equivalence_Line_16: SMSEMOA-greedy_ting-1P to UNSGA3-random_dense-2P', 'Equivalence_Line_17: NSGA3-random_dense-HUX to NSGA3-random_dense-2P', 'Equivalence_Line_18: SMSEMOA-greedy_multi-UX to SPEA2-random_dense-UX', 'Equivalence_Line_19: SMSEMOA-greedy_multi-HUX to SPEA2-greedy_ting-HUX', 'Equivalence_Line_20: AGEMOEA2-random_dense-UX to UNSGA3-greedy_ting-2P', 'Equivalence_Line_21: NSGA3-greedy_ting-HUX to AGEMOEA2-greedy_ting-2P', 'Equivalence_Line_22: UNSGA3-greedy_ting-UX to NSGA2-random_dense-2P', 'Equivalence_Line_23: UNSGA3-greedy_ting-HUX to RVEA-greedy_multi-HUX', 'Equivalence_Line_24: AGEMOEA2-greedy_ting-UX to NSGA2-greedy_ting-1P', 'Equivalence_Line_25: SMSEMOA-random_dense-1P to SPEA2-random_dense-1P', 'Equivalence_Line_26: AGEMOEA2-greedy_ting-HUX to RVEA-random_dense-1P', 'Equivalence_Line_27: UNSGA3-random_dense-2P to RVEA-greedy_ting-UX', 'Equivalence_Line_28: NSGA3-random_dense-2P to RVEA-greedy_ting-2P']"
SMSEMOA-greedy_ting-UX,0.27661136858517305,"['Equivalence_Line_1: AGEMOEA2-greedy_multi-UX to SMSEMOA-greedy_multi-2P', 'Equivalence_Line_2: AGEMOEA2-greedy_multi-HUX to SMSEMOA-random_dense-UX', 'Equivalence_Line_3: SPEA2-greedy_multi-HUX to SMSEMOA-random_dense-HUX', 'Equivalence_Line_4: AGEMOEA2-greedy_multi-2P to UNSGA3-random_dense-UX', 'Equivalence_Line_5: SPEA2-greedy_multi-UX to UNSGA3-random_dense-HUX', 'Equivalence_Line_6: AGEMOEA2-greedy_multi-1P to AGEMOEA2-random_dense-HUX', 'Equivalence_Line_7: NSGA2-greedy_multi-2P to NSGA3-greedy_ting-HUX', 'Equivalence_Line_8: NSGA2-greedy_multi-HUX to UNSGA3-greedy_ting-UX', 'Equivalence_Line_9: SMSEMOA-greedy_ting-HUX to NSGA2-greedy_ting-HUX', 'Equivalence_Line_10: UNSGA3-greedy_multi-HUX to SMSEMOA-random_dense-2P', 'Equivalence_Line_11: NSGA3-greedy_multi-1P to RVEA-random_dense-UX', 'Equivalence_Line_12: UNSGA3-greedy_multi-1P to NSGA2-greedy_ting-UX', 'Equivalence_Line_13: SMSEMOA-greedy_ting-2P to RVEA-greedy_multi-2P', 'Equivalence_Line_14: SMSEMOA-greedy_multi-2P to AGEMOEA2-greedy_ting-HUX', 'Equivalence_Line_15: SMSEMOA-random_dense-UX to NSGA2-random_dense-UX', 'Equivalence_Line_16: SMSEMOA-greedy_ting-1P to UNSGA3-random_dense-2P', 'Equivalence_Line_17: NSGA3-random_dense-HUX to NSGA3-random_dense-2P', 'Equivalence_Line_18: SMSEMOA-greedy_multi-UX to SPEA2-random_dense-UX', 'Equivalence_Line_19: SMSEMOA-greedy_multi-HUX to SPEA2-greedy_ting-HUX', 'Equivalence_Line_20: AGEMOEA2-random_dense-UX to UNSGA3-greedy_ting-2P', 'Equivalence_Line_21: NSGA3-greedy_ting-HUX to AGEMOEA2-greedy_ting-2P', 'Equivalence_Line_22: UNSGA3-greedy_ting-UX to NSGA2-random_dense-2P', 'Equivalence_Line_23: UNSGA3-greedy_ting-HUX to RVEA-greedy_multi-HUX', 'Equivalence_Line_24: AGEMOEA2-greedy_ting-UX to NSGA2-greedy_ting-1P', 'Equivalence_Line_25: SMSEMOA-random_dense-1P to SPEA2-random_dense-1P', 'Equivalence_Line_26: AGEMOEA2-greedy_ting-HUX to RVEA-random_dense-1P', 'Equivalence_Line_27: UNSGA3-random_dense-2P to RVEA-greedy_ting-UX', 'Equivalence_Line_28: NSGA3-random_dense-2P to RVEA-greedy_ting-2P']"
UNSGA3-greedy_multi-HUX,0.27507037936377093,"['Equivalence_Line_1: AGEMOEA2-greedy_multi-UX to SMSEMOA-greedy_multi-2P', 'Equivalence_Line_2: AGEMOEA2-greedy_multi-HUX to SMSEMOA-random_dense-UX', 'Equivalence_Line_3: SPEA2-greedy_multi-HUX to SMSEMOA-random_dense-HUX', 'Equivalence_Line_4: AGEMOEA2-greedy_multi-2P to UNSGA3-random_dense-UX', 'Equivalence_Line_5: SPEA2-greedy_multi-UX to UNSGA3-random_dense-HUX', 'Equivalence_Line_6: AGEMOEA2-greedy_multi-1P to AGEMOEA2-random_dense-HUX', 'Equivalence_Line_7: NSGA2-greedy_multi-2P to NSGA3-greedy_ting-HUX', 'Equivalence_Line_8: NSGA2-greedy_multi-HUX to UNSGA3-greedy_ting-UX', 'Equivalence_Line_9: SMSEMOA-greedy_ting-HUX to NSGA2-greedy_ting-HUX', 'Equivalence_Line_10: UNSGA3-greedy_multi-HUX to SMSEMOA-random_dense-2P', 'Equivalence_Line_11: NSGA3-greedy_multi-1P to RVEA-random_dense-UX', 'Equivalence_Line_12: UNSGA3-greedy_multi-1P to NSGA2-greedy_ting-UX', 'Equivalence_Line_13: SMSEMOA-greedy_ting-2P to RVEA-greedy_multi-2P', 'Equivalence_Line_14: SMSEMOA-greedy_multi-2P to AGEMOEA2-greedy_ting-HUX', 'Equivalence_Line_15: SMSEMOA-random_dense-UX to NSGA2-random_dense-UX', 'Equivalence_Line_16: SMSEMOA-greedy_ting-1P to UNSGA3-random_dense-2P', 'Equivalence_Line_17: NSGA3-random_dense-HUX to NSGA3-random_dense-2P', 'Equivalence_Line_18: SMSEMOA-greedy_multi-UX to SPEA2-random_dense-UX', 'Equivalence_Line_19: SMSEMOA-greedy_multi-HUX to SPEA2-greedy_ting-HUX', 'Equivalence_Line_20: AGEMOEA2-random_dense-UX to UNSGA3-greedy_ting-2P', 'Equivalence_Line_21: NSGA3-greedy_ting-HUX to AGEMOEA2-greedy_ting-2P', 'Equivalence_Line_22: UNSGA3-greedy_ting-UX to NSGA2-random_dense-2P', 'Equivalence_Line_23: UNSGA3-greedy_ting-HUX to RVEA-greedy_multi-HUX', 'Equivalence_Line_24: AGEMOEA2-greedy_ting-UX to NSGA2-greedy_ting-1P', 'Equivalence_Line_25: SMSEMOA-random_dense-1P to SPEA2-random_dense-1P', 'Equivalence_Line_26: AGEMOEA2-greedy_ting-HUX to RVEA-random_dense-1P', 'Equivalence_Line_27: UNSGA3-random_dense-2P to RVEA-greedy_ting-UX', 'Equivalence_Line_28: NSGA3-random_dense-2P to RVEA-greedy_ting-2P']"
NSGA3-greedy_multi-2P,0.27504001310069237,"['Equivalence_Line_1: AGEMOEA2-greedy_multi-UX to SMSEMOA-greedy_multi-2P', 'Equivalence_Line_2: AGEMOEA2-greedy_multi-HUX to SMSEMOA-random_dense-UX', 'Equivalence_Line_3: SPEA2-greedy_multi-HUX to SMSEMOA-random_dense-HUX', 'Equivalence_Line_4: AGEMOEA2-greedy_multi-2P to UNSGA3-random_dense-UX', 'Equivalence_Line_5: SPEA2-greedy_multi-UX to UNSGA3-random_dense-HUX', 'Equivalence_Line_6: AGEMOEA2-greedy_multi-1P to AGEMOEA2-random_dense-HUX', 'Equivalence_Line_7: NSGA2-greedy_multi-2P to NSGA3-greedy_ting-HUX', 'Equivalence_Line_8: NSGA2-greedy_multi-HUX to UNSGA3-greedy_ting-UX', 'Equivalence_Line_9: SMSEMOA-greedy_ting-HUX to NSGA2-greedy_ting-HUX', 'Equivalence_Line_10: UNSGA3-greedy_multi-HUX to SMSEMOA-random_dense-2P', 'Equivalence_Line_11: NSGA3-greedy_multi-1P to RVEA-random_dense-UX', 'Equivalence_Line_12: UNSGA3-greedy_multi-1P to NSGA2-greedy_ting-UX', 'Equivalence_Line_13: SMSEMOA-greedy_ting-2P to RVEA-greedy_multi-2P', 'Equivalence_Line_14: SMSEMOA-greedy_multi-2P to AGEMOEA2-greedy_ting-HUX', 'Equivalence_Line_15: SMSEMOA-random_dense-UX to NSGA2-random_dense-UX', 'Equivalence_Line_16: SMSEMOA-greedy_ting-1P to UNSGA3-random_dense-2P', 'Equivalence_Line_17: NSGA3-random_dense-HUX to NSGA3-random_dense-2P', 'Equivalence_Line_18: SMSEMOA-greedy_multi-UX to SPEA2-random_dense-UX', 'Equivalence_Line_19: SMSEMOA-greedy_multi-HUX to SPEA2-greedy_ting-HUX', 'Equivalence_Line_20: AGEMOEA2-random_dense-UX to UNSGA3-greedy_ting-2P', 'Equivalence_Line_21: NSGA3-greedy_ting-HUX to AGEMOEA2-greedy_ting-2P', 'Equivalence_Line_22: UNSGA3-greedy_ting-UX to NSGA2-random_dense-2P', 'Equivalence_Line_23: UNSGA3-greedy_ting-HUX to RVEA-greedy_multi-HUX', 'Equivalence_Line_24: AGEMOEA2-greedy_ting-UX to NSGA2-greedy_ting-1P', 'Equivalence_Line_25: SMSEMOA-random_dense-1P to SPEA2-random_dense-1P', 'Equivalence_Line_26: AGEMOEA2-greedy_ting-HUX to RVEA-random_dense-1P', 'Equivalence_Line_27: UNSGA3-random_dense-2P to RVEA-greedy_ting-UX', 'Equivalence_Line_28: NSGA3-random_dense-2P to RVEA-greedy_ting-2P']"
NSGA3-greedy_multi-1P,0.27408989638993475,"['Equivalence_Line_1: AGEMOEA2-greedy_multi-UX to SMSEMOA-greedy_multi-2P', 'Equivalence_Line_2: AGEMOEA2-greedy_multi-HUX to SMSEMOA-random_dense-UX', 'Equivalence_Line_3: SPEA2-greedy_multi-HUX to SMSEMOA-random_dense-HUX', 'Equivalence_Line_4: AGEMOEA2-greedy_multi-2P to UNSGA3-random_dense-UX', 'Equivalence_Line_5: SPEA2-greedy_multi-UX to UNSGA3-random_dense-HUX', 'Equivalence_Line_6: AGEMOEA2-greedy_multi-1P to AGEMOEA2-random_dense-HUX', 'Equivalence_Line_7: NSGA2-greedy_multi-2P to NSGA3-greedy_ting-HUX', 'Equivalence_Line_8: NSGA2-greedy_multi-HUX to UNSGA3-greedy_ting-UX', 'Equivalence_Line_9: SMSEMOA-greedy_ting-HUX to NSGA2-greedy_ting-HUX', 'Equivalence_Line_10: UNSGA3-greedy_multi-HUX to SMSEMOA-random_dense-2P', 'Equivalence_Line_11: NSGA3-greedy_multi-1P to RVEA-random_dense-UX', 'Equivalence_Line_12: UNSGA3-greedy_multi-1P to NSGA2-greedy_ting-UX', 'Equivalence_Line_13: SMSEMOA-greedy_ting-2P to RVEA-greedy_multi-2P', 'Equivalence_Line_14: SMSEMOA-greedy_multi-2P to AGEMOEA2-greedy_ting-HUX', 'Equivalence_Line_15: SMSEMOA-random_dense-UX to NSGA2-random_dense-UX', 'Equivalence_Line_16: SMSEMOA-greedy_ting-1P to UNSGA3-random_dense-2P', 'Equivalence_Line_17: NSGA3-random_dense-HUX to NSGA3-random_dense-2P', 'Equivalence_Line_18: SMSEMOA-greedy_multi-UX to SPEA2-random_dense-UX', 'Equivalence_Line_19: SMSEMOA-greedy_multi-HUX to SPEA2-greedy_ting-HUX', 'Equivalence_Line_20: AGEMOEA2-random_dense-UX to UNSGA3-greedy_ting-2P', 'Equivalence_Line_21: NSGA3-greedy_ting-HUX to AGEMOEA2-greedy_ting-2P', 'Equivalence_Line_22: UNSGA3-greedy_ting-UX to NSGA2-random_dense-2P', 'Equivalence_Line_23: UNSGA3-greedy_ting-HUX to RVEA-greedy_multi-HUX', 'Equivalence_Line_24: AGEMOEA2-greedy_ting-UX to NSGA2-greedy_ting-1P', 'Equivalence_Line_25: SMSEMOA-random_dense-1P to SPEA2-random_dense-1P', 'Equivalence_Line_26: AGEMOEA2-greedy_ting-HUX to RVEA-random_dense-1P', 'Equivalence_Line_27: UNSGA3-random_dense-2P to RVEA-greedy_ting-UX', 'Equivalence_Line_28: NSGA3-random_dense-2P to RVEA-greedy_ting-2P']"
UNSGA3-greedy_multi-2P,0.27391757066073746,"['Equivalence_Line_1: AGEMOEA2-greedy_multi-UX to SMSEMOA-greedy_multi-2P', 'Equivalence_Line_2: AGEMOEA2-greedy_multi-HUX to SMSEMOA-random_dense-UX', 'Equivalence_Line_3: SPEA2-greedy_multi-HUX to SMSEMOA-random_dense-HUX', 'Equivalence_Line_4: AGEMOEA2-greedy_multi-2P to UNSGA3-random_dense-UX', 'Equivalence_Line_5: SPEA2-greedy_multi-UX to UNSGA3-random_dense-HUX', 'Equivalence_Line_6: AGEMOEA2-greedy_multi-1P to AGEMOEA2-random_dense-HUX', 'Equivalence_Line_7: NSGA2-greedy_multi-2P to NSGA3-greedy_ting-HUX', 'Equivalence_Line_8: NSGA2-greedy_multi-HUX to UNSGA3-greedy_ting-UX', 'Equivalence_Line_9: SMSEMOA-greedy_ting-HUX to NSGA2-greedy_ting-HUX', 'Equivalence_Line_10: UNSGA3-greedy_multi-HUX to SMSEMOA-random_dense-2P', 'Equivalence_Line_11: NSGA3-greedy_multi-1P to RVEA-random_dense-UX', 'Equivalence_Line_12: UNSGA3-greedy_multi-1P to NSGA2-greedy_ting-UX', 'Equivalence_Line_13: SMSEMOA-greedy_ting-2P to RVEA-greedy_multi-2P', 'Equivalence_Line_14: SMSEMOA-greedy_multi-2P to AGEMOEA2-greedy_ting-HUX', 'Equivalence_Line_15: SMSEMOA-random_dense-UX to NSGA2-random_dense-UX', 'Equivalence_Line_16: SMSEMOA-greedy_ting-1P to UNSGA3-random_dense-2P', 'Equivalence_Line_17: NSGA3-random_dense-HUX to NSGA3-random_dense-2P', 'Equivalence_Line_18: SMSEMOA-greedy_multi-UX to SPEA2-random_dense-UX', 'Equivalence_Line_19: SMSEMOA-greedy_multi-HUX to SPEA2-greedy_ting-HUX', 'Equivalence_Line_20: AGEMOEA2-random_dense-UX to UNSGA3-greedy_ting-2P', 'Equivalence_Line_21: NSGA3-greedy_ting-HUX to AGEMOEA2-greedy_ting-2P', 'Equivalence_Line_22: UNSGA3-greedy_ting-UX to NSGA2-random_dense-2P', 'Equivalence_Line_23: UNSGA3-greedy_ting-HUX to RVEA-greedy_multi-HUX', 'Equivalence_Line_24: AGEMOEA2-greedy_ting-UX to NSGA2-greedy_ting-1P', 'Equivalence_Line_25: SMSEMOA-random_dense-1P to SPEA2-random_dense-1P', 'Equivalence_Line_26: AGEMOEA2-greedy_ting-HUX to RVEA-random_dense-1P', 'Equivalence_Line_27: UNSGA3-random_dense-2P to RVEA-greedy_ting-UX', 'Equivalence_Line_28: NSGA3-random_dense-2P to RVEA-greedy_ting-2P']"
NSGA3-greedy_multi-UX,0.2727398175010465,"['Equivalence_Line_1: AGEMOEA2-greedy_multi-UX to SMSEMOA-greedy_multi-2P', 'Equivalence_Line_2: AGEMOEA2-greedy_multi-HUX to SMSEMOA-random_dense-UX', 'Equivalence_Line_3: SPEA2-greedy_multi-HUX to SMSEMOA-random_dense-HUX', 'Equivalence_Line_4: AGEMOEA2-greedy_multi-2P to UNSGA3-random_dense-UX', 'Equivalence_Line_5: SPEA2-greedy_multi-UX to UNSGA3-random_dense-HUX', 'Equivalence_Line_6: AGEMOEA2-greedy_multi-1P to AGEMOEA2-random_dense-HUX', 'Equivalence_Line_7: NSGA2-greedy_multi-2P to NSGA3-greedy_ting-HUX', 'Equivalence_Line_8: NSGA2-greedy_multi-HUX to UNSGA3-greedy_ting-UX', 'Equivalence_Line_9: SMSEMOA-greedy_ting-HUX to NSGA2-greedy_ting-HUX', 'Equivalence_Line_10: UNSGA3-greedy_multi-HUX to SMSEMOA-random_dense-2P', 'Equivalence_Line_11: NSGA3-greedy_multi-1P to RVEA-random_dense-UX', 'Equivalence_Line_12: UNSGA3-greedy_multi-1P to NSGA2-greedy_ting-UX', 'Equivalence_Line_13: SMSEMOA-greedy_ting-2P to RVEA-greedy_multi-2P', 'Equivalence_Line_14: SMSEMOA-greedy_multi-2P to AGEMOEA2-greedy_ting-HUX', 'Equivalence_Line_15: SMSEMOA-random_dense-UX to NSGA2-random_dense-UX', 'Equivalence_Line_16: SMSEMOA-greedy_ting-1P to UNSGA3-random_dense-2P', 'Equivalence_Line_17: NSGA3-random_dense-HUX to NSGA3-random_dense-2P', 'Equivalence_Line_18: SMSEMOA-greedy_multi-UX to SPEA2-random_dense-UX', 'Equivalence_Line_19: SMSEMOA-greedy_multi-HUX to SPEA2-greedy_ting-HUX', 'Equivalence_Line_20: AGEMOEA2-random_dense-UX to UNSGA3-greedy_ting-2P', 'Equivalence_Line_21: NSGA3-greedy_ting-HUX to AGEMOEA2-greedy_ting-2P', 'Equivalence_Line_22: UNSGA3-greedy_ting-UX to NSGA2-random_dense-2P', 'Equivalence_Line_23: UNSGA3-greedy_ting-HUX to RVEA-greedy_multi-HUX', 'Equivalence_Line_24: AGEMOEA2-greedy_ting-UX to NSGA2-greedy_ting-1P', 'Equivalence_Line_25: SMSEMOA-random_dense-1P to SPEA2-random_dense-1P', 'Equivalence_Line_26: AGEMOEA2-greedy_ting-HUX to RVEA-random_dense-1P', 'Equivalence_Line_27: UNSGA3-random_dense-2P to RVEA-greedy_ting-UX', 'Equivalence_Line_28: NSGA3-random_dense-2P to RVEA-greedy_ting-2P']"
UNSGA3-greedy_multi-1P,0.2691626310646947,"['Equivalence_Line_1: AGEMOEA2-greedy_multi-UX to SMSEMOA-greedy_multi-2P', 'Equivalence_Line_2: AGEMOEA2-greedy_multi-HUX to SMSEMOA-random_dense-UX', 'Equivalence_Line_3: SPEA2-greedy_multi-HUX to SMSEMOA-random_dense-HUX', 'Equivalence_Line_4: AGEMOEA2-greedy_multi-2P to UNSGA3-random_dense-UX', 'Equivalence_Line_5: SPEA2-greedy_multi-UX to UNSGA3-random_dense-HUX', 'Equivalence_Line_6: AGEMOEA2-greedy_multi-1P to AGEMOEA2-random_dense-HUX', 'Equivalence_Line_7: NSGA2-greedy_multi-2P to NSGA3-greedy_ting-HUX', 'Equivalence_Line_8: NSGA2-greedy_multi-HUX to UNSGA3-greedy_ting-UX', 'Equivalence_Line_9: SMSEMOA-greedy_ting-HUX to NSGA2-greedy_ting-HUX', 'Equivalence_Line_10: UNSGA3-greedy_multi-HUX to SMSEMOA-random_dense-2P', 'Equivalence_Line_11: NSGA3-greedy_multi-1P to RVEA-random_dense-UX', 'Equivalence_Line_12: UNSGA3-greedy_multi-1P to NSGA2-greedy_ting-UX', 'Equivalence_Line_13: SMSEMOA-greedy_ting-2P to RVEA-greedy_multi-2P', 'Equivalence_Line_14: SMSEMOA-greedy_multi-2P to AGEMOEA2-greedy_ting-HUX', 'Equivalence_Line_15: SMSEMOA-random_dense-UX to NSGA2-random_dense-UX', 'Equivalence_Line_16: SMSEMOA-greedy_ting-1P to UNSGA3-random_dense-2P', 'Equivalence_Line_17: NSGA3-random_dense-HUX to NSGA3-random_dense-2P', 'Equivalence_Line_18: SMSEMOA-greedy_multi-UX to SPEA2-random_dense-UX', 'Equivalence_Line_19: SMSEMOA-greedy_multi-HUX to SPEA2-greedy_ting-HUX', 'Equivalence_Line_20: AGEMOEA2-random_dense-UX to UNSGA3-greedy_ting-2P', 'Equivalence_Line_21: NSGA3-greedy_ting-HUX to AGEMOEA2-greedy_ting-2P', 'Equivalence_Line_22: UNSGA3-greedy_ting-UX to NSGA2-random_dense-2P', 'Equivalence_Line_23: UNSGA3-greedy_ting-HUX to RVEA-greedy_multi-HUX', 'Equivalence_Line_24: AGEMOEA2-greedy_ting-UX to NSGA2-greedy_ting-1P', 'Equivalence_Line_25: SMSEMOA-random_dense-1P to SPEA2-random_dense-1P', 'Equivalence_Line_26: AGEMOEA2-greedy_ting-HUX to RVEA-random_dense-1P', 'Equivalence_Line_27: UNSGA3-random_dense-2P to RVEA-greedy_ting-UX', 'Equivalence_Line_28: NSGA3-random_dense-2P to RVEA-greedy_ting-2P']"
SMSEMOA-greedy_ting-2P,0.26259899249558855,"['Equivalence_Line_1: AGEMOEA2-greedy_multi-UX to SMSEMOA-greedy_multi-2P', 'Equivalence_Line_2: AGEMOEA2-greedy_multi-HUX to SMSEMOA-random_dense-UX', 'Equivalence_Line_3: SPEA2-greedy_multi-HUX to SMSEMOA-random_dense-HUX', 'Equivalence_Line_4: AGEMOEA2-greedy_multi-2P to UNSGA3-random_dense-UX', 'Equivalence_Line_5: SPEA2-greedy_multi-UX to UNSGA3-random_dense-HUX', 'Equivalence_Line_6: AGEMOEA2-greedy_multi-1P to AGEMOEA2-random_dense-HUX', 'Equivalence_Line_7: NSGA2-greedy_multi-2P to NSGA3-greedy_ting-HUX', 'Equivalence_Line_8: NSGA2-greedy_multi-HUX to UNSGA3-greedy_ting-UX', 'Equivalence_Line_9: SMSEMOA-greedy_ting-HUX to NSGA2-greedy_ting-HUX', 'Equivalence_Line_10: UNSGA3-greedy_multi-HUX to SMSEMOA-random_dense-2P', 'Equivalence_Line_11: NSGA3-greedy_multi-1P to RVEA-random_dense-UX', 'Equivalence_Line_12: UNSGA3-greedy_multi-1P to NSGA2-greedy_ting-UX', 'Equivalence_Line_13: SMSEMOA-greedy_ting-2P to RVEA-greedy_multi-2P', 'Equivalence_Line_14: SMSEMOA-greedy_multi-2P to AGEMOEA2-greedy_ting-HUX', 'Equivalence_Line_15: SMSEMOA-random_dense-UX to NSGA2-random_dense-UX', 'Equivalence_Line_16: SMSEMOA-greedy_ting-1P to UNSGA3-random_dense-2P', 'Equivalence_Line_17: NSGA3-random_dense-HUX to NSGA3-random_dense-2P', 'Equivalence_Line_18: SMSEMOA-greedy_multi-UX to SPEA2-random_dense-UX', 'Equivalence_Line_19: SMSEMOA-greedy_multi-HUX to SPEA2-greedy_ting-HUX', 'Equivalence_Line_20: AGEMOEA2-random_dense-UX to UNSGA3-greedy_ting-2P', 'Equivalence_Line_21: NSGA3-greedy_ting-HUX to AGEMOEA2-greedy_ting-2P', 'Equivalence_Line_22: UNSGA3-greedy_ting-UX to NSGA2-random_dense-2P', 'Equivalence_Line_23: UNSGA3-greedy_ting-HUX to RVEA-greedy_multi-HUX', 'Equivalence_Line_24: AGEMOEA2-greedy_ting-UX to NSGA2-greedy_ting-1P', 'Equivalence_Line_25: SMSEMOA-random_dense-1P to SPEA2-random_dense-1P', 'Equivalence_Line_26: AGEMOEA2-greedy_ting-HUX to RVEA-random_dense-1P', 'Equivalence_Line_27: UNSGA3-random_dense-2P to RVEA-greedy_ting-UX', 'Equivalence_Line_28: NSGA3-random_dense-2P to RVEA-greedy_ting-2P']"
SMSEMOA-greedy_multi-1P,0.2624012224225428,"['Equivalence_Line_1: AGEMOEA2-greedy_multi-UX to SMSEMOA-greedy_multi-2P', 'Equivalence_Line_2: AGEMOEA2-greedy_multi-HUX to SMSEMOA-random_dense-UX', 'Equivalence_Line_3: SPEA2-greedy_multi-HUX to SMSEMOA-random_dense-HUX', 'Equivalence_Line_4: AGEMOEA2-greedy_multi-2P to UNSGA3-random_dense-UX', 'Equivalence_Line_5: SPEA2-greedy_multi-UX to UNSGA3-random_dense-HUX', 'Equivalence_Line_6: AGEMOEA2-greedy_multi-1P to AGEMOEA2-random_dense-HUX', 'Equivalence_Line_7: NSGA2-greedy_multi-2P to NSGA3-greedy_ting-HUX', 'Equivalence_Line_8: NSGA2-greedy_multi-HUX to UNSGA3-greedy_ting-UX', 'Equivalence_Line_9: SMSEMOA-greedy_ting-HUX to NSGA2-greedy_ting-HUX', 'Equivalence_Line_10: UNSGA3-greedy_multi-HUX to SMSEMOA-random_dense-2P', 'Equivalence_Line_11: NSGA3-greedy_multi-1P to RVEA-random_dense-UX', 'Equivalence_Line_12: UNSGA3-greedy_multi-1P to NSGA2-greedy_ting-UX', 'Equivalence_Line_13: SMSEMOA-greedy_ting-2P to RVEA-greedy_multi-2P', 'Equivalence_Line_14: SMSEMOA-greedy_multi-2P to AGEMOEA2-greedy_ting-HUX', 'Equivalence_Line_15: SMSEMOA-random_dense-UX to NSGA2-random_dense-UX', 'Equivalence_Line_16: SMSEMOA-greedy_ting-1P to UNSGA3-random_dense-2P', 'Equivalence_Line_17: NSGA3-random_dense-HUX to NSGA3-random_dense-2P', 'Equivalence_Line_18: SMSEMOA-greedy_multi-UX to SPEA2-random_dense-UX', 'Equivalence_Line_19: SMSEMOA-greedy_multi-HUX to SPEA2-greedy_ting-HUX', 'Equivalence_Line_20: AGEMOEA2-random_dense-UX to UNSGA3-greedy_ting-2P', 'Equivalence_Line_21: NSGA3-greedy_ting-HUX to AGEMOEA2-greedy_ting-2P', 'Equivalence_Line_22: UNSGA3-greedy_ting-UX to NSGA2-random_dense-2P', 'Equivalence_Line_23: UNSGA3-greedy_ting-HUX to RVEA-greedy_multi-HUX', 'Equivalence_Line_24: AGEMOEA2-greedy_ting-UX to NSGA2-greedy_ting-1P', 'Equivalence_Line_25: SMSEMOA-random_dense-1P to SPEA2-random_dense-1P', 'Equivalence_Line_26: AGEMOEA2-greedy_ting-HUX to RVEA-random_dense-1P', 'Equivalence_Line_27: UNSGA3-random_dense-2P to RVEA-greedy_ting-UX', 'Equivalence_Line_28: NSGA3-random_dense-2P to RVEA-greedy_ting-2P']"
SMSEMOA-greedy_multi-2P,0.25970756731227723,"['Equivalence_Line_1: AGEMOEA2-greedy_multi-UX to SMSEMOA-greedy_multi-2P', 'Equivalence_Line_2: AGEMOEA2-greedy_multi-HUX to SMSEMOA-random_dense-UX', 'Equivalence_Line_3: SPEA2-greedy_multi-HUX to SMSEMOA-random_dense-HUX', 'Equivalence_Line_4: AGEMOEA2-greedy_multi-2P to UNSGA3-random_dense-UX', 'Equivalence_Line_5: SPEA2-greedy_multi-UX to UNSGA3-random_dense-HUX', 'Equivalence_Line_6: AGEMOEA2-greedy_multi-1P to AGEMOEA2-random_dense-HUX', 'Equivalence_Line_7: NSGA2-greedy_multi-2P to NSGA3-greedy_ting-HUX', 'Equivalence_Line_8: NSGA2-greedy_multi-HUX to UNSGA3-greedy_ting-UX', 'Equivalence_Line_9: SMSEMOA-greedy_ting-HUX to NSGA2-greedy_ting-HUX', 'Equivalence_Line_10: UNSGA3-greedy_multi-HUX to SMSEMOA-random_dense-2P', 'Equivalence_Line_11: NSGA3-greedy_multi-1P to RVEA-random_dense-UX', 'Equivalence_Line_12: UNSGA3-greedy_multi-1P to NSGA2-greedy_ting-UX', 'Equivalence_Line_13: SMSEMOA-greedy_ting-2P to RVEA-greedy_multi-2P', 'Equivalence_Line_14: SMSEMOA-greedy_multi-2P to AGEMOEA2-greedy_ting-HUX', 'Equivalence_Line_15: SMSEMOA-random_dense-UX to NSGA2-random_dense-UX', 'Equivalence_Line_16: SMSEMOA-greedy_ting-1P to UNSGA3-random_dense-2P', 'Equivalence_Line_17: NSGA3-random_dense-HUX to NSGA3-random_dense-2P', 'Equivalence_Line_18: SMSEMOA-greedy_multi-UX to SPEA2-random_dense-UX', 'Equivalence_Line_19: SMSEMOA-greedy_multi-HUX to SPEA2-greedy_ting-HUX', 'Equivalence_Line_20: AGEMOEA2-random_dense-UX to UNSGA3-greedy_ting-2P', 'Equivalence_Line_21: NSGA3-greedy_ting-HUX to AGEMOEA2-greedy_ting-2P', 'Equivalence_Line_22: UNSGA3-greedy_ting-UX to NSGA2-random_dense-2P', 'Equivalence_Line_23: UNSGA3-greedy_ting-HUX to RVEA-greedy_multi-HUX', 'Equivalence_Line_24: AGEMOEA2-greedy_ting-UX to NSGA2-greedy_ting-1P', 'Equivalence_Line_25: SMSEMOA-random_dense-1P to SPEA2-random_dense-1P', 'Equivalence_Line_26: AGEMOEA2-greedy_ting-HUX to RVEA-random_dense-1P', 'Equivalence_Line_27: UNSGA3-random_dense-2P to RVEA-greedy_ting-UX', 'Equivalence_Line_28: NSGA3-random_dense-2P to RVEA-greedy_ting-2P']"
SMSEMOA-random_dense-UX,0.254011286343347,"['Equivalence_Line_1: AGEMOEA2-greedy_multi-UX to SMSEMOA-greedy_multi-2P', 'Equivalence_Line_2: AGEMOEA2-greedy_multi-HUX to SMSEMOA-random_dense-UX', 'Equivalence_Line_3: SPEA2-greedy_multi-HUX to SMSEMOA-random_dense-HUX', 'Equivalence_Line_4: AGEMOEA2-greedy_multi-2P to UNSGA3-random_dense-UX', 'Equivalence_Line_5: SPEA2-greedy_multi-UX to UNSGA3-random_dense-HUX', 'Equivalence_Line_6: AGEMOEA2-greedy_multi-1P to AGEMOEA2-random_dense-HUX', 'Equivalence_Line_7: NSGA2-greedy_multi-2P to NSGA3-greedy_ting-HUX', 'Equivalence_Line_8: NSGA2-greedy_multi-HUX to UNSGA3-greedy_ting-UX', 'Equivalence_Line_9: SMSEMOA-greedy_ting-HUX to NSGA2-greedy_ting-HUX', 'Equivalence_Line_10: UNSGA3-greedy_multi-HUX to SMSEMOA-random_dense-2P', 'Equivalence_Line_11: NSGA3-greedy_multi-1P to RVEA-random_dense-UX', 'Equivalence_Line_12: UNSGA3-greedy_multi-1P to NSGA2-greedy_ting-UX', 'Equivalence_Line_13: SMSEMOA-greedy_ting-2P to RVEA-greedy_multi-2P', 'Equivalence_Line_14: SMSEMOA-greedy_multi-2P to AGEMOEA2-greedy_ting-HUX', 'Equivalence_Line_15: SMSEMOA-random_dense-UX to NSGA2-random_dense-UX', 'Equivalence_Line_16: SMSEMOA-greedy_ting-1P to UNSGA3-random_dense-2P', 'Equivalence_Line_17: NSGA3-random_dense-HUX to NSGA3-random_dense-2P', 'Equivalence_Line_18: SMSEMOA-greedy_multi-UX to SPEA2-random_dense-UX', 'Equivalence_Line_19: SMSEMOA-greedy_multi-HUX to SPEA2-greedy_ting-HUX', 'Equivalence_Line_20: AGEMOEA2-random_dense-UX to UNSGA3-greedy_ting-2P', 'Equivalence_Line_21: NSGA3-greedy_ting-HUX to AGEMOEA2-greedy_ting-2P', 'Equivalence_Line_22: UNSGA3-greedy_ting-UX to NSGA2-random_dense-2P', 'Equivalence_Line_23: UNSGA3-greedy_ting-HUX to RVEA-greedy_multi-HUX', 'Equivalence_Line_24: AGEMOEA2-greedy_ting-UX to NSGA2-greedy_ting-1P', 'Equivalence_Line_25: SMSEMOA-random_dense-1P to SPEA2-random_dense-1P', 'Equivalence_Line_26: AGEMOEA2-greedy_ting-HUX to RVEA-random_dense-1P', 'Equivalence_Line_27: UNSGA3-random_dense-2P to RVEA-greedy_ting-UX', 'Equivalence_Line_28: NSGA3-random_dense-2P to RVEA-greedy_ting-2P']"
SMSEMOA-greedy_ting-1P,0.25348160600422265,"['Equivalence_Line_1: AGEMOEA2-greedy_multi-UX to SMSEMOA-greedy_multi-2P', 'Equivalence_Line_2: AGEMOEA2-greedy_multi-HUX to SMSEMOA-random_dense-UX', 'Equivalence_Line_3: SPEA2-greedy_multi-HUX to SMSEMOA-random_dense-HUX', 'Equivalence_Line_4: AGEMOEA2-greedy_multi-2P to UNSGA3-random_dense-UX', 'Equivalence_Line_5: SPEA2-greedy_multi-UX to UNSGA3-random_dense-HUX', 'Equivalence_Line_6: AGEMOEA2-greedy_multi-1P to AGEMOEA2-random_dense-HUX', 'Equivalence_Line_7: NSGA2-greedy_multi-2P to NSGA3-greedy_ting-HUX', 'Equivalence_Line_8: NSGA2-greedy_multi-HUX to UNSGA3-greedy_ting-UX', 'Equivalence_Line_9: SMSEMOA-greedy_ting-HUX to NSGA2-greedy_ting-HUX', 'Equivalence_Line_10: UNSGA3-greedy_multi-HUX to SMSEMOA-random_dense-2P', 'Equivalence_Line_11: NSGA3-greedy_multi-1P to RVEA-random_dense-UX', 'Equivalence_Line_12: UNSGA3-greedy_multi-1P to NSGA2-greedy_ting-UX', 'Equivalence_Line_13: SMSEMOA-greedy_ting-2P to RVEA-greedy_multi-2P', 'Equivalence_Line_14: SMSEMOA-greedy_multi-2P to AGEMOEA2-greedy_ting-HUX', 'Equivalence_Line_15: SMSEMOA-random_dense-UX to NSGA2-random_dense-UX', 'Equivalence_Line_16: SMSEMOA-greedy_ting-1P to UNSGA3-random_dense-2P', 'Equivalence_Line_17: NSGA3-random_dense-HUX to NSGA3-random_dense-2P', 'Equivalence_Line_18: SMSEMOA-greedy_multi-UX to SPEA2-random_dense-UX', 'Equivalence_Line_19: SMSEMOA-greedy_multi-HUX to SPEA2-greedy_ting-HUX', 'Equivalence_Line_20: AGEMOEA2-random_dense-UX to UNSGA3-greedy_ting-2P', 'Equivalence_Line_21: NSGA3-greedy_ting-HUX to AGEMOEA2-greedy_ting-2P', 'Equivalence_Line_22: UNSGA3-greedy_ting-UX to NSGA2-random_dense-2P', 'Equivalence_Line_23: UNSGA3-greedy_ting-HUX to RVEA-greedy_multi-HUX', 'Equivalence_Line_24: AGEMOEA2-greedy_ting-UX to NSGA2-greedy_ting-1P', 'Equivalence_Line_25: SMSEMOA-random_dense-1P to SPEA2-random_dense-1P', 'Equivalence_Line_26: AGEMOEA2-greedy_ting-HUX to RVEA-random_dense-1P', 'Equivalence_Line_27: UNSGA3-random_dense-2P to RVEA-greedy_ting-UX', 'Equivalence_Line_28: NSGA3-random_dense-2P to RVEA-greedy_ting-2P']"
SMSEMOA-random_dense-HUX,0.25262691052010866,"['Equivalence_Line_1: AGEMOEA2-greedy_multi-UX to SMSEMOA-greedy_multi-2P', 'Equivalence_Line_2: AGEMOEA2-greedy_multi-HUX to SMSEMOA-random_dense-UX', 'Equivalence_Line_3: SPEA2-greedy_multi-HUX to SMSEMOA-random_dense-HUX', 'Equivalence_Line_4: AGEMOEA2-greedy_multi-2P to UNSGA3-random_dense-UX', 'Equivalence_Line_5: SPEA2-greedy_multi-UX to UNSGA3-random_dense-HUX', 'Equivalence_Line_6: AGEMOEA2-greedy_multi-1P to AGEMOEA2-random_dense-HUX', 'Equivalence_Line_7: NSGA2-greedy_multi-2P to NSGA3-greedy_ting-HUX', 'Equivalence_Line_8: NSGA2-greedy_multi-HUX to UNSGA3-greedy_ting-UX', 'Equivalence_Line_9: SMSEMOA-greedy_ting-HUX to NSGA2-greedy_ting-HUX', 'Equivalence_Line_10: UNSGA3-greedy_multi-HUX to SMSEMOA-random_dense-2P', 'Equivalence_Line_11: NSGA3-greedy_multi-1P to RVEA-random_dense-UX', 'Equivalence_Line_12: UNSGA3-greedy_multi-1P to NSGA2-greedy_ting-UX', 'Equivalence_Line_13: SMSEMOA-greedy_ting-2P to RVEA-greedy_multi-2P', 'Equivalence_Line_14: SMSEMOA-greedy_multi-2P to AGEMOEA2-greedy_ting-HUX', 'Equivalence_Line_15: SMSEMOA-random_dense-UX to NSGA2-random_dense-UX', 'Equivalence_Line_16: SMSEMOA-greedy_ting-1P to UNSGA3-random_dense-2P', 'Equivalence_Line_17: NSGA3-random_dense-HUX to NSGA3-random_dense-2P', 'Equivalence_Line_18: SMSEMOA-greedy_multi-UX to SPEA2-random_dense-UX', 'Equivalence_Line_19: SMSEMOA-greedy_multi-HUX to SPEA2-greedy_ting-HUX', 'Equivalence_Line_20: AGEMOEA2-random_dense-UX to UNSGA3-greedy_ting-2P', 'Equivalence_Line_21: NSGA3-greedy_ting-HUX to AGEMOEA2-greedy_ting-2P', 'Equivalence_Line_22: UNSGA3-greedy_ting-UX to NSGA2-random_dense-2P', 'Equivalence_Line_23: UNSGA3-greedy_ting-HUX to RVEA-greedy_multi-HUX', 'Equivalence_Line_24: AGEMOEA2-greedy_ting-UX to NSGA2-greedy_ting-1P', 'Equivalence_Line_25: SMSEMOA-random_dense-1P to SPEA2-random_dense-1P', 'Equivalence_Line_26: AGEMOEA2-greedy_ting-HUX to RVEA-random_dense-1P', 'Equivalence_Line_27: UNSGA3-random_dense-2P to RVEA-greedy_ting-UX', 'Equivalence_Line_28: NSGA3-random_dense-2P to RVEA-greedy_ting-2P']"
NSGA3-random_dense-HUX,0.25238153672218794,"['Equivalence_Line_1: AGEMOEA2-greedy_multi-UX to SMSEMOA-greedy_multi-2P', 'Equivalence_Line_2: AGEMOEA2-greedy_multi-HUX to SMSEMOA-random_dense-UX', 'Equivalence_Line_3: SPEA2-greedy_multi-HUX to SMSEMOA-random_dense-HUX', 'Equivalence_Line_4: AGEMOEA2-greedy_multi-2P to UNSGA3-random_dense-UX', 'Equivalence_Line_5: SPEA2-greedy_multi-UX to UNSGA3-random_dense-HUX', 'Equivalence_Line_6: AGEMOEA2-greedy_multi-1P to AGEMOEA2-random_dense-HUX', 'Equivalence_Line_7: NSGA2-greedy_multi-2P to NSGA3-greedy_ting-HUX', 'Equivalence_Line_8: NSGA2-greedy_multi-HUX to UNSGA3-greedy_ting-UX', 'Equivalence_Line_9: SMSEMOA-greedy_ting-HUX to NSGA2-greedy_ting-HUX', 'Equivalence_Line_10: UNSGA3-greedy_multi-HUX to SMSEMOA-random_dense-2P', 'Equivalence_Line_11: NSGA3-greedy_multi-1P to RVEA-random_dense-UX', 'Equivalence_Line_12: UNSGA3-greedy_multi-1P to NSGA2-greedy_ting-UX', 'Equivalence_Line_13: SMSEMOA-greedy_ting-2P to RVEA-greedy_multi-2P', 'Equivalence_Line_14: SMSEMOA-greedy_multi-2P to AGEMOEA2-greedy_ting-HUX', 'Equivalence_Line_15: SMSEMOA-random_dense-UX to NSGA2-random_dense-UX', 'Equivalence_Line_16: SMSEMOA-greedy_ting-1P to UNSGA3-random_dense-2P', 'Equivalence_Line_17: NSGA3-random_dense-HUX to NSGA3-random_dense-2P', 'Equivalence_Line_18: SMSEMOA-greedy_multi-UX to SPEA2-random_dense-UX', 'Equivalence_Line_19: SMSEMOA-greedy_multi-HUX to SPEA2-greedy_ting-HUX', 'Equivalence_Line_20: AGEMOEA2-random_dense-UX to UNSGA3-greedy_ting-2P', 'Equivalence_Line_21: NSGA3-greedy_ting-HUX to AGEMOEA2-greedy_ting-2P', 'Equivalence_Line_22: UNSGA3-greedy_ting-UX to NSGA2-random_dense-2P', 'Equivalence_Line_23: UNSGA3-greedy_ting-HUX to RVEA-greedy_multi-HUX', 'Equivalence_Line_24: AGEMOEA2-greedy_ting-UX to NSGA2-greedy_ting-1P', 'Equivalence_Line_25: SMSEMOA-random_dense-1P to SPEA2-random_dense-1P', 'Equivalence_Line_26: AGEMOEA2-greedy_ting-HUX to RVEA-random_dense-1P', 'Equivalence_Line_27: UNSGA3-random_dense-2P to RVEA-greedy_ting-UX', 'Equivalence_Line_28: NSGA3-random_dense-2P to RVEA-greedy_ting-2P']"
SMSEMOA-greedy_multi-UX,0.2523523069962698,"['Equivalence_Line_1: AGEMOEA2-greedy_multi-UX to SMSEMOA-greedy_multi-2P', 'Equivalence_Line_2: AGEMOEA2-greedy_multi-HUX to SMSEMOA-random_dense-UX', 'Equivalence_Line_3: SPEA2-greedy_multi-HUX to SMSEMOA-random_dense-HUX', 'Equivalence_Line_4: AGEMOEA2-greedy_multi-2P to UNSGA3-random_dense-UX', 'Equivalence_Line_5: SPEA2-greedy_multi-UX to UNSGA3-random_dense-HUX', 'Equivalence_Line_6: AGEMOEA2-greedy_multi-1P to AGEMOEA2-random_dense-HUX', 'Equivalence_Line_7: NSGA2-greedy_multi-2P to NSGA3-greedy_ting-HUX', 'Equivalence_Line_8: NSGA2-greedy_multi-HUX to UNSGA3-greedy_ting-UX', 'Equivalence_Line_9: SMSEMOA-greedy_ting-HUX to NSGA2-greedy_ting-HUX', 'Equivalence_Line_10: UNSGA3-greedy_multi-HUX to SMSEMOA-random_dense-2P', 'Equivalence_Line_11: NSGA3-greedy_multi-1P to RVEA-random_dense-UX', 'Equivalence_Line_12: UNSGA3-greedy_multi-1P to NSGA2-greedy_ting-UX', 'Equivalence_Line_13: SMSEMOA-greedy_ting-2P to RVEA-greedy_multi-2P', 'Equivalence_Line_14: SMSEMOA-greedy_multi-2P to AGEMOEA2-greedy_ting-HUX', 'Equivalence_Line_15: SMSEMOA-random_dense-UX to NSGA2-random_dense-UX', 'Equivalence_Line_16: SMSEMOA-greedy_ting-1P to UNSGA3-random_dense-2P', 'Equivalence_Line_17: NSGA3-random_dense-HUX to NSGA3-random_dense-2P', 'Equivalence_Line_18: SMSEMOA-greedy_multi-UX to SPEA2-random_dense-UX', 'Equivalence_Line_19: SMSEMOA-greedy_multi-HUX to SPEA2-greedy_ting-HUX', 'Equivalence_Line_20: AGEMOEA2-random_dense-UX to UNSGA3-greedy_ting-2P', 'Equivalence_Line_21: NSGA3-greedy_ting-HUX to AGEMOEA2-greedy_ting-2P', 'Equivalence_Line_22: UNSGA3-greedy_ting-UX to NSGA2-random_dense-2P', 'Equivalence_Line_23: UNSGA3-greedy_ting-HUX to RVEA-greedy_multi-HUX', 'Equivalence_Line_24: AGEMOEA2-greedy_ting-UX to NSGA2-greedy_ting-1P', 'Equivalence_Line_25: SMSEMOA-random_dense-1P to SPEA2-random_dense-1P', 'Equivalence_Line_26: AGEMOEA2-greedy_ting-HUX to RVEA-random_dense-1P', 'Equivalence_Line_27: UNSGA3-random_dense-2P to RVEA-greedy_ting-UX', 'Equivalence_Line_28: NSGA3-random_dense-2P to RVEA-greedy_ting-2P']"
UNSGA3-random_dense-UX,0.25189445670193744,"['Equivalence_Line_1: AGEMOEA2-greedy_multi-UX to SMSEMOA-greedy_multi-2P', 'Equivalence_Line_2: AGEMOEA2-greedy_multi-HUX to SMSEMOA-random_dense-UX', 'Equivalence_Line_3: SPEA2-greedy_multi-HUX to SMSEMOA-random_dense-HUX', 'Equivalence_Line_4: AGEMOEA2-greedy_multi-2P to UNSGA3-random_dense-UX', 'Equivalence_Line_5: SPEA2-greedy_multi-UX to UNSGA3-random_dense-HUX', 'Equivalence_Line_6: AGEMOEA2-greedy_multi-1P to AGEMOEA2-random_dense-HUX', 'Equivalence_Line_7: NSGA2-greedy_multi-2P to NSGA3-greedy_ting-HUX', 'Equivalence_Line_8: NSGA2-greedy_multi-HUX to UNSGA3-greedy_ting-UX', 'Equivalence_Line_9: SMSEMOA-greedy_ting-HUX to NSGA2-greedy_ting-HUX', 'Equivalence_Line_10: UNSGA3-greedy_multi-HUX to SMSEMOA-random_dense-2P', 'Equivalence_Line_11: NSGA3-greedy_multi-1P to RVEA-random_dense-UX', 'Equivalence_Line_12: UNSGA3-greedy_multi-1P to NSGA2-greedy_ting-UX', 'Equivalence_Line_13: SMSEMOA-greedy_ting-2P to RVEA-greedy_multi-2P', 'Equivalence_Line_14: SMSEMOA-greedy_multi-2P to AGEMOEA2-greedy_ting-HUX', 'Equivalence_Line_15: SMSEMOA-random_dense-UX to NSGA2-random_dense-UX', 'Equivalence_Line_16: SMSEMOA-greedy_ting-1P to UNSGA3-random_dense-2P', 'Equivalence_Line_17: NSGA3-random_dense-HUX to NSGA3-random_dense-2P', 'Equivalence_Line_18: SMSEMOA-greedy_multi-UX to SPEA2-random_dense-UX', 'Equivalence_Line_19: SMSEMOA-greedy_multi-HUX to SPEA2-greedy_ting-HUX', 'Equivalence_Line_20: AGEMOEA2-random_dense-UX to UNSGA3-greedy_ting-2P', 'Equivalence_Line_21: NSGA3-greedy_ting-HUX to AGEMOEA2-greedy_ting-2P', 'Equivalence_Line_22: UNSGA3-greedy_ting-UX to NSGA2-random_dense-2P', 'Equivalence_Line_23: UNSGA3-greedy_ting-HUX to RVEA-greedy_multi-HUX', 'Equivalence_Line_24: AGEMOEA2-greedy_ting-UX to NSGA2-greedy_ting-1P', 'Equivalence_Line_25: SMSEMOA-random_dense-1P to SPEA2-random_dense-1P', 'Equivalence_Line_26: AGEMOEA2-greedy_ting-HUX to RVEA-random_dense-1P', 'Equivalence_Line_27: UNSGA3-random_dense-2P to RVEA-greedy_ting-UX', 'Equivalence_Line_28: NSGA3-random_dense-2P to RVEA-greedy_ting-2P']"
UNSGA3-random_dense-HUX,0.25154887279634985,"['Equivalence_Line_1: AGEMOEA2-greedy_multi-UX to SMSEMOA-greedy_multi-2P', 'Equivalence_Line_2: AGEMOEA2-greedy_multi-HUX to SMSEMOA-random_dense-UX', 'Equivalence_Line_3: SPEA2-greedy_multi-HUX to SMSEMOA-random_dense-HUX', 'Equivalence_Line_4: AGEMOEA2-greedy_multi-2P to UNSGA3-random_dense-UX', 'Equivalence_Line_5: SPEA2-greedy_multi-UX to UNSGA3-random_dense-HUX', 'Equivalence_Line_6: AGEMOEA2-greedy_multi-1P to AGEMOEA2-random_dense-HUX', 'Equivalence_Line_7: NSGA2-greedy_multi-2P to NSGA3-greedy_ting-HUX', 'Equivalence_Line_8: NSGA2-greedy_multi-HUX to UNSGA3-greedy_ting-UX', 'Equivalence_Line_9: SMSEMOA-greedy_ting-HUX to NSGA2-greedy_ting-HUX', 'Equivalence_Line_10: UNSGA3-greedy_multi-HUX to SMSEMOA-random_dense-2P', 'Equivalence_Line_11: NSGA3-greedy_multi-1P to RVEA-random_dense-UX', 'Equivalence_Line_12: UNSGA3-greedy_multi-1P to NSGA2-greedy_ting-UX', 'Equivalence_Line_13: SMSEMOA-greedy_ting-2P to RVEA-greedy_multi-2P', 'Equivalence_Line_14: SMSEMOA-greedy_multi-2P to AGEMOEA2-greedy_ting-HUX', 'Equivalence_Line_15: SMSEMOA-random_dense-UX to NSGA2-random_dense-UX', 'Equivalence_Line_16: SMSEMOA-greedy_ting-1P to UNSGA3-random_dense-2P', 'Equivalence_Line_17: NSGA3-random_dense-HUX to NSGA3-random_dense-2P', 'Equivalence_Line_18: SMSEMOA-greedy_multi-UX to SPEA2-random_dense-UX', 'Equivalence_Line_19: SMSEMOA-greedy_multi-HUX to SPEA2-greedy_ting-HUX', 'Equivalence_Line_20: AGEMOEA2-random_dense-UX to UNSGA3-greedy_ting-2P', 'Equivalence_Line_21: NSGA3-greedy_ting-HUX to AGEMOEA2-greedy_ting-2P', 'Equivalence_Line_22: UNSGA3-greedy_ting-UX to NSGA2-random_dense-2P', 'Equivalence_Line_23: UNSGA3-greedy_ting-HUX to RVEA-greedy_multi-HUX', 'Equivalence_Line_24: AGEMOEA2-greedy_ting-UX to NSGA2-greedy_ting-1P', 'Equivalence_Line_25: SMSEMOA-random_dense-1P to SPEA2-random_dense-1P', 'Equivalence_Line_26: AGEMOEA2-greedy_ting-HUX to RVEA-random_dense-1P', 'Equivalence_Line_27: UNSGA3-random_dense-2P to RVEA-greedy_ting-UX', 'Equivalence_Line_28: NSGA3-random_dense-2P to RVEA-greedy_ting-2P']"
SMSEMOA-greedy_multi-HUX,0.2512931885779664,"['Equivalence_Line_1: AGEMOEA2-greedy_multi-UX to SMSEMOA-greedy_multi-2P', 'Equivalence_Line_2: AGEMOEA2-greedy_multi-HUX to SMSEMOA-random_dense-UX', 'Equivalence_Line_3: SPEA2-greedy_multi-HUX to SMSEMOA-random_dense-HUX', 'Equivalence_Line_4: AGEMOEA2-greedy_multi-2P to UNSGA3-random_dense-UX', 'Equivalence_Line_5: SPEA2-greedy_multi-UX to UNSGA3-random_dense-HUX', 'Equivalence_Line_6: AGEMOEA2-greedy_multi-1P to AGEMOEA2-random_dense-HUX', 'Equivalence_Line_7: NSGA2-greedy_multi-2P to NSGA3-greedy_ting-HUX', 'Equivalence_Line_8: NSGA2-greedy_multi-HUX to UNSGA3-greedy_ting-UX', 'Equivalence_Line_9: SMSEMOA-greedy_ting-HUX to NSGA2-greedy_ting-HUX', 'Equivalence_Line_10: UNSGA3-greedy_multi-HUX to SMSEMOA-random_dense-2P', 'Equivalence_Line_11: NSGA3-greedy_multi-1P to RVEA-random_dense-UX', 'Equivalence_Line_12: UNSGA3-greedy_multi-1P to NSGA2-greedy_ting-UX', 'Equivalence_Line_13: SMSEMOA-greedy_ting-2P to RVEA-greedy_multi-2P', 'Equivalence_Line_14: SMSEMOA-greedy_multi-2P to AGEMOEA2-greedy_ting-HUX', 'Equivalence_Line_15: SMSEMOA-random_dense-UX to NSGA2-random_dense-UX', 'Equivalence_Line_16: SMSEMOA-greedy_ting-1P to UNSGA3-random_dense-2P', 'Equivalence_Line_17: NSGA3-random_dense-HUX to NSGA3-random_dense-2P', 'Equivalence_Line_18: SMSEMOA-greedy_multi-UX to SPEA2-random_dense-UX', 'Equivalence_Line_19: SMSEMOA-greedy_multi-HUX to SPEA2-greedy_ting-HUX', 'Equivalence_Line_20: AGEMOEA2-random_dense-UX to UNSGA3-greedy_ting-2P', 'Equivalence_Line_21: NSGA3-greedy_ting-HUX to AGEMOEA2-greedy_ting-2P', 'Equivalence_Line_22: UNSGA3-greedy_ting-UX to NSGA2-random_dense-2P', 'Equivalence_Line_23: UNSGA3-greedy_ting-HUX to RVEA-greedy_multi-HUX', 'Equivalence_Line_24: AGEMOEA2-greedy_ting-UX to NSGA2-greedy_ting-1P', 'Equivalence_Line_25: SMSEMOA-random_dense-1P to SPEA2-random_dense-1P', 'Equivalence_Line_26: AGEMOEA2-greedy_ting-HUX to RVEA-random_dense-1P', 'Equivalence_Line_27: UNSGA3-random_dense-2P to RVEA-greedy_ting-UX', 'Equivalence_Line_28: NSGA3-random_dense-2P to RVEA-greedy_ting-2P']"
NSGA3-random_dense-UX,0.25033932907488754,"['Equivalence_Line_1: AGEMOEA2-greedy_multi-UX to SMSEMOA-greedy_multi-2P', 'Equivalence_Line_2: AGEMOEA2-greedy_multi-HUX to SMSEMOA-random_dense-UX', 'Equivalence_Line_3: SPEA2-greedy_multi-HUX to SMSEMOA-random_dense-HUX', 'Equivalence_Line_4: AGEMOEA2-greedy_multi-2P to UNSGA3-random_dense-UX', 'Equivalence_Line_5: SPEA2-greedy_multi-UX to UNSGA3-random_dense-HUX', 'Equivalence_Line_6: AGEMOEA2-greedy_multi-1P to AGEMOEA2-random_dense-HUX', 'Equivalence_Line_7: NSGA2-greedy_multi-2P to NSGA3-greedy_ting-HUX', 'Equivalence_Line_8: NSGA2-greedy_multi-HUX to UNSGA3-greedy_ting-UX', 'Equivalence_Line_9: SMSEMOA-greedy_ting-HUX to NSGA2-greedy_ting-HUX', 'Equivalence_Line_10: UNSGA3-greedy_multi-HUX to SMSEMOA-random_dense-2P', 'Equivalence_Line_11: NSGA3-greedy_multi-1P to RVEA-random_dense-UX', 'Equivalence_Line_12: UNSGA3-greedy_multi-1P to NSGA2-greedy_ting-UX', 'Equivalence_Line_13: SMSEMOA-greedy_ting-2P to RVEA-greedy_multi-2P', 'Equivalence_Line_14: SMSEMOA-greedy_multi-2P to AGEMOEA2-greedy_ting-HUX', 'Equivalence_Line_15: SMSEMOA-random_dense-UX to NSGA2-random_dense-UX', 'Equivalence_Line_16: SMSEMOA-greedy_ting-1P to UNSGA3-random_dense-2P', 'Equivalence_Line_17: NSGA3-random_dense-HUX to NSGA3-random_dense-2P', 'Equivalence_Line_18: SMSEMOA-greedy_multi-UX to SPEA2-random_dense-UX', 'Equivalence_Line_19: SMSEMOA-greedy_multi-HUX to SPEA2-greedy_ting-HUX', 'Equivalence_Line_20: AGEMOEA2-random_dense-UX to UNSGA3-greedy_ting-2P', 'Equivalence_Line_21: NSGA3-greedy_ting-HUX to AGEMOEA2-greedy_ting-2P', 'Equivalence_Line_22: UNSGA3-greedy_ting-UX to NSGA2-random_dense-2P', 'Equivalence_Line_23: UNSGA3-greedy_ting-HUX to RVEA-greedy_multi-HUX', 'Equivalence_Line_24: AGEMOEA2-greedy_ting-UX to NSGA2-greedy_ting-1P', 'Equivalence_Line_25: SMSEMOA-random_dense-1P to SPEA2-random_dense-1P', 'Equivalence_Line_26: AGEMOEA2-greedy_ting-HUX to RVEA-random_dense-1P', 'Equivalence_Line_27: UNSGA3-random_dense-2P to RVEA-greedy_ting-UX', 'Equivalence_Line_28: NSGA3-random_dense-2P to RVEA-greedy_ting-2P']"
AGEMOEA2-random_dense-HUX,0.2502576634897192,"['Equivalence_Line_1: AGEMOEA2-greedy_multi-UX to SMSEMOA-greedy_multi-2P', 'Equivalence_Line_2: AGEMOEA2-greedy_multi-HUX to SMSEMOA-random_dense-UX', 'Equivalence_Line_3: SPEA2-greedy_multi-HUX to SMSEMOA-random_dense-HUX', 'Equivalence_Line_4: AGEMOEA2-greedy_multi-2P to UNSGA3-random_dense-UX', 'Equivalence_Line_5: SPEA2-greedy_multi-UX to UNSGA3-random_dense-HUX', 'Equivalence_Line_6: AGEMOEA2-greedy_multi-1P to AGEMOEA2-random_dense-HUX', 'Equivalence_Line_7: NSGA2-greedy_multi-2P to NSGA3-greedy_ting-HUX', 'Equivalence_Line_8: NSGA2-greedy_multi-HUX to UNSGA3-greedy_ting-UX', 'Equivalence_Line_9: SMSEMOA-greedy_ting-HUX to NSGA2-greedy_ting-HUX', 'Equivalence_Line_10: UNSGA3-greedy_multi-HUX to SMSEMOA-random_dense-2P', 'Equivalence_Line_11: NSGA3-greedy_multi-1P to RVEA-random_dense-UX', 'Equivalence_Line_12: UNSGA3-greedy_multi-1P to NSGA2-greedy_ting-UX', 'Equivalence_Line_13: SMSEMOA-greedy_ting-2P to RVEA-greedy_multi-2P', 'Equivalence_Line_14: SMSEMOA-greedy_multi-2P to AGEMOEA2-greedy_ting-HUX', 'Equivalence_Line_15: SMSEMOA-random_dense-UX to NSGA2-random_dense-UX', 'Equivalence_Line_16: SMSEMOA-greedy_ting-1P to UNSGA3-random_dense-2P', 'Equivalence_Line_17: NSGA3-random_dense-HUX to NSGA3-random_dense-2P', 'Equivalence_Line_18: SMSEMOA-greedy_multi-UX to SPEA2-random_dense-UX', 'Equivalence_Line_19: SMSEMOA-greedy_multi-HUX to SPEA2-greedy_ting-HUX', 'Equivalence_Line_20: AGEMOEA2-random_dense-UX to UNSGA3-greedy_ting-2P', 'Equivalence_Line_21: NSGA3-greedy_ting-HUX to AGEMOEA2-greedy_ting-2P', 'Equivalence_Line_22: UNSGA3-greedy_ting-UX to NSGA2-random_dense-2P', 'Equivalence_Line_23: UNSGA3-greedy_ting-HUX to RVEA-greedy_multi-HUX', 'Equivalence_Line_24: AGEMOEA2-greedy_ting-UX to NSGA2-greedy_ting-1P', 'Equivalence_Line_25: SMSEMOA-random_dense-1P to SPEA2-random_dense-1P', 'Equivalence_Line_26: AGEMOEA2-greedy_ting-HUX to RVEA-random_dense-1P', 'Equivalence_Line_27: UNSGA3-random_dense-2P to RVEA-greedy_ting-UX', 'Equivalence_Line_28: NSGA3-random_dense-2P to RVEA-greedy_ting-2P']"
AGEMOEA2-random_dense-UX,0.2496857139763925,"['Equivalence_Line_1: AGEMOEA2-greedy_multi-UX to SMSEMOA-greedy_multi-2P', 'Equivalence_Line_2: AGEMOEA2-greedy_multi-HUX to SMSEMOA-random_dense-UX', 'Equivalence_Line_3: SPEA2-greedy_multi-HUX to SMSEMOA-random_dense-HUX', 'Equivalence_Line_4: AGEMOEA2-greedy_multi-2P to UNSGA3-random_dense-UX', 'Equivalence_Line_5: SPEA2-greedy_multi-UX to UNSGA3-random_dense-HUX', 'Equivalence_Line_6: AGEMOEA2-greedy_multi-1P to AGEMOEA2-random_dense-HUX', 'Equivalence_Line_7: NSGA2-greedy_multi-2P to NSGA3-greedy_ting-HUX', 'Equivalence_Line_8: NSGA2-greedy_multi-HUX to UNSGA3-greedy_ting-UX', 'Equivalence_Line_9: SMSEMOA-greedy_ting-HUX to NSGA2-greedy_ting-HUX', 'Equivalence_Line_10: UNSGA3-greedy_multi-HUX to SMSEMOA-random_dense-2P', 'Equivalence_Line_11: NSGA3-greedy_multi-1P to RVEA-random_dense-UX', 'Equivalence_Line_12: UNSGA3-greedy_multi-1P to NSGA2-greedy_ting-UX', 'Equivalence_Line_13: SMSEMOA-greedy_ting-2P to RVEA-greedy_multi-2P', 'Equivalence_Line_14: SMSEMOA-greedy_multi-2P to AGEMOEA2-greedy_ting-HUX', 'Equivalence_Line_15: SMSEMOA-random_dense-UX to NSGA2-random_dense-UX', 'Equivalence_Line_16: SMSEMOA-greedy_ting-1P to UNSGA3-random_dense-2P', 'Equivalence_Line_17: NSGA3-random_dense-HUX to NSGA3-random_dense-2P', 'Equivalence_Line_18: SMSEMOA-greedy_multi-UX to SPEA2-random_dense-UX', 'Equivalence_Line_19: SMSEMOA-greedy_multi-HUX to SPEA2-greedy_ting-HUX', 'Equivalence_Line_20: AGEMOEA2-random_dense-UX to UNSGA3-greedy_ting-2P', 'Equivalence_Line_21: NSGA3-greedy_ting-HUX to AGEMOEA2-greedy_ting-2P', 'Equivalence_Line_22: UNSGA3-greedy_ting-UX to NSGA2-random_dense-2P', 'Equivalence_Line_23: UNSGA3-greedy_ting-HUX to RVEA-greedy_multi-HUX', 'Equivalence_Line_24: AGEMOEA2-greedy_ting-UX to NSGA2-greedy_ting-1P', 'Equivalence_Line_25: SMSEMOA-random_dense-1P to SPEA2-random_dense-1P', 'Equivalence_Line_26: AGEMOEA2-greedy_ting-HUX to RVEA-random_dense-1P', 'Equivalence_Line_27: UNSGA3-random_dense-2P to RVEA-greedy_ting-UX', 'Equivalence_Line_28: NSGA3-random_dense-2P to RVEA-greedy_ting-2P']"
NSGA3-greedy_ting-HUX,0.24791180721409473,"['Equivalence_Line_1: AGEMOEA2-greedy_multi-UX to SMSEMOA-greedy_multi-2P', 'Equivalence_Line_2: AGEMOEA2-greedy_multi-HUX to SMSEMOA-random_dense-UX', 'Equivalence_Line_3: SPEA2-greedy_multi-HUX to SMSEMOA-random_dense-HUX', 'Equivalence_Line_4: AGEMOEA2-greedy_multi-2P to UNSGA3-random_dense-UX', 'Equivalence_Line_5: SPEA2-greedy_multi-UX to UNSGA3-random_dense-HUX', 'Equivalence_Line_6: AGEMOEA2-greedy_multi-1P to AGEMOEA2-random_dense-HUX', 'Equivalence_Line_7: NSGA2-greedy_multi-2P to NSGA3-greedy_ting-HUX', 'Equivalence_Line_8: NSGA2-greedy_multi-HUX to UNSGA3-greedy_ting-UX', 'Equivalence_Line_9: SMSEMOA-greedy_ting-HUX to NSGA2-greedy_ting-HUX', 'Equivalence_Line_10: UNSGA3-greedy_multi-HUX to SMSEMOA-random_dense-2P', 'Equivalence_Line_11: NSGA3-greedy_multi-1P to RVEA-random_dense-UX', 'Equivalence_Line_12: UNSGA3-greedy_multi-1P to NSGA2-greedy_ting-UX', 'Equivalence_Line_13: SMSEMOA-greedy_ting-2P to RVEA-greedy_multi-2P', 'Equivalence_Line_14: SMSEMOA-greedy_multi-2P to AGEMOEA2-greedy_ting-HUX', 'Equivalence_Line_15: SMSEMOA-random_dense-UX to NSGA2-random_dense-UX', 'Equivalence_Line_16: SMSEMOA-greedy_ting-1P to UNSGA3-random_dense-2P', 'Equivalence_Line_17: NSGA3-random_dense-HUX to NSGA3-random_dense-2P', 'Equivalence_Line_18: SMSEMOA-greedy_multi-UX to SPEA2-random_dense-UX', 'Equivalence_Line_19: SMSEMOA-greedy_multi-HUX to SPEA2-greedy_ting-HUX', 'Equivalence_Line_20: AGEMOEA2-random_dense-UX to UNSGA3-greedy_ting-2P', 'Equivalence_Line_21: NSGA3-greedy_ting-HUX to AGEMOEA2-greedy_ting-2P', 'Equivalence_Line_22: UNSGA3-greedy_ting-UX to NSGA2-random_dense-2P', 'Equivalence_Line_23: UNSGA3-greedy_ting-HUX to RVEA-greedy_multi-HUX', 'Equivalence_Line_24: AGEMOEA2-greedy_ting-UX to NSGA2-greedy_ting-1P', 'Equivalence_Line_25: SMSEMOA-random_dense-1P to SPEA2-random_dense-1P', 'Equivalence_Line_26: AGEMOEA2-greedy_ting-HUX to RVEA-random_dense-1P', 'Equivalence_Line_27: UNSGA3-random_dense-2P to RVEA-greedy_ting-UX', 'Equivalence_Line_28: NSGA3-random_dense-2P to RVEA-greedy_ting-2P']"
UNSGA3-greedy_ting-UX,0.2471474828817033,"['Equivalence_Line_1: AGEMOEA2-greedy_multi-UX to SMSEMOA-greedy_multi-2P', 'Equivalence_Line_2: AGEMOEA2-greedy_multi-HUX to SMSEMOA-random_dense-UX', 'Equivalence_Line_3: SPEA2-greedy_multi-HUX to SMSEMOA-random_dense-HUX', 'Equivalence_Line_4: AGEMOEA2-greedy_multi-2P to UNSGA3-random_dense-UX', 'Equivalence_Line_5: SPEA2-greedy_multi-UX to UNSGA3-random_dense-HUX', 'Equivalence_Line_6: AGEMOEA2-greedy_multi-1P to AGEMOEA2-random_dense-HUX', 'Equivalence_Line_7: NSGA2-greedy_multi-2P to NSGA3-greedy_ting-HUX', 'Equivalence_Line_8: NSGA2-greedy_multi-HUX to UNSGA3-greedy_ting-UX', 'Equivalence_Line_9: SMSEMOA-greedy_ting-HUX to NSGA2-greedy_ting-HUX', 'Equivalence_Line_10: UNSGA3-greedy_multi-HUX to SMSEMOA-random_dense-2P', 'Equivalence_Line_11: NSGA3-greedy_multi-1P to RVEA-random_dense-UX', 'Equivalence_Line_12: UNSGA3-greedy_multi-1P to NSGA2-greedy_ting-UX', 'Equivalence_Line_13: SMSEMOA-greedy_ting-2P to RVEA-greedy_multi-2P', 'Equivalence_Line_14: SMSEMOA-greedy_multi-2P to AGEMOEA2-greedy_ting-HUX', 'Equivalence_Line_15: SMSEMOA-random_dense-UX to NSGA2-random_dense-UX', 'Equivalence_Line_16: SMSEMOA-greedy_ting-1P to UNSGA3-random_dense-2P', 'Equivalence_Line_17: NSGA3-random_dense-HUX to NSGA3-random_dense-2P', 'Equivalence_Line_18: SMSEMOA-greedy_multi-UX to SPEA2-random_dense-UX', 'Equivalence_Line_19: SMSEMOA-greedy_multi-HUX to SPEA2-greedy_ting-HUX', 'Equivalence_Line_20: AGEMOEA2-random_dense-UX to UNSGA3-greedy_ting-2P', 'Equivalence_Line_21: NSGA3-greedy_ting-HUX to AGEMOEA2-greedy_ting-2P', 'Equivalence_Line_22: UNSGA3-greedy_ting-UX to NSGA2-random_dense-2P', 'Equivalence_Line_23: UNSGA3-greedy_ting-HUX to RVEA-greedy_multi-HUX', 'Equivalence_Line_24: AGEMOEA2-greedy_ting-UX to NSGA2-greedy_ting-1P', 'Equivalence_Line_25: SMSEMOA-random_dense-1P to SPEA2-random_dense-1P', 'Equivalence_Line_26: AGEMOEA2-greedy_ting-HUX to RVEA-random_dense-1P', 'Equivalence_Line_27: UNSGA3-random_dense-2P to RVEA-greedy_ting-UX', 'Equivalence_Line_28: NSGA3-random_dense-2P to RVEA-greedy_ting-2P']"
UNSGA3-greedy_ting-HUX,0.24649837041753245,"['Equivalence_Line_1: AGEMOEA2-greedy_multi-UX to SMSEMOA-greedy_multi-2P', 'Equivalence_Line_2: AGEMOEA2-greedy_multi-HUX to SMSEMOA-random_dense-UX', 'Equivalence_Line_3: SPEA2-greedy_multi-HUX to SMSEMOA-random_dense-HUX', 'Equivalence_Line_4: AGEMOEA2-greedy_multi-2P to UNSGA3-random_dense-UX', 'Equivalence_Line_5: SPEA2-greedy_multi-UX to UNSGA3-random_dense-HUX', 'Equivalence_Line_6: AGEMOEA2-greedy_multi-1P to AGEMOEA2-random_dense-HUX', 'Equivalence_Line_7: NSGA2-greedy_multi-2P to NSGA3-greedy_ting-HUX', 'Equivalence_Line_8: NSGA2-greedy_multi-HUX to UNSGA3-greedy_ting-UX', 'Equivalence_Line_9: SMSEMOA-greedy_ting-HUX to NSGA2-greedy_ting-HUX', 'Equivalence_Line_10: UNSGA3-greedy_multi-HUX to SMSEMOA-random_dense-2P', 'Equivalence_Line_11: NSGA3-greedy_multi-1P to RVEA-random_dense-UX', 'Equivalence_Line_12: UNSGA3-greedy_multi-1P to NSGA2-greedy_ting-UX', 'Equivalence_Line_13: SMSEMOA-greedy_ting-2P to RVEA-greedy_multi-2P', 'Equivalence_Line_14: SMSEMOA-greedy_multi-2P to AGEMOEA2-greedy_ting-HUX', 'Equivalence_Line_15: SMSEMOA-random_dense-UX to NSGA2-random_dense-UX', 'Equivalence_Line_16: SMSEMOA-greedy_ting-1P to UNSGA3-random_dense-2P', 'Equivalence_Line_17: NSGA3-random_dense-HUX to NSGA3-random_dense-2P', 'Equivalence_Line_18: SMSEMOA-greedy_multi-UX to SPEA2-random_dense-UX', 'Equivalence_Line_19: SMSEMOA-greedy_multi-HUX to SPEA2-greedy_ting-HUX', 'Equivalence_Line_20: AGEMOEA2-random_dense-UX to UNSGA3-greedy_ting-2P', 'Equivalence_Line_21: NSGA3-greedy_ting-HUX to AGEMOEA2-greedy_ting-2P', 'Equivalence_Line_22: UNSGA3-greedy_ting-UX to NSGA2-random_dense-2P', 'Equivalence_Line_23: UNSGA3-greedy_ting-HUX to RVEA-greedy_multi-HUX', 'Equivalence_Line_24: AGEMOEA2-greedy_ting-UX to NSGA2-greedy_ting-1P', 'Equivalence_Line_25: SMSEMOA-random_dense-1P to SPEA2-random_dense-1P', 'Equivalence_Line_26: AGEMOEA2-greedy_ting-HUX to RVEA-random_dense-1P', 'Equivalence_Line_27: UNSGA3-random_dense-2P to RVEA-greedy_ting-UX', 'Equivalence_Line_28: NSGA3-random_dense-2P to RVEA-greedy_ting-2P']"
NSGA2-greedy_ting-HUX,0.24622017423359413,"['Equivalence_Line_1: AGEMOEA2-greedy_multi-UX to SMSEMOA-greedy_multi-2P', 'Equivalence_Line_2: AGEMOEA2-greedy_multi-HUX to SMSEMOA-random_dense-UX', 'Equivalence_Line_3: SPEA2-greedy_multi-HUX to SMSEMOA-random_dense-HUX', 'Equivalence_Line_4: AGEMOEA2-greedy_multi-2P to UNSGA3-random_dense-UX', 'Equivalence_Line_5: SPEA2-greedy_multi-UX to UNSGA3-random_dense-HUX', 'Equivalence_Line_6: AGEMOEA2-greedy_multi-1P to AGEMOEA2-random_dense-HUX', 'Equivalence_Line_7: NSGA2-greedy_multi-2P to NSGA3-greedy_ting-HUX', 'Equivalence_Line_8: NSGA2-greedy_multi-HUX to UNSGA3-greedy_ting-UX', 'Equivalence_Line_9: SMSEMOA-greedy_ting-HUX to NSGA2-greedy_ting-HUX', 'Equivalence_Line_10: UNSGA3-greedy_multi-HUX to SMSEMOA-random_dense-2P', 'Equivalence_Line_11: NSGA3-greedy_multi-1P to RVEA-random_dense-UX', 'Equivalence_Line_12: UNSGA3-greedy_multi-1P to NSGA2-greedy_ting-UX', 'Equivalence_Line_13: SMSEMOA-greedy_ting-2P to RVEA-greedy_multi-2P', 'Equivalence_Line_14: SMSEMOA-greedy_multi-2P to AGEMOEA2-greedy_ting-HUX', 'Equivalence_Line_15: SMSEMOA-random_dense-UX to NSGA2-random_dense-UX', 'Equivalence_Line_16: SMSEMOA-greedy_ting-1P to UNSGA3-random_dense-2P', 'Equivalence_Line_17: NSGA3-random_dense-HUX to NSGA3-random_dense-2P', 'Equivalence_Line_18: SMSEMOA-greedy_multi-UX to SPEA2-random_dense-UX', 'Equivalence_Line_19: SMSEMOA-greedy_multi-HUX to SPEA2-greedy_ting-HUX', 'Equivalence_Line_20: AGEMOEA2-random_dense-UX to UNSGA3-greedy_ting-2P', 'Equivalence_Line_21: NSGA3-greedy_ting-HUX to AGEMOEA2-greedy_ting-2P', 'Equivalence_Line_22: UNSGA3-greedy_ting-UX to NSGA2-random_dense-2P', 'Equivalence_Line_23: UNSGA3-greedy_ting-HUX to RVEA-greedy_multi-HUX', 'Equivalence_Line_24: AGEMOEA2-greedy_ting-UX to NSGA2-greedy_ting-1P', 'Equivalence_Line_25: SMSEMOA-random_dense-1P to SPEA2-random_dense-1P', 'Equivalence_Line_26: AGEMOEA2-greedy_ting-HUX to RVEA-random_dense-1P', 'Equivalence_Line_27: UNSGA3-random_dense-2P to RVEA-greedy_ting-UX', 'Equivalence_Line_28: NSGA3-random_dense-2P to RVEA-greedy_ting-2P']"
SMSEMOA-random_dense-2P,0.24579333240674112,"['Equivalence_Line_1: AGEMOEA2-greedy_multi-UX to SMSEMOA-greedy_multi-2P', 'Equivalence_Line_2: AGEMOEA2-greedy_multi-HUX to SMSEMOA-random_dense-UX', 'Equivalence_Line_3: SPEA2-greedy_multi-HUX to SMSEMOA-random_dense-HUX', 'Equivalence_Line_4: AGEMOEA2-greedy_multi-2P to UNSGA3-random_dense-UX', 'Equivalence_Line_5: SPEA2-greedy_multi-UX to UNSGA3-random_dense-HUX', 'Equivalence_Line_6: AGEMOEA2-greedy_multi-1P to AGEMOEA2-random_dense-HUX', 'Equivalence_Line_7: NSGA2-greedy_multi-2P to NSGA3-greedy_ting-HUX', 'Equivalence_Line_8: NSGA2-greedy_multi-HUX to UNSGA3-greedy_ting-UX', 'Equivalence_Line_9: SMSEMOA-greedy_ting-HUX to NSGA2-greedy_ting-HUX', 'Equivalence_Line_10: UNSGA3-greedy_multi-HUX to SMSEMOA-random_dense-2P', 'Equivalence_Line_11: NSGA3-greedy_multi-1P to RVEA-random_dense-UX', 'Equivalence_Line_12: UNSGA3-greedy_multi-1P to NSGA2-greedy_ting-UX', 'Equivalence_Line_13: SMSEMOA-greedy_ting-2P to RVEA-greedy_multi-2P', 'Equivalence_Line_14: SMSEMOA-greedy_multi-2P to AGEMOEA2-greedy_ting-HUX', 'Equivalence_Line_15: SMSEMOA-random_dense-UX to NSGA2-random_dense-UX', 'Equivalence_Line_16: SMSEMOA-greedy_ting-1P to UNSGA3-random_dense-2P', 'Equivalence_Line_17: NSGA3-random_dense-HUX to NSGA3-random_dense-2P', 'Equivalence_Line_18: SMSEMOA-greedy_multi-UX to SPEA2-random_dense-UX', 'Equivalence_Line_19: SMSEMOA-greedy_multi-HUX to SPEA2-greedy_ting-HUX', 'Equivalence_Line_20: AGEMOEA2-random_dense-UX to UNSGA3-greedy_ting-2P', 'Equivalence_Line_21: NSGA3-greedy_ting-HUX to AGEMOEA2-greedy_ting-2P', 'Equivalence_Line_22: UNSGA3-greedy_ting-UX to NSGA2-random_dense-2P', 'Equivalence_Line_23: UNSGA3-greedy_ting-HUX to RVEA-greedy_multi-HUX', 'Equivalence_Line_24: AGEMOEA2-greedy_ting-UX to NSGA2-greedy_ting-1P', 'Equivalence_Line_25: SMSEMOA-random_dense-1P to SPEA2-random_dense-1P', 'Equivalence_Line_26: AGEMOEA2-greedy_ting-HUX to RVEA-random_dense-1P', 'Equivalence_Line_27: UNSGA3-random_dense-2P to RVEA-greedy_ting-UX', 'Equivalence_Line_28: NSGA3-random_dense-2P to RVEA-greedy_ting-2P']"
RVEA-random_dense-HUX,0.24482201953681104,"['Equivalence_Line_1: AGEMOEA2-greedy_multi-UX to SMSEMOA-greedy_multi-2P', 'Equivalence_Line_2: AGEMOEA2-greedy_multi-HUX to SMSEMOA-random_dense-UX', 'Equivalence_Line_3: SPEA2-greedy_multi-HUX to SMSEMOA-random_dense-HUX', 'Equivalence_Line_4: AGEMOEA2-greedy_multi-2P to UNSGA3-random_dense-UX', 'Equivalence_Line_5: SPEA2-greedy_multi-UX to UNSGA3-random_dense-HUX', 'Equivalence_Line_6: AGEMOEA2-greedy_multi-1P to AGEMOEA2-random_dense-HUX', 'Equivalence_Line_7: NSGA2-greedy_multi-2P to NSGA3-greedy_ting-HUX', 'Equivalence_Line_8: NSGA2-greedy_multi-HUX to UNSGA3-greedy_ting-UX', 'Equivalence_Line_9: SMSEMOA-greedy_ting-HUX to NSGA2-greedy_ting-HUX', 'Equivalence_Line_10: UNSGA3-greedy_multi-HUX to SMSEMOA-random_dense-2P', 'Equivalence_Line_11: NSGA3-greedy_multi-1P to RVEA-random_dense-UX', 'Equivalence_Line_12: UNSGA3-greedy_multi-1P to NSGA2-greedy_ting-UX', 'Equivalence_Line_13: SMSEMOA-greedy_ting-2P to RVEA-greedy_multi-2P', 'Equivalence_Line_14: SMSEMOA-greedy_multi-2P to AGEMOEA2-greedy_ting-HUX', 'Equivalence_Line_15: SMSEMOA-random_dense-UX to NSGA2-random_dense-UX', 'Equivalence_Line_16: SMSEMOA-greedy_ting-1P to UNSGA3-random_dense-2P', 'Equivalence_Line_17: NSGA3-random_dense-HUX to NSGA3-random_dense-2P', 'Equivalence_Line_18: SMSEMOA-greedy_multi-UX to SPEA2-random_dense-UX', 'Equivalence_Line_19: SMSEMOA-greedy_multi-HUX to SPEA2-greedy_ting-HUX', 'Equivalence_Line_20: AGEMOEA2-random_dense-UX to UNSGA3-greedy_ting-2P', 'Equivalence_Line_21: NSGA3-greedy_ting-HUX to AGEMOEA2-greedy_ting-2P', 'Equivalence_Line_22: UNSGA3-greedy_ting-UX to NSGA2-random_dense-2P', 'Equivalence_Line_23: UNSGA3-greedy_ting-HUX to RVEA-greedy_multi-HUX', 'Equivalence_Line_24: AGEMOEA2-greedy_ting-UX to NSGA2-greedy_ting-1P', 'Equivalence_Line_25: SMSEMOA-random_dense-1P to SPEA2-random_dense-1P', 'Equivalence_Line_26: AGEMOEA2-greedy_ting-HUX to RVEA-random_dense-1P', 'Equivalence_Line_27: UNSGA3-random_dense-2P to RVEA-greedy_ting-UX', 'Equivalence_Line_28: NSGA3-random_dense-2P to RVEA-greedy_ting-2P']"
NSGA3-greedy_ting-UX,0.2447795545252458,"['Equivalence_Line_1: AGEMOEA2-greedy_multi-UX to SMSEMOA-greedy_multi-2P', 'Equivalence_Line_2: AGEMOEA2-greedy_multi-HUX to SMSEMOA-random_dense-UX', 'Equivalence_Line_3: SPEA2-greedy_multi-HUX to SMSEMOA-random_dense-HUX', 'Equivalence_Line_4: AGEMOEA2-greedy_multi-2P to UNSGA3-random_dense-UX', 'Equivalence_Line_5: SPEA2-greedy_multi-UX to UNSGA3-random_dense-HUX', 'Equivalence_Line_6: AGEMOEA2-greedy_multi-1P to AGEMOEA2-random_dense-HUX', 'Equivalence_Line_7: NSGA2-greedy_multi-2P to NSGA3-greedy_ting-HUX', 'Equivalence_Line_8: NSGA2-greedy_multi-HUX to UNSGA3-greedy_ting-UX', 'Equivalence_Line_9: SMSEMOA-greedy_ting-HUX to NSGA2-greedy_ting-HUX', 'Equivalence_Line_10: UNSGA3-greedy_multi-HUX to SMSEMOA-random_dense-2P', 'Equivalence_Line_11: NSGA3-greedy_multi-1P to RVEA-random_dense-UX', 'Equivalence_Line_12: UNSGA3-greedy_multi-1P to NSGA2-greedy_ting-UX', 'Equivalence_Line_13: SMSEMOA-greedy_ting-2P to RVEA-greedy_multi-2P', 'Equivalence_Line_14: SMSEMOA-greedy_multi-2P to AGEMOEA2-greedy_ting-HUX', 'Equivalence_Line_15: SMSEMOA-random_dense-UX to NSGA2-random_dense-UX', 'Equivalence_Line_16: SMSEMOA-greedy_ting-1P to UNSGA3-random_dense-2P', 'Equivalence_Line_17: NSGA3-random_dense-HUX to NSGA3-random_dense-2P', 'Equivalence_Line_18: SMSEMOA-greedy_multi-UX to SPEA2-random_dense-UX', 'Equivalence_Line_19: SMSEMOA-greedy_multi-HUX to SPEA2-greedy_ting-HUX', 'Equivalence_Line_20: AGEMOEA2-random_dense-UX to UNSGA3-greedy_ting-2P', 'Equivalence_Line_21: NSGA3-greedy_ting-HUX to AGEMOEA2-greedy_ting-2P', 'Equivalence_Line_22: UNSGA3-greedy_ting-UX to NSGA2-random_dense-2P', 'Equivalence_Line_23: UNSGA3-greedy_ting-HUX to RVEA-greedy_multi-HUX', 'Equivalence_Line_24: AGEMOEA2-greedy_ting-UX to NSGA2-greedy_ting-1P', 'Equivalence_Line_25: SMSEMOA-random_dense-1P to SPEA2-random_dense-1P', 'Equivalence_Line_26: AGEMOEA2-greedy_ting-HUX to RVEA-random_dense-1P', 'Equivalence_Line_27: UNSGA3-random_dense-2P to RVEA-greedy_ting-UX', 'Equivalence_Line_28: NSGA3-random_dense-2P to RVEA-greedy_ting-2P']"
RVEA-random_dense-UX,0.24469254953829037,"['Equivalence_Line_1: AGEMOEA2-greedy_multi-UX to SMSEMOA-greedy_multi-2P', 'Equivalence_Line_2: AGEMOEA2-greedy_multi-HUX to SMSEMOA-random_dense-UX', 'Equivalence_Line_3: SPEA2-greedy_multi-HUX to SMSEMOA-random_dense-HUX', 'Equivalence_Line_4: AGEMOEA2-greedy_multi-2P to UNSGA3-random_dense-UX', 'Equivalence_Line_5: SPEA2-greedy_multi-UX to UNSGA3-random_dense-HUX', 'Equivalence_Line_6: AGEMOEA2-greedy_multi-1P to AGEMOEA2-random_dense-HUX', 'Equivalence_Line_7: NSGA2-greedy_multi-2P to NSGA3-greedy_ting-HUX', 'Equivalence_Line_8: NSGA2-greedy_multi-HUX to UNSGA3-greedy_ting-UX', 'Equivalence_Line_9: SMSEMOA-greedy_ting-HUX to NSGA2-greedy_ting-HUX', 'Equivalence_Line_10: UNSGA3-greedy_multi-HUX to SMSEMOA-random_dense-2P', 'Equivalence_Line_11: NSGA3-greedy_multi-1P to RVEA-random_dense-UX', 'Equivalence_Line_12: UNSGA3-greedy_multi-1P to NSGA2-greedy_ting-UX', 'Equivalence_Line_13: SMSEMOA-greedy_ting-2P to RVEA-greedy_multi-2P', 'Equivalence_Line_14: SMSEMOA-greedy_multi-2P to AGEMOEA2-greedy_ting-HUX', 'Equivalence_Line_15: SMSEMOA-random_dense-UX to NSGA2-random_dense-UX', 'Equivalence_Line_16: SMSEMOA-greedy_ting-1P to UNSGA3-random_dense-2P', 'Equivalence_Line_17: NSGA3-random_dense-HUX to NSGA3-random_dense-2P', 'Equivalence_Line_18: SMSEMOA-greedy_multi-UX to SPEA2-random_dense-UX', 'Equivalence_Line_19: SMSEMOA-greedy_multi-HUX to SPEA2-greedy_ting-HUX', 'Equivalence_Line_20: AGEMOEA2-random_dense-UX to UNSGA3-greedy_ting-2P', 'Equivalence_Line_21: NSGA3-greedy_ting-HUX to AGEMOEA2-greedy_ting-2P', 'Equivalence_Line_22: UNSGA3-greedy_ting-UX to NSGA2-random_dense-2P', 'Equivalence_Line_23: UNSGA3-greedy_ting-HUX to RVEA-greedy_multi-HUX', 'Equivalence_Line_24: AGEMOEA2-greedy_ting-UX to NSGA2-greedy_ting-1P', 'Equivalence_Line_25: SMSEMOA-random_dense-1P to SPEA2-random_dense-1P', 'Equivalence_Line_26: AGEMOEA2-greedy_ting-HUX to RVEA-random_dense-1P', 'Equivalence_Line_27: UNSGA3-random_dense-2P to RVEA-greedy_ting-UX', 'Equivalence_Line_28: NSGA3-random_dense-2P to RVEA-greedy_ting-2P']"
NSGA2-greedy_ting-UX,0.24370093778564209,"['Equivalence_Line_1: AGEMOEA2-greedy_multi-UX to SMSEMOA-greedy_multi-2P', 'Equivalence_Line_2: AGEMOEA2-greedy_multi-HUX to SMSEMOA-random_dense-UX', 'Equivalence_Line_3: SPEA2-greedy_multi-HUX to SMSEMOA-random_dense-HUX', 'Equivalence_Line_4: AGEMOEA2-greedy_multi-2P to UNSGA3-random_dense-UX', 'Equivalence_Line_5: SPEA2-greedy_multi-UX to UNSGA3-random_dense-HUX', 'Equivalence_Line_6: AGEMOEA2-greedy_multi-1P to AGEMOEA2-random_dense-HUX', 'Equivalence_Line_7: NSGA2-greedy_multi-2P to NSGA3-greedy_ting-HUX', 'Equivalence_Line_8: NSGA2-greedy_multi-HUX to UNSGA3-greedy_ting-UX', 'Equivalence_Line_9: SMSEMOA-greedy_ting-HUX to NSGA2-greedy_ting-HUX', 'Equivalence_Line_10: UNSGA3-greedy_multi-HUX to SMSEMOA-random_dense-2P', 'Equivalence_Line_11: NSGA3-greedy_multi-1P to RVEA-random_dense-UX', 'Equivalence_Line_12: UNSGA3-greedy_multi-1P to NSGA2-greedy_ting-UX', 'Equivalence_Line_13: SMSEMOA-greedy_ting-2P to RVEA-greedy_multi-2P', 'Equivalence_Line_14: SMSEMOA-greedy_multi-2P to AGEMOEA2-greedy_ting-HUX', 'Equivalence_Line_15: SMSEMOA-random_dense-UX to NSGA2-random_dense-UX', 'Equivalence_Line_16: SMSEMOA-greedy_ting-1P to UNSGA3-random_dense-2P', 'Equivalence_Line_17: NSGA3-random_dense-HUX to NSGA3-random_dense-2P', 'Equivalence_Line_18: SMSEMOA-greedy_multi-UX to SPEA2-random_dense-UX', 'Equivalence_Line_19: SMSEMOA-greedy_multi-HUX to SPEA2-greedy_ting-HUX', 'Equivalence_Line_20: AGEMOEA2-random_dense-UX to UNSGA3-greedy_ting-2P', 'Equivalence_Line_21: NSGA3-greedy_ting-HUX to AGEMOEA2-greedy_ting-2P', 'Equivalence_Line_22: UNSGA3-greedy_ting-UX to NSGA2-random_dense-2P', 'Equivalence_Line_23: UNSGA3-greedy_ting-HUX to RVEA-greedy_multi-HUX', 'Equivalence_Line_24: AGEMOEA2-greedy_ting-UX to NSGA2-greedy_ting-1P', 'Equivalence_Line_25: SMSEMOA-random_dense-1P to SPEA2-random_dense-1P', 'Equivalence_Line_26: AGEMOEA2-greedy_ting-HUX to RVEA-random_dense-1P', 'Equivalence_Line_27: UNSGA3-random_dense-2P to RVEA-greedy_ting-UX', 'Equivalence_Line_28: NSGA3-random_dense-2P to RVEA-greedy_ting-2P']"
AGEMOEA2-greedy_ting-UX,0.2416470771306378,"['Equivalence_Line_1: AGEMOEA2-greedy_multi-UX to SMSEMOA-greedy_multi-2P', 'Equivalence_Line_2: AGEMOEA2-greedy_multi-HUX to SMSEMOA-random_dense-UX', 'Equivalence_Line_3: SPEA2-greedy_multi-HUX to SMSEMOA-random_dense-HUX', 'Equivalence_Line_4: AGEMOEA2-greedy_multi-2P to UNSGA3-random_dense-UX', 'Equivalence_Line_5: SPEA2-greedy_multi-UX to UNSGA3-random_dense-HUX', 'Equivalence_Line_6: AGEMOEA2-greedy_multi-1P to AGEMOEA2-random_dense-HUX', 'Equivalence_Line_7: NSGA2-greedy_multi-2P to NSGA3-greedy_ting-HUX', 'Equivalence_Line_8: NSGA2-greedy_multi-HUX to UNSGA3-greedy_ting-UX', 'Equivalence_Line_9: SMSEMOA-greedy_ting-HUX to NSGA2-greedy_ting-HUX', 'Equivalence_Line_10: UNSGA3-greedy_multi-HUX to SMSEMOA-random_dense-2P', 'Equivalence_Line_11: NSGA3-greedy_multi-1P to RVEA-random_dense-UX', 'Equivalence_Line_12: UNSGA3-greedy_multi-1P to NSGA2-greedy_ting-UX', 'Equivalence_Line_13: SMSEMOA-greedy_ting-2P to RVEA-greedy_multi-2P', 'Equivalence_Line_14: SMSEMOA-greedy_multi-2P to AGEMOEA2-greedy_ting-HUX', 'Equivalence_Line_15: SMSEMOA-random_dense-UX to NSGA2-random_dense-UX', 'Equivalence_Line_16: SMSEMOA-greedy_ting-1P to UNSGA3-random_dense-2P', 'Equivalence_Line_17: NSGA3-random_dense-HUX to NSGA3-random_dense-2P', 'Equivalence_Line_18: SMSEMOA-greedy_multi-UX to SPEA2-random_dense-UX', 'Equivalence_Line_19: SMSEMOA-greedy_multi-HUX to SPEA2-greedy_ting-HUX', 'Equivalence_Line_20: AGEMOEA2-random_dense-UX to UNSGA3-greedy_ting-2P', 'Equivalence_Line_21: NSGA3-greedy_ting-HUX to AGEMOEA2-greedy_ting-2P', 'Equivalence_Line_22: UNSGA3-greedy_ting-UX to NSGA2-random_dense-2P', 'Equivalence_Line_23: UNSGA3-greedy_ting-HUX to RVEA-greedy_multi-HUX', 'Equivalence_Line_24: AGEMOEA2-greedy_ting-UX to NSGA2-greedy_ting-1P', 'Equivalence_Line_25: SMSEMOA-random_dense-1P to SPEA2-random_dense-1P', 'Equivalence_Line_26: AGEMOEA2-greedy_ting-HUX to RVEA-random_dense-1P', 'Equivalence_Line_27: UNSGA3-random_dense-2P to RVEA-greedy_ting-UX', 'Equivalence_Line_28: NSGA3-random_dense-2P to RVEA-greedy_ting-2P']"
SMSEMOA-random_dense-1P,0.23998770179725498,"['Equivalence_Line_1: AGEMOEA2-greedy_multi-UX to SMSEMOA-greedy_multi-2P', 'Equivalence_Line_2: AGEMOEA2-greedy_multi-HUX to SMSEMOA-random_dense-UX', 'Equivalence_Line_3: SPEA2-greedy_multi-HUX to SMSEMOA-random_dense-HUX', 'Equivalence_Line_4: AGEMOEA2-greedy_multi-2P to UNSGA3-random_dense-UX', 'Equivalence_Line_5: SPEA2-greedy_multi-UX to UNSGA3-random_dense-HUX', 'Equivalence_Line_6: AGEMOEA2-greedy_multi-1P to AGEMOEA2-random_dense-HUX', 'Equivalence_Line_7: NSGA2-greedy_multi-2P to NSGA3-greedy_ting-HUX', 'Equivalence_Line_8: NSGA2-greedy_multi-HUX to UNSGA3-greedy_ting-UX', 'Equivalence_Line_9: SMSEMOA-greedy_ting-HUX to NSGA2-greedy_ting-HUX', 'Equivalence_Line_10: UNSGA3-greedy_multi-HUX to SMSEMOA-random_dense-2P', 'Equivalence_Line_11: NSGA3-greedy_multi-1P to RVEA-random_dense-UX', 'Equivalence_Line_12: UNSGA3-greedy_multi-1P to NSGA2-greedy_ting-UX', 'Equivalence_Line_13: SMSEMOA-greedy_ting-2P to RVEA-greedy_multi-2P', 'Equivalence_Line_14: SMSEMOA-greedy_multi-2P to AGEMOEA2-greedy_ting-HUX', 'Equivalence_Line_15: SMSEMOA-random_dense-UX to NSGA2-random_dense-UX', 'Equivalence_Line_16: SMSEMOA-greedy_ting-1P to UNSGA3-random_dense-2P', 'Equivalence_Line_17: NSGA3-random_dense-HUX to NSGA3-random_dense-2P', 'Equivalence_Line_18: SMSEMOA-greedy_multi-UX to SPEA2-random_dense-UX', 'Equivalence_Line_19: SMSEMOA-greedy_multi-HUX to SPEA2-greedy_ting-HUX', 'Equivalence_Line_20: AGEMOEA2-random_dense-UX to UNSGA3-greedy_ting-2P', 'Equivalence_Line_21: NSGA3-greedy_ting-HUX to AGEMOEA2-greedy_ting-2P', 'Equivalence_Line_22: UNSGA3-greedy_ting-UX to NSGA2-random_dense-2P', 'Equivalence_Line_23: UNSGA3-greedy_ting-HUX to RVEA-greedy_multi-HUX', 'Equivalence_Line_24: AGEMOEA2-greedy_ting-UX to NSGA2-greedy_ting-1P', 'Equivalence_Line_25: SMSEMOA-random_dense-1P to SPEA2-random_dense-1P', 'Equivalence_Line_26: AGEMOEA2-greedy_ting-HUX to RVEA-random_dense-1P', 'Equivalence_Line_27: UNSGA3-random_dense-2P to RVEA-greedy_ting-UX', 'Equivalence_Line_28: NSGA3-random_dense-2P to RVEA-greedy_ting-2P']"
RVEA-greedy_multi-2P,0.2387761418561341,"['Equivalence_Line_1: AGEMOEA2-greedy_multi-UX to SMSEMOA-greedy_multi-2P', 'Equivalence_Line_2: AGEMOEA2-greedy_multi-HUX to SMSEMOA-random_dense-UX', 'Equivalence_Line_3: SPEA2-greedy_multi-HUX to SMSEMOA-random_dense-HUX', 'Equivalence_Line_4: AGEMOEA2-greedy_multi-2P to UNSGA3-random_dense-UX', 'Equivalence_Line_5: SPEA2-greedy_multi-UX to UNSGA3-random_dense-HUX', 'Equivalence_Line_6: AGEMOEA2-greedy_multi-1P to AGEMOEA2-random_dense-HUX', 'Equivalence_Line_7: NSGA2-greedy_multi-2P to NSGA3-greedy_ting-HUX', 'Equivalence_Line_8: NSGA2-greedy_multi-HUX to UNSGA3-greedy_ting-UX', 'Equivalence_Line_9: SMSEMOA-greedy_ting-HUX to NSGA2-greedy_ting-HUX', 'Equivalence_Line_10: UNSGA3-greedy_multi-HUX to SMSEMOA-random_dense-2P', 'Equivalence_Line_11: NSGA3-greedy_multi-1P to RVEA-random_dense-UX', 'Equivalence_Line_12: UNSGA3-greedy_multi-1P to NSGA2-greedy_ting-UX', 'Equivalence_Line_13: SMSEMOA-greedy_ting-2P to RVEA-greedy_multi-2P', 'Equivalence_Line_14: SMSEMOA-greedy_multi-2P to AGEMOEA2-greedy_ting-HUX', 'Equivalence_Line_15: SMSEMOA-random_dense-UX to NSGA2-random_dense-UX', 'Equivalence_Line_16: SMSEMOA-greedy_ting-1P to UNSGA3-random_dense-2P', 'Equivalence_Line_17: NSGA3-random_dense-HUX to NSGA3-random_dense-2P', 'Equivalence_Line_18: SMSEMOA-greedy_multi-UX to SPEA2-random_dense-UX', 'Equivalence_Line_19: SMSEMOA-greedy_multi-HUX to SPEA2-greedy_ting-HUX', 'Equivalence_Line_20: AGEMOEA2-random_dense-UX to UNSGA3-greedy_ting-2P', 'Equivalence_Line_21: NSGA3-greedy_ting-HUX to AGEMOEA2-greedy_ting-2P', 'Equivalence_Line_22: UNSGA3-greedy_ting-UX to NSGA2-random_dense-2P', 'Equivalence_Line_23: UNSGA3-greedy_ting-HUX to RVEA-greedy_multi-HUX', 'Equivalence_Line_24: AGEMOEA2-greedy_ting-UX to NSGA2-greedy_ting-1P', 'Equivalence_Line_25: SMSEMOA-random_dense-1P to SPEA2-random_dense-1P', 'Equivalence_Line_26: AGEMOEA2-greedy_ting-HUX to RVEA-random_dense-1P', 'Equivalence_Line_27: UNSGA3-random_dense-2P to RVEA-greedy_ting-UX', 'Equivalence_Line_28: NSGA3-random_dense-2P to RVEA-greedy_ting-2P']"
AGEMOEA2-greedy_ting-HUX,0.2380260676725794,"['Equivalence_Line_1: AGEMOEA2-greedy_multi-UX to SMSEMOA-greedy_multi-2P', 'Equivalence_Line_2: AGEMOEA2-greedy_multi-HUX to SMSEMOA-random_dense-UX', 'Equivalence_Line_3: SPEA2-greedy_multi-HUX to SMSEMOA-random_dense-HUX', 'Equivalence_Line_4: AGEMOEA2-greedy_multi-2P to UNSGA3-random_dense-UX', 'Equivalence_Line_5: SPEA2-greedy_multi-UX to UNSGA3-random_dense-HUX', 'Equivalence_Line_6: AGEMOEA2-greedy_multi-1P to AGEMOEA2-random_dense-HUX', 'Equivalence_Line_7: NSGA2-greedy_multi-2P to NSGA3-greedy_ting-HUX', 'Equivalence_Line_8: NSGA2-greedy_multi-HUX to UNSGA3-greedy_ting-UX', 'Equivalence_Line_9: SMSEMOA-greedy_ting-HUX to NSGA2-greedy_ting-HUX', 'Equivalence_Line_10: UNSGA3-greedy_multi-HUX to SMSEMOA-random_dense-2P', 'Equivalence_Line_11: NSGA3-greedy_multi-1P to RVEA-random_dense-UX', 'Equivalence_Line_12: UNSGA3-greedy_multi-1P to NSGA2-greedy_ting-UX', 'Equivalence_Line_13: SMSEMOA-greedy_ting-2P to RVEA-greedy_multi-2P', 'Equivalence_Line_14: SMSEMOA-greedy_multi-2P to AGEMOEA2-greedy_ting-HUX', 'Equivalence_Line_15: SMSEMOA-random_dense-UX to NSGA2-random_dense-UX', 'Equivalence_Line_16: SMSEMOA-greedy_ting-1P to UNSGA3-random_dense-2P', 'Equivalence_Line_17: NSGA3-random_dense-HUX to NSGA3-random_dense-2P', 'Equivalence_Line_18: SMSEMOA-greedy_multi-UX to SPEA2-random_dense-UX', 'Equivalence_Line_19: SMSEMOA-greedy_multi-HUX to SPEA2-greedy_ting-HUX', 'Equivalence_Line_20: AGEMOEA2-random_dense-UX to UNSGA3-greedy_ting-2P', 'Equivalence_Line_21: NSGA3-greedy_ting-HUX to AGEMOEA2-greedy_ting-2P', 'Equivalence_Line_22: UNSGA3-greedy_ting-UX to NSGA2-random_dense-2P', 'Equivalence_Line_23: UNSGA3-greedy_ting-HUX to RVEA-greedy_multi-HUX', 'Equivalence_Line_24: AGEMOEA2-greedy_ting-UX to NSGA2-greedy_ting-1P', 'Equivalence_Line_25: SMSEMOA-random_dense-1P to SPEA2-random_dense-1P', 'Equivalence_Line_26: AGEMOEA2-greedy_ting-HUX to RVEA-random_dense-1P', 'Equivalence_Line_27: UNSGA3-random_dense-2P to RVEA-greedy_ting-UX', 'Equivalence_Line_28: NSGA3-random_dense-2P to RVEA-greedy_ting-2P']"
NSGA2-random_dense-HUX,0.23695945274841002,"['Equivalence_Line_1: AGEMOEA2-greedy_multi-UX to SMSEMOA-greedy_multi-2P', 'Equivalence_Line_2: AGEMOEA2-greedy_multi-HUX to SMSEMOA-random_dense-UX', 'Equivalence_Line_3: SPEA2-greedy_multi-HUX to SMSEMOA-random_dense-HUX', 'Equivalence_Line_4: AGEMOEA2-greedy_multi-2P to UNSGA3-random_dense-UX', 'Equivalence_Line_5: SPEA2-greedy_multi-UX to UNSGA3-random_dense-HUX', 'Equivalence_Line_6: AGEMOEA2-greedy_multi-1P to AGEMOEA2-random_dense-HUX', 'Equivalence_Line_7: NSGA2-greedy_multi-2P to NSGA3-greedy_ting-HUX', 'Equivalence_Line_8: NSGA2-greedy_multi-HUX to UNSGA3-greedy_ting-UX', 'Equivalence_Line_9: SMSEMOA-greedy_ting-HUX to NSGA2-greedy_ting-HUX', 'Equivalence_Line_10: UNSGA3-greedy_multi-HUX to SMSEMOA-random_dense-2P', 'Equivalence_Line_11: NSGA3-greedy_multi-1P to RVEA-random_dense-UX', 'Equivalence_Line_12: UNSGA3-greedy_multi-1P to NSGA2-greedy_ting-UX', 'Equivalence_Line_13: SMSEMOA-greedy_ting-2P to RVEA-greedy_multi-2P', 'Equivalence_Line_14: SMSEMOA-greedy_multi-2P to AGEMOEA2-greedy_ting-HUX', 'Equivalence_Line_15: SMSEMOA-random_dense-UX to NSGA2-random_dense-UX', 'Equivalence_Line_16: SMSEMOA-greedy_ting-1P to UNSGA3-random_dense-2P', 'Equivalence_Line_17: NSGA3-random_dense-HUX to NSGA3-random_dense-2P', 'Equivalence_Line_18: SMSEMOA-greedy_multi-UX to SPEA2-random_dense-UX', 'Equivalence_Line_19: SMSEMOA-greedy_multi-HUX to SPEA2-greedy_ting-HUX', 'Equivalence_Line_20: AGEMOEA2-random_dense-UX to UNSGA3-greedy_ting-2P', 'Equivalence_Line_21: NSGA3-greedy_ting-HUX to AGEMOEA2-greedy_ting-2P', 'Equivalence_Line_22: UNSGA3-greedy_ting-UX to NSGA2-random_dense-2P', 'Equivalence_Line_23: UNSGA3-greedy_ting-HUX to RVEA-greedy_multi-HUX', 'Equivalence_Line_24: AGEMOEA2-greedy_ting-UX to NSGA2-greedy_ting-1P', 'Equivalence_Line_25: SMSEMOA-random_dense-1P to SPEA2-random_dense-1P', 'Equivalence_Line_26: AGEMOEA2-greedy_ting-HUX to RVEA-random_dense-1P', 'Equivalence_Line_27: UNSGA3-random_dense-2P to RVEA-greedy_ting-UX', 'Equivalence_Line_28: NSGA3-random_dense-2P to RVEA-greedy_ting-2P']"
RVEA-greedy_multi-1P,0.23695428336694685,"['Equivalence_Line_1: AGEMOEA2-greedy_multi-UX to SMSEMOA-greedy_multi-2P', 'Equivalence_Line_2: AGEMOEA2-greedy_multi-HUX to SMSEMOA-random_dense-UX', 'Equivalence_Line_3: SPEA2-greedy_multi-HUX to SMSEMOA-random_dense-HUX', 'Equivalence_Line_4: AGEMOEA2-greedy_multi-2P to UNSGA3-random_dense-UX', 'Equivalence_Line_5: SPEA2-greedy_multi-UX to UNSGA3-random_dense-HUX', 'Equivalence_Line_6: AGEMOEA2-greedy_multi-1P to AGEMOEA2-random_dense-HUX', 'Equivalence_Line_7: NSGA2-greedy_multi-2P to NSGA3-greedy_ting-HUX', 'Equivalence_Line_8: NSGA2-greedy_multi-HUX to UNSGA3-greedy_ting-UX', 'Equivalence_Line_9: SMSEMOA-greedy_ting-HUX to NSGA2-greedy_ting-HUX', 'Equivalence_Line_10: UNSGA3-greedy_multi-HUX to SMSEMOA-random_dense-2P', 'Equivalence_Line_11: NSGA3-greedy_multi-1P to RVEA-random_dense-UX', 'Equivalence_Line_12: UNSGA3-greedy_multi-1P to NSGA2-greedy_ting-UX', 'Equivalence_Line_13: SMSEMOA-greedy_ting-2P to RVEA-greedy_multi-2P', 'Equivalence_Line_14: SMSEMOA-greedy_multi-2P to AGEMOEA2-greedy_ting-HUX', 'Equivalence_Line_15: SMSEMOA-random_dense-UX to NSGA2-random_dense-UX', 'Equivalence_Line_16: SMSEMOA-greedy_ting-1P to UNSGA3-random_dense-2P', 'Equivalence_Line_17: NSGA3-random_dense-HUX to NSGA3-random_dense-2P', 'Equivalence_Line_18: SMSEMOA-greedy_multi-UX to SPEA2-random_dense-UX', 'Equivalence_Line_19: SMSEMOA-greedy_multi-HUX to SPEA2-greedy_ting-HUX', 'Equivalence_Line_20: AGEMOEA2-random_dense-UX to UNSGA3-greedy_ting-2P', 'Equivalence_Line_21: NSGA3-greedy_ting-HUX to AGEMOEA2-greedy_ting-2P', 'Equivalence_Line_22: UNSGA3-greedy_ting-UX to NSGA2-random_dense-2P', 'Equivalence_Line_23: UNSGA3-greedy_ting-HUX to RVEA-greedy_multi-HUX', 'Equivalence_Line_24: AGEMOEA2-greedy_ting-UX to NSGA2-greedy_ting-1P', 'Equivalence_Line_25: SMSEMOA-random_dense-1P to SPEA2-random_dense-1P', 'Equivalence_Line_26: AGEMOEA2-greedy_ting-HUX to RVEA-random_dense-1P', 'Equivalence_Line_27: UNSGA3-random_dense-2P to RVEA-greedy_ting-UX', 'Equivalence_Line_28: NSGA3-random_dense-2P to RVEA-greedy_ting-2P']"
AGEMOEA2-random_dense-2P,0.23685364848885335,"['Equivalence_Line_1: AGEMOEA2-greedy_multi-UX to SMSEMOA-greedy_multi-2P', 'Equivalence_Line_2: AGEMOEA2-greedy_multi-HUX to SMSEMOA-random_dense-UX', 'Equivalence_Line_3: SPEA2-greedy_multi-HUX to SMSEMOA-random_dense-HUX', 'Equivalence_Line_4: AGEMOEA2-greedy_multi-2P to UNSGA3-random_dense-UX', 'Equivalence_Line_5: SPEA2-greedy_multi-UX to UNSGA3-random_dense-HUX', 'Equivalence_Line_6: AGEMOEA2-greedy_multi-1P to AGEMOEA2-random_dense-HUX', 'Equivalence_Line_7: NSGA2-greedy_multi-2P to NSGA3-greedy_ting-HUX', 'Equivalence_Line_8: NSGA2-greedy_multi-HUX to UNSGA3-greedy_ting-UX', 'Equivalence_Line_9: SMSEMOA-greedy_ting-HUX to NSGA2-greedy_ting-HUX', 'Equivalence_Line_10: UNSGA3-greedy_multi-HUX to SMSEMOA-random_dense-2P', 'Equivalence_Line_11: NSGA3-greedy_multi-1P to RVEA-random_dense-UX', 'Equivalence_Line_12: UNSGA3-greedy_multi-1P to NSGA2-greedy_ting-UX', 'Equivalence_Line_13: SMSEMOA-greedy_ting-2P to RVEA-greedy_multi-2P', 'Equivalence_Line_14: SMSEMOA-greedy_multi-2P to AGEMOEA2-greedy_ting-HUX', 'Equivalence_Line_15: SMSEMOA-random_dense-UX to NSGA2-random_dense-UX', 'Equivalence_Line_16: SMSEMOA-greedy_ting-1P to UNSGA3-random_dense-2P', 'Equivalence_Line_17: NSGA3-random_dense-HUX to NSGA3-random_dense-2P', 'Equivalence_Line_18: SMSEMOA-greedy_multi-UX to SPEA2-random_dense-UX', 'Equivalence_Line_19: SMSEMOA-greedy_multi-HUX to SPEA2-greedy_ting-HUX', 'Equivalence_Line_20: AGEMOEA2-random_dense-UX to UNSGA3-greedy_ting-2P', 'Equivalence_Line_21: NSGA3-greedy_ting-HUX to AGEMOEA2-greedy_ting-2P', 'Equivalence_Line_22: UNSGA3-greedy_ting-UX to NSGA2-random_dense-2P', 'Equivalence_Line_23: UNSGA3-greedy_ting-HUX to RVEA-greedy_multi-HUX', 'Equivalence_Line_24: AGEMOEA2-greedy_ting-UX to NSGA2-greedy_ting-1P', 'Equivalence_Line_25: SMSEMOA-random_dense-1P to SPEA2-random_dense-1P', 'Equivalence_Line_26: AGEMOEA2-greedy_ting-HUX to RVEA-random_dense-1P', 'Equivalence_Line_27: UNSGA3-random_dense-2P to RVEA-greedy_ting-UX', 'Equivalence_Line_28: NSGA3-random_dense-2P to RVEA-greedy_ting-2P']"
NSGA2-random_dense-UX,0.23627520237606456,"['Equivalence_Line_1: AGEMOEA2-greedy_multi-UX to SMSEMOA-greedy_multi-2P', 'Equivalence_Line_2: AGEMOEA2-greedy_multi-HUX to SMSEMOA-random_dense-UX', 'Equivalence_Line_3: SPEA2-greedy_multi-HUX to SMSEMOA-random_dense-HUX', 'Equivalence_Line_4: AGEMOEA2-greedy_multi-2P to UNSGA3-random_dense-UX', 'Equivalence_Line_5: SPEA2-greedy_multi-UX to UNSGA3-random_dense-HUX', 'Equivalence_Line_6: AGEMOEA2-greedy_multi-1P to AGEMOEA2-random_dense-HUX', 'Equivalence_Line_7: NSGA2-greedy_multi-2P to NSGA3-greedy_ting-HUX', 'Equivalence_Line_8: NSGA2-greedy_multi-HUX to UNSGA3-greedy_ting-UX', 'Equivalence_Line_9: SMSEMOA-greedy_ting-HUX to NSGA2-greedy_ting-HUX', 'Equivalence_Line_10: UNSGA3-greedy_multi-HUX to SMSEMOA-random_dense-2P', 'Equivalence_Line_11: NSGA3-greedy_multi-1P to RVEA-random_dense-UX', 'Equivalence_Line_12: UNSGA3-greedy_multi-1P to NSGA2-greedy_ting-UX', 'Equivalence_Line_13: SMSEMOA-greedy_ting-2P to RVEA-greedy_multi-2P', 'Equivalence_Line_14: SMSEMOA-greedy_multi-2P to AGEMOEA2-greedy_ting-HUX', 'Equivalence_Line_15: SMSEMOA-random_dense-UX to NSGA2-random_dense-UX', 'Equivalence_Line_16: SMSEMOA-greedy_ting-1P to UNSGA3-random_dense-2P', 'Equivalence_Line_17: NSGA3-random_dense-HUX to NSGA3-random_dense-2P', 'Equivalence_Line_18: SMSEMOA-greedy_multi-UX to SPEA2-random_dense-UX', 'Equivalence_Line_19: SMSEMOA-greedy_multi-HUX to SPEA2-greedy_ting-HUX', 'Equivalence_Line_20: AGEMOEA2-random_dense-UX to UNSGA3-greedy_ting-2P', 'Equivalence_Line_21: NSGA3-greedy_ting-HUX to AGEMOEA2-greedy_ting-2P', 'Equivalence_Line_22: UNSGA3-greedy_ting-UX to NSGA2-random_dense-2P', 'Equivalence_Line_23: UNSGA3-greedy_ting-HUX to RVEA-greedy_multi-HUX', 'Equivalence_Line_24: AGEMOEA2-greedy_ting-UX to NSGA2-greedy_ting-1P', 'Equivalence_Line_25: SMSEMOA-random_dense-1P to SPEA2-random_dense-1P', 'Equivalence_Line_26: AGEMOEA2-greedy_ting-HUX to RVEA-random_dense-1P', 'Equivalence_Line_27: UNSGA3-random_dense-2P to RVEA-greedy_ting-UX', 'Equivalence_Line_28: NSGA3-random_dense-2P to RVEA-greedy_ting-2P']"
UNSGA3-random_dense-2P,0.23430889726837253,"['Equivalence_Line_1: AGEMOEA2-greedy_multi-UX to SMSEMOA-greedy_multi-2P', 'Equivalence_Line_2: AGEMOEA2-greedy_multi-HUX to SMSEMOA-random_dense-UX', 'Equivalence_Line_3: SPEA2-greedy_multi-HUX to SMSEMOA-random_dense-HUX', 'Equivalence_Line_4: AGEMOEA2-greedy_multi-2P to UNSGA3-random_dense-UX', 'Equivalence_Line_5: SPEA2-greedy_multi-UX to UNSGA3-random_dense-HUX', 'Equivalence_Line_6: AGEMOEA2-greedy_multi-1P to AGEMOEA2-random_dense-HUX', 'Equivalence_Line_7: NSGA2-greedy_multi-2P to NSGA3-greedy_ting-HUX', 'Equivalence_Line_8: NSGA2-greedy_multi-HUX to UNSGA3-greedy_ting-UX', 'Equivalence_Line_9: SMSEMOA-greedy_ting-HUX to NSGA2-greedy_ting-HUX', 'Equivalence_Line_10: UNSGA3-greedy_multi-HUX to SMSEMOA-random_dense-2P', 'Equivalence_Line_11: NSGA3-greedy_multi-1P to RVEA-random_dense-UX', 'Equivalence_Line_12: UNSGA3-greedy_multi-1P to NSGA2-greedy_ting-UX', 'Equivalence_Line_13: SMSEMOA-greedy_ting-2P to RVEA-greedy_multi-2P', 'Equivalence_Line_14: SMSEMOA-greedy_multi-2P to AGEMOEA2-greedy_ting-HUX', 'Equivalence_Line_15: SMSEMOA-random_dense-UX to NSGA2-random_dense-UX', 'Equivalence_Line_16: SMSEMOA-greedy_ting-1P to UNSGA3-random_dense-2P', 'Equivalence_Line_17: NSGA3-random_dense-HUX to NSGA3-random_dense-2P', 'Equivalence_Line_18: SMSEMOA-greedy_multi-UX to SPEA2-random_dense-UX', 'Equivalence_Line_19: SMSEMOA-greedy_multi-HUX to SPEA2-greedy_ting-HUX', 'Equivalence_Line_20: AGEMOEA2-random_dense-UX to UNSGA3-greedy_ting-2P', 'Equivalence_Line_21: NSGA3-greedy_ting-HUX to AGEMOEA2-greedy_ting-2P', 'Equivalence_Line_22: UNSGA3-greedy_ting-UX to NSGA2-random_dense-2P', 'Equivalence_Line_23: UNSGA3-greedy_ting-HUX to RVEA-greedy_multi-HUX', 'Equivalence_Line_24: AGEMOEA2-greedy_ting-UX to NSGA2-greedy_ting-1P', 'Equivalence_Line_25: SMSEMOA-random_dense-1P to SPEA2-random_dense-1P', 'Equivalence_Line_26: AGEMOEA2-greedy_ting-HUX to RVEA-random_dense-1P', 'Equivalence_Line_27: UNSGA3-random_dense-2P to RVEA-greedy_ting-UX', 'Equivalence_Line_28: NSGA3-random_dense-2P to RVEA-greedy_ting-2P']"
NSGA3-random_dense-2P,0.2338189288697956,"['Equivalence_Line_1: AGEMOEA2-greedy_multi-UX to SMSEMOA-greedy_multi-2P', 'Equivalence_Line_2: AGEMOEA2-greedy_multi-HUX to SMSEMOA-random_dense-UX', 'Equivalence_Line_3: SPEA2-greedy_multi-HUX to SMSEMOA-random_dense-HUX', 'Equivalence_Line_4: AGEMOEA2-greedy_multi-2P to UNSGA3-random_dense-UX', 'Equivalence_Line_5: SPEA2-greedy_multi-UX to UNSGA3-random_dense-HUX', 'Equivalence_Line_6: AGEMOEA2-greedy_multi-1P to AGEMOEA2-random_dense-HUX', 'Equivalence_Line_7: NSGA2-greedy_multi-2P to NSGA3-greedy_ting-HUX', 'Equivalence_Line_8: NSGA2-greedy_multi-HUX to UNSGA3-greedy_ting-UX', 'Equivalence_Line_9: SMSEMOA-greedy_ting-HUX to NSGA2-greedy_ting-HUX', 'Equivalence_Line_10: UNSGA3-greedy_multi-HUX to SMSEMOA-random_dense-2P', 'Equivalence_Line_11: NSGA3-greedy_multi-1P to RVEA-random_dense-UX', 'Equivalence_Line_12: UNSGA3-greedy_multi-1P to NSGA2-greedy_ting-UX', 'Equivalence_Line_13: SMSEMOA-greedy_ting-2P to RVEA-greedy_multi-2P', 'Equivalence_Line_14: SMSEMOA-greedy_multi-2P to AGEMOEA2-greedy_ting-HUX', 'Equivalence_Line_15: SMSEMOA-random_dense-UX to NSGA2-random_dense-UX', 'Equivalence_Line_16: SMSEMOA-greedy_ting-1P to UNSGA3-random_dense-2P', 'Equivalence_Line_17: NSGA3-random_dense-HUX to NSGA3-random_dense-2P', 'Equivalence_Line_18: SMSEMOA-greedy_multi-UX to SPEA2-random_dense-UX', 'Equivalence_Line_19: SMSEMOA-greedy_multi-HUX to SPEA2-greedy_ting-HUX', 'Equivalence_Line_20: AGEMOEA2-random_dense-UX to UNSGA3-greedy_ting-2P', 'Equivalence_Line_21: NSGA3-greedy_ting-HUX to AGEMOEA2-greedy_ting-2P', 'Equivalence_Line_22: UNSGA3-greedy_ting-UX to NSGA2-random_dense-2P', 'Equivalence_Line_23: UNSGA3-greedy_ting-HUX to RVEA-greedy_multi-HUX', 'Equivalence_Line_24: AGEMOEA2-greedy_ting-UX to NSGA2-greedy_ting-1P', 'Equivalence_Line_25: SMSEMOA-random_dense-1P to SPEA2-random_dense-1P', 'Equivalence_Line_26: AGEMOEA2-greedy_ting-HUX to RVEA-random_dense-1P', 'Equivalence_Line_27: UNSGA3-random_dense-2P to RVEA-greedy_ting-UX', 'Equivalence_Line_28: NSGA3-random_dense-2P to RVEA-greedy_ting-2P']"
SPEA2-greedy_ting-UX,0.2335056319812176,"['Equivalence_Line_1: AGEMOEA2-greedy_multi-UX to SMSEMOA-greedy_multi-2P', 'Equivalence_Line_2: AGEMOEA2-greedy_multi-HUX to SMSEMOA-random_dense-UX', 'Equivalence_Line_3: SPEA2-greedy_multi-HUX to SMSEMOA-random_dense-HUX', 'Equivalence_Line_4: AGEMOEA2-greedy_multi-2P to UNSGA3-random_dense-UX', 'Equivalence_Line_5: SPEA2-greedy_multi-UX to UNSGA3-random_dense-HUX', 'Equivalence_Line_6: AGEMOEA2-greedy_multi-1P to AGEMOEA2-random_dense-HUX', 'Equivalence_Line_7: NSGA2-greedy_multi-2P to NSGA3-greedy_ting-HUX', 'Equivalence_Line_8: NSGA2-greedy_multi-HUX to UNSGA3-greedy_ting-UX', 'Equivalence_Line_9: SMSEMOA-greedy_ting-HUX to NSGA2-greedy_ting-HUX', 'Equivalence_Line_10: UNSGA3-greedy_multi-HUX to SMSEMOA-random_dense-2P', 'Equivalence_Line_11: NSGA3-greedy_multi-1P to RVEA-random_dense-UX', 'Equivalence_Line_12: UNSGA3-greedy_multi-1P to NSGA2-greedy_ting-UX', 'Equivalence_Line_13: SMSEMOA-greedy_ting-2P to RVEA-greedy_multi-2P', 'Equivalence_Line_14: SMSEMOA-greedy_multi-2P to AGEMOEA2-greedy_ting-HUX', 'Equivalence_Line_15: SMSEMOA-random_dense-UX to NSGA2-random_dense-UX', 'Equivalence_Line_16: SMSEMOA-greedy_ting-1P to UNSGA3-random_dense-2P', 'Equivalence_Line_17: NSGA3-random_dense-HUX to NSGA3-random_dense-2P', 'Equivalence_Line_18: SMSEMOA-greedy_multi-UX to SPEA2-random_dense-UX', 'Equivalence_Line_19: SMSEMOA-greedy_multi-HUX to SPEA2-greedy_ting-HUX', 'Equivalence_Line_20: AGEMOEA2-random_dense-UX to UNSGA3-greedy_ting-2P', 'Equivalence_Line_21: NSGA3-greedy_ting-HUX to AGEMOEA2-greedy_ting-2P', 'Equivalence_Line_22: UNSGA3-greedy_ting-UX to NSGA2-random_dense-2P', 'Equivalence_Line_23: UNSGA3-greedy_ting-HUX to RVEA-greedy_multi-HUX', 'Equivalence_Line_24: AGEMOEA2-greedy_ting-UX to NSGA2-greedy_ting-1P', 'Equivalence_Line_25: SMSEMOA-random_dense-1P to SPEA2-random_dense-1P', 'Equivalence_Line_26: AGEMOEA2-greedy_ting-HUX to RVEA-random_dense-1P', 'Equivalence_Line_27: UNSGA3-random_dense-2P to RVEA-greedy_ting-UX', 'Equivalence_Line_28: NSGA3-random_dense-2P to RVEA-greedy_ting-2P']"
SPEA2-random_dense-HUX,0.23323357806779468,"['Equivalence_Line_1: AGEMOEA2-greedy_multi-UX to SMSEMOA-greedy_multi-2P', 'Equivalence_Line_2: AGEMOEA2-greedy_multi-HUX to SMSEMOA-random_dense-UX', 'Equivalence_Line_3: SPEA2-greedy_multi-HUX to SMSEMOA-random_dense-HUX', 'Equivalence_Line_4: AGEMOEA2-greedy_multi-2P to UNSGA3-random_dense-UX', 'Equivalence_Line_5: SPEA2-greedy_multi-UX to UNSGA3-random_dense-HUX', 'Equivalence_Line_6: AGEMOEA2-greedy_multi-1P to AGEMOEA2-random_dense-HUX', 'Equivalence_Line_7: NSGA2-greedy_multi-2P to NSGA3-greedy_ting-HUX', 'Equivalence_Line_8: NSGA2-greedy_multi-HUX to UNSGA3-greedy_ting-UX', 'Equivalence_Line_9: SMSEMOA-greedy_ting-HUX to NSGA2-greedy_ting-HUX', 'Equivalence_Line_10: UNSGA3-greedy_multi-HUX to SMSEMOA-random_dense-2P', 'Equivalence_Line_11: NSGA3-greedy_multi-1P to RVEA-random_dense-UX', 'Equivalence_Line_12: UNSGA3-greedy_multi-1P to NSGA2-greedy_ting-UX', 'Equivalence_Line_13: SMSEMOA-greedy_ting-2P to RVEA-greedy_multi-2P', 'Equivalence_Line_14: SMSEMOA-greedy_multi-2P to AGEMOEA2-greedy_ting-HUX', 'Equivalence_Line_15: SMSEMOA-random_dense-UX to NSGA2-random_dense-UX', 'Equivalence_Line_16: SMSEMOA-greedy_ting-1P to UNSGA3-random_dense-2P', 'Equivalence_Line_17: NSGA3-random_dense-HUX to NSGA3-random_dense-2P', 'Equivalence_Line_18: SMSEMOA-greedy_multi-UX to SPEA2-random_dense-UX', 'Equivalence_Line_19: SMSEMOA-greedy_multi-HUX to SPEA2-greedy_ting-HUX', 'Equivalence_Line_20: AGEMOEA2-random_dense-UX to UNSGA3-greedy_ting-2P', 'Equivalence_Line_21: NSGA3-greedy_ting-HUX to AGEMOEA2-greedy_ting-2P', 'Equivalence_Line_22: UNSGA3-greedy_ting-UX to NSGA2-random_dense-2P', 'Equivalence_Line_23: UNSGA3-greedy_ting-HUX to RVEA-greedy_multi-HUX', 'Equivalence_Line_24: AGEMOEA2-greedy_ting-UX to NSGA2-greedy_ting-1P', 'Equivalence_Line_25: SMSEMOA-random_dense-1P to SPEA2-random_dense-1P', 'Equivalence_Line_26: AGEMOEA2-greedy_ting-HUX to RVEA-random_dense-1P', 'Equivalence_Line_27: UNSGA3-random_dense-2P to RVEA-greedy_ting-UX', 'Equivalence_Line_28: NSGA3-random_dense-2P to RVEA-greedy_ting-2P']"
SPEA2-random_dense-UX,0.23301693068125542,"['Equivalence_Line_1: AGEMOEA2-greedy_multi-UX to SMSEMOA-greedy_multi-2P', 'Equivalence_Line_2: AGEMOEA2-greedy_multi-HUX to SMSEMOA-random_dense-UX', 'Equivalence_Line_3: SPEA2-greedy_multi-HUX to SMSEMOA-random_dense-HUX', 'Equivalence_Line_4: AGEMOEA2-greedy_multi-2P to UNSGA3-random_dense-UX', 'Equivalence_Line_5: SPEA2-greedy_multi-UX to UNSGA3-random_dense-HUX', 'Equivalence_Line_6: AGEMOEA2-greedy_multi-1P to AGEMOEA2-random_dense-HUX', 'Equivalence_Line_7: NSGA2-greedy_multi-2P to NSGA3-greedy_ting-HUX', 'Equivalence_Line_8: NSGA2-greedy_multi-HUX to UNSGA3-greedy_ting-UX', 'Equivalence_Line_9: SMSEMOA-greedy_ting-HUX to NSGA2-greedy_ting-HUX', 'Equivalence_Line_10: UNSGA3-greedy_multi-HUX to SMSEMOA-random_dense-2P', 'Equivalence_Line_11: NSGA3-greedy_multi-1P to RVEA-random_dense-UX', 'Equivalence_Line_12: UNSGA3-greedy_multi-1P to NSGA2-greedy_ting-UX', 'Equivalence_Line_13: SMSEMOA-greedy_ting-2P to RVEA-greedy_multi-2P', 'Equivalence_Line_14: SMSEMOA-greedy_multi-2P to AGEMOEA2-greedy_ting-HUX', 'Equivalence_Line_15: SMSEMOA-random_dense-UX to NSGA2-random_dense-UX', 'Equivalence_Line_16: SMSEMOA-greedy_ting-1P to UNSGA3-random_dense-2P', 'Equivalence_Line_17: NSGA3-random_dense-HUX to NSGA3-random_dense-2P', 'Equivalence_Line_18: SMSEMOA-greedy_multi-UX to SPEA2-random_dense-UX', 'Equivalence_Line_19: SMSEMOA-greedy_multi-HUX to SPEA2-greedy_ting-HUX', 'Equivalence_Line_20: AGEMOEA2-random_dense-UX to UNSGA3-greedy_ting-2P', 'Equivalence_Line_21: NSGA3-greedy_ting-HUX to AGEMOEA2-greedy_ting-2P', 'Equivalence_Line_22: UNSGA3-greedy_ting-UX to NSGA2-random_dense-2P', 'Equivalence_Line_23: UNSGA3-greedy_ting-HUX to RVEA-greedy_multi-HUX', 'Equivalence_Line_24: AGEMOEA2-greedy_ting-UX to NSGA2-greedy_ting-1P', 'Equivalence_Line_25: SMSEMOA-random_dense-1P to SPEA2-random_dense-1P', 'Equivalence_Line_26: AGEMOEA2-greedy_ting-HUX to RVEA-random_dense-1P', 'Equivalence_Line_27: UNSGA3-random_dense-2P to RVEA-greedy_ting-UX', 'Equivalence_Line_28: NSGA3-random_dense-2P to RVEA-greedy_ting-2P']"
SPEA2-greedy_ting-HUX,0.2328384375538495,"['Equivalence_Line_1: AGEMOEA2-greedy_multi-UX to SMSEMOA-greedy_multi-2P', 'Equivalence_Line_2: AGEMOEA2-greedy_multi-HUX to SMSEMOA-random_dense-UX', 'Equivalence_Line_3: SPEA2-greedy_multi-HUX to SMSEMOA-random_dense-HUX', 'Equivalence_Line_4: AGEMOEA2-greedy_multi-2P to UNSGA3-random_dense-UX', 'Equivalence_Line_5: SPEA2-greedy_multi-UX to UNSGA3-random_dense-HUX', 'Equivalence_Line_6: AGEMOEA2-greedy_multi-1P to AGEMOEA2-random_dense-HUX', 'Equivalence_Line_7: NSGA2-greedy_multi-2P to NSGA3-greedy_ting-HUX', 'Equivalence_Line_8: NSGA2-greedy_multi-HUX to UNSGA3-greedy_ting-UX', 'Equivalence_Line_9: SMSEMOA-greedy_ting-HUX to NSGA2-greedy_ting-HUX', 'Equivalence_Line_10: UNSGA3-greedy_multi-HUX to SMSEMOA-random_dense-2P', 'Equivalence_Line_11: NSGA3-greedy_multi-1P to RVEA-random_dense-UX', 'Equivalence_Line_12: UNSGA3-greedy_multi-1P to NSGA2-greedy_ting-UX', 'Equivalence_Line_13: SMSEMOA-greedy_ting-2P to RVEA-greedy_multi-2P', 'Equivalence_Line_14: SMSEMOA-greedy_multi-2P to AGEMOEA2-greedy_ting-HUX', 'Equivalence_Line_15: SMSEMOA-random_dense-UX to NSGA2-random_dense-UX', 'Equivalence_Line_16: SMSEMOA-greedy_ting-1P to UNSGA3-random_dense-2P', 'Equivalence_Line_17: NSGA3-random_dense-HUX to NSGA3-random_dense-2P', 'Equivalence_Line_18: SMSEMOA-greedy_multi-UX to SPEA2-random_dense-UX', 'Equivalence_Line_19: SMSEMOA-greedy_multi-HUX to SPEA2-greedy_ting-HUX', 'Equivalence_Line_20: AGEMOEA2-random_dense-UX to UNSGA3-greedy_ting-2P', 'Equivalence_Line_21: NSGA3-greedy_ting-HUX to AGEMOEA2-greedy_ting-2P', 'Equivalence_Line_22: UNSGA3-greedy_ting-UX to NSGA2-random_dense-2P', 'Equivalence_Line_23: UNSGA3-greedy_ting-HUX to RVEA-greedy_multi-HUX', 'Equivalence_Line_24: AGEMOEA2-greedy_ting-UX to NSGA2-greedy_ting-1P', 'Equivalence_Line_25: SMSEMOA-random_dense-1P to SPEA2-random_dense-1P', 'Equivalence_Line_26: AGEMOEA2-greedy_ting-HUX to RVEA-random_dense-1P', 'Equivalence_Line_27: UNSGA3-random_dense-2P to RVEA-greedy_ting-UX', 'Equivalence_Line_28: NSGA3-random_dense-2P to RVEA-greedy_ting-2P']"
NSGA2-greedy_ting-2P,0.2320659345036741,"['Equivalence_Line_1: AGEMOEA2-greedy_multi-UX to SMSEMOA-greedy_multi-2P', 'Equivalence_Line_2: AGEMOEA2-greedy_multi-HUX to SMSEMOA-random_dense-UX', 'Equivalence_Line_3: SPEA2-greedy_multi-HUX to SMSEMOA-random_dense-HUX', 'Equivalence_Line_4: AGEMOEA2-greedy_multi-2P to UNSGA3-random_dense-UX', 'Equivalence_Line_5: SPEA2-greedy_multi-UX to UNSGA3-random_dense-HUX', 'Equivalence_Line_6: AGEMOEA2-greedy_multi-1P to AGEMOEA2-random_dense-HUX', 'Equivalence_Line_7: NSGA2-greedy_multi-2P to NSGA3-greedy_ting-HUX', 'Equivalence_Line_8: NSGA2-greedy_multi-HUX to UNSGA3-greedy_ting-UX', 'Equivalence_Line_9: SMSEMOA-greedy_ting-HUX to NSGA2-greedy_ting-HUX', 'Equivalence_Line_10: UNSGA3-greedy_multi-HUX to SMSEMOA-random_dense-2P', 'Equivalence_Line_11: NSGA3-greedy_multi-1P to RVEA-random_dense-UX', 'Equivalence_Line_12: UNSGA3-greedy_multi-1P to NSGA2-greedy_ting-UX', 'Equivalence_Line_13: SMSEMOA-greedy_ting-2P to RVEA-greedy_multi-2P', 'Equivalence_Line_14: SMSEMOA-greedy_multi-2P to AGEMOEA2-greedy_ting-HUX', 'Equivalence_Line_15: SMSEMOA-random_dense-UX to NSGA2-random_dense-UX', 'Equivalence_Line_16: SMSEMOA-greedy_ting-1P to UNSGA3-random_dense-2P', 'Equivalence_Line_17: NSGA3-random_dense-HUX to NSGA3-random_dense-2P', 'Equivalence_Line_18: SMSEMOA-greedy_multi-UX to SPEA2-random_dense-UX', 'Equivalence_Line_19: SMSEMOA-greedy_multi-HUX to SPEA2-greedy_ting-HUX', 'Equivalence_Line_20: AGEMOEA2-random_dense-UX to UNSGA3-greedy_ting-2P', 'Equivalence_Line_21: NSGA3-greedy_ting-HUX to AGEMOEA2-greedy_ting-2P', 'Equivalence_Line_22: UNSGA3-greedy_ting-UX to NSGA2-random_dense-2P', 'Equivalence_Line_23: UNSGA3-greedy_ting-HUX to RVEA-greedy_multi-HUX', 'Equivalence_Line_24: AGEMOEA2-greedy_ting-UX to NSGA2-greedy_ting-1P', 'Equivalence_Line_25: SMSEMOA-random_dense-1P to SPEA2-random_dense-1P', 'Equivalence_Line_26: AGEMOEA2-greedy_ting-HUX to RVEA-random_dense-1P', 'Equivalence_Line_27: UNSGA3-random_dense-2P to RVEA-greedy_ting-UX', 'Equivalence_Line_28: NSGA3-random_dense-2P to RVEA-greedy_ting-2P']"
AGEMOEA2-random_dense-1P,0.23199995388844094,"['Equivalence_Line_1: AGEMOEA2-greedy_multi-UX to SMSEMOA-greedy_multi-2P', 'Equivalence_Line_2: AGEMOEA2-greedy_multi-HUX to SMSEMOA-random_dense-UX', 'Equivalence_Line_3: SPEA2-greedy_multi-HUX to SMSEMOA-random_dense-HUX', 'Equivalence_Line_4: AGEMOEA2-greedy_multi-2P to UNSGA3-random_dense-UX', 'Equivalence_Line_5: SPEA2-greedy_multi-UX to UNSGA3-random_dense-HUX', 'Equivalence_Line_6: AGEMOEA2-greedy_multi-1P to AGEMOEA2-random_dense-HUX', 'Equivalence_Line_7: NSGA2-greedy_multi-2P to NSGA3-greedy_ting-HUX', 'Equivalence_Line_8: NSGA2-greedy_multi-HUX to UNSGA3-greedy_ting-UX', 'Equivalence_Line_9: SMSEMOA-greedy_ting-HUX to NSGA2-greedy_ting-HUX', 'Equivalence_Line_10: UNSGA3-greedy_multi-HUX to SMSEMOA-random_dense-2P', 'Equivalence_Line_11: NSGA3-greedy_multi-1P to RVEA-random_dense-UX', 'Equivalence_Line_12: UNSGA3-greedy_multi-1P to NSGA2-greedy_ting-UX', 'Equivalence_Line_13: SMSEMOA-greedy_ting-2P to RVEA-greedy_multi-2P', 'Equivalence_Line_14: SMSEMOA-greedy_multi-2P to AGEMOEA2-greedy_ting-HUX', 'Equivalence_Line_15: SMSEMOA-random_dense-UX to NSGA2-random_dense-UX', 'Equivalence_Line_16: SMSEMOA-greedy_ting-1P to UNSGA3-random_dense-2P', 'Equivalence_Line_17: NSGA3-random_dense-HUX to NSGA3-random_dense-2P', 'Equivalence_Line_18: SMSEMOA-greedy_multi-UX to SPEA2-random_dense-UX', 'Equivalence_Line_19: SMSEMOA-greedy_multi-HUX to SPEA2-greedy_ting-HUX', 'Equivalence_Line_20: AGEMOEA2-random_dense-UX to UNSGA3-greedy_ting-2P', 'Equivalence_Line_21: NSGA3-greedy_ting-HUX to AGEMOEA2-greedy_ting-2P', 'Equivalence_Line_22: UNSGA3-greedy_ting-UX to NSGA2-random_dense-2P', 'Equivalence_Line_23: UNSGA3-greedy_ting-HUX to RVEA-greedy_multi-HUX', 'Equivalence_Line_24: AGEMOEA2-greedy_ting-UX to NSGA2-greedy_ting-1P', 'Equivalence_Line_25: SMSEMOA-random_dense-1P to SPEA2-random_dense-1P', 'Equivalence_Line_26: AGEMOEA2-greedy_ting-HUX to RVEA-random_dense-1P', 'Equivalence_Line_27: UNSGA3-random_dense-2P to RVEA-greedy_ting-UX', 'Equivalence_Line_28: NSGA3-random_dense-2P to RVEA-greedy_ting-2P']"
UNSGA3-greedy_ting-2P,0.2319878436285943,"['Equivalence_Line_1: AGEMOEA2-greedy_multi-UX to SMSEMOA-greedy_multi-2P', 'Equivalence_Line_2: AGEMOEA2-greedy_multi-HUX to SMSEMOA-random_dense-UX', 'Equivalence_Line_3: SPEA2-greedy_multi-HUX to SMSEMOA-random_dense-HUX', 'Equivalence_Line_4: AGEMOEA2-greedy_multi-2P to UNSGA3-random_dense-UX', 'Equivalence_Line_5: SPEA2-greedy_multi-UX to UNSGA3-random_dense-HUX', 'Equivalence_Line_6: AGEMOEA2-greedy_multi-1P to AGEMOEA2-random_dense-HUX', 'Equivalence_Line_7: NSGA2-greedy_multi-2P to NSGA3-greedy_ting-HUX', 'Equivalence_Line_8: NSGA2-greedy_multi-HUX to UNSGA3-greedy_ting-UX', 'Equivalence_Line_9: SMSEMOA-greedy_ting-HUX to NSGA2-greedy_ting-HUX', 'Equivalence_Line_10: UNSGA3-greedy_multi-HUX to SMSEMOA-random_dense-2P', 'Equivalence_Line_11: NSGA3-greedy_multi-1P to RVEA-random_dense-UX', 'Equivalence_Line_12: UNSGA3-greedy_multi-1P to NSGA2-greedy_ting-UX', 'Equivalence_Line_13: SMSEMOA-greedy_ting-2P to RVEA-greedy_multi-2P', 'Equivalence_Line_14: SMSEMOA-greedy_multi-2P to AGEMOEA2-greedy_ting-HUX', 'Equivalence_Line_15: SMSEMOA-random_dense-UX to NSGA2-random_dense-UX', 'Equivalence_Line_16: SMSEMOA-greedy_ting-1P to UNSGA3-random_dense-2P', 'Equivalence_Line_17: NSGA3-random_dense-HUX to NSGA3-random_dense-2P', 'Equivalence_Line_18: SMSEMOA-greedy_multi-UX to SPEA2-random_dense-UX', 'Equivalence_Line_19: SMSEMOA-greedy_multi-HUX to SPEA2-greedy_ting-HUX', 'Equivalence_Line_20: AGEMOEA2-random_dense-UX to UNSGA3-greedy_ting-2P', 'Equivalence_Line_21: NSGA3-greedy_ting-HUX to AGEMOEA2-greedy_ting-2P', 'Equivalence_Line_22: UNSGA3-greedy_ting-UX to NSGA2-random_dense-2P', 'Equivalence_Line_23: UNSGA3-greedy_ting-HUX to RVEA-greedy_multi-HUX', 'Equivalence_Line_24: AGEMOEA2-greedy_ting-UX to NSGA2-greedy_ting-1P', 'Equivalence_Line_25: SMSEMOA-random_dense-1P to SPEA2-random_dense-1P', 'Equivalence_Line_26: AGEMOEA2-greedy_ting-HUX to RVEA-random_dense-1P', 'Equivalence_Line_27: UNSGA3-random_dense-2P to RVEA-greedy_ting-UX', 'Equivalence_Line_28: NSGA3-random_dense-2P to RVEA-greedy_ting-2P']"
AGEMOEA2-greedy_ting-2P,0.230772374032086,"['Equivalence_Line_1: AGEMOEA2-greedy_multi-UX to SMSEMOA-greedy_multi-2P', 'Equivalence_Line_2: AGEMOEA2-greedy_multi-HUX to SMSEMOA-random_dense-UX', 'Equivalence_Line_3: SPEA2-greedy_multi-HUX to SMSEMOA-random_dense-HUX', 'Equivalence_Line_4: AGEMOEA2-greedy_multi-2P to UNSGA3-random_dense-UX', 'Equivalence_Line_5: SPEA2-greedy_multi-UX to UNSGA3-random_dense-HUX', 'Equivalence_Line_6: AGEMOEA2-greedy_multi-1P to AGEMOEA2-random_dense-HUX', 'Equivalence_Line_7: NSGA2-greedy_multi-2P to NSGA3-greedy_ting-HUX', 'Equivalence_Line_8: NSGA2-greedy_multi-HUX to UNSGA3-greedy_ting-UX', 'Equivalence_Line_9: SMSEMOA-greedy_ting-HUX to NSGA2-greedy_ting-HUX', 'Equivalence_Line_10: UNSGA3-greedy_multi-HUX to SMSEMOA-random_dense-2P', 'Equivalence_Line_11: NSGA3-greedy_multi-1P to RVEA-random_dense-UX', 'Equivalence_Line_12: UNSGA3-greedy_multi-1P to NSGA2-greedy_ting-UX', 'Equivalence_Line_13: SMSEMOA-greedy_ting-2P to RVEA-greedy_multi-2P', 'Equivalence_Line_14: SMSEMOA-greedy_multi-2P to AGEMOEA2-greedy_ting-HUX', 'Equivalence_Line_15: SMSEMOA-random_dense-UX to NSGA2-random_dense-UX', 'Equivalence_Line_16: SMSEMOA-greedy_ting-1P to UNSGA3-random_dense-2P', 'Equivalence_Line_17: NSGA3-random_dense-HUX to NSGA3-random_dense-2P', 'Equivalence_Line_18: SMSEMOA-greedy_multi-UX to SPEA2-random_dense-UX', 'Equivalence_Line_19: SMSEMOA-greedy_multi-HUX to SPEA2-greedy_ting-HUX', 'Equivalence_Line_20: AGEMOEA2-random_dense-UX to UNSGA3-greedy_ting-2P', 'Equivalence_Line_21: NSGA3-greedy_ting-HUX to AGEMOEA2-greedy_ting-2P', 'Equivalence_Line_22: UNSGA3-greedy_ting-UX to NSGA2-random_dense-2P', 'Equivalence_Line_23: UNSGA3-greedy_ting-HUX to RVEA-greedy_multi-HUX', 'Equivalence_Line_24: AGEMOEA2-greedy_ting-UX to NSGA2-greedy_ting-1P', 'Equivalence_Line_25: SMSEMOA-random_dense-1P to SPEA2-random_dense-1P', 'Equivalence_Line_26: AGEMOEA2-greedy_ting-HUX to RVEA-random_dense-1P', 'Equivalence_Line_27: UNSGA3-random_dense-2P to RVEA-greedy_ting-UX', 'Equivalence_Line_28: NSGA3-random_dense-2P to RVEA-greedy_ting-2P']"
NSGA3-greedy_ting-2P,0.2301383202493485,"['Equivalence_Line_1: AGEMOEA2-greedy_multi-UX to SMSEMOA-greedy_multi-2P', 'Equivalence_Line_2: AGEMOEA2-greedy_multi-HUX to SMSEMOA-random_dense-UX', 'Equivalence_Line_3: SPEA2-greedy_multi-HUX to SMSEMOA-random_dense-HUX', 'Equivalence_Line_4: AGEMOEA2-greedy_multi-2P to UNSGA3-random_dense-UX', 'Equivalence_Line_5: SPEA2-greedy_multi-UX to UNSGA3-random_dense-HUX', 'Equivalence_Line_6: AGEMOEA2-greedy_multi-1P to AGEMOEA2-random_dense-HUX', 'Equivalence_Line_7: NSGA2-greedy_multi-2P to NSGA3-greedy_ting-HUX', 'Equivalence_Line_8: NSGA2-greedy_multi-HUX to UNSGA3-greedy_ting-UX', 'Equivalence_Line_9: SMSEMOA-greedy_ting-HUX to NSGA2-greedy_ting-HUX', 'Equivalence_Line_10: UNSGA3-greedy_multi-HUX to SMSEMOA-random_dense-2P', 'Equivalence_Line_11: NSGA3-greedy_multi-1P to RVEA-random_dense-UX', 'Equivalence_Line_12: UNSGA3-greedy_multi-1P to NSGA2-greedy_ting-UX', 'Equivalence_Line_13: SMSEMOA-greedy_ting-2P to RVEA-greedy_multi-2P', 'Equivalence_Line_14: SMSEMOA-greedy_multi-2P to AGEMOEA2-greedy_ting-HUX', 'Equivalence_Line_15: SMSEMOA-random_dense-UX to NSGA2-random_dense-UX', 'Equivalence_Line_16: SMSEMOA-greedy_ting-1P to UNSGA3-random_dense-2P', 'Equivalence_Line_17: NSGA3-random_dense-HUX to NSGA3-random_dense-2P', 'Equivalence_Line_18: SMSEMOA-greedy_multi-UX to SPEA2-random_dense-UX', 'Equivalence_Line_19: SMSEMOA-greedy_multi-HUX to SPEA2-greedy_ting-HUX', 'Equivalence_Line_20: AGEMOEA2-random_dense-UX to UNSGA3-greedy_ting-2P', 'Equivalence_Line_21: NSGA3-greedy_ting-HUX to AGEMOEA2-greedy_ting-2P', 'Equivalence_Line_22: UNSGA3-greedy_ting-UX to NSGA2-random_dense-2P', 'Equivalence_Line_23: UNSGA3-greedy_ting-HUX to RVEA-greedy_multi-HUX', 'Equivalence_Line_24: AGEMOEA2-greedy_ting-UX to NSGA2-greedy_ting-1P', 'Equivalence_Line_25: SMSEMOA-random_dense-1P to SPEA2-random_dense-1P', 'Equivalence_Line_26: AGEMOEA2-greedy_ting-HUX to RVEA-random_dense-1P', 'Equivalence_Line_27: UNSGA3-random_dense-2P to RVEA-greedy_ting-UX', 'Equivalence_Line_28: NSGA3-random_dense-2P to RVEA-greedy_ting-2P']"
NSGA2-random_dense-2P,0.22999644922863613,"['Equivalence_Line_1: AGEMOEA2-greedy_multi-UX to SMSEMOA-greedy_multi-2P', 'Equivalence_Line_2: AGEMOEA2-greedy_multi-HUX to SMSEMOA-random_dense-UX', 'Equivalence_Line_3: SPEA2-greedy_multi-HUX to SMSEMOA-random_dense-HUX', 'Equivalence_Line_4: AGEMOEA2-greedy_multi-2P to UNSGA3-random_dense-UX', 'Equivalence_Line_5: SPEA2-greedy_multi-UX to UNSGA3-random_dense-HUX', 'Equivalence_Line_6: AGEMOEA2-greedy_multi-1P to AGEMOEA2-random_dense-HUX', 'Equivalence_Line_7: NSGA2-greedy_multi-2P to NSGA3-greedy_ting-HUX', 'Equivalence_Line_8: NSGA2-greedy_multi-HUX to UNSGA3-greedy_ting-UX', 'Equivalence_Line_9: SMSEMOA-greedy_ting-HUX to NSGA2-greedy_ting-HUX', 'Equivalence_Line_10: UNSGA3-greedy_multi-HUX to SMSEMOA-random_dense-2P', 'Equivalence_Line_11: NSGA3-greedy_multi-1P to RVEA-random_dense-UX', 'Equivalence_Line_12: UNSGA3-greedy_multi-1P to NSGA2-greedy_ting-UX', 'Equivalence_Line_13: SMSEMOA-greedy_ting-2P to RVEA-greedy_multi-2P', 'Equivalence_Line_14: SMSEMOA-greedy_multi-2P to AGEMOEA2-greedy_ting-HUX', 'Equivalence_Line_15: SMSEMOA-random_dense-UX to NSGA2-random_dense-UX', 'Equivalence_Line_16: SMSEMOA-greedy_ting-1P to UNSGA3-random_dense-2P', 'Equivalence_Line_17: NSGA3-random_dense-HUX to NSGA3-random_dense-2P', 'Equivalence_Line_18: SMSEMOA-greedy_multi-UX to SPEA2-random_dense-UX', 'Equivalence_Line_19: SMSEMOA-greedy_multi-HUX to SPEA2-greedy_ting-HUX', 'Equivalence_Line_20: AGEMOEA2-random_dense-UX to UNSGA3-greedy_ting-2P', 'Equivalence_Line_21: NSGA3-greedy_ting-HUX to AGEMOEA2-greedy_ting-2P', 'Equivalence_Line_22: UNSGA3-greedy_ting-UX to NSGA2-random_dense-2P', 'Equivalence_Line_23: UNSGA3-greedy_ting-HUX to RVEA-greedy_multi-HUX', 'Equivalence_Line_24: AGEMOEA2-greedy_ting-UX to NSGA2-greedy_ting-1P', 'Equivalence_Line_25: SMSEMOA-random_dense-1P to SPEA2-random_dense-1P', 'Equivalence_Line_26: AGEMOEA2-greedy_ting-HUX to RVEA-random_dense-1P', 'Equivalence_Line_27: UNSGA3-random_dense-2P to RVEA-greedy_ting-UX', 'Equivalence_Line_28: NSGA3-random_dense-2P to RVEA-greedy_ting-2P']"
NSGA3-random_dense-1P,0.22951088466114627,"['Equivalence_Line_1: AGEMOEA2-greedy_multi-UX to SMSEMOA-greedy_multi-2P', 'Equivalence_Line_2: AGEMOEA2-greedy_multi-HUX to SMSEMOA-random_dense-UX', 'Equivalence_Line_3: SPEA2-greedy_multi-HUX to SMSEMOA-random_dense-HUX', 'Equivalence_Line_4: AGEMOEA2-greedy_multi-2P to UNSGA3-random_dense-UX', 'Equivalence_Line_5: SPEA2-greedy_multi-UX to UNSGA3-random_dense-HUX', 'Equivalence_Line_6: AGEMOEA2-greedy_multi-1P to AGEMOEA2-random_dense-HUX', 'Equivalence_Line_7: NSGA2-greedy_multi-2P to NSGA3-greedy_ting-HUX', 'Equivalence_Line_8: NSGA2-greedy_multi-HUX to UNSGA3-greedy_ting-UX', 'Equivalence_Line_9: SMSEMOA-greedy_ting-HUX to NSGA2-greedy_ting-HUX', 'Equivalence_Line_10: UNSGA3-greedy_multi-HUX to SMSEMOA-random_dense-2P', 'Equivalence_Line_11: NSGA3-greedy_multi-1P to RVEA-random_dense-UX', 'Equivalence_Line_12: UNSGA3-greedy_multi-1P to NSGA2-greedy_ting-UX', 'Equivalence_Line_13: SMSEMOA-greedy_ting-2P to RVEA-greedy_multi-2P', 'Equivalence_Line_14: SMSEMOA-greedy_multi-2P to AGEMOEA2-greedy_ting-HUX', 'Equivalence_Line_15: SMSEMOA-random_dense-UX to NSGA2-random_dense-UX', 'Equivalence_Line_16: SMSEMOA-greedy_ting-1P to UNSGA3-random_dense-2P', 'Equivalence_Line_17: NSGA3-random_dense-HUX to NSGA3-random_dense-2P', 'Equivalence_Line_18: SMSEMOA-greedy_multi-UX to SPEA2-random_dense-UX', 'Equivalence_Line_19: SMSEMOA-greedy_multi-HUX to SPEA2-greedy_ting-HUX', 'Equivalence_Line_20: AGEMOEA2-random_dense-UX to UNSGA3-greedy_ting-2P', 'Equivalence_Line_21: NSGA3-greedy_ting-HUX to AGEMOEA2-greedy_ting-2P', 'Equivalence_Line_22: UNSGA3-greedy_ting-UX to NSGA2-random_dense-2P', 'Equivalence_Line_23: UNSGA3-greedy_ting-HUX to RVEA-greedy_multi-HUX', 'Equivalence_Line_24: AGEMOEA2-greedy_ting-UX to NSGA2-greedy_ting-1P', 'Equivalence_Line_25: SMSEMOA-random_dense-1P to SPEA2-random_dense-1P', 'Equivalence_Line_26: AGEMOEA2-greedy_ting-HUX to RVEA-random_dense-1P', 'Equivalence_Line_27: UNSGA3-random_dense-2P to RVEA-greedy_ting-UX', 'Equivalence_Line_28: NSGA3-random_dense-2P to RVEA-greedy_ting-2P']"
SPEA2-random_dense-2P,0.228885679384121,"['Equivalence_Line_1: AGEMOEA2-greedy_multi-UX to SMSEMOA-greedy_multi-2P', 'Equivalence_Line_2: AGEMOEA2-greedy_multi-HUX to SMSEMOA-random_dense-UX', 'Equivalence_Line_3: SPEA2-greedy_multi-HUX to SMSEMOA-random_dense-HUX', 'Equivalence_Line_4: AGEMOEA2-greedy_multi-2P to UNSGA3-random_dense-UX', 'Equivalence_Line_5: SPEA2-greedy_multi-UX to UNSGA3-random_dense-HUX', 'Equivalence_Line_6: AGEMOEA2-greedy_multi-1P to AGEMOEA2-random_dense-HUX', 'Equivalence_Line_7: NSGA2-greedy_multi-2P to NSGA3-greedy_ting-HUX', 'Equivalence_Line_8: NSGA2-greedy_multi-HUX to UNSGA3-greedy_ting-UX', 'Equivalence_Line_9: SMSEMOA-greedy_ting-HUX to NSGA2-greedy_ting-HUX', 'Equivalence_Line_10: UNSGA3-greedy_multi-HUX to SMSEMOA-random_dense-2P', 'Equivalence_Line_11: NSGA3-greedy_multi-1P to RVEA-random_dense-UX', 'Equivalence_Line_12: UNSGA3-greedy_multi-1P to NSGA2-greedy_ting-UX', 'Equivalence_Line_13: SMSEMOA-greedy_ting-2P to RVEA-greedy_multi-2P', 'Equivalence_Line_14: SMSEMOA-greedy_multi-2P to AGEMOEA2-greedy_ting-HUX', 'Equivalence_Line_15: SMSEMOA-random_dense-UX to NSGA2-random_dense-UX', 'Equivalence_Line_16: SMSEMOA-greedy_ting-1P to UNSGA3-random_dense-2P', 'Equivalence_Line_17: NSGA3-random_dense-HUX to NSGA3-random_dense-2P', 'Equivalence_Line_18: SMSEMOA-greedy_multi-UX to SPEA2-random_dense-UX', 'Equivalence_Line_19: SMSEMOA-greedy_multi-HUX to SPEA2-greedy_ting-HUX', 'Equivalence_Line_20: AGEMOEA2-random_dense-UX to UNSGA3-greedy_ting-2P', 'Equivalence_Line_21: NSGA3-greedy_ting-HUX to AGEMOEA2-greedy_ting-2P', 'Equivalence_Line_22: UNSGA3-greedy_ting-UX to NSGA2-random_dense-2P', 'Equivalence_Line_23: UNSGA3-greedy_ting-HUX to RVEA-greedy_multi-HUX', 'Equivalence_Line_24: AGEMOEA2-greedy_ting-UX to NSGA2-greedy_ting-1P', 'Equivalence_Line_25: SMSEMOA-random_dense-1P to SPEA2-random_dense-1P', 'Equivalence_Line_26: AGEMOEA2-greedy_ting-HUX to RVEA-random_dense-1P', 'Equivalence_Line_27: UNSGA3-random_dense-2P to RVEA-greedy_ting-UX', 'Equivalence_Line_28: NSGA3-random_dense-2P to RVEA-greedy_ting-2P']"
SPEA2-greedy_ting-2P,0.2284077146047437,"['Equivalence_Line_1: AGEMOEA2-greedy_multi-UX to SMSEMOA-greedy_multi-2P', 'Equivalence_Line_2: AGEMOEA2-greedy_multi-HUX to SMSEMOA-random_dense-UX', 'Equivalence_Line_3: SPEA2-greedy_multi-HUX to SMSEMOA-random_dense-HUX', 'Equivalence_Line_4: AGEMOEA2-greedy_multi-2P to UNSGA3-random_dense-UX', 'Equivalence_Line_5: SPEA2-greedy_multi-UX to UNSGA3-random_dense-HUX', 'Equivalence_Line_6: AGEMOEA2-greedy_multi-1P to AGEMOEA2-random_dense-HUX', 'Equivalence_Line_7: NSGA2-greedy_multi-2P to NSGA3-greedy_ting-HUX', 'Equivalence_Line_8: NSGA2-greedy_multi-HUX to UNSGA3-greedy_ting-UX', 'Equivalence_Line_9: SMSEMOA-greedy_ting-HUX to NSGA2-greedy_ting-HUX', 'Equivalence_Line_10: UNSGA3-greedy_multi-HUX to SMSEMOA-random_dense-2P', 'Equivalence_Line_11: NSGA3-greedy_multi-1P to RVEA-random_dense-UX', 'Equivalence_Line_12: UNSGA3-greedy_multi-1P to NSGA2-greedy_ting-UX', 'Equivalence_Line_13: SMSEMOA-greedy_ting-2P to RVEA-greedy_multi-2P', 'Equivalence_Line_14: SMSEMOA-greedy_multi-2P to AGEMOEA2-greedy_ting-HUX', 'Equivalence_Line_15: SMSEMOA-random_dense-UX to NSGA2-random_dense-UX', 'Equivalence_Line_16: SMSEMOA-greedy_ting-1P to UNSGA3-random_dense-2P', 'Equivalence_Line_17: NSGA3-random_dense-HUX to NSGA3-random_dense-2P', 'Equivalence_Line_18: SMSEMOA-greedy_multi-UX to SPEA2-random_dense-UX', 'Equivalence_Line_19: SMSEMOA-greedy_multi-HUX to SPEA2-greedy_ting-HUX', 'Equivalence_Line_20: AGEMOEA2-random_dense-UX to UNSGA3-greedy_ting-2P', 'Equivalence_Line_21: NSGA3-greedy_ting-HUX to AGEMOEA2-greedy_ting-2P', 'Equivalence_Line_22: UNSGA3-greedy_ting-UX to NSGA2-random_dense-2P', 'Equivalence_Line_23: UNSGA3-greedy_ting-HUX to RVEA-greedy_multi-HUX', 'Equivalence_Line_24: AGEMOEA2-greedy_ting-UX to NSGA2-greedy_ting-1P', 'Equivalence_Line_25: SMSEMOA-random_dense-1P to SPEA2-random_dense-1P', 'Equivalence_Line_26: AGEMOEA2-greedy_ting-HUX to RVEA-random_dense-1P', 'Equivalence_Line_27: UNSGA3-random_dense-2P to RVEA-greedy_ting-UX', 'Equivalence_Line_28: NSGA3-random_dense-2P to RVEA-greedy_ting-2P']"
UNSGA3-random_dense-1P,0.22835323422683612,"['Equivalence_Line_1: AGEMOEA2-greedy_multi-UX to SMSEMOA-greedy_multi-2P', 'Equivalence_Line_2: AGEMOEA2-greedy_multi-HUX to SMSEMOA-random_dense-UX', 'Equivalence_Line_3: SPEA2-greedy_multi-HUX to SMSEMOA-random_dense-HUX', 'Equivalence_Line_4: AGEMOEA2-greedy_multi-2P to UNSGA3-random_dense-UX', 'Equivalence_Line_5: SPEA2-greedy_multi-UX to UNSGA3-random_dense-HUX', 'Equivalence_Line_6: AGEMOEA2-greedy_multi-1P to AGEMOEA2-random_dense-HUX', 'Equivalence_Line_7: NSGA2-greedy_multi-2P to NSGA3-greedy_ting-HUX', 'Equivalence_Line_8: NSGA2-greedy_multi-HUX to UNSGA3-greedy_ting-UX', 'Equivalence_Line_9: SMSEMOA-greedy_ting-HUX to NSGA2-greedy_ting-HUX', 'Equivalence_Line_10: UNSGA3-greedy_multi-HUX to SMSEMOA-random_dense-2P', 'Equivalence_Line_11: NSGA3-greedy_multi-1P to RVEA-random_dense-UX', 'Equivalence_Line_12: UNSGA3-greedy_multi-1P to NSGA2-greedy_ting-UX', 'Equivalence_Line_13: SMSEMOA-greedy_ting-2P to RVEA-greedy_multi-2P', 'Equivalence_Line_14: SMSEMOA-greedy_multi-2P to AGEMOEA2-greedy_ting-HUX', 'Equivalence_Line_15: SMSEMOA-random_dense-UX to NSGA2-random_dense-UX', 'Equivalence_Line_16: SMSEMOA-greedy_ting-1P to UNSGA3-random_dense-2P', 'Equivalence_Line_17: NSGA3-random_dense-HUX to NSGA3-random_dense-2P', 'Equivalence_Line_18: SMSEMOA-greedy_multi-UX to SPEA2-random_dense-UX', 'Equivalence_Line_19: SMSEMOA-greedy_multi-HUX to SPEA2-greedy_ting-HUX', 'Equivalence_Line_20: AGEMOEA2-random_dense-UX to UNSGA3-greedy_ting-2P', 'Equivalence_Line_21: NSGA3-greedy_ting-HUX to AGEMOEA2-greedy_ting-2P', 'Equivalence_Line_22: UNSGA3-greedy_ting-UX to NSGA2-random_dense-2P', 'Equivalence_Line_23: UNSGA3-greedy_ting-HUX to RVEA-greedy_multi-HUX', 'Equivalence_Line_24: AGEMOEA2-greedy_ting-UX to NSGA2-greedy_ting-1P', 'Equivalence_Line_25: SMSEMOA-random_dense-1P to SPEA2-random_dense-1P', 'Equivalence_Line_26: AGEMOEA2-greedy_ting-HUX to RVEA-random_dense-1P', 'Equivalence_Line_27: UNSGA3-random_dense-2P to RVEA-greedy_ting-UX', 'Equivalence_Line_28: NSGA3-random_dense-2P to RVEA-greedy_ting-2P']"
AGEMOEA2-greedy_ting-1P,0.228082502513096,"['Equivalence_Line_1: AGEMOEA2-greedy_multi-UX to SMSEMOA-greedy_multi-2P', 'Equivalence_Line_2: AGEMOEA2-greedy_multi-HUX to SMSEMOA-random_dense-UX', 'Equivalence_Line_3: SPEA2-greedy_multi-HUX to SMSEMOA-random_dense-HUX', 'Equivalence_Line_4: AGEMOEA2-greedy_multi-2P to UNSGA3-random_dense-UX', 'Equivalence_Line_5: SPEA2-greedy_multi-UX to UNSGA3-random_dense-HUX', 'Equivalence_Line_6: AGEMOEA2-greedy_multi-1P to AGEMOEA2-random_dense-HUX', 'Equivalence_Line_7: NSGA2-greedy_multi-2P to NSGA3-greedy_ting-HUX', 'Equivalence_Line_8: NSGA2-greedy_multi-HUX to UNSGA3-greedy_ting-UX', 'Equivalence_Line_9: SMSEMOA-greedy_ting-HUX to NSGA2-greedy_ting-HUX', 'Equivalence_Line_10: UNSGA3-greedy_multi-HUX to SMSEMOA-random_dense-2P', 'Equivalence_Line_11: NSGA3-greedy_multi-1P to RVEA-random_dense-UX', 'Equivalence_Line_12: UNSGA3-greedy_multi-1P to NSGA2-greedy_ting-UX', 'Equivalence_Line_13: SMSEMOA-greedy_ting-2P to RVEA-greedy_multi-2P', 'Equivalence_Line_14: SMSEMOA-greedy_multi-2P to AGEMOEA2-greedy_ting-HUX', 'Equivalence_Line_15: SMSEMOA-random_dense-UX to NSGA2-random_dense-UX', 'Equivalence_Line_16: SMSEMOA-greedy_ting-1P to UNSGA3-random_dense-2P', 'Equivalence_Line_17: NSGA3-random_dense-HUX to NSGA3-random_dense-2P', 'Equivalence_Line_18: SMSEMOA-greedy_multi-UX to SPEA2-random_dense-UX', 'Equivalence_Line_19: SMSEMOA-greedy_multi-HUX to SPEA2-greedy_ting-HUX', 'Equivalence_Line_20: AGEMOEA2-random_dense-UX to UNSGA3-greedy_ting-2P', 'Equivalence_Line_21: NSGA3-greedy_ting-HUX to AGEMOEA2-greedy_ting-2P', 'Equivalence_Line_22: UNSGA3-greedy_ting-UX to NSGA2-random_dense-2P', 'Equivalence_Line_23: UNSGA3-greedy_ting-HUX to RVEA-greedy_multi-HUX', 'Equivalence_Line_24: AGEMOEA2-greedy_ting-UX to NSGA2-greedy_ting-1P', 'Equivalence_Line_25: SMSEMOA-random_dense-1P to SPEA2-random_dense-1P', 'Equivalence_Line_26: AGEMOEA2-greedy_ting-HUX to RVEA-random_dense-1P', 'Equivalence_Line_27: UNSGA3-random_dense-2P to RVEA-greedy_ting-UX', 'Equivalence_Line_28: NSGA3-random_dense-2P to RVEA-greedy_ting-2P']"
RVEA-greedy_multi-UX,0.22681052366119203,"['Equivalence_Line_1: AGEMOEA2-greedy_multi-UX to SMSEMOA-greedy_multi-2P', 'Equivalence_Line_2: AGEMOEA2-greedy_multi-HUX to SMSEMOA-random_dense-UX', 'Equivalence_Line_3: SPEA2-greedy_multi-HUX to SMSEMOA-random_dense-HUX', 'Equivalence_Line_4: AGEMOEA2-greedy_multi-2P to UNSGA3-random_dense-UX', 'Equivalence_Line_5: SPEA2-greedy_multi-UX to UNSGA3-random_dense-HUX', 'Equivalence_Line_6: AGEMOEA2-greedy_multi-1P to AGEMOEA2-random_dense-HUX', 'Equivalence_Line_7: NSGA2-greedy_multi-2P to NSGA3-greedy_ting-HUX', 'Equivalence_Line_8: NSGA2-greedy_multi-HUX to UNSGA3-greedy_ting-UX', 'Equivalence_Line_9: SMSEMOA-greedy_ting-HUX to NSGA2-greedy_ting-HUX', 'Equivalence_Line_10: UNSGA3-greedy_multi-HUX to SMSEMOA-random_dense-2P', 'Equivalence_Line_11: NSGA3-greedy_multi-1P to RVEA-random_dense-UX', 'Equivalence_Line_12: UNSGA3-greedy_multi-1P to NSGA2-greedy_ting-UX', 'Equivalence_Line_13: SMSEMOA-greedy_ting-2P to RVEA-greedy_multi-2P', 'Equivalence_Line_14: SMSEMOA-greedy_multi-2P to AGEMOEA2-greedy_ting-HUX', 'Equivalence_Line_15: SMSEMOA-random_dense-UX to NSGA2-random_dense-UX', 'Equivalence_Line_16: SMSEMOA-greedy_ting-1P to UNSGA3-random_dense-2P', 'Equivalence_Line_17: NSGA3-random_dense-HUX to NSGA3-random_dense-2P', 'Equivalence_Line_18: SMSEMOA-greedy_multi-UX to SPEA2-random_dense-UX', 'Equivalence_Line_19: SMSEMOA-greedy_multi-HUX to SPEA2-greedy_ting-HUX', 'Equivalence_Line_20: AGEMOEA2-random_dense-UX to UNSGA3-greedy_ting-2P', 'Equivalence_Line_21: NSGA3-greedy_ting-HUX to AGEMOEA2-greedy_ting-2P', 'Equivalence_Line_22: UNSGA3-greedy_ting-UX to NSGA2-random_dense-2P', 'Equivalence_Line_23: UNSGA3-greedy_ting-HUX to RVEA-greedy_multi-HUX', 'Equivalence_Line_24: AGEMOEA2-greedy_ting-UX to NSGA2-greedy_ting-1P', 'Equivalence_Line_25: SMSEMOA-random_dense-1P to SPEA2-random_dense-1P', 'Equivalence_Line_26: AGEMOEA2-greedy_ting-HUX to RVEA-random_dense-1P', 'Equivalence_Line_27: UNSGA3-random_dense-2P to RVEA-greedy_ting-UX', 'Equivalence_Line_28: NSGA3-random_dense-2P to RVEA-greedy_ting-2P']"
RVEA-greedy_multi-HUX,0.22632095109392894,"['Equivalence_Line_1: AGEMOEA2-greedy_multi-UX to SMSEMOA-greedy_multi-2P', 'Equivalence_Line_2: AGEMOEA2-greedy_multi-HUX to SMSEMOA-random_dense-UX', 'Equivalence_Line_3: SPEA2-greedy_multi-HUX to SMSEMOA-random_dense-HUX', 'Equivalence_Line_4: AGEMOEA2-greedy_multi-2P to UNSGA3-random_dense-UX', 'Equivalence_Line_5: SPEA2-greedy_multi-UX to UNSGA3-random_dense-HUX', 'Equivalence_Line_6: AGEMOEA2-greedy_multi-1P to AGEMOEA2-random_dense-HUX', 'Equivalence_Line_7: NSGA2-greedy_multi-2P to NSGA3-greedy_ting-HUX', 'Equivalence_Line_8: NSGA2-greedy_multi-HUX to UNSGA3-greedy_ting-UX', 'Equivalence_Line_9: SMSEMOA-greedy_ting-HUX to NSGA2-greedy_ting-HUX', 'Equivalence_Line_10: UNSGA3-greedy_multi-HUX to SMSEMOA-random_dense-2P', 'Equivalence_Line_11: NSGA3-greedy_multi-1P to RVEA-random_dense-UX', 'Equivalence_Line_12: UNSGA3-greedy_multi-1P to NSGA2-greedy_ting-UX', 'Equivalence_Line_13: SMSEMOA-greedy_ting-2P to RVEA-greedy_multi-2P', 'Equivalence_Line_14: SMSEMOA-greedy_multi-2P to AGEMOEA2-greedy_ting-HUX', 'Equivalence_Line_15: SMSEMOA-random_dense-UX to NSGA2-random_dense-UX', 'Equivalence_Line_16: SMSEMOA-greedy_ting-1P to UNSGA3-random_dense-2P', 'Equivalence_Line_17: NSGA3-random_dense-HUX to NSGA3-random_dense-2P', 'Equivalence_Line_18: SMSEMOA-greedy_multi-UX to SPEA2-random_dense-UX', 'Equivalence_Line_19: SMSEMOA-greedy_multi-HUX to SPEA2-greedy_ting-HUX', 'Equivalence_Line_20: AGEMOEA2-random_dense-UX to UNSGA3-greedy_ting-2P', 'Equivalence_Line_21: NSGA3-greedy_ting-HUX to AGEMOEA2-greedy_ting-2P', 'Equivalence_Line_22: UNSGA3-greedy_ting-UX to NSGA2-random_dense-2P', 'Equivalence_Line_23: UNSGA3-greedy_ting-HUX to RVEA-greedy_multi-HUX', 'Equivalence_Line_24: AGEMOEA2-greedy_ting-UX to NSGA2-greedy_ting-1P', 'Equivalence_Line_25: SMSEMOA-random_dense-1P to SPEA2-random_dense-1P', 'Equivalence_Line_26: AGEMOEA2-greedy_ting-HUX to RVEA-random_dense-1P', 'Equivalence_Line_27: UNSGA3-random_dense-2P to RVEA-greedy_ting-UX', 'Equivalence_Line_28: NSGA3-random_dense-2P to RVEA-greedy_ting-2P']"
SPEA2-greedy_ting-1P,0.22567508936434402,"['Equivalence_Line_1: AGEMOEA2-greedy_multi-UX to SMSEMOA-greedy_multi-2P', 'Equivalence_Line_2: AGEMOEA2-greedy_multi-HUX to SMSEMOA-random_dense-UX', 'Equivalence_Line_3: SPEA2-greedy_multi-HUX to SMSEMOA-random_dense-HUX', 'Equivalence_Line_4: AGEMOEA2-greedy_multi-2P to UNSGA3-random_dense-UX', 'Equivalence_Line_5: SPEA2-greedy_multi-UX to UNSGA3-random_dense-HUX', 'Equivalence_Line_6: AGEMOEA2-greedy_multi-1P to AGEMOEA2-random_dense-HUX', 'Equivalence_Line_7: NSGA2-greedy_multi-2P to NSGA3-greedy_ting-HUX', 'Equivalence_Line_8: NSGA2-greedy_multi-HUX to UNSGA3-greedy_ting-UX', 'Equivalence_Line_9: SMSEMOA-greedy_ting-HUX to NSGA2-greedy_ting-HUX', 'Equivalence_Line_10: UNSGA3-greedy_multi-HUX to SMSEMOA-random_dense-2P', 'Equivalence_Line_11: NSGA3-greedy_multi-1P to RVEA-random_dense-UX', 'Equivalence_Line_12: UNSGA3-greedy_multi-1P to NSGA2-greedy_ting-UX', 'Equivalence_Line_13: SMSEMOA-greedy_ting-2P to RVEA-greedy_multi-2P', 'Equivalence_Line_14: SMSEMOA-greedy_multi-2P to AGEMOEA2-greedy_ting-HUX', 'Equivalence_Line_15: SMSEMOA-random_dense-UX to NSGA2-random_dense-UX', 'Equivalence_Line_16: SMSEMOA-greedy_ting-1P to UNSGA3-random_dense-2P', 'Equivalence_Line_17: NSGA3-random_dense-HUX to NSGA3-random_dense-2P', 'Equivalence_Line_18: SMSEMOA-greedy_multi-UX to SPEA2-random_dense-UX', 'Equivalence_Line_19: SMSEMOA-greedy_multi-HUX to SPEA2-greedy_ting-HUX', 'Equivalence_Line_20: AGEMOEA2-random_dense-UX to UNSGA3-greedy_ting-2P', 'Equivalence_Line_21: NSGA3-greedy_ting-HUX to AGEMOEA2-greedy_ting-2P', 'Equivalence_Line_22: UNSGA3-greedy_ting-UX to NSGA2-random_dense-2P', 'Equivalence_Line_23: UNSGA3-greedy_ting-HUX to RVEA-greedy_multi-HUX', 'Equivalence_Line_24: AGEMOEA2-greedy_ting-UX to NSGA2-greedy_ting-1P', 'Equivalence_Line_25: SMSEMOA-random_dense-1P to SPEA2-random_dense-1P', 'Equivalence_Line_26: AGEMOEA2-greedy_ting-HUX to RVEA-random_dense-1P', 'Equivalence_Line_27: UNSGA3-random_dense-2P to RVEA-greedy_ting-UX', 'Equivalence_Line_28: NSGA3-random_dense-2P to RVEA-greedy_ting-2P']"
RVEA-random_dense-2P,0.2255446490784617,"['Equivalence_Line_1: AGEMOEA2-greedy_multi-UX to SMSEMOA-greedy_multi-2P', 'Equivalence_Line_2: AGEMOEA2-greedy_multi-HUX to SMSEMOA-random_dense-UX', 'Equivalence_Line_3: SPEA2-greedy_multi-HUX to SMSEMOA-random_dense-HUX', 'Equivalence_Line_4: AGEMOEA2-greedy_multi-2P to UNSGA3-random_dense-UX', 'Equivalence_Line_5: SPEA2-greedy_multi-UX to UNSGA3-random_dense-HUX', 'Equivalence_Line_6: AGEMOEA2-greedy_multi-1P to AGEMOEA2-random_dense-HUX', 'Equivalence_Line_7: NSGA2-greedy_multi-2P to NSGA3-greedy_ting-HUX', 'Equivalence_Line_8: NSGA2-greedy_multi-HUX to UNSGA3-greedy_ting-UX', 'Equivalence_Line_9: SMSEMOA-greedy_ting-HUX to NSGA2-greedy_ting-HUX', 'Equivalence_Line_10: UNSGA3-greedy_multi-HUX to SMSEMOA-random_dense-2P', 'Equivalence_Line_11: NSGA3-greedy_multi-1P to RVEA-random_dense-UX', 'Equivalence_Line_12: UNSGA3-greedy_multi-1P to NSGA2-greedy_ting-UX', 'Equivalence_Line_13: SMSEMOA-greedy_ting-2P to RVEA-greedy_multi-2P', 'Equivalence_Line_14: SMSEMOA-greedy_multi-2P to AGEMOEA2-greedy_ting-HUX', 'Equivalence_Line_15: SMSEMOA-random_dense-UX to NSGA2-random_dense-UX', 'Equivalence_Line_16: SMSEMOA-greedy_ting-1P to UNSGA3-random_dense-2P', 'Equivalence_Line_17: NSGA3-random_dense-HUX to NSGA3-random_dense-2P', 'Equivalence_Line_18: SMSEMOA-greedy_multi-UX to SPEA2-random_dense-UX', 'Equivalence_Line_19: SMSEMOA-greedy_multi-HUX to SPEA2-greedy_ting-HUX', 'Equivalence_Line_20: AGEMOEA2-random_dense-UX to UNSGA3-greedy_ting-2P', 'Equivalence_Line_21: NSGA3-greedy_ting-HUX to AGEMOEA2-greedy_ting-2P', 'Equivalence_Line_22: UNSGA3-greedy_ting-UX to NSGA2-random_dense-2P', 'Equivalence_Line_23: UNSGA3-greedy_ting-HUX to RVEA-greedy_multi-HUX', 'Equivalence_Line_24: AGEMOEA2-greedy_ting-UX to NSGA2-greedy_ting-1P', 'Equivalence_Line_25: SMSEMOA-random_dense-1P to SPEA2-random_dense-1P', 'Equivalence_Line_26: AGEMOEA2-greedy_ting-HUX to RVEA-random_dense-1P', 'Equivalence_Line_27: UNSGA3-random_dense-2P to RVEA-greedy_ting-UX', 'Equivalence_Line_28: NSGA3-random_dense-2P to RVEA-greedy_ting-2P']"
NSGA3-greedy_ting-1P,0.2253667319550055,"['Equivalence_Line_1: AGEMOEA2-greedy_multi-UX to SMSEMOA-greedy_multi-2P', 'Equivalence_Line_2: AGEMOEA2-greedy_multi-HUX to SMSEMOA-random_dense-UX', 'Equivalence_Line_3: SPEA2-greedy_multi-HUX to SMSEMOA-random_dense-HUX', 'Equivalence_Line_4: AGEMOEA2-greedy_multi-2P to UNSGA3-random_dense-UX', 'Equivalence_Line_5: SPEA2-greedy_multi-UX to UNSGA3-random_dense-HUX', 'Equivalence_Line_6: AGEMOEA2-greedy_multi-1P to AGEMOEA2-random_dense-HUX', 'Equivalence_Line_7: NSGA2-greedy_multi-2P to NSGA3-greedy_ting-HUX', 'Equivalence_Line_8: NSGA2-greedy_multi-HUX to UNSGA3-greedy_ting-UX', 'Equivalence_Line_9: SMSEMOA-greedy_ting-HUX to NSGA2-greedy_ting-HUX', 'Equivalence_Line_10: UNSGA3-greedy_multi-HUX to SMSEMOA-random_dense-2P', 'Equivalence_Line_11: NSGA3-greedy_multi-1P to RVEA-random_dense-UX', 'Equivalence_Line_12: UNSGA3-greedy_multi-1P to NSGA2-greedy_ting-UX', 'Equivalence_Line_13: SMSEMOA-greedy_ting-2P to RVEA-greedy_multi-2P', 'Equivalence_Line_14: SMSEMOA-greedy_multi-2P to AGEMOEA2-greedy_ting-HUX', 'Equivalence_Line_15: SMSEMOA-random_dense-UX to NSGA2-random_dense-UX', 'Equivalence_Line_16: SMSEMOA-greedy_ting-1P to UNSGA3-random_dense-2P', 'Equivalence_Line_17: NSGA3-random_dense-HUX to NSGA3-random_dense-2P', 'Equivalence_Line_18: SMSEMOA-greedy_multi-UX to SPEA2-random_dense-UX', 'Equivalence_Line_19: SMSEMOA-greedy_multi-HUX to SPEA2-greedy_ting-HUX', 'Equivalence_Line_20: AGEMOEA2-random_dense-UX to UNSGA3-greedy_ting-2P', 'Equivalence_Line_21: NSGA3-greedy_ting-HUX to AGEMOEA2-greedy_ting-2P', 'Equivalence_Line_22: UNSGA3-greedy_ting-UX to NSGA2-random_dense-2P', 'Equivalence_Line_23: UNSGA3-greedy_ting-HUX to RVEA-greedy_multi-HUX', 'Equivalence_Line_24: AGEMOEA2-greedy_ting-UX to NSGA2-greedy_ting-1P', 'Equivalence_Line_25: SMSEMOA-random_dense-1P to SPEA2-random_dense-1P', 'Equivalence_Line_26: AGEMOEA2-greedy_ting-HUX to RVEA-random_dense-1P', 'Equivalence_Line_27: UNSGA3-random_dense-2P to RVEA-greedy_ting-UX', 'Equivalence_Line_28: NSGA3-random_dense-2P to RVEA-greedy_ting-2P']"
NSGA2-random_dense-1P,0.22516098501187654,"['Equivalence_Line_1: AGEMOEA2-greedy_multi-UX to SMSEMOA-greedy_multi-2P', 'Equivalence_Line_2: AGEMOEA2-greedy_multi-HUX to SMSEMOA-random_dense-UX', 'Equivalence_Line_3: SPEA2-greedy_multi-HUX to SMSEMOA-random_dense-HUX', 'Equivalence_Line_4: AGEMOEA2-greedy_multi-2P to UNSGA3-random_dense-UX', 'Equivalence_Line_5: SPEA2-greedy_multi-UX to UNSGA3-random_dense-HUX', 'Equivalence_Line_6: AGEMOEA2-greedy_multi-1P to AGEMOEA2-random_dense-HUX', 'Equivalence_Line_7: NSGA2-greedy_multi-2P to NSGA3-greedy_ting-HUX', 'Equivalence_Line_8: NSGA2-greedy_multi-HUX to UNSGA3-greedy_ting-UX', 'Equivalence_Line_9: SMSEMOA-greedy_ting-HUX to NSGA2-greedy_ting-HUX', 'Equivalence_Line_10: UNSGA3-greedy_multi-HUX to SMSEMOA-random_dense-2P', 'Equivalence_Line_11: NSGA3-greedy_multi-1P to RVEA-random_dense-UX', 'Equivalence_Line_12: UNSGA3-greedy_multi-1P to NSGA2-greedy_ting-UX', 'Equivalence_Line_13: SMSEMOA-greedy_ting-2P to RVEA-greedy_multi-2P', 'Equivalence_Line_14: SMSEMOA-greedy_multi-2P to AGEMOEA2-greedy_ting-HUX', 'Equivalence_Line_15: SMSEMOA-random_dense-UX to NSGA2-random_dense-UX', 'Equivalence_Line_16: SMSEMOA-greedy_ting-1P to UNSGA3-random_dense-2P', 'Equivalence_Line_17: NSGA3-random_dense-HUX to NSGA3-random_dense-2P', 'Equivalence_Line_18: SMSEMOA-greedy_multi-UX to SPEA2-random_dense-UX', 'Equivalence_Line_19: SMSEMOA-greedy_multi-HUX to SPEA2-greedy_ting-HUX', 'Equivalence_Line_20: AGEMOEA2-random_dense-UX to UNSGA3-greedy_ting-2P', 'Equivalence_Line_21: NSGA3-greedy_ting-HUX to AGEMOEA2-greedy_ting-2P', 'Equivalence_Line_22: UNSGA3-greedy_ting-UX to NSGA2-random_dense-2P', 'Equivalence_Line_23: UNSGA3-greedy_ting-HUX to RVEA-greedy_multi-HUX', 'Equivalence_Line_24: AGEMOEA2-greedy_ting-UX to NSGA2-greedy_ting-1P', 'Equivalence_Line_25: SMSEMOA-random_dense-1P to SPEA2-random_dense-1P', 'Equivalence_Line_26: AGEMOEA2-greedy_ting-HUX to RVEA-random_dense-1P', 'Equivalence_Line_27: UNSGA3-random_dense-2P to RVEA-greedy_ting-UX', 'Equivalence_Line_28: NSGA3-random_dense-2P to RVEA-greedy_ting-2P']"
UNSGA3-greedy_ting-1P,0.22430411540073258,"['Equivalence_Line_1: AGEMOEA2-greedy_multi-UX to SMSEMOA-greedy_multi-2P', 'Equivalence_Line_2: AGEMOEA2-greedy_multi-HUX to SMSEMOA-random_dense-UX', 'Equivalence_Line_3: SPEA2-greedy_multi-HUX to SMSEMOA-random_dense-HUX', 'Equivalence_Line_4: AGEMOEA2-greedy_multi-2P to UNSGA3-random_dense-UX', 'Equivalence_Line_5: SPEA2-greedy_multi-UX to UNSGA3-random_dense-HUX', 'Equivalence_Line_6: AGEMOEA2-greedy_multi-1P to AGEMOEA2-random_dense-HUX', 'Equivalence_Line_7: NSGA2-greedy_multi-2P to NSGA3-greedy_ting-HUX', 'Equivalence_Line_8: NSGA2-greedy_multi-HUX to UNSGA3-greedy_ting-UX', 'Equivalence_Line_9: SMSEMOA-greedy_ting-HUX to NSGA2-greedy_ting-HUX', 'Equivalence_Line_10: UNSGA3-greedy_multi-HUX to SMSEMOA-random_dense-2P', 'Equivalence_Line_11: NSGA3-greedy_multi-1P to RVEA-random_dense-UX', 'Equivalence_Line_12: UNSGA3-greedy_multi-1P to NSGA2-greedy_ting-UX', 'Equivalence_Line_13: SMSEMOA-greedy_ting-2P to RVEA-greedy_multi-2P', 'Equivalence_Line_14: SMSEMOA-greedy_multi-2P to AGEMOEA2-greedy_ting-HUX', 'Equivalence_Line_15: SMSEMOA-random_dense-UX to NSGA2-random_dense-UX', 'Equivalence_Line_16: SMSEMOA-greedy_ting-1P to UNSGA3-random_dense-2P', 'Equivalence_Line_17: NSGA3-random_dense-HUX to NSGA3-random_dense-2P', 'Equivalence_Line_18: SMSEMOA-greedy_multi-UX to SPEA2-random_dense-UX', 'Equivalence_Line_19: SMSEMOA-greedy_multi-HUX to SPEA2-greedy_ting-HUX', 'Equivalence_Line_20: AGEMOEA2-random_dense-UX to UNSGA3-greedy_ting-2P', 'Equivalence_Line_21: NSGA3-greedy_ting-HUX to AGEMOEA2-greedy_ting-2P', 'Equivalence_Line_22: UNSGA3-greedy_ting-UX to NSGA2-random_dense-2P', 'Equivalence_Line_23: UNSGA3-greedy_ting-HUX to RVEA-greedy_multi-HUX', 'Equivalence_Line_24: AGEMOEA2-greedy_ting-UX to NSGA2-greedy_ting-1P', 'Equivalence_Line_25: SMSEMOA-random_dense-1P to SPEA2-random_dense-1P', 'Equivalence_Line_26: AGEMOEA2-greedy_ting-HUX to RVEA-random_dense-1P', 'Equivalence_Line_27: UNSGA3-random_dense-2P to RVEA-greedy_ting-UX', 'Equivalence_Line_28: NSGA3-random_dense-2P to RVEA-greedy_ting-2P']"
NSGA2-greedy_ting-1P,0.22399941566966672,"['Equivalence_Line_1: AGEMOEA2-greedy_multi-UX to SMSEMOA-greedy_multi-2P', 'Equivalence_Line_2: AGEMOEA2-greedy_multi-HUX to SMSEMOA-random_dense-UX', 'Equivalence_Line_3: SPEA2-greedy_multi-HUX to SMSEMOA-random_dense-HUX', 'Equivalence_Line_4: AGEMOEA2-greedy_multi-2P to UNSGA3-random_dense-UX', 'Equivalence_Line_5: SPEA2-greedy_multi-UX to UNSGA3-random_dense-HUX', 'Equivalence_Line_6: AGEMOEA2-greedy_multi-1P to AGEMOEA2-random_dense-HUX', 'Equivalence_Line_7: NSGA2-greedy_multi-2P to NSGA3-greedy_ting-HUX', 'Equivalence_Line_8: NSGA2-greedy_multi-HUX to UNSGA3-greedy_ting-UX', 'Equivalence_Line_9: SMSEMOA-greedy_ting-HUX to NSGA2-greedy_ting-HUX', 'Equivalence_Line_10: UNSGA3-greedy_multi-HUX to SMSEMOA-random_dense-2P', 'Equivalence_Line_11: NSGA3-greedy_multi-1P to RVEA-random_dense-UX', 'Equivalence_Line_12: UNSGA3-greedy_multi-1P to NSGA2-greedy_ting-UX', 'Equivalence_Line_13: SMSEMOA-greedy_ting-2P to RVEA-greedy_multi-2P', 'Equivalence_Line_14: SMSEMOA-greedy_multi-2P to AGEMOEA2-greedy_ting-HUX', 'Equivalence_Line_15: SMSEMOA-random_dense-UX to NSGA2-random_dense-UX', 'Equivalence_Line_16: SMSEMOA-greedy_ting-1P to UNSGA3-random_dense-2P', 'Equivalence_Line_17: NSGA3-random_dense-HUX to NSGA3-random_dense-2P', 'Equivalence_Line_18: SMSEMOA-greedy_multi-UX to SPEA2-random_dense-UX', 'Equivalence_Line_19: SMSEMOA-greedy_multi-HUX to SPEA2-greedy_ting-HUX', 'Equivalence_Line_20: AGEMOEA2-random_dense-UX to UNSGA3-greedy_ting-2P', 'Equivalence_Line_21: NSGA3-greedy_ting-HUX to AGEMOEA2-greedy_ting-2P', 'Equivalence_Line_22: UNSGA3-greedy_ting-UX to NSGA2-random_dense-2P', 'Equivalence_Line_23: UNSGA3-greedy_ting-HUX to RVEA-greedy_multi-HUX', 'Equivalence_Line_24: AGEMOEA2-greedy_ting-UX to NSGA2-greedy_ting-1P', 'Equivalence_Line_25: SMSEMOA-random_dense-1P to SPEA2-random_dense-1P', 'Equivalence_Line_26: AGEMOEA2-greedy_ting-HUX to RVEA-random_dense-1P', 'Equivalence_Line_27: UNSGA3-random_dense-2P to RVEA-greedy_ting-UX', 'Equivalence_Line_28: NSGA3-random_dense-2P to RVEA-greedy_ting-2P']"
SPEA2-random_dense-1P,0.2230023399138059,"['Equivalence_Line_1: AGEMOEA2-greedy_multi-UX to SMSEMOA-greedy_multi-2P', 'Equivalence_Line_2: AGEMOEA2-greedy_multi-HUX to SMSEMOA-random_dense-UX', 'Equivalence_Line_3: SPEA2-greedy_multi-HUX to SMSEMOA-random_dense-HUX', 'Equivalence_Line_4: AGEMOEA2-greedy_multi-2P to UNSGA3-random_dense-UX', 'Equivalence_Line_5: SPEA2-greedy_multi-UX to UNSGA3-random_dense-HUX', 'Equivalence_Line_6: AGEMOEA2-greedy_multi-1P to AGEMOEA2-random_dense-HUX', 'Equivalence_Line_7: NSGA2-greedy_multi-2P to NSGA3-greedy_ting-HUX', 'Equivalence_Line_8: NSGA2-greedy_multi-HUX to UNSGA3-greedy_ting-UX', 'Equivalence_Line_9: SMSEMOA-greedy_ting-HUX to NSGA2-greedy_ting-HUX', 'Equivalence_Line_10: UNSGA3-greedy_multi-HUX to SMSEMOA-random_dense-2P', 'Equivalence_Line_11: NSGA3-greedy_multi-1P to RVEA-random_dense-UX', 'Equivalence_Line_12: UNSGA3-greedy_multi-1P to NSGA2-greedy_ting-UX', 'Equivalence_Line_13: SMSEMOA-greedy_ting-2P to RVEA-greedy_multi-2P', 'Equivalence_Line_14: SMSEMOA-greedy_multi-2P to AGEMOEA2-greedy_ting-HUX', 'Equivalence_Line_15: SMSEMOA-random_dense-UX to NSGA2-random_dense-UX', 'Equivalence_Line_16: SMSEMOA-greedy_ting-1P to UNSGA3-random_dense-2P', 'Equivalence_Line_17: NSGA3-random_dense-HUX to NSGA3-random_dense-2P', 'Equivalence_Line_18: SMSEMOA-greedy_multi-UX to SPEA2-random_dense-UX', 'Equivalence_Line_19: SMSEMOA-greedy_multi-HUX to SPEA2-greedy_ting-HUX', 'Equivalence_Line_20: AGEMOEA2-random_dense-UX to UNSGA3-greedy_ting-2P', 'Equivalence_Line_21: NSGA3-greedy_ting-HUX to AGEMOEA2-greedy_ting-2P', 'Equivalence_Line_22: UNSGA3-greedy_ting-UX to NSGA2-random_dense-2P', 'Equivalence_Line_23: UNSGA3-greedy_ting-HUX to RVEA-greedy_multi-HUX', 'Equivalence_Line_24: AGEMOEA2-greedy_ting-UX to NSGA2-greedy_ting-1P', 'Equivalence_Line_25: SMSEMOA-random_dense-1P to SPEA2-random_dense-1P', 'Equivalence_Line_26: AGEMOEA2-greedy_ting-HUX to RVEA-random_dense-1P', 'Equivalence_Line_27: UNSGA3-random_dense-2P to RVEA-greedy_ting-UX', 'Equivalence_Line_28: NSGA3-random_dense-2P to RVEA-greedy_ting-2P']"
RVEA-random_dense-1P,0.21867084218295316,"['Equivalence_Line_1: AGEMOEA2-greedy_multi-UX to SMSEMOA-greedy_multi-2P', 'Equivalence_Line_2: AGEMOEA2-greedy_multi-HUX to SMSEMOA-random_dense-UX', 'Equivalence_Line_3: SPEA2-greedy_multi-HUX to SMSEMOA-random_dense-HUX', 'Equivalence_Line_4: AGEMOEA2-greedy_multi-2P to UNSGA3-random_dense-UX', 'Equivalence_Line_5: SPEA2-greedy_multi-UX to UNSGA3-random_dense-HUX', 'Equivalence_Line_6: AGEMOEA2-greedy_multi-1P to AGEMOEA2-random_dense-HUX', 'Equivalence_Line_7: NSGA2-greedy_multi-2P to NSGA3-greedy_ting-HUX', 'Equivalence_Line_8: NSGA2-greedy_multi-HUX to UNSGA3-greedy_ting-UX', 'Equivalence_Line_9: SMSEMOA-greedy_ting-HUX to NSGA2-greedy_ting-HUX', 'Equivalence_Line_10: UNSGA3-greedy_multi-HUX to SMSEMOA-random_dense-2P', 'Equivalence_Line_11: NSGA3-greedy_multi-1P to RVEA-random_dense-UX', 'Equivalence_Line_12: UNSGA3-greedy_multi-1P to NSGA2-greedy_ting-UX', 'Equivalence_Line_13: SMSEMOA-greedy_ting-2P to RVEA-greedy_multi-2P', 'Equivalence_Line_14: SMSEMOA-greedy_multi-2P to AGEMOEA2-greedy_ting-HUX', 'Equivalence_Line_15: SMSEMOA-random_dense-UX to NSGA2-random_dense-UX', 'Equivalence_Line_16: SMSEMOA-greedy_ting-1P to UNSGA3-random_dense-2P', 'Equivalence_Line_17: NSGA3-random_dense-HUX to NSGA3-random_dense-2P', 'Equivalence_Line_18: SMSEMOA-greedy_multi-UX to SPEA2-random_dense-UX', 'Equivalence_Line_19: SMSEMOA-greedy_multi-HUX to SPEA2-greedy_ting-HUX', 'Equivalence_Line_20: AGEMOEA2-random_dense-UX to UNSGA3-greedy_ting-2P', 'Equivalence_Line_21: NSGA3-greedy_ting-HUX to AGEMOEA2-greedy_ting-2P', 'Equivalence_Line_22: UNSGA3-greedy_ting-UX to NSGA2-random_dense-2P', 'Equivalence_Line_23: UNSGA3-greedy_ting-HUX to RVEA-greedy_multi-HUX', 'Equivalence_Line_24: AGEMOEA2-greedy_ting-UX to NSGA2-greedy_ting-1P', 'Equivalence_Line_25: SMSEMOA-random_dense-1P to SPEA2-random_dense-1P', 'Equivalence_Line_26: AGEMOEA2-greedy_ting-HUX to RVEA-random_dense-1P', 'Equivalence_Line_27: UNSGA3-random_dense-2P to RVEA-greedy_ting-UX', 'Equivalence_Line_28: NSGA3-random_dense-2P to RVEA-greedy_ting-2P']"
RVEA-greedy_ting-HUX,0.1799365704197656,"['Equivalence_Line_1: AGEMOEA2-greedy_multi-UX to SMSEMOA-greedy_multi-2P', 'Equivalence_Line_2: AGEMOEA2-greedy_multi-HUX to SMSEMOA-random_dense-UX', 'Equivalence_Line_3: SPEA2-greedy_multi-HUX to SMSEMOA-random_dense-HUX', 'Equivalence_Line_4: AGEMOEA2-greedy_multi-2P to UNSGA3-random_dense-UX', 'Equivalence_Line_5: SPEA2-greedy_multi-UX to UNSGA3-random_dense-HUX', 'Equivalence_Line_6: AGEMOEA2-greedy_multi-1P to AGEMOEA2-random_dense-HUX', 'Equivalence_Line_7: NSGA2-greedy_multi-2P to NSGA3-greedy_ting-HUX', 'Equivalence_Line_8: NSGA2-greedy_multi-HUX to UNSGA3-greedy_ting-UX', 'Equivalence_Line_9: SMSEMOA-greedy_ting-HUX to NSGA2-greedy_ting-HUX', 'Equivalence_Line_10: UNSGA3-greedy_multi-HUX to SMSEMOA-random_dense-2P', 'Equivalence_Line_11: NSGA3-greedy_multi-1P to RVEA-random_dense-UX', 'Equivalence_Line_12: UNSGA3-greedy_multi-1P to NSGA2-greedy_ting-UX', 'Equivalence_Line_13: SMSEMOA-greedy_ting-2P to RVEA-greedy_multi-2P', 'Equivalence_Line_14: SMSEMOA-greedy_multi-2P to AGEMOEA2-greedy_ting-HUX', 'Equivalence_Line_15: SMSEMOA-random_dense-UX to NSGA2-random_dense-UX', 'Equivalence_Line_16: SMSEMOA-greedy_ting-1P to UNSGA3-random_dense-2P', 'Equivalence_Line_17: NSGA3-random_dense-HUX to NSGA3-random_dense-2P', 'Equivalence_Line_18: SMSEMOA-greedy_multi-UX to SPEA2-random_dense-UX', 'Equivalence_Line_19: SMSEMOA-greedy_multi-HUX to SPEA2-greedy_ting-HUX', 'Equivalence_Line_20: AGEMOEA2-random_dense-UX to UNSGA3-greedy_ting-2P', 'Equivalence_Line_21: NSGA3-greedy_ting-HUX to AGEMOEA2-greedy_ting-2P', 'Equivalence_Line_22: UNSGA3-greedy_ting-UX to NSGA2-random_dense-2P', 'Equivalence_Line_23: UNSGA3-greedy_ting-HUX to RVEA-greedy_multi-HUX', 'Equivalence_Line_24: AGEMOEA2-greedy_ting-UX to NSGA2-greedy_ting-1P', 'Equivalence_Line_25: SMSEMOA-random_dense-1P to SPEA2-random_dense-1P', 'Equivalence_Line_26: AGEMOEA2-greedy_ting-HUX to RVEA-random_dense-1P', 'Equivalence_Line_27: UNSGA3-random_dense-2P to RVEA-greedy_ting-UX', 'Equivalence_Line_28: NSGA3-random_dense-2P to RVEA-greedy_ting-2P']"
RVEA-greedy_ting-UX,0.1784027316922831,"['Equivalence_Line_1: AGEMOEA2-greedy_multi-UX to SMSEMOA-greedy_multi-2P', 'Equivalence_Line_2: AGEMOEA2-greedy_multi-HUX to SMSEMOA-random_dense-UX', 'Equivalence_Line_3: SPEA2-greedy_multi-HUX to SMSEMOA-random_dense-HUX', 'Equivalence_Line_4: AGEMOEA2-greedy_multi-2P to UNSGA3-random_dense-UX', 'Equivalence_Line_5: SPEA2-greedy_multi-UX to UNSGA3-random_dense-HUX', 'Equivalence_Line_6: AGEMOEA2-greedy_multi-1P to AGEMOEA2-random_dense-HUX', 'Equivalence_Line_7: NSGA2-greedy_multi-2P to NSGA3-greedy_ting-HUX', 'Equivalence_Line_8: NSGA2-greedy_multi-HUX to UNSGA3-greedy_ting-UX', 'Equivalence_Line_9: SMSEMOA-greedy_ting-HUX to NSGA2-greedy_ting-HUX', 'Equivalence_Line_10: UNSGA3-greedy_multi-HUX to SMSEMOA-random_dense-2P', 'Equivalence_Line_11: NSGA3-greedy_multi-1P to RVEA-random_dense-UX', 'Equivalence_Line_12: UNSGA3-greedy_multi-1P to NSGA2-greedy_ting-UX', 'Equivalence_Line_13: SMSEMOA-greedy_ting-2P to RVEA-greedy_multi-2P', 'Equivalence_Line_14: SMSEMOA-greedy_multi-2P to AGEMOEA2-greedy_ting-HUX', 'Equivalence_Line_15: SMSEMOA-random_dense-UX to NSGA2-random_dense-UX', 'Equivalence_Line_16: SMSEMOA-greedy_ting-1P to UNSGA3-random_dense-2P', 'Equivalence_Line_17: NSGA3-random_dense-HUX to NSGA3-random_dense-2P', 'Equivalence_Line_18: SMSEMOA-greedy_multi-UX to SPEA2-random_dense-UX', 'Equivalence_Line_19: SMSEMOA-greedy_multi-HUX to SPEA2-greedy_ting-HUX', 'Equivalence_Line_20: AGEMOEA2-random_dense-UX to UNSGA3-greedy_ting-2P', 'Equivalence_Line_21: NSGA3-greedy_ting-HUX to AGEMOEA2-greedy_ting-2P', 'Equivalence_Line_22: UNSGA3-greedy_ting-UX to NSGA2-random_dense-2P', 'Equivalence_Line_23: UNSGA3-greedy_ting-HUX to RVEA-greedy_multi-HUX', 'Equivalence_Line_24: AGEMOEA2-greedy_ting-UX to NSGA2-greedy_ting-1P', 'Equivalence_Line_25: SMSEMOA-random_dense-1P to SPEA2-random_dense-1P', 'Equivalence_Line_26: AGEMOEA2-greedy_ting-HUX to RVEA-random_dense-1P', 'Equivalence_Line_27: UNSGA3-random_dense-2P to RVEA-greedy_ting-UX', 'Equivalence_Line_28: NSGA3-random_dense-2P to RVEA-greedy_ting-2P']"
RVEA-greedy_ting-1P,0.1674653789318814,"['Equivalence_Line_1: AGEMOEA2-greedy_multi-UX to SMSEMOA-greedy_multi-2P', 'Equivalence_Line_2: AGEMOEA2-greedy_multi-HUX to SMSEMOA-random_dense-UX', 'Equivalence_Line_3: SPEA2-greedy_multi-HUX to SMSEMOA-random_dense-HUX', 'Equivalence_Line_4: AGEMOEA2-greedy_multi-2P to UNSGA3-random_dense-UX', 'Equivalence_Line_5: SPEA2-greedy_multi-UX to UNSGA3-random_dense-HUX', 'Equivalence_Line_6: AGEMOEA2-greedy_multi-1P to AGEMOEA2-random_dense-HUX', 'Equivalence_Line_7: NSGA2-greedy_multi-2P to NSGA3-greedy_ting-HUX', 'Equivalence_Line_8: NSGA2-greedy_multi-HUX to UNSGA3-greedy_ting-UX', 'Equivalence_Line_9: SMSEMOA-greedy_ting-HUX to NSGA2-greedy_ting-HUX', 'Equivalence_Line_10: UNSGA3-greedy_multi-HUX to SMSEMOA-random_dense-2P', 'Equivalence_Line_11: NSGA3-greedy_multi-1P to RVEA-random_dense-UX', 'Equivalence_Line_12: UNSGA3-greedy_multi-1P to NSGA2-greedy_ting-UX', 'Equivalence_Line_13: SMSEMOA-greedy_ting-2P to RVEA-greedy_multi-2P', 'Equivalence_Line_14: SMSEMOA-greedy_multi-2P to AGEMOEA2-greedy_ting-HUX', 'Equivalence_Line_15: SMSEMOA-random_dense-UX to NSGA2-random_dense-UX', 'Equivalence_Line_16: SMSEMOA-greedy_ting-1P to UNSGA3-random_dense-2P', 'Equivalence_Line_17: NSGA3-random_dense-HUX to NSGA3-random_dense-2P', 'Equivalence_Line_18: SMSEMOA-greedy_multi-UX to SPEA2-random_dense-UX', 'Equivalence_Line_19: SMSEMOA-greedy_multi-HUX to SPEA2-greedy_ting-HUX', 'Equivalence_Line_20: AGEMOEA2-random_dense-UX to UNSGA3-greedy_ting-2P', 'Equivalence_Line_21: NSGA3-greedy_ting-HUX to AGEMOEA2-greedy_ting-2P', 'Equivalence_Line_22: UNSGA3-greedy_ting-UX to NSGA2-random_dense-2P', 'Equivalence_Line_23: UNSGA3-greedy_ting-HUX to RVEA-greedy_multi-HUX', 'Equivalence_Line_24: AGEMOEA2-greedy_ting-UX to NSGA2-greedy_ting-1P', 'Equivalence_Line_25: SMSEMOA-random_dense-1P to SPEA2-random_dense-1P', 'Equivalence_Line_26: AGEMOEA2-greedy_ting-HUX to RVEA-random_dense-1P', 'Equivalence_Line_27: UNSGA3-random_dense-2P to RVEA-greedy_ting-UX', 'Equivalence_Line_28: NSGA3-random_dense-2P to RVEA-greedy_ting-2P']"
RVEA-greedy_ting-2P,0.1659546016840306,"['Equivalence_Line_1: AGEMOEA2-greedy_multi-UX to SMSEMOA-greedy_multi-2P', 'Equivalence_Line_2: AGEMOEA2-greedy_multi-HUX to SMSEMOA-random_dense-UX', 'Equivalence_Line_3: SPEA2-greedy_multi-HUX to SMSEMOA-random_dense-HUX', 'Equivalence_Line_4: AGEMOEA2-greedy_multi-2P to UNSGA3-random_dense-UX', 'Equivalence_Line_5: SPEA2-greedy_multi-UX to UNSGA3-random_dense-HUX', 'Equivalence_Line_6: AGEMOEA2-greedy_multi-1P to AGEMOEA2-random_dense-HUX', 'Equivalence_Line_7: NSGA2-greedy_multi-2P to NSGA3-greedy_ting-HUX', 'Equivalence_Line_8: NSGA2-greedy_multi-HUX to UNSGA3-greedy_ting-UX', 'Equivalence_Line_9: SMSEMOA-greedy_ting-HUX to NSGA2-greedy_ting-HUX', 'Equivalence_Line_10: UNSGA3-greedy_multi-HUX to SMSEMOA-random_dense-2P', 'Equivalence_Line_11: NSGA3-greedy_multi-1P to RVEA-random_dense-UX', 'Equivalence_Line_12: UNSGA3-greedy_multi-1P to NSGA2-greedy_ting-UX', 'Equivalence_Line_13: SMSEMOA-greedy_ting-2P to RVEA-greedy_multi-2P', 'Equivalence_Line_14: SMSEMOA-greedy_multi-2P to AGEMOEA2-greedy_ting-HUX', 'Equivalence_Line_15: SMSEMOA-random_dense-UX to NSGA2-random_dense-UX', 'Equivalence_Line_16: SMSEMOA-greedy_ting-1P to UNSGA3-random_dense-2P', 'Equivalence_Line_17: NSGA3-random_dense-HUX to NSGA3-random_dense-2P', 'Equivalence_Line_18: SMSEMOA-greedy_multi-UX to SPEA2-random_dense-UX', 'Equivalence_Line_19: SMSEMOA-greedy_multi-HUX to SPEA2-greedy_ting-HUX', 'Equivalence_Line_20: AGEMOEA2-random_dense-UX to UNSGA3-greedy_ting-2P', 'Equivalence_Line_21: NSGA3-greedy_ting-HUX to AGEMOEA2-greedy_ting-2P', 'Equivalence_Line_22: UNSGA3-greedy_ting-UX to NSGA2-random_dense-2P', 'Equivalence_Line_23: UNSGA3-greedy_ting-HUX to RVEA-greedy_multi-HUX', 'Equivalence_Line_24: AGEMOEA2-greedy_ting-UX to NSGA2-greedy_ting-1P', 'Equivalence_Line_25: SMSEMOA-random_dense-1P to SPEA2-random_dense-1P', 'Equivalence_Line_26: AGEMOEA2-greedy_ting-HUX to RVEA-random_dense-1P', 'Equivalence_Line_27: UNSGA3-random_dense-2P to RVEA-greedy_ting-UX', 'Equivalence_Line_28: NSGA3-random_dense-2P to RVEA-greedy_ting-2P']"
