Group,Mean,Equivalence_Lines
SMSEMOA-random_dense-UX,1.3838303367649485,"['Equivalence_Line_1: SMSEMOA-random_dense-UX to UNSGA3-greedy_ting-2P', 'Equivalence_Line_2: UNSGA3-random_dense-UX to NSGA3-greedy_ting-2P', 'Equivalence_Line_3: NSGA3-random_dense-HUX to AGEMOEA2-greedy_ting-UX', 'Equivalence_Line_4: AGEMOEA2-random_dense-HUX to AGEMOEA2-greedy_ting-2P', 'Equivalence_Line_5: AGEMOEA2-random_dense-UX to NSGA2-random_dense-1P', 'Equivalence_Line_6: NSGA2-random_dense-UX to SMSEMOA-greedy_ting-2P', 'Equivalence_Line_7: SMSEMOA-random_dense-1P to NSGA3-greedy_ting-1P', 'Equivalence_Line_8: NSGA2-greedy_ting-HUX to NSGA2-greedy_ting-2P', 'Equivalence_Line_9: NSGA3-greedy_ting-HUX to SPEA2-greedy_ting-UX', 'Equivalence_Line_10: UNSGA3-random_dense-2P to SMSEMOA-greedy_ting-1P', 'Equivalence_Line_11: UNSGA3-greedy_ting-UX to SPEA2-greedy_ting-2P', 'Equivalence_Line_12: SPEA2-random_dense-UX to RVEA-random_dense-UX', 'Equivalence_Line_13: NSGA3-random_dense-1P to RVEA-random_dense-1P', 'Equivalence_Line_14: UNSGA3-random_dense-1P to RVEA-greedy_ting-UX', 'Equivalence_Line_15: NSGA2-random_dense-2P to RVEA-greedy_ting-HUX', 'Equivalence_Line_16: SPEA2-random_dense-2P to RVEA-greedy_ting-1P', 'Equivalence_Line_17: AGEMOEA2-greedy_ting-UX to RVEA-greedy_ting-2P', 'Equivalence_Line_18: AGEMOEA2-greedy_ting-2P to NSGA2-greedy_multi-UX', 'Equivalence_Line_19: NSGA2-random_dense-1P to SPEA2-greedy_multi-UX', 'Equivalence_Line_20: AGEMOEA2-greedy_ting-1P to AGEMOEA2-greedy_multi-UX', 'Equivalence_Line_21: SMSEMOA-greedy_ting-UX to NSGA2-greedy_multi-1P', 'Equivalence_Line_22: SPEA2-greedy_ting-UX to SPEA2-greedy_multi-2P', 'Equivalence_Line_23: RVEA-random_dense-UX to NSGA3-greedy_multi-2P', 'Equivalence_Line_24: RVEA-random_dense-HUX to UNSGA3-greedy_multi-2P', 'Equivalence_Line_25: RVEA-random_dense-2P to NSGA3-greedy_multi-1P', 'Equivalence_Line_26: RVEA-random_dense-1P to SMSEMOA-greedy_multi-HUX', 'Equivalence_Line_27: RVEA-greedy_ting-UX to SMSEMOA-greedy_multi-1P', 'Equivalence_Line_28: RVEA-greedy_ting-2P to RVEA-greedy_multi-HUX', 'Equivalence_Line_29: SPEA2-greedy_multi-HUX to RVEA-greedy_multi-1P']"
SMSEMOA-random_dense-HUX,1.3838736021224194,"['Equivalence_Line_1: SMSEMOA-random_dense-UX to UNSGA3-greedy_ting-2P', 'Equivalence_Line_2: UNSGA3-random_dense-UX to NSGA3-greedy_ting-2P', 'Equivalence_Line_3: NSGA3-random_dense-HUX to AGEMOEA2-greedy_ting-UX', 'Equivalence_Line_4: AGEMOEA2-random_dense-HUX to AGEMOEA2-greedy_ting-2P', 'Equivalence_Line_5: AGEMOEA2-random_dense-UX to NSGA2-random_dense-1P', 'Equivalence_Line_6: NSGA2-random_dense-UX to SMSEMOA-greedy_ting-2P', 'Equivalence_Line_7: SMSEMOA-random_dense-1P to NSGA3-greedy_ting-1P', 'Equivalence_Line_8: NSGA2-greedy_ting-HUX to NSGA2-greedy_ting-2P', 'Equivalence_Line_9: NSGA3-greedy_ting-HUX to SPEA2-greedy_ting-UX', 'Equivalence_Line_10: UNSGA3-random_dense-2P to SMSEMOA-greedy_ting-1P', 'Equivalence_Line_11: UNSGA3-greedy_ting-UX to SPEA2-greedy_ting-2P', 'Equivalence_Line_12: SPEA2-random_dense-UX to RVEA-random_dense-UX', 'Equivalence_Line_13: NSGA3-random_dense-1P to RVEA-random_dense-1P', 'Equivalence_Line_14: UNSGA3-random_dense-1P to RVEA-greedy_ting-UX', 'Equivalence_Line_15: NSGA2-random_dense-2P to RVEA-greedy_ting-HUX', 'Equivalence_Line_16: SPEA2-random_dense-2P to RVEA-greedy_ting-1P', 'Equivalence_Line_17: AGEMOEA2-greedy_ting-UX to RVEA-greedy_ting-2P', 'Equivalence_Line_18: AGEMOEA2-greedy_ting-2P to NSGA2-greedy_multi-UX', 'Equivalence_Line_19: NSGA2-random_dense-1P to SPEA2-greedy_multi-UX', 'Equivalence_Line_20: AGEMOEA2-greedy_ting-1P to AGEMOEA2-greedy_multi-UX', 'Equivalence_Line_21: SMSEMOA-greedy_ting-UX to NSGA2-greedy_multi-1P', 'Equivalence_Line_22: SPEA2-greedy_ting-UX to SPEA2-greedy_multi-2P', 'Equivalence_Line_23: RVEA-random_dense-UX to NSGA3-greedy_multi-2P', 'Equivalence_Line_24: RVEA-random_dense-HUX to UNSGA3-greedy_multi-2P', 'Equivalence_Line_25: RVEA-random_dense-2P to NSGA3-greedy_multi-1P', 'Equivalence_Line_26: RVEA-random_dense-1P to SMSEMOA-greedy_multi-HUX', 'Equivalence_Line_27: RVEA-greedy_ting-UX to SMSEMOA-greedy_multi-1P', 'Equivalence_Line_28: RVEA-greedy_ting-2P to RVEA-greedy_multi-HUX', 'Equivalence_Line_29: SPEA2-greedy_multi-HUX to RVEA-greedy_multi-1P']"
UNSGA3-random_dense-UX,1.421082791747854,"['Equivalence_Line_1: SMSEMOA-random_dense-UX to UNSGA3-greedy_ting-2P', 'Equivalence_Line_2: UNSGA3-random_dense-UX to NSGA3-greedy_ting-2P', 'Equivalence_Line_3: NSGA3-random_dense-HUX to AGEMOEA2-greedy_ting-UX', 'Equivalence_Line_4: AGEMOEA2-random_dense-HUX to AGEMOEA2-greedy_ting-2P', 'Equivalence_Line_5: AGEMOEA2-random_dense-UX to NSGA2-random_dense-1P', 'Equivalence_Line_6: NSGA2-random_dense-UX to SMSEMOA-greedy_ting-2P', 'Equivalence_Line_7: SMSEMOA-random_dense-1P to NSGA3-greedy_ting-1P', 'Equivalence_Line_8: NSGA2-greedy_ting-HUX to NSGA2-greedy_ting-2P', 'Equivalence_Line_9: NSGA3-greedy_ting-HUX to SPEA2-greedy_ting-UX', 'Equivalence_Line_10: UNSGA3-random_dense-2P to SMSEMOA-greedy_ting-1P', 'Equivalence_Line_11: UNSGA3-greedy_ting-UX to SPEA2-greedy_ting-2P', 'Equivalence_Line_12: SPEA2-random_dense-UX to RVEA-random_dense-UX', 'Equivalence_Line_13: NSGA3-random_dense-1P to RVEA-random_dense-1P', 'Equivalence_Line_14: UNSGA3-random_dense-1P to RVEA-greedy_ting-UX', 'Equivalence_Line_15: NSGA2-random_dense-2P to RVEA-greedy_ting-HUX', 'Equivalence_Line_16: SPEA2-random_dense-2P to RVEA-greedy_ting-1P', 'Equivalence_Line_17: AGEMOEA2-greedy_ting-UX to RVEA-greedy_ting-2P', 'Equivalence_Line_18: AGEMOEA2-greedy_ting-2P to NSGA2-greedy_multi-UX', 'Equivalence_Line_19: NSGA2-random_dense-1P to SPEA2-greedy_multi-UX', 'Equivalence_Line_20: AGEMOEA2-greedy_ting-1P to AGEMOEA2-greedy_multi-UX', 'Equivalence_Line_21: SMSEMOA-greedy_ting-UX to NSGA2-greedy_multi-1P', 'Equivalence_Line_22: SPEA2-greedy_ting-UX to SPEA2-greedy_multi-2P', 'Equivalence_Line_23: RVEA-random_dense-UX to NSGA3-greedy_multi-2P', 'Equivalence_Line_24: RVEA-random_dense-HUX to UNSGA3-greedy_multi-2P', 'Equivalence_Line_25: RVEA-random_dense-2P to NSGA3-greedy_multi-1P', 'Equivalence_Line_26: RVEA-random_dense-1P to SMSEMOA-greedy_multi-HUX', 'Equivalence_Line_27: RVEA-greedy_ting-UX to SMSEMOA-greedy_multi-1P', 'Equivalence_Line_28: RVEA-greedy_ting-2P to RVEA-greedy_multi-HUX', 'Equivalence_Line_29: SPEA2-greedy_multi-HUX to RVEA-greedy_multi-1P']"
UNSGA3-random_dense-HUX,1.422203173800942,"['Equivalence_Line_1: SMSEMOA-random_dense-UX to UNSGA3-greedy_ting-2P', 'Equivalence_Line_2: UNSGA3-random_dense-UX to NSGA3-greedy_ting-2P', 'Equivalence_Line_3: NSGA3-random_dense-HUX to AGEMOEA2-greedy_ting-UX', 'Equivalence_Line_4: AGEMOEA2-random_dense-HUX to AGEMOEA2-greedy_ting-2P', 'Equivalence_Line_5: AGEMOEA2-random_dense-UX to NSGA2-random_dense-1P', 'Equivalence_Line_6: NSGA2-random_dense-UX to SMSEMOA-greedy_ting-2P', 'Equivalence_Line_7: SMSEMOA-random_dense-1P to NSGA3-greedy_ting-1P', 'Equivalence_Line_8: NSGA2-greedy_ting-HUX to NSGA2-greedy_ting-2P', 'Equivalence_Line_9: NSGA3-greedy_ting-HUX to SPEA2-greedy_ting-UX', 'Equivalence_Line_10: UNSGA3-random_dense-2P to SMSEMOA-greedy_ting-1P', 'Equivalence_Line_11: UNSGA3-greedy_ting-UX to SPEA2-greedy_ting-2P', 'Equivalence_Line_12: SPEA2-random_dense-UX to RVEA-random_dense-UX', 'Equivalence_Line_13: NSGA3-random_dense-1P to RVEA-random_dense-1P', 'Equivalence_Line_14: UNSGA3-random_dense-1P to RVEA-greedy_ting-UX', 'Equivalence_Line_15: NSGA2-random_dense-2P to RVEA-greedy_ting-HUX', 'Equivalence_Line_16: SPEA2-random_dense-2P to RVEA-greedy_ting-1P', 'Equivalence_Line_17: AGEMOEA2-greedy_ting-UX to RVEA-greedy_ting-2P', 'Equivalence_Line_18: AGEMOEA2-greedy_ting-2P to NSGA2-greedy_multi-UX', 'Equivalence_Line_19: NSGA2-random_dense-1P to SPEA2-greedy_multi-UX', 'Equivalence_Line_20: AGEMOEA2-greedy_ting-1P to AGEMOEA2-greedy_multi-UX', 'Equivalence_Line_21: SMSEMOA-greedy_ting-UX to NSGA2-greedy_multi-1P', 'Equivalence_Line_22: SPEA2-greedy_ting-UX to SPEA2-greedy_multi-2P', 'Equivalence_Line_23: RVEA-random_dense-UX to NSGA3-greedy_multi-2P', 'Equivalence_Line_24: RVEA-random_dense-HUX to UNSGA3-greedy_multi-2P', 'Equivalence_Line_25: RVEA-random_dense-2P to NSGA3-greedy_multi-1P', 'Equivalence_Line_26: RVEA-random_dense-1P to SMSEMOA-greedy_multi-HUX', 'Equivalence_Line_27: RVEA-greedy_ting-UX to SMSEMOA-greedy_multi-1P', 'Equivalence_Line_28: RVEA-greedy_ting-2P to RVEA-greedy_multi-HUX', 'Equivalence_Line_29: SPEA2-greedy_multi-HUX to RVEA-greedy_multi-1P']"
NSGA3-random_dense-HUX,1.422779986819728,"['Equivalence_Line_1: SMSEMOA-random_dense-UX to UNSGA3-greedy_ting-2P', 'Equivalence_Line_2: UNSGA3-random_dense-UX to NSGA3-greedy_ting-2P', 'Equivalence_Line_3: NSGA3-random_dense-HUX to AGEMOEA2-greedy_ting-UX', 'Equivalence_Line_4: AGEMOEA2-random_dense-HUX to AGEMOEA2-greedy_ting-2P', 'Equivalence_Line_5: AGEMOEA2-random_dense-UX to NSGA2-random_dense-1P', 'Equivalence_Line_6: NSGA2-random_dense-UX to SMSEMOA-greedy_ting-2P', 'Equivalence_Line_7: SMSEMOA-random_dense-1P to NSGA3-greedy_ting-1P', 'Equivalence_Line_8: NSGA2-greedy_ting-HUX to NSGA2-greedy_ting-2P', 'Equivalence_Line_9: NSGA3-greedy_ting-HUX to SPEA2-greedy_ting-UX', 'Equivalence_Line_10: UNSGA3-random_dense-2P to SMSEMOA-greedy_ting-1P', 'Equivalence_Line_11: UNSGA3-greedy_ting-UX to SPEA2-greedy_ting-2P', 'Equivalence_Line_12: SPEA2-random_dense-UX to RVEA-random_dense-UX', 'Equivalence_Line_13: NSGA3-random_dense-1P to RVEA-random_dense-1P', 'Equivalence_Line_14: UNSGA3-random_dense-1P to RVEA-greedy_ting-UX', 'Equivalence_Line_15: NSGA2-random_dense-2P to RVEA-greedy_ting-HUX', 'Equivalence_Line_16: SPEA2-random_dense-2P to RVEA-greedy_ting-1P', 'Equivalence_Line_17: AGEMOEA2-greedy_ting-UX to RVEA-greedy_ting-2P', 'Equivalence_Line_18: AGEMOEA2-greedy_ting-2P to NSGA2-greedy_multi-UX', 'Equivalence_Line_19: NSGA2-random_dense-1P to SPEA2-greedy_multi-UX', 'Equivalence_Line_20: AGEMOEA2-greedy_ting-1P to AGEMOEA2-greedy_multi-UX', 'Equivalence_Line_21: SMSEMOA-greedy_ting-UX to NSGA2-greedy_multi-1P', 'Equivalence_Line_22: SPEA2-greedy_ting-UX to SPEA2-greedy_multi-2P', 'Equivalence_Line_23: RVEA-random_dense-UX to NSGA3-greedy_multi-2P', 'Equivalence_Line_24: RVEA-random_dense-HUX to UNSGA3-greedy_multi-2P', 'Equivalence_Line_25: RVEA-random_dense-2P to NSGA3-greedy_multi-1P', 'Equivalence_Line_26: RVEA-random_dense-1P to SMSEMOA-greedy_multi-HUX', 'Equivalence_Line_27: RVEA-greedy_ting-UX to SMSEMOA-greedy_multi-1P', 'Equivalence_Line_28: RVEA-greedy_ting-2P to RVEA-greedy_multi-HUX', 'Equivalence_Line_29: SPEA2-greedy_multi-HUX to RVEA-greedy_multi-1P']"
NSGA3-random_dense-UX,1.4228211900874088,"['Equivalence_Line_1: SMSEMOA-random_dense-UX to UNSGA3-greedy_ting-2P', 'Equivalence_Line_2: UNSGA3-random_dense-UX to NSGA3-greedy_ting-2P', 'Equivalence_Line_3: NSGA3-random_dense-HUX to AGEMOEA2-greedy_ting-UX', 'Equivalence_Line_4: AGEMOEA2-random_dense-HUX to AGEMOEA2-greedy_ting-2P', 'Equivalence_Line_5: AGEMOEA2-random_dense-UX to NSGA2-random_dense-1P', 'Equivalence_Line_6: NSGA2-random_dense-UX to SMSEMOA-greedy_ting-2P', 'Equivalence_Line_7: SMSEMOA-random_dense-1P to NSGA3-greedy_ting-1P', 'Equivalence_Line_8: NSGA2-greedy_ting-HUX to NSGA2-greedy_ting-2P', 'Equivalence_Line_9: NSGA3-greedy_ting-HUX to SPEA2-greedy_ting-UX', 'Equivalence_Line_10: UNSGA3-random_dense-2P to SMSEMOA-greedy_ting-1P', 'Equivalence_Line_11: UNSGA3-greedy_ting-UX to SPEA2-greedy_ting-2P', 'Equivalence_Line_12: SPEA2-random_dense-UX to RVEA-random_dense-UX', 'Equivalence_Line_13: NSGA3-random_dense-1P to RVEA-random_dense-1P', 'Equivalence_Line_14: UNSGA3-random_dense-1P to RVEA-greedy_ting-UX', 'Equivalence_Line_15: NSGA2-random_dense-2P to RVEA-greedy_ting-HUX', 'Equivalence_Line_16: SPEA2-random_dense-2P to RVEA-greedy_ting-1P', 'Equivalence_Line_17: AGEMOEA2-greedy_ting-UX to RVEA-greedy_ting-2P', 'Equivalence_Line_18: AGEMOEA2-greedy_ting-2P to NSGA2-greedy_multi-UX', 'Equivalence_Line_19: NSGA2-random_dense-1P to SPEA2-greedy_multi-UX', 'Equivalence_Line_20: AGEMOEA2-greedy_ting-1P to AGEMOEA2-greedy_multi-UX', 'Equivalence_Line_21: SMSEMOA-greedy_ting-UX to NSGA2-greedy_multi-1P', 'Equivalence_Line_22: SPEA2-greedy_ting-UX to SPEA2-greedy_multi-2P', 'Equivalence_Line_23: RVEA-random_dense-UX to NSGA3-greedy_multi-2P', 'Equivalence_Line_24: RVEA-random_dense-HUX to UNSGA3-greedy_multi-2P', 'Equivalence_Line_25: RVEA-random_dense-2P to NSGA3-greedy_multi-1P', 'Equivalence_Line_26: RVEA-random_dense-1P to SMSEMOA-greedy_multi-HUX', 'Equivalence_Line_27: RVEA-greedy_ting-UX to SMSEMOA-greedy_multi-1P', 'Equivalence_Line_28: RVEA-greedy_ting-2P to RVEA-greedy_multi-HUX', 'Equivalence_Line_29: SPEA2-greedy_multi-HUX to RVEA-greedy_multi-1P']"
SMSEMOA-random_dense-2P,1.4249812491513845,"['Equivalence_Line_1: SMSEMOA-random_dense-UX to UNSGA3-greedy_ting-2P', 'Equivalence_Line_2: UNSGA3-random_dense-UX to NSGA3-greedy_ting-2P', 'Equivalence_Line_3: NSGA3-random_dense-HUX to AGEMOEA2-greedy_ting-UX', 'Equivalence_Line_4: AGEMOEA2-random_dense-HUX to AGEMOEA2-greedy_ting-2P', 'Equivalence_Line_5: AGEMOEA2-random_dense-UX to NSGA2-random_dense-1P', 'Equivalence_Line_6: NSGA2-random_dense-UX to SMSEMOA-greedy_ting-2P', 'Equivalence_Line_7: SMSEMOA-random_dense-1P to NSGA3-greedy_ting-1P', 'Equivalence_Line_8: NSGA2-greedy_ting-HUX to NSGA2-greedy_ting-2P', 'Equivalence_Line_9: NSGA3-greedy_ting-HUX to SPEA2-greedy_ting-UX', 'Equivalence_Line_10: UNSGA3-random_dense-2P to SMSEMOA-greedy_ting-1P', 'Equivalence_Line_11: UNSGA3-greedy_ting-UX to SPEA2-greedy_ting-2P', 'Equivalence_Line_12: SPEA2-random_dense-UX to RVEA-random_dense-UX', 'Equivalence_Line_13: NSGA3-random_dense-1P to RVEA-random_dense-1P', 'Equivalence_Line_14: UNSGA3-random_dense-1P to RVEA-greedy_ting-UX', 'Equivalence_Line_15: NSGA2-random_dense-2P to RVEA-greedy_ting-HUX', 'Equivalence_Line_16: SPEA2-random_dense-2P to RVEA-greedy_ting-1P', 'Equivalence_Line_17: AGEMOEA2-greedy_ting-UX to RVEA-greedy_ting-2P', 'Equivalence_Line_18: AGEMOEA2-greedy_ting-2P to NSGA2-greedy_multi-UX', 'Equivalence_Line_19: NSGA2-random_dense-1P to SPEA2-greedy_multi-UX', 'Equivalence_Line_20: AGEMOEA2-greedy_ting-1P to AGEMOEA2-greedy_multi-UX', 'Equivalence_Line_21: SMSEMOA-greedy_ting-UX to NSGA2-greedy_multi-1P', 'Equivalence_Line_22: SPEA2-greedy_ting-UX to SPEA2-greedy_multi-2P', 'Equivalence_Line_23: RVEA-random_dense-UX to NSGA3-greedy_multi-2P', 'Equivalence_Line_24: RVEA-random_dense-HUX to UNSGA3-greedy_multi-2P', 'Equivalence_Line_25: RVEA-random_dense-2P to NSGA3-greedy_multi-1P', 'Equivalence_Line_26: RVEA-random_dense-1P to SMSEMOA-greedy_multi-HUX', 'Equivalence_Line_27: RVEA-greedy_ting-UX to SMSEMOA-greedy_multi-1P', 'Equivalence_Line_28: RVEA-greedy_ting-2P to RVEA-greedy_multi-HUX', 'Equivalence_Line_29: SPEA2-greedy_multi-HUX to RVEA-greedy_multi-1P']"
AGEMOEA2-random_dense-HUX,1.431949768663247,"['Equivalence_Line_1: SMSEMOA-random_dense-UX to UNSGA3-greedy_ting-2P', 'Equivalence_Line_2: UNSGA3-random_dense-UX to NSGA3-greedy_ting-2P', 'Equivalence_Line_3: NSGA3-random_dense-HUX to AGEMOEA2-greedy_ting-UX', 'Equivalence_Line_4: AGEMOEA2-random_dense-HUX to AGEMOEA2-greedy_ting-2P', 'Equivalence_Line_5: AGEMOEA2-random_dense-UX to NSGA2-random_dense-1P', 'Equivalence_Line_6: NSGA2-random_dense-UX to SMSEMOA-greedy_ting-2P', 'Equivalence_Line_7: SMSEMOA-random_dense-1P to NSGA3-greedy_ting-1P', 'Equivalence_Line_8: NSGA2-greedy_ting-HUX to NSGA2-greedy_ting-2P', 'Equivalence_Line_9: NSGA3-greedy_ting-HUX to SPEA2-greedy_ting-UX', 'Equivalence_Line_10: UNSGA3-random_dense-2P to SMSEMOA-greedy_ting-1P', 'Equivalence_Line_11: UNSGA3-greedy_ting-UX to SPEA2-greedy_ting-2P', 'Equivalence_Line_12: SPEA2-random_dense-UX to RVEA-random_dense-UX', 'Equivalence_Line_13: NSGA3-random_dense-1P to RVEA-random_dense-1P', 'Equivalence_Line_14: UNSGA3-random_dense-1P to RVEA-greedy_ting-UX', 'Equivalence_Line_15: NSGA2-random_dense-2P to RVEA-greedy_ting-HUX', 'Equivalence_Line_16: SPEA2-random_dense-2P to RVEA-greedy_ting-1P', 'Equivalence_Line_17: AGEMOEA2-greedy_ting-UX to RVEA-greedy_ting-2P', 'Equivalence_Line_18: AGEMOEA2-greedy_ting-2P to NSGA2-greedy_multi-UX', 'Equivalence_Line_19: NSGA2-random_dense-1P to SPEA2-greedy_multi-UX', 'Equivalence_Line_20: AGEMOEA2-greedy_ting-1P to AGEMOEA2-greedy_multi-UX', 'Equivalence_Line_21: SMSEMOA-greedy_ting-UX to NSGA2-greedy_multi-1P', 'Equivalence_Line_22: SPEA2-greedy_ting-UX to SPEA2-greedy_multi-2P', 'Equivalence_Line_23: RVEA-random_dense-UX to NSGA3-greedy_multi-2P', 'Equivalence_Line_24: RVEA-random_dense-HUX to UNSGA3-greedy_multi-2P', 'Equivalence_Line_25: RVEA-random_dense-2P to NSGA3-greedy_multi-1P', 'Equivalence_Line_26: RVEA-random_dense-1P to SMSEMOA-greedy_multi-HUX', 'Equivalence_Line_27: RVEA-greedy_ting-UX to SMSEMOA-greedy_multi-1P', 'Equivalence_Line_28: RVEA-greedy_ting-2P to RVEA-greedy_multi-HUX', 'Equivalence_Line_29: SPEA2-greedy_multi-HUX to RVEA-greedy_multi-1P']"
AGEMOEA2-random_dense-UX,1.435961364228175,"['Equivalence_Line_1: SMSEMOA-random_dense-UX to UNSGA3-greedy_ting-2P', 'Equivalence_Line_2: UNSGA3-random_dense-UX to NSGA3-greedy_ting-2P', 'Equivalence_Line_3: NSGA3-random_dense-HUX to AGEMOEA2-greedy_ting-UX', 'Equivalence_Line_4: AGEMOEA2-random_dense-HUX to AGEMOEA2-greedy_ting-2P', 'Equivalence_Line_5: AGEMOEA2-random_dense-UX to NSGA2-random_dense-1P', 'Equivalence_Line_6: NSGA2-random_dense-UX to SMSEMOA-greedy_ting-2P', 'Equivalence_Line_7: SMSEMOA-random_dense-1P to NSGA3-greedy_ting-1P', 'Equivalence_Line_8: NSGA2-greedy_ting-HUX to NSGA2-greedy_ting-2P', 'Equivalence_Line_9: NSGA3-greedy_ting-HUX to SPEA2-greedy_ting-UX', 'Equivalence_Line_10: UNSGA3-random_dense-2P to SMSEMOA-greedy_ting-1P', 'Equivalence_Line_11: UNSGA3-greedy_ting-UX to SPEA2-greedy_ting-2P', 'Equivalence_Line_12: SPEA2-random_dense-UX to RVEA-random_dense-UX', 'Equivalence_Line_13: NSGA3-random_dense-1P to RVEA-random_dense-1P', 'Equivalence_Line_14: UNSGA3-random_dense-1P to RVEA-greedy_ting-UX', 'Equivalence_Line_15: NSGA2-random_dense-2P to RVEA-greedy_ting-HUX', 'Equivalence_Line_16: SPEA2-random_dense-2P to RVEA-greedy_ting-1P', 'Equivalence_Line_17: AGEMOEA2-greedy_ting-UX to RVEA-greedy_ting-2P', 'Equivalence_Line_18: AGEMOEA2-greedy_ting-2P to NSGA2-greedy_multi-UX', 'Equivalence_Line_19: NSGA2-random_dense-1P to SPEA2-greedy_multi-UX', 'Equivalence_Line_20: AGEMOEA2-greedy_ting-1P to AGEMOEA2-greedy_multi-UX', 'Equivalence_Line_21: SMSEMOA-greedy_ting-UX to NSGA2-greedy_multi-1P', 'Equivalence_Line_22: SPEA2-greedy_ting-UX to SPEA2-greedy_multi-2P', 'Equivalence_Line_23: RVEA-random_dense-UX to NSGA3-greedy_multi-2P', 'Equivalence_Line_24: RVEA-random_dense-HUX to UNSGA3-greedy_multi-2P', 'Equivalence_Line_25: RVEA-random_dense-2P to NSGA3-greedy_multi-1P', 'Equivalence_Line_26: RVEA-random_dense-1P to SMSEMOA-greedy_multi-HUX', 'Equivalence_Line_27: RVEA-greedy_ting-UX to SMSEMOA-greedy_multi-1P', 'Equivalence_Line_28: RVEA-greedy_ting-2P to RVEA-greedy_multi-HUX', 'Equivalence_Line_29: SPEA2-greedy_multi-HUX to RVEA-greedy_multi-1P']"
NSGA2-random_dense-UX,1.4442939341367989,"['Equivalence_Line_1: SMSEMOA-random_dense-UX to UNSGA3-greedy_ting-2P', 'Equivalence_Line_2: UNSGA3-random_dense-UX to NSGA3-greedy_ting-2P', 'Equivalence_Line_3: NSGA3-random_dense-HUX to AGEMOEA2-greedy_ting-UX', 'Equivalence_Line_4: AGEMOEA2-random_dense-HUX to AGEMOEA2-greedy_ting-2P', 'Equivalence_Line_5: AGEMOEA2-random_dense-UX to NSGA2-random_dense-1P', 'Equivalence_Line_6: NSGA2-random_dense-UX to SMSEMOA-greedy_ting-2P', 'Equivalence_Line_7: SMSEMOA-random_dense-1P to NSGA3-greedy_ting-1P', 'Equivalence_Line_8: NSGA2-greedy_ting-HUX to NSGA2-greedy_ting-2P', 'Equivalence_Line_9: NSGA3-greedy_ting-HUX to SPEA2-greedy_ting-UX', 'Equivalence_Line_10: UNSGA3-random_dense-2P to SMSEMOA-greedy_ting-1P', 'Equivalence_Line_11: UNSGA3-greedy_ting-UX to SPEA2-greedy_ting-2P', 'Equivalence_Line_12: SPEA2-random_dense-UX to RVEA-random_dense-UX', 'Equivalence_Line_13: NSGA3-random_dense-1P to RVEA-random_dense-1P', 'Equivalence_Line_14: UNSGA3-random_dense-1P to RVEA-greedy_ting-UX', 'Equivalence_Line_15: NSGA2-random_dense-2P to RVEA-greedy_ting-HUX', 'Equivalence_Line_16: SPEA2-random_dense-2P to RVEA-greedy_ting-1P', 'Equivalence_Line_17: AGEMOEA2-greedy_ting-UX to RVEA-greedy_ting-2P', 'Equivalence_Line_18: AGEMOEA2-greedy_ting-2P to NSGA2-greedy_multi-UX', 'Equivalence_Line_19: NSGA2-random_dense-1P to SPEA2-greedy_multi-UX', 'Equivalence_Line_20: AGEMOEA2-greedy_ting-1P to AGEMOEA2-greedy_multi-UX', 'Equivalence_Line_21: SMSEMOA-greedy_ting-UX to NSGA2-greedy_multi-1P', 'Equivalence_Line_22: SPEA2-greedy_ting-UX to SPEA2-greedy_multi-2P', 'Equivalence_Line_23: RVEA-random_dense-UX to NSGA3-greedy_multi-2P', 'Equivalence_Line_24: RVEA-random_dense-HUX to UNSGA3-greedy_multi-2P', 'Equivalence_Line_25: RVEA-random_dense-2P to NSGA3-greedy_multi-1P', 'Equivalence_Line_26: RVEA-random_dense-1P to SMSEMOA-greedy_multi-HUX', 'Equivalence_Line_27: RVEA-greedy_ting-UX to SMSEMOA-greedy_multi-1P', 'Equivalence_Line_28: RVEA-greedy_ting-2P to RVEA-greedy_multi-HUX', 'Equivalence_Line_29: SPEA2-greedy_multi-HUX to RVEA-greedy_multi-1P']"
NSGA2-random_dense-HUX,1.4452052676814284,"['Equivalence_Line_1: SMSEMOA-random_dense-UX to UNSGA3-greedy_ting-2P', 'Equivalence_Line_2: UNSGA3-random_dense-UX to NSGA3-greedy_ting-2P', 'Equivalence_Line_3: NSGA3-random_dense-HUX to AGEMOEA2-greedy_ting-UX', 'Equivalence_Line_4: AGEMOEA2-random_dense-HUX to AGEMOEA2-greedy_ting-2P', 'Equivalence_Line_5: AGEMOEA2-random_dense-UX to NSGA2-random_dense-1P', 'Equivalence_Line_6: NSGA2-random_dense-UX to SMSEMOA-greedy_ting-2P', 'Equivalence_Line_7: SMSEMOA-random_dense-1P to NSGA3-greedy_ting-1P', 'Equivalence_Line_8: NSGA2-greedy_ting-HUX to NSGA2-greedy_ting-2P', 'Equivalence_Line_9: NSGA3-greedy_ting-HUX to SPEA2-greedy_ting-UX', 'Equivalence_Line_10: UNSGA3-random_dense-2P to SMSEMOA-greedy_ting-1P', 'Equivalence_Line_11: UNSGA3-greedy_ting-UX to SPEA2-greedy_ting-2P', 'Equivalence_Line_12: SPEA2-random_dense-UX to RVEA-random_dense-UX', 'Equivalence_Line_13: NSGA3-random_dense-1P to RVEA-random_dense-1P', 'Equivalence_Line_14: UNSGA3-random_dense-1P to RVEA-greedy_ting-UX', 'Equivalence_Line_15: NSGA2-random_dense-2P to RVEA-greedy_ting-HUX', 'Equivalence_Line_16: SPEA2-random_dense-2P to RVEA-greedy_ting-1P', 'Equivalence_Line_17: AGEMOEA2-greedy_ting-UX to RVEA-greedy_ting-2P', 'Equivalence_Line_18: AGEMOEA2-greedy_ting-2P to NSGA2-greedy_multi-UX', 'Equivalence_Line_19: NSGA2-random_dense-1P to SPEA2-greedy_multi-UX', 'Equivalence_Line_20: AGEMOEA2-greedy_ting-1P to AGEMOEA2-greedy_multi-UX', 'Equivalence_Line_21: SMSEMOA-greedy_ting-UX to NSGA2-greedy_multi-1P', 'Equivalence_Line_22: SPEA2-greedy_ting-UX to SPEA2-greedy_multi-2P', 'Equivalence_Line_23: RVEA-random_dense-UX to NSGA3-greedy_multi-2P', 'Equivalence_Line_24: RVEA-random_dense-HUX to UNSGA3-greedy_multi-2P', 'Equivalence_Line_25: RVEA-random_dense-2P to NSGA3-greedy_multi-1P', 'Equivalence_Line_26: RVEA-random_dense-1P to SMSEMOA-greedy_multi-HUX', 'Equivalence_Line_27: RVEA-greedy_ting-UX to SMSEMOA-greedy_multi-1P', 'Equivalence_Line_28: RVEA-greedy_ting-2P to RVEA-greedy_multi-HUX', 'Equivalence_Line_29: SPEA2-greedy_multi-HUX to RVEA-greedy_multi-1P']"
SMSEMOA-random_dense-1P,1.447980078176383,"['Equivalence_Line_1: SMSEMOA-random_dense-UX to UNSGA3-greedy_ting-2P', 'Equivalence_Line_2: UNSGA3-random_dense-UX to NSGA3-greedy_ting-2P', 'Equivalence_Line_3: NSGA3-random_dense-HUX to AGEMOEA2-greedy_ting-UX', 'Equivalence_Line_4: AGEMOEA2-random_dense-HUX to AGEMOEA2-greedy_ting-2P', 'Equivalence_Line_5: AGEMOEA2-random_dense-UX to NSGA2-random_dense-1P', 'Equivalence_Line_6: NSGA2-random_dense-UX to SMSEMOA-greedy_ting-2P', 'Equivalence_Line_7: SMSEMOA-random_dense-1P to NSGA3-greedy_ting-1P', 'Equivalence_Line_8: NSGA2-greedy_ting-HUX to NSGA2-greedy_ting-2P', 'Equivalence_Line_9: NSGA3-greedy_ting-HUX to SPEA2-greedy_ting-UX', 'Equivalence_Line_10: UNSGA3-random_dense-2P to SMSEMOA-greedy_ting-1P', 'Equivalence_Line_11: UNSGA3-greedy_ting-UX to SPEA2-greedy_ting-2P', 'Equivalence_Line_12: SPEA2-random_dense-UX to RVEA-random_dense-UX', 'Equivalence_Line_13: NSGA3-random_dense-1P to RVEA-random_dense-1P', 'Equivalence_Line_14: UNSGA3-random_dense-1P to RVEA-greedy_ting-UX', 'Equivalence_Line_15: NSGA2-random_dense-2P to RVEA-greedy_ting-HUX', 'Equivalence_Line_16: SPEA2-random_dense-2P to RVEA-greedy_ting-1P', 'Equivalence_Line_17: AGEMOEA2-greedy_ting-UX to RVEA-greedy_ting-2P', 'Equivalence_Line_18: AGEMOEA2-greedy_ting-2P to NSGA2-greedy_multi-UX', 'Equivalence_Line_19: NSGA2-random_dense-1P to SPEA2-greedy_multi-UX', 'Equivalence_Line_20: AGEMOEA2-greedy_ting-1P to AGEMOEA2-greedy_multi-UX', 'Equivalence_Line_21: SMSEMOA-greedy_ting-UX to NSGA2-greedy_multi-1P', 'Equivalence_Line_22: SPEA2-greedy_ting-UX to SPEA2-greedy_multi-2P', 'Equivalence_Line_23: RVEA-random_dense-UX to NSGA3-greedy_multi-2P', 'Equivalence_Line_24: RVEA-random_dense-HUX to UNSGA3-greedy_multi-2P', 'Equivalence_Line_25: RVEA-random_dense-2P to NSGA3-greedy_multi-1P', 'Equivalence_Line_26: RVEA-random_dense-1P to SMSEMOA-greedy_multi-HUX', 'Equivalence_Line_27: RVEA-greedy_ting-UX to SMSEMOA-greedy_multi-1P', 'Equivalence_Line_28: RVEA-greedy_ting-2P to RVEA-greedy_multi-HUX', 'Equivalence_Line_29: SPEA2-greedy_multi-HUX to RVEA-greedy_multi-1P']"
NSGA2-greedy_ting-HUX,1.4613628266240317,"['Equivalence_Line_1: SMSEMOA-random_dense-UX to UNSGA3-greedy_ting-2P', 'Equivalence_Line_2: UNSGA3-random_dense-UX to NSGA3-greedy_ting-2P', 'Equivalence_Line_3: NSGA3-random_dense-HUX to AGEMOEA2-greedy_ting-UX', 'Equivalence_Line_4: AGEMOEA2-random_dense-HUX to AGEMOEA2-greedy_ting-2P', 'Equivalence_Line_5: AGEMOEA2-random_dense-UX to NSGA2-random_dense-1P', 'Equivalence_Line_6: NSGA2-random_dense-UX to SMSEMOA-greedy_ting-2P', 'Equivalence_Line_7: SMSEMOA-random_dense-1P to NSGA3-greedy_ting-1P', 'Equivalence_Line_8: NSGA2-greedy_ting-HUX to NSGA2-greedy_ting-2P', 'Equivalence_Line_9: NSGA3-greedy_ting-HUX to SPEA2-greedy_ting-UX', 'Equivalence_Line_10: UNSGA3-random_dense-2P to SMSEMOA-greedy_ting-1P', 'Equivalence_Line_11: UNSGA3-greedy_ting-UX to SPEA2-greedy_ting-2P', 'Equivalence_Line_12: SPEA2-random_dense-UX to RVEA-random_dense-UX', 'Equivalence_Line_13: NSGA3-random_dense-1P to RVEA-random_dense-1P', 'Equivalence_Line_14: UNSGA3-random_dense-1P to RVEA-greedy_ting-UX', 'Equivalence_Line_15: NSGA2-random_dense-2P to RVEA-greedy_ting-HUX', 'Equivalence_Line_16: SPEA2-random_dense-2P to RVEA-greedy_ting-1P', 'Equivalence_Line_17: AGEMOEA2-greedy_ting-UX to RVEA-greedy_ting-2P', 'Equivalence_Line_18: AGEMOEA2-greedy_ting-2P to NSGA2-greedy_multi-UX', 'Equivalence_Line_19: NSGA2-random_dense-1P to SPEA2-greedy_multi-UX', 'Equivalence_Line_20: AGEMOEA2-greedy_ting-1P to AGEMOEA2-greedy_multi-UX', 'Equivalence_Line_21: SMSEMOA-greedy_ting-UX to NSGA2-greedy_multi-1P', 'Equivalence_Line_22: SPEA2-greedy_ting-UX to SPEA2-greedy_multi-2P', 'Equivalence_Line_23: RVEA-random_dense-UX to NSGA3-greedy_multi-2P', 'Equivalence_Line_24: RVEA-random_dense-HUX to UNSGA3-greedy_multi-2P', 'Equivalence_Line_25: RVEA-random_dense-2P to NSGA3-greedy_multi-1P', 'Equivalence_Line_26: RVEA-random_dense-1P to SMSEMOA-greedy_multi-HUX', 'Equivalence_Line_27: RVEA-greedy_ting-UX to SMSEMOA-greedy_multi-1P', 'Equivalence_Line_28: RVEA-greedy_ting-2P to RVEA-greedy_multi-HUX', 'Equivalence_Line_29: SPEA2-greedy_multi-HUX to RVEA-greedy_multi-1P']"
NSGA2-greedy_ting-UX,1.4636566375416493,"['Equivalence_Line_1: SMSEMOA-random_dense-UX to UNSGA3-greedy_ting-2P', 'Equivalence_Line_2: UNSGA3-random_dense-UX to NSGA3-greedy_ting-2P', 'Equivalence_Line_3: NSGA3-random_dense-HUX to AGEMOEA2-greedy_ting-UX', 'Equivalence_Line_4: AGEMOEA2-random_dense-HUX to AGEMOEA2-greedy_ting-2P', 'Equivalence_Line_5: AGEMOEA2-random_dense-UX to NSGA2-random_dense-1P', 'Equivalence_Line_6: NSGA2-random_dense-UX to SMSEMOA-greedy_ting-2P', 'Equivalence_Line_7: SMSEMOA-random_dense-1P to NSGA3-greedy_ting-1P', 'Equivalence_Line_8: NSGA2-greedy_ting-HUX to NSGA2-greedy_ting-2P', 'Equivalence_Line_9: NSGA3-greedy_ting-HUX to SPEA2-greedy_ting-UX', 'Equivalence_Line_10: UNSGA3-random_dense-2P to SMSEMOA-greedy_ting-1P', 'Equivalence_Line_11: UNSGA3-greedy_ting-UX to SPEA2-greedy_ting-2P', 'Equivalence_Line_12: SPEA2-random_dense-UX to RVEA-random_dense-UX', 'Equivalence_Line_13: NSGA3-random_dense-1P to RVEA-random_dense-1P', 'Equivalence_Line_14: UNSGA3-random_dense-1P to RVEA-greedy_ting-UX', 'Equivalence_Line_15: NSGA2-random_dense-2P to RVEA-greedy_ting-HUX', 'Equivalence_Line_16: SPEA2-random_dense-2P to RVEA-greedy_ting-1P', 'Equivalence_Line_17: AGEMOEA2-greedy_ting-UX to RVEA-greedy_ting-2P', 'Equivalence_Line_18: AGEMOEA2-greedy_ting-2P to NSGA2-greedy_multi-UX', 'Equivalence_Line_19: NSGA2-random_dense-1P to SPEA2-greedy_multi-UX', 'Equivalence_Line_20: AGEMOEA2-greedy_ting-1P to AGEMOEA2-greedy_multi-UX', 'Equivalence_Line_21: SMSEMOA-greedy_ting-UX to NSGA2-greedy_multi-1P', 'Equivalence_Line_22: SPEA2-greedy_ting-UX to SPEA2-greedy_multi-2P', 'Equivalence_Line_23: RVEA-random_dense-UX to NSGA3-greedy_multi-2P', 'Equivalence_Line_24: RVEA-random_dense-HUX to UNSGA3-greedy_multi-2P', 'Equivalence_Line_25: RVEA-random_dense-2P to NSGA3-greedy_multi-1P', 'Equivalence_Line_26: RVEA-random_dense-1P to SMSEMOA-greedy_multi-HUX', 'Equivalence_Line_27: RVEA-greedy_ting-UX to SMSEMOA-greedy_multi-1P', 'Equivalence_Line_28: RVEA-greedy_ting-2P to RVEA-greedy_multi-HUX', 'Equivalence_Line_29: SPEA2-greedy_multi-HUX to RVEA-greedy_multi-1P']"
NSGA3-greedy_ting-HUX,1.4690935791470667,"['Equivalence_Line_1: SMSEMOA-random_dense-UX to UNSGA3-greedy_ting-2P', 'Equivalence_Line_2: UNSGA3-random_dense-UX to NSGA3-greedy_ting-2P', 'Equivalence_Line_3: NSGA3-random_dense-HUX to AGEMOEA2-greedy_ting-UX', 'Equivalence_Line_4: AGEMOEA2-random_dense-HUX to AGEMOEA2-greedy_ting-2P', 'Equivalence_Line_5: AGEMOEA2-random_dense-UX to NSGA2-random_dense-1P', 'Equivalence_Line_6: NSGA2-random_dense-UX to SMSEMOA-greedy_ting-2P', 'Equivalence_Line_7: SMSEMOA-random_dense-1P to NSGA3-greedy_ting-1P', 'Equivalence_Line_8: NSGA2-greedy_ting-HUX to NSGA2-greedy_ting-2P', 'Equivalence_Line_9: NSGA3-greedy_ting-HUX to SPEA2-greedy_ting-UX', 'Equivalence_Line_10: UNSGA3-random_dense-2P to SMSEMOA-greedy_ting-1P', 'Equivalence_Line_11: UNSGA3-greedy_ting-UX to SPEA2-greedy_ting-2P', 'Equivalence_Line_12: SPEA2-random_dense-UX to RVEA-random_dense-UX', 'Equivalence_Line_13: NSGA3-random_dense-1P to RVEA-random_dense-1P', 'Equivalence_Line_14: UNSGA3-random_dense-1P to RVEA-greedy_ting-UX', 'Equivalence_Line_15: NSGA2-random_dense-2P to RVEA-greedy_ting-HUX', 'Equivalence_Line_16: SPEA2-random_dense-2P to RVEA-greedy_ting-1P', 'Equivalence_Line_17: AGEMOEA2-greedy_ting-UX to RVEA-greedy_ting-2P', 'Equivalence_Line_18: AGEMOEA2-greedy_ting-2P to NSGA2-greedy_multi-UX', 'Equivalence_Line_19: NSGA2-random_dense-1P to SPEA2-greedy_multi-UX', 'Equivalence_Line_20: AGEMOEA2-greedy_ting-1P to AGEMOEA2-greedy_multi-UX', 'Equivalence_Line_21: SMSEMOA-greedy_ting-UX to NSGA2-greedy_multi-1P', 'Equivalence_Line_22: SPEA2-greedy_ting-UX to SPEA2-greedy_multi-2P', 'Equivalence_Line_23: RVEA-random_dense-UX to NSGA3-greedy_multi-2P', 'Equivalence_Line_24: RVEA-random_dense-HUX to UNSGA3-greedy_multi-2P', 'Equivalence_Line_25: RVEA-random_dense-2P to NSGA3-greedy_multi-1P', 'Equivalence_Line_26: RVEA-random_dense-1P to SMSEMOA-greedy_multi-HUX', 'Equivalence_Line_27: RVEA-greedy_ting-UX to SMSEMOA-greedy_multi-1P', 'Equivalence_Line_28: RVEA-greedy_ting-2P to RVEA-greedy_multi-HUX', 'Equivalence_Line_29: SPEA2-greedy_multi-HUX to RVEA-greedy_multi-1P']"
UNSGA3-random_dense-2P,1.469795457182296,"['Equivalence_Line_1: SMSEMOA-random_dense-UX to UNSGA3-greedy_ting-2P', 'Equivalence_Line_2: UNSGA3-random_dense-UX to NSGA3-greedy_ting-2P', 'Equivalence_Line_3: NSGA3-random_dense-HUX to AGEMOEA2-greedy_ting-UX', 'Equivalence_Line_4: AGEMOEA2-random_dense-HUX to AGEMOEA2-greedy_ting-2P', 'Equivalence_Line_5: AGEMOEA2-random_dense-UX to NSGA2-random_dense-1P', 'Equivalence_Line_6: NSGA2-random_dense-UX to SMSEMOA-greedy_ting-2P', 'Equivalence_Line_7: SMSEMOA-random_dense-1P to NSGA3-greedy_ting-1P', 'Equivalence_Line_8: NSGA2-greedy_ting-HUX to NSGA2-greedy_ting-2P', 'Equivalence_Line_9: NSGA3-greedy_ting-HUX to SPEA2-greedy_ting-UX', 'Equivalence_Line_10: UNSGA3-random_dense-2P to SMSEMOA-greedy_ting-1P', 'Equivalence_Line_11: UNSGA3-greedy_ting-UX to SPEA2-greedy_ting-2P', 'Equivalence_Line_12: SPEA2-random_dense-UX to RVEA-random_dense-UX', 'Equivalence_Line_13: NSGA3-random_dense-1P to RVEA-random_dense-1P', 'Equivalence_Line_14: UNSGA3-random_dense-1P to RVEA-greedy_ting-UX', 'Equivalence_Line_15: NSGA2-random_dense-2P to RVEA-greedy_ting-HUX', 'Equivalence_Line_16: SPEA2-random_dense-2P to RVEA-greedy_ting-1P', 'Equivalence_Line_17: AGEMOEA2-greedy_ting-UX to RVEA-greedy_ting-2P', 'Equivalence_Line_18: AGEMOEA2-greedy_ting-2P to NSGA2-greedy_multi-UX', 'Equivalence_Line_19: NSGA2-random_dense-1P to SPEA2-greedy_multi-UX', 'Equivalence_Line_20: AGEMOEA2-greedy_ting-1P to AGEMOEA2-greedy_multi-UX', 'Equivalence_Line_21: SMSEMOA-greedy_ting-UX to NSGA2-greedy_multi-1P', 'Equivalence_Line_22: SPEA2-greedy_ting-UX to SPEA2-greedy_multi-2P', 'Equivalence_Line_23: RVEA-random_dense-UX to NSGA3-greedy_multi-2P', 'Equivalence_Line_24: RVEA-random_dense-HUX to UNSGA3-greedy_multi-2P', 'Equivalence_Line_25: RVEA-random_dense-2P to NSGA3-greedy_multi-1P', 'Equivalence_Line_26: RVEA-random_dense-1P to SMSEMOA-greedy_multi-HUX', 'Equivalence_Line_27: RVEA-greedy_ting-UX to SMSEMOA-greedy_multi-1P', 'Equivalence_Line_28: RVEA-greedy_ting-2P to RVEA-greedy_multi-HUX', 'Equivalence_Line_29: SPEA2-greedy_multi-HUX to RVEA-greedy_multi-1P']"
UNSGA3-greedy_ting-UX,1.471897883164362,"['Equivalence_Line_1: SMSEMOA-random_dense-UX to UNSGA3-greedy_ting-2P', 'Equivalence_Line_2: UNSGA3-random_dense-UX to NSGA3-greedy_ting-2P', 'Equivalence_Line_3: NSGA3-random_dense-HUX to AGEMOEA2-greedy_ting-UX', 'Equivalence_Line_4: AGEMOEA2-random_dense-HUX to AGEMOEA2-greedy_ting-2P', 'Equivalence_Line_5: AGEMOEA2-random_dense-UX to NSGA2-random_dense-1P', 'Equivalence_Line_6: NSGA2-random_dense-UX to SMSEMOA-greedy_ting-2P', 'Equivalence_Line_7: SMSEMOA-random_dense-1P to NSGA3-greedy_ting-1P', 'Equivalence_Line_8: NSGA2-greedy_ting-HUX to NSGA2-greedy_ting-2P', 'Equivalence_Line_9: NSGA3-greedy_ting-HUX to SPEA2-greedy_ting-UX', 'Equivalence_Line_10: UNSGA3-random_dense-2P to SMSEMOA-greedy_ting-1P', 'Equivalence_Line_11: UNSGA3-greedy_ting-UX to SPEA2-greedy_ting-2P', 'Equivalence_Line_12: SPEA2-random_dense-UX to RVEA-random_dense-UX', 'Equivalence_Line_13: NSGA3-random_dense-1P to RVEA-random_dense-1P', 'Equivalence_Line_14: UNSGA3-random_dense-1P to RVEA-greedy_ting-UX', 'Equivalence_Line_15: NSGA2-random_dense-2P to RVEA-greedy_ting-HUX', 'Equivalence_Line_16: SPEA2-random_dense-2P to RVEA-greedy_ting-1P', 'Equivalence_Line_17: AGEMOEA2-greedy_ting-UX to RVEA-greedy_ting-2P', 'Equivalence_Line_18: AGEMOEA2-greedy_ting-2P to NSGA2-greedy_multi-UX', 'Equivalence_Line_19: NSGA2-random_dense-1P to SPEA2-greedy_multi-UX', 'Equivalence_Line_20: AGEMOEA2-greedy_ting-1P to AGEMOEA2-greedy_multi-UX', 'Equivalence_Line_21: SMSEMOA-greedy_ting-UX to NSGA2-greedy_multi-1P', 'Equivalence_Line_22: SPEA2-greedy_ting-UX to SPEA2-greedy_multi-2P', 'Equivalence_Line_23: RVEA-random_dense-UX to NSGA3-greedy_multi-2P', 'Equivalence_Line_24: RVEA-random_dense-HUX to UNSGA3-greedy_multi-2P', 'Equivalence_Line_25: RVEA-random_dense-2P to NSGA3-greedy_multi-1P', 'Equivalence_Line_26: RVEA-random_dense-1P to SMSEMOA-greedy_multi-HUX', 'Equivalence_Line_27: RVEA-greedy_ting-UX to SMSEMOA-greedy_multi-1P', 'Equivalence_Line_28: RVEA-greedy_ting-2P to RVEA-greedy_multi-HUX', 'Equivalence_Line_29: SPEA2-greedy_multi-HUX to RVEA-greedy_multi-1P']"
NSGA3-random_dense-2P,1.4742595903664288,"['Equivalence_Line_1: SMSEMOA-random_dense-UX to UNSGA3-greedy_ting-2P', 'Equivalence_Line_2: UNSGA3-random_dense-UX to NSGA3-greedy_ting-2P', 'Equivalence_Line_3: NSGA3-random_dense-HUX to AGEMOEA2-greedy_ting-UX', 'Equivalence_Line_4: AGEMOEA2-random_dense-HUX to AGEMOEA2-greedy_ting-2P', 'Equivalence_Line_5: AGEMOEA2-random_dense-UX to NSGA2-random_dense-1P', 'Equivalence_Line_6: NSGA2-random_dense-UX to SMSEMOA-greedy_ting-2P', 'Equivalence_Line_7: SMSEMOA-random_dense-1P to NSGA3-greedy_ting-1P', 'Equivalence_Line_8: NSGA2-greedy_ting-HUX to NSGA2-greedy_ting-2P', 'Equivalence_Line_9: NSGA3-greedy_ting-HUX to SPEA2-greedy_ting-UX', 'Equivalence_Line_10: UNSGA3-random_dense-2P to SMSEMOA-greedy_ting-1P', 'Equivalence_Line_11: UNSGA3-greedy_ting-UX to SPEA2-greedy_ting-2P', 'Equivalence_Line_12: SPEA2-random_dense-UX to RVEA-random_dense-UX', 'Equivalence_Line_13: NSGA3-random_dense-1P to RVEA-random_dense-1P', 'Equivalence_Line_14: UNSGA3-random_dense-1P to RVEA-greedy_ting-UX', 'Equivalence_Line_15: NSGA2-random_dense-2P to RVEA-greedy_ting-HUX', 'Equivalence_Line_16: SPEA2-random_dense-2P to RVEA-greedy_ting-1P', 'Equivalence_Line_17: AGEMOEA2-greedy_ting-UX to RVEA-greedy_ting-2P', 'Equivalence_Line_18: AGEMOEA2-greedy_ting-2P to NSGA2-greedy_multi-UX', 'Equivalence_Line_19: NSGA2-random_dense-1P to SPEA2-greedy_multi-UX', 'Equivalence_Line_20: AGEMOEA2-greedy_ting-1P to AGEMOEA2-greedy_multi-UX', 'Equivalence_Line_21: SMSEMOA-greedy_ting-UX to NSGA2-greedy_multi-1P', 'Equivalence_Line_22: SPEA2-greedy_ting-UX to SPEA2-greedy_multi-2P', 'Equivalence_Line_23: RVEA-random_dense-UX to NSGA3-greedy_multi-2P', 'Equivalence_Line_24: RVEA-random_dense-HUX to UNSGA3-greedy_multi-2P', 'Equivalence_Line_25: RVEA-random_dense-2P to NSGA3-greedy_multi-1P', 'Equivalence_Line_26: RVEA-random_dense-1P to SMSEMOA-greedy_multi-HUX', 'Equivalence_Line_27: RVEA-greedy_ting-UX to SMSEMOA-greedy_multi-1P', 'Equivalence_Line_28: RVEA-greedy_ting-2P to RVEA-greedy_multi-HUX', 'Equivalence_Line_29: SPEA2-greedy_multi-HUX to RVEA-greedy_multi-1P']"
NSGA3-greedy_ting-UX,1.4756665878981265,"['Equivalence_Line_1: SMSEMOA-random_dense-UX to UNSGA3-greedy_ting-2P', 'Equivalence_Line_2: UNSGA3-random_dense-UX to NSGA3-greedy_ting-2P', 'Equivalence_Line_3: NSGA3-random_dense-HUX to AGEMOEA2-greedy_ting-UX', 'Equivalence_Line_4: AGEMOEA2-random_dense-HUX to AGEMOEA2-greedy_ting-2P', 'Equivalence_Line_5: AGEMOEA2-random_dense-UX to NSGA2-random_dense-1P', 'Equivalence_Line_6: NSGA2-random_dense-UX to SMSEMOA-greedy_ting-2P', 'Equivalence_Line_7: SMSEMOA-random_dense-1P to NSGA3-greedy_ting-1P', 'Equivalence_Line_8: NSGA2-greedy_ting-HUX to NSGA2-greedy_ting-2P', 'Equivalence_Line_9: NSGA3-greedy_ting-HUX to SPEA2-greedy_ting-UX', 'Equivalence_Line_10: UNSGA3-random_dense-2P to SMSEMOA-greedy_ting-1P', 'Equivalence_Line_11: UNSGA3-greedy_ting-UX to SPEA2-greedy_ting-2P', 'Equivalence_Line_12: SPEA2-random_dense-UX to RVEA-random_dense-UX', 'Equivalence_Line_13: NSGA3-random_dense-1P to RVEA-random_dense-1P', 'Equivalence_Line_14: UNSGA3-random_dense-1P to RVEA-greedy_ting-UX', 'Equivalence_Line_15: NSGA2-random_dense-2P to RVEA-greedy_ting-HUX', 'Equivalence_Line_16: SPEA2-random_dense-2P to RVEA-greedy_ting-1P', 'Equivalence_Line_17: AGEMOEA2-greedy_ting-UX to RVEA-greedy_ting-2P', 'Equivalence_Line_18: AGEMOEA2-greedy_ting-2P to NSGA2-greedy_multi-UX', 'Equivalence_Line_19: NSGA2-random_dense-1P to SPEA2-greedy_multi-UX', 'Equivalence_Line_20: AGEMOEA2-greedy_ting-1P to AGEMOEA2-greedy_multi-UX', 'Equivalence_Line_21: SMSEMOA-greedy_ting-UX to NSGA2-greedy_multi-1P', 'Equivalence_Line_22: SPEA2-greedy_ting-UX to SPEA2-greedy_multi-2P', 'Equivalence_Line_23: RVEA-random_dense-UX to NSGA3-greedy_multi-2P', 'Equivalence_Line_24: RVEA-random_dense-HUX to UNSGA3-greedy_multi-2P', 'Equivalence_Line_25: RVEA-random_dense-2P to NSGA3-greedy_multi-1P', 'Equivalence_Line_26: RVEA-random_dense-1P to SMSEMOA-greedy_multi-HUX', 'Equivalence_Line_27: RVEA-greedy_ting-UX to SMSEMOA-greedy_multi-1P', 'Equivalence_Line_28: RVEA-greedy_ting-2P to RVEA-greedy_multi-HUX', 'Equivalence_Line_29: SPEA2-greedy_multi-HUX to RVEA-greedy_multi-1P']"
UNSGA3-greedy_ting-HUX,1.4766886894568532,"['Equivalence_Line_1: SMSEMOA-random_dense-UX to UNSGA3-greedy_ting-2P', 'Equivalence_Line_2: UNSGA3-random_dense-UX to NSGA3-greedy_ting-2P', 'Equivalence_Line_3: NSGA3-random_dense-HUX to AGEMOEA2-greedy_ting-UX', 'Equivalence_Line_4: AGEMOEA2-random_dense-HUX to AGEMOEA2-greedy_ting-2P', 'Equivalence_Line_5: AGEMOEA2-random_dense-UX to NSGA2-random_dense-1P', 'Equivalence_Line_6: NSGA2-random_dense-UX to SMSEMOA-greedy_ting-2P', 'Equivalence_Line_7: SMSEMOA-random_dense-1P to NSGA3-greedy_ting-1P', 'Equivalence_Line_8: NSGA2-greedy_ting-HUX to NSGA2-greedy_ting-2P', 'Equivalence_Line_9: NSGA3-greedy_ting-HUX to SPEA2-greedy_ting-UX', 'Equivalence_Line_10: UNSGA3-random_dense-2P to SMSEMOA-greedy_ting-1P', 'Equivalence_Line_11: UNSGA3-greedy_ting-UX to SPEA2-greedy_ting-2P', 'Equivalence_Line_12: SPEA2-random_dense-UX to RVEA-random_dense-UX', 'Equivalence_Line_13: NSGA3-random_dense-1P to RVEA-random_dense-1P', 'Equivalence_Line_14: UNSGA3-random_dense-1P to RVEA-greedy_ting-UX', 'Equivalence_Line_15: NSGA2-random_dense-2P to RVEA-greedy_ting-HUX', 'Equivalence_Line_16: SPEA2-random_dense-2P to RVEA-greedy_ting-1P', 'Equivalence_Line_17: AGEMOEA2-greedy_ting-UX to RVEA-greedy_ting-2P', 'Equivalence_Line_18: AGEMOEA2-greedy_ting-2P to NSGA2-greedy_multi-UX', 'Equivalence_Line_19: NSGA2-random_dense-1P to SPEA2-greedy_multi-UX', 'Equivalence_Line_20: AGEMOEA2-greedy_ting-1P to AGEMOEA2-greedy_multi-UX', 'Equivalence_Line_21: SMSEMOA-greedy_ting-UX to NSGA2-greedy_multi-1P', 'Equivalence_Line_22: SPEA2-greedy_ting-UX to SPEA2-greedy_multi-2P', 'Equivalence_Line_23: RVEA-random_dense-UX to NSGA3-greedy_multi-2P', 'Equivalence_Line_24: RVEA-random_dense-HUX to UNSGA3-greedy_multi-2P', 'Equivalence_Line_25: RVEA-random_dense-2P to NSGA3-greedy_multi-1P', 'Equivalence_Line_26: RVEA-random_dense-1P to SMSEMOA-greedy_multi-HUX', 'Equivalence_Line_27: RVEA-greedy_ting-UX to SMSEMOA-greedy_multi-1P', 'Equivalence_Line_28: RVEA-greedy_ting-2P to RVEA-greedy_multi-HUX', 'Equivalence_Line_29: SPEA2-greedy_multi-HUX to RVEA-greedy_multi-1P']"
SPEA2-random_dense-HUX,1.4788457039803853,"['Equivalence_Line_1: SMSEMOA-random_dense-UX to UNSGA3-greedy_ting-2P', 'Equivalence_Line_2: UNSGA3-random_dense-UX to NSGA3-greedy_ting-2P', 'Equivalence_Line_3: NSGA3-random_dense-HUX to AGEMOEA2-greedy_ting-UX', 'Equivalence_Line_4: AGEMOEA2-random_dense-HUX to AGEMOEA2-greedy_ting-2P', 'Equivalence_Line_5: AGEMOEA2-random_dense-UX to NSGA2-random_dense-1P', 'Equivalence_Line_6: NSGA2-random_dense-UX to SMSEMOA-greedy_ting-2P', 'Equivalence_Line_7: SMSEMOA-random_dense-1P to NSGA3-greedy_ting-1P', 'Equivalence_Line_8: NSGA2-greedy_ting-HUX to NSGA2-greedy_ting-2P', 'Equivalence_Line_9: NSGA3-greedy_ting-HUX to SPEA2-greedy_ting-UX', 'Equivalence_Line_10: UNSGA3-random_dense-2P to SMSEMOA-greedy_ting-1P', 'Equivalence_Line_11: UNSGA3-greedy_ting-UX to SPEA2-greedy_ting-2P', 'Equivalence_Line_12: SPEA2-random_dense-UX to RVEA-random_dense-UX', 'Equivalence_Line_13: NSGA3-random_dense-1P to RVEA-random_dense-1P', 'Equivalence_Line_14: UNSGA3-random_dense-1P to RVEA-greedy_ting-UX', 'Equivalence_Line_15: NSGA2-random_dense-2P to RVEA-greedy_ting-HUX', 'Equivalence_Line_16: SPEA2-random_dense-2P to RVEA-greedy_ting-1P', 'Equivalence_Line_17: AGEMOEA2-greedy_ting-UX to RVEA-greedy_ting-2P', 'Equivalence_Line_18: AGEMOEA2-greedy_ting-2P to NSGA2-greedy_multi-UX', 'Equivalence_Line_19: NSGA2-random_dense-1P to SPEA2-greedy_multi-UX', 'Equivalence_Line_20: AGEMOEA2-greedy_ting-1P to AGEMOEA2-greedy_multi-UX', 'Equivalence_Line_21: SMSEMOA-greedy_ting-UX to NSGA2-greedy_multi-1P', 'Equivalence_Line_22: SPEA2-greedy_ting-UX to SPEA2-greedy_multi-2P', 'Equivalence_Line_23: RVEA-random_dense-UX to NSGA3-greedy_multi-2P', 'Equivalence_Line_24: RVEA-random_dense-HUX to UNSGA3-greedy_multi-2P', 'Equivalence_Line_25: RVEA-random_dense-2P to NSGA3-greedy_multi-1P', 'Equivalence_Line_26: RVEA-random_dense-1P to SMSEMOA-greedy_multi-HUX', 'Equivalence_Line_27: RVEA-greedy_ting-UX to SMSEMOA-greedy_multi-1P', 'Equivalence_Line_28: RVEA-greedy_ting-2P to RVEA-greedy_multi-HUX', 'Equivalence_Line_29: SPEA2-greedy_multi-HUX to RVEA-greedy_multi-1P']"
SPEA2-random_dense-UX,1.4803964842395494,"['Equivalence_Line_1: SMSEMOA-random_dense-UX to UNSGA3-greedy_ting-2P', 'Equivalence_Line_2: UNSGA3-random_dense-UX to NSGA3-greedy_ting-2P', 'Equivalence_Line_3: NSGA3-random_dense-HUX to AGEMOEA2-greedy_ting-UX', 'Equivalence_Line_4: AGEMOEA2-random_dense-HUX to AGEMOEA2-greedy_ting-2P', 'Equivalence_Line_5: AGEMOEA2-random_dense-UX to NSGA2-random_dense-1P', 'Equivalence_Line_6: NSGA2-random_dense-UX to SMSEMOA-greedy_ting-2P', 'Equivalence_Line_7: SMSEMOA-random_dense-1P to NSGA3-greedy_ting-1P', 'Equivalence_Line_8: NSGA2-greedy_ting-HUX to NSGA2-greedy_ting-2P', 'Equivalence_Line_9: NSGA3-greedy_ting-HUX to SPEA2-greedy_ting-UX', 'Equivalence_Line_10: UNSGA3-random_dense-2P to SMSEMOA-greedy_ting-1P', 'Equivalence_Line_11: UNSGA3-greedy_ting-UX to SPEA2-greedy_ting-2P', 'Equivalence_Line_12: SPEA2-random_dense-UX to RVEA-random_dense-UX', 'Equivalence_Line_13: NSGA3-random_dense-1P to RVEA-random_dense-1P', 'Equivalence_Line_14: UNSGA3-random_dense-1P to RVEA-greedy_ting-UX', 'Equivalence_Line_15: NSGA2-random_dense-2P to RVEA-greedy_ting-HUX', 'Equivalence_Line_16: SPEA2-random_dense-2P to RVEA-greedy_ting-1P', 'Equivalence_Line_17: AGEMOEA2-greedy_ting-UX to RVEA-greedy_ting-2P', 'Equivalence_Line_18: AGEMOEA2-greedy_ting-2P to NSGA2-greedy_multi-UX', 'Equivalence_Line_19: NSGA2-random_dense-1P to SPEA2-greedy_multi-UX', 'Equivalence_Line_20: AGEMOEA2-greedy_ting-1P to AGEMOEA2-greedy_multi-UX', 'Equivalence_Line_21: SMSEMOA-greedy_ting-UX to NSGA2-greedy_multi-1P', 'Equivalence_Line_22: SPEA2-greedy_ting-UX to SPEA2-greedy_multi-2P', 'Equivalence_Line_23: RVEA-random_dense-UX to NSGA3-greedy_multi-2P', 'Equivalence_Line_24: RVEA-random_dense-HUX to UNSGA3-greedy_multi-2P', 'Equivalence_Line_25: RVEA-random_dense-2P to NSGA3-greedy_multi-1P', 'Equivalence_Line_26: RVEA-random_dense-1P to SMSEMOA-greedy_multi-HUX', 'Equivalence_Line_27: RVEA-greedy_ting-UX to SMSEMOA-greedy_multi-1P', 'Equivalence_Line_28: RVEA-greedy_ting-2P to RVEA-greedy_multi-HUX', 'Equivalence_Line_29: SPEA2-greedy_multi-HUX to RVEA-greedy_multi-1P']"
AGEMOEA2-random_dense-2P,1.4807893659268019,"['Equivalence_Line_1: SMSEMOA-random_dense-UX to UNSGA3-greedy_ting-2P', 'Equivalence_Line_2: UNSGA3-random_dense-UX to NSGA3-greedy_ting-2P', 'Equivalence_Line_3: NSGA3-random_dense-HUX to AGEMOEA2-greedy_ting-UX', 'Equivalence_Line_4: AGEMOEA2-random_dense-HUX to AGEMOEA2-greedy_ting-2P', 'Equivalence_Line_5: AGEMOEA2-random_dense-UX to NSGA2-random_dense-1P', 'Equivalence_Line_6: NSGA2-random_dense-UX to SMSEMOA-greedy_ting-2P', 'Equivalence_Line_7: SMSEMOA-random_dense-1P to NSGA3-greedy_ting-1P', 'Equivalence_Line_8: NSGA2-greedy_ting-HUX to NSGA2-greedy_ting-2P', 'Equivalence_Line_9: NSGA3-greedy_ting-HUX to SPEA2-greedy_ting-UX', 'Equivalence_Line_10: UNSGA3-random_dense-2P to SMSEMOA-greedy_ting-1P', 'Equivalence_Line_11: UNSGA3-greedy_ting-UX to SPEA2-greedy_ting-2P', 'Equivalence_Line_12: SPEA2-random_dense-UX to RVEA-random_dense-UX', 'Equivalence_Line_13: NSGA3-random_dense-1P to RVEA-random_dense-1P', 'Equivalence_Line_14: UNSGA3-random_dense-1P to RVEA-greedy_ting-UX', 'Equivalence_Line_15: NSGA2-random_dense-2P to RVEA-greedy_ting-HUX', 'Equivalence_Line_16: SPEA2-random_dense-2P to RVEA-greedy_ting-1P', 'Equivalence_Line_17: AGEMOEA2-greedy_ting-UX to RVEA-greedy_ting-2P', 'Equivalence_Line_18: AGEMOEA2-greedy_ting-2P to NSGA2-greedy_multi-UX', 'Equivalence_Line_19: NSGA2-random_dense-1P to SPEA2-greedy_multi-UX', 'Equivalence_Line_20: AGEMOEA2-greedy_ting-1P to AGEMOEA2-greedy_multi-UX', 'Equivalence_Line_21: SMSEMOA-greedy_ting-UX to NSGA2-greedy_multi-1P', 'Equivalence_Line_22: SPEA2-greedy_ting-UX to SPEA2-greedy_multi-2P', 'Equivalence_Line_23: RVEA-random_dense-UX to NSGA3-greedy_multi-2P', 'Equivalence_Line_24: RVEA-random_dense-HUX to UNSGA3-greedy_multi-2P', 'Equivalence_Line_25: RVEA-random_dense-2P to NSGA3-greedy_multi-1P', 'Equivalence_Line_26: RVEA-random_dense-1P to SMSEMOA-greedy_multi-HUX', 'Equivalence_Line_27: RVEA-greedy_ting-UX to SMSEMOA-greedy_multi-1P', 'Equivalence_Line_28: RVEA-greedy_ting-2P to RVEA-greedy_multi-HUX', 'Equivalence_Line_29: SPEA2-greedy_multi-HUX to RVEA-greedy_multi-1P']"
NSGA3-random_dense-1P,1.4909219587419766,"['Equivalence_Line_1: SMSEMOA-random_dense-UX to UNSGA3-greedy_ting-2P', 'Equivalence_Line_2: UNSGA3-random_dense-UX to NSGA3-greedy_ting-2P', 'Equivalence_Line_3: NSGA3-random_dense-HUX to AGEMOEA2-greedy_ting-UX', 'Equivalence_Line_4: AGEMOEA2-random_dense-HUX to AGEMOEA2-greedy_ting-2P', 'Equivalence_Line_5: AGEMOEA2-random_dense-UX to NSGA2-random_dense-1P', 'Equivalence_Line_6: NSGA2-random_dense-UX to SMSEMOA-greedy_ting-2P', 'Equivalence_Line_7: SMSEMOA-random_dense-1P to NSGA3-greedy_ting-1P', 'Equivalence_Line_8: NSGA2-greedy_ting-HUX to NSGA2-greedy_ting-2P', 'Equivalence_Line_9: NSGA3-greedy_ting-HUX to SPEA2-greedy_ting-UX', 'Equivalence_Line_10: UNSGA3-random_dense-2P to SMSEMOA-greedy_ting-1P', 'Equivalence_Line_11: UNSGA3-greedy_ting-UX to SPEA2-greedy_ting-2P', 'Equivalence_Line_12: SPEA2-random_dense-UX to RVEA-random_dense-UX', 'Equivalence_Line_13: NSGA3-random_dense-1P to RVEA-random_dense-1P', 'Equivalence_Line_14: UNSGA3-random_dense-1P to RVEA-greedy_ting-UX', 'Equivalence_Line_15: NSGA2-random_dense-2P to RVEA-greedy_ting-HUX', 'Equivalence_Line_16: SPEA2-random_dense-2P to RVEA-greedy_ting-1P', 'Equivalence_Line_17: AGEMOEA2-greedy_ting-UX to RVEA-greedy_ting-2P', 'Equivalence_Line_18: AGEMOEA2-greedy_ting-2P to NSGA2-greedy_multi-UX', 'Equivalence_Line_19: NSGA2-random_dense-1P to SPEA2-greedy_multi-UX', 'Equivalence_Line_20: AGEMOEA2-greedy_ting-1P to AGEMOEA2-greedy_multi-UX', 'Equivalence_Line_21: SMSEMOA-greedy_ting-UX to NSGA2-greedy_multi-1P', 'Equivalence_Line_22: SPEA2-greedy_ting-UX to SPEA2-greedy_multi-2P', 'Equivalence_Line_23: RVEA-random_dense-UX to NSGA3-greedy_multi-2P', 'Equivalence_Line_24: RVEA-random_dense-HUX to UNSGA3-greedy_multi-2P', 'Equivalence_Line_25: RVEA-random_dense-2P to NSGA3-greedy_multi-1P', 'Equivalence_Line_26: RVEA-random_dense-1P to SMSEMOA-greedy_multi-HUX', 'Equivalence_Line_27: RVEA-greedy_ting-UX to SMSEMOA-greedy_multi-1P', 'Equivalence_Line_28: RVEA-greedy_ting-2P to RVEA-greedy_multi-HUX', 'Equivalence_Line_29: SPEA2-greedy_multi-HUX to RVEA-greedy_multi-1P']"
UNSGA3-greedy_ting-2P,1.492719410025972,"['Equivalence_Line_1: SMSEMOA-random_dense-UX to UNSGA3-greedy_ting-2P', 'Equivalence_Line_2: UNSGA3-random_dense-UX to NSGA3-greedy_ting-2P', 'Equivalence_Line_3: NSGA3-random_dense-HUX to AGEMOEA2-greedy_ting-UX', 'Equivalence_Line_4: AGEMOEA2-random_dense-HUX to AGEMOEA2-greedy_ting-2P', 'Equivalence_Line_5: AGEMOEA2-random_dense-UX to NSGA2-random_dense-1P', 'Equivalence_Line_6: NSGA2-random_dense-UX to SMSEMOA-greedy_ting-2P', 'Equivalence_Line_7: SMSEMOA-random_dense-1P to NSGA3-greedy_ting-1P', 'Equivalence_Line_8: NSGA2-greedy_ting-HUX to NSGA2-greedy_ting-2P', 'Equivalence_Line_9: NSGA3-greedy_ting-HUX to SPEA2-greedy_ting-UX', 'Equivalence_Line_10: UNSGA3-random_dense-2P to SMSEMOA-greedy_ting-1P', 'Equivalence_Line_11: UNSGA3-greedy_ting-UX to SPEA2-greedy_ting-2P', 'Equivalence_Line_12: SPEA2-random_dense-UX to RVEA-random_dense-UX', 'Equivalence_Line_13: NSGA3-random_dense-1P to RVEA-random_dense-1P', 'Equivalence_Line_14: UNSGA3-random_dense-1P to RVEA-greedy_ting-UX', 'Equivalence_Line_15: NSGA2-random_dense-2P to RVEA-greedy_ting-HUX', 'Equivalence_Line_16: SPEA2-random_dense-2P to RVEA-greedy_ting-1P', 'Equivalence_Line_17: AGEMOEA2-greedy_ting-UX to RVEA-greedy_ting-2P', 'Equivalence_Line_18: AGEMOEA2-greedy_ting-2P to NSGA2-greedy_multi-UX', 'Equivalence_Line_19: NSGA2-random_dense-1P to SPEA2-greedy_multi-UX', 'Equivalence_Line_20: AGEMOEA2-greedy_ting-1P to AGEMOEA2-greedy_multi-UX', 'Equivalence_Line_21: SMSEMOA-greedy_ting-UX to NSGA2-greedy_multi-1P', 'Equivalence_Line_22: SPEA2-greedy_ting-UX to SPEA2-greedy_multi-2P', 'Equivalence_Line_23: RVEA-random_dense-UX to NSGA3-greedy_multi-2P', 'Equivalence_Line_24: RVEA-random_dense-HUX to UNSGA3-greedy_multi-2P', 'Equivalence_Line_25: RVEA-random_dense-2P to NSGA3-greedy_multi-1P', 'Equivalence_Line_26: RVEA-random_dense-1P to SMSEMOA-greedy_multi-HUX', 'Equivalence_Line_27: RVEA-greedy_ting-UX to SMSEMOA-greedy_multi-1P', 'Equivalence_Line_28: RVEA-greedy_ting-2P to RVEA-greedy_multi-HUX', 'Equivalence_Line_29: SPEA2-greedy_multi-HUX to RVEA-greedy_multi-1P']"
AGEMOEA2-random_dense-1P,1.4958983320186776,"['Equivalence_Line_1: SMSEMOA-random_dense-UX to UNSGA3-greedy_ting-2P', 'Equivalence_Line_2: UNSGA3-random_dense-UX to NSGA3-greedy_ting-2P', 'Equivalence_Line_3: NSGA3-random_dense-HUX to AGEMOEA2-greedy_ting-UX', 'Equivalence_Line_4: AGEMOEA2-random_dense-HUX to AGEMOEA2-greedy_ting-2P', 'Equivalence_Line_5: AGEMOEA2-random_dense-UX to NSGA2-random_dense-1P', 'Equivalence_Line_6: NSGA2-random_dense-UX to SMSEMOA-greedy_ting-2P', 'Equivalence_Line_7: SMSEMOA-random_dense-1P to NSGA3-greedy_ting-1P', 'Equivalence_Line_8: NSGA2-greedy_ting-HUX to NSGA2-greedy_ting-2P', 'Equivalence_Line_9: NSGA3-greedy_ting-HUX to SPEA2-greedy_ting-UX', 'Equivalence_Line_10: UNSGA3-random_dense-2P to SMSEMOA-greedy_ting-1P', 'Equivalence_Line_11: UNSGA3-greedy_ting-UX to SPEA2-greedy_ting-2P', 'Equivalence_Line_12: SPEA2-random_dense-UX to RVEA-random_dense-UX', 'Equivalence_Line_13: NSGA3-random_dense-1P to RVEA-random_dense-1P', 'Equivalence_Line_14: UNSGA3-random_dense-1P to RVEA-greedy_ting-UX', 'Equivalence_Line_15: NSGA2-random_dense-2P to RVEA-greedy_ting-HUX', 'Equivalence_Line_16: SPEA2-random_dense-2P to RVEA-greedy_ting-1P', 'Equivalence_Line_17: AGEMOEA2-greedy_ting-UX to RVEA-greedy_ting-2P', 'Equivalence_Line_18: AGEMOEA2-greedy_ting-2P to NSGA2-greedy_multi-UX', 'Equivalence_Line_19: NSGA2-random_dense-1P to SPEA2-greedy_multi-UX', 'Equivalence_Line_20: AGEMOEA2-greedy_ting-1P to AGEMOEA2-greedy_multi-UX', 'Equivalence_Line_21: SMSEMOA-greedy_ting-UX to NSGA2-greedy_multi-1P', 'Equivalence_Line_22: SPEA2-greedy_ting-UX to SPEA2-greedy_multi-2P', 'Equivalence_Line_23: RVEA-random_dense-UX to NSGA3-greedy_multi-2P', 'Equivalence_Line_24: RVEA-random_dense-HUX to UNSGA3-greedy_multi-2P', 'Equivalence_Line_25: RVEA-random_dense-2P to NSGA3-greedy_multi-1P', 'Equivalence_Line_26: RVEA-random_dense-1P to SMSEMOA-greedy_multi-HUX', 'Equivalence_Line_27: RVEA-greedy_ting-UX to SMSEMOA-greedy_multi-1P', 'Equivalence_Line_28: RVEA-greedy_ting-2P to RVEA-greedy_multi-HUX', 'Equivalence_Line_29: SPEA2-greedy_multi-HUX to RVEA-greedy_multi-1P']"
UNSGA3-random_dense-1P,1.4963281785711633,"['Equivalence_Line_1: SMSEMOA-random_dense-UX to UNSGA3-greedy_ting-2P', 'Equivalence_Line_2: UNSGA3-random_dense-UX to NSGA3-greedy_ting-2P', 'Equivalence_Line_3: NSGA3-random_dense-HUX to AGEMOEA2-greedy_ting-UX', 'Equivalence_Line_4: AGEMOEA2-random_dense-HUX to AGEMOEA2-greedy_ting-2P', 'Equivalence_Line_5: AGEMOEA2-random_dense-UX to NSGA2-random_dense-1P', 'Equivalence_Line_6: NSGA2-random_dense-UX to SMSEMOA-greedy_ting-2P', 'Equivalence_Line_7: SMSEMOA-random_dense-1P to NSGA3-greedy_ting-1P', 'Equivalence_Line_8: NSGA2-greedy_ting-HUX to NSGA2-greedy_ting-2P', 'Equivalence_Line_9: NSGA3-greedy_ting-HUX to SPEA2-greedy_ting-UX', 'Equivalence_Line_10: UNSGA3-random_dense-2P to SMSEMOA-greedy_ting-1P', 'Equivalence_Line_11: UNSGA3-greedy_ting-UX to SPEA2-greedy_ting-2P', 'Equivalence_Line_12: SPEA2-random_dense-UX to RVEA-random_dense-UX', 'Equivalence_Line_13: NSGA3-random_dense-1P to RVEA-random_dense-1P', 'Equivalence_Line_14: UNSGA3-random_dense-1P to RVEA-greedy_ting-UX', 'Equivalence_Line_15: NSGA2-random_dense-2P to RVEA-greedy_ting-HUX', 'Equivalence_Line_16: SPEA2-random_dense-2P to RVEA-greedy_ting-1P', 'Equivalence_Line_17: AGEMOEA2-greedy_ting-UX to RVEA-greedy_ting-2P', 'Equivalence_Line_18: AGEMOEA2-greedy_ting-2P to NSGA2-greedy_multi-UX', 'Equivalence_Line_19: NSGA2-random_dense-1P to SPEA2-greedy_multi-UX', 'Equivalence_Line_20: AGEMOEA2-greedy_ting-1P to AGEMOEA2-greedy_multi-UX', 'Equivalence_Line_21: SMSEMOA-greedy_ting-UX to NSGA2-greedy_multi-1P', 'Equivalence_Line_22: SPEA2-greedy_ting-UX to SPEA2-greedy_multi-2P', 'Equivalence_Line_23: RVEA-random_dense-UX to NSGA3-greedy_multi-2P', 'Equivalence_Line_24: RVEA-random_dense-HUX to UNSGA3-greedy_multi-2P', 'Equivalence_Line_25: RVEA-random_dense-2P to NSGA3-greedy_multi-1P', 'Equivalence_Line_26: RVEA-random_dense-1P to SMSEMOA-greedy_multi-HUX', 'Equivalence_Line_27: RVEA-greedy_ting-UX to SMSEMOA-greedy_multi-1P', 'Equivalence_Line_28: RVEA-greedy_ting-2P to RVEA-greedy_multi-HUX', 'Equivalence_Line_29: SPEA2-greedy_multi-HUX to RVEA-greedy_multi-1P']"
NSGA2-random_dense-2P,1.498864612948365,"['Equivalence_Line_1: SMSEMOA-random_dense-UX to UNSGA3-greedy_ting-2P', 'Equivalence_Line_2: UNSGA3-random_dense-UX to NSGA3-greedy_ting-2P', 'Equivalence_Line_3: NSGA3-random_dense-HUX to AGEMOEA2-greedy_ting-UX', 'Equivalence_Line_4: AGEMOEA2-random_dense-HUX to AGEMOEA2-greedy_ting-2P', 'Equivalence_Line_5: AGEMOEA2-random_dense-UX to NSGA2-random_dense-1P', 'Equivalence_Line_6: NSGA2-random_dense-UX to SMSEMOA-greedy_ting-2P', 'Equivalence_Line_7: SMSEMOA-random_dense-1P to NSGA3-greedy_ting-1P', 'Equivalence_Line_8: NSGA2-greedy_ting-HUX to NSGA2-greedy_ting-2P', 'Equivalence_Line_9: NSGA3-greedy_ting-HUX to SPEA2-greedy_ting-UX', 'Equivalence_Line_10: UNSGA3-random_dense-2P to SMSEMOA-greedy_ting-1P', 'Equivalence_Line_11: UNSGA3-greedy_ting-UX to SPEA2-greedy_ting-2P', 'Equivalence_Line_12: SPEA2-random_dense-UX to RVEA-random_dense-UX', 'Equivalence_Line_13: NSGA3-random_dense-1P to RVEA-random_dense-1P', 'Equivalence_Line_14: UNSGA3-random_dense-1P to RVEA-greedy_ting-UX', 'Equivalence_Line_15: NSGA2-random_dense-2P to RVEA-greedy_ting-HUX', 'Equivalence_Line_16: SPEA2-random_dense-2P to RVEA-greedy_ting-1P', 'Equivalence_Line_17: AGEMOEA2-greedy_ting-UX to RVEA-greedy_ting-2P', 'Equivalence_Line_18: AGEMOEA2-greedy_ting-2P to NSGA2-greedy_multi-UX', 'Equivalence_Line_19: NSGA2-random_dense-1P to SPEA2-greedy_multi-UX', 'Equivalence_Line_20: AGEMOEA2-greedy_ting-1P to AGEMOEA2-greedy_multi-UX', 'Equivalence_Line_21: SMSEMOA-greedy_ting-UX to NSGA2-greedy_multi-1P', 'Equivalence_Line_22: SPEA2-greedy_ting-UX to SPEA2-greedy_multi-2P', 'Equivalence_Line_23: RVEA-random_dense-UX to NSGA3-greedy_multi-2P', 'Equivalence_Line_24: RVEA-random_dense-HUX to UNSGA3-greedy_multi-2P', 'Equivalence_Line_25: RVEA-random_dense-2P to NSGA3-greedy_multi-1P', 'Equivalence_Line_26: RVEA-random_dense-1P to SMSEMOA-greedy_multi-HUX', 'Equivalence_Line_27: RVEA-greedy_ting-UX to SMSEMOA-greedy_multi-1P', 'Equivalence_Line_28: RVEA-greedy_ting-2P to RVEA-greedy_multi-HUX', 'Equivalence_Line_29: SPEA2-greedy_multi-HUX to RVEA-greedy_multi-1P']"
SPEA2-random_dense-2P,1.5002333183436893,"['Equivalence_Line_1: SMSEMOA-random_dense-UX to UNSGA3-greedy_ting-2P', 'Equivalence_Line_2: UNSGA3-random_dense-UX to NSGA3-greedy_ting-2P', 'Equivalence_Line_3: NSGA3-random_dense-HUX to AGEMOEA2-greedy_ting-UX', 'Equivalence_Line_4: AGEMOEA2-random_dense-HUX to AGEMOEA2-greedy_ting-2P', 'Equivalence_Line_5: AGEMOEA2-random_dense-UX to NSGA2-random_dense-1P', 'Equivalence_Line_6: NSGA2-random_dense-UX to SMSEMOA-greedy_ting-2P', 'Equivalence_Line_7: SMSEMOA-random_dense-1P to NSGA3-greedy_ting-1P', 'Equivalence_Line_8: NSGA2-greedy_ting-HUX to NSGA2-greedy_ting-2P', 'Equivalence_Line_9: NSGA3-greedy_ting-HUX to SPEA2-greedy_ting-UX', 'Equivalence_Line_10: UNSGA3-random_dense-2P to SMSEMOA-greedy_ting-1P', 'Equivalence_Line_11: UNSGA3-greedy_ting-UX to SPEA2-greedy_ting-2P', 'Equivalence_Line_12: SPEA2-random_dense-UX to RVEA-random_dense-UX', 'Equivalence_Line_13: NSGA3-random_dense-1P to RVEA-random_dense-1P', 'Equivalence_Line_14: UNSGA3-random_dense-1P to RVEA-greedy_ting-UX', 'Equivalence_Line_15: NSGA2-random_dense-2P to RVEA-greedy_ting-HUX', 'Equivalence_Line_16: SPEA2-random_dense-2P to RVEA-greedy_ting-1P', 'Equivalence_Line_17: AGEMOEA2-greedy_ting-UX to RVEA-greedy_ting-2P', 'Equivalence_Line_18: AGEMOEA2-greedy_ting-2P to NSGA2-greedy_multi-UX', 'Equivalence_Line_19: NSGA2-random_dense-1P to SPEA2-greedy_multi-UX', 'Equivalence_Line_20: AGEMOEA2-greedy_ting-1P to AGEMOEA2-greedy_multi-UX', 'Equivalence_Line_21: SMSEMOA-greedy_ting-UX to NSGA2-greedy_multi-1P', 'Equivalence_Line_22: SPEA2-greedy_ting-UX to SPEA2-greedy_multi-2P', 'Equivalence_Line_23: RVEA-random_dense-UX to NSGA3-greedy_multi-2P', 'Equivalence_Line_24: RVEA-random_dense-HUX to UNSGA3-greedy_multi-2P', 'Equivalence_Line_25: RVEA-random_dense-2P to NSGA3-greedy_multi-1P', 'Equivalence_Line_26: RVEA-random_dense-1P to SMSEMOA-greedy_multi-HUX', 'Equivalence_Line_27: RVEA-greedy_ting-UX to SMSEMOA-greedy_multi-1P', 'Equivalence_Line_28: RVEA-greedy_ting-2P to RVEA-greedy_multi-HUX', 'Equivalence_Line_29: SPEA2-greedy_multi-HUX to RVEA-greedy_multi-1P']"
NSGA3-greedy_ting-2P,1.500382373933575,"['Equivalence_Line_1: SMSEMOA-random_dense-UX to UNSGA3-greedy_ting-2P', 'Equivalence_Line_2: UNSGA3-random_dense-UX to NSGA3-greedy_ting-2P', 'Equivalence_Line_3: NSGA3-random_dense-HUX to AGEMOEA2-greedy_ting-UX', 'Equivalence_Line_4: AGEMOEA2-random_dense-HUX to AGEMOEA2-greedy_ting-2P', 'Equivalence_Line_5: AGEMOEA2-random_dense-UX to NSGA2-random_dense-1P', 'Equivalence_Line_6: NSGA2-random_dense-UX to SMSEMOA-greedy_ting-2P', 'Equivalence_Line_7: SMSEMOA-random_dense-1P to NSGA3-greedy_ting-1P', 'Equivalence_Line_8: NSGA2-greedy_ting-HUX to NSGA2-greedy_ting-2P', 'Equivalence_Line_9: NSGA3-greedy_ting-HUX to SPEA2-greedy_ting-UX', 'Equivalence_Line_10: UNSGA3-random_dense-2P to SMSEMOA-greedy_ting-1P', 'Equivalence_Line_11: UNSGA3-greedy_ting-UX to SPEA2-greedy_ting-2P', 'Equivalence_Line_12: SPEA2-random_dense-UX to RVEA-random_dense-UX', 'Equivalence_Line_13: NSGA3-random_dense-1P to RVEA-random_dense-1P', 'Equivalence_Line_14: UNSGA3-random_dense-1P to RVEA-greedy_ting-UX', 'Equivalence_Line_15: NSGA2-random_dense-2P to RVEA-greedy_ting-HUX', 'Equivalence_Line_16: SPEA2-random_dense-2P to RVEA-greedy_ting-1P', 'Equivalence_Line_17: AGEMOEA2-greedy_ting-UX to RVEA-greedy_ting-2P', 'Equivalence_Line_18: AGEMOEA2-greedy_ting-2P to NSGA2-greedy_multi-UX', 'Equivalence_Line_19: NSGA2-random_dense-1P to SPEA2-greedy_multi-UX', 'Equivalence_Line_20: AGEMOEA2-greedy_ting-1P to AGEMOEA2-greedy_multi-UX', 'Equivalence_Line_21: SMSEMOA-greedy_ting-UX to NSGA2-greedy_multi-1P', 'Equivalence_Line_22: SPEA2-greedy_ting-UX to SPEA2-greedy_multi-2P', 'Equivalence_Line_23: RVEA-random_dense-UX to NSGA3-greedy_multi-2P', 'Equivalence_Line_24: RVEA-random_dense-HUX to UNSGA3-greedy_multi-2P', 'Equivalence_Line_25: RVEA-random_dense-2P to NSGA3-greedy_multi-1P', 'Equivalence_Line_26: RVEA-random_dense-1P to SMSEMOA-greedy_multi-HUX', 'Equivalence_Line_27: RVEA-greedy_ting-UX to SMSEMOA-greedy_multi-1P', 'Equivalence_Line_28: RVEA-greedy_ting-2P to RVEA-greedy_multi-HUX', 'Equivalence_Line_29: SPEA2-greedy_multi-HUX to RVEA-greedy_multi-1P']"
AGEMOEA2-greedy_ting-UX,1.5043021904041274,"['Equivalence_Line_1: SMSEMOA-random_dense-UX to UNSGA3-greedy_ting-2P', 'Equivalence_Line_2: UNSGA3-random_dense-UX to NSGA3-greedy_ting-2P', 'Equivalence_Line_3: NSGA3-random_dense-HUX to AGEMOEA2-greedy_ting-UX', 'Equivalence_Line_4: AGEMOEA2-random_dense-HUX to AGEMOEA2-greedy_ting-2P', 'Equivalence_Line_5: AGEMOEA2-random_dense-UX to NSGA2-random_dense-1P', 'Equivalence_Line_6: NSGA2-random_dense-UX to SMSEMOA-greedy_ting-2P', 'Equivalence_Line_7: SMSEMOA-random_dense-1P to NSGA3-greedy_ting-1P', 'Equivalence_Line_8: NSGA2-greedy_ting-HUX to NSGA2-greedy_ting-2P', 'Equivalence_Line_9: NSGA3-greedy_ting-HUX to SPEA2-greedy_ting-UX', 'Equivalence_Line_10: UNSGA3-random_dense-2P to SMSEMOA-greedy_ting-1P', 'Equivalence_Line_11: UNSGA3-greedy_ting-UX to SPEA2-greedy_ting-2P', 'Equivalence_Line_12: SPEA2-random_dense-UX to RVEA-random_dense-UX', 'Equivalence_Line_13: NSGA3-random_dense-1P to RVEA-random_dense-1P', 'Equivalence_Line_14: UNSGA3-random_dense-1P to RVEA-greedy_ting-UX', 'Equivalence_Line_15: NSGA2-random_dense-2P to RVEA-greedy_ting-HUX', 'Equivalence_Line_16: SPEA2-random_dense-2P to RVEA-greedy_ting-1P', 'Equivalence_Line_17: AGEMOEA2-greedy_ting-UX to RVEA-greedy_ting-2P', 'Equivalence_Line_18: AGEMOEA2-greedy_ting-2P to NSGA2-greedy_multi-UX', 'Equivalence_Line_19: NSGA2-random_dense-1P to SPEA2-greedy_multi-UX', 'Equivalence_Line_20: AGEMOEA2-greedy_ting-1P to AGEMOEA2-greedy_multi-UX', 'Equivalence_Line_21: SMSEMOA-greedy_ting-UX to NSGA2-greedy_multi-1P', 'Equivalence_Line_22: SPEA2-greedy_ting-UX to SPEA2-greedy_multi-2P', 'Equivalence_Line_23: RVEA-random_dense-UX to NSGA3-greedy_multi-2P', 'Equivalence_Line_24: RVEA-random_dense-HUX to UNSGA3-greedy_multi-2P', 'Equivalence_Line_25: RVEA-random_dense-2P to NSGA3-greedy_multi-1P', 'Equivalence_Line_26: RVEA-random_dense-1P to SMSEMOA-greedy_multi-HUX', 'Equivalence_Line_27: RVEA-greedy_ting-UX to SMSEMOA-greedy_multi-1P', 'Equivalence_Line_28: RVEA-greedy_ting-2P to RVEA-greedy_multi-HUX', 'Equivalence_Line_29: SPEA2-greedy_multi-HUX to RVEA-greedy_multi-1P']"
AGEMOEA2-greedy_ting-HUX,1.505257474262679,"['Equivalence_Line_1: SMSEMOA-random_dense-UX to UNSGA3-greedy_ting-2P', 'Equivalence_Line_2: UNSGA3-random_dense-UX to NSGA3-greedy_ting-2P', 'Equivalence_Line_3: NSGA3-random_dense-HUX to AGEMOEA2-greedy_ting-UX', 'Equivalence_Line_4: AGEMOEA2-random_dense-HUX to AGEMOEA2-greedy_ting-2P', 'Equivalence_Line_5: AGEMOEA2-random_dense-UX to NSGA2-random_dense-1P', 'Equivalence_Line_6: NSGA2-random_dense-UX to SMSEMOA-greedy_ting-2P', 'Equivalence_Line_7: SMSEMOA-random_dense-1P to NSGA3-greedy_ting-1P', 'Equivalence_Line_8: NSGA2-greedy_ting-HUX to NSGA2-greedy_ting-2P', 'Equivalence_Line_9: NSGA3-greedy_ting-HUX to SPEA2-greedy_ting-UX', 'Equivalence_Line_10: UNSGA3-random_dense-2P to SMSEMOA-greedy_ting-1P', 'Equivalence_Line_11: UNSGA3-greedy_ting-UX to SPEA2-greedy_ting-2P', 'Equivalence_Line_12: SPEA2-random_dense-UX to RVEA-random_dense-UX', 'Equivalence_Line_13: NSGA3-random_dense-1P to RVEA-random_dense-1P', 'Equivalence_Line_14: UNSGA3-random_dense-1P to RVEA-greedy_ting-UX', 'Equivalence_Line_15: NSGA2-random_dense-2P to RVEA-greedy_ting-HUX', 'Equivalence_Line_16: SPEA2-random_dense-2P to RVEA-greedy_ting-1P', 'Equivalence_Line_17: AGEMOEA2-greedy_ting-UX to RVEA-greedy_ting-2P', 'Equivalence_Line_18: AGEMOEA2-greedy_ting-2P to NSGA2-greedy_multi-UX', 'Equivalence_Line_19: NSGA2-random_dense-1P to SPEA2-greedy_multi-UX', 'Equivalence_Line_20: AGEMOEA2-greedy_ting-1P to AGEMOEA2-greedy_multi-UX', 'Equivalence_Line_21: SMSEMOA-greedy_ting-UX to NSGA2-greedy_multi-1P', 'Equivalence_Line_22: SPEA2-greedy_ting-UX to SPEA2-greedy_multi-2P', 'Equivalence_Line_23: RVEA-random_dense-UX to NSGA3-greedy_multi-2P', 'Equivalence_Line_24: RVEA-random_dense-HUX to UNSGA3-greedy_multi-2P', 'Equivalence_Line_25: RVEA-random_dense-2P to NSGA3-greedy_multi-1P', 'Equivalence_Line_26: RVEA-random_dense-1P to SMSEMOA-greedy_multi-HUX', 'Equivalence_Line_27: RVEA-greedy_ting-UX to SMSEMOA-greedy_multi-1P', 'Equivalence_Line_28: RVEA-greedy_ting-2P to RVEA-greedy_multi-HUX', 'Equivalence_Line_29: SPEA2-greedy_multi-HUX to RVEA-greedy_multi-1P']"
AGEMOEA2-greedy_ting-2P,1.5083830903972244,"['Equivalence_Line_1: SMSEMOA-random_dense-UX to UNSGA3-greedy_ting-2P', 'Equivalence_Line_2: UNSGA3-random_dense-UX to NSGA3-greedy_ting-2P', 'Equivalence_Line_3: NSGA3-random_dense-HUX to AGEMOEA2-greedy_ting-UX', 'Equivalence_Line_4: AGEMOEA2-random_dense-HUX to AGEMOEA2-greedy_ting-2P', 'Equivalence_Line_5: AGEMOEA2-random_dense-UX to NSGA2-random_dense-1P', 'Equivalence_Line_6: NSGA2-random_dense-UX to SMSEMOA-greedy_ting-2P', 'Equivalence_Line_7: SMSEMOA-random_dense-1P to NSGA3-greedy_ting-1P', 'Equivalence_Line_8: NSGA2-greedy_ting-HUX to NSGA2-greedy_ting-2P', 'Equivalence_Line_9: NSGA3-greedy_ting-HUX to SPEA2-greedy_ting-UX', 'Equivalence_Line_10: UNSGA3-random_dense-2P to SMSEMOA-greedy_ting-1P', 'Equivalence_Line_11: UNSGA3-greedy_ting-UX to SPEA2-greedy_ting-2P', 'Equivalence_Line_12: SPEA2-random_dense-UX to RVEA-random_dense-UX', 'Equivalence_Line_13: NSGA3-random_dense-1P to RVEA-random_dense-1P', 'Equivalence_Line_14: UNSGA3-random_dense-1P to RVEA-greedy_ting-UX', 'Equivalence_Line_15: NSGA2-random_dense-2P to RVEA-greedy_ting-HUX', 'Equivalence_Line_16: SPEA2-random_dense-2P to RVEA-greedy_ting-1P', 'Equivalence_Line_17: AGEMOEA2-greedy_ting-UX to RVEA-greedy_ting-2P', 'Equivalence_Line_18: AGEMOEA2-greedy_ting-2P to NSGA2-greedy_multi-UX', 'Equivalence_Line_19: NSGA2-random_dense-1P to SPEA2-greedy_multi-UX', 'Equivalence_Line_20: AGEMOEA2-greedy_ting-1P to AGEMOEA2-greedy_multi-UX', 'Equivalence_Line_21: SMSEMOA-greedy_ting-UX to NSGA2-greedy_multi-1P', 'Equivalence_Line_22: SPEA2-greedy_ting-UX to SPEA2-greedy_multi-2P', 'Equivalence_Line_23: RVEA-random_dense-UX to NSGA3-greedy_multi-2P', 'Equivalence_Line_24: RVEA-random_dense-HUX to UNSGA3-greedy_multi-2P', 'Equivalence_Line_25: RVEA-random_dense-2P to NSGA3-greedy_multi-1P', 'Equivalence_Line_26: RVEA-random_dense-1P to SMSEMOA-greedy_multi-HUX', 'Equivalence_Line_27: RVEA-greedy_ting-UX to SMSEMOA-greedy_multi-1P', 'Equivalence_Line_28: RVEA-greedy_ting-2P to RVEA-greedy_multi-HUX', 'Equivalence_Line_29: SPEA2-greedy_multi-HUX to RVEA-greedy_multi-1P']"
NSGA2-random_dense-1P,1.5087827907503746,"['Equivalence_Line_1: SMSEMOA-random_dense-UX to UNSGA3-greedy_ting-2P', 'Equivalence_Line_2: UNSGA3-random_dense-UX to NSGA3-greedy_ting-2P', 'Equivalence_Line_3: NSGA3-random_dense-HUX to AGEMOEA2-greedy_ting-UX', 'Equivalence_Line_4: AGEMOEA2-random_dense-HUX to AGEMOEA2-greedy_ting-2P', 'Equivalence_Line_5: AGEMOEA2-random_dense-UX to NSGA2-random_dense-1P', 'Equivalence_Line_6: NSGA2-random_dense-UX to SMSEMOA-greedy_ting-2P', 'Equivalence_Line_7: SMSEMOA-random_dense-1P to NSGA3-greedy_ting-1P', 'Equivalence_Line_8: NSGA2-greedy_ting-HUX to NSGA2-greedy_ting-2P', 'Equivalence_Line_9: NSGA3-greedy_ting-HUX to SPEA2-greedy_ting-UX', 'Equivalence_Line_10: UNSGA3-random_dense-2P to SMSEMOA-greedy_ting-1P', 'Equivalence_Line_11: UNSGA3-greedy_ting-UX to SPEA2-greedy_ting-2P', 'Equivalence_Line_12: SPEA2-random_dense-UX to RVEA-random_dense-UX', 'Equivalence_Line_13: NSGA3-random_dense-1P to RVEA-random_dense-1P', 'Equivalence_Line_14: UNSGA3-random_dense-1P to RVEA-greedy_ting-UX', 'Equivalence_Line_15: NSGA2-random_dense-2P to RVEA-greedy_ting-HUX', 'Equivalence_Line_16: SPEA2-random_dense-2P to RVEA-greedy_ting-1P', 'Equivalence_Line_17: AGEMOEA2-greedy_ting-UX to RVEA-greedy_ting-2P', 'Equivalence_Line_18: AGEMOEA2-greedy_ting-2P to NSGA2-greedy_multi-UX', 'Equivalence_Line_19: NSGA2-random_dense-1P to SPEA2-greedy_multi-UX', 'Equivalence_Line_20: AGEMOEA2-greedy_ting-1P to AGEMOEA2-greedy_multi-UX', 'Equivalence_Line_21: SMSEMOA-greedy_ting-UX to NSGA2-greedy_multi-1P', 'Equivalence_Line_22: SPEA2-greedy_ting-UX to SPEA2-greedy_multi-2P', 'Equivalence_Line_23: RVEA-random_dense-UX to NSGA3-greedy_multi-2P', 'Equivalence_Line_24: RVEA-random_dense-HUX to UNSGA3-greedy_multi-2P', 'Equivalence_Line_25: RVEA-random_dense-2P to NSGA3-greedy_multi-1P', 'Equivalence_Line_26: RVEA-random_dense-1P to SMSEMOA-greedy_multi-HUX', 'Equivalence_Line_27: RVEA-greedy_ting-UX to SMSEMOA-greedy_multi-1P', 'Equivalence_Line_28: RVEA-greedy_ting-2P to RVEA-greedy_multi-HUX', 'Equivalence_Line_29: SPEA2-greedy_multi-HUX to RVEA-greedy_multi-1P']"
SPEA2-random_dense-1P,1.5143751779303856,"['Equivalence_Line_1: SMSEMOA-random_dense-UX to UNSGA3-greedy_ting-2P', 'Equivalence_Line_2: UNSGA3-random_dense-UX to NSGA3-greedy_ting-2P', 'Equivalence_Line_3: NSGA3-random_dense-HUX to AGEMOEA2-greedy_ting-UX', 'Equivalence_Line_4: AGEMOEA2-random_dense-HUX to AGEMOEA2-greedy_ting-2P', 'Equivalence_Line_5: AGEMOEA2-random_dense-UX to NSGA2-random_dense-1P', 'Equivalence_Line_6: NSGA2-random_dense-UX to SMSEMOA-greedy_ting-2P', 'Equivalence_Line_7: SMSEMOA-random_dense-1P to NSGA3-greedy_ting-1P', 'Equivalence_Line_8: NSGA2-greedy_ting-HUX to NSGA2-greedy_ting-2P', 'Equivalence_Line_9: NSGA3-greedy_ting-HUX to SPEA2-greedy_ting-UX', 'Equivalence_Line_10: UNSGA3-random_dense-2P to SMSEMOA-greedy_ting-1P', 'Equivalence_Line_11: UNSGA3-greedy_ting-UX to SPEA2-greedy_ting-2P', 'Equivalence_Line_12: SPEA2-random_dense-UX to RVEA-random_dense-UX', 'Equivalence_Line_13: NSGA3-random_dense-1P to RVEA-random_dense-1P', 'Equivalence_Line_14: UNSGA3-random_dense-1P to RVEA-greedy_ting-UX', 'Equivalence_Line_15: NSGA2-random_dense-2P to RVEA-greedy_ting-HUX', 'Equivalence_Line_16: SPEA2-random_dense-2P to RVEA-greedy_ting-1P', 'Equivalence_Line_17: AGEMOEA2-greedy_ting-UX to RVEA-greedy_ting-2P', 'Equivalence_Line_18: AGEMOEA2-greedy_ting-2P to NSGA2-greedy_multi-UX', 'Equivalence_Line_19: NSGA2-random_dense-1P to SPEA2-greedy_multi-UX', 'Equivalence_Line_20: AGEMOEA2-greedy_ting-1P to AGEMOEA2-greedy_multi-UX', 'Equivalence_Line_21: SMSEMOA-greedy_ting-UX to NSGA2-greedy_multi-1P', 'Equivalence_Line_22: SPEA2-greedy_ting-UX to SPEA2-greedy_multi-2P', 'Equivalence_Line_23: RVEA-random_dense-UX to NSGA3-greedy_multi-2P', 'Equivalence_Line_24: RVEA-random_dense-HUX to UNSGA3-greedy_multi-2P', 'Equivalence_Line_25: RVEA-random_dense-2P to NSGA3-greedy_multi-1P', 'Equivalence_Line_26: RVEA-random_dense-1P to SMSEMOA-greedy_multi-HUX', 'Equivalence_Line_27: RVEA-greedy_ting-UX to SMSEMOA-greedy_multi-1P', 'Equivalence_Line_28: RVEA-greedy_ting-2P to RVEA-greedy_multi-HUX', 'Equivalence_Line_29: SPEA2-greedy_multi-HUX to RVEA-greedy_multi-1P']"
SMSEMOA-greedy_ting-2P,1.5153006528775073,"['Equivalence_Line_1: SMSEMOA-random_dense-UX to UNSGA3-greedy_ting-2P', 'Equivalence_Line_2: UNSGA3-random_dense-UX to NSGA3-greedy_ting-2P', 'Equivalence_Line_3: NSGA3-random_dense-HUX to AGEMOEA2-greedy_ting-UX', 'Equivalence_Line_4: AGEMOEA2-random_dense-HUX to AGEMOEA2-greedy_ting-2P', 'Equivalence_Line_5: AGEMOEA2-random_dense-UX to NSGA2-random_dense-1P', 'Equivalence_Line_6: NSGA2-random_dense-UX to SMSEMOA-greedy_ting-2P', 'Equivalence_Line_7: SMSEMOA-random_dense-1P to NSGA3-greedy_ting-1P', 'Equivalence_Line_8: NSGA2-greedy_ting-HUX to NSGA2-greedy_ting-2P', 'Equivalence_Line_9: NSGA3-greedy_ting-HUX to SPEA2-greedy_ting-UX', 'Equivalence_Line_10: UNSGA3-random_dense-2P to SMSEMOA-greedy_ting-1P', 'Equivalence_Line_11: UNSGA3-greedy_ting-UX to SPEA2-greedy_ting-2P', 'Equivalence_Line_12: SPEA2-random_dense-UX to RVEA-random_dense-UX', 'Equivalence_Line_13: NSGA3-random_dense-1P to RVEA-random_dense-1P', 'Equivalence_Line_14: UNSGA3-random_dense-1P to RVEA-greedy_ting-UX', 'Equivalence_Line_15: NSGA2-random_dense-2P to RVEA-greedy_ting-HUX', 'Equivalence_Line_16: SPEA2-random_dense-2P to RVEA-greedy_ting-1P', 'Equivalence_Line_17: AGEMOEA2-greedy_ting-UX to RVEA-greedy_ting-2P', 'Equivalence_Line_18: AGEMOEA2-greedy_ting-2P to NSGA2-greedy_multi-UX', 'Equivalence_Line_19: NSGA2-random_dense-1P to SPEA2-greedy_multi-UX', 'Equivalence_Line_20: AGEMOEA2-greedy_ting-1P to AGEMOEA2-greedy_multi-UX', 'Equivalence_Line_21: SMSEMOA-greedy_ting-UX to NSGA2-greedy_multi-1P', 'Equivalence_Line_22: SPEA2-greedy_ting-UX to SPEA2-greedy_multi-2P', 'Equivalence_Line_23: RVEA-random_dense-UX to NSGA3-greedy_multi-2P', 'Equivalence_Line_24: RVEA-random_dense-HUX to UNSGA3-greedy_multi-2P', 'Equivalence_Line_25: RVEA-random_dense-2P to NSGA3-greedy_multi-1P', 'Equivalence_Line_26: RVEA-random_dense-1P to SMSEMOA-greedy_multi-HUX', 'Equivalence_Line_27: RVEA-greedy_ting-UX to SMSEMOA-greedy_multi-1P', 'Equivalence_Line_28: RVEA-greedy_ting-2P to RVEA-greedy_multi-HUX', 'Equivalence_Line_29: SPEA2-greedy_multi-HUX to RVEA-greedy_multi-1P']"
AGEMOEA2-greedy_ting-1P,1.5172062216540316,"['Equivalence_Line_1: SMSEMOA-random_dense-UX to UNSGA3-greedy_ting-2P', 'Equivalence_Line_2: UNSGA3-random_dense-UX to NSGA3-greedy_ting-2P', 'Equivalence_Line_3: NSGA3-random_dense-HUX to AGEMOEA2-greedy_ting-UX', 'Equivalence_Line_4: AGEMOEA2-random_dense-HUX to AGEMOEA2-greedy_ting-2P', 'Equivalence_Line_5: AGEMOEA2-random_dense-UX to NSGA2-random_dense-1P', 'Equivalence_Line_6: NSGA2-random_dense-UX to SMSEMOA-greedy_ting-2P', 'Equivalence_Line_7: SMSEMOA-random_dense-1P to NSGA3-greedy_ting-1P', 'Equivalence_Line_8: NSGA2-greedy_ting-HUX to NSGA2-greedy_ting-2P', 'Equivalence_Line_9: NSGA3-greedy_ting-HUX to SPEA2-greedy_ting-UX', 'Equivalence_Line_10: UNSGA3-random_dense-2P to SMSEMOA-greedy_ting-1P', 'Equivalence_Line_11: UNSGA3-greedy_ting-UX to SPEA2-greedy_ting-2P', 'Equivalence_Line_12: SPEA2-random_dense-UX to RVEA-random_dense-UX', 'Equivalence_Line_13: NSGA3-random_dense-1P to RVEA-random_dense-1P', 'Equivalence_Line_14: UNSGA3-random_dense-1P to RVEA-greedy_ting-UX', 'Equivalence_Line_15: NSGA2-random_dense-2P to RVEA-greedy_ting-HUX', 'Equivalence_Line_16: SPEA2-random_dense-2P to RVEA-greedy_ting-1P', 'Equivalence_Line_17: AGEMOEA2-greedy_ting-UX to RVEA-greedy_ting-2P', 'Equivalence_Line_18: AGEMOEA2-greedy_ting-2P to NSGA2-greedy_multi-UX', 'Equivalence_Line_19: NSGA2-random_dense-1P to SPEA2-greedy_multi-UX', 'Equivalence_Line_20: AGEMOEA2-greedy_ting-1P to AGEMOEA2-greedy_multi-UX', 'Equivalence_Line_21: SMSEMOA-greedy_ting-UX to NSGA2-greedy_multi-1P', 'Equivalence_Line_22: SPEA2-greedy_ting-UX to SPEA2-greedy_multi-2P', 'Equivalence_Line_23: RVEA-random_dense-UX to NSGA3-greedy_multi-2P', 'Equivalence_Line_24: RVEA-random_dense-HUX to UNSGA3-greedy_multi-2P', 'Equivalence_Line_25: RVEA-random_dense-2P to NSGA3-greedy_multi-1P', 'Equivalence_Line_26: RVEA-random_dense-1P to SMSEMOA-greedy_multi-HUX', 'Equivalence_Line_27: RVEA-greedy_ting-UX to SMSEMOA-greedy_multi-1P', 'Equivalence_Line_28: RVEA-greedy_ting-2P to RVEA-greedy_multi-HUX', 'Equivalence_Line_29: SPEA2-greedy_multi-HUX to RVEA-greedy_multi-1P']"
NSGA3-greedy_ting-1P,1.5179384827662046,"['Equivalence_Line_1: SMSEMOA-random_dense-UX to UNSGA3-greedy_ting-2P', 'Equivalence_Line_2: UNSGA3-random_dense-UX to NSGA3-greedy_ting-2P', 'Equivalence_Line_3: NSGA3-random_dense-HUX to AGEMOEA2-greedy_ting-UX', 'Equivalence_Line_4: AGEMOEA2-random_dense-HUX to AGEMOEA2-greedy_ting-2P', 'Equivalence_Line_5: AGEMOEA2-random_dense-UX to NSGA2-random_dense-1P', 'Equivalence_Line_6: NSGA2-random_dense-UX to SMSEMOA-greedy_ting-2P', 'Equivalence_Line_7: SMSEMOA-random_dense-1P to NSGA3-greedy_ting-1P', 'Equivalence_Line_8: NSGA2-greedy_ting-HUX to NSGA2-greedy_ting-2P', 'Equivalence_Line_9: NSGA3-greedy_ting-HUX to SPEA2-greedy_ting-UX', 'Equivalence_Line_10: UNSGA3-random_dense-2P to SMSEMOA-greedy_ting-1P', 'Equivalence_Line_11: UNSGA3-greedy_ting-UX to SPEA2-greedy_ting-2P', 'Equivalence_Line_12: SPEA2-random_dense-UX to RVEA-random_dense-UX', 'Equivalence_Line_13: NSGA3-random_dense-1P to RVEA-random_dense-1P', 'Equivalence_Line_14: UNSGA3-random_dense-1P to RVEA-greedy_ting-UX', 'Equivalence_Line_15: NSGA2-random_dense-2P to RVEA-greedy_ting-HUX', 'Equivalence_Line_16: SPEA2-random_dense-2P to RVEA-greedy_ting-1P', 'Equivalence_Line_17: AGEMOEA2-greedy_ting-UX to RVEA-greedy_ting-2P', 'Equivalence_Line_18: AGEMOEA2-greedy_ting-2P to NSGA2-greedy_multi-UX', 'Equivalence_Line_19: NSGA2-random_dense-1P to SPEA2-greedy_multi-UX', 'Equivalence_Line_20: AGEMOEA2-greedy_ting-1P to AGEMOEA2-greedy_multi-UX', 'Equivalence_Line_21: SMSEMOA-greedy_ting-UX to NSGA2-greedy_multi-1P', 'Equivalence_Line_22: SPEA2-greedy_ting-UX to SPEA2-greedy_multi-2P', 'Equivalence_Line_23: RVEA-random_dense-UX to NSGA3-greedy_multi-2P', 'Equivalence_Line_24: RVEA-random_dense-HUX to UNSGA3-greedy_multi-2P', 'Equivalence_Line_25: RVEA-random_dense-2P to NSGA3-greedy_multi-1P', 'Equivalence_Line_26: RVEA-random_dense-1P to SMSEMOA-greedy_multi-HUX', 'Equivalence_Line_27: RVEA-greedy_ting-UX to SMSEMOA-greedy_multi-1P', 'Equivalence_Line_28: RVEA-greedy_ting-2P to RVEA-greedy_multi-HUX', 'Equivalence_Line_29: SPEA2-greedy_multi-HUX to RVEA-greedy_multi-1P']"
UNSGA3-greedy_ting-1P,1.5182547082789473,"['Equivalence_Line_1: SMSEMOA-random_dense-UX to UNSGA3-greedy_ting-2P', 'Equivalence_Line_2: UNSGA3-random_dense-UX to NSGA3-greedy_ting-2P', 'Equivalence_Line_3: NSGA3-random_dense-HUX to AGEMOEA2-greedy_ting-UX', 'Equivalence_Line_4: AGEMOEA2-random_dense-HUX to AGEMOEA2-greedy_ting-2P', 'Equivalence_Line_5: AGEMOEA2-random_dense-UX to NSGA2-random_dense-1P', 'Equivalence_Line_6: NSGA2-random_dense-UX to SMSEMOA-greedy_ting-2P', 'Equivalence_Line_7: SMSEMOA-random_dense-1P to NSGA3-greedy_ting-1P', 'Equivalence_Line_8: NSGA2-greedy_ting-HUX to NSGA2-greedy_ting-2P', 'Equivalence_Line_9: NSGA3-greedy_ting-HUX to SPEA2-greedy_ting-UX', 'Equivalence_Line_10: UNSGA3-random_dense-2P to SMSEMOA-greedy_ting-1P', 'Equivalence_Line_11: UNSGA3-greedy_ting-UX to SPEA2-greedy_ting-2P', 'Equivalence_Line_12: SPEA2-random_dense-UX to RVEA-random_dense-UX', 'Equivalence_Line_13: NSGA3-random_dense-1P to RVEA-random_dense-1P', 'Equivalence_Line_14: UNSGA3-random_dense-1P to RVEA-greedy_ting-UX', 'Equivalence_Line_15: NSGA2-random_dense-2P to RVEA-greedy_ting-HUX', 'Equivalence_Line_16: SPEA2-random_dense-2P to RVEA-greedy_ting-1P', 'Equivalence_Line_17: AGEMOEA2-greedy_ting-UX to RVEA-greedy_ting-2P', 'Equivalence_Line_18: AGEMOEA2-greedy_ting-2P to NSGA2-greedy_multi-UX', 'Equivalence_Line_19: NSGA2-random_dense-1P to SPEA2-greedy_multi-UX', 'Equivalence_Line_20: AGEMOEA2-greedy_ting-1P to AGEMOEA2-greedy_multi-UX', 'Equivalence_Line_21: SMSEMOA-greedy_ting-UX to NSGA2-greedy_multi-1P', 'Equivalence_Line_22: SPEA2-greedy_ting-UX to SPEA2-greedy_multi-2P', 'Equivalence_Line_23: RVEA-random_dense-UX to NSGA3-greedy_multi-2P', 'Equivalence_Line_24: RVEA-random_dense-HUX to UNSGA3-greedy_multi-2P', 'Equivalence_Line_25: RVEA-random_dense-2P to NSGA3-greedy_multi-1P', 'Equivalence_Line_26: RVEA-random_dense-1P to SMSEMOA-greedy_multi-HUX', 'Equivalence_Line_27: RVEA-greedy_ting-UX to SMSEMOA-greedy_multi-1P', 'Equivalence_Line_28: RVEA-greedy_ting-2P to RVEA-greedy_multi-HUX', 'Equivalence_Line_29: SPEA2-greedy_multi-HUX to RVEA-greedy_multi-1P']"
NSGA2-greedy_ting-2P,1.5196236555027283,"['Equivalence_Line_1: SMSEMOA-random_dense-UX to UNSGA3-greedy_ting-2P', 'Equivalence_Line_2: UNSGA3-random_dense-UX to NSGA3-greedy_ting-2P', 'Equivalence_Line_3: NSGA3-random_dense-HUX to AGEMOEA2-greedy_ting-UX', 'Equivalence_Line_4: AGEMOEA2-random_dense-HUX to AGEMOEA2-greedy_ting-2P', 'Equivalence_Line_5: AGEMOEA2-random_dense-UX to NSGA2-random_dense-1P', 'Equivalence_Line_6: NSGA2-random_dense-UX to SMSEMOA-greedy_ting-2P', 'Equivalence_Line_7: SMSEMOA-random_dense-1P to NSGA3-greedy_ting-1P', 'Equivalence_Line_8: NSGA2-greedy_ting-HUX to NSGA2-greedy_ting-2P', 'Equivalence_Line_9: NSGA3-greedy_ting-HUX to SPEA2-greedy_ting-UX', 'Equivalence_Line_10: UNSGA3-random_dense-2P to SMSEMOA-greedy_ting-1P', 'Equivalence_Line_11: UNSGA3-greedy_ting-UX to SPEA2-greedy_ting-2P', 'Equivalence_Line_12: SPEA2-random_dense-UX to RVEA-random_dense-UX', 'Equivalence_Line_13: NSGA3-random_dense-1P to RVEA-random_dense-1P', 'Equivalence_Line_14: UNSGA3-random_dense-1P to RVEA-greedy_ting-UX', 'Equivalence_Line_15: NSGA2-random_dense-2P to RVEA-greedy_ting-HUX', 'Equivalence_Line_16: SPEA2-random_dense-2P to RVEA-greedy_ting-1P', 'Equivalence_Line_17: AGEMOEA2-greedy_ting-UX to RVEA-greedy_ting-2P', 'Equivalence_Line_18: AGEMOEA2-greedy_ting-2P to NSGA2-greedy_multi-UX', 'Equivalence_Line_19: NSGA2-random_dense-1P to SPEA2-greedy_multi-UX', 'Equivalence_Line_20: AGEMOEA2-greedy_ting-1P to AGEMOEA2-greedy_multi-UX', 'Equivalence_Line_21: SMSEMOA-greedy_ting-UX to NSGA2-greedy_multi-1P', 'Equivalence_Line_22: SPEA2-greedy_ting-UX to SPEA2-greedy_multi-2P', 'Equivalence_Line_23: RVEA-random_dense-UX to NSGA3-greedy_multi-2P', 'Equivalence_Line_24: RVEA-random_dense-HUX to UNSGA3-greedy_multi-2P', 'Equivalence_Line_25: RVEA-random_dense-2P to NSGA3-greedy_multi-1P', 'Equivalence_Line_26: RVEA-random_dense-1P to SMSEMOA-greedy_multi-HUX', 'Equivalence_Line_27: RVEA-greedy_ting-UX to SMSEMOA-greedy_multi-1P', 'Equivalence_Line_28: RVEA-greedy_ting-2P to RVEA-greedy_multi-HUX', 'Equivalence_Line_29: SPEA2-greedy_multi-HUX to RVEA-greedy_multi-1P']"
SMSEMOA-greedy_ting-UX,1.5315415200445657,"['Equivalence_Line_1: SMSEMOA-random_dense-UX to UNSGA3-greedy_ting-2P', 'Equivalence_Line_2: UNSGA3-random_dense-UX to NSGA3-greedy_ting-2P', 'Equivalence_Line_3: NSGA3-random_dense-HUX to AGEMOEA2-greedy_ting-UX', 'Equivalence_Line_4: AGEMOEA2-random_dense-HUX to AGEMOEA2-greedy_ting-2P', 'Equivalence_Line_5: AGEMOEA2-random_dense-UX to NSGA2-random_dense-1P', 'Equivalence_Line_6: NSGA2-random_dense-UX to SMSEMOA-greedy_ting-2P', 'Equivalence_Line_7: SMSEMOA-random_dense-1P to NSGA3-greedy_ting-1P', 'Equivalence_Line_8: NSGA2-greedy_ting-HUX to NSGA2-greedy_ting-2P', 'Equivalence_Line_9: NSGA3-greedy_ting-HUX to SPEA2-greedy_ting-UX', 'Equivalence_Line_10: UNSGA3-random_dense-2P to SMSEMOA-greedy_ting-1P', 'Equivalence_Line_11: UNSGA3-greedy_ting-UX to SPEA2-greedy_ting-2P', 'Equivalence_Line_12: SPEA2-random_dense-UX to RVEA-random_dense-UX', 'Equivalence_Line_13: NSGA3-random_dense-1P to RVEA-random_dense-1P', 'Equivalence_Line_14: UNSGA3-random_dense-1P to RVEA-greedy_ting-UX', 'Equivalence_Line_15: NSGA2-random_dense-2P to RVEA-greedy_ting-HUX', 'Equivalence_Line_16: SPEA2-random_dense-2P to RVEA-greedy_ting-1P', 'Equivalence_Line_17: AGEMOEA2-greedy_ting-UX to RVEA-greedy_ting-2P', 'Equivalence_Line_18: AGEMOEA2-greedy_ting-2P to NSGA2-greedy_multi-UX', 'Equivalence_Line_19: NSGA2-random_dense-1P to SPEA2-greedy_multi-UX', 'Equivalence_Line_20: AGEMOEA2-greedy_ting-1P to AGEMOEA2-greedy_multi-UX', 'Equivalence_Line_21: SMSEMOA-greedy_ting-UX to NSGA2-greedy_multi-1P', 'Equivalence_Line_22: SPEA2-greedy_ting-UX to SPEA2-greedy_multi-2P', 'Equivalence_Line_23: RVEA-random_dense-UX to NSGA3-greedy_multi-2P', 'Equivalence_Line_24: RVEA-random_dense-HUX to UNSGA3-greedy_multi-2P', 'Equivalence_Line_25: RVEA-random_dense-2P to NSGA3-greedy_multi-1P', 'Equivalence_Line_26: RVEA-random_dense-1P to SMSEMOA-greedy_multi-HUX', 'Equivalence_Line_27: RVEA-greedy_ting-UX to SMSEMOA-greedy_multi-1P', 'Equivalence_Line_28: RVEA-greedy_ting-2P to RVEA-greedy_multi-HUX', 'Equivalence_Line_29: SPEA2-greedy_multi-HUX to RVEA-greedy_multi-1P']"
SMSEMOA-greedy_ting-HUX,1.533382834219359,"['Equivalence_Line_1: SMSEMOA-random_dense-UX to UNSGA3-greedy_ting-2P', 'Equivalence_Line_2: UNSGA3-random_dense-UX to NSGA3-greedy_ting-2P', 'Equivalence_Line_3: NSGA3-random_dense-HUX to AGEMOEA2-greedy_ting-UX', 'Equivalence_Line_4: AGEMOEA2-random_dense-HUX to AGEMOEA2-greedy_ting-2P', 'Equivalence_Line_5: AGEMOEA2-random_dense-UX to NSGA2-random_dense-1P', 'Equivalence_Line_6: NSGA2-random_dense-UX to SMSEMOA-greedy_ting-2P', 'Equivalence_Line_7: SMSEMOA-random_dense-1P to NSGA3-greedy_ting-1P', 'Equivalence_Line_8: NSGA2-greedy_ting-HUX to NSGA2-greedy_ting-2P', 'Equivalence_Line_9: NSGA3-greedy_ting-HUX to SPEA2-greedy_ting-UX', 'Equivalence_Line_10: UNSGA3-random_dense-2P to SMSEMOA-greedy_ting-1P', 'Equivalence_Line_11: UNSGA3-greedy_ting-UX to SPEA2-greedy_ting-2P', 'Equivalence_Line_12: SPEA2-random_dense-UX to RVEA-random_dense-UX', 'Equivalence_Line_13: NSGA3-random_dense-1P to RVEA-random_dense-1P', 'Equivalence_Line_14: UNSGA3-random_dense-1P to RVEA-greedy_ting-UX', 'Equivalence_Line_15: NSGA2-random_dense-2P to RVEA-greedy_ting-HUX', 'Equivalence_Line_16: SPEA2-random_dense-2P to RVEA-greedy_ting-1P', 'Equivalence_Line_17: AGEMOEA2-greedy_ting-UX to RVEA-greedy_ting-2P', 'Equivalence_Line_18: AGEMOEA2-greedy_ting-2P to NSGA2-greedy_multi-UX', 'Equivalence_Line_19: NSGA2-random_dense-1P to SPEA2-greedy_multi-UX', 'Equivalence_Line_20: AGEMOEA2-greedy_ting-1P to AGEMOEA2-greedy_multi-UX', 'Equivalence_Line_21: SMSEMOA-greedy_ting-UX to NSGA2-greedy_multi-1P', 'Equivalence_Line_22: SPEA2-greedy_ting-UX to SPEA2-greedy_multi-2P', 'Equivalence_Line_23: RVEA-random_dense-UX to NSGA3-greedy_multi-2P', 'Equivalence_Line_24: RVEA-random_dense-HUX to UNSGA3-greedy_multi-2P', 'Equivalence_Line_25: RVEA-random_dense-2P to NSGA3-greedy_multi-1P', 'Equivalence_Line_26: RVEA-random_dense-1P to SMSEMOA-greedy_multi-HUX', 'Equivalence_Line_27: RVEA-greedy_ting-UX to SMSEMOA-greedy_multi-1P', 'Equivalence_Line_28: RVEA-greedy_ting-2P to RVEA-greedy_multi-HUX', 'Equivalence_Line_29: SPEA2-greedy_multi-HUX to RVEA-greedy_multi-1P']"
SPEA2-greedy_ting-1P,1.533778177879537,"['Equivalence_Line_1: SMSEMOA-random_dense-UX to UNSGA3-greedy_ting-2P', 'Equivalence_Line_2: UNSGA3-random_dense-UX to NSGA3-greedy_ting-2P', 'Equivalence_Line_3: NSGA3-random_dense-HUX to AGEMOEA2-greedy_ting-UX', 'Equivalence_Line_4: AGEMOEA2-random_dense-HUX to AGEMOEA2-greedy_ting-2P', 'Equivalence_Line_5: AGEMOEA2-random_dense-UX to NSGA2-random_dense-1P', 'Equivalence_Line_6: NSGA2-random_dense-UX to SMSEMOA-greedy_ting-2P', 'Equivalence_Line_7: SMSEMOA-random_dense-1P to NSGA3-greedy_ting-1P', 'Equivalence_Line_8: NSGA2-greedy_ting-HUX to NSGA2-greedy_ting-2P', 'Equivalence_Line_9: NSGA3-greedy_ting-HUX to SPEA2-greedy_ting-UX', 'Equivalence_Line_10: UNSGA3-random_dense-2P to SMSEMOA-greedy_ting-1P', 'Equivalence_Line_11: UNSGA3-greedy_ting-UX to SPEA2-greedy_ting-2P', 'Equivalence_Line_12: SPEA2-random_dense-UX to RVEA-random_dense-UX', 'Equivalence_Line_13: NSGA3-random_dense-1P to RVEA-random_dense-1P', 'Equivalence_Line_14: UNSGA3-random_dense-1P to RVEA-greedy_ting-UX', 'Equivalence_Line_15: NSGA2-random_dense-2P to RVEA-greedy_ting-HUX', 'Equivalence_Line_16: SPEA2-random_dense-2P to RVEA-greedy_ting-1P', 'Equivalence_Line_17: AGEMOEA2-greedy_ting-UX to RVEA-greedy_ting-2P', 'Equivalence_Line_18: AGEMOEA2-greedy_ting-2P to NSGA2-greedy_multi-UX', 'Equivalence_Line_19: NSGA2-random_dense-1P to SPEA2-greedy_multi-UX', 'Equivalence_Line_20: AGEMOEA2-greedy_ting-1P to AGEMOEA2-greedy_multi-UX', 'Equivalence_Line_21: SMSEMOA-greedy_ting-UX to NSGA2-greedy_multi-1P', 'Equivalence_Line_22: SPEA2-greedy_ting-UX to SPEA2-greedy_multi-2P', 'Equivalence_Line_23: RVEA-random_dense-UX to NSGA3-greedy_multi-2P', 'Equivalence_Line_24: RVEA-random_dense-HUX to UNSGA3-greedy_multi-2P', 'Equivalence_Line_25: RVEA-random_dense-2P to NSGA3-greedy_multi-1P', 'Equivalence_Line_26: RVEA-random_dense-1P to SMSEMOA-greedy_multi-HUX', 'Equivalence_Line_27: RVEA-greedy_ting-UX to SMSEMOA-greedy_multi-1P', 'Equivalence_Line_28: RVEA-greedy_ting-2P to RVEA-greedy_multi-HUX', 'Equivalence_Line_29: SPEA2-greedy_multi-HUX to RVEA-greedy_multi-1P']"
SPEA2-greedy_ting-HUX,1.5345475249206022,"['Equivalence_Line_1: SMSEMOA-random_dense-UX to UNSGA3-greedy_ting-2P', 'Equivalence_Line_2: UNSGA3-random_dense-UX to NSGA3-greedy_ting-2P', 'Equivalence_Line_3: NSGA3-random_dense-HUX to AGEMOEA2-greedy_ting-UX', 'Equivalence_Line_4: AGEMOEA2-random_dense-HUX to AGEMOEA2-greedy_ting-2P', 'Equivalence_Line_5: AGEMOEA2-random_dense-UX to NSGA2-random_dense-1P', 'Equivalence_Line_6: NSGA2-random_dense-UX to SMSEMOA-greedy_ting-2P', 'Equivalence_Line_7: SMSEMOA-random_dense-1P to NSGA3-greedy_ting-1P', 'Equivalence_Line_8: NSGA2-greedy_ting-HUX to NSGA2-greedy_ting-2P', 'Equivalence_Line_9: NSGA3-greedy_ting-HUX to SPEA2-greedy_ting-UX', 'Equivalence_Line_10: UNSGA3-random_dense-2P to SMSEMOA-greedy_ting-1P', 'Equivalence_Line_11: UNSGA3-greedy_ting-UX to SPEA2-greedy_ting-2P', 'Equivalence_Line_12: SPEA2-random_dense-UX to RVEA-random_dense-UX', 'Equivalence_Line_13: NSGA3-random_dense-1P to RVEA-random_dense-1P', 'Equivalence_Line_14: UNSGA3-random_dense-1P to RVEA-greedy_ting-UX', 'Equivalence_Line_15: NSGA2-random_dense-2P to RVEA-greedy_ting-HUX', 'Equivalence_Line_16: SPEA2-random_dense-2P to RVEA-greedy_ting-1P', 'Equivalence_Line_17: AGEMOEA2-greedy_ting-UX to RVEA-greedy_ting-2P', 'Equivalence_Line_18: AGEMOEA2-greedy_ting-2P to NSGA2-greedy_multi-UX', 'Equivalence_Line_19: NSGA2-random_dense-1P to SPEA2-greedy_multi-UX', 'Equivalence_Line_20: AGEMOEA2-greedy_ting-1P to AGEMOEA2-greedy_multi-UX', 'Equivalence_Line_21: SMSEMOA-greedy_ting-UX to NSGA2-greedy_multi-1P', 'Equivalence_Line_22: SPEA2-greedy_ting-UX to SPEA2-greedy_multi-2P', 'Equivalence_Line_23: RVEA-random_dense-UX to NSGA3-greedy_multi-2P', 'Equivalence_Line_24: RVEA-random_dense-HUX to UNSGA3-greedy_multi-2P', 'Equivalence_Line_25: RVEA-random_dense-2P to NSGA3-greedy_multi-1P', 'Equivalence_Line_26: RVEA-random_dense-1P to SMSEMOA-greedy_multi-HUX', 'Equivalence_Line_27: RVEA-greedy_ting-UX to SMSEMOA-greedy_multi-1P', 'Equivalence_Line_28: RVEA-greedy_ting-2P to RVEA-greedy_multi-HUX', 'Equivalence_Line_29: SPEA2-greedy_multi-HUX to RVEA-greedy_multi-1P']"
NSGA2-greedy_ting-1P,1.5349238826153173,"['Equivalence_Line_1: SMSEMOA-random_dense-UX to UNSGA3-greedy_ting-2P', 'Equivalence_Line_2: UNSGA3-random_dense-UX to NSGA3-greedy_ting-2P', 'Equivalence_Line_3: NSGA3-random_dense-HUX to AGEMOEA2-greedy_ting-UX', 'Equivalence_Line_4: AGEMOEA2-random_dense-HUX to AGEMOEA2-greedy_ting-2P', 'Equivalence_Line_5: AGEMOEA2-random_dense-UX to NSGA2-random_dense-1P', 'Equivalence_Line_6: NSGA2-random_dense-UX to SMSEMOA-greedy_ting-2P', 'Equivalence_Line_7: SMSEMOA-random_dense-1P to NSGA3-greedy_ting-1P', 'Equivalence_Line_8: NSGA2-greedy_ting-HUX to NSGA2-greedy_ting-2P', 'Equivalence_Line_9: NSGA3-greedy_ting-HUX to SPEA2-greedy_ting-UX', 'Equivalence_Line_10: UNSGA3-random_dense-2P to SMSEMOA-greedy_ting-1P', 'Equivalence_Line_11: UNSGA3-greedy_ting-UX to SPEA2-greedy_ting-2P', 'Equivalence_Line_12: SPEA2-random_dense-UX to RVEA-random_dense-UX', 'Equivalence_Line_13: NSGA3-random_dense-1P to RVEA-random_dense-1P', 'Equivalence_Line_14: UNSGA3-random_dense-1P to RVEA-greedy_ting-UX', 'Equivalence_Line_15: NSGA2-random_dense-2P to RVEA-greedy_ting-HUX', 'Equivalence_Line_16: SPEA2-random_dense-2P to RVEA-greedy_ting-1P', 'Equivalence_Line_17: AGEMOEA2-greedy_ting-UX to RVEA-greedy_ting-2P', 'Equivalence_Line_18: AGEMOEA2-greedy_ting-2P to NSGA2-greedy_multi-UX', 'Equivalence_Line_19: NSGA2-random_dense-1P to SPEA2-greedy_multi-UX', 'Equivalence_Line_20: AGEMOEA2-greedy_ting-1P to AGEMOEA2-greedy_multi-UX', 'Equivalence_Line_21: SMSEMOA-greedy_ting-UX to NSGA2-greedy_multi-1P', 'Equivalence_Line_22: SPEA2-greedy_ting-UX to SPEA2-greedy_multi-2P', 'Equivalence_Line_23: RVEA-random_dense-UX to NSGA3-greedy_multi-2P', 'Equivalence_Line_24: RVEA-random_dense-HUX to UNSGA3-greedy_multi-2P', 'Equivalence_Line_25: RVEA-random_dense-2P to NSGA3-greedy_multi-1P', 'Equivalence_Line_26: RVEA-random_dense-1P to SMSEMOA-greedy_multi-HUX', 'Equivalence_Line_27: RVEA-greedy_ting-UX to SMSEMOA-greedy_multi-1P', 'Equivalence_Line_28: RVEA-greedy_ting-2P to RVEA-greedy_multi-HUX', 'Equivalence_Line_29: SPEA2-greedy_multi-HUX to RVEA-greedy_multi-1P']"
SPEA2-greedy_ting-UX,1.536890784694909,"['Equivalence_Line_1: SMSEMOA-random_dense-UX to UNSGA3-greedy_ting-2P', 'Equivalence_Line_2: UNSGA3-random_dense-UX to NSGA3-greedy_ting-2P', 'Equivalence_Line_3: NSGA3-random_dense-HUX to AGEMOEA2-greedy_ting-UX', 'Equivalence_Line_4: AGEMOEA2-random_dense-HUX to AGEMOEA2-greedy_ting-2P', 'Equivalence_Line_5: AGEMOEA2-random_dense-UX to NSGA2-random_dense-1P', 'Equivalence_Line_6: NSGA2-random_dense-UX to SMSEMOA-greedy_ting-2P', 'Equivalence_Line_7: SMSEMOA-random_dense-1P to NSGA3-greedy_ting-1P', 'Equivalence_Line_8: NSGA2-greedy_ting-HUX to NSGA2-greedy_ting-2P', 'Equivalence_Line_9: NSGA3-greedy_ting-HUX to SPEA2-greedy_ting-UX', 'Equivalence_Line_10: UNSGA3-random_dense-2P to SMSEMOA-greedy_ting-1P', 'Equivalence_Line_11: UNSGA3-greedy_ting-UX to SPEA2-greedy_ting-2P', 'Equivalence_Line_12: SPEA2-random_dense-UX to RVEA-random_dense-UX', 'Equivalence_Line_13: NSGA3-random_dense-1P to RVEA-random_dense-1P', 'Equivalence_Line_14: UNSGA3-random_dense-1P to RVEA-greedy_ting-UX', 'Equivalence_Line_15: NSGA2-random_dense-2P to RVEA-greedy_ting-HUX', 'Equivalence_Line_16: SPEA2-random_dense-2P to RVEA-greedy_ting-1P', 'Equivalence_Line_17: AGEMOEA2-greedy_ting-UX to RVEA-greedy_ting-2P', 'Equivalence_Line_18: AGEMOEA2-greedy_ting-2P to NSGA2-greedy_multi-UX', 'Equivalence_Line_19: NSGA2-random_dense-1P to SPEA2-greedy_multi-UX', 'Equivalence_Line_20: AGEMOEA2-greedy_ting-1P to AGEMOEA2-greedy_multi-UX', 'Equivalence_Line_21: SMSEMOA-greedy_ting-UX to NSGA2-greedy_multi-1P', 'Equivalence_Line_22: SPEA2-greedy_ting-UX to SPEA2-greedy_multi-2P', 'Equivalence_Line_23: RVEA-random_dense-UX to NSGA3-greedy_multi-2P', 'Equivalence_Line_24: RVEA-random_dense-HUX to UNSGA3-greedy_multi-2P', 'Equivalence_Line_25: RVEA-random_dense-2P to NSGA3-greedy_multi-1P', 'Equivalence_Line_26: RVEA-random_dense-1P to SMSEMOA-greedy_multi-HUX', 'Equivalence_Line_27: RVEA-greedy_ting-UX to SMSEMOA-greedy_multi-1P', 'Equivalence_Line_28: RVEA-greedy_ting-2P to RVEA-greedy_multi-HUX', 'Equivalence_Line_29: SPEA2-greedy_multi-HUX to RVEA-greedy_multi-1P']"
SMSEMOA-greedy_ting-1P,1.5408989404819806,"['Equivalence_Line_1: SMSEMOA-random_dense-UX to UNSGA3-greedy_ting-2P', 'Equivalence_Line_2: UNSGA3-random_dense-UX to NSGA3-greedy_ting-2P', 'Equivalence_Line_3: NSGA3-random_dense-HUX to AGEMOEA2-greedy_ting-UX', 'Equivalence_Line_4: AGEMOEA2-random_dense-HUX to AGEMOEA2-greedy_ting-2P', 'Equivalence_Line_5: AGEMOEA2-random_dense-UX to NSGA2-random_dense-1P', 'Equivalence_Line_6: NSGA2-random_dense-UX to SMSEMOA-greedy_ting-2P', 'Equivalence_Line_7: SMSEMOA-random_dense-1P to NSGA3-greedy_ting-1P', 'Equivalence_Line_8: NSGA2-greedy_ting-HUX to NSGA2-greedy_ting-2P', 'Equivalence_Line_9: NSGA3-greedy_ting-HUX to SPEA2-greedy_ting-UX', 'Equivalence_Line_10: UNSGA3-random_dense-2P to SMSEMOA-greedy_ting-1P', 'Equivalence_Line_11: UNSGA3-greedy_ting-UX to SPEA2-greedy_ting-2P', 'Equivalence_Line_12: SPEA2-random_dense-UX to RVEA-random_dense-UX', 'Equivalence_Line_13: NSGA3-random_dense-1P to RVEA-random_dense-1P', 'Equivalence_Line_14: UNSGA3-random_dense-1P to RVEA-greedy_ting-UX', 'Equivalence_Line_15: NSGA2-random_dense-2P to RVEA-greedy_ting-HUX', 'Equivalence_Line_16: SPEA2-random_dense-2P to RVEA-greedy_ting-1P', 'Equivalence_Line_17: AGEMOEA2-greedy_ting-UX to RVEA-greedy_ting-2P', 'Equivalence_Line_18: AGEMOEA2-greedy_ting-2P to NSGA2-greedy_multi-UX', 'Equivalence_Line_19: NSGA2-random_dense-1P to SPEA2-greedy_multi-UX', 'Equivalence_Line_20: AGEMOEA2-greedy_ting-1P to AGEMOEA2-greedy_multi-UX', 'Equivalence_Line_21: SMSEMOA-greedy_ting-UX to NSGA2-greedy_multi-1P', 'Equivalence_Line_22: SPEA2-greedy_ting-UX to SPEA2-greedy_multi-2P', 'Equivalence_Line_23: RVEA-random_dense-UX to NSGA3-greedy_multi-2P', 'Equivalence_Line_24: RVEA-random_dense-HUX to UNSGA3-greedy_multi-2P', 'Equivalence_Line_25: RVEA-random_dense-2P to NSGA3-greedy_multi-1P', 'Equivalence_Line_26: RVEA-random_dense-1P to SMSEMOA-greedy_multi-HUX', 'Equivalence_Line_27: RVEA-greedy_ting-UX to SMSEMOA-greedy_multi-1P', 'Equivalence_Line_28: RVEA-greedy_ting-2P to RVEA-greedy_multi-HUX', 'Equivalence_Line_29: SPEA2-greedy_multi-HUX to RVEA-greedy_multi-1P']"
SPEA2-greedy_ting-2P,1.5413933452878563,"['Equivalence_Line_1: SMSEMOA-random_dense-UX to UNSGA3-greedy_ting-2P', 'Equivalence_Line_2: UNSGA3-random_dense-UX to NSGA3-greedy_ting-2P', 'Equivalence_Line_3: NSGA3-random_dense-HUX to AGEMOEA2-greedy_ting-UX', 'Equivalence_Line_4: AGEMOEA2-random_dense-HUX to AGEMOEA2-greedy_ting-2P', 'Equivalence_Line_5: AGEMOEA2-random_dense-UX to NSGA2-random_dense-1P', 'Equivalence_Line_6: NSGA2-random_dense-UX to SMSEMOA-greedy_ting-2P', 'Equivalence_Line_7: SMSEMOA-random_dense-1P to NSGA3-greedy_ting-1P', 'Equivalence_Line_8: NSGA2-greedy_ting-HUX to NSGA2-greedy_ting-2P', 'Equivalence_Line_9: NSGA3-greedy_ting-HUX to SPEA2-greedy_ting-UX', 'Equivalence_Line_10: UNSGA3-random_dense-2P to SMSEMOA-greedy_ting-1P', 'Equivalence_Line_11: UNSGA3-greedy_ting-UX to SPEA2-greedy_ting-2P', 'Equivalence_Line_12: SPEA2-random_dense-UX to RVEA-random_dense-UX', 'Equivalence_Line_13: NSGA3-random_dense-1P to RVEA-random_dense-1P', 'Equivalence_Line_14: UNSGA3-random_dense-1P to RVEA-greedy_ting-UX', 'Equivalence_Line_15: NSGA2-random_dense-2P to RVEA-greedy_ting-HUX', 'Equivalence_Line_16: SPEA2-random_dense-2P to RVEA-greedy_ting-1P', 'Equivalence_Line_17: AGEMOEA2-greedy_ting-UX to RVEA-greedy_ting-2P', 'Equivalence_Line_18: AGEMOEA2-greedy_ting-2P to NSGA2-greedy_multi-UX', 'Equivalence_Line_19: NSGA2-random_dense-1P to SPEA2-greedy_multi-UX', 'Equivalence_Line_20: AGEMOEA2-greedy_ting-1P to AGEMOEA2-greedy_multi-UX', 'Equivalence_Line_21: SMSEMOA-greedy_ting-UX to NSGA2-greedy_multi-1P', 'Equivalence_Line_22: SPEA2-greedy_ting-UX to SPEA2-greedy_multi-2P', 'Equivalence_Line_23: RVEA-random_dense-UX to NSGA3-greedy_multi-2P', 'Equivalence_Line_24: RVEA-random_dense-HUX to UNSGA3-greedy_multi-2P', 'Equivalence_Line_25: RVEA-random_dense-2P to NSGA3-greedy_multi-1P', 'Equivalence_Line_26: RVEA-random_dense-1P to SMSEMOA-greedy_multi-HUX', 'Equivalence_Line_27: RVEA-greedy_ting-UX to SMSEMOA-greedy_multi-1P', 'Equivalence_Line_28: RVEA-greedy_ting-2P to RVEA-greedy_multi-HUX', 'Equivalence_Line_29: SPEA2-greedy_multi-HUX to RVEA-greedy_multi-1P']"
RVEA-random_dense-UX,1.554818187609734,"['Equivalence_Line_1: SMSEMOA-random_dense-UX to UNSGA3-greedy_ting-2P', 'Equivalence_Line_2: UNSGA3-random_dense-UX to NSGA3-greedy_ting-2P', 'Equivalence_Line_3: NSGA3-random_dense-HUX to AGEMOEA2-greedy_ting-UX', 'Equivalence_Line_4: AGEMOEA2-random_dense-HUX to AGEMOEA2-greedy_ting-2P', 'Equivalence_Line_5: AGEMOEA2-random_dense-UX to NSGA2-random_dense-1P', 'Equivalence_Line_6: NSGA2-random_dense-UX to SMSEMOA-greedy_ting-2P', 'Equivalence_Line_7: SMSEMOA-random_dense-1P to NSGA3-greedy_ting-1P', 'Equivalence_Line_8: NSGA2-greedy_ting-HUX to NSGA2-greedy_ting-2P', 'Equivalence_Line_9: NSGA3-greedy_ting-HUX to SPEA2-greedy_ting-UX', 'Equivalence_Line_10: UNSGA3-random_dense-2P to SMSEMOA-greedy_ting-1P', 'Equivalence_Line_11: UNSGA3-greedy_ting-UX to SPEA2-greedy_ting-2P', 'Equivalence_Line_12: SPEA2-random_dense-UX to RVEA-random_dense-UX', 'Equivalence_Line_13: NSGA3-random_dense-1P to RVEA-random_dense-1P', 'Equivalence_Line_14: UNSGA3-random_dense-1P to RVEA-greedy_ting-UX', 'Equivalence_Line_15: NSGA2-random_dense-2P to RVEA-greedy_ting-HUX', 'Equivalence_Line_16: SPEA2-random_dense-2P to RVEA-greedy_ting-1P', 'Equivalence_Line_17: AGEMOEA2-greedy_ting-UX to RVEA-greedy_ting-2P', 'Equivalence_Line_18: AGEMOEA2-greedy_ting-2P to NSGA2-greedy_multi-UX', 'Equivalence_Line_19: NSGA2-random_dense-1P to SPEA2-greedy_multi-UX', 'Equivalence_Line_20: AGEMOEA2-greedy_ting-1P to AGEMOEA2-greedy_multi-UX', 'Equivalence_Line_21: SMSEMOA-greedy_ting-UX to NSGA2-greedy_multi-1P', 'Equivalence_Line_22: SPEA2-greedy_ting-UX to SPEA2-greedy_multi-2P', 'Equivalence_Line_23: RVEA-random_dense-UX to NSGA3-greedy_multi-2P', 'Equivalence_Line_24: RVEA-random_dense-HUX to UNSGA3-greedy_multi-2P', 'Equivalence_Line_25: RVEA-random_dense-2P to NSGA3-greedy_multi-1P', 'Equivalence_Line_26: RVEA-random_dense-1P to SMSEMOA-greedy_multi-HUX', 'Equivalence_Line_27: RVEA-greedy_ting-UX to SMSEMOA-greedy_multi-1P', 'Equivalence_Line_28: RVEA-greedy_ting-2P to RVEA-greedy_multi-HUX', 'Equivalence_Line_29: SPEA2-greedy_multi-HUX to RVEA-greedy_multi-1P']"
RVEA-random_dense-HUX,1.5603775328569895,"['Equivalence_Line_1: SMSEMOA-random_dense-UX to UNSGA3-greedy_ting-2P', 'Equivalence_Line_2: UNSGA3-random_dense-UX to NSGA3-greedy_ting-2P', 'Equivalence_Line_3: NSGA3-random_dense-HUX to AGEMOEA2-greedy_ting-UX', 'Equivalence_Line_4: AGEMOEA2-random_dense-HUX to AGEMOEA2-greedy_ting-2P', 'Equivalence_Line_5: AGEMOEA2-random_dense-UX to NSGA2-random_dense-1P', 'Equivalence_Line_6: NSGA2-random_dense-UX to SMSEMOA-greedy_ting-2P', 'Equivalence_Line_7: SMSEMOA-random_dense-1P to NSGA3-greedy_ting-1P', 'Equivalence_Line_8: NSGA2-greedy_ting-HUX to NSGA2-greedy_ting-2P', 'Equivalence_Line_9: NSGA3-greedy_ting-HUX to SPEA2-greedy_ting-UX', 'Equivalence_Line_10: UNSGA3-random_dense-2P to SMSEMOA-greedy_ting-1P', 'Equivalence_Line_11: UNSGA3-greedy_ting-UX to SPEA2-greedy_ting-2P', 'Equivalence_Line_12: SPEA2-random_dense-UX to RVEA-random_dense-UX', 'Equivalence_Line_13: NSGA3-random_dense-1P to RVEA-random_dense-1P', 'Equivalence_Line_14: UNSGA3-random_dense-1P to RVEA-greedy_ting-UX', 'Equivalence_Line_15: NSGA2-random_dense-2P to RVEA-greedy_ting-HUX', 'Equivalence_Line_16: SPEA2-random_dense-2P to RVEA-greedy_ting-1P', 'Equivalence_Line_17: AGEMOEA2-greedy_ting-UX to RVEA-greedy_ting-2P', 'Equivalence_Line_18: AGEMOEA2-greedy_ting-2P to NSGA2-greedy_multi-UX', 'Equivalence_Line_19: NSGA2-random_dense-1P to SPEA2-greedy_multi-UX', 'Equivalence_Line_20: AGEMOEA2-greedy_ting-1P to AGEMOEA2-greedy_multi-UX', 'Equivalence_Line_21: SMSEMOA-greedy_ting-UX to NSGA2-greedy_multi-1P', 'Equivalence_Line_22: SPEA2-greedy_ting-UX to SPEA2-greedy_multi-2P', 'Equivalence_Line_23: RVEA-random_dense-UX to NSGA3-greedy_multi-2P', 'Equivalence_Line_24: RVEA-random_dense-HUX to UNSGA3-greedy_multi-2P', 'Equivalence_Line_25: RVEA-random_dense-2P to NSGA3-greedy_multi-1P', 'Equivalence_Line_26: RVEA-random_dense-1P to SMSEMOA-greedy_multi-HUX', 'Equivalence_Line_27: RVEA-greedy_ting-UX to SMSEMOA-greedy_multi-1P', 'Equivalence_Line_28: RVEA-greedy_ting-2P to RVEA-greedy_multi-HUX', 'Equivalence_Line_29: SPEA2-greedy_multi-HUX to RVEA-greedy_multi-1P']"
RVEA-random_dense-2P,1.577394126221721,"['Equivalence_Line_1: SMSEMOA-random_dense-UX to UNSGA3-greedy_ting-2P', 'Equivalence_Line_2: UNSGA3-random_dense-UX to NSGA3-greedy_ting-2P', 'Equivalence_Line_3: NSGA3-random_dense-HUX to AGEMOEA2-greedy_ting-UX', 'Equivalence_Line_4: AGEMOEA2-random_dense-HUX to AGEMOEA2-greedy_ting-2P', 'Equivalence_Line_5: AGEMOEA2-random_dense-UX to NSGA2-random_dense-1P', 'Equivalence_Line_6: NSGA2-random_dense-UX to SMSEMOA-greedy_ting-2P', 'Equivalence_Line_7: SMSEMOA-random_dense-1P to NSGA3-greedy_ting-1P', 'Equivalence_Line_8: NSGA2-greedy_ting-HUX to NSGA2-greedy_ting-2P', 'Equivalence_Line_9: NSGA3-greedy_ting-HUX to SPEA2-greedy_ting-UX', 'Equivalence_Line_10: UNSGA3-random_dense-2P to SMSEMOA-greedy_ting-1P', 'Equivalence_Line_11: UNSGA3-greedy_ting-UX to SPEA2-greedy_ting-2P', 'Equivalence_Line_12: SPEA2-random_dense-UX to RVEA-random_dense-UX', 'Equivalence_Line_13: NSGA3-random_dense-1P to RVEA-random_dense-1P', 'Equivalence_Line_14: UNSGA3-random_dense-1P to RVEA-greedy_ting-UX', 'Equivalence_Line_15: NSGA2-random_dense-2P to RVEA-greedy_ting-HUX', 'Equivalence_Line_16: SPEA2-random_dense-2P to RVEA-greedy_ting-1P', 'Equivalence_Line_17: AGEMOEA2-greedy_ting-UX to RVEA-greedy_ting-2P', 'Equivalence_Line_18: AGEMOEA2-greedy_ting-2P to NSGA2-greedy_multi-UX', 'Equivalence_Line_19: NSGA2-random_dense-1P to SPEA2-greedy_multi-UX', 'Equivalence_Line_20: AGEMOEA2-greedy_ting-1P to AGEMOEA2-greedy_multi-UX', 'Equivalence_Line_21: SMSEMOA-greedy_ting-UX to NSGA2-greedy_multi-1P', 'Equivalence_Line_22: SPEA2-greedy_ting-UX to SPEA2-greedy_multi-2P', 'Equivalence_Line_23: RVEA-random_dense-UX to NSGA3-greedy_multi-2P', 'Equivalence_Line_24: RVEA-random_dense-HUX to UNSGA3-greedy_multi-2P', 'Equivalence_Line_25: RVEA-random_dense-2P to NSGA3-greedy_multi-1P', 'Equivalence_Line_26: RVEA-random_dense-1P to SMSEMOA-greedy_multi-HUX', 'Equivalence_Line_27: RVEA-greedy_ting-UX to SMSEMOA-greedy_multi-1P', 'Equivalence_Line_28: RVEA-greedy_ting-2P to RVEA-greedy_multi-HUX', 'Equivalence_Line_29: SPEA2-greedy_multi-HUX to RVEA-greedy_multi-1P']"
RVEA-random_dense-1P,1.5869109249441036,"['Equivalence_Line_1: SMSEMOA-random_dense-UX to UNSGA3-greedy_ting-2P', 'Equivalence_Line_2: UNSGA3-random_dense-UX to NSGA3-greedy_ting-2P', 'Equivalence_Line_3: NSGA3-random_dense-HUX to AGEMOEA2-greedy_ting-UX', 'Equivalence_Line_4: AGEMOEA2-random_dense-HUX to AGEMOEA2-greedy_ting-2P', 'Equivalence_Line_5: AGEMOEA2-random_dense-UX to NSGA2-random_dense-1P', 'Equivalence_Line_6: NSGA2-random_dense-UX to SMSEMOA-greedy_ting-2P', 'Equivalence_Line_7: SMSEMOA-random_dense-1P to NSGA3-greedy_ting-1P', 'Equivalence_Line_8: NSGA2-greedy_ting-HUX to NSGA2-greedy_ting-2P', 'Equivalence_Line_9: NSGA3-greedy_ting-HUX to SPEA2-greedy_ting-UX', 'Equivalence_Line_10: UNSGA3-random_dense-2P to SMSEMOA-greedy_ting-1P', 'Equivalence_Line_11: UNSGA3-greedy_ting-UX to SPEA2-greedy_ting-2P', 'Equivalence_Line_12: SPEA2-random_dense-UX to RVEA-random_dense-UX', 'Equivalence_Line_13: NSGA3-random_dense-1P to RVEA-random_dense-1P', 'Equivalence_Line_14: UNSGA3-random_dense-1P to RVEA-greedy_ting-UX', 'Equivalence_Line_15: NSGA2-random_dense-2P to RVEA-greedy_ting-HUX', 'Equivalence_Line_16: SPEA2-random_dense-2P to RVEA-greedy_ting-1P', 'Equivalence_Line_17: AGEMOEA2-greedy_ting-UX to RVEA-greedy_ting-2P', 'Equivalence_Line_18: AGEMOEA2-greedy_ting-2P to NSGA2-greedy_multi-UX', 'Equivalence_Line_19: NSGA2-random_dense-1P to SPEA2-greedy_multi-UX', 'Equivalence_Line_20: AGEMOEA2-greedy_ting-1P to AGEMOEA2-greedy_multi-UX', 'Equivalence_Line_21: SMSEMOA-greedy_ting-UX to NSGA2-greedy_multi-1P', 'Equivalence_Line_22: SPEA2-greedy_ting-UX to SPEA2-greedy_multi-2P', 'Equivalence_Line_23: RVEA-random_dense-UX to NSGA3-greedy_multi-2P', 'Equivalence_Line_24: RVEA-random_dense-HUX to UNSGA3-greedy_multi-2P', 'Equivalence_Line_25: RVEA-random_dense-2P to NSGA3-greedy_multi-1P', 'Equivalence_Line_26: RVEA-random_dense-1P to SMSEMOA-greedy_multi-HUX', 'Equivalence_Line_27: RVEA-greedy_ting-UX to SMSEMOA-greedy_multi-1P', 'Equivalence_Line_28: RVEA-greedy_ting-2P to RVEA-greedy_multi-HUX', 'Equivalence_Line_29: SPEA2-greedy_multi-HUX to RVEA-greedy_multi-1P']"
RVEA-greedy_ting-UX,1.768880938959166,"['Equivalence_Line_1: SMSEMOA-random_dense-UX to UNSGA3-greedy_ting-2P', 'Equivalence_Line_2: UNSGA3-random_dense-UX to NSGA3-greedy_ting-2P', 'Equivalence_Line_3: NSGA3-random_dense-HUX to AGEMOEA2-greedy_ting-UX', 'Equivalence_Line_4: AGEMOEA2-random_dense-HUX to AGEMOEA2-greedy_ting-2P', 'Equivalence_Line_5: AGEMOEA2-random_dense-UX to NSGA2-random_dense-1P', 'Equivalence_Line_6: NSGA2-random_dense-UX to SMSEMOA-greedy_ting-2P', 'Equivalence_Line_7: SMSEMOA-random_dense-1P to NSGA3-greedy_ting-1P', 'Equivalence_Line_8: NSGA2-greedy_ting-HUX to NSGA2-greedy_ting-2P', 'Equivalence_Line_9: NSGA3-greedy_ting-HUX to SPEA2-greedy_ting-UX', 'Equivalence_Line_10: UNSGA3-random_dense-2P to SMSEMOA-greedy_ting-1P', 'Equivalence_Line_11: UNSGA3-greedy_ting-UX to SPEA2-greedy_ting-2P', 'Equivalence_Line_12: SPEA2-random_dense-UX to RVEA-random_dense-UX', 'Equivalence_Line_13: NSGA3-random_dense-1P to RVEA-random_dense-1P', 'Equivalence_Line_14: UNSGA3-random_dense-1P to RVEA-greedy_ting-UX', 'Equivalence_Line_15: NSGA2-random_dense-2P to RVEA-greedy_ting-HUX', 'Equivalence_Line_16: SPEA2-random_dense-2P to RVEA-greedy_ting-1P', 'Equivalence_Line_17: AGEMOEA2-greedy_ting-UX to RVEA-greedy_ting-2P', 'Equivalence_Line_18: AGEMOEA2-greedy_ting-2P to NSGA2-greedy_multi-UX', 'Equivalence_Line_19: NSGA2-random_dense-1P to SPEA2-greedy_multi-UX', 'Equivalence_Line_20: AGEMOEA2-greedy_ting-1P to AGEMOEA2-greedy_multi-UX', 'Equivalence_Line_21: SMSEMOA-greedy_ting-UX to NSGA2-greedy_multi-1P', 'Equivalence_Line_22: SPEA2-greedy_ting-UX to SPEA2-greedy_multi-2P', 'Equivalence_Line_23: RVEA-random_dense-UX to NSGA3-greedy_multi-2P', 'Equivalence_Line_24: RVEA-random_dense-HUX to UNSGA3-greedy_multi-2P', 'Equivalence_Line_25: RVEA-random_dense-2P to NSGA3-greedy_multi-1P', 'Equivalence_Line_26: RVEA-random_dense-1P to SMSEMOA-greedy_multi-HUX', 'Equivalence_Line_27: RVEA-greedy_ting-UX to SMSEMOA-greedy_multi-1P', 'Equivalence_Line_28: RVEA-greedy_ting-2P to RVEA-greedy_multi-HUX', 'Equivalence_Line_29: SPEA2-greedy_multi-HUX to RVEA-greedy_multi-1P']"
RVEA-greedy_ting-HUX,1.7694126629082583,"['Equivalence_Line_1: SMSEMOA-random_dense-UX to UNSGA3-greedy_ting-2P', 'Equivalence_Line_2: UNSGA3-random_dense-UX to NSGA3-greedy_ting-2P', 'Equivalence_Line_3: NSGA3-random_dense-HUX to AGEMOEA2-greedy_ting-UX', 'Equivalence_Line_4: AGEMOEA2-random_dense-HUX to AGEMOEA2-greedy_ting-2P', 'Equivalence_Line_5: AGEMOEA2-random_dense-UX to NSGA2-random_dense-1P', 'Equivalence_Line_6: NSGA2-random_dense-UX to SMSEMOA-greedy_ting-2P', 'Equivalence_Line_7: SMSEMOA-random_dense-1P to NSGA3-greedy_ting-1P', 'Equivalence_Line_8: NSGA2-greedy_ting-HUX to NSGA2-greedy_ting-2P', 'Equivalence_Line_9: NSGA3-greedy_ting-HUX to SPEA2-greedy_ting-UX', 'Equivalence_Line_10: UNSGA3-random_dense-2P to SMSEMOA-greedy_ting-1P', 'Equivalence_Line_11: UNSGA3-greedy_ting-UX to SPEA2-greedy_ting-2P', 'Equivalence_Line_12: SPEA2-random_dense-UX to RVEA-random_dense-UX', 'Equivalence_Line_13: NSGA3-random_dense-1P to RVEA-random_dense-1P', 'Equivalence_Line_14: UNSGA3-random_dense-1P to RVEA-greedy_ting-UX', 'Equivalence_Line_15: NSGA2-random_dense-2P to RVEA-greedy_ting-HUX', 'Equivalence_Line_16: SPEA2-random_dense-2P to RVEA-greedy_ting-1P', 'Equivalence_Line_17: AGEMOEA2-greedy_ting-UX to RVEA-greedy_ting-2P', 'Equivalence_Line_18: AGEMOEA2-greedy_ting-2P to NSGA2-greedy_multi-UX', 'Equivalence_Line_19: NSGA2-random_dense-1P to SPEA2-greedy_multi-UX', 'Equivalence_Line_20: AGEMOEA2-greedy_ting-1P to AGEMOEA2-greedy_multi-UX', 'Equivalence_Line_21: SMSEMOA-greedy_ting-UX to NSGA2-greedy_multi-1P', 'Equivalence_Line_22: SPEA2-greedy_ting-UX to SPEA2-greedy_multi-2P', 'Equivalence_Line_23: RVEA-random_dense-UX to NSGA3-greedy_multi-2P', 'Equivalence_Line_24: RVEA-random_dense-HUX to UNSGA3-greedy_multi-2P', 'Equivalence_Line_25: RVEA-random_dense-2P to NSGA3-greedy_multi-1P', 'Equivalence_Line_26: RVEA-random_dense-1P to SMSEMOA-greedy_multi-HUX', 'Equivalence_Line_27: RVEA-greedy_ting-UX to SMSEMOA-greedy_multi-1P', 'Equivalence_Line_28: RVEA-greedy_ting-2P to RVEA-greedy_multi-HUX', 'Equivalence_Line_29: SPEA2-greedy_multi-HUX to RVEA-greedy_multi-1P']"
RVEA-greedy_ting-1P,1.7755315166063803,"['Equivalence_Line_1: SMSEMOA-random_dense-UX to UNSGA3-greedy_ting-2P', 'Equivalence_Line_2: UNSGA3-random_dense-UX to NSGA3-greedy_ting-2P', 'Equivalence_Line_3: NSGA3-random_dense-HUX to AGEMOEA2-greedy_ting-UX', 'Equivalence_Line_4: AGEMOEA2-random_dense-HUX to AGEMOEA2-greedy_ting-2P', 'Equivalence_Line_5: AGEMOEA2-random_dense-UX to NSGA2-random_dense-1P', 'Equivalence_Line_6: NSGA2-random_dense-UX to SMSEMOA-greedy_ting-2P', 'Equivalence_Line_7: SMSEMOA-random_dense-1P to NSGA3-greedy_ting-1P', 'Equivalence_Line_8: NSGA2-greedy_ting-HUX to NSGA2-greedy_ting-2P', 'Equivalence_Line_9: NSGA3-greedy_ting-HUX to SPEA2-greedy_ting-UX', 'Equivalence_Line_10: UNSGA3-random_dense-2P to SMSEMOA-greedy_ting-1P', 'Equivalence_Line_11: UNSGA3-greedy_ting-UX to SPEA2-greedy_ting-2P', 'Equivalence_Line_12: SPEA2-random_dense-UX to RVEA-random_dense-UX', 'Equivalence_Line_13: NSGA3-random_dense-1P to RVEA-random_dense-1P', 'Equivalence_Line_14: UNSGA3-random_dense-1P to RVEA-greedy_ting-UX', 'Equivalence_Line_15: NSGA2-random_dense-2P to RVEA-greedy_ting-HUX', 'Equivalence_Line_16: SPEA2-random_dense-2P to RVEA-greedy_ting-1P', 'Equivalence_Line_17: AGEMOEA2-greedy_ting-UX to RVEA-greedy_ting-2P', 'Equivalence_Line_18: AGEMOEA2-greedy_ting-2P to NSGA2-greedy_multi-UX', 'Equivalence_Line_19: NSGA2-random_dense-1P to SPEA2-greedy_multi-UX', 'Equivalence_Line_20: AGEMOEA2-greedy_ting-1P to AGEMOEA2-greedy_multi-UX', 'Equivalence_Line_21: SMSEMOA-greedy_ting-UX to NSGA2-greedy_multi-1P', 'Equivalence_Line_22: SPEA2-greedy_ting-UX to SPEA2-greedy_multi-2P', 'Equivalence_Line_23: RVEA-random_dense-UX to NSGA3-greedy_multi-2P', 'Equivalence_Line_24: RVEA-random_dense-HUX to UNSGA3-greedy_multi-2P', 'Equivalence_Line_25: RVEA-random_dense-2P to NSGA3-greedy_multi-1P', 'Equivalence_Line_26: RVEA-random_dense-1P to SMSEMOA-greedy_multi-HUX', 'Equivalence_Line_27: RVEA-greedy_ting-UX to SMSEMOA-greedy_multi-1P', 'Equivalence_Line_28: RVEA-greedy_ting-2P to RVEA-greedy_multi-HUX', 'Equivalence_Line_29: SPEA2-greedy_multi-HUX to RVEA-greedy_multi-1P']"
RVEA-greedy_ting-2P,1.8094055785661503,"['Equivalence_Line_1: SMSEMOA-random_dense-UX to UNSGA3-greedy_ting-2P', 'Equivalence_Line_2: UNSGA3-random_dense-UX to NSGA3-greedy_ting-2P', 'Equivalence_Line_3: NSGA3-random_dense-HUX to AGEMOEA2-greedy_ting-UX', 'Equivalence_Line_4: AGEMOEA2-random_dense-HUX to AGEMOEA2-greedy_ting-2P', 'Equivalence_Line_5: AGEMOEA2-random_dense-UX to NSGA2-random_dense-1P', 'Equivalence_Line_6: NSGA2-random_dense-UX to SMSEMOA-greedy_ting-2P', 'Equivalence_Line_7: SMSEMOA-random_dense-1P to NSGA3-greedy_ting-1P', 'Equivalence_Line_8: NSGA2-greedy_ting-HUX to NSGA2-greedy_ting-2P', 'Equivalence_Line_9: NSGA3-greedy_ting-HUX to SPEA2-greedy_ting-UX', 'Equivalence_Line_10: UNSGA3-random_dense-2P to SMSEMOA-greedy_ting-1P', 'Equivalence_Line_11: UNSGA3-greedy_ting-UX to SPEA2-greedy_ting-2P', 'Equivalence_Line_12: SPEA2-random_dense-UX to RVEA-random_dense-UX', 'Equivalence_Line_13: NSGA3-random_dense-1P to RVEA-random_dense-1P', 'Equivalence_Line_14: UNSGA3-random_dense-1P to RVEA-greedy_ting-UX', 'Equivalence_Line_15: NSGA2-random_dense-2P to RVEA-greedy_ting-HUX', 'Equivalence_Line_16: SPEA2-random_dense-2P to RVEA-greedy_ting-1P', 'Equivalence_Line_17: AGEMOEA2-greedy_ting-UX to RVEA-greedy_ting-2P', 'Equivalence_Line_18: AGEMOEA2-greedy_ting-2P to NSGA2-greedy_multi-UX', 'Equivalence_Line_19: NSGA2-random_dense-1P to SPEA2-greedy_multi-UX', 'Equivalence_Line_20: AGEMOEA2-greedy_ting-1P to AGEMOEA2-greedy_multi-UX', 'Equivalence_Line_21: SMSEMOA-greedy_ting-UX to NSGA2-greedy_multi-1P', 'Equivalence_Line_22: SPEA2-greedy_ting-UX to SPEA2-greedy_multi-2P', 'Equivalence_Line_23: RVEA-random_dense-UX to NSGA3-greedy_multi-2P', 'Equivalence_Line_24: RVEA-random_dense-HUX to UNSGA3-greedy_multi-2P', 'Equivalence_Line_25: RVEA-random_dense-2P to NSGA3-greedy_multi-1P', 'Equivalence_Line_26: RVEA-random_dense-1P to SMSEMOA-greedy_multi-HUX', 'Equivalence_Line_27: RVEA-greedy_ting-UX to SMSEMOA-greedy_multi-1P', 'Equivalence_Line_28: RVEA-greedy_ting-2P to RVEA-greedy_multi-HUX', 'Equivalence_Line_29: SPEA2-greedy_multi-HUX to RVEA-greedy_multi-1P']"
SPEA2-greedy_multi-HUX,1.8425362760597894,"['Equivalence_Line_1: SMSEMOA-random_dense-UX to UNSGA3-greedy_ting-2P', 'Equivalence_Line_2: UNSGA3-random_dense-UX to NSGA3-greedy_ting-2P', 'Equivalence_Line_3: NSGA3-random_dense-HUX to AGEMOEA2-greedy_ting-UX', 'Equivalence_Line_4: AGEMOEA2-random_dense-HUX to AGEMOEA2-greedy_ting-2P', 'Equivalence_Line_5: AGEMOEA2-random_dense-UX to NSGA2-random_dense-1P', 'Equivalence_Line_6: NSGA2-random_dense-UX to SMSEMOA-greedy_ting-2P', 'Equivalence_Line_7: SMSEMOA-random_dense-1P to NSGA3-greedy_ting-1P', 'Equivalence_Line_8: NSGA2-greedy_ting-HUX to NSGA2-greedy_ting-2P', 'Equivalence_Line_9: NSGA3-greedy_ting-HUX to SPEA2-greedy_ting-UX', 'Equivalence_Line_10: UNSGA3-random_dense-2P to SMSEMOA-greedy_ting-1P', 'Equivalence_Line_11: UNSGA3-greedy_ting-UX to SPEA2-greedy_ting-2P', 'Equivalence_Line_12: SPEA2-random_dense-UX to RVEA-random_dense-UX', 'Equivalence_Line_13: NSGA3-random_dense-1P to RVEA-random_dense-1P', 'Equivalence_Line_14: UNSGA3-random_dense-1P to RVEA-greedy_ting-UX', 'Equivalence_Line_15: NSGA2-random_dense-2P to RVEA-greedy_ting-HUX', 'Equivalence_Line_16: SPEA2-random_dense-2P to RVEA-greedy_ting-1P', 'Equivalence_Line_17: AGEMOEA2-greedy_ting-UX to RVEA-greedy_ting-2P', 'Equivalence_Line_18: AGEMOEA2-greedy_ting-2P to NSGA2-greedy_multi-UX', 'Equivalence_Line_19: NSGA2-random_dense-1P to SPEA2-greedy_multi-UX', 'Equivalence_Line_20: AGEMOEA2-greedy_ting-1P to AGEMOEA2-greedy_multi-UX', 'Equivalence_Line_21: SMSEMOA-greedy_ting-UX to NSGA2-greedy_multi-1P', 'Equivalence_Line_22: SPEA2-greedy_ting-UX to SPEA2-greedy_multi-2P', 'Equivalence_Line_23: RVEA-random_dense-UX to NSGA3-greedy_multi-2P', 'Equivalence_Line_24: RVEA-random_dense-HUX to UNSGA3-greedy_multi-2P', 'Equivalence_Line_25: RVEA-random_dense-2P to NSGA3-greedy_multi-1P', 'Equivalence_Line_26: RVEA-random_dense-1P to SMSEMOA-greedy_multi-HUX', 'Equivalence_Line_27: RVEA-greedy_ting-UX to SMSEMOA-greedy_multi-1P', 'Equivalence_Line_28: RVEA-greedy_ting-2P to RVEA-greedy_multi-HUX', 'Equivalence_Line_29: SPEA2-greedy_multi-HUX to RVEA-greedy_multi-1P']"
NSGA2-greedy_multi-HUX,1.8427426830413116,"['Equivalence_Line_1: SMSEMOA-random_dense-UX to UNSGA3-greedy_ting-2P', 'Equivalence_Line_2: UNSGA3-random_dense-UX to NSGA3-greedy_ting-2P', 'Equivalence_Line_3: NSGA3-random_dense-HUX to AGEMOEA2-greedy_ting-UX', 'Equivalence_Line_4: AGEMOEA2-random_dense-HUX to AGEMOEA2-greedy_ting-2P', 'Equivalence_Line_5: AGEMOEA2-random_dense-UX to NSGA2-random_dense-1P', 'Equivalence_Line_6: NSGA2-random_dense-UX to SMSEMOA-greedy_ting-2P', 'Equivalence_Line_7: SMSEMOA-random_dense-1P to NSGA3-greedy_ting-1P', 'Equivalence_Line_8: NSGA2-greedy_ting-HUX to NSGA2-greedy_ting-2P', 'Equivalence_Line_9: NSGA3-greedy_ting-HUX to SPEA2-greedy_ting-UX', 'Equivalence_Line_10: UNSGA3-random_dense-2P to SMSEMOA-greedy_ting-1P', 'Equivalence_Line_11: UNSGA3-greedy_ting-UX to SPEA2-greedy_ting-2P', 'Equivalence_Line_12: SPEA2-random_dense-UX to RVEA-random_dense-UX', 'Equivalence_Line_13: NSGA3-random_dense-1P to RVEA-random_dense-1P', 'Equivalence_Line_14: UNSGA3-random_dense-1P to RVEA-greedy_ting-UX', 'Equivalence_Line_15: NSGA2-random_dense-2P to RVEA-greedy_ting-HUX', 'Equivalence_Line_16: SPEA2-random_dense-2P to RVEA-greedy_ting-1P', 'Equivalence_Line_17: AGEMOEA2-greedy_ting-UX to RVEA-greedy_ting-2P', 'Equivalence_Line_18: AGEMOEA2-greedy_ting-2P to NSGA2-greedy_multi-UX', 'Equivalence_Line_19: NSGA2-random_dense-1P to SPEA2-greedy_multi-UX', 'Equivalence_Line_20: AGEMOEA2-greedy_ting-1P to AGEMOEA2-greedy_multi-UX', 'Equivalence_Line_21: SMSEMOA-greedy_ting-UX to NSGA2-greedy_multi-1P', 'Equivalence_Line_22: SPEA2-greedy_ting-UX to SPEA2-greedy_multi-2P', 'Equivalence_Line_23: RVEA-random_dense-UX to NSGA3-greedy_multi-2P', 'Equivalence_Line_24: RVEA-random_dense-HUX to UNSGA3-greedy_multi-2P', 'Equivalence_Line_25: RVEA-random_dense-2P to NSGA3-greedy_multi-1P', 'Equivalence_Line_26: RVEA-random_dense-1P to SMSEMOA-greedy_multi-HUX', 'Equivalence_Line_27: RVEA-greedy_ting-UX to SMSEMOA-greedy_multi-1P', 'Equivalence_Line_28: RVEA-greedy_ting-2P to RVEA-greedy_multi-HUX', 'Equivalence_Line_29: SPEA2-greedy_multi-HUX to RVEA-greedy_multi-1P']"
NSGA2-greedy_multi-UX,1.8438801633956183,"['Equivalence_Line_1: SMSEMOA-random_dense-UX to UNSGA3-greedy_ting-2P', 'Equivalence_Line_2: UNSGA3-random_dense-UX to NSGA3-greedy_ting-2P', 'Equivalence_Line_3: NSGA3-random_dense-HUX to AGEMOEA2-greedy_ting-UX', 'Equivalence_Line_4: AGEMOEA2-random_dense-HUX to AGEMOEA2-greedy_ting-2P', 'Equivalence_Line_5: AGEMOEA2-random_dense-UX to NSGA2-random_dense-1P', 'Equivalence_Line_6: NSGA2-random_dense-UX to SMSEMOA-greedy_ting-2P', 'Equivalence_Line_7: SMSEMOA-random_dense-1P to NSGA3-greedy_ting-1P', 'Equivalence_Line_8: NSGA2-greedy_ting-HUX to NSGA2-greedy_ting-2P', 'Equivalence_Line_9: NSGA3-greedy_ting-HUX to SPEA2-greedy_ting-UX', 'Equivalence_Line_10: UNSGA3-random_dense-2P to SMSEMOA-greedy_ting-1P', 'Equivalence_Line_11: UNSGA3-greedy_ting-UX to SPEA2-greedy_ting-2P', 'Equivalence_Line_12: SPEA2-random_dense-UX to RVEA-random_dense-UX', 'Equivalence_Line_13: NSGA3-random_dense-1P to RVEA-random_dense-1P', 'Equivalence_Line_14: UNSGA3-random_dense-1P to RVEA-greedy_ting-UX', 'Equivalence_Line_15: NSGA2-random_dense-2P to RVEA-greedy_ting-HUX', 'Equivalence_Line_16: SPEA2-random_dense-2P to RVEA-greedy_ting-1P', 'Equivalence_Line_17: AGEMOEA2-greedy_ting-UX to RVEA-greedy_ting-2P', 'Equivalence_Line_18: AGEMOEA2-greedy_ting-2P to NSGA2-greedy_multi-UX', 'Equivalence_Line_19: NSGA2-random_dense-1P to SPEA2-greedy_multi-UX', 'Equivalence_Line_20: AGEMOEA2-greedy_ting-1P to AGEMOEA2-greedy_multi-UX', 'Equivalence_Line_21: SMSEMOA-greedy_ting-UX to NSGA2-greedy_multi-1P', 'Equivalence_Line_22: SPEA2-greedy_ting-UX to SPEA2-greedy_multi-2P', 'Equivalence_Line_23: RVEA-random_dense-UX to NSGA3-greedy_multi-2P', 'Equivalence_Line_24: RVEA-random_dense-HUX to UNSGA3-greedy_multi-2P', 'Equivalence_Line_25: RVEA-random_dense-2P to NSGA3-greedy_multi-1P', 'Equivalence_Line_26: RVEA-random_dense-1P to SMSEMOA-greedy_multi-HUX', 'Equivalence_Line_27: RVEA-greedy_ting-UX to SMSEMOA-greedy_multi-1P', 'Equivalence_Line_28: RVEA-greedy_ting-2P to RVEA-greedy_multi-HUX', 'Equivalence_Line_29: SPEA2-greedy_multi-HUX to RVEA-greedy_multi-1P']"
SPEA2-greedy_multi-UX,1.8480130612951784,"['Equivalence_Line_1: SMSEMOA-random_dense-UX to UNSGA3-greedy_ting-2P', 'Equivalence_Line_2: UNSGA3-random_dense-UX to NSGA3-greedy_ting-2P', 'Equivalence_Line_3: NSGA3-random_dense-HUX to AGEMOEA2-greedy_ting-UX', 'Equivalence_Line_4: AGEMOEA2-random_dense-HUX to AGEMOEA2-greedy_ting-2P', 'Equivalence_Line_5: AGEMOEA2-random_dense-UX to NSGA2-random_dense-1P', 'Equivalence_Line_6: NSGA2-random_dense-UX to SMSEMOA-greedy_ting-2P', 'Equivalence_Line_7: SMSEMOA-random_dense-1P to NSGA3-greedy_ting-1P', 'Equivalence_Line_8: NSGA2-greedy_ting-HUX to NSGA2-greedy_ting-2P', 'Equivalence_Line_9: NSGA3-greedy_ting-HUX to SPEA2-greedy_ting-UX', 'Equivalence_Line_10: UNSGA3-random_dense-2P to SMSEMOA-greedy_ting-1P', 'Equivalence_Line_11: UNSGA3-greedy_ting-UX to SPEA2-greedy_ting-2P', 'Equivalence_Line_12: SPEA2-random_dense-UX to RVEA-random_dense-UX', 'Equivalence_Line_13: NSGA3-random_dense-1P to RVEA-random_dense-1P', 'Equivalence_Line_14: UNSGA3-random_dense-1P to RVEA-greedy_ting-UX', 'Equivalence_Line_15: NSGA2-random_dense-2P to RVEA-greedy_ting-HUX', 'Equivalence_Line_16: SPEA2-random_dense-2P to RVEA-greedy_ting-1P', 'Equivalence_Line_17: AGEMOEA2-greedy_ting-UX to RVEA-greedy_ting-2P', 'Equivalence_Line_18: AGEMOEA2-greedy_ting-2P to NSGA2-greedy_multi-UX', 'Equivalence_Line_19: NSGA2-random_dense-1P to SPEA2-greedy_multi-UX', 'Equivalence_Line_20: AGEMOEA2-greedy_ting-1P to AGEMOEA2-greedy_multi-UX', 'Equivalence_Line_21: SMSEMOA-greedy_ting-UX to NSGA2-greedy_multi-1P', 'Equivalence_Line_22: SPEA2-greedy_ting-UX to SPEA2-greedy_multi-2P', 'Equivalence_Line_23: RVEA-random_dense-UX to NSGA3-greedy_multi-2P', 'Equivalence_Line_24: RVEA-random_dense-HUX to UNSGA3-greedy_multi-2P', 'Equivalence_Line_25: RVEA-random_dense-2P to NSGA3-greedy_multi-1P', 'Equivalence_Line_26: RVEA-random_dense-1P to SMSEMOA-greedy_multi-HUX', 'Equivalence_Line_27: RVEA-greedy_ting-UX to SMSEMOA-greedy_multi-1P', 'Equivalence_Line_28: RVEA-greedy_ting-2P to RVEA-greedy_multi-HUX', 'Equivalence_Line_29: SPEA2-greedy_multi-HUX to RVEA-greedy_multi-1P']"
AGEMOEA2-greedy_multi-HUX,1.8598328508146584,"['Equivalence_Line_1: SMSEMOA-random_dense-UX to UNSGA3-greedy_ting-2P', 'Equivalence_Line_2: UNSGA3-random_dense-UX to NSGA3-greedy_ting-2P', 'Equivalence_Line_3: NSGA3-random_dense-HUX to AGEMOEA2-greedy_ting-UX', 'Equivalence_Line_4: AGEMOEA2-random_dense-HUX to AGEMOEA2-greedy_ting-2P', 'Equivalence_Line_5: AGEMOEA2-random_dense-UX to NSGA2-random_dense-1P', 'Equivalence_Line_6: NSGA2-random_dense-UX to SMSEMOA-greedy_ting-2P', 'Equivalence_Line_7: SMSEMOA-random_dense-1P to NSGA3-greedy_ting-1P', 'Equivalence_Line_8: NSGA2-greedy_ting-HUX to NSGA2-greedy_ting-2P', 'Equivalence_Line_9: NSGA3-greedy_ting-HUX to SPEA2-greedy_ting-UX', 'Equivalence_Line_10: UNSGA3-random_dense-2P to SMSEMOA-greedy_ting-1P', 'Equivalence_Line_11: UNSGA3-greedy_ting-UX to SPEA2-greedy_ting-2P', 'Equivalence_Line_12: SPEA2-random_dense-UX to RVEA-random_dense-UX', 'Equivalence_Line_13: NSGA3-random_dense-1P to RVEA-random_dense-1P', 'Equivalence_Line_14: UNSGA3-random_dense-1P to RVEA-greedy_ting-UX', 'Equivalence_Line_15: NSGA2-random_dense-2P to RVEA-greedy_ting-HUX', 'Equivalence_Line_16: SPEA2-random_dense-2P to RVEA-greedy_ting-1P', 'Equivalence_Line_17: AGEMOEA2-greedy_ting-UX to RVEA-greedy_ting-2P', 'Equivalence_Line_18: AGEMOEA2-greedy_ting-2P to NSGA2-greedy_multi-UX', 'Equivalence_Line_19: NSGA2-random_dense-1P to SPEA2-greedy_multi-UX', 'Equivalence_Line_20: AGEMOEA2-greedy_ting-1P to AGEMOEA2-greedy_multi-UX', 'Equivalence_Line_21: SMSEMOA-greedy_ting-UX to NSGA2-greedy_multi-1P', 'Equivalence_Line_22: SPEA2-greedy_ting-UX to SPEA2-greedy_multi-2P', 'Equivalence_Line_23: RVEA-random_dense-UX to NSGA3-greedy_multi-2P', 'Equivalence_Line_24: RVEA-random_dense-HUX to UNSGA3-greedy_multi-2P', 'Equivalence_Line_25: RVEA-random_dense-2P to NSGA3-greedy_multi-1P', 'Equivalence_Line_26: RVEA-random_dense-1P to SMSEMOA-greedy_multi-HUX', 'Equivalence_Line_27: RVEA-greedy_ting-UX to SMSEMOA-greedy_multi-1P', 'Equivalence_Line_28: RVEA-greedy_ting-2P to RVEA-greedy_multi-HUX', 'Equivalence_Line_29: SPEA2-greedy_multi-HUX to RVEA-greedy_multi-1P']"
AGEMOEA2-greedy_multi-UX,1.8604697526321792,"['Equivalence_Line_1: SMSEMOA-random_dense-UX to UNSGA3-greedy_ting-2P', 'Equivalence_Line_2: UNSGA3-random_dense-UX to NSGA3-greedy_ting-2P', 'Equivalence_Line_3: NSGA3-random_dense-HUX to AGEMOEA2-greedy_ting-UX', 'Equivalence_Line_4: AGEMOEA2-random_dense-HUX to AGEMOEA2-greedy_ting-2P', 'Equivalence_Line_5: AGEMOEA2-random_dense-UX to NSGA2-random_dense-1P', 'Equivalence_Line_6: NSGA2-random_dense-UX to SMSEMOA-greedy_ting-2P', 'Equivalence_Line_7: SMSEMOA-random_dense-1P to NSGA3-greedy_ting-1P', 'Equivalence_Line_8: NSGA2-greedy_ting-HUX to NSGA2-greedy_ting-2P', 'Equivalence_Line_9: NSGA3-greedy_ting-HUX to SPEA2-greedy_ting-UX', 'Equivalence_Line_10: UNSGA3-random_dense-2P to SMSEMOA-greedy_ting-1P', 'Equivalence_Line_11: UNSGA3-greedy_ting-UX to SPEA2-greedy_ting-2P', 'Equivalence_Line_12: SPEA2-random_dense-UX to RVEA-random_dense-UX', 'Equivalence_Line_13: NSGA3-random_dense-1P to RVEA-random_dense-1P', 'Equivalence_Line_14: UNSGA3-random_dense-1P to RVEA-greedy_ting-UX', 'Equivalence_Line_15: NSGA2-random_dense-2P to RVEA-greedy_ting-HUX', 'Equivalence_Line_16: SPEA2-random_dense-2P to RVEA-greedy_ting-1P', 'Equivalence_Line_17: AGEMOEA2-greedy_ting-UX to RVEA-greedy_ting-2P', 'Equivalence_Line_18: AGEMOEA2-greedy_ting-2P to NSGA2-greedy_multi-UX', 'Equivalence_Line_19: NSGA2-random_dense-1P to SPEA2-greedy_multi-UX', 'Equivalence_Line_20: AGEMOEA2-greedy_ting-1P to AGEMOEA2-greedy_multi-UX', 'Equivalence_Line_21: SMSEMOA-greedy_ting-UX to NSGA2-greedy_multi-1P', 'Equivalence_Line_22: SPEA2-greedy_ting-UX to SPEA2-greedy_multi-2P', 'Equivalence_Line_23: RVEA-random_dense-UX to NSGA3-greedy_multi-2P', 'Equivalence_Line_24: RVEA-random_dense-HUX to UNSGA3-greedy_multi-2P', 'Equivalence_Line_25: RVEA-random_dense-2P to NSGA3-greedy_multi-1P', 'Equivalence_Line_26: RVEA-random_dense-1P to SMSEMOA-greedy_multi-HUX', 'Equivalence_Line_27: RVEA-greedy_ting-UX to SMSEMOA-greedy_multi-1P', 'Equivalence_Line_28: RVEA-greedy_ting-2P to RVEA-greedy_multi-HUX', 'Equivalence_Line_29: SPEA2-greedy_multi-HUX to RVEA-greedy_multi-1P']"
NSGA2-greedy_multi-2P,1.8701439947680074,"['Equivalence_Line_1: SMSEMOA-random_dense-UX to UNSGA3-greedy_ting-2P', 'Equivalence_Line_2: UNSGA3-random_dense-UX to NSGA3-greedy_ting-2P', 'Equivalence_Line_3: NSGA3-random_dense-HUX to AGEMOEA2-greedy_ting-UX', 'Equivalence_Line_4: AGEMOEA2-random_dense-HUX to AGEMOEA2-greedy_ting-2P', 'Equivalence_Line_5: AGEMOEA2-random_dense-UX to NSGA2-random_dense-1P', 'Equivalence_Line_6: NSGA2-random_dense-UX to SMSEMOA-greedy_ting-2P', 'Equivalence_Line_7: SMSEMOA-random_dense-1P to NSGA3-greedy_ting-1P', 'Equivalence_Line_8: NSGA2-greedy_ting-HUX to NSGA2-greedy_ting-2P', 'Equivalence_Line_9: NSGA3-greedy_ting-HUX to SPEA2-greedy_ting-UX', 'Equivalence_Line_10: UNSGA3-random_dense-2P to SMSEMOA-greedy_ting-1P', 'Equivalence_Line_11: UNSGA3-greedy_ting-UX to SPEA2-greedy_ting-2P', 'Equivalence_Line_12: SPEA2-random_dense-UX to RVEA-random_dense-UX', 'Equivalence_Line_13: NSGA3-random_dense-1P to RVEA-random_dense-1P', 'Equivalence_Line_14: UNSGA3-random_dense-1P to RVEA-greedy_ting-UX', 'Equivalence_Line_15: NSGA2-random_dense-2P to RVEA-greedy_ting-HUX', 'Equivalence_Line_16: SPEA2-random_dense-2P to RVEA-greedy_ting-1P', 'Equivalence_Line_17: AGEMOEA2-greedy_ting-UX to RVEA-greedy_ting-2P', 'Equivalence_Line_18: AGEMOEA2-greedy_ting-2P to NSGA2-greedy_multi-UX', 'Equivalence_Line_19: NSGA2-random_dense-1P to SPEA2-greedy_multi-UX', 'Equivalence_Line_20: AGEMOEA2-greedy_ting-1P to AGEMOEA2-greedy_multi-UX', 'Equivalence_Line_21: SMSEMOA-greedy_ting-UX to NSGA2-greedy_multi-1P', 'Equivalence_Line_22: SPEA2-greedy_ting-UX to SPEA2-greedy_multi-2P', 'Equivalence_Line_23: RVEA-random_dense-UX to NSGA3-greedy_multi-2P', 'Equivalence_Line_24: RVEA-random_dense-HUX to UNSGA3-greedy_multi-2P', 'Equivalence_Line_25: RVEA-random_dense-2P to NSGA3-greedy_multi-1P', 'Equivalence_Line_26: RVEA-random_dense-1P to SMSEMOA-greedy_multi-HUX', 'Equivalence_Line_27: RVEA-greedy_ting-UX to SMSEMOA-greedy_multi-1P', 'Equivalence_Line_28: RVEA-greedy_ting-2P to RVEA-greedy_multi-HUX', 'Equivalence_Line_29: SPEA2-greedy_multi-HUX to RVEA-greedy_multi-1P']"
UNSGA3-greedy_multi-UX,1.870421035445843,"['Equivalence_Line_1: SMSEMOA-random_dense-UX to UNSGA3-greedy_ting-2P', 'Equivalence_Line_2: UNSGA3-random_dense-UX to NSGA3-greedy_ting-2P', 'Equivalence_Line_3: NSGA3-random_dense-HUX to AGEMOEA2-greedy_ting-UX', 'Equivalence_Line_4: AGEMOEA2-random_dense-HUX to AGEMOEA2-greedy_ting-2P', 'Equivalence_Line_5: AGEMOEA2-random_dense-UX to NSGA2-random_dense-1P', 'Equivalence_Line_6: NSGA2-random_dense-UX to SMSEMOA-greedy_ting-2P', 'Equivalence_Line_7: SMSEMOA-random_dense-1P to NSGA3-greedy_ting-1P', 'Equivalence_Line_8: NSGA2-greedy_ting-HUX to NSGA2-greedy_ting-2P', 'Equivalence_Line_9: NSGA3-greedy_ting-HUX to SPEA2-greedy_ting-UX', 'Equivalence_Line_10: UNSGA3-random_dense-2P to SMSEMOA-greedy_ting-1P', 'Equivalence_Line_11: UNSGA3-greedy_ting-UX to SPEA2-greedy_ting-2P', 'Equivalence_Line_12: SPEA2-random_dense-UX to RVEA-random_dense-UX', 'Equivalence_Line_13: NSGA3-random_dense-1P to RVEA-random_dense-1P', 'Equivalence_Line_14: UNSGA3-random_dense-1P to RVEA-greedy_ting-UX', 'Equivalence_Line_15: NSGA2-random_dense-2P to RVEA-greedy_ting-HUX', 'Equivalence_Line_16: SPEA2-random_dense-2P to RVEA-greedy_ting-1P', 'Equivalence_Line_17: AGEMOEA2-greedy_ting-UX to RVEA-greedy_ting-2P', 'Equivalence_Line_18: AGEMOEA2-greedy_ting-2P to NSGA2-greedy_multi-UX', 'Equivalence_Line_19: NSGA2-random_dense-1P to SPEA2-greedy_multi-UX', 'Equivalence_Line_20: AGEMOEA2-greedy_ting-1P to AGEMOEA2-greedy_multi-UX', 'Equivalence_Line_21: SMSEMOA-greedy_ting-UX to NSGA2-greedy_multi-1P', 'Equivalence_Line_22: SPEA2-greedy_ting-UX to SPEA2-greedy_multi-2P', 'Equivalence_Line_23: RVEA-random_dense-UX to NSGA3-greedy_multi-2P', 'Equivalence_Line_24: RVEA-random_dense-HUX to UNSGA3-greedy_multi-2P', 'Equivalence_Line_25: RVEA-random_dense-2P to NSGA3-greedy_multi-1P', 'Equivalence_Line_26: RVEA-random_dense-1P to SMSEMOA-greedy_multi-HUX', 'Equivalence_Line_27: RVEA-greedy_ting-UX to SMSEMOA-greedy_multi-1P', 'Equivalence_Line_28: RVEA-greedy_ting-2P to RVEA-greedy_multi-HUX', 'Equivalence_Line_29: SPEA2-greedy_multi-HUX to RVEA-greedy_multi-1P']"
NSGA3-greedy_multi-HUX,1.8732043615531944,"['Equivalence_Line_1: SMSEMOA-random_dense-UX to UNSGA3-greedy_ting-2P', 'Equivalence_Line_2: UNSGA3-random_dense-UX to NSGA3-greedy_ting-2P', 'Equivalence_Line_3: NSGA3-random_dense-HUX to AGEMOEA2-greedy_ting-UX', 'Equivalence_Line_4: AGEMOEA2-random_dense-HUX to AGEMOEA2-greedy_ting-2P', 'Equivalence_Line_5: AGEMOEA2-random_dense-UX to NSGA2-random_dense-1P', 'Equivalence_Line_6: NSGA2-random_dense-UX to SMSEMOA-greedy_ting-2P', 'Equivalence_Line_7: SMSEMOA-random_dense-1P to NSGA3-greedy_ting-1P', 'Equivalence_Line_8: NSGA2-greedy_ting-HUX to NSGA2-greedy_ting-2P', 'Equivalence_Line_9: NSGA3-greedy_ting-HUX to SPEA2-greedy_ting-UX', 'Equivalence_Line_10: UNSGA3-random_dense-2P to SMSEMOA-greedy_ting-1P', 'Equivalence_Line_11: UNSGA3-greedy_ting-UX to SPEA2-greedy_ting-2P', 'Equivalence_Line_12: SPEA2-random_dense-UX to RVEA-random_dense-UX', 'Equivalence_Line_13: NSGA3-random_dense-1P to RVEA-random_dense-1P', 'Equivalence_Line_14: UNSGA3-random_dense-1P to RVEA-greedy_ting-UX', 'Equivalence_Line_15: NSGA2-random_dense-2P to RVEA-greedy_ting-HUX', 'Equivalence_Line_16: SPEA2-random_dense-2P to RVEA-greedy_ting-1P', 'Equivalence_Line_17: AGEMOEA2-greedy_ting-UX to RVEA-greedy_ting-2P', 'Equivalence_Line_18: AGEMOEA2-greedy_ting-2P to NSGA2-greedy_multi-UX', 'Equivalence_Line_19: NSGA2-random_dense-1P to SPEA2-greedy_multi-UX', 'Equivalence_Line_20: AGEMOEA2-greedy_ting-1P to AGEMOEA2-greedy_multi-UX', 'Equivalence_Line_21: SMSEMOA-greedy_ting-UX to NSGA2-greedy_multi-1P', 'Equivalence_Line_22: SPEA2-greedy_ting-UX to SPEA2-greedy_multi-2P', 'Equivalence_Line_23: RVEA-random_dense-UX to NSGA3-greedy_multi-2P', 'Equivalence_Line_24: RVEA-random_dense-HUX to UNSGA3-greedy_multi-2P', 'Equivalence_Line_25: RVEA-random_dense-2P to NSGA3-greedy_multi-1P', 'Equivalence_Line_26: RVEA-random_dense-1P to SMSEMOA-greedy_multi-HUX', 'Equivalence_Line_27: RVEA-greedy_ting-UX to SMSEMOA-greedy_multi-1P', 'Equivalence_Line_28: RVEA-greedy_ting-2P to RVEA-greedy_multi-HUX', 'Equivalence_Line_29: SPEA2-greedy_multi-HUX to RVEA-greedy_multi-1P']"
UNSGA3-greedy_multi-HUX,1.8767866527941472,"['Equivalence_Line_1: SMSEMOA-random_dense-UX to UNSGA3-greedy_ting-2P', 'Equivalence_Line_2: UNSGA3-random_dense-UX to NSGA3-greedy_ting-2P', 'Equivalence_Line_3: NSGA3-random_dense-HUX to AGEMOEA2-greedy_ting-UX', 'Equivalence_Line_4: AGEMOEA2-random_dense-HUX to AGEMOEA2-greedy_ting-2P', 'Equivalence_Line_5: AGEMOEA2-random_dense-UX to NSGA2-random_dense-1P', 'Equivalence_Line_6: NSGA2-random_dense-UX to SMSEMOA-greedy_ting-2P', 'Equivalence_Line_7: SMSEMOA-random_dense-1P to NSGA3-greedy_ting-1P', 'Equivalence_Line_8: NSGA2-greedy_ting-HUX to NSGA2-greedy_ting-2P', 'Equivalence_Line_9: NSGA3-greedy_ting-HUX to SPEA2-greedy_ting-UX', 'Equivalence_Line_10: UNSGA3-random_dense-2P to SMSEMOA-greedy_ting-1P', 'Equivalence_Line_11: UNSGA3-greedy_ting-UX to SPEA2-greedy_ting-2P', 'Equivalence_Line_12: SPEA2-random_dense-UX to RVEA-random_dense-UX', 'Equivalence_Line_13: NSGA3-random_dense-1P to RVEA-random_dense-1P', 'Equivalence_Line_14: UNSGA3-random_dense-1P to RVEA-greedy_ting-UX', 'Equivalence_Line_15: NSGA2-random_dense-2P to RVEA-greedy_ting-HUX', 'Equivalence_Line_16: SPEA2-random_dense-2P to RVEA-greedy_ting-1P', 'Equivalence_Line_17: AGEMOEA2-greedy_ting-UX to RVEA-greedy_ting-2P', 'Equivalence_Line_18: AGEMOEA2-greedy_ting-2P to NSGA2-greedy_multi-UX', 'Equivalence_Line_19: NSGA2-random_dense-1P to SPEA2-greedy_multi-UX', 'Equivalence_Line_20: AGEMOEA2-greedy_ting-1P to AGEMOEA2-greedy_multi-UX', 'Equivalence_Line_21: SMSEMOA-greedy_ting-UX to NSGA2-greedy_multi-1P', 'Equivalence_Line_22: SPEA2-greedy_ting-UX to SPEA2-greedy_multi-2P', 'Equivalence_Line_23: RVEA-random_dense-UX to NSGA3-greedy_multi-2P', 'Equivalence_Line_24: RVEA-random_dense-HUX to UNSGA3-greedy_multi-2P', 'Equivalence_Line_25: RVEA-random_dense-2P to NSGA3-greedy_multi-1P', 'Equivalence_Line_26: RVEA-random_dense-1P to SMSEMOA-greedy_multi-HUX', 'Equivalence_Line_27: RVEA-greedy_ting-UX to SMSEMOA-greedy_multi-1P', 'Equivalence_Line_28: RVEA-greedy_ting-2P to RVEA-greedy_multi-HUX', 'Equivalence_Line_29: SPEA2-greedy_multi-HUX to RVEA-greedy_multi-1P']"
NSGA3-greedy_multi-UX,1.876945477485257,"['Equivalence_Line_1: SMSEMOA-random_dense-UX to UNSGA3-greedy_ting-2P', 'Equivalence_Line_2: UNSGA3-random_dense-UX to NSGA3-greedy_ting-2P', 'Equivalence_Line_3: NSGA3-random_dense-HUX to AGEMOEA2-greedy_ting-UX', 'Equivalence_Line_4: AGEMOEA2-random_dense-HUX to AGEMOEA2-greedy_ting-2P', 'Equivalence_Line_5: AGEMOEA2-random_dense-UX to NSGA2-random_dense-1P', 'Equivalence_Line_6: NSGA2-random_dense-UX to SMSEMOA-greedy_ting-2P', 'Equivalence_Line_7: SMSEMOA-random_dense-1P to NSGA3-greedy_ting-1P', 'Equivalence_Line_8: NSGA2-greedy_ting-HUX to NSGA2-greedy_ting-2P', 'Equivalence_Line_9: NSGA3-greedy_ting-HUX to SPEA2-greedy_ting-UX', 'Equivalence_Line_10: UNSGA3-random_dense-2P to SMSEMOA-greedy_ting-1P', 'Equivalence_Line_11: UNSGA3-greedy_ting-UX to SPEA2-greedy_ting-2P', 'Equivalence_Line_12: SPEA2-random_dense-UX to RVEA-random_dense-UX', 'Equivalence_Line_13: NSGA3-random_dense-1P to RVEA-random_dense-1P', 'Equivalence_Line_14: UNSGA3-random_dense-1P to RVEA-greedy_ting-UX', 'Equivalence_Line_15: NSGA2-random_dense-2P to RVEA-greedy_ting-HUX', 'Equivalence_Line_16: SPEA2-random_dense-2P to RVEA-greedy_ting-1P', 'Equivalence_Line_17: AGEMOEA2-greedy_ting-UX to RVEA-greedy_ting-2P', 'Equivalence_Line_18: AGEMOEA2-greedy_ting-2P to NSGA2-greedy_multi-UX', 'Equivalence_Line_19: NSGA2-random_dense-1P to SPEA2-greedy_multi-UX', 'Equivalence_Line_20: AGEMOEA2-greedy_ting-1P to AGEMOEA2-greedy_multi-UX', 'Equivalence_Line_21: SMSEMOA-greedy_ting-UX to NSGA2-greedy_multi-1P', 'Equivalence_Line_22: SPEA2-greedy_ting-UX to SPEA2-greedy_multi-2P', 'Equivalence_Line_23: RVEA-random_dense-UX to NSGA3-greedy_multi-2P', 'Equivalence_Line_24: RVEA-random_dense-HUX to UNSGA3-greedy_multi-2P', 'Equivalence_Line_25: RVEA-random_dense-2P to NSGA3-greedy_multi-1P', 'Equivalence_Line_26: RVEA-random_dense-1P to SMSEMOA-greedy_multi-HUX', 'Equivalence_Line_27: RVEA-greedy_ting-UX to SMSEMOA-greedy_multi-1P', 'Equivalence_Line_28: RVEA-greedy_ting-2P to RVEA-greedy_multi-HUX', 'Equivalence_Line_29: SPEA2-greedy_multi-HUX to RVEA-greedy_multi-1P']"
NSGA2-greedy_multi-1P,1.8789774164679145,"['Equivalence_Line_1: SMSEMOA-random_dense-UX to UNSGA3-greedy_ting-2P', 'Equivalence_Line_2: UNSGA3-random_dense-UX to NSGA3-greedy_ting-2P', 'Equivalence_Line_3: NSGA3-random_dense-HUX to AGEMOEA2-greedy_ting-UX', 'Equivalence_Line_4: AGEMOEA2-random_dense-HUX to AGEMOEA2-greedy_ting-2P', 'Equivalence_Line_5: AGEMOEA2-random_dense-UX to NSGA2-random_dense-1P', 'Equivalence_Line_6: NSGA2-random_dense-UX to SMSEMOA-greedy_ting-2P', 'Equivalence_Line_7: SMSEMOA-random_dense-1P to NSGA3-greedy_ting-1P', 'Equivalence_Line_8: NSGA2-greedy_ting-HUX to NSGA2-greedy_ting-2P', 'Equivalence_Line_9: NSGA3-greedy_ting-HUX to SPEA2-greedy_ting-UX', 'Equivalence_Line_10: UNSGA3-random_dense-2P to SMSEMOA-greedy_ting-1P', 'Equivalence_Line_11: UNSGA3-greedy_ting-UX to SPEA2-greedy_ting-2P', 'Equivalence_Line_12: SPEA2-random_dense-UX to RVEA-random_dense-UX', 'Equivalence_Line_13: NSGA3-random_dense-1P to RVEA-random_dense-1P', 'Equivalence_Line_14: UNSGA3-random_dense-1P to RVEA-greedy_ting-UX', 'Equivalence_Line_15: NSGA2-random_dense-2P to RVEA-greedy_ting-HUX', 'Equivalence_Line_16: SPEA2-random_dense-2P to RVEA-greedy_ting-1P', 'Equivalence_Line_17: AGEMOEA2-greedy_ting-UX to RVEA-greedy_ting-2P', 'Equivalence_Line_18: AGEMOEA2-greedy_ting-2P to NSGA2-greedy_multi-UX', 'Equivalence_Line_19: NSGA2-random_dense-1P to SPEA2-greedy_multi-UX', 'Equivalence_Line_20: AGEMOEA2-greedy_ting-1P to AGEMOEA2-greedy_multi-UX', 'Equivalence_Line_21: SMSEMOA-greedy_ting-UX to NSGA2-greedy_multi-1P', 'Equivalence_Line_22: SPEA2-greedy_ting-UX to SPEA2-greedy_multi-2P', 'Equivalence_Line_23: RVEA-random_dense-UX to NSGA3-greedy_multi-2P', 'Equivalence_Line_24: RVEA-random_dense-HUX to UNSGA3-greedy_multi-2P', 'Equivalence_Line_25: RVEA-random_dense-2P to NSGA3-greedy_multi-1P', 'Equivalence_Line_26: RVEA-random_dense-1P to SMSEMOA-greedy_multi-HUX', 'Equivalence_Line_27: RVEA-greedy_ting-UX to SMSEMOA-greedy_multi-1P', 'Equivalence_Line_28: RVEA-greedy_ting-2P to RVEA-greedy_multi-HUX', 'Equivalence_Line_29: SPEA2-greedy_multi-HUX to RVEA-greedy_multi-1P']"
SPEA2-greedy_multi-2P,1.88462066192326,"['Equivalence_Line_1: SMSEMOA-random_dense-UX to UNSGA3-greedy_ting-2P', 'Equivalence_Line_2: UNSGA3-random_dense-UX to NSGA3-greedy_ting-2P', 'Equivalence_Line_3: NSGA3-random_dense-HUX to AGEMOEA2-greedy_ting-UX', 'Equivalence_Line_4: AGEMOEA2-random_dense-HUX to AGEMOEA2-greedy_ting-2P', 'Equivalence_Line_5: AGEMOEA2-random_dense-UX to NSGA2-random_dense-1P', 'Equivalence_Line_6: NSGA2-random_dense-UX to SMSEMOA-greedy_ting-2P', 'Equivalence_Line_7: SMSEMOA-random_dense-1P to NSGA3-greedy_ting-1P', 'Equivalence_Line_8: NSGA2-greedy_ting-HUX to NSGA2-greedy_ting-2P', 'Equivalence_Line_9: NSGA3-greedy_ting-HUX to SPEA2-greedy_ting-UX', 'Equivalence_Line_10: UNSGA3-random_dense-2P to SMSEMOA-greedy_ting-1P', 'Equivalence_Line_11: UNSGA3-greedy_ting-UX to SPEA2-greedy_ting-2P', 'Equivalence_Line_12: SPEA2-random_dense-UX to RVEA-random_dense-UX', 'Equivalence_Line_13: NSGA3-random_dense-1P to RVEA-random_dense-1P', 'Equivalence_Line_14: UNSGA3-random_dense-1P to RVEA-greedy_ting-UX', 'Equivalence_Line_15: NSGA2-random_dense-2P to RVEA-greedy_ting-HUX', 'Equivalence_Line_16: SPEA2-random_dense-2P to RVEA-greedy_ting-1P', 'Equivalence_Line_17: AGEMOEA2-greedy_ting-UX to RVEA-greedy_ting-2P', 'Equivalence_Line_18: AGEMOEA2-greedy_ting-2P to NSGA2-greedy_multi-UX', 'Equivalence_Line_19: NSGA2-random_dense-1P to SPEA2-greedy_multi-UX', 'Equivalence_Line_20: AGEMOEA2-greedy_ting-1P to AGEMOEA2-greedy_multi-UX', 'Equivalence_Line_21: SMSEMOA-greedy_ting-UX to NSGA2-greedy_multi-1P', 'Equivalence_Line_22: SPEA2-greedy_ting-UX to SPEA2-greedy_multi-2P', 'Equivalence_Line_23: RVEA-random_dense-UX to NSGA3-greedy_multi-2P', 'Equivalence_Line_24: RVEA-random_dense-HUX to UNSGA3-greedy_multi-2P', 'Equivalence_Line_25: RVEA-random_dense-2P to NSGA3-greedy_multi-1P', 'Equivalence_Line_26: RVEA-random_dense-1P to SMSEMOA-greedy_multi-HUX', 'Equivalence_Line_27: RVEA-greedy_ting-UX to SMSEMOA-greedy_multi-1P', 'Equivalence_Line_28: RVEA-greedy_ting-2P to RVEA-greedy_multi-HUX', 'Equivalence_Line_29: SPEA2-greedy_multi-HUX to RVEA-greedy_multi-1P']"
SPEA2-greedy_multi-1P,1.8874568681802688,"['Equivalence_Line_1: SMSEMOA-random_dense-UX to UNSGA3-greedy_ting-2P', 'Equivalence_Line_2: UNSGA3-random_dense-UX to NSGA3-greedy_ting-2P', 'Equivalence_Line_3: NSGA3-random_dense-HUX to AGEMOEA2-greedy_ting-UX', 'Equivalence_Line_4: AGEMOEA2-random_dense-HUX to AGEMOEA2-greedy_ting-2P', 'Equivalence_Line_5: AGEMOEA2-random_dense-UX to NSGA2-random_dense-1P', 'Equivalence_Line_6: NSGA2-random_dense-UX to SMSEMOA-greedy_ting-2P', 'Equivalence_Line_7: SMSEMOA-random_dense-1P to NSGA3-greedy_ting-1P', 'Equivalence_Line_8: NSGA2-greedy_ting-HUX to NSGA2-greedy_ting-2P', 'Equivalence_Line_9: NSGA3-greedy_ting-HUX to SPEA2-greedy_ting-UX', 'Equivalence_Line_10: UNSGA3-random_dense-2P to SMSEMOA-greedy_ting-1P', 'Equivalence_Line_11: UNSGA3-greedy_ting-UX to SPEA2-greedy_ting-2P', 'Equivalence_Line_12: SPEA2-random_dense-UX to RVEA-random_dense-UX', 'Equivalence_Line_13: NSGA3-random_dense-1P to RVEA-random_dense-1P', 'Equivalence_Line_14: UNSGA3-random_dense-1P to RVEA-greedy_ting-UX', 'Equivalence_Line_15: NSGA2-random_dense-2P to RVEA-greedy_ting-HUX', 'Equivalence_Line_16: SPEA2-random_dense-2P to RVEA-greedy_ting-1P', 'Equivalence_Line_17: AGEMOEA2-greedy_ting-UX to RVEA-greedy_ting-2P', 'Equivalence_Line_18: AGEMOEA2-greedy_ting-2P to NSGA2-greedy_multi-UX', 'Equivalence_Line_19: NSGA2-random_dense-1P to SPEA2-greedy_multi-UX', 'Equivalence_Line_20: AGEMOEA2-greedy_ting-1P to AGEMOEA2-greedy_multi-UX', 'Equivalence_Line_21: SMSEMOA-greedy_ting-UX to NSGA2-greedy_multi-1P', 'Equivalence_Line_22: SPEA2-greedy_ting-UX to SPEA2-greedy_multi-2P', 'Equivalence_Line_23: RVEA-random_dense-UX to NSGA3-greedy_multi-2P', 'Equivalence_Line_24: RVEA-random_dense-HUX to UNSGA3-greedy_multi-2P', 'Equivalence_Line_25: RVEA-random_dense-2P to NSGA3-greedy_multi-1P', 'Equivalence_Line_26: RVEA-random_dense-1P to SMSEMOA-greedy_multi-HUX', 'Equivalence_Line_27: RVEA-greedy_ting-UX to SMSEMOA-greedy_multi-1P', 'Equivalence_Line_28: RVEA-greedy_ting-2P to RVEA-greedy_multi-HUX', 'Equivalence_Line_29: SPEA2-greedy_multi-HUX to RVEA-greedy_multi-1P']"
AGEMOEA2-greedy_multi-2P,1.8881179908479633,"['Equivalence_Line_1: SMSEMOA-random_dense-UX to UNSGA3-greedy_ting-2P', 'Equivalence_Line_2: UNSGA3-random_dense-UX to NSGA3-greedy_ting-2P', 'Equivalence_Line_3: NSGA3-random_dense-HUX to AGEMOEA2-greedy_ting-UX', 'Equivalence_Line_4: AGEMOEA2-random_dense-HUX to AGEMOEA2-greedy_ting-2P', 'Equivalence_Line_5: AGEMOEA2-random_dense-UX to NSGA2-random_dense-1P', 'Equivalence_Line_6: NSGA2-random_dense-UX to SMSEMOA-greedy_ting-2P', 'Equivalence_Line_7: SMSEMOA-random_dense-1P to NSGA3-greedy_ting-1P', 'Equivalence_Line_8: NSGA2-greedy_ting-HUX to NSGA2-greedy_ting-2P', 'Equivalence_Line_9: NSGA3-greedy_ting-HUX to SPEA2-greedy_ting-UX', 'Equivalence_Line_10: UNSGA3-random_dense-2P to SMSEMOA-greedy_ting-1P', 'Equivalence_Line_11: UNSGA3-greedy_ting-UX to SPEA2-greedy_ting-2P', 'Equivalence_Line_12: SPEA2-random_dense-UX to RVEA-random_dense-UX', 'Equivalence_Line_13: NSGA3-random_dense-1P to RVEA-random_dense-1P', 'Equivalence_Line_14: UNSGA3-random_dense-1P to RVEA-greedy_ting-UX', 'Equivalence_Line_15: NSGA2-random_dense-2P to RVEA-greedy_ting-HUX', 'Equivalence_Line_16: SPEA2-random_dense-2P to RVEA-greedy_ting-1P', 'Equivalence_Line_17: AGEMOEA2-greedy_ting-UX to RVEA-greedy_ting-2P', 'Equivalence_Line_18: AGEMOEA2-greedy_ting-2P to NSGA2-greedy_multi-UX', 'Equivalence_Line_19: NSGA2-random_dense-1P to SPEA2-greedy_multi-UX', 'Equivalence_Line_20: AGEMOEA2-greedy_ting-1P to AGEMOEA2-greedy_multi-UX', 'Equivalence_Line_21: SMSEMOA-greedy_ting-UX to NSGA2-greedy_multi-1P', 'Equivalence_Line_22: SPEA2-greedy_ting-UX to SPEA2-greedy_multi-2P', 'Equivalence_Line_23: RVEA-random_dense-UX to NSGA3-greedy_multi-2P', 'Equivalence_Line_24: RVEA-random_dense-HUX to UNSGA3-greedy_multi-2P', 'Equivalence_Line_25: RVEA-random_dense-2P to NSGA3-greedy_multi-1P', 'Equivalence_Line_26: RVEA-random_dense-1P to SMSEMOA-greedy_multi-HUX', 'Equivalence_Line_27: RVEA-greedy_ting-UX to SMSEMOA-greedy_multi-1P', 'Equivalence_Line_28: RVEA-greedy_ting-2P to RVEA-greedy_multi-HUX', 'Equivalence_Line_29: SPEA2-greedy_multi-HUX to RVEA-greedy_multi-1P']"
NSGA3-greedy_multi-2P,1.8941543753270418,"['Equivalence_Line_1: SMSEMOA-random_dense-UX to UNSGA3-greedy_ting-2P', 'Equivalence_Line_2: UNSGA3-random_dense-UX to NSGA3-greedy_ting-2P', 'Equivalence_Line_3: NSGA3-random_dense-HUX to AGEMOEA2-greedy_ting-UX', 'Equivalence_Line_4: AGEMOEA2-random_dense-HUX to AGEMOEA2-greedy_ting-2P', 'Equivalence_Line_5: AGEMOEA2-random_dense-UX to NSGA2-random_dense-1P', 'Equivalence_Line_6: NSGA2-random_dense-UX to SMSEMOA-greedy_ting-2P', 'Equivalence_Line_7: SMSEMOA-random_dense-1P to NSGA3-greedy_ting-1P', 'Equivalence_Line_8: NSGA2-greedy_ting-HUX to NSGA2-greedy_ting-2P', 'Equivalence_Line_9: NSGA3-greedy_ting-HUX to SPEA2-greedy_ting-UX', 'Equivalence_Line_10: UNSGA3-random_dense-2P to SMSEMOA-greedy_ting-1P', 'Equivalence_Line_11: UNSGA3-greedy_ting-UX to SPEA2-greedy_ting-2P', 'Equivalence_Line_12: SPEA2-random_dense-UX to RVEA-random_dense-UX', 'Equivalence_Line_13: NSGA3-random_dense-1P to RVEA-random_dense-1P', 'Equivalence_Line_14: UNSGA3-random_dense-1P to RVEA-greedy_ting-UX', 'Equivalence_Line_15: NSGA2-random_dense-2P to RVEA-greedy_ting-HUX', 'Equivalence_Line_16: SPEA2-random_dense-2P to RVEA-greedy_ting-1P', 'Equivalence_Line_17: AGEMOEA2-greedy_ting-UX to RVEA-greedy_ting-2P', 'Equivalence_Line_18: AGEMOEA2-greedy_ting-2P to NSGA2-greedy_multi-UX', 'Equivalence_Line_19: NSGA2-random_dense-1P to SPEA2-greedy_multi-UX', 'Equivalence_Line_20: AGEMOEA2-greedy_ting-1P to AGEMOEA2-greedy_multi-UX', 'Equivalence_Line_21: SMSEMOA-greedy_ting-UX to NSGA2-greedy_multi-1P', 'Equivalence_Line_22: SPEA2-greedy_ting-UX to SPEA2-greedy_multi-2P', 'Equivalence_Line_23: RVEA-random_dense-UX to NSGA3-greedy_multi-2P', 'Equivalence_Line_24: RVEA-random_dense-HUX to UNSGA3-greedy_multi-2P', 'Equivalence_Line_25: RVEA-random_dense-2P to NSGA3-greedy_multi-1P', 'Equivalence_Line_26: RVEA-random_dense-1P to SMSEMOA-greedy_multi-HUX', 'Equivalence_Line_27: RVEA-greedy_ting-UX to SMSEMOA-greedy_multi-1P', 'Equivalence_Line_28: RVEA-greedy_ting-2P to RVEA-greedy_multi-HUX', 'Equivalence_Line_29: SPEA2-greedy_multi-HUX to RVEA-greedy_multi-1P']"
AGEMOEA2-greedy_multi-1P,1.8949295842189773,"['Equivalence_Line_1: SMSEMOA-random_dense-UX to UNSGA3-greedy_ting-2P', 'Equivalence_Line_2: UNSGA3-random_dense-UX to NSGA3-greedy_ting-2P', 'Equivalence_Line_3: NSGA3-random_dense-HUX to AGEMOEA2-greedy_ting-UX', 'Equivalence_Line_4: AGEMOEA2-random_dense-HUX to AGEMOEA2-greedy_ting-2P', 'Equivalence_Line_5: AGEMOEA2-random_dense-UX to NSGA2-random_dense-1P', 'Equivalence_Line_6: NSGA2-random_dense-UX to SMSEMOA-greedy_ting-2P', 'Equivalence_Line_7: SMSEMOA-random_dense-1P to NSGA3-greedy_ting-1P', 'Equivalence_Line_8: NSGA2-greedy_ting-HUX to NSGA2-greedy_ting-2P', 'Equivalence_Line_9: NSGA3-greedy_ting-HUX to SPEA2-greedy_ting-UX', 'Equivalence_Line_10: UNSGA3-random_dense-2P to SMSEMOA-greedy_ting-1P', 'Equivalence_Line_11: UNSGA3-greedy_ting-UX to SPEA2-greedy_ting-2P', 'Equivalence_Line_12: SPEA2-random_dense-UX to RVEA-random_dense-UX', 'Equivalence_Line_13: NSGA3-random_dense-1P to RVEA-random_dense-1P', 'Equivalence_Line_14: UNSGA3-random_dense-1P to RVEA-greedy_ting-UX', 'Equivalence_Line_15: NSGA2-random_dense-2P to RVEA-greedy_ting-HUX', 'Equivalence_Line_16: SPEA2-random_dense-2P to RVEA-greedy_ting-1P', 'Equivalence_Line_17: AGEMOEA2-greedy_ting-UX to RVEA-greedy_ting-2P', 'Equivalence_Line_18: AGEMOEA2-greedy_ting-2P to NSGA2-greedy_multi-UX', 'Equivalence_Line_19: NSGA2-random_dense-1P to SPEA2-greedy_multi-UX', 'Equivalence_Line_20: AGEMOEA2-greedy_ting-1P to AGEMOEA2-greedy_multi-UX', 'Equivalence_Line_21: SMSEMOA-greedy_ting-UX to NSGA2-greedy_multi-1P', 'Equivalence_Line_22: SPEA2-greedy_ting-UX to SPEA2-greedy_multi-2P', 'Equivalence_Line_23: RVEA-random_dense-UX to NSGA3-greedy_multi-2P', 'Equivalence_Line_24: RVEA-random_dense-HUX to UNSGA3-greedy_multi-2P', 'Equivalence_Line_25: RVEA-random_dense-2P to NSGA3-greedy_multi-1P', 'Equivalence_Line_26: RVEA-random_dense-1P to SMSEMOA-greedy_multi-HUX', 'Equivalence_Line_27: RVEA-greedy_ting-UX to SMSEMOA-greedy_multi-1P', 'Equivalence_Line_28: RVEA-greedy_ting-2P to RVEA-greedy_multi-HUX', 'Equivalence_Line_29: SPEA2-greedy_multi-HUX to RVEA-greedy_multi-1P']"
UNSGA3-greedy_multi-2P,1.896146482704376,"['Equivalence_Line_1: SMSEMOA-random_dense-UX to UNSGA3-greedy_ting-2P', 'Equivalence_Line_2: UNSGA3-random_dense-UX to NSGA3-greedy_ting-2P', 'Equivalence_Line_3: NSGA3-random_dense-HUX to AGEMOEA2-greedy_ting-UX', 'Equivalence_Line_4: AGEMOEA2-random_dense-HUX to AGEMOEA2-greedy_ting-2P', 'Equivalence_Line_5: AGEMOEA2-random_dense-UX to NSGA2-random_dense-1P', 'Equivalence_Line_6: NSGA2-random_dense-UX to SMSEMOA-greedy_ting-2P', 'Equivalence_Line_7: SMSEMOA-random_dense-1P to NSGA3-greedy_ting-1P', 'Equivalence_Line_8: NSGA2-greedy_ting-HUX to NSGA2-greedy_ting-2P', 'Equivalence_Line_9: NSGA3-greedy_ting-HUX to SPEA2-greedy_ting-UX', 'Equivalence_Line_10: UNSGA3-random_dense-2P to SMSEMOA-greedy_ting-1P', 'Equivalence_Line_11: UNSGA3-greedy_ting-UX to SPEA2-greedy_ting-2P', 'Equivalence_Line_12: SPEA2-random_dense-UX to RVEA-random_dense-UX', 'Equivalence_Line_13: NSGA3-random_dense-1P to RVEA-random_dense-1P', 'Equivalence_Line_14: UNSGA3-random_dense-1P to RVEA-greedy_ting-UX', 'Equivalence_Line_15: NSGA2-random_dense-2P to RVEA-greedy_ting-HUX', 'Equivalence_Line_16: SPEA2-random_dense-2P to RVEA-greedy_ting-1P', 'Equivalence_Line_17: AGEMOEA2-greedy_ting-UX to RVEA-greedy_ting-2P', 'Equivalence_Line_18: AGEMOEA2-greedy_ting-2P to NSGA2-greedy_multi-UX', 'Equivalence_Line_19: NSGA2-random_dense-1P to SPEA2-greedy_multi-UX', 'Equivalence_Line_20: AGEMOEA2-greedy_ting-1P to AGEMOEA2-greedy_multi-UX', 'Equivalence_Line_21: SMSEMOA-greedy_ting-UX to NSGA2-greedy_multi-1P', 'Equivalence_Line_22: SPEA2-greedy_ting-UX to SPEA2-greedy_multi-2P', 'Equivalence_Line_23: RVEA-random_dense-UX to NSGA3-greedy_multi-2P', 'Equivalence_Line_24: RVEA-random_dense-HUX to UNSGA3-greedy_multi-2P', 'Equivalence_Line_25: RVEA-random_dense-2P to NSGA3-greedy_multi-1P', 'Equivalence_Line_26: RVEA-random_dense-1P to SMSEMOA-greedy_multi-HUX', 'Equivalence_Line_27: RVEA-greedy_ting-UX to SMSEMOA-greedy_multi-1P', 'Equivalence_Line_28: RVEA-greedy_ting-2P to RVEA-greedy_multi-HUX', 'Equivalence_Line_29: SPEA2-greedy_multi-HUX to RVEA-greedy_multi-1P']"
UNSGA3-greedy_multi-1P,1.8977457587730189,"['Equivalence_Line_1: SMSEMOA-random_dense-UX to UNSGA3-greedy_ting-2P', 'Equivalence_Line_2: UNSGA3-random_dense-UX to NSGA3-greedy_ting-2P', 'Equivalence_Line_3: NSGA3-random_dense-HUX to AGEMOEA2-greedy_ting-UX', 'Equivalence_Line_4: AGEMOEA2-random_dense-HUX to AGEMOEA2-greedy_ting-2P', 'Equivalence_Line_5: AGEMOEA2-random_dense-UX to NSGA2-random_dense-1P', 'Equivalence_Line_6: NSGA2-random_dense-UX to SMSEMOA-greedy_ting-2P', 'Equivalence_Line_7: SMSEMOA-random_dense-1P to NSGA3-greedy_ting-1P', 'Equivalence_Line_8: NSGA2-greedy_ting-HUX to NSGA2-greedy_ting-2P', 'Equivalence_Line_9: NSGA3-greedy_ting-HUX to SPEA2-greedy_ting-UX', 'Equivalence_Line_10: UNSGA3-random_dense-2P to SMSEMOA-greedy_ting-1P', 'Equivalence_Line_11: UNSGA3-greedy_ting-UX to SPEA2-greedy_ting-2P', 'Equivalence_Line_12: SPEA2-random_dense-UX to RVEA-random_dense-UX', 'Equivalence_Line_13: NSGA3-random_dense-1P to RVEA-random_dense-1P', 'Equivalence_Line_14: UNSGA3-random_dense-1P to RVEA-greedy_ting-UX', 'Equivalence_Line_15: NSGA2-random_dense-2P to RVEA-greedy_ting-HUX', 'Equivalence_Line_16: SPEA2-random_dense-2P to RVEA-greedy_ting-1P', 'Equivalence_Line_17: AGEMOEA2-greedy_ting-UX to RVEA-greedy_ting-2P', 'Equivalence_Line_18: AGEMOEA2-greedy_ting-2P to NSGA2-greedy_multi-UX', 'Equivalence_Line_19: NSGA2-random_dense-1P to SPEA2-greedy_multi-UX', 'Equivalence_Line_20: AGEMOEA2-greedy_ting-1P to AGEMOEA2-greedy_multi-UX', 'Equivalence_Line_21: SMSEMOA-greedy_ting-UX to NSGA2-greedy_multi-1P', 'Equivalence_Line_22: SPEA2-greedy_ting-UX to SPEA2-greedy_multi-2P', 'Equivalence_Line_23: RVEA-random_dense-UX to NSGA3-greedy_multi-2P', 'Equivalence_Line_24: RVEA-random_dense-HUX to UNSGA3-greedy_multi-2P', 'Equivalence_Line_25: RVEA-random_dense-2P to NSGA3-greedy_multi-1P', 'Equivalence_Line_26: RVEA-random_dense-1P to SMSEMOA-greedy_multi-HUX', 'Equivalence_Line_27: RVEA-greedy_ting-UX to SMSEMOA-greedy_multi-1P', 'Equivalence_Line_28: RVEA-greedy_ting-2P to RVEA-greedy_multi-HUX', 'Equivalence_Line_29: SPEA2-greedy_multi-HUX to RVEA-greedy_multi-1P']"
NSGA3-greedy_multi-1P,1.8997632415385026,"['Equivalence_Line_1: SMSEMOA-random_dense-UX to UNSGA3-greedy_ting-2P', 'Equivalence_Line_2: UNSGA3-random_dense-UX to NSGA3-greedy_ting-2P', 'Equivalence_Line_3: NSGA3-random_dense-HUX to AGEMOEA2-greedy_ting-UX', 'Equivalence_Line_4: AGEMOEA2-random_dense-HUX to AGEMOEA2-greedy_ting-2P', 'Equivalence_Line_5: AGEMOEA2-random_dense-UX to NSGA2-random_dense-1P', 'Equivalence_Line_6: NSGA2-random_dense-UX to SMSEMOA-greedy_ting-2P', 'Equivalence_Line_7: SMSEMOA-random_dense-1P to NSGA3-greedy_ting-1P', 'Equivalence_Line_8: NSGA2-greedy_ting-HUX to NSGA2-greedy_ting-2P', 'Equivalence_Line_9: NSGA3-greedy_ting-HUX to SPEA2-greedy_ting-UX', 'Equivalence_Line_10: UNSGA3-random_dense-2P to SMSEMOA-greedy_ting-1P', 'Equivalence_Line_11: UNSGA3-greedy_ting-UX to SPEA2-greedy_ting-2P', 'Equivalence_Line_12: SPEA2-random_dense-UX to RVEA-random_dense-UX', 'Equivalence_Line_13: NSGA3-random_dense-1P to RVEA-random_dense-1P', 'Equivalence_Line_14: UNSGA3-random_dense-1P to RVEA-greedy_ting-UX', 'Equivalence_Line_15: NSGA2-random_dense-2P to RVEA-greedy_ting-HUX', 'Equivalence_Line_16: SPEA2-random_dense-2P to RVEA-greedy_ting-1P', 'Equivalence_Line_17: AGEMOEA2-greedy_ting-UX to RVEA-greedy_ting-2P', 'Equivalence_Line_18: AGEMOEA2-greedy_ting-2P to NSGA2-greedy_multi-UX', 'Equivalence_Line_19: NSGA2-random_dense-1P to SPEA2-greedy_multi-UX', 'Equivalence_Line_20: AGEMOEA2-greedy_ting-1P to AGEMOEA2-greedy_multi-UX', 'Equivalence_Line_21: SMSEMOA-greedy_ting-UX to NSGA2-greedy_multi-1P', 'Equivalence_Line_22: SPEA2-greedy_ting-UX to SPEA2-greedy_multi-2P', 'Equivalence_Line_23: RVEA-random_dense-UX to NSGA3-greedy_multi-2P', 'Equivalence_Line_24: RVEA-random_dense-HUX to UNSGA3-greedy_multi-2P', 'Equivalence_Line_25: RVEA-random_dense-2P to NSGA3-greedy_multi-1P', 'Equivalence_Line_26: RVEA-random_dense-1P to SMSEMOA-greedy_multi-HUX', 'Equivalence_Line_27: RVEA-greedy_ting-UX to SMSEMOA-greedy_multi-1P', 'Equivalence_Line_28: RVEA-greedy_ting-2P to RVEA-greedy_multi-HUX', 'Equivalence_Line_29: SPEA2-greedy_multi-HUX to RVEA-greedy_multi-1P']"
SMSEMOA-greedy_multi-UX,1.9061185634783313,"['Equivalence_Line_1: SMSEMOA-random_dense-UX to UNSGA3-greedy_ting-2P', 'Equivalence_Line_2: UNSGA3-random_dense-UX to NSGA3-greedy_ting-2P', 'Equivalence_Line_3: NSGA3-random_dense-HUX to AGEMOEA2-greedy_ting-UX', 'Equivalence_Line_4: AGEMOEA2-random_dense-HUX to AGEMOEA2-greedy_ting-2P', 'Equivalence_Line_5: AGEMOEA2-random_dense-UX to NSGA2-random_dense-1P', 'Equivalence_Line_6: NSGA2-random_dense-UX to SMSEMOA-greedy_ting-2P', 'Equivalence_Line_7: SMSEMOA-random_dense-1P to NSGA3-greedy_ting-1P', 'Equivalence_Line_8: NSGA2-greedy_ting-HUX to NSGA2-greedy_ting-2P', 'Equivalence_Line_9: NSGA3-greedy_ting-HUX to SPEA2-greedy_ting-UX', 'Equivalence_Line_10: UNSGA3-random_dense-2P to SMSEMOA-greedy_ting-1P', 'Equivalence_Line_11: UNSGA3-greedy_ting-UX to SPEA2-greedy_ting-2P', 'Equivalence_Line_12: SPEA2-random_dense-UX to RVEA-random_dense-UX', 'Equivalence_Line_13: NSGA3-random_dense-1P to RVEA-random_dense-1P', 'Equivalence_Line_14: UNSGA3-random_dense-1P to RVEA-greedy_ting-UX', 'Equivalence_Line_15: NSGA2-random_dense-2P to RVEA-greedy_ting-HUX', 'Equivalence_Line_16: SPEA2-random_dense-2P to RVEA-greedy_ting-1P', 'Equivalence_Line_17: AGEMOEA2-greedy_ting-UX to RVEA-greedy_ting-2P', 'Equivalence_Line_18: AGEMOEA2-greedy_ting-2P to NSGA2-greedy_multi-UX', 'Equivalence_Line_19: NSGA2-random_dense-1P to SPEA2-greedy_multi-UX', 'Equivalence_Line_20: AGEMOEA2-greedy_ting-1P to AGEMOEA2-greedy_multi-UX', 'Equivalence_Line_21: SMSEMOA-greedy_ting-UX to NSGA2-greedy_multi-1P', 'Equivalence_Line_22: SPEA2-greedy_ting-UX to SPEA2-greedy_multi-2P', 'Equivalence_Line_23: RVEA-random_dense-UX to NSGA3-greedy_multi-2P', 'Equivalence_Line_24: RVEA-random_dense-HUX to UNSGA3-greedy_multi-2P', 'Equivalence_Line_25: RVEA-random_dense-2P to NSGA3-greedy_multi-1P', 'Equivalence_Line_26: RVEA-random_dense-1P to SMSEMOA-greedy_multi-HUX', 'Equivalence_Line_27: RVEA-greedy_ting-UX to SMSEMOA-greedy_multi-1P', 'Equivalence_Line_28: RVEA-greedy_ting-2P to RVEA-greedy_multi-HUX', 'Equivalence_Line_29: SPEA2-greedy_multi-HUX to RVEA-greedy_multi-1P']"
SMSEMOA-greedy_multi-HUX,1.9071790044429804,"['Equivalence_Line_1: SMSEMOA-random_dense-UX to UNSGA3-greedy_ting-2P', 'Equivalence_Line_2: UNSGA3-random_dense-UX to NSGA3-greedy_ting-2P', 'Equivalence_Line_3: NSGA3-random_dense-HUX to AGEMOEA2-greedy_ting-UX', 'Equivalence_Line_4: AGEMOEA2-random_dense-HUX to AGEMOEA2-greedy_ting-2P', 'Equivalence_Line_5: AGEMOEA2-random_dense-UX to NSGA2-random_dense-1P', 'Equivalence_Line_6: NSGA2-random_dense-UX to SMSEMOA-greedy_ting-2P', 'Equivalence_Line_7: SMSEMOA-random_dense-1P to NSGA3-greedy_ting-1P', 'Equivalence_Line_8: NSGA2-greedy_ting-HUX to NSGA2-greedy_ting-2P', 'Equivalence_Line_9: NSGA3-greedy_ting-HUX to SPEA2-greedy_ting-UX', 'Equivalence_Line_10: UNSGA3-random_dense-2P to SMSEMOA-greedy_ting-1P', 'Equivalence_Line_11: UNSGA3-greedy_ting-UX to SPEA2-greedy_ting-2P', 'Equivalence_Line_12: SPEA2-random_dense-UX to RVEA-random_dense-UX', 'Equivalence_Line_13: NSGA3-random_dense-1P to RVEA-random_dense-1P', 'Equivalence_Line_14: UNSGA3-random_dense-1P to RVEA-greedy_ting-UX', 'Equivalence_Line_15: NSGA2-random_dense-2P to RVEA-greedy_ting-HUX', 'Equivalence_Line_16: SPEA2-random_dense-2P to RVEA-greedy_ting-1P', 'Equivalence_Line_17: AGEMOEA2-greedy_ting-UX to RVEA-greedy_ting-2P', 'Equivalence_Line_18: AGEMOEA2-greedy_ting-2P to NSGA2-greedy_multi-UX', 'Equivalence_Line_19: NSGA2-random_dense-1P to SPEA2-greedy_multi-UX', 'Equivalence_Line_20: AGEMOEA2-greedy_ting-1P to AGEMOEA2-greedy_multi-UX', 'Equivalence_Line_21: SMSEMOA-greedy_ting-UX to NSGA2-greedy_multi-1P', 'Equivalence_Line_22: SPEA2-greedy_ting-UX to SPEA2-greedy_multi-2P', 'Equivalence_Line_23: RVEA-random_dense-UX to NSGA3-greedy_multi-2P', 'Equivalence_Line_24: RVEA-random_dense-HUX to UNSGA3-greedy_multi-2P', 'Equivalence_Line_25: RVEA-random_dense-2P to NSGA3-greedy_multi-1P', 'Equivalence_Line_26: RVEA-random_dense-1P to SMSEMOA-greedy_multi-HUX', 'Equivalence_Line_27: RVEA-greedy_ting-UX to SMSEMOA-greedy_multi-1P', 'Equivalence_Line_28: RVEA-greedy_ting-2P to RVEA-greedy_multi-HUX', 'Equivalence_Line_29: SPEA2-greedy_multi-HUX to RVEA-greedy_multi-1P']"
SMSEMOA-greedy_multi-2P,1.9131658220417627,"['Equivalence_Line_1: SMSEMOA-random_dense-UX to UNSGA3-greedy_ting-2P', 'Equivalence_Line_2: UNSGA3-random_dense-UX to NSGA3-greedy_ting-2P', 'Equivalence_Line_3: NSGA3-random_dense-HUX to AGEMOEA2-greedy_ting-UX', 'Equivalence_Line_4: AGEMOEA2-random_dense-HUX to AGEMOEA2-greedy_ting-2P', 'Equivalence_Line_5: AGEMOEA2-random_dense-UX to NSGA2-random_dense-1P', 'Equivalence_Line_6: NSGA2-random_dense-UX to SMSEMOA-greedy_ting-2P', 'Equivalence_Line_7: SMSEMOA-random_dense-1P to NSGA3-greedy_ting-1P', 'Equivalence_Line_8: NSGA2-greedy_ting-HUX to NSGA2-greedy_ting-2P', 'Equivalence_Line_9: NSGA3-greedy_ting-HUX to SPEA2-greedy_ting-UX', 'Equivalence_Line_10: UNSGA3-random_dense-2P to SMSEMOA-greedy_ting-1P', 'Equivalence_Line_11: UNSGA3-greedy_ting-UX to SPEA2-greedy_ting-2P', 'Equivalence_Line_12: SPEA2-random_dense-UX to RVEA-random_dense-UX', 'Equivalence_Line_13: NSGA3-random_dense-1P to RVEA-random_dense-1P', 'Equivalence_Line_14: UNSGA3-random_dense-1P to RVEA-greedy_ting-UX', 'Equivalence_Line_15: NSGA2-random_dense-2P to RVEA-greedy_ting-HUX', 'Equivalence_Line_16: SPEA2-random_dense-2P to RVEA-greedy_ting-1P', 'Equivalence_Line_17: AGEMOEA2-greedy_ting-UX to RVEA-greedy_ting-2P', 'Equivalence_Line_18: AGEMOEA2-greedy_ting-2P to NSGA2-greedy_multi-UX', 'Equivalence_Line_19: NSGA2-random_dense-1P to SPEA2-greedy_multi-UX', 'Equivalence_Line_20: AGEMOEA2-greedy_ting-1P to AGEMOEA2-greedy_multi-UX', 'Equivalence_Line_21: SMSEMOA-greedy_ting-UX to NSGA2-greedy_multi-1P', 'Equivalence_Line_22: SPEA2-greedy_ting-UX to SPEA2-greedy_multi-2P', 'Equivalence_Line_23: RVEA-random_dense-UX to NSGA3-greedy_multi-2P', 'Equivalence_Line_24: RVEA-random_dense-HUX to UNSGA3-greedy_multi-2P', 'Equivalence_Line_25: RVEA-random_dense-2P to NSGA3-greedy_multi-1P', 'Equivalence_Line_26: RVEA-random_dense-1P to SMSEMOA-greedy_multi-HUX', 'Equivalence_Line_27: RVEA-greedy_ting-UX to SMSEMOA-greedy_multi-1P', 'Equivalence_Line_28: RVEA-greedy_ting-2P to RVEA-greedy_multi-HUX', 'Equivalence_Line_29: SPEA2-greedy_multi-HUX to RVEA-greedy_multi-1P']"
SMSEMOA-greedy_multi-1P,1.9153345512621534,"['Equivalence_Line_1: SMSEMOA-random_dense-UX to UNSGA3-greedy_ting-2P', 'Equivalence_Line_2: UNSGA3-random_dense-UX to NSGA3-greedy_ting-2P', 'Equivalence_Line_3: NSGA3-random_dense-HUX to AGEMOEA2-greedy_ting-UX', 'Equivalence_Line_4: AGEMOEA2-random_dense-HUX to AGEMOEA2-greedy_ting-2P', 'Equivalence_Line_5: AGEMOEA2-random_dense-UX to NSGA2-random_dense-1P', 'Equivalence_Line_6: NSGA2-random_dense-UX to SMSEMOA-greedy_ting-2P', 'Equivalence_Line_7: SMSEMOA-random_dense-1P to NSGA3-greedy_ting-1P', 'Equivalence_Line_8: NSGA2-greedy_ting-HUX to NSGA2-greedy_ting-2P', 'Equivalence_Line_9: NSGA3-greedy_ting-HUX to SPEA2-greedy_ting-UX', 'Equivalence_Line_10: UNSGA3-random_dense-2P to SMSEMOA-greedy_ting-1P', 'Equivalence_Line_11: UNSGA3-greedy_ting-UX to SPEA2-greedy_ting-2P', 'Equivalence_Line_12: SPEA2-random_dense-UX to RVEA-random_dense-UX', 'Equivalence_Line_13: NSGA3-random_dense-1P to RVEA-random_dense-1P', 'Equivalence_Line_14: UNSGA3-random_dense-1P to RVEA-greedy_ting-UX', 'Equivalence_Line_15: NSGA2-random_dense-2P to RVEA-greedy_ting-HUX', 'Equivalence_Line_16: SPEA2-random_dense-2P to RVEA-greedy_ting-1P', 'Equivalence_Line_17: AGEMOEA2-greedy_ting-UX to RVEA-greedy_ting-2P', 'Equivalence_Line_18: AGEMOEA2-greedy_ting-2P to NSGA2-greedy_multi-UX', 'Equivalence_Line_19: NSGA2-random_dense-1P to SPEA2-greedy_multi-UX', 'Equivalence_Line_20: AGEMOEA2-greedy_ting-1P to AGEMOEA2-greedy_multi-UX', 'Equivalence_Line_21: SMSEMOA-greedy_ting-UX to NSGA2-greedy_multi-1P', 'Equivalence_Line_22: SPEA2-greedy_ting-UX to SPEA2-greedy_multi-2P', 'Equivalence_Line_23: RVEA-random_dense-UX to NSGA3-greedy_multi-2P', 'Equivalence_Line_24: RVEA-random_dense-HUX to UNSGA3-greedy_multi-2P', 'Equivalence_Line_25: RVEA-random_dense-2P to NSGA3-greedy_multi-1P', 'Equivalence_Line_26: RVEA-random_dense-1P to SMSEMOA-greedy_multi-HUX', 'Equivalence_Line_27: RVEA-greedy_ting-UX to SMSEMOA-greedy_multi-1P', 'Equivalence_Line_28: RVEA-greedy_ting-2P to RVEA-greedy_multi-HUX', 'Equivalence_Line_29: SPEA2-greedy_multi-HUX to RVEA-greedy_multi-1P']"
RVEA-greedy_multi-UX,1.9334495340621833,"['Equivalence_Line_1: SMSEMOA-random_dense-UX to UNSGA3-greedy_ting-2P', 'Equivalence_Line_2: UNSGA3-random_dense-UX to NSGA3-greedy_ting-2P', 'Equivalence_Line_3: NSGA3-random_dense-HUX to AGEMOEA2-greedy_ting-UX', 'Equivalence_Line_4: AGEMOEA2-random_dense-HUX to AGEMOEA2-greedy_ting-2P', 'Equivalence_Line_5: AGEMOEA2-random_dense-UX to NSGA2-random_dense-1P', 'Equivalence_Line_6: NSGA2-random_dense-UX to SMSEMOA-greedy_ting-2P', 'Equivalence_Line_7: SMSEMOA-random_dense-1P to NSGA3-greedy_ting-1P', 'Equivalence_Line_8: NSGA2-greedy_ting-HUX to NSGA2-greedy_ting-2P', 'Equivalence_Line_9: NSGA3-greedy_ting-HUX to SPEA2-greedy_ting-UX', 'Equivalence_Line_10: UNSGA3-random_dense-2P to SMSEMOA-greedy_ting-1P', 'Equivalence_Line_11: UNSGA3-greedy_ting-UX to SPEA2-greedy_ting-2P', 'Equivalence_Line_12: SPEA2-random_dense-UX to RVEA-random_dense-UX', 'Equivalence_Line_13: NSGA3-random_dense-1P to RVEA-random_dense-1P', 'Equivalence_Line_14: UNSGA3-random_dense-1P to RVEA-greedy_ting-UX', 'Equivalence_Line_15: NSGA2-random_dense-2P to RVEA-greedy_ting-HUX', 'Equivalence_Line_16: SPEA2-random_dense-2P to RVEA-greedy_ting-1P', 'Equivalence_Line_17: AGEMOEA2-greedy_ting-UX to RVEA-greedy_ting-2P', 'Equivalence_Line_18: AGEMOEA2-greedy_ting-2P to NSGA2-greedy_multi-UX', 'Equivalence_Line_19: NSGA2-random_dense-1P to SPEA2-greedy_multi-UX', 'Equivalence_Line_20: AGEMOEA2-greedy_ting-1P to AGEMOEA2-greedy_multi-UX', 'Equivalence_Line_21: SMSEMOA-greedy_ting-UX to NSGA2-greedy_multi-1P', 'Equivalence_Line_22: SPEA2-greedy_ting-UX to SPEA2-greedy_multi-2P', 'Equivalence_Line_23: RVEA-random_dense-UX to NSGA3-greedy_multi-2P', 'Equivalence_Line_24: RVEA-random_dense-HUX to UNSGA3-greedy_multi-2P', 'Equivalence_Line_25: RVEA-random_dense-2P to NSGA3-greedy_multi-1P', 'Equivalence_Line_26: RVEA-random_dense-1P to SMSEMOA-greedy_multi-HUX', 'Equivalence_Line_27: RVEA-greedy_ting-UX to SMSEMOA-greedy_multi-1P', 'Equivalence_Line_28: RVEA-greedy_ting-2P to RVEA-greedy_multi-HUX', 'Equivalence_Line_29: SPEA2-greedy_multi-HUX to RVEA-greedy_multi-1P']"
RVEA-greedy_multi-HUX,1.9346198993195578,"['Equivalence_Line_1: SMSEMOA-random_dense-UX to UNSGA3-greedy_ting-2P', 'Equivalence_Line_2: UNSGA3-random_dense-UX to NSGA3-greedy_ting-2P', 'Equivalence_Line_3: NSGA3-random_dense-HUX to AGEMOEA2-greedy_ting-UX', 'Equivalence_Line_4: AGEMOEA2-random_dense-HUX to AGEMOEA2-greedy_ting-2P', 'Equivalence_Line_5: AGEMOEA2-random_dense-UX to NSGA2-random_dense-1P', 'Equivalence_Line_6: NSGA2-random_dense-UX to SMSEMOA-greedy_ting-2P', 'Equivalence_Line_7: SMSEMOA-random_dense-1P to NSGA3-greedy_ting-1P', 'Equivalence_Line_8: NSGA2-greedy_ting-HUX to NSGA2-greedy_ting-2P', 'Equivalence_Line_9: NSGA3-greedy_ting-HUX to SPEA2-greedy_ting-UX', 'Equivalence_Line_10: UNSGA3-random_dense-2P to SMSEMOA-greedy_ting-1P', 'Equivalence_Line_11: UNSGA3-greedy_ting-UX to SPEA2-greedy_ting-2P', 'Equivalence_Line_12: SPEA2-random_dense-UX to RVEA-random_dense-UX', 'Equivalence_Line_13: NSGA3-random_dense-1P to RVEA-random_dense-1P', 'Equivalence_Line_14: UNSGA3-random_dense-1P to RVEA-greedy_ting-UX', 'Equivalence_Line_15: NSGA2-random_dense-2P to RVEA-greedy_ting-HUX', 'Equivalence_Line_16: SPEA2-random_dense-2P to RVEA-greedy_ting-1P', 'Equivalence_Line_17: AGEMOEA2-greedy_ting-UX to RVEA-greedy_ting-2P', 'Equivalence_Line_18: AGEMOEA2-greedy_ting-2P to NSGA2-greedy_multi-UX', 'Equivalence_Line_19: NSGA2-random_dense-1P to SPEA2-greedy_multi-UX', 'Equivalence_Line_20: AGEMOEA2-greedy_ting-1P to AGEMOEA2-greedy_multi-UX', 'Equivalence_Line_21: SMSEMOA-greedy_ting-UX to NSGA2-greedy_multi-1P', 'Equivalence_Line_22: SPEA2-greedy_ting-UX to SPEA2-greedy_multi-2P', 'Equivalence_Line_23: RVEA-random_dense-UX to NSGA3-greedy_multi-2P', 'Equivalence_Line_24: RVEA-random_dense-HUX to UNSGA3-greedy_multi-2P', 'Equivalence_Line_25: RVEA-random_dense-2P to NSGA3-greedy_multi-1P', 'Equivalence_Line_26: RVEA-random_dense-1P to SMSEMOA-greedy_multi-HUX', 'Equivalence_Line_27: RVEA-greedy_ting-UX to SMSEMOA-greedy_multi-1P', 'Equivalence_Line_28: RVEA-greedy_ting-2P to RVEA-greedy_multi-HUX', 'Equivalence_Line_29: SPEA2-greedy_multi-HUX to RVEA-greedy_multi-1P']"
RVEA-greedy_multi-2P,1.9379153905973394,"['Equivalence_Line_1: SMSEMOA-random_dense-UX to UNSGA3-greedy_ting-2P', 'Equivalence_Line_2: UNSGA3-random_dense-UX to NSGA3-greedy_ting-2P', 'Equivalence_Line_3: NSGA3-random_dense-HUX to AGEMOEA2-greedy_ting-UX', 'Equivalence_Line_4: AGEMOEA2-random_dense-HUX to AGEMOEA2-greedy_ting-2P', 'Equivalence_Line_5: AGEMOEA2-random_dense-UX to NSGA2-random_dense-1P', 'Equivalence_Line_6: NSGA2-random_dense-UX to SMSEMOA-greedy_ting-2P', 'Equivalence_Line_7: SMSEMOA-random_dense-1P to NSGA3-greedy_ting-1P', 'Equivalence_Line_8: NSGA2-greedy_ting-HUX to NSGA2-greedy_ting-2P', 'Equivalence_Line_9: NSGA3-greedy_ting-HUX to SPEA2-greedy_ting-UX', 'Equivalence_Line_10: UNSGA3-random_dense-2P to SMSEMOA-greedy_ting-1P', 'Equivalence_Line_11: UNSGA3-greedy_ting-UX to SPEA2-greedy_ting-2P', 'Equivalence_Line_12: SPEA2-random_dense-UX to RVEA-random_dense-UX', 'Equivalence_Line_13: NSGA3-random_dense-1P to RVEA-random_dense-1P', 'Equivalence_Line_14: UNSGA3-random_dense-1P to RVEA-greedy_ting-UX', 'Equivalence_Line_15: NSGA2-random_dense-2P to RVEA-greedy_ting-HUX', 'Equivalence_Line_16: SPEA2-random_dense-2P to RVEA-greedy_ting-1P', 'Equivalence_Line_17: AGEMOEA2-greedy_ting-UX to RVEA-greedy_ting-2P', 'Equivalence_Line_18: AGEMOEA2-greedy_ting-2P to NSGA2-greedy_multi-UX', 'Equivalence_Line_19: NSGA2-random_dense-1P to SPEA2-greedy_multi-UX', 'Equivalence_Line_20: AGEMOEA2-greedy_ting-1P to AGEMOEA2-greedy_multi-UX', 'Equivalence_Line_21: SMSEMOA-greedy_ting-UX to NSGA2-greedy_multi-1P', 'Equivalence_Line_22: SPEA2-greedy_ting-UX to SPEA2-greedy_multi-2P', 'Equivalence_Line_23: RVEA-random_dense-UX to NSGA3-greedy_multi-2P', 'Equivalence_Line_24: RVEA-random_dense-HUX to UNSGA3-greedy_multi-2P', 'Equivalence_Line_25: RVEA-random_dense-2P to NSGA3-greedy_multi-1P', 'Equivalence_Line_26: RVEA-random_dense-1P to SMSEMOA-greedy_multi-HUX', 'Equivalence_Line_27: RVEA-greedy_ting-UX to SMSEMOA-greedy_multi-1P', 'Equivalence_Line_28: RVEA-greedy_ting-2P to RVEA-greedy_multi-HUX', 'Equivalence_Line_29: SPEA2-greedy_multi-HUX to RVEA-greedy_multi-1P']"
RVEA-greedy_multi-1P,1.9445867795191174,"['Equivalence_Line_1: SMSEMOA-random_dense-UX to UNSGA3-greedy_ting-2P', 'Equivalence_Line_2: UNSGA3-random_dense-UX to NSGA3-greedy_ting-2P', 'Equivalence_Line_3: NSGA3-random_dense-HUX to AGEMOEA2-greedy_ting-UX', 'Equivalence_Line_4: AGEMOEA2-random_dense-HUX to AGEMOEA2-greedy_ting-2P', 'Equivalence_Line_5: AGEMOEA2-random_dense-UX to NSGA2-random_dense-1P', 'Equivalence_Line_6: NSGA2-random_dense-UX to SMSEMOA-greedy_ting-2P', 'Equivalence_Line_7: SMSEMOA-random_dense-1P to NSGA3-greedy_ting-1P', 'Equivalence_Line_8: NSGA2-greedy_ting-HUX to NSGA2-greedy_ting-2P', 'Equivalence_Line_9: NSGA3-greedy_ting-HUX to SPEA2-greedy_ting-UX', 'Equivalence_Line_10: UNSGA3-random_dense-2P to SMSEMOA-greedy_ting-1P', 'Equivalence_Line_11: UNSGA3-greedy_ting-UX to SPEA2-greedy_ting-2P', 'Equivalence_Line_12: SPEA2-random_dense-UX to RVEA-random_dense-UX', 'Equivalence_Line_13: NSGA3-random_dense-1P to RVEA-random_dense-1P', 'Equivalence_Line_14: UNSGA3-random_dense-1P to RVEA-greedy_ting-UX', 'Equivalence_Line_15: NSGA2-random_dense-2P to RVEA-greedy_ting-HUX', 'Equivalence_Line_16: SPEA2-random_dense-2P to RVEA-greedy_ting-1P', 'Equivalence_Line_17: AGEMOEA2-greedy_ting-UX to RVEA-greedy_ting-2P', 'Equivalence_Line_18: AGEMOEA2-greedy_ting-2P to NSGA2-greedy_multi-UX', 'Equivalence_Line_19: NSGA2-random_dense-1P to SPEA2-greedy_multi-UX', 'Equivalence_Line_20: AGEMOEA2-greedy_ting-1P to AGEMOEA2-greedy_multi-UX', 'Equivalence_Line_21: SMSEMOA-greedy_ting-UX to NSGA2-greedy_multi-1P', 'Equivalence_Line_22: SPEA2-greedy_ting-UX to SPEA2-greedy_multi-2P', 'Equivalence_Line_23: RVEA-random_dense-UX to NSGA3-greedy_multi-2P', 'Equivalence_Line_24: RVEA-random_dense-HUX to UNSGA3-greedy_multi-2P', 'Equivalence_Line_25: RVEA-random_dense-2P to NSGA3-greedy_multi-1P', 'Equivalence_Line_26: RVEA-random_dense-1P to SMSEMOA-greedy_multi-HUX', 'Equivalence_Line_27: RVEA-greedy_ting-UX to SMSEMOA-greedy_multi-1P', 'Equivalence_Line_28: RVEA-greedy_ting-2P to RVEA-greedy_multi-HUX', 'Equivalence_Line_29: SPEA2-greedy_multi-HUX to RVEA-greedy_multi-1P']"
