Group,Mean,Equivalence_Lines
NSGA2-greedy_ting-UX,0.5326422094669269,"['Equivalence_Line_1: NSGA2-greedy_ting-UX to NSGA3-random_dense-UX', 'Equivalence_Line_2: NSGA2-greedy_ting-2P to NSGA2-random_dense-2P', 'Equivalence_Line_3: NSGA2-greedy_ting-1P to AGEMOEA2-random_dense-UX', 'Equivalence_Line_4: AGEMOEA2-greedy_ting-1P to AGEMOEA2-random_dense-2P', 'Equivalence_Line_5: UNSGA3-greedy_ting-2P to NSGA2-random_dense-1P', 'Equivalence_Line_6: NSGA3-greedy_ting-2P to SPEA2-random_dense-UX', 'Equivalence_Line_7: UNSGA3-greedy_ting-1P to UNSGA3-random_dense-2P', 'Equivalence_Line_8: UNSGA3-greedy_ting-HUX to AGEMOEA2-random_dense-1P', 'Equivalence_Line_9: SMSEMOA-greedy_ting-UX to UNSGA3-random_dense-1P', 'Equivalence_Line_10: SPEA2-greedy_ting-HUX to RVEA-greedy_ting-HUX', 'Equivalence_Line_11: AGEMOEA2-greedy_ting-HUX to RVEA-greedy_ting-1P', 'Equivalence_Line_12: NSGA3-random_dense-UX to RVEA-random_dense-UX', 'Equivalence_Line_13: NSGA2-random_dense-2P to RVEA-random_dense-HUX', 'Equivalence_Line_14: AGEMOEA2-random_dense-HUX to RVEA-random_dense-1P', 'Equivalence_Line_15: SPEA2-greedy_ting-2P to SPEA2-greedy_multi-HUX', 'Equivalence_Line_16: NSGA2-random_dense-1P to AGEMOEA2-greedy_multi-UX', 'Equivalence_Line_17: SPEA2-random_dense-HUX to AGEMOEA2-greedy_multi-HUX', 'Equivalence_Line_18: AGEMOEA2-random_dense-1P to NSGA3-greedy_multi-HUX', 'Equivalence_Line_19: SPEA2-random_dense-2P to NSGA2-greedy_multi-1P', 'Equivalence_Line_20: SMSEMOA-random_dense-2P to AGEMOEA2-greedy_multi-2P', 'Equivalence_Line_21: RVEA-greedy_ting-HUX to SPEA2-greedy_multi-1P', 'Equivalence_Line_22: SMSEMOA-random_dense-HUX to UNSGA3-greedy_multi-2P', 'Equivalence_Line_23: SMSEMOA-random_dense-1P to NSGA3-greedy_multi-1P', 'Equivalence_Line_24: RVEA-random_dense-2P to SMSEMOA-greedy_multi-2P', 'Equivalence_Line_25: RVEA-random_dense-HUX to SMSEMOA-greedy_multi-1P', 'Equivalence_Line_26: NSGA2-greedy_multi-HUX to RVEA-greedy_multi-1P']"
NSGA2-greedy_ting-HUX,0.5344073934393864,"['Equivalence_Line_1: NSGA2-greedy_ting-UX to NSGA3-random_dense-UX', 'Equivalence_Line_2: NSGA2-greedy_ting-2P to NSGA2-random_dense-2P', 'Equivalence_Line_3: NSGA2-greedy_ting-1P to AGEMOEA2-random_dense-UX', 'Equivalence_Line_4: AGEMOEA2-greedy_ting-1P to AGEMOEA2-random_dense-2P', 'Equivalence_Line_5: UNSGA3-greedy_ting-2P to NSGA2-random_dense-1P', 'Equivalence_Line_6: NSGA3-greedy_ting-2P to SPEA2-random_dense-UX', 'Equivalence_Line_7: UNSGA3-greedy_ting-1P to UNSGA3-random_dense-2P', 'Equivalence_Line_8: UNSGA3-greedy_ting-HUX to AGEMOEA2-random_dense-1P', 'Equivalence_Line_9: SMSEMOA-greedy_ting-UX to UNSGA3-random_dense-1P', 'Equivalence_Line_10: SPEA2-greedy_ting-HUX to RVEA-greedy_ting-HUX', 'Equivalence_Line_11: AGEMOEA2-greedy_ting-HUX to RVEA-greedy_ting-1P', 'Equivalence_Line_12: NSGA3-random_dense-UX to RVEA-random_dense-UX', 'Equivalence_Line_13: NSGA2-random_dense-2P to RVEA-random_dense-HUX', 'Equivalence_Line_14: AGEMOEA2-random_dense-HUX to RVEA-random_dense-1P', 'Equivalence_Line_15: SPEA2-greedy_ting-2P to SPEA2-greedy_multi-HUX', 'Equivalence_Line_16: NSGA2-random_dense-1P to AGEMOEA2-greedy_multi-UX', 'Equivalence_Line_17: SPEA2-random_dense-HUX to AGEMOEA2-greedy_multi-HUX', 'Equivalence_Line_18: AGEMOEA2-random_dense-1P to NSGA3-greedy_multi-HUX', 'Equivalence_Line_19: SPEA2-random_dense-2P to NSGA2-greedy_multi-1P', 'Equivalence_Line_20: SMSEMOA-random_dense-2P to AGEMOEA2-greedy_multi-2P', 'Equivalence_Line_21: RVEA-greedy_ting-HUX to SPEA2-greedy_multi-1P', 'Equivalence_Line_22: SMSEMOA-random_dense-HUX to UNSGA3-greedy_multi-2P', 'Equivalence_Line_23: SMSEMOA-random_dense-1P to NSGA3-greedy_multi-1P', 'Equivalence_Line_24: RVEA-random_dense-2P to SMSEMOA-greedy_multi-2P', 'Equivalence_Line_25: RVEA-random_dense-HUX to SMSEMOA-greedy_multi-1P', 'Equivalence_Line_26: NSGA2-greedy_multi-HUX to RVEA-greedy_multi-1P']"
NSGA2-greedy_ting-2P,0.5808683461209259,"['Equivalence_Line_1: NSGA2-greedy_ting-UX to NSGA3-random_dense-UX', 'Equivalence_Line_2: NSGA2-greedy_ting-2P to NSGA2-random_dense-2P', 'Equivalence_Line_3: NSGA2-greedy_ting-1P to AGEMOEA2-random_dense-UX', 'Equivalence_Line_4: AGEMOEA2-greedy_ting-1P to AGEMOEA2-random_dense-2P', 'Equivalence_Line_5: UNSGA3-greedy_ting-2P to NSGA2-random_dense-1P', 'Equivalence_Line_6: NSGA3-greedy_ting-2P to SPEA2-random_dense-UX', 'Equivalence_Line_7: UNSGA3-greedy_ting-1P to UNSGA3-random_dense-2P', 'Equivalence_Line_8: UNSGA3-greedy_ting-HUX to AGEMOEA2-random_dense-1P', 'Equivalence_Line_9: SMSEMOA-greedy_ting-UX to UNSGA3-random_dense-1P', 'Equivalence_Line_10: SPEA2-greedy_ting-HUX to RVEA-greedy_ting-HUX', 'Equivalence_Line_11: AGEMOEA2-greedy_ting-HUX to RVEA-greedy_ting-1P', 'Equivalence_Line_12: NSGA3-random_dense-UX to RVEA-random_dense-UX', 'Equivalence_Line_13: NSGA2-random_dense-2P to RVEA-random_dense-HUX', 'Equivalence_Line_14: AGEMOEA2-random_dense-HUX to RVEA-random_dense-1P', 'Equivalence_Line_15: SPEA2-greedy_ting-2P to SPEA2-greedy_multi-HUX', 'Equivalence_Line_16: NSGA2-random_dense-1P to AGEMOEA2-greedy_multi-UX', 'Equivalence_Line_17: SPEA2-random_dense-HUX to AGEMOEA2-greedy_multi-HUX', 'Equivalence_Line_18: AGEMOEA2-random_dense-1P to NSGA3-greedy_multi-HUX', 'Equivalence_Line_19: SPEA2-random_dense-2P to NSGA2-greedy_multi-1P', 'Equivalence_Line_20: SMSEMOA-random_dense-2P to AGEMOEA2-greedy_multi-2P', 'Equivalence_Line_21: RVEA-greedy_ting-HUX to SPEA2-greedy_multi-1P', 'Equivalence_Line_22: SMSEMOA-random_dense-HUX to UNSGA3-greedy_multi-2P', 'Equivalence_Line_23: SMSEMOA-random_dense-1P to NSGA3-greedy_multi-1P', 'Equivalence_Line_24: RVEA-random_dense-2P to SMSEMOA-greedy_multi-2P', 'Equivalence_Line_25: RVEA-random_dense-HUX to SMSEMOA-greedy_multi-1P', 'Equivalence_Line_26: NSGA2-greedy_multi-HUX to RVEA-greedy_multi-1P']"
NSGA2-greedy_ting-1P,0.615318647653788,"['Equivalence_Line_1: NSGA2-greedy_ting-UX to NSGA3-random_dense-UX', 'Equivalence_Line_2: NSGA2-greedy_ting-2P to NSGA2-random_dense-2P', 'Equivalence_Line_3: NSGA2-greedy_ting-1P to AGEMOEA2-random_dense-UX', 'Equivalence_Line_4: AGEMOEA2-greedy_ting-1P to AGEMOEA2-random_dense-2P', 'Equivalence_Line_5: UNSGA3-greedy_ting-2P to NSGA2-random_dense-1P', 'Equivalence_Line_6: NSGA3-greedy_ting-2P to SPEA2-random_dense-UX', 'Equivalence_Line_7: UNSGA3-greedy_ting-1P to UNSGA3-random_dense-2P', 'Equivalence_Line_8: UNSGA3-greedy_ting-HUX to AGEMOEA2-random_dense-1P', 'Equivalence_Line_9: SMSEMOA-greedy_ting-UX to UNSGA3-random_dense-1P', 'Equivalence_Line_10: SPEA2-greedy_ting-HUX to RVEA-greedy_ting-HUX', 'Equivalence_Line_11: AGEMOEA2-greedy_ting-HUX to RVEA-greedy_ting-1P', 'Equivalence_Line_12: NSGA3-random_dense-UX to RVEA-random_dense-UX', 'Equivalence_Line_13: NSGA2-random_dense-2P to RVEA-random_dense-HUX', 'Equivalence_Line_14: AGEMOEA2-random_dense-HUX to RVEA-random_dense-1P', 'Equivalence_Line_15: SPEA2-greedy_ting-2P to SPEA2-greedy_multi-HUX', 'Equivalence_Line_16: NSGA2-random_dense-1P to AGEMOEA2-greedy_multi-UX', 'Equivalence_Line_17: SPEA2-random_dense-HUX to AGEMOEA2-greedy_multi-HUX', 'Equivalence_Line_18: AGEMOEA2-random_dense-1P to NSGA3-greedy_multi-HUX', 'Equivalence_Line_19: SPEA2-random_dense-2P to NSGA2-greedy_multi-1P', 'Equivalence_Line_20: SMSEMOA-random_dense-2P to AGEMOEA2-greedy_multi-2P', 'Equivalence_Line_21: RVEA-greedy_ting-HUX to SPEA2-greedy_multi-1P', 'Equivalence_Line_22: SMSEMOA-random_dense-HUX to UNSGA3-greedy_multi-2P', 'Equivalence_Line_23: SMSEMOA-random_dense-1P to NSGA3-greedy_multi-1P', 'Equivalence_Line_24: RVEA-random_dense-2P to SMSEMOA-greedy_multi-2P', 'Equivalence_Line_25: RVEA-random_dense-HUX to SMSEMOA-greedy_multi-1P', 'Equivalence_Line_26: NSGA2-greedy_multi-HUX to RVEA-greedy_multi-1P']"
NSGA2-random_dense-HUX,0.632351736687925,"['Equivalence_Line_1: NSGA2-greedy_ting-UX to NSGA3-random_dense-UX', 'Equivalence_Line_2: NSGA2-greedy_ting-2P to NSGA2-random_dense-2P', 'Equivalence_Line_3: NSGA2-greedy_ting-1P to AGEMOEA2-random_dense-UX', 'Equivalence_Line_4: AGEMOEA2-greedy_ting-1P to AGEMOEA2-random_dense-2P', 'Equivalence_Line_5: UNSGA3-greedy_ting-2P to NSGA2-random_dense-1P', 'Equivalence_Line_6: NSGA3-greedy_ting-2P to SPEA2-random_dense-UX', 'Equivalence_Line_7: UNSGA3-greedy_ting-1P to UNSGA3-random_dense-2P', 'Equivalence_Line_8: UNSGA3-greedy_ting-HUX to AGEMOEA2-random_dense-1P', 'Equivalence_Line_9: SMSEMOA-greedy_ting-UX to UNSGA3-random_dense-1P', 'Equivalence_Line_10: SPEA2-greedy_ting-HUX to RVEA-greedy_ting-HUX', 'Equivalence_Line_11: AGEMOEA2-greedy_ting-HUX to RVEA-greedy_ting-1P', 'Equivalence_Line_12: NSGA3-random_dense-UX to RVEA-random_dense-UX', 'Equivalence_Line_13: NSGA2-random_dense-2P to RVEA-random_dense-HUX', 'Equivalence_Line_14: AGEMOEA2-random_dense-HUX to RVEA-random_dense-1P', 'Equivalence_Line_15: SPEA2-greedy_ting-2P to SPEA2-greedy_multi-HUX', 'Equivalence_Line_16: NSGA2-random_dense-1P to AGEMOEA2-greedy_multi-UX', 'Equivalence_Line_17: SPEA2-random_dense-HUX to AGEMOEA2-greedy_multi-HUX', 'Equivalence_Line_18: AGEMOEA2-random_dense-1P to NSGA3-greedy_multi-HUX', 'Equivalence_Line_19: SPEA2-random_dense-2P to NSGA2-greedy_multi-1P', 'Equivalence_Line_20: SMSEMOA-random_dense-2P to AGEMOEA2-greedy_multi-2P', 'Equivalence_Line_21: RVEA-greedy_ting-HUX to SPEA2-greedy_multi-1P', 'Equivalence_Line_22: SMSEMOA-random_dense-HUX to UNSGA3-greedy_multi-2P', 'Equivalence_Line_23: SMSEMOA-random_dense-1P to NSGA3-greedy_multi-1P', 'Equivalence_Line_24: RVEA-random_dense-2P to SMSEMOA-greedy_multi-2P', 'Equivalence_Line_25: RVEA-random_dense-HUX to SMSEMOA-greedy_multi-1P', 'Equivalence_Line_26: NSGA2-greedy_multi-HUX to RVEA-greedy_multi-1P']"
NSGA2-random_dense-UX,0.6372289198593396,"['Equivalence_Line_1: NSGA2-greedy_ting-UX to NSGA3-random_dense-UX', 'Equivalence_Line_2: NSGA2-greedy_ting-2P to NSGA2-random_dense-2P', 'Equivalence_Line_3: NSGA2-greedy_ting-1P to AGEMOEA2-random_dense-UX', 'Equivalence_Line_4: AGEMOEA2-greedy_ting-1P to AGEMOEA2-random_dense-2P', 'Equivalence_Line_5: UNSGA3-greedy_ting-2P to NSGA2-random_dense-1P', 'Equivalence_Line_6: NSGA3-greedy_ting-2P to SPEA2-random_dense-UX', 'Equivalence_Line_7: UNSGA3-greedy_ting-1P to UNSGA3-random_dense-2P', 'Equivalence_Line_8: UNSGA3-greedy_ting-HUX to AGEMOEA2-random_dense-1P', 'Equivalence_Line_9: SMSEMOA-greedy_ting-UX to UNSGA3-random_dense-1P', 'Equivalence_Line_10: SPEA2-greedy_ting-HUX to RVEA-greedy_ting-HUX', 'Equivalence_Line_11: AGEMOEA2-greedy_ting-HUX to RVEA-greedy_ting-1P', 'Equivalence_Line_12: NSGA3-random_dense-UX to RVEA-random_dense-UX', 'Equivalence_Line_13: NSGA2-random_dense-2P to RVEA-random_dense-HUX', 'Equivalence_Line_14: AGEMOEA2-random_dense-HUX to RVEA-random_dense-1P', 'Equivalence_Line_15: SPEA2-greedy_ting-2P to SPEA2-greedy_multi-HUX', 'Equivalence_Line_16: NSGA2-random_dense-1P to AGEMOEA2-greedy_multi-UX', 'Equivalence_Line_17: SPEA2-random_dense-HUX to AGEMOEA2-greedy_multi-HUX', 'Equivalence_Line_18: AGEMOEA2-random_dense-1P to NSGA3-greedy_multi-HUX', 'Equivalence_Line_19: SPEA2-random_dense-2P to NSGA2-greedy_multi-1P', 'Equivalence_Line_20: SMSEMOA-random_dense-2P to AGEMOEA2-greedy_multi-2P', 'Equivalence_Line_21: RVEA-greedy_ting-HUX to SPEA2-greedy_multi-1P', 'Equivalence_Line_22: SMSEMOA-random_dense-HUX to UNSGA3-greedy_multi-2P', 'Equivalence_Line_23: SMSEMOA-random_dense-1P to NSGA3-greedy_multi-1P', 'Equivalence_Line_24: RVEA-random_dense-2P to SMSEMOA-greedy_multi-2P', 'Equivalence_Line_25: RVEA-random_dense-HUX to SMSEMOA-greedy_multi-1P', 'Equivalence_Line_26: NSGA2-greedy_multi-HUX to RVEA-greedy_multi-1P']"
AGEMOEA2-greedy_ting-2P,0.665740579360367,"['Equivalence_Line_1: NSGA2-greedy_ting-UX to NSGA3-random_dense-UX', 'Equivalence_Line_2: NSGA2-greedy_ting-2P to NSGA2-random_dense-2P', 'Equivalence_Line_3: NSGA2-greedy_ting-1P to AGEMOEA2-random_dense-UX', 'Equivalence_Line_4: AGEMOEA2-greedy_ting-1P to AGEMOEA2-random_dense-2P', 'Equivalence_Line_5: UNSGA3-greedy_ting-2P to NSGA2-random_dense-1P', 'Equivalence_Line_6: NSGA3-greedy_ting-2P to SPEA2-random_dense-UX', 'Equivalence_Line_7: UNSGA3-greedy_ting-1P to UNSGA3-random_dense-2P', 'Equivalence_Line_8: UNSGA3-greedy_ting-HUX to AGEMOEA2-random_dense-1P', 'Equivalence_Line_9: SMSEMOA-greedy_ting-UX to UNSGA3-random_dense-1P', 'Equivalence_Line_10: SPEA2-greedy_ting-HUX to RVEA-greedy_ting-HUX', 'Equivalence_Line_11: AGEMOEA2-greedy_ting-HUX to RVEA-greedy_ting-1P', 'Equivalence_Line_12: NSGA3-random_dense-UX to RVEA-random_dense-UX', 'Equivalence_Line_13: NSGA2-random_dense-2P to RVEA-random_dense-HUX', 'Equivalence_Line_14: AGEMOEA2-random_dense-HUX to RVEA-random_dense-1P', 'Equivalence_Line_15: SPEA2-greedy_ting-2P to SPEA2-greedy_multi-HUX', 'Equivalence_Line_16: NSGA2-random_dense-1P to AGEMOEA2-greedy_multi-UX', 'Equivalence_Line_17: SPEA2-random_dense-HUX to AGEMOEA2-greedy_multi-HUX', 'Equivalence_Line_18: AGEMOEA2-random_dense-1P to NSGA3-greedy_multi-HUX', 'Equivalence_Line_19: SPEA2-random_dense-2P to NSGA2-greedy_multi-1P', 'Equivalence_Line_20: SMSEMOA-random_dense-2P to AGEMOEA2-greedy_multi-2P', 'Equivalence_Line_21: RVEA-greedy_ting-HUX to SPEA2-greedy_multi-1P', 'Equivalence_Line_22: SMSEMOA-random_dense-HUX to UNSGA3-greedy_multi-2P', 'Equivalence_Line_23: SMSEMOA-random_dense-1P to NSGA3-greedy_multi-1P', 'Equivalence_Line_24: RVEA-random_dense-2P to SMSEMOA-greedy_multi-2P', 'Equivalence_Line_25: RVEA-random_dense-HUX to SMSEMOA-greedy_multi-1P', 'Equivalence_Line_26: NSGA2-greedy_multi-HUX to RVEA-greedy_multi-1P']"
AGEMOEA2-greedy_ting-1P,0.6819858835267121,"['Equivalence_Line_1: NSGA2-greedy_ting-UX to NSGA3-random_dense-UX', 'Equivalence_Line_2: NSGA2-greedy_ting-2P to NSGA2-random_dense-2P', 'Equivalence_Line_3: NSGA2-greedy_ting-1P to AGEMOEA2-random_dense-UX', 'Equivalence_Line_4: AGEMOEA2-greedy_ting-1P to AGEMOEA2-random_dense-2P', 'Equivalence_Line_5: UNSGA3-greedy_ting-2P to NSGA2-random_dense-1P', 'Equivalence_Line_6: NSGA3-greedy_ting-2P to SPEA2-random_dense-UX', 'Equivalence_Line_7: UNSGA3-greedy_ting-1P to UNSGA3-random_dense-2P', 'Equivalence_Line_8: UNSGA3-greedy_ting-HUX to AGEMOEA2-random_dense-1P', 'Equivalence_Line_9: SMSEMOA-greedy_ting-UX to UNSGA3-random_dense-1P', 'Equivalence_Line_10: SPEA2-greedy_ting-HUX to RVEA-greedy_ting-HUX', 'Equivalence_Line_11: AGEMOEA2-greedy_ting-HUX to RVEA-greedy_ting-1P', 'Equivalence_Line_12: NSGA3-random_dense-UX to RVEA-random_dense-UX', 'Equivalence_Line_13: NSGA2-random_dense-2P to RVEA-random_dense-HUX', 'Equivalence_Line_14: AGEMOEA2-random_dense-HUX to RVEA-random_dense-1P', 'Equivalence_Line_15: SPEA2-greedy_ting-2P to SPEA2-greedy_multi-HUX', 'Equivalence_Line_16: NSGA2-random_dense-1P to AGEMOEA2-greedy_multi-UX', 'Equivalence_Line_17: SPEA2-random_dense-HUX to AGEMOEA2-greedy_multi-HUX', 'Equivalence_Line_18: AGEMOEA2-random_dense-1P to NSGA3-greedy_multi-HUX', 'Equivalence_Line_19: SPEA2-random_dense-2P to NSGA2-greedy_multi-1P', 'Equivalence_Line_20: SMSEMOA-random_dense-2P to AGEMOEA2-greedy_multi-2P', 'Equivalence_Line_21: RVEA-greedy_ting-HUX to SPEA2-greedy_multi-1P', 'Equivalence_Line_22: SMSEMOA-random_dense-HUX to UNSGA3-greedy_multi-2P', 'Equivalence_Line_23: SMSEMOA-random_dense-1P to NSGA3-greedy_multi-1P', 'Equivalence_Line_24: RVEA-random_dense-2P to SMSEMOA-greedy_multi-2P', 'Equivalence_Line_25: RVEA-random_dense-HUX to SMSEMOA-greedy_multi-1P', 'Equivalence_Line_26: NSGA2-greedy_multi-HUX to RVEA-greedy_multi-1P']"
UNSGA3-greedy_ting-2P,0.7059253888798349,"['Equivalence_Line_1: NSGA2-greedy_ting-UX to NSGA3-random_dense-UX', 'Equivalence_Line_2: NSGA2-greedy_ting-2P to NSGA2-random_dense-2P', 'Equivalence_Line_3: NSGA2-greedy_ting-1P to AGEMOEA2-random_dense-UX', 'Equivalence_Line_4: AGEMOEA2-greedy_ting-1P to AGEMOEA2-random_dense-2P', 'Equivalence_Line_5: UNSGA3-greedy_ting-2P to NSGA2-random_dense-1P', 'Equivalence_Line_6: NSGA3-greedy_ting-2P to SPEA2-random_dense-UX', 'Equivalence_Line_7: UNSGA3-greedy_ting-1P to UNSGA3-random_dense-2P', 'Equivalence_Line_8: UNSGA3-greedy_ting-HUX to AGEMOEA2-random_dense-1P', 'Equivalence_Line_9: SMSEMOA-greedy_ting-UX to UNSGA3-random_dense-1P', 'Equivalence_Line_10: SPEA2-greedy_ting-HUX to RVEA-greedy_ting-HUX', 'Equivalence_Line_11: AGEMOEA2-greedy_ting-HUX to RVEA-greedy_ting-1P', 'Equivalence_Line_12: NSGA3-random_dense-UX to RVEA-random_dense-UX', 'Equivalence_Line_13: NSGA2-random_dense-2P to RVEA-random_dense-HUX', 'Equivalence_Line_14: AGEMOEA2-random_dense-HUX to RVEA-random_dense-1P', 'Equivalence_Line_15: SPEA2-greedy_ting-2P to SPEA2-greedy_multi-HUX', 'Equivalence_Line_16: NSGA2-random_dense-1P to AGEMOEA2-greedy_multi-UX', 'Equivalence_Line_17: SPEA2-random_dense-HUX to AGEMOEA2-greedy_multi-HUX', 'Equivalence_Line_18: AGEMOEA2-random_dense-1P to NSGA3-greedy_multi-HUX', 'Equivalence_Line_19: SPEA2-random_dense-2P to NSGA2-greedy_multi-1P', 'Equivalence_Line_20: SMSEMOA-random_dense-2P to AGEMOEA2-greedy_multi-2P', 'Equivalence_Line_21: RVEA-greedy_ting-HUX to SPEA2-greedy_multi-1P', 'Equivalence_Line_22: SMSEMOA-random_dense-HUX to UNSGA3-greedy_multi-2P', 'Equivalence_Line_23: SMSEMOA-random_dense-1P to NSGA3-greedy_multi-1P', 'Equivalence_Line_24: RVEA-random_dense-2P to SMSEMOA-greedy_multi-2P', 'Equivalence_Line_25: RVEA-random_dense-HUX to SMSEMOA-greedy_multi-1P', 'Equivalence_Line_26: NSGA2-greedy_multi-HUX to RVEA-greedy_multi-1P']"
NSGA3-greedy_ting-2P,0.7222832373039052,"['Equivalence_Line_1: NSGA2-greedy_ting-UX to NSGA3-random_dense-UX', 'Equivalence_Line_2: NSGA2-greedy_ting-2P to NSGA2-random_dense-2P', 'Equivalence_Line_3: NSGA2-greedy_ting-1P to AGEMOEA2-random_dense-UX', 'Equivalence_Line_4: AGEMOEA2-greedy_ting-1P to AGEMOEA2-random_dense-2P', 'Equivalence_Line_5: UNSGA3-greedy_ting-2P to NSGA2-random_dense-1P', 'Equivalence_Line_6: NSGA3-greedy_ting-2P to SPEA2-random_dense-UX', 'Equivalence_Line_7: UNSGA3-greedy_ting-1P to UNSGA3-random_dense-2P', 'Equivalence_Line_8: UNSGA3-greedy_ting-HUX to AGEMOEA2-random_dense-1P', 'Equivalence_Line_9: SMSEMOA-greedy_ting-UX to UNSGA3-random_dense-1P', 'Equivalence_Line_10: SPEA2-greedy_ting-HUX to RVEA-greedy_ting-HUX', 'Equivalence_Line_11: AGEMOEA2-greedy_ting-HUX to RVEA-greedy_ting-1P', 'Equivalence_Line_12: NSGA3-random_dense-UX to RVEA-random_dense-UX', 'Equivalence_Line_13: NSGA2-random_dense-2P to RVEA-random_dense-HUX', 'Equivalence_Line_14: AGEMOEA2-random_dense-HUX to RVEA-random_dense-1P', 'Equivalence_Line_15: SPEA2-greedy_ting-2P to SPEA2-greedy_multi-HUX', 'Equivalence_Line_16: NSGA2-random_dense-1P to AGEMOEA2-greedy_multi-UX', 'Equivalence_Line_17: SPEA2-random_dense-HUX to AGEMOEA2-greedy_multi-HUX', 'Equivalence_Line_18: AGEMOEA2-random_dense-1P to NSGA3-greedy_multi-HUX', 'Equivalence_Line_19: SPEA2-random_dense-2P to NSGA2-greedy_multi-1P', 'Equivalence_Line_20: SMSEMOA-random_dense-2P to AGEMOEA2-greedy_multi-2P', 'Equivalence_Line_21: RVEA-greedy_ting-HUX to SPEA2-greedy_multi-1P', 'Equivalence_Line_22: SMSEMOA-random_dense-HUX to UNSGA3-greedy_multi-2P', 'Equivalence_Line_23: SMSEMOA-random_dense-1P to NSGA3-greedy_multi-1P', 'Equivalence_Line_24: RVEA-random_dense-2P to SMSEMOA-greedy_multi-2P', 'Equivalence_Line_25: RVEA-random_dense-HUX to SMSEMOA-greedy_multi-1P', 'Equivalence_Line_26: NSGA2-greedy_multi-HUX to RVEA-greedy_multi-1P']"
UNSGA3-greedy_ting-1P,0.7360017620981852,"['Equivalence_Line_1: NSGA2-greedy_ting-UX to NSGA3-random_dense-UX', 'Equivalence_Line_2: NSGA2-greedy_ting-2P to NSGA2-random_dense-2P', 'Equivalence_Line_3: NSGA2-greedy_ting-1P to AGEMOEA2-random_dense-UX', 'Equivalence_Line_4: AGEMOEA2-greedy_ting-1P to AGEMOEA2-random_dense-2P', 'Equivalence_Line_5: UNSGA3-greedy_ting-2P to NSGA2-random_dense-1P', 'Equivalence_Line_6: NSGA3-greedy_ting-2P to SPEA2-random_dense-UX', 'Equivalence_Line_7: UNSGA3-greedy_ting-1P to UNSGA3-random_dense-2P', 'Equivalence_Line_8: UNSGA3-greedy_ting-HUX to AGEMOEA2-random_dense-1P', 'Equivalence_Line_9: SMSEMOA-greedy_ting-UX to UNSGA3-random_dense-1P', 'Equivalence_Line_10: SPEA2-greedy_ting-HUX to RVEA-greedy_ting-HUX', 'Equivalence_Line_11: AGEMOEA2-greedy_ting-HUX to RVEA-greedy_ting-1P', 'Equivalence_Line_12: NSGA3-random_dense-UX to RVEA-random_dense-UX', 'Equivalence_Line_13: NSGA2-random_dense-2P to RVEA-random_dense-HUX', 'Equivalence_Line_14: AGEMOEA2-random_dense-HUX to RVEA-random_dense-1P', 'Equivalence_Line_15: SPEA2-greedy_ting-2P to SPEA2-greedy_multi-HUX', 'Equivalence_Line_16: NSGA2-random_dense-1P to AGEMOEA2-greedy_multi-UX', 'Equivalence_Line_17: SPEA2-random_dense-HUX to AGEMOEA2-greedy_multi-HUX', 'Equivalence_Line_18: AGEMOEA2-random_dense-1P to NSGA3-greedy_multi-HUX', 'Equivalence_Line_19: SPEA2-random_dense-2P to NSGA2-greedy_multi-1P', 'Equivalence_Line_20: SMSEMOA-random_dense-2P to AGEMOEA2-greedy_multi-2P', 'Equivalence_Line_21: RVEA-greedy_ting-HUX to SPEA2-greedy_multi-1P', 'Equivalence_Line_22: SMSEMOA-random_dense-HUX to UNSGA3-greedy_multi-2P', 'Equivalence_Line_23: SMSEMOA-random_dense-1P to NSGA3-greedy_multi-1P', 'Equivalence_Line_24: RVEA-random_dense-2P to SMSEMOA-greedy_multi-2P', 'Equivalence_Line_25: RVEA-random_dense-HUX to SMSEMOA-greedy_multi-1P', 'Equivalence_Line_26: NSGA2-greedy_multi-HUX to RVEA-greedy_multi-1P']"
NSGA3-greedy_ting-1P,0.7372288468718837,"['Equivalence_Line_1: NSGA2-greedy_ting-UX to NSGA3-random_dense-UX', 'Equivalence_Line_2: NSGA2-greedy_ting-2P to NSGA2-random_dense-2P', 'Equivalence_Line_3: NSGA2-greedy_ting-1P to AGEMOEA2-random_dense-UX', 'Equivalence_Line_4: AGEMOEA2-greedy_ting-1P to AGEMOEA2-random_dense-2P', 'Equivalence_Line_5: UNSGA3-greedy_ting-2P to NSGA2-random_dense-1P', 'Equivalence_Line_6: NSGA3-greedy_ting-2P to SPEA2-random_dense-UX', 'Equivalence_Line_7: UNSGA3-greedy_ting-1P to UNSGA3-random_dense-2P', 'Equivalence_Line_8: UNSGA3-greedy_ting-HUX to AGEMOEA2-random_dense-1P', 'Equivalence_Line_9: SMSEMOA-greedy_ting-UX to UNSGA3-random_dense-1P', 'Equivalence_Line_10: SPEA2-greedy_ting-HUX to RVEA-greedy_ting-HUX', 'Equivalence_Line_11: AGEMOEA2-greedy_ting-HUX to RVEA-greedy_ting-1P', 'Equivalence_Line_12: NSGA3-random_dense-UX to RVEA-random_dense-UX', 'Equivalence_Line_13: NSGA2-random_dense-2P to RVEA-random_dense-HUX', 'Equivalence_Line_14: AGEMOEA2-random_dense-HUX to RVEA-random_dense-1P', 'Equivalence_Line_15: SPEA2-greedy_ting-2P to SPEA2-greedy_multi-HUX', 'Equivalence_Line_16: NSGA2-random_dense-1P to AGEMOEA2-greedy_multi-UX', 'Equivalence_Line_17: SPEA2-random_dense-HUX to AGEMOEA2-greedy_multi-HUX', 'Equivalence_Line_18: AGEMOEA2-random_dense-1P to NSGA3-greedy_multi-HUX', 'Equivalence_Line_19: SPEA2-random_dense-2P to NSGA2-greedy_multi-1P', 'Equivalence_Line_20: SMSEMOA-random_dense-2P to AGEMOEA2-greedy_multi-2P', 'Equivalence_Line_21: RVEA-greedy_ting-HUX to SPEA2-greedy_multi-1P', 'Equivalence_Line_22: SMSEMOA-random_dense-HUX to UNSGA3-greedy_multi-2P', 'Equivalence_Line_23: SMSEMOA-random_dense-1P to NSGA3-greedy_multi-1P', 'Equivalence_Line_24: RVEA-random_dense-2P to SMSEMOA-greedy_multi-2P', 'Equivalence_Line_25: RVEA-random_dense-HUX to SMSEMOA-greedy_multi-1P', 'Equivalence_Line_26: NSGA2-greedy_multi-HUX to RVEA-greedy_multi-1P']"
SMSEMOA-greedy_ting-2P,0.7390104508619681,"['Equivalence_Line_1: NSGA2-greedy_ting-UX to NSGA3-random_dense-UX', 'Equivalence_Line_2: NSGA2-greedy_ting-2P to NSGA2-random_dense-2P', 'Equivalence_Line_3: NSGA2-greedy_ting-1P to AGEMOEA2-random_dense-UX', 'Equivalence_Line_4: AGEMOEA2-greedy_ting-1P to AGEMOEA2-random_dense-2P', 'Equivalence_Line_5: UNSGA3-greedy_ting-2P to NSGA2-random_dense-1P', 'Equivalence_Line_6: NSGA3-greedy_ting-2P to SPEA2-random_dense-UX', 'Equivalence_Line_7: UNSGA3-greedy_ting-1P to UNSGA3-random_dense-2P', 'Equivalence_Line_8: UNSGA3-greedy_ting-HUX to AGEMOEA2-random_dense-1P', 'Equivalence_Line_9: SMSEMOA-greedy_ting-UX to UNSGA3-random_dense-1P', 'Equivalence_Line_10: SPEA2-greedy_ting-HUX to RVEA-greedy_ting-HUX', 'Equivalence_Line_11: AGEMOEA2-greedy_ting-HUX to RVEA-greedy_ting-1P', 'Equivalence_Line_12: NSGA3-random_dense-UX to RVEA-random_dense-UX', 'Equivalence_Line_13: NSGA2-random_dense-2P to RVEA-random_dense-HUX', 'Equivalence_Line_14: AGEMOEA2-random_dense-HUX to RVEA-random_dense-1P', 'Equivalence_Line_15: SPEA2-greedy_ting-2P to SPEA2-greedy_multi-HUX', 'Equivalence_Line_16: NSGA2-random_dense-1P to AGEMOEA2-greedy_multi-UX', 'Equivalence_Line_17: SPEA2-random_dense-HUX to AGEMOEA2-greedy_multi-HUX', 'Equivalence_Line_18: AGEMOEA2-random_dense-1P to NSGA3-greedy_multi-HUX', 'Equivalence_Line_19: SPEA2-random_dense-2P to NSGA2-greedy_multi-1P', 'Equivalence_Line_20: SMSEMOA-random_dense-2P to AGEMOEA2-greedy_multi-2P', 'Equivalence_Line_21: RVEA-greedy_ting-HUX to SPEA2-greedy_multi-1P', 'Equivalence_Line_22: SMSEMOA-random_dense-HUX to UNSGA3-greedy_multi-2P', 'Equivalence_Line_23: SMSEMOA-random_dense-1P to NSGA3-greedy_multi-1P', 'Equivalence_Line_24: RVEA-random_dense-2P to SMSEMOA-greedy_multi-2P', 'Equivalence_Line_25: RVEA-random_dense-HUX to SMSEMOA-greedy_multi-1P', 'Equivalence_Line_26: NSGA2-greedy_multi-HUX to RVEA-greedy_multi-1P']"
NSGA3-greedy_ting-UX,0.7478966352617943,"['Equivalence_Line_1: NSGA2-greedy_ting-UX to NSGA3-random_dense-UX', 'Equivalence_Line_2: NSGA2-greedy_ting-2P to NSGA2-random_dense-2P', 'Equivalence_Line_3: NSGA2-greedy_ting-1P to AGEMOEA2-random_dense-UX', 'Equivalence_Line_4: AGEMOEA2-greedy_ting-1P to AGEMOEA2-random_dense-2P', 'Equivalence_Line_5: UNSGA3-greedy_ting-2P to NSGA2-random_dense-1P', 'Equivalence_Line_6: NSGA3-greedy_ting-2P to SPEA2-random_dense-UX', 'Equivalence_Line_7: UNSGA3-greedy_ting-1P to UNSGA3-random_dense-2P', 'Equivalence_Line_8: UNSGA3-greedy_ting-HUX to AGEMOEA2-random_dense-1P', 'Equivalence_Line_9: SMSEMOA-greedy_ting-UX to UNSGA3-random_dense-1P', 'Equivalence_Line_10: SPEA2-greedy_ting-HUX to RVEA-greedy_ting-HUX', 'Equivalence_Line_11: AGEMOEA2-greedy_ting-HUX to RVEA-greedy_ting-1P', 'Equivalence_Line_12: NSGA3-random_dense-UX to RVEA-random_dense-UX', 'Equivalence_Line_13: NSGA2-random_dense-2P to RVEA-random_dense-HUX', 'Equivalence_Line_14: AGEMOEA2-random_dense-HUX to RVEA-random_dense-1P', 'Equivalence_Line_15: SPEA2-greedy_ting-2P to SPEA2-greedy_multi-HUX', 'Equivalence_Line_16: NSGA2-random_dense-1P to AGEMOEA2-greedy_multi-UX', 'Equivalence_Line_17: SPEA2-random_dense-HUX to AGEMOEA2-greedy_multi-HUX', 'Equivalence_Line_18: AGEMOEA2-random_dense-1P to NSGA3-greedy_multi-HUX', 'Equivalence_Line_19: SPEA2-random_dense-2P to NSGA2-greedy_multi-1P', 'Equivalence_Line_20: SMSEMOA-random_dense-2P to AGEMOEA2-greedy_multi-2P', 'Equivalence_Line_21: RVEA-greedy_ting-HUX to SPEA2-greedy_multi-1P', 'Equivalence_Line_22: SMSEMOA-random_dense-HUX to UNSGA3-greedy_multi-2P', 'Equivalence_Line_23: SMSEMOA-random_dense-1P to NSGA3-greedy_multi-1P', 'Equivalence_Line_24: RVEA-random_dense-2P to SMSEMOA-greedy_multi-2P', 'Equivalence_Line_25: RVEA-random_dense-HUX to SMSEMOA-greedy_multi-1P', 'Equivalence_Line_26: NSGA2-greedy_multi-HUX to RVEA-greedy_multi-1P']"
SMSEMOA-greedy_ting-1P,0.7485165214648603,"['Equivalence_Line_1: NSGA2-greedy_ting-UX to NSGA3-random_dense-UX', 'Equivalence_Line_2: NSGA2-greedy_ting-2P to NSGA2-random_dense-2P', 'Equivalence_Line_3: NSGA2-greedy_ting-1P to AGEMOEA2-random_dense-UX', 'Equivalence_Line_4: AGEMOEA2-greedy_ting-1P to AGEMOEA2-random_dense-2P', 'Equivalence_Line_5: UNSGA3-greedy_ting-2P to NSGA2-random_dense-1P', 'Equivalence_Line_6: NSGA3-greedy_ting-2P to SPEA2-random_dense-UX', 'Equivalence_Line_7: UNSGA3-greedy_ting-1P to UNSGA3-random_dense-2P', 'Equivalence_Line_8: UNSGA3-greedy_ting-HUX to AGEMOEA2-random_dense-1P', 'Equivalence_Line_9: SMSEMOA-greedy_ting-UX to UNSGA3-random_dense-1P', 'Equivalence_Line_10: SPEA2-greedy_ting-HUX to RVEA-greedy_ting-HUX', 'Equivalence_Line_11: AGEMOEA2-greedy_ting-HUX to RVEA-greedy_ting-1P', 'Equivalence_Line_12: NSGA3-random_dense-UX to RVEA-random_dense-UX', 'Equivalence_Line_13: NSGA2-random_dense-2P to RVEA-random_dense-HUX', 'Equivalence_Line_14: AGEMOEA2-random_dense-HUX to RVEA-random_dense-1P', 'Equivalence_Line_15: SPEA2-greedy_ting-2P to SPEA2-greedy_multi-HUX', 'Equivalence_Line_16: NSGA2-random_dense-1P to AGEMOEA2-greedy_multi-UX', 'Equivalence_Line_17: SPEA2-random_dense-HUX to AGEMOEA2-greedy_multi-HUX', 'Equivalence_Line_18: AGEMOEA2-random_dense-1P to NSGA3-greedy_multi-HUX', 'Equivalence_Line_19: SPEA2-random_dense-2P to NSGA2-greedy_multi-1P', 'Equivalence_Line_20: SMSEMOA-random_dense-2P to AGEMOEA2-greedy_multi-2P', 'Equivalence_Line_21: RVEA-greedy_ting-HUX to SPEA2-greedy_multi-1P', 'Equivalence_Line_22: SMSEMOA-random_dense-HUX to UNSGA3-greedy_multi-2P', 'Equivalence_Line_23: SMSEMOA-random_dense-1P to NSGA3-greedy_multi-1P', 'Equivalence_Line_24: RVEA-random_dense-2P to SMSEMOA-greedy_multi-2P', 'Equivalence_Line_25: RVEA-random_dense-HUX to SMSEMOA-greedy_multi-1P', 'Equivalence_Line_26: NSGA2-greedy_multi-HUX to RVEA-greedy_multi-1P']"
UNSGA3-greedy_ting-UX,0.7494014338719504,"['Equivalence_Line_1: NSGA2-greedy_ting-UX to NSGA3-random_dense-UX', 'Equivalence_Line_2: NSGA2-greedy_ting-2P to NSGA2-random_dense-2P', 'Equivalence_Line_3: NSGA2-greedy_ting-1P to AGEMOEA2-random_dense-UX', 'Equivalence_Line_4: AGEMOEA2-greedy_ting-1P to AGEMOEA2-random_dense-2P', 'Equivalence_Line_5: UNSGA3-greedy_ting-2P to NSGA2-random_dense-1P', 'Equivalence_Line_6: NSGA3-greedy_ting-2P to SPEA2-random_dense-UX', 'Equivalence_Line_7: UNSGA3-greedy_ting-1P to UNSGA3-random_dense-2P', 'Equivalence_Line_8: UNSGA3-greedy_ting-HUX to AGEMOEA2-random_dense-1P', 'Equivalence_Line_9: SMSEMOA-greedy_ting-UX to UNSGA3-random_dense-1P', 'Equivalence_Line_10: SPEA2-greedy_ting-HUX to RVEA-greedy_ting-HUX', 'Equivalence_Line_11: AGEMOEA2-greedy_ting-HUX to RVEA-greedy_ting-1P', 'Equivalence_Line_12: NSGA3-random_dense-UX to RVEA-random_dense-UX', 'Equivalence_Line_13: NSGA2-random_dense-2P to RVEA-random_dense-HUX', 'Equivalence_Line_14: AGEMOEA2-random_dense-HUX to RVEA-random_dense-1P', 'Equivalence_Line_15: SPEA2-greedy_ting-2P to SPEA2-greedy_multi-HUX', 'Equivalence_Line_16: NSGA2-random_dense-1P to AGEMOEA2-greedy_multi-UX', 'Equivalence_Line_17: SPEA2-random_dense-HUX to AGEMOEA2-greedy_multi-HUX', 'Equivalence_Line_18: AGEMOEA2-random_dense-1P to NSGA3-greedy_multi-HUX', 'Equivalence_Line_19: SPEA2-random_dense-2P to NSGA2-greedy_multi-1P', 'Equivalence_Line_20: SMSEMOA-random_dense-2P to AGEMOEA2-greedy_multi-2P', 'Equivalence_Line_21: RVEA-greedy_ting-HUX to SPEA2-greedy_multi-1P', 'Equivalence_Line_22: SMSEMOA-random_dense-HUX to UNSGA3-greedy_multi-2P', 'Equivalence_Line_23: SMSEMOA-random_dense-1P to NSGA3-greedy_multi-1P', 'Equivalence_Line_24: RVEA-random_dense-2P to SMSEMOA-greedy_multi-2P', 'Equivalence_Line_25: RVEA-random_dense-HUX to SMSEMOA-greedy_multi-1P', 'Equivalence_Line_26: NSGA2-greedy_multi-HUX to RVEA-greedy_multi-1P']"
UNSGA3-greedy_ting-HUX,0.7516888673978294,"['Equivalence_Line_1: NSGA2-greedy_ting-UX to NSGA3-random_dense-UX', 'Equivalence_Line_2: NSGA2-greedy_ting-2P to NSGA2-random_dense-2P', 'Equivalence_Line_3: NSGA2-greedy_ting-1P to AGEMOEA2-random_dense-UX', 'Equivalence_Line_4: AGEMOEA2-greedy_ting-1P to AGEMOEA2-random_dense-2P', 'Equivalence_Line_5: UNSGA3-greedy_ting-2P to NSGA2-random_dense-1P', 'Equivalence_Line_6: NSGA3-greedy_ting-2P to SPEA2-random_dense-UX', 'Equivalence_Line_7: UNSGA3-greedy_ting-1P to UNSGA3-random_dense-2P', 'Equivalence_Line_8: UNSGA3-greedy_ting-HUX to AGEMOEA2-random_dense-1P', 'Equivalence_Line_9: SMSEMOA-greedy_ting-UX to UNSGA3-random_dense-1P', 'Equivalence_Line_10: SPEA2-greedy_ting-HUX to RVEA-greedy_ting-HUX', 'Equivalence_Line_11: AGEMOEA2-greedy_ting-HUX to RVEA-greedy_ting-1P', 'Equivalence_Line_12: NSGA3-random_dense-UX to RVEA-random_dense-UX', 'Equivalence_Line_13: NSGA2-random_dense-2P to RVEA-random_dense-HUX', 'Equivalence_Line_14: AGEMOEA2-random_dense-HUX to RVEA-random_dense-1P', 'Equivalence_Line_15: SPEA2-greedy_ting-2P to SPEA2-greedy_multi-HUX', 'Equivalence_Line_16: NSGA2-random_dense-1P to AGEMOEA2-greedy_multi-UX', 'Equivalence_Line_17: SPEA2-random_dense-HUX to AGEMOEA2-greedy_multi-HUX', 'Equivalence_Line_18: AGEMOEA2-random_dense-1P to NSGA3-greedy_multi-HUX', 'Equivalence_Line_19: SPEA2-random_dense-2P to NSGA2-greedy_multi-1P', 'Equivalence_Line_20: SMSEMOA-random_dense-2P to AGEMOEA2-greedy_multi-2P', 'Equivalence_Line_21: RVEA-greedy_ting-HUX to SPEA2-greedy_multi-1P', 'Equivalence_Line_22: SMSEMOA-random_dense-HUX to UNSGA3-greedy_multi-2P', 'Equivalence_Line_23: SMSEMOA-random_dense-1P to NSGA3-greedy_multi-1P', 'Equivalence_Line_24: RVEA-random_dense-2P to SMSEMOA-greedy_multi-2P', 'Equivalence_Line_25: RVEA-random_dense-HUX to SMSEMOA-greedy_multi-1P', 'Equivalence_Line_26: NSGA2-greedy_multi-HUX to RVEA-greedy_multi-1P']"
NSGA3-greedy_ting-HUX,0.7549991101219089,"['Equivalence_Line_1: NSGA2-greedy_ting-UX to NSGA3-random_dense-UX', 'Equivalence_Line_2: NSGA2-greedy_ting-2P to NSGA2-random_dense-2P', 'Equivalence_Line_3: NSGA2-greedy_ting-1P to AGEMOEA2-random_dense-UX', 'Equivalence_Line_4: AGEMOEA2-greedy_ting-1P to AGEMOEA2-random_dense-2P', 'Equivalence_Line_5: UNSGA3-greedy_ting-2P to NSGA2-random_dense-1P', 'Equivalence_Line_6: NSGA3-greedy_ting-2P to SPEA2-random_dense-UX', 'Equivalence_Line_7: UNSGA3-greedy_ting-1P to UNSGA3-random_dense-2P', 'Equivalence_Line_8: UNSGA3-greedy_ting-HUX to AGEMOEA2-random_dense-1P', 'Equivalence_Line_9: SMSEMOA-greedy_ting-UX to UNSGA3-random_dense-1P', 'Equivalence_Line_10: SPEA2-greedy_ting-HUX to RVEA-greedy_ting-HUX', 'Equivalence_Line_11: AGEMOEA2-greedy_ting-HUX to RVEA-greedy_ting-1P', 'Equivalence_Line_12: NSGA3-random_dense-UX to RVEA-random_dense-UX', 'Equivalence_Line_13: NSGA2-random_dense-2P to RVEA-random_dense-HUX', 'Equivalence_Line_14: AGEMOEA2-random_dense-HUX to RVEA-random_dense-1P', 'Equivalence_Line_15: SPEA2-greedy_ting-2P to SPEA2-greedy_multi-HUX', 'Equivalence_Line_16: NSGA2-random_dense-1P to AGEMOEA2-greedy_multi-UX', 'Equivalence_Line_17: SPEA2-random_dense-HUX to AGEMOEA2-greedy_multi-HUX', 'Equivalence_Line_18: AGEMOEA2-random_dense-1P to NSGA3-greedy_multi-HUX', 'Equivalence_Line_19: SPEA2-random_dense-2P to NSGA2-greedy_multi-1P', 'Equivalence_Line_20: SMSEMOA-random_dense-2P to AGEMOEA2-greedy_multi-2P', 'Equivalence_Line_21: RVEA-greedy_ting-HUX to SPEA2-greedy_multi-1P', 'Equivalence_Line_22: SMSEMOA-random_dense-HUX to UNSGA3-greedy_multi-2P', 'Equivalence_Line_23: SMSEMOA-random_dense-1P to NSGA3-greedy_multi-1P', 'Equivalence_Line_24: RVEA-random_dense-2P to SMSEMOA-greedy_multi-2P', 'Equivalence_Line_25: RVEA-random_dense-HUX to SMSEMOA-greedy_multi-1P', 'Equivalence_Line_26: NSGA2-greedy_multi-HUX to RVEA-greedy_multi-1P']"
SMSEMOA-greedy_ting-UX,0.7943276756879127,"['Equivalence_Line_1: NSGA2-greedy_ting-UX to NSGA3-random_dense-UX', 'Equivalence_Line_2: NSGA2-greedy_ting-2P to NSGA2-random_dense-2P', 'Equivalence_Line_3: NSGA2-greedy_ting-1P to AGEMOEA2-random_dense-UX', 'Equivalence_Line_4: AGEMOEA2-greedy_ting-1P to AGEMOEA2-random_dense-2P', 'Equivalence_Line_5: UNSGA3-greedy_ting-2P to NSGA2-random_dense-1P', 'Equivalence_Line_6: NSGA3-greedy_ting-2P to SPEA2-random_dense-UX', 'Equivalence_Line_7: UNSGA3-greedy_ting-1P to UNSGA3-random_dense-2P', 'Equivalence_Line_8: UNSGA3-greedy_ting-HUX to AGEMOEA2-random_dense-1P', 'Equivalence_Line_9: SMSEMOA-greedy_ting-UX to UNSGA3-random_dense-1P', 'Equivalence_Line_10: SPEA2-greedy_ting-HUX to RVEA-greedy_ting-HUX', 'Equivalence_Line_11: AGEMOEA2-greedy_ting-HUX to RVEA-greedy_ting-1P', 'Equivalence_Line_12: NSGA3-random_dense-UX to RVEA-random_dense-UX', 'Equivalence_Line_13: NSGA2-random_dense-2P to RVEA-random_dense-HUX', 'Equivalence_Line_14: AGEMOEA2-random_dense-HUX to RVEA-random_dense-1P', 'Equivalence_Line_15: SPEA2-greedy_ting-2P to SPEA2-greedy_multi-HUX', 'Equivalence_Line_16: NSGA2-random_dense-1P to AGEMOEA2-greedy_multi-UX', 'Equivalence_Line_17: SPEA2-random_dense-HUX to AGEMOEA2-greedy_multi-HUX', 'Equivalence_Line_18: AGEMOEA2-random_dense-1P to NSGA3-greedy_multi-HUX', 'Equivalence_Line_19: SPEA2-random_dense-2P to NSGA2-greedy_multi-1P', 'Equivalence_Line_20: SMSEMOA-random_dense-2P to AGEMOEA2-greedy_multi-2P', 'Equivalence_Line_21: RVEA-greedy_ting-HUX to SPEA2-greedy_multi-1P', 'Equivalence_Line_22: SMSEMOA-random_dense-HUX to UNSGA3-greedy_multi-2P', 'Equivalence_Line_23: SMSEMOA-random_dense-1P to NSGA3-greedy_multi-1P', 'Equivalence_Line_24: RVEA-random_dense-2P to SMSEMOA-greedy_multi-2P', 'Equivalence_Line_25: RVEA-random_dense-HUX to SMSEMOA-greedy_multi-1P', 'Equivalence_Line_26: NSGA2-greedy_multi-HUX to RVEA-greedy_multi-1P']"
SMSEMOA-greedy_ting-HUX,0.7959834475575618,"['Equivalence_Line_1: NSGA2-greedy_ting-UX to NSGA3-random_dense-UX', 'Equivalence_Line_2: NSGA2-greedy_ting-2P to NSGA2-random_dense-2P', 'Equivalence_Line_3: NSGA2-greedy_ting-1P to AGEMOEA2-random_dense-UX', 'Equivalence_Line_4: AGEMOEA2-greedy_ting-1P to AGEMOEA2-random_dense-2P', 'Equivalence_Line_5: UNSGA3-greedy_ting-2P to NSGA2-random_dense-1P', 'Equivalence_Line_6: NSGA3-greedy_ting-2P to SPEA2-random_dense-UX', 'Equivalence_Line_7: UNSGA3-greedy_ting-1P to UNSGA3-random_dense-2P', 'Equivalence_Line_8: UNSGA3-greedy_ting-HUX to AGEMOEA2-random_dense-1P', 'Equivalence_Line_9: SMSEMOA-greedy_ting-UX to UNSGA3-random_dense-1P', 'Equivalence_Line_10: SPEA2-greedy_ting-HUX to RVEA-greedy_ting-HUX', 'Equivalence_Line_11: AGEMOEA2-greedy_ting-HUX to RVEA-greedy_ting-1P', 'Equivalence_Line_12: NSGA3-random_dense-UX to RVEA-random_dense-UX', 'Equivalence_Line_13: NSGA2-random_dense-2P to RVEA-random_dense-HUX', 'Equivalence_Line_14: AGEMOEA2-random_dense-HUX to RVEA-random_dense-1P', 'Equivalence_Line_15: SPEA2-greedy_ting-2P to SPEA2-greedy_multi-HUX', 'Equivalence_Line_16: NSGA2-random_dense-1P to AGEMOEA2-greedy_multi-UX', 'Equivalence_Line_17: SPEA2-random_dense-HUX to AGEMOEA2-greedy_multi-HUX', 'Equivalence_Line_18: AGEMOEA2-random_dense-1P to NSGA3-greedy_multi-HUX', 'Equivalence_Line_19: SPEA2-random_dense-2P to NSGA2-greedy_multi-1P', 'Equivalence_Line_20: SMSEMOA-random_dense-2P to AGEMOEA2-greedy_multi-2P', 'Equivalence_Line_21: RVEA-greedy_ting-HUX to SPEA2-greedy_multi-1P', 'Equivalence_Line_22: SMSEMOA-random_dense-HUX to UNSGA3-greedy_multi-2P', 'Equivalence_Line_23: SMSEMOA-random_dense-1P to NSGA3-greedy_multi-1P', 'Equivalence_Line_24: RVEA-random_dense-2P to SMSEMOA-greedy_multi-2P', 'Equivalence_Line_25: RVEA-random_dense-HUX to SMSEMOA-greedy_multi-1P', 'Equivalence_Line_26: NSGA2-greedy_multi-HUX to RVEA-greedy_multi-1P']"
SPEA2-greedy_ting-HUX,0.8180409789496268,"['Equivalence_Line_1: NSGA2-greedy_ting-UX to NSGA3-random_dense-UX', 'Equivalence_Line_2: NSGA2-greedy_ting-2P to NSGA2-random_dense-2P', 'Equivalence_Line_3: NSGA2-greedy_ting-1P to AGEMOEA2-random_dense-UX', 'Equivalence_Line_4: AGEMOEA2-greedy_ting-1P to AGEMOEA2-random_dense-2P', 'Equivalence_Line_5: UNSGA3-greedy_ting-2P to NSGA2-random_dense-1P', 'Equivalence_Line_6: NSGA3-greedy_ting-2P to SPEA2-random_dense-UX', 'Equivalence_Line_7: UNSGA3-greedy_ting-1P to UNSGA3-random_dense-2P', 'Equivalence_Line_8: UNSGA3-greedy_ting-HUX to AGEMOEA2-random_dense-1P', 'Equivalence_Line_9: SMSEMOA-greedy_ting-UX to UNSGA3-random_dense-1P', 'Equivalence_Line_10: SPEA2-greedy_ting-HUX to RVEA-greedy_ting-HUX', 'Equivalence_Line_11: AGEMOEA2-greedy_ting-HUX to RVEA-greedy_ting-1P', 'Equivalence_Line_12: NSGA3-random_dense-UX to RVEA-random_dense-UX', 'Equivalence_Line_13: NSGA2-random_dense-2P to RVEA-random_dense-HUX', 'Equivalence_Line_14: AGEMOEA2-random_dense-HUX to RVEA-random_dense-1P', 'Equivalence_Line_15: SPEA2-greedy_ting-2P to SPEA2-greedy_multi-HUX', 'Equivalence_Line_16: NSGA2-random_dense-1P to AGEMOEA2-greedy_multi-UX', 'Equivalence_Line_17: SPEA2-random_dense-HUX to AGEMOEA2-greedy_multi-HUX', 'Equivalence_Line_18: AGEMOEA2-random_dense-1P to NSGA3-greedy_multi-HUX', 'Equivalence_Line_19: SPEA2-random_dense-2P to NSGA2-greedy_multi-1P', 'Equivalence_Line_20: SMSEMOA-random_dense-2P to AGEMOEA2-greedy_multi-2P', 'Equivalence_Line_21: RVEA-greedy_ting-HUX to SPEA2-greedy_multi-1P', 'Equivalence_Line_22: SMSEMOA-random_dense-HUX to UNSGA3-greedy_multi-2P', 'Equivalence_Line_23: SMSEMOA-random_dense-1P to NSGA3-greedy_multi-1P', 'Equivalence_Line_24: RVEA-random_dense-2P to SMSEMOA-greedy_multi-2P', 'Equivalence_Line_25: RVEA-random_dense-HUX to SMSEMOA-greedy_multi-1P', 'Equivalence_Line_26: NSGA2-greedy_multi-HUX to RVEA-greedy_multi-1P']"
AGEMOEA2-greedy_ting-HUX,0.8411403619454184,"['Equivalence_Line_1: NSGA2-greedy_ting-UX to NSGA3-random_dense-UX', 'Equivalence_Line_2: NSGA2-greedy_ting-2P to NSGA2-random_dense-2P', 'Equivalence_Line_3: NSGA2-greedy_ting-1P to AGEMOEA2-random_dense-UX', 'Equivalence_Line_4: AGEMOEA2-greedy_ting-1P to AGEMOEA2-random_dense-2P', 'Equivalence_Line_5: UNSGA3-greedy_ting-2P to NSGA2-random_dense-1P', 'Equivalence_Line_6: NSGA3-greedy_ting-2P to SPEA2-random_dense-UX', 'Equivalence_Line_7: UNSGA3-greedy_ting-1P to UNSGA3-random_dense-2P', 'Equivalence_Line_8: UNSGA3-greedy_ting-HUX to AGEMOEA2-random_dense-1P', 'Equivalence_Line_9: SMSEMOA-greedy_ting-UX to UNSGA3-random_dense-1P', 'Equivalence_Line_10: SPEA2-greedy_ting-HUX to RVEA-greedy_ting-HUX', 'Equivalence_Line_11: AGEMOEA2-greedy_ting-HUX to RVEA-greedy_ting-1P', 'Equivalence_Line_12: NSGA3-random_dense-UX to RVEA-random_dense-UX', 'Equivalence_Line_13: NSGA2-random_dense-2P to RVEA-random_dense-HUX', 'Equivalence_Line_14: AGEMOEA2-random_dense-HUX to RVEA-random_dense-1P', 'Equivalence_Line_15: SPEA2-greedy_ting-2P to SPEA2-greedy_multi-HUX', 'Equivalence_Line_16: NSGA2-random_dense-1P to AGEMOEA2-greedy_multi-UX', 'Equivalence_Line_17: SPEA2-random_dense-HUX to AGEMOEA2-greedy_multi-HUX', 'Equivalence_Line_18: AGEMOEA2-random_dense-1P to NSGA3-greedy_multi-HUX', 'Equivalence_Line_19: SPEA2-random_dense-2P to NSGA2-greedy_multi-1P', 'Equivalence_Line_20: SMSEMOA-random_dense-2P to AGEMOEA2-greedy_multi-2P', 'Equivalence_Line_21: RVEA-greedy_ting-HUX to SPEA2-greedy_multi-1P', 'Equivalence_Line_22: SMSEMOA-random_dense-HUX to UNSGA3-greedy_multi-2P', 'Equivalence_Line_23: SMSEMOA-random_dense-1P to NSGA3-greedy_multi-1P', 'Equivalence_Line_24: RVEA-random_dense-2P to SMSEMOA-greedy_multi-2P', 'Equivalence_Line_25: RVEA-random_dense-HUX to SMSEMOA-greedy_multi-1P', 'Equivalence_Line_26: NSGA2-greedy_multi-HUX to RVEA-greedy_multi-1P']"
SPEA2-greedy_ting-UX,0.8494784971661428,"['Equivalence_Line_1: NSGA2-greedy_ting-UX to NSGA3-random_dense-UX', 'Equivalence_Line_2: NSGA2-greedy_ting-2P to NSGA2-random_dense-2P', 'Equivalence_Line_3: NSGA2-greedy_ting-1P to AGEMOEA2-random_dense-UX', 'Equivalence_Line_4: AGEMOEA2-greedy_ting-1P to AGEMOEA2-random_dense-2P', 'Equivalence_Line_5: UNSGA3-greedy_ting-2P to NSGA2-random_dense-1P', 'Equivalence_Line_6: NSGA3-greedy_ting-2P to SPEA2-random_dense-UX', 'Equivalence_Line_7: UNSGA3-greedy_ting-1P to UNSGA3-random_dense-2P', 'Equivalence_Line_8: UNSGA3-greedy_ting-HUX to AGEMOEA2-random_dense-1P', 'Equivalence_Line_9: SMSEMOA-greedy_ting-UX to UNSGA3-random_dense-1P', 'Equivalence_Line_10: SPEA2-greedy_ting-HUX to RVEA-greedy_ting-HUX', 'Equivalence_Line_11: AGEMOEA2-greedy_ting-HUX to RVEA-greedy_ting-1P', 'Equivalence_Line_12: NSGA3-random_dense-UX to RVEA-random_dense-UX', 'Equivalence_Line_13: NSGA2-random_dense-2P to RVEA-random_dense-HUX', 'Equivalence_Line_14: AGEMOEA2-random_dense-HUX to RVEA-random_dense-1P', 'Equivalence_Line_15: SPEA2-greedy_ting-2P to SPEA2-greedy_multi-HUX', 'Equivalence_Line_16: NSGA2-random_dense-1P to AGEMOEA2-greedy_multi-UX', 'Equivalence_Line_17: SPEA2-random_dense-HUX to AGEMOEA2-greedy_multi-HUX', 'Equivalence_Line_18: AGEMOEA2-random_dense-1P to NSGA3-greedy_multi-HUX', 'Equivalence_Line_19: SPEA2-random_dense-2P to NSGA2-greedy_multi-1P', 'Equivalence_Line_20: SMSEMOA-random_dense-2P to AGEMOEA2-greedy_multi-2P', 'Equivalence_Line_21: RVEA-greedy_ting-HUX to SPEA2-greedy_multi-1P', 'Equivalence_Line_22: SMSEMOA-random_dense-HUX to UNSGA3-greedy_multi-2P', 'Equivalence_Line_23: SMSEMOA-random_dense-1P to NSGA3-greedy_multi-1P', 'Equivalence_Line_24: RVEA-random_dense-2P to SMSEMOA-greedy_multi-2P', 'Equivalence_Line_25: RVEA-random_dense-HUX to SMSEMOA-greedy_multi-1P', 'Equivalence_Line_26: NSGA2-greedy_multi-HUX to RVEA-greedy_multi-1P']"
AGEMOEA2-greedy_ting-UX,0.8565391367048051,"['Equivalence_Line_1: NSGA2-greedy_ting-UX to NSGA3-random_dense-UX', 'Equivalence_Line_2: NSGA2-greedy_ting-2P to NSGA2-random_dense-2P', 'Equivalence_Line_3: NSGA2-greedy_ting-1P to AGEMOEA2-random_dense-UX', 'Equivalence_Line_4: AGEMOEA2-greedy_ting-1P to AGEMOEA2-random_dense-2P', 'Equivalence_Line_5: UNSGA3-greedy_ting-2P to NSGA2-random_dense-1P', 'Equivalence_Line_6: NSGA3-greedy_ting-2P to SPEA2-random_dense-UX', 'Equivalence_Line_7: UNSGA3-greedy_ting-1P to UNSGA3-random_dense-2P', 'Equivalence_Line_8: UNSGA3-greedy_ting-HUX to AGEMOEA2-random_dense-1P', 'Equivalence_Line_9: SMSEMOA-greedy_ting-UX to UNSGA3-random_dense-1P', 'Equivalence_Line_10: SPEA2-greedy_ting-HUX to RVEA-greedy_ting-HUX', 'Equivalence_Line_11: AGEMOEA2-greedy_ting-HUX to RVEA-greedy_ting-1P', 'Equivalence_Line_12: NSGA3-random_dense-UX to RVEA-random_dense-UX', 'Equivalence_Line_13: NSGA2-random_dense-2P to RVEA-random_dense-HUX', 'Equivalence_Line_14: AGEMOEA2-random_dense-HUX to RVEA-random_dense-1P', 'Equivalence_Line_15: SPEA2-greedy_ting-2P to SPEA2-greedy_multi-HUX', 'Equivalence_Line_16: NSGA2-random_dense-1P to AGEMOEA2-greedy_multi-UX', 'Equivalence_Line_17: SPEA2-random_dense-HUX to AGEMOEA2-greedy_multi-HUX', 'Equivalence_Line_18: AGEMOEA2-random_dense-1P to NSGA3-greedy_multi-HUX', 'Equivalence_Line_19: SPEA2-random_dense-2P to NSGA2-greedy_multi-1P', 'Equivalence_Line_20: SMSEMOA-random_dense-2P to AGEMOEA2-greedy_multi-2P', 'Equivalence_Line_21: RVEA-greedy_ting-HUX to SPEA2-greedy_multi-1P', 'Equivalence_Line_22: SMSEMOA-random_dense-HUX to UNSGA3-greedy_multi-2P', 'Equivalence_Line_23: SMSEMOA-random_dense-1P to NSGA3-greedy_multi-1P', 'Equivalence_Line_24: RVEA-random_dense-2P to SMSEMOA-greedy_multi-2P', 'Equivalence_Line_25: RVEA-random_dense-HUX to SMSEMOA-greedy_multi-1P', 'Equivalence_Line_26: NSGA2-greedy_multi-HUX to RVEA-greedy_multi-1P']"
SPEA2-greedy_ting-1P,0.8740313749003941,"['Equivalence_Line_1: NSGA2-greedy_ting-UX to NSGA3-random_dense-UX', 'Equivalence_Line_2: NSGA2-greedy_ting-2P to NSGA2-random_dense-2P', 'Equivalence_Line_3: NSGA2-greedy_ting-1P to AGEMOEA2-random_dense-UX', 'Equivalence_Line_4: AGEMOEA2-greedy_ting-1P to AGEMOEA2-random_dense-2P', 'Equivalence_Line_5: UNSGA3-greedy_ting-2P to NSGA2-random_dense-1P', 'Equivalence_Line_6: NSGA3-greedy_ting-2P to SPEA2-random_dense-UX', 'Equivalence_Line_7: UNSGA3-greedy_ting-1P to UNSGA3-random_dense-2P', 'Equivalence_Line_8: UNSGA3-greedy_ting-HUX to AGEMOEA2-random_dense-1P', 'Equivalence_Line_9: SMSEMOA-greedy_ting-UX to UNSGA3-random_dense-1P', 'Equivalence_Line_10: SPEA2-greedy_ting-HUX to RVEA-greedy_ting-HUX', 'Equivalence_Line_11: AGEMOEA2-greedy_ting-HUX to RVEA-greedy_ting-1P', 'Equivalence_Line_12: NSGA3-random_dense-UX to RVEA-random_dense-UX', 'Equivalence_Line_13: NSGA2-random_dense-2P to RVEA-random_dense-HUX', 'Equivalence_Line_14: AGEMOEA2-random_dense-HUX to RVEA-random_dense-1P', 'Equivalence_Line_15: SPEA2-greedy_ting-2P to SPEA2-greedy_multi-HUX', 'Equivalence_Line_16: NSGA2-random_dense-1P to AGEMOEA2-greedy_multi-UX', 'Equivalence_Line_17: SPEA2-random_dense-HUX to AGEMOEA2-greedy_multi-HUX', 'Equivalence_Line_18: AGEMOEA2-random_dense-1P to NSGA3-greedy_multi-HUX', 'Equivalence_Line_19: SPEA2-random_dense-2P to NSGA2-greedy_multi-1P', 'Equivalence_Line_20: SMSEMOA-random_dense-2P to AGEMOEA2-greedy_multi-2P', 'Equivalence_Line_21: RVEA-greedy_ting-HUX to SPEA2-greedy_multi-1P', 'Equivalence_Line_22: SMSEMOA-random_dense-HUX to UNSGA3-greedy_multi-2P', 'Equivalence_Line_23: SMSEMOA-random_dense-1P to NSGA3-greedy_multi-1P', 'Equivalence_Line_24: RVEA-random_dense-2P to SMSEMOA-greedy_multi-2P', 'Equivalence_Line_25: RVEA-random_dense-HUX to SMSEMOA-greedy_multi-1P', 'Equivalence_Line_26: NSGA2-greedy_multi-HUX to RVEA-greedy_multi-1P']"
NSGA3-random_dense-HUX,0.8794979574645712,"['Equivalence_Line_1: NSGA2-greedy_ting-UX to NSGA3-random_dense-UX', 'Equivalence_Line_2: NSGA2-greedy_ting-2P to NSGA2-random_dense-2P', 'Equivalence_Line_3: NSGA2-greedy_ting-1P to AGEMOEA2-random_dense-UX', 'Equivalence_Line_4: AGEMOEA2-greedy_ting-1P to AGEMOEA2-random_dense-2P', 'Equivalence_Line_5: UNSGA3-greedy_ting-2P to NSGA2-random_dense-1P', 'Equivalence_Line_6: NSGA3-greedy_ting-2P to SPEA2-random_dense-UX', 'Equivalence_Line_7: UNSGA3-greedy_ting-1P to UNSGA3-random_dense-2P', 'Equivalence_Line_8: UNSGA3-greedy_ting-HUX to AGEMOEA2-random_dense-1P', 'Equivalence_Line_9: SMSEMOA-greedy_ting-UX to UNSGA3-random_dense-1P', 'Equivalence_Line_10: SPEA2-greedy_ting-HUX to RVEA-greedy_ting-HUX', 'Equivalence_Line_11: AGEMOEA2-greedy_ting-HUX to RVEA-greedy_ting-1P', 'Equivalence_Line_12: NSGA3-random_dense-UX to RVEA-random_dense-UX', 'Equivalence_Line_13: NSGA2-random_dense-2P to RVEA-random_dense-HUX', 'Equivalence_Line_14: AGEMOEA2-random_dense-HUX to RVEA-random_dense-1P', 'Equivalence_Line_15: SPEA2-greedy_ting-2P to SPEA2-greedy_multi-HUX', 'Equivalence_Line_16: NSGA2-random_dense-1P to AGEMOEA2-greedy_multi-UX', 'Equivalence_Line_17: SPEA2-random_dense-HUX to AGEMOEA2-greedy_multi-HUX', 'Equivalence_Line_18: AGEMOEA2-random_dense-1P to NSGA3-greedy_multi-HUX', 'Equivalence_Line_19: SPEA2-random_dense-2P to NSGA2-greedy_multi-1P', 'Equivalence_Line_20: SMSEMOA-random_dense-2P to AGEMOEA2-greedy_multi-2P', 'Equivalence_Line_21: RVEA-greedy_ting-HUX to SPEA2-greedy_multi-1P', 'Equivalence_Line_22: SMSEMOA-random_dense-HUX to UNSGA3-greedy_multi-2P', 'Equivalence_Line_23: SMSEMOA-random_dense-1P to NSGA3-greedy_multi-1P', 'Equivalence_Line_24: RVEA-random_dense-2P to SMSEMOA-greedy_multi-2P', 'Equivalence_Line_25: RVEA-random_dense-HUX to SMSEMOA-greedy_multi-1P', 'Equivalence_Line_26: NSGA2-greedy_multi-HUX to RVEA-greedy_multi-1P']"
UNSGA3-random_dense-UX,0.8812724648899338,"['Equivalence_Line_1: NSGA2-greedy_ting-UX to NSGA3-random_dense-UX', 'Equivalence_Line_2: NSGA2-greedy_ting-2P to NSGA2-random_dense-2P', 'Equivalence_Line_3: NSGA2-greedy_ting-1P to AGEMOEA2-random_dense-UX', 'Equivalence_Line_4: AGEMOEA2-greedy_ting-1P to AGEMOEA2-random_dense-2P', 'Equivalence_Line_5: UNSGA3-greedy_ting-2P to NSGA2-random_dense-1P', 'Equivalence_Line_6: NSGA3-greedy_ting-2P to SPEA2-random_dense-UX', 'Equivalence_Line_7: UNSGA3-greedy_ting-1P to UNSGA3-random_dense-2P', 'Equivalence_Line_8: UNSGA3-greedy_ting-HUX to AGEMOEA2-random_dense-1P', 'Equivalence_Line_9: SMSEMOA-greedy_ting-UX to UNSGA3-random_dense-1P', 'Equivalence_Line_10: SPEA2-greedy_ting-HUX to RVEA-greedy_ting-HUX', 'Equivalence_Line_11: AGEMOEA2-greedy_ting-HUX to RVEA-greedy_ting-1P', 'Equivalence_Line_12: NSGA3-random_dense-UX to RVEA-random_dense-UX', 'Equivalence_Line_13: NSGA2-random_dense-2P to RVEA-random_dense-HUX', 'Equivalence_Line_14: AGEMOEA2-random_dense-HUX to RVEA-random_dense-1P', 'Equivalence_Line_15: SPEA2-greedy_ting-2P to SPEA2-greedy_multi-HUX', 'Equivalence_Line_16: NSGA2-random_dense-1P to AGEMOEA2-greedy_multi-UX', 'Equivalence_Line_17: SPEA2-random_dense-HUX to AGEMOEA2-greedy_multi-HUX', 'Equivalence_Line_18: AGEMOEA2-random_dense-1P to NSGA3-greedy_multi-HUX', 'Equivalence_Line_19: SPEA2-random_dense-2P to NSGA2-greedy_multi-1P', 'Equivalence_Line_20: SMSEMOA-random_dense-2P to AGEMOEA2-greedy_multi-2P', 'Equivalence_Line_21: RVEA-greedy_ting-HUX to SPEA2-greedy_multi-1P', 'Equivalence_Line_22: SMSEMOA-random_dense-HUX to UNSGA3-greedy_multi-2P', 'Equivalence_Line_23: SMSEMOA-random_dense-1P to NSGA3-greedy_multi-1P', 'Equivalence_Line_24: RVEA-random_dense-2P to SMSEMOA-greedy_multi-2P', 'Equivalence_Line_25: RVEA-random_dense-HUX to SMSEMOA-greedy_multi-1P', 'Equivalence_Line_26: NSGA2-greedy_multi-HUX to RVEA-greedy_multi-1P']"
NSGA3-random_dense-UX,0.8877507410506866,"['Equivalence_Line_1: NSGA2-greedy_ting-UX to NSGA3-random_dense-UX', 'Equivalence_Line_2: NSGA2-greedy_ting-2P to NSGA2-random_dense-2P', 'Equivalence_Line_3: NSGA2-greedy_ting-1P to AGEMOEA2-random_dense-UX', 'Equivalence_Line_4: AGEMOEA2-greedy_ting-1P to AGEMOEA2-random_dense-2P', 'Equivalence_Line_5: UNSGA3-greedy_ting-2P to NSGA2-random_dense-1P', 'Equivalence_Line_6: NSGA3-greedy_ting-2P to SPEA2-random_dense-UX', 'Equivalence_Line_7: UNSGA3-greedy_ting-1P to UNSGA3-random_dense-2P', 'Equivalence_Line_8: UNSGA3-greedy_ting-HUX to AGEMOEA2-random_dense-1P', 'Equivalence_Line_9: SMSEMOA-greedy_ting-UX to UNSGA3-random_dense-1P', 'Equivalence_Line_10: SPEA2-greedy_ting-HUX to RVEA-greedy_ting-HUX', 'Equivalence_Line_11: AGEMOEA2-greedy_ting-HUX to RVEA-greedy_ting-1P', 'Equivalence_Line_12: NSGA3-random_dense-UX to RVEA-random_dense-UX', 'Equivalence_Line_13: NSGA2-random_dense-2P to RVEA-random_dense-HUX', 'Equivalence_Line_14: AGEMOEA2-random_dense-HUX to RVEA-random_dense-1P', 'Equivalence_Line_15: SPEA2-greedy_ting-2P to SPEA2-greedy_multi-HUX', 'Equivalence_Line_16: NSGA2-random_dense-1P to AGEMOEA2-greedy_multi-UX', 'Equivalence_Line_17: SPEA2-random_dense-HUX to AGEMOEA2-greedy_multi-HUX', 'Equivalence_Line_18: AGEMOEA2-random_dense-1P to NSGA3-greedy_multi-HUX', 'Equivalence_Line_19: SPEA2-random_dense-2P to NSGA2-greedy_multi-1P', 'Equivalence_Line_20: SMSEMOA-random_dense-2P to AGEMOEA2-greedy_multi-2P', 'Equivalence_Line_21: RVEA-greedy_ting-HUX to SPEA2-greedy_multi-1P', 'Equivalence_Line_22: SMSEMOA-random_dense-HUX to UNSGA3-greedy_multi-2P', 'Equivalence_Line_23: SMSEMOA-random_dense-1P to NSGA3-greedy_multi-1P', 'Equivalence_Line_24: RVEA-random_dense-2P to SMSEMOA-greedy_multi-2P', 'Equivalence_Line_25: RVEA-random_dense-HUX to SMSEMOA-greedy_multi-1P', 'Equivalence_Line_26: NSGA2-greedy_multi-HUX to RVEA-greedy_multi-1P']"
UNSGA3-random_dense-HUX,0.8889971877947154,"['Equivalence_Line_1: NSGA2-greedy_ting-UX to NSGA3-random_dense-UX', 'Equivalence_Line_2: NSGA2-greedy_ting-2P to NSGA2-random_dense-2P', 'Equivalence_Line_3: NSGA2-greedy_ting-1P to AGEMOEA2-random_dense-UX', 'Equivalence_Line_4: AGEMOEA2-greedy_ting-1P to AGEMOEA2-random_dense-2P', 'Equivalence_Line_5: UNSGA3-greedy_ting-2P to NSGA2-random_dense-1P', 'Equivalence_Line_6: NSGA3-greedy_ting-2P to SPEA2-random_dense-UX', 'Equivalence_Line_7: UNSGA3-greedy_ting-1P to UNSGA3-random_dense-2P', 'Equivalence_Line_8: UNSGA3-greedy_ting-HUX to AGEMOEA2-random_dense-1P', 'Equivalence_Line_9: SMSEMOA-greedy_ting-UX to UNSGA3-random_dense-1P', 'Equivalence_Line_10: SPEA2-greedy_ting-HUX to RVEA-greedy_ting-HUX', 'Equivalence_Line_11: AGEMOEA2-greedy_ting-HUX to RVEA-greedy_ting-1P', 'Equivalence_Line_12: NSGA3-random_dense-UX to RVEA-random_dense-UX', 'Equivalence_Line_13: NSGA2-random_dense-2P to RVEA-random_dense-HUX', 'Equivalence_Line_14: AGEMOEA2-random_dense-HUX to RVEA-random_dense-1P', 'Equivalence_Line_15: SPEA2-greedy_ting-2P to SPEA2-greedy_multi-HUX', 'Equivalence_Line_16: NSGA2-random_dense-1P to AGEMOEA2-greedy_multi-UX', 'Equivalence_Line_17: SPEA2-random_dense-HUX to AGEMOEA2-greedy_multi-HUX', 'Equivalence_Line_18: AGEMOEA2-random_dense-1P to NSGA3-greedy_multi-HUX', 'Equivalence_Line_19: SPEA2-random_dense-2P to NSGA2-greedy_multi-1P', 'Equivalence_Line_20: SMSEMOA-random_dense-2P to AGEMOEA2-greedy_multi-2P', 'Equivalence_Line_21: RVEA-greedy_ting-HUX to SPEA2-greedy_multi-1P', 'Equivalence_Line_22: SMSEMOA-random_dense-HUX to UNSGA3-greedy_multi-2P', 'Equivalence_Line_23: SMSEMOA-random_dense-1P to NSGA3-greedy_multi-1P', 'Equivalence_Line_24: RVEA-random_dense-2P to SMSEMOA-greedy_multi-2P', 'Equivalence_Line_25: RVEA-random_dense-HUX to SMSEMOA-greedy_multi-1P', 'Equivalence_Line_26: NSGA2-greedy_multi-HUX to RVEA-greedy_multi-1P']"
NSGA2-random_dense-2P,0.8957317598588567,"['Equivalence_Line_1: NSGA2-greedy_ting-UX to NSGA3-random_dense-UX', 'Equivalence_Line_2: NSGA2-greedy_ting-2P to NSGA2-random_dense-2P', 'Equivalence_Line_3: NSGA2-greedy_ting-1P to AGEMOEA2-random_dense-UX', 'Equivalence_Line_4: AGEMOEA2-greedy_ting-1P to AGEMOEA2-random_dense-2P', 'Equivalence_Line_5: UNSGA3-greedy_ting-2P to NSGA2-random_dense-1P', 'Equivalence_Line_6: NSGA3-greedy_ting-2P to SPEA2-random_dense-UX', 'Equivalence_Line_7: UNSGA3-greedy_ting-1P to UNSGA3-random_dense-2P', 'Equivalence_Line_8: UNSGA3-greedy_ting-HUX to AGEMOEA2-random_dense-1P', 'Equivalence_Line_9: SMSEMOA-greedy_ting-UX to UNSGA3-random_dense-1P', 'Equivalence_Line_10: SPEA2-greedy_ting-HUX to RVEA-greedy_ting-HUX', 'Equivalence_Line_11: AGEMOEA2-greedy_ting-HUX to RVEA-greedy_ting-1P', 'Equivalence_Line_12: NSGA3-random_dense-UX to RVEA-random_dense-UX', 'Equivalence_Line_13: NSGA2-random_dense-2P to RVEA-random_dense-HUX', 'Equivalence_Line_14: AGEMOEA2-random_dense-HUX to RVEA-random_dense-1P', 'Equivalence_Line_15: SPEA2-greedy_ting-2P to SPEA2-greedy_multi-HUX', 'Equivalence_Line_16: NSGA2-random_dense-1P to AGEMOEA2-greedy_multi-UX', 'Equivalence_Line_17: SPEA2-random_dense-HUX to AGEMOEA2-greedy_multi-HUX', 'Equivalence_Line_18: AGEMOEA2-random_dense-1P to NSGA3-greedy_multi-HUX', 'Equivalence_Line_19: SPEA2-random_dense-2P to NSGA2-greedy_multi-1P', 'Equivalence_Line_20: SMSEMOA-random_dense-2P to AGEMOEA2-greedy_multi-2P', 'Equivalence_Line_21: RVEA-greedy_ting-HUX to SPEA2-greedy_multi-1P', 'Equivalence_Line_22: SMSEMOA-random_dense-HUX to UNSGA3-greedy_multi-2P', 'Equivalence_Line_23: SMSEMOA-random_dense-1P to NSGA3-greedy_multi-1P', 'Equivalence_Line_24: RVEA-random_dense-2P to SMSEMOA-greedy_multi-2P', 'Equivalence_Line_25: RVEA-random_dense-HUX to SMSEMOA-greedy_multi-1P', 'Equivalence_Line_26: NSGA2-greedy_multi-HUX to RVEA-greedy_multi-1P']"
AGEMOEA2-random_dense-HUX,0.9076097683867094,"['Equivalence_Line_1: NSGA2-greedy_ting-UX to NSGA3-random_dense-UX', 'Equivalence_Line_2: NSGA2-greedy_ting-2P to NSGA2-random_dense-2P', 'Equivalence_Line_3: NSGA2-greedy_ting-1P to AGEMOEA2-random_dense-UX', 'Equivalence_Line_4: AGEMOEA2-greedy_ting-1P to AGEMOEA2-random_dense-2P', 'Equivalence_Line_5: UNSGA3-greedy_ting-2P to NSGA2-random_dense-1P', 'Equivalence_Line_6: NSGA3-greedy_ting-2P to SPEA2-random_dense-UX', 'Equivalence_Line_7: UNSGA3-greedy_ting-1P to UNSGA3-random_dense-2P', 'Equivalence_Line_8: UNSGA3-greedy_ting-HUX to AGEMOEA2-random_dense-1P', 'Equivalence_Line_9: SMSEMOA-greedy_ting-UX to UNSGA3-random_dense-1P', 'Equivalence_Line_10: SPEA2-greedy_ting-HUX to RVEA-greedy_ting-HUX', 'Equivalence_Line_11: AGEMOEA2-greedy_ting-HUX to RVEA-greedy_ting-1P', 'Equivalence_Line_12: NSGA3-random_dense-UX to RVEA-random_dense-UX', 'Equivalence_Line_13: NSGA2-random_dense-2P to RVEA-random_dense-HUX', 'Equivalence_Line_14: AGEMOEA2-random_dense-HUX to RVEA-random_dense-1P', 'Equivalence_Line_15: SPEA2-greedy_ting-2P to SPEA2-greedy_multi-HUX', 'Equivalence_Line_16: NSGA2-random_dense-1P to AGEMOEA2-greedy_multi-UX', 'Equivalence_Line_17: SPEA2-random_dense-HUX to AGEMOEA2-greedy_multi-HUX', 'Equivalence_Line_18: AGEMOEA2-random_dense-1P to NSGA3-greedy_multi-HUX', 'Equivalence_Line_19: SPEA2-random_dense-2P to NSGA2-greedy_multi-1P', 'Equivalence_Line_20: SMSEMOA-random_dense-2P to AGEMOEA2-greedy_multi-2P', 'Equivalence_Line_21: RVEA-greedy_ting-HUX to SPEA2-greedy_multi-1P', 'Equivalence_Line_22: SMSEMOA-random_dense-HUX to UNSGA3-greedy_multi-2P', 'Equivalence_Line_23: SMSEMOA-random_dense-1P to NSGA3-greedy_multi-1P', 'Equivalence_Line_24: RVEA-random_dense-2P to SMSEMOA-greedy_multi-2P', 'Equivalence_Line_25: RVEA-random_dense-HUX to SMSEMOA-greedy_multi-1P', 'Equivalence_Line_26: NSGA2-greedy_multi-HUX to RVEA-greedy_multi-1P']"
AGEMOEA2-random_dense-UX,0.9162684476046493,"['Equivalence_Line_1: NSGA2-greedy_ting-UX to NSGA3-random_dense-UX', 'Equivalence_Line_2: NSGA2-greedy_ting-2P to NSGA2-random_dense-2P', 'Equivalence_Line_3: NSGA2-greedy_ting-1P to AGEMOEA2-random_dense-UX', 'Equivalence_Line_4: AGEMOEA2-greedy_ting-1P to AGEMOEA2-random_dense-2P', 'Equivalence_Line_5: UNSGA3-greedy_ting-2P to NSGA2-random_dense-1P', 'Equivalence_Line_6: NSGA3-greedy_ting-2P to SPEA2-random_dense-UX', 'Equivalence_Line_7: UNSGA3-greedy_ting-1P to UNSGA3-random_dense-2P', 'Equivalence_Line_8: UNSGA3-greedy_ting-HUX to AGEMOEA2-random_dense-1P', 'Equivalence_Line_9: SMSEMOA-greedy_ting-UX to UNSGA3-random_dense-1P', 'Equivalence_Line_10: SPEA2-greedy_ting-HUX to RVEA-greedy_ting-HUX', 'Equivalence_Line_11: AGEMOEA2-greedy_ting-HUX to RVEA-greedy_ting-1P', 'Equivalence_Line_12: NSGA3-random_dense-UX to RVEA-random_dense-UX', 'Equivalence_Line_13: NSGA2-random_dense-2P to RVEA-random_dense-HUX', 'Equivalence_Line_14: AGEMOEA2-random_dense-HUX to RVEA-random_dense-1P', 'Equivalence_Line_15: SPEA2-greedy_ting-2P to SPEA2-greedy_multi-HUX', 'Equivalence_Line_16: NSGA2-random_dense-1P to AGEMOEA2-greedy_multi-UX', 'Equivalence_Line_17: SPEA2-random_dense-HUX to AGEMOEA2-greedy_multi-HUX', 'Equivalence_Line_18: AGEMOEA2-random_dense-1P to NSGA3-greedy_multi-HUX', 'Equivalence_Line_19: SPEA2-random_dense-2P to NSGA2-greedy_multi-1P', 'Equivalence_Line_20: SMSEMOA-random_dense-2P to AGEMOEA2-greedy_multi-2P', 'Equivalence_Line_21: RVEA-greedy_ting-HUX to SPEA2-greedy_multi-1P', 'Equivalence_Line_22: SMSEMOA-random_dense-HUX to UNSGA3-greedy_multi-2P', 'Equivalence_Line_23: SMSEMOA-random_dense-1P to NSGA3-greedy_multi-1P', 'Equivalence_Line_24: RVEA-random_dense-2P to SMSEMOA-greedy_multi-2P', 'Equivalence_Line_25: RVEA-random_dense-HUX to SMSEMOA-greedy_multi-1P', 'Equivalence_Line_26: NSGA2-greedy_multi-HUX to RVEA-greedy_multi-1P']"
SPEA2-greedy_ting-2P,0.9663723979154176,"['Equivalence_Line_1: NSGA2-greedy_ting-UX to NSGA3-random_dense-UX', 'Equivalence_Line_2: NSGA2-greedy_ting-2P to NSGA2-random_dense-2P', 'Equivalence_Line_3: NSGA2-greedy_ting-1P to AGEMOEA2-random_dense-UX', 'Equivalence_Line_4: AGEMOEA2-greedy_ting-1P to AGEMOEA2-random_dense-2P', 'Equivalence_Line_5: UNSGA3-greedy_ting-2P to NSGA2-random_dense-1P', 'Equivalence_Line_6: NSGA3-greedy_ting-2P to SPEA2-random_dense-UX', 'Equivalence_Line_7: UNSGA3-greedy_ting-1P to UNSGA3-random_dense-2P', 'Equivalence_Line_8: UNSGA3-greedy_ting-HUX to AGEMOEA2-random_dense-1P', 'Equivalence_Line_9: SMSEMOA-greedy_ting-UX to UNSGA3-random_dense-1P', 'Equivalence_Line_10: SPEA2-greedy_ting-HUX to RVEA-greedy_ting-HUX', 'Equivalence_Line_11: AGEMOEA2-greedy_ting-HUX to RVEA-greedy_ting-1P', 'Equivalence_Line_12: NSGA3-random_dense-UX to RVEA-random_dense-UX', 'Equivalence_Line_13: NSGA2-random_dense-2P to RVEA-random_dense-HUX', 'Equivalence_Line_14: AGEMOEA2-random_dense-HUX to RVEA-random_dense-1P', 'Equivalence_Line_15: SPEA2-greedy_ting-2P to SPEA2-greedy_multi-HUX', 'Equivalence_Line_16: NSGA2-random_dense-1P to AGEMOEA2-greedy_multi-UX', 'Equivalence_Line_17: SPEA2-random_dense-HUX to AGEMOEA2-greedy_multi-HUX', 'Equivalence_Line_18: AGEMOEA2-random_dense-1P to NSGA3-greedy_multi-HUX', 'Equivalence_Line_19: SPEA2-random_dense-2P to NSGA2-greedy_multi-1P', 'Equivalence_Line_20: SMSEMOA-random_dense-2P to AGEMOEA2-greedy_multi-2P', 'Equivalence_Line_21: RVEA-greedy_ting-HUX to SPEA2-greedy_multi-1P', 'Equivalence_Line_22: SMSEMOA-random_dense-HUX to UNSGA3-greedy_multi-2P', 'Equivalence_Line_23: SMSEMOA-random_dense-1P to NSGA3-greedy_multi-1P', 'Equivalence_Line_24: RVEA-random_dense-2P to SMSEMOA-greedy_multi-2P', 'Equivalence_Line_25: RVEA-random_dense-HUX to SMSEMOA-greedy_multi-1P', 'Equivalence_Line_26: NSGA2-greedy_multi-HUX to RVEA-greedy_multi-1P']"
AGEMOEA2-random_dense-2P,0.9695210712500254,"['Equivalence_Line_1: NSGA2-greedy_ting-UX to NSGA3-random_dense-UX', 'Equivalence_Line_2: NSGA2-greedy_ting-2P to NSGA2-random_dense-2P', 'Equivalence_Line_3: NSGA2-greedy_ting-1P to AGEMOEA2-random_dense-UX', 'Equivalence_Line_4: AGEMOEA2-greedy_ting-1P to AGEMOEA2-random_dense-2P', 'Equivalence_Line_5: UNSGA3-greedy_ting-2P to NSGA2-random_dense-1P', 'Equivalence_Line_6: NSGA3-greedy_ting-2P to SPEA2-random_dense-UX', 'Equivalence_Line_7: UNSGA3-greedy_ting-1P to UNSGA3-random_dense-2P', 'Equivalence_Line_8: UNSGA3-greedy_ting-HUX to AGEMOEA2-random_dense-1P', 'Equivalence_Line_9: SMSEMOA-greedy_ting-UX to UNSGA3-random_dense-1P', 'Equivalence_Line_10: SPEA2-greedy_ting-HUX to RVEA-greedy_ting-HUX', 'Equivalence_Line_11: AGEMOEA2-greedy_ting-HUX to RVEA-greedy_ting-1P', 'Equivalence_Line_12: NSGA3-random_dense-UX to RVEA-random_dense-UX', 'Equivalence_Line_13: NSGA2-random_dense-2P to RVEA-random_dense-HUX', 'Equivalence_Line_14: AGEMOEA2-random_dense-HUX to RVEA-random_dense-1P', 'Equivalence_Line_15: SPEA2-greedy_ting-2P to SPEA2-greedy_multi-HUX', 'Equivalence_Line_16: NSGA2-random_dense-1P to AGEMOEA2-greedy_multi-UX', 'Equivalence_Line_17: SPEA2-random_dense-HUX to AGEMOEA2-greedy_multi-HUX', 'Equivalence_Line_18: AGEMOEA2-random_dense-1P to NSGA3-greedy_multi-HUX', 'Equivalence_Line_19: SPEA2-random_dense-2P to NSGA2-greedy_multi-1P', 'Equivalence_Line_20: SMSEMOA-random_dense-2P to AGEMOEA2-greedy_multi-2P', 'Equivalence_Line_21: RVEA-greedy_ting-HUX to SPEA2-greedy_multi-1P', 'Equivalence_Line_22: SMSEMOA-random_dense-HUX to UNSGA3-greedy_multi-2P', 'Equivalence_Line_23: SMSEMOA-random_dense-1P to NSGA3-greedy_multi-1P', 'Equivalence_Line_24: RVEA-random_dense-2P to SMSEMOA-greedy_multi-2P', 'Equivalence_Line_25: RVEA-random_dense-HUX to SMSEMOA-greedy_multi-1P', 'Equivalence_Line_26: NSGA2-greedy_multi-HUX to RVEA-greedy_multi-1P']"
NSGA2-random_dense-1P,0.9910676579453407,"['Equivalence_Line_1: NSGA2-greedy_ting-UX to NSGA3-random_dense-UX', 'Equivalence_Line_2: NSGA2-greedy_ting-2P to NSGA2-random_dense-2P', 'Equivalence_Line_3: NSGA2-greedy_ting-1P to AGEMOEA2-random_dense-UX', 'Equivalence_Line_4: AGEMOEA2-greedy_ting-1P to AGEMOEA2-random_dense-2P', 'Equivalence_Line_5: UNSGA3-greedy_ting-2P to NSGA2-random_dense-1P', 'Equivalence_Line_6: NSGA3-greedy_ting-2P to SPEA2-random_dense-UX', 'Equivalence_Line_7: UNSGA3-greedy_ting-1P to UNSGA3-random_dense-2P', 'Equivalence_Line_8: UNSGA3-greedy_ting-HUX to AGEMOEA2-random_dense-1P', 'Equivalence_Line_9: SMSEMOA-greedy_ting-UX to UNSGA3-random_dense-1P', 'Equivalence_Line_10: SPEA2-greedy_ting-HUX to RVEA-greedy_ting-HUX', 'Equivalence_Line_11: AGEMOEA2-greedy_ting-HUX to RVEA-greedy_ting-1P', 'Equivalence_Line_12: NSGA3-random_dense-UX to RVEA-random_dense-UX', 'Equivalence_Line_13: NSGA2-random_dense-2P to RVEA-random_dense-HUX', 'Equivalence_Line_14: AGEMOEA2-random_dense-HUX to RVEA-random_dense-1P', 'Equivalence_Line_15: SPEA2-greedy_ting-2P to SPEA2-greedy_multi-HUX', 'Equivalence_Line_16: NSGA2-random_dense-1P to AGEMOEA2-greedy_multi-UX', 'Equivalence_Line_17: SPEA2-random_dense-HUX to AGEMOEA2-greedy_multi-HUX', 'Equivalence_Line_18: AGEMOEA2-random_dense-1P to NSGA3-greedy_multi-HUX', 'Equivalence_Line_19: SPEA2-random_dense-2P to NSGA2-greedy_multi-1P', 'Equivalence_Line_20: SMSEMOA-random_dense-2P to AGEMOEA2-greedy_multi-2P', 'Equivalence_Line_21: RVEA-greedy_ting-HUX to SPEA2-greedy_multi-1P', 'Equivalence_Line_22: SMSEMOA-random_dense-HUX to UNSGA3-greedy_multi-2P', 'Equivalence_Line_23: SMSEMOA-random_dense-1P to NSGA3-greedy_multi-1P', 'Equivalence_Line_24: RVEA-random_dense-2P to SMSEMOA-greedy_multi-2P', 'Equivalence_Line_25: RVEA-random_dense-HUX to SMSEMOA-greedy_multi-1P', 'Equivalence_Line_26: NSGA2-greedy_multi-HUX to RVEA-greedy_multi-1P']"
SPEA2-random_dense-HUX,1.0036325411997622,"['Equivalence_Line_1: NSGA2-greedy_ting-UX to NSGA3-random_dense-UX', 'Equivalence_Line_2: NSGA2-greedy_ting-2P to NSGA2-random_dense-2P', 'Equivalence_Line_3: NSGA2-greedy_ting-1P to AGEMOEA2-random_dense-UX', 'Equivalence_Line_4: AGEMOEA2-greedy_ting-1P to AGEMOEA2-random_dense-2P', 'Equivalence_Line_5: UNSGA3-greedy_ting-2P to NSGA2-random_dense-1P', 'Equivalence_Line_6: NSGA3-greedy_ting-2P to SPEA2-random_dense-UX', 'Equivalence_Line_7: UNSGA3-greedy_ting-1P to UNSGA3-random_dense-2P', 'Equivalence_Line_8: UNSGA3-greedy_ting-HUX to AGEMOEA2-random_dense-1P', 'Equivalence_Line_9: SMSEMOA-greedy_ting-UX to UNSGA3-random_dense-1P', 'Equivalence_Line_10: SPEA2-greedy_ting-HUX to RVEA-greedy_ting-HUX', 'Equivalence_Line_11: AGEMOEA2-greedy_ting-HUX to RVEA-greedy_ting-1P', 'Equivalence_Line_12: NSGA3-random_dense-UX to RVEA-random_dense-UX', 'Equivalence_Line_13: NSGA2-random_dense-2P to RVEA-random_dense-HUX', 'Equivalence_Line_14: AGEMOEA2-random_dense-HUX to RVEA-random_dense-1P', 'Equivalence_Line_15: SPEA2-greedy_ting-2P to SPEA2-greedy_multi-HUX', 'Equivalence_Line_16: NSGA2-random_dense-1P to AGEMOEA2-greedy_multi-UX', 'Equivalence_Line_17: SPEA2-random_dense-HUX to AGEMOEA2-greedy_multi-HUX', 'Equivalence_Line_18: AGEMOEA2-random_dense-1P to NSGA3-greedy_multi-HUX', 'Equivalence_Line_19: SPEA2-random_dense-2P to NSGA2-greedy_multi-1P', 'Equivalence_Line_20: SMSEMOA-random_dense-2P to AGEMOEA2-greedy_multi-2P', 'Equivalence_Line_21: RVEA-greedy_ting-HUX to SPEA2-greedy_multi-1P', 'Equivalence_Line_22: SMSEMOA-random_dense-HUX to UNSGA3-greedy_multi-2P', 'Equivalence_Line_23: SMSEMOA-random_dense-1P to NSGA3-greedy_multi-1P', 'Equivalence_Line_24: RVEA-random_dense-2P to SMSEMOA-greedy_multi-2P', 'Equivalence_Line_25: RVEA-random_dense-HUX to SMSEMOA-greedy_multi-1P', 'Equivalence_Line_26: NSGA2-greedy_multi-HUX to RVEA-greedy_multi-1P']"
SPEA2-random_dense-UX,1.0130466194004808,"['Equivalence_Line_1: NSGA2-greedy_ting-UX to NSGA3-random_dense-UX', 'Equivalence_Line_2: NSGA2-greedy_ting-2P to NSGA2-random_dense-2P', 'Equivalence_Line_3: NSGA2-greedy_ting-1P to AGEMOEA2-random_dense-UX', 'Equivalence_Line_4: AGEMOEA2-greedy_ting-1P to AGEMOEA2-random_dense-2P', 'Equivalence_Line_5: UNSGA3-greedy_ting-2P to NSGA2-random_dense-1P', 'Equivalence_Line_6: NSGA3-greedy_ting-2P to SPEA2-random_dense-UX', 'Equivalence_Line_7: UNSGA3-greedy_ting-1P to UNSGA3-random_dense-2P', 'Equivalence_Line_8: UNSGA3-greedy_ting-HUX to AGEMOEA2-random_dense-1P', 'Equivalence_Line_9: SMSEMOA-greedy_ting-UX to UNSGA3-random_dense-1P', 'Equivalence_Line_10: SPEA2-greedy_ting-HUX to RVEA-greedy_ting-HUX', 'Equivalence_Line_11: AGEMOEA2-greedy_ting-HUX to RVEA-greedy_ting-1P', 'Equivalence_Line_12: NSGA3-random_dense-UX to RVEA-random_dense-UX', 'Equivalence_Line_13: NSGA2-random_dense-2P to RVEA-random_dense-HUX', 'Equivalence_Line_14: AGEMOEA2-random_dense-HUX to RVEA-random_dense-1P', 'Equivalence_Line_15: SPEA2-greedy_ting-2P to SPEA2-greedy_multi-HUX', 'Equivalence_Line_16: NSGA2-random_dense-1P to AGEMOEA2-greedy_multi-UX', 'Equivalence_Line_17: SPEA2-random_dense-HUX to AGEMOEA2-greedy_multi-HUX', 'Equivalence_Line_18: AGEMOEA2-random_dense-1P to NSGA3-greedy_multi-HUX', 'Equivalence_Line_19: SPEA2-random_dense-2P to NSGA2-greedy_multi-1P', 'Equivalence_Line_20: SMSEMOA-random_dense-2P to AGEMOEA2-greedy_multi-2P', 'Equivalence_Line_21: RVEA-greedy_ting-HUX to SPEA2-greedy_multi-1P', 'Equivalence_Line_22: SMSEMOA-random_dense-HUX to UNSGA3-greedy_multi-2P', 'Equivalence_Line_23: SMSEMOA-random_dense-1P to NSGA3-greedy_multi-1P', 'Equivalence_Line_24: RVEA-random_dense-2P to SMSEMOA-greedy_multi-2P', 'Equivalence_Line_25: RVEA-random_dense-HUX to SMSEMOA-greedy_multi-1P', 'Equivalence_Line_26: NSGA2-greedy_multi-HUX to RVEA-greedy_multi-1P']"
NSGA3-random_dense-2P,1.0279464977857227,"['Equivalence_Line_1: NSGA2-greedy_ting-UX to NSGA3-random_dense-UX', 'Equivalence_Line_2: NSGA2-greedy_ting-2P to NSGA2-random_dense-2P', 'Equivalence_Line_3: NSGA2-greedy_ting-1P to AGEMOEA2-random_dense-UX', 'Equivalence_Line_4: AGEMOEA2-greedy_ting-1P to AGEMOEA2-random_dense-2P', 'Equivalence_Line_5: UNSGA3-greedy_ting-2P to NSGA2-random_dense-1P', 'Equivalence_Line_6: NSGA3-greedy_ting-2P to SPEA2-random_dense-UX', 'Equivalence_Line_7: UNSGA3-greedy_ting-1P to UNSGA3-random_dense-2P', 'Equivalence_Line_8: UNSGA3-greedy_ting-HUX to AGEMOEA2-random_dense-1P', 'Equivalence_Line_9: SMSEMOA-greedy_ting-UX to UNSGA3-random_dense-1P', 'Equivalence_Line_10: SPEA2-greedy_ting-HUX to RVEA-greedy_ting-HUX', 'Equivalence_Line_11: AGEMOEA2-greedy_ting-HUX to RVEA-greedy_ting-1P', 'Equivalence_Line_12: NSGA3-random_dense-UX to RVEA-random_dense-UX', 'Equivalence_Line_13: NSGA2-random_dense-2P to RVEA-random_dense-HUX', 'Equivalence_Line_14: AGEMOEA2-random_dense-HUX to RVEA-random_dense-1P', 'Equivalence_Line_15: SPEA2-greedy_ting-2P to SPEA2-greedy_multi-HUX', 'Equivalence_Line_16: NSGA2-random_dense-1P to AGEMOEA2-greedy_multi-UX', 'Equivalence_Line_17: SPEA2-random_dense-HUX to AGEMOEA2-greedy_multi-HUX', 'Equivalence_Line_18: AGEMOEA2-random_dense-1P to NSGA3-greedy_multi-HUX', 'Equivalence_Line_19: SPEA2-random_dense-2P to NSGA2-greedy_multi-1P', 'Equivalence_Line_20: SMSEMOA-random_dense-2P to AGEMOEA2-greedy_multi-2P', 'Equivalence_Line_21: RVEA-greedy_ting-HUX to SPEA2-greedy_multi-1P', 'Equivalence_Line_22: SMSEMOA-random_dense-HUX to UNSGA3-greedy_multi-2P', 'Equivalence_Line_23: SMSEMOA-random_dense-1P to NSGA3-greedy_multi-1P', 'Equivalence_Line_24: RVEA-random_dense-2P to SMSEMOA-greedy_multi-2P', 'Equivalence_Line_25: RVEA-random_dense-HUX to SMSEMOA-greedy_multi-1P', 'Equivalence_Line_26: NSGA2-greedy_multi-HUX to RVEA-greedy_multi-1P']"
UNSGA3-random_dense-2P,1.0296261873076304,"['Equivalence_Line_1: NSGA2-greedy_ting-UX to NSGA3-random_dense-UX', 'Equivalence_Line_2: NSGA2-greedy_ting-2P to NSGA2-random_dense-2P', 'Equivalence_Line_3: NSGA2-greedy_ting-1P to AGEMOEA2-random_dense-UX', 'Equivalence_Line_4: AGEMOEA2-greedy_ting-1P to AGEMOEA2-random_dense-2P', 'Equivalence_Line_5: UNSGA3-greedy_ting-2P to NSGA2-random_dense-1P', 'Equivalence_Line_6: NSGA3-greedy_ting-2P to SPEA2-random_dense-UX', 'Equivalence_Line_7: UNSGA3-greedy_ting-1P to UNSGA3-random_dense-2P', 'Equivalence_Line_8: UNSGA3-greedy_ting-HUX to AGEMOEA2-random_dense-1P', 'Equivalence_Line_9: SMSEMOA-greedy_ting-UX to UNSGA3-random_dense-1P', 'Equivalence_Line_10: SPEA2-greedy_ting-HUX to RVEA-greedy_ting-HUX', 'Equivalence_Line_11: AGEMOEA2-greedy_ting-HUX to RVEA-greedy_ting-1P', 'Equivalence_Line_12: NSGA3-random_dense-UX to RVEA-random_dense-UX', 'Equivalence_Line_13: NSGA2-random_dense-2P to RVEA-random_dense-HUX', 'Equivalence_Line_14: AGEMOEA2-random_dense-HUX to RVEA-random_dense-1P', 'Equivalence_Line_15: SPEA2-greedy_ting-2P to SPEA2-greedy_multi-HUX', 'Equivalence_Line_16: NSGA2-random_dense-1P to AGEMOEA2-greedy_multi-UX', 'Equivalence_Line_17: SPEA2-random_dense-HUX to AGEMOEA2-greedy_multi-HUX', 'Equivalence_Line_18: AGEMOEA2-random_dense-1P to NSGA3-greedy_multi-HUX', 'Equivalence_Line_19: SPEA2-random_dense-2P to NSGA2-greedy_multi-1P', 'Equivalence_Line_20: SMSEMOA-random_dense-2P to AGEMOEA2-greedy_multi-2P', 'Equivalence_Line_21: RVEA-greedy_ting-HUX to SPEA2-greedy_multi-1P', 'Equivalence_Line_22: SMSEMOA-random_dense-HUX to UNSGA3-greedy_multi-2P', 'Equivalence_Line_23: SMSEMOA-random_dense-1P to NSGA3-greedy_multi-1P', 'Equivalence_Line_24: RVEA-random_dense-2P to SMSEMOA-greedy_multi-2P', 'Equivalence_Line_25: RVEA-random_dense-HUX to SMSEMOA-greedy_multi-1P', 'Equivalence_Line_26: NSGA2-greedy_multi-HUX to RVEA-greedy_multi-1P']"
AGEMOEA2-random_dense-1P,1.0511839225856305,"['Equivalence_Line_1: NSGA2-greedy_ting-UX to NSGA3-random_dense-UX', 'Equivalence_Line_2: NSGA2-greedy_ting-2P to NSGA2-random_dense-2P', 'Equivalence_Line_3: NSGA2-greedy_ting-1P to AGEMOEA2-random_dense-UX', 'Equivalence_Line_4: AGEMOEA2-greedy_ting-1P to AGEMOEA2-random_dense-2P', 'Equivalence_Line_5: UNSGA3-greedy_ting-2P to NSGA2-random_dense-1P', 'Equivalence_Line_6: NSGA3-greedy_ting-2P to SPEA2-random_dense-UX', 'Equivalence_Line_7: UNSGA3-greedy_ting-1P to UNSGA3-random_dense-2P', 'Equivalence_Line_8: UNSGA3-greedy_ting-HUX to AGEMOEA2-random_dense-1P', 'Equivalence_Line_9: SMSEMOA-greedy_ting-UX to UNSGA3-random_dense-1P', 'Equivalence_Line_10: SPEA2-greedy_ting-HUX to RVEA-greedy_ting-HUX', 'Equivalence_Line_11: AGEMOEA2-greedy_ting-HUX to RVEA-greedy_ting-1P', 'Equivalence_Line_12: NSGA3-random_dense-UX to RVEA-random_dense-UX', 'Equivalence_Line_13: NSGA2-random_dense-2P to RVEA-random_dense-HUX', 'Equivalence_Line_14: AGEMOEA2-random_dense-HUX to RVEA-random_dense-1P', 'Equivalence_Line_15: SPEA2-greedy_ting-2P to SPEA2-greedy_multi-HUX', 'Equivalence_Line_16: NSGA2-random_dense-1P to AGEMOEA2-greedy_multi-UX', 'Equivalence_Line_17: SPEA2-random_dense-HUX to AGEMOEA2-greedy_multi-HUX', 'Equivalence_Line_18: AGEMOEA2-random_dense-1P to NSGA3-greedy_multi-HUX', 'Equivalence_Line_19: SPEA2-random_dense-2P to NSGA2-greedy_multi-1P', 'Equivalence_Line_20: SMSEMOA-random_dense-2P to AGEMOEA2-greedy_multi-2P', 'Equivalence_Line_21: RVEA-greedy_ting-HUX to SPEA2-greedy_multi-1P', 'Equivalence_Line_22: SMSEMOA-random_dense-HUX to UNSGA3-greedy_multi-2P', 'Equivalence_Line_23: SMSEMOA-random_dense-1P to NSGA3-greedy_multi-1P', 'Equivalence_Line_24: RVEA-random_dense-2P to SMSEMOA-greedy_multi-2P', 'Equivalence_Line_25: RVEA-random_dense-HUX to SMSEMOA-greedy_multi-1P', 'Equivalence_Line_26: NSGA2-greedy_multi-HUX to RVEA-greedy_multi-1P']"
SPEA2-random_dense-2P,1.0827379263616377,"['Equivalence_Line_1: NSGA2-greedy_ting-UX to NSGA3-random_dense-UX', 'Equivalence_Line_2: NSGA2-greedy_ting-2P to NSGA2-random_dense-2P', 'Equivalence_Line_3: NSGA2-greedy_ting-1P to AGEMOEA2-random_dense-UX', 'Equivalence_Line_4: AGEMOEA2-greedy_ting-1P to AGEMOEA2-random_dense-2P', 'Equivalence_Line_5: UNSGA3-greedy_ting-2P to NSGA2-random_dense-1P', 'Equivalence_Line_6: NSGA3-greedy_ting-2P to SPEA2-random_dense-UX', 'Equivalence_Line_7: UNSGA3-greedy_ting-1P to UNSGA3-random_dense-2P', 'Equivalence_Line_8: UNSGA3-greedy_ting-HUX to AGEMOEA2-random_dense-1P', 'Equivalence_Line_9: SMSEMOA-greedy_ting-UX to UNSGA3-random_dense-1P', 'Equivalence_Line_10: SPEA2-greedy_ting-HUX to RVEA-greedy_ting-HUX', 'Equivalence_Line_11: AGEMOEA2-greedy_ting-HUX to RVEA-greedy_ting-1P', 'Equivalence_Line_12: NSGA3-random_dense-UX to RVEA-random_dense-UX', 'Equivalence_Line_13: NSGA2-random_dense-2P to RVEA-random_dense-HUX', 'Equivalence_Line_14: AGEMOEA2-random_dense-HUX to RVEA-random_dense-1P', 'Equivalence_Line_15: SPEA2-greedy_ting-2P to SPEA2-greedy_multi-HUX', 'Equivalence_Line_16: NSGA2-random_dense-1P to AGEMOEA2-greedy_multi-UX', 'Equivalence_Line_17: SPEA2-random_dense-HUX to AGEMOEA2-greedy_multi-HUX', 'Equivalence_Line_18: AGEMOEA2-random_dense-1P to NSGA3-greedy_multi-HUX', 'Equivalence_Line_19: SPEA2-random_dense-2P to NSGA2-greedy_multi-1P', 'Equivalence_Line_20: SMSEMOA-random_dense-2P to AGEMOEA2-greedy_multi-2P', 'Equivalence_Line_21: RVEA-greedy_ting-HUX to SPEA2-greedy_multi-1P', 'Equivalence_Line_22: SMSEMOA-random_dense-HUX to UNSGA3-greedy_multi-2P', 'Equivalence_Line_23: SMSEMOA-random_dense-1P to NSGA3-greedy_multi-1P', 'Equivalence_Line_24: RVEA-random_dense-2P to SMSEMOA-greedy_multi-2P', 'Equivalence_Line_25: RVEA-random_dense-HUX to SMSEMOA-greedy_multi-1P', 'Equivalence_Line_26: NSGA2-greedy_multi-HUX to RVEA-greedy_multi-1P']"
SPEA2-random_dense-1P,1.0898207052043363,"['Equivalence_Line_1: NSGA2-greedy_ting-UX to NSGA3-random_dense-UX', 'Equivalence_Line_2: NSGA2-greedy_ting-2P to NSGA2-random_dense-2P', 'Equivalence_Line_3: NSGA2-greedy_ting-1P to AGEMOEA2-random_dense-UX', 'Equivalence_Line_4: AGEMOEA2-greedy_ting-1P to AGEMOEA2-random_dense-2P', 'Equivalence_Line_5: UNSGA3-greedy_ting-2P to NSGA2-random_dense-1P', 'Equivalence_Line_6: NSGA3-greedy_ting-2P to SPEA2-random_dense-UX', 'Equivalence_Line_7: UNSGA3-greedy_ting-1P to UNSGA3-random_dense-2P', 'Equivalence_Line_8: UNSGA3-greedy_ting-HUX to AGEMOEA2-random_dense-1P', 'Equivalence_Line_9: SMSEMOA-greedy_ting-UX to UNSGA3-random_dense-1P', 'Equivalence_Line_10: SPEA2-greedy_ting-HUX to RVEA-greedy_ting-HUX', 'Equivalence_Line_11: AGEMOEA2-greedy_ting-HUX to RVEA-greedy_ting-1P', 'Equivalence_Line_12: NSGA3-random_dense-UX to RVEA-random_dense-UX', 'Equivalence_Line_13: NSGA2-random_dense-2P to RVEA-random_dense-HUX', 'Equivalence_Line_14: AGEMOEA2-random_dense-HUX to RVEA-random_dense-1P', 'Equivalence_Line_15: SPEA2-greedy_ting-2P to SPEA2-greedy_multi-HUX', 'Equivalence_Line_16: NSGA2-random_dense-1P to AGEMOEA2-greedy_multi-UX', 'Equivalence_Line_17: SPEA2-random_dense-HUX to AGEMOEA2-greedy_multi-HUX', 'Equivalence_Line_18: AGEMOEA2-random_dense-1P to NSGA3-greedy_multi-HUX', 'Equivalence_Line_19: SPEA2-random_dense-2P to NSGA2-greedy_multi-1P', 'Equivalence_Line_20: SMSEMOA-random_dense-2P to AGEMOEA2-greedy_multi-2P', 'Equivalence_Line_21: RVEA-greedy_ting-HUX to SPEA2-greedy_multi-1P', 'Equivalence_Line_22: SMSEMOA-random_dense-HUX to UNSGA3-greedy_multi-2P', 'Equivalence_Line_23: SMSEMOA-random_dense-1P to NSGA3-greedy_multi-1P', 'Equivalence_Line_24: RVEA-random_dense-2P to SMSEMOA-greedy_multi-2P', 'Equivalence_Line_25: RVEA-random_dense-HUX to SMSEMOA-greedy_multi-1P', 'Equivalence_Line_26: NSGA2-greedy_multi-HUX to RVEA-greedy_multi-1P']"
SMSEMOA-random_dense-2P,1.092114873613098,"['Equivalence_Line_1: NSGA2-greedy_ting-UX to NSGA3-random_dense-UX', 'Equivalence_Line_2: NSGA2-greedy_ting-2P to NSGA2-random_dense-2P', 'Equivalence_Line_3: NSGA2-greedy_ting-1P to AGEMOEA2-random_dense-UX', 'Equivalence_Line_4: AGEMOEA2-greedy_ting-1P to AGEMOEA2-random_dense-2P', 'Equivalence_Line_5: UNSGA3-greedy_ting-2P to NSGA2-random_dense-1P', 'Equivalence_Line_6: NSGA3-greedy_ting-2P to SPEA2-random_dense-UX', 'Equivalence_Line_7: UNSGA3-greedy_ting-1P to UNSGA3-random_dense-2P', 'Equivalence_Line_8: UNSGA3-greedy_ting-HUX to AGEMOEA2-random_dense-1P', 'Equivalence_Line_9: SMSEMOA-greedy_ting-UX to UNSGA3-random_dense-1P', 'Equivalence_Line_10: SPEA2-greedy_ting-HUX to RVEA-greedy_ting-HUX', 'Equivalence_Line_11: AGEMOEA2-greedy_ting-HUX to RVEA-greedy_ting-1P', 'Equivalence_Line_12: NSGA3-random_dense-UX to RVEA-random_dense-UX', 'Equivalence_Line_13: NSGA2-random_dense-2P to RVEA-random_dense-HUX', 'Equivalence_Line_14: AGEMOEA2-random_dense-HUX to RVEA-random_dense-1P', 'Equivalence_Line_15: SPEA2-greedy_ting-2P to SPEA2-greedy_multi-HUX', 'Equivalence_Line_16: NSGA2-random_dense-1P to AGEMOEA2-greedy_multi-UX', 'Equivalence_Line_17: SPEA2-random_dense-HUX to AGEMOEA2-greedy_multi-HUX', 'Equivalence_Line_18: AGEMOEA2-random_dense-1P to NSGA3-greedy_multi-HUX', 'Equivalence_Line_19: SPEA2-random_dense-2P to NSGA2-greedy_multi-1P', 'Equivalence_Line_20: SMSEMOA-random_dense-2P to AGEMOEA2-greedy_multi-2P', 'Equivalence_Line_21: RVEA-greedy_ting-HUX to SPEA2-greedy_multi-1P', 'Equivalence_Line_22: SMSEMOA-random_dense-HUX to UNSGA3-greedy_multi-2P', 'Equivalence_Line_23: SMSEMOA-random_dense-1P to NSGA3-greedy_multi-1P', 'Equivalence_Line_24: RVEA-random_dense-2P to SMSEMOA-greedy_multi-2P', 'Equivalence_Line_25: RVEA-random_dense-HUX to SMSEMOA-greedy_multi-1P', 'Equivalence_Line_26: NSGA2-greedy_multi-HUX to RVEA-greedy_multi-1P']"
NSGA3-random_dense-1P,1.0922427262087453,"['Equivalence_Line_1: NSGA2-greedy_ting-UX to NSGA3-random_dense-UX', 'Equivalence_Line_2: NSGA2-greedy_ting-2P to NSGA2-random_dense-2P', 'Equivalence_Line_3: NSGA2-greedy_ting-1P to AGEMOEA2-random_dense-UX', 'Equivalence_Line_4: AGEMOEA2-greedy_ting-1P to AGEMOEA2-random_dense-2P', 'Equivalence_Line_5: UNSGA3-greedy_ting-2P to NSGA2-random_dense-1P', 'Equivalence_Line_6: NSGA3-greedy_ting-2P to SPEA2-random_dense-UX', 'Equivalence_Line_7: UNSGA3-greedy_ting-1P to UNSGA3-random_dense-2P', 'Equivalence_Line_8: UNSGA3-greedy_ting-HUX to AGEMOEA2-random_dense-1P', 'Equivalence_Line_9: SMSEMOA-greedy_ting-UX to UNSGA3-random_dense-1P', 'Equivalence_Line_10: SPEA2-greedy_ting-HUX to RVEA-greedy_ting-HUX', 'Equivalence_Line_11: AGEMOEA2-greedy_ting-HUX to RVEA-greedy_ting-1P', 'Equivalence_Line_12: NSGA3-random_dense-UX to RVEA-random_dense-UX', 'Equivalence_Line_13: NSGA2-random_dense-2P to RVEA-random_dense-HUX', 'Equivalence_Line_14: AGEMOEA2-random_dense-HUX to RVEA-random_dense-1P', 'Equivalence_Line_15: SPEA2-greedy_ting-2P to SPEA2-greedy_multi-HUX', 'Equivalence_Line_16: NSGA2-random_dense-1P to AGEMOEA2-greedy_multi-UX', 'Equivalence_Line_17: SPEA2-random_dense-HUX to AGEMOEA2-greedy_multi-HUX', 'Equivalence_Line_18: AGEMOEA2-random_dense-1P to NSGA3-greedy_multi-HUX', 'Equivalence_Line_19: SPEA2-random_dense-2P to NSGA2-greedy_multi-1P', 'Equivalence_Line_20: SMSEMOA-random_dense-2P to AGEMOEA2-greedy_multi-2P', 'Equivalence_Line_21: RVEA-greedy_ting-HUX to SPEA2-greedy_multi-1P', 'Equivalence_Line_22: SMSEMOA-random_dense-HUX to UNSGA3-greedy_multi-2P', 'Equivalence_Line_23: SMSEMOA-random_dense-1P to NSGA3-greedy_multi-1P', 'Equivalence_Line_24: RVEA-random_dense-2P to SMSEMOA-greedy_multi-2P', 'Equivalence_Line_25: RVEA-random_dense-HUX to SMSEMOA-greedy_multi-1P', 'Equivalence_Line_26: NSGA2-greedy_multi-HUX to RVEA-greedy_multi-1P']"
RVEA-greedy_ting-UX,1.0922990194673576,"['Equivalence_Line_1: NSGA2-greedy_ting-UX to NSGA3-random_dense-UX', 'Equivalence_Line_2: NSGA2-greedy_ting-2P to NSGA2-random_dense-2P', 'Equivalence_Line_3: NSGA2-greedy_ting-1P to AGEMOEA2-random_dense-UX', 'Equivalence_Line_4: AGEMOEA2-greedy_ting-1P to AGEMOEA2-random_dense-2P', 'Equivalence_Line_5: UNSGA3-greedy_ting-2P to NSGA2-random_dense-1P', 'Equivalence_Line_6: NSGA3-greedy_ting-2P to SPEA2-random_dense-UX', 'Equivalence_Line_7: UNSGA3-greedy_ting-1P to UNSGA3-random_dense-2P', 'Equivalence_Line_8: UNSGA3-greedy_ting-HUX to AGEMOEA2-random_dense-1P', 'Equivalence_Line_9: SMSEMOA-greedy_ting-UX to UNSGA3-random_dense-1P', 'Equivalence_Line_10: SPEA2-greedy_ting-HUX to RVEA-greedy_ting-HUX', 'Equivalence_Line_11: AGEMOEA2-greedy_ting-HUX to RVEA-greedy_ting-1P', 'Equivalence_Line_12: NSGA3-random_dense-UX to RVEA-random_dense-UX', 'Equivalence_Line_13: NSGA2-random_dense-2P to RVEA-random_dense-HUX', 'Equivalence_Line_14: AGEMOEA2-random_dense-HUX to RVEA-random_dense-1P', 'Equivalence_Line_15: SPEA2-greedy_ting-2P to SPEA2-greedy_multi-HUX', 'Equivalence_Line_16: NSGA2-random_dense-1P to AGEMOEA2-greedy_multi-UX', 'Equivalence_Line_17: SPEA2-random_dense-HUX to AGEMOEA2-greedy_multi-HUX', 'Equivalence_Line_18: AGEMOEA2-random_dense-1P to NSGA3-greedy_multi-HUX', 'Equivalence_Line_19: SPEA2-random_dense-2P to NSGA2-greedy_multi-1P', 'Equivalence_Line_20: SMSEMOA-random_dense-2P to AGEMOEA2-greedy_multi-2P', 'Equivalence_Line_21: RVEA-greedy_ting-HUX to SPEA2-greedy_multi-1P', 'Equivalence_Line_22: SMSEMOA-random_dense-HUX to UNSGA3-greedy_multi-2P', 'Equivalence_Line_23: SMSEMOA-random_dense-1P to NSGA3-greedy_multi-1P', 'Equivalence_Line_24: RVEA-random_dense-2P to SMSEMOA-greedy_multi-2P', 'Equivalence_Line_25: RVEA-random_dense-HUX to SMSEMOA-greedy_multi-1P', 'Equivalence_Line_26: NSGA2-greedy_multi-HUX to RVEA-greedy_multi-1P']"
UNSGA3-random_dense-1P,1.0972276152321772,"['Equivalence_Line_1: NSGA2-greedy_ting-UX to NSGA3-random_dense-UX', 'Equivalence_Line_2: NSGA2-greedy_ting-2P to NSGA2-random_dense-2P', 'Equivalence_Line_3: NSGA2-greedy_ting-1P to AGEMOEA2-random_dense-UX', 'Equivalence_Line_4: AGEMOEA2-greedy_ting-1P to AGEMOEA2-random_dense-2P', 'Equivalence_Line_5: UNSGA3-greedy_ting-2P to NSGA2-random_dense-1P', 'Equivalence_Line_6: NSGA3-greedy_ting-2P to SPEA2-random_dense-UX', 'Equivalence_Line_7: UNSGA3-greedy_ting-1P to UNSGA3-random_dense-2P', 'Equivalence_Line_8: UNSGA3-greedy_ting-HUX to AGEMOEA2-random_dense-1P', 'Equivalence_Line_9: SMSEMOA-greedy_ting-UX to UNSGA3-random_dense-1P', 'Equivalence_Line_10: SPEA2-greedy_ting-HUX to RVEA-greedy_ting-HUX', 'Equivalence_Line_11: AGEMOEA2-greedy_ting-HUX to RVEA-greedy_ting-1P', 'Equivalence_Line_12: NSGA3-random_dense-UX to RVEA-random_dense-UX', 'Equivalence_Line_13: NSGA2-random_dense-2P to RVEA-random_dense-HUX', 'Equivalence_Line_14: AGEMOEA2-random_dense-HUX to RVEA-random_dense-1P', 'Equivalence_Line_15: SPEA2-greedy_ting-2P to SPEA2-greedy_multi-HUX', 'Equivalence_Line_16: NSGA2-random_dense-1P to AGEMOEA2-greedy_multi-UX', 'Equivalence_Line_17: SPEA2-random_dense-HUX to AGEMOEA2-greedy_multi-HUX', 'Equivalence_Line_18: AGEMOEA2-random_dense-1P to NSGA3-greedy_multi-HUX', 'Equivalence_Line_19: SPEA2-random_dense-2P to NSGA2-greedy_multi-1P', 'Equivalence_Line_20: SMSEMOA-random_dense-2P to AGEMOEA2-greedy_multi-2P', 'Equivalence_Line_21: RVEA-greedy_ting-HUX to SPEA2-greedy_multi-1P', 'Equivalence_Line_22: SMSEMOA-random_dense-HUX to UNSGA3-greedy_multi-2P', 'Equivalence_Line_23: SMSEMOA-random_dense-1P to NSGA3-greedy_multi-1P', 'Equivalence_Line_24: RVEA-random_dense-2P to SMSEMOA-greedy_multi-2P', 'Equivalence_Line_25: RVEA-random_dense-HUX to SMSEMOA-greedy_multi-1P', 'Equivalence_Line_26: NSGA2-greedy_multi-HUX to RVEA-greedy_multi-1P']"
RVEA-greedy_ting-HUX,1.1351355969342438,"['Equivalence_Line_1: NSGA2-greedy_ting-UX to NSGA3-random_dense-UX', 'Equivalence_Line_2: NSGA2-greedy_ting-2P to NSGA2-random_dense-2P', 'Equivalence_Line_3: NSGA2-greedy_ting-1P to AGEMOEA2-random_dense-UX', 'Equivalence_Line_4: AGEMOEA2-greedy_ting-1P to AGEMOEA2-random_dense-2P', 'Equivalence_Line_5: UNSGA3-greedy_ting-2P to NSGA2-random_dense-1P', 'Equivalence_Line_6: NSGA3-greedy_ting-2P to SPEA2-random_dense-UX', 'Equivalence_Line_7: UNSGA3-greedy_ting-1P to UNSGA3-random_dense-2P', 'Equivalence_Line_8: UNSGA3-greedy_ting-HUX to AGEMOEA2-random_dense-1P', 'Equivalence_Line_9: SMSEMOA-greedy_ting-UX to UNSGA3-random_dense-1P', 'Equivalence_Line_10: SPEA2-greedy_ting-HUX to RVEA-greedy_ting-HUX', 'Equivalence_Line_11: AGEMOEA2-greedy_ting-HUX to RVEA-greedy_ting-1P', 'Equivalence_Line_12: NSGA3-random_dense-UX to RVEA-random_dense-UX', 'Equivalence_Line_13: NSGA2-random_dense-2P to RVEA-random_dense-HUX', 'Equivalence_Line_14: AGEMOEA2-random_dense-HUX to RVEA-random_dense-1P', 'Equivalence_Line_15: SPEA2-greedy_ting-2P to SPEA2-greedy_multi-HUX', 'Equivalence_Line_16: NSGA2-random_dense-1P to AGEMOEA2-greedy_multi-UX', 'Equivalence_Line_17: SPEA2-random_dense-HUX to AGEMOEA2-greedy_multi-HUX', 'Equivalence_Line_18: AGEMOEA2-random_dense-1P to NSGA3-greedy_multi-HUX', 'Equivalence_Line_19: SPEA2-random_dense-2P to NSGA2-greedy_multi-1P', 'Equivalence_Line_20: SMSEMOA-random_dense-2P to AGEMOEA2-greedy_multi-2P', 'Equivalence_Line_21: RVEA-greedy_ting-HUX to SPEA2-greedy_multi-1P', 'Equivalence_Line_22: SMSEMOA-random_dense-HUX to UNSGA3-greedy_multi-2P', 'Equivalence_Line_23: SMSEMOA-random_dense-1P to NSGA3-greedy_multi-1P', 'Equivalence_Line_24: RVEA-random_dense-2P to SMSEMOA-greedy_multi-2P', 'Equivalence_Line_25: RVEA-random_dense-HUX to SMSEMOA-greedy_multi-1P', 'Equivalence_Line_26: NSGA2-greedy_multi-HUX to RVEA-greedy_multi-1P']"
SMSEMOA-random_dense-HUX,1.137662435372319,"['Equivalence_Line_1: NSGA2-greedy_ting-UX to NSGA3-random_dense-UX', 'Equivalence_Line_2: NSGA2-greedy_ting-2P to NSGA2-random_dense-2P', 'Equivalence_Line_3: NSGA2-greedy_ting-1P to AGEMOEA2-random_dense-UX', 'Equivalence_Line_4: AGEMOEA2-greedy_ting-1P to AGEMOEA2-random_dense-2P', 'Equivalence_Line_5: UNSGA3-greedy_ting-2P to NSGA2-random_dense-1P', 'Equivalence_Line_6: NSGA3-greedy_ting-2P to SPEA2-random_dense-UX', 'Equivalence_Line_7: UNSGA3-greedy_ting-1P to UNSGA3-random_dense-2P', 'Equivalence_Line_8: UNSGA3-greedy_ting-HUX to AGEMOEA2-random_dense-1P', 'Equivalence_Line_9: SMSEMOA-greedy_ting-UX to UNSGA3-random_dense-1P', 'Equivalence_Line_10: SPEA2-greedy_ting-HUX to RVEA-greedy_ting-HUX', 'Equivalence_Line_11: AGEMOEA2-greedy_ting-HUX to RVEA-greedy_ting-1P', 'Equivalence_Line_12: NSGA3-random_dense-UX to RVEA-random_dense-UX', 'Equivalence_Line_13: NSGA2-random_dense-2P to RVEA-random_dense-HUX', 'Equivalence_Line_14: AGEMOEA2-random_dense-HUX to RVEA-random_dense-1P', 'Equivalence_Line_15: SPEA2-greedy_ting-2P to SPEA2-greedy_multi-HUX', 'Equivalence_Line_16: NSGA2-random_dense-1P to AGEMOEA2-greedy_multi-UX', 'Equivalence_Line_17: SPEA2-random_dense-HUX to AGEMOEA2-greedy_multi-HUX', 'Equivalence_Line_18: AGEMOEA2-random_dense-1P to NSGA3-greedy_multi-HUX', 'Equivalence_Line_19: SPEA2-random_dense-2P to NSGA2-greedy_multi-1P', 'Equivalence_Line_20: SMSEMOA-random_dense-2P to AGEMOEA2-greedy_multi-2P', 'Equivalence_Line_21: RVEA-greedy_ting-HUX to SPEA2-greedy_multi-1P', 'Equivalence_Line_22: SMSEMOA-random_dense-HUX to UNSGA3-greedy_multi-2P', 'Equivalence_Line_23: SMSEMOA-random_dense-1P to NSGA3-greedy_multi-1P', 'Equivalence_Line_24: RVEA-random_dense-2P to SMSEMOA-greedy_multi-2P', 'Equivalence_Line_25: RVEA-random_dense-HUX to SMSEMOA-greedy_multi-1P', 'Equivalence_Line_26: NSGA2-greedy_multi-HUX to RVEA-greedy_multi-1P']"
SMSEMOA-random_dense-UX,1.137893176774876,"['Equivalence_Line_1: NSGA2-greedy_ting-UX to NSGA3-random_dense-UX', 'Equivalence_Line_2: NSGA2-greedy_ting-2P to NSGA2-random_dense-2P', 'Equivalence_Line_3: NSGA2-greedy_ting-1P to AGEMOEA2-random_dense-UX', 'Equivalence_Line_4: AGEMOEA2-greedy_ting-1P to AGEMOEA2-random_dense-2P', 'Equivalence_Line_5: UNSGA3-greedy_ting-2P to NSGA2-random_dense-1P', 'Equivalence_Line_6: NSGA3-greedy_ting-2P to SPEA2-random_dense-UX', 'Equivalence_Line_7: UNSGA3-greedy_ting-1P to UNSGA3-random_dense-2P', 'Equivalence_Line_8: UNSGA3-greedy_ting-HUX to AGEMOEA2-random_dense-1P', 'Equivalence_Line_9: SMSEMOA-greedy_ting-UX to UNSGA3-random_dense-1P', 'Equivalence_Line_10: SPEA2-greedy_ting-HUX to RVEA-greedy_ting-HUX', 'Equivalence_Line_11: AGEMOEA2-greedy_ting-HUX to RVEA-greedy_ting-1P', 'Equivalence_Line_12: NSGA3-random_dense-UX to RVEA-random_dense-UX', 'Equivalence_Line_13: NSGA2-random_dense-2P to RVEA-random_dense-HUX', 'Equivalence_Line_14: AGEMOEA2-random_dense-HUX to RVEA-random_dense-1P', 'Equivalence_Line_15: SPEA2-greedy_ting-2P to SPEA2-greedy_multi-HUX', 'Equivalence_Line_16: NSGA2-random_dense-1P to AGEMOEA2-greedy_multi-UX', 'Equivalence_Line_17: SPEA2-random_dense-HUX to AGEMOEA2-greedy_multi-HUX', 'Equivalence_Line_18: AGEMOEA2-random_dense-1P to NSGA3-greedy_multi-HUX', 'Equivalence_Line_19: SPEA2-random_dense-2P to NSGA2-greedy_multi-1P', 'Equivalence_Line_20: SMSEMOA-random_dense-2P to AGEMOEA2-greedy_multi-2P', 'Equivalence_Line_21: RVEA-greedy_ting-HUX to SPEA2-greedy_multi-1P', 'Equivalence_Line_22: SMSEMOA-random_dense-HUX to UNSGA3-greedy_multi-2P', 'Equivalence_Line_23: SMSEMOA-random_dense-1P to NSGA3-greedy_multi-1P', 'Equivalence_Line_24: RVEA-random_dense-2P to SMSEMOA-greedy_multi-2P', 'Equivalence_Line_25: RVEA-random_dense-HUX to SMSEMOA-greedy_multi-1P', 'Equivalence_Line_26: NSGA2-greedy_multi-HUX to RVEA-greedy_multi-1P']"
SMSEMOA-random_dense-1P,1.1809769081849644,"['Equivalence_Line_1: NSGA2-greedy_ting-UX to NSGA3-random_dense-UX', 'Equivalence_Line_2: NSGA2-greedy_ting-2P to NSGA2-random_dense-2P', 'Equivalence_Line_3: NSGA2-greedy_ting-1P to AGEMOEA2-random_dense-UX', 'Equivalence_Line_4: AGEMOEA2-greedy_ting-1P to AGEMOEA2-random_dense-2P', 'Equivalence_Line_5: UNSGA3-greedy_ting-2P to NSGA2-random_dense-1P', 'Equivalence_Line_6: NSGA3-greedy_ting-2P to SPEA2-random_dense-UX', 'Equivalence_Line_7: UNSGA3-greedy_ting-1P to UNSGA3-random_dense-2P', 'Equivalence_Line_8: UNSGA3-greedy_ting-HUX to AGEMOEA2-random_dense-1P', 'Equivalence_Line_9: SMSEMOA-greedy_ting-UX to UNSGA3-random_dense-1P', 'Equivalence_Line_10: SPEA2-greedy_ting-HUX to RVEA-greedy_ting-HUX', 'Equivalence_Line_11: AGEMOEA2-greedy_ting-HUX to RVEA-greedy_ting-1P', 'Equivalence_Line_12: NSGA3-random_dense-UX to RVEA-random_dense-UX', 'Equivalence_Line_13: NSGA2-random_dense-2P to RVEA-random_dense-HUX', 'Equivalence_Line_14: AGEMOEA2-random_dense-HUX to RVEA-random_dense-1P', 'Equivalence_Line_15: SPEA2-greedy_ting-2P to SPEA2-greedy_multi-HUX', 'Equivalence_Line_16: NSGA2-random_dense-1P to AGEMOEA2-greedy_multi-UX', 'Equivalence_Line_17: SPEA2-random_dense-HUX to AGEMOEA2-greedy_multi-HUX', 'Equivalence_Line_18: AGEMOEA2-random_dense-1P to NSGA3-greedy_multi-HUX', 'Equivalence_Line_19: SPEA2-random_dense-2P to NSGA2-greedy_multi-1P', 'Equivalence_Line_20: SMSEMOA-random_dense-2P to AGEMOEA2-greedy_multi-2P', 'Equivalence_Line_21: RVEA-greedy_ting-HUX to SPEA2-greedy_multi-1P', 'Equivalence_Line_22: SMSEMOA-random_dense-HUX to UNSGA3-greedy_multi-2P', 'Equivalence_Line_23: SMSEMOA-random_dense-1P to NSGA3-greedy_multi-1P', 'Equivalence_Line_24: RVEA-random_dense-2P to SMSEMOA-greedy_multi-2P', 'Equivalence_Line_25: RVEA-random_dense-HUX to SMSEMOA-greedy_multi-1P', 'Equivalence_Line_26: NSGA2-greedy_multi-HUX to RVEA-greedy_multi-1P']"
RVEA-greedy_ting-1P,1.2436324142600865,"['Equivalence_Line_1: NSGA2-greedy_ting-UX to NSGA3-random_dense-UX', 'Equivalence_Line_2: NSGA2-greedy_ting-2P to NSGA2-random_dense-2P', 'Equivalence_Line_3: NSGA2-greedy_ting-1P to AGEMOEA2-random_dense-UX', 'Equivalence_Line_4: AGEMOEA2-greedy_ting-1P to AGEMOEA2-random_dense-2P', 'Equivalence_Line_5: UNSGA3-greedy_ting-2P to NSGA2-random_dense-1P', 'Equivalence_Line_6: NSGA3-greedy_ting-2P to SPEA2-random_dense-UX', 'Equivalence_Line_7: UNSGA3-greedy_ting-1P to UNSGA3-random_dense-2P', 'Equivalence_Line_8: UNSGA3-greedy_ting-HUX to AGEMOEA2-random_dense-1P', 'Equivalence_Line_9: SMSEMOA-greedy_ting-UX to UNSGA3-random_dense-1P', 'Equivalence_Line_10: SPEA2-greedy_ting-HUX to RVEA-greedy_ting-HUX', 'Equivalence_Line_11: AGEMOEA2-greedy_ting-HUX to RVEA-greedy_ting-1P', 'Equivalence_Line_12: NSGA3-random_dense-UX to RVEA-random_dense-UX', 'Equivalence_Line_13: NSGA2-random_dense-2P to RVEA-random_dense-HUX', 'Equivalence_Line_14: AGEMOEA2-random_dense-HUX to RVEA-random_dense-1P', 'Equivalence_Line_15: SPEA2-greedy_ting-2P to SPEA2-greedy_multi-HUX', 'Equivalence_Line_16: NSGA2-random_dense-1P to AGEMOEA2-greedy_multi-UX', 'Equivalence_Line_17: SPEA2-random_dense-HUX to AGEMOEA2-greedy_multi-HUX', 'Equivalence_Line_18: AGEMOEA2-random_dense-1P to NSGA3-greedy_multi-HUX', 'Equivalence_Line_19: SPEA2-random_dense-2P to NSGA2-greedy_multi-1P', 'Equivalence_Line_20: SMSEMOA-random_dense-2P to AGEMOEA2-greedy_multi-2P', 'Equivalence_Line_21: RVEA-greedy_ting-HUX to SPEA2-greedy_multi-1P', 'Equivalence_Line_22: SMSEMOA-random_dense-HUX to UNSGA3-greedy_multi-2P', 'Equivalence_Line_23: SMSEMOA-random_dense-1P to NSGA3-greedy_multi-1P', 'Equivalence_Line_24: RVEA-random_dense-2P to SMSEMOA-greedy_multi-2P', 'Equivalence_Line_25: RVEA-random_dense-HUX to SMSEMOA-greedy_multi-1P', 'Equivalence_Line_26: NSGA2-greedy_multi-HUX to RVEA-greedy_multi-1P']"
RVEA-random_dense-2P,1.3679152950195435,"['Equivalence_Line_1: NSGA2-greedy_ting-UX to NSGA3-random_dense-UX', 'Equivalence_Line_2: NSGA2-greedy_ting-2P to NSGA2-random_dense-2P', 'Equivalence_Line_3: NSGA2-greedy_ting-1P to AGEMOEA2-random_dense-UX', 'Equivalence_Line_4: AGEMOEA2-greedy_ting-1P to AGEMOEA2-random_dense-2P', 'Equivalence_Line_5: UNSGA3-greedy_ting-2P to NSGA2-random_dense-1P', 'Equivalence_Line_6: NSGA3-greedy_ting-2P to SPEA2-random_dense-UX', 'Equivalence_Line_7: UNSGA3-greedy_ting-1P to UNSGA3-random_dense-2P', 'Equivalence_Line_8: UNSGA3-greedy_ting-HUX to AGEMOEA2-random_dense-1P', 'Equivalence_Line_9: SMSEMOA-greedy_ting-UX to UNSGA3-random_dense-1P', 'Equivalence_Line_10: SPEA2-greedy_ting-HUX to RVEA-greedy_ting-HUX', 'Equivalence_Line_11: AGEMOEA2-greedy_ting-HUX to RVEA-greedy_ting-1P', 'Equivalence_Line_12: NSGA3-random_dense-UX to RVEA-random_dense-UX', 'Equivalence_Line_13: NSGA2-random_dense-2P to RVEA-random_dense-HUX', 'Equivalence_Line_14: AGEMOEA2-random_dense-HUX to RVEA-random_dense-1P', 'Equivalence_Line_15: SPEA2-greedy_ting-2P to SPEA2-greedy_multi-HUX', 'Equivalence_Line_16: NSGA2-random_dense-1P to AGEMOEA2-greedy_multi-UX', 'Equivalence_Line_17: SPEA2-random_dense-HUX to AGEMOEA2-greedy_multi-HUX', 'Equivalence_Line_18: AGEMOEA2-random_dense-1P to NSGA3-greedy_multi-HUX', 'Equivalence_Line_19: SPEA2-random_dense-2P to NSGA2-greedy_multi-1P', 'Equivalence_Line_20: SMSEMOA-random_dense-2P to AGEMOEA2-greedy_multi-2P', 'Equivalence_Line_21: RVEA-greedy_ting-HUX to SPEA2-greedy_multi-1P', 'Equivalence_Line_22: SMSEMOA-random_dense-HUX to UNSGA3-greedy_multi-2P', 'Equivalence_Line_23: SMSEMOA-random_dense-1P to NSGA3-greedy_multi-1P', 'Equivalence_Line_24: RVEA-random_dense-2P to SMSEMOA-greedy_multi-2P', 'Equivalence_Line_25: RVEA-random_dense-HUX to SMSEMOA-greedy_multi-1P', 'Equivalence_Line_26: NSGA2-greedy_multi-HUX to RVEA-greedy_multi-1P']"
RVEA-random_dense-UX,1.36979620520765,"['Equivalence_Line_1: NSGA2-greedy_ting-UX to NSGA3-random_dense-UX', 'Equivalence_Line_2: NSGA2-greedy_ting-2P to NSGA2-random_dense-2P', 'Equivalence_Line_3: NSGA2-greedy_ting-1P to AGEMOEA2-random_dense-UX', 'Equivalence_Line_4: AGEMOEA2-greedy_ting-1P to AGEMOEA2-random_dense-2P', 'Equivalence_Line_5: UNSGA3-greedy_ting-2P to NSGA2-random_dense-1P', 'Equivalence_Line_6: NSGA3-greedy_ting-2P to SPEA2-random_dense-UX', 'Equivalence_Line_7: UNSGA3-greedy_ting-1P to UNSGA3-random_dense-2P', 'Equivalence_Line_8: UNSGA3-greedy_ting-HUX to AGEMOEA2-random_dense-1P', 'Equivalence_Line_9: SMSEMOA-greedy_ting-UX to UNSGA3-random_dense-1P', 'Equivalence_Line_10: SPEA2-greedy_ting-HUX to RVEA-greedy_ting-HUX', 'Equivalence_Line_11: AGEMOEA2-greedy_ting-HUX to RVEA-greedy_ting-1P', 'Equivalence_Line_12: NSGA3-random_dense-UX to RVEA-random_dense-UX', 'Equivalence_Line_13: NSGA2-random_dense-2P to RVEA-random_dense-HUX', 'Equivalence_Line_14: AGEMOEA2-random_dense-HUX to RVEA-random_dense-1P', 'Equivalence_Line_15: SPEA2-greedy_ting-2P to SPEA2-greedy_multi-HUX', 'Equivalence_Line_16: NSGA2-random_dense-1P to AGEMOEA2-greedy_multi-UX', 'Equivalence_Line_17: SPEA2-random_dense-HUX to AGEMOEA2-greedy_multi-HUX', 'Equivalence_Line_18: AGEMOEA2-random_dense-1P to NSGA3-greedy_multi-HUX', 'Equivalence_Line_19: SPEA2-random_dense-2P to NSGA2-greedy_multi-1P', 'Equivalence_Line_20: SMSEMOA-random_dense-2P to AGEMOEA2-greedy_multi-2P', 'Equivalence_Line_21: RVEA-greedy_ting-HUX to SPEA2-greedy_multi-1P', 'Equivalence_Line_22: SMSEMOA-random_dense-HUX to UNSGA3-greedy_multi-2P', 'Equivalence_Line_23: SMSEMOA-random_dense-1P to NSGA3-greedy_multi-1P', 'Equivalence_Line_24: RVEA-random_dense-2P to SMSEMOA-greedy_multi-2P', 'Equivalence_Line_25: RVEA-random_dense-HUX to SMSEMOA-greedy_multi-1P', 'Equivalence_Line_26: NSGA2-greedy_multi-HUX to RVEA-greedy_multi-1P']"
RVEA-greedy_ting-2P,1.3794861615581389,"['Equivalence_Line_1: NSGA2-greedy_ting-UX to NSGA3-random_dense-UX', 'Equivalence_Line_2: NSGA2-greedy_ting-2P to NSGA2-random_dense-2P', 'Equivalence_Line_3: NSGA2-greedy_ting-1P to AGEMOEA2-random_dense-UX', 'Equivalence_Line_4: AGEMOEA2-greedy_ting-1P to AGEMOEA2-random_dense-2P', 'Equivalence_Line_5: UNSGA3-greedy_ting-2P to NSGA2-random_dense-1P', 'Equivalence_Line_6: NSGA3-greedy_ting-2P to SPEA2-random_dense-UX', 'Equivalence_Line_7: UNSGA3-greedy_ting-1P to UNSGA3-random_dense-2P', 'Equivalence_Line_8: UNSGA3-greedy_ting-HUX to AGEMOEA2-random_dense-1P', 'Equivalence_Line_9: SMSEMOA-greedy_ting-UX to UNSGA3-random_dense-1P', 'Equivalence_Line_10: SPEA2-greedy_ting-HUX to RVEA-greedy_ting-HUX', 'Equivalence_Line_11: AGEMOEA2-greedy_ting-HUX to RVEA-greedy_ting-1P', 'Equivalence_Line_12: NSGA3-random_dense-UX to RVEA-random_dense-UX', 'Equivalence_Line_13: NSGA2-random_dense-2P to RVEA-random_dense-HUX', 'Equivalence_Line_14: AGEMOEA2-random_dense-HUX to RVEA-random_dense-1P', 'Equivalence_Line_15: SPEA2-greedy_ting-2P to SPEA2-greedy_multi-HUX', 'Equivalence_Line_16: NSGA2-random_dense-1P to AGEMOEA2-greedy_multi-UX', 'Equivalence_Line_17: SPEA2-random_dense-HUX to AGEMOEA2-greedy_multi-HUX', 'Equivalence_Line_18: AGEMOEA2-random_dense-1P to NSGA3-greedy_multi-HUX', 'Equivalence_Line_19: SPEA2-random_dense-2P to NSGA2-greedy_multi-1P', 'Equivalence_Line_20: SMSEMOA-random_dense-2P to AGEMOEA2-greedy_multi-2P', 'Equivalence_Line_21: RVEA-greedy_ting-HUX to SPEA2-greedy_multi-1P', 'Equivalence_Line_22: SMSEMOA-random_dense-HUX to UNSGA3-greedy_multi-2P', 'Equivalence_Line_23: SMSEMOA-random_dense-1P to NSGA3-greedy_multi-1P', 'Equivalence_Line_24: RVEA-random_dense-2P to SMSEMOA-greedy_multi-2P', 'Equivalence_Line_25: RVEA-random_dense-HUX to SMSEMOA-greedy_multi-1P', 'Equivalence_Line_26: NSGA2-greedy_multi-HUX to RVEA-greedy_multi-1P']"
RVEA-random_dense-HUX,1.3937831844880526,"['Equivalence_Line_1: NSGA2-greedy_ting-UX to NSGA3-random_dense-UX', 'Equivalence_Line_2: NSGA2-greedy_ting-2P to NSGA2-random_dense-2P', 'Equivalence_Line_3: NSGA2-greedy_ting-1P to AGEMOEA2-random_dense-UX', 'Equivalence_Line_4: AGEMOEA2-greedy_ting-1P to AGEMOEA2-random_dense-2P', 'Equivalence_Line_5: UNSGA3-greedy_ting-2P to NSGA2-random_dense-1P', 'Equivalence_Line_6: NSGA3-greedy_ting-2P to SPEA2-random_dense-UX', 'Equivalence_Line_7: UNSGA3-greedy_ting-1P to UNSGA3-random_dense-2P', 'Equivalence_Line_8: UNSGA3-greedy_ting-HUX to AGEMOEA2-random_dense-1P', 'Equivalence_Line_9: SMSEMOA-greedy_ting-UX to UNSGA3-random_dense-1P', 'Equivalence_Line_10: SPEA2-greedy_ting-HUX to RVEA-greedy_ting-HUX', 'Equivalence_Line_11: AGEMOEA2-greedy_ting-HUX to RVEA-greedy_ting-1P', 'Equivalence_Line_12: NSGA3-random_dense-UX to RVEA-random_dense-UX', 'Equivalence_Line_13: NSGA2-random_dense-2P to RVEA-random_dense-HUX', 'Equivalence_Line_14: AGEMOEA2-random_dense-HUX to RVEA-random_dense-1P', 'Equivalence_Line_15: SPEA2-greedy_ting-2P to SPEA2-greedy_multi-HUX', 'Equivalence_Line_16: NSGA2-random_dense-1P to AGEMOEA2-greedy_multi-UX', 'Equivalence_Line_17: SPEA2-random_dense-HUX to AGEMOEA2-greedy_multi-HUX', 'Equivalence_Line_18: AGEMOEA2-random_dense-1P to NSGA3-greedy_multi-HUX', 'Equivalence_Line_19: SPEA2-random_dense-2P to NSGA2-greedy_multi-1P', 'Equivalence_Line_20: SMSEMOA-random_dense-2P to AGEMOEA2-greedy_multi-2P', 'Equivalence_Line_21: RVEA-greedy_ting-HUX to SPEA2-greedy_multi-1P', 'Equivalence_Line_22: SMSEMOA-random_dense-HUX to UNSGA3-greedy_multi-2P', 'Equivalence_Line_23: SMSEMOA-random_dense-1P to NSGA3-greedy_multi-1P', 'Equivalence_Line_24: RVEA-random_dense-2P to SMSEMOA-greedy_multi-2P', 'Equivalence_Line_25: RVEA-random_dense-HUX to SMSEMOA-greedy_multi-1P', 'Equivalence_Line_26: NSGA2-greedy_multi-HUX to RVEA-greedy_multi-1P']"
RVEA-random_dense-1P,1.3961771542025463,"['Equivalence_Line_1: NSGA2-greedy_ting-UX to NSGA3-random_dense-UX', 'Equivalence_Line_2: NSGA2-greedy_ting-2P to NSGA2-random_dense-2P', 'Equivalence_Line_3: NSGA2-greedy_ting-1P to AGEMOEA2-random_dense-UX', 'Equivalence_Line_4: AGEMOEA2-greedy_ting-1P to AGEMOEA2-random_dense-2P', 'Equivalence_Line_5: UNSGA3-greedy_ting-2P to NSGA2-random_dense-1P', 'Equivalence_Line_6: NSGA3-greedy_ting-2P to SPEA2-random_dense-UX', 'Equivalence_Line_7: UNSGA3-greedy_ting-1P to UNSGA3-random_dense-2P', 'Equivalence_Line_8: UNSGA3-greedy_ting-HUX to AGEMOEA2-random_dense-1P', 'Equivalence_Line_9: SMSEMOA-greedy_ting-UX to UNSGA3-random_dense-1P', 'Equivalence_Line_10: SPEA2-greedy_ting-HUX to RVEA-greedy_ting-HUX', 'Equivalence_Line_11: AGEMOEA2-greedy_ting-HUX to RVEA-greedy_ting-1P', 'Equivalence_Line_12: NSGA3-random_dense-UX to RVEA-random_dense-UX', 'Equivalence_Line_13: NSGA2-random_dense-2P to RVEA-random_dense-HUX', 'Equivalence_Line_14: AGEMOEA2-random_dense-HUX to RVEA-random_dense-1P', 'Equivalence_Line_15: SPEA2-greedy_ting-2P to SPEA2-greedy_multi-HUX', 'Equivalence_Line_16: NSGA2-random_dense-1P to AGEMOEA2-greedy_multi-UX', 'Equivalence_Line_17: SPEA2-random_dense-HUX to AGEMOEA2-greedy_multi-HUX', 'Equivalence_Line_18: AGEMOEA2-random_dense-1P to NSGA3-greedy_multi-HUX', 'Equivalence_Line_19: SPEA2-random_dense-2P to NSGA2-greedy_multi-1P', 'Equivalence_Line_20: SMSEMOA-random_dense-2P to AGEMOEA2-greedy_multi-2P', 'Equivalence_Line_21: RVEA-greedy_ting-HUX to SPEA2-greedy_multi-1P', 'Equivalence_Line_22: SMSEMOA-random_dense-HUX to UNSGA3-greedy_multi-2P', 'Equivalence_Line_23: SMSEMOA-random_dense-1P to NSGA3-greedy_multi-1P', 'Equivalence_Line_24: RVEA-random_dense-2P to SMSEMOA-greedy_multi-2P', 'Equivalence_Line_25: RVEA-random_dense-HUX to SMSEMOA-greedy_multi-1P', 'Equivalence_Line_26: NSGA2-greedy_multi-HUX to RVEA-greedy_multi-1P']"
NSGA2-greedy_multi-HUX,1.7451461284999488,"['Equivalence_Line_1: NSGA2-greedy_ting-UX to NSGA3-random_dense-UX', 'Equivalence_Line_2: NSGA2-greedy_ting-2P to NSGA2-random_dense-2P', 'Equivalence_Line_3: NSGA2-greedy_ting-1P to AGEMOEA2-random_dense-UX', 'Equivalence_Line_4: AGEMOEA2-greedy_ting-1P to AGEMOEA2-random_dense-2P', 'Equivalence_Line_5: UNSGA3-greedy_ting-2P to NSGA2-random_dense-1P', 'Equivalence_Line_6: NSGA3-greedy_ting-2P to SPEA2-random_dense-UX', 'Equivalence_Line_7: UNSGA3-greedy_ting-1P to UNSGA3-random_dense-2P', 'Equivalence_Line_8: UNSGA3-greedy_ting-HUX to AGEMOEA2-random_dense-1P', 'Equivalence_Line_9: SMSEMOA-greedy_ting-UX to UNSGA3-random_dense-1P', 'Equivalence_Line_10: SPEA2-greedy_ting-HUX to RVEA-greedy_ting-HUX', 'Equivalence_Line_11: AGEMOEA2-greedy_ting-HUX to RVEA-greedy_ting-1P', 'Equivalence_Line_12: NSGA3-random_dense-UX to RVEA-random_dense-UX', 'Equivalence_Line_13: NSGA2-random_dense-2P to RVEA-random_dense-HUX', 'Equivalence_Line_14: AGEMOEA2-random_dense-HUX to RVEA-random_dense-1P', 'Equivalence_Line_15: SPEA2-greedy_ting-2P to SPEA2-greedy_multi-HUX', 'Equivalence_Line_16: NSGA2-random_dense-1P to AGEMOEA2-greedy_multi-UX', 'Equivalence_Line_17: SPEA2-random_dense-HUX to AGEMOEA2-greedy_multi-HUX', 'Equivalence_Line_18: AGEMOEA2-random_dense-1P to NSGA3-greedy_multi-HUX', 'Equivalence_Line_19: SPEA2-random_dense-2P to NSGA2-greedy_multi-1P', 'Equivalence_Line_20: SMSEMOA-random_dense-2P to AGEMOEA2-greedy_multi-2P', 'Equivalence_Line_21: RVEA-greedy_ting-HUX to SPEA2-greedy_multi-1P', 'Equivalence_Line_22: SMSEMOA-random_dense-HUX to UNSGA3-greedy_multi-2P', 'Equivalence_Line_23: SMSEMOA-random_dense-1P to NSGA3-greedy_multi-1P', 'Equivalence_Line_24: RVEA-random_dense-2P to SMSEMOA-greedy_multi-2P', 'Equivalence_Line_25: RVEA-random_dense-HUX to SMSEMOA-greedy_multi-1P', 'Equivalence_Line_26: NSGA2-greedy_multi-HUX to RVEA-greedy_multi-1P']"
NSGA2-greedy_multi-UX,1.7475453773339116,"['Equivalence_Line_1: NSGA2-greedy_ting-UX to NSGA3-random_dense-UX', 'Equivalence_Line_2: NSGA2-greedy_ting-2P to NSGA2-random_dense-2P', 'Equivalence_Line_3: NSGA2-greedy_ting-1P to AGEMOEA2-random_dense-UX', 'Equivalence_Line_4: AGEMOEA2-greedy_ting-1P to AGEMOEA2-random_dense-2P', 'Equivalence_Line_5: UNSGA3-greedy_ting-2P to NSGA2-random_dense-1P', 'Equivalence_Line_6: NSGA3-greedy_ting-2P to SPEA2-random_dense-UX', 'Equivalence_Line_7: UNSGA3-greedy_ting-1P to UNSGA3-random_dense-2P', 'Equivalence_Line_8: UNSGA3-greedy_ting-HUX to AGEMOEA2-random_dense-1P', 'Equivalence_Line_9: SMSEMOA-greedy_ting-UX to UNSGA3-random_dense-1P', 'Equivalence_Line_10: SPEA2-greedy_ting-HUX to RVEA-greedy_ting-HUX', 'Equivalence_Line_11: AGEMOEA2-greedy_ting-HUX to RVEA-greedy_ting-1P', 'Equivalence_Line_12: NSGA3-random_dense-UX to RVEA-random_dense-UX', 'Equivalence_Line_13: NSGA2-random_dense-2P to RVEA-random_dense-HUX', 'Equivalence_Line_14: AGEMOEA2-random_dense-HUX to RVEA-random_dense-1P', 'Equivalence_Line_15: SPEA2-greedy_ting-2P to SPEA2-greedy_multi-HUX', 'Equivalence_Line_16: NSGA2-random_dense-1P to AGEMOEA2-greedy_multi-UX', 'Equivalence_Line_17: SPEA2-random_dense-HUX to AGEMOEA2-greedy_multi-HUX', 'Equivalence_Line_18: AGEMOEA2-random_dense-1P to NSGA3-greedy_multi-HUX', 'Equivalence_Line_19: SPEA2-random_dense-2P to NSGA2-greedy_multi-1P', 'Equivalence_Line_20: SMSEMOA-random_dense-2P to AGEMOEA2-greedy_multi-2P', 'Equivalence_Line_21: RVEA-greedy_ting-HUX to SPEA2-greedy_multi-1P', 'Equivalence_Line_22: SMSEMOA-random_dense-HUX to UNSGA3-greedy_multi-2P', 'Equivalence_Line_23: SMSEMOA-random_dense-1P to NSGA3-greedy_multi-1P', 'Equivalence_Line_24: RVEA-random_dense-2P to SMSEMOA-greedy_multi-2P', 'Equivalence_Line_25: RVEA-random_dense-HUX to SMSEMOA-greedy_multi-1P', 'Equivalence_Line_26: NSGA2-greedy_multi-HUX to RVEA-greedy_multi-1P']"
SPEA2-greedy_multi-HUX,1.7517711284824167,"['Equivalence_Line_1: NSGA2-greedy_ting-UX to NSGA3-random_dense-UX', 'Equivalence_Line_2: NSGA2-greedy_ting-2P to NSGA2-random_dense-2P', 'Equivalence_Line_3: NSGA2-greedy_ting-1P to AGEMOEA2-random_dense-UX', 'Equivalence_Line_4: AGEMOEA2-greedy_ting-1P to AGEMOEA2-random_dense-2P', 'Equivalence_Line_5: UNSGA3-greedy_ting-2P to NSGA2-random_dense-1P', 'Equivalence_Line_6: NSGA3-greedy_ting-2P to SPEA2-random_dense-UX', 'Equivalence_Line_7: UNSGA3-greedy_ting-1P to UNSGA3-random_dense-2P', 'Equivalence_Line_8: UNSGA3-greedy_ting-HUX to AGEMOEA2-random_dense-1P', 'Equivalence_Line_9: SMSEMOA-greedy_ting-UX to UNSGA3-random_dense-1P', 'Equivalence_Line_10: SPEA2-greedy_ting-HUX to RVEA-greedy_ting-HUX', 'Equivalence_Line_11: AGEMOEA2-greedy_ting-HUX to RVEA-greedy_ting-1P', 'Equivalence_Line_12: NSGA3-random_dense-UX to RVEA-random_dense-UX', 'Equivalence_Line_13: NSGA2-random_dense-2P to RVEA-random_dense-HUX', 'Equivalence_Line_14: AGEMOEA2-random_dense-HUX to RVEA-random_dense-1P', 'Equivalence_Line_15: SPEA2-greedy_ting-2P to SPEA2-greedy_multi-HUX', 'Equivalence_Line_16: NSGA2-random_dense-1P to AGEMOEA2-greedy_multi-UX', 'Equivalence_Line_17: SPEA2-random_dense-HUX to AGEMOEA2-greedy_multi-HUX', 'Equivalence_Line_18: AGEMOEA2-random_dense-1P to NSGA3-greedy_multi-HUX', 'Equivalence_Line_19: SPEA2-random_dense-2P to NSGA2-greedy_multi-1P', 'Equivalence_Line_20: SMSEMOA-random_dense-2P to AGEMOEA2-greedy_multi-2P', 'Equivalence_Line_21: RVEA-greedy_ting-HUX to SPEA2-greedy_multi-1P', 'Equivalence_Line_22: SMSEMOA-random_dense-HUX to UNSGA3-greedy_multi-2P', 'Equivalence_Line_23: SMSEMOA-random_dense-1P to NSGA3-greedy_multi-1P', 'Equivalence_Line_24: RVEA-random_dense-2P to SMSEMOA-greedy_multi-2P', 'Equivalence_Line_25: RVEA-random_dense-HUX to SMSEMOA-greedy_multi-1P', 'Equivalence_Line_26: NSGA2-greedy_multi-HUX to RVEA-greedy_multi-1P']"
SPEA2-greedy_multi-UX,1.7647245116544863,"['Equivalence_Line_1: NSGA2-greedy_ting-UX to NSGA3-random_dense-UX', 'Equivalence_Line_2: NSGA2-greedy_ting-2P to NSGA2-random_dense-2P', 'Equivalence_Line_3: NSGA2-greedy_ting-1P to AGEMOEA2-random_dense-UX', 'Equivalence_Line_4: AGEMOEA2-greedy_ting-1P to AGEMOEA2-random_dense-2P', 'Equivalence_Line_5: UNSGA3-greedy_ting-2P to NSGA2-random_dense-1P', 'Equivalence_Line_6: NSGA3-greedy_ting-2P to SPEA2-random_dense-UX', 'Equivalence_Line_7: UNSGA3-greedy_ting-1P to UNSGA3-random_dense-2P', 'Equivalence_Line_8: UNSGA3-greedy_ting-HUX to AGEMOEA2-random_dense-1P', 'Equivalence_Line_9: SMSEMOA-greedy_ting-UX to UNSGA3-random_dense-1P', 'Equivalence_Line_10: SPEA2-greedy_ting-HUX to RVEA-greedy_ting-HUX', 'Equivalence_Line_11: AGEMOEA2-greedy_ting-HUX to RVEA-greedy_ting-1P', 'Equivalence_Line_12: NSGA3-random_dense-UX to RVEA-random_dense-UX', 'Equivalence_Line_13: NSGA2-random_dense-2P to RVEA-random_dense-HUX', 'Equivalence_Line_14: AGEMOEA2-random_dense-HUX to RVEA-random_dense-1P', 'Equivalence_Line_15: SPEA2-greedy_ting-2P to SPEA2-greedy_multi-HUX', 'Equivalence_Line_16: NSGA2-random_dense-1P to AGEMOEA2-greedy_multi-UX', 'Equivalence_Line_17: SPEA2-random_dense-HUX to AGEMOEA2-greedy_multi-HUX', 'Equivalence_Line_18: AGEMOEA2-random_dense-1P to NSGA3-greedy_multi-HUX', 'Equivalence_Line_19: SPEA2-random_dense-2P to NSGA2-greedy_multi-1P', 'Equivalence_Line_20: SMSEMOA-random_dense-2P to AGEMOEA2-greedy_multi-2P', 'Equivalence_Line_21: RVEA-greedy_ting-HUX to SPEA2-greedy_multi-1P', 'Equivalence_Line_22: SMSEMOA-random_dense-HUX to UNSGA3-greedy_multi-2P', 'Equivalence_Line_23: SMSEMOA-random_dense-1P to NSGA3-greedy_multi-1P', 'Equivalence_Line_24: RVEA-random_dense-2P to SMSEMOA-greedy_multi-2P', 'Equivalence_Line_25: RVEA-random_dense-HUX to SMSEMOA-greedy_multi-1P', 'Equivalence_Line_26: NSGA2-greedy_multi-HUX to RVEA-greedy_multi-1P']"
AGEMOEA2-greedy_multi-UX,1.7763137076699576,"['Equivalence_Line_1: NSGA2-greedy_ting-UX to NSGA3-random_dense-UX', 'Equivalence_Line_2: NSGA2-greedy_ting-2P to NSGA2-random_dense-2P', 'Equivalence_Line_3: NSGA2-greedy_ting-1P to AGEMOEA2-random_dense-UX', 'Equivalence_Line_4: AGEMOEA2-greedy_ting-1P to AGEMOEA2-random_dense-2P', 'Equivalence_Line_5: UNSGA3-greedy_ting-2P to NSGA2-random_dense-1P', 'Equivalence_Line_6: NSGA3-greedy_ting-2P to SPEA2-random_dense-UX', 'Equivalence_Line_7: UNSGA3-greedy_ting-1P to UNSGA3-random_dense-2P', 'Equivalence_Line_8: UNSGA3-greedy_ting-HUX to AGEMOEA2-random_dense-1P', 'Equivalence_Line_9: SMSEMOA-greedy_ting-UX to UNSGA3-random_dense-1P', 'Equivalence_Line_10: SPEA2-greedy_ting-HUX to RVEA-greedy_ting-HUX', 'Equivalence_Line_11: AGEMOEA2-greedy_ting-HUX to RVEA-greedy_ting-1P', 'Equivalence_Line_12: NSGA3-random_dense-UX to RVEA-random_dense-UX', 'Equivalence_Line_13: NSGA2-random_dense-2P to RVEA-random_dense-HUX', 'Equivalence_Line_14: AGEMOEA2-random_dense-HUX to RVEA-random_dense-1P', 'Equivalence_Line_15: SPEA2-greedy_ting-2P to SPEA2-greedy_multi-HUX', 'Equivalence_Line_16: NSGA2-random_dense-1P to AGEMOEA2-greedy_multi-UX', 'Equivalence_Line_17: SPEA2-random_dense-HUX to AGEMOEA2-greedy_multi-HUX', 'Equivalence_Line_18: AGEMOEA2-random_dense-1P to NSGA3-greedy_multi-HUX', 'Equivalence_Line_19: SPEA2-random_dense-2P to NSGA2-greedy_multi-1P', 'Equivalence_Line_20: SMSEMOA-random_dense-2P to AGEMOEA2-greedy_multi-2P', 'Equivalence_Line_21: RVEA-greedy_ting-HUX to SPEA2-greedy_multi-1P', 'Equivalence_Line_22: SMSEMOA-random_dense-HUX to UNSGA3-greedy_multi-2P', 'Equivalence_Line_23: SMSEMOA-random_dense-1P to NSGA3-greedy_multi-1P', 'Equivalence_Line_24: RVEA-random_dense-2P to SMSEMOA-greedy_multi-2P', 'Equivalence_Line_25: RVEA-random_dense-HUX to SMSEMOA-greedy_multi-1P', 'Equivalence_Line_26: NSGA2-greedy_multi-HUX to RVEA-greedy_multi-1P']"
AGEMOEA2-greedy_multi-HUX,1.7770994241383922,"['Equivalence_Line_1: NSGA2-greedy_ting-UX to NSGA3-random_dense-UX', 'Equivalence_Line_2: NSGA2-greedy_ting-2P to NSGA2-random_dense-2P', 'Equivalence_Line_3: NSGA2-greedy_ting-1P to AGEMOEA2-random_dense-UX', 'Equivalence_Line_4: AGEMOEA2-greedy_ting-1P to AGEMOEA2-random_dense-2P', 'Equivalence_Line_5: UNSGA3-greedy_ting-2P to NSGA2-random_dense-1P', 'Equivalence_Line_6: NSGA3-greedy_ting-2P to SPEA2-random_dense-UX', 'Equivalence_Line_7: UNSGA3-greedy_ting-1P to UNSGA3-random_dense-2P', 'Equivalence_Line_8: UNSGA3-greedy_ting-HUX to AGEMOEA2-random_dense-1P', 'Equivalence_Line_9: SMSEMOA-greedy_ting-UX to UNSGA3-random_dense-1P', 'Equivalence_Line_10: SPEA2-greedy_ting-HUX to RVEA-greedy_ting-HUX', 'Equivalence_Line_11: AGEMOEA2-greedy_ting-HUX to RVEA-greedy_ting-1P', 'Equivalence_Line_12: NSGA3-random_dense-UX to RVEA-random_dense-UX', 'Equivalence_Line_13: NSGA2-random_dense-2P to RVEA-random_dense-HUX', 'Equivalence_Line_14: AGEMOEA2-random_dense-HUX to RVEA-random_dense-1P', 'Equivalence_Line_15: SPEA2-greedy_ting-2P to SPEA2-greedy_multi-HUX', 'Equivalence_Line_16: NSGA2-random_dense-1P to AGEMOEA2-greedy_multi-UX', 'Equivalence_Line_17: SPEA2-random_dense-HUX to AGEMOEA2-greedy_multi-HUX', 'Equivalence_Line_18: AGEMOEA2-random_dense-1P to NSGA3-greedy_multi-HUX', 'Equivalence_Line_19: SPEA2-random_dense-2P to NSGA2-greedy_multi-1P', 'Equivalence_Line_20: SMSEMOA-random_dense-2P to AGEMOEA2-greedy_multi-2P', 'Equivalence_Line_21: RVEA-greedy_ting-HUX to SPEA2-greedy_multi-1P', 'Equivalence_Line_22: SMSEMOA-random_dense-HUX to UNSGA3-greedy_multi-2P', 'Equivalence_Line_23: SMSEMOA-random_dense-1P to NSGA3-greedy_multi-1P', 'Equivalence_Line_24: RVEA-random_dense-2P to SMSEMOA-greedy_multi-2P', 'Equivalence_Line_25: RVEA-random_dense-HUX to SMSEMOA-greedy_multi-1P', 'Equivalence_Line_26: NSGA2-greedy_multi-HUX to RVEA-greedy_multi-1P']"
NSGA2-greedy_multi-2P,1.7969398018917415,"['Equivalence_Line_1: NSGA2-greedy_ting-UX to NSGA3-random_dense-UX', 'Equivalence_Line_2: NSGA2-greedy_ting-2P to NSGA2-random_dense-2P', 'Equivalence_Line_3: NSGA2-greedy_ting-1P to AGEMOEA2-random_dense-UX', 'Equivalence_Line_4: AGEMOEA2-greedy_ting-1P to AGEMOEA2-random_dense-2P', 'Equivalence_Line_5: UNSGA3-greedy_ting-2P to NSGA2-random_dense-1P', 'Equivalence_Line_6: NSGA3-greedy_ting-2P to SPEA2-random_dense-UX', 'Equivalence_Line_7: UNSGA3-greedy_ting-1P to UNSGA3-random_dense-2P', 'Equivalence_Line_8: UNSGA3-greedy_ting-HUX to AGEMOEA2-random_dense-1P', 'Equivalence_Line_9: SMSEMOA-greedy_ting-UX to UNSGA3-random_dense-1P', 'Equivalence_Line_10: SPEA2-greedy_ting-HUX to RVEA-greedy_ting-HUX', 'Equivalence_Line_11: AGEMOEA2-greedy_ting-HUX to RVEA-greedy_ting-1P', 'Equivalence_Line_12: NSGA3-random_dense-UX to RVEA-random_dense-UX', 'Equivalence_Line_13: NSGA2-random_dense-2P to RVEA-random_dense-HUX', 'Equivalence_Line_14: AGEMOEA2-random_dense-HUX to RVEA-random_dense-1P', 'Equivalence_Line_15: SPEA2-greedy_ting-2P to SPEA2-greedy_multi-HUX', 'Equivalence_Line_16: NSGA2-random_dense-1P to AGEMOEA2-greedy_multi-UX', 'Equivalence_Line_17: SPEA2-random_dense-HUX to AGEMOEA2-greedy_multi-HUX', 'Equivalence_Line_18: AGEMOEA2-random_dense-1P to NSGA3-greedy_multi-HUX', 'Equivalence_Line_19: SPEA2-random_dense-2P to NSGA2-greedy_multi-1P', 'Equivalence_Line_20: SMSEMOA-random_dense-2P to AGEMOEA2-greedy_multi-2P', 'Equivalence_Line_21: RVEA-greedy_ting-HUX to SPEA2-greedy_multi-1P', 'Equivalence_Line_22: SMSEMOA-random_dense-HUX to UNSGA3-greedy_multi-2P', 'Equivalence_Line_23: SMSEMOA-random_dense-1P to NSGA3-greedy_multi-1P', 'Equivalence_Line_24: RVEA-random_dense-2P to SMSEMOA-greedy_multi-2P', 'Equivalence_Line_25: RVEA-random_dense-HUX to SMSEMOA-greedy_multi-1P', 'Equivalence_Line_26: NSGA2-greedy_multi-HUX to RVEA-greedy_multi-1P']"
UNSGA3-greedy_multi-UX,1.799252561173658,"['Equivalence_Line_1: NSGA2-greedy_ting-UX to NSGA3-random_dense-UX', 'Equivalence_Line_2: NSGA2-greedy_ting-2P to NSGA2-random_dense-2P', 'Equivalence_Line_3: NSGA2-greedy_ting-1P to AGEMOEA2-random_dense-UX', 'Equivalence_Line_4: AGEMOEA2-greedy_ting-1P to AGEMOEA2-random_dense-2P', 'Equivalence_Line_5: UNSGA3-greedy_ting-2P to NSGA2-random_dense-1P', 'Equivalence_Line_6: NSGA3-greedy_ting-2P to SPEA2-random_dense-UX', 'Equivalence_Line_7: UNSGA3-greedy_ting-1P to UNSGA3-random_dense-2P', 'Equivalence_Line_8: UNSGA3-greedy_ting-HUX to AGEMOEA2-random_dense-1P', 'Equivalence_Line_9: SMSEMOA-greedy_ting-UX to UNSGA3-random_dense-1P', 'Equivalence_Line_10: SPEA2-greedy_ting-HUX to RVEA-greedy_ting-HUX', 'Equivalence_Line_11: AGEMOEA2-greedy_ting-HUX to RVEA-greedy_ting-1P', 'Equivalence_Line_12: NSGA3-random_dense-UX to RVEA-random_dense-UX', 'Equivalence_Line_13: NSGA2-random_dense-2P to RVEA-random_dense-HUX', 'Equivalence_Line_14: AGEMOEA2-random_dense-HUX to RVEA-random_dense-1P', 'Equivalence_Line_15: SPEA2-greedy_ting-2P to SPEA2-greedy_multi-HUX', 'Equivalence_Line_16: NSGA2-random_dense-1P to AGEMOEA2-greedy_multi-UX', 'Equivalence_Line_17: SPEA2-random_dense-HUX to AGEMOEA2-greedy_multi-HUX', 'Equivalence_Line_18: AGEMOEA2-random_dense-1P to NSGA3-greedy_multi-HUX', 'Equivalence_Line_19: SPEA2-random_dense-2P to NSGA2-greedy_multi-1P', 'Equivalence_Line_20: SMSEMOA-random_dense-2P to AGEMOEA2-greedy_multi-2P', 'Equivalence_Line_21: RVEA-greedy_ting-HUX to SPEA2-greedy_multi-1P', 'Equivalence_Line_22: SMSEMOA-random_dense-HUX to UNSGA3-greedy_multi-2P', 'Equivalence_Line_23: SMSEMOA-random_dense-1P to NSGA3-greedy_multi-1P', 'Equivalence_Line_24: RVEA-random_dense-2P to SMSEMOA-greedy_multi-2P', 'Equivalence_Line_25: RVEA-random_dense-HUX to SMSEMOA-greedy_multi-1P', 'Equivalence_Line_26: NSGA2-greedy_multi-HUX to RVEA-greedy_multi-1P']"
NSGA3-greedy_multi-HUX,1.8020488451471772,"['Equivalence_Line_1: NSGA2-greedy_ting-UX to NSGA3-random_dense-UX', 'Equivalence_Line_2: NSGA2-greedy_ting-2P to NSGA2-random_dense-2P', 'Equivalence_Line_3: NSGA2-greedy_ting-1P to AGEMOEA2-random_dense-UX', 'Equivalence_Line_4: AGEMOEA2-greedy_ting-1P to AGEMOEA2-random_dense-2P', 'Equivalence_Line_5: UNSGA3-greedy_ting-2P to NSGA2-random_dense-1P', 'Equivalence_Line_6: NSGA3-greedy_ting-2P to SPEA2-random_dense-UX', 'Equivalence_Line_7: UNSGA3-greedy_ting-1P to UNSGA3-random_dense-2P', 'Equivalence_Line_8: UNSGA3-greedy_ting-HUX to AGEMOEA2-random_dense-1P', 'Equivalence_Line_9: SMSEMOA-greedy_ting-UX to UNSGA3-random_dense-1P', 'Equivalence_Line_10: SPEA2-greedy_ting-HUX to RVEA-greedy_ting-HUX', 'Equivalence_Line_11: AGEMOEA2-greedy_ting-HUX to RVEA-greedy_ting-1P', 'Equivalence_Line_12: NSGA3-random_dense-UX to RVEA-random_dense-UX', 'Equivalence_Line_13: NSGA2-random_dense-2P to RVEA-random_dense-HUX', 'Equivalence_Line_14: AGEMOEA2-random_dense-HUX to RVEA-random_dense-1P', 'Equivalence_Line_15: SPEA2-greedy_ting-2P to SPEA2-greedy_multi-HUX', 'Equivalence_Line_16: NSGA2-random_dense-1P to AGEMOEA2-greedy_multi-UX', 'Equivalence_Line_17: SPEA2-random_dense-HUX to AGEMOEA2-greedy_multi-HUX', 'Equivalence_Line_18: AGEMOEA2-random_dense-1P to NSGA3-greedy_multi-HUX', 'Equivalence_Line_19: SPEA2-random_dense-2P to NSGA2-greedy_multi-1P', 'Equivalence_Line_20: SMSEMOA-random_dense-2P to AGEMOEA2-greedy_multi-2P', 'Equivalence_Line_21: RVEA-greedy_ting-HUX to SPEA2-greedy_multi-1P', 'Equivalence_Line_22: SMSEMOA-random_dense-HUX to UNSGA3-greedy_multi-2P', 'Equivalence_Line_23: SMSEMOA-random_dense-1P to NSGA3-greedy_multi-1P', 'Equivalence_Line_24: RVEA-random_dense-2P to SMSEMOA-greedy_multi-2P', 'Equivalence_Line_25: RVEA-random_dense-HUX to SMSEMOA-greedy_multi-1P', 'Equivalence_Line_26: NSGA2-greedy_multi-HUX to RVEA-greedy_multi-1P']"
UNSGA3-greedy_multi-HUX,1.8079816236593853,"['Equivalence_Line_1: NSGA2-greedy_ting-UX to NSGA3-random_dense-UX', 'Equivalence_Line_2: NSGA2-greedy_ting-2P to NSGA2-random_dense-2P', 'Equivalence_Line_3: NSGA2-greedy_ting-1P to AGEMOEA2-random_dense-UX', 'Equivalence_Line_4: AGEMOEA2-greedy_ting-1P to AGEMOEA2-random_dense-2P', 'Equivalence_Line_5: UNSGA3-greedy_ting-2P to NSGA2-random_dense-1P', 'Equivalence_Line_6: NSGA3-greedy_ting-2P to SPEA2-random_dense-UX', 'Equivalence_Line_7: UNSGA3-greedy_ting-1P to UNSGA3-random_dense-2P', 'Equivalence_Line_8: UNSGA3-greedy_ting-HUX to AGEMOEA2-random_dense-1P', 'Equivalence_Line_9: SMSEMOA-greedy_ting-UX to UNSGA3-random_dense-1P', 'Equivalence_Line_10: SPEA2-greedy_ting-HUX to RVEA-greedy_ting-HUX', 'Equivalence_Line_11: AGEMOEA2-greedy_ting-HUX to RVEA-greedy_ting-1P', 'Equivalence_Line_12: NSGA3-random_dense-UX to RVEA-random_dense-UX', 'Equivalence_Line_13: NSGA2-random_dense-2P to RVEA-random_dense-HUX', 'Equivalence_Line_14: AGEMOEA2-random_dense-HUX to RVEA-random_dense-1P', 'Equivalence_Line_15: SPEA2-greedy_ting-2P to SPEA2-greedy_multi-HUX', 'Equivalence_Line_16: NSGA2-random_dense-1P to AGEMOEA2-greedy_multi-UX', 'Equivalence_Line_17: SPEA2-random_dense-HUX to AGEMOEA2-greedy_multi-HUX', 'Equivalence_Line_18: AGEMOEA2-random_dense-1P to NSGA3-greedy_multi-HUX', 'Equivalence_Line_19: SPEA2-random_dense-2P to NSGA2-greedy_multi-1P', 'Equivalence_Line_20: SMSEMOA-random_dense-2P to AGEMOEA2-greedy_multi-2P', 'Equivalence_Line_21: RVEA-greedy_ting-HUX to SPEA2-greedy_multi-1P', 'Equivalence_Line_22: SMSEMOA-random_dense-HUX to UNSGA3-greedy_multi-2P', 'Equivalence_Line_23: SMSEMOA-random_dense-1P to NSGA3-greedy_multi-1P', 'Equivalence_Line_24: RVEA-random_dense-2P to SMSEMOA-greedy_multi-2P', 'Equivalence_Line_25: RVEA-random_dense-HUX to SMSEMOA-greedy_multi-1P', 'Equivalence_Line_26: NSGA2-greedy_multi-HUX to RVEA-greedy_multi-1P']"
NSGA3-greedy_multi-UX,1.8093729720647331,"['Equivalence_Line_1: NSGA2-greedy_ting-UX to NSGA3-random_dense-UX', 'Equivalence_Line_2: NSGA2-greedy_ting-2P to NSGA2-random_dense-2P', 'Equivalence_Line_3: NSGA2-greedy_ting-1P to AGEMOEA2-random_dense-UX', 'Equivalence_Line_4: AGEMOEA2-greedy_ting-1P to AGEMOEA2-random_dense-2P', 'Equivalence_Line_5: UNSGA3-greedy_ting-2P to NSGA2-random_dense-1P', 'Equivalence_Line_6: NSGA3-greedy_ting-2P to SPEA2-random_dense-UX', 'Equivalence_Line_7: UNSGA3-greedy_ting-1P to UNSGA3-random_dense-2P', 'Equivalence_Line_8: UNSGA3-greedy_ting-HUX to AGEMOEA2-random_dense-1P', 'Equivalence_Line_9: SMSEMOA-greedy_ting-UX to UNSGA3-random_dense-1P', 'Equivalence_Line_10: SPEA2-greedy_ting-HUX to RVEA-greedy_ting-HUX', 'Equivalence_Line_11: AGEMOEA2-greedy_ting-HUX to RVEA-greedy_ting-1P', 'Equivalence_Line_12: NSGA3-random_dense-UX to RVEA-random_dense-UX', 'Equivalence_Line_13: NSGA2-random_dense-2P to RVEA-random_dense-HUX', 'Equivalence_Line_14: AGEMOEA2-random_dense-HUX to RVEA-random_dense-1P', 'Equivalence_Line_15: SPEA2-greedy_ting-2P to SPEA2-greedy_multi-HUX', 'Equivalence_Line_16: NSGA2-random_dense-1P to AGEMOEA2-greedy_multi-UX', 'Equivalence_Line_17: SPEA2-random_dense-HUX to AGEMOEA2-greedy_multi-HUX', 'Equivalence_Line_18: AGEMOEA2-random_dense-1P to NSGA3-greedy_multi-HUX', 'Equivalence_Line_19: SPEA2-random_dense-2P to NSGA2-greedy_multi-1P', 'Equivalence_Line_20: SMSEMOA-random_dense-2P to AGEMOEA2-greedy_multi-2P', 'Equivalence_Line_21: RVEA-greedy_ting-HUX to SPEA2-greedy_multi-1P', 'Equivalence_Line_22: SMSEMOA-random_dense-HUX to UNSGA3-greedy_multi-2P', 'Equivalence_Line_23: SMSEMOA-random_dense-1P to NSGA3-greedy_multi-1P', 'Equivalence_Line_24: RVEA-random_dense-2P to SMSEMOA-greedy_multi-2P', 'Equivalence_Line_25: RVEA-random_dense-HUX to SMSEMOA-greedy_multi-1P', 'Equivalence_Line_26: NSGA2-greedy_multi-HUX to RVEA-greedy_multi-1P']"
NSGA2-greedy_multi-1P,1.811143863794663,"['Equivalence_Line_1: NSGA2-greedy_ting-UX to NSGA3-random_dense-UX', 'Equivalence_Line_2: NSGA2-greedy_ting-2P to NSGA2-random_dense-2P', 'Equivalence_Line_3: NSGA2-greedy_ting-1P to AGEMOEA2-random_dense-UX', 'Equivalence_Line_4: AGEMOEA2-greedy_ting-1P to AGEMOEA2-random_dense-2P', 'Equivalence_Line_5: UNSGA3-greedy_ting-2P to NSGA2-random_dense-1P', 'Equivalence_Line_6: NSGA3-greedy_ting-2P to SPEA2-random_dense-UX', 'Equivalence_Line_7: UNSGA3-greedy_ting-1P to UNSGA3-random_dense-2P', 'Equivalence_Line_8: UNSGA3-greedy_ting-HUX to AGEMOEA2-random_dense-1P', 'Equivalence_Line_9: SMSEMOA-greedy_ting-UX to UNSGA3-random_dense-1P', 'Equivalence_Line_10: SPEA2-greedy_ting-HUX to RVEA-greedy_ting-HUX', 'Equivalence_Line_11: AGEMOEA2-greedy_ting-HUX to RVEA-greedy_ting-1P', 'Equivalence_Line_12: NSGA3-random_dense-UX to RVEA-random_dense-UX', 'Equivalence_Line_13: NSGA2-random_dense-2P to RVEA-random_dense-HUX', 'Equivalence_Line_14: AGEMOEA2-random_dense-HUX to RVEA-random_dense-1P', 'Equivalence_Line_15: SPEA2-greedy_ting-2P to SPEA2-greedy_multi-HUX', 'Equivalence_Line_16: NSGA2-random_dense-1P to AGEMOEA2-greedy_multi-UX', 'Equivalence_Line_17: SPEA2-random_dense-HUX to AGEMOEA2-greedy_multi-HUX', 'Equivalence_Line_18: AGEMOEA2-random_dense-1P to NSGA3-greedy_multi-HUX', 'Equivalence_Line_19: SPEA2-random_dense-2P to NSGA2-greedy_multi-1P', 'Equivalence_Line_20: SMSEMOA-random_dense-2P to AGEMOEA2-greedy_multi-2P', 'Equivalence_Line_21: RVEA-greedy_ting-HUX to SPEA2-greedy_multi-1P', 'Equivalence_Line_22: SMSEMOA-random_dense-HUX to UNSGA3-greedy_multi-2P', 'Equivalence_Line_23: SMSEMOA-random_dense-1P to NSGA3-greedy_multi-1P', 'Equivalence_Line_24: RVEA-random_dense-2P to SMSEMOA-greedy_multi-2P', 'Equivalence_Line_25: RVEA-random_dense-HUX to SMSEMOA-greedy_multi-1P', 'Equivalence_Line_26: NSGA2-greedy_multi-HUX to RVEA-greedy_multi-1P']"
AGEMOEA2-greedy_multi-2P,1.8248964351033046,"['Equivalence_Line_1: NSGA2-greedy_ting-UX to NSGA3-random_dense-UX', 'Equivalence_Line_2: NSGA2-greedy_ting-2P to NSGA2-random_dense-2P', 'Equivalence_Line_3: NSGA2-greedy_ting-1P to AGEMOEA2-random_dense-UX', 'Equivalence_Line_4: AGEMOEA2-greedy_ting-1P to AGEMOEA2-random_dense-2P', 'Equivalence_Line_5: UNSGA3-greedy_ting-2P to NSGA2-random_dense-1P', 'Equivalence_Line_6: NSGA3-greedy_ting-2P to SPEA2-random_dense-UX', 'Equivalence_Line_7: UNSGA3-greedy_ting-1P to UNSGA3-random_dense-2P', 'Equivalence_Line_8: UNSGA3-greedy_ting-HUX to AGEMOEA2-random_dense-1P', 'Equivalence_Line_9: SMSEMOA-greedy_ting-UX to UNSGA3-random_dense-1P', 'Equivalence_Line_10: SPEA2-greedy_ting-HUX to RVEA-greedy_ting-HUX', 'Equivalence_Line_11: AGEMOEA2-greedy_ting-HUX to RVEA-greedy_ting-1P', 'Equivalence_Line_12: NSGA3-random_dense-UX to RVEA-random_dense-UX', 'Equivalence_Line_13: NSGA2-random_dense-2P to RVEA-random_dense-HUX', 'Equivalence_Line_14: AGEMOEA2-random_dense-HUX to RVEA-random_dense-1P', 'Equivalence_Line_15: SPEA2-greedy_ting-2P to SPEA2-greedy_multi-HUX', 'Equivalence_Line_16: NSGA2-random_dense-1P to AGEMOEA2-greedy_multi-UX', 'Equivalence_Line_17: SPEA2-random_dense-HUX to AGEMOEA2-greedy_multi-HUX', 'Equivalence_Line_18: AGEMOEA2-random_dense-1P to NSGA3-greedy_multi-HUX', 'Equivalence_Line_19: SPEA2-random_dense-2P to NSGA2-greedy_multi-1P', 'Equivalence_Line_20: SMSEMOA-random_dense-2P to AGEMOEA2-greedy_multi-2P', 'Equivalence_Line_21: RVEA-greedy_ting-HUX to SPEA2-greedy_multi-1P', 'Equivalence_Line_22: SMSEMOA-random_dense-HUX to UNSGA3-greedy_multi-2P', 'Equivalence_Line_23: SMSEMOA-random_dense-1P to NSGA3-greedy_multi-1P', 'Equivalence_Line_24: RVEA-random_dense-2P to SMSEMOA-greedy_multi-2P', 'Equivalence_Line_25: RVEA-random_dense-HUX to SMSEMOA-greedy_multi-1P', 'Equivalence_Line_26: NSGA2-greedy_multi-HUX to RVEA-greedy_multi-1P']"
SPEA2-greedy_multi-2P,1.828874854288405,"['Equivalence_Line_1: NSGA2-greedy_ting-UX to NSGA3-random_dense-UX', 'Equivalence_Line_2: NSGA2-greedy_ting-2P to NSGA2-random_dense-2P', 'Equivalence_Line_3: NSGA2-greedy_ting-1P to AGEMOEA2-random_dense-UX', 'Equivalence_Line_4: AGEMOEA2-greedy_ting-1P to AGEMOEA2-random_dense-2P', 'Equivalence_Line_5: UNSGA3-greedy_ting-2P to NSGA2-random_dense-1P', 'Equivalence_Line_6: NSGA3-greedy_ting-2P to SPEA2-random_dense-UX', 'Equivalence_Line_7: UNSGA3-greedy_ting-1P to UNSGA3-random_dense-2P', 'Equivalence_Line_8: UNSGA3-greedy_ting-HUX to AGEMOEA2-random_dense-1P', 'Equivalence_Line_9: SMSEMOA-greedy_ting-UX to UNSGA3-random_dense-1P', 'Equivalence_Line_10: SPEA2-greedy_ting-HUX to RVEA-greedy_ting-HUX', 'Equivalence_Line_11: AGEMOEA2-greedy_ting-HUX to RVEA-greedy_ting-1P', 'Equivalence_Line_12: NSGA3-random_dense-UX to RVEA-random_dense-UX', 'Equivalence_Line_13: NSGA2-random_dense-2P to RVEA-random_dense-HUX', 'Equivalence_Line_14: AGEMOEA2-random_dense-HUX to RVEA-random_dense-1P', 'Equivalence_Line_15: SPEA2-greedy_ting-2P to SPEA2-greedy_multi-HUX', 'Equivalence_Line_16: NSGA2-random_dense-1P to AGEMOEA2-greedy_multi-UX', 'Equivalence_Line_17: SPEA2-random_dense-HUX to AGEMOEA2-greedy_multi-HUX', 'Equivalence_Line_18: AGEMOEA2-random_dense-1P to NSGA3-greedy_multi-HUX', 'Equivalence_Line_19: SPEA2-random_dense-2P to NSGA2-greedy_multi-1P', 'Equivalence_Line_20: SMSEMOA-random_dense-2P to AGEMOEA2-greedy_multi-2P', 'Equivalence_Line_21: RVEA-greedy_ting-HUX to SPEA2-greedy_multi-1P', 'Equivalence_Line_22: SMSEMOA-random_dense-HUX to UNSGA3-greedy_multi-2P', 'Equivalence_Line_23: SMSEMOA-random_dense-1P to NSGA3-greedy_multi-1P', 'Equivalence_Line_24: RVEA-random_dense-2P to SMSEMOA-greedy_multi-2P', 'Equivalence_Line_25: RVEA-random_dense-HUX to SMSEMOA-greedy_multi-1P', 'Equivalence_Line_26: NSGA2-greedy_multi-HUX to RVEA-greedy_multi-1P']"
SPEA2-greedy_multi-1P,1.8331171372296056,"['Equivalence_Line_1: NSGA2-greedy_ting-UX to NSGA3-random_dense-UX', 'Equivalence_Line_2: NSGA2-greedy_ting-2P to NSGA2-random_dense-2P', 'Equivalence_Line_3: NSGA2-greedy_ting-1P to AGEMOEA2-random_dense-UX', 'Equivalence_Line_4: AGEMOEA2-greedy_ting-1P to AGEMOEA2-random_dense-2P', 'Equivalence_Line_5: UNSGA3-greedy_ting-2P to NSGA2-random_dense-1P', 'Equivalence_Line_6: NSGA3-greedy_ting-2P to SPEA2-random_dense-UX', 'Equivalence_Line_7: UNSGA3-greedy_ting-1P to UNSGA3-random_dense-2P', 'Equivalence_Line_8: UNSGA3-greedy_ting-HUX to AGEMOEA2-random_dense-1P', 'Equivalence_Line_9: SMSEMOA-greedy_ting-UX to UNSGA3-random_dense-1P', 'Equivalence_Line_10: SPEA2-greedy_ting-HUX to RVEA-greedy_ting-HUX', 'Equivalence_Line_11: AGEMOEA2-greedy_ting-HUX to RVEA-greedy_ting-1P', 'Equivalence_Line_12: NSGA3-random_dense-UX to RVEA-random_dense-UX', 'Equivalence_Line_13: NSGA2-random_dense-2P to RVEA-random_dense-HUX', 'Equivalence_Line_14: AGEMOEA2-random_dense-HUX to RVEA-random_dense-1P', 'Equivalence_Line_15: SPEA2-greedy_ting-2P to SPEA2-greedy_multi-HUX', 'Equivalence_Line_16: NSGA2-random_dense-1P to AGEMOEA2-greedy_multi-UX', 'Equivalence_Line_17: SPEA2-random_dense-HUX to AGEMOEA2-greedy_multi-HUX', 'Equivalence_Line_18: AGEMOEA2-random_dense-1P to NSGA3-greedy_multi-HUX', 'Equivalence_Line_19: SPEA2-random_dense-2P to NSGA2-greedy_multi-1P', 'Equivalence_Line_20: SMSEMOA-random_dense-2P to AGEMOEA2-greedy_multi-2P', 'Equivalence_Line_21: RVEA-greedy_ting-HUX to SPEA2-greedy_multi-1P', 'Equivalence_Line_22: SMSEMOA-random_dense-HUX to UNSGA3-greedy_multi-2P', 'Equivalence_Line_23: SMSEMOA-random_dense-1P to NSGA3-greedy_multi-1P', 'Equivalence_Line_24: RVEA-random_dense-2P to SMSEMOA-greedy_multi-2P', 'Equivalence_Line_25: RVEA-random_dense-HUX to SMSEMOA-greedy_multi-1P', 'Equivalence_Line_26: NSGA2-greedy_multi-HUX to RVEA-greedy_multi-1P']"
AGEMOEA2-greedy_multi-1P,1.837332169010004,"['Equivalence_Line_1: NSGA2-greedy_ting-UX to NSGA3-random_dense-UX', 'Equivalence_Line_2: NSGA2-greedy_ting-2P to NSGA2-random_dense-2P', 'Equivalence_Line_3: NSGA2-greedy_ting-1P to AGEMOEA2-random_dense-UX', 'Equivalence_Line_4: AGEMOEA2-greedy_ting-1P to AGEMOEA2-random_dense-2P', 'Equivalence_Line_5: UNSGA3-greedy_ting-2P to NSGA2-random_dense-1P', 'Equivalence_Line_6: NSGA3-greedy_ting-2P to SPEA2-random_dense-UX', 'Equivalence_Line_7: UNSGA3-greedy_ting-1P to UNSGA3-random_dense-2P', 'Equivalence_Line_8: UNSGA3-greedy_ting-HUX to AGEMOEA2-random_dense-1P', 'Equivalence_Line_9: SMSEMOA-greedy_ting-UX to UNSGA3-random_dense-1P', 'Equivalence_Line_10: SPEA2-greedy_ting-HUX to RVEA-greedy_ting-HUX', 'Equivalence_Line_11: AGEMOEA2-greedy_ting-HUX to RVEA-greedy_ting-1P', 'Equivalence_Line_12: NSGA3-random_dense-UX to RVEA-random_dense-UX', 'Equivalence_Line_13: NSGA2-random_dense-2P to RVEA-random_dense-HUX', 'Equivalence_Line_14: AGEMOEA2-random_dense-HUX to RVEA-random_dense-1P', 'Equivalence_Line_15: SPEA2-greedy_ting-2P to SPEA2-greedy_multi-HUX', 'Equivalence_Line_16: NSGA2-random_dense-1P to AGEMOEA2-greedy_multi-UX', 'Equivalence_Line_17: SPEA2-random_dense-HUX to AGEMOEA2-greedy_multi-HUX', 'Equivalence_Line_18: AGEMOEA2-random_dense-1P to NSGA3-greedy_multi-HUX', 'Equivalence_Line_19: SPEA2-random_dense-2P to NSGA2-greedy_multi-1P', 'Equivalence_Line_20: SMSEMOA-random_dense-2P to AGEMOEA2-greedy_multi-2P', 'Equivalence_Line_21: RVEA-greedy_ting-HUX to SPEA2-greedy_multi-1P', 'Equivalence_Line_22: SMSEMOA-random_dense-HUX to UNSGA3-greedy_multi-2P', 'Equivalence_Line_23: SMSEMOA-random_dense-1P to NSGA3-greedy_multi-1P', 'Equivalence_Line_24: RVEA-random_dense-2P to SMSEMOA-greedy_multi-2P', 'Equivalence_Line_25: RVEA-random_dense-HUX to SMSEMOA-greedy_multi-1P', 'Equivalence_Line_26: NSGA2-greedy_multi-HUX to RVEA-greedy_multi-1P']"
NSGA3-greedy_multi-2P,1.8393076320014015,"['Equivalence_Line_1: NSGA2-greedy_ting-UX to NSGA3-random_dense-UX', 'Equivalence_Line_2: NSGA2-greedy_ting-2P to NSGA2-random_dense-2P', 'Equivalence_Line_3: NSGA2-greedy_ting-1P to AGEMOEA2-random_dense-UX', 'Equivalence_Line_4: AGEMOEA2-greedy_ting-1P to AGEMOEA2-random_dense-2P', 'Equivalence_Line_5: UNSGA3-greedy_ting-2P to NSGA2-random_dense-1P', 'Equivalence_Line_6: NSGA3-greedy_ting-2P to SPEA2-random_dense-UX', 'Equivalence_Line_7: UNSGA3-greedy_ting-1P to UNSGA3-random_dense-2P', 'Equivalence_Line_8: UNSGA3-greedy_ting-HUX to AGEMOEA2-random_dense-1P', 'Equivalence_Line_9: SMSEMOA-greedy_ting-UX to UNSGA3-random_dense-1P', 'Equivalence_Line_10: SPEA2-greedy_ting-HUX to RVEA-greedy_ting-HUX', 'Equivalence_Line_11: AGEMOEA2-greedy_ting-HUX to RVEA-greedy_ting-1P', 'Equivalence_Line_12: NSGA3-random_dense-UX to RVEA-random_dense-UX', 'Equivalence_Line_13: NSGA2-random_dense-2P to RVEA-random_dense-HUX', 'Equivalence_Line_14: AGEMOEA2-random_dense-HUX to RVEA-random_dense-1P', 'Equivalence_Line_15: SPEA2-greedy_ting-2P to SPEA2-greedy_multi-HUX', 'Equivalence_Line_16: NSGA2-random_dense-1P to AGEMOEA2-greedy_multi-UX', 'Equivalence_Line_17: SPEA2-random_dense-HUX to AGEMOEA2-greedy_multi-HUX', 'Equivalence_Line_18: AGEMOEA2-random_dense-1P to NSGA3-greedy_multi-HUX', 'Equivalence_Line_19: SPEA2-random_dense-2P to NSGA2-greedy_multi-1P', 'Equivalence_Line_20: SMSEMOA-random_dense-2P to AGEMOEA2-greedy_multi-2P', 'Equivalence_Line_21: RVEA-greedy_ting-HUX to SPEA2-greedy_multi-1P', 'Equivalence_Line_22: SMSEMOA-random_dense-HUX to UNSGA3-greedy_multi-2P', 'Equivalence_Line_23: SMSEMOA-random_dense-1P to NSGA3-greedy_multi-1P', 'Equivalence_Line_24: RVEA-random_dense-2P to SMSEMOA-greedy_multi-2P', 'Equivalence_Line_25: RVEA-random_dense-HUX to SMSEMOA-greedy_multi-1P', 'Equivalence_Line_26: NSGA2-greedy_multi-HUX to RVEA-greedy_multi-1P']"
UNSGA3-greedy_multi-2P,1.8418549983085217,"['Equivalence_Line_1: NSGA2-greedy_ting-UX to NSGA3-random_dense-UX', 'Equivalence_Line_2: NSGA2-greedy_ting-2P to NSGA2-random_dense-2P', 'Equivalence_Line_3: NSGA2-greedy_ting-1P to AGEMOEA2-random_dense-UX', 'Equivalence_Line_4: AGEMOEA2-greedy_ting-1P to AGEMOEA2-random_dense-2P', 'Equivalence_Line_5: UNSGA3-greedy_ting-2P to NSGA2-random_dense-1P', 'Equivalence_Line_6: NSGA3-greedy_ting-2P to SPEA2-random_dense-UX', 'Equivalence_Line_7: UNSGA3-greedy_ting-1P to UNSGA3-random_dense-2P', 'Equivalence_Line_8: UNSGA3-greedy_ting-HUX to AGEMOEA2-random_dense-1P', 'Equivalence_Line_9: SMSEMOA-greedy_ting-UX to UNSGA3-random_dense-1P', 'Equivalence_Line_10: SPEA2-greedy_ting-HUX to RVEA-greedy_ting-HUX', 'Equivalence_Line_11: AGEMOEA2-greedy_ting-HUX to RVEA-greedy_ting-1P', 'Equivalence_Line_12: NSGA3-random_dense-UX to RVEA-random_dense-UX', 'Equivalence_Line_13: NSGA2-random_dense-2P to RVEA-random_dense-HUX', 'Equivalence_Line_14: AGEMOEA2-random_dense-HUX to RVEA-random_dense-1P', 'Equivalence_Line_15: SPEA2-greedy_ting-2P to SPEA2-greedy_multi-HUX', 'Equivalence_Line_16: NSGA2-random_dense-1P to AGEMOEA2-greedy_multi-UX', 'Equivalence_Line_17: SPEA2-random_dense-HUX to AGEMOEA2-greedy_multi-HUX', 'Equivalence_Line_18: AGEMOEA2-random_dense-1P to NSGA3-greedy_multi-HUX', 'Equivalence_Line_19: SPEA2-random_dense-2P to NSGA2-greedy_multi-1P', 'Equivalence_Line_20: SMSEMOA-random_dense-2P to AGEMOEA2-greedy_multi-2P', 'Equivalence_Line_21: RVEA-greedy_ting-HUX to SPEA2-greedy_multi-1P', 'Equivalence_Line_22: SMSEMOA-random_dense-HUX to UNSGA3-greedy_multi-2P', 'Equivalence_Line_23: SMSEMOA-random_dense-1P to NSGA3-greedy_multi-1P', 'Equivalence_Line_24: RVEA-random_dense-2P to SMSEMOA-greedy_multi-2P', 'Equivalence_Line_25: RVEA-random_dense-HUX to SMSEMOA-greedy_multi-1P', 'Equivalence_Line_26: NSGA2-greedy_multi-HUX to RVEA-greedy_multi-1P']"
UNSGA3-greedy_multi-1P,1.8459791994941832,"['Equivalence_Line_1: NSGA2-greedy_ting-UX to NSGA3-random_dense-UX', 'Equivalence_Line_2: NSGA2-greedy_ting-2P to NSGA2-random_dense-2P', 'Equivalence_Line_3: NSGA2-greedy_ting-1P to AGEMOEA2-random_dense-UX', 'Equivalence_Line_4: AGEMOEA2-greedy_ting-1P to AGEMOEA2-random_dense-2P', 'Equivalence_Line_5: UNSGA3-greedy_ting-2P to NSGA2-random_dense-1P', 'Equivalence_Line_6: NSGA3-greedy_ting-2P to SPEA2-random_dense-UX', 'Equivalence_Line_7: UNSGA3-greedy_ting-1P to UNSGA3-random_dense-2P', 'Equivalence_Line_8: UNSGA3-greedy_ting-HUX to AGEMOEA2-random_dense-1P', 'Equivalence_Line_9: SMSEMOA-greedy_ting-UX to UNSGA3-random_dense-1P', 'Equivalence_Line_10: SPEA2-greedy_ting-HUX to RVEA-greedy_ting-HUX', 'Equivalence_Line_11: AGEMOEA2-greedy_ting-HUX to RVEA-greedy_ting-1P', 'Equivalence_Line_12: NSGA3-random_dense-UX to RVEA-random_dense-UX', 'Equivalence_Line_13: NSGA2-random_dense-2P to RVEA-random_dense-HUX', 'Equivalence_Line_14: AGEMOEA2-random_dense-HUX to RVEA-random_dense-1P', 'Equivalence_Line_15: SPEA2-greedy_ting-2P to SPEA2-greedy_multi-HUX', 'Equivalence_Line_16: NSGA2-random_dense-1P to AGEMOEA2-greedy_multi-UX', 'Equivalence_Line_17: SPEA2-random_dense-HUX to AGEMOEA2-greedy_multi-HUX', 'Equivalence_Line_18: AGEMOEA2-random_dense-1P to NSGA3-greedy_multi-HUX', 'Equivalence_Line_19: SPEA2-random_dense-2P to NSGA2-greedy_multi-1P', 'Equivalence_Line_20: SMSEMOA-random_dense-2P to AGEMOEA2-greedy_multi-2P', 'Equivalence_Line_21: RVEA-greedy_ting-HUX to SPEA2-greedy_multi-1P', 'Equivalence_Line_22: SMSEMOA-random_dense-HUX to UNSGA3-greedy_multi-2P', 'Equivalence_Line_23: SMSEMOA-random_dense-1P to NSGA3-greedy_multi-1P', 'Equivalence_Line_24: RVEA-random_dense-2P to SMSEMOA-greedy_multi-2P', 'Equivalence_Line_25: RVEA-random_dense-HUX to SMSEMOA-greedy_multi-1P', 'Equivalence_Line_26: NSGA2-greedy_multi-HUX to RVEA-greedy_multi-1P']"
NSGA3-greedy_multi-1P,1.8495819191765086,"['Equivalence_Line_1: NSGA2-greedy_ting-UX to NSGA3-random_dense-UX', 'Equivalence_Line_2: NSGA2-greedy_ting-2P to NSGA2-random_dense-2P', 'Equivalence_Line_3: NSGA2-greedy_ting-1P to AGEMOEA2-random_dense-UX', 'Equivalence_Line_4: AGEMOEA2-greedy_ting-1P to AGEMOEA2-random_dense-2P', 'Equivalence_Line_5: UNSGA3-greedy_ting-2P to NSGA2-random_dense-1P', 'Equivalence_Line_6: NSGA3-greedy_ting-2P to SPEA2-random_dense-UX', 'Equivalence_Line_7: UNSGA3-greedy_ting-1P to UNSGA3-random_dense-2P', 'Equivalence_Line_8: UNSGA3-greedy_ting-HUX to AGEMOEA2-random_dense-1P', 'Equivalence_Line_9: SMSEMOA-greedy_ting-UX to UNSGA3-random_dense-1P', 'Equivalence_Line_10: SPEA2-greedy_ting-HUX to RVEA-greedy_ting-HUX', 'Equivalence_Line_11: AGEMOEA2-greedy_ting-HUX to RVEA-greedy_ting-1P', 'Equivalence_Line_12: NSGA3-random_dense-UX to RVEA-random_dense-UX', 'Equivalence_Line_13: NSGA2-random_dense-2P to RVEA-random_dense-HUX', 'Equivalence_Line_14: AGEMOEA2-random_dense-HUX to RVEA-random_dense-1P', 'Equivalence_Line_15: SPEA2-greedy_ting-2P to SPEA2-greedy_multi-HUX', 'Equivalence_Line_16: NSGA2-random_dense-1P to AGEMOEA2-greedy_multi-UX', 'Equivalence_Line_17: SPEA2-random_dense-HUX to AGEMOEA2-greedy_multi-HUX', 'Equivalence_Line_18: AGEMOEA2-random_dense-1P to NSGA3-greedy_multi-HUX', 'Equivalence_Line_19: SPEA2-random_dense-2P to NSGA2-greedy_multi-1P', 'Equivalence_Line_20: SMSEMOA-random_dense-2P to AGEMOEA2-greedy_multi-2P', 'Equivalence_Line_21: RVEA-greedy_ting-HUX to SPEA2-greedy_multi-1P', 'Equivalence_Line_22: SMSEMOA-random_dense-HUX to UNSGA3-greedy_multi-2P', 'Equivalence_Line_23: SMSEMOA-random_dense-1P to NSGA3-greedy_multi-1P', 'Equivalence_Line_24: RVEA-random_dense-2P to SMSEMOA-greedy_multi-2P', 'Equivalence_Line_25: RVEA-random_dense-HUX to SMSEMOA-greedy_multi-1P', 'Equivalence_Line_26: NSGA2-greedy_multi-HUX to RVEA-greedy_multi-1P']"
SMSEMOA-greedy_multi-UX,1.8542953680971261,"['Equivalence_Line_1: NSGA2-greedy_ting-UX to NSGA3-random_dense-UX', 'Equivalence_Line_2: NSGA2-greedy_ting-2P to NSGA2-random_dense-2P', 'Equivalence_Line_3: NSGA2-greedy_ting-1P to AGEMOEA2-random_dense-UX', 'Equivalence_Line_4: AGEMOEA2-greedy_ting-1P to AGEMOEA2-random_dense-2P', 'Equivalence_Line_5: UNSGA3-greedy_ting-2P to NSGA2-random_dense-1P', 'Equivalence_Line_6: NSGA3-greedy_ting-2P to SPEA2-random_dense-UX', 'Equivalence_Line_7: UNSGA3-greedy_ting-1P to UNSGA3-random_dense-2P', 'Equivalence_Line_8: UNSGA3-greedy_ting-HUX to AGEMOEA2-random_dense-1P', 'Equivalence_Line_9: SMSEMOA-greedy_ting-UX to UNSGA3-random_dense-1P', 'Equivalence_Line_10: SPEA2-greedy_ting-HUX to RVEA-greedy_ting-HUX', 'Equivalence_Line_11: AGEMOEA2-greedy_ting-HUX to RVEA-greedy_ting-1P', 'Equivalence_Line_12: NSGA3-random_dense-UX to RVEA-random_dense-UX', 'Equivalence_Line_13: NSGA2-random_dense-2P to RVEA-random_dense-HUX', 'Equivalence_Line_14: AGEMOEA2-random_dense-HUX to RVEA-random_dense-1P', 'Equivalence_Line_15: SPEA2-greedy_ting-2P to SPEA2-greedy_multi-HUX', 'Equivalence_Line_16: NSGA2-random_dense-1P to AGEMOEA2-greedy_multi-UX', 'Equivalence_Line_17: SPEA2-random_dense-HUX to AGEMOEA2-greedy_multi-HUX', 'Equivalence_Line_18: AGEMOEA2-random_dense-1P to NSGA3-greedy_multi-HUX', 'Equivalence_Line_19: SPEA2-random_dense-2P to NSGA2-greedy_multi-1P', 'Equivalence_Line_20: SMSEMOA-random_dense-2P to AGEMOEA2-greedy_multi-2P', 'Equivalence_Line_21: RVEA-greedy_ting-HUX to SPEA2-greedy_multi-1P', 'Equivalence_Line_22: SMSEMOA-random_dense-HUX to UNSGA3-greedy_multi-2P', 'Equivalence_Line_23: SMSEMOA-random_dense-1P to NSGA3-greedy_multi-1P', 'Equivalence_Line_24: RVEA-random_dense-2P to SMSEMOA-greedy_multi-2P', 'Equivalence_Line_25: RVEA-random_dense-HUX to SMSEMOA-greedy_multi-1P', 'Equivalence_Line_26: NSGA2-greedy_multi-HUX to RVEA-greedy_multi-1P']"
SMSEMOA-greedy_multi-HUX,1.8564117161907296,"['Equivalence_Line_1: NSGA2-greedy_ting-UX to NSGA3-random_dense-UX', 'Equivalence_Line_2: NSGA2-greedy_ting-2P to NSGA2-random_dense-2P', 'Equivalence_Line_3: NSGA2-greedy_ting-1P to AGEMOEA2-random_dense-UX', 'Equivalence_Line_4: AGEMOEA2-greedy_ting-1P to AGEMOEA2-random_dense-2P', 'Equivalence_Line_5: UNSGA3-greedy_ting-2P to NSGA2-random_dense-1P', 'Equivalence_Line_6: NSGA3-greedy_ting-2P to SPEA2-random_dense-UX', 'Equivalence_Line_7: UNSGA3-greedy_ting-1P to UNSGA3-random_dense-2P', 'Equivalence_Line_8: UNSGA3-greedy_ting-HUX to AGEMOEA2-random_dense-1P', 'Equivalence_Line_9: SMSEMOA-greedy_ting-UX to UNSGA3-random_dense-1P', 'Equivalence_Line_10: SPEA2-greedy_ting-HUX to RVEA-greedy_ting-HUX', 'Equivalence_Line_11: AGEMOEA2-greedy_ting-HUX to RVEA-greedy_ting-1P', 'Equivalence_Line_12: NSGA3-random_dense-UX to RVEA-random_dense-UX', 'Equivalence_Line_13: NSGA2-random_dense-2P to RVEA-random_dense-HUX', 'Equivalence_Line_14: AGEMOEA2-random_dense-HUX to RVEA-random_dense-1P', 'Equivalence_Line_15: SPEA2-greedy_ting-2P to SPEA2-greedy_multi-HUX', 'Equivalence_Line_16: NSGA2-random_dense-1P to AGEMOEA2-greedy_multi-UX', 'Equivalence_Line_17: SPEA2-random_dense-HUX to AGEMOEA2-greedy_multi-HUX', 'Equivalence_Line_18: AGEMOEA2-random_dense-1P to NSGA3-greedy_multi-HUX', 'Equivalence_Line_19: SPEA2-random_dense-2P to NSGA2-greedy_multi-1P', 'Equivalence_Line_20: SMSEMOA-random_dense-2P to AGEMOEA2-greedy_multi-2P', 'Equivalence_Line_21: RVEA-greedy_ting-HUX to SPEA2-greedy_multi-1P', 'Equivalence_Line_22: SMSEMOA-random_dense-HUX to UNSGA3-greedy_multi-2P', 'Equivalence_Line_23: SMSEMOA-random_dense-1P to NSGA3-greedy_multi-1P', 'Equivalence_Line_24: RVEA-random_dense-2P to SMSEMOA-greedy_multi-2P', 'Equivalence_Line_25: RVEA-random_dense-HUX to SMSEMOA-greedy_multi-1P', 'Equivalence_Line_26: NSGA2-greedy_multi-HUX to RVEA-greedy_multi-1P']"
SMSEMOA-greedy_multi-2P,1.868023735121546,"['Equivalence_Line_1: NSGA2-greedy_ting-UX to NSGA3-random_dense-UX', 'Equivalence_Line_2: NSGA2-greedy_ting-2P to NSGA2-random_dense-2P', 'Equivalence_Line_3: NSGA2-greedy_ting-1P to AGEMOEA2-random_dense-UX', 'Equivalence_Line_4: AGEMOEA2-greedy_ting-1P to AGEMOEA2-random_dense-2P', 'Equivalence_Line_5: UNSGA3-greedy_ting-2P to NSGA2-random_dense-1P', 'Equivalence_Line_6: NSGA3-greedy_ting-2P to SPEA2-random_dense-UX', 'Equivalence_Line_7: UNSGA3-greedy_ting-1P to UNSGA3-random_dense-2P', 'Equivalence_Line_8: UNSGA3-greedy_ting-HUX to AGEMOEA2-random_dense-1P', 'Equivalence_Line_9: SMSEMOA-greedy_ting-UX to UNSGA3-random_dense-1P', 'Equivalence_Line_10: SPEA2-greedy_ting-HUX to RVEA-greedy_ting-HUX', 'Equivalence_Line_11: AGEMOEA2-greedy_ting-HUX to RVEA-greedy_ting-1P', 'Equivalence_Line_12: NSGA3-random_dense-UX to RVEA-random_dense-UX', 'Equivalence_Line_13: NSGA2-random_dense-2P to RVEA-random_dense-HUX', 'Equivalence_Line_14: AGEMOEA2-random_dense-HUX to RVEA-random_dense-1P', 'Equivalence_Line_15: SPEA2-greedy_ting-2P to SPEA2-greedy_multi-HUX', 'Equivalence_Line_16: NSGA2-random_dense-1P to AGEMOEA2-greedy_multi-UX', 'Equivalence_Line_17: SPEA2-random_dense-HUX to AGEMOEA2-greedy_multi-HUX', 'Equivalence_Line_18: AGEMOEA2-random_dense-1P to NSGA3-greedy_multi-HUX', 'Equivalence_Line_19: SPEA2-random_dense-2P to NSGA2-greedy_multi-1P', 'Equivalence_Line_20: SMSEMOA-random_dense-2P to AGEMOEA2-greedy_multi-2P', 'Equivalence_Line_21: RVEA-greedy_ting-HUX to SPEA2-greedy_multi-1P', 'Equivalence_Line_22: SMSEMOA-random_dense-HUX to UNSGA3-greedy_multi-2P', 'Equivalence_Line_23: SMSEMOA-random_dense-1P to NSGA3-greedy_multi-1P', 'Equivalence_Line_24: RVEA-random_dense-2P to SMSEMOA-greedy_multi-2P', 'Equivalence_Line_25: RVEA-random_dense-HUX to SMSEMOA-greedy_multi-1P', 'Equivalence_Line_26: NSGA2-greedy_multi-HUX to RVEA-greedy_multi-1P']"
SMSEMOA-greedy_multi-1P,1.8729689866583377,"['Equivalence_Line_1: NSGA2-greedy_ting-UX to NSGA3-random_dense-UX', 'Equivalence_Line_2: NSGA2-greedy_ting-2P to NSGA2-random_dense-2P', 'Equivalence_Line_3: NSGA2-greedy_ting-1P to AGEMOEA2-random_dense-UX', 'Equivalence_Line_4: AGEMOEA2-greedy_ting-1P to AGEMOEA2-random_dense-2P', 'Equivalence_Line_5: UNSGA3-greedy_ting-2P to NSGA2-random_dense-1P', 'Equivalence_Line_6: NSGA3-greedy_ting-2P to SPEA2-random_dense-UX', 'Equivalence_Line_7: UNSGA3-greedy_ting-1P to UNSGA3-random_dense-2P', 'Equivalence_Line_8: UNSGA3-greedy_ting-HUX to AGEMOEA2-random_dense-1P', 'Equivalence_Line_9: SMSEMOA-greedy_ting-UX to UNSGA3-random_dense-1P', 'Equivalence_Line_10: SPEA2-greedy_ting-HUX to RVEA-greedy_ting-HUX', 'Equivalence_Line_11: AGEMOEA2-greedy_ting-HUX to RVEA-greedy_ting-1P', 'Equivalence_Line_12: NSGA3-random_dense-UX to RVEA-random_dense-UX', 'Equivalence_Line_13: NSGA2-random_dense-2P to RVEA-random_dense-HUX', 'Equivalence_Line_14: AGEMOEA2-random_dense-HUX to RVEA-random_dense-1P', 'Equivalence_Line_15: SPEA2-greedy_ting-2P to SPEA2-greedy_multi-HUX', 'Equivalence_Line_16: NSGA2-random_dense-1P to AGEMOEA2-greedy_multi-UX', 'Equivalence_Line_17: SPEA2-random_dense-HUX to AGEMOEA2-greedy_multi-HUX', 'Equivalence_Line_18: AGEMOEA2-random_dense-1P to NSGA3-greedy_multi-HUX', 'Equivalence_Line_19: SPEA2-random_dense-2P to NSGA2-greedy_multi-1P', 'Equivalence_Line_20: SMSEMOA-random_dense-2P to AGEMOEA2-greedy_multi-2P', 'Equivalence_Line_21: RVEA-greedy_ting-HUX to SPEA2-greedy_multi-1P', 'Equivalence_Line_22: SMSEMOA-random_dense-HUX to UNSGA3-greedy_multi-2P', 'Equivalence_Line_23: SMSEMOA-random_dense-1P to NSGA3-greedy_multi-1P', 'Equivalence_Line_24: RVEA-random_dense-2P to SMSEMOA-greedy_multi-2P', 'Equivalence_Line_25: RVEA-random_dense-HUX to SMSEMOA-greedy_multi-1P', 'Equivalence_Line_26: NSGA2-greedy_multi-HUX to RVEA-greedy_multi-1P']"
RVEA-greedy_multi-UX,1.8950566661740875,"['Equivalence_Line_1: NSGA2-greedy_ting-UX to NSGA3-random_dense-UX', 'Equivalence_Line_2: NSGA2-greedy_ting-2P to NSGA2-random_dense-2P', 'Equivalence_Line_3: NSGA2-greedy_ting-1P to AGEMOEA2-random_dense-UX', 'Equivalence_Line_4: AGEMOEA2-greedy_ting-1P to AGEMOEA2-random_dense-2P', 'Equivalence_Line_5: UNSGA3-greedy_ting-2P to NSGA2-random_dense-1P', 'Equivalence_Line_6: NSGA3-greedy_ting-2P to SPEA2-random_dense-UX', 'Equivalence_Line_7: UNSGA3-greedy_ting-1P to UNSGA3-random_dense-2P', 'Equivalence_Line_8: UNSGA3-greedy_ting-HUX to AGEMOEA2-random_dense-1P', 'Equivalence_Line_9: SMSEMOA-greedy_ting-UX to UNSGA3-random_dense-1P', 'Equivalence_Line_10: SPEA2-greedy_ting-HUX to RVEA-greedy_ting-HUX', 'Equivalence_Line_11: AGEMOEA2-greedy_ting-HUX to RVEA-greedy_ting-1P', 'Equivalence_Line_12: NSGA3-random_dense-UX to RVEA-random_dense-UX', 'Equivalence_Line_13: NSGA2-random_dense-2P to RVEA-random_dense-HUX', 'Equivalence_Line_14: AGEMOEA2-random_dense-HUX to RVEA-random_dense-1P', 'Equivalence_Line_15: SPEA2-greedy_ting-2P to SPEA2-greedy_multi-HUX', 'Equivalence_Line_16: NSGA2-random_dense-1P to AGEMOEA2-greedy_multi-UX', 'Equivalence_Line_17: SPEA2-random_dense-HUX to AGEMOEA2-greedy_multi-HUX', 'Equivalence_Line_18: AGEMOEA2-random_dense-1P to NSGA3-greedy_multi-HUX', 'Equivalence_Line_19: SPEA2-random_dense-2P to NSGA2-greedy_multi-1P', 'Equivalence_Line_20: SMSEMOA-random_dense-2P to AGEMOEA2-greedy_multi-2P', 'Equivalence_Line_21: RVEA-greedy_ting-HUX to SPEA2-greedy_multi-1P', 'Equivalence_Line_22: SMSEMOA-random_dense-HUX to UNSGA3-greedy_multi-2P', 'Equivalence_Line_23: SMSEMOA-random_dense-1P to NSGA3-greedy_multi-1P', 'Equivalence_Line_24: RVEA-random_dense-2P to SMSEMOA-greedy_multi-2P', 'Equivalence_Line_25: RVEA-random_dense-HUX to SMSEMOA-greedy_multi-1P', 'Equivalence_Line_26: NSGA2-greedy_multi-HUX to RVEA-greedy_multi-1P']"
RVEA-greedy_multi-HUX,1.8974647886677845,"['Equivalence_Line_1: NSGA2-greedy_ting-UX to NSGA3-random_dense-UX', 'Equivalence_Line_2: NSGA2-greedy_ting-2P to NSGA2-random_dense-2P', 'Equivalence_Line_3: NSGA2-greedy_ting-1P to AGEMOEA2-random_dense-UX', 'Equivalence_Line_4: AGEMOEA2-greedy_ting-1P to AGEMOEA2-random_dense-2P', 'Equivalence_Line_5: UNSGA3-greedy_ting-2P to NSGA2-random_dense-1P', 'Equivalence_Line_6: NSGA3-greedy_ting-2P to SPEA2-random_dense-UX', 'Equivalence_Line_7: UNSGA3-greedy_ting-1P to UNSGA3-random_dense-2P', 'Equivalence_Line_8: UNSGA3-greedy_ting-HUX to AGEMOEA2-random_dense-1P', 'Equivalence_Line_9: SMSEMOA-greedy_ting-UX to UNSGA3-random_dense-1P', 'Equivalence_Line_10: SPEA2-greedy_ting-HUX to RVEA-greedy_ting-HUX', 'Equivalence_Line_11: AGEMOEA2-greedy_ting-HUX to RVEA-greedy_ting-1P', 'Equivalence_Line_12: NSGA3-random_dense-UX to RVEA-random_dense-UX', 'Equivalence_Line_13: NSGA2-random_dense-2P to RVEA-random_dense-HUX', 'Equivalence_Line_14: AGEMOEA2-random_dense-HUX to RVEA-random_dense-1P', 'Equivalence_Line_15: SPEA2-greedy_ting-2P to SPEA2-greedy_multi-HUX', 'Equivalence_Line_16: NSGA2-random_dense-1P to AGEMOEA2-greedy_multi-UX', 'Equivalence_Line_17: SPEA2-random_dense-HUX to AGEMOEA2-greedy_multi-HUX', 'Equivalence_Line_18: AGEMOEA2-random_dense-1P to NSGA3-greedy_multi-HUX', 'Equivalence_Line_19: SPEA2-random_dense-2P to NSGA2-greedy_multi-1P', 'Equivalence_Line_20: SMSEMOA-random_dense-2P to AGEMOEA2-greedy_multi-2P', 'Equivalence_Line_21: RVEA-greedy_ting-HUX to SPEA2-greedy_multi-1P', 'Equivalence_Line_22: SMSEMOA-random_dense-HUX to UNSGA3-greedy_multi-2P', 'Equivalence_Line_23: SMSEMOA-random_dense-1P to NSGA3-greedy_multi-1P', 'Equivalence_Line_24: RVEA-random_dense-2P to SMSEMOA-greedy_multi-2P', 'Equivalence_Line_25: RVEA-random_dense-HUX to SMSEMOA-greedy_multi-1P', 'Equivalence_Line_26: NSGA2-greedy_multi-HUX to RVEA-greedy_multi-1P']"
RVEA-greedy_multi-2P,1.9059809581040696,"['Equivalence_Line_1: NSGA2-greedy_ting-UX to NSGA3-random_dense-UX', 'Equivalence_Line_2: NSGA2-greedy_ting-2P to NSGA2-random_dense-2P', 'Equivalence_Line_3: NSGA2-greedy_ting-1P to AGEMOEA2-random_dense-UX', 'Equivalence_Line_4: AGEMOEA2-greedy_ting-1P to AGEMOEA2-random_dense-2P', 'Equivalence_Line_5: UNSGA3-greedy_ting-2P to NSGA2-random_dense-1P', 'Equivalence_Line_6: NSGA3-greedy_ting-2P to SPEA2-random_dense-UX', 'Equivalence_Line_7: UNSGA3-greedy_ting-1P to UNSGA3-random_dense-2P', 'Equivalence_Line_8: UNSGA3-greedy_ting-HUX to AGEMOEA2-random_dense-1P', 'Equivalence_Line_9: SMSEMOA-greedy_ting-UX to UNSGA3-random_dense-1P', 'Equivalence_Line_10: SPEA2-greedy_ting-HUX to RVEA-greedy_ting-HUX', 'Equivalence_Line_11: AGEMOEA2-greedy_ting-HUX to RVEA-greedy_ting-1P', 'Equivalence_Line_12: NSGA3-random_dense-UX to RVEA-random_dense-UX', 'Equivalence_Line_13: NSGA2-random_dense-2P to RVEA-random_dense-HUX', 'Equivalence_Line_14: AGEMOEA2-random_dense-HUX to RVEA-random_dense-1P', 'Equivalence_Line_15: SPEA2-greedy_ting-2P to SPEA2-greedy_multi-HUX', 'Equivalence_Line_16: NSGA2-random_dense-1P to AGEMOEA2-greedy_multi-UX', 'Equivalence_Line_17: SPEA2-random_dense-HUX to AGEMOEA2-greedy_multi-HUX', 'Equivalence_Line_18: AGEMOEA2-random_dense-1P to NSGA3-greedy_multi-HUX', 'Equivalence_Line_19: SPEA2-random_dense-2P to NSGA2-greedy_multi-1P', 'Equivalence_Line_20: SMSEMOA-random_dense-2P to AGEMOEA2-greedy_multi-2P', 'Equivalence_Line_21: RVEA-greedy_ting-HUX to SPEA2-greedy_multi-1P', 'Equivalence_Line_22: SMSEMOA-random_dense-HUX to UNSGA3-greedy_multi-2P', 'Equivalence_Line_23: SMSEMOA-random_dense-1P to NSGA3-greedy_multi-1P', 'Equivalence_Line_24: RVEA-random_dense-2P to SMSEMOA-greedy_multi-2P', 'Equivalence_Line_25: RVEA-random_dense-HUX to SMSEMOA-greedy_multi-1P', 'Equivalence_Line_26: NSGA2-greedy_multi-HUX to RVEA-greedy_multi-1P']"
RVEA-greedy_multi-1P,1.9162264936862357,"['Equivalence_Line_1: NSGA2-greedy_ting-UX to NSGA3-random_dense-UX', 'Equivalence_Line_2: NSGA2-greedy_ting-2P to NSGA2-random_dense-2P', 'Equivalence_Line_3: NSGA2-greedy_ting-1P to AGEMOEA2-random_dense-UX', 'Equivalence_Line_4: AGEMOEA2-greedy_ting-1P to AGEMOEA2-random_dense-2P', 'Equivalence_Line_5: UNSGA3-greedy_ting-2P to NSGA2-random_dense-1P', 'Equivalence_Line_6: NSGA3-greedy_ting-2P to SPEA2-random_dense-UX', 'Equivalence_Line_7: UNSGA3-greedy_ting-1P to UNSGA3-random_dense-2P', 'Equivalence_Line_8: UNSGA3-greedy_ting-HUX to AGEMOEA2-random_dense-1P', 'Equivalence_Line_9: SMSEMOA-greedy_ting-UX to UNSGA3-random_dense-1P', 'Equivalence_Line_10: SPEA2-greedy_ting-HUX to RVEA-greedy_ting-HUX', 'Equivalence_Line_11: AGEMOEA2-greedy_ting-HUX to RVEA-greedy_ting-1P', 'Equivalence_Line_12: NSGA3-random_dense-UX to RVEA-random_dense-UX', 'Equivalence_Line_13: NSGA2-random_dense-2P to RVEA-random_dense-HUX', 'Equivalence_Line_14: AGEMOEA2-random_dense-HUX to RVEA-random_dense-1P', 'Equivalence_Line_15: SPEA2-greedy_ting-2P to SPEA2-greedy_multi-HUX', 'Equivalence_Line_16: NSGA2-random_dense-1P to AGEMOEA2-greedy_multi-UX', 'Equivalence_Line_17: SPEA2-random_dense-HUX to AGEMOEA2-greedy_multi-HUX', 'Equivalence_Line_18: AGEMOEA2-random_dense-1P to NSGA3-greedy_multi-HUX', 'Equivalence_Line_19: SPEA2-random_dense-2P to NSGA2-greedy_multi-1P', 'Equivalence_Line_20: SMSEMOA-random_dense-2P to AGEMOEA2-greedy_multi-2P', 'Equivalence_Line_21: RVEA-greedy_ting-HUX to SPEA2-greedy_multi-1P', 'Equivalence_Line_22: SMSEMOA-random_dense-HUX to UNSGA3-greedy_multi-2P', 'Equivalence_Line_23: SMSEMOA-random_dense-1P to NSGA3-greedy_multi-1P', 'Equivalence_Line_24: RVEA-random_dense-2P to SMSEMOA-greedy_multi-2P', 'Equivalence_Line_25: RVEA-random_dense-HUX to SMSEMOA-greedy_multi-1P', 'Equivalence_Line_26: NSGA2-greedy_multi-HUX to RVEA-greedy_multi-1P']"
