Group,Mean,Equivalence_Lines
NSGA2-greedy_ting-UX,2.4228786116691032,"['Equivalence_Line_1: NSGA2-greedy_ting-UX to RVEA-greedy_ting-UX', 'Equivalence_Line_2: NSGA2-greedy_ting-1P to RVEA-greedy_ting-HUX', 'Equivalence_Line_3: AGEMOEA2-greedy_ting-1P to NSGA2-random_dense-2P', 'Equivalence_Line_4: UNSGA3-greedy_ting-2P to NSGA3-random_dense-UX', 'Equivalence_Line_5: NSGA3-greedy_ting-2P to AGEMOEA2-random_dense-2P', 'Equivalence_Line_6: UNSGA3-greedy_ting-1P to NSGA2-random_dense-1P', 'Equivalence_Line_7: SMSEMOA-greedy_ting-UX to SPEA2-random_dense-UX', 'Equivalence_Line_8: SMSEMOA-greedy_ting-HUX to AGEMOEA2-random_dense-1P', 'Equivalence_Line_9: NSGA3-greedy_ting-HUX to SPEA2-random_dense-1P', 'Equivalence_Line_10: NSGA2-random_dense-HUX to SPEA2-random_dense-2P', 'Equivalence_Line_11: SPEA2-greedy_ting-UX to NSGA3-random_dense-1P', 'Equivalence_Line_12: AGEMOEA2-greedy_ting-UX to SMSEMOA-random_dense-2P', 'Equivalence_Line_13: SPEA2-greedy_ting-2P to SMSEMOA-random_dense-HUX', 'Equivalence_Line_14: RVEA-greedy_ting-HUX to RVEA-random_dense-1P', 'Equivalence_Line_15: NSGA2-random_dense-2P to RVEA-random_dense-UX', 'Equivalence_Line_16: NSGA3-random_dense-HUX to SPEA2-greedy_multi-HUX', 'Equivalence_Line_17: AGEMOEA2-random_dense-UX to SPEA2-greedy_multi-UX', 'Equivalence_Line_18: AGEMOEA2-random_dense-2P to AGEMOEA2-greedy_multi-HUX', 'Equivalence_Line_19: NSGA3-random_dense-2P to NSGA2-greedy_multi-1P', 'Equivalence_Line_20: RVEA-greedy_ting-2P to AGEMOEA2-greedy_multi-2P', 'Equivalence_Line_21: UNSGA3-random_dense-1P to AGEMOEA2-greedy_multi-1P', 'Equivalence_Line_22: SMSEMOA-random_dense-2P to UNSGA3-greedy_multi-1P', 'Equivalence_Line_23: SMSEMOA-random_dense-1P to SMSEMOA-greedy_multi-UX', 'Equivalence_Line_24: SMSEMOA-random_dense-UX to SMSEMOA-greedy_multi-HUX', 'Equivalence_Line_25: RVEA-random_dense-2P to SMSEMOA-greedy_multi-2P', 'Equivalence_Line_26: RVEA-random_dense-1P to SMSEMOA-greedy_multi-1P', 'Equivalence_Line_27: RVEA-random_dense-HUX to RVEA-greedy_multi-HUX', 'Equivalence_Line_28: NSGA2-greedy_multi-HUX to RVEA-greedy_multi-2P', 'Equivalence_Line_29: SPEA2-greedy_multi-HUX to RVEA-greedy_multi-1P']"
NSGA2-greedy_ting-HUX,2.4181410041420235,"['Equivalence_Line_1: NSGA2-greedy_ting-UX to RVEA-greedy_ting-UX', 'Equivalence_Line_2: NSGA2-greedy_ting-1P to RVEA-greedy_ting-HUX', 'Equivalence_Line_3: AGEMOEA2-greedy_ting-1P to NSGA2-random_dense-2P', 'Equivalence_Line_4: UNSGA3-greedy_ting-2P to NSGA3-random_dense-UX', 'Equivalence_Line_5: NSGA3-greedy_ting-2P to AGEMOEA2-random_dense-2P', 'Equivalence_Line_6: UNSGA3-greedy_ting-1P to NSGA2-random_dense-1P', 'Equivalence_Line_7: SMSEMOA-greedy_ting-UX to SPEA2-random_dense-UX', 'Equivalence_Line_8: SMSEMOA-greedy_ting-HUX to AGEMOEA2-random_dense-1P', 'Equivalence_Line_9: NSGA3-greedy_ting-HUX to SPEA2-random_dense-1P', 'Equivalence_Line_10: NSGA2-random_dense-HUX to SPEA2-random_dense-2P', 'Equivalence_Line_11: SPEA2-greedy_ting-UX to NSGA3-random_dense-1P', 'Equivalence_Line_12: AGEMOEA2-greedy_ting-UX to SMSEMOA-random_dense-2P', 'Equivalence_Line_13: SPEA2-greedy_ting-2P to SMSEMOA-random_dense-HUX', 'Equivalence_Line_14: RVEA-greedy_ting-HUX to RVEA-random_dense-1P', 'Equivalence_Line_15: NSGA2-random_dense-2P to RVEA-random_dense-UX', 'Equivalence_Line_16: NSGA3-random_dense-HUX to SPEA2-greedy_multi-HUX', 'Equivalence_Line_17: AGEMOEA2-random_dense-UX to SPEA2-greedy_multi-UX', 'Equivalence_Line_18: AGEMOEA2-random_dense-2P to AGEMOEA2-greedy_multi-HUX', 'Equivalence_Line_19: NSGA3-random_dense-2P to NSGA2-greedy_multi-1P', 'Equivalence_Line_20: RVEA-greedy_ting-2P to AGEMOEA2-greedy_multi-2P', 'Equivalence_Line_21: UNSGA3-random_dense-1P to AGEMOEA2-greedy_multi-1P', 'Equivalence_Line_22: SMSEMOA-random_dense-2P to UNSGA3-greedy_multi-1P', 'Equivalence_Line_23: SMSEMOA-random_dense-1P to SMSEMOA-greedy_multi-UX', 'Equivalence_Line_24: SMSEMOA-random_dense-UX to SMSEMOA-greedy_multi-HUX', 'Equivalence_Line_25: RVEA-random_dense-2P to SMSEMOA-greedy_multi-2P', 'Equivalence_Line_26: RVEA-random_dense-1P to SMSEMOA-greedy_multi-1P', 'Equivalence_Line_27: RVEA-random_dense-HUX to RVEA-greedy_multi-HUX', 'Equivalence_Line_28: NSGA2-greedy_multi-HUX to RVEA-greedy_multi-2P', 'Equivalence_Line_29: SPEA2-greedy_multi-HUX to RVEA-greedy_multi-1P']"
NSGA2-greedy_ting-2P,2.4151666817028246,"['Equivalence_Line_1: NSGA2-greedy_ting-UX to RVEA-greedy_ting-UX', 'Equivalence_Line_2: NSGA2-greedy_ting-1P to RVEA-greedy_ting-HUX', 'Equivalence_Line_3: AGEMOEA2-greedy_ting-1P to NSGA2-random_dense-2P', 'Equivalence_Line_4: UNSGA3-greedy_ting-2P to NSGA3-random_dense-UX', 'Equivalence_Line_5: NSGA3-greedy_ting-2P to AGEMOEA2-random_dense-2P', 'Equivalence_Line_6: UNSGA3-greedy_ting-1P to NSGA2-random_dense-1P', 'Equivalence_Line_7: SMSEMOA-greedy_ting-UX to SPEA2-random_dense-UX', 'Equivalence_Line_8: SMSEMOA-greedy_ting-HUX to AGEMOEA2-random_dense-1P', 'Equivalence_Line_9: NSGA3-greedy_ting-HUX to SPEA2-random_dense-1P', 'Equivalence_Line_10: NSGA2-random_dense-HUX to SPEA2-random_dense-2P', 'Equivalence_Line_11: SPEA2-greedy_ting-UX to NSGA3-random_dense-1P', 'Equivalence_Line_12: AGEMOEA2-greedy_ting-UX to SMSEMOA-random_dense-2P', 'Equivalence_Line_13: SPEA2-greedy_ting-2P to SMSEMOA-random_dense-HUX', 'Equivalence_Line_14: RVEA-greedy_ting-HUX to RVEA-random_dense-1P', 'Equivalence_Line_15: NSGA2-random_dense-2P to RVEA-random_dense-UX', 'Equivalence_Line_16: NSGA3-random_dense-HUX to SPEA2-greedy_multi-HUX', 'Equivalence_Line_17: AGEMOEA2-random_dense-UX to SPEA2-greedy_multi-UX', 'Equivalence_Line_18: AGEMOEA2-random_dense-2P to AGEMOEA2-greedy_multi-HUX', 'Equivalence_Line_19: NSGA3-random_dense-2P to NSGA2-greedy_multi-1P', 'Equivalence_Line_20: RVEA-greedy_ting-2P to AGEMOEA2-greedy_multi-2P', 'Equivalence_Line_21: UNSGA3-random_dense-1P to AGEMOEA2-greedy_multi-1P', 'Equivalence_Line_22: SMSEMOA-random_dense-2P to UNSGA3-greedy_multi-1P', 'Equivalence_Line_23: SMSEMOA-random_dense-1P to SMSEMOA-greedy_multi-UX', 'Equivalence_Line_24: SMSEMOA-random_dense-UX to SMSEMOA-greedy_multi-HUX', 'Equivalence_Line_25: RVEA-random_dense-2P to SMSEMOA-greedy_multi-2P', 'Equivalence_Line_26: RVEA-random_dense-1P to SMSEMOA-greedy_multi-1P', 'Equivalence_Line_27: RVEA-random_dense-HUX to RVEA-greedy_multi-HUX', 'Equivalence_Line_28: NSGA2-greedy_multi-HUX to RVEA-greedy_multi-2P', 'Equivalence_Line_29: SPEA2-greedy_multi-HUX to RVEA-greedy_multi-1P']"
NSGA2-greedy_ting-1P,2.344916036491191,"['Equivalence_Line_1: NSGA2-greedy_ting-UX to RVEA-greedy_ting-UX', 'Equivalence_Line_2: NSGA2-greedy_ting-1P to RVEA-greedy_ting-HUX', 'Equivalence_Line_3: AGEMOEA2-greedy_ting-1P to NSGA2-random_dense-2P', 'Equivalence_Line_4: UNSGA3-greedy_ting-2P to NSGA3-random_dense-UX', 'Equivalence_Line_5: NSGA3-greedy_ting-2P to AGEMOEA2-random_dense-2P', 'Equivalence_Line_6: UNSGA3-greedy_ting-1P to NSGA2-random_dense-1P', 'Equivalence_Line_7: SMSEMOA-greedy_ting-UX to SPEA2-random_dense-UX', 'Equivalence_Line_8: SMSEMOA-greedy_ting-HUX to AGEMOEA2-random_dense-1P', 'Equivalence_Line_9: NSGA3-greedy_ting-HUX to SPEA2-random_dense-1P', 'Equivalence_Line_10: NSGA2-random_dense-HUX to SPEA2-random_dense-2P', 'Equivalence_Line_11: SPEA2-greedy_ting-UX to NSGA3-random_dense-1P', 'Equivalence_Line_12: AGEMOEA2-greedy_ting-UX to SMSEMOA-random_dense-2P', 'Equivalence_Line_13: SPEA2-greedy_ting-2P to SMSEMOA-random_dense-HUX', 'Equivalence_Line_14: RVEA-greedy_ting-HUX to RVEA-random_dense-1P', 'Equivalence_Line_15: NSGA2-random_dense-2P to RVEA-random_dense-UX', 'Equivalence_Line_16: NSGA3-random_dense-HUX to SPEA2-greedy_multi-HUX', 'Equivalence_Line_17: AGEMOEA2-random_dense-UX to SPEA2-greedy_multi-UX', 'Equivalence_Line_18: AGEMOEA2-random_dense-2P to AGEMOEA2-greedy_multi-HUX', 'Equivalence_Line_19: NSGA3-random_dense-2P to NSGA2-greedy_multi-1P', 'Equivalence_Line_20: RVEA-greedy_ting-2P to AGEMOEA2-greedy_multi-2P', 'Equivalence_Line_21: UNSGA3-random_dense-1P to AGEMOEA2-greedy_multi-1P', 'Equivalence_Line_22: SMSEMOA-random_dense-2P to UNSGA3-greedy_multi-1P', 'Equivalence_Line_23: SMSEMOA-random_dense-1P to SMSEMOA-greedy_multi-UX', 'Equivalence_Line_24: SMSEMOA-random_dense-UX to SMSEMOA-greedy_multi-HUX', 'Equivalence_Line_25: RVEA-random_dense-2P to SMSEMOA-greedy_multi-2P', 'Equivalence_Line_26: RVEA-random_dense-1P to SMSEMOA-greedy_multi-1P', 'Equivalence_Line_27: RVEA-random_dense-HUX to RVEA-greedy_multi-HUX', 'Equivalence_Line_28: NSGA2-greedy_multi-HUX to RVEA-greedy_multi-2P', 'Equivalence_Line_29: SPEA2-greedy_multi-HUX to RVEA-greedy_multi-1P']"
AGEMOEA2-greedy_ting-1P,2.236251836279098,"['Equivalence_Line_1: NSGA2-greedy_ting-UX to RVEA-greedy_ting-UX', 'Equivalence_Line_2: NSGA2-greedy_ting-1P to RVEA-greedy_ting-HUX', 'Equivalence_Line_3: AGEMOEA2-greedy_ting-1P to NSGA2-random_dense-2P', 'Equivalence_Line_4: UNSGA3-greedy_ting-2P to NSGA3-random_dense-UX', 'Equivalence_Line_5: NSGA3-greedy_ting-2P to AGEMOEA2-random_dense-2P', 'Equivalence_Line_6: UNSGA3-greedy_ting-1P to NSGA2-random_dense-1P', 'Equivalence_Line_7: SMSEMOA-greedy_ting-UX to SPEA2-random_dense-UX', 'Equivalence_Line_8: SMSEMOA-greedy_ting-HUX to AGEMOEA2-random_dense-1P', 'Equivalence_Line_9: NSGA3-greedy_ting-HUX to SPEA2-random_dense-1P', 'Equivalence_Line_10: NSGA2-random_dense-HUX to SPEA2-random_dense-2P', 'Equivalence_Line_11: SPEA2-greedy_ting-UX to NSGA3-random_dense-1P', 'Equivalence_Line_12: AGEMOEA2-greedy_ting-UX to SMSEMOA-random_dense-2P', 'Equivalence_Line_13: SPEA2-greedy_ting-2P to SMSEMOA-random_dense-HUX', 'Equivalence_Line_14: RVEA-greedy_ting-HUX to RVEA-random_dense-1P', 'Equivalence_Line_15: NSGA2-random_dense-2P to RVEA-random_dense-UX', 'Equivalence_Line_16: NSGA3-random_dense-HUX to SPEA2-greedy_multi-HUX', 'Equivalence_Line_17: AGEMOEA2-random_dense-UX to SPEA2-greedy_multi-UX', 'Equivalence_Line_18: AGEMOEA2-random_dense-2P to AGEMOEA2-greedy_multi-HUX', 'Equivalence_Line_19: NSGA3-random_dense-2P to NSGA2-greedy_multi-1P', 'Equivalence_Line_20: RVEA-greedy_ting-2P to AGEMOEA2-greedy_multi-2P', 'Equivalence_Line_21: UNSGA3-random_dense-1P to AGEMOEA2-greedy_multi-1P', 'Equivalence_Line_22: SMSEMOA-random_dense-2P to UNSGA3-greedy_multi-1P', 'Equivalence_Line_23: SMSEMOA-random_dense-1P to SMSEMOA-greedy_multi-UX', 'Equivalence_Line_24: SMSEMOA-random_dense-UX to SMSEMOA-greedy_multi-HUX', 'Equivalence_Line_25: RVEA-random_dense-2P to SMSEMOA-greedy_multi-2P', 'Equivalence_Line_26: RVEA-random_dense-1P to SMSEMOA-greedy_multi-1P', 'Equivalence_Line_27: RVEA-random_dense-HUX to RVEA-greedy_multi-HUX', 'Equivalence_Line_28: NSGA2-greedy_multi-HUX to RVEA-greedy_multi-2P', 'Equivalence_Line_29: SPEA2-greedy_multi-HUX to RVEA-greedy_multi-1P']"
AGEMOEA2-greedy_ting-2P,2.235841543806733,"['Equivalence_Line_1: NSGA2-greedy_ting-UX to RVEA-greedy_ting-UX', 'Equivalence_Line_2: NSGA2-greedy_ting-1P to RVEA-greedy_ting-HUX', 'Equivalence_Line_3: AGEMOEA2-greedy_ting-1P to NSGA2-random_dense-2P', 'Equivalence_Line_4: UNSGA3-greedy_ting-2P to NSGA3-random_dense-UX', 'Equivalence_Line_5: NSGA3-greedy_ting-2P to AGEMOEA2-random_dense-2P', 'Equivalence_Line_6: UNSGA3-greedy_ting-1P to NSGA2-random_dense-1P', 'Equivalence_Line_7: SMSEMOA-greedy_ting-UX to SPEA2-random_dense-UX', 'Equivalence_Line_8: SMSEMOA-greedy_ting-HUX to AGEMOEA2-random_dense-1P', 'Equivalence_Line_9: NSGA3-greedy_ting-HUX to SPEA2-random_dense-1P', 'Equivalence_Line_10: NSGA2-random_dense-HUX to SPEA2-random_dense-2P', 'Equivalence_Line_11: SPEA2-greedy_ting-UX to NSGA3-random_dense-1P', 'Equivalence_Line_12: AGEMOEA2-greedy_ting-UX to SMSEMOA-random_dense-2P', 'Equivalence_Line_13: SPEA2-greedy_ting-2P to SMSEMOA-random_dense-HUX', 'Equivalence_Line_14: RVEA-greedy_ting-HUX to RVEA-random_dense-1P', 'Equivalence_Line_15: NSGA2-random_dense-2P to RVEA-random_dense-UX', 'Equivalence_Line_16: NSGA3-random_dense-HUX to SPEA2-greedy_multi-HUX', 'Equivalence_Line_17: AGEMOEA2-random_dense-UX to SPEA2-greedy_multi-UX', 'Equivalence_Line_18: AGEMOEA2-random_dense-2P to AGEMOEA2-greedy_multi-HUX', 'Equivalence_Line_19: NSGA3-random_dense-2P to NSGA2-greedy_multi-1P', 'Equivalence_Line_20: RVEA-greedy_ting-2P to AGEMOEA2-greedy_multi-2P', 'Equivalence_Line_21: UNSGA3-random_dense-1P to AGEMOEA2-greedy_multi-1P', 'Equivalence_Line_22: SMSEMOA-random_dense-2P to UNSGA3-greedy_multi-1P', 'Equivalence_Line_23: SMSEMOA-random_dense-1P to SMSEMOA-greedy_multi-UX', 'Equivalence_Line_24: SMSEMOA-random_dense-UX to SMSEMOA-greedy_multi-HUX', 'Equivalence_Line_25: RVEA-random_dense-2P to SMSEMOA-greedy_multi-2P', 'Equivalence_Line_26: RVEA-random_dense-1P to SMSEMOA-greedy_multi-1P', 'Equivalence_Line_27: RVEA-random_dense-HUX to RVEA-greedy_multi-HUX', 'Equivalence_Line_28: NSGA2-greedy_multi-HUX to RVEA-greedy_multi-2P', 'Equivalence_Line_29: SPEA2-greedy_multi-HUX to RVEA-greedy_multi-1P']"
UNSGA3-greedy_ting-2P,2.1450496970929893,"['Equivalence_Line_1: NSGA2-greedy_ting-UX to RVEA-greedy_ting-UX', 'Equivalence_Line_2: NSGA2-greedy_ting-1P to RVEA-greedy_ting-HUX', 'Equivalence_Line_3: AGEMOEA2-greedy_ting-1P to NSGA2-random_dense-2P', 'Equivalence_Line_4: UNSGA3-greedy_ting-2P to NSGA3-random_dense-UX', 'Equivalence_Line_5: NSGA3-greedy_ting-2P to AGEMOEA2-random_dense-2P', 'Equivalence_Line_6: UNSGA3-greedy_ting-1P to NSGA2-random_dense-1P', 'Equivalence_Line_7: SMSEMOA-greedy_ting-UX to SPEA2-random_dense-UX', 'Equivalence_Line_8: SMSEMOA-greedy_ting-HUX to AGEMOEA2-random_dense-1P', 'Equivalence_Line_9: NSGA3-greedy_ting-HUX to SPEA2-random_dense-1P', 'Equivalence_Line_10: NSGA2-random_dense-HUX to SPEA2-random_dense-2P', 'Equivalence_Line_11: SPEA2-greedy_ting-UX to NSGA3-random_dense-1P', 'Equivalence_Line_12: AGEMOEA2-greedy_ting-UX to SMSEMOA-random_dense-2P', 'Equivalence_Line_13: SPEA2-greedy_ting-2P to SMSEMOA-random_dense-HUX', 'Equivalence_Line_14: RVEA-greedy_ting-HUX to RVEA-random_dense-1P', 'Equivalence_Line_15: NSGA2-random_dense-2P to RVEA-random_dense-UX', 'Equivalence_Line_16: NSGA3-random_dense-HUX to SPEA2-greedy_multi-HUX', 'Equivalence_Line_17: AGEMOEA2-random_dense-UX to SPEA2-greedy_multi-UX', 'Equivalence_Line_18: AGEMOEA2-random_dense-2P to AGEMOEA2-greedy_multi-HUX', 'Equivalence_Line_19: NSGA3-random_dense-2P to NSGA2-greedy_multi-1P', 'Equivalence_Line_20: RVEA-greedy_ting-2P to AGEMOEA2-greedy_multi-2P', 'Equivalence_Line_21: UNSGA3-random_dense-1P to AGEMOEA2-greedy_multi-1P', 'Equivalence_Line_22: SMSEMOA-random_dense-2P to UNSGA3-greedy_multi-1P', 'Equivalence_Line_23: SMSEMOA-random_dense-1P to SMSEMOA-greedy_multi-UX', 'Equivalence_Line_24: SMSEMOA-random_dense-UX to SMSEMOA-greedy_multi-HUX', 'Equivalence_Line_25: RVEA-random_dense-2P to SMSEMOA-greedy_multi-2P', 'Equivalence_Line_26: RVEA-random_dense-1P to SMSEMOA-greedy_multi-1P', 'Equivalence_Line_27: RVEA-random_dense-HUX to RVEA-greedy_multi-HUX', 'Equivalence_Line_28: NSGA2-greedy_multi-HUX to RVEA-greedy_multi-2P', 'Equivalence_Line_29: SPEA2-greedy_multi-HUX to RVEA-greedy_multi-1P']"
NSGA3-greedy_ting-2P,2.116866039415575,"['Equivalence_Line_1: NSGA2-greedy_ting-UX to RVEA-greedy_ting-UX', 'Equivalence_Line_2: NSGA2-greedy_ting-1P to RVEA-greedy_ting-HUX', 'Equivalence_Line_3: AGEMOEA2-greedy_ting-1P to NSGA2-random_dense-2P', 'Equivalence_Line_4: UNSGA3-greedy_ting-2P to NSGA3-random_dense-UX', 'Equivalence_Line_5: NSGA3-greedy_ting-2P to AGEMOEA2-random_dense-2P', 'Equivalence_Line_6: UNSGA3-greedy_ting-1P to NSGA2-random_dense-1P', 'Equivalence_Line_7: SMSEMOA-greedy_ting-UX to SPEA2-random_dense-UX', 'Equivalence_Line_8: SMSEMOA-greedy_ting-HUX to AGEMOEA2-random_dense-1P', 'Equivalence_Line_9: NSGA3-greedy_ting-HUX to SPEA2-random_dense-1P', 'Equivalence_Line_10: NSGA2-random_dense-HUX to SPEA2-random_dense-2P', 'Equivalence_Line_11: SPEA2-greedy_ting-UX to NSGA3-random_dense-1P', 'Equivalence_Line_12: AGEMOEA2-greedy_ting-UX to SMSEMOA-random_dense-2P', 'Equivalence_Line_13: SPEA2-greedy_ting-2P to SMSEMOA-random_dense-HUX', 'Equivalence_Line_14: RVEA-greedy_ting-HUX to RVEA-random_dense-1P', 'Equivalence_Line_15: NSGA2-random_dense-2P to RVEA-random_dense-UX', 'Equivalence_Line_16: NSGA3-random_dense-HUX to SPEA2-greedy_multi-HUX', 'Equivalence_Line_17: AGEMOEA2-random_dense-UX to SPEA2-greedy_multi-UX', 'Equivalence_Line_18: AGEMOEA2-random_dense-2P to AGEMOEA2-greedy_multi-HUX', 'Equivalence_Line_19: NSGA3-random_dense-2P to NSGA2-greedy_multi-1P', 'Equivalence_Line_20: RVEA-greedy_ting-2P to AGEMOEA2-greedy_multi-2P', 'Equivalence_Line_21: UNSGA3-random_dense-1P to AGEMOEA2-greedy_multi-1P', 'Equivalence_Line_22: SMSEMOA-random_dense-2P to UNSGA3-greedy_multi-1P', 'Equivalence_Line_23: SMSEMOA-random_dense-1P to SMSEMOA-greedy_multi-UX', 'Equivalence_Line_24: SMSEMOA-random_dense-UX to SMSEMOA-greedy_multi-HUX', 'Equivalence_Line_25: RVEA-random_dense-2P to SMSEMOA-greedy_multi-2P', 'Equivalence_Line_26: RVEA-random_dense-1P to SMSEMOA-greedy_multi-1P', 'Equivalence_Line_27: RVEA-random_dense-HUX to RVEA-greedy_multi-HUX', 'Equivalence_Line_28: NSGA2-greedy_multi-HUX to RVEA-greedy_multi-2P', 'Equivalence_Line_29: SPEA2-greedy_multi-HUX to RVEA-greedy_multi-1P']"
UNSGA3-greedy_ting-1P,2.0891921724855247,"['Equivalence_Line_1: NSGA2-greedy_ting-UX to RVEA-greedy_ting-UX', 'Equivalence_Line_2: NSGA2-greedy_ting-1P to RVEA-greedy_ting-HUX', 'Equivalence_Line_3: AGEMOEA2-greedy_ting-1P to NSGA2-random_dense-2P', 'Equivalence_Line_4: UNSGA3-greedy_ting-2P to NSGA3-random_dense-UX', 'Equivalence_Line_5: NSGA3-greedy_ting-2P to AGEMOEA2-random_dense-2P', 'Equivalence_Line_6: UNSGA3-greedy_ting-1P to NSGA2-random_dense-1P', 'Equivalence_Line_7: SMSEMOA-greedy_ting-UX to SPEA2-random_dense-UX', 'Equivalence_Line_8: SMSEMOA-greedy_ting-HUX to AGEMOEA2-random_dense-1P', 'Equivalence_Line_9: NSGA3-greedy_ting-HUX to SPEA2-random_dense-1P', 'Equivalence_Line_10: NSGA2-random_dense-HUX to SPEA2-random_dense-2P', 'Equivalence_Line_11: SPEA2-greedy_ting-UX to NSGA3-random_dense-1P', 'Equivalence_Line_12: AGEMOEA2-greedy_ting-UX to SMSEMOA-random_dense-2P', 'Equivalence_Line_13: SPEA2-greedy_ting-2P to SMSEMOA-random_dense-HUX', 'Equivalence_Line_14: RVEA-greedy_ting-HUX to RVEA-random_dense-1P', 'Equivalence_Line_15: NSGA2-random_dense-2P to RVEA-random_dense-UX', 'Equivalence_Line_16: NSGA3-random_dense-HUX to SPEA2-greedy_multi-HUX', 'Equivalence_Line_17: AGEMOEA2-random_dense-UX to SPEA2-greedy_multi-UX', 'Equivalence_Line_18: AGEMOEA2-random_dense-2P to AGEMOEA2-greedy_multi-HUX', 'Equivalence_Line_19: NSGA3-random_dense-2P to NSGA2-greedy_multi-1P', 'Equivalence_Line_20: RVEA-greedy_ting-2P to AGEMOEA2-greedy_multi-2P', 'Equivalence_Line_21: UNSGA3-random_dense-1P to AGEMOEA2-greedy_multi-1P', 'Equivalence_Line_22: SMSEMOA-random_dense-2P to UNSGA3-greedy_multi-1P', 'Equivalence_Line_23: SMSEMOA-random_dense-1P to SMSEMOA-greedy_multi-UX', 'Equivalence_Line_24: SMSEMOA-random_dense-UX to SMSEMOA-greedy_multi-HUX', 'Equivalence_Line_25: RVEA-random_dense-2P to SMSEMOA-greedy_multi-2P', 'Equivalence_Line_26: RVEA-random_dense-1P to SMSEMOA-greedy_multi-1P', 'Equivalence_Line_27: RVEA-random_dense-HUX to RVEA-greedy_multi-HUX', 'Equivalence_Line_28: NSGA2-greedy_multi-HUX to RVEA-greedy_multi-2P', 'Equivalence_Line_29: SPEA2-greedy_multi-HUX to RVEA-greedy_multi-1P']"
NSGA3-greedy_ting-1P,2.088855259532304,"['Equivalence_Line_1: NSGA2-greedy_ting-UX to RVEA-greedy_ting-UX', 'Equivalence_Line_2: NSGA2-greedy_ting-1P to RVEA-greedy_ting-HUX', 'Equivalence_Line_3: AGEMOEA2-greedy_ting-1P to NSGA2-random_dense-2P', 'Equivalence_Line_4: UNSGA3-greedy_ting-2P to NSGA3-random_dense-UX', 'Equivalence_Line_5: NSGA3-greedy_ting-2P to AGEMOEA2-random_dense-2P', 'Equivalence_Line_6: UNSGA3-greedy_ting-1P to NSGA2-random_dense-1P', 'Equivalence_Line_7: SMSEMOA-greedy_ting-UX to SPEA2-random_dense-UX', 'Equivalence_Line_8: SMSEMOA-greedy_ting-HUX to AGEMOEA2-random_dense-1P', 'Equivalence_Line_9: NSGA3-greedy_ting-HUX to SPEA2-random_dense-1P', 'Equivalence_Line_10: NSGA2-random_dense-HUX to SPEA2-random_dense-2P', 'Equivalence_Line_11: SPEA2-greedy_ting-UX to NSGA3-random_dense-1P', 'Equivalence_Line_12: AGEMOEA2-greedy_ting-UX to SMSEMOA-random_dense-2P', 'Equivalence_Line_13: SPEA2-greedy_ting-2P to SMSEMOA-random_dense-HUX', 'Equivalence_Line_14: RVEA-greedy_ting-HUX to RVEA-random_dense-1P', 'Equivalence_Line_15: NSGA2-random_dense-2P to RVEA-random_dense-UX', 'Equivalence_Line_16: NSGA3-random_dense-HUX to SPEA2-greedy_multi-HUX', 'Equivalence_Line_17: AGEMOEA2-random_dense-UX to SPEA2-greedy_multi-UX', 'Equivalence_Line_18: AGEMOEA2-random_dense-2P to AGEMOEA2-greedy_multi-HUX', 'Equivalence_Line_19: NSGA3-random_dense-2P to NSGA2-greedy_multi-1P', 'Equivalence_Line_20: RVEA-greedy_ting-2P to AGEMOEA2-greedy_multi-2P', 'Equivalence_Line_21: UNSGA3-random_dense-1P to AGEMOEA2-greedy_multi-1P', 'Equivalence_Line_22: SMSEMOA-random_dense-2P to UNSGA3-greedy_multi-1P', 'Equivalence_Line_23: SMSEMOA-random_dense-1P to SMSEMOA-greedy_multi-UX', 'Equivalence_Line_24: SMSEMOA-random_dense-UX to SMSEMOA-greedy_multi-HUX', 'Equivalence_Line_25: RVEA-random_dense-2P to SMSEMOA-greedy_multi-2P', 'Equivalence_Line_26: RVEA-random_dense-1P to SMSEMOA-greedy_multi-1P', 'Equivalence_Line_27: RVEA-random_dense-HUX to RVEA-greedy_multi-HUX', 'Equivalence_Line_28: NSGA2-greedy_multi-HUX to RVEA-greedy_multi-2P', 'Equivalence_Line_29: SPEA2-greedy_multi-HUX to RVEA-greedy_multi-1P']"
SMSEMOA-greedy_ting-2P,2.079296098864133,"['Equivalence_Line_1: NSGA2-greedy_ting-UX to RVEA-greedy_ting-UX', 'Equivalence_Line_2: NSGA2-greedy_ting-1P to RVEA-greedy_ting-HUX', 'Equivalence_Line_3: AGEMOEA2-greedy_ting-1P to NSGA2-random_dense-2P', 'Equivalence_Line_4: UNSGA3-greedy_ting-2P to NSGA3-random_dense-UX', 'Equivalence_Line_5: NSGA3-greedy_ting-2P to AGEMOEA2-random_dense-2P', 'Equivalence_Line_6: UNSGA3-greedy_ting-1P to NSGA2-random_dense-1P', 'Equivalence_Line_7: SMSEMOA-greedy_ting-UX to SPEA2-random_dense-UX', 'Equivalence_Line_8: SMSEMOA-greedy_ting-HUX to AGEMOEA2-random_dense-1P', 'Equivalence_Line_9: NSGA3-greedy_ting-HUX to SPEA2-random_dense-1P', 'Equivalence_Line_10: NSGA2-random_dense-HUX to SPEA2-random_dense-2P', 'Equivalence_Line_11: SPEA2-greedy_ting-UX to NSGA3-random_dense-1P', 'Equivalence_Line_12: AGEMOEA2-greedy_ting-UX to SMSEMOA-random_dense-2P', 'Equivalence_Line_13: SPEA2-greedy_ting-2P to SMSEMOA-random_dense-HUX', 'Equivalence_Line_14: RVEA-greedy_ting-HUX to RVEA-random_dense-1P', 'Equivalence_Line_15: NSGA2-random_dense-2P to RVEA-random_dense-UX', 'Equivalence_Line_16: NSGA3-random_dense-HUX to SPEA2-greedy_multi-HUX', 'Equivalence_Line_17: AGEMOEA2-random_dense-UX to SPEA2-greedy_multi-UX', 'Equivalence_Line_18: AGEMOEA2-random_dense-2P to AGEMOEA2-greedy_multi-HUX', 'Equivalence_Line_19: NSGA3-random_dense-2P to NSGA2-greedy_multi-1P', 'Equivalence_Line_20: RVEA-greedy_ting-2P to AGEMOEA2-greedy_multi-2P', 'Equivalence_Line_21: UNSGA3-random_dense-1P to AGEMOEA2-greedy_multi-1P', 'Equivalence_Line_22: SMSEMOA-random_dense-2P to UNSGA3-greedy_multi-1P', 'Equivalence_Line_23: SMSEMOA-random_dense-1P to SMSEMOA-greedy_multi-UX', 'Equivalence_Line_24: SMSEMOA-random_dense-UX to SMSEMOA-greedy_multi-HUX', 'Equivalence_Line_25: RVEA-random_dense-2P to SMSEMOA-greedy_multi-2P', 'Equivalence_Line_26: RVEA-random_dense-1P to SMSEMOA-greedy_multi-1P', 'Equivalence_Line_27: RVEA-random_dense-HUX to RVEA-greedy_multi-HUX', 'Equivalence_Line_28: NSGA2-greedy_multi-HUX to RVEA-greedy_multi-2P', 'Equivalence_Line_29: SPEA2-greedy_multi-HUX to RVEA-greedy_multi-1P']"
SMSEMOA-greedy_ting-1P,2.072008856890533,"['Equivalence_Line_1: NSGA2-greedy_ting-UX to RVEA-greedy_ting-UX', 'Equivalence_Line_2: NSGA2-greedy_ting-1P to RVEA-greedy_ting-HUX', 'Equivalence_Line_3: AGEMOEA2-greedy_ting-1P to NSGA2-random_dense-2P', 'Equivalence_Line_4: UNSGA3-greedy_ting-2P to NSGA3-random_dense-UX', 'Equivalence_Line_5: NSGA3-greedy_ting-2P to AGEMOEA2-random_dense-2P', 'Equivalence_Line_6: UNSGA3-greedy_ting-1P to NSGA2-random_dense-1P', 'Equivalence_Line_7: SMSEMOA-greedy_ting-UX to SPEA2-random_dense-UX', 'Equivalence_Line_8: SMSEMOA-greedy_ting-HUX to AGEMOEA2-random_dense-1P', 'Equivalence_Line_9: NSGA3-greedy_ting-HUX to SPEA2-random_dense-1P', 'Equivalence_Line_10: NSGA2-random_dense-HUX to SPEA2-random_dense-2P', 'Equivalence_Line_11: SPEA2-greedy_ting-UX to NSGA3-random_dense-1P', 'Equivalence_Line_12: AGEMOEA2-greedy_ting-UX to SMSEMOA-random_dense-2P', 'Equivalence_Line_13: SPEA2-greedy_ting-2P to SMSEMOA-random_dense-HUX', 'Equivalence_Line_14: RVEA-greedy_ting-HUX to RVEA-random_dense-1P', 'Equivalence_Line_15: NSGA2-random_dense-2P to RVEA-random_dense-UX', 'Equivalence_Line_16: NSGA3-random_dense-HUX to SPEA2-greedy_multi-HUX', 'Equivalence_Line_17: AGEMOEA2-random_dense-UX to SPEA2-greedy_multi-UX', 'Equivalence_Line_18: AGEMOEA2-random_dense-2P to AGEMOEA2-greedy_multi-HUX', 'Equivalence_Line_19: NSGA3-random_dense-2P to NSGA2-greedy_multi-1P', 'Equivalence_Line_20: RVEA-greedy_ting-2P to AGEMOEA2-greedy_multi-2P', 'Equivalence_Line_21: UNSGA3-random_dense-1P to AGEMOEA2-greedy_multi-1P', 'Equivalence_Line_22: SMSEMOA-random_dense-2P to UNSGA3-greedy_multi-1P', 'Equivalence_Line_23: SMSEMOA-random_dense-1P to SMSEMOA-greedy_multi-UX', 'Equivalence_Line_24: SMSEMOA-random_dense-UX to SMSEMOA-greedy_multi-HUX', 'Equivalence_Line_25: RVEA-random_dense-2P to SMSEMOA-greedy_multi-2P', 'Equivalence_Line_26: RVEA-random_dense-1P to SMSEMOA-greedy_multi-1P', 'Equivalence_Line_27: RVEA-random_dense-HUX to RVEA-greedy_multi-HUX', 'Equivalence_Line_28: NSGA2-greedy_multi-HUX to RVEA-greedy_multi-2P', 'Equivalence_Line_29: SPEA2-greedy_multi-HUX to RVEA-greedy_multi-1P']"
SMSEMOA-greedy_ting-UX,2.0038683392034744,"['Equivalence_Line_1: NSGA2-greedy_ting-UX to RVEA-greedy_ting-UX', 'Equivalence_Line_2: NSGA2-greedy_ting-1P to RVEA-greedy_ting-HUX', 'Equivalence_Line_3: AGEMOEA2-greedy_ting-1P to NSGA2-random_dense-2P', 'Equivalence_Line_4: UNSGA3-greedy_ting-2P to NSGA3-random_dense-UX', 'Equivalence_Line_5: NSGA3-greedy_ting-2P to AGEMOEA2-random_dense-2P', 'Equivalence_Line_6: UNSGA3-greedy_ting-1P to NSGA2-random_dense-1P', 'Equivalence_Line_7: SMSEMOA-greedy_ting-UX to SPEA2-random_dense-UX', 'Equivalence_Line_8: SMSEMOA-greedy_ting-HUX to AGEMOEA2-random_dense-1P', 'Equivalence_Line_9: NSGA3-greedy_ting-HUX to SPEA2-random_dense-1P', 'Equivalence_Line_10: NSGA2-random_dense-HUX to SPEA2-random_dense-2P', 'Equivalence_Line_11: SPEA2-greedy_ting-UX to NSGA3-random_dense-1P', 'Equivalence_Line_12: AGEMOEA2-greedy_ting-UX to SMSEMOA-random_dense-2P', 'Equivalence_Line_13: SPEA2-greedy_ting-2P to SMSEMOA-random_dense-HUX', 'Equivalence_Line_14: RVEA-greedy_ting-HUX to RVEA-random_dense-1P', 'Equivalence_Line_15: NSGA2-random_dense-2P to RVEA-random_dense-UX', 'Equivalence_Line_16: NSGA3-random_dense-HUX to SPEA2-greedy_multi-HUX', 'Equivalence_Line_17: AGEMOEA2-random_dense-UX to SPEA2-greedy_multi-UX', 'Equivalence_Line_18: AGEMOEA2-random_dense-2P to AGEMOEA2-greedy_multi-HUX', 'Equivalence_Line_19: NSGA3-random_dense-2P to NSGA2-greedy_multi-1P', 'Equivalence_Line_20: RVEA-greedy_ting-2P to AGEMOEA2-greedy_multi-2P', 'Equivalence_Line_21: UNSGA3-random_dense-1P to AGEMOEA2-greedy_multi-1P', 'Equivalence_Line_22: SMSEMOA-random_dense-2P to UNSGA3-greedy_multi-1P', 'Equivalence_Line_23: SMSEMOA-random_dense-1P to SMSEMOA-greedy_multi-UX', 'Equivalence_Line_24: SMSEMOA-random_dense-UX to SMSEMOA-greedy_multi-HUX', 'Equivalence_Line_25: RVEA-random_dense-2P to SMSEMOA-greedy_multi-2P', 'Equivalence_Line_26: RVEA-random_dense-1P to SMSEMOA-greedy_multi-1P', 'Equivalence_Line_27: RVEA-random_dense-HUX to RVEA-greedy_multi-HUX', 'Equivalence_Line_28: NSGA2-greedy_multi-HUX to RVEA-greedy_multi-2P', 'Equivalence_Line_29: SPEA2-greedy_multi-HUX to RVEA-greedy_multi-1P']"
UNSGA3-greedy_ting-HUX,2.0009126535419925,"['Equivalence_Line_1: NSGA2-greedy_ting-UX to RVEA-greedy_ting-UX', 'Equivalence_Line_2: NSGA2-greedy_ting-1P to RVEA-greedy_ting-HUX', 'Equivalence_Line_3: AGEMOEA2-greedy_ting-1P to NSGA2-random_dense-2P', 'Equivalence_Line_4: UNSGA3-greedy_ting-2P to NSGA3-random_dense-UX', 'Equivalence_Line_5: NSGA3-greedy_ting-2P to AGEMOEA2-random_dense-2P', 'Equivalence_Line_6: UNSGA3-greedy_ting-1P to NSGA2-random_dense-1P', 'Equivalence_Line_7: SMSEMOA-greedy_ting-UX to SPEA2-random_dense-UX', 'Equivalence_Line_8: SMSEMOA-greedy_ting-HUX to AGEMOEA2-random_dense-1P', 'Equivalence_Line_9: NSGA3-greedy_ting-HUX to SPEA2-random_dense-1P', 'Equivalence_Line_10: NSGA2-random_dense-HUX to SPEA2-random_dense-2P', 'Equivalence_Line_11: SPEA2-greedy_ting-UX to NSGA3-random_dense-1P', 'Equivalence_Line_12: AGEMOEA2-greedy_ting-UX to SMSEMOA-random_dense-2P', 'Equivalence_Line_13: SPEA2-greedy_ting-2P to SMSEMOA-random_dense-HUX', 'Equivalence_Line_14: RVEA-greedy_ting-HUX to RVEA-random_dense-1P', 'Equivalence_Line_15: NSGA2-random_dense-2P to RVEA-random_dense-UX', 'Equivalence_Line_16: NSGA3-random_dense-HUX to SPEA2-greedy_multi-HUX', 'Equivalence_Line_17: AGEMOEA2-random_dense-UX to SPEA2-greedy_multi-UX', 'Equivalence_Line_18: AGEMOEA2-random_dense-2P to AGEMOEA2-greedy_multi-HUX', 'Equivalence_Line_19: NSGA3-random_dense-2P to NSGA2-greedy_multi-1P', 'Equivalence_Line_20: RVEA-greedy_ting-2P to AGEMOEA2-greedy_multi-2P', 'Equivalence_Line_21: UNSGA3-random_dense-1P to AGEMOEA2-greedy_multi-1P', 'Equivalence_Line_22: SMSEMOA-random_dense-2P to UNSGA3-greedy_multi-1P', 'Equivalence_Line_23: SMSEMOA-random_dense-1P to SMSEMOA-greedy_multi-UX', 'Equivalence_Line_24: SMSEMOA-random_dense-UX to SMSEMOA-greedy_multi-HUX', 'Equivalence_Line_25: RVEA-random_dense-2P to SMSEMOA-greedy_multi-2P', 'Equivalence_Line_26: RVEA-random_dense-1P to SMSEMOA-greedy_multi-1P', 'Equivalence_Line_27: RVEA-random_dense-HUX to RVEA-greedy_multi-HUX', 'Equivalence_Line_28: NSGA2-greedy_multi-HUX to RVEA-greedy_multi-2P', 'Equivalence_Line_29: SPEA2-greedy_multi-HUX to RVEA-greedy_multi-1P']"
NSGA3-greedy_ting-UX,1.9999655304116886,"['Equivalence_Line_1: NSGA2-greedy_ting-UX to RVEA-greedy_ting-UX', 'Equivalence_Line_2: NSGA2-greedy_ting-1P to RVEA-greedy_ting-HUX', 'Equivalence_Line_3: AGEMOEA2-greedy_ting-1P to NSGA2-random_dense-2P', 'Equivalence_Line_4: UNSGA3-greedy_ting-2P to NSGA3-random_dense-UX', 'Equivalence_Line_5: NSGA3-greedy_ting-2P to AGEMOEA2-random_dense-2P', 'Equivalence_Line_6: UNSGA3-greedy_ting-1P to NSGA2-random_dense-1P', 'Equivalence_Line_7: SMSEMOA-greedy_ting-UX to SPEA2-random_dense-UX', 'Equivalence_Line_8: SMSEMOA-greedy_ting-HUX to AGEMOEA2-random_dense-1P', 'Equivalence_Line_9: NSGA3-greedy_ting-HUX to SPEA2-random_dense-1P', 'Equivalence_Line_10: NSGA2-random_dense-HUX to SPEA2-random_dense-2P', 'Equivalence_Line_11: SPEA2-greedy_ting-UX to NSGA3-random_dense-1P', 'Equivalence_Line_12: AGEMOEA2-greedy_ting-UX to SMSEMOA-random_dense-2P', 'Equivalence_Line_13: SPEA2-greedy_ting-2P to SMSEMOA-random_dense-HUX', 'Equivalence_Line_14: RVEA-greedy_ting-HUX to RVEA-random_dense-1P', 'Equivalence_Line_15: NSGA2-random_dense-2P to RVEA-random_dense-UX', 'Equivalence_Line_16: NSGA3-random_dense-HUX to SPEA2-greedy_multi-HUX', 'Equivalence_Line_17: AGEMOEA2-random_dense-UX to SPEA2-greedy_multi-UX', 'Equivalence_Line_18: AGEMOEA2-random_dense-2P to AGEMOEA2-greedy_multi-HUX', 'Equivalence_Line_19: NSGA3-random_dense-2P to NSGA2-greedy_multi-1P', 'Equivalence_Line_20: RVEA-greedy_ting-2P to AGEMOEA2-greedy_multi-2P', 'Equivalence_Line_21: UNSGA3-random_dense-1P to AGEMOEA2-greedy_multi-1P', 'Equivalence_Line_22: SMSEMOA-random_dense-2P to UNSGA3-greedy_multi-1P', 'Equivalence_Line_23: SMSEMOA-random_dense-1P to SMSEMOA-greedy_multi-UX', 'Equivalence_Line_24: SMSEMOA-random_dense-UX to SMSEMOA-greedy_multi-HUX', 'Equivalence_Line_25: RVEA-random_dense-2P to SMSEMOA-greedy_multi-2P', 'Equivalence_Line_26: RVEA-random_dense-1P to SMSEMOA-greedy_multi-1P', 'Equivalence_Line_27: RVEA-random_dense-HUX to RVEA-greedy_multi-HUX', 'Equivalence_Line_28: NSGA2-greedy_multi-HUX to RVEA-greedy_multi-2P', 'Equivalence_Line_29: SPEA2-greedy_multi-HUX to RVEA-greedy_multi-1P']"
UNSGA3-greedy_ting-UX,1.9997774973252846,"['Equivalence_Line_1: NSGA2-greedy_ting-UX to RVEA-greedy_ting-UX', 'Equivalence_Line_2: NSGA2-greedy_ting-1P to RVEA-greedy_ting-HUX', 'Equivalence_Line_3: AGEMOEA2-greedy_ting-1P to NSGA2-random_dense-2P', 'Equivalence_Line_4: UNSGA3-greedy_ting-2P to NSGA3-random_dense-UX', 'Equivalence_Line_5: NSGA3-greedy_ting-2P to AGEMOEA2-random_dense-2P', 'Equivalence_Line_6: UNSGA3-greedy_ting-1P to NSGA2-random_dense-1P', 'Equivalence_Line_7: SMSEMOA-greedy_ting-UX to SPEA2-random_dense-UX', 'Equivalence_Line_8: SMSEMOA-greedy_ting-HUX to AGEMOEA2-random_dense-1P', 'Equivalence_Line_9: NSGA3-greedy_ting-HUX to SPEA2-random_dense-1P', 'Equivalence_Line_10: NSGA2-random_dense-HUX to SPEA2-random_dense-2P', 'Equivalence_Line_11: SPEA2-greedy_ting-UX to NSGA3-random_dense-1P', 'Equivalence_Line_12: AGEMOEA2-greedy_ting-UX to SMSEMOA-random_dense-2P', 'Equivalence_Line_13: SPEA2-greedy_ting-2P to SMSEMOA-random_dense-HUX', 'Equivalence_Line_14: RVEA-greedy_ting-HUX to RVEA-random_dense-1P', 'Equivalence_Line_15: NSGA2-random_dense-2P to RVEA-random_dense-UX', 'Equivalence_Line_16: NSGA3-random_dense-HUX to SPEA2-greedy_multi-HUX', 'Equivalence_Line_17: AGEMOEA2-random_dense-UX to SPEA2-greedy_multi-UX', 'Equivalence_Line_18: AGEMOEA2-random_dense-2P to AGEMOEA2-greedy_multi-HUX', 'Equivalence_Line_19: NSGA3-random_dense-2P to NSGA2-greedy_multi-1P', 'Equivalence_Line_20: RVEA-greedy_ting-2P to AGEMOEA2-greedy_multi-2P', 'Equivalence_Line_21: UNSGA3-random_dense-1P to AGEMOEA2-greedy_multi-1P', 'Equivalence_Line_22: SMSEMOA-random_dense-2P to UNSGA3-greedy_multi-1P', 'Equivalence_Line_23: SMSEMOA-random_dense-1P to SMSEMOA-greedy_multi-UX', 'Equivalence_Line_24: SMSEMOA-random_dense-UX to SMSEMOA-greedy_multi-HUX', 'Equivalence_Line_25: RVEA-random_dense-2P to SMSEMOA-greedy_multi-2P', 'Equivalence_Line_26: RVEA-random_dense-1P to SMSEMOA-greedy_multi-1P', 'Equivalence_Line_27: RVEA-random_dense-HUX to RVEA-greedy_multi-HUX', 'Equivalence_Line_28: NSGA2-greedy_multi-HUX to RVEA-greedy_multi-2P', 'Equivalence_Line_29: SPEA2-greedy_multi-HUX to RVEA-greedy_multi-1P']"
SMSEMOA-greedy_ting-HUX,1.9987022176343825,"['Equivalence_Line_1: NSGA2-greedy_ting-UX to RVEA-greedy_ting-UX', 'Equivalence_Line_2: NSGA2-greedy_ting-1P to RVEA-greedy_ting-HUX', 'Equivalence_Line_3: AGEMOEA2-greedy_ting-1P to NSGA2-random_dense-2P', 'Equivalence_Line_4: UNSGA3-greedy_ting-2P to NSGA3-random_dense-UX', 'Equivalence_Line_5: NSGA3-greedy_ting-2P to AGEMOEA2-random_dense-2P', 'Equivalence_Line_6: UNSGA3-greedy_ting-1P to NSGA2-random_dense-1P', 'Equivalence_Line_7: SMSEMOA-greedy_ting-UX to SPEA2-random_dense-UX', 'Equivalence_Line_8: SMSEMOA-greedy_ting-HUX to AGEMOEA2-random_dense-1P', 'Equivalence_Line_9: NSGA3-greedy_ting-HUX to SPEA2-random_dense-1P', 'Equivalence_Line_10: NSGA2-random_dense-HUX to SPEA2-random_dense-2P', 'Equivalence_Line_11: SPEA2-greedy_ting-UX to NSGA3-random_dense-1P', 'Equivalence_Line_12: AGEMOEA2-greedy_ting-UX to SMSEMOA-random_dense-2P', 'Equivalence_Line_13: SPEA2-greedy_ting-2P to SMSEMOA-random_dense-HUX', 'Equivalence_Line_14: RVEA-greedy_ting-HUX to RVEA-random_dense-1P', 'Equivalence_Line_15: NSGA2-random_dense-2P to RVEA-random_dense-UX', 'Equivalence_Line_16: NSGA3-random_dense-HUX to SPEA2-greedy_multi-HUX', 'Equivalence_Line_17: AGEMOEA2-random_dense-UX to SPEA2-greedy_multi-UX', 'Equivalence_Line_18: AGEMOEA2-random_dense-2P to AGEMOEA2-greedy_multi-HUX', 'Equivalence_Line_19: NSGA3-random_dense-2P to NSGA2-greedy_multi-1P', 'Equivalence_Line_20: RVEA-greedy_ting-2P to AGEMOEA2-greedy_multi-2P', 'Equivalence_Line_21: UNSGA3-random_dense-1P to AGEMOEA2-greedy_multi-1P', 'Equivalence_Line_22: SMSEMOA-random_dense-2P to UNSGA3-greedy_multi-1P', 'Equivalence_Line_23: SMSEMOA-random_dense-1P to SMSEMOA-greedy_multi-UX', 'Equivalence_Line_24: SMSEMOA-random_dense-UX to SMSEMOA-greedy_multi-HUX', 'Equivalence_Line_25: RVEA-random_dense-2P to SMSEMOA-greedy_multi-2P', 'Equivalence_Line_26: RVEA-random_dense-1P to SMSEMOA-greedy_multi-1P', 'Equivalence_Line_27: RVEA-random_dense-HUX to RVEA-greedy_multi-HUX', 'Equivalence_Line_28: NSGA2-greedy_multi-HUX to RVEA-greedy_multi-2P', 'Equivalence_Line_29: SPEA2-greedy_multi-HUX to RVEA-greedy_multi-1P']"
NSGA3-greedy_ting-HUX,1.9896184662745717,"['Equivalence_Line_1: NSGA2-greedy_ting-UX to RVEA-greedy_ting-UX', 'Equivalence_Line_2: NSGA2-greedy_ting-1P to RVEA-greedy_ting-HUX', 'Equivalence_Line_3: AGEMOEA2-greedy_ting-1P to NSGA2-random_dense-2P', 'Equivalence_Line_4: UNSGA3-greedy_ting-2P to NSGA3-random_dense-UX', 'Equivalence_Line_5: NSGA3-greedy_ting-2P to AGEMOEA2-random_dense-2P', 'Equivalence_Line_6: UNSGA3-greedy_ting-1P to NSGA2-random_dense-1P', 'Equivalence_Line_7: SMSEMOA-greedy_ting-UX to SPEA2-random_dense-UX', 'Equivalence_Line_8: SMSEMOA-greedy_ting-HUX to AGEMOEA2-random_dense-1P', 'Equivalence_Line_9: NSGA3-greedy_ting-HUX to SPEA2-random_dense-1P', 'Equivalence_Line_10: NSGA2-random_dense-HUX to SPEA2-random_dense-2P', 'Equivalence_Line_11: SPEA2-greedy_ting-UX to NSGA3-random_dense-1P', 'Equivalence_Line_12: AGEMOEA2-greedy_ting-UX to SMSEMOA-random_dense-2P', 'Equivalence_Line_13: SPEA2-greedy_ting-2P to SMSEMOA-random_dense-HUX', 'Equivalence_Line_14: RVEA-greedy_ting-HUX to RVEA-random_dense-1P', 'Equivalence_Line_15: NSGA2-random_dense-2P to RVEA-random_dense-UX', 'Equivalence_Line_16: NSGA3-random_dense-HUX to SPEA2-greedy_multi-HUX', 'Equivalence_Line_17: AGEMOEA2-random_dense-UX to SPEA2-greedy_multi-UX', 'Equivalence_Line_18: AGEMOEA2-random_dense-2P to AGEMOEA2-greedy_multi-HUX', 'Equivalence_Line_19: NSGA3-random_dense-2P to NSGA2-greedy_multi-1P', 'Equivalence_Line_20: RVEA-greedy_ting-2P to AGEMOEA2-greedy_multi-2P', 'Equivalence_Line_21: UNSGA3-random_dense-1P to AGEMOEA2-greedy_multi-1P', 'Equivalence_Line_22: SMSEMOA-random_dense-2P to UNSGA3-greedy_multi-1P', 'Equivalence_Line_23: SMSEMOA-random_dense-1P to SMSEMOA-greedy_multi-UX', 'Equivalence_Line_24: SMSEMOA-random_dense-UX to SMSEMOA-greedy_multi-HUX', 'Equivalence_Line_25: RVEA-random_dense-2P to SMSEMOA-greedy_multi-2P', 'Equivalence_Line_26: RVEA-random_dense-1P to SMSEMOA-greedy_multi-1P', 'Equivalence_Line_27: RVEA-random_dense-HUX to RVEA-greedy_multi-HUX', 'Equivalence_Line_28: NSGA2-greedy_multi-HUX to RVEA-greedy_multi-2P', 'Equivalence_Line_29: SPEA2-greedy_multi-HUX to RVEA-greedy_multi-1P']"
NSGA2-random_dense-HUX,1.9522755181551028,"['Equivalence_Line_1: NSGA2-greedy_ting-UX to RVEA-greedy_ting-UX', 'Equivalence_Line_2: NSGA2-greedy_ting-1P to RVEA-greedy_ting-HUX', 'Equivalence_Line_3: AGEMOEA2-greedy_ting-1P to NSGA2-random_dense-2P', 'Equivalence_Line_4: UNSGA3-greedy_ting-2P to NSGA3-random_dense-UX', 'Equivalence_Line_5: NSGA3-greedy_ting-2P to AGEMOEA2-random_dense-2P', 'Equivalence_Line_6: UNSGA3-greedy_ting-1P to NSGA2-random_dense-1P', 'Equivalence_Line_7: SMSEMOA-greedy_ting-UX to SPEA2-random_dense-UX', 'Equivalence_Line_8: SMSEMOA-greedy_ting-HUX to AGEMOEA2-random_dense-1P', 'Equivalence_Line_9: NSGA3-greedy_ting-HUX to SPEA2-random_dense-1P', 'Equivalence_Line_10: NSGA2-random_dense-HUX to SPEA2-random_dense-2P', 'Equivalence_Line_11: SPEA2-greedy_ting-UX to NSGA3-random_dense-1P', 'Equivalence_Line_12: AGEMOEA2-greedy_ting-UX to SMSEMOA-random_dense-2P', 'Equivalence_Line_13: SPEA2-greedy_ting-2P to SMSEMOA-random_dense-HUX', 'Equivalence_Line_14: RVEA-greedy_ting-HUX to RVEA-random_dense-1P', 'Equivalence_Line_15: NSGA2-random_dense-2P to RVEA-random_dense-UX', 'Equivalence_Line_16: NSGA3-random_dense-HUX to SPEA2-greedy_multi-HUX', 'Equivalence_Line_17: AGEMOEA2-random_dense-UX to SPEA2-greedy_multi-UX', 'Equivalence_Line_18: AGEMOEA2-random_dense-2P to AGEMOEA2-greedy_multi-HUX', 'Equivalence_Line_19: NSGA3-random_dense-2P to NSGA2-greedy_multi-1P', 'Equivalence_Line_20: RVEA-greedy_ting-2P to AGEMOEA2-greedy_multi-2P', 'Equivalence_Line_21: UNSGA3-random_dense-1P to AGEMOEA2-greedy_multi-1P', 'Equivalence_Line_22: SMSEMOA-random_dense-2P to UNSGA3-greedy_multi-1P', 'Equivalence_Line_23: SMSEMOA-random_dense-1P to SMSEMOA-greedy_multi-UX', 'Equivalence_Line_24: SMSEMOA-random_dense-UX to SMSEMOA-greedy_multi-HUX', 'Equivalence_Line_25: RVEA-random_dense-2P to SMSEMOA-greedy_multi-2P', 'Equivalence_Line_26: RVEA-random_dense-1P to SMSEMOA-greedy_multi-1P', 'Equivalence_Line_27: RVEA-random_dense-HUX to RVEA-greedy_multi-HUX', 'Equivalence_Line_28: NSGA2-greedy_multi-HUX to RVEA-greedy_multi-2P', 'Equivalence_Line_29: SPEA2-greedy_multi-HUX to RVEA-greedy_multi-1P']"
NSGA2-random_dense-UX,1.9463096250590655,"['Equivalence_Line_1: NSGA2-greedy_ting-UX to RVEA-greedy_ting-UX', 'Equivalence_Line_2: NSGA2-greedy_ting-1P to RVEA-greedy_ting-HUX', 'Equivalence_Line_3: AGEMOEA2-greedy_ting-1P to NSGA2-random_dense-2P', 'Equivalence_Line_4: UNSGA3-greedy_ting-2P to NSGA3-random_dense-UX', 'Equivalence_Line_5: NSGA3-greedy_ting-2P to AGEMOEA2-random_dense-2P', 'Equivalence_Line_6: UNSGA3-greedy_ting-1P to NSGA2-random_dense-1P', 'Equivalence_Line_7: SMSEMOA-greedy_ting-UX to SPEA2-random_dense-UX', 'Equivalence_Line_8: SMSEMOA-greedy_ting-HUX to AGEMOEA2-random_dense-1P', 'Equivalence_Line_9: NSGA3-greedy_ting-HUX to SPEA2-random_dense-1P', 'Equivalence_Line_10: NSGA2-random_dense-HUX to SPEA2-random_dense-2P', 'Equivalence_Line_11: SPEA2-greedy_ting-UX to NSGA3-random_dense-1P', 'Equivalence_Line_12: AGEMOEA2-greedy_ting-UX to SMSEMOA-random_dense-2P', 'Equivalence_Line_13: SPEA2-greedy_ting-2P to SMSEMOA-random_dense-HUX', 'Equivalence_Line_14: RVEA-greedy_ting-HUX to RVEA-random_dense-1P', 'Equivalence_Line_15: NSGA2-random_dense-2P to RVEA-random_dense-UX', 'Equivalence_Line_16: NSGA3-random_dense-HUX to SPEA2-greedy_multi-HUX', 'Equivalence_Line_17: AGEMOEA2-random_dense-UX to SPEA2-greedy_multi-UX', 'Equivalence_Line_18: AGEMOEA2-random_dense-2P to AGEMOEA2-greedy_multi-HUX', 'Equivalence_Line_19: NSGA3-random_dense-2P to NSGA2-greedy_multi-1P', 'Equivalence_Line_20: RVEA-greedy_ting-2P to AGEMOEA2-greedy_multi-2P', 'Equivalence_Line_21: UNSGA3-random_dense-1P to AGEMOEA2-greedy_multi-1P', 'Equivalence_Line_22: SMSEMOA-random_dense-2P to UNSGA3-greedy_multi-1P', 'Equivalence_Line_23: SMSEMOA-random_dense-1P to SMSEMOA-greedy_multi-UX', 'Equivalence_Line_24: SMSEMOA-random_dense-UX to SMSEMOA-greedy_multi-HUX', 'Equivalence_Line_25: RVEA-random_dense-2P to SMSEMOA-greedy_multi-2P', 'Equivalence_Line_26: RVEA-random_dense-1P to SMSEMOA-greedy_multi-1P', 'Equivalence_Line_27: RVEA-random_dense-HUX to RVEA-greedy_multi-HUX', 'Equivalence_Line_28: NSGA2-greedy_multi-HUX to RVEA-greedy_multi-2P', 'Equivalence_Line_29: SPEA2-greedy_multi-HUX to RVEA-greedy_multi-1P']"
SPEA2-greedy_ting-HUX,1.924161417750703,"['Equivalence_Line_1: NSGA2-greedy_ting-UX to RVEA-greedy_ting-UX', 'Equivalence_Line_2: NSGA2-greedy_ting-1P to RVEA-greedy_ting-HUX', 'Equivalence_Line_3: AGEMOEA2-greedy_ting-1P to NSGA2-random_dense-2P', 'Equivalence_Line_4: UNSGA3-greedy_ting-2P to NSGA3-random_dense-UX', 'Equivalence_Line_5: NSGA3-greedy_ting-2P to AGEMOEA2-random_dense-2P', 'Equivalence_Line_6: UNSGA3-greedy_ting-1P to NSGA2-random_dense-1P', 'Equivalence_Line_7: SMSEMOA-greedy_ting-UX to SPEA2-random_dense-UX', 'Equivalence_Line_8: SMSEMOA-greedy_ting-HUX to AGEMOEA2-random_dense-1P', 'Equivalence_Line_9: NSGA3-greedy_ting-HUX to SPEA2-random_dense-1P', 'Equivalence_Line_10: NSGA2-random_dense-HUX to SPEA2-random_dense-2P', 'Equivalence_Line_11: SPEA2-greedy_ting-UX to NSGA3-random_dense-1P', 'Equivalence_Line_12: AGEMOEA2-greedy_ting-UX to SMSEMOA-random_dense-2P', 'Equivalence_Line_13: SPEA2-greedy_ting-2P to SMSEMOA-random_dense-HUX', 'Equivalence_Line_14: RVEA-greedy_ting-HUX to RVEA-random_dense-1P', 'Equivalence_Line_15: NSGA2-random_dense-2P to RVEA-random_dense-UX', 'Equivalence_Line_16: NSGA3-random_dense-HUX to SPEA2-greedy_multi-HUX', 'Equivalence_Line_17: AGEMOEA2-random_dense-UX to SPEA2-greedy_multi-UX', 'Equivalence_Line_18: AGEMOEA2-random_dense-2P to AGEMOEA2-greedy_multi-HUX', 'Equivalence_Line_19: NSGA3-random_dense-2P to NSGA2-greedy_multi-1P', 'Equivalence_Line_20: RVEA-greedy_ting-2P to AGEMOEA2-greedy_multi-2P', 'Equivalence_Line_21: UNSGA3-random_dense-1P to AGEMOEA2-greedy_multi-1P', 'Equivalence_Line_22: SMSEMOA-random_dense-2P to UNSGA3-greedy_multi-1P', 'Equivalence_Line_23: SMSEMOA-random_dense-1P to SMSEMOA-greedy_multi-UX', 'Equivalence_Line_24: SMSEMOA-random_dense-UX to SMSEMOA-greedy_multi-HUX', 'Equivalence_Line_25: RVEA-random_dense-2P to SMSEMOA-greedy_multi-2P', 'Equivalence_Line_26: RVEA-random_dense-1P to SMSEMOA-greedy_multi-1P', 'Equivalence_Line_27: RVEA-random_dense-HUX to RVEA-greedy_multi-HUX', 'Equivalence_Line_28: NSGA2-greedy_multi-HUX to RVEA-greedy_multi-2P', 'Equivalence_Line_29: SPEA2-greedy_multi-HUX to RVEA-greedy_multi-1P']"
SPEA2-greedy_ting-UX,1.8588475435530742,"['Equivalence_Line_1: NSGA2-greedy_ting-UX to RVEA-greedy_ting-UX', 'Equivalence_Line_2: NSGA2-greedy_ting-1P to RVEA-greedy_ting-HUX', 'Equivalence_Line_3: AGEMOEA2-greedy_ting-1P to NSGA2-random_dense-2P', 'Equivalence_Line_4: UNSGA3-greedy_ting-2P to NSGA3-random_dense-UX', 'Equivalence_Line_5: NSGA3-greedy_ting-2P to AGEMOEA2-random_dense-2P', 'Equivalence_Line_6: UNSGA3-greedy_ting-1P to NSGA2-random_dense-1P', 'Equivalence_Line_7: SMSEMOA-greedy_ting-UX to SPEA2-random_dense-UX', 'Equivalence_Line_8: SMSEMOA-greedy_ting-HUX to AGEMOEA2-random_dense-1P', 'Equivalence_Line_9: NSGA3-greedy_ting-HUX to SPEA2-random_dense-1P', 'Equivalence_Line_10: NSGA2-random_dense-HUX to SPEA2-random_dense-2P', 'Equivalence_Line_11: SPEA2-greedy_ting-UX to NSGA3-random_dense-1P', 'Equivalence_Line_12: AGEMOEA2-greedy_ting-UX to SMSEMOA-random_dense-2P', 'Equivalence_Line_13: SPEA2-greedy_ting-2P to SMSEMOA-random_dense-HUX', 'Equivalence_Line_14: RVEA-greedy_ting-HUX to RVEA-random_dense-1P', 'Equivalence_Line_15: NSGA2-random_dense-2P to RVEA-random_dense-UX', 'Equivalence_Line_16: NSGA3-random_dense-HUX to SPEA2-greedy_multi-HUX', 'Equivalence_Line_17: AGEMOEA2-random_dense-UX to SPEA2-greedy_multi-UX', 'Equivalence_Line_18: AGEMOEA2-random_dense-2P to AGEMOEA2-greedy_multi-HUX', 'Equivalence_Line_19: NSGA3-random_dense-2P to NSGA2-greedy_multi-1P', 'Equivalence_Line_20: RVEA-greedy_ting-2P to AGEMOEA2-greedy_multi-2P', 'Equivalence_Line_21: UNSGA3-random_dense-1P to AGEMOEA2-greedy_multi-1P', 'Equivalence_Line_22: SMSEMOA-random_dense-2P to UNSGA3-greedy_multi-1P', 'Equivalence_Line_23: SMSEMOA-random_dense-1P to SMSEMOA-greedy_multi-UX', 'Equivalence_Line_24: SMSEMOA-random_dense-UX to SMSEMOA-greedy_multi-HUX', 'Equivalence_Line_25: RVEA-random_dense-2P to SMSEMOA-greedy_multi-2P', 'Equivalence_Line_26: RVEA-random_dense-1P to SMSEMOA-greedy_multi-1P', 'Equivalence_Line_27: RVEA-random_dense-HUX to RVEA-greedy_multi-HUX', 'Equivalence_Line_28: NSGA2-greedy_multi-HUX to RVEA-greedy_multi-2P', 'Equivalence_Line_29: SPEA2-greedy_multi-HUX to RVEA-greedy_multi-1P']"
SPEA2-greedy_ting-1P,1.8148378052093563,"['Equivalence_Line_1: NSGA2-greedy_ting-UX to RVEA-greedy_ting-UX', 'Equivalence_Line_2: NSGA2-greedy_ting-1P to RVEA-greedy_ting-HUX', 'Equivalence_Line_3: AGEMOEA2-greedy_ting-1P to NSGA2-random_dense-2P', 'Equivalence_Line_4: UNSGA3-greedy_ting-2P to NSGA3-random_dense-UX', 'Equivalence_Line_5: NSGA3-greedy_ting-2P to AGEMOEA2-random_dense-2P', 'Equivalence_Line_6: UNSGA3-greedy_ting-1P to NSGA2-random_dense-1P', 'Equivalence_Line_7: SMSEMOA-greedy_ting-UX to SPEA2-random_dense-UX', 'Equivalence_Line_8: SMSEMOA-greedy_ting-HUX to AGEMOEA2-random_dense-1P', 'Equivalence_Line_9: NSGA3-greedy_ting-HUX to SPEA2-random_dense-1P', 'Equivalence_Line_10: NSGA2-random_dense-HUX to SPEA2-random_dense-2P', 'Equivalence_Line_11: SPEA2-greedy_ting-UX to NSGA3-random_dense-1P', 'Equivalence_Line_12: AGEMOEA2-greedy_ting-UX to SMSEMOA-random_dense-2P', 'Equivalence_Line_13: SPEA2-greedy_ting-2P to SMSEMOA-random_dense-HUX', 'Equivalence_Line_14: RVEA-greedy_ting-HUX to RVEA-random_dense-1P', 'Equivalence_Line_15: NSGA2-random_dense-2P to RVEA-random_dense-UX', 'Equivalence_Line_16: NSGA3-random_dense-HUX to SPEA2-greedy_multi-HUX', 'Equivalence_Line_17: AGEMOEA2-random_dense-UX to SPEA2-greedy_multi-UX', 'Equivalence_Line_18: AGEMOEA2-random_dense-2P to AGEMOEA2-greedy_multi-HUX', 'Equivalence_Line_19: NSGA3-random_dense-2P to NSGA2-greedy_multi-1P', 'Equivalence_Line_20: RVEA-greedy_ting-2P to AGEMOEA2-greedy_multi-2P', 'Equivalence_Line_21: UNSGA3-random_dense-1P to AGEMOEA2-greedy_multi-1P', 'Equivalence_Line_22: SMSEMOA-random_dense-2P to UNSGA3-greedy_multi-1P', 'Equivalence_Line_23: SMSEMOA-random_dense-1P to SMSEMOA-greedy_multi-UX', 'Equivalence_Line_24: SMSEMOA-random_dense-UX to SMSEMOA-greedy_multi-HUX', 'Equivalence_Line_25: RVEA-random_dense-2P to SMSEMOA-greedy_multi-2P', 'Equivalence_Line_26: RVEA-random_dense-1P to SMSEMOA-greedy_multi-1P', 'Equivalence_Line_27: RVEA-random_dense-HUX to RVEA-greedy_multi-HUX', 'Equivalence_Line_28: NSGA2-greedy_multi-HUX to RVEA-greedy_multi-2P', 'Equivalence_Line_29: SPEA2-greedy_multi-HUX to RVEA-greedy_multi-1P']"
AGEMOEA2-greedy_ting-HUX,1.7962238065158223,"['Equivalence_Line_1: NSGA2-greedy_ting-UX to RVEA-greedy_ting-UX', 'Equivalence_Line_2: NSGA2-greedy_ting-1P to RVEA-greedy_ting-HUX', 'Equivalence_Line_3: AGEMOEA2-greedy_ting-1P to NSGA2-random_dense-2P', 'Equivalence_Line_4: UNSGA3-greedy_ting-2P to NSGA3-random_dense-UX', 'Equivalence_Line_5: NSGA3-greedy_ting-2P to AGEMOEA2-random_dense-2P', 'Equivalence_Line_6: UNSGA3-greedy_ting-1P to NSGA2-random_dense-1P', 'Equivalence_Line_7: SMSEMOA-greedy_ting-UX to SPEA2-random_dense-UX', 'Equivalence_Line_8: SMSEMOA-greedy_ting-HUX to AGEMOEA2-random_dense-1P', 'Equivalence_Line_9: NSGA3-greedy_ting-HUX to SPEA2-random_dense-1P', 'Equivalence_Line_10: NSGA2-random_dense-HUX to SPEA2-random_dense-2P', 'Equivalence_Line_11: SPEA2-greedy_ting-UX to NSGA3-random_dense-1P', 'Equivalence_Line_12: AGEMOEA2-greedy_ting-UX to SMSEMOA-random_dense-2P', 'Equivalence_Line_13: SPEA2-greedy_ting-2P to SMSEMOA-random_dense-HUX', 'Equivalence_Line_14: RVEA-greedy_ting-HUX to RVEA-random_dense-1P', 'Equivalence_Line_15: NSGA2-random_dense-2P to RVEA-random_dense-UX', 'Equivalence_Line_16: NSGA3-random_dense-HUX to SPEA2-greedy_multi-HUX', 'Equivalence_Line_17: AGEMOEA2-random_dense-UX to SPEA2-greedy_multi-UX', 'Equivalence_Line_18: AGEMOEA2-random_dense-2P to AGEMOEA2-greedy_multi-HUX', 'Equivalence_Line_19: NSGA3-random_dense-2P to NSGA2-greedy_multi-1P', 'Equivalence_Line_20: RVEA-greedy_ting-2P to AGEMOEA2-greedy_multi-2P', 'Equivalence_Line_21: UNSGA3-random_dense-1P to AGEMOEA2-greedy_multi-1P', 'Equivalence_Line_22: SMSEMOA-random_dense-2P to UNSGA3-greedy_multi-1P', 'Equivalence_Line_23: SMSEMOA-random_dense-1P to SMSEMOA-greedy_multi-UX', 'Equivalence_Line_24: SMSEMOA-random_dense-UX to SMSEMOA-greedy_multi-HUX', 'Equivalence_Line_25: RVEA-random_dense-2P to SMSEMOA-greedy_multi-2P', 'Equivalence_Line_26: RVEA-random_dense-1P to SMSEMOA-greedy_multi-1P', 'Equivalence_Line_27: RVEA-random_dense-HUX to RVEA-greedy_multi-HUX', 'Equivalence_Line_28: NSGA2-greedy_multi-HUX to RVEA-greedy_multi-2P', 'Equivalence_Line_29: SPEA2-greedy_multi-HUX to RVEA-greedy_multi-1P']"
AGEMOEA2-greedy_ting-UX,1.7620776278448975,"['Equivalence_Line_1: NSGA2-greedy_ting-UX to RVEA-greedy_ting-UX', 'Equivalence_Line_2: NSGA2-greedy_ting-1P to RVEA-greedy_ting-HUX', 'Equivalence_Line_3: AGEMOEA2-greedy_ting-1P to NSGA2-random_dense-2P', 'Equivalence_Line_4: UNSGA3-greedy_ting-2P to NSGA3-random_dense-UX', 'Equivalence_Line_5: NSGA3-greedy_ting-2P to AGEMOEA2-random_dense-2P', 'Equivalence_Line_6: UNSGA3-greedy_ting-1P to NSGA2-random_dense-1P', 'Equivalence_Line_7: SMSEMOA-greedy_ting-UX to SPEA2-random_dense-UX', 'Equivalence_Line_8: SMSEMOA-greedy_ting-HUX to AGEMOEA2-random_dense-1P', 'Equivalence_Line_9: NSGA3-greedy_ting-HUX to SPEA2-random_dense-1P', 'Equivalence_Line_10: NSGA2-random_dense-HUX to SPEA2-random_dense-2P', 'Equivalence_Line_11: SPEA2-greedy_ting-UX to NSGA3-random_dense-1P', 'Equivalence_Line_12: AGEMOEA2-greedy_ting-UX to SMSEMOA-random_dense-2P', 'Equivalence_Line_13: SPEA2-greedy_ting-2P to SMSEMOA-random_dense-HUX', 'Equivalence_Line_14: RVEA-greedy_ting-HUX to RVEA-random_dense-1P', 'Equivalence_Line_15: NSGA2-random_dense-2P to RVEA-random_dense-UX', 'Equivalence_Line_16: NSGA3-random_dense-HUX to SPEA2-greedy_multi-HUX', 'Equivalence_Line_17: AGEMOEA2-random_dense-UX to SPEA2-greedy_multi-UX', 'Equivalence_Line_18: AGEMOEA2-random_dense-2P to AGEMOEA2-greedy_multi-HUX', 'Equivalence_Line_19: NSGA3-random_dense-2P to NSGA2-greedy_multi-1P', 'Equivalence_Line_20: RVEA-greedy_ting-2P to AGEMOEA2-greedy_multi-2P', 'Equivalence_Line_21: UNSGA3-random_dense-1P to AGEMOEA2-greedy_multi-1P', 'Equivalence_Line_22: SMSEMOA-random_dense-2P to UNSGA3-greedy_multi-1P', 'Equivalence_Line_23: SMSEMOA-random_dense-1P to SMSEMOA-greedy_multi-UX', 'Equivalence_Line_24: SMSEMOA-random_dense-UX to SMSEMOA-greedy_multi-HUX', 'Equivalence_Line_25: RVEA-random_dense-2P to SMSEMOA-greedy_multi-2P', 'Equivalence_Line_26: RVEA-random_dense-1P to SMSEMOA-greedy_multi-1P', 'Equivalence_Line_27: RVEA-random_dense-HUX to RVEA-greedy_multi-HUX', 'Equivalence_Line_28: NSGA2-greedy_multi-HUX to RVEA-greedy_multi-2P', 'Equivalence_Line_29: SPEA2-greedy_multi-HUX to RVEA-greedy_multi-1P']"
SPEA2-greedy_ting-2P,1.6100861625809102,"['Equivalence_Line_1: NSGA2-greedy_ting-UX to RVEA-greedy_ting-UX', 'Equivalence_Line_2: NSGA2-greedy_ting-1P to RVEA-greedy_ting-HUX', 'Equivalence_Line_3: AGEMOEA2-greedy_ting-1P to NSGA2-random_dense-2P', 'Equivalence_Line_4: UNSGA3-greedy_ting-2P to NSGA3-random_dense-UX', 'Equivalence_Line_5: NSGA3-greedy_ting-2P to AGEMOEA2-random_dense-2P', 'Equivalence_Line_6: UNSGA3-greedy_ting-1P to NSGA2-random_dense-1P', 'Equivalence_Line_7: SMSEMOA-greedy_ting-UX to SPEA2-random_dense-UX', 'Equivalence_Line_8: SMSEMOA-greedy_ting-HUX to AGEMOEA2-random_dense-1P', 'Equivalence_Line_9: NSGA3-greedy_ting-HUX to SPEA2-random_dense-1P', 'Equivalence_Line_10: NSGA2-random_dense-HUX to SPEA2-random_dense-2P', 'Equivalence_Line_11: SPEA2-greedy_ting-UX to NSGA3-random_dense-1P', 'Equivalence_Line_12: AGEMOEA2-greedy_ting-UX to SMSEMOA-random_dense-2P', 'Equivalence_Line_13: SPEA2-greedy_ting-2P to SMSEMOA-random_dense-HUX', 'Equivalence_Line_14: RVEA-greedy_ting-HUX to RVEA-random_dense-1P', 'Equivalence_Line_15: NSGA2-random_dense-2P to RVEA-random_dense-UX', 'Equivalence_Line_16: NSGA3-random_dense-HUX to SPEA2-greedy_multi-HUX', 'Equivalence_Line_17: AGEMOEA2-random_dense-UX to SPEA2-greedy_multi-UX', 'Equivalence_Line_18: AGEMOEA2-random_dense-2P to AGEMOEA2-greedy_multi-HUX', 'Equivalence_Line_19: NSGA3-random_dense-2P to NSGA2-greedy_multi-1P', 'Equivalence_Line_20: RVEA-greedy_ting-2P to AGEMOEA2-greedy_multi-2P', 'Equivalence_Line_21: UNSGA3-random_dense-1P to AGEMOEA2-greedy_multi-1P', 'Equivalence_Line_22: SMSEMOA-random_dense-2P to UNSGA3-greedy_multi-1P', 'Equivalence_Line_23: SMSEMOA-random_dense-1P to SMSEMOA-greedy_multi-UX', 'Equivalence_Line_24: SMSEMOA-random_dense-UX to SMSEMOA-greedy_multi-HUX', 'Equivalence_Line_25: RVEA-random_dense-2P to SMSEMOA-greedy_multi-2P', 'Equivalence_Line_26: RVEA-random_dense-1P to SMSEMOA-greedy_multi-1P', 'Equivalence_Line_27: RVEA-random_dense-HUX to RVEA-greedy_multi-HUX', 'Equivalence_Line_28: NSGA2-greedy_multi-HUX to RVEA-greedy_multi-2P', 'Equivalence_Line_29: SPEA2-greedy_multi-HUX to RVEA-greedy_multi-1P']"
RVEA-greedy_ting-UX,1.6095759184109677,"['Equivalence_Line_1: NSGA2-greedy_ting-UX to RVEA-greedy_ting-UX', 'Equivalence_Line_2: NSGA2-greedy_ting-1P to RVEA-greedy_ting-HUX', 'Equivalence_Line_3: AGEMOEA2-greedy_ting-1P to NSGA2-random_dense-2P', 'Equivalence_Line_4: UNSGA3-greedy_ting-2P to NSGA3-random_dense-UX', 'Equivalence_Line_5: NSGA3-greedy_ting-2P to AGEMOEA2-random_dense-2P', 'Equivalence_Line_6: UNSGA3-greedy_ting-1P to NSGA2-random_dense-1P', 'Equivalence_Line_7: SMSEMOA-greedy_ting-UX to SPEA2-random_dense-UX', 'Equivalence_Line_8: SMSEMOA-greedy_ting-HUX to AGEMOEA2-random_dense-1P', 'Equivalence_Line_9: NSGA3-greedy_ting-HUX to SPEA2-random_dense-1P', 'Equivalence_Line_10: NSGA2-random_dense-HUX to SPEA2-random_dense-2P', 'Equivalence_Line_11: SPEA2-greedy_ting-UX to NSGA3-random_dense-1P', 'Equivalence_Line_12: AGEMOEA2-greedy_ting-UX to SMSEMOA-random_dense-2P', 'Equivalence_Line_13: SPEA2-greedy_ting-2P to SMSEMOA-random_dense-HUX', 'Equivalence_Line_14: RVEA-greedy_ting-HUX to RVEA-random_dense-1P', 'Equivalence_Line_15: NSGA2-random_dense-2P to RVEA-random_dense-UX', 'Equivalence_Line_16: NSGA3-random_dense-HUX to SPEA2-greedy_multi-HUX', 'Equivalence_Line_17: AGEMOEA2-random_dense-UX to SPEA2-greedy_multi-UX', 'Equivalence_Line_18: AGEMOEA2-random_dense-2P to AGEMOEA2-greedy_multi-HUX', 'Equivalence_Line_19: NSGA3-random_dense-2P to NSGA2-greedy_multi-1P', 'Equivalence_Line_20: RVEA-greedy_ting-2P to AGEMOEA2-greedy_multi-2P', 'Equivalence_Line_21: UNSGA3-random_dense-1P to AGEMOEA2-greedy_multi-1P', 'Equivalence_Line_22: SMSEMOA-random_dense-2P to UNSGA3-greedy_multi-1P', 'Equivalence_Line_23: SMSEMOA-random_dense-1P to SMSEMOA-greedy_multi-UX', 'Equivalence_Line_24: SMSEMOA-random_dense-UX to SMSEMOA-greedy_multi-HUX', 'Equivalence_Line_25: RVEA-random_dense-2P to SMSEMOA-greedy_multi-2P', 'Equivalence_Line_26: RVEA-random_dense-1P to SMSEMOA-greedy_multi-1P', 'Equivalence_Line_27: RVEA-random_dense-HUX to RVEA-greedy_multi-HUX', 'Equivalence_Line_28: NSGA2-greedy_multi-HUX to RVEA-greedy_multi-2P', 'Equivalence_Line_29: SPEA2-greedy_multi-HUX to RVEA-greedy_multi-1P']"
RVEA-greedy_ting-HUX,1.5394653174870856,"['Equivalence_Line_1: NSGA2-greedy_ting-UX to RVEA-greedy_ting-UX', 'Equivalence_Line_2: NSGA2-greedy_ting-1P to RVEA-greedy_ting-HUX', 'Equivalence_Line_3: AGEMOEA2-greedy_ting-1P to NSGA2-random_dense-2P', 'Equivalence_Line_4: UNSGA3-greedy_ting-2P to NSGA3-random_dense-UX', 'Equivalence_Line_5: NSGA3-greedy_ting-2P to AGEMOEA2-random_dense-2P', 'Equivalence_Line_6: UNSGA3-greedy_ting-1P to NSGA2-random_dense-1P', 'Equivalence_Line_7: SMSEMOA-greedy_ting-UX to SPEA2-random_dense-UX', 'Equivalence_Line_8: SMSEMOA-greedy_ting-HUX to AGEMOEA2-random_dense-1P', 'Equivalence_Line_9: NSGA3-greedy_ting-HUX to SPEA2-random_dense-1P', 'Equivalence_Line_10: NSGA2-random_dense-HUX to SPEA2-random_dense-2P', 'Equivalence_Line_11: SPEA2-greedy_ting-UX to NSGA3-random_dense-1P', 'Equivalence_Line_12: AGEMOEA2-greedy_ting-UX to SMSEMOA-random_dense-2P', 'Equivalence_Line_13: SPEA2-greedy_ting-2P to SMSEMOA-random_dense-HUX', 'Equivalence_Line_14: RVEA-greedy_ting-HUX to RVEA-random_dense-1P', 'Equivalence_Line_15: NSGA2-random_dense-2P to RVEA-random_dense-UX', 'Equivalence_Line_16: NSGA3-random_dense-HUX to SPEA2-greedy_multi-HUX', 'Equivalence_Line_17: AGEMOEA2-random_dense-UX to SPEA2-greedy_multi-UX', 'Equivalence_Line_18: AGEMOEA2-random_dense-2P to AGEMOEA2-greedy_multi-HUX', 'Equivalence_Line_19: NSGA3-random_dense-2P to NSGA2-greedy_multi-1P', 'Equivalence_Line_20: RVEA-greedy_ting-2P to AGEMOEA2-greedy_multi-2P', 'Equivalence_Line_21: UNSGA3-random_dense-1P to AGEMOEA2-greedy_multi-1P', 'Equivalence_Line_22: SMSEMOA-random_dense-2P to UNSGA3-greedy_multi-1P', 'Equivalence_Line_23: SMSEMOA-random_dense-1P to SMSEMOA-greedy_multi-UX', 'Equivalence_Line_24: SMSEMOA-random_dense-UX to SMSEMOA-greedy_multi-HUX', 'Equivalence_Line_25: RVEA-random_dense-2P to SMSEMOA-greedy_multi-2P', 'Equivalence_Line_26: RVEA-random_dense-1P to SMSEMOA-greedy_multi-1P', 'Equivalence_Line_27: RVEA-random_dense-HUX to RVEA-greedy_multi-HUX', 'Equivalence_Line_28: NSGA2-greedy_multi-HUX to RVEA-greedy_multi-2P', 'Equivalence_Line_29: SPEA2-greedy_multi-HUX to RVEA-greedy_multi-1P']"
NSGA2-random_dense-2P,1.4891160350113966,"['Equivalence_Line_1: NSGA2-greedy_ting-UX to RVEA-greedy_ting-UX', 'Equivalence_Line_2: NSGA2-greedy_ting-1P to RVEA-greedy_ting-HUX', 'Equivalence_Line_3: AGEMOEA2-greedy_ting-1P to NSGA2-random_dense-2P', 'Equivalence_Line_4: UNSGA3-greedy_ting-2P to NSGA3-random_dense-UX', 'Equivalence_Line_5: NSGA3-greedy_ting-2P to AGEMOEA2-random_dense-2P', 'Equivalence_Line_6: UNSGA3-greedy_ting-1P to NSGA2-random_dense-1P', 'Equivalence_Line_7: SMSEMOA-greedy_ting-UX to SPEA2-random_dense-UX', 'Equivalence_Line_8: SMSEMOA-greedy_ting-HUX to AGEMOEA2-random_dense-1P', 'Equivalence_Line_9: NSGA3-greedy_ting-HUX to SPEA2-random_dense-1P', 'Equivalence_Line_10: NSGA2-random_dense-HUX to SPEA2-random_dense-2P', 'Equivalence_Line_11: SPEA2-greedy_ting-UX to NSGA3-random_dense-1P', 'Equivalence_Line_12: AGEMOEA2-greedy_ting-UX to SMSEMOA-random_dense-2P', 'Equivalence_Line_13: SPEA2-greedy_ting-2P to SMSEMOA-random_dense-HUX', 'Equivalence_Line_14: RVEA-greedy_ting-HUX to RVEA-random_dense-1P', 'Equivalence_Line_15: NSGA2-random_dense-2P to RVEA-random_dense-UX', 'Equivalence_Line_16: NSGA3-random_dense-HUX to SPEA2-greedy_multi-HUX', 'Equivalence_Line_17: AGEMOEA2-random_dense-UX to SPEA2-greedy_multi-UX', 'Equivalence_Line_18: AGEMOEA2-random_dense-2P to AGEMOEA2-greedy_multi-HUX', 'Equivalence_Line_19: NSGA3-random_dense-2P to NSGA2-greedy_multi-1P', 'Equivalence_Line_20: RVEA-greedy_ting-2P to AGEMOEA2-greedy_multi-2P', 'Equivalence_Line_21: UNSGA3-random_dense-1P to AGEMOEA2-greedy_multi-1P', 'Equivalence_Line_22: SMSEMOA-random_dense-2P to UNSGA3-greedy_multi-1P', 'Equivalence_Line_23: SMSEMOA-random_dense-1P to SMSEMOA-greedy_multi-UX', 'Equivalence_Line_24: SMSEMOA-random_dense-UX to SMSEMOA-greedy_multi-HUX', 'Equivalence_Line_25: RVEA-random_dense-2P to SMSEMOA-greedy_multi-2P', 'Equivalence_Line_26: RVEA-random_dense-1P to SMSEMOA-greedy_multi-1P', 'Equivalence_Line_27: RVEA-random_dense-HUX to RVEA-greedy_multi-HUX', 'Equivalence_Line_28: NSGA2-greedy_multi-HUX to RVEA-greedy_multi-2P', 'Equivalence_Line_29: SPEA2-greedy_multi-HUX to RVEA-greedy_multi-1P']"
NSGA3-random_dense-HUX,1.3818776565584852,"['Equivalence_Line_1: NSGA2-greedy_ting-UX to RVEA-greedy_ting-UX', 'Equivalence_Line_2: NSGA2-greedy_ting-1P to RVEA-greedy_ting-HUX', 'Equivalence_Line_3: AGEMOEA2-greedy_ting-1P to NSGA2-random_dense-2P', 'Equivalence_Line_4: UNSGA3-greedy_ting-2P to NSGA3-random_dense-UX', 'Equivalence_Line_5: NSGA3-greedy_ting-2P to AGEMOEA2-random_dense-2P', 'Equivalence_Line_6: UNSGA3-greedy_ting-1P to NSGA2-random_dense-1P', 'Equivalence_Line_7: SMSEMOA-greedy_ting-UX to SPEA2-random_dense-UX', 'Equivalence_Line_8: SMSEMOA-greedy_ting-HUX to AGEMOEA2-random_dense-1P', 'Equivalence_Line_9: NSGA3-greedy_ting-HUX to SPEA2-random_dense-1P', 'Equivalence_Line_10: NSGA2-random_dense-HUX to SPEA2-random_dense-2P', 'Equivalence_Line_11: SPEA2-greedy_ting-UX to NSGA3-random_dense-1P', 'Equivalence_Line_12: AGEMOEA2-greedy_ting-UX to SMSEMOA-random_dense-2P', 'Equivalence_Line_13: SPEA2-greedy_ting-2P to SMSEMOA-random_dense-HUX', 'Equivalence_Line_14: RVEA-greedy_ting-HUX to RVEA-random_dense-1P', 'Equivalence_Line_15: NSGA2-random_dense-2P to RVEA-random_dense-UX', 'Equivalence_Line_16: NSGA3-random_dense-HUX to SPEA2-greedy_multi-HUX', 'Equivalence_Line_17: AGEMOEA2-random_dense-UX to SPEA2-greedy_multi-UX', 'Equivalence_Line_18: AGEMOEA2-random_dense-2P to AGEMOEA2-greedy_multi-HUX', 'Equivalence_Line_19: NSGA3-random_dense-2P to NSGA2-greedy_multi-1P', 'Equivalence_Line_20: RVEA-greedy_ting-2P to AGEMOEA2-greedy_multi-2P', 'Equivalence_Line_21: UNSGA3-random_dense-1P to AGEMOEA2-greedy_multi-1P', 'Equivalence_Line_22: SMSEMOA-random_dense-2P to UNSGA3-greedy_multi-1P', 'Equivalence_Line_23: SMSEMOA-random_dense-1P to SMSEMOA-greedy_multi-UX', 'Equivalence_Line_24: SMSEMOA-random_dense-UX to SMSEMOA-greedy_multi-HUX', 'Equivalence_Line_25: RVEA-random_dense-2P to SMSEMOA-greedy_multi-2P', 'Equivalence_Line_26: RVEA-random_dense-1P to SMSEMOA-greedy_multi-1P', 'Equivalence_Line_27: RVEA-random_dense-HUX to RVEA-greedy_multi-HUX', 'Equivalence_Line_28: NSGA2-greedy_multi-HUX to RVEA-greedy_multi-2P', 'Equivalence_Line_29: SPEA2-greedy_multi-HUX to RVEA-greedy_multi-1P']"
UNSGA3-random_dense-UX,1.3773604741750394,"['Equivalence_Line_1: NSGA2-greedy_ting-UX to RVEA-greedy_ting-UX', 'Equivalence_Line_2: NSGA2-greedy_ting-1P to RVEA-greedy_ting-HUX', 'Equivalence_Line_3: AGEMOEA2-greedy_ting-1P to NSGA2-random_dense-2P', 'Equivalence_Line_4: UNSGA3-greedy_ting-2P to NSGA3-random_dense-UX', 'Equivalence_Line_5: NSGA3-greedy_ting-2P to AGEMOEA2-random_dense-2P', 'Equivalence_Line_6: UNSGA3-greedy_ting-1P to NSGA2-random_dense-1P', 'Equivalence_Line_7: SMSEMOA-greedy_ting-UX to SPEA2-random_dense-UX', 'Equivalence_Line_8: SMSEMOA-greedy_ting-HUX to AGEMOEA2-random_dense-1P', 'Equivalence_Line_9: NSGA3-greedy_ting-HUX to SPEA2-random_dense-1P', 'Equivalence_Line_10: NSGA2-random_dense-HUX to SPEA2-random_dense-2P', 'Equivalence_Line_11: SPEA2-greedy_ting-UX to NSGA3-random_dense-1P', 'Equivalence_Line_12: AGEMOEA2-greedy_ting-UX to SMSEMOA-random_dense-2P', 'Equivalence_Line_13: SPEA2-greedy_ting-2P to SMSEMOA-random_dense-HUX', 'Equivalence_Line_14: RVEA-greedy_ting-HUX to RVEA-random_dense-1P', 'Equivalence_Line_15: NSGA2-random_dense-2P to RVEA-random_dense-UX', 'Equivalence_Line_16: NSGA3-random_dense-HUX to SPEA2-greedy_multi-HUX', 'Equivalence_Line_17: AGEMOEA2-random_dense-UX to SPEA2-greedy_multi-UX', 'Equivalence_Line_18: AGEMOEA2-random_dense-2P to AGEMOEA2-greedy_multi-HUX', 'Equivalence_Line_19: NSGA3-random_dense-2P to NSGA2-greedy_multi-1P', 'Equivalence_Line_20: RVEA-greedy_ting-2P to AGEMOEA2-greedy_multi-2P', 'Equivalence_Line_21: UNSGA3-random_dense-1P to AGEMOEA2-greedy_multi-1P', 'Equivalence_Line_22: SMSEMOA-random_dense-2P to UNSGA3-greedy_multi-1P', 'Equivalence_Line_23: SMSEMOA-random_dense-1P to SMSEMOA-greedy_multi-UX', 'Equivalence_Line_24: SMSEMOA-random_dense-UX to SMSEMOA-greedy_multi-HUX', 'Equivalence_Line_25: RVEA-random_dense-2P to SMSEMOA-greedy_multi-2P', 'Equivalence_Line_26: RVEA-random_dense-1P to SMSEMOA-greedy_multi-1P', 'Equivalence_Line_27: RVEA-random_dense-HUX to RVEA-greedy_multi-HUX', 'Equivalence_Line_28: NSGA2-greedy_multi-HUX to RVEA-greedy_multi-2P', 'Equivalence_Line_29: SPEA2-greedy_multi-HUX to RVEA-greedy_multi-1P']"
UNSGA3-random_dense-HUX,1.3564689873907976,"['Equivalence_Line_1: NSGA2-greedy_ting-UX to RVEA-greedy_ting-UX', 'Equivalence_Line_2: NSGA2-greedy_ting-1P to RVEA-greedy_ting-HUX', 'Equivalence_Line_3: AGEMOEA2-greedy_ting-1P to NSGA2-random_dense-2P', 'Equivalence_Line_4: UNSGA3-greedy_ting-2P to NSGA3-random_dense-UX', 'Equivalence_Line_5: NSGA3-greedy_ting-2P to AGEMOEA2-random_dense-2P', 'Equivalence_Line_6: UNSGA3-greedy_ting-1P to NSGA2-random_dense-1P', 'Equivalence_Line_7: SMSEMOA-greedy_ting-UX to SPEA2-random_dense-UX', 'Equivalence_Line_8: SMSEMOA-greedy_ting-HUX to AGEMOEA2-random_dense-1P', 'Equivalence_Line_9: NSGA3-greedy_ting-HUX to SPEA2-random_dense-1P', 'Equivalence_Line_10: NSGA2-random_dense-HUX to SPEA2-random_dense-2P', 'Equivalence_Line_11: SPEA2-greedy_ting-UX to NSGA3-random_dense-1P', 'Equivalence_Line_12: AGEMOEA2-greedy_ting-UX to SMSEMOA-random_dense-2P', 'Equivalence_Line_13: SPEA2-greedy_ting-2P to SMSEMOA-random_dense-HUX', 'Equivalence_Line_14: RVEA-greedy_ting-HUX to RVEA-random_dense-1P', 'Equivalence_Line_15: NSGA2-random_dense-2P to RVEA-random_dense-UX', 'Equivalence_Line_16: NSGA3-random_dense-HUX to SPEA2-greedy_multi-HUX', 'Equivalence_Line_17: AGEMOEA2-random_dense-UX to SPEA2-greedy_multi-UX', 'Equivalence_Line_18: AGEMOEA2-random_dense-2P to AGEMOEA2-greedy_multi-HUX', 'Equivalence_Line_19: NSGA3-random_dense-2P to NSGA2-greedy_multi-1P', 'Equivalence_Line_20: RVEA-greedy_ting-2P to AGEMOEA2-greedy_multi-2P', 'Equivalence_Line_21: UNSGA3-random_dense-1P to AGEMOEA2-greedy_multi-1P', 'Equivalence_Line_22: SMSEMOA-random_dense-2P to UNSGA3-greedy_multi-1P', 'Equivalence_Line_23: SMSEMOA-random_dense-1P to SMSEMOA-greedy_multi-UX', 'Equivalence_Line_24: SMSEMOA-random_dense-UX to SMSEMOA-greedy_multi-HUX', 'Equivalence_Line_25: RVEA-random_dense-2P to SMSEMOA-greedy_multi-2P', 'Equivalence_Line_26: RVEA-random_dense-1P to SMSEMOA-greedy_multi-1P', 'Equivalence_Line_27: RVEA-random_dense-HUX to RVEA-greedy_multi-HUX', 'Equivalence_Line_28: NSGA2-greedy_multi-HUX to RVEA-greedy_multi-2P', 'Equivalence_Line_29: SPEA2-greedy_multi-HUX to RVEA-greedy_multi-1P']"
AGEMOEA2-random_dense-HUX,1.3561275887381354,"['Equivalence_Line_1: NSGA2-greedy_ting-UX to RVEA-greedy_ting-UX', 'Equivalence_Line_2: NSGA2-greedy_ting-1P to RVEA-greedy_ting-HUX', 'Equivalence_Line_3: AGEMOEA2-greedy_ting-1P to NSGA2-random_dense-2P', 'Equivalence_Line_4: UNSGA3-greedy_ting-2P to NSGA3-random_dense-UX', 'Equivalence_Line_5: NSGA3-greedy_ting-2P to AGEMOEA2-random_dense-2P', 'Equivalence_Line_6: UNSGA3-greedy_ting-1P to NSGA2-random_dense-1P', 'Equivalence_Line_7: SMSEMOA-greedy_ting-UX to SPEA2-random_dense-UX', 'Equivalence_Line_8: SMSEMOA-greedy_ting-HUX to AGEMOEA2-random_dense-1P', 'Equivalence_Line_9: NSGA3-greedy_ting-HUX to SPEA2-random_dense-1P', 'Equivalence_Line_10: NSGA2-random_dense-HUX to SPEA2-random_dense-2P', 'Equivalence_Line_11: SPEA2-greedy_ting-UX to NSGA3-random_dense-1P', 'Equivalence_Line_12: AGEMOEA2-greedy_ting-UX to SMSEMOA-random_dense-2P', 'Equivalence_Line_13: SPEA2-greedy_ting-2P to SMSEMOA-random_dense-HUX', 'Equivalence_Line_14: RVEA-greedy_ting-HUX to RVEA-random_dense-1P', 'Equivalence_Line_15: NSGA2-random_dense-2P to RVEA-random_dense-UX', 'Equivalence_Line_16: NSGA3-random_dense-HUX to SPEA2-greedy_multi-HUX', 'Equivalence_Line_17: AGEMOEA2-random_dense-UX to SPEA2-greedy_multi-UX', 'Equivalence_Line_18: AGEMOEA2-random_dense-2P to AGEMOEA2-greedy_multi-HUX', 'Equivalence_Line_19: NSGA3-random_dense-2P to NSGA2-greedy_multi-1P', 'Equivalence_Line_20: RVEA-greedy_ting-2P to AGEMOEA2-greedy_multi-2P', 'Equivalence_Line_21: UNSGA3-random_dense-1P to AGEMOEA2-greedy_multi-1P', 'Equivalence_Line_22: SMSEMOA-random_dense-2P to UNSGA3-greedy_multi-1P', 'Equivalence_Line_23: SMSEMOA-random_dense-1P to SMSEMOA-greedy_multi-UX', 'Equivalence_Line_24: SMSEMOA-random_dense-UX to SMSEMOA-greedy_multi-HUX', 'Equivalence_Line_25: RVEA-random_dense-2P to SMSEMOA-greedy_multi-2P', 'Equivalence_Line_26: RVEA-random_dense-1P to SMSEMOA-greedy_multi-1P', 'Equivalence_Line_27: RVEA-random_dense-HUX to RVEA-greedy_multi-HUX', 'Equivalence_Line_28: NSGA2-greedy_multi-HUX to RVEA-greedy_multi-2P', 'Equivalence_Line_29: SPEA2-greedy_multi-HUX to RVEA-greedy_multi-1P']"
NSGA3-random_dense-UX,1.3517919691404312,"['Equivalence_Line_1: NSGA2-greedy_ting-UX to RVEA-greedy_ting-UX', 'Equivalence_Line_2: NSGA2-greedy_ting-1P to RVEA-greedy_ting-HUX', 'Equivalence_Line_3: AGEMOEA2-greedy_ting-1P to NSGA2-random_dense-2P', 'Equivalence_Line_4: UNSGA3-greedy_ting-2P to NSGA3-random_dense-UX', 'Equivalence_Line_5: NSGA3-greedy_ting-2P to AGEMOEA2-random_dense-2P', 'Equivalence_Line_6: UNSGA3-greedy_ting-1P to NSGA2-random_dense-1P', 'Equivalence_Line_7: SMSEMOA-greedy_ting-UX to SPEA2-random_dense-UX', 'Equivalence_Line_8: SMSEMOA-greedy_ting-HUX to AGEMOEA2-random_dense-1P', 'Equivalence_Line_9: NSGA3-greedy_ting-HUX to SPEA2-random_dense-1P', 'Equivalence_Line_10: NSGA2-random_dense-HUX to SPEA2-random_dense-2P', 'Equivalence_Line_11: SPEA2-greedy_ting-UX to NSGA3-random_dense-1P', 'Equivalence_Line_12: AGEMOEA2-greedy_ting-UX to SMSEMOA-random_dense-2P', 'Equivalence_Line_13: SPEA2-greedy_ting-2P to SMSEMOA-random_dense-HUX', 'Equivalence_Line_14: RVEA-greedy_ting-HUX to RVEA-random_dense-1P', 'Equivalence_Line_15: NSGA2-random_dense-2P to RVEA-random_dense-UX', 'Equivalence_Line_16: NSGA3-random_dense-HUX to SPEA2-greedy_multi-HUX', 'Equivalence_Line_17: AGEMOEA2-random_dense-UX to SPEA2-greedy_multi-UX', 'Equivalence_Line_18: AGEMOEA2-random_dense-2P to AGEMOEA2-greedy_multi-HUX', 'Equivalence_Line_19: NSGA3-random_dense-2P to NSGA2-greedy_multi-1P', 'Equivalence_Line_20: RVEA-greedy_ting-2P to AGEMOEA2-greedy_multi-2P', 'Equivalence_Line_21: UNSGA3-random_dense-1P to AGEMOEA2-greedy_multi-1P', 'Equivalence_Line_22: SMSEMOA-random_dense-2P to UNSGA3-greedy_multi-1P', 'Equivalence_Line_23: SMSEMOA-random_dense-1P to SMSEMOA-greedy_multi-UX', 'Equivalence_Line_24: SMSEMOA-random_dense-UX to SMSEMOA-greedy_multi-HUX', 'Equivalence_Line_25: RVEA-random_dense-2P to SMSEMOA-greedy_multi-2P', 'Equivalence_Line_26: RVEA-random_dense-1P to SMSEMOA-greedy_multi-1P', 'Equivalence_Line_27: RVEA-random_dense-HUX to RVEA-greedy_multi-HUX', 'Equivalence_Line_28: NSGA2-greedy_multi-HUX to RVEA-greedy_multi-2P', 'Equivalence_Line_29: SPEA2-greedy_multi-HUX to RVEA-greedy_multi-1P']"
AGEMOEA2-random_dense-UX,1.3404040065053293,"['Equivalence_Line_1: NSGA2-greedy_ting-UX to RVEA-greedy_ting-UX', 'Equivalence_Line_2: NSGA2-greedy_ting-1P to RVEA-greedy_ting-HUX', 'Equivalence_Line_3: AGEMOEA2-greedy_ting-1P to NSGA2-random_dense-2P', 'Equivalence_Line_4: UNSGA3-greedy_ting-2P to NSGA3-random_dense-UX', 'Equivalence_Line_5: NSGA3-greedy_ting-2P to AGEMOEA2-random_dense-2P', 'Equivalence_Line_6: UNSGA3-greedy_ting-1P to NSGA2-random_dense-1P', 'Equivalence_Line_7: SMSEMOA-greedy_ting-UX to SPEA2-random_dense-UX', 'Equivalence_Line_8: SMSEMOA-greedy_ting-HUX to AGEMOEA2-random_dense-1P', 'Equivalence_Line_9: NSGA3-greedy_ting-HUX to SPEA2-random_dense-1P', 'Equivalence_Line_10: NSGA2-random_dense-HUX to SPEA2-random_dense-2P', 'Equivalence_Line_11: SPEA2-greedy_ting-UX to NSGA3-random_dense-1P', 'Equivalence_Line_12: AGEMOEA2-greedy_ting-UX to SMSEMOA-random_dense-2P', 'Equivalence_Line_13: SPEA2-greedy_ting-2P to SMSEMOA-random_dense-HUX', 'Equivalence_Line_14: RVEA-greedy_ting-HUX to RVEA-random_dense-1P', 'Equivalence_Line_15: NSGA2-random_dense-2P to RVEA-random_dense-UX', 'Equivalence_Line_16: NSGA3-random_dense-HUX to SPEA2-greedy_multi-HUX', 'Equivalence_Line_17: AGEMOEA2-random_dense-UX to SPEA2-greedy_multi-UX', 'Equivalence_Line_18: AGEMOEA2-random_dense-2P to AGEMOEA2-greedy_multi-HUX', 'Equivalence_Line_19: NSGA3-random_dense-2P to NSGA2-greedy_multi-1P', 'Equivalence_Line_20: RVEA-greedy_ting-2P to AGEMOEA2-greedy_multi-2P', 'Equivalence_Line_21: UNSGA3-random_dense-1P to AGEMOEA2-greedy_multi-1P', 'Equivalence_Line_22: SMSEMOA-random_dense-2P to UNSGA3-greedy_multi-1P', 'Equivalence_Line_23: SMSEMOA-random_dense-1P to SMSEMOA-greedy_multi-UX', 'Equivalence_Line_24: SMSEMOA-random_dense-UX to SMSEMOA-greedy_multi-HUX', 'Equivalence_Line_25: RVEA-random_dense-2P to SMSEMOA-greedy_multi-2P', 'Equivalence_Line_26: RVEA-random_dense-1P to SMSEMOA-greedy_multi-1P', 'Equivalence_Line_27: RVEA-random_dense-HUX to RVEA-greedy_multi-HUX', 'Equivalence_Line_28: NSGA2-greedy_multi-HUX to RVEA-greedy_multi-2P', 'Equivalence_Line_29: SPEA2-greedy_multi-HUX to RVEA-greedy_multi-1P']"
AGEMOEA2-random_dense-2P,1.3268989496253174,"['Equivalence_Line_1: NSGA2-greedy_ting-UX to RVEA-greedy_ting-UX', 'Equivalence_Line_2: NSGA2-greedy_ting-1P to RVEA-greedy_ting-HUX', 'Equivalence_Line_3: AGEMOEA2-greedy_ting-1P to NSGA2-random_dense-2P', 'Equivalence_Line_4: UNSGA3-greedy_ting-2P to NSGA3-random_dense-UX', 'Equivalence_Line_5: NSGA3-greedy_ting-2P to AGEMOEA2-random_dense-2P', 'Equivalence_Line_6: UNSGA3-greedy_ting-1P to NSGA2-random_dense-1P', 'Equivalence_Line_7: SMSEMOA-greedy_ting-UX to SPEA2-random_dense-UX', 'Equivalence_Line_8: SMSEMOA-greedy_ting-HUX to AGEMOEA2-random_dense-1P', 'Equivalence_Line_9: NSGA3-greedy_ting-HUX to SPEA2-random_dense-1P', 'Equivalence_Line_10: NSGA2-random_dense-HUX to SPEA2-random_dense-2P', 'Equivalence_Line_11: SPEA2-greedy_ting-UX to NSGA3-random_dense-1P', 'Equivalence_Line_12: AGEMOEA2-greedy_ting-UX to SMSEMOA-random_dense-2P', 'Equivalence_Line_13: SPEA2-greedy_ting-2P to SMSEMOA-random_dense-HUX', 'Equivalence_Line_14: RVEA-greedy_ting-HUX to RVEA-random_dense-1P', 'Equivalence_Line_15: NSGA2-random_dense-2P to RVEA-random_dense-UX', 'Equivalence_Line_16: NSGA3-random_dense-HUX to SPEA2-greedy_multi-HUX', 'Equivalence_Line_17: AGEMOEA2-random_dense-UX to SPEA2-greedy_multi-UX', 'Equivalence_Line_18: AGEMOEA2-random_dense-2P to AGEMOEA2-greedy_multi-HUX', 'Equivalence_Line_19: NSGA3-random_dense-2P to NSGA2-greedy_multi-1P', 'Equivalence_Line_20: RVEA-greedy_ting-2P to AGEMOEA2-greedy_multi-2P', 'Equivalence_Line_21: UNSGA3-random_dense-1P to AGEMOEA2-greedy_multi-1P', 'Equivalence_Line_22: SMSEMOA-random_dense-2P to UNSGA3-greedy_multi-1P', 'Equivalence_Line_23: SMSEMOA-random_dense-1P to SMSEMOA-greedy_multi-UX', 'Equivalence_Line_24: SMSEMOA-random_dense-UX to SMSEMOA-greedy_multi-HUX', 'Equivalence_Line_25: RVEA-random_dense-2P to SMSEMOA-greedy_multi-2P', 'Equivalence_Line_26: RVEA-random_dense-1P to SMSEMOA-greedy_multi-1P', 'Equivalence_Line_27: RVEA-random_dense-HUX to RVEA-greedy_multi-HUX', 'Equivalence_Line_28: NSGA2-greedy_multi-HUX to RVEA-greedy_multi-2P', 'Equivalence_Line_29: SPEA2-greedy_multi-HUX to RVEA-greedy_multi-1P']"
RVEA-greedy_ting-1P,1.3125061937493705,"['Equivalence_Line_1: NSGA2-greedy_ting-UX to RVEA-greedy_ting-UX', 'Equivalence_Line_2: NSGA2-greedy_ting-1P to RVEA-greedy_ting-HUX', 'Equivalence_Line_3: AGEMOEA2-greedy_ting-1P to NSGA2-random_dense-2P', 'Equivalence_Line_4: UNSGA3-greedy_ting-2P to NSGA3-random_dense-UX', 'Equivalence_Line_5: NSGA3-greedy_ting-2P to AGEMOEA2-random_dense-2P', 'Equivalence_Line_6: UNSGA3-greedy_ting-1P to NSGA2-random_dense-1P', 'Equivalence_Line_7: SMSEMOA-greedy_ting-UX to SPEA2-random_dense-UX', 'Equivalence_Line_8: SMSEMOA-greedy_ting-HUX to AGEMOEA2-random_dense-1P', 'Equivalence_Line_9: NSGA3-greedy_ting-HUX to SPEA2-random_dense-1P', 'Equivalence_Line_10: NSGA2-random_dense-HUX to SPEA2-random_dense-2P', 'Equivalence_Line_11: SPEA2-greedy_ting-UX to NSGA3-random_dense-1P', 'Equivalence_Line_12: AGEMOEA2-greedy_ting-UX to SMSEMOA-random_dense-2P', 'Equivalence_Line_13: SPEA2-greedy_ting-2P to SMSEMOA-random_dense-HUX', 'Equivalence_Line_14: RVEA-greedy_ting-HUX to RVEA-random_dense-1P', 'Equivalence_Line_15: NSGA2-random_dense-2P to RVEA-random_dense-UX', 'Equivalence_Line_16: NSGA3-random_dense-HUX to SPEA2-greedy_multi-HUX', 'Equivalence_Line_17: AGEMOEA2-random_dense-UX to SPEA2-greedy_multi-UX', 'Equivalence_Line_18: AGEMOEA2-random_dense-2P to AGEMOEA2-greedy_multi-HUX', 'Equivalence_Line_19: NSGA3-random_dense-2P to NSGA2-greedy_multi-1P', 'Equivalence_Line_20: RVEA-greedy_ting-2P to AGEMOEA2-greedy_multi-2P', 'Equivalence_Line_21: UNSGA3-random_dense-1P to AGEMOEA2-greedy_multi-1P', 'Equivalence_Line_22: SMSEMOA-random_dense-2P to UNSGA3-greedy_multi-1P', 'Equivalence_Line_23: SMSEMOA-random_dense-1P to SMSEMOA-greedy_multi-UX', 'Equivalence_Line_24: SMSEMOA-random_dense-UX to SMSEMOA-greedy_multi-HUX', 'Equivalence_Line_25: RVEA-random_dense-2P to SMSEMOA-greedy_multi-2P', 'Equivalence_Line_26: RVEA-random_dense-1P to SMSEMOA-greedy_multi-1P', 'Equivalence_Line_27: RVEA-random_dense-HUX to RVEA-greedy_multi-HUX', 'Equivalence_Line_28: NSGA2-greedy_multi-HUX to RVEA-greedy_multi-2P', 'Equivalence_Line_29: SPEA2-greedy_multi-HUX to RVEA-greedy_multi-1P']"
NSGA2-random_dense-1P,1.3112088396739363,"['Equivalence_Line_1: NSGA2-greedy_ting-UX to RVEA-greedy_ting-UX', 'Equivalence_Line_2: NSGA2-greedy_ting-1P to RVEA-greedy_ting-HUX', 'Equivalence_Line_3: AGEMOEA2-greedy_ting-1P to NSGA2-random_dense-2P', 'Equivalence_Line_4: UNSGA3-greedy_ting-2P to NSGA3-random_dense-UX', 'Equivalence_Line_5: NSGA3-greedy_ting-2P to AGEMOEA2-random_dense-2P', 'Equivalence_Line_6: UNSGA3-greedy_ting-1P to NSGA2-random_dense-1P', 'Equivalence_Line_7: SMSEMOA-greedy_ting-UX to SPEA2-random_dense-UX', 'Equivalence_Line_8: SMSEMOA-greedy_ting-HUX to AGEMOEA2-random_dense-1P', 'Equivalence_Line_9: NSGA3-greedy_ting-HUX to SPEA2-random_dense-1P', 'Equivalence_Line_10: NSGA2-random_dense-HUX to SPEA2-random_dense-2P', 'Equivalence_Line_11: SPEA2-greedy_ting-UX to NSGA3-random_dense-1P', 'Equivalence_Line_12: AGEMOEA2-greedy_ting-UX to SMSEMOA-random_dense-2P', 'Equivalence_Line_13: SPEA2-greedy_ting-2P to SMSEMOA-random_dense-HUX', 'Equivalence_Line_14: RVEA-greedy_ting-HUX to RVEA-random_dense-1P', 'Equivalence_Line_15: NSGA2-random_dense-2P to RVEA-random_dense-UX', 'Equivalence_Line_16: NSGA3-random_dense-HUX to SPEA2-greedy_multi-HUX', 'Equivalence_Line_17: AGEMOEA2-random_dense-UX to SPEA2-greedy_multi-UX', 'Equivalence_Line_18: AGEMOEA2-random_dense-2P to AGEMOEA2-greedy_multi-HUX', 'Equivalence_Line_19: NSGA3-random_dense-2P to NSGA2-greedy_multi-1P', 'Equivalence_Line_20: RVEA-greedy_ting-2P to AGEMOEA2-greedy_multi-2P', 'Equivalence_Line_21: UNSGA3-random_dense-1P to AGEMOEA2-greedy_multi-1P', 'Equivalence_Line_22: SMSEMOA-random_dense-2P to UNSGA3-greedy_multi-1P', 'Equivalence_Line_23: SMSEMOA-random_dense-1P to SMSEMOA-greedy_multi-UX', 'Equivalence_Line_24: SMSEMOA-random_dense-UX to SMSEMOA-greedy_multi-HUX', 'Equivalence_Line_25: RVEA-random_dense-2P to SMSEMOA-greedy_multi-2P', 'Equivalence_Line_26: RVEA-random_dense-1P to SMSEMOA-greedy_multi-1P', 'Equivalence_Line_27: RVEA-random_dense-HUX to RVEA-greedy_multi-HUX', 'Equivalence_Line_28: NSGA2-greedy_multi-HUX to RVEA-greedy_multi-2P', 'Equivalence_Line_29: SPEA2-greedy_multi-HUX to RVEA-greedy_multi-1P']"
SPEA2-random_dense-HUX,1.2915977217076937,"['Equivalence_Line_1: NSGA2-greedy_ting-UX to RVEA-greedy_ting-UX', 'Equivalence_Line_2: NSGA2-greedy_ting-1P to RVEA-greedy_ting-HUX', 'Equivalence_Line_3: AGEMOEA2-greedy_ting-1P to NSGA2-random_dense-2P', 'Equivalence_Line_4: UNSGA3-greedy_ting-2P to NSGA3-random_dense-UX', 'Equivalence_Line_5: NSGA3-greedy_ting-2P to AGEMOEA2-random_dense-2P', 'Equivalence_Line_6: UNSGA3-greedy_ting-1P to NSGA2-random_dense-1P', 'Equivalence_Line_7: SMSEMOA-greedy_ting-UX to SPEA2-random_dense-UX', 'Equivalence_Line_8: SMSEMOA-greedy_ting-HUX to AGEMOEA2-random_dense-1P', 'Equivalence_Line_9: NSGA3-greedy_ting-HUX to SPEA2-random_dense-1P', 'Equivalence_Line_10: NSGA2-random_dense-HUX to SPEA2-random_dense-2P', 'Equivalence_Line_11: SPEA2-greedy_ting-UX to NSGA3-random_dense-1P', 'Equivalence_Line_12: AGEMOEA2-greedy_ting-UX to SMSEMOA-random_dense-2P', 'Equivalence_Line_13: SPEA2-greedy_ting-2P to SMSEMOA-random_dense-HUX', 'Equivalence_Line_14: RVEA-greedy_ting-HUX to RVEA-random_dense-1P', 'Equivalence_Line_15: NSGA2-random_dense-2P to RVEA-random_dense-UX', 'Equivalence_Line_16: NSGA3-random_dense-HUX to SPEA2-greedy_multi-HUX', 'Equivalence_Line_17: AGEMOEA2-random_dense-UX to SPEA2-greedy_multi-UX', 'Equivalence_Line_18: AGEMOEA2-random_dense-2P to AGEMOEA2-greedy_multi-HUX', 'Equivalence_Line_19: NSGA3-random_dense-2P to NSGA2-greedy_multi-1P', 'Equivalence_Line_20: RVEA-greedy_ting-2P to AGEMOEA2-greedy_multi-2P', 'Equivalence_Line_21: UNSGA3-random_dense-1P to AGEMOEA2-greedy_multi-1P', 'Equivalence_Line_22: SMSEMOA-random_dense-2P to UNSGA3-greedy_multi-1P', 'Equivalence_Line_23: SMSEMOA-random_dense-1P to SMSEMOA-greedy_multi-UX', 'Equivalence_Line_24: SMSEMOA-random_dense-UX to SMSEMOA-greedy_multi-HUX', 'Equivalence_Line_25: RVEA-random_dense-2P to SMSEMOA-greedy_multi-2P', 'Equivalence_Line_26: RVEA-random_dense-1P to SMSEMOA-greedy_multi-1P', 'Equivalence_Line_27: RVEA-random_dense-HUX to RVEA-greedy_multi-HUX', 'Equivalence_Line_28: NSGA2-greedy_multi-HUX to RVEA-greedy_multi-2P', 'Equivalence_Line_29: SPEA2-greedy_multi-HUX to RVEA-greedy_multi-1P']"
SPEA2-random_dense-UX,1.2693198171910651,"['Equivalence_Line_1: NSGA2-greedy_ting-UX to RVEA-greedy_ting-UX', 'Equivalence_Line_2: NSGA2-greedy_ting-1P to RVEA-greedy_ting-HUX', 'Equivalence_Line_3: AGEMOEA2-greedy_ting-1P to NSGA2-random_dense-2P', 'Equivalence_Line_4: UNSGA3-greedy_ting-2P to NSGA3-random_dense-UX', 'Equivalence_Line_5: NSGA3-greedy_ting-2P to AGEMOEA2-random_dense-2P', 'Equivalence_Line_6: UNSGA3-greedy_ting-1P to NSGA2-random_dense-1P', 'Equivalence_Line_7: SMSEMOA-greedy_ting-UX to SPEA2-random_dense-UX', 'Equivalence_Line_8: SMSEMOA-greedy_ting-HUX to AGEMOEA2-random_dense-1P', 'Equivalence_Line_9: NSGA3-greedy_ting-HUX to SPEA2-random_dense-1P', 'Equivalence_Line_10: NSGA2-random_dense-HUX to SPEA2-random_dense-2P', 'Equivalence_Line_11: SPEA2-greedy_ting-UX to NSGA3-random_dense-1P', 'Equivalence_Line_12: AGEMOEA2-greedy_ting-UX to SMSEMOA-random_dense-2P', 'Equivalence_Line_13: SPEA2-greedy_ting-2P to SMSEMOA-random_dense-HUX', 'Equivalence_Line_14: RVEA-greedy_ting-HUX to RVEA-random_dense-1P', 'Equivalence_Line_15: NSGA2-random_dense-2P to RVEA-random_dense-UX', 'Equivalence_Line_16: NSGA3-random_dense-HUX to SPEA2-greedy_multi-HUX', 'Equivalence_Line_17: AGEMOEA2-random_dense-UX to SPEA2-greedy_multi-UX', 'Equivalence_Line_18: AGEMOEA2-random_dense-2P to AGEMOEA2-greedy_multi-HUX', 'Equivalence_Line_19: NSGA3-random_dense-2P to NSGA2-greedy_multi-1P', 'Equivalence_Line_20: RVEA-greedy_ting-2P to AGEMOEA2-greedy_multi-2P', 'Equivalence_Line_21: UNSGA3-random_dense-1P to AGEMOEA2-greedy_multi-1P', 'Equivalence_Line_22: SMSEMOA-random_dense-2P to UNSGA3-greedy_multi-1P', 'Equivalence_Line_23: SMSEMOA-random_dense-1P to SMSEMOA-greedy_multi-UX', 'Equivalence_Line_24: SMSEMOA-random_dense-UX to SMSEMOA-greedy_multi-HUX', 'Equivalence_Line_25: RVEA-random_dense-2P to SMSEMOA-greedy_multi-2P', 'Equivalence_Line_26: RVEA-random_dense-1P to SMSEMOA-greedy_multi-1P', 'Equivalence_Line_27: RVEA-random_dense-HUX to RVEA-greedy_multi-HUX', 'Equivalence_Line_28: NSGA2-greedy_multi-HUX to RVEA-greedy_multi-2P', 'Equivalence_Line_29: SPEA2-greedy_multi-HUX to RVEA-greedy_multi-1P']"
NSGA3-random_dense-2P,1.1814045779050626,"['Equivalence_Line_1: NSGA2-greedy_ting-UX to RVEA-greedy_ting-UX', 'Equivalence_Line_2: NSGA2-greedy_ting-1P to RVEA-greedy_ting-HUX', 'Equivalence_Line_3: AGEMOEA2-greedy_ting-1P to NSGA2-random_dense-2P', 'Equivalence_Line_4: UNSGA3-greedy_ting-2P to NSGA3-random_dense-UX', 'Equivalence_Line_5: NSGA3-greedy_ting-2P to AGEMOEA2-random_dense-2P', 'Equivalence_Line_6: UNSGA3-greedy_ting-1P to NSGA2-random_dense-1P', 'Equivalence_Line_7: SMSEMOA-greedy_ting-UX to SPEA2-random_dense-UX', 'Equivalence_Line_8: SMSEMOA-greedy_ting-HUX to AGEMOEA2-random_dense-1P', 'Equivalence_Line_9: NSGA3-greedy_ting-HUX to SPEA2-random_dense-1P', 'Equivalence_Line_10: NSGA2-random_dense-HUX to SPEA2-random_dense-2P', 'Equivalence_Line_11: SPEA2-greedy_ting-UX to NSGA3-random_dense-1P', 'Equivalence_Line_12: AGEMOEA2-greedy_ting-UX to SMSEMOA-random_dense-2P', 'Equivalence_Line_13: SPEA2-greedy_ting-2P to SMSEMOA-random_dense-HUX', 'Equivalence_Line_14: RVEA-greedy_ting-HUX to RVEA-random_dense-1P', 'Equivalence_Line_15: NSGA2-random_dense-2P to RVEA-random_dense-UX', 'Equivalence_Line_16: NSGA3-random_dense-HUX to SPEA2-greedy_multi-HUX', 'Equivalence_Line_17: AGEMOEA2-random_dense-UX to SPEA2-greedy_multi-UX', 'Equivalence_Line_18: AGEMOEA2-random_dense-2P to AGEMOEA2-greedy_multi-HUX', 'Equivalence_Line_19: NSGA3-random_dense-2P to NSGA2-greedy_multi-1P', 'Equivalence_Line_20: RVEA-greedy_ting-2P to AGEMOEA2-greedy_multi-2P', 'Equivalence_Line_21: UNSGA3-random_dense-1P to AGEMOEA2-greedy_multi-1P', 'Equivalence_Line_22: SMSEMOA-random_dense-2P to UNSGA3-greedy_multi-1P', 'Equivalence_Line_23: SMSEMOA-random_dense-1P to SMSEMOA-greedy_multi-UX', 'Equivalence_Line_24: SMSEMOA-random_dense-UX to SMSEMOA-greedy_multi-HUX', 'Equivalence_Line_25: RVEA-random_dense-2P to SMSEMOA-greedy_multi-2P', 'Equivalence_Line_26: RVEA-random_dense-1P to SMSEMOA-greedy_multi-1P', 'Equivalence_Line_27: RVEA-random_dense-HUX to RVEA-greedy_multi-HUX', 'Equivalence_Line_28: NSGA2-greedy_multi-HUX to RVEA-greedy_multi-2P', 'Equivalence_Line_29: SPEA2-greedy_multi-HUX to RVEA-greedy_multi-1P']"
AGEMOEA2-random_dense-1P,1.180795568748483,"['Equivalence_Line_1: NSGA2-greedy_ting-UX to RVEA-greedy_ting-UX', 'Equivalence_Line_2: NSGA2-greedy_ting-1P to RVEA-greedy_ting-HUX', 'Equivalence_Line_3: AGEMOEA2-greedy_ting-1P to NSGA2-random_dense-2P', 'Equivalence_Line_4: UNSGA3-greedy_ting-2P to NSGA3-random_dense-UX', 'Equivalence_Line_5: NSGA3-greedy_ting-2P to AGEMOEA2-random_dense-2P', 'Equivalence_Line_6: UNSGA3-greedy_ting-1P to NSGA2-random_dense-1P', 'Equivalence_Line_7: SMSEMOA-greedy_ting-UX to SPEA2-random_dense-UX', 'Equivalence_Line_8: SMSEMOA-greedy_ting-HUX to AGEMOEA2-random_dense-1P', 'Equivalence_Line_9: NSGA3-greedy_ting-HUX to SPEA2-random_dense-1P', 'Equivalence_Line_10: NSGA2-random_dense-HUX to SPEA2-random_dense-2P', 'Equivalence_Line_11: SPEA2-greedy_ting-UX to NSGA3-random_dense-1P', 'Equivalence_Line_12: AGEMOEA2-greedy_ting-UX to SMSEMOA-random_dense-2P', 'Equivalence_Line_13: SPEA2-greedy_ting-2P to SMSEMOA-random_dense-HUX', 'Equivalence_Line_14: RVEA-greedy_ting-HUX to RVEA-random_dense-1P', 'Equivalence_Line_15: NSGA2-random_dense-2P to RVEA-random_dense-UX', 'Equivalence_Line_16: NSGA3-random_dense-HUX to SPEA2-greedy_multi-HUX', 'Equivalence_Line_17: AGEMOEA2-random_dense-UX to SPEA2-greedy_multi-UX', 'Equivalence_Line_18: AGEMOEA2-random_dense-2P to AGEMOEA2-greedy_multi-HUX', 'Equivalence_Line_19: NSGA3-random_dense-2P to NSGA2-greedy_multi-1P', 'Equivalence_Line_20: RVEA-greedy_ting-2P to AGEMOEA2-greedy_multi-2P', 'Equivalence_Line_21: UNSGA3-random_dense-1P to AGEMOEA2-greedy_multi-1P', 'Equivalence_Line_22: SMSEMOA-random_dense-2P to UNSGA3-greedy_multi-1P', 'Equivalence_Line_23: SMSEMOA-random_dense-1P to SMSEMOA-greedy_multi-UX', 'Equivalence_Line_24: SMSEMOA-random_dense-UX to SMSEMOA-greedy_multi-HUX', 'Equivalence_Line_25: RVEA-random_dense-2P to SMSEMOA-greedy_multi-2P', 'Equivalence_Line_26: RVEA-random_dense-1P to SMSEMOA-greedy_multi-1P', 'Equivalence_Line_27: RVEA-random_dense-HUX to RVEA-greedy_multi-HUX', 'Equivalence_Line_28: NSGA2-greedy_multi-HUX to RVEA-greedy_multi-2P', 'Equivalence_Line_29: SPEA2-greedy_multi-HUX to RVEA-greedy_multi-1P']"
SPEA2-random_dense-1P,1.1716184802708116,"['Equivalence_Line_1: NSGA2-greedy_ting-UX to RVEA-greedy_ting-UX', 'Equivalence_Line_2: NSGA2-greedy_ting-1P to RVEA-greedy_ting-HUX', 'Equivalence_Line_3: AGEMOEA2-greedy_ting-1P to NSGA2-random_dense-2P', 'Equivalence_Line_4: UNSGA3-greedy_ting-2P to NSGA3-random_dense-UX', 'Equivalence_Line_5: NSGA3-greedy_ting-2P to AGEMOEA2-random_dense-2P', 'Equivalence_Line_6: UNSGA3-greedy_ting-1P to NSGA2-random_dense-1P', 'Equivalence_Line_7: SMSEMOA-greedy_ting-UX to SPEA2-random_dense-UX', 'Equivalence_Line_8: SMSEMOA-greedy_ting-HUX to AGEMOEA2-random_dense-1P', 'Equivalence_Line_9: NSGA3-greedy_ting-HUX to SPEA2-random_dense-1P', 'Equivalence_Line_10: NSGA2-random_dense-HUX to SPEA2-random_dense-2P', 'Equivalence_Line_11: SPEA2-greedy_ting-UX to NSGA3-random_dense-1P', 'Equivalence_Line_12: AGEMOEA2-greedy_ting-UX to SMSEMOA-random_dense-2P', 'Equivalence_Line_13: SPEA2-greedy_ting-2P to SMSEMOA-random_dense-HUX', 'Equivalence_Line_14: RVEA-greedy_ting-HUX to RVEA-random_dense-1P', 'Equivalence_Line_15: NSGA2-random_dense-2P to RVEA-random_dense-UX', 'Equivalence_Line_16: NSGA3-random_dense-HUX to SPEA2-greedy_multi-HUX', 'Equivalence_Line_17: AGEMOEA2-random_dense-UX to SPEA2-greedy_multi-UX', 'Equivalence_Line_18: AGEMOEA2-random_dense-2P to AGEMOEA2-greedy_multi-HUX', 'Equivalence_Line_19: NSGA3-random_dense-2P to NSGA2-greedy_multi-1P', 'Equivalence_Line_20: RVEA-greedy_ting-2P to AGEMOEA2-greedy_multi-2P', 'Equivalence_Line_21: UNSGA3-random_dense-1P to AGEMOEA2-greedy_multi-1P', 'Equivalence_Line_22: SMSEMOA-random_dense-2P to UNSGA3-greedy_multi-1P', 'Equivalence_Line_23: SMSEMOA-random_dense-1P to SMSEMOA-greedy_multi-UX', 'Equivalence_Line_24: SMSEMOA-random_dense-UX to SMSEMOA-greedy_multi-HUX', 'Equivalence_Line_25: RVEA-random_dense-2P to SMSEMOA-greedy_multi-2P', 'Equivalence_Line_26: RVEA-random_dense-1P to SMSEMOA-greedy_multi-1P', 'Equivalence_Line_27: RVEA-random_dense-HUX to RVEA-greedy_multi-HUX', 'Equivalence_Line_28: NSGA2-greedy_multi-HUX to RVEA-greedy_multi-2P', 'Equivalence_Line_29: SPEA2-greedy_multi-HUX to RVEA-greedy_multi-1P']"
UNSGA3-random_dense-2P,1.1679811910581757,"['Equivalence_Line_1: NSGA2-greedy_ting-UX to RVEA-greedy_ting-UX', 'Equivalence_Line_2: NSGA2-greedy_ting-1P to RVEA-greedy_ting-HUX', 'Equivalence_Line_3: AGEMOEA2-greedy_ting-1P to NSGA2-random_dense-2P', 'Equivalence_Line_4: UNSGA3-greedy_ting-2P to NSGA3-random_dense-UX', 'Equivalence_Line_5: NSGA3-greedy_ting-2P to AGEMOEA2-random_dense-2P', 'Equivalence_Line_6: UNSGA3-greedy_ting-1P to NSGA2-random_dense-1P', 'Equivalence_Line_7: SMSEMOA-greedy_ting-UX to SPEA2-random_dense-UX', 'Equivalence_Line_8: SMSEMOA-greedy_ting-HUX to AGEMOEA2-random_dense-1P', 'Equivalence_Line_9: NSGA3-greedy_ting-HUX to SPEA2-random_dense-1P', 'Equivalence_Line_10: NSGA2-random_dense-HUX to SPEA2-random_dense-2P', 'Equivalence_Line_11: SPEA2-greedy_ting-UX to NSGA3-random_dense-1P', 'Equivalence_Line_12: AGEMOEA2-greedy_ting-UX to SMSEMOA-random_dense-2P', 'Equivalence_Line_13: SPEA2-greedy_ting-2P to SMSEMOA-random_dense-HUX', 'Equivalence_Line_14: RVEA-greedy_ting-HUX to RVEA-random_dense-1P', 'Equivalence_Line_15: NSGA2-random_dense-2P to RVEA-random_dense-UX', 'Equivalence_Line_16: NSGA3-random_dense-HUX to SPEA2-greedy_multi-HUX', 'Equivalence_Line_17: AGEMOEA2-random_dense-UX to SPEA2-greedy_multi-UX', 'Equivalence_Line_18: AGEMOEA2-random_dense-2P to AGEMOEA2-greedy_multi-HUX', 'Equivalence_Line_19: NSGA3-random_dense-2P to NSGA2-greedy_multi-1P', 'Equivalence_Line_20: RVEA-greedy_ting-2P to AGEMOEA2-greedy_multi-2P', 'Equivalence_Line_21: UNSGA3-random_dense-1P to AGEMOEA2-greedy_multi-1P', 'Equivalence_Line_22: SMSEMOA-random_dense-2P to UNSGA3-greedy_multi-1P', 'Equivalence_Line_23: SMSEMOA-random_dense-1P to SMSEMOA-greedy_multi-UX', 'Equivalence_Line_24: SMSEMOA-random_dense-UX to SMSEMOA-greedy_multi-HUX', 'Equivalence_Line_25: RVEA-random_dense-2P to SMSEMOA-greedy_multi-2P', 'Equivalence_Line_26: RVEA-random_dense-1P to SMSEMOA-greedy_multi-1P', 'Equivalence_Line_27: RVEA-random_dense-HUX to RVEA-greedy_multi-HUX', 'Equivalence_Line_28: NSGA2-greedy_multi-HUX to RVEA-greedy_multi-2P', 'Equivalence_Line_29: SPEA2-greedy_multi-HUX to RVEA-greedy_multi-1P']"
SPEA2-random_dense-2P,1.1491475858904638,"['Equivalence_Line_1: NSGA2-greedy_ting-UX to RVEA-greedy_ting-UX', 'Equivalence_Line_2: NSGA2-greedy_ting-1P to RVEA-greedy_ting-HUX', 'Equivalence_Line_3: AGEMOEA2-greedy_ting-1P to NSGA2-random_dense-2P', 'Equivalence_Line_4: UNSGA3-greedy_ting-2P to NSGA3-random_dense-UX', 'Equivalence_Line_5: NSGA3-greedy_ting-2P to AGEMOEA2-random_dense-2P', 'Equivalence_Line_6: UNSGA3-greedy_ting-1P to NSGA2-random_dense-1P', 'Equivalence_Line_7: SMSEMOA-greedy_ting-UX to SPEA2-random_dense-UX', 'Equivalence_Line_8: SMSEMOA-greedy_ting-HUX to AGEMOEA2-random_dense-1P', 'Equivalence_Line_9: NSGA3-greedy_ting-HUX to SPEA2-random_dense-1P', 'Equivalence_Line_10: NSGA2-random_dense-HUX to SPEA2-random_dense-2P', 'Equivalence_Line_11: SPEA2-greedy_ting-UX to NSGA3-random_dense-1P', 'Equivalence_Line_12: AGEMOEA2-greedy_ting-UX to SMSEMOA-random_dense-2P', 'Equivalence_Line_13: SPEA2-greedy_ting-2P to SMSEMOA-random_dense-HUX', 'Equivalence_Line_14: RVEA-greedy_ting-HUX to RVEA-random_dense-1P', 'Equivalence_Line_15: NSGA2-random_dense-2P to RVEA-random_dense-UX', 'Equivalence_Line_16: NSGA3-random_dense-HUX to SPEA2-greedy_multi-HUX', 'Equivalence_Line_17: AGEMOEA2-random_dense-UX to SPEA2-greedy_multi-UX', 'Equivalence_Line_18: AGEMOEA2-random_dense-2P to AGEMOEA2-greedy_multi-HUX', 'Equivalence_Line_19: NSGA3-random_dense-2P to NSGA2-greedy_multi-1P', 'Equivalence_Line_20: RVEA-greedy_ting-2P to AGEMOEA2-greedy_multi-2P', 'Equivalence_Line_21: UNSGA3-random_dense-1P to AGEMOEA2-greedy_multi-1P', 'Equivalence_Line_22: SMSEMOA-random_dense-2P to UNSGA3-greedy_multi-1P', 'Equivalence_Line_23: SMSEMOA-random_dense-1P to SMSEMOA-greedy_multi-UX', 'Equivalence_Line_24: SMSEMOA-random_dense-UX to SMSEMOA-greedy_multi-HUX', 'Equivalence_Line_25: RVEA-random_dense-2P to SMSEMOA-greedy_multi-2P', 'Equivalence_Line_26: RVEA-random_dense-1P to SMSEMOA-greedy_multi-1P', 'Equivalence_Line_27: RVEA-random_dense-HUX to RVEA-greedy_multi-HUX', 'Equivalence_Line_28: NSGA2-greedy_multi-HUX to RVEA-greedy_multi-2P', 'Equivalence_Line_29: SPEA2-greedy_multi-HUX to RVEA-greedy_multi-1P']"
RVEA-greedy_ting-2P,1.0812526302706638,"['Equivalence_Line_1: NSGA2-greedy_ting-UX to RVEA-greedy_ting-UX', 'Equivalence_Line_2: NSGA2-greedy_ting-1P to RVEA-greedy_ting-HUX', 'Equivalence_Line_3: AGEMOEA2-greedy_ting-1P to NSGA2-random_dense-2P', 'Equivalence_Line_4: UNSGA3-greedy_ting-2P to NSGA3-random_dense-UX', 'Equivalence_Line_5: NSGA3-greedy_ting-2P to AGEMOEA2-random_dense-2P', 'Equivalence_Line_6: UNSGA3-greedy_ting-1P to NSGA2-random_dense-1P', 'Equivalence_Line_7: SMSEMOA-greedy_ting-UX to SPEA2-random_dense-UX', 'Equivalence_Line_8: SMSEMOA-greedy_ting-HUX to AGEMOEA2-random_dense-1P', 'Equivalence_Line_9: NSGA3-greedy_ting-HUX to SPEA2-random_dense-1P', 'Equivalence_Line_10: NSGA2-random_dense-HUX to SPEA2-random_dense-2P', 'Equivalence_Line_11: SPEA2-greedy_ting-UX to NSGA3-random_dense-1P', 'Equivalence_Line_12: AGEMOEA2-greedy_ting-UX to SMSEMOA-random_dense-2P', 'Equivalence_Line_13: SPEA2-greedy_ting-2P to SMSEMOA-random_dense-HUX', 'Equivalence_Line_14: RVEA-greedy_ting-HUX to RVEA-random_dense-1P', 'Equivalence_Line_15: NSGA2-random_dense-2P to RVEA-random_dense-UX', 'Equivalence_Line_16: NSGA3-random_dense-HUX to SPEA2-greedy_multi-HUX', 'Equivalence_Line_17: AGEMOEA2-random_dense-UX to SPEA2-greedy_multi-UX', 'Equivalence_Line_18: AGEMOEA2-random_dense-2P to AGEMOEA2-greedy_multi-HUX', 'Equivalence_Line_19: NSGA3-random_dense-2P to NSGA2-greedy_multi-1P', 'Equivalence_Line_20: RVEA-greedy_ting-2P to AGEMOEA2-greedy_multi-2P', 'Equivalence_Line_21: UNSGA3-random_dense-1P to AGEMOEA2-greedy_multi-1P', 'Equivalence_Line_22: SMSEMOA-random_dense-2P to UNSGA3-greedy_multi-1P', 'Equivalence_Line_23: SMSEMOA-random_dense-1P to SMSEMOA-greedy_multi-UX', 'Equivalence_Line_24: SMSEMOA-random_dense-UX to SMSEMOA-greedy_multi-HUX', 'Equivalence_Line_25: RVEA-random_dense-2P to SMSEMOA-greedy_multi-2P', 'Equivalence_Line_26: RVEA-random_dense-1P to SMSEMOA-greedy_multi-1P', 'Equivalence_Line_27: RVEA-random_dense-HUX to RVEA-greedy_multi-HUX', 'Equivalence_Line_28: NSGA2-greedy_multi-HUX to RVEA-greedy_multi-2P', 'Equivalence_Line_29: SPEA2-greedy_multi-HUX to RVEA-greedy_multi-1P']"
UNSGA3-random_dense-1P,1.0591405249677068,"['Equivalence_Line_1: NSGA2-greedy_ting-UX to RVEA-greedy_ting-UX', 'Equivalence_Line_2: NSGA2-greedy_ting-1P to RVEA-greedy_ting-HUX', 'Equivalence_Line_3: AGEMOEA2-greedy_ting-1P to NSGA2-random_dense-2P', 'Equivalence_Line_4: UNSGA3-greedy_ting-2P to NSGA3-random_dense-UX', 'Equivalence_Line_5: NSGA3-greedy_ting-2P to AGEMOEA2-random_dense-2P', 'Equivalence_Line_6: UNSGA3-greedy_ting-1P to NSGA2-random_dense-1P', 'Equivalence_Line_7: SMSEMOA-greedy_ting-UX to SPEA2-random_dense-UX', 'Equivalence_Line_8: SMSEMOA-greedy_ting-HUX to AGEMOEA2-random_dense-1P', 'Equivalence_Line_9: NSGA3-greedy_ting-HUX to SPEA2-random_dense-1P', 'Equivalence_Line_10: NSGA2-random_dense-HUX to SPEA2-random_dense-2P', 'Equivalence_Line_11: SPEA2-greedy_ting-UX to NSGA3-random_dense-1P', 'Equivalence_Line_12: AGEMOEA2-greedy_ting-UX to SMSEMOA-random_dense-2P', 'Equivalence_Line_13: SPEA2-greedy_ting-2P to SMSEMOA-random_dense-HUX', 'Equivalence_Line_14: RVEA-greedy_ting-HUX to RVEA-random_dense-1P', 'Equivalence_Line_15: NSGA2-random_dense-2P to RVEA-random_dense-UX', 'Equivalence_Line_16: NSGA3-random_dense-HUX to SPEA2-greedy_multi-HUX', 'Equivalence_Line_17: AGEMOEA2-random_dense-UX to SPEA2-greedy_multi-UX', 'Equivalence_Line_18: AGEMOEA2-random_dense-2P to AGEMOEA2-greedy_multi-HUX', 'Equivalence_Line_19: NSGA3-random_dense-2P to NSGA2-greedy_multi-1P', 'Equivalence_Line_20: RVEA-greedy_ting-2P to AGEMOEA2-greedy_multi-2P', 'Equivalence_Line_21: UNSGA3-random_dense-1P to AGEMOEA2-greedy_multi-1P', 'Equivalence_Line_22: SMSEMOA-random_dense-2P to UNSGA3-greedy_multi-1P', 'Equivalence_Line_23: SMSEMOA-random_dense-1P to SMSEMOA-greedy_multi-UX', 'Equivalence_Line_24: SMSEMOA-random_dense-UX to SMSEMOA-greedy_multi-HUX', 'Equivalence_Line_25: RVEA-random_dense-2P to SMSEMOA-greedy_multi-2P', 'Equivalence_Line_26: RVEA-random_dense-1P to SMSEMOA-greedy_multi-1P', 'Equivalence_Line_27: RVEA-random_dense-HUX to RVEA-greedy_multi-HUX', 'Equivalence_Line_28: NSGA2-greedy_multi-HUX to RVEA-greedy_multi-2P', 'Equivalence_Line_29: SPEA2-greedy_multi-HUX to RVEA-greedy_multi-1P']"
NSGA3-random_dense-1P,1.0579890737375213,"['Equivalence_Line_1: NSGA2-greedy_ting-UX to RVEA-greedy_ting-UX', 'Equivalence_Line_2: NSGA2-greedy_ting-1P to RVEA-greedy_ting-HUX', 'Equivalence_Line_3: AGEMOEA2-greedy_ting-1P to NSGA2-random_dense-2P', 'Equivalence_Line_4: UNSGA3-greedy_ting-2P to NSGA3-random_dense-UX', 'Equivalence_Line_5: NSGA3-greedy_ting-2P to AGEMOEA2-random_dense-2P', 'Equivalence_Line_6: UNSGA3-greedy_ting-1P to NSGA2-random_dense-1P', 'Equivalence_Line_7: SMSEMOA-greedy_ting-UX to SPEA2-random_dense-UX', 'Equivalence_Line_8: SMSEMOA-greedy_ting-HUX to AGEMOEA2-random_dense-1P', 'Equivalence_Line_9: NSGA3-greedy_ting-HUX to SPEA2-random_dense-1P', 'Equivalence_Line_10: NSGA2-random_dense-HUX to SPEA2-random_dense-2P', 'Equivalence_Line_11: SPEA2-greedy_ting-UX to NSGA3-random_dense-1P', 'Equivalence_Line_12: AGEMOEA2-greedy_ting-UX to SMSEMOA-random_dense-2P', 'Equivalence_Line_13: SPEA2-greedy_ting-2P to SMSEMOA-random_dense-HUX', 'Equivalence_Line_14: RVEA-greedy_ting-HUX to RVEA-random_dense-1P', 'Equivalence_Line_15: NSGA2-random_dense-2P to RVEA-random_dense-UX', 'Equivalence_Line_16: NSGA3-random_dense-HUX to SPEA2-greedy_multi-HUX', 'Equivalence_Line_17: AGEMOEA2-random_dense-UX to SPEA2-greedy_multi-UX', 'Equivalence_Line_18: AGEMOEA2-random_dense-2P to AGEMOEA2-greedy_multi-HUX', 'Equivalence_Line_19: NSGA3-random_dense-2P to NSGA2-greedy_multi-1P', 'Equivalence_Line_20: RVEA-greedy_ting-2P to AGEMOEA2-greedy_multi-2P', 'Equivalence_Line_21: UNSGA3-random_dense-1P to AGEMOEA2-greedy_multi-1P', 'Equivalence_Line_22: SMSEMOA-random_dense-2P to UNSGA3-greedy_multi-1P', 'Equivalence_Line_23: SMSEMOA-random_dense-1P to SMSEMOA-greedy_multi-UX', 'Equivalence_Line_24: SMSEMOA-random_dense-UX to SMSEMOA-greedy_multi-HUX', 'Equivalence_Line_25: RVEA-random_dense-2P to SMSEMOA-greedy_multi-2P', 'Equivalence_Line_26: RVEA-random_dense-1P to SMSEMOA-greedy_multi-1P', 'Equivalence_Line_27: RVEA-random_dense-HUX to RVEA-greedy_multi-HUX', 'Equivalence_Line_28: NSGA2-greedy_multi-HUX to RVEA-greedy_multi-2P', 'Equivalence_Line_29: SPEA2-greedy_multi-HUX to RVEA-greedy_multi-1P']"
SMSEMOA-random_dense-2P,0.9041330734344076,"['Equivalence_Line_1: NSGA2-greedy_ting-UX to RVEA-greedy_ting-UX', 'Equivalence_Line_2: NSGA2-greedy_ting-1P to RVEA-greedy_ting-HUX', 'Equivalence_Line_3: AGEMOEA2-greedy_ting-1P to NSGA2-random_dense-2P', 'Equivalence_Line_4: UNSGA3-greedy_ting-2P to NSGA3-random_dense-UX', 'Equivalence_Line_5: NSGA3-greedy_ting-2P to AGEMOEA2-random_dense-2P', 'Equivalence_Line_6: UNSGA3-greedy_ting-1P to NSGA2-random_dense-1P', 'Equivalence_Line_7: SMSEMOA-greedy_ting-UX to SPEA2-random_dense-UX', 'Equivalence_Line_8: SMSEMOA-greedy_ting-HUX to AGEMOEA2-random_dense-1P', 'Equivalence_Line_9: NSGA3-greedy_ting-HUX to SPEA2-random_dense-1P', 'Equivalence_Line_10: NSGA2-random_dense-HUX to SPEA2-random_dense-2P', 'Equivalence_Line_11: SPEA2-greedy_ting-UX to NSGA3-random_dense-1P', 'Equivalence_Line_12: AGEMOEA2-greedy_ting-UX to SMSEMOA-random_dense-2P', 'Equivalence_Line_13: SPEA2-greedy_ting-2P to SMSEMOA-random_dense-HUX', 'Equivalence_Line_14: RVEA-greedy_ting-HUX to RVEA-random_dense-1P', 'Equivalence_Line_15: NSGA2-random_dense-2P to RVEA-random_dense-UX', 'Equivalence_Line_16: NSGA3-random_dense-HUX to SPEA2-greedy_multi-HUX', 'Equivalence_Line_17: AGEMOEA2-random_dense-UX to SPEA2-greedy_multi-UX', 'Equivalence_Line_18: AGEMOEA2-random_dense-2P to AGEMOEA2-greedy_multi-HUX', 'Equivalence_Line_19: NSGA3-random_dense-2P to NSGA2-greedy_multi-1P', 'Equivalence_Line_20: RVEA-greedy_ting-2P to AGEMOEA2-greedy_multi-2P', 'Equivalence_Line_21: UNSGA3-random_dense-1P to AGEMOEA2-greedy_multi-1P', 'Equivalence_Line_22: SMSEMOA-random_dense-2P to UNSGA3-greedy_multi-1P', 'Equivalence_Line_23: SMSEMOA-random_dense-1P to SMSEMOA-greedy_multi-UX', 'Equivalence_Line_24: SMSEMOA-random_dense-UX to SMSEMOA-greedy_multi-HUX', 'Equivalence_Line_25: RVEA-random_dense-2P to SMSEMOA-greedy_multi-2P', 'Equivalence_Line_26: RVEA-random_dense-1P to SMSEMOA-greedy_multi-1P', 'Equivalence_Line_27: RVEA-random_dense-HUX to RVEA-greedy_multi-HUX', 'Equivalence_Line_28: NSGA2-greedy_multi-HUX to RVEA-greedy_multi-2P', 'Equivalence_Line_29: SPEA2-greedy_multi-HUX to RVEA-greedy_multi-1P']"
SMSEMOA-random_dense-1P,0.7692134860172175,"['Equivalence_Line_1: NSGA2-greedy_ting-UX to RVEA-greedy_ting-UX', 'Equivalence_Line_2: NSGA2-greedy_ting-1P to RVEA-greedy_ting-HUX', 'Equivalence_Line_3: AGEMOEA2-greedy_ting-1P to NSGA2-random_dense-2P', 'Equivalence_Line_4: UNSGA3-greedy_ting-2P to NSGA3-random_dense-UX', 'Equivalence_Line_5: NSGA3-greedy_ting-2P to AGEMOEA2-random_dense-2P', 'Equivalence_Line_6: UNSGA3-greedy_ting-1P to NSGA2-random_dense-1P', 'Equivalence_Line_7: SMSEMOA-greedy_ting-UX to SPEA2-random_dense-UX', 'Equivalence_Line_8: SMSEMOA-greedy_ting-HUX to AGEMOEA2-random_dense-1P', 'Equivalence_Line_9: NSGA3-greedy_ting-HUX to SPEA2-random_dense-1P', 'Equivalence_Line_10: NSGA2-random_dense-HUX to SPEA2-random_dense-2P', 'Equivalence_Line_11: SPEA2-greedy_ting-UX to NSGA3-random_dense-1P', 'Equivalence_Line_12: AGEMOEA2-greedy_ting-UX to SMSEMOA-random_dense-2P', 'Equivalence_Line_13: SPEA2-greedy_ting-2P to SMSEMOA-random_dense-HUX', 'Equivalence_Line_14: RVEA-greedy_ting-HUX to RVEA-random_dense-1P', 'Equivalence_Line_15: NSGA2-random_dense-2P to RVEA-random_dense-UX', 'Equivalence_Line_16: NSGA3-random_dense-HUX to SPEA2-greedy_multi-HUX', 'Equivalence_Line_17: AGEMOEA2-random_dense-UX to SPEA2-greedy_multi-UX', 'Equivalence_Line_18: AGEMOEA2-random_dense-2P to AGEMOEA2-greedy_multi-HUX', 'Equivalence_Line_19: NSGA3-random_dense-2P to NSGA2-greedy_multi-1P', 'Equivalence_Line_20: RVEA-greedy_ting-2P to AGEMOEA2-greedy_multi-2P', 'Equivalence_Line_21: UNSGA3-random_dense-1P to AGEMOEA2-greedy_multi-1P', 'Equivalence_Line_22: SMSEMOA-random_dense-2P to UNSGA3-greedy_multi-1P', 'Equivalence_Line_23: SMSEMOA-random_dense-1P to SMSEMOA-greedy_multi-UX', 'Equivalence_Line_24: SMSEMOA-random_dense-UX to SMSEMOA-greedy_multi-HUX', 'Equivalence_Line_25: RVEA-random_dense-2P to SMSEMOA-greedy_multi-2P', 'Equivalence_Line_26: RVEA-random_dense-1P to SMSEMOA-greedy_multi-1P', 'Equivalence_Line_27: RVEA-random_dense-HUX to RVEA-greedy_multi-HUX', 'Equivalence_Line_28: NSGA2-greedy_multi-HUX to RVEA-greedy_multi-2P', 'Equivalence_Line_29: SPEA2-greedy_multi-HUX to RVEA-greedy_multi-1P']"
SMSEMOA-random_dense-UX,0.6644293763996016,"['Equivalence_Line_1: NSGA2-greedy_ting-UX to RVEA-greedy_ting-UX', 'Equivalence_Line_2: NSGA2-greedy_ting-1P to RVEA-greedy_ting-HUX', 'Equivalence_Line_3: AGEMOEA2-greedy_ting-1P to NSGA2-random_dense-2P', 'Equivalence_Line_4: UNSGA3-greedy_ting-2P to NSGA3-random_dense-UX', 'Equivalence_Line_5: NSGA3-greedy_ting-2P to AGEMOEA2-random_dense-2P', 'Equivalence_Line_6: UNSGA3-greedy_ting-1P to NSGA2-random_dense-1P', 'Equivalence_Line_7: SMSEMOA-greedy_ting-UX to SPEA2-random_dense-UX', 'Equivalence_Line_8: SMSEMOA-greedy_ting-HUX to AGEMOEA2-random_dense-1P', 'Equivalence_Line_9: NSGA3-greedy_ting-HUX to SPEA2-random_dense-1P', 'Equivalence_Line_10: NSGA2-random_dense-HUX to SPEA2-random_dense-2P', 'Equivalence_Line_11: SPEA2-greedy_ting-UX to NSGA3-random_dense-1P', 'Equivalence_Line_12: AGEMOEA2-greedy_ting-UX to SMSEMOA-random_dense-2P', 'Equivalence_Line_13: SPEA2-greedy_ting-2P to SMSEMOA-random_dense-HUX', 'Equivalence_Line_14: RVEA-greedy_ting-HUX to RVEA-random_dense-1P', 'Equivalence_Line_15: NSGA2-random_dense-2P to RVEA-random_dense-UX', 'Equivalence_Line_16: NSGA3-random_dense-HUX to SPEA2-greedy_multi-HUX', 'Equivalence_Line_17: AGEMOEA2-random_dense-UX to SPEA2-greedy_multi-UX', 'Equivalence_Line_18: AGEMOEA2-random_dense-2P to AGEMOEA2-greedy_multi-HUX', 'Equivalence_Line_19: NSGA3-random_dense-2P to NSGA2-greedy_multi-1P', 'Equivalence_Line_20: RVEA-greedy_ting-2P to AGEMOEA2-greedy_multi-2P', 'Equivalence_Line_21: UNSGA3-random_dense-1P to AGEMOEA2-greedy_multi-1P', 'Equivalence_Line_22: SMSEMOA-random_dense-2P to UNSGA3-greedy_multi-1P', 'Equivalence_Line_23: SMSEMOA-random_dense-1P to SMSEMOA-greedy_multi-UX', 'Equivalence_Line_24: SMSEMOA-random_dense-UX to SMSEMOA-greedy_multi-HUX', 'Equivalence_Line_25: RVEA-random_dense-2P to SMSEMOA-greedy_multi-2P', 'Equivalence_Line_26: RVEA-random_dense-1P to SMSEMOA-greedy_multi-1P', 'Equivalence_Line_27: RVEA-random_dense-HUX to RVEA-greedy_multi-HUX', 'Equivalence_Line_28: NSGA2-greedy_multi-HUX to RVEA-greedy_multi-2P', 'Equivalence_Line_29: SPEA2-greedy_multi-HUX to RVEA-greedy_multi-1P']"
SMSEMOA-random_dense-HUX,0.6519260687576354,"['Equivalence_Line_1: NSGA2-greedy_ting-UX to RVEA-greedy_ting-UX', 'Equivalence_Line_2: NSGA2-greedy_ting-1P to RVEA-greedy_ting-HUX', 'Equivalence_Line_3: AGEMOEA2-greedy_ting-1P to NSGA2-random_dense-2P', 'Equivalence_Line_4: UNSGA3-greedy_ting-2P to NSGA3-random_dense-UX', 'Equivalence_Line_5: NSGA3-greedy_ting-2P to AGEMOEA2-random_dense-2P', 'Equivalence_Line_6: UNSGA3-greedy_ting-1P to NSGA2-random_dense-1P', 'Equivalence_Line_7: SMSEMOA-greedy_ting-UX to SPEA2-random_dense-UX', 'Equivalence_Line_8: SMSEMOA-greedy_ting-HUX to AGEMOEA2-random_dense-1P', 'Equivalence_Line_9: NSGA3-greedy_ting-HUX to SPEA2-random_dense-1P', 'Equivalence_Line_10: NSGA2-random_dense-HUX to SPEA2-random_dense-2P', 'Equivalence_Line_11: SPEA2-greedy_ting-UX to NSGA3-random_dense-1P', 'Equivalence_Line_12: AGEMOEA2-greedy_ting-UX to SMSEMOA-random_dense-2P', 'Equivalence_Line_13: SPEA2-greedy_ting-2P to SMSEMOA-random_dense-HUX', 'Equivalence_Line_14: RVEA-greedy_ting-HUX to RVEA-random_dense-1P', 'Equivalence_Line_15: NSGA2-random_dense-2P to RVEA-random_dense-UX', 'Equivalence_Line_16: NSGA3-random_dense-HUX to SPEA2-greedy_multi-HUX', 'Equivalence_Line_17: AGEMOEA2-random_dense-UX to SPEA2-greedy_multi-UX', 'Equivalence_Line_18: AGEMOEA2-random_dense-2P to AGEMOEA2-greedy_multi-HUX', 'Equivalence_Line_19: NSGA3-random_dense-2P to NSGA2-greedy_multi-1P', 'Equivalence_Line_20: RVEA-greedy_ting-2P to AGEMOEA2-greedy_multi-2P', 'Equivalence_Line_21: UNSGA3-random_dense-1P to AGEMOEA2-greedy_multi-1P', 'Equivalence_Line_22: SMSEMOA-random_dense-2P to UNSGA3-greedy_multi-1P', 'Equivalence_Line_23: SMSEMOA-random_dense-1P to SMSEMOA-greedy_multi-UX', 'Equivalence_Line_24: SMSEMOA-random_dense-UX to SMSEMOA-greedy_multi-HUX', 'Equivalence_Line_25: RVEA-random_dense-2P to SMSEMOA-greedy_multi-2P', 'Equivalence_Line_26: RVEA-random_dense-1P to SMSEMOA-greedy_multi-1P', 'Equivalence_Line_27: RVEA-random_dense-HUX to RVEA-greedy_multi-HUX', 'Equivalence_Line_28: NSGA2-greedy_multi-HUX to RVEA-greedy_multi-2P', 'Equivalence_Line_29: SPEA2-greedy_multi-HUX to RVEA-greedy_multi-1P']"
RVEA-random_dense-2P,0.587175655624696,"['Equivalence_Line_1: NSGA2-greedy_ting-UX to RVEA-greedy_ting-UX', 'Equivalence_Line_2: NSGA2-greedy_ting-1P to RVEA-greedy_ting-HUX', 'Equivalence_Line_3: AGEMOEA2-greedy_ting-1P to NSGA2-random_dense-2P', 'Equivalence_Line_4: UNSGA3-greedy_ting-2P to NSGA3-random_dense-UX', 'Equivalence_Line_5: NSGA3-greedy_ting-2P to AGEMOEA2-random_dense-2P', 'Equivalence_Line_6: UNSGA3-greedy_ting-1P to NSGA2-random_dense-1P', 'Equivalence_Line_7: SMSEMOA-greedy_ting-UX to SPEA2-random_dense-UX', 'Equivalence_Line_8: SMSEMOA-greedy_ting-HUX to AGEMOEA2-random_dense-1P', 'Equivalence_Line_9: NSGA3-greedy_ting-HUX to SPEA2-random_dense-1P', 'Equivalence_Line_10: NSGA2-random_dense-HUX to SPEA2-random_dense-2P', 'Equivalence_Line_11: SPEA2-greedy_ting-UX to NSGA3-random_dense-1P', 'Equivalence_Line_12: AGEMOEA2-greedy_ting-UX to SMSEMOA-random_dense-2P', 'Equivalence_Line_13: SPEA2-greedy_ting-2P to SMSEMOA-random_dense-HUX', 'Equivalence_Line_14: RVEA-greedy_ting-HUX to RVEA-random_dense-1P', 'Equivalence_Line_15: NSGA2-random_dense-2P to RVEA-random_dense-UX', 'Equivalence_Line_16: NSGA3-random_dense-HUX to SPEA2-greedy_multi-HUX', 'Equivalence_Line_17: AGEMOEA2-random_dense-UX to SPEA2-greedy_multi-UX', 'Equivalence_Line_18: AGEMOEA2-random_dense-2P to AGEMOEA2-greedy_multi-HUX', 'Equivalence_Line_19: NSGA3-random_dense-2P to NSGA2-greedy_multi-1P', 'Equivalence_Line_20: RVEA-greedy_ting-2P to AGEMOEA2-greedy_multi-2P', 'Equivalence_Line_21: UNSGA3-random_dense-1P to AGEMOEA2-greedy_multi-1P', 'Equivalence_Line_22: SMSEMOA-random_dense-2P to UNSGA3-greedy_multi-1P', 'Equivalence_Line_23: SMSEMOA-random_dense-1P to SMSEMOA-greedy_multi-UX', 'Equivalence_Line_24: SMSEMOA-random_dense-UX to SMSEMOA-greedy_multi-HUX', 'Equivalence_Line_25: RVEA-random_dense-2P to SMSEMOA-greedy_multi-2P', 'Equivalence_Line_26: RVEA-random_dense-1P to SMSEMOA-greedy_multi-1P', 'Equivalence_Line_27: RVEA-random_dense-HUX to RVEA-greedy_multi-HUX', 'Equivalence_Line_28: NSGA2-greedy_multi-HUX to RVEA-greedy_multi-2P', 'Equivalence_Line_29: SPEA2-greedy_multi-HUX to RVEA-greedy_multi-1P']"
RVEA-random_dense-1P,0.5282832693404171,"['Equivalence_Line_1: NSGA2-greedy_ting-UX to RVEA-greedy_ting-UX', 'Equivalence_Line_2: NSGA2-greedy_ting-1P to RVEA-greedy_ting-HUX', 'Equivalence_Line_3: AGEMOEA2-greedy_ting-1P to NSGA2-random_dense-2P', 'Equivalence_Line_4: UNSGA3-greedy_ting-2P to NSGA3-random_dense-UX', 'Equivalence_Line_5: NSGA3-greedy_ting-2P to AGEMOEA2-random_dense-2P', 'Equivalence_Line_6: UNSGA3-greedy_ting-1P to NSGA2-random_dense-1P', 'Equivalence_Line_7: SMSEMOA-greedy_ting-UX to SPEA2-random_dense-UX', 'Equivalence_Line_8: SMSEMOA-greedy_ting-HUX to AGEMOEA2-random_dense-1P', 'Equivalence_Line_9: NSGA3-greedy_ting-HUX to SPEA2-random_dense-1P', 'Equivalence_Line_10: NSGA2-random_dense-HUX to SPEA2-random_dense-2P', 'Equivalence_Line_11: SPEA2-greedy_ting-UX to NSGA3-random_dense-1P', 'Equivalence_Line_12: AGEMOEA2-greedy_ting-UX to SMSEMOA-random_dense-2P', 'Equivalence_Line_13: SPEA2-greedy_ting-2P to SMSEMOA-random_dense-HUX', 'Equivalence_Line_14: RVEA-greedy_ting-HUX to RVEA-random_dense-1P', 'Equivalence_Line_15: NSGA2-random_dense-2P to RVEA-random_dense-UX', 'Equivalence_Line_16: NSGA3-random_dense-HUX to SPEA2-greedy_multi-HUX', 'Equivalence_Line_17: AGEMOEA2-random_dense-UX to SPEA2-greedy_multi-UX', 'Equivalence_Line_18: AGEMOEA2-random_dense-2P to AGEMOEA2-greedy_multi-HUX', 'Equivalence_Line_19: NSGA3-random_dense-2P to NSGA2-greedy_multi-1P', 'Equivalence_Line_20: RVEA-greedy_ting-2P to AGEMOEA2-greedy_multi-2P', 'Equivalence_Line_21: UNSGA3-random_dense-1P to AGEMOEA2-greedy_multi-1P', 'Equivalence_Line_22: SMSEMOA-random_dense-2P to UNSGA3-greedy_multi-1P', 'Equivalence_Line_23: SMSEMOA-random_dense-1P to SMSEMOA-greedy_multi-UX', 'Equivalence_Line_24: SMSEMOA-random_dense-UX to SMSEMOA-greedy_multi-HUX', 'Equivalence_Line_25: RVEA-random_dense-2P to SMSEMOA-greedy_multi-2P', 'Equivalence_Line_26: RVEA-random_dense-1P to SMSEMOA-greedy_multi-1P', 'Equivalence_Line_27: RVEA-random_dense-HUX to RVEA-greedy_multi-HUX', 'Equivalence_Line_28: NSGA2-greedy_multi-HUX to RVEA-greedy_multi-2P', 'Equivalence_Line_29: SPEA2-greedy_multi-HUX to RVEA-greedy_multi-1P']"
RVEA-random_dense-UX,0.49814184272227946,"['Equivalence_Line_1: NSGA2-greedy_ting-UX to RVEA-greedy_ting-UX', 'Equivalence_Line_2: NSGA2-greedy_ting-1P to RVEA-greedy_ting-HUX', 'Equivalence_Line_3: AGEMOEA2-greedy_ting-1P to NSGA2-random_dense-2P', 'Equivalence_Line_4: UNSGA3-greedy_ting-2P to NSGA3-random_dense-UX', 'Equivalence_Line_5: NSGA3-greedy_ting-2P to AGEMOEA2-random_dense-2P', 'Equivalence_Line_6: UNSGA3-greedy_ting-1P to NSGA2-random_dense-1P', 'Equivalence_Line_7: SMSEMOA-greedy_ting-UX to SPEA2-random_dense-UX', 'Equivalence_Line_8: SMSEMOA-greedy_ting-HUX to AGEMOEA2-random_dense-1P', 'Equivalence_Line_9: NSGA3-greedy_ting-HUX to SPEA2-random_dense-1P', 'Equivalence_Line_10: NSGA2-random_dense-HUX to SPEA2-random_dense-2P', 'Equivalence_Line_11: SPEA2-greedy_ting-UX to NSGA3-random_dense-1P', 'Equivalence_Line_12: AGEMOEA2-greedy_ting-UX to SMSEMOA-random_dense-2P', 'Equivalence_Line_13: SPEA2-greedy_ting-2P to SMSEMOA-random_dense-HUX', 'Equivalence_Line_14: RVEA-greedy_ting-HUX to RVEA-random_dense-1P', 'Equivalence_Line_15: NSGA2-random_dense-2P to RVEA-random_dense-UX', 'Equivalence_Line_16: NSGA3-random_dense-HUX to SPEA2-greedy_multi-HUX', 'Equivalence_Line_17: AGEMOEA2-random_dense-UX to SPEA2-greedy_multi-UX', 'Equivalence_Line_18: AGEMOEA2-random_dense-2P to AGEMOEA2-greedy_multi-HUX', 'Equivalence_Line_19: NSGA3-random_dense-2P to NSGA2-greedy_multi-1P', 'Equivalence_Line_20: RVEA-greedy_ting-2P to AGEMOEA2-greedy_multi-2P', 'Equivalence_Line_21: UNSGA3-random_dense-1P to AGEMOEA2-greedy_multi-1P', 'Equivalence_Line_22: SMSEMOA-random_dense-2P to UNSGA3-greedy_multi-1P', 'Equivalence_Line_23: SMSEMOA-random_dense-1P to SMSEMOA-greedy_multi-UX', 'Equivalence_Line_24: SMSEMOA-random_dense-UX to SMSEMOA-greedy_multi-HUX', 'Equivalence_Line_25: RVEA-random_dense-2P to SMSEMOA-greedy_multi-2P', 'Equivalence_Line_26: RVEA-random_dense-1P to SMSEMOA-greedy_multi-1P', 'Equivalence_Line_27: RVEA-random_dense-HUX to RVEA-greedy_multi-HUX', 'Equivalence_Line_28: NSGA2-greedy_multi-HUX to RVEA-greedy_multi-2P', 'Equivalence_Line_29: SPEA2-greedy_multi-HUX to RVEA-greedy_multi-1P']"
RVEA-random_dense-HUX,0.45630637000088853,"['Equivalence_Line_1: NSGA2-greedy_ting-UX to RVEA-greedy_ting-UX', 'Equivalence_Line_2: NSGA2-greedy_ting-1P to RVEA-greedy_ting-HUX', 'Equivalence_Line_3: AGEMOEA2-greedy_ting-1P to NSGA2-random_dense-2P', 'Equivalence_Line_4: UNSGA3-greedy_ting-2P to NSGA3-random_dense-UX', 'Equivalence_Line_5: NSGA3-greedy_ting-2P to AGEMOEA2-random_dense-2P', 'Equivalence_Line_6: UNSGA3-greedy_ting-1P to NSGA2-random_dense-1P', 'Equivalence_Line_7: SMSEMOA-greedy_ting-UX to SPEA2-random_dense-UX', 'Equivalence_Line_8: SMSEMOA-greedy_ting-HUX to AGEMOEA2-random_dense-1P', 'Equivalence_Line_9: NSGA3-greedy_ting-HUX to SPEA2-random_dense-1P', 'Equivalence_Line_10: NSGA2-random_dense-HUX to SPEA2-random_dense-2P', 'Equivalence_Line_11: SPEA2-greedy_ting-UX to NSGA3-random_dense-1P', 'Equivalence_Line_12: AGEMOEA2-greedy_ting-UX to SMSEMOA-random_dense-2P', 'Equivalence_Line_13: SPEA2-greedy_ting-2P to SMSEMOA-random_dense-HUX', 'Equivalence_Line_14: RVEA-greedy_ting-HUX to RVEA-random_dense-1P', 'Equivalence_Line_15: NSGA2-random_dense-2P to RVEA-random_dense-UX', 'Equivalence_Line_16: NSGA3-random_dense-HUX to SPEA2-greedy_multi-HUX', 'Equivalence_Line_17: AGEMOEA2-random_dense-UX to SPEA2-greedy_multi-UX', 'Equivalence_Line_18: AGEMOEA2-random_dense-2P to AGEMOEA2-greedy_multi-HUX', 'Equivalence_Line_19: NSGA3-random_dense-2P to NSGA2-greedy_multi-1P', 'Equivalence_Line_20: RVEA-greedy_ting-2P to AGEMOEA2-greedy_multi-2P', 'Equivalence_Line_21: UNSGA3-random_dense-1P to AGEMOEA2-greedy_multi-1P', 'Equivalence_Line_22: SMSEMOA-random_dense-2P to UNSGA3-greedy_multi-1P', 'Equivalence_Line_23: SMSEMOA-random_dense-1P to SMSEMOA-greedy_multi-UX', 'Equivalence_Line_24: SMSEMOA-random_dense-UX to SMSEMOA-greedy_multi-HUX', 'Equivalence_Line_25: RVEA-random_dense-2P to SMSEMOA-greedy_multi-2P', 'Equivalence_Line_26: RVEA-random_dense-1P to SMSEMOA-greedy_multi-1P', 'Equivalence_Line_27: RVEA-random_dense-HUX to RVEA-greedy_multi-HUX', 'Equivalence_Line_28: NSGA2-greedy_multi-HUX to RVEA-greedy_multi-2P', 'Equivalence_Line_29: SPEA2-greedy_multi-HUX to RVEA-greedy_multi-1P']"
NSGA2-greedy_multi-HUX,0.3408936902737022,"['Equivalence_Line_1: NSGA2-greedy_ting-UX to RVEA-greedy_ting-UX', 'Equivalence_Line_2: NSGA2-greedy_ting-1P to RVEA-greedy_ting-HUX', 'Equivalence_Line_3: AGEMOEA2-greedy_ting-1P to NSGA2-random_dense-2P', 'Equivalence_Line_4: UNSGA3-greedy_ting-2P to NSGA3-random_dense-UX', 'Equivalence_Line_5: NSGA3-greedy_ting-2P to AGEMOEA2-random_dense-2P', 'Equivalence_Line_6: UNSGA3-greedy_ting-1P to NSGA2-random_dense-1P', 'Equivalence_Line_7: SMSEMOA-greedy_ting-UX to SPEA2-random_dense-UX', 'Equivalence_Line_8: SMSEMOA-greedy_ting-HUX to AGEMOEA2-random_dense-1P', 'Equivalence_Line_9: NSGA3-greedy_ting-HUX to SPEA2-random_dense-1P', 'Equivalence_Line_10: NSGA2-random_dense-HUX to SPEA2-random_dense-2P', 'Equivalence_Line_11: SPEA2-greedy_ting-UX to NSGA3-random_dense-1P', 'Equivalence_Line_12: AGEMOEA2-greedy_ting-UX to SMSEMOA-random_dense-2P', 'Equivalence_Line_13: SPEA2-greedy_ting-2P to SMSEMOA-random_dense-HUX', 'Equivalence_Line_14: RVEA-greedy_ting-HUX to RVEA-random_dense-1P', 'Equivalence_Line_15: NSGA2-random_dense-2P to RVEA-random_dense-UX', 'Equivalence_Line_16: NSGA3-random_dense-HUX to SPEA2-greedy_multi-HUX', 'Equivalence_Line_17: AGEMOEA2-random_dense-UX to SPEA2-greedy_multi-UX', 'Equivalence_Line_18: AGEMOEA2-random_dense-2P to AGEMOEA2-greedy_multi-HUX', 'Equivalence_Line_19: NSGA3-random_dense-2P to NSGA2-greedy_multi-1P', 'Equivalence_Line_20: RVEA-greedy_ting-2P to AGEMOEA2-greedy_multi-2P', 'Equivalence_Line_21: UNSGA3-random_dense-1P to AGEMOEA2-greedy_multi-1P', 'Equivalence_Line_22: SMSEMOA-random_dense-2P to UNSGA3-greedy_multi-1P', 'Equivalence_Line_23: SMSEMOA-random_dense-1P to SMSEMOA-greedy_multi-UX', 'Equivalence_Line_24: SMSEMOA-random_dense-UX to SMSEMOA-greedy_multi-HUX', 'Equivalence_Line_25: RVEA-random_dense-2P to SMSEMOA-greedy_multi-2P', 'Equivalence_Line_26: RVEA-random_dense-1P to SMSEMOA-greedy_multi-1P', 'Equivalence_Line_27: RVEA-random_dense-HUX to RVEA-greedy_multi-HUX', 'Equivalence_Line_28: NSGA2-greedy_multi-HUX to RVEA-greedy_multi-2P', 'Equivalence_Line_29: SPEA2-greedy_multi-HUX to RVEA-greedy_multi-1P']"
NSGA2-greedy_multi-UX,0.33741181317845725,"['Equivalence_Line_1: NSGA2-greedy_ting-UX to RVEA-greedy_ting-UX', 'Equivalence_Line_2: NSGA2-greedy_ting-1P to RVEA-greedy_ting-HUX', 'Equivalence_Line_3: AGEMOEA2-greedy_ting-1P to NSGA2-random_dense-2P', 'Equivalence_Line_4: UNSGA3-greedy_ting-2P to NSGA3-random_dense-UX', 'Equivalence_Line_5: NSGA3-greedy_ting-2P to AGEMOEA2-random_dense-2P', 'Equivalence_Line_6: UNSGA3-greedy_ting-1P to NSGA2-random_dense-1P', 'Equivalence_Line_7: SMSEMOA-greedy_ting-UX to SPEA2-random_dense-UX', 'Equivalence_Line_8: SMSEMOA-greedy_ting-HUX to AGEMOEA2-random_dense-1P', 'Equivalence_Line_9: NSGA3-greedy_ting-HUX to SPEA2-random_dense-1P', 'Equivalence_Line_10: NSGA2-random_dense-HUX to SPEA2-random_dense-2P', 'Equivalence_Line_11: SPEA2-greedy_ting-UX to NSGA3-random_dense-1P', 'Equivalence_Line_12: AGEMOEA2-greedy_ting-UX to SMSEMOA-random_dense-2P', 'Equivalence_Line_13: SPEA2-greedy_ting-2P to SMSEMOA-random_dense-HUX', 'Equivalence_Line_14: RVEA-greedy_ting-HUX to RVEA-random_dense-1P', 'Equivalence_Line_15: NSGA2-random_dense-2P to RVEA-random_dense-UX', 'Equivalence_Line_16: NSGA3-random_dense-HUX to SPEA2-greedy_multi-HUX', 'Equivalence_Line_17: AGEMOEA2-random_dense-UX to SPEA2-greedy_multi-UX', 'Equivalence_Line_18: AGEMOEA2-random_dense-2P to AGEMOEA2-greedy_multi-HUX', 'Equivalence_Line_19: NSGA3-random_dense-2P to NSGA2-greedy_multi-1P', 'Equivalence_Line_20: RVEA-greedy_ting-2P to AGEMOEA2-greedy_multi-2P', 'Equivalence_Line_21: UNSGA3-random_dense-1P to AGEMOEA2-greedy_multi-1P', 'Equivalence_Line_22: SMSEMOA-random_dense-2P to UNSGA3-greedy_multi-1P', 'Equivalence_Line_23: SMSEMOA-random_dense-1P to SMSEMOA-greedy_multi-UX', 'Equivalence_Line_24: SMSEMOA-random_dense-UX to SMSEMOA-greedy_multi-HUX', 'Equivalence_Line_25: RVEA-random_dense-2P to SMSEMOA-greedy_multi-2P', 'Equivalence_Line_26: RVEA-random_dense-1P to SMSEMOA-greedy_multi-1P', 'Equivalence_Line_27: RVEA-random_dense-HUX to RVEA-greedy_multi-HUX', 'Equivalence_Line_28: NSGA2-greedy_multi-HUX to RVEA-greedy_multi-2P', 'Equivalence_Line_29: SPEA2-greedy_multi-HUX to RVEA-greedy_multi-1P']"
SPEA2-greedy_multi-HUX,0.32412209930374475,"['Equivalence_Line_1: NSGA2-greedy_ting-UX to RVEA-greedy_ting-UX', 'Equivalence_Line_2: NSGA2-greedy_ting-1P to RVEA-greedy_ting-HUX', 'Equivalence_Line_3: AGEMOEA2-greedy_ting-1P to NSGA2-random_dense-2P', 'Equivalence_Line_4: UNSGA3-greedy_ting-2P to NSGA3-random_dense-UX', 'Equivalence_Line_5: NSGA3-greedy_ting-2P to AGEMOEA2-random_dense-2P', 'Equivalence_Line_6: UNSGA3-greedy_ting-1P to NSGA2-random_dense-1P', 'Equivalence_Line_7: SMSEMOA-greedy_ting-UX to SPEA2-random_dense-UX', 'Equivalence_Line_8: SMSEMOA-greedy_ting-HUX to AGEMOEA2-random_dense-1P', 'Equivalence_Line_9: NSGA3-greedy_ting-HUX to SPEA2-random_dense-1P', 'Equivalence_Line_10: NSGA2-random_dense-HUX to SPEA2-random_dense-2P', 'Equivalence_Line_11: SPEA2-greedy_ting-UX to NSGA3-random_dense-1P', 'Equivalence_Line_12: AGEMOEA2-greedy_ting-UX to SMSEMOA-random_dense-2P', 'Equivalence_Line_13: SPEA2-greedy_ting-2P to SMSEMOA-random_dense-HUX', 'Equivalence_Line_14: RVEA-greedy_ting-HUX to RVEA-random_dense-1P', 'Equivalence_Line_15: NSGA2-random_dense-2P to RVEA-random_dense-UX', 'Equivalence_Line_16: NSGA3-random_dense-HUX to SPEA2-greedy_multi-HUX', 'Equivalence_Line_17: AGEMOEA2-random_dense-UX to SPEA2-greedy_multi-UX', 'Equivalence_Line_18: AGEMOEA2-random_dense-2P to AGEMOEA2-greedy_multi-HUX', 'Equivalence_Line_19: NSGA3-random_dense-2P to NSGA2-greedy_multi-1P', 'Equivalence_Line_20: RVEA-greedy_ting-2P to AGEMOEA2-greedy_multi-2P', 'Equivalence_Line_21: UNSGA3-random_dense-1P to AGEMOEA2-greedy_multi-1P', 'Equivalence_Line_22: SMSEMOA-random_dense-2P to UNSGA3-greedy_multi-1P', 'Equivalence_Line_23: SMSEMOA-random_dense-1P to SMSEMOA-greedy_multi-UX', 'Equivalence_Line_24: SMSEMOA-random_dense-UX to SMSEMOA-greedy_multi-HUX', 'Equivalence_Line_25: RVEA-random_dense-2P to SMSEMOA-greedy_multi-2P', 'Equivalence_Line_26: RVEA-random_dense-1P to SMSEMOA-greedy_multi-1P', 'Equivalence_Line_27: RVEA-random_dense-HUX to RVEA-greedy_multi-HUX', 'Equivalence_Line_28: NSGA2-greedy_multi-HUX to RVEA-greedy_multi-2P', 'Equivalence_Line_29: SPEA2-greedy_multi-HUX to RVEA-greedy_multi-1P']"
SPEA2-greedy_multi-UX,0.3025629144148731,"['Equivalence_Line_1: NSGA2-greedy_ting-UX to RVEA-greedy_ting-UX', 'Equivalence_Line_2: NSGA2-greedy_ting-1P to RVEA-greedy_ting-HUX', 'Equivalence_Line_3: AGEMOEA2-greedy_ting-1P to NSGA2-random_dense-2P', 'Equivalence_Line_4: UNSGA3-greedy_ting-2P to NSGA3-random_dense-UX', 'Equivalence_Line_5: NSGA3-greedy_ting-2P to AGEMOEA2-random_dense-2P', 'Equivalence_Line_6: UNSGA3-greedy_ting-1P to NSGA2-random_dense-1P', 'Equivalence_Line_7: SMSEMOA-greedy_ting-UX to SPEA2-random_dense-UX', 'Equivalence_Line_8: SMSEMOA-greedy_ting-HUX to AGEMOEA2-random_dense-1P', 'Equivalence_Line_9: NSGA3-greedy_ting-HUX to SPEA2-random_dense-1P', 'Equivalence_Line_10: NSGA2-random_dense-HUX to SPEA2-random_dense-2P', 'Equivalence_Line_11: SPEA2-greedy_ting-UX to NSGA3-random_dense-1P', 'Equivalence_Line_12: AGEMOEA2-greedy_ting-UX to SMSEMOA-random_dense-2P', 'Equivalence_Line_13: SPEA2-greedy_ting-2P to SMSEMOA-random_dense-HUX', 'Equivalence_Line_14: RVEA-greedy_ting-HUX to RVEA-random_dense-1P', 'Equivalence_Line_15: NSGA2-random_dense-2P to RVEA-random_dense-UX', 'Equivalence_Line_16: NSGA3-random_dense-HUX to SPEA2-greedy_multi-HUX', 'Equivalence_Line_17: AGEMOEA2-random_dense-UX to SPEA2-greedy_multi-UX', 'Equivalence_Line_18: AGEMOEA2-random_dense-2P to AGEMOEA2-greedy_multi-HUX', 'Equivalence_Line_19: NSGA3-random_dense-2P to NSGA2-greedy_multi-1P', 'Equivalence_Line_20: RVEA-greedy_ting-2P to AGEMOEA2-greedy_multi-2P', 'Equivalence_Line_21: UNSGA3-random_dense-1P to AGEMOEA2-greedy_multi-1P', 'Equivalence_Line_22: SMSEMOA-random_dense-2P to UNSGA3-greedy_multi-1P', 'Equivalence_Line_23: SMSEMOA-random_dense-1P to SMSEMOA-greedy_multi-UX', 'Equivalence_Line_24: SMSEMOA-random_dense-UX to SMSEMOA-greedy_multi-HUX', 'Equivalence_Line_25: RVEA-random_dense-2P to SMSEMOA-greedy_multi-2P', 'Equivalence_Line_26: RVEA-random_dense-1P to SMSEMOA-greedy_multi-1P', 'Equivalence_Line_27: RVEA-random_dense-HUX to RVEA-greedy_multi-HUX', 'Equivalence_Line_28: NSGA2-greedy_multi-HUX to RVEA-greedy_multi-2P', 'Equivalence_Line_29: SPEA2-greedy_multi-HUX to RVEA-greedy_multi-1P']"
AGEMOEA2-greedy_multi-UX,0.29573376300639814,"['Equivalence_Line_1: NSGA2-greedy_ting-UX to RVEA-greedy_ting-UX', 'Equivalence_Line_2: NSGA2-greedy_ting-1P to RVEA-greedy_ting-HUX', 'Equivalence_Line_3: AGEMOEA2-greedy_ting-1P to NSGA2-random_dense-2P', 'Equivalence_Line_4: UNSGA3-greedy_ting-2P to NSGA3-random_dense-UX', 'Equivalence_Line_5: NSGA3-greedy_ting-2P to AGEMOEA2-random_dense-2P', 'Equivalence_Line_6: UNSGA3-greedy_ting-1P to NSGA2-random_dense-1P', 'Equivalence_Line_7: SMSEMOA-greedy_ting-UX to SPEA2-random_dense-UX', 'Equivalence_Line_8: SMSEMOA-greedy_ting-HUX to AGEMOEA2-random_dense-1P', 'Equivalence_Line_9: NSGA3-greedy_ting-HUX to SPEA2-random_dense-1P', 'Equivalence_Line_10: NSGA2-random_dense-HUX to SPEA2-random_dense-2P', 'Equivalence_Line_11: SPEA2-greedy_ting-UX to NSGA3-random_dense-1P', 'Equivalence_Line_12: AGEMOEA2-greedy_ting-UX to SMSEMOA-random_dense-2P', 'Equivalence_Line_13: SPEA2-greedy_ting-2P to SMSEMOA-random_dense-HUX', 'Equivalence_Line_14: RVEA-greedy_ting-HUX to RVEA-random_dense-1P', 'Equivalence_Line_15: NSGA2-random_dense-2P to RVEA-random_dense-UX', 'Equivalence_Line_16: NSGA3-random_dense-HUX to SPEA2-greedy_multi-HUX', 'Equivalence_Line_17: AGEMOEA2-random_dense-UX to SPEA2-greedy_multi-UX', 'Equivalence_Line_18: AGEMOEA2-random_dense-2P to AGEMOEA2-greedy_multi-HUX', 'Equivalence_Line_19: NSGA3-random_dense-2P to NSGA2-greedy_multi-1P', 'Equivalence_Line_20: RVEA-greedy_ting-2P to AGEMOEA2-greedy_multi-2P', 'Equivalence_Line_21: UNSGA3-random_dense-1P to AGEMOEA2-greedy_multi-1P', 'Equivalence_Line_22: SMSEMOA-random_dense-2P to UNSGA3-greedy_multi-1P', 'Equivalence_Line_23: SMSEMOA-random_dense-1P to SMSEMOA-greedy_multi-UX', 'Equivalence_Line_24: SMSEMOA-random_dense-UX to SMSEMOA-greedy_multi-HUX', 'Equivalence_Line_25: RVEA-random_dense-2P to SMSEMOA-greedy_multi-2P', 'Equivalence_Line_26: RVEA-random_dense-1P to SMSEMOA-greedy_multi-1P', 'Equivalence_Line_27: RVEA-random_dense-HUX to RVEA-greedy_multi-HUX', 'Equivalence_Line_28: NSGA2-greedy_multi-HUX to RVEA-greedy_multi-2P', 'Equivalence_Line_29: SPEA2-greedy_multi-HUX to RVEA-greedy_multi-1P']"
AGEMOEA2-greedy_multi-HUX,0.2938335848154093,"['Equivalence_Line_1: NSGA2-greedy_ting-UX to RVEA-greedy_ting-UX', 'Equivalence_Line_2: NSGA2-greedy_ting-1P to RVEA-greedy_ting-HUX', 'Equivalence_Line_3: AGEMOEA2-greedy_ting-1P to NSGA2-random_dense-2P', 'Equivalence_Line_4: UNSGA3-greedy_ting-2P to NSGA3-random_dense-UX', 'Equivalence_Line_5: NSGA3-greedy_ting-2P to AGEMOEA2-random_dense-2P', 'Equivalence_Line_6: UNSGA3-greedy_ting-1P to NSGA2-random_dense-1P', 'Equivalence_Line_7: SMSEMOA-greedy_ting-UX to SPEA2-random_dense-UX', 'Equivalence_Line_8: SMSEMOA-greedy_ting-HUX to AGEMOEA2-random_dense-1P', 'Equivalence_Line_9: NSGA3-greedy_ting-HUX to SPEA2-random_dense-1P', 'Equivalence_Line_10: NSGA2-random_dense-HUX to SPEA2-random_dense-2P', 'Equivalence_Line_11: SPEA2-greedy_ting-UX to NSGA3-random_dense-1P', 'Equivalence_Line_12: AGEMOEA2-greedy_ting-UX to SMSEMOA-random_dense-2P', 'Equivalence_Line_13: SPEA2-greedy_ting-2P to SMSEMOA-random_dense-HUX', 'Equivalence_Line_14: RVEA-greedy_ting-HUX to RVEA-random_dense-1P', 'Equivalence_Line_15: NSGA2-random_dense-2P to RVEA-random_dense-UX', 'Equivalence_Line_16: NSGA3-random_dense-HUX to SPEA2-greedy_multi-HUX', 'Equivalence_Line_17: AGEMOEA2-random_dense-UX to SPEA2-greedy_multi-UX', 'Equivalence_Line_18: AGEMOEA2-random_dense-2P to AGEMOEA2-greedy_multi-HUX', 'Equivalence_Line_19: NSGA3-random_dense-2P to NSGA2-greedy_multi-1P', 'Equivalence_Line_20: RVEA-greedy_ting-2P to AGEMOEA2-greedy_multi-2P', 'Equivalence_Line_21: UNSGA3-random_dense-1P to AGEMOEA2-greedy_multi-1P', 'Equivalence_Line_22: SMSEMOA-random_dense-2P to UNSGA3-greedy_multi-1P', 'Equivalence_Line_23: SMSEMOA-random_dense-1P to SMSEMOA-greedy_multi-UX', 'Equivalence_Line_24: SMSEMOA-random_dense-UX to SMSEMOA-greedy_multi-HUX', 'Equivalence_Line_25: RVEA-random_dense-2P to SMSEMOA-greedy_multi-2P', 'Equivalence_Line_26: RVEA-random_dense-1P to SMSEMOA-greedy_multi-1P', 'Equivalence_Line_27: RVEA-random_dense-HUX to RVEA-greedy_multi-HUX', 'Equivalence_Line_28: NSGA2-greedy_multi-HUX to RVEA-greedy_multi-2P', 'Equivalence_Line_29: SPEA2-greedy_multi-HUX to RVEA-greedy_multi-1P']"
NSGA2-greedy_multi-2P,0.2646287607705309,"['Equivalence_Line_1: NSGA2-greedy_ting-UX to RVEA-greedy_ting-UX', 'Equivalence_Line_2: NSGA2-greedy_ting-1P to RVEA-greedy_ting-HUX', 'Equivalence_Line_3: AGEMOEA2-greedy_ting-1P to NSGA2-random_dense-2P', 'Equivalence_Line_4: UNSGA3-greedy_ting-2P to NSGA3-random_dense-UX', 'Equivalence_Line_5: NSGA3-greedy_ting-2P to AGEMOEA2-random_dense-2P', 'Equivalence_Line_6: UNSGA3-greedy_ting-1P to NSGA2-random_dense-1P', 'Equivalence_Line_7: SMSEMOA-greedy_ting-UX to SPEA2-random_dense-UX', 'Equivalence_Line_8: SMSEMOA-greedy_ting-HUX to AGEMOEA2-random_dense-1P', 'Equivalence_Line_9: NSGA3-greedy_ting-HUX to SPEA2-random_dense-1P', 'Equivalence_Line_10: NSGA2-random_dense-HUX to SPEA2-random_dense-2P', 'Equivalence_Line_11: SPEA2-greedy_ting-UX to NSGA3-random_dense-1P', 'Equivalence_Line_12: AGEMOEA2-greedy_ting-UX to SMSEMOA-random_dense-2P', 'Equivalence_Line_13: SPEA2-greedy_ting-2P to SMSEMOA-random_dense-HUX', 'Equivalence_Line_14: RVEA-greedy_ting-HUX to RVEA-random_dense-1P', 'Equivalence_Line_15: NSGA2-random_dense-2P to RVEA-random_dense-UX', 'Equivalence_Line_16: NSGA3-random_dense-HUX to SPEA2-greedy_multi-HUX', 'Equivalence_Line_17: AGEMOEA2-random_dense-UX to SPEA2-greedy_multi-UX', 'Equivalence_Line_18: AGEMOEA2-random_dense-2P to AGEMOEA2-greedy_multi-HUX', 'Equivalence_Line_19: NSGA3-random_dense-2P to NSGA2-greedy_multi-1P', 'Equivalence_Line_20: RVEA-greedy_ting-2P to AGEMOEA2-greedy_multi-2P', 'Equivalence_Line_21: UNSGA3-random_dense-1P to AGEMOEA2-greedy_multi-1P', 'Equivalence_Line_22: SMSEMOA-random_dense-2P to UNSGA3-greedy_multi-1P', 'Equivalence_Line_23: SMSEMOA-random_dense-1P to SMSEMOA-greedy_multi-UX', 'Equivalence_Line_24: SMSEMOA-random_dense-UX to SMSEMOA-greedy_multi-HUX', 'Equivalence_Line_25: RVEA-random_dense-2P to SMSEMOA-greedy_multi-2P', 'Equivalence_Line_26: RVEA-random_dense-1P to SMSEMOA-greedy_multi-1P', 'Equivalence_Line_27: RVEA-random_dense-HUX to RVEA-greedy_multi-HUX', 'Equivalence_Line_28: NSGA2-greedy_multi-HUX to RVEA-greedy_multi-2P', 'Equivalence_Line_29: SPEA2-greedy_multi-HUX to RVEA-greedy_multi-1P']"
UNSGA3-greedy_multi-UX,0.25948939418697875,"['Equivalence_Line_1: NSGA2-greedy_ting-UX to RVEA-greedy_ting-UX', 'Equivalence_Line_2: NSGA2-greedy_ting-1P to RVEA-greedy_ting-HUX', 'Equivalence_Line_3: AGEMOEA2-greedy_ting-1P to NSGA2-random_dense-2P', 'Equivalence_Line_4: UNSGA3-greedy_ting-2P to NSGA3-random_dense-UX', 'Equivalence_Line_5: NSGA3-greedy_ting-2P to AGEMOEA2-random_dense-2P', 'Equivalence_Line_6: UNSGA3-greedy_ting-1P to NSGA2-random_dense-1P', 'Equivalence_Line_7: SMSEMOA-greedy_ting-UX to SPEA2-random_dense-UX', 'Equivalence_Line_8: SMSEMOA-greedy_ting-HUX to AGEMOEA2-random_dense-1P', 'Equivalence_Line_9: NSGA3-greedy_ting-HUX to SPEA2-random_dense-1P', 'Equivalence_Line_10: NSGA2-random_dense-HUX to SPEA2-random_dense-2P', 'Equivalence_Line_11: SPEA2-greedy_ting-UX to NSGA3-random_dense-1P', 'Equivalence_Line_12: AGEMOEA2-greedy_ting-UX to SMSEMOA-random_dense-2P', 'Equivalence_Line_13: SPEA2-greedy_ting-2P to SMSEMOA-random_dense-HUX', 'Equivalence_Line_14: RVEA-greedy_ting-HUX to RVEA-random_dense-1P', 'Equivalence_Line_15: NSGA2-random_dense-2P to RVEA-random_dense-UX', 'Equivalence_Line_16: NSGA3-random_dense-HUX to SPEA2-greedy_multi-HUX', 'Equivalence_Line_17: AGEMOEA2-random_dense-UX to SPEA2-greedy_multi-UX', 'Equivalence_Line_18: AGEMOEA2-random_dense-2P to AGEMOEA2-greedy_multi-HUX', 'Equivalence_Line_19: NSGA3-random_dense-2P to NSGA2-greedy_multi-1P', 'Equivalence_Line_20: RVEA-greedy_ting-2P to AGEMOEA2-greedy_multi-2P', 'Equivalence_Line_21: UNSGA3-random_dense-1P to AGEMOEA2-greedy_multi-1P', 'Equivalence_Line_22: SMSEMOA-random_dense-2P to UNSGA3-greedy_multi-1P', 'Equivalence_Line_23: SMSEMOA-random_dense-1P to SMSEMOA-greedy_multi-UX', 'Equivalence_Line_24: SMSEMOA-random_dense-UX to SMSEMOA-greedy_multi-HUX', 'Equivalence_Line_25: RVEA-random_dense-2P to SMSEMOA-greedy_multi-2P', 'Equivalence_Line_26: RVEA-random_dense-1P to SMSEMOA-greedy_multi-1P', 'Equivalence_Line_27: RVEA-random_dense-HUX to RVEA-greedy_multi-HUX', 'Equivalence_Line_28: NSGA2-greedy_multi-HUX to RVEA-greedy_multi-2P', 'Equivalence_Line_29: SPEA2-greedy_multi-HUX to RVEA-greedy_multi-1P']"
NSGA3-greedy_multi-HUX,0.25698819978724435,"['Equivalence_Line_1: NSGA2-greedy_ting-UX to RVEA-greedy_ting-UX', 'Equivalence_Line_2: NSGA2-greedy_ting-1P to RVEA-greedy_ting-HUX', 'Equivalence_Line_3: AGEMOEA2-greedy_ting-1P to NSGA2-random_dense-2P', 'Equivalence_Line_4: UNSGA3-greedy_ting-2P to NSGA3-random_dense-UX', 'Equivalence_Line_5: NSGA3-greedy_ting-2P to AGEMOEA2-random_dense-2P', 'Equivalence_Line_6: UNSGA3-greedy_ting-1P to NSGA2-random_dense-1P', 'Equivalence_Line_7: SMSEMOA-greedy_ting-UX to SPEA2-random_dense-UX', 'Equivalence_Line_8: SMSEMOA-greedy_ting-HUX to AGEMOEA2-random_dense-1P', 'Equivalence_Line_9: NSGA3-greedy_ting-HUX to SPEA2-random_dense-1P', 'Equivalence_Line_10: NSGA2-random_dense-HUX to SPEA2-random_dense-2P', 'Equivalence_Line_11: SPEA2-greedy_ting-UX to NSGA3-random_dense-1P', 'Equivalence_Line_12: AGEMOEA2-greedy_ting-UX to SMSEMOA-random_dense-2P', 'Equivalence_Line_13: SPEA2-greedy_ting-2P to SMSEMOA-random_dense-HUX', 'Equivalence_Line_14: RVEA-greedy_ting-HUX to RVEA-random_dense-1P', 'Equivalence_Line_15: NSGA2-random_dense-2P to RVEA-random_dense-UX', 'Equivalence_Line_16: NSGA3-random_dense-HUX to SPEA2-greedy_multi-HUX', 'Equivalence_Line_17: AGEMOEA2-random_dense-UX to SPEA2-greedy_multi-UX', 'Equivalence_Line_18: AGEMOEA2-random_dense-2P to AGEMOEA2-greedy_multi-HUX', 'Equivalence_Line_19: NSGA3-random_dense-2P to NSGA2-greedy_multi-1P', 'Equivalence_Line_20: RVEA-greedy_ting-2P to AGEMOEA2-greedy_multi-2P', 'Equivalence_Line_21: UNSGA3-random_dense-1P to AGEMOEA2-greedy_multi-1P', 'Equivalence_Line_22: SMSEMOA-random_dense-2P to UNSGA3-greedy_multi-1P', 'Equivalence_Line_23: SMSEMOA-random_dense-1P to SMSEMOA-greedy_multi-UX', 'Equivalence_Line_24: SMSEMOA-random_dense-UX to SMSEMOA-greedy_multi-HUX', 'Equivalence_Line_25: RVEA-random_dense-2P to SMSEMOA-greedy_multi-2P', 'Equivalence_Line_26: RVEA-random_dense-1P to SMSEMOA-greedy_multi-1P', 'Equivalence_Line_27: RVEA-random_dense-HUX to RVEA-greedy_multi-HUX', 'Equivalence_Line_28: NSGA2-greedy_multi-HUX to RVEA-greedy_multi-2P', 'Equivalence_Line_29: SPEA2-greedy_multi-HUX to RVEA-greedy_multi-1P']"
UNSGA3-greedy_multi-HUX,0.2482064291745209,"['Equivalence_Line_1: NSGA2-greedy_ting-UX to RVEA-greedy_ting-UX', 'Equivalence_Line_2: NSGA2-greedy_ting-1P to RVEA-greedy_ting-HUX', 'Equivalence_Line_3: AGEMOEA2-greedy_ting-1P to NSGA2-random_dense-2P', 'Equivalence_Line_4: UNSGA3-greedy_ting-2P to NSGA3-random_dense-UX', 'Equivalence_Line_5: NSGA3-greedy_ting-2P to AGEMOEA2-random_dense-2P', 'Equivalence_Line_6: UNSGA3-greedy_ting-1P to NSGA2-random_dense-1P', 'Equivalence_Line_7: SMSEMOA-greedy_ting-UX to SPEA2-random_dense-UX', 'Equivalence_Line_8: SMSEMOA-greedy_ting-HUX to AGEMOEA2-random_dense-1P', 'Equivalence_Line_9: NSGA3-greedy_ting-HUX to SPEA2-random_dense-1P', 'Equivalence_Line_10: NSGA2-random_dense-HUX to SPEA2-random_dense-2P', 'Equivalence_Line_11: SPEA2-greedy_ting-UX to NSGA3-random_dense-1P', 'Equivalence_Line_12: AGEMOEA2-greedy_ting-UX to SMSEMOA-random_dense-2P', 'Equivalence_Line_13: SPEA2-greedy_ting-2P to SMSEMOA-random_dense-HUX', 'Equivalence_Line_14: RVEA-greedy_ting-HUX to RVEA-random_dense-1P', 'Equivalence_Line_15: NSGA2-random_dense-2P to RVEA-random_dense-UX', 'Equivalence_Line_16: NSGA3-random_dense-HUX to SPEA2-greedy_multi-HUX', 'Equivalence_Line_17: AGEMOEA2-random_dense-UX to SPEA2-greedy_multi-UX', 'Equivalence_Line_18: AGEMOEA2-random_dense-2P to AGEMOEA2-greedy_multi-HUX', 'Equivalence_Line_19: NSGA3-random_dense-2P to NSGA2-greedy_multi-1P', 'Equivalence_Line_20: RVEA-greedy_ting-2P to AGEMOEA2-greedy_multi-2P', 'Equivalence_Line_21: UNSGA3-random_dense-1P to AGEMOEA2-greedy_multi-1P', 'Equivalence_Line_22: SMSEMOA-random_dense-2P to UNSGA3-greedy_multi-1P', 'Equivalence_Line_23: SMSEMOA-random_dense-1P to SMSEMOA-greedy_multi-UX', 'Equivalence_Line_24: SMSEMOA-random_dense-UX to SMSEMOA-greedy_multi-HUX', 'Equivalence_Line_25: RVEA-random_dense-2P to SMSEMOA-greedy_multi-2P', 'Equivalence_Line_26: RVEA-random_dense-1P to SMSEMOA-greedy_multi-1P', 'Equivalence_Line_27: RVEA-random_dense-HUX to RVEA-greedy_multi-HUX', 'Equivalence_Line_28: NSGA2-greedy_multi-HUX to RVEA-greedy_multi-2P', 'Equivalence_Line_29: SPEA2-greedy_multi-HUX to RVEA-greedy_multi-1P']"
NSGA3-greedy_multi-UX,0.2458524156516446,"['Equivalence_Line_1: NSGA2-greedy_ting-UX to RVEA-greedy_ting-UX', 'Equivalence_Line_2: NSGA2-greedy_ting-1P to RVEA-greedy_ting-HUX', 'Equivalence_Line_3: AGEMOEA2-greedy_ting-1P to NSGA2-random_dense-2P', 'Equivalence_Line_4: UNSGA3-greedy_ting-2P to NSGA3-random_dense-UX', 'Equivalence_Line_5: NSGA3-greedy_ting-2P to AGEMOEA2-random_dense-2P', 'Equivalence_Line_6: UNSGA3-greedy_ting-1P to NSGA2-random_dense-1P', 'Equivalence_Line_7: SMSEMOA-greedy_ting-UX to SPEA2-random_dense-UX', 'Equivalence_Line_8: SMSEMOA-greedy_ting-HUX to AGEMOEA2-random_dense-1P', 'Equivalence_Line_9: NSGA3-greedy_ting-HUX to SPEA2-random_dense-1P', 'Equivalence_Line_10: NSGA2-random_dense-HUX to SPEA2-random_dense-2P', 'Equivalence_Line_11: SPEA2-greedy_ting-UX to NSGA3-random_dense-1P', 'Equivalence_Line_12: AGEMOEA2-greedy_ting-UX to SMSEMOA-random_dense-2P', 'Equivalence_Line_13: SPEA2-greedy_ting-2P to SMSEMOA-random_dense-HUX', 'Equivalence_Line_14: RVEA-greedy_ting-HUX to RVEA-random_dense-1P', 'Equivalence_Line_15: NSGA2-random_dense-2P to RVEA-random_dense-UX', 'Equivalence_Line_16: NSGA3-random_dense-HUX to SPEA2-greedy_multi-HUX', 'Equivalence_Line_17: AGEMOEA2-random_dense-UX to SPEA2-greedy_multi-UX', 'Equivalence_Line_18: AGEMOEA2-random_dense-2P to AGEMOEA2-greedy_multi-HUX', 'Equivalence_Line_19: NSGA3-random_dense-2P to NSGA2-greedy_multi-1P', 'Equivalence_Line_20: RVEA-greedy_ting-2P to AGEMOEA2-greedy_multi-2P', 'Equivalence_Line_21: UNSGA3-random_dense-1P to AGEMOEA2-greedy_multi-1P', 'Equivalence_Line_22: SMSEMOA-random_dense-2P to UNSGA3-greedy_multi-1P', 'Equivalence_Line_23: SMSEMOA-random_dense-1P to SMSEMOA-greedy_multi-UX', 'Equivalence_Line_24: SMSEMOA-random_dense-UX to SMSEMOA-greedy_multi-HUX', 'Equivalence_Line_25: RVEA-random_dense-2P to SMSEMOA-greedy_multi-2P', 'Equivalence_Line_26: RVEA-random_dense-1P to SMSEMOA-greedy_multi-1P', 'Equivalence_Line_27: RVEA-random_dense-HUX to RVEA-greedy_multi-HUX', 'Equivalence_Line_28: NSGA2-greedy_multi-HUX to RVEA-greedy_multi-2P', 'Equivalence_Line_29: SPEA2-greedy_multi-HUX to RVEA-greedy_multi-1P']"
NSGA2-greedy_multi-1P,0.2450456094585637,"['Equivalence_Line_1: NSGA2-greedy_ting-UX to RVEA-greedy_ting-UX', 'Equivalence_Line_2: NSGA2-greedy_ting-1P to RVEA-greedy_ting-HUX', 'Equivalence_Line_3: AGEMOEA2-greedy_ting-1P to NSGA2-random_dense-2P', 'Equivalence_Line_4: UNSGA3-greedy_ting-2P to NSGA3-random_dense-UX', 'Equivalence_Line_5: NSGA3-greedy_ting-2P to AGEMOEA2-random_dense-2P', 'Equivalence_Line_6: UNSGA3-greedy_ting-1P to NSGA2-random_dense-1P', 'Equivalence_Line_7: SMSEMOA-greedy_ting-UX to SPEA2-random_dense-UX', 'Equivalence_Line_8: SMSEMOA-greedy_ting-HUX to AGEMOEA2-random_dense-1P', 'Equivalence_Line_9: NSGA3-greedy_ting-HUX to SPEA2-random_dense-1P', 'Equivalence_Line_10: NSGA2-random_dense-HUX to SPEA2-random_dense-2P', 'Equivalence_Line_11: SPEA2-greedy_ting-UX to NSGA3-random_dense-1P', 'Equivalence_Line_12: AGEMOEA2-greedy_ting-UX to SMSEMOA-random_dense-2P', 'Equivalence_Line_13: SPEA2-greedy_ting-2P to SMSEMOA-random_dense-HUX', 'Equivalence_Line_14: RVEA-greedy_ting-HUX to RVEA-random_dense-1P', 'Equivalence_Line_15: NSGA2-random_dense-2P to RVEA-random_dense-UX', 'Equivalence_Line_16: NSGA3-random_dense-HUX to SPEA2-greedy_multi-HUX', 'Equivalence_Line_17: AGEMOEA2-random_dense-UX to SPEA2-greedy_multi-UX', 'Equivalence_Line_18: AGEMOEA2-random_dense-2P to AGEMOEA2-greedy_multi-HUX', 'Equivalence_Line_19: NSGA3-random_dense-2P to NSGA2-greedy_multi-1P', 'Equivalence_Line_20: RVEA-greedy_ting-2P to AGEMOEA2-greedy_multi-2P', 'Equivalence_Line_21: UNSGA3-random_dense-1P to AGEMOEA2-greedy_multi-1P', 'Equivalence_Line_22: SMSEMOA-random_dense-2P to UNSGA3-greedy_multi-1P', 'Equivalence_Line_23: SMSEMOA-random_dense-1P to SMSEMOA-greedy_multi-UX', 'Equivalence_Line_24: SMSEMOA-random_dense-UX to SMSEMOA-greedy_multi-HUX', 'Equivalence_Line_25: RVEA-random_dense-2P to SMSEMOA-greedy_multi-2P', 'Equivalence_Line_26: RVEA-random_dense-1P to SMSEMOA-greedy_multi-1P', 'Equivalence_Line_27: RVEA-random_dense-HUX to RVEA-greedy_multi-HUX', 'Equivalence_Line_28: NSGA2-greedy_multi-HUX to RVEA-greedy_multi-2P', 'Equivalence_Line_29: SPEA2-greedy_multi-HUX to RVEA-greedy_multi-1P']"
AGEMOEA2-greedy_multi-2P,0.22664630524706272,"['Equivalence_Line_1: NSGA2-greedy_ting-UX to RVEA-greedy_ting-UX', 'Equivalence_Line_2: NSGA2-greedy_ting-1P to RVEA-greedy_ting-HUX', 'Equivalence_Line_3: AGEMOEA2-greedy_ting-1P to NSGA2-random_dense-2P', 'Equivalence_Line_4: UNSGA3-greedy_ting-2P to NSGA3-random_dense-UX', 'Equivalence_Line_5: NSGA3-greedy_ting-2P to AGEMOEA2-random_dense-2P', 'Equivalence_Line_6: UNSGA3-greedy_ting-1P to NSGA2-random_dense-1P', 'Equivalence_Line_7: SMSEMOA-greedy_ting-UX to SPEA2-random_dense-UX', 'Equivalence_Line_8: SMSEMOA-greedy_ting-HUX to AGEMOEA2-random_dense-1P', 'Equivalence_Line_9: NSGA3-greedy_ting-HUX to SPEA2-random_dense-1P', 'Equivalence_Line_10: NSGA2-random_dense-HUX to SPEA2-random_dense-2P', 'Equivalence_Line_11: SPEA2-greedy_ting-UX to NSGA3-random_dense-1P', 'Equivalence_Line_12: AGEMOEA2-greedy_ting-UX to SMSEMOA-random_dense-2P', 'Equivalence_Line_13: SPEA2-greedy_ting-2P to SMSEMOA-random_dense-HUX', 'Equivalence_Line_14: RVEA-greedy_ting-HUX to RVEA-random_dense-1P', 'Equivalence_Line_15: NSGA2-random_dense-2P to RVEA-random_dense-UX', 'Equivalence_Line_16: NSGA3-random_dense-HUX to SPEA2-greedy_multi-HUX', 'Equivalence_Line_17: AGEMOEA2-random_dense-UX to SPEA2-greedy_multi-UX', 'Equivalence_Line_18: AGEMOEA2-random_dense-2P to AGEMOEA2-greedy_multi-HUX', 'Equivalence_Line_19: NSGA3-random_dense-2P to NSGA2-greedy_multi-1P', 'Equivalence_Line_20: RVEA-greedy_ting-2P to AGEMOEA2-greedy_multi-2P', 'Equivalence_Line_21: UNSGA3-random_dense-1P to AGEMOEA2-greedy_multi-1P', 'Equivalence_Line_22: SMSEMOA-random_dense-2P to UNSGA3-greedy_multi-1P', 'Equivalence_Line_23: SMSEMOA-random_dense-1P to SMSEMOA-greedy_multi-UX', 'Equivalence_Line_24: SMSEMOA-random_dense-UX to SMSEMOA-greedy_multi-HUX', 'Equivalence_Line_25: RVEA-random_dense-2P to SMSEMOA-greedy_multi-2P', 'Equivalence_Line_26: RVEA-random_dense-1P to SMSEMOA-greedy_multi-1P', 'Equivalence_Line_27: RVEA-random_dense-HUX to RVEA-greedy_multi-HUX', 'Equivalence_Line_28: NSGA2-greedy_multi-HUX to RVEA-greedy_multi-2P', 'Equivalence_Line_29: SPEA2-greedy_multi-HUX to RVEA-greedy_multi-1P']"
SPEA2-greedy_multi-2P,0.21080636836548944,"['Equivalence_Line_1: NSGA2-greedy_ting-UX to RVEA-greedy_ting-UX', 'Equivalence_Line_2: NSGA2-greedy_ting-1P to RVEA-greedy_ting-HUX', 'Equivalence_Line_3: AGEMOEA2-greedy_ting-1P to NSGA2-random_dense-2P', 'Equivalence_Line_4: UNSGA3-greedy_ting-2P to NSGA3-random_dense-UX', 'Equivalence_Line_5: NSGA3-greedy_ting-2P to AGEMOEA2-random_dense-2P', 'Equivalence_Line_6: UNSGA3-greedy_ting-1P to NSGA2-random_dense-1P', 'Equivalence_Line_7: SMSEMOA-greedy_ting-UX to SPEA2-random_dense-UX', 'Equivalence_Line_8: SMSEMOA-greedy_ting-HUX to AGEMOEA2-random_dense-1P', 'Equivalence_Line_9: NSGA3-greedy_ting-HUX to SPEA2-random_dense-1P', 'Equivalence_Line_10: NSGA2-random_dense-HUX to SPEA2-random_dense-2P', 'Equivalence_Line_11: SPEA2-greedy_ting-UX to NSGA3-random_dense-1P', 'Equivalence_Line_12: AGEMOEA2-greedy_ting-UX to SMSEMOA-random_dense-2P', 'Equivalence_Line_13: SPEA2-greedy_ting-2P to SMSEMOA-random_dense-HUX', 'Equivalence_Line_14: RVEA-greedy_ting-HUX to RVEA-random_dense-1P', 'Equivalence_Line_15: NSGA2-random_dense-2P to RVEA-random_dense-UX', 'Equivalence_Line_16: NSGA3-random_dense-HUX to SPEA2-greedy_multi-HUX', 'Equivalence_Line_17: AGEMOEA2-random_dense-UX to SPEA2-greedy_multi-UX', 'Equivalence_Line_18: AGEMOEA2-random_dense-2P to AGEMOEA2-greedy_multi-HUX', 'Equivalence_Line_19: NSGA3-random_dense-2P to NSGA2-greedy_multi-1P', 'Equivalence_Line_20: RVEA-greedy_ting-2P to AGEMOEA2-greedy_multi-2P', 'Equivalence_Line_21: UNSGA3-random_dense-1P to AGEMOEA2-greedy_multi-1P', 'Equivalence_Line_22: SMSEMOA-random_dense-2P to UNSGA3-greedy_multi-1P', 'Equivalence_Line_23: SMSEMOA-random_dense-1P to SMSEMOA-greedy_multi-UX', 'Equivalence_Line_24: SMSEMOA-random_dense-UX to SMSEMOA-greedy_multi-HUX', 'Equivalence_Line_25: RVEA-random_dense-2P to SMSEMOA-greedy_multi-2P', 'Equivalence_Line_26: RVEA-random_dense-1P to SMSEMOA-greedy_multi-1P', 'Equivalence_Line_27: RVEA-random_dense-HUX to RVEA-greedy_multi-HUX', 'Equivalence_Line_28: NSGA2-greedy_multi-HUX to RVEA-greedy_multi-2P', 'Equivalence_Line_29: SPEA2-greedy_multi-HUX to RVEA-greedy_multi-1P']"
AGEMOEA2-greedy_multi-1P,0.20828792122820433,"['Equivalence_Line_1: NSGA2-greedy_ting-UX to RVEA-greedy_ting-UX', 'Equivalence_Line_2: NSGA2-greedy_ting-1P to RVEA-greedy_ting-HUX', 'Equivalence_Line_3: AGEMOEA2-greedy_ting-1P to NSGA2-random_dense-2P', 'Equivalence_Line_4: UNSGA3-greedy_ting-2P to NSGA3-random_dense-UX', 'Equivalence_Line_5: NSGA3-greedy_ting-2P to AGEMOEA2-random_dense-2P', 'Equivalence_Line_6: UNSGA3-greedy_ting-1P to NSGA2-random_dense-1P', 'Equivalence_Line_7: SMSEMOA-greedy_ting-UX to SPEA2-random_dense-UX', 'Equivalence_Line_8: SMSEMOA-greedy_ting-HUX to AGEMOEA2-random_dense-1P', 'Equivalence_Line_9: NSGA3-greedy_ting-HUX to SPEA2-random_dense-1P', 'Equivalence_Line_10: NSGA2-random_dense-HUX to SPEA2-random_dense-2P', 'Equivalence_Line_11: SPEA2-greedy_ting-UX to NSGA3-random_dense-1P', 'Equivalence_Line_12: AGEMOEA2-greedy_ting-UX to SMSEMOA-random_dense-2P', 'Equivalence_Line_13: SPEA2-greedy_ting-2P to SMSEMOA-random_dense-HUX', 'Equivalence_Line_14: RVEA-greedy_ting-HUX to RVEA-random_dense-1P', 'Equivalence_Line_15: NSGA2-random_dense-2P to RVEA-random_dense-UX', 'Equivalence_Line_16: NSGA3-random_dense-HUX to SPEA2-greedy_multi-HUX', 'Equivalence_Line_17: AGEMOEA2-random_dense-UX to SPEA2-greedy_multi-UX', 'Equivalence_Line_18: AGEMOEA2-random_dense-2P to AGEMOEA2-greedy_multi-HUX', 'Equivalence_Line_19: NSGA3-random_dense-2P to NSGA2-greedy_multi-1P', 'Equivalence_Line_20: RVEA-greedy_ting-2P to AGEMOEA2-greedy_multi-2P', 'Equivalence_Line_21: UNSGA3-random_dense-1P to AGEMOEA2-greedy_multi-1P', 'Equivalence_Line_22: SMSEMOA-random_dense-2P to UNSGA3-greedy_multi-1P', 'Equivalence_Line_23: SMSEMOA-random_dense-1P to SMSEMOA-greedy_multi-UX', 'Equivalence_Line_24: SMSEMOA-random_dense-UX to SMSEMOA-greedy_multi-HUX', 'Equivalence_Line_25: RVEA-random_dense-2P to SMSEMOA-greedy_multi-2P', 'Equivalence_Line_26: RVEA-random_dense-1P to SMSEMOA-greedy_multi-1P', 'Equivalence_Line_27: RVEA-random_dense-HUX to RVEA-greedy_multi-HUX', 'Equivalence_Line_28: NSGA2-greedy_multi-HUX to RVEA-greedy_multi-2P', 'Equivalence_Line_29: SPEA2-greedy_multi-HUX to RVEA-greedy_multi-1P']"
SPEA2-greedy_multi-1P,0.20668861478636297,"['Equivalence_Line_1: NSGA2-greedy_ting-UX to RVEA-greedy_ting-UX', 'Equivalence_Line_2: NSGA2-greedy_ting-1P to RVEA-greedy_ting-HUX', 'Equivalence_Line_3: AGEMOEA2-greedy_ting-1P to NSGA2-random_dense-2P', 'Equivalence_Line_4: UNSGA3-greedy_ting-2P to NSGA3-random_dense-UX', 'Equivalence_Line_5: NSGA3-greedy_ting-2P to AGEMOEA2-random_dense-2P', 'Equivalence_Line_6: UNSGA3-greedy_ting-1P to NSGA2-random_dense-1P', 'Equivalence_Line_7: SMSEMOA-greedy_ting-UX to SPEA2-random_dense-UX', 'Equivalence_Line_8: SMSEMOA-greedy_ting-HUX to AGEMOEA2-random_dense-1P', 'Equivalence_Line_9: NSGA3-greedy_ting-HUX to SPEA2-random_dense-1P', 'Equivalence_Line_10: NSGA2-random_dense-HUX to SPEA2-random_dense-2P', 'Equivalence_Line_11: SPEA2-greedy_ting-UX to NSGA3-random_dense-1P', 'Equivalence_Line_12: AGEMOEA2-greedy_ting-UX to SMSEMOA-random_dense-2P', 'Equivalence_Line_13: SPEA2-greedy_ting-2P to SMSEMOA-random_dense-HUX', 'Equivalence_Line_14: RVEA-greedy_ting-HUX to RVEA-random_dense-1P', 'Equivalence_Line_15: NSGA2-random_dense-2P to RVEA-random_dense-UX', 'Equivalence_Line_16: NSGA3-random_dense-HUX to SPEA2-greedy_multi-HUX', 'Equivalence_Line_17: AGEMOEA2-random_dense-UX to SPEA2-greedy_multi-UX', 'Equivalence_Line_18: AGEMOEA2-random_dense-2P to AGEMOEA2-greedy_multi-HUX', 'Equivalence_Line_19: NSGA3-random_dense-2P to NSGA2-greedy_multi-1P', 'Equivalence_Line_20: RVEA-greedy_ting-2P to AGEMOEA2-greedy_multi-2P', 'Equivalence_Line_21: UNSGA3-random_dense-1P to AGEMOEA2-greedy_multi-1P', 'Equivalence_Line_22: SMSEMOA-random_dense-2P to UNSGA3-greedy_multi-1P', 'Equivalence_Line_23: SMSEMOA-random_dense-1P to SMSEMOA-greedy_multi-UX', 'Equivalence_Line_24: SMSEMOA-random_dense-UX to SMSEMOA-greedy_multi-HUX', 'Equivalence_Line_25: RVEA-random_dense-2P to SMSEMOA-greedy_multi-2P', 'Equivalence_Line_26: RVEA-random_dense-1P to SMSEMOA-greedy_multi-1P', 'Equivalence_Line_27: RVEA-random_dense-HUX to RVEA-greedy_multi-HUX', 'Equivalence_Line_28: NSGA2-greedy_multi-HUX to RVEA-greedy_multi-2P', 'Equivalence_Line_29: SPEA2-greedy_multi-HUX to RVEA-greedy_multi-1P']"
NSGA3-greedy_multi-2P,0.2034325901156142,"['Equivalence_Line_1: NSGA2-greedy_ting-UX to RVEA-greedy_ting-UX', 'Equivalence_Line_2: NSGA2-greedy_ting-1P to RVEA-greedy_ting-HUX', 'Equivalence_Line_3: AGEMOEA2-greedy_ting-1P to NSGA2-random_dense-2P', 'Equivalence_Line_4: UNSGA3-greedy_ting-2P to NSGA3-random_dense-UX', 'Equivalence_Line_5: NSGA3-greedy_ting-2P to AGEMOEA2-random_dense-2P', 'Equivalence_Line_6: UNSGA3-greedy_ting-1P to NSGA2-random_dense-1P', 'Equivalence_Line_7: SMSEMOA-greedy_ting-UX to SPEA2-random_dense-UX', 'Equivalence_Line_8: SMSEMOA-greedy_ting-HUX to AGEMOEA2-random_dense-1P', 'Equivalence_Line_9: NSGA3-greedy_ting-HUX to SPEA2-random_dense-1P', 'Equivalence_Line_10: NSGA2-random_dense-HUX to SPEA2-random_dense-2P', 'Equivalence_Line_11: SPEA2-greedy_ting-UX to NSGA3-random_dense-1P', 'Equivalence_Line_12: AGEMOEA2-greedy_ting-UX to SMSEMOA-random_dense-2P', 'Equivalence_Line_13: SPEA2-greedy_ting-2P to SMSEMOA-random_dense-HUX', 'Equivalence_Line_14: RVEA-greedy_ting-HUX to RVEA-random_dense-1P', 'Equivalence_Line_15: NSGA2-random_dense-2P to RVEA-random_dense-UX', 'Equivalence_Line_16: NSGA3-random_dense-HUX to SPEA2-greedy_multi-HUX', 'Equivalence_Line_17: AGEMOEA2-random_dense-UX to SPEA2-greedy_multi-UX', 'Equivalence_Line_18: AGEMOEA2-random_dense-2P to AGEMOEA2-greedy_multi-HUX', 'Equivalence_Line_19: NSGA3-random_dense-2P to NSGA2-greedy_multi-1P', 'Equivalence_Line_20: RVEA-greedy_ting-2P to AGEMOEA2-greedy_multi-2P', 'Equivalence_Line_21: UNSGA3-random_dense-1P to AGEMOEA2-greedy_multi-1P', 'Equivalence_Line_22: SMSEMOA-random_dense-2P to UNSGA3-greedy_multi-1P', 'Equivalence_Line_23: SMSEMOA-random_dense-1P to SMSEMOA-greedy_multi-UX', 'Equivalence_Line_24: SMSEMOA-random_dense-UX to SMSEMOA-greedy_multi-HUX', 'Equivalence_Line_25: RVEA-random_dense-2P to SMSEMOA-greedy_multi-2P', 'Equivalence_Line_26: RVEA-random_dense-1P to SMSEMOA-greedy_multi-1P', 'Equivalence_Line_27: RVEA-random_dense-HUX to RVEA-greedy_multi-HUX', 'Equivalence_Line_28: NSGA2-greedy_multi-HUX to RVEA-greedy_multi-2P', 'Equivalence_Line_29: SPEA2-greedy_multi-HUX to RVEA-greedy_multi-1P']"
UNSGA3-greedy_multi-2P,0.2008330538969419,"['Equivalence_Line_1: NSGA2-greedy_ting-UX to RVEA-greedy_ting-UX', 'Equivalence_Line_2: NSGA2-greedy_ting-1P to RVEA-greedy_ting-HUX', 'Equivalence_Line_3: AGEMOEA2-greedy_ting-1P to NSGA2-random_dense-2P', 'Equivalence_Line_4: UNSGA3-greedy_ting-2P to NSGA3-random_dense-UX', 'Equivalence_Line_5: NSGA3-greedy_ting-2P to AGEMOEA2-random_dense-2P', 'Equivalence_Line_6: UNSGA3-greedy_ting-1P to NSGA2-random_dense-1P', 'Equivalence_Line_7: SMSEMOA-greedy_ting-UX to SPEA2-random_dense-UX', 'Equivalence_Line_8: SMSEMOA-greedy_ting-HUX to AGEMOEA2-random_dense-1P', 'Equivalence_Line_9: NSGA3-greedy_ting-HUX to SPEA2-random_dense-1P', 'Equivalence_Line_10: NSGA2-random_dense-HUX to SPEA2-random_dense-2P', 'Equivalence_Line_11: SPEA2-greedy_ting-UX to NSGA3-random_dense-1P', 'Equivalence_Line_12: AGEMOEA2-greedy_ting-UX to SMSEMOA-random_dense-2P', 'Equivalence_Line_13: SPEA2-greedy_ting-2P to SMSEMOA-random_dense-HUX', 'Equivalence_Line_14: RVEA-greedy_ting-HUX to RVEA-random_dense-1P', 'Equivalence_Line_15: NSGA2-random_dense-2P to RVEA-random_dense-UX', 'Equivalence_Line_16: NSGA3-random_dense-HUX to SPEA2-greedy_multi-HUX', 'Equivalence_Line_17: AGEMOEA2-random_dense-UX to SPEA2-greedy_multi-UX', 'Equivalence_Line_18: AGEMOEA2-random_dense-2P to AGEMOEA2-greedy_multi-HUX', 'Equivalence_Line_19: NSGA3-random_dense-2P to NSGA2-greedy_multi-1P', 'Equivalence_Line_20: RVEA-greedy_ting-2P to AGEMOEA2-greedy_multi-2P', 'Equivalence_Line_21: UNSGA3-random_dense-1P to AGEMOEA2-greedy_multi-1P', 'Equivalence_Line_22: SMSEMOA-random_dense-2P to UNSGA3-greedy_multi-1P', 'Equivalence_Line_23: SMSEMOA-random_dense-1P to SMSEMOA-greedy_multi-UX', 'Equivalence_Line_24: SMSEMOA-random_dense-UX to SMSEMOA-greedy_multi-HUX', 'Equivalence_Line_25: RVEA-random_dense-2P to SMSEMOA-greedy_multi-2P', 'Equivalence_Line_26: RVEA-random_dense-1P to SMSEMOA-greedy_multi-1P', 'Equivalence_Line_27: RVEA-random_dense-HUX to RVEA-greedy_multi-HUX', 'Equivalence_Line_28: NSGA2-greedy_multi-HUX to RVEA-greedy_multi-2P', 'Equivalence_Line_29: SPEA2-greedy_multi-HUX to RVEA-greedy_multi-1P']"
UNSGA3-greedy_multi-1P,0.19372621555303773,"['Equivalence_Line_1: NSGA2-greedy_ting-UX to RVEA-greedy_ting-UX', 'Equivalence_Line_2: NSGA2-greedy_ting-1P to RVEA-greedy_ting-HUX', 'Equivalence_Line_3: AGEMOEA2-greedy_ting-1P to NSGA2-random_dense-2P', 'Equivalence_Line_4: UNSGA3-greedy_ting-2P to NSGA3-random_dense-UX', 'Equivalence_Line_5: NSGA3-greedy_ting-2P to AGEMOEA2-random_dense-2P', 'Equivalence_Line_6: UNSGA3-greedy_ting-1P to NSGA2-random_dense-1P', 'Equivalence_Line_7: SMSEMOA-greedy_ting-UX to SPEA2-random_dense-UX', 'Equivalence_Line_8: SMSEMOA-greedy_ting-HUX to AGEMOEA2-random_dense-1P', 'Equivalence_Line_9: NSGA3-greedy_ting-HUX to SPEA2-random_dense-1P', 'Equivalence_Line_10: NSGA2-random_dense-HUX to SPEA2-random_dense-2P', 'Equivalence_Line_11: SPEA2-greedy_ting-UX to NSGA3-random_dense-1P', 'Equivalence_Line_12: AGEMOEA2-greedy_ting-UX to SMSEMOA-random_dense-2P', 'Equivalence_Line_13: SPEA2-greedy_ting-2P to SMSEMOA-random_dense-HUX', 'Equivalence_Line_14: RVEA-greedy_ting-HUX to RVEA-random_dense-1P', 'Equivalence_Line_15: NSGA2-random_dense-2P to RVEA-random_dense-UX', 'Equivalence_Line_16: NSGA3-random_dense-HUX to SPEA2-greedy_multi-HUX', 'Equivalence_Line_17: AGEMOEA2-random_dense-UX to SPEA2-greedy_multi-UX', 'Equivalence_Line_18: AGEMOEA2-random_dense-2P to AGEMOEA2-greedy_multi-HUX', 'Equivalence_Line_19: NSGA3-random_dense-2P to NSGA2-greedy_multi-1P', 'Equivalence_Line_20: RVEA-greedy_ting-2P to AGEMOEA2-greedy_multi-2P', 'Equivalence_Line_21: UNSGA3-random_dense-1P to AGEMOEA2-greedy_multi-1P', 'Equivalence_Line_22: SMSEMOA-random_dense-2P to UNSGA3-greedy_multi-1P', 'Equivalence_Line_23: SMSEMOA-random_dense-1P to SMSEMOA-greedy_multi-UX', 'Equivalence_Line_24: SMSEMOA-random_dense-UX to SMSEMOA-greedy_multi-HUX', 'Equivalence_Line_25: RVEA-random_dense-2P to SMSEMOA-greedy_multi-2P', 'Equivalence_Line_26: RVEA-random_dense-1P to SMSEMOA-greedy_multi-1P', 'Equivalence_Line_27: RVEA-random_dense-HUX to RVEA-greedy_multi-HUX', 'Equivalence_Line_28: NSGA2-greedy_multi-HUX to RVEA-greedy_multi-2P', 'Equivalence_Line_29: SPEA2-greedy_multi-HUX to RVEA-greedy_multi-1P']"
NSGA3-greedy_multi-1P,0.18876648667029772,"['Equivalence_Line_1: NSGA2-greedy_ting-UX to RVEA-greedy_ting-UX', 'Equivalence_Line_2: NSGA2-greedy_ting-1P to RVEA-greedy_ting-HUX', 'Equivalence_Line_3: AGEMOEA2-greedy_ting-1P to NSGA2-random_dense-2P', 'Equivalence_Line_4: UNSGA3-greedy_ting-2P to NSGA3-random_dense-UX', 'Equivalence_Line_5: NSGA3-greedy_ting-2P to AGEMOEA2-random_dense-2P', 'Equivalence_Line_6: UNSGA3-greedy_ting-1P to NSGA2-random_dense-1P', 'Equivalence_Line_7: SMSEMOA-greedy_ting-UX to SPEA2-random_dense-UX', 'Equivalence_Line_8: SMSEMOA-greedy_ting-HUX to AGEMOEA2-random_dense-1P', 'Equivalence_Line_9: NSGA3-greedy_ting-HUX to SPEA2-random_dense-1P', 'Equivalence_Line_10: NSGA2-random_dense-HUX to SPEA2-random_dense-2P', 'Equivalence_Line_11: SPEA2-greedy_ting-UX to NSGA3-random_dense-1P', 'Equivalence_Line_12: AGEMOEA2-greedy_ting-UX to SMSEMOA-random_dense-2P', 'Equivalence_Line_13: SPEA2-greedy_ting-2P to SMSEMOA-random_dense-HUX', 'Equivalence_Line_14: RVEA-greedy_ting-HUX to RVEA-random_dense-1P', 'Equivalence_Line_15: NSGA2-random_dense-2P to RVEA-random_dense-UX', 'Equivalence_Line_16: NSGA3-random_dense-HUX to SPEA2-greedy_multi-HUX', 'Equivalence_Line_17: AGEMOEA2-random_dense-UX to SPEA2-greedy_multi-UX', 'Equivalence_Line_18: AGEMOEA2-random_dense-2P to AGEMOEA2-greedy_multi-HUX', 'Equivalence_Line_19: NSGA3-random_dense-2P to NSGA2-greedy_multi-1P', 'Equivalence_Line_20: RVEA-greedy_ting-2P to AGEMOEA2-greedy_multi-2P', 'Equivalence_Line_21: UNSGA3-random_dense-1P to AGEMOEA2-greedy_multi-1P', 'Equivalence_Line_22: SMSEMOA-random_dense-2P to UNSGA3-greedy_multi-1P', 'Equivalence_Line_23: SMSEMOA-random_dense-1P to SMSEMOA-greedy_multi-UX', 'Equivalence_Line_24: SMSEMOA-random_dense-UX to SMSEMOA-greedy_multi-HUX', 'Equivalence_Line_25: RVEA-random_dense-2P to SMSEMOA-greedy_multi-2P', 'Equivalence_Line_26: RVEA-random_dense-1P to SMSEMOA-greedy_multi-1P', 'Equivalence_Line_27: RVEA-random_dense-HUX to RVEA-greedy_multi-HUX', 'Equivalence_Line_28: NSGA2-greedy_multi-HUX to RVEA-greedy_multi-2P', 'Equivalence_Line_29: SPEA2-greedy_multi-HUX to RVEA-greedy_multi-1P']"
SMSEMOA-greedy_multi-UX,0.18489993397662652,"['Equivalence_Line_1: NSGA2-greedy_ting-UX to RVEA-greedy_ting-UX', 'Equivalence_Line_2: NSGA2-greedy_ting-1P to RVEA-greedy_ting-HUX', 'Equivalence_Line_3: AGEMOEA2-greedy_ting-1P to NSGA2-random_dense-2P', 'Equivalence_Line_4: UNSGA3-greedy_ting-2P to NSGA3-random_dense-UX', 'Equivalence_Line_5: NSGA3-greedy_ting-2P to AGEMOEA2-random_dense-2P', 'Equivalence_Line_6: UNSGA3-greedy_ting-1P to NSGA2-random_dense-1P', 'Equivalence_Line_7: SMSEMOA-greedy_ting-UX to SPEA2-random_dense-UX', 'Equivalence_Line_8: SMSEMOA-greedy_ting-HUX to AGEMOEA2-random_dense-1P', 'Equivalence_Line_9: NSGA3-greedy_ting-HUX to SPEA2-random_dense-1P', 'Equivalence_Line_10: NSGA2-random_dense-HUX to SPEA2-random_dense-2P', 'Equivalence_Line_11: SPEA2-greedy_ting-UX to NSGA3-random_dense-1P', 'Equivalence_Line_12: AGEMOEA2-greedy_ting-UX to SMSEMOA-random_dense-2P', 'Equivalence_Line_13: SPEA2-greedy_ting-2P to SMSEMOA-random_dense-HUX', 'Equivalence_Line_14: RVEA-greedy_ting-HUX to RVEA-random_dense-1P', 'Equivalence_Line_15: NSGA2-random_dense-2P to RVEA-random_dense-UX', 'Equivalence_Line_16: NSGA3-random_dense-HUX to SPEA2-greedy_multi-HUX', 'Equivalence_Line_17: AGEMOEA2-random_dense-UX to SPEA2-greedy_multi-UX', 'Equivalence_Line_18: AGEMOEA2-random_dense-2P to AGEMOEA2-greedy_multi-HUX', 'Equivalence_Line_19: NSGA3-random_dense-2P to NSGA2-greedy_multi-1P', 'Equivalence_Line_20: RVEA-greedy_ting-2P to AGEMOEA2-greedy_multi-2P', 'Equivalence_Line_21: UNSGA3-random_dense-1P to AGEMOEA2-greedy_multi-1P', 'Equivalence_Line_22: SMSEMOA-random_dense-2P to UNSGA3-greedy_multi-1P', 'Equivalence_Line_23: SMSEMOA-random_dense-1P to SMSEMOA-greedy_multi-UX', 'Equivalence_Line_24: SMSEMOA-random_dense-UX to SMSEMOA-greedy_multi-HUX', 'Equivalence_Line_25: RVEA-random_dense-2P to SMSEMOA-greedy_multi-2P', 'Equivalence_Line_26: RVEA-random_dense-1P to SMSEMOA-greedy_multi-1P', 'Equivalence_Line_27: RVEA-random_dense-HUX to RVEA-greedy_multi-HUX', 'Equivalence_Line_28: NSGA2-greedy_multi-HUX to RVEA-greedy_multi-2P', 'Equivalence_Line_29: SPEA2-greedy_multi-HUX to RVEA-greedy_multi-1P']"
SMSEMOA-greedy_multi-HUX,0.18163755504522608,"['Equivalence_Line_1: NSGA2-greedy_ting-UX to RVEA-greedy_ting-UX', 'Equivalence_Line_2: NSGA2-greedy_ting-1P to RVEA-greedy_ting-HUX', 'Equivalence_Line_3: AGEMOEA2-greedy_ting-1P to NSGA2-random_dense-2P', 'Equivalence_Line_4: UNSGA3-greedy_ting-2P to NSGA3-random_dense-UX', 'Equivalence_Line_5: NSGA3-greedy_ting-2P to AGEMOEA2-random_dense-2P', 'Equivalence_Line_6: UNSGA3-greedy_ting-1P to NSGA2-random_dense-1P', 'Equivalence_Line_7: SMSEMOA-greedy_ting-UX to SPEA2-random_dense-UX', 'Equivalence_Line_8: SMSEMOA-greedy_ting-HUX to AGEMOEA2-random_dense-1P', 'Equivalence_Line_9: NSGA3-greedy_ting-HUX to SPEA2-random_dense-1P', 'Equivalence_Line_10: NSGA2-random_dense-HUX to SPEA2-random_dense-2P', 'Equivalence_Line_11: SPEA2-greedy_ting-UX to NSGA3-random_dense-1P', 'Equivalence_Line_12: AGEMOEA2-greedy_ting-UX to SMSEMOA-random_dense-2P', 'Equivalence_Line_13: SPEA2-greedy_ting-2P to SMSEMOA-random_dense-HUX', 'Equivalence_Line_14: RVEA-greedy_ting-HUX to RVEA-random_dense-1P', 'Equivalence_Line_15: NSGA2-random_dense-2P to RVEA-random_dense-UX', 'Equivalence_Line_16: NSGA3-random_dense-HUX to SPEA2-greedy_multi-HUX', 'Equivalence_Line_17: AGEMOEA2-random_dense-UX to SPEA2-greedy_multi-UX', 'Equivalence_Line_18: AGEMOEA2-random_dense-2P to AGEMOEA2-greedy_multi-HUX', 'Equivalence_Line_19: NSGA3-random_dense-2P to NSGA2-greedy_multi-1P', 'Equivalence_Line_20: RVEA-greedy_ting-2P to AGEMOEA2-greedy_multi-2P', 'Equivalence_Line_21: UNSGA3-random_dense-1P to AGEMOEA2-greedy_multi-1P', 'Equivalence_Line_22: SMSEMOA-random_dense-2P to UNSGA3-greedy_multi-1P', 'Equivalence_Line_23: SMSEMOA-random_dense-1P to SMSEMOA-greedy_multi-UX', 'Equivalence_Line_24: SMSEMOA-random_dense-UX to SMSEMOA-greedy_multi-HUX', 'Equivalence_Line_25: RVEA-random_dense-2P to SMSEMOA-greedy_multi-2P', 'Equivalence_Line_26: RVEA-random_dense-1P to SMSEMOA-greedy_multi-1P', 'Equivalence_Line_27: RVEA-random_dense-HUX to RVEA-greedy_multi-HUX', 'Equivalence_Line_28: NSGA2-greedy_multi-HUX to RVEA-greedy_multi-2P', 'Equivalence_Line_29: SPEA2-greedy_multi-HUX to RVEA-greedy_multi-1P']"
SMSEMOA-greedy_multi-2P,0.16465049739846727,"['Equivalence_Line_1: NSGA2-greedy_ting-UX to RVEA-greedy_ting-UX', 'Equivalence_Line_2: NSGA2-greedy_ting-1P to RVEA-greedy_ting-HUX', 'Equivalence_Line_3: AGEMOEA2-greedy_ting-1P to NSGA2-random_dense-2P', 'Equivalence_Line_4: UNSGA3-greedy_ting-2P to NSGA3-random_dense-UX', 'Equivalence_Line_5: NSGA3-greedy_ting-2P to AGEMOEA2-random_dense-2P', 'Equivalence_Line_6: UNSGA3-greedy_ting-1P to NSGA2-random_dense-1P', 'Equivalence_Line_7: SMSEMOA-greedy_ting-UX to SPEA2-random_dense-UX', 'Equivalence_Line_8: SMSEMOA-greedy_ting-HUX to AGEMOEA2-random_dense-1P', 'Equivalence_Line_9: NSGA3-greedy_ting-HUX to SPEA2-random_dense-1P', 'Equivalence_Line_10: NSGA2-random_dense-HUX to SPEA2-random_dense-2P', 'Equivalence_Line_11: SPEA2-greedy_ting-UX to NSGA3-random_dense-1P', 'Equivalence_Line_12: AGEMOEA2-greedy_ting-UX to SMSEMOA-random_dense-2P', 'Equivalence_Line_13: SPEA2-greedy_ting-2P to SMSEMOA-random_dense-HUX', 'Equivalence_Line_14: RVEA-greedy_ting-HUX to RVEA-random_dense-1P', 'Equivalence_Line_15: NSGA2-random_dense-2P to RVEA-random_dense-UX', 'Equivalence_Line_16: NSGA3-random_dense-HUX to SPEA2-greedy_multi-HUX', 'Equivalence_Line_17: AGEMOEA2-random_dense-UX to SPEA2-greedy_multi-UX', 'Equivalence_Line_18: AGEMOEA2-random_dense-2P to AGEMOEA2-greedy_multi-HUX', 'Equivalence_Line_19: NSGA3-random_dense-2P to NSGA2-greedy_multi-1P', 'Equivalence_Line_20: RVEA-greedy_ting-2P to AGEMOEA2-greedy_multi-2P', 'Equivalence_Line_21: UNSGA3-random_dense-1P to AGEMOEA2-greedy_multi-1P', 'Equivalence_Line_22: SMSEMOA-random_dense-2P to UNSGA3-greedy_multi-1P', 'Equivalence_Line_23: SMSEMOA-random_dense-1P to SMSEMOA-greedy_multi-UX', 'Equivalence_Line_24: SMSEMOA-random_dense-UX to SMSEMOA-greedy_multi-HUX', 'Equivalence_Line_25: RVEA-random_dense-2P to SMSEMOA-greedy_multi-2P', 'Equivalence_Line_26: RVEA-random_dense-1P to SMSEMOA-greedy_multi-1P', 'Equivalence_Line_27: RVEA-random_dense-HUX to RVEA-greedy_multi-HUX', 'Equivalence_Line_28: NSGA2-greedy_multi-HUX to RVEA-greedy_multi-2P', 'Equivalence_Line_29: SPEA2-greedy_multi-HUX to RVEA-greedy_multi-1P']"
SMSEMOA-greedy_multi-1P,0.15699336362194038,"['Equivalence_Line_1: NSGA2-greedy_ting-UX to RVEA-greedy_ting-UX', 'Equivalence_Line_2: NSGA2-greedy_ting-1P to RVEA-greedy_ting-HUX', 'Equivalence_Line_3: AGEMOEA2-greedy_ting-1P to NSGA2-random_dense-2P', 'Equivalence_Line_4: UNSGA3-greedy_ting-2P to NSGA3-random_dense-UX', 'Equivalence_Line_5: NSGA3-greedy_ting-2P to AGEMOEA2-random_dense-2P', 'Equivalence_Line_6: UNSGA3-greedy_ting-1P to NSGA2-random_dense-1P', 'Equivalence_Line_7: SMSEMOA-greedy_ting-UX to SPEA2-random_dense-UX', 'Equivalence_Line_8: SMSEMOA-greedy_ting-HUX to AGEMOEA2-random_dense-1P', 'Equivalence_Line_9: NSGA3-greedy_ting-HUX to SPEA2-random_dense-1P', 'Equivalence_Line_10: NSGA2-random_dense-HUX to SPEA2-random_dense-2P', 'Equivalence_Line_11: SPEA2-greedy_ting-UX to NSGA3-random_dense-1P', 'Equivalence_Line_12: AGEMOEA2-greedy_ting-UX to SMSEMOA-random_dense-2P', 'Equivalence_Line_13: SPEA2-greedy_ting-2P to SMSEMOA-random_dense-HUX', 'Equivalence_Line_14: RVEA-greedy_ting-HUX to RVEA-random_dense-1P', 'Equivalence_Line_15: NSGA2-random_dense-2P to RVEA-random_dense-UX', 'Equivalence_Line_16: NSGA3-random_dense-HUX to SPEA2-greedy_multi-HUX', 'Equivalence_Line_17: AGEMOEA2-random_dense-UX to SPEA2-greedy_multi-UX', 'Equivalence_Line_18: AGEMOEA2-random_dense-2P to AGEMOEA2-greedy_multi-HUX', 'Equivalence_Line_19: NSGA3-random_dense-2P to NSGA2-greedy_multi-1P', 'Equivalence_Line_20: RVEA-greedy_ting-2P to AGEMOEA2-greedy_multi-2P', 'Equivalence_Line_21: UNSGA3-random_dense-1P to AGEMOEA2-greedy_multi-1P', 'Equivalence_Line_22: SMSEMOA-random_dense-2P to UNSGA3-greedy_multi-1P', 'Equivalence_Line_23: SMSEMOA-random_dense-1P to SMSEMOA-greedy_multi-UX', 'Equivalence_Line_24: SMSEMOA-random_dense-UX to SMSEMOA-greedy_multi-HUX', 'Equivalence_Line_25: RVEA-random_dense-2P to SMSEMOA-greedy_multi-2P', 'Equivalence_Line_26: RVEA-random_dense-1P to SMSEMOA-greedy_multi-1P', 'Equivalence_Line_27: RVEA-random_dense-HUX to RVEA-greedy_multi-HUX', 'Equivalence_Line_28: NSGA2-greedy_multi-HUX to RVEA-greedy_multi-2P', 'Equivalence_Line_29: SPEA2-greedy_multi-HUX to RVEA-greedy_multi-1P']"
RVEA-greedy_multi-UX,0.13090665492031492,"['Equivalence_Line_1: NSGA2-greedy_ting-UX to RVEA-greedy_ting-UX', 'Equivalence_Line_2: NSGA2-greedy_ting-1P to RVEA-greedy_ting-HUX', 'Equivalence_Line_3: AGEMOEA2-greedy_ting-1P to NSGA2-random_dense-2P', 'Equivalence_Line_4: UNSGA3-greedy_ting-2P to NSGA3-random_dense-UX', 'Equivalence_Line_5: NSGA3-greedy_ting-2P to AGEMOEA2-random_dense-2P', 'Equivalence_Line_6: UNSGA3-greedy_ting-1P to NSGA2-random_dense-1P', 'Equivalence_Line_7: SMSEMOA-greedy_ting-UX to SPEA2-random_dense-UX', 'Equivalence_Line_8: SMSEMOA-greedy_ting-HUX to AGEMOEA2-random_dense-1P', 'Equivalence_Line_9: NSGA3-greedy_ting-HUX to SPEA2-random_dense-1P', 'Equivalence_Line_10: NSGA2-random_dense-HUX to SPEA2-random_dense-2P', 'Equivalence_Line_11: SPEA2-greedy_ting-UX to NSGA3-random_dense-1P', 'Equivalence_Line_12: AGEMOEA2-greedy_ting-UX to SMSEMOA-random_dense-2P', 'Equivalence_Line_13: SPEA2-greedy_ting-2P to SMSEMOA-random_dense-HUX', 'Equivalence_Line_14: RVEA-greedy_ting-HUX to RVEA-random_dense-1P', 'Equivalence_Line_15: NSGA2-random_dense-2P to RVEA-random_dense-UX', 'Equivalence_Line_16: NSGA3-random_dense-HUX to SPEA2-greedy_multi-HUX', 'Equivalence_Line_17: AGEMOEA2-random_dense-UX to SPEA2-greedy_multi-UX', 'Equivalence_Line_18: AGEMOEA2-random_dense-2P to AGEMOEA2-greedy_multi-HUX', 'Equivalence_Line_19: NSGA3-random_dense-2P to NSGA2-greedy_multi-1P', 'Equivalence_Line_20: RVEA-greedy_ting-2P to AGEMOEA2-greedy_multi-2P', 'Equivalence_Line_21: UNSGA3-random_dense-1P to AGEMOEA2-greedy_multi-1P', 'Equivalence_Line_22: SMSEMOA-random_dense-2P to UNSGA3-greedy_multi-1P', 'Equivalence_Line_23: SMSEMOA-random_dense-1P to SMSEMOA-greedy_multi-UX', 'Equivalence_Line_24: SMSEMOA-random_dense-UX to SMSEMOA-greedy_multi-HUX', 'Equivalence_Line_25: RVEA-random_dense-2P to SMSEMOA-greedy_multi-2P', 'Equivalence_Line_26: RVEA-random_dense-1P to SMSEMOA-greedy_multi-1P', 'Equivalence_Line_27: RVEA-random_dense-HUX to RVEA-greedy_multi-HUX', 'Equivalence_Line_28: NSGA2-greedy_multi-HUX to RVEA-greedy_multi-2P', 'Equivalence_Line_29: SPEA2-greedy_multi-HUX to RVEA-greedy_multi-1P']"
RVEA-greedy_multi-HUX,0.12771163740283695,"['Equivalence_Line_1: NSGA2-greedy_ting-UX to RVEA-greedy_ting-UX', 'Equivalence_Line_2: NSGA2-greedy_ting-1P to RVEA-greedy_ting-HUX', 'Equivalence_Line_3: AGEMOEA2-greedy_ting-1P to NSGA2-random_dense-2P', 'Equivalence_Line_4: UNSGA3-greedy_ting-2P to NSGA3-random_dense-UX', 'Equivalence_Line_5: NSGA3-greedy_ting-2P to AGEMOEA2-random_dense-2P', 'Equivalence_Line_6: UNSGA3-greedy_ting-1P to NSGA2-random_dense-1P', 'Equivalence_Line_7: SMSEMOA-greedy_ting-UX to SPEA2-random_dense-UX', 'Equivalence_Line_8: SMSEMOA-greedy_ting-HUX to AGEMOEA2-random_dense-1P', 'Equivalence_Line_9: NSGA3-greedy_ting-HUX to SPEA2-random_dense-1P', 'Equivalence_Line_10: NSGA2-random_dense-HUX to SPEA2-random_dense-2P', 'Equivalence_Line_11: SPEA2-greedy_ting-UX to NSGA3-random_dense-1P', 'Equivalence_Line_12: AGEMOEA2-greedy_ting-UX to SMSEMOA-random_dense-2P', 'Equivalence_Line_13: SPEA2-greedy_ting-2P to SMSEMOA-random_dense-HUX', 'Equivalence_Line_14: RVEA-greedy_ting-HUX to RVEA-random_dense-1P', 'Equivalence_Line_15: NSGA2-random_dense-2P to RVEA-random_dense-UX', 'Equivalence_Line_16: NSGA3-random_dense-HUX to SPEA2-greedy_multi-HUX', 'Equivalence_Line_17: AGEMOEA2-random_dense-UX to SPEA2-greedy_multi-UX', 'Equivalence_Line_18: AGEMOEA2-random_dense-2P to AGEMOEA2-greedy_multi-HUX', 'Equivalence_Line_19: NSGA3-random_dense-2P to NSGA2-greedy_multi-1P', 'Equivalence_Line_20: RVEA-greedy_ting-2P to AGEMOEA2-greedy_multi-2P', 'Equivalence_Line_21: UNSGA3-random_dense-1P to AGEMOEA2-greedy_multi-1P', 'Equivalence_Line_22: SMSEMOA-random_dense-2P to UNSGA3-greedy_multi-1P', 'Equivalence_Line_23: SMSEMOA-random_dense-1P to SMSEMOA-greedy_multi-UX', 'Equivalence_Line_24: SMSEMOA-random_dense-UX to SMSEMOA-greedy_multi-HUX', 'Equivalence_Line_25: RVEA-random_dense-2P to SMSEMOA-greedy_multi-2P', 'Equivalence_Line_26: RVEA-random_dense-1P to SMSEMOA-greedy_multi-1P', 'Equivalence_Line_27: RVEA-random_dense-HUX to RVEA-greedy_multi-HUX', 'Equivalence_Line_28: NSGA2-greedy_multi-HUX to RVEA-greedy_multi-2P', 'Equivalence_Line_29: SPEA2-greedy_multi-HUX to RVEA-greedy_multi-1P']"
RVEA-greedy_multi-2P,0.11324073703418851,"['Equivalence_Line_1: NSGA2-greedy_ting-UX to RVEA-greedy_ting-UX', 'Equivalence_Line_2: NSGA2-greedy_ting-1P to RVEA-greedy_ting-HUX', 'Equivalence_Line_3: AGEMOEA2-greedy_ting-1P to NSGA2-random_dense-2P', 'Equivalence_Line_4: UNSGA3-greedy_ting-2P to NSGA3-random_dense-UX', 'Equivalence_Line_5: NSGA3-greedy_ting-2P to AGEMOEA2-random_dense-2P', 'Equivalence_Line_6: UNSGA3-greedy_ting-1P to NSGA2-random_dense-1P', 'Equivalence_Line_7: SMSEMOA-greedy_ting-UX to SPEA2-random_dense-UX', 'Equivalence_Line_8: SMSEMOA-greedy_ting-HUX to AGEMOEA2-random_dense-1P', 'Equivalence_Line_9: NSGA3-greedy_ting-HUX to SPEA2-random_dense-1P', 'Equivalence_Line_10: NSGA2-random_dense-HUX to SPEA2-random_dense-2P', 'Equivalence_Line_11: SPEA2-greedy_ting-UX to NSGA3-random_dense-1P', 'Equivalence_Line_12: AGEMOEA2-greedy_ting-UX to SMSEMOA-random_dense-2P', 'Equivalence_Line_13: SPEA2-greedy_ting-2P to SMSEMOA-random_dense-HUX', 'Equivalence_Line_14: RVEA-greedy_ting-HUX to RVEA-random_dense-1P', 'Equivalence_Line_15: NSGA2-random_dense-2P to RVEA-random_dense-UX', 'Equivalence_Line_16: NSGA3-random_dense-HUX to SPEA2-greedy_multi-HUX', 'Equivalence_Line_17: AGEMOEA2-random_dense-UX to SPEA2-greedy_multi-UX', 'Equivalence_Line_18: AGEMOEA2-random_dense-2P to AGEMOEA2-greedy_multi-HUX', 'Equivalence_Line_19: NSGA3-random_dense-2P to NSGA2-greedy_multi-1P', 'Equivalence_Line_20: RVEA-greedy_ting-2P to AGEMOEA2-greedy_multi-2P', 'Equivalence_Line_21: UNSGA3-random_dense-1P to AGEMOEA2-greedy_multi-1P', 'Equivalence_Line_22: SMSEMOA-random_dense-2P to UNSGA3-greedy_multi-1P', 'Equivalence_Line_23: SMSEMOA-random_dense-1P to SMSEMOA-greedy_multi-UX', 'Equivalence_Line_24: SMSEMOA-random_dense-UX to SMSEMOA-greedy_multi-HUX', 'Equivalence_Line_25: RVEA-random_dense-2P to SMSEMOA-greedy_multi-2P', 'Equivalence_Line_26: RVEA-random_dense-1P to SMSEMOA-greedy_multi-1P', 'Equivalence_Line_27: RVEA-random_dense-HUX to RVEA-greedy_multi-HUX', 'Equivalence_Line_28: NSGA2-greedy_multi-HUX to RVEA-greedy_multi-2P', 'Equivalence_Line_29: SPEA2-greedy_multi-HUX to RVEA-greedy_multi-1P']"
RVEA-greedy_multi-1P,0.09970650578654879,"['Equivalence_Line_1: NSGA2-greedy_ting-UX to RVEA-greedy_ting-UX', 'Equivalence_Line_2: NSGA2-greedy_ting-1P to RVEA-greedy_ting-HUX', 'Equivalence_Line_3: AGEMOEA2-greedy_ting-1P to NSGA2-random_dense-2P', 'Equivalence_Line_4: UNSGA3-greedy_ting-2P to NSGA3-random_dense-UX', 'Equivalence_Line_5: NSGA3-greedy_ting-2P to AGEMOEA2-random_dense-2P', 'Equivalence_Line_6: UNSGA3-greedy_ting-1P to NSGA2-random_dense-1P', 'Equivalence_Line_7: SMSEMOA-greedy_ting-UX to SPEA2-random_dense-UX', 'Equivalence_Line_8: SMSEMOA-greedy_ting-HUX to AGEMOEA2-random_dense-1P', 'Equivalence_Line_9: NSGA3-greedy_ting-HUX to SPEA2-random_dense-1P', 'Equivalence_Line_10: NSGA2-random_dense-HUX to SPEA2-random_dense-2P', 'Equivalence_Line_11: SPEA2-greedy_ting-UX to NSGA3-random_dense-1P', 'Equivalence_Line_12: AGEMOEA2-greedy_ting-UX to SMSEMOA-random_dense-2P', 'Equivalence_Line_13: SPEA2-greedy_ting-2P to SMSEMOA-random_dense-HUX', 'Equivalence_Line_14: RVEA-greedy_ting-HUX to RVEA-random_dense-1P', 'Equivalence_Line_15: NSGA2-random_dense-2P to RVEA-random_dense-UX', 'Equivalence_Line_16: NSGA3-random_dense-HUX to SPEA2-greedy_multi-HUX', 'Equivalence_Line_17: AGEMOEA2-random_dense-UX to SPEA2-greedy_multi-UX', 'Equivalence_Line_18: AGEMOEA2-random_dense-2P to AGEMOEA2-greedy_multi-HUX', 'Equivalence_Line_19: NSGA3-random_dense-2P to NSGA2-greedy_multi-1P', 'Equivalence_Line_20: RVEA-greedy_ting-2P to AGEMOEA2-greedy_multi-2P', 'Equivalence_Line_21: UNSGA3-random_dense-1P to AGEMOEA2-greedy_multi-1P', 'Equivalence_Line_22: SMSEMOA-random_dense-2P to UNSGA3-greedy_multi-1P', 'Equivalence_Line_23: SMSEMOA-random_dense-1P to SMSEMOA-greedy_multi-UX', 'Equivalence_Line_24: SMSEMOA-random_dense-UX to SMSEMOA-greedy_multi-HUX', 'Equivalence_Line_25: RVEA-random_dense-2P to SMSEMOA-greedy_multi-2P', 'Equivalence_Line_26: RVEA-random_dense-1P to SMSEMOA-greedy_multi-1P', 'Equivalence_Line_27: RVEA-random_dense-HUX to RVEA-greedy_multi-HUX', 'Equivalence_Line_28: NSGA2-greedy_multi-HUX to RVEA-greedy_multi-2P', 'Equivalence_Line_29: SPEA2-greedy_multi-HUX to RVEA-greedy_multi-1P']"
