Group,Mean,Equivalence_Lines
SPEA2-random_dense-HUX,152.53316707743184,"['Equivalence_Line_1: SPEA2-random_dense-HUX to SPEA2-greedy_ting-2P', 'Equivalence_Line_2: SMSEMOA-random_dense-HUX to RVEA-random_dense-1P', 'Equivalence_Line_3: NSGA3-random_dense-UX to RVEA-random_dense-2P', 'Equivalence_Line_4: SMSEMOA-random_dense-2P to AGEMOEA2-greedy_ting-UX', 'Equivalence_Line_5: SPEA2-random_dense-1P to AGEMOEA2-greedy_ting-HUX', 'Equivalence_Line_6: SPEA2-random_dense-2P to NSGA3-greedy_ting-2P', 'Equivalence_Line_7: AGEMOEA2-random_dense-UX to UNSGA3-greedy_ting-2P', 'Equivalence_Line_8: SMSEMOA-random_dense-1P to SMSEMOA-greedy_ting-2P', 'Equivalence_Line_9: NSGA3-random_dense-1P to SMSEMOA-greedy_ting-1P', 'Equivalence_Line_10: SPEA2-greedy_ting-2P to SMSEMOA-greedy_ting-HUX', 'Equivalence_Line_11: SPEA2-greedy_ting-1P to RVEA-greedy_ting-HUX', 'Equivalence_Line_12: RVEA-random_dense-1P to RVEA-greedy_ting-2P', 'Equivalence_Line_13: NSGA2-greedy_ting-2P to NSGA2-greedy_multi-UX', 'Equivalence_Line_14: AGEMOEA2-greedy_ting-1P to AGEMOEA2-greedy_multi-HUX', 'Equivalence_Line_15: UNSGA3-greedy_ting-2P to UNSGA3-greedy_multi-UX', 'Equivalence_Line_16: UNSGA3-greedy_ting-1P to UNSGA3-greedy_multi-HUX', 'Equivalence_Line_17: RVEA-random_dense-UX to NSGA2-greedy_multi-1P', 'Equivalence_Line_18: NSGA3-greedy_ting-HUX to SMSEMOA-greedy_multi-HUX', 'Equivalence_Line_19: SMSEMOA-greedy_ting-UX to UNSGA3-greedy_multi-2P', 'Equivalence_Line_20: SMSEMOA-greedy_ting-HUX to AGEMOEA2-greedy_multi-1P', 'Equivalence_Line_21: RVEA-greedy_ting-UX to SMSEMOA-greedy_multi-1P', 'Equivalence_Line_22: SPEA2-greedy_multi-HUX to RVEA-greedy_multi-1P']"
SPEA2-random_dense-UX,151.48920974501362,"['Equivalence_Line_1: SPEA2-random_dense-HUX to SPEA2-greedy_ting-2P', 'Equivalence_Line_2: SMSEMOA-random_dense-HUX to RVEA-random_dense-1P', 'Equivalence_Line_3: NSGA3-random_dense-UX to RVEA-random_dense-2P', 'Equivalence_Line_4: SMSEMOA-random_dense-2P to AGEMOEA2-greedy_ting-UX', 'Equivalence_Line_5: SPEA2-random_dense-1P to AGEMOEA2-greedy_ting-HUX', 'Equivalence_Line_6: SPEA2-random_dense-2P to NSGA3-greedy_ting-2P', 'Equivalence_Line_7: AGEMOEA2-random_dense-UX to UNSGA3-greedy_ting-2P', 'Equivalence_Line_8: SMSEMOA-random_dense-1P to SMSEMOA-greedy_ting-2P', 'Equivalence_Line_9: NSGA3-random_dense-1P to SMSEMOA-greedy_ting-1P', 'Equivalence_Line_10: SPEA2-greedy_ting-2P to SMSEMOA-greedy_ting-HUX', 'Equivalence_Line_11: SPEA2-greedy_ting-1P to RVEA-greedy_ting-HUX', 'Equivalence_Line_12: RVEA-random_dense-1P to RVEA-greedy_ting-2P', 'Equivalence_Line_13: NSGA2-greedy_ting-2P to NSGA2-greedy_multi-UX', 'Equivalence_Line_14: AGEMOEA2-greedy_ting-1P to AGEMOEA2-greedy_multi-HUX', 'Equivalence_Line_15: UNSGA3-greedy_ting-2P to UNSGA3-greedy_multi-UX', 'Equivalence_Line_16: UNSGA3-greedy_ting-1P to UNSGA3-greedy_multi-HUX', 'Equivalence_Line_17: RVEA-random_dense-UX to NSGA2-greedy_multi-1P', 'Equivalence_Line_18: NSGA3-greedy_ting-HUX to SMSEMOA-greedy_multi-HUX', 'Equivalence_Line_19: SMSEMOA-greedy_ting-UX to UNSGA3-greedy_multi-2P', 'Equivalence_Line_20: SMSEMOA-greedy_ting-HUX to AGEMOEA2-greedy_multi-1P', 'Equivalence_Line_21: RVEA-greedy_ting-UX to SMSEMOA-greedy_multi-1P', 'Equivalence_Line_22: SPEA2-greedy_multi-HUX to RVEA-greedy_multi-1P']"
SMSEMOA-random_dense-HUX,143.7604329152888,"['Equivalence_Line_1: SPEA2-random_dense-HUX to SPEA2-greedy_ting-2P', 'Equivalence_Line_2: SMSEMOA-random_dense-HUX to RVEA-random_dense-1P', 'Equivalence_Line_3: NSGA3-random_dense-UX to RVEA-random_dense-2P', 'Equivalence_Line_4: SMSEMOA-random_dense-2P to AGEMOEA2-greedy_ting-UX', 'Equivalence_Line_5: SPEA2-random_dense-1P to AGEMOEA2-greedy_ting-HUX', 'Equivalence_Line_6: SPEA2-random_dense-2P to NSGA3-greedy_ting-2P', 'Equivalence_Line_7: AGEMOEA2-random_dense-UX to UNSGA3-greedy_ting-2P', 'Equivalence_Line_8: SMSEMOA-random_dense-1P to SMSEMOA-greedy_ting-2P', 'Equivalence_Line_9: NSGA3-random_dense-1P to SMSEMOA-greedy_ting-1P', 'Equivalence_Line_10: SPEA2-greedy_ting-2P to SMSEMOA-greedy_ting-HUX', 'Equivalence_Line_11: SPEA2-greedy_ting-1P to RVEA-greedy_ting-HUX', 'Equivalence_Line_12: RVEA-random_dense-1P to RVEA-greedy_ting-2P', 'Equivalence_Line_13: NSGA2-greedy_ting-2P to NSGA2-greedy_multi-UX', 'Equivalence_Line_14: AGEMOEA2-greedy_ting-1P to AGEMOEA2-greedy_multi-HUX', 'Equivalence_Line_15: UNSGA3-greedy_ting-2P to UNSGA3-greedy_multi-UX', 'Equivalence_Line_16: UNSGA3-greedy_ting-1P to UNSGA3-greedy_multi-HUX', 'Equivalence_Line_17: RVEA-random_dense-UX to NSGA2-greedy_multi-1P', 'Equivalence_Line_18: NSGA3-greedy_ting-HUX to SMSEMOA-greedy_multi-HUX', 'Equivalence_Line_19: SMSEMOA-greedy_ting-UX to UNSGA3-greedy_multi-2P', 'Equivalence_Line_20: SMSEMOA-greedy_ting-HUX to AGEMOEA2-greedy_multi-1P', 'Equivalence_Line_21: RVEA-greedy_ting-UX to SMSEMOA-greedy_multi-1P', 'Equivalence_Line_22: SPEA2-greedy_multi-HUX to RVEA-greedy_multi-1P']"
SMSEMOA-random_dense-UX,142.90512520538257,"['Equivalence_Line_1: SPEA2-random_dense-HUX to SPEA2-greedy_ting-2P', 'Equivalence_Line_2: SMSEMOA-random_dense-HUX to RVEA-random_dense-1P', 'Equivalence_Line_3: NSGA3-random_dense-UX to RVEA-random_dense-2P', 'Equivalence_Line_4: SMSEMOA-random_dense-2P to AGEMOEA2-greedy_ting-UX', 'Equivalence_Line_5: SPEA2-random_dense-1P to AGEMOEA2-greedy_ting-HUX', 'Equivalence_Line_6: SPEA2-random_dense-2P to NSGA3-greedy_ting-2P', 'Equivalence_Line_7: AGEMOEA2-random_dense-UX to UNSGA3-greedy_ting-2P', 'Equivalence_Line_8: SMSEMOA-random_dense-1P to SMSEMOA-greedy_ting-2P', 'Equivalence_Line_9: NSGA3-random_dense-1P to SMSEMOA-greedy_ting-1P', 'Equivalence_Line_10: SPEA2-greedy_ting-2P to SMSEMOA-greedy_ting-HUX', 'Equivalence_Line_11: SPEA2-greedy_ting-1P to RVEA-greedy_ting-HUX', 'Equivalence_Line_12: RVEA-random_dense-1P to RVEA-greedy_ting-2P', 'Equivalence_Line_13: NSGA2-greedy_ting-2P to NSGA2-greedy_multi-UX', 'Equivalence_Line_14: AGEMOEA2-greedy_ting-1P to AGEMOEA2-greedy_multi-HUX', 'Equivalence_Line_15: UNSGA3-greedy_ting-2P to UNSGA3-greedy_multi-UX', 'Equivalence_Line_16: UNSGA3-greedy_ting-1P to UNSGA3-greedy_multi-HUX', 'Equivalence_Line_17: RVEA-random_dense-UX to NSGA2-greedy_multi-1P', 'Equivalence_Line_18: NSGA3-greedy_ting-HUX to SMSEMOA-greedy_multi-HUX', 'Equivalence_Line_19: SMSEMOA-greedy_ting-UX to UNSGA3-greedy_multi-2P', 'Equivalence_Line_20: SMSEMOA-greedy_ting-HUX to AGEMOEA2-greedy_multi-1P', 'Equivalence_Line_21: RVEA-greedy_ting-UX to SMSEMOA-greedy_multi-1P', 'Equivalence_Line_22: SPEA2-greedy_multi-HUX to RVEA-greedy_multi-1P']"
NSGA3-random_dense-UX,141.42799314164245,"['Equivalence_Line_1: SPEA2-random_dense-HUX to SPEA2-greedy_ting-2P', 'Equivalence_Line_2: SMSEMOA-random_dense-HUX to RVEA-random_dense-1P', 'Equivalence_Line_3: NSGA3-random_dense-UX to RVEA-random_dense-2P', 'Equivalence_Line_4: SMSEMOA-random_dense-2P to AGEMOEA2-greedy_ting-UX', 'Equivalence_Line_5: SPEA2-random_dense-1P to AGEMOEA2-greedy_ting-HUX', 'Equivalence_Line_6: SPEA2-random_dense-2P to NSGA3-greedy_ting-2P', 'Equivalence_Line_7: AGEMOEA2-random_dense-UX to UNSGA3-greedy_ting-2P', 'Equivalence_Line_8: SMSEMOA-random_dense-1P to SMSEMOA-greedy_ting-2P', 'Equivalence_Line_9: NSGA3-random_dense-1P to SMSEMOA-greedy_ting-1P', 'Equivalence_Line_10: SPEA2-greedy_ting-2P to SMSEMOA-greedy_ting-HUX', 'Equivalence_Line_11: SPEA2-greedy_ting-1P to RVEA-greedy_ting-HUX', 'Equivalence_Line_12: RVEA-random_dense-1P to RVEA-greedy_ting-2P', 'Equivalence_Line_13: NSGA2-greedy_ting-2P to NSGA2-greedy_multi-UX', 'Equivalence_Line_14: AGEMOEA2-greedy_ting-1P to AGEMOEA2-greedy_multi-HUX', 'Equivalence_Line_15: UNSGA3-greedy_ting-2P to UNSGA3-greedy_multi-UX', 'Equivalence_Line_16: UNSGA3-greedy_ting-1P to UNSGA3-greedy_multi-HUX', 'Equivalence_Line_17: RVEA-random_dense-UX to NSGA2-greedy_multi-1P', 'Equivalence_Line_18: NSGA3-greedy_ting-HUX to SMSEMOA-greedy_multi-HUX', 'Equivalence_Line_19: SMSEMOA-greedy_ting-UX to UNSGA3-greedy_multi-2P', 'Equivalence_Line_20: SMSEMOA-greedy_ting-HUX to AGEMOEA2-greedy_multi-1P', 'Equivalence_Line_21: RVEA-greedy_ting-UX to SMSEMOA-greedy_multi-1P', 'Equivalence_Line_22: SPEA2-greedy_multi-HUX to RVEA-greedy_multi-1P']"
UNSGA3-random_dense-UX,141.30705218899516,"['Equivalence_Line_1: SPEA2-random_dense-HUX to SPEA2-greedy_ting-2P', 'Equivalence_Line_2: SMSEMOA-random_dense-HUX to RVEA-random_dense-1P', 'Equivalence_Line_3: NSGA3-random_dense-UX to RVEA-random_dense-2P', 'Equivalence_Line_4: SMSEMOA-random_dense-2P to AGEMOEA2-greedy_ting-UX', 'Equivalence_Line_5: SPEA2-random_dense-1P to AGEMOEA2-greedy_ting-HUX', 'Equivalence_Line_6: SPEA2-random_dense-2P to NSGA3-greedy_ting-2P', 'Equivalence_Line_7: AGEMOEA2-random_dense-UX to UNSGA3-greedy_ting-2P', 'Equivalence_Line_8: SMSEMOA-random_dense-1P to SMSEMOA-greedy_ting-2P', 'Equivalence_Line_9: NSGA3-random_dense-1P to SMSEMOA-greedy_ting-1P', 'Equivalence_Line_10: SPEA2-greedy_ting-2P to SMSEMOA-greedy_ting-HUX', 'Equivalence_Line_11: SPEA2-greedy_ting-1P to RVEA-greedy_ting-HUX', 'Equivalence_Line_12: RVEA-random_dense-1P to RVEA-greedy_ting-2P', 'Equivalence_Line_13: NSGA2-greedy_ting-2P to NSGA2-greedy_multi-UX', 'Equivalence_Line_14: AGEMOEA2-greedy_ting-1P to AGEMOEA2-greedy_multi-HUX', 'Equivalence_Line_15: UNSGA3-greedy_ting-2P to UNSGA3-greedy_multi-UX', 'Equivalence_Line_16: UNSGA3-greedy_ting-1P to UNSGA3-greedy_multi-HUX', 'Equivalence_Line_17: RVEA-random_dense-UX to NSGA2-greedy_multi-1P', 'Equivalence_Line_18: NSGA3-greedy_ting-HUX to SMSEMOA-greedy_multi-HUX', 'Equivalence_Line_19: SMSEMOA-greedy_ting-UX to UNSGA3-greedy_multi-2P', 'Equivalence_Line_20: SMSEMOA-greedy_ting-HUX to AGEMOEA2-greedy_multi-1P', 'Equivalence_Line_21: RVEA-greedy_ting-UX to SMSEMOA-greedy_multi-1P', 'Equivalence_Line_22: SPEA2-greedy_multi-HUX to RVEA-greedy_multi-1P']"
NSGA2-random_dense-HUX,141.26762390549283,"['Equivalence_Line_1: SPEA2-random_dense-HUX to SPEA2-greedy_ting-2P', 'Equivalence_Line_2: SMSEMOA-random_dense-HUX to RVEA-random_dense-1P', 'Equivalence_Line_3: NSGA3-random_dense-UX to RVEA-random_dense-2P', 'Equivalence_Line_4: SMSEMOA-random_dense-2P to AGEMOEA2-greedy_ting-UX', 'Equivalence_Line_5: SPEA2-random_dense-1P to AGEMOEA2-greedy_ting-HUX', 'Equivalence_Line_6: SPEA2-random_dense-2P to NSGA3-greedy_ting-2P', 'Equivalence_Line_7: AGEMOEA2-random_dense-UX to UNSGA3-greedy_ting-2P', 'Equivalence_Line_8: SMSEMOA-random_dense-1P to SMSEMOA-greedy_ting-2P', 'Equivalence_Line_9: NSGA3-random_dense-1P to SMSEMOA-greedy_ting-1P', 'Equivalence_Line_10: SPEA2-greedy_ting-2P to SMSEMOA-greedy_ting-HUX', 'Equivalence_Line_11: SPEA2-greedy_ting-1P to RVEA-greedy_ting-HUX', 'Equivalence_Line_12: RVEA-random_dense-1P to RVEA-greedy_ting-2P', 'Equivalence_Line_13: NSGA2-greedy_ting-2P to NSGA2-greedy_multi-UX', 'Equivalence_Line_14: AGEMOEA2-greedy_ting-1P to AGEMOEA2-greedy_multi-HUX', 'Equivalence_Line_15: UNSGA3-greedy_ting-2P to UNSGA3-greedy_multi-UX', 'Equivalence_Line_16: UNSGA3-greedy_ting-1P to UNSGA3-greedy_multi-HUX', 'Equivalence_Line_17: RVEA-random_dense-UX to NSGA2-greedy_multi-1P', 'Equivalence_Line_18: NSGA3-greedy_ting-HUX to SMSEMOA-greedy_multi-HUX', 'Equivalence_Line_19: SMSEMOA-greedy_ting-UX to UNSGA3-greedy_multi-2P', 'Equivalence_Line_20: SMSEMOA-greedy_ting-HUX to AGEMOEA2-greedy_multi-1P', 'Equivalence_Line_21: RVEA-greedy_ting-UX to SMSEMOA-greedy_multi-1P', 'Equivalence_Line_22: SPEA2-greedy_multi-HUX to RVEA-greedy_multi-1P']"
SMSEMOA-random_dense-2P,141.24428080716172,"['Equivalence_Line_1: SPEA2-random_dense-HUX to SPEA2-greedy_ting-2P', 'Equivalence_Line_2: SMSEMOA-random_dense-HUX to RVEA-random_dense-1P', 'Equivalence_Line_3: NSGA3-random_dense-UX to RVEA-random_dense-2P', 'Equivalence_Line_4: SMSEMOA-random_dense-2P to AGEMOEA2-greedy_ting-UX', 'Equivalence_Line_5: SPEA2-random_dense-1P to AGEMOEA2-greedy_ting-HUX', 'Equivalence_Line_6: SPEA2-random_dense-2P to NSGA3-greedy_ting-2P', 'Equivalence_Line_7: AGEMOEA2-random_dense-UX to UNSGA3-greedy_ting-2P', 'Equivalence_Line_8: SMSEMOA-random_dense-1P to SMSEMOA-greedy_ting-2P', 'Equivalence_Line_9: NSGA3-random_dense-1P to SMSEMOA-greedy_ting-1P', 'Equivalence_Line_10: SPEA2-greedy_ting-2P to SMSEMOA-greedy_ting-HUX', 'Equivalence_Line_11: SPEA2-greedy_ting-1P to RVEA-greedy_ting-HUX', 'Equivalence_Line_12: RVEA-random_dense-1P to RVEA-greedy_ting-2P', 'Equivalence_Line_13: NSGA2-greedy_ting-2P to NSGA2-greedy_multi-UX', 'Equivalence_Line_14: AGEMOEA2-greedy_ting-1P to AGEMOEA2-greedy_multi-HUX', 'Equivalence_Line_15: UNSGA3-greedy_ting-2P to UNSGA3-greedy_multi-UX', 'Equivalence_Line_16: UNSGA3-greedy_ting-1P to UNSGA3-greedy_multi-HUX', 'Equivalence_Line_17: RVEA-random_dense-UX to NSGA2-greedy_multi-1P', 'Equivalence_Line_18: NSGA3-greedy_ting-HUX to SMSEMOA-greedy_multi-HUX', 'Equivalence_Line_19: SMSEMOA-greedy_ting-UX to UNSGA3-greedy_multi-2P', 'Equivalence_Line_20: SMSEMOA-greedy_ting-HUX to AGEMOEA2-greedy_multi-1P', 'Equivalence_Line_21: RVEA-greedy_ting-UX to SMSEMOA-greedy_multi-1P', 'Equivalence_Line_22: SPEA2-greedy_multi-HUX to RVEA-greedy_multi-1P']"
NSGA3-random_dense-HUX,141.1451253015551,"['Equivalence_Line_1: SPEA2-random_dense-HUX to SPEA2-greedy_ting-2P', 'Equivalence_Line_2: SMSEMOA-random_dense-HUX to RVEA-random_dense-1P', 'Equivalence_Line_3: NSGA3-random_dense-UX to RVEA-random_dense-2P', 'Equivalence_Line_4: SMSEMOA-random_dense-2P to AGEMOEA2-greedy_ting-UX', 'Equivalence_Line_5: SPEA2-random_dense-1P to AGEMOEA2-greedy_ting-HUX', 'Equivalence_Line_6: SPEA2-random_dense-2P to NSGA3-greedy_ting-2P', 'Equivalence_Line_7: AGEMOEA2-random_dense-UX to UNSGA3-greedy_ting-2P', 'Equivalence_Line_8: SMSEMOA-random_dense-1P to SMSEMOA-greedy_ting-2P', 'Equivalence_Line_9: NSGA3-random_dense-1P to SMSEMOA-greedy_ting-1P', 'Equivalence_Line_10: SPEA2-greedy_ting-2P to SMSEMOA-greedy_ting-HUX', 'Equivalence_Line_11: SPEA2-greedy_ting-1P to RVEA-greedy_ting-HUX', 'Equivalence_Line_12: RVEA-random_dense-1P to RVEA-greedy_ting-2P', 'Equivalence_Line_13: NSGA2-greedy_ting-2P to NSGA2-greedy_multi-UX', 'Equivalence_Line_14: AGEMOEA2-greedy_ting-1P to AGEMOEA2-greedy_multi-HUX', 'Equivalence_Line_15: UNSGA3-greedy_ting-2P to UNSGA3-greedy_multi-UX', 'Equivalence_Line_16: UNSGA3-greedy_ting-1P to UNSGA3-greedy_multi-HUX', 'Equivalence_Line_17: RVEA-random_dense-UX to NSGA2-greedy_multi-1P', 'Equivalence_Line_18: NSGA3-greedy_ting-HUX to SMSEMOA-greedy_multi-HUX', 'Equivalence_Line_19: SMSEMOA-greedy_ting-UX to UNSGA3-greedy_multi-2P', 'Equivalence_Line_20: SMSEMOA-greedy_ting-HUX to AGEMOEA2-greedy_multi-1P', 'Equivalence_Line_21: RVEA-greedy_ting-UX to SMSEMOA-greedy_multi-1P', 'Equivalence_Line_22: SPEA2-greedy_multi-HUX to RVEA-greedy_multi-1P']"
UNSGA3-random_dense-HUX,141.0328465252342,"['Equivalence_Line_1: SPEA2-random_dense-HUX to SPEA2-greedy_ting-2P', 'Equivalence_Line_2: SMSEMOA-random_dense-HUX to RVEA-random_dense-1P', 'Equivalence_Line_3: NSGA3-random_dense-UX to RVEA-random_dense-2P', 'Equivalence_Line_4: SMSEMOA-random_dense-2P to AGEMOEA2-greedy_ting-UX', 'Equivalence_Line_5: SPEA2-random_dense-1P to AGEMOEA2-greedy_ting-HUX', 'Equivalence_Line_6: SPEA2-random_dense-2P to NSGA3-greedy_ting-2P', 'Equivalence_Line_7: AGEMOEA2-random_dense-UX to UNSGA3-greedy_ting-2P', 'Equivalence_Line_8: SMSEMOA-random_dense-1P to SMSEMOA-greedy_ting-2P', 'Equivalence_Line_9: NSGA3-random_dense-1P to SMSEMOA-greedy_ting-1P', 'Equivalence_Line_10: SPEA2-greedy_ting-2P to SMSEMOA-greedy_ting-HUX', 'Equivalence_Line_11: SPEA2-greedy_ting-1P to RVEA-greedy_ting-HUX', 'Equivalence_Line_12: RVEA-random_dense-1P to RVEA-greedy_ting-2P', 'Equivalence_Line_13: NSGA2-greedy_ting-2P to NSGA2-greedy_multi-UX', 'Equivalence_Line_14: AGEMOEA2-greedy_ting-1P to AGEMOEA2-greedy_multi-HUX', 'Equivalence_Line_15: UNSGA3-greedy_ting-2P to UNSGA3-greedy_multi-UX', 'Equivalence_Line_16: UNSGA3-greedy_ting-1P to UNSGA3-greedy_multi-HUX', 'Equivalence_Line_17: RVEA-random_dense-UX to NSGA2-greedy_multi-1P', 'Equivalence_Line_18: NSGA3-greedy_ting-HUX to SMSEMOA-greedy_multi-HUX', 'Equivalence_Line_19: SMSEMOA-greedy_ting-UX to UNSGA3-greedy_multi-2P', 'Equivalence_Line_20: SMSEMOA-greedy_ting-HUX to AGEMOEA2-greedy_multi-1P', 'Equivalence_Line_21: RVEA-greedy_ting-UX to SMSEMOA-greedy_multi-1P', 'Equivalence_Line_22: SPEA2-greedy_multi-HUX to RVEA-greedy_multi-1P']"
NSGA2-random_dense-UX,140.71147555687278,"['Equivalence_Line_1: SPEA2-random_dense-HUX to SPEA2-greedy_ting-2P', 'Equivalence_Line_2: SMSEMOA-random_dense-HUX to RVEA-random_dense-1P', 'Equivalence_Line_3: NSGA3-random_dense-UX to RVEA-random_dense-2P', 'Equivalence_Line_4: SMSEMOA-random_dense-2P to AGEMOEA2-greedy_ting-UX', 'Equivalence_Line_5: SPEA2-random_dense-1P to AGEMOEA2-greedy_ting-HUX', 'Equivalence_Line_6: SPEA2-random_dense-2P to NSGA3-greedy_ting-2P', 'Equivalence_Line_7: AGEMOEA2-random_dense-UX to UNSGA3-greedy_ting-2P', 'Equivalence_Line_8: SMSEMOA-random_dense-1P to SMSEMOA-greedy_ting-2P', 'Equivalence_Line_9: NSGA3-random_dense-1P to SMSEMOA-greedy_ting-1P', 'Equivalence_Line_10: SPEA2-greedy_ting-2P to SMSEMOA-greedy_ting-HUX', 'Equivalence_Line_11: SPEA2-greedy_ting-1P to RVEA-greedy_ting-HUX', 'Equivalence_Line_12: RVEA-random_dense-1P to RVEA-greedy_ting-2P', 'Equivalence_Line_13: NSGA2-greedy_ting-2P to NSGA2-greedy_multi-UX', 'Equivalence_Line_14: AGEMOEA2-greedy_ting-1P to AGEMOEA2-greedy_multi-HUX', 'Equivalence_Line_15: UNSGA3-greedy_ting-2P to UNSGA3-greedy_multi-UX', 'Equivalence_Line_16: UNSGA3-greedy_ting-1P to UNSGA3-greedy_multi-HUX', 'Equivalence_Line_17: RVEA-random_dense-UX to NSGA2-greedy_multi-1P', 'Equivalence_Line_18: NSGA3-greedy_ting-HUX to SMSEMOA-greedy_multi-HUX', 'Equivalence_Line_19: SMSEMOA-greedy_ting-UX to UNSGA3-greedy_multi-2P', 'Equivalence_Line_20: SMSEMOA-greedy_ting-HUX to AGEMOEA2-greedy_multi-1P', 'Equivalence_Line_21: RVEA-greedy_ting-UX to SMSEMOA-greedy_multi-1P', 'Equivalence_Line_22: SPEA2-greedy_multi-HUX to RVEA-greedy_multi-1P']"
SPEA2-random_dense-1P,140.55892387325554,"['Equivalence_Line_1: SPEA2-random_dense-HUX to SPEA2-greedy_ting-2P', 'Equivalence_Line_2: SMSEMOA-random_dense-HUX to RVEA-random_dense-1P', 'Equivalence_Line_3: NSGA3-random_dense-UX to RVEA-random_dense-2P', 'Equivalence_Line_4: SMSEMOA-random_dense-2P to AGEMOEA2-greedy_ting-UX', 'Equivalence_Line_5: SPEA2-random_dense-1P to AGEMOEA2-greedy_ting-HUX', 'Equivalence_Line_6: SPEA2-random_dense-2P to NSGA3-greedy_ting-2P', 'Equivalence_Line_7: AGEMOEA2-random_dense-UX to UNSGA3-greedy_ting-2P', 'Equivalence_Line_8: SMSEMOA-random_dense-1P to SMSEMOA-greedy_ting-2P', 'Equivalence_Line_9: NSGA3-random_dense-1P to SMSEMOA-greedy_ting-1P', 'Equivalence_Line_10: SPEA2-greedy_ting-2P to SMSEMOA-greedy_ting-HUX', 'Equivalence_Line_11: SPEA2-greedy_ting-1P to RVEA-greedy_ting-HUX', 'Equivalence_Line_12: RVEA-random_dense-1P to RVEA-greedy_ting-2P', 'Equivalence_Line_13: NSGA2-greedy_ting-2P to NSGA2-greedy_multi-UX', 'Equivalence_Line_14: AGEMOEA2-greedy_ting-1P to AGEMOEA2-greedy_multi-HUX', 'Equivalence_Line_15: UNSGA3-greedy_ting-2P to UNSGA3-greedy_multi-UX', 'Equivalence_Line_16: UNSGA3-greedy_ting-1P to UNSGA3-greedy_multi-HUX', 'Equivalence_Line_17: RVEA-random_dense-UX to NSGA2-greedy_multi-1P', 'Equivalence_Line_18: NSGA3-greedy_ting-HUX to SMSEMOA-greedy_multi-HUX', 'Equivalence_Line_19: SMSEMOA-greedy_ting-UX to UNSGA3-greedy_multi-2P', 'Equivalence_Line_20: SMSEMOA-greedy_ting-HUX to AGEMOEA2-greedy_multi-1P', 'Equivalence_Line_21: RVEA-greedy_ting-UX to SMSEMOA-greedy_multi-1P', 'Equivalence_Line_22: SPEA2-greedy_multi-HUX to RVEA-greedy_multi-1P']"
AGEMOEA2-random_dense-HUX,140.26930206318505,"['Equivalence_Line_1: SPEA2-random_dense-HUX to SPEA2-greedy_ting-2P', 'Equivalence_Line_2: SMSEMOA-random_dense-HUX to RVEA-random_dense-1P', 'Equivalence_Line_3: NSGA3-random_dense-UX to RVEA-random_dense-2P', 'Equivalence_Line_4: SMSEMOA-random_dense-2P to AGEMOEA2-greedy_ting-UX', 'Equivalence_Line_5: SPEA2-random_dense-1P to AGEMOEA2-greedy_ting-HUX', 'Equivalence_Line_6: SPEA2-random_dense-2P to NSGA3-greedy_ting-2P', 'Equivalence_Line_7: AGEMOEA2-random_dense-UX to UNSGA3-greedy_ting-2P', 'Equivalence_Line_8: SMSEMOA-random_dense-1P to SMSEMOA-greedy_ting-2P', 'Equivalence_Line_9: NSGA3-random_dense-1P to SMSEMOA-greedy_ting-1P', 'Equivalence_Line_10: SPEA2-greedy_ting-2P to SMSEMOA-greedy_ting-HUX', 'Equivalence_Line_11: SPEA2-greedy_ting-1P to RVEA-greedy_ting-HUX', 'Equivalence_Line_12: RVEA-random_dense-1P to RVEA-greedy_ting-2P', 'Equivalence_Line_13: NSGA2-greedy_ting-2P to NSGA2-greedy_multi-UX', 'Equivalence_Line_14: AGEMOEA2-greedy_ting-1P to AGEMOEA2-greedy_multi-HUX', 'Equivalence_Line_15: UNSGA3-greedy_ting-2P to UNSGA3-greedy_multi-UX', 'Equivalence_Line_16: UNSGA3-greedy_ting-1P to UNSGA3-greedy_multi-HUX', 'Equivalence_Line_17: RVEA-random_dense-UX to NSGA2-greedy_multi-1P', 'Equivalence_Line_18: NSGA3-greedy_ting-HUX to SMSEMOA-greedy_multi-HUX', 'Equivalence_Line_19: SMSEMOA-greedy_ting-UX to UNSGA3-greedy_multi-2P', 'Equivalence_Line_20: SMSEMOA-greedy_ting-HUX to AGEMOEA2-greedy_multi-1P', 'Equivalence_Line_21: RVEA-greedy_ting-UX to SMSEMOA-greedy_multi-1P', 'Equivalence_Line_22: SPEA2-greedy_multi-HUX to RVEA-greedy_multi-1P']"
SPEA2-random_dense-2P,139.61785801564028,"['Equivalence_Line_1: SPEA2-random_dense-HUX to SPEA2-greedy_ting-2P', 'Equivalence_Line_2: SMSEMOA-random_dense-HUX to RVEA-random_dense-1P', 'Equivalence_Line_3: NSGA3-random_dense-UX to RVEA-random_dense-2P', 'Equivalence_Line_4: SMSEMOA-random_dense-2P to AGEMOEA2-greedy_ting-UX', 'Equivalence_Line_5: SPEA2-random_dense-1P to AGEMOEA2-greedy_ting-HUX', 'Equivalence_Line_6: SPEA2-random_dense-2P to NSGA3-greedy_ting-2P', 'Equivalence_Line_7: AGEMOEA2-random_dense-UX to UNSGA3-greedy_ting-2P', 'Equivalence_Line_8: SMSEMOA-random_dense-1P to SMSEMOA-greedy_ting-2P', 'Equivalence_Line_9: NSGA3-random_dense-1P to SMSEMOA-greedy_ting-1P', 'Equivalence_Line_10: SPEA2-greedy_ting-2P to SMSEMOA-greedy_ting-HUX', 'Equivalence_Line_11: SPEA2-greedy_ting-1P to RVEA-greedy_ting-HUX', 'Equivalence_Line_12: RVEA-random_dense-1P to RVEA-greedy_ting-2P', 'Equivalence_Line_13: NSGA2-greedy_ting-2P to NSGA2-greedy_multi-UX', 'Equivalence_Line_14: AGEMOEA2-greedy_ting-1P to AGEMOEA2-greedy_multi-HUX', 'Equivalence_Line_15: UNSGA3-greedy_ting-2P to UNSGA3-greedy_multi-UX', 'Equivalence_Line_16: UNSGA3-greedy_ting-1P to UNSGA3-greedy_multi-HUX', 'Equivalence_Line_17: RVEA-random_dense-UX to NSGA2-greedy_multi-1P', 'Equivalence_Line_18: NSGA3-greedy_ting-HUX to SMSEMOA-greedy_multi-HUX', 'Equivalence_Line_19: SMSEMOA-greedy_ting-UX to UNSGA3-greedy_multi-2P', 'Equivalence_Line_20: SMSEMOA-greedy_ting-HUX to AGEMOEA2-greedy_multi-1P', 'Equivalence_Line_21: RVEA-greedy_ting-UX to SMSEMOA-greedy_multi-1P', 'Equivalence_Line_22: SPEA2-greedy_multi-HUX to RVEA-greedy_multi-1P']"
AGEMOEA2-random_dense-UX,139.36123091761817,"['Equivalence_Line_1: SPEA2-random_dense-HUX to SPEA2-greedy_ting-2P', 'Equivalence_Line_2: SMSEMOA-random_dense-HUX to RVEA-random_dense-1P', 'Equivalence_Line_3: NSGA3-random_dense-UX to RVEA-random_dense-2P', 'Equivalence_Line_4: SMSEMOA-random_dense-2P to AGEMOEA2-greedy_ting-UX', 'Equivalence_Line_5: SPEA2-random_dense-1P to AGEMOEA2-greedy_ting-HUX', 'Equivalence_Line_6: SPEA2-random_dense-2P to NSGA3-greedy_ting-2P', 'Equivalence_Line_7: AGEMOEA2-random_dense-UX to UNSGA3-greedy_ting-2P', 'Equivalence_Line_8: SMSEMOA-random_dense-1P to SMSEMOA-greedy_ting-2P', 'Equivalence_Line_9: NSGA3-random_dense-1P to SMSEMOA-greedy_ting-1P', 'Equivalence_Line_10: SPEA2-greedy_ting-2P to SMSEMOA-greedy_ting-HUX', 'Equivalence_Line_11: SPEA2-greedy_ting-1P to RVEA-greedy_ting-HUX', 'Equivalence_Line_12: RVEA-random_dense-1P to RVEA-greedy_ting-2P', 'Equivalence_Line_13: NSGA2-greedy_ting-2P to NSGA2-greedy_multi-UX', 'Equivalence_Line_14: AGEMOEA2-greedy_ting-1P to AGEMOEA2-greedy_multi-HUX', 'Equivalence_Line_15: UNSGA3-greedy_ting-2P to UNSGA3-greedy_multi-UX', 'Equivalence_Line_16: UNSGA3-greedy_ting-1P to UNSGA3-greedy_multi-HUX', 'Equivalence_Line_17: RVEA-random_dense-UX to NSGA2-greedy_multi-1P', 'Equivalence_Line_18: NSGA3-greedy_ting-HUX to SMSEMOA-greedy_multi-HUX', 'Equivalence_Line_19: SMSEMOA-greedy_ting-UX to UNSGA3-greedy_multi-2P', 'Equivalence_Line_20: SMSEMOA-greedy_ting-HUX to AGEMOEA2-greedy_multi-1P', 'Equivalence_Line_21: RVEA-greedy_ting-UX to SMSEMOA-greedy_multi-1P', 'Equivalence_Line_22: SPEA2-greedy_multi-HUX to RVEA-greedy_multi-1P']"
SMSEMOA-random_dense-1P,138.41003093505603,"['Equivalence_Line_1: SPEA2-random_dense-HUX to SPEA2-greedy_ting-2P', 'Equivalence_Line_2: SMSEMOA-random_dense-HUX to RVEA-random_dense-1P', 'Equivalence_Line_3: NSGA3-random_dense-UX to RVEA-random_dense-2P', 'Equivalence_Line_4: SMSEMOA-random_dense-2P to AGEMOEA2-greedy_ting-UX', 'Equivalence_Line_5: SPEA2-random_dense-1P to AGEMOEA2-greedy_ting-HUX', 'Equivalence_Line_6: SPEA2-random_dense-2P to NSGA3-greedy_ting-2P', 'Equivalence_Line_7: AGEMOEA2-random_dense-UX to UNSGA3-greedy_ting-2P', 'Equivalence_Line_8: SMSEMOA-random_dense-1P to SMSEMOA-greedy_ting-2P', 'Equivalence_Line_9: NSGA3-random_dense-1P to SMSEMOA-greedy_ting-1P', 'Equivalence_Line_10: SPEA2-greedy_ting-2P to SMSEMOA-greedy_ting-HUX', 'Equivalence_Line_11: SPEA2-greedy_ting-1P to RVEA-greedy_ting-HUX', 'Equivalence_Line_12: RVEA-random_dense-1P to RVEA-greedy_ting-2P', 'Equivalence_Line_13: NSGA2-greedy_ting-2P to NSGA2-greedy_multi-UX', 'Equivalence_Line_14: AGEMOEA2-greedy_ting-1P to AGEMOEA2-greedy_multi-HUX', 'Equivalence_Line_15: UNSGA3-greedy_ting-2P to UNSGA3-greedy_multi-UX', 'Equivalence_Line_16: UNSGA3-greedy_ting-1P to UNSGA3-greedy_multi-HUX', 'Equivalence_Line_17: RVEA-random_dense-UX to NSGA2-greedy_multi-1P', 'Equivalence_Line_18: NSGA3-greedy_ting-HUX to SMSEMOA-greedy_multi-HUX', 'Equivalence_Line_19: SMSEMOA-greedy_ting-UX to UNSGA3-greedy_multi-2P', 'Equivalence_Line_20: SMSEMOA-greedy_ting-HUX to AGEMOEA2-greedy_multi-1P', 'Equivalence_Line_21: RVEA-greedy_ting-UX to SMSEMOA-greedy_multi-1P', 'Equivalence_Line_22: SPEA2-greedy_multi-HUX to RVEA-greedy_multi-1P']"
NSGA2-random_dense-2P,137.59391328514886,"['Equivalence_Line_1: SPEA2-random_dense-HUX to SPEA2-greedy_ting-2P', 'Equivalence_Line_2: SMSEMOA-random_dense-HUX to RVEA-random_dense-1P', 'Equivalence_Line_3: NSGA3-random_dense-UX to RVEA-random_dense-2P', 'Equivalence_Line_4: SMSEMOA-random_dense-2P to AGEMOEA2-greedy_ting-UX', 'Equivalence_Line_5: SPEA2-random_dense-1P to AGEMOEA2-greedy_ting-HUX', 'Equivalence_Line_6: SPEA2-random_dense-2P to NSGA3-greedy_ting-2P', 'Equivalence_Line_7: AGEMOEA2-random_dense-UX to UNSGA3-greedy_ting-2P', 'Equivalence_Line_8: SMSEMOA-random_dense-1P to SMSEMOA-greedy_ting-2P', 'Equivalence_Line_9: NSGA3-random_dense-1P to SMSEMOA-greedy_ting-1P', 'Equivalence_Line_10: SPEA2-greedy_ting-2P to SMSEMOA-greedy_ting-HUX', 'Equivalence_Line_11: SPEA2-greedy_ting-1P to RVEA-greedy_ting-HUX', 'Equivalence_Line_12: RVEA-random_dense-1P to RVEA-greedy_ting-2P', 'Equivalence_Line_13: NSGA2-greedy_ting-2P to NSGA2-greedy_multi-UX', 'Equivalence_Line_14: AGEMOEA2-greedy_ting-1P to AGEMOEA2-greedy_multi-HUX', 'Equivalence_Line_15: UNSGA3-greedy_ting-2P to UNSGA3-greedy_multi-UX', 'Equivalence_Line_16: UNSGA3-greedy_ting-1P to UNSGA3-greedy_multi-HUX', 'Equivalence_Line_17: RVEA-random_dense-UX to NSGA2-greedy_multi-1P', 'Equivalence_Line_18: NSGA3-greedy_ting-HUX to SMSEMOA-greedy_multi-HUX', 'Equivalence_Line_19: SMSEMOA-greedy_ting-UX to UNSGA3-greedy_multi-2P', 'Equivalence_Line_20: SMSEMOA-greedy_ting-HUX to AGEMOEA2-greedy_multi-1P', 'Equivalence_Line_21: RVEA-greedy_ting-UX to SMSEMOA-greedy_multi-1P', 'Equivalence_Line_22: SPEA2-greedy_multi-HUX to RVEA-greedy_multi-1P']"
NSGA2-random_dense-1P,137.2866960384352,"['Equivalence_Line_1: SPEA2-random_dense-HUX to SPEA2-greedy_ting-2P', 'Equivalence_Line_2: SMSEMOA-random_dense-HUX to RVEA-random_dense-1P', 'Equivalence_Line_3: NSGA3-random_dense-UX to RVEA-random_dense-2P', 'Equivalence_Line_4: SMSEMOA-random_dense-2P to AGEMOEA2-greedy_ting-UX', 'Equivalence_Line_5: SPEA2-random_dense-1P to AGEMOEA2-greedy_ting-HUX', 'Equivalence_Line_6: SPEA2-random_dense-2P to NSGA3-greedy_ting-2P', 'Equivalence_Line_7: AGEMOEA2-random_dense-UX to UNSGA3-greedy_ting-2P', 'Equivalence_Line_8: SMSEMOA-random_dense-1P to SMSEMOA-greedy_ting-2P', 'Equivalence_Line_9: NSGA3-random_dense-1P to SMSEMOA-greedy_ting-1P', 'Equivalence_Line_10: SPEA2-greedy_ting-2P to SMSEMOA-greedy_ting-HUX', 'Equivalence_Line_11: SPEA2-greedy_ting-1P to RVEA-greedy_ting-HUX', 'Equivalence_Line_12: RVEA-random_dense-1P to RVEA-greedy_ting-2P', 'Equivalence_Line_13: NSGA2-greedy_ting-2P to NSGA2-greedy_multi-UX', 'Equivalence_Line_14: AGEMOEA2-greedy_ting-1P to AGEMOEA2-greedy_multi-HUX', 'Equivalence_Line_15: UNSGA3-greedy_ting-2P to UNSGA3-greedy_multi-UX', 'Equivalence_Line_16: UNSGA3-greedy_ting-1P to UNSGA3-greedy_multi-HUX', 'Equivalence_Line_17: RVEA-random_dense-UX to NSGA2-greedy_multi-1P', 'Equivalence_Line_18: NSGA3-greedy_ting-HUX to SMSEMOA-greedy_multi-HUX', 'Equivalence_Line_19: SMSEMOA-greedy_ting-UX to UNSGA3-greedy_multi-2P', 'Equivalence_Line_20: SMSEMOA-greedy_ting-HUX to AGEMOEA2-greedy_multi-1P', 'Equivalence_Line_21: RVEA-greedy_ting-UX to SMSEMOA-greedy_multi-1P', 'Equivalence_Line_22: SPEA2-greedy_multi-HUX to RVEA-greedy_multi-1P']"
NSGA3-random_dense-2P,136.89468745722093,"['Equivalence_Line_1: SPEA2-random_dense-HUX to SPEA2-greedy_ting-2P', 'Equivalence_Line_2: SMSEMOA-random_dense-HUX to RVEA-random_dense-1P', 'Equivalence_Line_3: NSGA3-random_dense-UX to RVEA-random_dense-2P', 'Equivalence_Line_4: SMSEMOA-random_dense-2P to AGEMOEA2-greedy_ting-UX', 'Equivalence_Line_5: SPEA2-random_dense-1P to AGEMOEA2-greedy_ting-HUX', 'Equivalence_Line_6: SPEA2-random_dense-2P to NSGA3-greedy_ting-2P', 'Equivalence_Line_7: AGEMOEA2-random_dense-UX to UNSGA3-greedy_ting-2P', 'Equivalence_Line_8: SMSEMOA-random_dense-1P to SMSEMOA-greedy_ting-2P', 'Equivalence_Line_9: NSGA3-random_dense-1P to SMSEMOA-greedy_ting-1P', 'Equivalence_Line_10: SPEA2-greedy_ting-2P to SMSEMOA-greedy_ting-HUX', 'Equivalence_Line_11: SPEA2-greedy_ting-1P to RVEA-greedy_ting-HUX', 'Equivalence_Line_12: RVEA-random_dense-1P to RVEA-greedy_ting-2P', 'Equivalence_Line_13: NSGA2-greedy_ting-2P to NSGA2-greedy_multi-UX', 'Equivalence_Line_14: AGEMOEA2-greedy_ting-1P to AGEMOEA2-greedy_multi-HUX', 'Equivalence_Line_15: UNSGA3-greedy_ting-2P to UNSGA3-greedy_multi-UX', 'Equivalence_Line_16: UNSGA3-greedy_ting-1P to UNSGA3-greedy_multi-HUX', 'Equivalence_Line_17: RVEA-random_dense-UX to NSGA2-greedy_multi-1P', 'Equivalence_Line_18: NSGA3-greedy_ting-HUX to SMSEMOA-greedy_multi-HUX', 'Equivalence_Line_19: SMSEMOA-greedy_ting-UX to UNSGA3-greedy_multi-2P', 'Equivalence_Line_20: SMSEMOA-greedy_ting-HUX to AGEMOEA2-greedy_multi-1P', 'Equivalence_Line_21: RVEA-greedy_ting-UX to SMSEMOA-greedy_multi-1P', 'Equivalence_Line_22: SPEA2-greedy_multi-HUX to RVEA-greedy_multi-1P']"
UNSGA3-random_dense-2P,136.26319875738153,"['Equivalence_Line_1: SPEA2-random_dense-HUX to SPEA2-greedy_ting-2P', 'Equivalence_Line_2: SMSEMOA-random_dense-HUX to RVEA-random_dense-1P', 'Equivalence_Line_3: NSGA3-random_dense-UX to RVEA-random_dense-2P', 'Equivalence_Line_4: SMSEMOA-random_dense-2P to AGEMOEA2-greedy_ting-UX', 'Equivalence_Line_5: SPEA2-random_dense-1P to AGEMOEA2-greedy_ting-HUX', 'Equivalence_Line_6: SPEA2-random_dense-2P to NSGA3-greedy_ting-2P', 'Equivalence_Line_7: AGEMOEA2-random_dense-UX to UNSGA3-greedy_ting-2P', 'Equivalence_Line_8: SMSEMOA-random_dense-1P to SMSEMOA-greedy_ting-2P', 'Equivalence_Line_9: NSGA3-random_dense-1P to SMSEMOA-greedy_ting-1P', 'Equivalence_Line_10: SPEA2-greedy_ting-2P to SMSEMOA-greedy_ting-HUX', 'Equivalence_Line_11: SPEA2-greedy_ting-1P to RVEA-greedy_ting-HUX', 'Equivalence_Line_12: RVEA-random_dense-1P to RVEA-greedy_ting-2P', 'Equivalence_Line_13: NSGA2-greedy_ting-2P to NSGA2-greedy_multi-UX', 'Equivalence_Line_14: AGEMOEA2-greedy_ting-1P to AGEMOEA2-greedy_multi-HUX', 'Equivalence_Line_15: UNSGA3-greedy_ting-2P to UNSGA3-greedy_multi-UX', 'Equivalence_Line_16: UNSGA3-greedy_ting-1P to UNSGA3-greedy_multi-HUX', 'Equivalence_Line_17: RVEA-random_dense-UX to NSGA2-greedy_multi-1P', 'Equivalence_Line_18: NSGA3-greedy_ting-HUX to SMSEMOA-greedy_multi-HUX', 'Equivalence_Line_19: SMSEMOA-greedy_ting-UX to UNSGA3-greedy_multi-2P', 'Equivalence_Line_20: SMSEMOA-greedy_ting-HUX to AGEMOEA2-greedy_multi-1P', 'Equivalence_Line_21: RVEA-greedy_ting-UX to SMSEMOA-greedy_multi-1P', 'Equivalence_Line_22: SPEA2-greedy_multi-HUX to RVEA-greedy_multi-1P']"
NSGA3-random_dense-1P,135.41379845285553,"['Equivalence_Line_1: SPEA2-random_dense-HUX to SPEA2-greedy_ting-2P', 'Equivalence_Line_2: SMSEMOA-random_dense-HUX to RVEA-random_dense-1P', 'Equivalence_Line_3: NSGA3-random_dense-UX to RVEA-random_dense-2P', 'Equivalence_Line_4: SMSEMOA-random_dense-2P to AGEMOEA2-greedy_ting-UX', 'Equivalence_Line_5: SPEA2-random_dense-1P to AGEMOEA2-greedy_ting-HUX', 'Equivalence_Line_6: SPEA2-random_dense-2P to NSGA3-greedy_ting-2P', 'Equivalence_Line_7: AGEMOEA2-random_dense-UX to UNSGA3-greedy_ting-2P', 'Equivalence_Line_8: SMSEMOA-random_dense-1P to SMSEMOA-greedy_ting-2P', 'Equivalence_Line_9: NSGA3-random_dense-1P to SMSEMOA-greedy_ting-1P', 'Equivalence_Line_10: SPEA2-greedy_ting-2P to SMSEMOA-greedy_ting-HUX', 'Equivalence_Line_11: SPEA2-greedy_ting-1P to RVEA-greedy_ting-HUX', 'Equivalence_Line_12: RVEA-random_dense-1P to RVEA-greedy_ting-2P', 'Equivalence_Line_13: NSGA2-greedy_ting-2P to NSGA2-greedy_multi-UX', 'Equivalence_Line_14: AGEMOEA2-greedy_ting-1P to AGEMOEA2-greedy_multi-HUX', 'Equivalence_Line_15: UNSGA3-greedy_ting-2P to UNSGA3-greedy_multi-UX', 'Equivalence_Line_16: UNSGA3-greedy_ting-1P to UNSGA3-greedy_multi-HUX', 'Equivalence_Line_17: RVEA-random_dense-UX to NSGA2-greedy_multi-1P', 'Equivalence_Line_18: NSGA3-greedy_ting-HUX to SMSEMOA-greedy_multi-HUX', 'Equivalence_Line_19: SMSEMOA-greedy_ting-UX to UNSGA3-greedy_multi-2P', 'Equivalence_Line_20: SMSEMOA-greedy_ting-HUX to AGEMOEA2-greedy_multi-1P', 'Equivalence_Line_21: RVEA-greedy_ting-UX to SMSEMOA-greedy_multi-1P', 'Equivalence_Line_22: SPEA2-greedy_multi-HUX to RVEA-greedy_multi-1P']"
UNSGA3-random_dense-1P,134.28994671283175,"['Equivalence_Line_1: SPEA2-random_dense-HUX to SPEA2-greedy_ting-2P', 'Equivalence_Line_2: SMSEMOA-random_dense-HUX to RVEA-random_dense-1P', 'Equivalence_Line_3: NSGA3-random_dense-UX to RVEA-random_dense-2P', 'Equivalence_Line_4: SMSEMOA-random_dense-2P to AGEMOEA2-greedy_ting-UX', 'Equivalence_Line_5: SPEA2-random_dense-1P to AGEMOEA2-greedy_ting-HUX', 'Equivalence_Line_6: SPEA2-random_dense-2P to NSGA3-greedy_ting-2P', 'Equivalence_Line_7: AGEMOEA2-random_dense-UX to UNSGA3-greedy_ting-2P', 'Equivalence_Line_8: SMSEMOA-random_dense-1P to SMSEMOA-greedy_ting-2P', 'Equivalence_Line_9: NSGA3-random_dense-1P to SMSEMOA-greedy_ting-1P', 'Equivalence_Line_10: SPEA2-greedy_ting-2P to SMSEMOA-greedy_ting-HUX', 'Equivalence_Line_11: SPEA2-greedy_ting-1P to RVEA-greedy_ting-HUX', 'Equivalence_Line_12: RVEA-random_dense-1P to RVEA-greedy_ting-2P', 'Equivalence_Line_13: NSGA2-greedy_ting-2P to NSGA2-greedy_multi-UX', 'Equivalence_Line_14: AGEMOEA2-greedy_ting-1P to AGEMOEA2-greedy_multi-HUX', 'Equivalence_Line_15: UNSGA3-greedy_ting-2P to UNSGA3-greedy_multi-UX', 'Equivalence_Line_16: UNSGA3-greedy_ting-1P to UNSGA3-greedy_multi-HUX', 'Equivalence_Line_17: RVEA-random_dense-UX to NSGA2-greedy_multi-1P', 'Equivalence_Line_18: NSGA3-greedy_ting-HUX to SMSEMOA-greedy_multi-HUX', 'Equivalence_Line_19: SMSEMOA-greedy_ting-UX to UNSGA3-greedy_multi-2P', 'Equivalence_Line_20: SMSEMOA-greedy_ting-HUX to AGEMOEA2-greedy_multi-1P', 'Equivalence_Line_21: RVEA-greedy_ting-UX to SMSEMOA-greedy_multi-1P', 'Equivalence_Line_22: SPEA2-greedy_multi-HUX to RVEA-greedy_multi-1P']"
AGEMOEA2-random_dense-2P,133.53155404421705,"['Equivalence_Line_1: SPEA2-random_dense-HUX to SPEA2-greedy_ting-2P', 'Equivalence_Line_2: SMSEMOA-random_dense-HUX to RVEA-random_dense-1P', 'Equivalence_Line_3: NSGA3-random_dense-UX to RVEA-random_dense-2P', 'Equivalence_Line_4: SMSEMOA-random_dense-2P to AGEMOEA2-greedy_ting-UX', 'Equivalence_Line_5: SPEA2-random_dense-1P to AGEMOEA2-greedy_ting-HUX', 'Equivalence_Line_6: SPEA2-random_dense-2P to NSGA3-greedy_ting-2P', 'Equivalence_Line_7: AGEMOEA2-random_dense-UX to UNSGA3-greedy_ting-2P', 'Equivalence_Line_8: SMSEMOA-random_dense-1P to SMSEMOA-greedy_ting-2P', 'Equivalence_Line_9: NSGA3-random_dense-1P to SMSEMOA-greedy_ting-1P', 'Equivalence_Line_10: SPEA2-greedy_ting-2P to SMSEMOA-greedy_ting-HUX', 'Equivalence_Line_11: SPEA2-greedy_ting-1P to RVEA-greedy_ting-HUX', 'Equivalence_Line_12: RVEA-random_dense-1P to RVEA-greedy_ting-2P', 'Equivalence_Line_13: NSGA2-greedy_ting-2P to NSGA2-greedy_multi-UX', 'Equivalence_Line_14: AGEMOEA2-greedy_ting-1P to AGEMOEA2-greedy_multi-HUX', 'Equivalence_Line_15: UNSGA3-greedy_ting-2P to UNSGA3-greedy_multi-UX', 'Equivalence_Line_16: UNSGA3-greedy_ting-1P to UNSGA3-greedy_multi-HUX', 'Equivalence_Line_17: RVEA-random_dense-UX to NSGA2-greedy_multi-1P', 'Equivalence_Line_18: NSGA3-greedy_ting-HUX to SMSEMOA-greedy_multi-HUX', 'Equivalence_Line_19: SMSEMOA-greedy_ting-UX to UNSGA3-greedy_multi-2P', 'Equivalence_Line_20: SMSEMOA-greedy_ting-HUX to AGEMOEA2-greedy_multi-1P', 'Equivalence_Line_21: RVEA-greedy_ting-UX to SMSEMOA-greedy_multi-1P', 'Equivalence_Line_22: SPEA2-greedy_multi-HUX to RVEA-greedy_multi-1P']"
AGEMOEA2-random_dense-1P,133.09307496724276,"['Equivalence_Line_1: SPEA2-random_dense-HUX to SPEA2-greedy_ting-2P', 'Equivalence_Line_2: SMSEMOA-random_dense-HUX to RVEA-random_dense-1P', 'Equivalence_Line_3: NSGA3-random_dense-UX to RVEA-random_dense-2P', 'Equivalence_Line_4: SMSEMOA-random_dense-2P to AGEMOEA2-greedy_ting-UX', 'Equivalence_Line_5: SPEA2-random_dense-1P to AGEMOEA2-greedy_ting-HUX', 'Equivalence_Line_6: SPEA2-random_dense-2P to NSGA3-greedy_ting-2P', 'Equivalence_Line_7: AGEMOEA2-random_dense-UX to UNSGA3-greedy_ting-2P', 'Equivalence_Line_8: SMSEMOA-random_dense-1P to SMSEMOA-greedy_ting-2P', 'Equivalence_Line_9: NSGA3-random_dense-1P to SMSEMOA-greedy_ting-1P', 'Equivalence_Line_10: SPEA2-greedy_ting-2P to SMSEMOA-greedy_ting-HUX', 'Equivalence_Line_11: SPEA2-greedy_ting-1P to RVEA-greedy_ting-HUX', 'Equivalence_Line_12: RVEA-random_dense-1P to RVEA-greedy_ting-2P', 'Equivalence_Line_13: NSGA2-greedy_ting-2P to NSGA2-greedy_multi-UX', 'Equivalence_Line_14: AGEMOEA2-greedy_ting-1P to AGEMOEA2-greedy_multi-HUX', 'Equivalence_Line_15: UNSGA3-greedy_ting-2P to UNSGA3-greedy_multi-UX', 'Equivalence_Line_16: UNSGA3-greedy_ting-1P to UNSGA3-greedy_multi-HUX', 'Equivalence_Line_17: RVEA-random_dense-UX to NSGA2-greedy_multi-1P', 'Equivalence_Line_18: NSGA3-greedy_ting-HUX to SMSEMOA-greedy_multi-HUX', 'Equivalence_Line_19: SMSEMOA-greedy_ting-UX to UNSGA3-greedy_multi-2P', 'Equivalence_Line_20: SMSEMOA-greedy_ting-HUX to AGEMOEA2-greedy_multi-1P', 'Equivalence_Line_21: RVEA-greedy_ting-UX to SMSEMOA-greedy_multi-1P', 'Equivalence_Line_22: SPEA2-greedy_multi-HUX to RVEA-greedy_multi-1P']"
SPEA2-greedy_ting-2P,109.29036430710676,"['Equivalence_Line_1: SPEA2-random_dense-HUX to SPEA2-greedy_ting-2P', 'Equivalence_Line_2: SMSEMOA-random_dense-HUX to RVEA-random_dense-1P', 'Equivalence_Line_3: NSGA3-random_dense-UX to RVEA-random_dense-2P', 'Equivalence_Line_4: SMSEMOA-random_dense-2P to AGEMOEA2-greedy_ting-UX', 'Equivalence_Line_5: SPEA2-random_dense-1P to AGEMOEA2-greedy_ting-HUX', 'Equivalence_Line_6: SPEA2-random_dense-2P to NSGA3-greedy_ting-2P', 'Equivalence_Line_7: AGEMOEA2-random_dense-UX to UNSGA3-greedy_ting-2P', 'Equivalence_Line_8: SMSEMOA-random_dense-1P to SMSEMOA-greedy_ting-2P', 'Equivalence_Line_9: NSGA3-random_dense-1P to SMSEMOA-greedy_ting-1P', 'Equivalence_Line_10: SPEA2-greedy_ting-2P to SMSEMOA-greedy_ting-HUX', 'Equivalence_Line_11: SPEA2-greedy_ting-1P to RVEA-greedy_ting-HUX', 'Equivalence_Line_12: RVEA-random_dense-1P to RVEA-greedy_ting-2P', 'Equivalence_Line_13: NSGA2-greedy_ting-2P to NSGA2-greedy_multi-UX', 'Equivalence_Line_14: AGEMOEA2-greedy_ting-1P to AGEMOEA2-greedy_multi-HUX', 'Equivalence_Line_15: UNSGA3-greedy_ting-2P to UNSGA3-greedy_multi-UX', 'Equivalence_Line_16: UNSGA3-greedy_ting-1P to UNSGA3-greedy_multi-HUX', 'Equivalence_Line_17: RVEA-random_dense-UX to NSGA2-greedy_multi-1P', 'Equivalence_Line_18: NSGA3-greedy_ting-HUX to SMSEMOA-greedy_multi-HUX', 'Equivalence_Line_19: SMSEMOA-greedy_ting-UX to UNSGA3-greedy_multi-2P', 'Equivalence_Line_20: SMSEMOA-greedy_ting-HUX to AGEMOEA2-greedy_multi-1P', 'Equivalence_Line_21: RVEA-greedy_ting-UX to SMSEMOA-greedy_multi-1P', 'Equivalence_Line_22: SPEA2-greedy_multi-HUX to RVEA-greedy_multi-1P']"
SPEA2-greedy_ting-1P,107.05842562550696,"['Equivalence_Line_1: SPEA2-random_dense-HUX to SPEA2-greedy_ting-2P', 'Equivalence_Line_2: SMSEMOA-random_dense-HUX to RVEA-random_dense-1P', 'Equivalence_Line_3: NSGA3-random_dense-UX to RVEA-random_dense-2P', 'Equivalence_Line_4: SMSEMOA-random_dense-2P to AGEMOEA2-greedy_ting-UX', 'Equivalence_Line_5: SPEA2-random_dense-1P to AGEMOEA2-greedy_ting-HUX', 'Equivalence_Line_6: SPEA2-random_dense-2P to NSGA3-greedy_ting-2P', 'Equivalence_Line_7: AGEMOEA2-random_dense-UX to UNSGA3-greedy_ting-2P', 'Equivalence_Line_8: SMSEMOA-random_dense-1P to SMSEMOA-greedy_ting-2P', 'Equivalence_Line_9: NSGA3-random_dense-1P to SMSEMOA-greedy_ting-1P', 'Equivalence_Line_10: SPEA2-greedy_ting-2P to SMSEMOA-greedy_ting-HUX', 'Equivalence_Line_11: SPEA2-greedy_ting-1P to RVEA-greedy_ting-HUX', 'Equivalence_Line_12: RVEA-random_dense-1P to RVEA-greedy_ting-2P', 'Equivalence_Line_13: NSGA2-greedy_ting-2P to NSGA2-greedy_multi-UX', 'Equivalence_Line_14: AGEMOEA2-greedy_ting-1P to AGEMOEA2-greedy_multi-HUX', 'Equivalence_Line_15: UNSGA3-greedy_ting-2P to UNSGA3-greedy_multi-UX', 'Equivalence_Line_16: UNSGA3-greedy_ting-1P to UNSGA3-greedy_multi-HUX', 'Equivalence_Line_17: RVEA-random_dense-UX to NSGA2-greedy_multi-1P', 'Equivalence_Line_18: NSGA3-greedy_ting-HUX to SMSEMOA-greedy_multi-HUX', 'Equivalence_Line_19: SMSEMOA-greedy_ting-UX to UNSGA3-greedy_multi-2P', 'Equivalence_Line_20: SMSEMOA-greedy_ting-HUX to AGEMOEA2-greedy_multi-1P', 'Equivalence_Line_21: RVEA-greedy_ting-UX to SMSEMOA-greedy_multi-1P', 'Equivalence_Line_22: SPEA2-greedy_multi-HUX to RVEA-greedy_multi-1P']"
SPEA2-greedy_ting-UX,105.32085452153657,"['Equivalence_Line_1: SPEA2-random_dense-HUX to SPEA2-greedy_ting-2P', 'Equivalence_Line_2: SMSEMOA-random_dense-HUX to RVEA-random_dense-1P', 'Equivalence_Line_3: NSGA3-random_dense-UX to RVEA-random_dense-2P', 'Equivalence_Line_4: SMSEMOA-random_dense-2P to AGEMOEA2-greedy_ting-UX', 'Equivalence_Line_5: SPEA2-random_dense-1P to AGEMOEA2-greedy_ting-HUX', 'Equivalence_Line_6: SPEA2-random_dense-2P to NSGA3-greedy_ting-2P', 'Equivalence_Line_7: AGEMOEA2-random_dense-UX to UNSGA3-greedy_ting-2P', 'Equivalence_Line_8: SMSEMOA-random_dense-1P to SMSEMOA-greedy_ting-2P', 'Equivalence_Line_9: NSGA3-random_dense-1P to SMSEMOA-greedy_ting-1P', 'Equivalence_Line_10: SPEA2-greedy_ting-2P to SMSEMOA-greedy_ting-HUX', 'Equivalence_Line_11: SPEA2-greedy_ting-1P to RVEA-greedy_ting-HUX', 'Equivalence_Line_12: RVEA-random_dense-1P to RVEA-greedy_ting-2P', 'Equivalence_Line_13: NSGA2-greedy_ting-2P to NSGA2-greedy_multi-UX', 'Equivalence_Line_14: AGEMOEA2-greedy_ting-1P to AGEMOEA2-greedy_multi-HUX', 'Equivalence_Line_15: UNSGA3-greedy_ting-2P to UNSGA3-greedy_multi-UX', 'Equivalence_Line_16: UNSGA3-greedy_ting-1P to UNSGA3-greedy_multi-HUX', 'Equivalence_Line_17: RVEA-random_dense-UX to NSGA2-greedy_multi-1P', 'Equivalence_Line_18: NSGA3-greedy_ting-HUX to SMSEMOA-greedy_multi-HUX', 'Equivalence_Line_19: SMSEMOA-greedy_ting-UX to UNSGA3-greedy_multi-2P', 'Equivalence_Line_20: SMSEMOA-greedy_ting-HUX to AGEMOEA2-greedy_multi-1P', 'Equivalence_Line_21: RVEA-greedy_ting-UX to SMSEMOA-greedy_multi-1P', 'Equivalence_Line_22: SPEA2-greedy_multi-HUX to RVEA-greedy_multi-1P']"
SPEA2-greedy_ting-HUX,105.2696157265864,"['Equivalence_Line_1: SPEA2-random_dense-HUX to SPEA2-greedy_ting-2P', 'Equivalence_Line_2: SMSEMOA-random_dense-HUX to RVEA-random_dense-1P', 'Equivalence_Line_3: NSGA3-random_dense-UX to RVEA-random_dense-2P', 'Equivalence_Line_4: SMSEMOA-random_dense-2P to AGEMOEA2-greedy_ting-UX', 'Equivalence_Line_5: SPEA2-random_dense-1P to AGEMOEA2-greedy_ting-HUX', 'Equivalence_Line_6: SPEA2-random_dense-2P to NSGA3-greedy_ting-2P', 'Equivalence_Line_7: AGEMOEA2-random_dense-UX to UNSGA3-greedy_ting-2P', 'Equivalence_Line_8: SMSEMOA-random_dense-1P to SMSEMOA-greedy_ting-2P', 'Equivalence_Line_9: NSGA3-random_dense-1P to SMSEMOA-greedy_ting-1P', 'Equivalence_Line_10: SPEA2-greedy_ting-2P to SMSEMOA-greedy_ting-HUX', 'Equivalence_Line_11: SPEA2-greedy_ting-1P to RVEA-greedy_ting-HUX', 'Equivalence_Line_12: RVEA-random_dense-1P to RVEA-greedy_ting-2P', 'Equivalence_Line_13: NSGA2-greedy_ting-2P to NSGA2-greedy_multi-UX', 'Equivalence_Line_14: AGEMOEA2-greedy_ting-1P to AGEMOEA2-greedy_multi-HUX', 'Equivalence_Line_15: UNSGA3-greedy_ting-2P to UNSGA3-greedy_multi-UX', 'Equivalence_Line_16: UNSGA3-greedy_ting-1P to UNSGA3-greedy_multi-HUX', 'Equivalence_Line_17: RVEA-random_dense-UX to NSGA2-greedy_multi-1P', 'Equivalence_Line_18: NSGA3-greedy_ting-HUX to SMSEMOA-greedy_multi-HUX', 'Equivalence_Line_19: SMSEMOA-greedy_ting-UX to UNSGA3-greedy_multi-2P', 'Equivalence_Line_20: SMSEMOA-greedy_ting-HUX to AGEMOEA2-greedy_multi-1P', 'Equivalence_Line_21: RVEA-greedy_ting-UX to SMSEMOA-greedy_multi-1P', 'Equivalence_Line_22: SPEA2-greedy_multi-HUX to RVEA-greedy_multi-1P']"
RVEA-random_dense-1P,103.08155697175317,"['Equivalence_Line_1: SPEA2-random_dense-HUX to SPEA2-greedy_ting-2P', 'Equivalence_Line_2: SMSEMOA-random_dense-HUX to RVEA-random_dense-1P', 'Equivalence_Line_3: NSGA3-random_dense-UX to RVEA-random_dense-2P', 'Equivalence_Line_4: SMSEMOA-random_dense-2P to AGEMOEA2-greedy_ting-UX', 'Equivalence_Line_5: SPEA2-random_dense-1P to AGEMOEA2-greedy_ting-HUX', 'Equivalence_Line_6: SPEA2-random_dense-2P to NSGA3-greedy_ting-2P', 'Equivalence_Line_7: AGEMOEA2-random_dense-UX to UNSGA3-greedy_ting-2P', 'Equivalence_Line_8: SMSEMOA-random_dense-1P to SMSEMOA-greedy_ting-2P', 'Equivalence_Line_9: NSGA3-random_dense-1P to SMSEMOA-greedy_ting-1P', 'Equivalence_Line_10: SPEA2-greedy_ting-2P to SMSEMOA-greedy_ting-HUX', 'Equivalence_Line_11: SPEA2-greedy_ting-1P to RVEA-greedy_ting-HUX', 'Equivalence_Line_12: RVEA-random_dense-1P to RVEA-greedy_ting-2P', 'Equivalence_Line_13: NSGA2-greedy_ting-2P to NSGA2-greedy_multi-UX', 'Equivalence_Line_14: AGEMOEA2-greedy_ting-1P to AGEMOEA2-greedy_multi-HUX', 'Equivalence_Line_15: UNSGA3-greedy_ting-2P to UNSGA3-greedy_multi-UX', 'Equivalence_Line_16: UNSGA3-greedy_ting-1P to UNSGA3-greedy_multi-HUX', 'Equivalence_Line_17: RVEA-random_dense-UX to NSGA2-greedy_multi-1P', 'Equivalence_Line_18: NSGA3-greedy_ting-HUX to SMSEMOA-greedy_multi-HUX', 'Equivalence_Line_19: SMSEMOA-greedy_ting-UX to UNSGA3-greedy_multi-2P', 'Equivalence_Line_20: SMSEMOA-greedy_ting-HUX to AGEMOEA2-greedy_multi-1P', 'Equivalence_Line_21: RVEA-greedy_ting-UX to SMSEMOA-greedy_multi-1P', 'Equivalence_Line_22: SPEA2-greedy_multi-HUX to RVEA-greedy_multi-1P']"
NSGA2-greedy_ting-2P,99.67616911789078,"['Equivalence_Line_1: SPEA2-random_dense-HUX to SPEA2-greedy_ting-2P', 'Equivalence_Line_2: SMSEMOA-random_dense-HUX to RVEA-random_dense-1P', 'Equivalence_Line_3: NSGA3-random_dense-UX to RVEA-random_dense-2P', 'Equivalence_Line_4: SMSEMOA-random_dense-2P to AGEMOEA2-greedy_ting-UX', 'Equivalence_Line_5: SPEA2-random_dense-1P to AGEMOEA2-greedy_ting-HUX', 'Equivalence_Line_6: SPEA2-random_dense-2P to NSGA3-greedy_ting-2P', 'Equivalence_Line_7: AGEMOEA2-random_dense-UX to UNSGA3-greedy_ting-2P', 'Equivalence_Line_8: SMSEMOA-random_dense-1P to SMSEMOA-greedy_ting-2P', 'Equivalence_Line_9: NSGA3-random_dense-1P to SMSEMOA-greedy_ting-1P', 'Equivalence_Line_10: SPEA2-greedy_ting-2P to SMSEMOA-greedy_ting-HUX', 'Equivalence_Line_11: SPEA2-greedy_ting-1P to RVEA-greedy_ting-HUX', 'Equivalence_Line_12: RVEA-random_dense-1P to RVEA-greedy_ting-2P', 'Equivalence_Line_13: NSGA2-greedy_ting-2P to NSGA2-greedy_multi-UX', 'Equivalence_Line_14: AGEMOEA2-greedy_ting-1P to AGEMOEA2-greedy_multi-HUX', 'Equivalence_Line_15: UNSGA3-greedy_ting-2P to UNSGA3-greedy_multi-UX', 'Equivalence_Line_16: UNSGA3-greedy_ting-1P to UNSGA3-greedy_multi-HUX', 'Equivalence_Line_17: RVEA-random_dense-UX to NSGA2-greedy_multi-1P', 'Equivalence_Line_18: NSGA3-greedy_ting-HUX to SMSEMOA-greedy_multi-HUX', 'Equivalence_Line_19: SMSEMOA-greedy_ting-UX to UNSGA3-greedy_multi-2P', 'Equivalence_Line_20: SMSEMOA-greedy_ting-HUX to AGEMOEA2-greedy_multi-1P', 'Equivalence_Line_21: RVEA-greedy_ting-UX to SMSEMOA-greedy_multi-1P', 'Equivalence_Line_22: SPEA2-greedy_multi-HUX to RVEA-greedy_multi-1P']"
NSGA2-greedy_ting-HUX,99.47487859029555,"['Equivalence_Line_1: SPEA2-random_dense-HUX to SPEA2-greedy_ting-2P', 'Equivalence_Line_2: SMSEMOA-random_dense-HUX to RVEA-random_dense-1P', 'Equivalence_Line_3: NSGA3-random_dense-UX to RVEA-random_dense-2P', 'Equivalence_Line_4: SMSEMOA-random_dense-2P to AGEMOEA2-greedy_ting-UX', 'Equivalence_Line_5: SPEA2-random_dense-1P to AGEMOEA2-greedy_ting-HUX', 'Equivalence_Line_6: SPEA2-random_dense-2P to NSGA3-greedy_ting-2P', 'Equivalence_Line_7: AGEMOEA2-random_dense-UX to UNSGA3-greedy_ting-2P', 'Equivalence_Line_8: SMSEMOA-random_dense-1P to SMSEMOA-greedy_ting-2P', 'Equivalence_Line_9: NSGA3-random_dense-1P to SMSEMOA-greedy_ting-1P', 'Equivalence_Line_10: SPEA2-greedy_ting-2P to SMSEMOA-greedy_ting-HUX', 'Equivalence_Line_11: SPEA2-greedy_ting-1P to RVEA-greedy_ting-HUX', 'Equivalence_Line_12: RVEA-random_dense-1P to RVEA-greedy_ting-2P', 'Equivalence_Line_13: NSGA2-greedy_ting-2P to NSGA2-greedy_multi-UX', 'Equivalence_Line_14: AGEMOEA2-greedy_ting-1P to AGEMOEA2-greedy_multi-HUX', 'Equivalence_Line_15: UNSGA3-greedy_ting-2P to UNSGA3-greedy_multi-UX', 'Equivalence_Line_16: UNSGA3-greedy_ting-1P to UNSGA3-greedy_multi-HUX', 'Equivalence_Line_17: RVEA-random_dense-UX to NSGA2-greedy_multi-1P', 'Equivalence_Line_18: NSGA3-greedy_ting-HUX to SMSEMOA-greedy_multi-HUX', 'Equivalence_Line_19: SMSEMOA-greedy_ting-UX to UNSGA3-greedy_multi-2P', 'Equivalence_Line_20: SMSEMOA-greedy_ting-HUX to AGEMOEA2-greedy_multi-1P', 'Equivalence_Line_21: RVEA-greedy_ting-UX to SMSEMOA-greedy_multi-1P', 'Equivalence_Line_22: SPEA2-greedy_multi-HUX to RVEA-greedy_multi-1P']"
NSGA2-greedy_ting-UX,99.45141415008007,"['Equivalence_Line_1: SPEA2-random_dense-HUX to SPEA2-greedy_ting-2P', 'Equivalence_Line_2: SMSEMOA-random_dense-HUX to RVEA-random_dense-1P', 'Equivalence_Line_3: NSGA3-random_dense-UX to RVEA-random_dense-2P', 'Equivalence_Line_4: SMSEMOA-random_dense-2P to AGEMOEA2-greedy_ting-UX', 'Equivalence_Line_5: SPEA2-random_dense-1P to AGEMOEA2-greedy_ting-HUX', 'Equivalence_Line_6: SPEA2-random_dense-2P to NSGA3-greedy_ting-2P', 'Equivalence_Line_7: AGEMOEA2-random_dense-UX to UNSGA3-greedy_ting-2P', 'Equivalence_Line_8: SMSEMOA-random_dense-1P to SMSEMOA-greedy_ting-2P', 'Equivalence_Line_9: NSGA3-random_dense-1P to SMSEMOA-greedy_ting-1P', 'Equivalence_Line_10: SPEA2-greedy_ting-2P to SMSEMOA-greedy_ting-HUX', 'Equivalence_Line_11: SPEA2-greedy_ting-1P to RVEA-greedy_ting-HUX', 'Equivalence_Line_12: RVEA-random_dense-1P to RVEA-greedy_ting-2P', 'Equivalence_Line_13: NSGA2-greedy_ting-2P to NSGA2-greedy_multi-UX', 'Equivalence_Line_14: AGEMOEA2-greedy_ting-1P to AGEMOEA2-greedy_multi-HUX', 'Equivalence_Line_15: UNSGA3-greedy_ting-2P to UNSGA3-greedy_multi-UX', 'Equivalence_Line_16: UNSGA3-greedy_ting-1P to UNSGA3-greedy_multi-HUX', 'Equivalence_Line_17: RVEA-random_dense-UX to NSGA2-greedy_multi-1P', 'Equivalence_Line_18: NSGA3-greedy_ting-HUX to SMSEMOA-greedy_multi-HUX', 'Equivalence_Line_19: SMSEMOA-greedy_ting-UX to UNSGA3-greedy_multi-2P', 'Equivalence_Line_20: SMSEMOA-greedy_ting-HUX to AGEMOEA2-greedy_multi-1P', 'Equivalence_Line_21: RVEA-greedy_ting-UX to SMSEMOA-greedy_multi-1P', 'Equivalence_Line_22: SPEA2-greedy_multi-HUX to RVEA-greedy_multi-1P']"
RVEA-random_dense-2P,99.26555438645528,"['Equivalence_Line_1: SPEA2-random_dense-HUX to SPEA2-greedy_ting-2P', 'Equivalence_Line_2: SMSEMOA-random_dense-HUX to RVEA-random_dense-1P', 'Equivalence_Line_3: NSGA3-random_dense-UX to RVEA-random_dense-2P', 'Equivalence_Line_4: SMSEMOA-random_dense-2P to AGEMOEA2-greedy_ting-UX', 'Equivalence_Line_5: SPEA2-random_dense-1P to AGEMOEA2-greedy_ting-HUX', 'Equivalence_Line_6: SPEA2-random_dense-2P to NSGA3-greedy_ting-2P', 'Equivalence_Line_7: AGEMOEA2-random_dense-UX to UNSGA3-greedy_ting-2P', 'Equivalence_Line_8: SMSEMOA-random_dense-1P to SMSEMOA-greedy_ting-2P', 'Equivalence_Line_9: NSGA3-random_dense-1P to SMSEMOA-greedy_ting-1P', 'Equivalence_Line_10: SPEA2-greedy_ting-2P to SMSEMOA-greedy_ting-HUX', 'Equivalence_Line_11: SPEA2-greedy_ting-1P to RVEA-greedy_ting-HUX', 'Equivalence_Line_12: RVEA-random_dense-1P to RVEA-greedy_ting-2P', 'Equivalence_Line_13: NSGA2-greedy_ting-2P to NSGA2-greedy_multi-UX', 'Equivalence_Line_14: AGEMOEA2-greedy_ting-1P to AGEMOEA2-greedy_multi-HUX', 'Equivalence_Line_15: UNSGA3-greedy_ting-2P to UNSGA3-greedy_multi-UX', 'Equivalence_Line_16: UNSGA3-greedy_ting-1P to UNSGA3-greedy_multi-HUX', 'Equivalence_Line_17: RVEA-random_dense-UX to NSGA2-greedy_multi-1P', 'Equivalence_Line_18: NSGA3-greedy_ting-HUX to SMSEMOA-greedy_multi-HUX', 'Equivalence_Line_19: SMSEMOA-greedy_ting-UX to UNSGA3-greedy_multi-2P', 'Equivalence_Line_20: SMSEMOA-greedy_ting-HUX to AGEMOEA2-greedy_multi-1P', 'Equivalence_Line_21: RVEA-greedy_ting-UX to SMSEMOA-greedy_multi-1P', 'Equivalence_Line_22: SPEA2-greedy_multi-HUX to RVEA-greedy_multi-1P']"
AGEMOEA2-greedy_ting-UX,98.3737258480481,"['Equivalence_Line_1: SPEA2-random_dense-HUX to SPEA2-greedy_ting-2P', 'Equivalence_Line_2: SMSEMOA-random_dense-HUX to RVEA-random_dense-1P', 'Equivalence_Line_3: NSGA3-random_dense-UX to RVEA-random_dense-2P', 'Equivalence_Line_4: SMSEMOA-random_dense-2P to AGEMOEA2-greedy_ting-UX', 'Equivalence_Line_5: SPEA2-random_dense-1P to AGEMOEA2-greedy_ting-HUX', 'Equivalence_Line_6: SPEA2-random_dense-2P to NSGA3-greedy_ting-2P', 'Equivalence_Line_7: AGEMOEA2-random_dense-UX to UNSGA3-greedy_ting-2P', 'Equivalence_Line_8: SMSEMOA-random_dense-1P to SMSEMOA-greedy_ting-2P', 'Equivalence_Line_9: NSGA3-random_dense-1P to SMSEMOA-greedy_ting-1P', 'Equivalence_Line_10: SPEA2-greedy_ting-2P to SMSEMOA-greedy_ting-HUX', 'Equivalence_Line_11: SPEA2-greedy_ting-1P to RVEA-greedy_ting-HUX', 'Equivalence_Line_12: RVEA-random_dense-1P to RVEA-greedy_ting-2P', 'Equivalence_Line_13: NSGA2-greedy_ting-2P to NSGA2-greedy_multi-UX', 'Equivalence_Line_14: AGEMOEA2-greedy_ting-1P to AGEMOEA2-greedy_multi-HUX', 'Equivalence_Line_15: UNSGA3-greedy_ting-2P to UNSGA3-greedy_multi-UX', 'Equivalence_Line_16: UNSGA3-greedy_ting-1P to UNSGA3-greedy_multi-HUX', 'Equivalence_Line_17: RVEA-random_dense-UX to NSGA2-greedy_multi-1P', 'Equivalence_Line_18: NSGA3-greedy_ting-HUX to SMSEMOA-greedy_multi-HUX', 'Equivalence_Line_19: SMSEMOA-greedy_ting-UX to UNSGA3-greedy_multi-2P', 'Equivalence_Line_20: SMSEMOA-greedy_ting-HUX to AGEMOEA2-greedy_multi-1P', 'Equivalence_Line_21: RVEA-greedy_ting-UX to SMSEMOA-greedy_multi-1P', 'Equivalence_Line_22: SPEA2-greedy_multi-HUX to RVEA-greedy_multi-1P']"
AGEMOEA2-greedy_ting-1P,97.65061263804829,"['Equivalence_Line_1: SPEA2-random_dense-HUX to SPEA2-greedy_ting-2P', 'Equivalence_Line_2: SMSEMOA-random_dense-HUX to RVEA-random_dense-1P', 'Equivalence_Line_3: NSGA3-random_dense-UX to RVEA-random_dense-2P', 'Equivalence_Line_4: SMSEMOA-random_dense-2P to AGEMOEA2-greedy_ting-UX', 'Equivalence_Line_5: SPEA2-random_dense-1P to AGEMOEA2-greedy_ting-HUX', 'Equivalence_Line_6: SPEA2-random_dense-2P to NSGA3-greedy_ting-2P', 'Equivalence_Line_7: AGEMOEA2-random_dense-UX to UNSGA3-greedy_ting-2P', 'Equivalence_Line_8: SMSEMOA-random_dense-1P to SMSEMOA-greedy_ting-2P', 'Equivalence_Line_9: NSGA3-random_dense-1P to SMSEMOA-greedy_ting-1P', 'Equivalence_Line_10: SPEA2-greedy_ting-2P to SMSEMOA-greedy_ting-HUX', 'Equivalence_Line_11: SPEA2-greedy_ting-1P to RVEA-greedy_ting-HUX', 'Equivalence_Line_12: RVEA-random_dense-1P to RVEA-greedy_ting-2P', 'Equivalence_Line_13: NSGA2-greedy_ting-2P to NSGA2-greedy_multi-UX', 'Equivalence_Line_14: AGEMOEA2-greedy_ting-1P to AGEMOEA2-greedy_multi-HUX', 'Equivalence_Line_15: UNSGA3-greedy_ting-2P to UNSGA3-greedy_multi-UX', 'Equivalence_Line_16: UNSGA3-greedy_ting-1P to UNSGA3-greedy_multi-HUX', 'Equivalence_Line_17: RVEA-random_dense-UX to NSGA2-greedy_multi-1P', 'Equivalence_Line_18: NSGA3-greedy_ting-HUX to SMSEMOA-greedy_multi-HUX', 'Equivalence_Line_19: SMSEMOA-greedy_ting-UX to UNSGA3-greedy_multi-2P', 'Equivalence_Line_20: SMSEMOA-greedy_ting-HUX to AGEMOEA2-greedy_multi-1P', 'Equivalence_Line_21: RVEA-greedy_ting-UX to SMSEMOA-greedy_multi-1P', 'Equivalence_Line_22: SPEA2-greedy_multi-HUX to RVEA-greedy_multi-1P']"
AGEMOEA2-greedy_ting-HUX,97.4388587747759,"['Equivalence_Line_1: SPEA2-random_dense-HUX to SPEA2-greedy_ting-2P', 'Equivalence_Line_2: SMSEMOA-random_dense-HUX to RVEA-random_dense-1P', 'Equivalence_Line_3: NSGA3-random_dense-UX to RVEA-random_dense-2P', 'Equivalence_Line_4: SMSEMOA-random_dense-2P to AGEMOEA2-greedy_ting-UX', 'Equivalence_Line_5: SPEA2-random_dense-1P to AGEMOEA2-greedy_ting-HUX', 'Equivalence_Line_6: SPEA2-random_dense-2P to NSGA3-greedy_ting-2P', 'Equivalence_Line_7: AGEMOEA2-random_dense-UX to UNSGA3-greedy_ting-2P', 'Equivalence_Line_8: SMSEMOA-random_dense-1P to SMSEMOA-greedy_ting-2P', 'Equivalence_Line_9: NSGA3-random_dense-1P to SMSEMOA-greedy_ting-1P', 'Equivalence_Line_10: SPEA2-greedy_ting-2P to SMSEMOA-greedy_ting-HUX', 'Equivalence_Line_11: SPEA2-greedy_ting-1P to RVEA-greedy_ting-HUX', 'Equivalence_Line_12: RVEA-random_dense-1P to RVEA-greedy_ting-2P', 'Equivalence_Line_13: NSGA2-greedy_ting-2P to NSGA2-greedy_multi-UX', 'Equivalence_Line_14: AGEMOEA2-greedy_ting-1P to AGEMOEA2-greedy_multi-HUX', 'Equivalence_Line_15: UNSGA3-greedy_ting-2P to UNSGA3-greedy_multi-UX', 'Equivalence_Line_16: UNSGA3-greedy_ting-1P to UNSGA3-greedy_multi-HUX', 'Equivalence_Line_17: RVEA-random_dense-UX to NSGA2-greedy_multi-1P', 'Equivalence_Line_18: NSGA3-greedy_ting-HUX to SMSEMOA-greedy_multi-HUX', 'Equivalence_Line_19: SMSEMOA-greedy_ting-UX to UNSGA3-greedy_multi-2P', 'Equivalence_Line_20: SMSEMOA-greedy_ting-HUX to AGEMOEA2-greedy_multi-1P', 'Equivalence_Line_21: RVEA-greedy_ting-UX to SMSEMOA-greedy_multi-1P', 'Equivalence_Line_22: SPEA2-greedy_multi-HUX to RVEA-greedy_multi-1P']"
NSGA2-greedy_ting-1P,97.04342022212042,"['Equivalence_Line_1: SPEA2-random_dense-HUX to SPEA2-greedy_ting-2P', 'Equivalence_Line_2: SMSEMOA-random_dense-HUX to RVEA-random_dense-1P', 'Equivalence_Line_3: NSGA3-random_dense-UX to RVEA-random_dense-2P', 'Equivalence_Line_4: SMSEMOA-random_dense-2P to AGEMOEA2-greedy_ting-UX', 'Equivalence_Line_5: SPEA2-random_dense-1P to AGEMOEA2-greedy_ting-HUX', 'Equivalence_Line_6: SPEA2-random_dense-2P to NSGA3-greedy_ting-2P', 'Equivalence_Line_7: AGEMOEA2-random_dense-UX to UNSGA3-greedy_ting-2P', 'Equivalence_Line_8: SMSEMOA-random_dense-1P to SMSEMOA-greedy_ting-2P', 'Equivalence_Line_9: NSGA3-random_dense-1P to SMSEMOA-greedy_ting-1P', 'Equivalence_Line_10: SPEA2-greedy_ting-2P to SMSEMOA-greedy_ting-HUX', 'Equivalence_Line_11: SPEA2-greedy_ting-1P to RVEA-greedy_ting-HUX', 'Equivalence_Line_12: RVEA-random_dense-1P to RVEA-greedy_ting-2P', 'Equivalence_Line_13: NSGA2-greedy_ting-2P to NSGA2-greedy_multi-UX', 'Equivalence_Line_14: AGEMOEA2-greedy_ting-1P to AGEMOEA2-greedy_multi-HUX', 'Equivalence_Line_15: UNSGA3-greedy_ting-2P to UNSGA3-greedy_multi-UX', 'Equivalence_Line_16: UNSGA3-greedy_ting-1P to UNSGA3-greedy_multi-HUX', 'Equivalence_Line_17: RVEA-random_dense-UX to NSGA2-greedy_multi-1P', 'Equivalence_Line_18: NSGA3-greedy_ting-HUX to SMSEMOA-greedy_multi-HUX', 'Equivalence_Line_19: SMSEMOA-greedy_ting-UX to UNSGA3-greedy_multi-2P', 'Equivalence_Line_20: SMSEMOA-greedy_ting-HUX to AGEMOEA2-greedy_multi-1P', 'Equivalence_Line_21: RVEA-greedy_ting-UX to SMSEMOA-greedy_multi-1P', 'Equivalence_Line_22: SPEA2-greedy_multi-HUX to RVEA-greedy_multi-1P']"
AGEMOEA2-greedy_ting-2P,96.7913504034858,"['Equivalence_Line_1: SPEA2-random_dense-HUX to SPEA2-greedy_ting-2P', 'Equivalence_Line_2: SMSEMOA-random_dense-HUX to RVEA-random_dense-1P', 'Equivalence_Line_3: NSGA3-random_dense-UX to RVEA-random_dense-2P', 'Equivalence_Line_4: SMSEMOA-random_dense-2P to AGEMOEA2-greedy_ting-UX', 'Equivalence_Line_5: SPEA2-random_dense-1P to AGEMOEA2-greedy_ting-HUX', 'Equivalence_Line_6: SPEA2-random_dense-2P to NSGA3-greedy_ting-2P', 'Equivalence_Line_7: AGEMOEA2-random_dense-UX to UNSGA3-greedy_ting-2P', 'Equivalence_Line_8: SMSEMOA-random_dense-1P to SMSEMOA-greedy_ting-2P', 'Equivalence_Line_9: NSGA3-random_dense-1P to SMSEMOA-greedy_ting-1P', 'Equivalence_Line_10: SPEA2-greedy_ting-2P to SMSEMOA-greedy_ting-HUX', 'Equivalence_Line_11: SPEA2-greedy_ting-1P to RVEA-greedy_ting-HUX', 'Equivalence_Line_12: RVEA-random_dense-1P to RVEA-greedy_ting-2P', 'Equivalence_Line_13: NSGA2-greedy_ting-2P to NSGA2-greedy_multi-UX', 'Equivalence_Line_14: AGEMOEA2-greedy_ting-1P to AGEMOEA2-greedy_multi-HUX', 'Equivalence_Line_15: UNSGA3-greedy_ting-2P to UNSGA3-greedy_multi-UX', 'Equivalence_Line_16: UNSGA3-greedy_ting-1P to UNSGA3-greedy_multi-HUX', 'Equivalence_Line_17: RVEA-random_dense-UX to NSGA2-greedy_multi-1P', 'Equivalence_Line_18: NSGA3-greedy_ting-HUX to SMSEMOA-greedy_multi-HUX', 'Equivalence_Line_19: SMSEMOA-greedy_ting-UX to UNSGA3-greedy_multi-2P', 'Equivalence_Line_20: SMSEMOA-greedy_ting-HUX to AGEMOEA2-greedy_multi-1P', 'Equivalence_Line_21: RVEA-greedy_ting-UX to SMSEMOA-greedy_multi-1P', 'Equivalence_Line_22: SPEA2-greedy_multi-HUX to RVEA-greedy_multi-1P']"
NSGA3-greedy_ting-2P,96.36343203298321,"['Equivalence_Line_1: SPEA2-random_dense-HUX to SPEA2-greedy_ting-2P', 'Equivalence_Line_2: SMSEMOA-random_dense-HUX to RVEA-random_dense-1P', 'Equivalence_Line_3: NSGA3-random_dense-UX to RVEA-random_dense-2P', 'Equivalence_Line_4: SMSEMOA-random_dense-2P to AGEMOEA2-greedy_ting-UX', 'Equivalence_Line_5: SPEA2-random_dense-1P to AGEMOEA2-greedy_ting-HUX', 'Equivalence_Line_6: SPEA2-random_dense-2P to NSGA3-greedy_ting-2P', 'Equivalence_Line_7: AGEMOEA2-random_dense-UX to UNSGA3-greedy_ting-2P', 'Equivalence_Line_8: SMSEMOA-random_dense-1P to SMSEMOA-greedy_ting-2P', 'Equivalence_Line_9: NSGA3-random_dense-1P to SMSEMOA-greedy_ting-1P', 'Equivalence_Line_10: SPEA2-greedy_ting-2P to SMSEMOA-greedy_ting-HUX', 'Equivalence_Line_11: SPEA2-greedy_ting-1P to RVEA-greedy_ting-HUX', 'Equivalence_Line_12: RVEA-random_dense-1P to RVEA-greedy_ting-2P', 'Equivalence_Line_13: NSGA2-greedy_ting-2P to NSGA2-greedy_multi-UX', 'Equivalence_Line_14: AGEMOEA2-greedy_ting-1P to AGEMOEA2-greedy_multi-HUX', 'Equivalence_Line_15: UNSGA3-greedy_ting-2P to UNSGA3-greedy_multi-UX', 'Equivalence_Line_16: UNSGA3-greedy_ting-1P to UNSGA3-greedy_multi-HUX', 'Equivalence_Line_17: RVEA-random_dense-UX to NSGA2-greedy_multi-1P', 'Equivalence_Line_18: NSGA3-greedy_ting-HUX to SMSEMOA-greedy_multi-HUX', 'Equivalence_Line_19: SMSEMOA-greedy_ting-UX to UNSGA3-greedy_multi-2P', 'Equivalence_Line_20: SMSEMOA-greedy_ting-HUX to AGEMOEA2-greedy_multi-1P', 'Equivalence_Line_21: RVEA-greedy_ting-UX to SMSEMOA-greedy_multi-1P', 'Equivalence_Line_22: SPEA2-greedy_multi-HUX to RVEA-greedy_multi-1P']"
UNSGA3-greedy_ting-2P,95.96439481742227,"['Equivalence_Line_1: SPEA2-random_dense-HUX to SPEA2-greedy_ting-2P', 'Equivalence_Line_2: SMSEMOA-random_dense-HUX to RVEA-random_dense-1P', 'Equivalence_Line_3: NSGA3-random_dense-UX to RVEA-random_dense-2P', 'Equivalence_Line_4: SMSEMOA-random_dense-2P to AGEMOEA2-greedy_ting-UX', 'Equivalence_Line_5: SPEA2-random_dense-1P to AGEMOEA2-greedy_ting-HUX', 'Equivalence_Line_6: SPEA2-random_dense-2P to NSGA3-greedy_ting-2P', 'Equivalence_Line_7: AGEMOEA2-random_dense-UX to UNSGA3-greedy_ting-2P', 'Equivalence_Line_8: SMSEMOA-random_dense-1P to SMSEMOA-greedy_ting-2P', 'Equivalence_Line_9: NSGA3-random_dense-1P to SMSEMOA-greedy_ting-1P', 'Equivalence_Line_10: SPEA2-greedy_ting-2P to SMSEMOA-greedy_ting-HUX', 'Equivalence_Line_11: SPEA2-greedy_ting-1P to RVEA-greedy_ting-HUX', 'Equivalence_Line_12: RVEA-random_dense-1P to RVEA-greedy_ting-2P', 'Equivalence_Line_13: NSGA2-greedy_ting-2P to NSGA2-greedy_multi-UX', 'Equivalence_Line_14: AGEMOEA2-greedy_ting-1P to AGEMOEA2-greedy_multi-HUX', 'Equivalence_Line_15: UNSGA3-greedy_ting-2P to UNSGA3-greedy_multi-UX', 'Equivalence_Line_16: UNSGA3-greedy_ting-1P to UNSGA3-greedy_multi-HUX', 'Equivalence_Line_17: RVEA-random_dense-UX to NSGA2-greedy_multi-1P', 'Equivalence_Line_18: NSGA3-greedy_ting-HUX to SMSEMOA-greedy_multi-HUX', 'Equivalence_Line_19: SMSEMOA-greedy_ting-UX to UNSGA3-greedy_multi-2P', 'Equivalence_Line_20: SMSEMOA-greedy_ting-HUX to AGEMOEA2-greedy_multi-1P', 'Equivalence_Line_21: RVEA-greedy_ting-UX to SMSEMOA-greedy_multi-1P', 'Equivalence_Line_22: SPEA2-greedy_multi-HUX to RVEA-greedy_multi-1P']"
UNSGA3-greedy_ting-1P,95.16736765664938,"['Equivalence_Line_1: SPEA2-random_dense-HUX to SPEA2-greedy_ting-2P', 'Equivalence_Line_2: SMSEMOA-random_dense-HUX to RVEA-random_dense-1P', 'Equivalence_Line_3: NSGA3-random_dense-UX to RVEA-random_dense-2P', 'Equivalence_Line_4: SMSEMOA-random_dense-2P to AGEMOEA2-greedy_ting-UX', 'Equivalence_Line_5: SPEA2-random_dense-1P to AGEMOEA2-greedy_ting-HUX', 'Equivalence_Line_6: SPEA2-random_dense-2P to NSGA3-greedy_ting-2P', 'Equivalence_Line_7: AGEMOEA2-random_dense-UX to UNSGA3-greedy_ting-2P', 'Equivalence_Line_8: SMSEMOA-random_dense-1P to SMSEMOA-greedy_ting-2P', 'Equivalence_Line_9: NSGA3-random_dense-1P to SMSEMOA-greedy_ting-1P', 'Equivalence_Line_10: SPEA2-greedy_ting-2P to SMSEMOA-greedy_ting-HUX', 'Equivalence_Line_11: SPEA2-greedy_ting-1P to RVEA-greedy_ting-HUX', 'Equivalence_Line_12: RVEA-random_dense-1P to RVEA-greedy_ting-2P', 'Equivalence_Line_13: NSGA2-greedy_ting-2P to NSGA2-greedy_multi-UX', 'Equivalence_Line_14: AGEMOEA2-greedy_ting-1P to AGEMOEA2-greedy_multi-HUX', 'Equivalence_Line_15: UNSGA3-greedy_ting-2P to UNSGA3-greedy_multi-UX', 'Equivalence_Line_16: UNSGA3-greedy_ting-1P to UNSGA3-greedy_multi-HUX', 'Equivalence_Line_17: RVEA-random_dense-UX to NSGA2-greedy_multi-1P', 'Equivalence_Line_18: NSGA3-greedy_ting-HUX to SMSEMOA-greedy_multi-HUX', 'Equivalence_Line_19: SMSEMOA-greedy_ting-UX to UNSGA3-greedy_multi-2P', 'Equivalence_Line_20: SMSEMOA-greedy_ting-HUX to AGEMOEA2-greedy_multi-1P', 'Equivalence_Line_21: RVEA-greedy_ting-UX to SMSEMOA-greedy_multi-1P', 'Equivalence_Line_22: SPEA2-greedy_multi-HUX to RVEA-greedy_multi-1P']"
NSGA3-greedy_ting-1P,95.01895773649998,"['Equivalence_Line_1: SPEA2-random_dense-HUX to SPEA2-greedy_ting-2P', 'Equivalence_Line_2: SMSEMOA-random_dense-HUX to RVEA-random_dense-1P', 'Equivalence_Line_3: NSGA3-random_dense-UX to RVEA-random_dense-2P', 'Equivalence_Line_4: SMSEMOA-random_dense-2P to AGEMOEA2-greedy_ting-UX', 'Equivalence_Line_5: SPEA2-random_dense-1P to AGEMOEA2-greedy_ting-HUX', 'Equivalence_Line_6: SPEA2-random_dense-2P to NSGA3-greedy_ting-2P', 'Equivalence_Line_7: AGEMOEA2-random_dense-UX to UNSGA3-greedy_ting-2P', 'Equivalence_Line_8: SMSEMOA-random_dense-1P to SMSEMOA-greedy_ting-2P', 'Equivalence_Line_9: NSGA3-random_dense-1P to SMSEMOA-greedy_ting-1P', 'Equivalence_Line_10: SPEA2-greedy_ting-2P to SMSEMOA-greedy_ting-HUX', 'Equivalence_Line_11: SPEA2-greedy_ting-1P to RVEA-greedy_ting-HUX', 'Equivalence_Line_12: RVEA-random_dense-1P to RVEA-greedy_ting-2P', 'Equivalence_Line_13: NSGA2-greedy_ting-2P to NSGA2-greedy_multi-UX', 'Equivalence_Line_14: AGEMOEA2-greedy_ting-1P to AGEMOEA2-greedy_multi-HUX', 'Equivalence_Line_15: UNSGA3-greedy_ting-2P to UNSGA3-greedy_multi-UX', 'Equivalence_Line_16: UNSGA3-greedy_ting-1P to UNSGA3-greedy_multi-HUX', 'Equivalence_Line_17: RVEA-random_dense-UX to NSGA2-greedy_multi-1P', 'Equivalence_Line_18: NSGA3-greedy_ting-HUX to SMSEMOA-greedy_multi-HUX', 'Equivalence_Line_19: SMSEMOA-greedy_ting-UX to UNSGA3-greedy_multi-2P', 'Equivalence_Line_20: SMSEMOA-greedy_ting-HUX to AGEMOEA2-greedy_multi-1P', 'Equivalence_Line_21: RVEA-greedy_ting-UX to SMSEMOA-greedy_multi-1P', 'Equivalence_Line_22: SPEA2-greedy_multi-HUX to RVEA-greedy_multi-1P']"
SMSEMOA-greedy_ting-2P,93.30757547801042,"['Equivalence_Line_1: SPEA2-random_dense-HUX to SPEA2-greedy_ting-2P', 'Equivalence_Line_2: SMSEMOA-random_dense-HUX to RVEA-random_dense-1P', 'Equivalence_Line_3: NSGA3-random_dense-UX to RVEA-random_dense-2P', 'Equivalence_Line_4: SMSEMOA-random_dense-2P to AGEMOEA2-greedy_ting-UX', 'Equivalence_Line_5: SPEA2-random_dense-1P to AGEMOEA2-greedy_ting-HUX', 'Equivalence_Line_6: SPEA2-random_dense-2P to NSGA3-greedy_ting-2P', 'Equivalence_Line_7: AGEMOEA2-random_dense-UX to UNSGA3-greedy_ting-2P', 'Equivalence_Line_8: SMSEMOA-random_dense-1P to SMSEMOA-greedy_ting-2P', 'Equivalence_Line_9: NSGA3-random_dense-1P to SMSEMOA-greedy_ting-1P', 'Equivalence_Line_10: SPEA2-greedy_ting-2P to SMSEMOA-greedy_ting-HUX', 'Equivalence_Line_11: SPEA2-greedy_ting-1P to RVEA-greedy_ting-HUX', 'Equivalence_Line_12: RVEA-random_dense-1P to RVEA-greedy_ting-2P', 'Equivalence_Line_13: NSGA2-greedy_ting-2P to NSGA2-greedy_multi-UX', 'Equivalence_Line_14: AGEMOEA2-greedy_ting-1P to AGEMOEA2-greedy_multi-HUX', 'Equivalence_Line_15: UNSGA3-greedy_ting-2P to UNSGA3-greedy_multi-UX', 'Equivalence_Line_16: UNSGA3-greedy_ting-1P to UNSGA3-greedy_multi-HUX', 'Equivalence_Line_17: RVEA-random_dense-UX to NSGA2-greedy_multi-1P', 'Equivalence_Line_18: NSGA3-greedy_ting-HUX to SMSEMOA-greedy_multi-HUX', 'Equivalence_Line_19: SMSEMOA-greedy_ting-UX to UNSGA3-greedy_multi-2P', 'Equivalence_Line_20: SMSEMOA-greedy_ting-HUX to AGEMOEA2-greedy_multi-1P', 'Equivalence_Line_21: RVEA-greedy_ting-UX to SMSEMOA-greedy_multi-1P', 'Equivalence_Line_22: SPEA2-greedy_multi-HUX to RVEA-greedy_multi-1P']"
RVEA-random_dense-UX,90.90764656989167,"['Equivalence_Line_1: SPEA2-random_dense-HUX to SPEA2-greedy_ting-2P', 'Equivalence_Line_2: SMSEMOA-random_dense-HUX to RVEA-random_dense-1P', 'Equivalence_Line_3: NSGA3-random_dense-UX to RVEA-random_dense-2P', 'Equivalence_Line_4: SMSEMOA-random_dense-2P to AGEMOEA2-greedy_ting-UX', 'Equivalence_Line_5: SPEA2-random_dense-1P to AGEMOEA2-greedy_ting-HUX', 'Equivalence_Line_6: SPEA2-random_dense-2P to NSGA3-greedy_ting-2P', 'Equivalence_Line_7: AGEMOEA2-random_dense-UX to UNSGA3-greedy_ting-2P', 'Equivalence_Line_8: SMSEMOA-random_dense-1P to SMSEMOA-greedy_ting-2P', 'Equivalence_Line_9: NSGA3-random_dense-1P to SMSEMOA-greedy_ting-1P', 'Equivalence_Line_10: SPEA2-greedy_ting-2P to SMSEMOA-greedy_ting-HUX', 'Equivalence_Line_11: SPEA2-greedy_ting-1P to RVEA-greedy_ting-HUX', 'Equivalence_Line_12: RVEA-random_dense-1P to RVEA-greedy_ting-2P', 'Equivalence_Line_13: NSGA2-greedy_ting-2P to NSGA2-greedy_multi-UX', 'Equivalence_Line_14: AGEMOEA2-greedy_ting-1P to AGEMOEA2-greedy_multi-HUX', 'Equivalence_Line_15: UNSGA3-greedy_ting-2P to UNSGA3-greedy_multi-UX', 'Equivalence_Line_16: UNSGA3-greedy_ting-1P to UNSGA3-greedy_multi-HUX', 'Equivalence_Line_17: RVEA-random_dense-UX to NSGA2-greedy_multi-1P', 'Equivalence_Line_18: NSGA3-greedy_ting-HUX to SMSEMOA-greedy_multi-HUX', 'Equivalence_Line_19: SMSEMOA-greedy_ting-UX to UNSGA3-greedy_multi-2P', 'Equivalence_Line_20: SMSEMOA-greedy_ting-HUX to AGEMOEA2-greedy_multi-1P', 'Equivalence_Line_21: RVEA-greedy_ting-UX to SMSEMOA-greedy_multi-1P', 'Equivalence_Line_22: SPEA2-greedy_multi-HUX to RVEA-greedy_multi-1P']"
NSGA3-greedy_ting-HUX,90.43659894153619,"['Equivalence_Line_1: SPEA2-random_dense-HUX to SPEA2-greedy_ting-2P', 'Equivalence_Line_2: SMSEMOA-random_dense-HUX to RVEA-random_dense-1P', 'Equivalence_Line_3: NSGA3-random_dense-UX to RVEA-random_dense-2P', 'Equivalence_Line_4: SMSEMOA-random_dense-2P to AGEMOEA2-greedy_ting-UX', 'Equivalence_Line_5: SPEA2-random_dense-1P to AGEMOEA2-greedy_ting-HUX', 'Equivalence_Line_6: SPEA2-random_dense-2P to NSGA3-greedy_ting-2P', 'Equivalence_Line_7: AGEMOEA2-random_dense-UX to UNSGA3-greedy_ting-2P', 'Equivalence_Line_8: SMSEMOA-random_dense-1P to SMSEMOA-greedy_ting-2P', 'Equivalence_Line_9: NSGA3-random_dense-1P to SMSEMOA-greedy_ting-1P', 'Equivalence_Line_10: SPEA2-greedy_ting-2P to SMSEMOA-greedy_ting-HUX', 'Equivalence_Line_11: SPEA2-greedy_ting-1P to RVEA-greedy_ting-HUX', 'Equivalence_Line_12: RVEA-random_dense-1P to RVEA-greedy_ting-2P', 'Equivalence_Line_13: NSGA2-greedy_ting-2P to NSGA2-greedy_multi-UX', 'Equivalence_Line_14: AGEMOEA2-greedy_ting-1P to AGEMOEA2-greedy_multi-HUX', 'Equivalence_Line_15: UNSGA3-greedy_ting-2P to UNSGA3-greedy_multi-UX', 'Equivalence_Line_16: UNSGA3-greedy_ting-1P to UNSGA3-greedy_multi-HUX', 'Equivalence_Line_17: RVEA-random_dense-UX to NSGA2-greedy_multi-1P', 'Equivalence_Line_18: NSGA3-greedy_ting-HUX to SMSEMOA-greedy_multi-HUX', 'Equivalence_Line_19: SMSEMOA-greedy_ting-UX to UNSGA3-greedy_multi-2P', 'Equivalence_Line_20: SMSEMOA-greedy_ting-HUX to AGEMOEA2-greedy_multi-1P', 'Equivalence_Line_21: RVEA-greedy_ting-UX to SMSEMOA-greedy_multi-1P', 'Equivalence_Line_22: SPEA2-greedy_multi-HUX to RVEA-greedy_multi-1P']"
NSGA3-greedy_ting-UX,90.40661795837488,"['Equivalence_Line_1: SPEA2-random_dense-HUX to SPEA2-greedy_ting-2P', 'Equivalence_Line_2: SMSEMOA-random_dense-HUX to RVEA-random_dense-1P', 'Equivalence_Line_3: NSGA3-random_dense-UX to RVEA-random_dense-2P', 'Equivalence_Line_4: SMSEMOA-random_dense-2P to AGEMOEA2-greedy_ting-UX', 'Equivalence_Line_5: SPEA2-random_dense-1P to AGEMOEA2-greedy_ting-HUX', 'Equivalence_Line_6: SPEA2-random_dense-2P to NSGA3-greedy_ting-2P', 'Equivalence_Line_7: AGEMOEA2-random_dense-UX to UNSGA3-greedy_ting-2P', 'Equivalence_Line_8: SMSEMOA-random_dense-1P to SMSEMOA-greedy_ting-2P', 'Equivalence_Line_9: NSGA3-random_dense-1P to SMSEMOA-greedy_ting-1P', 'Equivalence_Line_10: SPEA2-greedy_ting-2P to SMSEMOA-greedy_ting-HUX', 'Equivalence_Line_11: SPEA2-greedy_ting-1P to RVEA-greedy_ting-HUX', 'Equivalence_Line_12: RVEA-random_dense-1P to RVEA-greedy_ting-2P', 'Equivalence_Line_13: NSGA2-greedy_ting-2P to NSGA2-greedy_multi-UX', 'Equivalence_Line_14: AGEMOEA2-greedy_ting-1P to AGEMOEA2-greedy_multi-HUX', 'Equivalence_Line_15: UNSGA3-greedy_ting-2P to UNSGA3-greedy_multi-UX', 'Equivalence_Line_16: UNSGA3-greedy_ting-1P to UNSGA3-greedy_multi-HUX', 'Equivalence_Line_17: RVEA-random_dense-UX to NSGA2-greedy_multi-1P', 'Equivalence_Line_18: NSGA3-greedy_ting-HUX to SMSEMOA-greedy_multi-HUX', 'Equivalence_Line_19: SMSEMOA-greedy_ting-UX to UNSGA3-greedy_multi-2P', 'Equivalence_Line_20: SMSEMOA-greedy_ting-HUX to AGEMOEA2-greedy_multi-1P', 'Equivalence_Line_21: RVEA-greedy_ting-UX to SMSEMOA-greedy_multi-1P', 'Equivalence_Line_22: SPEA2-greedy_multi-HUX to RVEA-greedy_multi-1P']"
UNSGA3-greedy_ting-HUX,90.28412770827101,"['Equivalence_Line_1: SPEA2-random_dense-HUX to SPEA2-greedy_ting-2P', 'Equivalence_Line_2: SMSEMOA-random_dense-HUX to RVEA-random_dense-1P', 'Equivalence_Line_3: NSGA3-random_dense-UX to RVEA-random_dense-2P', 'Equivalence_Line_4: SMSEMOA-random_dense-2P to AGEMOEA2-greedy_ting-UX', 'Equivalence_Line_5: SPEA2-random_dense-1P to AGEMOEA2-greedy_ting-HUX', 'Equivalence_Line_6: SPEA2-random_dense-2P to NSGA3-greedy_ting-2P', 'Equivalence_Line_7: AGEMOEA2-random_dense-UX to UNSGA3-greedy_ting-2P', 'Equivalence_Line_8: SMSEMOA-random_dense-1P to SMSEMOA-greedy_ting-2P', 'Equivalence_Line_9: NSGA3-random_dense-1P to SMSEMOA-greedy_ting-1P', 'Equivalence_Line_10: SPEA2-greedy_ting-2P to SMSEMOA-greedy_ting-HUX', 'Equivalence_Line_11: SPEA2-greedy_ting-1P to RVEA-greedy_ting-HUX', 'Equivalence_Line_12: RVEA-random_dense-1P to RVEA-greedy_ting-2P', 'Equivalence_Line_13: NSGA2-greedy_ting-2P to NSGA2-greedy_multi-UX', 'Equivalence_Line_14: AGEMOEA2-greedy_ting-1P to AGEMOEA2-greedy_multi-HUX', 'Equivalence_Line_15: UNSGA3-greedy_ting-2P to UNSGA3-greedy_multi-UX', 'Equivalence_Line_16: UNSGA3-greedy_ting-1P to UNSGA3-greedy_multi-HUX', 'Equivalence_Line_17: RVEA-random_dense-UX to NSGA2-greedy_multi-1P', 'Equivalence_Line_18: NSGA3-greedy_ting-HUX to SMSEMOA-greedy_multi-HUX', 'Equivalence_Line_19: SMSEMOA-greedy_ting-UX to UNSGA3-greedy_multi-2P', 'Equivalence_Line_20: SMSEMOA-greedy_ting-HUX to AGEMOEA2-greedy_multi-1P', 'Equivalence_Line_21: RVEA-greedy_ting-UX to SMSEMOA-greedy_multi-1P', 'Equivalence_Line_22: SPEA2-greedy_multi-HUX to RVEA-greedy_multi-1P']"
UNSGA3-greedy_ting-UX,89.92313717368087,"['Equivalence_Line_1: SPEA2-random_dense-HUX to SPEA2-greedy_ting-2P', 'Equivalence_Line_2: SMSEMOA-random_dense-HUX to RVEA-random_dense-1P', 'Equivalence_Line_3: NSGA3-random_dense-UX to RVEA-random_dense-2P', 'Equivalence_Line_4: SMSEMOA-random_dense-2P to AGEMOEA2-greedy_ting-UX', 'Equivalence_Line_5: SPEA2-random_dense-1P to AGEMOEA2-greedy_ting-HUX', 'Equivalence_Line_6: SPEA2-random_dense-2P to NSGA3-greedy_ting-2P', 'Equivalence_Line_7: AGEMOEA2-random_dense-UX to UNSGA3-greedy_ting-2P', 'Equivalence_Line_8: SMSEMOA-random_dense-1P to SMSEMOA-greedy_ting-2P', 'Equivalence_Line_9: NSGA3-random_dense-1P to SMSEMOA-greedy_ting-1P', 'Equivalence_Line_10: SPEA2-greedy_ting-2P to SMSEMOA-greedy_ting-HUX', 'Equivalence_Line_11: SPEA2-greedy_ting-1P to RVEA-greedy_ting-HUX', 'Equivalence_Line_12: RVEA-random_dense-1P to RVEA-greedy_ting-2P', 'Equivalence_Line_13: NSGA2-greedy_ting-2P to NSGA2-greedy_multi-UX', 'Equivalence_Line_14: AGEMOEA2-greedy_ting-1P to AGEMOEA2-greedy_multi-HUX', 'Equivalence_Line_15: UNSGA3-greedy_ting-2P to UNSGA3-greedy_multi-UX', 'Equivalence_Line_16: UNSGA3-greedy_ting-1P to UNSGA3-greedy_multi-HUX', 'Equivalence_Line_17: RVEA-random_dense-UX to NSGA2-greedy_multi-1P', 'Equivalence_Line_18: NSGA3-greedy_ting-HUX to SMSEMOA-greedy_multi-HUX', 'Equivalence_Line_19: SMSEMOA-greedy_ting-UX to UNSGA3-greedy_multi-2P', 'Equivalence_Line_20: SMSEMOA-greedy_ting-HUX to AGEMOEA2-greedy_multi-1P', 'Equivalence_Line_21: RVEA-greedy_ting-UX to SMSEMOA-greedy_multi-1P', 'Equivalence_Line_22: SPEA2-greedy_multi-HUX to RVEA-greedy_multi-1P']"
RVEA-random_dense-HUX,89.73601810911214,"['Equivalence_Line_1: SPEA2-random_dense-HUX to SPEA2-greedy_ting-2P', 'Equivalence_Line_2: SMSEMOA-random_dense-HUX to RVEA-random_dense-1P', 'Equivalence_Line_3: NSGA3-random_dense-UX to RVEA-random_dense-2P', 'Equivalence_Line_4: SMSEMOA-random_dense-2P to AGEMOEA2-greedy_ting-UX', 'Equivalence_Line_5: SPEA2-random_dense-1P to AGEMOEA2-greedy_ting-HUX', 'Equivalence_Line_6: SPEA2-random_dense-2P to NSGA3-greedy_ting-2P', 'Equivalence_Line_7: AGEMOEA2-random_dense-UX to UNSGA3-greedy_ting-2P', 'Equivalence_Line_8: SMSEMOA-random_dense-1P to SMSEMOA-greedy_ting-2P', 'Equivalence_Line_9: NSGA3-random_dense-1P to SMSEMOA-greedy_ting-1P', 'Equivalence_Line_10: SPEA2-greedy_ting-2P to SMSEMOA-greedy_ting-HUX', 'Equivalence_Line_11: SPEA2-greedy_ting-1P to RVEA-greedy_ting-HUX', 'Equivalence_Line_12: RVEA-random_dense-1P to RVEA-greedy_ting-2P', 'Equivalence_Line_13: NSGA2-greedy_ting-2P to NSGA2-greedy_multi-UX', 'Equivalence_Line_14: AGEMOEA2-greedy_ting-1P to AGEMOEA2-greedy_multi-HUX', 'Equivalence_Line_15: UNSGA3-greedy_ting-2P to UNSGA3-greedy_multi-UX', 'Equivalence_Line_16: UNSGA3-greedy_ting-1P to UNSGA3-greedy_multi-HUX', 'Equivalence_Line_17: RVEA-random_dense-UX to NSGA2-greedy_multi-1P', 'Equivalence_Line_18: NSGA3-greedy_ting-HUX to SMSEMOA-greedy_multi-HUX', 'Equivalence_Line_19: SMSEMOA-greedy_ting-UX to UNSGA3-greedy_multi-2P', 'Equivalence_Line_20: SMSEMOA-greedy_ting-HUX to AGEMOEA2-greedy_multi-1P', 'Equivalence_Line_21: RVEA-greedy_ting-UX to SMSEMOA-greedy_multi-1P', 'Equivalence_Line_22: SPEA2-greedy_multi-HUX to RVEA-greedy_multi-1P']"
SMSEMOA-greedy_ting-1P,88.37726029519712,"['Equivalence_Line_1: SPEA2-random_dense-HUX to SPEA2-greedy_ting-2P', 'Equivalence_Line_2: SMSEMOA-random_dense-HUX to RVEA-random_dense-1P', 'Equivalence_Line_3: NSGA3-random_dense-UX to RVEA-random_dense-2P', 'Equivalence_Line_4: SMSEMOA-random_dense-2P to AGEMOEA2-greedy_ting-UX', 'Equivalence_Line_5: SPEA2-random_dense-1P to AGEMOEA2-greedy_ting-HUX', 'Equivalence_Line_6: SPEA2-random_dense-2P to NSGA3-greedy_ting-2P', 'Equivalence_Line_7: AGEMOEA2-random_dense-UX to UNSGA3-greedy_ting-2P', 'Equivalence_Line_8: SMSEMOA-random_dense-1P to SMSEMOA-greedy_ting-2P', 'Equivalence_Line_9: NSGA3-random_dense-1P to SMSEMOA-greedy_ting-1P', 'Equivalence_Line_10: SPEA2-greedy_ting-2P to SMSEMOA-greedy_ting-HUX', 'Equivalence_Line_11: SPEA2-greedy_ting-1P to RVEA-greedy_ting-HUX', 'Equivalence_Line_12: RVEA-random_dense-1P to RVEA-greedy_ting-2P', 'Equivalence_Line_13: NSGA2-greedy_ting-2P to NSGA2-greedy_multi-UX', 'Equivalence_Line_14: AGEMOEA2-greedy_ting-1P to AGEMOEA2-greedy_multi-HUX', 'Equivalence_Line_15: UNSGA3-greedy_ting-2P to UNSGA3-greedy_multi-UX', 'Equivalence_Line_16: UNSGA3-greedy_ting-1P to UNSGA3-greedy_multi-HUX', 'Equivalence_Line_17: RVEA-random_dense-UX to NSGA2-greedy_multi-1P', 'Equivalence_Line_18: NSGA3-greedy_ting-HUX to SMSEMOA-greedy_multi-HUX', 'Equivalence_Line_19: SMSEMOA-greedy_ting-UX to UNSGA3-greedy_multi-2P', 'Equivalence_Line_20: SMSEMOA-greedy_ting-HUX to AGEMOEA2-greedy_multi-1P', 'Equivalence_Line_21: RVEA-greedy_ting-UX to SMSEMOA-greedy_multi-1P', 'Equivalence_Line_22: SPEA2-greedy_multi-HUX to RVEA-greedy_multi-1P']"
SMSEMOA-greedy_ting-UX,82.28456133919843,"['Equivalence_Line_1: SPEA2-random_dense-HUX to SPEA2-greedy_ting-2P', 'Equivalence_Line_2: SMSEMOA-random_dense-HUX to RVEA-random_dense-1P', 'Equivalence_Line_3: NSGA3-random_dense-UX to RVEA-random_dense-2P', 'Equivalence_Line_4: SMSEMOA-random_dense-2P to AGEMOEA2-greedy_ting-UX', 'Equivalence_Line_5: SPEA2-random_dense-1P to AGEMOEA2-greedy_ting-HUX', 'Equivalence_Line_6: SPEA2-random_dense-2P to NSGA3-greedy_ting-2P', 'Equivalence_Line_7: AGEMOEA2-random_dense-UX to UNSGA3-greedy_ting-2P', 'Equivalence_Line_8: SMSEMOA-random_dense-1P to SMSEMOA-greedy_ting-2P', 'Equivalence_Line_9: NSGA3-random_dense-1P to SMSEMOA-greedy_ting-1P', 'Equivalence_Line_10: SPEA2-greedy_ting-2P to SMSEMOA-greedy_ting-HUX', 'Equivalence_Line_11: SPEA2-greedy_ting-1P to RVEA-greedy_ting-HUX', 'Equivalence_Line_12: RVEA-random_dense-1P to RVEA-greedy_ting-2P', 'Equivalence_Line_13: NSGA2-greedy_ting-2P to NSGA2-greedy_multi-UX', 'Equivalence_Line_14: AGEMOEA2-greedy_ting-1P to AGEMOEA2-greedy_multi-HUX', 'Equivalence_Line_15: UNSGA3-greedy_ting-2P to UNSGA3-greedy_multi-UX', 'Equivalence_Line_16: UNSGA3-greedy_ting-1P to UNSGA3-greedy_multi-HUX', 'Equivalence_Line_17: RVEA-random_dense-UX to NSGA2-greedy_multi-1P', 'Equivalence_Line_18: NSGA3-greedy_ting-HUX to SMSEMOA-greedy_multi-HUX', 'Equivalence_Line_19: SMSEMOA-greedy_ting-UX to UNSGA3-greedy_multi-2P', 'Equivalence_Line_20: SMSEMOA-greedy_ting-HUX to AGEMOEA2-greedy_multi-1P', 'Equivalence_Line_21: RVEA-greedy_ting-UX to SMSEMOA-greedy_multi-1P', 'Equivalence_Line_22: SPEA2-greedy_multi-HUX to RVEA-greedy_multi-1P']"
SMSEMOA-greedy_ting-HUX,81.12666710862919,"['Equivalence_Line_1: SPEA2-random_dense-HUX to SPEA2-greedy_ting-2P', 'Equivalence_Line_2: SMSEMOA-random_dense-HUX to RVEA-random_dense-1P', 'Equivalence_Line_3: NSGA3-random_dense-UX to RVEA-random_dense-2P', 'Equivalence_Line_4: SMSEMOA-random_dense-2P to AGEMOEA2-greedy_ting-UX', 'Equivalence_Line_5: SPEA2-random_dense-1P to AGEMOEA2-greedy_ting-HUX', 'Equivalence_Line_6: SPEA2-random_dense-2P to NSGA3-greedy_ting-2P', 'Equivalence_Line_7: AGEMOEA2-random_dense-UX to UNSGA3-greedy_ting-2P', 'Equivalence_Line_8: SMSEMOA-random_dense-1P to SMSEMOA-greedy_ting-2P', 'Equivalence_Line_9: NSGA3-random_dense-1P to SMSEMOA-greedy_ting-1P', 'Equivalence_Line_10: SPEA2-greedy_ting-2P to SMSEMOA-greedy_ting-HUX', 'Equivalence_Line_11: SPEA2-greedy_ting-1P to RVEA-greedy_ting-HUX', 'Equivalence_Line_12: RVEA-random_dense-1P to RVEA-greedy_ting-2P', 'Equivalence_Line_13: NSGA2-greedy_ting-2P to NSGA2-greedy_multi-UX', 'Equivalence_Line_14: AGEMOEA2-greedy_ting-1P to AGEMOEA2-greedy_multi-HUX', 'Equivalence_Line_15: UNSGA3-greedy_ting-2P to UNSGA3-greedy_multi-UX', 'Equivalence_Line_16: UNSGA3-greedy_ting-1P to UNSGA3-greedy_multi-HUX', 'Equivalence_Line_17: RVEA-random_dense-UX to NSGA2-greedy_multi-1P', 'Equivalence_Line_18: NSGA3-greedy_ting-HUX to SMSEMOA-greedy_multi-HUX', 'Equivalence_Line_19: SMSEMOA-greedy_ting-UX to UNSGA3-greedy_multi-2P', 'Equivalence_Line_20: SMSEMOA-greedy_ting-HUX to AGEMOEA2-greedy_multi-1P', 'Equivalence_Line_21: RVEA-greedy_ting-UX to SMSEMOA-greedy_multi-1P', 'Equivalence_Line_22: SPEA2-greedy_multi-HUX to RVEA-greedy_multi-1P']"
RVEA-greedy_ting-UX,62.16044276045519,"['Equivalence_Line_1: SPEA2-random_dense-HUX to SPEA2-greedy_ting-2P', 'Equivalence_Line_2: SMSEMOA-random_dense-HUX to RVEA-random_dense-1P', 'Equivalence_Line_3: NSGA3-random_dense-UX to RVEA-random_dense-2P', 'Equivalence_Line_4: SMSEMOA-random_dense-2P to AGEMOEA2-greedy_ting-UX', 'Equivalence_Line_5: SPEA2-random_dense-1P to AGEMOEA2-greedy_ting-HUX', 'Equivalence_Line_6: SPEA2-random_dense-2P to NSGA3-greedy_ting-2P', 'Equivalence_Line_7: AGEMOEA2-random_dense-UX to UNSGA3-greedy_ting-2P', 'Equivalence_Line_8: SMSEMOA-random_dense-1P to SMSEMOA-greedy_ting-2P', 'Equivalence_Line_9: NSGA3-random_dense-1P to SMSEMOA-greedy_ting-1P', 'Equivalence_Line_10: SPEA2-greedy_ting-2P to SMSEMOA-greedy_ting-HUX', 'Equivalence_Line_11: SPEA2-greedy_ting-1P to RVEA-greedy_ting-HUX', 'Equivalence_Line_12: RVEA-random_dense-1P to RVEA-greedy_ting-2P', 'Equivalence_Line_13: NSGA2-greedy_ting-2P to NSGA2-greedy_multi-UX', 'Equivalence_Line_14: AGEMOEA2-greedy_ting-1P to AGEMOEA2-greedy_multi-HUX', 'Equivalence_Line_15: UNSGA3-greedy_ting-2P to UNSGA3-greedy_multi-UX', 'Equivalence_Line_16: UNSGA3-greedy_ting-1P to UNSGA3-greedy_multi-HUX', 'Equivalence_Line_17: RVEA-random_dense-UX to NSGA2-greedy_multi-1P', 'Equivalence_Line_18: NSGA3-greedy_ting-HUX to SMSEMOA-greedy_multi-HUX', 'Equivalence_Line_19: SMSEMOA-greedy_ting-UX to UNSGA3-greedy_multi-2P', 'Equivalence_Line_20: SMSEMOA-greedy_ting-HUX to AGEMOEA2-greedy_multi-1P', 'Equivalence_Line_21: RVEA-greedy_ting-UX to SMSEMOA-greedy_multi-1P', 'Equivalence_Line_22: SPEA2-greedy_multi-HUX to RVEA-greedy_multi-1P']"
RVEA-greedy_ting-HUX,60.35904711460931,"['Equivalence_Line_1: SPEA2-random_dense-HUX to SPEA2-greedy_ting-2P', 'Equivalence_Line_2: SMSEMOA-random_dense-HUX to RVEA-random_dense-1P', 'Equivalence_Line_3: NSGA3-random_dense-UX to RVEA-random_dense-2P', 'Equivalence_Line_4: SMSEMOA-random_dense-2P to AGEMOEA2-greedy_ting-UX', 'Equivalence_Line_5: SPEA2-random_dense-1P to AGEMOEA2-greedy_ting-HUX', 'Equivalence_Line_6: SPEA2-random_dense-2P to NSGA3-greedy_ting-2P', 'Equivalence_Line_7: AGEMOEA2-random_dense-UX to UNSGA3-greedy_ting-2P', 'Equivalence_Line_8: SMSEMOA-random_dense-1P to SMSEMOA-greedy_ting-2P', 'Equivalence_Line_9: NSGA3-random_dense-1P to SMSEMOA-greedy_ting-1P', 'Equivalence_Line_10: SPEA2-greedy_ting-2P to SMSEMOA-greedy_ting-HUX', 'Equivalence_Line_11: SPEA2-greedy_ting-1P to RVEA-greedy_ting-HUX', 'Equivalence_Line_12: RVEA-random_dense-1P to RVEA-greedy_ting-2P', 'Equivalence_Line_13: NSGA2-greedy_ting-2P to NSGA2-greedy_multi-UX', 'Equivalence_Line_14: AGEMOEA2-greedy_ting-1P to AGEMOEA2-greedy_multi-HUX', 'Equivalence_Line_15: UNSGA3-greedy_ting-2P to UNSGA3-greedy_multi-UX', 'Equivalence_Line_16: UNSGA3-greedy_ting-1P to UNSGA3-greedy_multi-HUX', 'Equivalence_Line_17: RVEA-random_dense-UX to NSGA2-greedy_multi-1P', 'Equivalence_Line_18: NSGA3-greedy_ting-HUX to SMSEMOA-greedy_multi-HUX', 'Equivalence_Line_19: SMSEMOA-greedy_ting-UX to UNSGA3-greedy_multi-2P', 'Equivalence_Line_20: SMSEMOA-greedy_ting-HUX to AGEMOEA2-greedy_multi-1P', 'Equivalence_Line_21: RVEA-greedy_ting-UX to SMSEMOA-greedy_multi-1P', 'Equivalence_Line_22: SPEA2-greedy_multi-HUX to RVEA-greedy_multi-1P']"
RVEA-greedy_ting-1P,48.74208084063975,"['Equivalence_Line_1: SPEA2-random_dense-HUX to SPEA2-greedy_ting-2P', 'Equivalence_Line_2: SMSEMOA-random_dense-HUX to RVEA-random_dense-1P', 'Equivalence_Line_3: NSGA3-random_dense-UX to RVEA-random_dense-2P', 'Equivalence_Line_4: SMSEMOA-random_dense-2P to AGEMOEA2-greedy_ting-UX', 'Equivalence_Line_5: SPEA2-random_dense-1P to AGEMOEA2-greedy_ting-HUX', 'Equivalence_Line_6: SPEA2-random_dense-2P to NSGA3-greedy_ting-2P', 'Equivalence_Line_7: AGEMOEA2-random_dense-UX to UNSGA3-greedy_ting-2P', 'Equivalence_Line_8: SMSEMOA-random_dense-1P to SMSEMOA-greedy_ting-2P', 'Equivalence_Line_9: NSGA3-random_dense-1P to SMSEMOA-greedy_ting-1P', 'Equivalence_Line_10: SPEA2-greedy_ting-2P to SMSEMOA-greedy_ting-HUX', 'Equivalence_Line_11: SPEA2-greedy_ting-1P to RVEA-greedy_ting-HUX', 'Equivalence_Line_12: RVEA-random_dense-1P to RVEA-greedy_ting-2P', 'Equivalence_Line_13: NSGA2-greedy_ting-2P to NSGA2-greedy_multi-UX', 'Equivalence_Line_14: AGEMOEA2-greedy_ting-1P to AGEMOEA2-greedy_multi-HUX', 'Equivalence_Line_15: UNSGA3-greedy_ting-2P to UNSGA3-greedy_multi-UX', 'Equivalence_Line_16: UNSGA3-greedy_ting-1P to UNSGA3-greedy_multi-HUX', 'Equivalence_Line_17: RVEA-random_dense-UX to NSGA2-greedy_multi-1P', 'Equivalence_Line_18: NSGA3-greedy_ting-HUX to SMSEMOA-greedy_multi-HUX', 'Equivalence_Line_19: SMSEMOA-greedy_ting-UX to UNSGA3-greedy_multi-2P', 'Equivalence_Line_20: SMSEMOA-greedy_ting-HUX to AGEMOEA2-greedy_multi-1P', 'Equivalence_Line_21: RVEA-greedy_ting-UX to SMSEMOA-greedy_multi-1P', 'Equivalence_Line_22: SPEA2-greedy_multi-HUX to RVEA-greedy_multi-1P']"
RVEA-greedy_ting-2P,42.325932147069715,"['Equivalence_Line_1: SPEA2-random_dense-HUX to SPEA2-greedy_ting-2P', 'Equivalence_Line_2: SMSEMOA-random_dense-HUX to RVEA-random_dense-1P', 'Equivalence_Line_3: NSGA3-random_dense-UX to RVEA-random_dense-2P', 'Equivalence_Line_4: SMSEMOA-random_dense-2P to AGEMOEA2-greedy_ting-UX', 'Equivalence_Line_5: SPEA2-random_dense-1P to AGEMOEA2-greedy_ting-HUX', 'Equivalence_Line_6: SPEA2-random_dense-2P to NSGA3-greedy_ting-2P', 'Equivalence_Line_7: AGEMOEA2-random_dense-UX to UNSGA3-greedy_ting-2P', 'Equivalence_Line_8: SMSEMOA-random_dense-1P to SMSEMOA-greedy_ting-2P', 'Equivalence_Line_9: NSGA3-random_dense-1P to SMSEMOA-greedy_ting-1P', 'Equivalence_Line_10: SPEA2-greedy_ting-2P to SMSEMOA-greedy_ting-HUX', 'Equivalence_Line_11: SPEA2-greedy_ting-1P to RVEA-greedy_ting-HUX', 'Equivalence_Line_12: RVEA-random_dense-1P to RVEA-greedy_ting-2P', 'Equivalence_Line_13: NSGA2-greedy_ting-2P to NSGA2-greedy_multi-UX', 'Equivalence_Line_14: AGEMOEA2-greedy_ting-1P to AGEMOEA2-greedy_multi-HUX', 'Equivalence_Line_15: UNSGA3-greedy_ting-2P to UNSGA3-greedy_multi-UX', 'Equivalence_Line_16: UNSGA3-greedy_ting-1P to UNSGA3-greedy_multi-HUX', 'Equivalence_Line_17: RVEA-random_dense-UX to NSGA2-greedy_multi-1P', 'Equivalence_Line_18: NSGA3-greedy_ting-HUX to SMSEMOA-greedy_multi-HUX', 'Equivalence_Line_19: SMSEMOA-greedy_ting-UX to UNSGA3-greedy_multi-2P', 'Equivalence_Line_20: SMSEMOA-greedy_ting-HUX to AGEMOEA2-greedy_multi-1P', 'Equivalence_Line_21: RVEA-greedy_ting-UX to SMSEMOA-greedy_multi-1P', 'Equivalence_Line_22: SPEA2-greedy_multi-HUX to RVEA-greedy_multi-1P']"
SPEA2-greedy_multi-HUX,21.866547336785843,"['Equivalence_Line_1: SPEA2-random_dense-HUX to SPEA2-greedy_ting-2P', 'Equivalence_Line_2: SMSEMOA-random_dense-HUX to RVEA-random_dense-1P', 'Equivalence_Line_3: NSGA3-random_dense-UX to RVEA-random_dense-2P', 'Equivalence_Line_4: SMSEMOA-random_dense-2P to AGEMOEA2-greedy_ting-UX', 'Equivalence_Line_5: SPEA2-random_dense-1P to AGEMOEA2-greedy_ting-HUX', 'Equivalence_Line_6: SPEA2-random_dense-2P to NSGA3-greedy_ting-2P', 'Equivalence_Line_7: AGEMOEA2-random_dense-UX to UNSGA3-greedy_ting-2P', 'Equivalence_Line_8: SMSEMOA-random_dense-1P to SMSEMOA-greedy_ting-2P', 'Equivalence_Line_9: NSGA3-random_dense-1P to SMSEMOA-greedy_ting-1P', 'Equivalence_Line_10: SPEA2-greedy_ting-2P to SMSEMOA-greedy_ting-HUX', 'Equivalence_Line_11: SPEA2-greedy_ting-1P to RVEA-greedy_ting-HUX', 'Equivalence_Line_12: RVEA-random_dense-1P to RVEA-greedy_ting-2P', 'Equivalence_Line_13: NSGA2-greedy_ting-2P to NSGA2-greedy_multi-UX', 'Equivalence_Line_14: AGEMOEA2-greedy_ting-1P to AGEMOEA2-greedy_multi-HUX', 'Equivalence_Line_15: UNSGA3-greedy_ting-2P to UNSGA3-greedy_multi-UX', 'Equivalence_Line_16: UNSGA3-greedy_ting-1P to UNSGA3-greedy_multi-HUX', 'Equivalence_Line_17: RVEA-random_dense-UX to NSGA2-greedy_multi-1P', 'Equivalence_Line_18: NSGA3-greedy_ting-HUX to SMSEMOA-greedy_multi-HUX', 'Equivalence_Line_19: SMSEMOA-greedy_ting-UX to UNSGA3-greedy_multi-2P', 'Equivalence_Line_20: SMSEMOA-greedy_ting-HUX to AGEMOEA2-greedy_multi-1P', 'Equivalence_Line_21: RVEA-greedy_ting-UX to SMSEMOA-greedy_multi-1P', 'Equivalence_Line_22: SPEA2-greedy_multi-HUX to RVEA-greedy_multi-1P']"
SPEA2-greedy_multi-UX,21.45867455439779,"['Equivalence_Line_1: SPEA2-random_dense-HUX to SPEA2-greedy_ting-2P', 'Equivalence_Line_2: SMSEMOA-random_dense-HUX to RVEA-random_dense-1P', 'Equivalence_Line_3: NSGA3-random_dense-UX to RVEA-random_dense-2P', 'Equivalence_Line_4: SMSEMOA-random_dense-2P to AGEMOEA2-greedy_ting-UX', 'Equivalence_Line_5: SPEA2-random_dense-1P to AGEMOEA2-greedy_ting-HUX', 'Equivalence_Line_6: SPEA2-random_dense-2P to NSGA3-greedy_ting-2P', 'Equivalence_Line_7: AGEMOEA2-random_dense-UX to UNSGA3-greedy_ting-2P', 'Equivalence_Line_8: SMSEMOA-random_dense-1P to SMSEMOA-greedy_ting-2P', 'Equivalence_Line_9: NSGA3-random_dense-1P to SMSEMOA-greedy_ting-1P', 'Equivalence_Line_10: SPEA2-greedy_ting-2P to SMSEMOA-greedy_ting-HUX', 'Equivalence_Line_11: SPEA2-greedy_ting-1P to RVEA-greedy_ting-HUX', 'Equivalence_Line_12: RVEA-random_dense-1P to RVEA-greedy_ting-2P', 'Equivalence_Line_13: NSGA2-greedy_ting-2P to NSGA2-greedy_multi-UX', 'Equivalence_Line_14: AGEMOEA2-greedy_ting-1P to AGEMOEA2-greedy_multi-HUX', 'Equivalence_Line_15: UNSGA3-greedy_ting-2P to UNSGA3-greedy_multi-UX', 'Equivalence_Line_16: UNSGA3-greedy_ting-1P to UNSGA3-greedy_multi-HUX', 'Equivalence_Line_17: RVEA-random_dense-UX to NSGA2-greedy_multi-1P', 'Equivalence_Line_18: NSGA3-greedy_ting-HUX to SMSEMOA-greedy_multi-HUX', 'Equivalence_Line_19: SMSEMOA-greedy_ting-UX to UNSGA3-greedy_multi-2P', 'Equivalence_Line_20: SMSEMOA-greedy_ting-HUX to AGEMOEA2-greedy_multi-1P', 'Equivalence_Line_21: RVEA-greedy_ting-UX to SMSEMOA-greedy_multi-1P', 'Equivalence_Line_22: SPEA2-greedy_multi-HUX to RVEA-greedy_multi-1P']"
NSGA2-greedy_multi-HUX,20.426323686355982,"['Equivalence_Line_1: SPEA2-random_dense-HUX to SPEA2-greedy_ting-2P', 'Equivalence_Line_2: SMSEMOA-random_dense-HUX to RVEA-random_dense-1P', 'Equivalence_Line_3: NSGA3-random_dense-UX to RVEA-random_dense-2P', 'Equivalence_Line_4: SMSEMOA-random_dense-2P to AGEMOEA2-greedy_ting-UX', 'Equivalence_Line_5: SPEA2-random_dense-1P to AGEMOEA2-greedy_ting-HUX', 'Equivalence_Line_6: SPEA2-random_dense-2P to NSGA3-greedy_ting-2P', 'Equivalence_Line_7: AGEMOEA2-random_dense-UX to UNSGA3-greedy_ting-2P', 'Equivalence_Line_8: SMSEMOA-random_dense-1P to SMSEMOA-greedy_ting-2P', 'Equivalence_Line_9: NSGA3-random_dense-1P to SMSEMOA-greedy_ting-1P', 'Equivalence_Line_10: SPEA2-greedy_ting-2P to SMSEMOA-greedy_ting-HUX', 'Equivalence_Line_11: SPEA2-greedy_ting-1P to RVEA-greedy_ting-HUX', 'Equivalence_Line_12: RVEA-random_dense-1P to RVEA-greedy_ting-2P', 'Equivalence_Line_13: NSGA2-greedy_ting-2P to NSGA2-greedy_multi-UX', 'Equivalence_Line_14: AGEMOEA2-greedy_ting-1P to AGEMOEA2-greedy_multi-HUX', 'Equivalence_Line_15: UNSGA3-greedy_ting-2P to UNSGA3-greedy_multi-UX', 'Equivalence_Line_16: UNSGA3-greedy_ting-1P to UNSGA3-greedy_multi-HUX', 'Equivalence_Line_17: RVEA-random_dense-UX to NSGA2-greedy_multi-1P', 'Equivalence_Line_18: NSGA3-greedy_ting-HUX to SMSEMOA-greedy_multi-HUX', 'Equivalence_Line_19: SMSEMOA-greedy_ting-UX to UNSGA3-greedy_multi-2P', 'Equivalence_Line_20: SMSEMOA-greedy_ting-HUX to AGEMOEA2-greedy_multi-1P', 'Equivalence_Line_21: RVEA-greedy_ting-UX to SMSEMOA-greedy_multi-1P', 'Equivalence_Line_22: SPEA2-greedy_multi-HUX to RVEA-greedy_multi-1P']"
NSGA2-greedy_multi-UX,20.22994553273562,"['Equivalence_Line_1: SPEA2-random_dense-HUX to SPEA2-greedy_ting-2P', 'Equivalence_Line_2: SMSEMOA-random_dense-HUX to RVEA-random_dense-1P', 'Equivalence_Line_3: NSGA3-random_dense-UX to RVEA-random_dense-2P', 'Equivalence_Line_4: SMSEMOA-random_dense-2P to AGEMOEA2-greedy_ting-UX', 'Equivalence_Line_5: SPEA2-random_dense-1P to AGEMOEA2-greedy_ting-HUX', 'Equivalence_Line_6: SPEA2-random_dense-2P to NSGA3-greedy_ting-2P', 'Equivalence_Line_7: AGEMOEA2-random_dense-UX to UNSGA3-greedy_ting-2P', 'Equivalence_Line_8: SMSEMOA-random_dense-1P to SMSEMOA-greedy_ting-2P', 'Equivalence_Line_9: NSGA3-random_dense-1P to SMSEMOA-greedy_ting-1P', 'Equivalence_Line_10: SPEA2-greedy_ting-2P to SMSEMOA-greedy_ting-HUX', 'Equivalence_Line_11: SPEA2-greedy_ting-1P to RVEA-greedy_ting-HUX', 'Equivalence_Line_12: RVEA-random_dense-1P to RVEA-greedy_ting-2P', 'Equivalence_Line_13: NSGA2-greedy_ting-2P to NSGA2-greedy_multi-UX', 'Equivalence_Line_14: AGEMOEA2-greedy_ting-1P to AGEMOEA2-greedy_multi-HUX', 'Equivalence_Line_15: UNSGA3-greedy_ting-2P to UNSGA3-greedy_multi-UX', 'Equivalence_Line_16: UNSGA3-greedy_ting-1P to UNSGA3-greedy_multi-HUX', 'Equivalence_Line_17: RVEA-random_dense-UX to NSGA2-greedy_multi-1P', 'Equivalence_Line_18: NSGA3-greedy_ting-HUX to SMSEMOA-greedy_multi-HUX', 'Equivalence_Line_19: SMSEMOA-greedy_ting-UX to UNSGA3-greedy_multi-2P', 'Equivalence_Line_20: SMSEMOA-greedy_ting-HUX to AGEMOEA2-greedy_multi-1P', 'Equivalence_Line_21: RVEA-greedy_ting-UX to SMSEMOA-greedy_multi-1P', 'Equivalence_Line_22: SPEA2-greedy_multi-HUX to RVEA-greedy_multi-1P']"
AGEMOEA2-greedy_multi-UX,18.452525815810823,"['Equivalence_Line_1: SPEA2-random_dense-HUX to SPEA2-greedy_ting-2P', 'Equivalence_Line_2: SMSEMOA-random_dense-HUX to RVEA-random_dense-1P', 'Equivalence_Line_3: NSGA3-random_dense-UX to RVEA-random_dense-2P', 'Equivalence_Line_4: SMSEMOA-random_dense-2P to AGEMOEA2-greedy_ting-UX', 'Equivalence_Line_5: SPEA2-random_dense-1P to AGEMOEA2-greedy_ting-HUX', 'Equivalence_Line_6: SPEA2-random_dense-2P to NSGA3-greedy_ting-2P', 'Equivalence_Line_7: AGEMOEA2-random_dense-UX to UNSGA3-greedy_ting-2P', 'Equivalence_Line_8: SMSEMOA-random_dense-1P to SMSEMOA-greedy_ting-2P', 'Equivalence_Line_9: NSGA3-random_dense-1P to SMSEMOA-greedy_ting-1P', 'Equivalence_Line_10: SPEA2-greedy_ting-2P to SMSEMOA-greedy_ting-HUX', 'Equivalence_Line_11: SPEA2-greedy_ting-1P to RVEA-greedy_ting-HUX', 'Equivalence_Line_12: RVEA-random_dense-1P to RVEA-greedy_ting-2P', 'Equivalence_Line_13: NSGA2-greedy_ting-2P to NSGA2-greedy_multi-UX', 'Equivalence_Line_14: AGEMOEA2-greedy_ting-1P to AGEMOEA2-greedy_multi-HUX', 'Equivalence_Line_15: UNSGA3-greedy_ting-2P to UNSGA3-greedy_multi-UX', 'Equivalence_Line_16: UNSGA3-greedy_ting-1P to UNSGA3-greedy_multi-HUX', 'Equivalence_Line_17: RVEA-random_dense-UX to NSGA2-greedy_multi-1P', 'Equivalence_Line_18: NSGA3-greedy_ting-HUX to SMSEMOA-greedy_multi-HUX', 'Equivalence_Line_19: SMSEMOA-greedy_ting-UX to UNSGA3-greedy_multi-2P', 'Equivalence_Line_20: SMSEMOA-greedy_ting-HUX to AGEMOEA2-greedy_multi-1P', 'Equivalence_Line_21: RVEA-greedy_ting-UX to SMSEMOA-greedy_multi-1P', 'Equivalence_Line_22: SPEA2-greedy_multi-HUX to RVEA-greedy_multi-1P']"
AGEMOEA2-greedy_multi-HUX,18.338621934859926,"['Equivalence_Line_1: SPEA2-random_dense-HUX to SPEA2-greedy_ting-2P', 'Equivalence_Line_2: SMSEMOA-random_dense-HUX to RVEA-random_dense-1P', 'Equivalence_Line_3: NSGA3-random_dense-UX to RVEA-random_dense-2P', 'Equivalence_Line_4: SMSEMOA-random_dense-2P to AGEMOEA2-greedy_ting-UX', 'Equivalence_Line_5: SPEA2-random_dense-1P to AGEMOEA2-greedy_ting-HUX', 'Equivalence_Line_6: SPEA2-random_dense-2P to NSGA3-greedy_ting-2P', 'Equivalence_Line_7: AGEMOEA2-random_dense-UX to UNSGA3-greedy_ting-2P', 'Equivalence_Line_8: SMSEMOA-random_dense-1P to SMSEMOA-greedy_ting-2P', 'Equivalence_Line_9: NSGA3-random_dense-1P to SMSEMOA-greedy_ting-1P', 'Equivalence_Line_10: SPEA2-greedy_ting-2P to SMSEMOA-greedy_ting-HUX', 'Equivalence_Line_11: SPEA2-greedy_ting-1P to RVEA-greedy_ting-HUX', 'Equivalence_Line_12: RVEA-random_dense-1P to RVEA-greedy_ting-2P', 'Equivalence_Line_13: NSGA2-greedy_ting-2P to NSGA2-greedy_multi-UX', 'Equivalence_Line_14: AGEMOEA2-greedy_ting-1P to AGEMOEA2-greedy_multi-HUX', 'Equivalence_Line_15: UNSGA3-greedy_ting-2P to UNSGA3-greedy_multi-UX', 'Equivalence_Line_16: UNSGA3-greedy_ting-1P to UNSGA3-greedy_multi-HUX', 'Equivalence_Line_17: RVEA-random_dense-UX to NSGA2-greedy_multi-1P', 'Equivalence_Line_18: NSGA3-greedy_ting-HUX to SMSEMOA-greedy_multi-HUX', 'Equivalence_Line_19: SMSEMOA-greedy_ting-UX to UNSGA3-greedy_multi-2P', 'Equivalence_Line_20: SMSEMOA-greedy_ting-HUX to AGEMOEA2-greedy_multi-1P', 'Equivalence_Line_21: RVEA-greedy_ting-UX to SMSEMOA-greedy_multi-1P', 'Equivalence_Line_22: SPEA2-greedy_multi-HUX to RVEA-greedy_multi-1P']"
UNSGA3-greedy_multi-UX,17.36534272343441,"['Equivalence_Line_1: SPEA2-random_dense-HUX to SPEA2-greedy_ting-2P', 'Equivalence_Line_2: SMSEMOA-random_dense-HUX to RVEA-random_dense-1P', 'Equivalence_Line_3: NSGA3-random_dense-UX to RVEA-random_dense-2P', 'Equivalence_Line_4: SMSEMOA-random_dense-2P to AGEMOEA2-greedy_ting-UX', 'Equivalence_Line_5: SPEA2-random_dense-1P to AGEMOEA2-greedy_ting-HUX', 'Equivalence_Line_6: SPEA2-random_dense-2P to NSGA3-greedy_ting-2P', 'Equivalence_Line_7: AGEMOEA2-random_dense-UX to UNSGA3-greedy_ting-2P', 'Equivalence_Line_8: SMSEMOA-random_dense-1P to SMSEMOA-greedy_ting-2P', 'Equivalence_Line_9: NSGA3-random_dense-1P to SMSEMOA-greedy_ting-1P', 'Equivalence_Line_10: SPEA2-greedy_ting-2P to SMSEMOA-greedy_ting-HUX', 'Equivalence_Line_11: SPEA2-greedy_ting-1P to RVEA-greedy_ting-HUX', 'Equivalence_Line_12: RVEA-random_dense-1P to RVEA-greedy_ting-2P', 'Equivalence_Line_13: NSGA2-greedy_ting-2P to NSGA2-greedy_multi-UX', 'Equivalence_Line_14: AGEMOEA2-greedy_ting-1P to AGEMOEA2-greedy_multi-HUX', 'Equivalence_Line_15: UNSGA3-greedy_ting-2P to UNSGA3-greedy_multi-UX', 'Equivalence_Line_16: UNSGA3-greedy_ting-1P to UNSGA3-greedy_multi-HUX', 'Equivalence_Line_17: RVEA-random_dense-UX to NSGA2-greedy_multi-1P', 'Equivalence_Line_18: NSGA3-greedy_ting-HUX to SMSEMOA-greedy_multi-HUX', 'Equivalence_Line_19: SMSEMOA-greedy_ting-UX to UNSGA3-greedy_multi-2P', 'Equivalence_Line_20: SMSEMOA-greedy_ting-HUX to AGEMOEA2-greedy_multi-1P', 'Equivalence_Line_21: RVEA-greedy_ting-UX to SMSEMOA-greedy_multi-1P', 'Equivalence_Line_22: SPEA2-greedy_multi-HUX to RVEA-greedy_multi-1P']"
NSGA3-greedy_multi-HUX,17.214717448251402,"['Equivalence_Line_1: SPEA2-random_dense-HUX to SPEA2-greedy_ting-2P', 'Equivalence_Line_2: SMSEMOA-random_dense-HUX to RVEA-random_dense-1P', 'Equivalence_Line_3: NSGA3-random_dense-UX to RVEA-random_dense-2P', 'Equivalence_Line_4: SMSEMOA-random_dense-2P to AGEMOEA2-greedy_ting-UX', 'Equivalence_Line_5: SPEA2-random_dense-1P to AGEMOEA2-greedy_ting-HUX', 'Equivalence_Line_6: SPEA2-random_dense-2P to NSGA3-greedy_ting-2P', 'Equivalence_Line_7: AGEMOEA2-random_dense-UX to UNSGA3-greedy_ting-2P', 'Equivalence_Line_8: SMSEMOA-random_dense-1P to SMSEMOA-greedy_ting-2P', 'Equivalence_Line_9: NSGA3-random_dense-1P to SMSEMOA-greedy_ting-1P', 'Equivalence_Line_10: SPEA2-greedy_ting-2P to SMSEMOA-greedy_ting-HUX', 'Equivalence_Line_11: SPEA2-greedy_ting-1P to RVEA-greedy_ting-HUX', 'Equivalence_Line_12: RVEA-random_dense-1P to RVEA-greedy_ting-2P', 'Equivalence_Line_13: NSGA2-greedy_ting-2P to NSGA2-greedy_multi-UX', 'Equivalence_Line_14: AGEMOEA2-greedy_ting-1P to AGEMOEA2-greedy_multi-HUX', 'Equivalence_Line_15: UNSGA3-greedy_ting-2P to UNSGA3-greedy_multi-UX', 'Equivalence_Line_16: UNSGA3-greedy_ting-1P to UNSGA3-greedy_multi-HUX', 'Equivalence_Line_17: RVEA-random_dense-UX to NSGA2-greedy_multi-1P', 'Equivalence_Line_18: NSGA3-greedy_ting-HUX to SMSEMOA-greedy_multi-HUX', 'Equivalence_Line_19: SMSEMOA-greedy_ting-UX to UNSGA3-greedy_multi-2P', 'Equivalence_Line_20: SMSEMOA-greedy_ting-HUX to AGEMOEA2-greedy_multi-1P', 'Equivalence_Line_21: RVEA-greedy_ting-UX to SMSEMOA-greedy_multi-1P', 'Equivalence_Line_22: SPEA2-greedy_multi-HUX to RVEA-greedy_multi-1P']"
UNSGA3-greedy_multi-HUX,16.866734081565216,"['Equivalence_Line_1: SPEA2-random_dense-HUX to SPEA2-greedy_ting-2P', 'Equivalence_Line_2: SMSEMOA-random_dense-HUX to RVEA-random_dense-1P', 'Equivalence_Line_3: NSGA3-random_dense-UX to RVEA-random_dense-2P', 'Equivalence_Line_4: SMSEMOA-random_dense-2P to AGEMOEA2-greedy_ting-UX', 'Equivalence_Line_5: SPEA2-random_dense-1P to AGEMOEA2-greedy_ting-HUX', 'Equivalence_Line_6: SPEA2-random_dense-2P to NSGA3-greedy_ting-2P', 'Equivalence_Line_7: AGEMOEA2-random_dense-UX to UNSGA3-greedy_ting-2P', 'Equivalence_Line_8: SMSEMOA-random_dense-1P to SMSEMOA-greedy_ting-2P', 'Equivalence_Line_9: NSGA3-random_dense-1P to SMSEMOA-greedy_ting-1P', 'Equivalence_Line_10: SPEA2-greedy_ting-2P to SMSEMOA-greedy_ting-HUX', 'Equivalence_Line_11: SPEA2-greedy_ting-1P to RVEA-greedy_ting-HUX', 'Equivalence_Line_12: RVEA-random_dense-1P to RVEA-greedy_ting-2P', 'Equivalence_Line_13: NSGA2-greedy_ting-2P to NSGA2-greedy_multi-UX', 'Equivalence_Line_14: AGEMOEA2-greedy_ting-1P to AGEMOEA2-greedy_multi-HUX', 'Equivalence_Line_15: UNSGA3-greedy_ting-2P to UNSGA3-greedy_multi-UX', 'Equivalence_Line_16: UNSGA3-greedy_ting-1P to UNSGA3-greedy_multi-HUX', 'Equivalence_Line_17: RVEA-random_dense-UX to NSGA2-greedy_multi-1P', 'Equivalence_Line_18: NSGA3-greedy_ting-HUX to SMSEMOA-greedy_multi-HUX', 'Equivalence_Line_19: SMSEMOA-greedy_ting-UX to UNSGA3-greedy_multi-2P', 'Equivalence_Line_20: SMSEMOA-greedy_ting-HUX to AGEMOEA2-greedy_multi-1P', 'Equivalence_Line_21: RVEA-greedy_ting-UX to SMSEMOA-greedy_multi-1P', 'Equivalence_Line_22: SPEA2-greedy_multi-HUX to RVEA-greedy_multi-1P']"
NSGA3-greedy_multi-UX,16.613208243802898,"['Equivalence_Line_1: SPEA2-random_dense-HUX to SPEA2-greedy_ting-2P', 'Equivalence_Line_2: SMSEMOA-random_dense-HUX to RVEA-random_dense-1P', 'Equivalence_Line_3: NSGA3-random_dense-UX to RVEA-random_dense-2P', 'Equivalence_Line_4: SMSEMOA-random_dense-2P to AGEMOEA2-greedy_ting-UX', 'Equivalence_Line_5: SPEA2-random_dense-1P to AGEMOEA2-greedy_ting-HUX', 'Equivalence_Line_6: SPEA2-random_dense-2P to NSGA3-greedy_ting-2P', 'Equivalence_Line_7: AGEMOEA2-random_dense-UX to UNSGA3-greedy_ting-2P', 'Equivalence_Line_8: SMSEMOA-random_dense-1P to SMSEMOA-greedy_ting-2P', 'Equivalence_Line_9: NSGA3-random_dense-1P to SMSEMOA-greedy_ting-1P', 'Equivalence_Line_10: SPEA2-greedy_ting-2P to SMSEMOA-greedy_ting-HUX', 'Equivalence_Line_11: SPEA2-greedy_ting-1P to RVEA-greedy_ting-HUX', 'Equivalence_Line_12: RVEA-random_dense-1P to RVEA-greedy_ting-2P', 'Equivalence_Line_13: NSGA2-greedy_ting-2P to NSGA2-greedy_multi-UX', 'Equivalence_Line_14: AGEMOEA2-greedy_ting-1P to AGEMOEA2-greedy_multi-HUX', 'Equivalence_Line_15: UNSGA3-greedy_ting-2P to UNSGA3-greedy_multi-UX', 'Equivalence_Line_16: UNSGA3-greedy_ting-1P to UNSGA3-greedy_multi-HUX', 'Equivalence_Line_17: RVEA-random_dense-UX to NSGA2-greedy_multi-1P', 'Equivalence_Line_18: NSGA3-greedy_ting-HUX to SMSEMOA-greedy_multi-HUX', 'Equivalence_Line_19: SMSEMOA-greedy_ting-UX to UNSGA3-greedy_multi-2P', 'Equivalence_Line_20: SMSEMOA-greedy_ting-HUX to AGEMOEA2-greedy_multi-1P', 'Equivalence_Line_21: RVEA-greedy_ting-UX to SMSEMOA-greedy_multi-1P', 'Equivalence_Line_22: SPEA2-greedy_multi-HUX to RVEA-greedy_multi-1P']"
NSGA2-greedy_multi-2P,16.44447858310359,"['Equivalence_Line_1: SPEA2-random_dense-HUX to SPEA2-greedy_ting-2P', 'Equivalence_Line_2: SMSEMOA-random_dense-HUX to RVEA-random_dense-1P', 'Equivalence_Line_3: NSGA3-random_dense-UX to RVEA-random_dense-2P', 'Equivalence_Line_4: SMSEMOA-random_dense-2P to AGEMOEA2-greedy_ting-UX', 'Equivalence_Line_5: SPEA2-random_dense-1P to AGEMOEA2-greedy_ting-HUX', 'Equivalence_Line_6: SPEA2-random_dense-2P to NSGA3-greedy_ting-2P', 'Equivalence_Line_7: AGEMOEA2-random_dense-UX to UNSGA3-greedy_ting-2P', 'Equivalence_Line_8: SMSEMOA-random_dense-1P to SMSEMOA-greedy_ting-2P', 'Equivalence_Line_9: NSGA3-random_dense-1P to SMSEMOA-greedy_ting-1P', 'Equivalence_Line_10: SPEA2-greedy_ting-2P to SMSEMOA-greedy_ting-HUX', 'Equivalence_Line_11: SPEA2-greedy_ting-1P to RVEA-greedy_ting-HUX', 'Equivalence_Line_12: RVEA-random_dense-1P to RVEA-greedy_ting-2P', 'Equivalence_Line_13: NSGA2-greedy_ting-2P to NSGA2-greedy_multi-UX', 'Equivalence_Line_14: AGEMOEA2-greedy_ting-1P to AGEMOEA2-greedy_multi-HUX', 'Equivalence_Line_15: UNSGA3-greedy_ting-2P to UNSGA3-greedy_multi-UX', 'Equivalence_Line_16: UNSGA3-greedy_ting-1P to UNSGA3-greedy_multi-HUX', 'Equivalence_Line_17: RVEA-random_dense-UX to NSGA2-greedy_multi-1P', 'Equivalence_Line_18: NSGA3-greedy_ting-HUX to SMSEMOA-greedy_multi-HUX', 'Equivalence_Line_19: SMSEMOA-greedy_ting-UX to UNSGA3-greedy_multi-2P', 'Equivalence_Line_20: SMSEMOA-greedy_ting-HUX to AGEMOEA2-greedy_multi-1P', 'Equivalence_Line_21: RVEA-greedy_ting-UX to SMSEMOA-greedy_multi-1P', 'Equivalence_Line_22: SPEA2-greedy_multi-HUX to RVEA-greedy_multi-1P']"
SPEA2-greedy_multi-2P,16.040150605228675,"['Equivalence_Line_1: SPEA2-random_dense-HUX to SPEA2-greedy_ting-2P', 'Equivalence_Line_2: SMSEMOA-random_dense-HUX to RVEA-random_dense-1P', 'Equivalence_Line_3: NSGA3-random_dense-UX to RVEA-random_dense-2P', 'Equivalence_Line_4: SMSEMOA-random_dense-2P to AGEMOEA2-greedy_ting-UX', 'Equivalence_Line_5: SPEA2-random_dense-1P to AGEMOEA2-greedy_ting-HUX', 'Equivalence_Line_6: SPEA2-random_dense-2P to NSGA3-greedy_ting-2P', 'Equivalence_Line_7: AGEMOEA2-random_dense-UX to UNSGA3-greedy_ting-2P', 'Equivalence_Line_8: SMSEMOA-random_dense-1P to SMSEMOA-greedy_ting-2P', 'Equivalence_Line_9: NSGA3-random_dense-1P to SMSEMOA-greedy_ting-1P', 'Equivalence_Line_10: SPEA2-greedy_ting-2P to SMSEMOA-greedy_ting-HUX', 'Equivalence_Line_11: SPEA2-greedy_ting-1P to RVEA-greedy_ting-HUX', 'Equivalence_Line_12: RVEA-random_dense-1P to RVEA-greedy_ting-2P', 'Equivalence_Line_13: NSGA2-greedy_ting-2P to NSGA2-greedy_multi-UX', 'Equivalence_Line_14: AGEMOEA2-greedy_ting-1P to AGEMOEA2-greedy_multi-HUX', 'Equivalence_Line_15: UNSGA3-greedy_ting-2P to UNSGA3-greedy_multi-UX', 'Equivalence_Line_16: UNSGA3-greedy_ting-1P to UNSGA3-greedy_multi-HUX', 'Equivalence_Line_17: RVEA-random_dense-UX to NSGA2-greedy_multi-1P', 'Equivalence_Line_18: NSGA3-greedy_ting-HUX to SMSEMOA-greedy_multi-HUX', 'Equivalence_Line_19: SMSEMOA-greedy_ting-UX to UNSGA3-greedy_multi-2P', 'Equivalence_Line_20: SMSEMOA-greedy_ting-HUX to AGEMOEA2-greedy_multi-1P', 'Equivalence_Line_21: RVEA-greedy_ting-UX to SMSEMOA-greedy_multi-1P', 'Equivalence_Line_22: SPEA2-greedy_multi-HUX to RVEA-greedy_multi-1P']"
NSGA2-greedy_multi-1P,15.520131892471122,"['Equivalence_Line_1: SPEA2-random_dense-HUX to SPEA2-greedy_ting-2P', 'Equivalence_Line_2: SMSEMOA-random_dense-HUX to RVEA-random_dense-1P', 'Equivalence_Line_3: NSGA3-random_dense-UX to RVEA-random_dense-2P', 'Equivalence_Line_4: SMSEMOA-random_dense-2P to AGEMOEA2-greedy_ting-UX', 'Equivalence_Line_5: SPEA2-random_dense-1P to AGEMOEA2-greedy_ting-HUX', 'Equivalence_Line_6: SPEA2-random_dense-2P to NSGA3-greedy_ting-2P', 'Equivalence_Line_7: AGEMOEA2-random_dense-UX to UNSGA3-greedy_ting-2P', 'Equivalence_Line_8: SMSEMOA-random_dense-1P to SMSEMOA-greedy_ting-2P', 'Equivalence_Line_9: NSGA3-random_dense-1P to SMSEMOA-greedy_ting-1P', 'Equivalence_Line_10: SPEA2-greedy_ting-2P to SMSEMOA-greedy_ting-HUX', 'Equivalence_Line_11: SPEA2-greedy_ting-1P to RVEA-greedy_ting-HUX', 'Equivalence_Line_12: RVEA-random_dense-1P to RVEA-greedy_ting-2P', 'Equivalence_Line_13: NSGA2-greedy_ting-2P to NSGA2-greedy_multi-UX', 'Equivalence_Line_14: AGEMOEA2-greedy_ting-1P to AGEMOEA2-greedy_multi-HUX', 'Equivalence_Line_15: UNSGA3-greedy_ting-2P to UNSGA3-greedy_multi-UX', 'Equivalence_Line_16: UNSGA3-greedy_ting-1P to UNSGA3-greedy_multi-HUX', 'Equivalence_Line_17: RVEA-random_dense-UX to NSGA2-greedy_multi-1P', 'Equivalence_Line_18: NSGA3-greedy_ting-HUX to SMSEMOA-greedy_multi-HUX', 'Equivalence_Line_19: SMSEMOA-greedy_ting-UX to UNSGA3-greedy_multi-2P', 'Equivalence_Line_20: SMSEMOA-greedy_ting-HUX to AGEMOEA2-greedy_multi-1P', 'Equivalence_Line_21: RVEA-greedy_ting-UX to SMSEMOA-greedy_multi-1P', 'Equivalence_Line_22: SPEA2-greedy_multi-HUX to RVEA-greedy_multi-1P']"
SMSEMOA-greedy_multi-UX,15.25034952164161,"['Equivalence_Line_1: SPEA2-random_dense-HUX to SPEA2-greedy_ting-2P', 'Equivalence_Line_2: SMSEMOA-random_dense-HUX to RVEA-random_dense-1P', 'Equivalence_Line_3: NSGA3-random_dense-UX to RVEA-random_dense-2P', 'Equivalence_Line_4: SMSEMOA-random_dense-2P to AGEMOEA2-greedy_ting-UX', 'Equivalence_Line_5: SPEA2-random_dense-1P to AGEMOEA2-greedy_ting-HUX', 'Equivalence_Line_6: SPEA2-random_dense-2P to NSGA3-greedy_ting-2P', 'Equivalence_Line_7: AGEMOEA2-random_dense-UX to UNSGA3-greedy_ting-2P', 'Equivalence_Line_8: SMSEMOA-random_dense-1P to SMSEMOA-greedy_ting-2P', 'Equivalence_Line_9: NSGA3-random_dense-1P to SMSEMOA-greedy_ting-1P', 'Equivalence_Line_10: SPEA2-greedy_ting-2P to SMSEMOA-greedy_ting-HUX', 'Equivalence_Line_11: SPEA2-greedy_ting-1P to RVEA-greedy_ting-HUX', 'Equivalence_Line_12: RVEA-random_dense-1P to RVEA-greedy_ting-2P', 'Equivalence_Line_13: NSGA2-greedy_ting-2P to NSGA2-greedy_multi-UX', 'Equivalence_Line_14: AGEMOEA2-greedy_ting-1P to AGEMOEA2-greedy_multi-HUX', 'Equivalence_Line_15: UNSGA3-greedy_ting-2P to UNSGA3-greedy_multi-UX', 'Equivalence_Line_16: UNSGA3-greedy_ting-1P to UNSGA3-greedy_multi-HUX', 'Equivalence_Line_17: RVEA-random_dense-UX to NSGA2-greedy_multi-1P', 'Equivalence_Line_18: NSGA3-greedy_ting-HUX to SMSEMOA-greedy_multi-HUX', 'Equivalence_Line_19: SMSEMOA-greedy_ting-UX to UNSGA3-greedy_multi-2P', 'Equivalence_Line_20: SMSEMOA-greedy_ting-HUX to AGEMOEA2-greedy_multi-1P', 'Equivalence_Line_21: RVEA-greedy_ting-UX to SMSEMOA-greedy_multi-1P', 'Equivalence_Line_22: SPEA2-greedy_multi-HUX to RVEA-greedy_multi-1P']"
SMSEMOA-greedy_multi-HUX,15.045192917419401,"['Equivalence_Line_1: SPEA2-random_dense-HUX to SPEA2-greedy_ting-2P', 'Equivalence_Line_2: SMSEMOA-random_dense-HUX to RVEA-random_dense-1P', 'Equivalence_Line_3: NSGA3-random_dense-UX to RVEA-random_dense-2P', 'Equivalence_Line_4: SMSEMOA-random_dense-2P to AGEMOEA2-greedy_ting-UX', 'Equivalence_Line_5: SPEA2-random_dense-1P to AGEMOEA2-greedy_ting-HUX', 'Equivalence_Line_6: SPEA2-random_dense-2P to NSGA3-greedy_ting-2P', 'Equivalence_Line_7: AGEMOEA2-random_dense-UX to UNSGA3-greedy_ting-2P', 'Equivalence_Line_8: SMSEMOA-random_dense-1P to SMSEMOA-greedy_ting-2P', 'Equivalence_Line_9: NSGA3-random_dense-1P to SMSEMOA-greedy_ting-1P', 'Equivalence_Line_10: SPEA2-greedy_ting-2P to SMSEMOA-greedy_ting-HUX', 'Equivalence_Line_11: SPEA2-greedy_ting-1P to RVEA-greedy_ting-HUX', 'Equivalence_Line_12: RVEA-random_dense-1P to RVEA-greedy_ting-2P', 'Equivalence_Line_13: NSGA2-greedy_ting-2P to NSGA2-greedy_multi-UX', 'Equivalence_Line_14: AGEMOEA2-greedy_ting-1P to AGEMOEA2-greedy_multi-HUX', 'Equivalence_Line_15: UNSGA3-greedy_ting-2P to UNSGA3-greedy_multi-UX', 'Equivalence_Line_16: UNSGA3-greedy_ting-1P to UNSGA3-greedy_multi-HUX', 'Equivalence_Line_17: RVEA-random_dense-UX to NSGA2-greedy_multi-1P', 'Equivalence_Line_18: NSGA3-greedy_ting-HUX to SMSEMOA-greedy_multi-HUX', 'Equivalence_Line_19: SMSEMOA-greedy_ting-UX to UNSGA3-greedy_multi-2P', 'Equivalence_Line_20: SMSEMOA-greedy_ting-HUX to AGEMOEA2-greedy_multi-1P', 'Equivalence_Line_21: RVEA-greedy_ting-UX to SMSEMOA-greedy_multi-1P', 'Equivalence_Line_22: SPEA2-greedy_multi-HUX to RVEA-greedy_multi-1P']"
SPEA2-greedy_multi-1P,14.816873349139993,"['Equivalence_Line_1: SPEA2-random_dense-HUX to SPEA2-greedy_ting-2P', 'Equivalence_Line_2: SMSEMOA-random_dense-HUX to RVEA-random_dense-1P', 'Equivalence_Line_3: NSGA3-random_dense-UX to RVEA-random_dense-2P', 'Equivalence_Line_4: SMSEMOA-random_dense-2P to AGEMOEA2-greedy_ting-UX', 'Equivalence_Line_5: SPEA2-random_dense-1P to AGEMOEA2-greedy_ting-HUX', 'Equivalence_Line_6: SPEA2-random_dense-2P to NSGA3-greedy_ting-2P', 'Equivalence_Line_7: AGEMOEA2-random_dense-UX to UNSGA3-greedy_ting-2P', 'Equivalence_Line_8: SMSEMOA-random_dense-1P to SMSEMOA-greedy_ting-2P', 'Equivalence_Line_9: NSGA3-random_dense-1P to SMSEMOA-greedy_ting-1P', 'Equivalence_Line_10: SPEA2-greedy_ting-2P to SMSEMOA-greedy_ting-HUX', 'Equivalence_Line_11: SPEA2-greedy_ting-1P to RVEA-greedy_ting-HUX', 'Equivalence_Line_12: RVEA-random_dense-1P to RVEA-greedy_ting-2P', 'Equivalence_Line_13: NSGA2-greedy_ting-2P to NSGA2-greedy_multi-UX', 'Equivalence_Line_14: AGEMOEA2-greedy_ting-1P to AGEMOEA2-greedy_multi-HUX', 'Equivalence_Line_15: UNSGA3-greedy_ting-2P to UNSGA3-greedy_multi-UX', 'Equivalence_Line_16: UNSGA3-greedy_ting-1P to UNSGA3-greedy_multi-HUX', 'Equivalence_Line_17: RVEA-random_dense-UX to NSGA2-greedy_multi-1P', 'Equivalence_Line_18: NSGA3-greedy_ting-HUX to SMSEMOA-greedy_multi-HUX', 'Equivalence_Line_19: SMSEMOA-greedy_ting-UX to UNSGA3-greedy_multi-2P', 'Equivalence_Line_20: SMSEMOA-greedy_ting-HUX to AGEMOEA2-greedy_multi-1P', 'Equivalence_Line_21: RVEA-greedy_ting-UX to SMSEMOA-greedy_multi-1P', 'Equivalence_Line_22: SPEA2-greedy_multi-HUX to RVEA-greedy_multi-1P']"
AGEMOEA2-greedy_multi-2P,14.757676888999812,"['Equivalence_Line_1: SPEA2-random_dense-HUX to SPEA2-greedy_ting-2P', 'Equivalence_Line_2: SMSEMOA-random_dense-HUX to RVEA-random_dense-1P', 'Equivalence_Line_3: NSGA3-random_dense-UX to RVEA-random_dense-2P', 'Equivalence_Line_4: SMSEMOA-random_dense-2P to AGEMOEA2-greedy_ting-UX', 'Equivalence_Line_5: SPEA2-random_dense-1P to AGEMOEA2-greedy_ting-HUX', 'Equivalence_Line_6: SPEA2-random_dense-2P to NSGA3-greedy_ting-2P', 'Equivalence_Line_7: AGEMOEA2-random_dense-UX to UNSGA3-greedy_ting-2P', 'Equivalence_Line_8: SMSEMOA-random_dense-1P to SMSEMOA-greedy_ting-2P', 'Equivalence_Line_9: NSGA3-random_dense-1P to SMSEMOA-greedy_ting-1P', 'Equivalence_Line_10: SPEA2-greedy_ting-2P to SMSEMOA-greedy_ting-HUX', 'Equivalence_Line_11: SPEA2-greedy_ting-1P to RVEA-greedy_ting-HUX', 'Equivalence_Line_12: RVEA-random_dense-1P to RVEA-greedy_ting-2P', 'Equivalence_Line_13: NSGA2-greedy_ting-2P to NSGA2-greedy_multi-UX', 'Equivalence_Line_14: AGEMOEA2-greedy_ting-1P to AGEMOEA2-greedy_multi-HUX', 'Equivalence_Line_15: UNSGA3-greedy_ting-2P to UNSGA3-greedy_multi-UX', 'Equivalence_Line_16: UNSGA3-greedy_ting-1P to UNSGA3-greedy_multi-HUX', 'Equivalence_Line_17: RVEA-random_dense-UX to NSGA2-greedy_multi-1P', 'Equivalence_Line_18: NSGA3-greedy_ting-HUX to SMSEMOA-greedy_multi-HUX', 'Equivalence_Line_19: SMSEMOA-greedy_ting-UX to UNSGA3-greedy_multi-2P', 'Equivalence_Line_20: SMSEMOA-greedy_ting-HUX to AGEMOEA2-greedy_multi-1P', 'Equivalence_Line_21: RVEA-greedy_ting-UX to SMSEMOA-greedy_multi-1P', 'Equivalence_Line_22: SPEA2-greedy_multi-HUX to RVEA-greedy_multi-1P']"
NSGA3-greedy_multi-2P,14.093517002657503,"['Equivalence_Line_1: SPEA2-random_dense-HUX to SPEA2-greedy_ting-2P', 'Equivalence_Line_2: SMSEMOA-random_dense-HUX to RVEA-random_dense-1P', 'Equivalence_Line_3: NSGA3-random_dense-UX to RVEA-random_dense-2P', 'Equivalence_Line_4: SMSEMOA-random_dense-2P to AGEMOEA2-greedy_ting-UX', 'Equivalence_Line_5: SPEA2-random_dense-1P to AGEMOEA2-greedy_ting-HUX', 'Equivalence_Line_6: SPEA2-random_dense-2P to NSGA3-greedy_ting-2P', 'Equivalence_Line_7: AGEMOEA2-random_dense-UX to UNSGA3-greedy_ting-2P', 'Equivalence_Line_8: SMSEMOA-random_dense-1P to SMSEMOA-greedy_ting-2P', 'Equivalence_Line_9: NSGA3-random_dense-1P to SMSEMOA-greedy_ting-1P', 'Equivalence_Line_10: SPEA2-greedy_ting-2P to SMSEMOA-greedy_ting-HUX', 'Equivalence_Line_11: SPEA2-greedy_ting-1P to RVEA-greedy_ting-HUX', 'Equivalence_Line_12: RVEA-random_dense-1P to RVEA-greedy_ting-2P', 'Equivalence_Line_13: NSGA2-greedy_ting-2P to NSGA2-greedy_multi-UX', 'Equivalence_Line_14: AGEMOEA2-greedy_ting-1P to AGEMOEA2-greedy_multi-HUX', 'Equivalence_Line_15: UNSGA3-greedy_ting-2P to UNSGA3-greedy_multi-UX', 'Equivalence_Line_16: UNSGA3-greedy_ting-1P to UNSGA3-greedy_multi-HUX', 'Equivalence_Line_17: RVEA-random_dense-UX to NSGA2-greedy_multi-1P', 'Equivalence_Line_18: NSGA3-greedy_ting-HUX to SMSEMOA-greedy_multi-HUX', 'Equivalence_Line_19: SMSEMOA-greedy_ting-UX to UNSGA3-greedy_multi-2P', 'Equivalence_Line_20: SMSEMOA-greedy_ting-HUX to AGEMOEA2-greedy_multi-1P', 'Equivalence_Line_21: RVEA-greedy_ting-UX to SMSEMOA-greedy_multi-1P', 'Equivalence_Line_22: SPEA2-greedy_multi-HUX to RVEA-greedy_multi-1P']"
UNSGA3-greedy_multi-2P,13.91221903215925,"['Equivalence_Line_1: SPEA2-random_dense-HUX to SPEA2-greedy_ting-2P', 'Equivalence_Line_2: SMSEMOA-random_dense-HUX to RVEA-random_dense-1P', 'Equivalence_Line_3: NSGA3-random_dense-UX to RVEA-random_dense-2P', 'Equivalence_Line_4: SMSEMOA-random_dense-2P to AGEMOEA2-greedy_ting-UX', 'Equivalence_Line_5: SPEA2-random_dense-1P to AGEMOEA2-greedy_ting-HUX', 'Equivalence_Line_6: SPEA2-random_dense-2P to NSGA3-greedy_ting-2P', 'Equivalence_Line_7: AGEMOEA2-random_dense-UX to UNSGA3-greedy_ting-2P', 'Equivalence_Line_8: SMSEMOA-random_dense-1P to SMSEMOA-greedy_ting-2P', 'Equivalence_Line_9: NSGA3-random_dense-1P to SMSEMOA-greedy_ting-1P', 'Equivalence_Line_10: SPEA2-greedy_ting-2P to SMSEMOA-greedy_ting-HUX', 'Equivalence_Line_11: SPEA2-greedy_ting-1P to RVEA-greedy_ting-HUX', 'Equivalence_Line_12: RVEA-random_dense-1P to RVEA-greedy_ting-2P', 'Equivalence_Line_13: NSGA2-greedy_ting-2P to NSGA2-greedy_multi-UX', 'Equivalence_Line_14: AGEMOEA2-greedy_ting-1P to AGEMOEA2-greedy_multi-HUX', 'Equivalence_Line_15: UNSGA3-greedy_ting-2P to UNSGA3-greedy_multi-UX', 'Equivalence_Line_16: UNSGA3-greedy_ting-1P to UNSGA3-greedy_multi-HUX', 'Equivalence_Line_17: RVEA-random_dense-UX to NSGA2-greedy_multi-1P', 'Equivalence_Line_18: NSGA3-greedy_ting-HUX to SMSEMOA-greedy_multi-HUX', 'Equivalence_Line_19: SMSEMOA-greedy_ting-UX to UNSGA3-greedy_multi-2P', 'Equivalence_Line_20: SMSEMOA-greedy_ting-HUX to AGEMOEA2-greedy_multi-1P', 'Equivalence_Line_21: RVEA-greedy_ting-UX to SMSEMOA-greedy_multi-1P', 'Equivalence_Line_22: SPEA2-greedy_multi-HUX to RVEA-greedy_multi-1P']"
AGEMOEA2-greedy_multi-1P,13.781807956018664,"['Equivalence_Line_1: SPEA2-random_dense-HUX to SPEA2-greedy_ting-2P', 'Equivalence_Line_2: SMSEMOA-random_dense-HUX to RVEA-random_dense-1P', 'Equivalence_Line_3: NSGA3-random_dense-UX to RVEA-random_dense-2P', 'Equivalence_Line_4: SMSEMOA-random_dense-2P to AGEMOEA2-greedy_ting-UX', 'Equivalence_Line_5: SPEA2-random_dense-1P to AGEMOEA2-greedy_ting-HUX', 'Equivalence_Line_6: SPEA2-random_dense-2P to NSGA3-greedy_ting-2P', 'Equivalence_Line_7: AGEMOEA2-random_dense-UX to UNSGA3-greedy_ting-2P', 'Equivalence_Line_8: SMSEMOA-random_dense-1P to SMSEMOA-greedy_ting-2P', 'Equivalence_Line_9: NSGA3-random_dense-1P to SMSEMOA-greedy_ting-1P', 'Equivalence_Line_10: SPEA2-greedy_ting-2P to SMSEMOA-greedy_ting-HUX', 'Equivalence_Line_11: SPEA2-greedy_ting-1P to RVEA-greedy_ting-HUX', 'Equivalence_Line_12: RVEA-random_dense-1P to RVEA-greedy_ting-2P', 'Equivalence_Line_13: NSGA2-greedy_ting-2P to NSGA2-greedy_multi-UX', 'Equivalence_Line_14: AGEMOEA2-greedy_ting-1P to AGEMOEA2-greedy_multi-HUX', 'Equivalence_Line_15: UNSGA3-greedy_ting-2P to UNSGA3-greedy_multi-UX', 'Equivalence_Line_16: UNSGA3-greedy_ting-1P to UNSGA3-greedy_multi-HUX', 'Equivalence_Line_17: RVEA-random_dense-UX to NSGA2-greedy_multi-1P', 'Equivalence_Line_18: NSGA3-greedy_ting-HUX to SMSEMOA-greedy_multi-HUX', 'Equivalence_Line_19: SMSEMOA-greedy_ting-UX to UNSGA3-greedy_multi-2P', 'Equivalence_Line_20: SMSEMOA-greedy_ting-HUX to AGEMOEA2-greedy_multi-1P', 'Equivalence_Line_21: RVEA-greedy_ting-UX to SMSEMOA-greedy_multi-1P', 'Equivalence_Line_22: SPEA2-greedy_multi-HUX to RVEA-greedy_multi-1P']"
UNSGA3-greedy_multi-1P,13.23538012732306,"['Equivalence_Line_1: SPEA2-random_dense-HUX to SPEA2-greedy_ting-2P', 'Equivalence_Line_2: SMSEMOA-random_dense-HUX to RVEA-random_dense-1P', 'Equivalence_Line_3: NSGA3-random_dense-UX to RVEA-random_dense-2P', 'Equivalence_Line_4: SMSEMOA-random_dense-2P to AGEMOEA2-greedy_ting-UX', 'Equivalence_Line_5: SPEA2-random_dense-1P to AGEMOEA2-greedy_ting-HUX', 'Equivalence_Line_6: SPEA2-random_dense-2P to NSGA3-greedy_ting-2P', 'Equivalence_Line_7: AGEMOEA2-random_dense-UX to UNSGA3-greedy_ting-2P', 'Equivalence_Line_8: SMSEMOA-random_dense-1P to SMSEMOA-greedy_ting-2P', 'Equivalence_Line_9: NSGA3-random_dense-1P to SMSEMOA-greedy_ting-1P', 'Equivalence_Line_10: SPEA2-greedy_ting-2P to SMSEMOA-greedy_ting-HUX', 'Equivalence_Line_11: SPEA2-greedy_ting-1P to RVEA-greedy_ting-HUX', 'Equivalence_Line_12: RVEA-random_dense-1P to RVEA-greedy_ting-2P', 'Equivalence_Line_13: NSGA2-greedy_ting-2P to NSGA2-greedy_multi-UX', 'Equivalence_Line_14: AGEMOEA2-greedy_ting-1P to AGEMOEA2-greedy_multi-HUX', 'Equivalence_Line_15: UNSGA3-greedy_ting-2P to UNSGA3-greedy_multi-UX', 'Equivalence_Line_16: UNSGA3-greedy_ting-1P to UNSGA3-greedy_multi-HUX', 'Equivalence_Line_17: RVEA-random_dense-UX to NSGA2-greedy_multi-1P', 'Equivalence_Line_18: NSGA3-greedy_ting-HUX to SMSEMOA-greedy_multi-HUX', 'Equivalence_Line_19: SMSEMOA-greedy_ting-UX to UNSGA3-greedy_multi-2P', 'Equivalence_Line_20: SMSEMOA-greedy_ting-HUX to AGEMOEA2-greedy_multi-1P', 'Equivalence_Line_21: RVEA-greedy_ting-UX to SMSEMOA-greedy_multi-1P', 'Equivalence_Line_22: SPEA2-greedy_multi-HUX to RVEA-greedy_multi-1P']"
SMSEMOA-greedy_multi-2P,13.214671537030249,"['Equivalence_Line_1: SPEA2-random_dense-HUX to SPEA2-greedy_ting-2P', 'Equivalence_Line_2: SMSEMOA-random_dense-HUX to RVEA-random_dense-1P', 'Equivalence_Line_3: NSGA3-random_dense-UX to RVEA-random_dense-2P', 'Equivalence_Line_4: SMSEMOA-random_dense-2P to AGEMOEA2-greedy_ting-UX', 'Equivalence_Line_5: SPEA2-random_dense-1P to AGEMOEA2-greedy_ting-HUX', 'Equivalence_Line_6: SPEA2-random_dense-2P to NSGA3-greedy_ting-2P', 'Equivalence_Line_7: AGEMOEA2-random_dense-UX to UNSGA3-greedy_ting-2P', 'Equivalence_Line_8: SMSEMOA-random_dense-1P to SMSEMOA-greedy_ting-2P', 'Equivalence_Line_9: NSGA3-random_dense-1P to SMSEMOA-greedy_ting-1P', 'Equivalence_Line_10: SPEA2-greedy_ting-2P to SMSEMOA-greedy_ting-HUX', 'Equivalence_Line_11: SPEA2-greedy_ting-1P to RVEA-greedy_ting-HUX', 'Equivalence_Line_12: RVEA-random_dense-1P to RVEA-greedy_ting-2P', 'Equivalence_Line_13: NSGA2-greedy_ting-2P to NSGA2-greedy_multi-UX', 'Equivalence_Line_14: AGEMOEA2-greedy_ting-1P to AGEMOEA2-greedy_multi-HUX', 'Equivalence_Line_15: UNSGA3-greedy_ting-2P to UNSGA3-greedy_multi-UX', 'Equivalence_Line_16: UNSGA3-greedy_ting-1P to UNSGA3-greedy_multi-HUX', 'Equivalence_Line_17: RVEA-random_dense-UX to NSGA2-greedy_multi-1P', 'Equivalence_Line_18: NSGA3-greedy_ting-HUX to SMSEMOA-greedy_multi-HUX', 'Equivalence_Line_19: SMSEMOA-greedy_ting-UX to UNSGA3-greedy_multi-2P', 'Equivalence_Line_20: SMSEMOA-greedy_ting-HUX to AGEMOEA2-greedy_multi-1P', 'Equivalence_Line_21: RVEA-greedy_ting-UX to SMSEMOA-greedy_multi-1P', 'Equivalence_Line_22: SPEA2-greedy_multi-HUX to RVEA-greedy_multi-1P']"
NSGA3-greedy_multi-1P,13.133048213204836,"['Equivalence_Line_1: SPEA2-random_dense-HUX to SPEA2-greedy_ting-2P', 'Equivalence_Line_2: SMSEMOA-random_dense-HUX to RVEA-random_dense-1P', 'Equivalence_Line_3: NSGA3-random_dense-UX to RVEA-random_dense-2P', 'Equivalence_Line_4: SMSEMOA-random_dense-2P to AGEMOEA2-greedy_ting-UX', 'Equivalence_Line_5: SPEA2-random_dense-1P to AGEMOEA2-greedy_ting-HUX', 'Equivalence_Line_6: SPEA2-random_dense-2P to NSGA3-greedy_ting-2P', 'Equivalence_Line_7: AGEMOEA2-random_dense-UX to UNSGA3-greedy_ting-2P', 'Equivalence_Line_8: SMSEMOA-random_dense-1P to SMSEMOA-greedy_ting-2P', 'Equivalence_Line_9: NSGA3-random_dense-1P to SMSEMOA-greedy_ting-1P', 'Equivalence_Line_10: SPEA2-greedy_ting-2P to SMSEMOA-greedy_ting-HUX', 'Equivalence_Line_11: SPEA2-greedy_ting-1P to RVEA-greedy_ting-HUX', 'Equivalence_Line_12: RVEA-random_dense-1P to RVEA-greedy_ting-2P', 'Equivalence_Line_13: NSGA2-greedy_ting-2P to NSGA2-greedy_multi-UX', 'Equivalence_Line_14: AGEMOEA2-greedy_ting-1P to AGEMOEA2-greedy_multi-HUX', 'Equivalence_Line_15: UNSGA3-greedy_ting-2P to UNSGA3-greedy_multi-UX', 'Equivalence_Line_16: UNSGA3-greedy_ting-1P to UNSGA3-greedy_multi-HUX', 'Equivalence_Line_17: RVEA-random_dense-UX to NSGA2-greedy_multi-1P', 'Equivalence_Line_18: NSGA3-greedy_ting-HUX to SMSEMOA-greedy_multi-HUX', 'Equivalence_Line_19: SMSEMOA-greedy_ting-UX to UNSGA3-greedy_multi-2P', 'Equivalence_Line_20: SMSEMOA-greedy_ting-HUX to AGEMOEA2-greedy_multi-1P', 'Equivalence_Line_21: RVEA-greedy_ting-UX to SMSEMOA-greedy_multi-1P', 'Equivalence_Line_22: SPEA2-greedy_multi-HUX to RVEA-greedy_multi-1P']"
SMSEMOA-greedy_multi-1P,12.950220881108914,"['Equivalence_Line_1: SPEA2-random_dense-HUX to SPEA2-greedy_ting-2P', 'Equivalence_Line_2: SMSEMOA-random_dense-HUX to RVEA-random_dense-1P', 'Equivalence_Line_3: NSGA3-random_dense-UX to RVEA-random_dense-2P', 'Equivalence_Line_4: SMSEMOA-random_dense-2P to AGEMOEA2-greedy_ting-UX', 'Equivalence_Line_5: SPEA2-random_dense-1P to AGEMOEA2-greedy_ting-HUX', 'Equivalence_Line_6: SPEA2-random_dense-2P to NSGA3-greedy_ting-2P', 'Equivalence_Line_7: AGEMOEA2-random_dense-UX to UNSGA3-greedy_ting-2P', 'Equivalence_Line_8: SMSEMOA-random_dense-1P to SMSEMOA-greedy_ting-2P', 'Equivalence_Line_9: NSGA3-random_dense-1P to SMSEMOA-greedy_ting-1P', 'Equivalence_Line_10: SPEA2-greedy_ting-2P to SMSEMOA-greedy_ting-HUX', 'Equivalence_Line_11: SPEA2-greedy_ting-1P to RVEA-greedy_ting-HUX', 'Equivalence_Line_12: RVEA-random_dense-1P to RVEA-greedy_ting-2P', 'Equivalence_Line_13: NSGA2-greedy_ting-2P to NSGA2-greedy_multi-UX', 'Equivalence_Line_14: AGEMOEA2-greedy_ting-1P to AGEMOEA2-greedy_multi-HUX', 'Equivalence_Line_15: UNSGA3-greedy_ting-2P to UNSGA3-greedy_multi-UX', 'Equivalence_Line_16: UNSGA3-greedy_ting-1P to UNSGA3-greedy_multi-HUX', 'Equivalence_Line_17: RVEA-random_dense-UX to NSGA2-greedy_multi-1P', 'Equivalence_Line_18: NSGA3-greedy_ting-HUX to SMSEMOA-greedy_multi-HUX', 'Equivalence_Line_19: SMSEMOA-greedy_ting-UX to UNSGA3-greedy_multi-2P', 'Equivalence_Line_20: SMSEMOA-greedy_ting-HUX to AGEMOEA2-greedy_multi-1P', 'Equivalence_Line_21: RVEA-greedy_ting-UX to SMSEMOA-greedy_multi-1P', 'Equivalence_Line_22: SPEA2-greedy_multi-HUX to RVEA-greedy_multi-1P']"
RVEA-greedy_multi-UX,10.03150272693012,"['Equivalence_Line_1: SPEA2-random_dense-HUX to SPEA2-greedy_ting-2P', 'Equivalence_Line_2: SMSEMOA-random_dense-HUX to RVEA-random_dense-1P', 'Equivalence_Line_3: NSGA3-random_dense-UX to RVEA-random_dense-2P', 'Equivalence_Line_4: SMSEMOA-random_dense-2P to AGEMOEA2-greedy_ting-UX', 'Equivalence_Line_5: SPEA2-random_dense-1P to AGEMOEA2-greedy_ting-HUX', 'Equivalence_Line_6: SPEA2-random_dense-2P to NSGA3-greedy_ting-2P', 'Equivalence_Line_7: AGEMOEA2-random_dense-UX to UNSGA3-greedy_ting-2P', 'Equivalence_Line_8: SMSEMOA-random_dense-1P to SMSEMOA-greedy_ting-2P', 'Equivalence_Line_9: NSGA3-random_dense-1P to SMSEMOA-greedy_ting-1P', 'Equivalence_Line_10: SPEA2-greedy_ting-2P to SMSEMOA-greedy_ting-HUX', 'Equivalence_Line_11: SPEA2-greedy_ting-1P to RVEA-greedy_ting-HUX', 'Equivalence_Line_12: RVEA-random_dense-1P to RVEA-greedy_ting-2P', 'Equivalence_Line_13: NSGA2-greedy_ting-2P to NSGA2-greedy_multi-UX', 'Equivalence_Line_14: AGEMOEA2-greedy_ting-1P to AGEMOEA2-greedy_multi-HUX', 'Equivalence_Line_15: UNSGA3-greedy_ting-2P to UNSGA3-greedy_multi-UX', 'Equivalence_Line_16: UNSGA3-greedy_ting-1P to UNSGA3-greedy_multi-HUX', 'Equivalence_Line_17: RVEA-random_dense-UX to NSGA2-greedy_multi-1P', 'Equivalence_Line_18: NSGA3-greedy_ting-HUX to SMSEMOA-greedy_multi-HUX', 'Equivalence_Line_19: SMSEMOA-greedy_ting-UX to UNSGA3-greedy_multi-2P', 'Equivalence_Line_20: SMSEMOA-greedy_ting-HUX to AGEMOEA2-greedy_multi-1P', 'Equivalence_Line_21: RVEA-greedy_ting-UX to SMSEMOA-greedy_multi-1P', 'Equivalence_Line_22: SPEA2-greedy_multi-HUX to RVEA-greedy_multi-1P']"
RVEA-greedy_multi-HUX,9.92830939580521,"['Equivalence_Line_1: SPEA2-random_dense-HUX to SPEA2-greedy_ting-2P', 'Equivalence_Line_2: SMSEMOA-random_dense-HUX to RVEA-random_dense-1P', 'Equivalence_Line_3: NSGA3-random_dense-UX to RVEA-random_dense-2P', 'Equivalence_Line_4: SMSEMOA-random_dense-2P to AGEMOEA2-greedy_ting-UX', 'Equivalence_Line_5: SPEA2-random_dense-1P to AGEMOEA2-greedy_ting-HUX', 'Equivalence_Line_6: SPEA2-random_dense-2P to NSGA3-greedy_ting-2P', 'Equivalence_Line_7: AGEMOEA2-random_dense-UX to UNSGA3-greedy_ting-2P', 'Equivalence_Line_8: SMSEMOA-random_dense-1P to SMSEMOA-greedy_ting-2P', 'Equivalence_Line_9: NSGA3-random_dense-1P to SMSEMOA-greedy_ting-1P', 'Equivalence_Line_10: SPEA2-greedy_ting-2P to SMSEMOA-greedy_ting-HUX', 'Equivalence_Line_11: SPEA2-greedy_ting-1P to RVEA-greedy_ting-HUX', 'Equivalence_Line_12: RVEA-random_dense-1P to RVEA-greedy_ting-2P', 'Equivalence_Line_13: NSGA2-greedy_ting-2P to NSGA2-greedy_multi-UX', 'Equivalence_Line_14: AGEMOEA2-greedy_ting-1P to AGEMOEA2-greedy_multi-HUX', 'Equivalence_Line_15: UNSGA3-greedy_ting-2P to UNSGA3-greedy_multi-UX', 'Equivalence_Line_16: UNSGA3-greedy_ting-1P to UNSGA3-greedy_multi-HUX', 'Equivalence_Line_17: RVEA-random_dense-UX to NSGA2-greedy_multi-1P', 'Equivalence_Line_18: NSGA3-greedy_ting-HUX to SMSEMOA-greedy_multi-HUX', 'Equivalence_Line_19: SMSEMOA-greedy_ting-UX to UNSGA3-greedy_multi-2P', 'Equivalence_Line_20: SMSEMOA-greedy_ting-HUX to AGEMOEA2-greedy_multi-1P', 'Equivalence_Line_21: RVEA-greedy_ting-UX to SMSEMOA-greedy_multi-1P', 'Equivalence_Line_22: SPEA2-greedy_multi-HUX to RVEA-greedy_multi-1P']"
RVEA-greedy_multi-2P,9.064355941948767,"['Equivalence_Line_1: SPEA2-random_dense-HUX to SPEA2-greedy_ting-2P', 'Equivalence_Line_2: SMSEMOA-random_dense-HUX to RVEA-random_dense-1P', 'Equivalence_Line_3: NSGA3-random_dense-UX to RVEA-random_dense-2P', 'Equivalence_Line_4: SMSEMOA-random_dense-2P to AGEMOEA2-greedy_ting-UX', 'Equivalence_Line_5: SPEA2-random_dense-1P to AGEMOEA2-greedy_ting-HUX', 'Equivalence_Line_6: SPEA2-random_dense-2P to NSGA3-greedy_ting-2P', 'Equivalence_Line_7: AGEMOEA2-random_dense-UX to UNSGA3-greedy_ting-2P', 'Equivalence_Line_8: SMSEMOA-random_dense-1P to SMSEMOA-greedy_ting-2P', 'Equivalence_Line_9: NSGA3-random_dense-1P to SMSEMOA-greedy_ting-1P', 'Equivalence_Line_10: SPEA2-greedy_ting-2P to SMSEMOA-greedy_ting-HUX', 'Equivalence_Line_11: SPEA2-greedy_ting-1P to RVEA-greedy_ting-HUX', 'Equivalence_Line_12: RVEA-random_dense-1P to RVEA-greedy_ting-2P', 'Equivalence_Line_13: NSGA2-greedy_ting-2P to NSGA2-greedy_multi-UX', 'Equivalence_Line_14: AGEMOEA2-greedy_ting-1P to AGEMOEA2-greedy_multi-HUX', 'Equivalence_Line_15: UNSGA3-greedy_ting-2P to UNSGA3-greedy_multi-UX', 'Equivalence_Line_16: UNSGA3-greedy_ting-1P to UNSGA3-greedy_multi-HUX', 'Equivalence_Line_17: RVEA-random_dense-UX to NSGA2-greedy_multi-1P', 'Equivalence_Line_18: NSGA3-greedy_ting-HUX to SMSEMOA-greedy_multi-HUX', 'Equivalence_Line_19: SMSEMOA-greedy_ting-UX to UNSGA3-greedy_multi-2P', 'Equivalence_Line_20: SMSEMOA-greedy_ting-HUX to AGEMOEA2-greedy_multi-1P', 'Equivalence_Line_21: RVEA-greedy_ting-UX to SMSEMOA-greedy_multi-1P', 'Equivalence_Line_22: SPEA2-greedy_multi-HUX to RVEA-greedy_multi-1P']"
RVEA-greedy_multi-1P,8.364956618582074,"['Equivalence_Line_1: SPEA2-random_dense-HUX to SPEA2-greedy_ting-2P', 'Equivalence_Line_2: SMSEMOA-random_dense-HUX to RVEA-random_dense-1P', 'Equivalence_Line_3: NSGA3-random_dense-UX to RVEA-random_dense-2P', 'Equivalence_Line_4: SMSEMOA-random_dense-2P to AGEMOEA2-greedy_ting-UX', 'Equivalence_Line_5: SPEA2-random_dense-1P to AGEMOEA2-greedy_ting-HUX', 'Equivalence_Line_6: SPEA2-random_dense-2P to NSGA3-greedy_ting-2P', 'Equivalence_Line_7: AGEMOEA2-random_dense-UX to UNSGA3-greedy_ting-2P', 'Equivalence_Line_8: SMSEMOA-random_dense-1P to SMSEMOA-greedy_ting-2P', 'Equivalence_Line_9: NSGA3-random_dense-1P to SMSEMOA-greedy_ting-1P', 'Equivalence_Line_10: SPEA2-greedy_ting-2P to SMSEMOA-greedy_ting-HUX', 'Equivalence_Line_11: SPEA2-greedy_ting-1P to RVEA-greedy_ting-HUX', 'Equivalence_Line_12: RVEA-random_dense-1P to RVEA-greedy_ting-2P', 'Equivalence_Line_13: NSGA2-greedy_ting-2P to NSGA2-greedy_multi-UX', 'Equivalence_Line_14: AGEMOEA2-greedy_ting-1P to AGEMOEA2-greedy_multi-HUX', 'Equivalence_Line_15: UNSGA3-greedy_ting-2P to UNSGA3-greedy_multi-UX', 'Equivalence_Line_16: UNSGA3-greedy_ting-1P to UNSGA3-greedy_multi-HUX', 'Equivalence_Line_17: RVEA-random_dense-UX to NSGA2-greedy_multi-1P', 'Equivalence_Line_18: NSGA3-greedy_ting-HUX to SMSEMOA-greedy_multi-HUX', 'Equivalence_Line_19: SMSEMOA-greedy_ting-UX to UNSGA3-greedy_multi-2P', 'Equivalence_Line_20: SMSEMOA-greedy_ting-HUX to AGEMOEA2-greedy_multi-1P', 'Equivalence_Line_21: RVEA-greedy_ting-UX to SMSEMOA-greedy_multi-1P', 'Equivalence_Line_22: SPEA2-greedy_multi-HUX to RVEA-greedy_multi-1P']"
