Group,Mean,Equivalence_Lines
SMSEMOA-greedy_ting-HUX,0.24837653695841386,"['Equivalence_Line_1: SMSEMOA-greedy_ting-HUX to NSGA2-greedy_multi-2P', 'Equivalence_Line_2: SMSEMOA-greedy_ting-UX to SMSEMOA-greedy_multi-1P', 'Equivalence_Line_3: SMSEMOA-random_dense-UX to NSGA2-random_dense-1P', 'Equivalence_Line_4: SMSEMOA-random_dense-2P to AGEMOEA2-greedy_multi-HUX', 'Equivalence_Line_5: SMSEMOA-random_dense-1P to RVEA-random_dense-2P', 'Equivalence_Line_6: RVEA-random_dense-HUX to UNSGA3-greedy_multi-UX', 'Equivalence_Line_7: SMSEMOA-greedy_ting-2P to NSGA3-random_dense-1P', 'Equivalence_Line_8: NSGA3-random_dense-HUX to NSGA3-random_dense-2P', 'Equivalence_Line_9: NSGA2-random_dense-HUX to NSGA3-greedy_ting-HUX', 'Equivalence_Line_10: NSGA2-random_dense-UX to AGEMOEA2-random_dense-2P', 'Equivalence_Line_11: SMSEMOA-greedy_ting-1P to UNSGA3-greedy_ting-HUX', 'Equivalence_Line_12: NSGA2-greedy_multi-HUX to SMSEMOA-greedy_multi-UX', 'Equivalence_Line_13: NSGA2-greedy_multi-UX to UNSGA3-greedy_ting-UX', 'Equivalence_Line_14: NSGA2-greedy_ting-UX to AGEMOEA2-greedy_multi-1P', 'Equivalence_Line_15: AGEMOEA2-random_dense-HUX to SPEA2-random_dense-UX', 'Equivalence_Line_16: NSGA2-greedy_multi-1P to UNSGA3-greedy_multi-1P', 'Equivalence_Line_17: SMSEMOA-greedy_multi-1P to SPEA2-greedy_multi-HUX', 'Equivalence_Line_18: AGEMOEA2-greedy_multi-HUX to NSGA2-greedy_ting-2P', 'Equivalence_Line_19: AGEMOEA2-greedy_multi-UX to AGEMOEA2-greedy_ting-HUX', 'Equivalence_Line_20: SMSEMOA-greedy_multi-2P to SPEA2-random_dense-1P', 'Equivalence_Line_21: RVEA-random_dense-2P to SPEA2-greedy_multi-1P', 'Equivalence_Line_22: UNSGA3-greedy_multi-UX to SPEA2-greedy_multi-2P', 'Equivalence_Line_23: RVEA-random_dense-1P to NSGA2-greedy_ting-1P', 'Equivalence_Line_24: UNSGA3-greedy_ting-HUX to UNSGA3-greedy_ting-2P', 'Equivalence_Line_25: AGEMOEA2-random_dense-1P to AGEMOEA2-greedy_ting-2P', 'Equivalence_Line_26: UNSGA3-greedy_multi-2P to NSGA3-greedy_ting-1P', 'Equivalence_Line_27: SMSEMOA-greedy_multi-UX to SPEA2-greedy_ting-2P', 'Equivalence_Line_28: UNSGA3-greedy_ting-UX to UNSGA3-greedy_ting-1P', 'Equivalence_Line_29: SPEA2-random_dense-UX to SPEA2-greedy_ting-1P', 'Equivalence_Line_30: SPEA2-random_dense-HUX to RVEA-greedy_multi-2P', 'Equivalence_Line_31: SPEA2-greedy_multi-UX to RVEA-greedy_multi-HUX', 'Equivalence_Line_32: SPEA2-random_dense-1P to RVEA-greedy_ting-2P']"
SMSEMOA-greedy_ting-UX,0.24721627630199647,"['Equivalence_Line_1: SMSEMOA-greedy_ting-HUX to NSGA2-greedy_multi-2P', 'Equivalence_Line_2: SMSEMOA-greedy_ting-UX to SMSEMOA-greedy_multi-1P', 'Equivalence_Line_3: SMSEMOA-random_dense-UX to NSGA2-random_dense-1P', 'Equivalence_Line_4: SMSEMOA-random_dense-2P to AGEMOEA2-greedy_multi-HUX', 'Equivalence_Line_5: SMSEMOA-random_dense-1P to RVEA-random_dense-2P', 'Equivalence_Line_6: RVEA-random_dense-HUX to UNSGA3-greedy_multi-UX', 'Equivalence_Line_7: SMSEMOA-greedy_ting-2P to NSGA3-random_dense-1P', 'Equivalence_Line_8: NSGA3-random_dense-HUX to NSGA3-random_dense-2P', 'Equivalence_Line_9: NSGA2-random_dense-HUX to NSGA3-greedy_ting-HUX', 'Equivalence_Line_10: NSGA2-random_dense-UX to AGEMOEA2-random_dense-2P', 'Equivalence_Line_11: SMSEMOA-greedy_ting-1P to UNSGA3-greedy_ting-HUX', 'Equivalence_Line_12: NSGA2-greedy_multi-HUX to SMSEMOA-greedy_multi-UX', 'Equivalence_Line_13: NSGA2-greedy_multi-UX to UNSGA3-greedy_ting-UX', 'Equivalence_Line_14: NSGA2-greedy_ting-UX to AGEMOEA2-greedy_multi-1P', 'Equivalence_Line_15: AGEMOEA2-random_dense-HUX to SPEA2-random_dense-UX', 'Equivalence_Line_16: NSGA2-greedy_multi-1P to UNSGA3-greedy_multi-1P', 'Equivalence_Line_17: SMSEMOA-greedy_multi-1P to SPEA2-greedy_multi-HUX', 'Equivalence_Line_18: AGEMOEA2-greedy_multi-HUX to NSGA2-greedy_ting-2P', 'Equivalence_Line_19: AGEMOEA2-greedy_multi-UX to AGEMOEA2-greedy_ting-HUX', 'Equivalence_Line_20: SMSEMOA-greedy_multi-2P to SPEA2-random_dense-1P', 'Equivalence_Line_21: RVEA-random_dense-2P to SPEA2-greedy_multi-1P', 'Equivalence_Line_22: UNSGA3-greedy_multi-UX to SPEA2-greedy_multi-2P', 'Equivalence_Line_23: RVEA-random_dense-1P to NSGA2-greedy_ting-1P', 'Equivalence_Line_24: UNSGA3-greedy_ting-HUX to UNSGA3-greedy_ting-2P', 'Equivalence_Line_25: AGEMOEA2-random_dense-1P to AGEMOEA2-greedy_ting-2P', 'Equivalence_Line_26: UNSGA3-greedy_multi-2P to NSGA3-greedy_ting-1P', 'Equivalence_Line_27: SMSEMOA-greedy_multi-UX to SPEA2-greedy_ting-2P', 'Equivalence_Line_28: UNSGA3-greedy_ting-UX to UNSGA3-greedy_ting-1P', 'Equivalence_Line_29: SPEA2-random_dense-UX to SPEA2-greedy_ting-1P', 'Equivalence_Line_30: SPEA2-random_dense-HUX to RVEA-greedy_multi-2P', 'Equivalence_Line_31: SPEA2-greedy_multi-UX to RVEA-greedy_multi-HUX', 'Equivalence_Line_32: SPEA2-random_dense-1P to RVEA-greedy_ting-2P']"
SMSEMOA-random_dense-UX,0.2435040806865513,"['Equivalence_Line_1: SMSEMOA-greedy_ting-HUX to NSGA2-greedy_multi-2P', 'Equivalence_Line_2: SMSEMOA-greedy_ting-UX to SMSEMOA-greedy_multi-1P', 'Equivalence_Line_3: SMSEMOA-random_dense-UX to NSGA2-random_dense-1P', 'Equivalence_Line_4: SMSEMOA-random_dense-2P to AGEMOEA2-greedy_multi-HUX', 'Equivalence_Line_5: SMSEMOA-random_dense-1P to RVEA-random_dense-2P', 'Equivalence_Line_6: RVEA-random_dense-HUX to UNSGA3-greedy_multi-UX', 'Equivalence_Line_7: SMSEMOA-greedy_ting-2P to NSGA3-random_dense-1P', 'Equivalence_Line_8: NSGA3-random_dense-HUX to NSGA3-random_dense-2P', 'Equivalence_Line_9: NSGA2-random_dense-HUX to NSGA3-greedy_ting-HUX', 'Equivalence_Line_10: NSGA2-random_dense-UX to AGEMOEA2-random_dense-2P', 'Equivalence_Line_11: SMSEMOA-greedy_ting-1P to UNSGA3-greedy_ting-HUX', 'Equivalence_Line_12: NSGA2-greedy_multi-HUX to SMSEMOA-greedy_multi-UX', 'Equivalence_Line_13: NSGA2-greedy_multi-UX to UNSGA3-greedy_ting-UX', 'Equivalence_Line_14: NSGA2-greedy_ting-UX to AGEMOEA2-greedy_multi-1P', 'Equivalence_Line_15: AGEMOEA2-random_dense-HUX to SPEA2-random_dense-UX', 'Equivalence_Line_16: NSGA2-greedy_multi-1P to UNSGA3-greedy_multi-1P', 'Equivalence_Line_17: SMSEMOA-greedy_multi-1P to SPEA2-greedy_multi-HUX', 'Equivalence_Line_18: AGEMOEA2-greedy_multi-HUX to NSGA2-greedy_ting-2P', 'Equivalence_Line_19: AGEMOEA2-greedy_multi-UX to AGEMOEA2-greedy_ting-HUX', 'Equivalence_Line_20: SMSEMOA-greedy_multi-2P to SPEA2-random_dense-1P', 'Equivalence_Line_21: RVEA-random_dense-2P to SPEA2-greedy_multi-1P', 'Equivalence_Line_22: UNSGA3-greedy_multi-UX to SPEA2-greedy_multi-2P', 'Equivalence_Line_23: RVEA-random_dense-1P to NSGA2-greedy_ting-1P', 'Equivalence_Line_24: UNSGA3-greedy_ting-HUX to UNSGA3-greedy_ting-2P', 'Equivalence_Line_25: AGEMOEA2-random_dense-1P to AGEMOEA2-greedy_ting-2P', 'Equivalence_Line_26: UNSGA3-greedy_multi-2P to NSGA3-greedy_ting-1P', 'Equivalence_Line_27: SMSEMOA-greedy_multi-UX to SPEA2-greedy_ting-2P', 'Equivalence_Line_28: UNSGA3-greedy_ting-UX to UNSGA3-greedy_ting-1P', 'Equivalence_Line_29: SPEA2-random_dense-UX to SPEA2-greedy_ting-1P', 'Equivalence_Line_30: SPEA2-random_dense-HUX to RVEA-greedy_multi-2P', 'Equivalence_Line_31: SPEA2-greedy_multi-UX to RVEA-greedy_multi-HUX', 'Equivalence_Line_32: SPEA2-random_dense-1P to RVEA-greedy_ting-2P']"
SMSEMOA-random_dense-HUX,0.2421737989913468,"['Equivalence_Line_1: SMSEMOA-greedy_ting-HUX to NSGA2-greedy_multi-2P', 'Equivalence_Line_2: SMSEMOA-greedy_ting-UX to SMSEMOA-greedy_multi-1P', 'Equivalence_Line_3: SMSEMOA-random_dense-UX to NSGA2-random_dense-1P', 'Equivalence_Line_4: SMSEMOA-random_dense-2P to AGEMOEA2-greedy_multi-HUX', 'Equivalence_Line_5: SMSEMOA-random_dense-1P to RVEA-random_dense-2P', 'Equivalence_Line_6: RVEA-random_dense-HUX to UNSGA3-greedy_multi-UX', 'Equivalence_Line_7: SMSEMOA-greedy_ting-2P to NSGA3-random_dense-1P', 'Equivalence_Line_8: NSGA3-random_dense-HUX to NSGA3-random_dense-2P', 'Equivalence_Line_9: NSGA2-random_dense-HUX to NSGA3-greedy_ting-HUX', 'Equivalence_Line_10: NSGA2-random_dense-UX to AGEMOEA2-random_dense-2P', 'Equivalence_Line_11: SMSEMOA-greedy_ting-1P to UNSGA3-greedy_ting-HUX', 'Equivalence_Line_12: NSGA2-greedy_multi-HUX to SMSEMOA-greedy_multi-UX', 'Equivalence_Line_13: NSGA2-greedy_multi-UX to UNSGA3-greedy_ting-UX', 'Equivalence_Line_14: NSGA2-greedy_ting-UX to AGEMOEA2-greedy_multi-1P', 'Equivalence_Line_15: AGEMOEA2-random_dense-HUX to SPEA2-random_dense-UX', 'Equivalence_Line_16: NSGA2-greedy_multi-1P to UNSGA3-greedy_multi-1P', 'Equivalence_Line_17: SMSEMOA-greedy_multi-1P to SPEA2-greedy_multi-HUX', 'Equivalence_Line_18: AGEMOEA2-greedy_multi-HUX to NSGA2-greedy_ting-2P', 'Equivalence_Line_19: AGEMOEA2-greedy_multi-UX to AGEMOEA2-greedy_ting-HUX', 'Equivalence_Line_20: SMSEMOA-greedy_multi-2P to SPEA2-random_dense-1P', 'Equivalence_Line_21: RVEA-random_dense-2P to SPEA2-greedy_multi-1P', 'Equivalence_Line_22: UNSGA3-greedy_multi-UX to SPEA2-greedy_multi-2P', 'Equivalence_Line_23: RVEA-random_dense-1P to NSGA2-greedy_ting-1P', 'Equivalence_Line_24: UNSGA3-greedy_ting-HUX to UNSGA3-greedy_ting-2P', 'Equivalence_Line_25: AGEMOEA2-random_dense-1P to AGEMOEA2-greedy_ting-2P', 'Equivalence_Line_26: UNSGA3-greedy_multi-2P to NSGA3-greedy_ting-1P', 'Equivalence_Line_27: SMSEMOA-greedy_multi-UX to SPEA2-greedy_ting-2P', 'Equivalence_Line_28: UNSGA3-greedy_ting-UX to UNSGA3-greedy_ting-1P', 'Equivalence_Line_29: SPEA2-random_dense-UX to SPEA2-greedy_ting-1P', 'Equivalence_Line_30: SPEA2-random_dense-HUX to RVEA-greedy_multi-2P', 'Equivalence_Line_31: SPEA2-greedy_multi-UX to RVEA-greedy_multi-HUX', 'Equivalence_Line_32: SPEA2-random_dense-1P to RVEA-greedy_ting-2P']"
SMSEMOA-random_dense-2P,0.23275401129645013,"['Equivalence_Line_1: SMSEMOA-greedy_ting-HUX to NSGA2-greedy_multi-2P', 'Equivalence_Line_2: SMSEMOA-greedy_ting-UX to SMSEMOA-greedy_multi-1P', 'Equivalence_Line_3: SMSEMOA-random_dense-UX to NSGA2-random_dense-1P', 'Equivalence_Line_4: SMSEMOA-random_dense-2P to AGEMOEA2-greedy_multi-HUX', 'Equivalence_Line_5: SMSEMOA-random_dense-1P to RVEA-random_dense-2P', 'Equivalence_Line_6: RVEA-random_dense-HUX to UNSGA3-greedy_multi-UX', 'Equivalence_Line_7: SMSEMOA-greedy_ting-2P to NSGA3-random_dense-1P', 'Equivalence_Line_8: NSGA3-random_dense-HUX to NSGA3-random_dense-2P', 'Equivalence_Line_9: NSGA2-random_dense-HUX to NSGA3-greedy_ting-HUX', 'Equivalence_Line_10: NSGA2-random_dense-UX to AGEMOEA2-random_dense-2P', 'Equivalence_Line_11: SMSEMOA-greedy_ting-1P to UNSGA3-greedy_ting-HUX', 'Equivalence_Line_12: NSGA2-greedy_multi-HUX to SMSEMOA-greedy_multi-UX', 'Equivalence_Line_13: NSGA2-greedy_multi-UX to UNSGA3-greedy_ting-UX', 'Equivalence_Line_14: NSGA2-greedy_ting-UX to AGEMOEA2-greedy_multi-1P', 'Equivalence_Line_15: AGEMOEA2-random_dense-HUX to SPEA2-random_dense-UX', 'Equivalence_Line_16: NSGA2-greedy_multi-1P to UNSGA3-greedy_multi-1P', 'Equivalence_Line_17: SMSEMOA-greedy_multi-1P to SPEA2-greedy_multi-HUX', 'Equivalence_Line_18: AGEMOEA2-greedy_multi-HUX to NSGA2-greedy_ting-2P', 'Equivalence_Line_19: AGEMOEA2-greedy_multi-UX to AGEMOEA2-greedy_ting-HUX', 'Equivalence_Line_20: SMSEMOA-greedy_multi-2P to SPEA2-random_dense-1P', 'Equivalence_Line_21: RVEA-random_dense-2P to SPEA2-greedy_multi-1P', 'Equivalence_Line_22: UNSGA3-greedy_multi-UX to SPEA2-greedy_multi-2P', 'Equivalence_Line_23: RVEA-random_dense-1P to NSGA2-greedy_ting-1P', 'Equivalence_Line_24: UNSGA3-greedy_ting-HUX to UNSGA3-greedy_ting-2P', 'Equivalence_Line_25: AGEMOEA2-random_dense-1P to AGEMOEA2-greedy_ting-2P', 'Equivalence_Line_26: UNSGA3-greedy_multi-2P to NSGA3-greedy_ting-1P', 'Equivalence_Line_27: SMSEMOA-greedy_multi-UX to SPEA2-greedy_ting-2P', 'Equivalence_Line_28: UNSGA3-greedy_ting-UX to UNSGA3-greedy_ting-1P', 'Equivalence_Line_29: SPEA2-random_dense-UX to SPEA2-greedy_ting-1P', 'Equivalence_Line_30: SPEA2-random_dense-HUX to RVEA-greedy_multi-2P', 'Equivalence_Line_31: SPEA2-greedy_multi-UX to RVEA-greedy_multi-HUX', 'Equivalence_Line_32: SPEA2-random_dense-1P to RVEA-greedy_ting-2P']"
SMSEMOA-random_dense-1P,0.22813749677776043,"['Equivalence_Line_1: SMSEMOA-greedy_ting-HUX to NSGA2-greedy_multi-2P', 'Equivalence_Line_2: SMSEMOA-greedy_ting-UX to SMSEMOA-greedy_multi-1P', 'Equivalence_Line_3: SMSEMOA-random_dense-UX to NSGA2-random_dense-1P', 'Equivalence_Line_4: SMSEMOA-random_dense-2P to AGEMOEA2-greedy_multi-HUX', 'Equivalence_Line_5: SMSEMOA-random_dense-1P to RVEA-random_dense-2P', 'Equivalence_Line_6: RVEA-random_dense-HUX to UNSGA3-greedy_multi-UX', 'Equivalence_Line_7: SMSEMOA-greedy_ting-2P to NSGA3-random_dense-1P', 'Equivalence_Line_8: NSGA3-random_dense-HUX to NSGA3-random_dense-2P', 'Equivalence_Line_9: NSGA2-random_dense-HUX to NSGA3-greedy_ting-HUX', 'Equivalence_Line_10: NSGA2-random_dense-UX to AGEMOEA2-random_dense-2P', 'Equivalence_Line_11: SMSEMOA-greedy_ting-1P to UNSGA3-greedy_ting-HUX', 'Equivalence_Line_12: NSGA2-greedy_multi-HUX to SMSEMOA-greedy_multi-UX', 'Equivalence_Line_13: NSGA2-greedy_multi-UX to UNSGA3-greedy_ting-UX', 'Equivalence_Line_14: NSGA2-greedy_ting-UX to AGEMOEA2-greedy_multi-1P', 'Equivalence_Line_15: AGEMOEA2-random_dense-HUX to SPEA2-random_dense-UX', 'Equivalence_Line_16: NSGA2-greedy_multi-1P to UNSGA3-greedy_multi-1P', 'Equivalence_Line_17: SMSEMOA-greedy_multi-1P to SPEA2-greedy_multi-HUX', 'Equivalence_Line_18: AGEMOEA2-greedy_multi-HUX to NSGA2-greedy_ting-2P', 'Equivalence_Line_19: AGEMOEA2-greedy_multi-UX to AGEMOEA2-greedy_ting-HUX', 'Equivalence_Line_20: SMSEMOA-greedy_multi-2P to SPEA2-random_dense-1P', 'Equivalence_Line_21: RVEA-random_dense-2P to SPEA2-greedy_multi-1P', 'Equivalence_Line_22: UNSGA3-greedy_multi-UX to SPEA2-greedy_multi-2P', 'Equivalence_Line_23: RVEA-random_dense-1P to NSGA2-greedy_ting-1P', 'Equivalence_Line_24: UNSGA3-greedy_ting-HUX to UNSGA3-greedy_ting-2P', 'Equivalence_Line_25: AGEMOEA2-random_dense-1P to AGEMOEA2-greedy_ting-2P', 'Equivalence_Line_26: UNSGA3-greedy_multi-2P to NSGA3-greedy_ting-1P', 'Equivalence_Line_27: SMSEMOA-greedy_multi-UX to SPEA2-greedy_ting-2P', 'Equivalence_Line_28: UNSGA3-greedy_ting-UX to UNSGA3-greedy_ting-1P', 'Equivalence_Line_29: SPEA2-random_dense-UX to SPEA2-greedy_ting-1P', 'Equivalence_Line_30: SPEA2-random_dense-HUX to RVEA-greedy_multi-2P', 'Equivalence_Line_31: SPEA2-greedy_multi-UX to RVEA-greedy_multi-HUX', 'Equivalence_Line_32: SPEA2-random_dense-1P to RVEA-greedy_ting-2P']"
RVEA-random_dense-HUX,0.2279138503145674,"['Equivalence_Line_1: SMSEMOA-greedy_ting-HUX to NSGA2-greedy_multi-2P', 'Equivalence_Line_2: SMSEMOA-greedy_ting-UX to SMSEMOA-greedy_multi-1P', 'Equivalence_Line_3: SMSEMOA-random_dense-UX to NSGA2-random_dense-1P', 'Equivalence_Line_4: SMSEMOA-random_dense-2P to AGEMOEA2-greedy_multi-HUX', 'Equivalence_Line_5: SMSEMOA-random_dense-1P to RVEA-random_dense-2P', 'Equivalence_Line_6: RVEA-random_dense-HUX to UNSGA3-greedy_multi-UX', 'Equivalence_Line_7: SMSEMOA-greedy_ting-2P to NSGA3-random_dense-1P', 'Equivalence_Line_8: NSGA3-random_dense-HUX to NSGA3-random_dense-2P', 'Equivalence_Line_9: NSGA2-random_dense-HUX to NSGA3-greedy_ting-HUX', 'Equivalence_Line_10: NSGA2-random_dense-UX to AGEMOEA2-random_dense-2P', 'Equivalence_Line_11: SMSEMOA-greedy_ting-1P to UNSGA3-greedy_ting-HUX', 'Equivalence_Line_12: NSGA2-greedy_multi-HUX to SMSEMOA-greedy_multi-UX', 'Equivalence_Line_13: NSGA2-greedy_multi-UX to UNSGA3-greedy_ting-UX', 'Equivalence_Line_14: NSGA2-greedy_ting-UX to AGEMOEA2-greedy_multi-1P', 'Equivalence_Line_15: AGEMOEA2-random_dense-HUX to SPEA2-random_dense-UX', 'Equivalence_Line_16: NSGA2-greedy_multi-1P to UNSGA3-greedy_multi-1P', 'Equivalence_Line_17: SMSEMOA-greedy_multi-1P to SPEA2-greedy_multi-HUX', 'Equivalence_Line_18: AGEMOEA2-greedy_multi-HUX to NSGA2-greedy_ting-2P', 'Equivalence_Line_19: AGEMOEA2-greedy_multi-UX to AGEMOEA2-greedy_ting-HUX', 'Equivalence_Line_20: SMSEMOA-greedy_multi-2P to SPEA2-random_dense-1P', 'Equivalence_Line_21: RVEA-random_dense-2P to SPEA2-greedy_multi-1P', 'Equivalence_Line_22: UNSGA3-greedy_multi-UX to SPEA2-greedy_multi-2P', 'Equivalence_Line_23: RVEA-random_dense-1P to NSGA2-greedy_ting-1P', 'Equivalence_Line_24: UNSGA3-greedy_ting-HUX to UNSGA3-greedy_ting-2P', 'Equivalence_Line_25: AGEMOEA2-random_dense-1P to AGEMOEA2-greedy_ting-2P', 'Equivalence_Line_26: UNSGA3-greedy_multi-2P to NSGA3-greedy_ting-1P', 'Equivalence_Line_27: SMSEMOA-greedy_multi-UX to SPEA2-greedy_ting-2P', 'Equivalence_Line_28: UNSGA3-greedy_ting-UX to UNSGA3-greedy_ting-1P', 'Equivalence_Line_29: SPEA2-random_dense-UX to SPEA2-greedy_ting-1P', 'Equivalence_Line_30: SPEA2-random_dense-HUX to RVEA-greedy_multi-2P', 'Equivalence_Line_31: SPEA2-greedy_multi-UX to RVEA-greedy_multi-HUX', 'Equivalence_Line_32: SPEA2-random_dense-1P to RVEA-greedy_ting-2P']"
RVEA-random_dense-UX,0.22744538455204152,"['Equivalence_Line_1: SMSEMOA-greedy_ting-HUX to NSGA2-greedy_multi-2P', 'Equivalence_Line_2: SMSEMOA-greedy_ting-UX to SMSEMOA-greedy_multi-1P', 'Equivalence_Line_3: SMSEMOA-random_dense-UX to NSGA2-random_dense-1P', 'Equivalence_Line_4: SMSEMOA-random_dense-2P to AGEMOEA2-greedy_multi-HUX', 'Equivalence_Line_5: SMSEMOA-random_dense-1P to RVEA-random_dense-2P', 'Equivalence_Line_6: RVEA-random_dense-HUX to UNSGA3-greedy_multi-UX', 'Equivalence_Line_7: SMSEMOA-greedy_ting-2P to NSGA3-random_dense-1P', 'Equivalence_Line_8: NSGA3-random_dense-HUX to NSGA3-random_dense-2P', 'Equivalence_Line_9: NSGA2-random_dense-HUX to NSGA3-greedy_ting-HUX', 'Equivalence_Line_10: NSGA2-random_dense-UX to AGEMOEA2-random_dense-2P', 'Equivalence_Line_11: SMSEMOA-greedy_ting-1P to UNSGA3-greedy_ting-HUX', 'Equivalence_Line_12: NSGA2-greedy_multi-HUX to SMSEMOA-greedy_multi-UX', 'Equivalence_Line_13: NSGA2-greedy_multi-UX to UNSGA3-greedy_ting-UX', 'Equivalence_Line_14: NSGA2-greedy_ting-UX to AGEMOEA2-greedy_multi-1P', 'Equivalence_Line_15: AGEMOEA2-random_dense-HUX to SPEA2-random_dense-UX', 'Equivalence_Line_16: NSGA2-greedy_multi-1P to UNSGA3-greedy_multi-1P', 'Equivalence_Line_17: SMSEMOA-greedy_multi-1P to SPEA2-greedy_multi-HUX', 'Equivalence_Line_18: AGEMOEA2-greedy_multi-HUX to NSGA2-greedy_ting-2P', 'Equivalence_Line_19: AGEMOEA2-greedy_multi-UX to AGEMOEA2-greedy_ting-HUX', 'Equivalence_Line_20: SMSEMOA-greedy_multi-2P to SPEA2-random_dense-1P', 'Equivalence_Line_21: RVEA-random_dense-2P to SPEA2-greedy_multi-1P', 'Equivalence_Line_22: UNSGA3-greedy_multi-UX to SPEA2-greedy_multi-2P', 'Equivalence_Line_23: RVEA-random_dense-1P to NSGA2-greedy_ting-1P', 'Equivalence_Line_24: UNSGA3-greedy_ting-HUX to UNSGA3-greedy_ting-2P', 'Equivalence_Line_25: AGEMOEA2-random_dense-1P to AGEMOEA2-greedy_ting-2P', 'Equivalence_Line_26: UNSGA3-greedy_multi-2P to NSGA3-greedy_ting-1P', 'Equivalence_Line_27: SMSEMOA-greedy_multi-UX to SPEA2-greedy_ting-2P', 'Equivalence_Line_28: UNSGA3-greedy_ting-UX to UNSGA3-greedy_ting-1P', 'Equivalence_Line_29: SPEA2-random_dense-UX to SPEA2-greedy_ting-1P', 'Equivalence_Line_30: SPEA2-random_dense-HUX to RVEA-greedy_multi-2P', 'Equivalence_Line_31: SPEA2-greedy_multi-UX to RVEA-greedy_multi-HUX', 'Equivalence_Line_32: SPEA2-random_dense-1P to RVEA-greedy_ting-2P']"
SMSEMOA-greedy_ting-2P,0.22491256592399872,"['Equivalence_Line_1: SMSEMOA-greedy_ting-HUX to NSGA2-greedy_multi-2P', 'Equivalence_Line_2: SMSEMOA-greedy_ting-UX to SMSEMOA-greedy_multi-1P', 'Equivalence_Line_3: SMSEMOA-random_dense-UX to NSGA2-random_dense-1P', 'Equivalence_Line_4: SMSEMOA-random_dense-2P to AGEMOEA2-greedy_multi-HUX', 'Equivalence_Line_5: SMSEMOA-random_dense-1P to RVEA-random_dense-2P', 'Equivalence_Line_6: RVEA-random_dense-HUX to UNSGA3-greedy_multi-UX', 'Equivalence_Line_7: SMSEMOA-greedy_ting-2P to NSGA3-random_dense-1P', 'Equivalence_Line_8: NSGA3-random_dense-HUX to NSGA3-random_dense-2P', 'Equivalence_Line_9: NSGA2-random_dense-HUX to NSGA3-greedy_ting-HUX', 'Equivalence_Line_10: NSGA2-random_dense-UX to AGEMOEA2-random_dense-2P', 'Equivalence_Line_11: SMSEMOA-greedy_ting-1P to UNSGA3-greedy_ting-HUX', 'Equivalence_Line_12: NSGA2-greedy_multi-HUX to SMSEMOA-greedy_multi-UX', 'Equivalence_Line_13: NSGA2-greedy_multi-UX to UNSGA3-greedy_ting-UX', 'Equivalence_Line_14: NSGA2-greedy_ting-UX to AGEMOEA2-greedy_multi-1P', 'Equivalence_Line_15: AGEMOEA2-random_dense-HUX to SPEA2-random_dense-UX', 'Equivalence_Line_16: NSGA2-greedy_multi-1P to UNSGA3-greedy_multi-1P', 'Equivalence_Line_17: SMSEMOA-greedy_multi-1P to SPEA2-greedy_multi-HUX', 'Equivalence_Line_18: AGEMOEA2-greedy_multi-HUX to NSGA2-greedy_ting-2P', 'Equivalence_Line_19: AGEMOEA2-greedy_multi-UX to AGEMOEA2-greedy_ting-HUX', 'Equivalence_Line_20: SMSEMOA-greedy_multi-2P to SPEA2-random_dense-1P', 'Equivalence_Line_21: RVEA-random_dense-2P to SPEA2-greedy_multi-1P', 'Equivalence_Line_22: UNSGA3-greedy_multi-UX to SPEA2-greedy_multi-2P', 'Equivalence_Line_23: RVEA-random_dense-1P to NSGA2-greedy_ting-1P', 'Equivalence_Line_24: UNSGA3-greedy_ting-HUX to UNSGA3-greedy_ting-2P', 'Equivalence_Line_25: AGEMOEA2-random_dense-1P to AGEMOEA2-greedy_ting-2P', 'Equivalence_Line_26: UNSGA3-greedy_multi-2P to NSGA3-greedy_ting-1P', 'Equivalence_Line_27: SMSEMOA-greedy_multi-UX to SPEA2-greedy_ting-2P', 'Equivalence_Line_28: UNSGA3-greedy_ting-UX to UNSGA3-greedy_ting-1P', 'Equivalence_Line_29: SPEA2-random_dense-UX to SPEA2-greedy_ting-1P', 'Equivalence_Line_30: SPEA2-random_dense-HUX to RVEA-greedy_multi-2P', 'Equivalence_Line_31: SPEA2-greedy_multi-UX to RVEA-greedy_multi-HUX', 'Equivalence_Line_32: SPEA2-random_dense-1P to RVEA-greedy_ting-2P']"
UNSGA3-random_dense-UX,0.2245672885161061,"['Equivalence_Line_1: SMSEMOA-greedy_ting-HUX to NSGA2-greedy_multi-2P', 'Equivalence_Line_2: SMSEMOA-greedy_ting-UX to SMSEMOA-greedy_multi-1P', 'Equivalence_Line_3: SMSEMOA-random_dense-UX to NSGA2-random_dense-1P', 'Equivalence_Line_4: SMSEMOA-random_dense-2P to AGEMOEA2-greedy_multi-HUX', 'Equivalence_Line_5: SMSEMOA-random_dense-1P to RVEA-random_dense-2P', 'Equivalence_Line_6: RVEA-random_dense-HUX to UNSGA3-greedy_multi-UX', 'Equivalence_Line_7: SMSEMOA-greedy_ting-2P to NSGA3-random_dense-1P', 'Equivalence_Line_8: NSGA3-random_dense-HUX to NSGA3-random_dense-2P', 'Equivalence_Line_9: NSGA2-random_dense-HUX to NSGA3-greedy_ting-HUX', 'Equivalence_Line_10: NSGA2-random_dense-UX to AGEMOEA2-random_dense-2P', 'Equivalence_Line_11: SMSEMOA-greedy_ting-1P to UNSGA3-greedy_ting-HUX', 'Equivalence_Line_12: NSGA2-greedy_multi-HUX to SMSEMOA-greedy_multi-UX', 'Equivalence_Line_13: NSGA2-greedy_multi-UX to UNSGA3-greedy_ting-UX', 'Equivalence_Line_14: NSGA2-greedy_ting-UX to AGEMOEA2-greedy_multi-1P', 'Equivalence_Line_15: AGEMOEA2-random_dense-HUX to SPEA2-random_dense-UX', 'Equivalence_Line_16: NSGA2-greedy_multi-1P to UNSGA3-greedy_multi-1P', 'Equivalence_Line_17: SMSEMOA-greedy_multi-1P to SPEA2-greedy_multi-HUX', 'Equivalence_Line_18: AGEMOEA2-greedy_multi-HUX to NSGA2-greedy_ting-2P', 'Equivalence_Line_19: AGEMOEA2-greedy_multi-UX to AGEMOEA2-greedy_ting-HUX', 'Equivalence_Line_20: SMSEMOA-greedy_multi-2P to SPEA2-random_dense-1P', 'Equivalence_Line_21: RVEA-random_dense-2P to SPEA2-greedy_multi-1P', 'Equivalence_Line_22: UNSGA3-greedy_multi-UX to SPEA2-greedy_multi-2P', 'Equivalence_Line_23: RVEA-random_dense-1P to NSGA2-greedy_ting-1P', 'Equivalence_Line_24: UNSGA3-greedy_ting-HUX to UNSGA3-greedy_ting-2P', 'Equivalence_Line_25: AGEMOEA2-random_dense-1P to AGEMOEA2-greedy_ting-2P', 'Equivalence_Line_26: UNSGA3-greedy_multi-2P to NSGA3-greedy_ting-1P', 'Equivalence_Line_27: SMSEMOA-greedy_multi-UX to SPEA2-greedy_ting-2P', 'Equivalence_Line_28: UNSGA3-greedy_ting-UX to UNSGA3-greedy_ting-1P', 'Equivalence_Line_29: SPEA2-random_dense-UX to SPEA2-greedy_ting-1P', 'Equivalence_Line_30: SPEA2-random_dense-HUX to RVEA-greedy_multi-2P', 'Equivalence_Line_31: SPEA2-greedy_multi-UX to RVEA-greedy_multi-HUX', 'Equivalence_Line_32: SPEA2-random_dense-1P to RVEA-greedy_ting-2P']"
NSGA3-random_dense-HUX,0.2241530723307155,"['Equivalence_Line_1: SMSEMOA-greedy_ting-HUX to NSGA2-greedy_multi-2P', 'Equivalence_Line_2: SMSEMOA-greedy_ting-UX to SMSEMOA-greedy_multi-1P', 'Equivalence_Line_3: SMSEMOA-random_dense-UX to NSGA2-random_dense-1P', 'Equivalence_Line_4: SMSEMOA-random_dense-2P to AGEMOEA2-greedy_multi-HUX', 'Equivalence_Line_5: SMSEMOA-random_dense-1P to RVEA-random_dense-2P', 'Equivalence_Line_6: RVEA-random_dense-HUX to UNSGA3-greedy_multi-UX', 'Equivalence_Line_7: SMSEMOA-greedy_ting-2P to NSGA3-random_dense-1P', 'Equivalence_Line_8: NSGA3-random_dense-HUX to NSGA3-random_dense-2P', 'Equivalence_Line_9: NSGA2-random_dense-HUX to NSGA3-greedy_ting-HUX', 'Equivalence_Line_10: NSGA2-random_dense-UX to AGEMOEA2-random_dense-2P', 'Equivalence_Line_11: SMSEMOA-greedy_ting-1P to UNSGA3-greedy_ting-HUX', 'Equivalence_Line_12: NSGA2-greedy_multi-HUX to SMSEMOA-greedy_multi-UX', 'Equivalence_Line_13: NSGA2-greedy_multi-UX to UNSGA3-greedy_ting-UX', 'Equivalence_Line_14: NSGA2-greedy_ting-UX to AGEMOEA2-greedy_multi-1P', 'Equivalence_Line_15: AGEMOEA2-random_dense-HUX to SPEA2-random_dense-UX', 'Equivalence_Line_16: NSGA2-greedy_multi-1P to UNSGA3-greedy_multi-1P', 'Equivalence_Line_17: SMSEMOA-greedy_multi-1P to SPEA2-greedy_multi-HUX', 'Equivalence_Line_18: AGEMOEA2-greedy_multi-HUX to NSGA2-greedy_ting-2P', 'Equivalence_Line_19: AGEMOEA2-greedy_multi-UX to AGEMOEA2-greedy_ting-HUX', 'Equivalence_Line_20: SMSEMOA-greedy_multi-2P to SPEA2-random_dense-1P', 'Equivalence_Line_21: RVEA-random_dense-2P to SPEA2-greedy_multi-1P', 'Equivalence_Line_22: UNSGA3-greedy_multi-UX to SPEA2-greedy_multi-2P', 'Equivalence_Line_23: RVEA-random_dense-1P to NSGA2-greedy_ting-1P', 'Equivalence_Line_24: UNSGA3-greedy_ting-HUX to UNSGA3-greedy_ting-2P', 'Equivalence_Line_25: AGEMOEA2-random_dense-1P to AGEMOEA2-greedy_ting-2P', 'Equivalence_Line_26: UNSGA3-greedy_multi-2P to NSGA3-greedy_ting-1P', 'Equivalence_Line_27: SMSEMOA-greedy_multi-UX to SPEA2-greedy_ting-2P', 'Equivalence_Line_28: UNSGA3-greedy_ting-UX to UNSGA3-greedy_ting-1P', 'Equivalence_Line_29: SPEA2-random_dense-UX to SPEA2-greedy_ting-1P', 'Equivalence_Line_30: SPEA2-random_dense-HUX to RVEA-greedy_multi-2P', 'Equivalence_Line_31: SPEA2-greedy_multi-UX to RVEA-greedy_multi-HUX', 'Equivalence_Line_32: SPEA2-random_dense-1P to RVEA-greedy_ting-2P']"
NSGA3-random_dense-UX,0.22414173643032576,"['Equivalence_Line_1: SMSEMOA-greedy_ting-HUX to NSGA2-greedy_multi-2P', 'Equivalence_Line_2: SMSEMOA-greedy_ting-UX to SMSEMOA-greedy_multi-1P', 'Equivalence_Line_3: SMSEMOA-random_dense-UX to NSGA2-random_dense-1P', 'Equivalence_Line_4: SMSEMOA-random_dense-2P to AGEMOEA2-greedy_multi-HUX', 'Equivalence_Line_5: SMSEMOA-random_dense-1P to RVEA-random_dense-2P', 'Equivalence_Line_6: RVEA-random_dense-HUX to UNSGA3-greedy_multi-UX', 'Equivalence_Line_7: SMSEMOA-greedy_ting-2P to NSGA3-random_dense-1P', 'Equivalence_Line_8: NSGA3-random_dense-HUX to NSGA3-random_dense-2P', 'Equivalence_Line_9: NSGA2-random_dense-HUX to NSGA3-greedy_ting-HUX', 'Equivalence_Line_10: NSGA2-random_dense-UX to AGEMOEA2-random_dense-2P', 'Equivalence_Line_11: SMSEMOA-greedy_ting-1P to UNSGA3-greedy_ting-HUX', 'Equivalence_Line_12: NSGA2-greedy_multi-HUX to SMSEMOA-greedy_multi-UX', 'Equivalence_Line_13: NSGA2-greedy_multi-UX to UNSGA3-greedy_ting-UX', 'Equivalence_Line_14: NSGA2-greedy_ting-UX to AGEMOEA2-greedy_multi-1P', 'Equivalence_Line_15: AGEMOEA2-random_dense-HUX to SPEA2-random_dense-UX', 'Equivalence_Line_16: NSGA2-greedy_multi-1P to UNSGA3-greedy_multi-1P', 'Equivalence_Line_17: SMSEMOA-greedy_multi-1P to SPEA2-greedy_multi-HUX', 'Equivalence_Line_18: AGEMOEA2-greedy_multi-HUX to NSGA2-greedy_ting-2P', 'Equivalence_Line_19: AGEMOEA2-greedy_multi-UX to AGEMOEA2-greedy_ting-HUX', 'Equivalence_Line_20: SMSEMOA-greedy_multi-2P to SPEA2-random_dense-1P', 'Equivalence_Line_21: RVEA-random_dense-2P to SPEA2-greedy_multi-1P', 'Equivalence_Line_22: UNSGA3-greedy_multi-UX to SPEA2-greedy_multi-2P', 'Equivalence_Line_23: RVEA-random_dense-1P to NSGA2-greedy_ting-1P', 'Equivalence_Line_24: UNSGA3-greedy_ting-HUX to UNSGA3-greedy_ting-2P', 'Equivalence_Line_25: AGEMOEA2-random_dense-1P to AGEMOEA2-greedy_ting-2P', 'Equivalence_Line_26: UNSGA3-greedy_multi-2P to NSGA3-greedy_ting-1P', 'Equivalence_Line_27: SMSEMOA-greedy_multi-UX to SPEA2-greedy_ting-2P', 'Equivalence_Line_28: UNSGA3-greedy_ting-UX to UNSGA3-greedy_ting-1P', 'Equivalence_Line_29: SPEA2-random_dense-UX to SPEA2-greedy_ting-1P', 'Equivalence_Line_30: SPEA2-random_dense-HUX to RVEA-greedy_multi-2P', 'Equivalence_Line_31: SPEA2-greedy_multi-UX to RVEA-greedy_multi-HUX', 'Equivalence_Line_32: SPEA2-random_dense-1P to RVEA-greedy_ting-2P']"
UNSGA3-random_dense-HUX,0.22407483791534039,"['Equivalence_Line_1: SMSEMOA-greedy_ting-HUX to NSGA2-greedy_multi-2P', 'Equivalence_Line_2: SMSEMOA-greedy_ting-UX to SMSEMOA-greedy_multi-1P', 'Equivalence_Line_3: SMSEMOA-random_dense-UX to NSGA2-random_dense-1P', 'Equivalence_Line_4: SMSEMOA-random_dense-2P to AGEMOEA2-greedy_multi-HUX', 'Equivalence_Line_5: SMSEMOA-random_dense-1P to RVEA-random_dense-2P', 'Equivalence_Line_6: RVEA-random_dense-HUX to UNSGA3-greedy_multi-UX', 'Equivalence_Line_7: SMSEMOA-greedy_ting-2P to NSGA3-random_dense-1P', 'Equivalence_Line_8: NSGA3-random_dense-HUX to NSGA3-random_dense-2P', 'Equivalence_Line_9: NSGA2-random_dense-HUX to NSGA3-greedy_ting-HUX', 'Equivalence_Line_10: NSGA2-random_dense-UX to AGEMOEA2-random_dense-2P', 'Equivalence_Line_11: SMSEMOA-greedy_ting-1P to UNSGA3-greedy_ting-HUX', 'Equivalence_Line_12: NSGA2-greedy_multi-HUX to SMSEMOA-greedy_multi-UX', 'Equivalence_Line_13: NSGA2-greedy_multi-UX to UNSGA3-greedy_ting-UX', 'Equivalence_Line_14: NSGA2-greedy_ting-UX to AGEMOEA2-greedy_multi-1P', 'Equivalence_Line_15: AGEMOEA2-random_dense-HUX to SPEA2-random_dense-UX', 'Equivalence_Line_16: NSGA2-greedy_multi-1P to UNSGA3-greedy_multi-1P', 'Equivalence_Line_17: SMSEMOA-greedy_multi-1P to SPEA2-greedy_multi-HUX', 'Equivalence_Line_18: AGEMOEA2-greedy_multi-HUX to NSGA2-greedy_ting-2P', 'Equivalence_Line_19: AGEMOEA2-greedy_multi-UX to AGEMOEA2-greedy_ting-HUX', 'Equivalence_Line_20: SMSEMOA-greedy_multi-2P to SPEA2-random_dense-1P', 'Equivalence_Line_21: RVEA-random_dense-2P to SPEA2-greedy_multi-1P', 'Equivalence_Line_22: UNSGA3-greedy_multi-UX to SPEA2-greedy_multi-2P', 'Equivalence_Line_23: RVEA-random_dense-1P to NSGA2-greedy_ting-1P', 'Equivalence_Line_24: UNSGA3-greedy_ting-HUX to UNSGA3-greedy_ting-2P', 'Equivalence_Line_25: AGEMOEA2-random_dense-1P to AGEMOEA2-greedy_ting-2P', 'Equivalence_Line_26: UNSGA3-greedy_multi-2P to NSGA3-greedy_ting-1P', 'Equivalence_Line_27: SMSEMOA-greedy_multi-UX to SPEA2-greedy_ting-2P', 'Equivalence_Line_28: UNSGA3-greedy_ting-UX to UNSGA3-greedy_ting-1P', 'Equivalence_Line_29: SPEA2-random_dense-UX to SPEA2-greedy_ting-1P', 'Equivalence_Line_30: SPEA2-random_dense-HUX to RVEA-greedy_multi-2P', 'Equivalence_Line_31: SPEA2-greedy_multi-UX to RVEA-greedy_multi-HUX', 'Equivalence_Line_32: SPEA2-random_dense-1P to RVEA-greedy_ting-2P']"
NSGA2-random_dense-HUX,0.21873706008187865,"['Equivalence_Line_1: SMSEMOA-greedy_ting-HUX to NSGA2-greedy_multi-2P', 'Equivalence_Line_2: SMSEMOA-greedy_ting-UX to SMSEMOA-greedy_multi-1P', 'Equivalence_Line_3: SMSEMOA-random_dense-UX to NSGA2-random_dense-1P', 'Equivalence_Line_4: SMSEMOA-random_dense-2P to AGEMOEA2-greedy_multi-HUX', 'Equivalence_Line_5: SMSEMOA-random_dense-1P to RVEA-random_dense-2P', 'Equivalence_Line_6: RVEA-random_dense-HUX to UNSGA3-greedy_multi-UX', 'Equivalence_Line_7: SMSEMOA-greedy_ting-2P to NSGA3-random_dense-1P', 'Equivalence_Line_8: NSGA3-random_dense-HUX to NSGA3-random_dense-2P', 'Equivalence_Line_9: NSGA2-random_dense-HUX to NSGA3-greedy_ting-HUX', 'Equivalence_Line_10: NSGA2-random_dense-UX to AGEMOEA2-random_dense-2P', 'Equivalence_Line_11: SMSEMOA-greedy_ting-1P to UNSGA3-greedy_ting-HUX', 'Equivalence_Line_12: NSGA2-greedy_multi-HUX to SMSEMOA-greedy_multi-UX', 'Equivalence_Line_13: NSGA2-greedy_multi-UX to UNSGA3-greedy_ting-UX', 'Equivalence_Line_14: NSGA2-greedy_ting-UX to AGEMOEA2-greedy_multi-1P', 'Equivalence_Line_15: AGEMOEA2-random_dense-HUX to SPEA2-random_dense-UX', 'Equivalence_Line_16: NSGA2-greedy_multi-1P to UNSGA3-greedy_multi-1P', 'Equivalence_Line_17: SMSEMOA-greedy_multi-1P to SPEA2-greedy_multi-HUX', 'Equivalence_Line_18: AGEMOEA2-greedy_multi-HUX to NSGA2-greedy_ting-2P', 'Equivalence_Line_19: AGEMOEA2-greedy_multi-UX to AGEMOEA2-greedy_ting-HUX', 'Equivalence_Line_20: SMSEMOA-greedy_multi-2P to SPEA2-random_dense-1P', 'Equivalence_Line_21: RVEA-random_dense-2P to SPEA2-greedy_multi-1P', 'Equivalence_Line_22: UNSGA3-greedy_multi-UX to SPEA2-greedy_multi-2P', 'Equivalence_Line_23: RVEA-random_dense-1P to NSGA2-greedy_ting-1P', 'Equivalence_Line_24: UNSGA3-greedy_ting-HUX to UNSGA3-greedy_ting-2P', 'Equivalence_Line_25: AGEMOEA2-random_dense-1P to AGEMOEA2-greedy_ting-2P', 'Equivalence_Line_26: UNSGA3-greedy_multi-2P to NSGA3-greedy_ting-1P', 'Equivalence_Line_27: SMSEMOA-greedy_multi-UX to SPEA2-greedy_ting-2P', 'Equivalence_Line_28: UNSGA3-greedy_ting-UX to UNSGA3-greedy_ting-1P', 'Equivalence_Line_29: SPEA2-random_dense-UX to SPEA2-greedy_ting-1P', 'Equivalence_Line_30: SPEA2-random_dense-HUX to RVEA-greedy_multi-2P', 'Equivalence_Line_31: SPEA2-greedy_multi-UX to RVEA-greedy_multi-HUX', 'Equivalence_Line_32: SPEA2-random_dense-1P to RVEA-greedy_ting-2P']"
NSGA2-random_dense-UX,0.21766732651097506,"['Equivalence_Line_1: SMSEMOA-greedy_ting-HUX to NSGA2-greedy_multi-2P', 'Equivalence_Line_2: SMSEMOA-greedy_ting-UX to SMSEMOA-greedy_multi-1P', 'Equivalence_Line_3: SMSEMOA-random_dense-UX to NSGA2-random_dense-1P', 'Equivalence_Line_4: SMSEMOA-random_dense-2P to AGEMOEA2-greedy_multi-HUX', 'Equivalence_Line_5: SMSEMOA-random_dense-1P to RVEA-random_dense-2P', 'Equivalence_Line_6: RVEA-random_dense-HUX to UNSGA3-greedy_multi-UX', 'Equivalence_Line_7: SMSEMOA-greedy_ting-2P to NSGA3-random_dense-1P', 'Equivalence_Line_8: NSGA3-random_dense-HUX to NSGA3-random_dense-2P', 'Equivalence_Line_9: NSGA2-random_dense-HUX to NSGA3-greedy_ting-HUX', 'Equivalence_Line_10: NSGA2-random_dense-UX to AGEMOEA2-random_dense-2P', 'Equivalence_Line_11: SMSEMOA-greedy_ting-1P to UNSGA3-greedy_ting-HUX', 'Equivalence_Line_12: NSGA2-greedy_multi-HUX to SMSEMOA-greedy_multi-UX', 'Equivalence_Line_13: NSGA2-greedy_multi-UX to UNSGA3-greedy_ting-UX', 'Equivalence_Line_14: NSGA2-greedy_ting-UX to AGEMOEA2-greedy_multi-1P', 'Equivalence_Line_15: AGEMOEA2-random_dense-HUX to SPEA2-random_dense-UX', 'Equivalence_Line_16: NSGA2-greedy_multi-1P to UNSGA3-greedy_multi-1P', 'Equivalence_Line_17: SMSEMOA-greedy_multi-1P to SPEA2-greedy_multi-HUX', 'Equivalence_Line_18: AGEMOEA2-greedy_multi-HUX to NSGA2-greedy_ting-2P', 'Equivalence_Line_19: AGEMOEA2-greedy_multi-UX to AGEMOEA2-greedy_ting-HUX', 'Equivalence_Line_20: SMSEMOA-greedy_multi-2P to SPEA2-random_dense-1P', 'Equivalence_Line_21: RVEA-random_dense-2P to SPEA2-greedy_multi-1P', 'Equivalence_Line_22: UNSGA3-greedy_multi-UX to SPEA2-greedy_multi-2P', 'Equivalence_Line_23: RVEA-random_dense-1P to NSGA2-greedy_ting-1P', 'Equivalence_Line_24: UNSGA3-greedy_ting-HUX to UNSGA3-greedy_ting-2P', 'Equivalence_Line_25: AGEMOEA2-random_dense-1P to AGEMOEA2-greedy_ting-2P', 'Equivalence_Line_26: UNSGA3-greedy_multi-2P to NSGA3-greedy_ting-1P', 'Equivalence_Line_27: SMSEMOA-greedy_multi-UX to SPEA2-greedy_ting-2P', 'Equivalence_Line_28: UNSGA3-greedy_ting-UX to UNSGA3-greedy_ting-1P', 'Equivalence_Line_29: SPEA2-random_dense-UX to SPEA2-greedy_ting-1P', 'Equivalence_Line_30: SPEA2-random_dense-HUX to RVEA-greedy_multi-2P', 'Equivalence_Line_31: SPEA2-greedy_multi-UX to RVEA-greedy_multi-HUX', 'Equivalence_Line_32: SPEA2-random_dense-1P to RVEA-greedy_ting-2P']"
SMSEMOA-greedy_ting-1P,0.21524586428893064,"['Equivalence_Line_1: SMSEMOA-greedy_ting-HUX to NSGA2-greedy_multi-2P', 'Equivalence_Line_2: SMSEMOA-greedy_ting-UX to SMSEMOA-greedy_multi-1P', 'Equivalence_Line_3: SMSEMOA-random_dense-UX to NSGA2-random_dense-1P', 'Equivalence_Line_4: SMSEMOA-random_dense-2P to AGEMOEA2-greedy_multi-HUX', 'Equivalence_Line_5: SMSEMOA-random_dense-1P to RVEA-random_dense-2P', 'Equivalence_Line_6: RVEA-random_dense-HUX to UNSGA3-greedy_multi-UX', 'Equivalence_Line_7: SMSEMOA-greedy_ting-2P to NSGA3-random_dense-1P', 'Equivalence_Line_8: NSGA3-random_dense-HUX to NSGA3-random_dense-2P', 'Equivalence_Line_9: NSGA2-random_dense-HUX to NSGA3-greedy_ting-HUX', 'Equivalence_Line_10: NSGA2-random_dense-UX to AGEMOEA2-random_dense-2P', 'Equivalence_Line_11: SMSEMOA-greedy_ting-1P to UNSGA3-greedy_ting-HUX', 'Equivalence_Line_12: NSGA2-greedy_multi-HUX to SMSEMOA-greedy_multi-UX', 'Equivalence_Line_13: NSGA2-greedy_multi-UX to UNSGA3-greedy_ting-UX', 'Equivalence_Line_14: NSGA2-greedy_ting-UX to AGEMOEA2-greedy_multi-1P', 'Equivalence_Line_15: AGEMOEA2-random_dense-HUX to SPEA2-random_dense-UX', 'Equivalence_Line_16: NSGA2-greedy_multi-1P to UNSGA3-greedy_multi-1P', 'Equivalence_Line_17: SMSEMOA-greedy_multi-1P to SPEA2-greedy_multi-HUX', 'Equivalence_Line_18: AGEMOEA2-greedy_multi-HUX to NSGA2-greedy_ting-2P', 'Equivalence_Line_19: AGEMOEA2-greedy_multi-UX to AGEMOEA2-greedy_ting-HUX', 'Equivalence_Line_20: SMSEMOA-greedy_multi-2P to SPEA2-random_dense-1P', 'Equivalence_Line_21: RVEA-random_dense-2P to SPEA2-greedy_multi-1P', 'Equivalence_Line_22: UNSGA3-greedy_multi-UX to SPEA2-greedy_multi-2P', 'Equivalence_Line_23: RVEA-random_dense-1P to NSGA2-greedy_ting-1P', 'Equivalence_Line_24: UNSGA3-greedy_ting-HUX to UNSGA3-greedy_ting-2P', 'Equivalence_Line_25: AGEMOEA2-random_dense-1P to AGEMOEA2-greedy_ting-2P', 'Equivalence_Line_26: UNSGA3-greedy_multi-2P to NSGA3-greedy_ting-1P', 'Equivalence_Line_27: SMSEMOA-greedy_multi-UX to SPEA2-greedy_ting-2P', 'Equivalence_Line_28: UNSGA3-greedy_ting-UX to UNSGA3-greedy_ting-1P', 'Equivalence_Line_29: SPEA2-random_dense-UX to SPEA2-greedy_ting-1P', 'Equivalence_Line_30: SPEA2-random_dense-HUX to RVEA-greedy_multi-2P', 'Equivalence_Line_31: SPEA2-greedy_multi-UX to RVEA-greedy_multi-HUX', 'Equivalence_Line_32: SPEA2-random_dense-1P to RVEA-greedy_ting-2P']"
NSGA2-greedy_multi-HUX,0.21310864461057044,"['Equivalence_Line_1: SMSEMOA-greedy_ting-HUX to NSGA2-greedy_multi-2P', 'Equivalence_Line_2: SMSEMOA-greedy_ting-UX to SMSEMOA-greedy_multi-1P', 'Equivalence_Line_3: SMSEMOA-random_dense-UX to NSGA2-random_dense-1P', 'Equivalence_Line_4: SMSEMOA-random_dense-2P to AGEMOEA2-greedy_multi-HUX', 'Equivalence_Line_5: SMSEMOA-random_dense-1P to RVEA-random_dense-2P', 'Equivalence_Line_6: RVEA-random_dense-HUX to UNSGA3-greedy_multi-UX', 'Equivalence_Line_7: SMSEMOA-greedy_ting-2P to NSGA3-random_dense-1P', 'Equivalence_Line_8: NSGA3-random_dense-HUX to NSGA3-random_dense-2P', 'Equivalence_Line_9: NSGA2-random_dense-HUX to NSGA3-greedy_ting-HUX', 'Equivalence_Line_10: NSGA2-random_dense-UX to AGEMOEA2-random_dense-2P', 'Equivalence_Line_11: SMSEMOA-greedy_ting-1P to UNSGA3-greedy_ting-HUX', 'Equivalence_Line_12: NSGA2-greedy_multi-HUX to SMSEMOA-greedy_multi-UX', 'Equivalence_Line_13: NSGA2-greedy_multi-UX to UNSGA3-greedy_ting-UX', 'Equivalence_Line_14: NSGA2-greedy_ting-UX to AGEMOEA2-greedy_multi-1P', 'Equivalence_Line_15: AGEMOEA2-random_dense-HUX to SPEA2-random_dense-UX', 'Equivalence_Line_16: NSGA2-greedy_multi-1P to UNSGA3-greedy_multi-1P', 'Equivalence_Line_17: SMSEMOA-greedy_multi-1P to SPEA2-greedy_multi-HUX', 'Equivalence_Line_18: AGEMOEA2-greedy_multi-HUX to NSGA2-greedy_ting-2P', 'Equivalence_Line_19: AGEMOEA2-greedy_multi-UX to AGEMOEA2-greedy_ting-HUX', 'Equivalence_Line_20: SMSEMOA-greedy_multi-2P to SPEA2-random_dense-1P', 'Equivalence_Line_21: RVEA-random_dense-2P to SPEA2-greedy_multi-1P', 'Equivalence_Line_22: UNSGA3-greedy_multi-UX to SPEA2-greedy_multi-2P', 'Equivalence_Line_23: RVEA-random_dense-1P to NSGA2-greedy_ting-1P', 'Equivalence_Line_24: UNSGA3-greedy_ting-HUX to UNSGA3-greedy_ting-2P', 'Equivalence_Line_25: AGEMOEA2-random_dense-1P to AGEMOEA2-greedy_ting-2P', 'Equivalence_Line_26: UNSGA3-greedy_multi-2P to NSGA3-greedy_ting-1P', 'Equivalence_Line_27: SMSEMOA-greedy_multi-UX to SPEA2-greedy_ting-2P', 'Equivalence_Line_28: UNSGA3-greedy_ting-UX to UNSGA3-greedy_ting-1P', 'Equivalence_Line_29: SPEA2-random_dense-UX to SPEA2-greedy_ting-1P', 'Equivalence_Line_30: SPEA2-random_dense-HUX to RVEA-greedy_multi-2P', 'Equivalence_Line_31: SPEA2-greedy_multi-UX to RVEA-greedy_multi-HUX', 'Equivalence_Line_32: SPEA2-random_dense-1P to RVEA-greedy_ting-2P']"
NSGA2-greedy_multi-UX,0.21181306512601403,"['Equivalence_Line_1: SMSEMOA-greedy_ting-HUX to NSGA2-greedy_multi-2P', 'Equivalence_Line_2: SMSEMOA-greedy_ting-UX to SMSEMOA-greedy_multi-1P', 'Equivalence_Line_3: SMSEMOA-random_dense-UX to NSGA2-random_dense-1P', 'Equivalence_Line_4: SMSEMOA-random_dense-2P to AGEMOEA2-greedy_multi-HUX', 'Equivalence_Line_5: SMSEMOA-random_dense-1P to RVEA-random_dense-2P', 'Equivalence_Line_6: RVEA-random_dense-HUX to UNSGA3-greedy_multi-UX', 'Equivalence_Line_7: SMSEMOA-greedy_ting-2P to NSGA3-random_dense-1P', 'Equivalence_Line_8: NSGA3-random_dense-HUX to NSGA3-random_dense-2P', 'Equivalence_Line_9: NSGA2-random_dense-HUX to NSGA3-greedy_ting-HUX', 'Equivalence_Line_10: NSGA2-random_dense-UX to AGEMOEA2-random_dense-2P', 'Equivalence_Line_11: SMSEMOA-greedy_ting-1P to UNSGA3-greedy_ting-HUX', 'Equivalence_Line_12: NSGA2-greedy_multi-HUX to SMSEMOA-greedy_multi-UX', 'Equivalence_Line_13: NSGA2-greedy_multi-UX to UNSGA3-greedy_ting-UX', 'Equivalence_Line_14: NSGA2-greedy_ting-UX to AGEMOEA2-greedy_multi-1P', 'Equivalence_Line_15: AGEMOEA2-random_dense-HUX to SPEA2-random_dense-UX', 'Equivalence_Line_16: NSGA2-greedy_multi-1P to UNSGA3-greedy_multi-1P', 'Equivalence_Line_17: SMSEMOA-greedy_multi-1P to SPEA2-greedy_multi-HUX', 'Equivalence_Line_18: AGEMOEA2-greedy_multi-HUX to NSGA2-greedy_ting-2P', 'Equivalence_Line_19: AGEMOEA2-greedy_multi-UX to AGEMOEA2-greedy_ting-HUX', 'Equivalence_Line_20: SMSEMOA-greedy_multi-2P to SPEA2-random_dense-1P', 'Equivalence_Line_21: RVEA-random_dense-2P to SPEA2-greedy_multi-1P', 'Equivalence_Line_22: UNSGA3-greedy_multi-UX to SPEA2-greedy_multi-2P', 'Equivalence_Line_23: RVEA-random_dense-1P to NSGA2-greedy_ting-1P', 'Equivalence_Line_24: UNSGA3-greedy_ting-HUX to UNSGA3-greedy_ting-2P', 'Equivalence_Line_25: AGEMOEA2-random_dense-1P to AGEMOEA2-greedy_ting-2P', 'Equivalence_Line_26: UNSGA3-greedy_multi-2P to NSGA3-greedy_ting-1P', 'Equivalence_Line_27: SMSEMOA-greedy_multi-UX to SPEA2-greedy_ting-2P', 'Equivalence_Line_28: UNSGA3-greedy_ting-UX to UNSGA3-greedy_ting-1P', 'Equivalence_Line_29: SPEA2-random_dense-UX to SPEA2-greedy_ting-1P', 'Equivalence_Line_30: SPEA2-random_dense-HUX to RVEA-greedy_multi-2P', 'Equivalence_Line_31: SPEA2-greedy_multi-UX to RVEA-greedy_multi-HUX', 'Equivalence_Line_32: SPEA2-random_dense-1P to RVEA-greedy_ting-2P']"
NSGA2-greedy_ting-HUX,0.21131547454001406,"['Equivalence_Line_1: SMSEMOA-greedy_ting-HUX to NSGA2-greedy_multi-2P', 'Equivalence_Line_2: SMSEMOA-greedy_ting-UX to SMSEMOA-greedy_multi-1P', 'Equivalence_Line_3: SMSEMOA-random_dense-UX to NSGA2-random_dense-1P', 'Equivalence_Line_4: SMSEMOA-random_dense-2P to AGEMOEA2-greedy_multi-HUX', 'Equivalence_Line_5: SMSEMOA-random_dense-1P to RVEA-random_dense-2P', 'Equivalence_Line_6: RVEA-random_dense-HUX to UNSGA3-greedy_multi-UX', 'Equivalence_Line_7: SMSEMOA-greedy_ting-2P to NSGA3-random_dense-1P', 'Equivalence_Line_8: NSGA3-random_dense-HUX to NSGA3-random_dense-2P', 'Equivalence_Line_9: NSGA2-random_dense-HUX to NSGA3-greedy_ting-HUX', 'Equivalence_Line_10: NSGA2-random_dense-UX to AGEMOEA2-random_dense-2P', 'Equivalence_Line_11: SMSEMOA-greedy_ting-1P to UNSGA3-greedy_ting-HUX', 'Equivalence_Line_12: NSGA2-greedy_multi-HUX to SMSEMOA-greedy_multi-UX', 'Equivalence_Line_13: NSGA2-greedy_multi-UX to UNSGA3-greedy_ting-UX', 'Equivalence_Line_14: NSGA2-greedy_ting-UX to AGEMOEA2-greedy_multi-1P', 'Equivalence_Line_15: AGEMOEA2-random_dense-HUX to SPEA2-random_dense-UX', 'Equivalence_Line_16: NSGA2-greedy_multi-1P to UNSGA3-greedy_multi-1P', 'Equivalence_Line_17: SMSEMOA-greedy_multi-1P to SPEA2-greedy_multi-HUX', 'Equivalence_Line_18: AGEMOEA2-greedy_multi-HUX to NSGA2-greedy_ting-2P', 'Equivalence_Line_19: AGEMOEA2-greedy_multi-UX to AGEMOEA2-greedy_ting-HUX', 'Equivalence_Line_20: SMSEMOA-greedy_multi-2P to SPEA2-random_dense-1P', 'Equivalence_Line_21: RVEA-random_dense-2P to SPEA2-greedy_multi-1P', 'Equivalence_Line_22: UNSGA3-greedy_multi-UX to SPEA2-greedy_multi-2P', 'Equivalence_Line_23: RVEA-random_dense-1P to NSGA2-greedy_ting-1P', 'Equivalence_Line_24: UNSGA3-greedy_ting-HUX to UNSGA3-greedy_ting-2P', 'Equivalence_Line_25: AGEMOEA2-random_dense-1P to AGEMOEA2-greedy_ting-2P', 'Equivalence_Line_26: UNSGA3-greedy_multi-2P to NSGA3-greedy_ting-1P', 'Equivalence_Line_27: SMSEMOA-greedy_multi-UX to SPEA2-greedy_ting-2P', 'Equivalence_Line_28: UNSGA3-greedy_ting-UX to UNSGA3-greedy_ting-1P', 'Equivalence_Line_29: SPEA2-random_dense-UX to SPEA2-greedy_ting-1P', 'Equivalence_Line_30: SPEA2-random_dense-HUX to RVEA-greedy_multi-2P', 'Equivalence_Line_31: SPEA2-greedy_multi-UX to RVEA-greedy_multi-HUX', 'Equivalence_Line_32: SPEA2-random_dense-1P to RVEA-greedy_ting-2P']"
NSGA2-greedy_ting-UX,0.2099501725453129,"['Equivalence_Line_1: SMSEMOA-greedy_ting-HUX to NSGA2-greedy_multi-2P', 'Equivalence_Line_2: SMSEMOA-greedy_ting-UX to SMSEMOA-greedy_multi-1P', 'Equivalence_Line_3: SMSEMOA-random_dense-UX to NSGA2-random_dense-1P', 'Equivalence_Line_4: SMSEMOA-random_dense-2P to AGEMOEA2-greedy_multi-HUX', 'Equivalence_Line_5: SMSEMOA-random_dense-1P to RVEA-random_dense-2P', 'Equivalence_Line_6: RVEA-random_dense-HUX to UNSGA3-greedy_multi-UX', 'Equivalence_Line_7: SMSEMOA-greedy_ting-2P to NSGA3-random_dense-1P', 'Equivalence_Line_8: NSGA3-random_dense-HUX to NSGA3-random_dense-2P', 'Equivalence_Line_9: NSGA2-random_dense-HUX to NSGA3-greedy_ting-HUX', 'Equivalence_Line_10: NSGA2-random_dense-UX to AGEMOEA2-random_dense-2P', 'Equivalence_Line_11: SMSEMOA-greedy_ting-1P to UNSGA3-greedy_ting-HUX', 'Equivalence_Line_12: NSGA2-greedy_multi-HUX to SMSEMOA-greedy_multi-UX', 'Equivalence_Line_13: NSGA2-greedy_multi-UX to UNSGA3-greedy_ting-UX', 'Equivalence_Line_14: NSGA2-greedy_ting-UX to AGEMOEA2-greedy_multi-1P', 'Equivalence_Line_15: AGEMOEA2-random_dense-HUX to SPEA2-random_dense-UX', 'Equivalence_Line_16: NSGA2-greedy_multi-1P to UNSGA3-greedy_multi-1P', 'Equivalence_Line_17: SMSEMOA-greedy_multi-1P to SPEA2-greedy_multi-HUX', 'Equivalence_Line_18: AGEMOEA2-greedy_multi-HUX to NSGA2-greedy_ting-2P', 'Equivalence_Line_19: AGEMOEA2-greedy_multi-UX to AGEMOEA2-greedy_ting-HUX', 'Equivalence_Line_20: SMSEMOA-greedy_multi-2P to SPEA2-random_dense-1P', 'Equivalence_Line_21: RVEA-random_dense-2P to SPEA2-greedy_multi-1P', 'Equivalence_Line_22: UNSGA3-greedy_multi-UX to SPEA2-greedy_multi-2P', 'Equivalence_Line_23: RVEA-random_dense-1P to NSGA2-greedy_ting-1P', 'Equivalence_Line_24: UNSGA3-greedy_ting-HUX to UNSGA3-greedy_ting-2P', 'Equivalence_Line_25: AGEMOEA2-random_dense-1P to AGEMOEA2-greedy_ting-2P', 'Equivalence_Line_26: UNSGA3-greedy_multi-2P to NSGA3-greedy_ting-1P', 'Equivalence_Line_27: SMSEMOA-greedy_multi-UX to SPEA2-greedy_ting-2P', 'Equivalence_Line_28: UNSGA3-greedy_ting-UX to UNSGA3-greedy_ting-1P', 'Equivalence_Line_29: SPEA2-random_dense-UX to SPEA2-greedy_ting-1P', 'Equivalence_Line_30: SPEA2-random_dense-HUX to RVEA-greedy_multi-2P', 'Equivalence_Line_31: SPEA2-greedy_multi-UX to RVEA-greedy_multi-HUX', 'Equivalence_Line_32: SPEA2-random_dense-1P to RVEA-greedy_ting-2P']"
AGEMOEA2-random_dense-HUX,0.20975029709619034,"['Equivalence_Line_1: SMSEMOA-greedy_ting-HUX to NSGA2-greedy_multi-2P', 'Equivalence_Line_2: SMSEMOA-greedy_ting-UX to SMSEMOA-greedy_multi-1P', 'Equivalence_Line_3: SMSEMOA-random_dense-UX to NSGA2-random_dense-1P', 'Equivalence_Line_4: SMSEMOA-random_dense-2P to AGEMOEA2-greedy_multi-HUX', 'Equivalence_Line_5: SMSEMOA-random_dense-1P to RVEA-random_dense-2P', 'Equivalence_Line_6: RVEA-random_dense-HUX to UNSGA3-greedy_multi-UX', 'Equivalence_Line_7: SMSEMOA-greedy_ting-2P to NSGA3-random_dense-1P', 'Equivalence_Line_8: NSGA3-random_dense-HUX to NSGA3-random_dense-2P', 'Equivalence_Line_9: NSGA2-random_dense-HUX to NSGA3-greedy_ting-HUX', 'Equivalence_Line_10: NSGA2-random_dense-UX to AGEMOEA2-random_dense-2P', 'Equivalence_Line_11: SMSEMOA-greedy_ting-1P to UNSGA3-greedy_ting-HUX', 'Equivalence_Line_12: NSGA2-greedy_multi-HUX to SMSEMOA-greedy_multi-UX', 'Equivalence_Line_13: NSGA2-greedy_multi-UX to UNSGA3-greedy_ting-UX', 'Equivalence_Line_14: NSGA2-greedy_ting-UX to AGEMOEA2-greedy_multi-1P', 'Equivalence_Line_15: AGEMOEA2-random_dense-HUX to SPEA2-random_dense-UX', 'Equivalence_Line_16: NSGA2-greedy_multi-1P to UNSGA3-greedy_multi-1P', 'Equivalence_Line_17: SMSEMOA-greedy_multi-1P to SPEA2-greedy_multi-HUX', 'Equivalence_Line_18: AGEMOEA2-greedy_multi-HUX to NSGA2-greedy_ting-2P', 'Equivalence_Line_19: AGEMOEA2-greedy_multi-UX to AGEMOEA2-greedy_ting-HUX', 'Equivalence_Line_20: SMSEMOA-greedy_multi-2P to SPEA2-random_dense-1P', 'Equivalence_Line_21: RVEA-random_dense-2P to SPEA2-greedy_multi-1P', 'Equivalence_Line_22: UNSGA3-greedy_multi-UX to SPEA2-greedy_multi-2P', 'Equivalence_Line_23: RVEA-random_dense-1P to NSGA2-greedy_ting-1P', 'Equivalence_Line_24: UNSGA3-greedy_ting-HUX to UNSGA3-greedy_ting-2P', 'Equivalence_Line_25: AGEMOEA2-random_dense-1P to AGEMOEA2-greedy_ting-2P', 'Equivalence_Line_26: UNSGA3-greedy_multi-2P to NSGA3-greedy_ting-1P', 'Equivalence_Line_27: SMSEMOA-greedy_multi-UX to SPEA2-greedy_ting-2P', 'Equivalence_Line_28: UNSGA3-greedy_ting-UX to UNSGA3-greedy_ting-1P', 'Equivalence_Line_29: SPEA2-random_dense-UX to SPEA2-greedy_ting-1P', 'Equivalence_Line_30: SPEA2-random_dense-HUX to RVEA-greedy_multi-2P', 'Equivalence_Line_31: SPEA2-greedy_multi-UX to RVEA-greedy_multi-HUX', 'Equivalence_Line_32: SPEA2-random_dense-1P to RVEA-greedy_ting-2P']"
NSGA2-random_dense-2P,0.20973892377476017,"['Equivalence_Line_1: SMSEMOA-greedy_ting-HUX to NSGA2-greedy_multi-2P', 'Equivalence_Line_2: SMSEMOA-greedy_ting-UX to SMSEMOA-greedy_multi-1P', 'Equivalence_Line_3: SMSEMOA-random_dense-UX to NSGA2-random_dense-1P', 'Equivalence_Line_4: SMSEMOA-random_dense-2P to AGEMOEA2-greedy_multi-HUX', 'Equivalence_Line_5: SMSEMOA-random_dense-1P to RVEA-random_dense-2P', 'Equivalence_Line_6: RVEA-random_dense-HUX to UNSGA3-greedy_multi-UX', 'Equivalence_Line_7: SMSEMOA-greedy_ting-2P to NSGA3-random_dense-1P', 'Equivalence_Line_8: NSGA3-random_dense-HUX to NSGA3-random_dense-2P', 'Equivalence_Line_9: NSGA2-random_dense-HUX to NSGA3-greedy_ting-HUX', 'Equivalence_Line_10: NSGA2-random_dense-UX to AGEMOEA2-random_dense-2P', 'Equivalence_Line_11: SMSEMOA-greedy_ting-1P to UNSGA3-greedy_ting-HUX', 'Equivalence_Line_12: NSGA2-greedy_multi-HUX to SMSEMOA-greedy_multi-UX', 'Equivalence_Line_13: NSGA2-greedy_multi-UX to UNSGA3-greedy_ting-UX', 'Equivalence_Line_14: NSGA2-greedy_ting-UX to AGEMOEA2-greedy_multi-1P', 'Equivalence_Line_15: AGEMOEA2-random_dense-HUX to SPEA2-random_dense-UX', 'Equivalence_Line_16: NSGA2-greedy_multi-1P to UNSGA3-greedy_multi-1P', 'Equivalence_Line_17: SMSEMOA-greedy_multi-1P to SPEA2-greedy_multi-HUX', 'Equivalence_Line_18: AGEMOEA2-greedy_multi-HUX to NSGA2-greedy_ting-2P', 'Equivalence_Line_19: AGEMOEA2-greedy_multi-UX to AGEMOEA2-greedy_ting-HUX', 'Equivalence_Line_20: SMSEMOA-greedy_multi-2P to SPEA2-random_dense-1P', 'Equivalence_Line_21: RVEA-random_dense-2P to SPEA2-greedy_multi-1P', 'Equivalence_Line_22: UNSGA3-greedy_multi-UX to SPEA2-greedy_multi-2P', 'Equivalence_Line_23: RVEA-random_dense-1P to NSGA2-greedy_ting-1P', 'Equivalence_Line_24: UNSGA3-greedy_ting-HUX to UNSGA3-greedy_ting-2P', 'Equivalence_Line_25: AGEMOEA2-random_dense-1P to AGEMOEA2-greedy_ting-2P', 'Equivalence_Line_26: UNSGA3-greedy_multi-2P to NSGA3-greedy_ting-1P', 'Equivalence_Line_27: SMSEMOA-greedy_multi-UX to SPEA2-greedy_ting-2P', 'Equivalence_Line_28: UNSGA3-greedy_ting-UX to UNSGA3-greedy_ting-1P', 'Equivalence_Line_29: SPEA2-random_dense-UX to SPEA2-greedy_ting-1P', 'Equivalence_Line_30: SPEA2-random_dense-HUX to RVEA-greedy_multi-2P', 'Equivalence_Line_31: SPEA2-greedy_multi-UX to RVEA-greedy_multi-HUX', 'Equivalence_Line_32: SPEA2-random_dense-1P to RVEA-greedy_ting-2P']"
NSGA2-greedy_multi-1P,0.20939955156107992,"['Equivalence_Line_1: SMSEMOA-greedy_ting-HUX to NSGA2-greedy_multi-2P', 'Equivalence_Line_2: SMSEMOA-greedy_ting-UX to SMSEMOA-greedy_multi-1P', 'Equivalence_Line_3: SMSEMOA-random_dense-UX to NSGA2-random_dense-1P', 'Equivalence_Line_4: SMSEMOA-random_dense-2P to AGEMOEA2-greedy_multi-HUX', 'Equivalence_Line_5: SMSEMOA-random_dense-1P to RVEA-random_dense-2P', 'Equivalence_Line_6: RVEA-random_dense-HUX to UNSGA3-greedy_multi-UX', 'Equivalence_Line_7: SMSEMOA-greedy_ting-2P to NSGA3-random_dense-1P', 'Equivalence_Line_8: NSGA3-random_dense-HUX to NSGA3-random_dense-2P', 'Equivalence_Line_9: NSGA2-random_dense-HUX to NSGA3-greedy_ting-HUX', 'Equivalence_Line_10: NSGA2-random_dense-UX to AGEMOEA2-random_dense-2P', 'Equivalence_Line_11: SMSEMOA-greedy_ting-1P to UNSGA3-greedy_ting-HUX', 'Equivalence_Line_12: NSGA2-greedy_multi-HUX to SMSEMOA-greedy_multi-UX', 'Equivalence_Line_13: NSGA2-greedy_multi-UX to UNSGA3-greedy_ting-UX', 'Equivalence_Line_14: NSGA2-greedy_ting-UX to AGEMOEA2-greedy_multi-1P', 'Equivalence_Line_15: AGEMOEA2-random_dense-HUX to SPEA2-random_dense-UX', 'Equivalence_Line_16: NSGA2-greedy_multi-1P to UNSGA3-greedy_multi-1P', 'Equivalence_Line_17: SMSEMOA-greedy_multi-1P to SPEA2-greedy_multi-HUX', 'Equivalence_Line_18: AGEMOEA2-greedy_multi-HUX to NSGA2-greedy_ting-2P', 'Equivalence_Line_19: AGEMOEA2-greedy_multi-UX to AGEMOEA2-greedy_ting-HUX', 'Equivalence_Line_20: SMSEMOA-greedy_multi-2P to SPEA2-random_dense-1P', 'Equivalence_Line_21: RVEA-random_dense-2P to SPEA2-greedy_multi-1P', 'Equivalence_Line_22: UNSGA3-greedy_multi-UX to SPEA2-greedy_multi-2P', 'Equivalence_Line_23: RVEA-random_dense-1P to NSGA2-greedy_ting-1P', 'Equivalence_Line_24: UNSGA3-greedy_ting-HUX to UNSGA3-greedy_ting-2P', 'Equivalence_Line_25: AGEMOEA2-random_dense-1P to AGEMOEA2-greedy_ting-2P', 'Equivalence_Line_26: UNSGA3-greedy_multi-2P to NSGA3-greedy_ting-1P', 'Equivalence_Line_27: SMSEMOA-greedy_multi-UX to SPEA2-greedy_ting-2P', 'Equivalence_Line_28: UNSGA3-greedy_ting-UX to UNSGA3-greedy_ting-1P', 'Equivalence_Line_29: SPEA2-random_dense-UX to SPEA2-greedy_ting-1P', 'Equivalence_Line_30: SPEA2-random_dense-HUX to RVEA-greedy_multi-2P', 'Equivalence_Line_31: SPEA2-greedy_multi-UX to RVEA-greedy_multi-HUX', 'Equivalence_Line_32: SPEA2-random_dense-1P to RVEA-greedy_ting-2P']"
AGEMOEA2-random_dense-UX,0.20894645501447565,"['Equivalence_Line_1: SMSEMOA-greedy_ting-HUX to NSGA2-greedy_multi-2P', 'Equivalence_Line_2: SMSEMOA-greedy_ting-UX to SMSEMOA-greedy_multi-1P', 'Equivalence_Line_3: SMSEMOA-random_dense-UX to NSGA2-random_dense-1P', 'Equivalence_Line_4: SMSEMOA-random_dense-2P to AGEMOEA2-greedy_multi-HUX', 'Equivalence_Line_5: SMSEMOA-random_dense-1P to RVEA-random_dense-2P', 'Equivalence_Line_6: RVEA-random_dense-HUX to UNSGA3-greedy_multi-UX', 'Equivalence_Line_7: SMSEMOA-greedy_ting-2P to NSGA3-random_dense-1P', 'Equivalence_Line_8: NSGA3-random_dense-HUX to NSGA3-random_dense-2P', 'Equivalence_Line_9: NSGA2-random_dense-HUX to NSGA3-greedy_ting-HUX', 'Equivalence_Line_10: NSGA2-random_dense-UX to AGEMOEA2-random_dense-2P', 'Equivalence_Line_11: SMSEMOA-greedy_ting-1P to UNSGA3-greedy_ting-HUX', 'Equivalence_Line_12: NSGA2-greedy_multi-HUX to SMSEMOA-greedy_multi-UX', 'Equivalence_Line_13: NSGA2-greedy_multi-UX to UNSGA3-greedy_ting-UX', 'Equivalence_Line_14: NSGA2-greedy_ting-UX to AGEMOEA2-greedy_multi-1P', 'Equivalence_Line_15: AGEMOEA2-random_dense-HUX to SPEA2-random_dense-UX', 'Equivalence_Line_16: NSGA2-greedy_multi-1P to UNSGA3-greedy_multi-1P', 'Equivalence_Line_17: SMSEMOA-greedy_multi-1P to SPEA2-greedy_multi-HUX', 'Equivalence_Line_18: AGEMOEA2-greedy_multi-HUX to NSGA2-greedy_ting-2P', 'Equivalence_Line_19: AGEMOEA2-greedy_multi-UX to AGEMOEA2-greedy_ting-HUX', 'Equivalence_Line_20: SMSEMOA-greedy_multi-2P to SPEA2-random_dense-1P', 'Equivalence_Line_21: RVEA-random_dense-2P to SPEA2-greedy_multi-1P', 'Equivalence_Line_22: UNSGA3-greedy_multi-UX to SPEA2-greedy_multi-2P', 'Equivalence_Line_23: RVEA-random_dense-1P to NSGA2-greedy_ting-1P', 'Equivalence_Line_24: UNSGA3-greedy_ting-HUX to UNSGA3-greedy_ting-2P', 'Equivalence_Line_25: AGEMOEA2-random_dense-1P to AGEMOEA2-greedy_ting-2P', 'Equivalence_Line_26: UNSGA3-greedy_multi-2P to NSGA3-greedy_ting-1P', 'Equivalence_Line_27: SMSEMOA-greedy_multi-UX to SPEA2-greedy_ting-2P', 'Equivalence_Line_28: UNSGA3-greedy_ting-UX to UNSGA3-greedy_ting-1P', 'Equivalence_Line_29: SPEA2-random_dense-UX to SPEA2-greedy_ting-1P', 'Equivalence_Line_30: SPEA2-random_dense-HUX to RVEA-greedy_multi-2P', 'Equivalence_Line_31: SPEA2-greedy_multi-UX to RVEA-greedy_multi-HUX', 'Equivalence_Line_32: SPEA2-random_dense-1P to RVEA-greedy_ting-2P']"
NSGA2-greedy_multi-2P,0.20852554565958648,"['Equivalence_Line_1: SMSEMOA-greedy_ting-HUX to NSGA2-greedy_multi-2P', 'Equivalence_Line_2: SMSEMOA-greedy_ting-UX to SMSEMOA-greedy_multi-1P', 'Equivalence_Line_3: SMSEMOA-random_dense-UX to NSGA2-random_dense-1P', 'Equivalence_Line_4: SMSEMOA-random_dense-2P to AGEMOEA2-greedy_multi-HUX', 'Equivalence_Line_5: SMSEMOA-random_dense-1P to RVEA-random_dense-2P', 'Equivalence_Line_6: RVEA-random_dense-HUX to UNSGA3-greedy_multi-UX', 'Equivalence_Line_7: SMSEMOA-greedy_ting-2P to NSGA3-random_dense-1P', 'Equivalence_Line_8: NSGA3-random_dense-HUX to NSGA3-random_dense-2P', 'Equivalence_Line_9: NSGA2-random_dense-HUX to NSGA3-greedy_ting-HUX', 'Equivalence_Line_10: NSGA2-random_dense-UX to AGEMOEA2-random_dense-2P', 'Equivalence_Line_11: SMSEMOA-greedy_ting-1P to UNSGA3-greedy_ting-HUX', 'Equivalence_Line_12: NSGA2-greedy_multi-HUX to SMSEMOA-greedy_multi-UX', 'Equivalence_Line_13: NSGA2-greedy_multi-UX to UNSGA3-greedy_ting-UX', 'Equivalence_Line_14: NSGA2-greedy_ting-UX to AGEMOEA2-greedy_multi-1P', 'Equivalence_Line_15: AGEMOEA2-random_dense-HUX to SPEA2-random_dense-UX', 'Equivalence_Line_16: NSGA2-greedy_multi-1P to UNSGA3-greedy_multi-1P', 'Equivalence_Line_17: SMSEMOA-greedy_multi-1P to SPEA2-greedy_multi-HUX', 'Equivalence_Line_18: AGEMOEA2-greedy_multi-HUX to NSGA2-greedy_ting-2P', 'Equivalence_Line_19: AGEMOEA2-greedy_multi-UX to AGEMOEA2-greedy_ting-HUX', 'Equivalence_Line_20: SMSEMOA-greedy_multi-2P to SPEA2-random_dense-1P', 'Equivalence_Line_21: RVEA-random_dense-2P to SPEA2-greedy_multi-1P', 'Equivalence_Line_22: UNSGA3-greedy_multi-UX to SPEA2-greedy_multi-2P', 'Equivalence_Line_23: RVEA-random_dense-1P to NSGA2-greedy_ting-1P', 'Equivalence_Line_24: UNSGA3-greedy_ting-HUX to UNSGA3-greedy_ting-2P', 'Equivalence_Line_25: AGEMOEA2-random_dense-1P to AGEMOEA2-greedy_ting-2P', 'Equivalence_Line_26: UNSGA3-greedy_multi-2P to NSGA3-greedy_ting-1P', 'Equivalence_Line_27: SMSEMOA-greedy_multi-UX to SPEA2-greedy_ting-2P', 'Equivalence_Line_28: UNSGA3-greedy_ting-UX to UNSGA3-greedy_ting-1P', 'Equivalence_Line_29: SPEA2-random_dense-UX to SPEA2-greedy_ting-1P', 'Equivalence_Line_30: SPEA2-random_dense-HUX to RVEA-greedy_multi-2P', 'Equivalence_Line_31: SPEA2-greedy_multi-UX to RVEA-greedy_multi-HUX', 'Equivalence_Line_32: SPEA2-random_dense-1P to RVEA-greedy_ting-2P']"
SMSEMOA-greedy_multi-1P,0.2079328285976466,"['Equivalence_Line_1: SMSEMOA-greedy_ting-HUX to NSGA2-greedy_multi-2P', 'Equivalence_Line_2: SMSEMOA-greedy_ting-UX to SMSEMOA-greedy_multi-1P', 'Equivalence_Line_3: SMSEMOA-random_dense-UX to NSGA2-random_dense-1P', 'Equivalence_Line_4: SMSEMOA-random_dense-2P to AGEMOEA2-greedy_multi-HUX', 'Equivalence_Line_5: SMSEMOA-random_dense-1P to RVEA-random_dense-2P', 'Equivalence_Line_6: RVEA-random_dense-HUX to UNSGA3-greedy_multi-UX', 'Equivalence_Line_7: SMSEMOA-greedy_ting-2P to NSGA3-random_dense-1P', 'Equivalence_Line_8: NSGA3-random_dense-HUX to NSGA3-random_dense-2P', 'Equivalence_Line_9: NSGA2-random_dense-HUX to NSGA3-greedy_ting-HUX', 'Equivalence_Line_10: NSGA2-random_dense-UX to AGEMOEA2-random_dense-2P', 'Equivalence_Line_11: SMSEMOA-greedy_ting-1P to UNSGA3-greedy_ting-HUX', 'Equivalence_Line_12: NSGA2-greedy_multi-HUX to SMSEMOA-greedy_multi-UX', 'Equivalence_Line_13: NSGA2-greedy_multi-UX to UNSGA3-greedy_ting-UX', 'Equivalence_Line_14: NSGA2-greedy_ting-UX to AGEMOEA2-greedy_multi-1P', 'Equivalence_Line_15: AGEMOEA2-random_dense-HUX to SPEA2-random_dense-UX', 'Equivalence_Line_16: NSGA2-greedy_multi-1P to UNSGA3-greedy_multi-1P', 'Equivalence_Line_17: SMSEMOA-greedy_multi-1P to SPEA2-greedy_multi-HUX', 'Equivalence_Line_18: AGEMOEA2-greedy_multi-HUX to NSGA2-greedy_ting-2P', 'Equivalence_Line_19: AGEMOEA2-greedy_multi-UX to AGEMOEA2-greedy_ting-HUX', 'Equivalence_Line_20: SMSEMOA-greedy_multi-2P to SPEA2-random_dense-1P', 'Equivalence_Line_21: RVEA-random_dense-2P to SPEA2-greedy_multi-1P', 'Equivalence_Line_22: UNSGA3-greedy_multi-UX to SPEA2-greedy_multi-2P', 'Equivalence_Line_23: RVEA-random_dense-1P to NSGA2-greedy_ting-1P', 'Equivalence_Line_24: UNSGA3-greedy_ting-HUX to UNSGA3-greedy_ting-2P', 'Equivalence_Line_25: AGEMOEA2-random_dense-1P to AGEMOEA2-greedy_ting-2P', 'Equivalence_Line_26: UNSGA3-greedy_multi-2P to NSGA3-greedy_ting-1P', 'Equivalence_Line_27: SMSEMOA-greedy_multi-UX to SPEA2-greedy_ting-2P', 'Equivalence_Line_28: UNSGA3-greedy_ting-UX to UNSGA3-greedy_ting-1P', 'Equivalence_Line_29: SPEA2-random_dense-UX to SPEA2-greedy_ting-1P', 'Equivalence_Line_30: SPEA2-random_dense-HUX to RVEA-greedy_multi-2P', 'Equivalence_Line_31: SPEA2-greedy_multi-UX to RVEA-greedy_multi-HUX', 'Equivalence_Line_32: SPEA2-random_dense-1P to RVEA-greedy_ting-2P']"
NSGA2-random_dense-1P,0.20715797133711328,"['Equivalence_Line_1: SMSEMOA-greedy_ting-HUX to NSGA2-greedy_multi-2P', 'Equivalence_Line_2: SMSEMOA-greedy_ting-UX to SMSEMOA-greedy_multi-1P', 'Equivalence_Line_3: SMSEMOA-random_dense-UX to NSGA2-random_dense-1P', 'Equivalence_Line_4: SMSEMOA-random_dense-2P to AGEMOEA2-greedy_multi-HUX', 'Equivalence_Line_5: SMSEMOA-random_dense-1P to RVEA-random_dense-2P', 'Equivalence_Line_6: RVEA-random_dense-HUX to UNSGA3-greedy_multi-UX', 'Equivalence_Line_7: SMSEMOA-greedy_ting-2P to NSGA3-random_dense-1P', 'Equivalence_Line_8: NSGA3-random_dense-HUX to NSGA3-random_dense-2P', 'Equivalence_Line_9: NSGA2-random_dense-HUX to NSGA3-greedy_ting-HUX', 'Equivalence_Line_10: NSGA2-random_dense-UX to AGEMOEA2-random_dense-2P', 'Equivalence_Line_11: SMSEMOA-greedy_ting-1P to UNSGA3-greedy_ting-HUX', 'Equivalence_Line_12: NSGA2-greedy_multi-HUX to SMSEMOA-greedy_multi-UX', 'Equivalence_Line_13: NSGA2-greedy_multi-UX to UNSGA3-greedy_ting-UX', 'Equivalence_Line_14: NSGA2-greedy_ting-UX to AGEMOEA2-greedy_multi-1P', 'Equivalence_Line_15: AGEMOEA2-random_dense-HUX to SPEA2-random_dense-UX', 'Equivalence_Line_16: NSGA2-greedy_multi-1P to UNSGA3-greedy_multi-1P', 'Equivalence_Line_17: SMSEMOA-greedy_multi-1P to SPEA2-greedy_multi-HUX', 'Equivalence_Line_18: AGEMOEA2-greedy_multi-HUX to NSGA2-greedy_ting-2P', 'Equivalence_Line_19: AGEMOEA2-greedy_multi-UX to AGEMOEA2-greedy_ting-HUX', 'Equivalence_Line_20: SMSEMOA-greedy_multi-2P to SPEA2-random_dense-1P', 'Equivalence_Line_21: RVEA-random_dense-2P to SPEA2-greedy_multi-1P', 'Equivalence_Line_22: UNSGA3-greedy_multi-UX to SPEA2-greedy_multi-2P', 'Equivalence_Line_23: RVEA-random_dense-1P to NSGA2-greedy_ting-1P', 'Equivalence_Line_24: UNSGA3-greedy_ting-HUX to UNSGA3-greedy_ting-2P', 'Equivalence_Line_25: AGEMOEA2-random_dense-1P to AGEMOEA2-greedy_ting-2P', 'Equivalence_Line_26: UNSGA3-greedy_multi-2P to NSGA3-greedy_ting-1P', 'Equivalence_Line_27: SMSEMOA-greedy_multi-UX to SPEA2-greedy_ting-2P', 'Equivalence_Line_28: UNSGA3-greedy_ting-UX to UNSGA3-greedy_ting-1P', 'Equivalence_Line_29: SPEA2-random_dense-UX to SPEA2-greedy_ting-1P', 'Equivalence_Line_30: SPEA2-random_dense-HUX to RVEA-greedy_multi-2P', 'Equivalence_Line_31: SPEA2-greedy_multi-UX to RVEA-greedy_multi-HUX', 'Equivalence_Line_32: SPEA2-random_dense-1P to RVEA-greedy_ting-2P']"
AGEMOEA2-greedy_multi-HUX,0.20598752486218858,"['Equivalence_Line_1: SMSEMOA-greedy_ting-HUX to NSGA2-greedy_multi-2P', 'Equivalence_Line_2: SMSEMOA-greedy_ting-UX to SMSEMOA-greedy_multi-1P', 'Equivalence_Line_3: SMSEMOA-random_dense-UX to NSGA2-random_dense-1P', 'Equivalence_Line_4: SMSEMOA-random_dense-2P to AGEMOEA2-greedy_multi-HUX', 'Equivalence_Line_5: SMSEMOA-random_dense-1P to RVEA-random_dense-2P', 'Equivalence_Line_6: RVEA-random_dense-HUX to UNSGA3-greedy_multi-UX', 'Equivalence_Line_7: SMSEMOA-greedy_ting-2P to NSGA3-random_dense-1P', 'Equivalence_Line_8: NSGA3-random_dense-HUX to NSGA3-random_dense-2P', 'Equivalence_Line_9: NSGA2-random_dense-HUX to NSGA3-greedy_ting-HUX', 'Equivalence_Line_10: NSGA2-random_dense-UX to AGEMOEA2-random_dense-2P', 'Equivalence_Line_11: SMSEMOA-greedy_ting-1P to UNSGA3-greedy_ting-HUX', 'Equivalence_Line_12: NSGA2-greedy_multi-HUX to SMSEMOA-greedy_multi-UX', 'Equivalence_Line_13: NSGA2-greedy_multi-UX to UNSGA3-greedy_ting-UX', 'Equivalence_Line_14: NSGA2-greedy_ting-UX to AGEMOEA2-greedy_multi-1P', 'Equivalence_Line_15: AGEMOEA2-random_dense-HUX to SPEA2-random_dense-UX', 'Equivalence_Line_16: NSGA2-greedy_multi-1P to UNSGA3-greedy_multi-1P', 'Equivalence_Line_17: SMSEMOA-greedy_multi-1P to SPEA2-greedy_multi-HUX', 'Equivalence_Line_18: AGEMOEA2-greedy_multi-HUX to NSGA2-greedy_ting-2P', 'Equivalence_Line_19: AGEMOEA2-greedy_multi-UX to AGEMOEA2-greedy_ting-HUX', 'Equivalence_Line_20: SMSEMOA-greedy_multi-2P to SPEA2-random_dense-1P', 'Equivalence_Line_21: RVEA-random_dense-2P to SPEA2-greedy_multi-1P', 'Equivalence_Line_22: UNSGA3-greedy_multi-UX to SPEA2-greedy_multi-2P', 'Equivalence_Line_23: RVEA-random_dense-1P to NSGA2-greedy_ting-1P', 'Equivalence_Line_24: UNSGA3-greedy_ting-HUX to UNSGA3-greedy_ting-2P', 'Equivalence_Line_25: AGEMOEA2-random_dense-1P to AGEMOEA2-greedy_ting-2P', 'Equivalence_Line_26: UNSGA3-greedy_multi-2P to NSGA3-greedy_ting-1P', 'Equivalence_Line_27: SMSEMOA-greedy_multi-UX to SPEA2-greedy_ting-2P', 'Equivalence_Line_28: UNSGA3-greedy_ting-UX to UNSGA3-greedy_ting-1P', 'Equivalence_Line_29: SPEA2-random_dense-UX to SPEA2-greedy_ting-1P', 'Equivalence_Line_30: SPEA2-random_dense-HUX to RVEA-greedy_multi-2P', 'Equivalence_Line_31: SPEA2-greedy_multi-UX to RVEA-greedy_multi-HUX', 'Equivalence_Line_32: SPEA2-random_dense-1P to RVEA-greedy_ting-2P']"
AGEMOEA2-greedy_multi-UX,0.20410513599654354,"['Equivalence_Line_1: SMSEMOA-greedy_ting-HUX to NSGA2-greedy_multi-2P', 'Equivalence_Line_2: SMSEMOA-greedy_ting-UX to SMSEMOA-greedy_multi-1P', 'Equivalence_Line_3: SMSEMOA-random_dense-UX to NSGA2-random_dense-1P', 'Equivalence_Line_4: SMSEMOA-random_dense-2P to AGEMOEA2-greedy_multi-HUX', 'Equivalence_Line_5: SMSEMOA-random_dense-1P to RVEA-random_dense-2P', 'Equivalence_Line_6: RVEA-random_dense-HUX to UNSGA3-greedy_multi-UX', 'Equivalence_Line_7: SMSEMOA-greedy_ting-2P to NSGA3-random_dense-1P', 'Equivalence_Line_8: NSGA3-random_dense-HUX to NSGA3-random_dense-2P', 'Equivalence_Line_9: NSGA2-random_dense-HUX to NSGA3-greedy_ting-HUX', 'Equivalence_Line_10: NSGA2-random_dense-UX to AGEMOEA2-random_dense-2P', 'Equivalence_Line_11: SMSEMOA-greedy_ting-1P to UNSGA3-greedy_ting-HUX', 'Equivalence_Line_12: NSGA2-greedy_multi-HUX to SMSEMOA-greedy_multi-UX', 'Equivalence_Line_13: NSGA2-greedy_multi-UX to UNSGA3-greedy_ting-UX', 'Equivalence_Line_14: NSGA2-greedy_ting-UX to AGEMOEA2-greedy_multi-1P', 'Equivalence_Line_15: AGEMOEA2-random_dense-HUX to SPEA2-random_dense-UX', 'Equivalence_Line_16: NSGA2-greedy_multi-1P to UNSGA3-greedy_multi-1P', 'Equivalence_Line_17: SMSEMOA-greedy_multi-1P to SPEA2-greedy_multi-HUX', 'Equivalence_Line_18: AGEMOEA2-greedy_multi-HUX to NSGA2-greedy_ting-2P', 'Equivalence_Line_19: AGEMOEA2-greedy_multi-UX to AGEMOEA2-greedy_ting-HUX', 'Equivalence_Line_20: SMSEMOA-greedy_multi-2P to SPEA2-random_dense-1P', 'Equivalence_Line_21: RVEA-random_dense-2P to SPEA2-greedy_multi-1P', 'Equivalence_Line_22: UNSGA3-greedy_multi-UX to SPEA2-greedy_multi-2P', 'Equivalence_Line_23: RVEA-random_dense-1P to NSGA2-greedy_ting-1P', 'Equivalence_Line_24: UNSGA3-greedy_ting-HUX to UNSGA3-greedy_ting-2P', 'Equivalence_Line_25: AGEMOEA2-random_dense-1P to AGEMOEA2-greedy_ting-2P', 'Equivalence_Line_26: UNSGA3-greedy_multi-2P to NSGA3-greedy_ting-1P', 'Equivalence_Line_27: SMSEMOA-greedy_multi-UX to SPEA2-greedy_ting-2P', 'Equivalence_Line_28: UNSGA3-greedy_ting-UX to UNSGA3-greedy_ting-1P', 'Equivalence_Line_29: SPEA2-random_dense-UX to SPEA2-greedy_ting-1P', 'Equivalence_Line_30: SPEA2-random_dense-HUX to RVEA-greedy_multi-2P', 'Equivalence_Line_31: SPEA2-greedy_multi-UX to RVEA-greedy_multi-HUX', 'Equivalence_Line_32: SPEA2-random_dense-1P to RVEA-greedy_ting-2P']"
SMSEMOA-greedy_multi-2P,0.20379673566826087,"['Equivalence_Line_1: SMSEMOA-greedy_ting-HUX to NSGA2-greedy_multi-2P', 'Equivalence_Line_2: SMSEMOA-greedy_ting-UX to SMSEMOA-greedy_multi-1P', 'Equivalence_Line_3: SMSEMOA-random_dense-UX to NSGA2-random_dense-1P', 'Equivalence_Line_4: SMSEMOA-random_dense-2P to AGEMOEA2-greedy_multi-HUX', 'Equivalence_Line_5: SMSEMOA-random_dense-1P to RVEA-random_dense-2P', 'Equivalence_Line_6: RVEA-random_dense-HUX to UNSGA3-greedy_multi-UX', 'Equivalence_Line_7: SMSEMOA-greedy_ting-2P to NSGA3-random_dense-1P', 'Equivalence_Line_8: NSGA3-random_dense-HUX to NSGA3-random_dense-2P', 'Equivalence_Line_9: NSGA2-random_dense-HUX to NSGA3-greedy_ting-HUX', 'Equivalence_Line_10: NSGA2-random_dense-UX to AGEMOEA2-random_dense-2P', 'Equivalence_Line_11: SMSEMOA-greedy_ting-1P to UNSGA3-greedy_ting-HUX', 'Equivalence_Line_12: NSGA2-greedy_multi-HUX to SMSEMOA-greedy_multi-UX', 'Equivalence_Line_13: NSGA2-greedy_multi-UX to UNSGA3-greedy_ting-UX', 'Equivalence_Line_14: NSGA2-greedy_ting-UX to AGEMOEA2-greedy_multi-1P', 'Equivalence_Line_15: AGEMOEA2-random_dense-HUX to SPEA2-random_dense-UX', 'Equivalence_Line_16: NSGA2-greedy_multi-1P to UNSGA3-greedy_multi-1P', 'Equivalence_Line_17: SMSEMOA-greedy_multi-1P to SPEA2-greedy_multi-HUX', 'Equivalence_Line_18: AGEMOEA2-greedy_multi-HUX to NSGA2-greedy_ting-2P', 'Equivalence_Line_19: AGEMOEA2-greedy_multi-UX to AGEMOEA2-greedy_ting-HUX', 'Equivalence_Line_20: SMSEMOA-greedy_multi-2P to SPEA2-random_dense-1P', 'Equivalence_Line_21: RVEA-random_dense-2P to SPEA2-greedy_multi-1P', 'Equivalence_Line_22: UNSGA3-greedy_multi-UX to SPEA2-greedy_multi-2P', 'Equivalence_Line_23: RVEA-random_dense-1P to NSGA2-greedy_ting-1P', 'Equivalence_Line_24: UNSGA3-greedy_ting-HUX to UNSGA3-greedy_ting-2P', 'Equivalence_Line_25: AGEMOEA2-random_dense-1P to AGEMOEA2-greedy_ting-2P', 'Equivalence_Line_26: UNSGA3-greedy_multi-2P to NSGA3-greedy_ting-1P', 'Equivalence_Line_27: SMSEMOA-greedy_multi-UX to SPEA2-greedy_ting-2P', 'Equivalence_Line_28: UNSGA3-greedy_ting-UX to UNSGA3-greedy_ting-1P', 'Equivalence_Line_29: SPEA2-random_dense-UX to SPEA2-greedy_ting-1P', 'Equivalence_Line_30: SPEA2-random_dense-HUX to RVEA-greedy_multi-2P', 'Equivalence_Line_31: SPEA2-greedy_multi-UX to RVEA-greedy_multi-HUX', 'Equivalence_Line_32: SPEA2-random_dense-1P to RVEA-greedy_ting-2P']"
RVEA-random_dense-2P,0.20320064075076683,"['Equivalence_Line_1: SMSEMOA-greedy_ting-HUX to NSGA2-greedy_multi-2P', 'Equivalence_Line_2: SMSEMOA-greedy_ting-UX to SMSEMOA-greedy_multi-1P', 'Equivalence_Line_3: SMSEMOA-random_dense-UX to NSGA2-random_dense-1P', 'Equivalence_Line_4: SMSEMOA-random_dense-2P to AGEMOEA2-greedy_multi-HUX', 'Equivalence_Line_5: SMSEMOA-random_dense-1P to RVEA-random_dense-2P', 'Equivalence_Line_6: RVEA-random_dense-HUX to UNSGA3-greedy_multi-UX', 'Equivalence_Line_7: SMSEMOA-greedy_ting-2P to NSGA3-random_dense-1P', 'Equivalence_Line_8: NSGA3-random_dense-HUX to NSGA3-random_dense-2P', 'Equivalence_Line_9: NSGA2-random_dense-HUX to NSGA3-greedy_ting-HUX', 'Equivalence_Line_10: NSGA2-random_dense-UX to AGEMOEA2-random_dense-2P', 'Equivalence_Line_11: SMSEMOA-greedy_ting-1P to UNSGA3-greedy_ting-HUX', 'Equivalence_Line_12: NSGA2-greedy_multi-HUX to SMSEMOA-greedy_multi-UX', 'Equivalence_Line_13: NSGA2-greedy_multi-UX to UNSGA3-greedy_ting-UX', 'Equivalence_Line_14: NSGA2-greedy_ting-UX to AGEMOEA2-greedy_multi-1P', 'Equivalence_Line_15: AGEMOEA2-random_dense-HUX to SPEA2-random_dense-UX', 'Equivalence_Line_16: NSGA2-greedy_multi-1P to UNSGA3-greedy_multi-1P', 'Equivalence_Line_17: SMSEMOA-greedy_multi-1P to SPEA2-greedy_multi-HUX', 'Equivalence_Line_18: AGEMOEA2-greedy_multi-HUX to NSGA2-greedy_ting-2P', 'Equivalence_Line_19: AGEMOEA2-greedy_multi-UX to AGEMOEA2-greedy_ting-HUX', 'Equivalence_Line_20: SMSEMOA-greedy_multi-2P to SPEA2-random_dense-1P', 'Equivalence_Line_21: RVEA-random_dense-2P to SPEA2-greedy_multi-1P', 'Equivalence_Line_22: UNSGA3-greedy_multi-UX to SPEA2-greedy_multi-2P', 'Equivalence_Line_23: RVEA-random_dense-1P to NSGA2-greedy_ting-1P', 'Equivalence_Line_24: UNSGA3-greedy_ting-HUX to UNSGA3-greedy_ting-2P', 'Equivalence_Line_25: AGEMOEA2-random_dense-1P to AGEMOEA2-greedy_ting-2P', 'Equivalence_Line_26: UNSGA3-greedy_multi-2P to NSGA3-greedy_ting-1P', 'Equivalence_Line_27: SMSEMOA-greedy_multi-UX to SPEA2-greedy_ting-2P', 'Equivalence_Line_28: UNSGA3-greedy_ting-UX to UNSGA3-greedy_ting-1P', 'Equivalence_Line_29: SPEA2-random_dense-UX to SPEA2-greedy_ting-1P', 'Equivalence_Line_30: SPEA2-random_dense-HUX to RVEA-greedy_multi-2P', 'Equivalence_Line_31: SPEA2-greedy_multi-UX to RVEA-greedy_multi-HUX', 'Equivalence_Line_32: SPEA2-random_dense-1P to RVEA-greedy_ting-2P']"
UNSGA3-greedy_multi-UX,0.20282933958072208,"['Equivalence_Line_1: SMSEMOA-greedy_ting-HUX to NSGA2-greedy_multi-2P', 'Equivalence_Line_2: SMSEMOA-greedy_ting-UX to SMSEMOA-greedy_multi-1P', 'Equivalence_Line_3: SMSEMOA-random_dense-UX to NSGA2-random_dense-1P', 'Equivalence_Line_4: SMSEMOA-random_dense-2P to AGEMOEA2-greedy_multi-HUX', 'Equivalence_Line_5: SMSEMOA-random_dense-1P to RVEA-random_dense-2P', 'Equivalence_Line_6: RVEA-random_dense-HUX to UNSGA3-greedy_multi-UX', 'Equivalence_Line_7: SMSEMOA-greedy_ting-2P to NSGA3-random_dense-1P', 'Equivalence_Line_8: NSGA3-random_dense-HUX to NSGA3-random_dense-2P', 'Equivalence_Line_9: NSGA2-random_dense-HUX to NSGA3-greedy_ting-HUX', 'Equivalence_Line_10: NSGA2-random_dense-UX to AGEMOEA2-random_dense-2P', 'Equivalence_Line_11: SMSEMOA-greedy_ting-1P to UNSGA3-greedy_ting-HUX', 'Equivalence_Line_12: NSGA2-greedy_multi-HUX to SMSEMOA-greedy_multi-UX', 'Equivalence_Line_13: NSGA2-greedy_multi-UX to UNSGA3-greedy_ting-UX', 'Equivalence_Line_14: NSGA2-greedy_ting-UX to AGEMOEA2-greedy_multi-1P', 'Equivalence_Line_15: AGEMOEA2-random_dense-HUX to SPEA2-random_dense-UX', 'Equivalence_Line_16: NSGA2-greedy_multi-1P to UNSGA3-greedy_multi-1P', 'Equivalence_Line_17: SMSEMOA-greedy_multi-1P to SPEA2-greedy_multi-HUX', 'Equivalence_Line_18: AGEMOEA2-greedy_multi-HUX to NSGA2-greedy_ting-2P', 'Equivalence_Line_19: AGEMOEA2-greedy_multi-UX to AGEMOEA2-greedy_ting-HUX', 'Equivalence_Line_20: SMSEMOA-greedy_multi-2P to SPEA2-random_dense-1P', 'Equivalence_Line_21: RVEA-random_dense-2P to SPEA2-greedy_multi-1P', 'Equivalence_Line_22: UNSGA3-greedy_multi-UX to SPEA2-greedy_multi-2P', 'Equivalence_Line_23: RVEA-random_dense-1P to NSGA2-greedy_ting-1P', 'Equivalence_Line_24: UNSGA3-greedy_ting-HUX to UNSGA3-greedy_ting-2P', 'Equivalence_Line_25: AGEMOEA2-random_dense-1P to AGEMOEA2-greedy_ting-2P', 'Equivalence_Line_26: UNSGA3-greedy_multi-2P to NSGA3-greedy_ting-1P', 'Equivalence_Line_27: SMSEMOA-greedy_multi-UX to SPEA2-greedy_ting-2P', 'Equivalence_Line_28: UNSGA3-greedy_ting-UX to UNSGA3-greedy_ting-1P', 'Equivalence_Line_29: SPEA2-random_dense-UX to SPEA2-greedy_ting-1P', 'Equivalence_Line_30: SPEA2-random_dense-HUX to RVEA-greedy_multi-2P', 'Equivalence_Line_31: SPEA2-greedy_multi-UX to RVEA-greedy_multi-HUX', 'Equivalence_Line_32: SPEA2-random_dense-1P to RVEA-greedy_ting-2P']"
UNSGA3-random_dense-2P,0.2023883911912002,"['Equivalence_Line_1: SMSEMOA-greedy_ting-HUX to NSGA2-greedy_multi-2P', 'Equivalence_Line_2: SMSEMOA-greedy_ting-UX to SMSEMOA-greedy_multi-1P', 'Equivalence_Line_3: SMSEMOA-random_dense-UX to NSGA2-random_dense-1P', 'Equivalence_Line_4: SMSEMOA-random_dense-2P to AGEMOEA2-greedy_multi-HUX', 'Equivalence_Line_5: SMSEMOA-random_dense-1P to RVEA-random_dense-2P', 'Equivalence_Line_6: RVEA-random_dense-HUX to UNSGA3-greedy_multi-UX', 'Equivalence_Line_7: SMSEMOA-greedy_ting-2P to NSGA3-random_dense-1P', 'Equivalence_Line_8: NSGA3-random_dense-HUX to NSGA3-random_dense-2P', 'Equivalence_Line_9: NSGA2-random_dense-HUX to NSGA3-greedy_ting-HUX', 'Equivalence_Line_10: NSGA2-random_dense-UX to AGEMOEA2-random_dense-2P', 'Equivalence_Line_11: SMSEMOA-greedy_ting-1P to UNSGA3-greedy_ting-HUX', 'Equivalence_Line_12: NSGA2-greedy_multi-HUX to SMSEMOA-greedy_multi-UX', 'Equivalence_Line_13: NSGA2-greedy_multi-UX to UNSGA3-greedy_ting-UX', 'Equivalence_Line_14: NSGA2-greedy_ting-UX to AGEMOEA2-greedy_multi-1P', 'Equivalence_Line_15: AGEMOEA2-random_dense-HUX to SPEA2-random_dense-UX', 'Equivalence_Line_16: NSGA2-greedy_multi-1P to UNSGA3-greedy_multi-1P', 'Equivalence_Line_17: SMSEMOA-greedy_multi-1P to SPEA2-greedy_multi-HUX', 'Equivalence_Line_18: AGEMOEA2-greedy_multi-HUX to NSGA2-greedy_ting-2P', 'Equivalence_Line_19: AGEMOEA2-greedy_multi-UX to AGEMOEA2-greedy_ting-HUX', 'Equivalence_Line_20: SMSEMOA-greedy_multi-2P to SPEA2-random_dense-1P', 'Equivalence_Line_21: RVEA-random_dense-2P to SPEA2-greedy_multi-1P', 'Equivalence_Line_22: UNSGA3-greedy_multi-UX to SPEA2-greedy_multi-2P', 'Equivalence_Line_23: RVEA-random_dense-1P to NSGA2-greedy_ting-1P', 'Equivalence_Line_24: UNSGA3-greedy_ting-HUX to UNSGA3-greedy_ting-2P', 'Equivalence_Line_25: AGEMOEA2-random_dense-1P to AGEMOEA2-greedy_ting-2P', 'Equivalence_Line_26: UNSGA3-greedy_multi-2P to NSGA3-greedy_ting-1P', 'Equivalence_Line_27: SMSEMOA-greedy_multi-UX to SPEA2-greedy_ting-2P', 'Equivalence_Line_28: UNSGA3-greedy_ting-UX to UNSGA3-greedy_ting-1P', 'Equivalence_Line_29: SPEA2-random_dense-UX to SPEA2-greedy_ting-1P', 'Equivalence_Line_30: SPEA2-random_dense-HUX to RVEA-greedy_multi-2P', 'Equivalence_Line_31: SPEA2-greedy_multi-UX to RVEA-greedy_multi-HUX', 'Equivalence_Line_32: SPEA2-random_dense-1P to RVEA-greedy_ting-2P']"
NSGA3-greedy_multi-HUX,0.20200101946013233,"['Equivalence_Line_1: SMSEMOA-greedy_ting-HUX to NSGA2-greedy_multi-2P', 'Equivalence_Line_2: SMSEMOA-greedy_ting-UX to SMSEMOA-greedy_multi-1P', 'Equivalence_Line_3: SMSEMOA-random_dense-UX to NSGA2-random_dense-1P', 'Equivalence_Line_4: SMSEMOA-random_dense-2P to AGEMOEA2-greedy_multi-HUX', 'Equivalence_Line_5: SMSEMOA-random_dense-1P to RVEA-random_dense-2P', 'Equivalence_Line_6: RVEA-random_dense-HUX to UNSGA3-greedy_multi-UX', 'Equivalence_Line_7: SMSEMOA-greedy_ting-2P to NSGA3-random_dense-1P', 'Equivalence_Line_8: NSGA3-random_dense-HUX to NSGA3-random_dense-2P', 'Equivalence_Line_9: NSGA2-random_dense-HUX to NSGA3-greedy_ting-HUX', 'Equivalence_Line_10: NSGA2-random_dense-UX to AGEMOEA2-random_dense-2P', 'Equivalence_Line_11: SMSEMOA-greedy_ting-1P to UNSGA3-greedy_ting-HUX', 'Equivalence_Line_12: NSGA2-greedy_multi-HUX to SMSEMOA-greedy_multi-UX', 'Equivalence_Line_13: NSGA2-greedy_multi-UX to UNSGA3-greedy_ting-UX', 'Equivalence_Line_14: NSGA2-greedy_ting-UX to AGEMOEA2-greedy_multi-1P', 'Equivalence_Line_15: AGEMOEA2-random_dense-HUX to SPEA2-random_dense-UX', 'Equivalence_Line_16: NSGA2-greedy_multi-1P to UNSGA3-greedy_multi-1P', 'Equivalence_Line_17: SMSEMOA-greedy_multi-1P to SPEA2-greedy_multi-HUX', 'Equivalence_Line_18: AGEMOEA2-greedy_multi-HUX to NSGA2-greedy_ting-2P', 'Equivalence_Line_19: AGEMOEA2-greedy_multi-UX to AGEMOEA2-greedy_ting-HUX', 'Equivalence_Line_20: SMSEMOA-greedy_multi-2P to SPEA2-random_dense-1P', 'Equivalence_Line_21: RVEA-random_dense-2P to SPEA2-greedy_multi-1P', 'Equivalence_Line_22: UNSGA3-greedy_multi-UX to SPEA2-greedy_multi-2P', 'Equivalence_Line_23: RVEA-random_dense-1P to NSGA2-greedy_ting-1P', 'Equivalence_Line_24: UNSGA3-greedy_ting-HUX to UNSGA3-greedy_ting-2P', 'Equivalence_Line_25: AGEMOEA2-random_dense-1P to AGEMOEA2-greedy_ting-2P', 'Equivalence_Line_26: UNSGA3-greedy_multi-2P to NSGA3-greedy_ting-1P', 'Equivalence_Line_27: SMSEMOA-greedy_multi-UX to SPEA2-greedy_ting-2P', 'Equivalence_Line_28: UNSGA3-greedy_ting-UX to UNSGA3-greedy_ting-1P', 'Equivalence_Line_29: SPEA2-random_dense-UX to SPEA2-greedy_ting-1P', 'Equivalence_Line_30: SPEA2-random_dense-HUX to RVEA-greedy_multi-2P', 'Equivalence_Line_31: SPEA2-greedy_multi-UX to RVEA-greedy_multi-HUX', 'Equivalence_Line_32: SPEA2-random_dense-1P to RVEA-greedy_ting-2P']"
NSGA3-random_dense-1P,0.20190758161168837,"['Equivalence_Line_1: SMSEMOA-greedy_ting-HUX to NSGA2-greedy_multi-2P', 'Equivalence_Line_2: SMSEMOA-greedy_ting-UX to SMSEMOA-greedy_multi-1P', 'Equivalence_Line_3: SMSEMOA-random_dense-UX to NSGA2-random_dense-1P', 'Equivalence_Line_4: SMSEMOA-random_dense-2P to AGEMOEA2-greedy_multi-HUX', 'Equivalence_Line_5: SMSEMOA-random_dense-1P to RVEA-random_dense-2P', 'Equivalence_Line_6: RVEA-random_dense-HUX to UNSGA3-greedy_multi-UX', 'Equivalence_Line_7: SMSEMOA-greedy_ting-2P to NSGA3-random_dense-1P', 'Equivalence_Line_8: NSGA3-random_dense-HUX to NSGA3-random_dense-2P', 'Equivalence_Line_9: NSGA2-random_dense-HUX to NSGA3-greedy_ting-HUX', 'Equivalence_Line_10: NSGA2-random_dense-UX to AGEMOEA2-random_dense-2P', 'Equivalence_Line_11: SMSEMOA-greedy_ting-1P to UNSGA3-greedy_ting-HUX', 'Equivalence_Line_12: NSGA2-greedy_multi-HUX to SMSEMOA-greedy_multi-UX', 'Equivalence_Line_13: NSGA2-greedy_multi-UX to UNSGA3-greedy_ting-UX', 'Equivalence_Line_14: NSGA2-greedy_ting-UX to AGEMOEA2-greedy_multi-1P', 'Equivalence_Line_15: AGEMOEA2-random_dense-HUX to SPEA2-random_dense-UX', 'Equivalence_Line_16: NSGA2-greedy_multi-1P to UNSGA3-greedy_multi-1P', 'Equivalence_Line_17: SMSEMOA-greedy_multi-1P to SPEA2-greedy_multi-HUX', 'Equivalence_Line_18: AGEMOEA2-greedy_multi-HUX to NSGA2-greedy_ting-2P', 'Equivalence_Line_19: AGEMOEA2-greedy_multi-UX to AGEMOEA2-greedy_ting-HUX', 'Equivalence_Line_20: SMSEMOA-greedy_multi-2P to SPEA2-random_dense-1P', 'Equivalence_Line_21: RVEA-random_dense-2P to SPEA2-greedy_multi-1P', 'Equivalence_Line_22: UNSGA3-greedy_multi-UX to SPEA2-greedy_multi-2P', 'Equivalence_Line_23: RVEA-random_dense-1P to NSGA2-greedy_ting-1P', 'Equivalence_Line_24: UNSGA3-greedy_ting-HUX to UNSGA3-greedy_ting-2P', 'Equivalence_Line_25: AGEMOEA2-random_dense-1P to AGEMOEA2-greedy_ting-2P', 'Equivalence_Line_26: UNSGA3-greedy_multi-2P to NSGA3-greedy_ting-1P', 'Equivalence_Line_27: SMSEMOA-greedy_multi-UX to SPEA2-greedy_ting-2P', 'Equivalence_Line_28: UNSGA3-greedy_ting-UX to UNSGA3-greedy_ting-1P', 'Equivalence_Line_29: SPEA2-random_dense-UX to SPEA2-greedy_ting-1P', 'Equivalence_Line_30: SPEA2-random_dense-HUX to RVEA-greedy_multi-2P', 'Equivalence_Line_31: SPEA2-greedy_multi-UX to RVEA-greedy_multi-HUX', 'Equivalence_Line_32: SPEA2-random_dense-1P to RVEA-greedy_ting-2P']"
NSGA3-random_dense-2P,0.20133310882424313,"['Equivalence_Line_1: SMSEMOA-greedy_ting-HUX to NSGA2-greedy_multi-2P', 'Equivalence_Line_2: SMSEMOA-greedy_ting-UX to SMSEMOA-greedy_multi-1P', 'Equivalence_Line_3: SMSEMOA-random_dense-UX to NSGA2-random_dense-1P', 'Equivalence_Line_4: SMSEMOA-random_dense-2P to AGEMOEA2-greedy_multi-HUX', 'Equivalence_Line_5: SMSEMOA-random_dense-1P to RVEA-random_dense-2P', 'Equivalence_Line_6: RVEA-random_dense-HUX to UNSGA3-greedy_multi-UX', 'Equivalence_Line_7: SMSEMOA-greedy_ting-2P to NSGA3-random_dense-1P', 'Equivalence_Line_8: NSGA3-random_dense-HUX to NSGA3-random_dense-2P', 'Equivalence_Line_9: NSGA2-random_dense-HUX to NSGA3-greedy_ting-HUX', 'Equivalence_Line_10: NSGA2-random_dense-UX to AGEMOEA2-random_dense-2P', 'Equivalence_Line_11: SMSEMOA-greedy_ting-1P to UNSGA3-greedy_ting-HUX', 'Equivalence_Line_12: NSGA2-greedy_multi-HUX to SMSEMOA-greedy_multi-UX', 'Equivalence_Line_13: NSGA2-greedy_multi-UX to UNSGA3-greedy_ting-UX', 'Equivalence_Line_14: NSGA2-greedy_ting-UX to AGEMOEA2-greedy_multi-1P', 'Equivalence_Line_15: AGEMOEA2-random_dense-HUX to SPEA2-random_dense-UX', 'Equivalence_Line_16: NSGA2-greedy_multi-1P to UNSGA3-greedy_multi-1P', 'Equivalence_Line_17: SMSEMOA-greedy_multi-1P to SPEA2-greedy_multi-HUX', 'Equivalence_Line_18: AGEMOEA2-greedy_multi-HUX to NSGA2-greedy_ting-2P', 'Equivalence_Line_19: AGEMOEA2-greedy_multi-UX to AGEMOEA2-greedy_ting-HUX', 'Equivalence_Line_20: SMSEMOA-greedy_multi-2P to SPEA2-random_dense-1P', 'Equivalence_Line_21: RVEA-random_dense-2P to SPEA2-greedy_multi-1P', 'Equivalence_Line_22: UNSGA3-greedy_multi-UX to SPEA2-greedy_multi-2P', 'Equivalence_Line_23: RVEA-random_dense-1P to NSGA2-greedy_ting-1P', 'Equivalence_Line_24: UNSGA3-greedy_ting-HUX to UNSGA3-greedy_ting-2P', 'Equivalence_Line_25: AGEMOEA2-random_dense-1P to AGEMOEA2-greedy_ting-2P', 'Equivalence_Line_26: UNSGA3-greedy_multi-2P to NSGA3-greedy_ting-1P', 'Equivalence_Line_27: SMSEMOA-greedy_multi-UX to SPEA2-greedy_ting-2P', 'Equivalence_Line_28: UNSGA3-greedy_ting-UX to UNSGA3-greedy_ting-1P', 'Equivalence_Line_29: SPEA2-random_dense-UX to SPEA2-greedy_ting-1P', 'Equivalence_Line_30: SPEA2-random_dense-HUX to RVEA-greedy_multi-2P', 'Equivalence_Line_31: SPEA2-greedy_multi-UX to RVEA-greedy_multi-HUX', 'Equivalence_Line_32: SPEA2-random_dense-1P to RVEA-greedy_ting-2P']"
RVEA-random_dense-1P,0.20014082737583352,"['Equivalence_Line_1: SMSEMOA-greedy_ting-HUX to NSGA2-greedy_multi-2P', 'Equivalence_Line_2: SMSEMOA-greedy_ting-UX to SMSEMOA-greedy_multi-1P', 'Equivalence_Line_3: SMSEMOA-random_dense-UX to NSGA2-random_dense-1P', 'Equivalence_Line_4: SMSEMOA-random_dense-2P to AGEMOEA2-greedy_multi-HUX', 'Equivalence_Line_5: SMSEMOA-random_dense-1P to RVEA-random_dense-2P', 'Equivalence_Line_6: RVEA-random_dense-HUX to UNSGA3-greedy_multi-UX', 'Equivalence_Line_7: SMSEMOA-greedy_ting-2P to NSGA3-random_dense-1P', 'Equivalence_Line_8: NSGA3-random_dense-HUX to NSGA3-random_dense-2P', 'Equivalence_Line_9: NSGA2-random_dense-HUX to NSGA3-greedy_ting-HUX', 'Equivalence_Line_10: NSGA2-random_dense-UX to AGEMOEA2-random_dense-2P', 'Equivalence_Line_11: SMSEMOA-greedy_ting-1P to UNSGA3-greedy_ting-HUX', 'Equivalence_Line_12: NSGA2-greedy_multi-HUX to SMSEMOA-greedy_multi-UX', 'Equivalence_Line_13: NSGA2-greedy_multi-UX to UNSGA3-greedy_ting-UX', 'Equivalence_Line_14: NSGA2-greedy_ting-UX to AGEMOEA2-greedy_multi-1P', 'Equivalence_Line_15: AGEMOEA2-random_dense-HUX to SPEA2-random_dense-UX', 'Equivalence_Line_16: NSGA2-greedy_multi-1P to UNSGA3-greedy_multi-1P', 'Equivalence_Line_17: SMSEMOA-greedy_multi-1P to SPEA2-greedy_multi-HUX', 'Equivalence_Line_18: AGEMOEA2-greedy_multi-HUX to NSGA2-greedy_ting-2P', 'Equivalence_Line_19: AGEMOEA2-greedy_multi-UX to AGEMOEA2-greedy_ting-HUX', 'Equivalence_Line_20: SMSEMOA-greedy_multi-2P to SPEA2-random_dense-1P', 'Equivalence_Line_21: RVEA-random_dense-2P to SPEA2-greedy_multi-1P', 'Equivalence_Line_22: UNSGA3-greedy_multi-UX to SPEA2-greedy_multi-2P', 'Equivalence_Line_23: RVEA-random_dense-1P to NSGA2-greedy_ting-1P', 'Equivalence_Line_24: UNSGA3-greedy_ting-HUX to UNSGA3-greedy_ting-2P', 'Equivalence_Line_25: AGEMOEA2-random_dense-1P to AGEMOEA2-greedy_ting-2P', 'Equivalence_Line_26: UNSGA3-greedy_multi-2P to NSGA3-greedy_ting-1P', 'Equivalence_Line_27: SMSEMOA-greedy_multi-UX to SPEA2-greedy_ting-2P', 'Equivalence_Line_28: UNSGA3-greedy_ting-UX to UNSGA3-greedy_ting-1P', 'Equivalence_Line_29: SPEA2-random_dense-UX to SPEA2-greedy_ting-1P', 'Equivalence_Line_30: SPEA2-random_dense-HUX to RVEA-greedy_multi-2P', 'Equivalence_Line_31: SPEA2-greedy_multi-UX to RVEA-greedy_multi-HUX', 'Equivalence_Line_32: SPEA2-random_dense-1P to RVEA-greedy_ting-2P']"
UNSGA3-random_dense-1P,0.1997296104505248,"['Equivalence_Line_1: SMSEMOA-greedy_ting-HUX to NSGA2-greedy_multi-2P', 'Equivalence_Line_2: SMSEMOA-greedy_ting-UX to SMSEMOA-greedy_multi-1P', 'Equivalence_Line_3: SMSEMOA-random_dense-UX to NSGA2-random_dense-1P', 'Equivalence_Line_4: SMSEMOA-random_dense-2P to AGEMOEA2-greedy_multi-HUX', 'Equivalence_Line_5: SMSEMOA-random_dense-1P to RVEA-random_dense-2P', 'Equivalence_Line_6: RVEA-random_dense-HUX to UNSGA3-greedy_multi-UX', 'Equivalence_Line_7: SMSEMOA-greedy_ting-2P to NSGA3-random_dense-1P', 'Equivalence_Line_8: NSGA3-random_dense-HUX to NSGA3-random_dense-2P', 'Equivalence_Line_9: NSGA2-random_dense-HUX to NSGA3-greedy_ting-HUX', 'Equivalence_Line_10: NSGA2-random_dense-UX to AGEMOEA2-random_dense-2P', 'Equivalence_Line_11: SMSEMOA-greedy_ting-1P to UNSGA3-greedy_ting-HUX', 'Equivalence_Line_12: NSGA2-greedy_multi-HUX to SMSEMOA-greedy_multi-UX', 'Equivalence_Line_13: NSGA2-greedy_multi-UX to UNSGA3-greedy_ting-UX', 'Equivalence_Line_14: NSGA2-greedy_ting-UX to AGEMOEA2-greedy_multi-1P', 'Equivalence_Line_15: AGEMOEA2-random_dense-HUX to SPEA2-random_dense-UX', 'Equivalence_Line_16: NSGA2-greedy_multi-1P to UNSGA3-greedy_multi-1P', 'Equivalence_Line_17: SMSEMOA-greedy_multi-1P to SPEA2-greedy_multi-HUX', 'Equivalence_Line_18: AGEMOEA2-greedy_multi-HUX to NSGA2-greedy_ting-2P', 'Equivalence_Line_19: AGEMOEA2-greedy_multi-UX to AGEMOEA2-greedy_ting-HUX', 'Equivalence_Line_20: SMSEMOA-greedy_multi-2P to SPEA2-random_dense-1P', 'Equivalence_Line_21: RVEA-random_dense-2P to SPEA2-greedy_multi-1P', 'Equivalence_Line_22: UNSGA3-greedy_multi-UX to SPEA2-greedy_multi-2P', 'Equivalence_Line_23: RVEA-random_dense-1P to NSGA2-greedy_ting-1P', 'Equivalence_Line_24: UNSGA3-greedy_ting-HUX to UNSGA3-greedy_ting-2P', 'Equivalence_Line_25: AGEMOEA2-random_dense-1P to AGEMOEA2-greedy_ting-2P', 'Equivalence_Line_26: UNSGA3-greedy_multi-2P to NSGA3-greedy_ting-1P', 'Equivalence_Line_27: SMSEMOA-greedy_multi-UX to SPEA2-greedy_ting-2P', 'Equivalence_Line_28: UNSGA3-greedy_ting-UX to UNSGA3-greedy_ting-1P', 'Equivalence_Line_29: SPEA2-random_dense-UX to SPEA2-greedy_ting-1P', 'Equivalence_Line_30: SPEA2-random_dense-HUX to RVEA-greedy_multi-2P', 'Equivalence_Line_31: SPEA2-greedy_multi-UX to RVEA-greedy_multi-HUX', 'Equivalence_Line_32: SPEA2-random_dense-1P to RVEA-greedy_ting-2P']"
UNSGA3-greedy_multi-HUX,0.1997212255526973,"['Equivalence_Line_1: SMSEMOA-greedy_ting-HUX to NSGA2-greedy_multi-2P', 'Equivalence_Line_2: SMSEMOA-greedy_ting-UX to SMSEMOA-greedy_multi-1P', 'Equivalence_Line_3: SMSEMOA-random_dense-UX to NSGA2-random_dense-1P', 'Equivalence_Line_4: SMSEMOA-random_dense-2P to AGEMOEA2-greedy_multi-HUX', 'Equivalence_Line_5: SMSEMOA-random_dense-1P to RVEA-random_dense-2P', 'Equivalence_Line_6: RVEA-random_dense-HUX to UNSGA3-greedy_multi-UX', 'Equivalence_Line_7: SMSEMOA-greedy_ting-2P to NSGA3-random_dense-1P', 'Equivalence_Line_8: NSGA3-random_dense-HUX to NSGA3-random_dense-2P', 'Equivalence_Line_9: NSGA2-random_dense-HUX to NSGA3-greedy_ting-HUX', 'Equivalence_Line_10: NSGA2-random_dense-UX to AGEMOEA2-random_dense-2P', 'Equivalence_Line_11: SMSEMOA-greedy_ting-1P to UNSGA3-greedy_ting-HUX', 'Equivalence_Line_12: NSGA2-greedy_multi-HUX to SMSEMOA-greedy_multi-UX', 'Equivalence_Line_13: NSGA2-greedy_multi-UX to UNSGA3-greedy_ting-UX', 'Equivalence_Line_14: NSGA2-greedy_ting-UX to AGEMOEA2-greedy_multi-1P', 'Equivalence_Line_15: AGEMOEA2-random_dense-HUX to SPEA2-random_dense-UX', 'Equivalence_Line_16: NSGA2-greedy_multi-1P to UNSGA3-greedy_multi-1P', 'Equivalence_Line_17: SMSEMOA-greedy_multi-1P to SPEA2-greedy_multi-HUX', 'Equivalence_Line_18: AGEMOEA2-greedy_multi-HUX to NSGA2-greedy_ting-2P', 'Equivalence_Line_19: AGEMOEA2-greedy_multi-UX to AGEMOEA2-greedy_ting-HUX', 'Equivalence_Line_20: SMSEMOA-greedy_multi-2P to SPEA2-random_dense-1P', 'Equivalence_Line_21: RVEA-random_dense-2P to SPEA2-greedy_multi-1P', 'Equivalence_Line_22: UNSGA3-greedy_multi-UX to SPEA2-greedy_multi-2P', 'Equivalence_Line_23: RVEA-random_dense-1P to NSGA2-greedy_ting-1P', 'Equivalence_Line_24: UNSGA3-greedy_ting-HUX to UNSGA3-greedy_ting-2P', 'Equivalence_Line_25: AGEMOEA2-random_dense-1P to AGEMOEA2-greedy_ting-2P', 'Equivalence_Line_26: UNSGA3-greedy_multi-2P to NSGA3-greedy_ting-1P', 'Equivalence_Line_27: SMSEMOA-greedy_multi-UX to SPEA2-greedy_ting-2P', 'Equivalence_Line_28: UNSGA3-greedy_ting-UX to UNSGA3-greedy_ting-1P', 'Equivalence_Line_29: SPEA2-random_dense-UX to SPEA2-greedy_ting-1P', 'Equivalence_Line_30: SPEA2-random_dense-HUX to RVEA-greedy_multi-2P', 'Equivalence_Line_31: SPEA2-greedy_multi-UX to RVEA-greedy_multi-HUX', 'Equivalence_Line_32: SPEA2-random_dense-1P to RVEA-greedy_ting-2P']"
NSGA3-greedy_multi-UX,0.19895013506062678,"['Equivalence_Line_1: SMSEMOA-greedy_ting-HUX to NSGA2-greedy_multi-2P', 'Equivalence_Line_2: SMSEMOA-greedy_ting-UX to SMSEMOA-greedy_multi-1P', 'Equivalence_Line_3: SMSEMOA-random_dense-UX to NSGA2-random_dense-1P', 'Equivalence_Line_4: SMSEMOA-random_dense-2P to AGEMOEA2-greedy_multi-HUX', 'Equivalence_Line_5: SMSEMOA-random_dense-1P to RVEA-random_dense-2P', 'Equivalence_Line_6: RVEA-random_dense-HUX to UNSGA3-greedy_multi-UX', 'Equivalence_Line_7: SMSEMOA-greedy_ting-2P to NSGA3-random_dense-1P', 'Equivalence_Line_8: NSGA3-random_dense-HUX to NSGA3-random_dense-2P', 'Equivalence_Line_9: NSGA2-random_dense-HUX to NSGA3-greedy_ting-HUX', 'Equivalence_Line_10: NSGA2-random_dense-UX to AGEMOEA2-random_dense-2P', 'Equivalence_Line_11: SMSEMOA-greedy_ting-1P to UNSGA3-greedy_ting-HUX', 'Equivalence_Line_12: NSGA2-greedy_multi-HUX to SMSEMOA-greedy_multi-UX', 'Equivalence_Line_13: NSGA2-greedy_multi-UX to UNSGA3-greedy_ting-UX', 'Equivalence_Line_14: NSGA2-greedy_ting-UX to AGEMOEA2-greedy_multi-1P', 'Equivalence_Line_15: AGEMOEA2-random_dense-HUX to SPEA2-random_dense-UX', 'Equivalence_Line_16: NSGA2-greedy_multi-1P to UNSGA3-greedy_multi-1P', 'Equivalence_Line_17: SMSEMOA-greedy_multi-1P to SPEA2-greedy_multi-HUX', 'Equivalence_Line_18: AGEMOEA2-greedy_multi-HUX to NSGA2-greedy_ting-2P', 'Equivalence_Line_19: AGEMOEA2-greedy_multi-UX to AGEMOEA2-greedy_ting-HUX', 'Equivalence_Line_20: SMSEMOA-greedy_multi-2P to SPEA2-random_dense-1P', 'Equivalence_Line_21: RVEA-random_dense-2P to SPEA2-greedy_multi-1P', 'Equivalence_Line_22: UNSGA3-greedy_multi-UX to SPEA2-greedy_multi-2P', 'Equivalence_Line_23: RVEA-random_dense-1P to NSGA2-greedy_ting-1P', 'Equivalence_Line_24: UNSGA3-greedy_ting-HUX to UNSGA3-greedy_ting-2P', 'Equivalence_Line_25: AGEMOEA2-random_dense-1P to AGEMOEA2-greedy_ting-2P', 'Equivalence_Line_26: UNSGA3-greedy_multi-2P to NSGA3-greedy_ting-1P', 'Equivalence_Line_27: SMSEMOA-greedy_multi-UX to SPEA2-greedy_ting-2P', 'Equivalence_Line_28: UNSGA3-greedy_ting-UX to UNSGA3-greedy_ting-1P', 'Equivalence_Line_29: SPEA2-random_dense-UX to SPEA2-greedy_ting-1P', 'Equivalence_Line_30: SPEA2-random_dense-HUX to RVEA-greedy_multi-2P', 'Equivalence_Line_31: SPEA2-greedy_multi-UX to RVEA-greedy_multi-HUX', 'Equivalence_Line_32: SPEA2-random_dense-1P to RVEA-greedy_ting-2P']"
NSGA3-greedy_ting-HUX,0.19813102171227495,"['Equivalence_Line_1: SMSEMOA-greedy_ting-HUX to NSGA2-greedy_multi-2P', 'Equivalence_Line_2: SMSEMOA-greedy_ting-UX to SMSEMOA-greedy_multi-1P', 'Equivalence_Line_3: SMSEMOA-random_dense-UX to NSGA2-random_dense-1P', 'Equivalence_Line_4: SMSEMOA-random_dense-2P to AGEMOEA2-greedy_multi-HUX', 'Equivalence_Line_5: SMSEMOA-random_dense-1P to RVEA-random_dense-2P', 'Equivalence_Line_6: RVEA-random_dense-HUX to UNSGA3-greedy_multi-UX', 'Equivalence_Line_7: SMSEMOA-greedy_ting-2P to NSGA3-random_dense-1P', 'Equivalence_Line_8: NSGA3-random_dense-HUX to NSGA3-random_dense-2P', 'Equivalence_Line_9: NSGA2-random_dense-HUX to NSGA3-greedy_ting-HUX', 'Equivalence_Line_10: NSGA2-random_dense-UX to AGEMOEA2-random_dense-2P', 'Equivalence_Line_11: SMSEMOA-greedy_ting-1P to UNSGA3-greedy_ting-HUX', 'Equivalence_Line_12: NSGA2-greedy_multi-HUX to SMSEMOA-greedy_multi-UX', 'Equivalence_Line_13: NSGA2-greedy_multi-UX to UNSGA3-greedy_ting-UX', 'Equivalence_Line_14: NSGA2-greedy_ting-UX to AGEMOEA2-greedy_multi-1P', 'Equivalence_Line_15: AGEMOEA2-random_dense-HUX to SPEA2-random_dense-UX', 'Equivalence_Line_16: NSGA2-greedy_multi-1P to UNSGA3-greedy_multi-1P', 'Equivalence_Line_17: SMSEMOA-greedy_multi-1P to SPEA2-greedy_multi-HUX', 'Equivalence_Line_18: AGEMOEA2-greedy_multi-HUX to NSGA2-greedy_ting-2P', 'Equivalence_Line_19: AGEMOEA2-greedy_multi-UX to AGEMOEA2-greedy_ting-HUX', 'Equivalence_Line_20: SMSEMOA-greedy_multi-2P to SPEA2-random_dense-1P', 'Equivalence_Line_21: RVEA-random_dense-2P to SPEA2-greedy_multi-1P', 'Equivalence_Line_22: UNSGA3-greedy_multi-UX to SPEA2-greedy_multi-2P', 'Equivalence_Line_23: RVEA-random_dense-1P to NSGA2-greedy_ting-1P', 'Equivalence_Line_24: UNSGA3-greedy_ting-HUX to UNSGA3-greedy_ting-2P', 'Equivalence_Line_25: AGEMOEA2-random_dense-1P to AGEMOEA2-greedy_ting-2P', 'Equivalence_Line_26: UNSGA3-greedy_multi-2P to NSGA3-greedy_ting-1P', 'Equivalence_Line_27: SMSEMOA-greedy_multi-UX to SPEA2-greedy_ting-2P', 'Equivalence_Line_28: UNSGA3-greedy_ting-UX to UNSGA3-greedy_ting-1P', 'Equivalence_Line_29: SPEA2-random_dense-UX to SPEA2-greedy_ting-1P', 'Equivalence_Line_30: SPEA2-random_dense-HUX to RVEA-greedy_multi-2P', 'Equivalence_Line_31: SPEA2-greedy_multi-UX to RVEA-greedy_multi-HUX', 'Equivalence_Line_32: SPEA2-random_dense-1P to RVEA-greedy_ting-2P']"
AGEMOEA2-random_dense-2P,0.1977496333619439,"['Equivalence_Line_1: SMSEMOA-greedy_ting-HUX to NSGA2-greedy_multi-2P', 'Equivalence_Line_2: SMSEMOA-greedy_ting-UX to SMSEMOA-greedy_multi-1P', 'Equivalence_Line_3: SMSEMOA-random_dense-UX to NSGA2-random_dense-1P', 'Equivalence_Line_4: SMSEMOA-random_dense-2P to AGEMOEA2-greedy_multi-HUX', 'Equivalence_Line_5: SMSEMOA-random_dense-1P to RVEA-random_dense-2P', 'Equivalence_Line_6: RVEA-random_dense-HUX to UNSGA3-greedy_multi-UX', 'Equivalence_Line_7: SMSEMOA-greedy_ting-2P to NSGA3-random_dense-1P', 'Equivalence_Line_8: NSGA3-random_dense-HUX to NSGA3-random_dense-2P', 'Equivalence_Line_9: NSGA2-random_dense-HUX to NSGA3-greedy_ting-HUX', 'Equivalence_Line_10: NSGA2-random_dense-UX to AGEMOEA2-random_dense-2P', 'Equivalence_Line_11: SMSEMOA-greedy_ting-1P to UNSGA3-greedy_ting-HUX', 'Equivalence_Line_12: NSGA2-greedy_multi-HUX to SMSEMOA-greedy_multi-UX', 'Equivalence_Line_13: NSGA2-greedy_multi-UX to UNSGA3-greedy_ting-UX', 'Equivalence_Line_14: NSGA2-greedy_ting-UX to AGEMOEA2-greedy_multi-1P', 'Equivalence_Line_15: AGEMOEA2-random_dense-HUX to SPEA2-random_dense-UX', 'Equivalence_Line_16: NSGA2-greedy_multi-1P to UNSGA3-greedy_multi-1P', 'Equivalence_Line_17: SMSEMOA-greedy_multi-1P to SPEA2-greedy_multi-HUX', 'Equivalence_Line_18: AGEMOEA2-greedy_multi-HUX to NSGA2-greedy_ting-2P', 'Equivalence_Line_19: AGEMOEA2-greedy_multi-UX to AGEMOEA2-greedy_ting-HUX', 'Equivalence_Line_20: SMSEMOA-greedy_multi-2P to SPEA2-random_dense-1P', 'Equivalence_Line_21: RVEA-random_dense-2P to SPEA2-greedy_multi-1P', 'Equivalence_Line_22: UNSGA3-greedy_multi-UX to SPEA2-greedy_multi-2P', 'Equivalence_Line_23: RVEA-random_dense-1P to NSGA2-greedy_ting-1P', 'Equivalence_Line_24: UNSGA3-greedy_ting-HUX to UNSGA3-greedy_ting-2P', 'Equivalence_Line_25: AGEMOEA2-random_dense-1P to AGEMOEA2-greedy_ting-2P', 'Equivalence_Line_26: UNSGA3-greedy_multi-2P to NSGA3-greedy_ting-1P', 'Equivalence_Line_27: SMSEMOA-greedy_multi-UX to SPEA2-greedy_ting-2P', 'Equivalence_Line_28: UNSGA3-greedy_ting-UX to UNSGA3-greedy_ting-1P', 'Equivalence_Line_29: SPEA2-random_dense-UX to SPEA2-greedy_ting-1P', 'Equivalence_Line_30: SPEA2-random_dense-HUX to RVEA-greedy_multi-2P', 'Equivalence_Line_31: SPEA2-greedy_multi-UX to RVEA-greedy_multi-HUX', 'Equivalence_Line_32: SPEA2-random_dense-1P to RVEA-greedy_ting-2P']"
NSGA3-greedy_ting-UX,0.1970184822873895,"['Equivalence_Line_1: SMSEMOA-greedy_ting-HUX to NSGA2-greedy_multi-2P', 'Equivalence_Line_2: SMSEMOA-greedy_ting-UX to SMSEMOA-greedy_multi-1P', 'Equivalence_Line_3: SMSEMOA-random_dense-UX to NSGA2-random_dense-1P', 'Equivalence_Line_4: SMSEMOA-random_dense-2P to AGEMOEA2-greedy_multi-HUX', 'Equivalence_Line_5: SMSEMOA-random_dense-1P to RVEA-random_dense-2P', 'Equivalence_Line_6: RVEA-random_dense-HUX to UNSGA3-greedy_multi-UX', 'Equivalence_Line_7: SMSEMOA-greedy_ting-2P to NSGA3-random_dense-1P', 'Equivalence_Line_8: NSGA3-random_dense-HUX to NSGA3-random_dense-2P', 'Equivalence_Line_9: NSGA2-random_dense-HUX to NSGA3-greedy_ting-HUX', 'Equivalence_Line_10: NSGA2-random_dense-UX to AGEMOEA2-random_dense-2P', 'Equivalence_Line_11: SMSEMOA-greedy_ting-1P to UNSGA3-greedy_ting-HUX', 'Equivalence_Line_12: NSGA2-greedy_multi-HUX to SMSEMOA-greedy_multi-UX', 'Equivalence_Line_13: NSGA2-greedy_multi-UX to UNSGA3-greedy_ting-UX', 'Equivalence_Line_14: NSGA2-greedy_ting-UX to AGEMOEA2-greedy_multi-1P', 'Equivalence_Line_15: AGEMOEA2-random_dense-HUX to SPEA2-random_dense-UX', 'Equivalence_Line_16: NSGA2-greedy_multi-1P to UNSGA3-greedy_multi-1P', 'Equivalence_Line_17: SMSEMOA-greedy_multi-1P to SPEA2-greedy_multi-HUX', 'Equivalence_Line_18: AGEMOEA2-greedy_multi-HUX to NSGA2-greedy_ting-2P', 'Equivalence_Line_19: AGEMOEA2-greedy_multi-UX to AGEMOEA2-greedy_ting-HUX', 'Equivalence_Line_20: SMSEMOA-greedy_multi-2P to SPEA2-random_dense-1P', 'Equivalence_Line_21: RVEA-random_dense-2P to SPEA2-greedy_multi-1P', 'Equivalence_Line_22: UNSGA3-greedy_multi-UX to SPEA2-greedy_multi-2P', 'Equivalence_Line_23: RVEA-random_dense-1P to NSGA2-greedy_ting-1P', 'Equivalence_Line_24: UNSGA3-greedy_ting-HUX to UNSGA3-greedy_ting-2P', 'Equivalence_Line_25: AGEMOEA2-random_dense-1P to AGEMOEA2-greedy_ting-2P', 'Equivalence_Line_26: UNSGA3-greedy_multi-2P to NSGA3-greedy_ting-1P', 'Equivalence_Line_27: SMSEMOA-greedy_multi-UX to SPEA2-greedy_ting-2P', 'Equivalence_Line_28: UNSGA3-greedy_ting-UX to UNSGA3-greedy_ting-1P', 'Equivalence_Line_29: SPEA2-random_dense-UX to SPEA2-greedy_ting-1P', 'Equivalence_Line_30: SPEA2-random_dense-HUX to RVEA-greedy_multi-2P', 'Equivalence_Line_31: SPEA2-greedy_multi-UX to RVEA-greedy_multi-HUX', 'Equivalence_Line_32: SPEA2-random_dense-1P to RVEA-greedy_ting-2P']"
UNSGA3-greedy_ting-HUX,0.19584708439003937,"['Equivalence_Line_1: SMSEMOA-greedy_ting-HUX to NSGA2-greedy_multi-2P', 'Equivalence_Line_2: SMSEMOA-greedy_ting-UX to SMSEMOA-greedy_multi-1P', 'Equivalence_Line_3: SMSEMOA-random_dense-UX to NSGA2-random_dense-1P', 'Equivalence_Line_4: SMSEMOA-random_dense-2P to AGEMOEA2-greedy_multi-HUX', 'Equivalence_Line_5: SMSEMOA-random_dense-1P to RVEA-random_dense-2P', 'Equivalence_Line_6: RVEA-random_dense-HUX to UNSGA3-greedy_multi-UX', 'Equivalence_Line_7: SMSEMOA-greedy_ting-2P to NSGA3-random_dense-1P', 'Equivalence_Line_8: NSGA3-random_dense-HUX to NSGA3-random_dense-2P', 'Equivalence_Line_9: NSGA2-random_dense-HUX to NSGA3-greedy_ting-HUX', 'Equivalence_Line_10: NSGA2-random_dense-UX to AGEMOEA2-random_dense-2P', 'Equivalence_Line_11: SMSEMOA-greedy_ting-1P to UNSGA3-greedy_ting-HUX', 'Equivalence_Line_12: NSGA2-greedy_multi-HUX to SMSEMOA-greedy_multi-UX', 'Equivalence_Line_13: NSGA2-greedy_multi-UX to UNSGA3-greedy_ting-UX', 'Equivalence_Line_14: NSGA2-greedy_ting-UX to AGEMOEA2-greedy_multi-1P', 'Equivalence_Line_15: AGEMOEA2-random_dense-HUX to SPEA2-random_dense-UX', 'Equivalence_Line_16: NSGA2-greedy_multi-1P to UNSGA3-greedy_multi-1P', 'Equivalence_Line_17: SMSEMOA-greedy_multi-1P to SPEA2-greedy_multi-HUX', 'Equivalence_Line_18: AGEMOEA2-greedy_multi-HUX to NSGA2-greedy_ting-2P', 'Equivalence_Line_19: AGEMOEA2-greedy_multi-UX to AGEMOEA2-greedy_ting-HUX', 'Equivalence_Line_20: SMSEMOA-greedy_multi-2P to SPEA2-random_dense-1P', 'Equivalence_Line_21: RVEA-random_dense-2P to SPEA2-greedy_multi-1P', 'Equivalence_Line_22: UNSGA3-greedy_multi-UX to SPEA2-greedy_multi-2P', 'Equivalence_Line_23: RVEA-random_dense-1P to NSGA2-greedy_ting-1P', 'Equivalence_Line_24: UNSGA3-greedy_ting-HUX to UNSGA3-greedy_ting-2P', 'Equivalence_Line_25: AGEMOEA2-random_dense-1P to AGEMOEA2-greedy_ting-2P', 'Equivalence_Line_26: UNSGA3-greedy_multi-2P to NSGA3-greedy_ting-1P', 'Equivalence_Line_27: SMSEMOA-greedy_multi-UX to SPEA2-greedy_ting-2P', 'Equivalence_Line_28: UNSGA3-greedy_ting-UX to UNSGA3-greedy_ting-1P', 'Equivalence_Line_29: SPEA2-random_dense-UX to SPEA2-greedy_ting-1P', 'Equivalence_Line_30: SPEA2-random_dense-HUX to RVEA-greedy_multi-2P', 'Equivalence_Line_31: SPEA2-greedy_multi-UX to RVEA-greedy_multi-HUX', 'Equivalence_Line_32: SPEA2-random_dense-1P to RVEA-greedy_ting-2P']"
AGEMOEA2-random_dense-1P,0.19508579253222186,"['Equivalence_Line_1: SMSEMOA-greedy_ting-HUX to NSGA2-greedy_multi-2P', 'Equivalence_Line_2: SMSEMOA-greedy_ting-UX to SMSEMOA-greedy_multi-1P', 'Equivalence_Line_3: SMSEMOA-random_dense-UX to NSGA2-random_dense-1P', 'Equivalence_Line_4: SMSEMOA-random_dense-2P to AGEMOEA2-greedy_multi-HUX', 'Equivalence_Line_5: SMSEMOA-random_dense-1P to RVEA-random_dense-2P', 'Equivalence_Line_6: RVEA-random_dense-HUX to UNSGA3-greedy_multi-UX', 'Equivalence_Line_7: SMSEMOA-greedy_ting-2P to NSGA3-random_dense-1P', 'Equivalence_Line_8: NSGA3-random_dense-HUX to NSGA3-random_dense-2P', 'Equivalence_Line_9: NSGA2-random_dense-HUX to NSGA3-greedy_ting-HUX', 'Equivalence_Line_10: NSGA2-random_dense-UX to AGEMOEA2-random_dense-2P', 'Equivalence_Line_11: SMSEMOA-greedy_ting-1P to UNSGA3-greedy_ting-HUX', 'Equivalence_Line_12: NSGA2-greedy_multi-HUX to SMSEMOA-greedy_multi-UX', 'Equivalence_Line_13: NSGA2-greedy_multi-UX to UNSGA3-greedy_ting-UX', 'Equivalence_Line_14: NSGA2-greedy_ting-UX to AGEMOEA2-greedy_multi-1P', 'Equivalence_Line_15: AGEMOEA2-random_dense-HUX to SPEA2-random_dense-UX', 'Equivalence_Line_16: NSGA2-greedy_multi-1P to UNSGA3-greedy_multi-1P', 'Equivalence_Line_17: SMSEMOA-greedy_multi-1P to SPEA2-greedy_multi-HUX', 'Equivalence_Line_18: AGEMOEA2-greedy_multi-HUX to NSGA2-greedy_ting-2P', 'Equivalence_Line_19: AGEMOEA2-greedy_multi-UX to AGEMOEA2-greedy_ting-HUX', 'Equivalence_Line_20: SMSEMOA-greedy_multi-2P to SPEA2-random_dense-1P', 'Equivalence_Line_21: RVEA-random_dense-2P to SPEA2-greedy_multi-1P', 'Equivalence_Line_22: UNSGA3-greedy_multi-UX to SPEA2-greedy_multi-2P', 'Equivalence_Line_23: RVEA-random_dense-1P to NSGA2-greedy_ting-1P', 'Equivalence_Line_24: UNSGA3-greedy_ting-HUX to UNSGA3-greedy_ting-2P', 'Equivalence_Line_25: AGEMOEA2-random_dense-1P to AGEMOEA2-greedy_ting-2P', 'Equivalence_Line_26: UNSGA3-greedy_multi-2P to NSGA3-greedy_ting-1P', 'Equivalence_Line_27: SMSEMOA-greedy_multi-UX to SPEA2-greedy_ting-2P', 'Equivalence_Line_28: UNSGA3-greedy_ting-UX to UNSGA3-greedy_ting-1P', 'Equivalence_Line_29: SPEA2-random_dense-UX to SPEA2-greedy_ting-1P', 'Equivalence_Line_30: SPEA2-random_dense-HUX to RVEA-greedy_multi-2P', 'Equivalence_Line_31: SPEA2-greedy_multi-UX to RVEA-greedy_multi-HUX', 'Equivalence_Line_32: SPEA2-random_dense-1P to RVEA-greedy_ting-2P']"
NSGA3-greedy_multi-2P,0.1947240786994991,"['Equivalence_Line_1: SMSEMOA-greedy_ting-HUX to NSGA2-greedy_multi-2P', 'Equivalence_Line_2: SMSEMOA-greedy_ting-UX to SMSEMOA-greedy_multi-1P', 'Equivalence_Line_3: SMSEMOA-random_dense-UX to NSGA2-random_dense-1P', 'Equivalence_Line_4: SMSEMOA-random_dense-2P to AGEMOEA2-greedy_multi-HUX', 'Equivalence_Line_5: SMSEMOA-random_dense-1P to RVEA-random_dense-2P', 'Equivalence_Line_6: RVEA-random_dense-HUX to UNSGA3-greedy_multi-UX', 'Equivalence_Line_7: SMSEMOA-greedy_ting-2P to NSGA3-random_dense-1P', 'Equivalence_Line_8: NSGA3-random_dense-HUX to NSGA3-random_dense-2P', 'Equivalence_Line_9: NSGA2-random_dense-HUX to NSGA3-greedy_ting-HUX', 'Equivalence_Line_10: NSGA2-random_dense-UX to AGEMOEA2-random_dense-2P', 'Equivalence_Line_11: SMSEMOA-greedy_ting-1P to UNSGA3-greedy_ting-HUX', 'Equivalence_Line_12: NSGA2-greedy_multi-HUX to SMSEMOA-greedy_multi-UX', 'Equivalence_Line_13: NSGA2-greedy_multi-UX to UNSGA3-greedy_ting-UX', 'Equivalence_Line_14: NSGA2-greedy_ting-UX to AGEMOEA2-greedy_multi-1P', 'Equivalence_Line_15: AGEMOEA2-random_dense-HUX to SPEA2-random_dense-UX', 'Equivalence_Line_16: NSGA2-greedy_multi-1P to UNSGA3-greedy_multi-1P', 'Equivalence_Line_17: SMSEMOA-greedy_multi-1P to SPEA2-greedy_multi-HUX', 'Equivalence_Line_18: AGEMOEA2-greedy_multi-HUX to NSGA2-greedy_ting-2P', 'Equivalence_Line_19: AGEMOEA2-greedy_multi-UX to AGEMOEA2-greedy_ting-HUX', 'Equivalence_Line_20: SMSEMOA-greedy_multi-2P to SPEA2-random_dense-1P', 'Equivalence_Line_21: RVEA-random_dense-2P to SPEA2-greedy_multi-1P', 'Equivalence_Line_22: UNSGA3-greedy_multi-UX to SPEA2-greedy_multi-2P', 'Equivalence_Line_23: RVEA-random_dense-1P to NSGA2-greedy_ting-1P', 'Equivalence_Line_24: UNSGA3-greedy_ting-HUX to UNSGA3-greedy_ting-2P', 'Equivalence_Line_25: AGEMOEA2-random_dense-1P to AGEMOEA2-greedy_ting-2P', 'Equivalence_Line_26: UNSGA3-greedy_multi-2P to NSGA3-greedy_ting-1P', 'Equivalence_Line_27: SMSEMOA-greedy_multi-UX to SPEA2-greedy_ting-2P', 'Equivalence_Line_28: UNSGA3-greedy_ting-UX to UNSGA3-greedy_ting-1P', 'Equivalence_Line_29: SPEA2-random_dense-UX to SPEA2-greedy_ting-1P', 'Equivalence_Line_30: SPEA2-random_dense-HUX to RVEA-greedy_multi-2P', 'Equivalence_Line_31: SPEA2-greedy_multi-UX to RVEA-greedy_multi-HUX', 'Equivalence_Line_32: SPEA2-random_dense-1P to RVEA-greedy_ting-2P']"
AGEMOEA2-greedy_multi-2P,0.19399858834008574,"['Equivalence_Line_1: SMSEMOA-greedy_ting-HUX to NSGA2-greedy_multi-2P', 'Equivalence_Line_2: SMSEMOA-greedy_ting-UX to SMSEMOA-greedy_multi-1P', 'Equivalence_Line_3: SMSEMOA-random_dense-UX to NSGA2-random_dense-1P', 'Equivalence_Line_4: SMSEMOA-random_dense-2P to AGEMOEA2-greedy_multi-HUX', 'Equivalence_Line_5: SMSEMOA-random_dense-1P to RVEA-random_dense-2P', 'Equivalence_Line_6: RVEA-random_dense-HUX to UNSGA3-greedy_multi-UX', 'Equivalence_Line_7: SMSEMOA-greedy_ting-2P to NSGA3-random_dense-1P', 'Equivalence_Line_8: NSGA3-random_dense-HUX to NSGA3-random_dense-2P', 'Equivalence_Line_9: NSGA2-random_dense-HUX to NSGA3-greedy_ting-HUX', 'Equivalence_Line_10: NSGA2-random_dense-UX to AGEMOEA2-random_dense-2P', 'Equivalence_Line_11: SMSEMOA-greedy_ting-1P to UNSGA3-greedy_ting-HUX', 'Equivalence_Line_12: NSGA2-greedy_multi-HUX to SMSEMOA-greedy_multi-UX', 'Equivalence_Line_13: NSGA2-greedy_multi-UX to UNSGA3-greedy_ting-UX', 'Equivalence_Line_14: NSGA2-greedy_ting-UX to AGEMOEA2-greedy_multi-1P', 'Equivalence_Line_15: AGEMOEA2-random_dense-HUX to SPEA2-random_dense-UX', 'Equivalence_Line_16: NSGA2-greedy_multi-1P to UNSGA3-greedy_multi-1P', 'Equivalence_Line_17: SMSEMOA-greedy_multi-1P to SPEA2-greedy_multi-HUX', 'Equivalence_Line_18: AGEMOEA2-greedy_multi-HUX to NSGA2-greedy_ting-2P', 'Equivalence_Line_19: AGEMOEA2-greedy_multi-UX to AGEMOEA2-greedy_ting-HUX', 'Equivalence_Line_20: SMSEMOA-greedy_multi-2P to SPEA2-random_dense-1P', 'Equivalence_Line_21: RVEA-random_dense-2P to SPEA2-greedy_multi-1P', 'Equivalence_Line_22: UNSGA3-greedy_multi-UX to SPEA2-greedy_multi-2P', 'Equivalence_Line_23: RVEA-random_dense-1P to NSGA2-greedy_ting-1P', 'Equivalence_Line_24: UNSGA3-greedy_ting-HUX to UNSGA3-greedy_ting-2P', 'Equivalence_Line_25: AGEMOEA2-random_dense-1P to AGEMOEA2-greedy_ting-2P', 'Equivalence_Line_26: UNSGA3-greedy_multi-2P to NSGA3-greedy_ting-1P', 'Equivalence_Line_27: SMSEMOA-greedy_multi-UX to SPEA2-greedy_ting-2P', 'Equivalence_Line_28: UNSGA3-greedy_ting-UX to UNSGA3-greedy_ting-1P', 'Equivalence_Line_29: SPEA2-random_dense-UX to SPEA2-greedy_ting-1P', 'Equivalence_Line_30: SPEA2-random_dense-HUX to RVEA-greedy_multi-2P', 'Equivalence_Line_31: SPEA2-greedy_multi-UX to RVEA-greedy_multi-HUX', 'Equivalence_Line_32: SPEA2-random_dense-1P to RVEA-greedy_ting-2P']"
UNSGA3-greedy_multi-2P,0.19388001620343828,"['Equivalence_Line_1: SMSEMOA-greedy_ting-HUX to NSGA2-greedy_multi-2P', 'Equivalence_Line_2: SMSEMOA-greedy_ting-UX to SMSEMOA-greedy_multi-1P', 'Equivalence_Line_3: SMSEMOA-random_dense-UX to NSGA2-random_dense-1P', 'Equivalence_Line_4: SMSEMOA-random_dense-2P to AGEMOEA2-greedy_multi-HUX', 'Equivalence_Line_5: SMSEMOA-random_dense-1P to RVEA-random_dense-2P', 'Equivalence_Line_6: RVEA-random_dense-HUX to UNSGA3-greedy_multi-UX', 'Equivalence_Line_7: SMSEMOA-greedy_ting-2P to NSGA3-random_dense-1P', 'Equivalence_Line_8: NSGA3-random_dense-HUX to NSGA3-random_dense-2P', 'Equivalence_Line_9: NSGA2-random_dense-HUX to NSGA3-greedy_ting-HUX', 'Equivalence_Line_10: NSGA2-random_dense-UX to AGEMOEA2-random_dense-2P', 'Equivalence_Line_11: SMSEMOA-greedy_ting-1P to UNSGA3-greedy_ting-HUX', 'Equivalence_Line_12: NSGA2-greedy_multi-HUX to SMSEMOA-greedy_multi-UX', 'Equivalence_Line_13: NSGA2-greedy_multi-UX to UNSGA3-greedy_ting-UX', 'Equivalence_Line_14: NSGA2-greedy_ting-UX to AGEMOEA2-greedy_multi-1P', 'Equivalence_Line_15: AGEMOEA2-random_dense-HUX to SPEA2-random_dense-UX', 'Equivalence_Line_16: NSGA2-greedy_multi-1P to UNSGA3-greedy_multi-1P', 'Equivalence_Line_17: SMSEMOA-greedy_multi-1P to SPEA2-greedy_multi-HUX', 'Equivalence_Line_18: AGEMOEA2-greedy_multi-HUX to NSGA2-greedy_ting-2P', 'Equivalence_Line_19: AGEMOEA2-greedy_multi-UX to AGEMOEA2-greedy_ting-HUX', 'Equivalence_Line_20: SMSEMOA-greedy_multi-2P to SPEA2-random_dense-1P', 'Equivalence_Line_21: RVEA-random_dense-2P to SPEA2-greedy_multi-1P', 'Equivalence_Line_22: UNSGA3-greedy_multi-UX to SPEA2-greedy_multi-2P', 'Equivalence_Line_23: RVEA-random_dense-1P to NSGA2-greedy_ting-1P', 'Equivalence_Line_24: UNSGA3-greedy_ting-HUX to UNSGA3-greedy_ting-2P', 'Equivalence_Line_25: AGEMOEA2-random_dense-1P to AGEMOEA2-greedy_ting-2P', 'Equivalence_Line_26: UNSGA3-greedy_multi-2P to NSGA3-greedy_ting-1P', 'Equivalence_Line_27: SMSEMOA-greedy_multi-UX to SPEA2-greedy_ting-2P', 'Equivalence_Line_28: UNSGA3-greedy_ting-UX to UNSGA3-greedy_ting-1P', 'Equivalence_Line_29: SPEA2-random_dense-UX to SPEA2-greedy_ting-1P', 'Equivalence_Line_30: SPEA2-random_dense-HUX to RVEA-greedy_multi-2P', 'Equivalence_Line_31: SPEA2-greedy_multi-UX to RVEA-greedy_multi-HUX', 'Equivalence_Line_32: SPEA2-random_dense-1P to RVEA-greedy_ting-2P']"
SMSEMOA-greedy_multi-UX,0.1937132749287213,"['Equivalence_Line_1: SMSEMOA-greedy_ting-HUX to NSGA2-greedy_multi-2P', 'Equivalence_Line_2: SMSEMOA-greedy_ting-UX to SMSEMOA-greedy_multi-1P', 'Equivalence_Line_3: SMSEMOA-random_dense-UX to NSGA2-random_dense-1P', 'Equivalence_Line_4: SMSEMOA-random_dense-2P to AGEMOEA2-greedy_multi-HUX', 'Equivalence_Line_5: SMSEMOA-random_dense-1P to RVEA-random_dense-2P', 'Equivalence_Line_6: RVEA-random_dense-HUX to UNSGA3-greedy_multi-UX', 'Equivalence_Line_7: SMSEMOA-greedy_ting-2P to NSGA3-random_dense-1P', 'Equivalence_Line_8: NSGA3-random_dense-HUX to NSGA3-random_dense-2P', 'Equivalence_Line_9: NSGA2-random_dense-HUX to NSGA3-greedy_ting-HUX', 'Equivalence_Line_10: NSGA2-random_dense-UX to AGEMOEA2-random_dense-2P', 'Equivalence_Line_11: SMSEMOA-greedy_ting-1P to UNSGA3-greedy_ting-HUX', 'Equivalence_Line_12: NSGA2-greedy_multi-HUX to SMSEMOA-greedy_multi-UX', 'Equivalence_Line_13: NSGA2-greedy_multi-UX to UNSGA3-greedy_ting-UX', 'Equivalence_Line_14: NSGA2-greedy_ting-UX to AGEMOEA2-greedy_multi-1P', 'Equivalence_Line_15: AGEMOEA2-random_dense-HUX to SPEA2-random_dense-UX', 'Equivalence_Line_16: NSGA2-greedy_multi-1P to UNSGA3-greedy_multi-1P', 'Equivalence_Line_17: SMSEMOA-greedy_multi-1P to SPEA2-greedy_multi-HUX', 'Equivalence_Line_18: AGEMOEA2-greedy_multi-HUX to NSGA2-greedy_ting-2P', 'Equivalence_Line_19: AGEMOEA2-greedy_multi-UX to AGEMOEA2-greedy_ting-HUX', 'Equivalence_Line_20: SMSEMOA-greedy_multi-2P to SPEA2-random_dense-1P', 'Equivalence_Line_21: RVEA-random_dense-2P to SPEA2-greedy_multi-1P', 'Equivalence_Line_22: UNSGA3-greedy_multi-UX to SPEA2-greedy_multi-2P', 'Equivalence_Line_23: RVEA-random_dense-1P to NSGA2-greedy_ting-1P', 'Equivalence_Line_24: UNSGA3-greedy_ting-HUX to UNSGA3-greedy_ting-2P', 'Equivalence_Line_25: AGEMOEA2-random_dense-1P to AGEMOEA2-greedy_ting-2P', 'Equivalence_Line_26: UNSGA3-greedy_multi-2P to NSGA3-greedy_ting-1P', 'Equivalence_Line_27: SMSEMOA-greedy_multi-UX to SPEA2-greedy_ting-2P', 'Equivalence_Line_28: UNSGA3-greedy_ting-UX to UNSGA3-greedy_ting-1P', 'Equivalence_Line_29: SPEA2-random_dense-UX to SPEA2-greedy_ting-1P', 'Equivalence_Line_30: SPEA2-random_dense-HUX to RVEA-greedy_multi-2P', 'Equivalence_Line_31: SPEA2-greedy_multi-UX to RVEA-greedy_multi-HUX', 'Equivalence_Line_32: SPEA2-random_dense-1P to RVEA-greedy_ting-2P']"
UNSGA3-greedy_ting-UX,0.19314475329881214,"['Equivalence_Line_1: SMSEMOA-greedy_ting-HUX to NSGA2-greedy_multi-2P', 'Equivalence_Line_2: SMSEMOA-greedy_ting-UX to SMSEMOA-greedy_multi-1P', 'Equivalence_Line_3: SMSEMOA-random_dense-UX to NSGA2-random_dense-1P', 'Equivalence_Line_4: SMSEMOA-random_dense-2P to AGEMOEA2-greedy_multi-HUX', 'Equivalence_Line_5: SMSEMOA-random_dense-1P to RVEA-random_dense-2P', 'Equivalence_Line_6: RVEA-random_dense-HUX to UNSGA3-greedy_multi-UX', 'Equivalence_Line_7: SMSEMOA-greedy_ting-2P to NSGA3-random_dense-1P', 'Equivalence_Line_8: NSGA3-random_dense-HUX to NSGA3-random_dense-2P', 'Equivalence_Line_9: NSGA2-random_dense-HUX to NSGA3-greedy_ting-HUX', 'Equivalence_Line_10: NSGA2-random_dense-UX to AGEMOEA2-random_dense-2P', 'Equivalence_Line_11: SMSEMOA-greedy_ting-1P to UNSGA3-greedy_ting-HUX', 'Equivalence_Line_12: NSGA2-greedy_multi-HUX to SMSEMOA-greedy_multi-UX', 'Equivalence_Line_13: NSGA2-greedy_multi-UX to UNSGA3-greedy_ting-UX', 'Equivalence_Line_14: NSGA2-greedy_ting-UX to AGEMOEA2-greedy_multi-1P', 'Equivalence_Line_15: AGEMOEA2-random_dense-HUX to SPEA2-random_dense-UX', 'Equivalence_Line_16: NSGA2-greedy_multi-1P to UNSGA3-greedy_multi-1P', 'Equivalence_Line_17: SMSEMOA-greedy_multi-1P to SPEA2-greedy_multi-HUX', 'Equivalence_Line_18: AGEMOEA2-greedy_multi-HUX to NSGA2-greedy_ting-2P', 'Equivalence_Line_19: AGEMOEA2-greedy_multi-UX to AGEMOEA2-greedy_ting-HUX', 'Equivalence_Line_20: SMSEMOA-greedy_multi-2P to SPEA2-random_dense-1P', 'Equivalence_Line_21: RVEA-random_dense-2P to SPEA2-greedy_multi-1P', 'Equivalence_Line_22: UNSGA3-greedy_multi-UX to SPEA2-greedy_multi-2P', 'Equivalence_Line_23: RVEA-random_dense-1P to NSGA2-greedy_ting-1P', 'Equivalence_Line_24: UNSGA3-greedy_ting-HUX to UNSGA3-greedy_ting-2P', 'Equivalence_Line_25: AGEMOEA2-random_dense-1P to AGEMOEA2-greedy_ting-2P', 'Equivalence_Line_26: UNSGA3-greedy_multi-2P to NSGA3-greedy_ting-1P', 'Equivalence_Line_27: SMSEMOA-greedy_multi-UX to SPEA2-greedy_ting-2P', 'Equivalence_Line_28: UNSGA3-greedy_ting-UX to UNSGA3-greedy_ting-1P', 'Equivalence_Line_29: SPEA2-random_dense-UX to SPEA2-greedy_ting-1P', 'Equivalence_Line_30: SPEA2-random_dense-HUX to RVEA-greedy_multi-2P', 'Equivalence_Line_31: SPEA2-greedy_multi-UX to RVEA-greedy_multi-HUX', 'Equivalence_Line_32: SPEA2-random_dense-1P to RVEA-greedy_ting-2P']"
SMSEMOA-greedy_multi-HUX,0.19263022721634473,"['Equivalence_Line_1: SMSEMOA-greedy_ting-HUX to NSGA2-greedy_multi-2P', 'Equivalence_Line_2: SMSEMOA-greedy_ting-UX to SMSEMOA-greedy_multi-1P', 'Equivalence_Line_3: SMSEMOA-random_dense-UX to NSGA2-random_dense-1P', 'Equivalence_Line_4: SMSEMOA-random_dense-2P to AGEMOEA2-greedy_multi-HUX', 'Equivalence_Line_5: SMSEMOA-random_dense-1P to RVEA-random_dense-2P', 'Equivalence_Line_6: RVEA-random_dense-HUX to UNSGA3-greedy_multi-UX', 'Equivalence_Line_7: SMSEMOA-greedy_ting-2P to NSGA3-random_dense-1P', 'Equivalence_Line_8: NSGA3-random_dense-HUX to NSGA3-random_dense-2P', 'Equivalence_Line_9: NSGA2-random_dense-HUX to NSGA3-greedy_ting-HUX', 'Equivalence_Line_10: NSGA2-random_dense-UX to AGEMOEA2-random_dense-2P', 'Equivalence_Line_11: SMSEMOA-greedy_ting-1P to UNSGA3-greedy_ting-HUX', 'Equivalence_Line_12: NSGA2-greedy_multi-HUX to SMSEMOA-greedy_multi-UX', 'Equivalence_Line_13: NSGA2-greedy_multi-UX to UNSGA3-greedy_ting-UX', 'Equivalence_Line_14: NSGA2-greedy_ting-UX to AGEMOEA2-greedy_multi-1P', 'Equivalence_Line_15: AGEMOEA2-random_dense-HUX to SPEA2-random_dense-UX', 'Equivalence_Line_16: NSGA2-greedy_multi-1P to UNSGA3-greedy_multi-1P', 'Equivalence_Line_17: SMSEMOA-greedy_multi-1P to SPEA2-greedy_multi-HUX', 'Equivalence_Line_18: AGEMOEA2-greedy_multi-HUX to NSGA2-greedy_ting-2P', 'Equivalence_Line_19: AGEMOEA2-greedy_multi-UX to AGEMOEA2-greedy_ting-HUX', 'Equivalence_Line_20: SMSEMOA-greedy_multi-2P to SPEA2-random_dense-1P', 'Equivalence_Line_21: RVEA-random_dense-2P to SPEA2-greedy_multi-1P', 'Equivalence_Line_22: UNSGA3-greedy_multi-UX to SPEA2-greedy_multi-2P', 'Equivalence_Line_23: RVEA-random_dense-1P to NSGA2-greedy_ting-1P', 'Equivalence_Line_24: UNSGA3-greedy_ting-HUX to UNSGA3-greedy_ting-2P', 'Equivalence_Line_25: AGEMOEA2-random_dense-1P to AGEMOEA2-greedy_ting-2P', 'Equivalence_Line_26: UNSGA3-greedy_multi-2P to NSGA3-greedy_ting-1P', 'Equivalence_Line_27: SMSEMOA-greedy_multi-UX to SPEA2-greedy_ting-2P', 'Equivalence_Line_28: UNSGA3-greedy_ting-UX to UNSGA3-greedy_ting-1P', 'Equivalence_Line_29: SPEA2-random_dense-UX to SPEA2-greedy_ting-1P', 'Equivalence_Line_30: SPEA2-random_dense-HUX to RVEA-greedy_multi-2P', 'Equivalence_Line_31: SPEA2-greedy_multi-UX to RVEA-greedy_multi-HUX', 'Equivalence_Line_32: SPEA2-random_dense-1P to RVEA-greedy_ting-2P']"
NSGA3-greedy_multi-1P,0.1922133059345852,"['Equivalence_Line_1: SMSEMOA-greedy_ting-HUX to NSGA2-greedy_multi-2P', 'Equivalence_Line_2: SMSEMOA-greedy_ting-UX to SMSEMOA-greedy_multi-1P', 'Equivalence_Line_3: SMSEMOA-random_dense-UX to NSGA2-random_dense-1P', 'Equivalence_Line_4: SMSEMOA-random_dense-2P to AGEMOEA2-greedy_multi-HUX', 'Equivalence_Line_5: SMSEMOA-random_dense-1P to RVEA-random_dense-2P', 'Equivalence_Line_6: RVEA-random_dense-HUX to UNSGA3-greedy_multi-UX', 'Equivalence_Line_7: SMSEMOA-greedy_ting-2P to NSGA3-random_dense-1P', 'Equivalence_Line_8: NSGA3-random_dense-HUX to NSGA3-random_dense-2P', 'Equivalence_Line_9: NSGA2-random_dense-HUX to NSGA3-greedy_ting-HUX', 'Equivalence_Line_10: NSGA2-random_dense-UX to AGEMOEA2-random_dense-2P', 'Equivalence_Line_11: SMSEMOA-greedy_ting-1P to UNSGA3-greedy_ting-HUX', 'Equivalence_Line_12: NSGA2-greedy_multi-HUX to SMSEMOA-greedy_multi-UX', 'Equivalence_Line_13: NSGA2-greedy_multi-UX to UNSGA3-greedy_ting-UX', 'Equivalence_Line_14: NSGA2-greedy_ting-UX to AGEMOEA2-greedy_multi-1P', 'Equivalence_Line_15: AGEMOEA2-random_dense-HUX to SPEA2-random_dense-UX', 'Equivalence_Line_16: NSGA2-greedy_multi-1P to UNSGA3-greedy_multi-1P', 'Equivalence_Line_17: SMSEMOA-greedy_multi-1P to SPEA2-greedy_multi-HUX', 'Equivalence_Line_18: AGEMOEA2-greedy_multi-HUX to NSGA2-greedy_ting-2P', 'Equivalence_Line_19: AGEMOEA2-greedy_multi-UX to AGEMOEA2-greedy_ting-HUX', 'Equivalence_Line_20: SMSEMOA-greedy_multi-2P to SPEA2-random_dense-1P', 'Equivalence_Line_21: RVEA-random_dense-2P to SPEA2-greedy_multi-1P', 'Equivalence_Line_22: UNSGA3-greedy_multi-UX to SPEA2-greedy_multi-2P', 'Equivalence_Line_23: RVEA-random_dense-1P to NSGA2-greedy_ting-1P', 'Equivalence_Line_24: UNSGA3-greedy_ting-HUX to UNSGA3-greedy_ting-2P', 'Equivalence_Line_25: AGEMOEA2-random_dense-1P to AGEMOEA2-greedy_ting-2P', 'Equivalence_Line_26: UNSGA3-greedy_multi-2P to NSGA3-greedy_ting-1P', 'Equivalence_Line_27: SMSEMOA-greedy_multi-UX to SPEA2-greedy_ting-2P', 'Equivalence_Line_28: UNSGA3-greedy_ting-UX to UNSGA3-greedy_ting-1P', 'Equivalence_Line_29: SPEA2-random_dense-UX to SPEA2-greedy_ting-1P', 'Equivalence_Line_30: SPEA2-random_dense-HUX to RVEA-greedy_multi-2P', 'Equivalence_Line_31: SPEA2-greedy_multi-UX to RVEA-greedy_multi-HUX', 'Equivalence_Line_32: SPEA2-random_dense-1P to RVEA-greedy_ting-2P']"
AGEMOEA2-greedy_multi-1P,0.1915938480869068,"['Equivalence_Line_1: SMSEMOA-greedy_ting-HUX to NSGA2-greedy_multi-2P', 'Equivalence_Line_2: SMSEMOA-greedy_ting-UX to SMSEMOA-greedy_multi-1P', 'Equivalence_Line_3: SMSEMOA-random_dense-UX to NSGA2-random_dense-1P', 'Equivalence_Line_4: SMSEMOA-random_dense-2P to AGEMOEA2-greedy_multi-HUX', 'Equivalence_Line_5: SMSEMOA-random_dense-1P to RVEA-random_dense-2P', 'Equivalence_Line_6: RVEA-random_dense-HUX to UNSGA3-greedy_multi-UX', 'Equivalence_Line_7: SMSEMOA-greedy_ting-2P to NSGA3-random_dense-1P', 'Equivalence_Line_8: NSGA3-random_dense-HUX to NSGA3-random_dense-2P', 'Equivalence_Line_9: NSGA2-random_dense-HUX to NSGA3-greedy_ting-HUX', 'Equivalence_Line_10: NSGA2-random_dense-UX to AGEMOEA2-random_dense-2P', 'Equivalence_Line_11: SMSEMOA-greedy_ting-1P to UNSGA3-greedy_ting-HUX', 'Equivalence_Line_12: NSGA2-greedy_multi-HUX to SMSEMOA-greedy_multi-UX', 'Equivalence_Line_13: NSGA2-greedy_multi-UX to UNSGA3-greedy_ting-UX', 'Equivalence_Line_14: NSGA2-greedy_ting-UX to AGEMOEA2-greedy_multi-1P', 'Equivalence_Line_15: AGEMOEA2-random_dense-HUX to SPEA2-random_dense-UX', 'Equivalence_Line_16: NSGA2-greedy_multi-1P to UNSGA3-greedy_multi-1P', 'Equivalence_Line_17: SMSEMOA-greedy_multi-1P to SPEA2-greedy_multi-HUX', 'Equivalence_Line_18: AGEMOEA2-greedy_multi-HUX to NSGA2-greedy_ting-2P', 'Equivalence_Line_19: AGEMOEA2-greedy_multi-UX to AGEMOEA2-greedy_ting-HUX', 'Equivalence_Line_20: SMSEMOA-greedy_multi-2P to SPEA2-random_dense-1P', 'Equivalence_Line_21: RVEA-random_dense-2P to SPEA2-greedy_multi-1P', 'Equivalence_Line_22: UNSGA3-greedy_multi-UX to SPEA2-greedy_multi-2P', 'Equivalence_Line_23: RVEA-random_dense-1P to NSGA2-greedy_ting-1P', 'Equivalence_Line_24: UNSGA3-greedy_ting-HUX to UNSGA3-greedy_ting-2P', 'Equivalence_Line_25: AGEMOEA2-random_dense-1P to AGEMOEA2-greedy_ting-2P', 'Equivalence_Line_26: UNSGA3-greedy_multi-2P to NSGA3-greedy_ting-1P', 'Equivalence_Line_27: SMSEMOA-greedy_multi-UX to SPEA2-greedy_ting-2P', 'Equivalence_Line_28: UNSGA3-greedy_ting-UX to UNSGA3-greedy_ting-1P', 'Equivalence_Line_29: SPEA2-random_dense-UX to SPEA2-greedy_ting-1P', 'Equivalence_Line_30: SPEA2-random_dense-HUX to RVEA-greedy_multi-2P', 'Equivalence_Line_31: SPEA2-greedy_multi-UX to RVEA-greedy_multi-HUX', 'Equivalence_Line_32: SPEA2-random_dense-1P to RVEA-greedy_ting-2P']"
SPEA2-random_dense-UX,0.19128320875004665,"['Equivalence_Line_1: SMSEMOA-greedy_ting-HUX to NSGA2-greedy_multi-2P', 'Equivalence_Line_2: SMSEMOA-greedy_ting-UX to SMSEMOA-greedy_multi-1P', 'Equivalence_Line_3: SMSEMOA-random_dense-UX to NSGA2-random_dense-1P', 'Equivalence_Line_4: SMSEMOA-random_dense-2P to AGEMOEA2-greedy_multi-HUX', 'Equivalence_Line_5: SMSEMOA-random_dense-1P to RVEA-random_dense-2P', 'Equivalence_Line_6: RVEA-random_dense-HUX to UNSGA3-greedy_multi-UX', 'Equivalence_Line_7: SMSEMOA-greedy_ting-2P to NSGA3-random_dense-1P', 'Equivalence_Line_8: NSGA3-random_dense-HUX to NSGA3-random_dense-2P', 'Equivalence_Line_9: NSGA2-random_dense-HUX to NSGA3-greedy_ting-HUX', 'Equivalence_Line_10: NSGA2-random_dense-UX to AGEMOEA2-random_dense-2P', 'Equivalence_Line_11: SMSEMOA-greedy_ting-1P to UNSGA3-greedy_ting-HUX', 'Equivalence_Line_12: NSGA2-greedy_multi-HUX to SMSEMOA-greedy_multi-UX', 'Equivalence_Line_13: NSGA2-greedy_multi-UX to UNSGA3-greedy_ting-UX', 'Equivalence_Line_14: NSGA2-greedy_ting-UX to AGEMOEA2-greedy_multi-1P', 'Equivalence_Line_15: AGEMOEA2-random_dense-HUX to SPEA2-random_dense-UX', 'Equivalence_Line_16: NSGA2-greedy_multi-1P to UNSGA3-greedy_multi-1P', 'Equivalence_Line_17: SMSEMOA-greedy_multi-1P to SPEA2-greedy_multi-HUX', 'Equivalence_Line_18: AGEMOEA2-greedy_multi-HUX to NSGA2-greedy_ting-2P', 'Equivalence_Line_19: AGEMOEA2-greedy_multi-UX to AGEMOEA2-greedy_ting-HUX', 'Equivalence_Line_20: SMSEMOA-greedy_multi-2P to SPEA2-random_dense-1P', 'Equivalence_Line_21: RVEA-random_dense-2P to SPEA2-greedy_multi-1P', 'Equivalence_Line_22: UNSGA3-greedy_multi-UX to SPEA2-greedy_multi-2P', 'Equivalence_Line_23: RVEA-random_dense-1P to NSGA2-greedy_ting-1P', 'Equivalence_Line_24: UNSGA3-greedy_ting-HUX to UNSGA3-greedy_ting-2P', 'Equivalence_Line_25: AGEMOEA2-random_dense-1P to AGEMOEA2-greedy_ting-2P', 'Equivalence_Line_26: UNSGA3-greedy_multi-2P to NSGA3-greedy_ting-1P', 'Equivalence_Line_27: SMSEMOA-greedy_multi-UX to SPEA2-greedy_ting-2P', 'Equivalence_Line_28: UNSGA3-greedy_ting-UX to UNSGA3-greedy_ting-1P', 'Equivalence_Line_29: SPEA2-random_dense-UX to SPEA2-greedy_ting-1P', 'Equivalence_Line_30: SPEA2-random_dense-HUX to RVEA-greedy_multi-2P', 'Equivalence_Line_31: SPEA2-greedy_multi-UX to RVEA-greedy_multi-HUX', 'Equivalence_Line_32: SPEA2-random_dense-1P to RVEA-greedy_ting-2P']"
SPEA2-random_dense-HUX,0.19058195655290214,"['Equivalence_Line_1: SMSEMOA-greedy_ting-HUX to NSGA2-greedy_multi-2P', 'Equivalence_Line_2: SMSEMOA-greedy_ting-UX to SMSEMOA-greedy_multi-1P', 'Equivalence_Line_3: SMSEMOA-random_dense-UX to NSGA2-random_dense-1P', 'Equivalence_Line_4: SMSEMOA-random_dense-2P to AGEMOEA2-greedy_multi-HUX', 'Equivalence_Line_5: SMSEMOA-random_dense-1P to RVEA-random_dense-2P', 'Equivalence_Line_6: RVEA-random_dense-HUX to UNSGA3-greedy_multi-UX', 'Equivalence_Line_7: SMSEMOA-greedy_ting-2P to NSGA3-random_dense-1P', 'Equivalence_Line_8: NSGA3-random_dense-HUX to NSGA3-random_dense-2P', 'Equivalence_Line_9: NSGA2-random_dense-HUX to NSGA3-greedy_ting-HUX', 'Equivalence_Line_10: NSGA2-random_dense-UX to AGEMOEA2-random_dense-2P', 'Equivalence_Line_11: SMSEMOA-greedy_ting-1P to UNSGA3-greedy_ting-HUX', 'Equivalence_Line_12: NSGA2-greedy_multi-HUX to SMSEMOA-greedy_multi-UX', 'Equivalence_Line_13: NSGA2-greedy_multi-UX to UNSGA3-greedy_ting-UX', 'Equivalence_Line_14: NSGA2-greedy_ting-UX to AGEMOEA2-greedy_multi-1P', 'Equivalence_Line_15: AGEMOEA2-random_dense-HUX to SPEA2-random_dense-UX', 'Equivalence_Line_16: NSGA2-greedy_multi-1P to UNSGA3-greedy_multi-1P', 'Equivalence_Line_17: SMSEMOA-greedy_multi-1P to SPEA2-greedy_multi-HUX', 'Equivalence_Line_18: AGEMOEA2-greedy_multi-HUX to NSGA2-greedy_ting-2P', 'Equivalence_Line_19: AGEMOEA2-greedy_multi-UX to AGEMOEA2-greedy_ting-HUX', 'Equivalence_Line_20: SMSEMOA-greedy_multi-2P to SPEA2-random_dense-1P', 'Equivalence_Line_21: RVEA-random_dense-2P to SPEA2-greedy_multi-1P', 'Equivalence_Line_22: UNSGA3-greedy_multi-UX to SPEA2-greedy_multi-2P', 'Equivalence_Line_23: RVEA-random_dense-1P to NSGA2-greedy_ting-1P', 'Equivalence_Line_24: UNSGA3-greedy_ting-HUX to UNSGA3-greedy_ting-2P', 'Equivalence_Line_25: AGEMOEA2-random_dense-1P to AGEMOEA2-greedy_ting-2P', 'Equivalence_Line_26: UNSGA3-greedy_multi-2P to NSGA3-greedy_ting-1P', 'Equivalence_Line_27: SMSEMOA-greedy_multi-UX to SPEA2-greedy_ting-2P', 'Equivalence_Line_28: UNSGA3-greedy_ting-UX to UNSGA3-greedy_ting-1P', 'Equivalence_Line_29: SPEA2-random_dense-UX to SPEA2-greedy_ting-1P', 'Equivalence_Line_30: SPEA2-random_dense-HUX to RVEA-greedy_multi-2P', 'Equivalence_Line_31: SPEA2-greedy_multi-UX to RVEA-greedy_multi-HUX', 'Equivalence_Line_32: SPEA2-random_dense-1P to RVEA-greedy_ting-2P']"
UNSGA3-greedy_multi-1P,0.1897393378804909,"['Equivalence_Line_1: SMSEMOA-greedy_ting-HUX to NSGA2-greedy_multi-2P', 'Equivalence_Line_2: SMSEMOA-greedy_ting-UX to SMSEMOA-greedy_multi-1P', 'Equivalence_Line_3: SMSEMOA-random_dense-UX to NSGA2-random_dense-1P', 'Equivalence_Line_4: SMSEMOA-random_dense-2P to AGEMOEA2-greedy_multi-HUX', 'Equivalence_Line_5: SMSEMOA-random_dense-1P to RVEA-random_dense-2P', 'Equivalence_Line_6: RVEA-random_dense-HUX to UNSGA3-greedy_multi-UX', 'Equivalence_Line_7: SMSEMOA-greedy_ting-2P to NSGA3-random_dense-1P', 'Equivalence_Line_8: NSGA3-random_dense-HUX to NSGA3-random_dense-2P', 'Equivalence_Line_9: NSGA2-random_dense-HUX to NSGA3-greedy_ting-HUX', 'Equivalence_Line_10: NSGA2-random_dense-UX to AGEMOEA2-random_dense-2P', 'Equivalence_Line_11: SMSEMOA-greedy_ting-1P to UNSGA3-greedy_ting-HUX', 'Equivalence_Line_12: NSGA2-greedy_multi-HUX to SMSEMOA-greedy_multi-UX', 'Equivalence_Line_13: NSGA2-greedy_multi-UX to UNSGA3-greedy_ting-UX', 'Equivalence_Line_14: NSGA2-greedy_ting-UX to AGEMOEA2-greedy_multi-1P', 'Equivalence_Line_15: AGEMOEA2-random_dense-HUX to SPEA2-random_dense-UX', 'Equivalence_Line_16: NSGA2-greedy_multi-1P to UNSGA3-greedy_multi-1P', 'Equivalence_Line_17: SMSEMOA-greedy_multi-1P to SPEA2-greedy_multi-HUX', 'Equivalence_Line_18: AGEMOEA2-greedy_multi-HUX to NSGA2-greedy_ting-2P', 'Equivalence_Line_19: AGEMOEA2-greedy_multi-UX to AGEMOEA2-greedy_ting-HUX', 'Equivalence_Line_20: SMSEMOA-greedy_multi-2P to SPEA2-random_dense-1P', 'Equivalence_Line_21: RVEA-random_dense-2P to SPEA2-greedy_multi-1P', 'Equivalence_Line_22: UNSGA3-greedy_multi-UX to SPEA2-greedy_multi-2P', 'Equivalence_Line_23: RVEA-random_dense-1P to NSGA2-greedy_ting-1P', 'Equivalence_Line_24: UNSGA3-greedy_ting-HUX to UNSGA3-greedy_ting-2P', 'Equivalence_Line_25: AGEMOEA2-random_dense-1P to AGEMOEA2-greedy_ting-2P', 'Equivalence_Line_26: UNSGA3-greedy_multi-2P to NSGA3-greedy_ting-1P', 'Equivalence_Line_27: SMSEMOA-greedy_multi-UX to SPEA2-greedy_ting-2P', 'Equivalence_Line_28: UNSGA3-greedy_ting-UX to UNSGA3-greedy_ting-1P', 'Equivalence_Line_29: SPEA2-random_dense-UX to SPEA2-greedy_ting-1P', 'Equivalence_Line_30: SPEA2-random_dense-HUX to RVEA-greedy_multi-2P', 'Equivalence_Line_31: SPEA2-greedy_multi-UX to RVEA-greedy_multi-HUX', 'Equivalence_Line_32: SPEA2-random_dense-1P to RVEA-greedy_ting-2P']"
SPEA2-greedy_multi-UX,0.18894502400272473,"['Equivalence_Line_1: SMSEMOA-greedy_ting-HUX to NSGA2-greedy_multi-2P', 'Equivalence_Line_2: SMSEMOA-greedy_ting-UX to SMSEMOA-greedy_multi-1P', 'Equivalence_Line_3: SMSEMOA-random_dense-UX to NSGA2-random_dense-1P', 'Equivalence_Line_4: SMSEMOA-random_dense-2P to AGEMOEA2-greedy_multi-HUX', 'Equivalence_Line_5: SMSEMOA-random_dense-1P to RVEA-random_dense-2P', 'Equivalence_Line_6: RVEA-random_dense-HUX to UNSGA3-greedy_multi-UX', 'Equivalence_Line_7: SMSEMOA-greedy_ting-2P to NSGA3-random_dense-1P', 'Equivalence_Line_8: NSGA3-random_dense-HUX to NSGA3-random_dense-2P', 'Equivalence_Line_9: NSGA2-random_dense-HUX to NSGA3-greedy_ting-HUX', 'Equivalence_Line_10: NSGA2-random_dense-UX to AGEMOEA2-random_dense-2P', 'Equivalence_Line_11: SMSEMOA-greedy_ting-1P to UNSGA3-greedy_ting-HUX', 'Equivalence_Line_12: NSGA2-greedy_multi-HUX to SMSEMOA-greedy_multi-UX', 'Equivalence_Line_13: NSGA2-greedy_multi-UX to UNSGA3-greedy_ting-UX', 'Equivalence_Line_14: NSGA2-greedy_ting-UX to AGEMOEA2-greedy_multi-1P', 'Equivalence_Line_15: AGEMOEA2-random_dense-HUX to SPEA2-random_dense-UX', 'Equivalence_Line_16: NSGA2-greedy_multi-1P to UNSGA3-greedy_multi-1P', 'Equivalence_Line_17: SMSEMOA-greedy_multi-1P to SPEA2-greedy_multi-HUX', 'Equivalence_Line_18: AGEMOEA2-greedy_multi-HUX to NSGA2-greedy_ting-2P', 'Equivalence_Line_19: AGEMOEA2-greedy_multi-UX to AGEMOEA2-greedy_ting-HUX', 'Equivalence_Line_20: SMSEMOA-greedy_multi-2P to SPEA2-random_dense-1P', 'Equivalence_Line_21: RVEA-random_dense-2P to SPEA2-greedy_multi-1P', 'Equivalence_Line_22: UNSGA3-greedy_multi-UX to SPEA2-greedy_multi-2P', 'Equivalence_Line_23: RVEA-random_dense-1P to NSGA2-greedy_ting-1P', 'Equivalence_Line_24: UNSGA3-greedy_ting-HUX to UNSGA3-greedy_ting-2P', 'Equivalence_Line_25: AGEMOEA2-random_dense-1P to AGEMOEA2-greedy_ting-2P', 'Equivalence_Line_26: UNSGA3-greedy_multi-2P to NSGA3-greedy_ting-1P', 'Equivalence_Line_27: SMSEMOA-greedy_multi-UX to SPEA2-greedy_ting-2P', 'Equivalence_Line_28: UNSGA3-greedy_ting-UX to UNSGA3-greedy_ting-1P', 'Equivalence_Line_29: SPEA2-random_dense-UX to SPEA2-greedy_ting-1P', 'Equivalence_Line_30: SPEA2-random_dense-HUX to RVEA-greedy_multi-2P', 'Equivalence_Line_31: SPEA2-greedy_multi-UX to RVEA-greedy_multi-HUX', 'Equivalence_Line_32: SPEA2-random_dense-1P to RVEA-greedy_ting-2P']"
SPEA2-greedy_multi-HUX,0.1883882391100615,"['Equivalence_Line_1: SMSEMOA-greedy_ting-HUX to NSGA2-greedy_multi-2P', 'Equivalence_Line_2: SMSEMOA-greedy_ting-UX to SMSEMOA-greedy_multi-1P', 'Equivalence_Line_3: SMSEMOA-random_dense-UX to NSGA2-random_dense-1P', 'Equivalence_Line_4: SMSEMOA-random_dense-2P to AGEMOEA2-greedy_multi-HUX', 'Equivalence_Line_5: SMSEMOA-random_dense-1P to RVEA-random_dense-2P', 'Equivalence_Line_6: RVEA-random_dense-HUX to UNSGA3-greedy_multi-UX', 'Equivalence_Line_7: SMSEMOA-greedy_ting-2P to NSGA3-random_dense-1P', 'Equivalence_Line_8: NSGA3-random_dense-HUX to NSGA3-random_dense-2P', 'Equivalence_Line_9: NSGA2-random_dense-HUX to NSGA3-greedy_ting-HUX', 'Equivalence_Line_10: NSGA2-random_dense-UX to AGEMOEA2-random_dense-2P', 'Equivalence_Line_11: SMSEMOA-greedy_ting-1P to UNSGA3-greedy_ting-HUX', 'Equivalence_Line_12: NSGA2-greedy_multi-HUX to SMSEMOA-greedy_multi-UX', 'Equivalence_Line_13: NSGA2-greedy_multi-UX to UNSGA3-greedy_ting-UX', 'Equivalence_Line_14: NSGA2-greedy_ting-UX to AGEMOEA2-greedy_multi-1P', 'Equivalence_Line_15: AGEMOEA2-random_dense-HUX to SPEA2-random_dense-UX', 'Equivalence_Line_16: NSGA2-greedy_multi-1P to UNSGA3-greedy_multi-1P', 'Equivalence_Line_17: SMSEMOA-greedy_multi-1P to SPEA2-greedy_multi-HUX', 'Equivalence_Line_18: AGEMOEA2-greedy_multi-HUX to NSGA2-greedy_ting-2P', 'Equivalence_Line_19: AGEMOEA2-greedy_multi-UX to AGEMOEA2-greedy_ting-HUX', 'Equivalence_Line_20: SMSEMOA-greedy_multi-2P to SPEA2-random_dense-1P', 'Equivalence_Line_21: RVEA-random_dense-2P to SPEA2-greedy_multi-1P', 'Equivalence_Line_22: UNSGA3-greedy_multi-UX to SPEA2-greedy_multi-2P', 'Equivalence_Line_23: RVEA-random_dense-1P to NSGA2-greedy_ting-1P', 'Equivalence_Line_24: UNSGA3-greedy_ting-HUX to UNSGA3-greedy_ting-2P', 'Equivalence_Line_25: AGEMOEA2-random_dense-1P to AGEMOEA2-greedy_ting-2P', 'Equivalence_Line_26: UNSGA3-greedy_multi-2P to NSGA3-greedy_ting-1P', 'Equivalence_Line_27: SMSEMOA-greedy_multi-UX to SPEA2-greedy_ting-2P', 'Equivalence_Line_28: UNSGA3-greedy_ting-UX to UNSGA3-greedy_ting-1P', 'Equivalence_Line_29: SPEA2-random_dense-UX to SPEA2-greedy_ting-1P', 'Equivalence_Line_30: SPEA2-random_dense-HUX to RVEA-greedy_multi-2P', 'Equivalence_Line_31: SPEA2-greedy_multi-UX to RVEA-greedy_multi-HUX', 'Equivalence_Line_32: SPEA2-random_dense-1P to RVEA-greedy_ting-2P']"
NSGA2-greedy_ting-2P,0.1874467928011371,"['Equivalence_Line_1: SMSEMOA-greedy_ting-HUX to NSGA2-greedy_multi-2P', 'Equivalence_Line_2: SMSEMOA-greedy_ting-UX to SMSEMOA-greedy_multi-1P', 'Equivalence_Line_3: SMSEMOA-random_dense-UX to NSGA2-random_dense-1P', 'Equivalence_Line_4: SMSEMOA-random_dense-2P to AGEMOEA2-greedy_multi-HUX', 'Equivalence_Line_5: SMSEMOA-random_dense-1P to RVEA-random_dense-2P', 'Equivalence_Line_6: RVEA-random_dense-HUX to UNSGA3-greedy_multi-UX', 'Equivalence_Line_7: SMSEMOA-greedy_ting-2P to NSGA3-random_dense-1P', 'Equivalence_Line_8: NSGA3-random_dense-HUX to NSGA3-random_dense-2P', 'Equivalence_Line_9: NSGA2-random_dense-HUX to NSGA3-greedy_ting-HUX', 'Equivalence_Line_10: NSGA2-random_dense-UX to AGEMOEA2-random_dense-2P', 'Equivalence_Line_11: SMSEMOA-greedy_ting-1P to UNSGA3-greedy_ting-HUX', 'Equivalence_Line_12: NSGA2-greedy_multi-HUX to SMSEMOA-greedy_multi-UX', 'Equivalence_Line_13: NSGA2-greedy_multi-UX to UNSGA3-greedy_ting-UX', 'Equivalence_Line_14: NSGA2-greedy_ting-UX to AGEMOEA2-greedy_multi-1P', 'Equivalence_Line_15: AGEMOEA2-random_dense-HUX to SPEA2-random_dense-UX', 'Equivalence_Line_16: NSGA2-greedy_multi-1P to UNSGA3-greedy_multi-1P', 'Equivalence_Line_17: SMSEMOA-greedy_multi-1P to SPEA2-greedy_multi-HUX', 'Equivalence_Line_18: AGEMOEA2-greedy_multi-HUX to NSGA2-greedy_ting-2P', 'Equivalence_Line_19: AGEMOEA2-greedy_multi-UX to AGEMOEA2-greedy_ting-HUX', 'Equivalence_Line_20: SMSEMOA-greedy_multi-2P to SPEA2-random_dense-1P', 'Equivalence_Line_21: RVEA-random_dense-2P to SPEA2-greedy_multi-1P', 'Equivalence_Line_22: UNSGA3-greedy_multi-UX to SPEA2-greedy_multi-2P', 'Equivalence_Line_23: RVEA-random_dense-1P to NSGA2-greedy_ting-1P', 'Equivalence_Line_24: UNSGA3-greedy_ting-HUX to UNSGA3-greedy_ting-2P', 'Equivalence_Line_25: AGEMOEA2-random_dense-1P to AGEMOEA2-greedy_ting-2P', 'Equivalence_Line_26: UNSGA3-greedy_multi-2P to NSGA3-greedy_ting-1P', 'Equivalence_Line_27: SMSEMOA-greedy_multi-UX to SPEA2-greedy_ting-2P', 'Equivalence_Line_28: UNSGA3-greedy_ting-UX to UNSGA3-greedy_ting-1P', 'Equivalence_Line_29: SPEA2-random_dense-UX to SPEA2-greedy_ting-1P', 'Equivalence_Line_30: SPEA2-random_dense-HUX to RVEA-greedy_multi-2P', 'Equivalence_Line_31: SPEA2-greedy_multi-UX to RVEA-greedy_multi-HUX', 'Equivalence_Line_32: SPEA2-random_dense-1P to RVEA-greedy_ting-2P']"
SPEA2-random_dense-2P,0.18600820753517172,"['Equivalence_Line_1: SMSEMOA-greedy_ting-HUX to NSGA2-greedy_multi-2P', 'Equivalence_Line_2: SMSEMOA-greedy_ting-UX to SMSEMOA-greedy_multi-1P', 'Equivalence_Line_3: SMSEMOA-random_dense-UX to NSGA2-random_dense-1P', 'Equivalence_Line_4: SMSEMOA-random_dense-2P to AGEMOEA2-greedy_multi-HUX', 'Equivalence_Line_5: SMSEMOA-random_dense-1P to RVEA-random_dense-2P', 'Equivalence_Line_6: RVEA-random_dense-HUX to UNSGA3-greedy_multi-UX', 'Equivalence_Line_7: SMSEMOA-greedy_ting-2P to NSGA3-random_dense-1P', 'Equivalence_Line_8: NSGA3-random_dense-HUX to NSGA3-random_dense-2P', 'Equivalence_Line_9: NSGA2-random_dense-HUX to NSGA3-greedy_ting-HUX', 'Equivalence_Line_10: NSGA2-random_dense-UX to AGEMOEA2-random_dense-2P', 'Equivalence_Line_11: SMSEMOA-greedy_ting-1P to UNSGA3-greedy_ting-HUX', 'Equivalence_Line_12: NSGA2-greedy_multi-HUX to SMSEMOA-greedy_multi-UX', 'Equivalence_Line_13: NSGA2-greedy_multi-UX to UNSGA3-greedy_ting-UX', 'Equivalence_Line_14: NSGA2-greedy_ting-UX to AGEMOEA2-greedy_multi-1P', 'Equivalence_Line_15: AGEMOEA2-random_dense-HUX to SPEA2-random_dense-UX', 'Equivalence_Line_16: NSGA2-greedy_multi-1P to UNSGA3-greedy_multi-1P', 'Equivalence_Line_17: SMSEMOA-greedy_multi-1P to SPEA2-greedy_multi-HUX', 'Equivalence_Line_18: AGEMOEA2-greedy_multi-HUX to NSGA2-greedy_ting-2P', 'Equivalence_Line_19: AGEMOEA2-greedy_multi-UX to AGEMOEA2-greedy_ting-HUX', 'Equivalence_Line_20: SMSEMOA-greedy_multi-2P to SPEA2-random_dense-1P', 'Equivalence_Line_21: RVEA-random_dense-2P to SPEA2-greedy_multi-1P', 'Equivalence_Line_22: UNSGA3-greedy_multi-UX to SPEA2-greedy_multi-2P', 'Equivalence_Line_23: RVEA-random_dense-1P to NSGA2-greedy_ting-1P', 'Equivalence_Line_24: UNSGA3-greedy_ting-HUX to UNSGA3-greedy_ting-2P', 'Equivalence_Line_25: AGEMOEA2-random_dense-1P to AGEMOEA2-greedy_ting-2P', 'Equivalence_Line_26: UNSGA3-greedy_multi-2P to NSGA3-greedy_ting-1P', 'Equivalence_Line_27: SMSEMOA-greedy_multi-UX to SPEA2-greedy_ting-2P', 'Equivalence_Line_28: UNSGA3-greedy_ting-UX to UNSGA3-greedy_ting-1P', 'Equivalence_Line_29: SPEA2-random_dense-UX to SPEA2-greedy_ting-1P', 'Equivalence_Line_30: SPEA2-random_dense-HUX to RVEA-greedy_multi-2P', 'Equivalence_Line_31: SPEA2-greedy_multi-UX to RVEA-greedy_multi-HUX', 'Equivalence_Line_32: SPEA2-random_dense-1P to RVEA-greedy_ting-2P']"
AGEMOEA2-greedy_ting-UX,0.1851707821767956,"['Equivalence_Line_1: SMSEMOA-greedy_ting-HUX to NSGA2-greedy_multi-2P', 'Equivalence_Line_2: SMSEMOA-greedy_ting-UX to SMSEMOA-greedy_multi-1P', 'Equivalence_Line_3: SMSEMOA-random_dense-UX to NSGA2-random_dense-1P', 'Equivalence_Line_4: SMSEMOA-random_dense-2P to AGEMOEA2-greedy_multi-HUX', 'Equivalence_Line_5: SMSEMOA-random_dense-1P to RVEA-random_dense-2P', 'Equivalence_Line_6: RVEA-random_dense-HUX to UNSGA3-greedy_multi-UX', 'Equivalence_Line_7: SMSEMOA-greedy_ting-2P to NSGA3-random_dense-1P', 'Equivalence_Line_8: NSGA3-random_dense-HUX to NSGA3-random_dense-2P', 'Equivalence_Line_9: NSGA2-random_dense-HUX to NSGA3-greedy_ting-HUX', 'Equivalence_Line_10: NSGA2-random_dense-UX to AGEMOEA2-random_dense-2P', 'Equivalence_Line_11: SMSEMOA-greedy_ting-1P to UNSGA3-greedy_ting-HUX', 'Equivalence_Line_12: NSGA2-greedy_multi-HUX to SMSEMOA-greedy_multi-UX', 'Equivalence_Line_13: NSGA2-greedy_multi-UX to UNSGA3-greedy_ting-UX', 'Equivalence_Line_14: NSGA2-greedy_ting-UX to AGEMOEA2-greedy_multi-1P', 'Equivalence_Line_15: AGEMOEA2-random_dense-HUX to SPEA2-random_dense-UX', 'Equivalence_Line_16: NSGA2-greedy_multi-1P to UNSGA3-greedy_multi-1P', 'Equivalence_Line_17: SMSEMOA-greedy_multi-1P to SPEA2-greedy_multi-HUX', 'Equivalence_Line_18: AGEMOEA2-greedy_multi-HUX to NSGA2-greedy_ting-2P', 'Equivalence_Line_19: AGEMOEA2-greedy_multi-UX to AGEMOEA2-greedy_ting-HUX', 'Equivalence_Line_20: SMSEMOA-greedy_multi-2P to SPEA2-random_dense-1P', 'Equivalence_Line_21: RVEA-random_dense-2P to SPEA2-greedy_multi-1P', 'Equivalence_Line_22: UNSGA3-greedy_multi-UX to SPEA2-greedy_multi-2P', 'Equivalence_Line_23: RVEA-random_dense-1P to NSGA2-greedy_ting-1P', 'Equivalence_Line_24: UNSGA3-greedy_ting-HUX to UNSGA3-greedy_ting-2P', 'Equivalence_Line_25: AGEMOEA2-random_dense-1P to AGEMOEA2-greedy_ting-2P', 'Equivalence_Line_26: UNSGA3-greedy_multi-2P to NSGA3-greedy_ting-1P', 'Equivalence_Line_27: SMSEMOA-greedy_multi-UX to SPEA2-greedy_ting-2P', 'Equivalence_Line_28: UNSGA3-greedy_ting-UX to UNSGA3-greedy_ting-1P', 'Equivalence_Line_29: SPEA2-random_dense-UX to SPEA2-greedy_ting-1P', 'Equivalence_Line_30: SPEA2-random_dense-HUX to RVEA-greedy_multi-2P', 'Equivalence_Line_31: SPEA2-greedy_multi-UX to RVEA-greedy_multi-HUX', 'Equivalence_Line_32: SPEA2-random_dense-1P to RVEA-greedy_ting-2P']"
AGEMOEA2-greedy_ting-HUX,0.18475990554509195,"['Equivalence_Line_1: SMSEMOA-greedy_ting-HUX to NSGA2-greedy_multi-2P', 'Equivalence_Line_2: SMSEMOA-greedy_ting-UX to SMSEMOA-greedy_multi-1P', 'Equivalence_Line_3: SMSEMOA-random_dense-UX to NSGA2-random_dense-1P', 'Equivalence_Line_4: SMSEMOA-random_dense-2P to AGEMOEA2-greedy_multi-HUX', 'Equivalence_Line_5: SMSEMOA-random_dense-1P to RVEA-random_dense-2P', 'Equivalence_Line_6: RVEA-random_dense-HUX to UNSGA3-greedy_multi-UX', 'Equivalence_Line_7: SMSEMOA-greedy_ting-2P to NSGA3-random_dense-1P', 'Equivalence_Line_8: NSGA3-random_dense-HUX to NSGA3-random_dense-2P', 'Equivalence_Line_9: NSGA2-random_dense-HUX to NSGA3-greedy_ting-HUX', 'Equivalence_Line_10: NSGA2-random_dense-UX to AGEMOEA2-random_dense-2P', 'Equivalence_Line_11: SMSEMOA-greedy_ting-1P to UNSGA3-greedy_ting-HUX', 'Equivalence_Line_12: NSGA2-greedy_multi-HUX to SMSEMOA-greedy_multi-UX', 'Equivalence_Line_13: NSGA2-greedy_multi-UX to UNSGA3-greedy_ting-UX', 'Equivalence_Line_14: NSGA2-greedy_ting-UX to AGEMOEA2-greedy_multi-1P', 'Equivalence_Line_15: AGEMOEA2-random_dense-HUX to SPEA2-random_dense-UX', 'Equivalence_Line_16: NSGA2-greedy_multi-1P to UNSGA3-greedy_multi-1P', 'Equivalence_Line_17: SMSEMOA-greedy_multi-1P to SPEA2-greedy_multi-HUX', 'Equivalence_Line_18: AGEMOEA2-greedy_multi-HUX to NSGA2-greedy_ting-2P', 'Equivalence_Line_19: AGEMOEA2-greedy_multi-UX to AGEMOEA2-greedy_ting-HUX', 'Equivalence_Line_20: SMSEMOA-greedy_multi-2P to SPEA2-random_dense-1P', 'Equivalence_Line_21: RVEA-random_dense-2P to SPEA2-greedy_multi-1P', 'Equivalence_Line_22: UNSGA3-greedy_multi-UX to SPEA2-greedy_multi-2P', 'Equivalence_Line_23: RVEA-random_dense-1P to NSGA2-greedy_ting-1P', 'Equivalence_Line_24: UNSGA3-greedy_ting-HUX to UNSGA3-greedy_ting-2P', 'Equivalence_Line_25: AGEMOEA2-random_dense-1P to AGEMOEA2-greedy_ting-2P', 'Equivalence_Line_26: UNSGA3-greedy_multi-2P to NSGA3-greedy_ting-1P', 'Equivalence_Line_27: SMSEMOA-greedy_multi-UX to SPEA2-greedy_ting-2P', 'Equivalence_Line_28: UNSGA3-greedy_ting-UX to UNSGA3-greedy_ting-1P', 'Equivalence_Line_29: SPEA2-random_dense-UX to SPEA2-greedy_ting-1P', 'Equivalence_Line_30: SPEA2-random_dense-HUX to RVEA-greedy_multi-2P', 'Equivalence_Line_31: SPEA2-greedy_multi-UX to RVEA-greedy_multi-HUX', 'Equivalence_Line_32: SPEA2-random_dense-1P to RVEA-greedy_ting-2P']"
SPEA2-random_dense-1P,0.18254678586909226,"['Equivalence_Line_1: SMSEMOA-greedy_ting-HUX to NSGA2-greedy_multi-2P', 'Equivalence_Line_2: SMSEMOA-greedy_ting-UX to SMSEMOA-greedy_multi-1P', 'Equivalence_Line_3: SMSEMOA-random_dense-UX to NSGA2-random_dense-1P', 'Equivalence_Line_4: SMSEMOA-random_dense-2P to AGEMOEA2-greedy_multi-HUX', 'Equivalence_Line_5: SMSEMOA-random_dense-1P to RVEA-random_dense-2P', 'Equivalence_Line_6: RVEA-random_dense-HUX to UNSGA3-greedy_multi-UX', 'Equivalence_Line_7: SMSEMOA-greedy_ting-2P to NSGA3-random_dense-1P', 'Equivalence_Line_8: NSGA3-random_dense-HUX to NSGA3-random_dense-2P', 'Equivalence_Line_9: NSGA2-random_dense-HUX to NSGA3-greedy_ting-HUX', 'Equivalence_Line_10: NSGA2-random_dense-UX to AGEMOEA2-random_dense-2P', 'Equivalence_Line_11: SMSEMOA-greedy_ting-1P to UNSGA3-greedy_ting-HUX', 'Equivalence_Line_12: NSGA2-greedy_multi-HUX to SMSEMOA-greedy_multi-UX', 'Equivalence_Line_13: NSGA2-greedy_multi-UX to UNSGA3-greedy_ting-UX', 'Equivalence_Line_14: NSGA2-greedy_ting-UX to AGEMOEA2-greedy_multi-1P', 'Equivalence_Line_15: AGEMOEA2-random_dense-HUX to SPEA2-random_dense-UX', 'Equivalence_Line_16: NSGA2-greedy_multi-1P to UNSGA3-greedy_multi-1P', 'Equivalence_Line_17: SMSEMOA-greedy_multi-1P to SPEA2-greedy_multi-HUX', 'Equivalence_Line_18: AGEMOEA2-greedy_multi-HUX to NSGA2-greedy_ting-2P', 'Equivalence_Line_19: AGEMOEA2-greedy_multi-UX to AGEMOEA2-greedy_ting-HUX', 'Equivalence_Line_20: SMSEMOA-greedy_multi-2P to SPEA2-random_dense-1P', 'Equivalence_Line_21: RVEA-random_dense-2P to SPEA2-greedy_multi-1P', 'Equivalence_Line_22: UNSGA3-greedy_multi-UX to SPEA2-greedy_multi-2P', 'Equivalence_Line_23: RVEA-random_dense-1P to NSGA2-greedy_ting-1P', 'Equivalence_Line_24: UNSGA3-greedy_ting-HUX to UNSGA3-greedy_ting-2P', 'Equivalence_Line_25: AGEMOEA2-random_dense-1P to AGEMOEA2-greedy_ting-2P', 'Equivalence_Line_26: UNSGA3-greedy_multi-2P to NSGA3-greedy_ting-1P', 'Equivalence_Line_27: SMSEMOA-greedy_multi-UX to SPEA2-greedy_ting-2P', 'Equivalence_Line_28: UNSGA3-greedy_ting-UX to UNSGA3-greedy_ting-1P', 'Equivalence_Line_29: SPEA2-random_dense-UX to SPEA2-greedy_ting-1P', 'Equivalence_Line_30: SPEA2-random_dense-HUX to RVEA-greedy_multi-2P', 'Equivalence_Line_31: SPEA2-greedy_multi-UX to RVEA-greedy_multi-HUX', 'Equivalence_Line_32: SPEA2-random_dense-1P to RVEA-greedy_ting-2P']"
SPEA2-greedy_multi-1P,0.1818800936658932,"['Equivalence_Line_1: SMSEMOA-greedy_ting-HUX to NSGA2-greedy_multi-2P', 'Equivalence_Line_2: SMSEMOA-greedy_ting-UX to SMSEMOA-greedy_multi-1P', 'Equivalence_Line_3: SMSEMOA-random_dense-UX to NSGA2-random_dense-1P', 'Equivalence_Line_4: SMSEMOA-random_dense-2P to AGEMOEA2-greedy_multi-HUX', 'Equivalence_Line_5: SMSEMOA-random_dense-1P to RVEA-random_dense-2P', 'Equivalence_Line_6: RVEA-random_dense-HUX to UNSGA3-greedy_multi-UX', 'Equivalence_Line_7: SMSEMOA-greedy_ting-2P to NSGA3-random_dense-1P', 'Equivalence_Line_8: NSGA3-random_dense-HUX to NSGA3-random_dense-2P', 'Equivalence_Line_9: NSGA2-random_dense-HUX to NSGA3-greedy_ting-HUX', 'Equivalence_Line_10: NSGA2-random_dense-UX to AGEMOEA2-random_dense-2P', 'Equivalence_Line_11: SMSEMOA-greedy_ting-1P to UNSGA3-greedy_ting-HUX', 'Equivalence_Line_12: NSGA2-greedy_multi-HUX to SMSEMOA-greedy_multi-UX', 'Equivalence_Line_13: NSGA2-greedy_multi-UX to UNSGA3-greedy_ting-UX', 'Equivalence_Line_14: NSGA2-greedy_ting-UX to AGEMOEA2-greedy_multi-1P', 'Equivalence_Line_15: AGEMOEA2-random_dense-HUX to SPEA2-random_dense-UX', 'Equivalence_Line_16: NSGA2-greedy_multi-1P to UNSGA3-greedy_multi-1P', 'Equivalence_Line_17: SMSEMOA-greedy_multi-1P to SPEA2-greedy_multi-HUX', 'Equivalence_Line_18: AGEMOEA2-greedy_multi-HUX to NSGA2-greedy_ting-2P', 'Equivalence_Line_19: AGEMOEA2-greedy_multi-UX to AGEMOEA2-greedy_ting-HUX', 'Equivalence_Line_20: SMSEMOA-greedy_multi-2P to SPEA2-random_dense-1P', 'Equivalence_Line_21: RVEA-random_dense-2P to SPEA2-greedy_multi-1P', 'Equivalence_Line_22: UNSGA3-greedy_multi-UX to SPEA2-greedy_multi-2P', 'Equivalence_Line_23: RVEA-random_dense-1P to NSGA2-greedy_ting-1P', 'Equivalence_Line_24: UNSGA3-greedy_ting-HUX to UNSGA3-greedy_ting-2P', 'Equivalence_Line_25: AGEMOEA2-random_dense-1P to AGEMOEA2-greedy_ting-2P', 'Equivalence_Line_26: UNSGA3-greedy_multi-2P to NSGA3-greedy_ting-1P', 'Equivalence_Line_27: SMSEMOA-greedy_multi-UX to SPEA2-greedy_ting-2P', 'Equivalence_Line_28: UNSGA3-greedy_ting-UX to UNSGA3-greedy_ting-1P', 'Equivalence_Line_29: SPEA2-random_dense-UX to SPEA2-greedy_ting-1P', 'Equivalence_Line_30: SPEA2-random_dense-HUX to RVEA-greedy_multi-2P', 'Equivalence_Line_31: SPEA2-greedy_multi-UX to RVEA-greedy_multi-HUX', 'Equivalence_Line_32: SPEA2-random_dense-1P to RVEA-greedy_ting-2P']"
SPEA2-greedy_multi-2P,0.18153450537358404,"['Equivalence_Line_1: SMSEMOA-greedy_ting-HUX to NSGA2-greedy_multi-2P', 'Equivalence_Line_2: SMSEMOA-greedy_ting-UX to SMSEMOA-greedy_multi-1P', 'Equivalence_Line_3: SMSEMOA-random_dense-UX to NSGA2-random_dense-1P', 'Equivalence_Line_4: SMSEMOA-random_dense-2P to AGEMOEA2-greedy_multi-HUX', 'Equivalence_Line_5: SMSEMOA-random_dense-1P to RVEA-random_dense-2P', 'Equivalence_Line_6: RVEA-random_dense-HUX to UNSGA3-greedy_multi-UX', 'Equivalence_Line_7: SMSEMOA-greedy_ting-2P to NSGA3-random_dense-1P', 'Equivalence_Line_8: NSGA3-random_dense-HUX to NSGA3-random_dense-2P', 'Equivalence_Line_9: NSGA2-random_dense-HUX to NSGA3-greedy_ting-HUX', 'Equivalence_Line_10: NSGA2-random_dense-UX to AGEMOEA2-random_dense-2P', 'Equivalence_Line_11: SMSEMOA-greedy_ting-1P to UNSGA3-greedy_ting-HUX', 'Equivalence_Line_12: NSGA2-greedy_multi-HUX to SMSEMOA-greedy_multi-UX', 'Equivalence_Line_13: NSGA2-greedy_multi-UX to UNSGA3-greedy_ting-UX', 'Equivalence_Line_14: NSGA2-greedy_ting-UX to AGEMOEA2-greedy_multi-1P', 'Equivalence_Line_15: AGEMOEA2-random_dense-HUX to SPEA2-random_dense-UX', 'Equivalence_Line_16: NSGA2-greedy_multi-1P to UNSGA3-greedy_multi-1P', 'Equivalence_Line_17: SMSEMOA-greedy_multi-1P to SPEA2-greedy_multi-HUX', 'Equivalence_Line_18: AGEMOEA2-greedy_multi-HUX to NSGA2-greedy_ting-2P', 'Equivalence_Line_19: AGEMOEA2-greedy_multi-UX to AGEMOEA2-greedy_ting-HUX', 'Equivalence_Line_20: SMSEMOA-greedy_multi-2P to SPEA2-random_dense-1P', 'Equivalence_Line_21: RVEA-random_dense-2P to SPEA2-greedy_multi-1P', 'Equivalence_Line_22: UNSGA3-greedy_multi-UX to SPEA2-greedy_multi-2P', 'Equivalence_Line_23: RVEA-random_dense-1P to NSGA2-greedy_ting-1P', 'Equivalence_Line_24: UNSGA3-greedy_ting-HUX to UNSGA3-greedy_ting-2P', 'Equivalence_Line_25: AGEMOEA2-random_dense-1P to AGEMOEA2-greedy_ting-2P', 'Equivalence_Line_26: UNSGA3-greedy_multi-2P to NSGA3-greedy_ting-1P', 'Equivalence_Line_27: SMSEMOA-greedy_multi-UX to SPEA2-greedy_ting-2P', 'Equivalence_Line_28: UNSGA3-greedy_ting-UX to UNSGA3-greedy_ting-1P', 'Equivalence_Line_29: SPEA2-random_dense-UX to SPEA2-greedy_ting-1P', 'Equivalence_Line_30: SPEA2-random_dense-HUX to RVEA-greedy_multi-2P', 'Equivalence_Line_31: SPEA2-greedy_multi-UX to RVEA-greedy_multi-HUX', 'Equivalence_Line_32: SPEA2-random_dense-1P to RVEA-greedy_ting-2P']"
NSGA2-greedy_ting-1P,0.1788496408911586,"['Equivalence_Line_1: SMSEMOA-greedy_ting-HUX to NSGA2-greedy_multi-2P', 'Equivalence_Line_2: SMSEMOA-greedy_ting-UX to SMSEMOA-greedy_multi-1P', 'Equivalence_Line_3: SMSEMOA-random_dense-UX to NSGA2-random_dense-1P', 'Equivalence_Line_4: SMSEMOA-random_dense-2P to AGEMOEA2-greedy_multi-HUX', 'Equivalence_Line_5: SMSEMOA-random_dense-1P to RVEA-random_dense-2P', 'Equivalence_Line_6: RVEA-random_dense-HUX to UNSGA3-greedy_multi-UX', 'Equivalence_Line_7: SMSEMOA-greedy_ting-2P to NSGA3-random_dense-1P', 'Equivalence_Line_8: NSGA3-random_dense-HUX to NSGA3-random_dense-2P', 'Equivalence_Line_9: NSGA2-random_dense-HUX to NSGA3-greedy_ting-HUX', 'Equivalence_Line_10: NSGA2-random_dense-UX to AGEMOEA2-random_dense-2P', 'Equivalence_Line_11: SMSEMOA-greedy_ting-1P to UNSGA3-greedy_ting-HUX', 'Equivalence_Line_12: NSGA2-greedy_multi-HUX to SMSEMOA-greedy_multi-UX', 'Equivalence_Line_13: NSGA2-greedy_multi-UX to UNSGA3-greedy_ting-UX', 'Equivalence_Line_14: NSGA2-greedy_ting-UX to AGEMOEA2-greedy_multi-1P', 'Equivalence_Line_15: AGEMOEA2-random_dense-HUX to SPEA2-random_dense-UX', 'Equivalence_Line_16: NSGA2-greedy_multi-1P to UNSGA3-greedy_multi-1P', 'Equivalence_Line_17: SMSEMOA-greedy_multi-1P to SPEA2-greedy_multi-HUX', 'Equivalence_Line_18: AGEMOEA2-greedy_multi-HUX to NSGA2-greedy_ting-2P', 'Equivalence_Line_19: AGEMOEA2-greedy_multi-UX to AGEMOEA2-greedy_ting-HUX', 'Equivalence_Line_20: SMSEMOA-greedy_multi-2P to SPEA2-random_dense-1P', 'Equivalence_Line_21: RVEA-random_dense-2P to SPEA2-greedy_multi-1P', 'Equivalence_Line_22: UNSGA3-greedy_multi-UX to SPEA2-greedy_multi-2P', 'Equivalence_Line_23: RVEA-random_dense-1P to NSGA2-greedy_ting-1P', 'Equivalence_Line_24: UNSGA3-greedy_ting-HUX to UNSGA3-greedy_ting-2P', 'Equivalence_Line_25: AGEMOEA2-random_dense-1P to AGEMOEA2-greedy_ting-2P', 'Equivalence_Line_26: UNSGA3-greedy_multi-2P to NSGA3-greedy_ting-1P', 'Equivalence_Line_27: SMSEMOA-greedy_multi-UX to SPEA2-greedy_ting-2P', 'Equivalence_Line_28: UNSGA3-greedy_ting-UX to UNSGA3-greedy_ting-1P', 'Equivalence_Line_29: SPEA2-random_dense-UX to SPEA2-greedy_ting-1P', 'Equivalence_Line_30: SPEA2-random_dense-HUX to RVEA-greedy_multi-2P', 'Equivalence_Line_31: SPEA2-greedy_multi-UX to RVEA-greedy_multi-HUX', 'Equivalence_Line_32: SPEA2-random_dense-1P to RVEA-greedy_ting-2P']"
SPEA2-greedy_ting-HUX,0.16575760789405322,"['Equivalence_Line_1: SMSEMOA-greedy_ting-HUX to NSGA2-greedy_multi-2P', 'Equivalence_Line_2: SMSEMOA-greedy_ting-UX to SMSEMOA-greedy_multi-1P', 'Equivalence_Line_3: SMSEMOA-random_dense-UX to NSGA2-random_dense-1P', 'Equivalence_Line_4: SMSEMOA-random_dense-2P to AGEMOEA2-greedy_multi-HUX', 'Equivalence_Line_5: SMSEMOA-random_dense-1P to RVEA-random_dense-2P', 'Equivalence_Line_6: RVEA-random_dense-HUX to UNSGA3-greedy_multi-UX', 'Equivalence_Line_7: SMSEMOA-greedy_ting-2P to NSGA3-random_dense-1P', 'Equivalence_Line_8: NSGA3-random_dense-HUX to NSGA3-random_dense-2P', 'Equivalence_Line_9: NSGA2-random_dense-HUX to NSGA3-greedy_ting-HUX', 'Equivalence_Line_10: NSGA2-random_dense-UX to AGEMOEA2-random_dense-2P', 'Equivalence_Line_11: SMSEMOA-greedy_ting-1P to UNSGA3-greedy_ting-HUX', 'Equivalence_Line_12: NSGA2-greedy_multi-HUX to SMSEMOA-greedy_multi-UX', 'Equivalence_Line_13: NSGA2-greedy_multi-UX to UNSGA3-greedy_ting-UX', 'Equivalence_Line_14: NSGA2-greedy_ting-UX to AGEMOEA2-greedy_multi-1P', 'Equivalence_Line_15: AGEMOEA2-random_dense-HUX to SPEA2-random_dense-UX', 'Equivalence_Line_16: NSGA2-greedy_multi-1P to UNSGA3-greedy_multi-1P', 'Equivalence_Line_17: SMSEMOA-greedy_multi-1P to SPEA2-greedy_multi-HUX', 'Equivalence_Line_18: AGEMOEA2-greedy_multi-HUX to NSGA2-greedy_ting-2P', 'Equivalence_Line_19: AGEMOEA2-greedy_multi-UX to AGEMOEA2-greedy_ting-HUX', 'Equivalence_Line_20: SMSEMOA-greedy_multi-2P to SPEA2-random_dense-1P', 'Equivalence_Line_21: RVEA-random_dense-2P to SPEA2-greedy_multi-1P', 'Equivalence_Line_22: UNSGA3-greedy_multi-UX to SPEA2-greedy_multi-2P', 'Equivalence_Line_23: RVEA-random_dense-1P to NSGA2-greedy_ting-1P', 'Equivalence_Line_24: UNSGA3-greedy_ting-HUX to UNSGA3-greedy_ting-2P', 'Equivalence_Line_25: AGEMOEA2-random_dense-1P to AGEMOEA2-greedy_ting-2P', 'Equivalence_Line_26: UNSGA3-greedy_multi-2P to NSGA3-greedy_ting-1P', 'Equivalence_Line_27: SMSEMOA-greedy_multi-UX to SPEA2-greedy_ting-2P', 'Equivalence_Line_28: UNSGA3-greedy_ting-UX to UNSGA3-greedy_ting-1P', 'Equivalence_Line_29: SPEA2-random_dense-UX to SPEA2-greedy_ting-1P', 'Equivalence_Line_30: SPEA2-random_dense-HUX to RVEA-greedy_multi-2P', 'Equivalence_Line_31: SPEA2-greedy_multi-UX to RVEA-greedy_multi-HUX', 'Equivalence_Line_32: SPEA2-random_dense-1P to RVEA-greedy_ting-2P']"
SPEA2-greedy_ting-UX,0.16467430076113174,"['Equivalence_Line_1: SMSEMOA-greedy_ting-HUX to NSGA2-greedy_multi-2P', 'Equivalence_Line_2: SMSEMOA-greedy_ting-UX to SMSEMOA-greedy_multi-1P', 'Equivalence_Line_3: SMSEMOA-random_dense-UX to NSGA2-random_dense-1P', 'Equivalence_Line_4: SMSEMOA-random_dense-2P to AGEMOEA2-greedy_multi-HUX', 'Equivalence_Line_5: SMSEMOA-random_dense-1P to RVEA-random_dense-2P', 'Equivalence_Line_6: RVEA-random_dense-HUX to UNSGA3-greedy_multi-UX', 'Equivalence_Line_7: SMSEMOA-greedy_ting-2P to NSGA3-random_dense-1P', 'Equivalence_Line_8: NSGA3-random_dense-HUX to NSGA3-random_dense-2P', 'Equivalence_Line_9: NSGA2-random_dense-HUX to NSGA3-greedy_ting-HUX', 'Equivalence_Line_10: NSGA2-random_dense-UX to AGEMOEA2-random_dense-2P', 'Equivalence_Line_11: SMSEMOA-greedy_ting-1P to UNSGA3-greedy_ting-HUX', 'Equivalence_Line_12: NSGA2-greedy_multi-HUX to SMSEMOA-greedy_multi-UX', 'Equivalence_Line_13: NSGA2-greedy_multi-UX to UNSGA3-greedy_ting-UX', 'Equivalence_Line_14: NSGA2-greedy_ting-UX to AGEMOEA2-greedy_multi-1P', 'Equivalence_Line_15: AGEMOEA2-random_dense-HUX to SPEA2-random_dense-UX', 'Equivalence_Line_16: NSGA2-greedy_multi-1P to UNSGA3-greedy_multi-1P', 'Equivalence_Line_17: SMSEMOA-greedy_multi-1P to SPEA2-greedy_multi-HUX', 'Equivalence_Line_18: AGEMOEA2-greedy_multi-HUX to NSGA2-greedy_ting-2P', 'Equivalence_Line_19: AGEMOEA2-greedy_multi-UX to AGEMOEA2-greedy_ting-HUX', 'Equivalence_Line_20: SMSEMOA-greedy_multi-2P to SPEA2-random_dense-1P', 'Equivalence_Line_21: RVEA-random_dense-2P to SPEA2-greedy_multi-1P', 'Equivalence_Line_22: UNSGA3-greedy_multi-UX to SPEA2-greedy_multi-2P', 'Equivalence_Line_23: RVEA-random_dense-1P to NSGA2-greedy_ting-1P', 'Equivalence_Line_24: UNSGA3-greedy_ting-HUX to UNSGA3-greedy_ting-2P', 'Equivalence_Line_25: AGEMOEA2-random_dense-1P to AGEMOEA2-greedy_ting-2P', 'Equivalence_Line_26: UNSGA3-greedy_multi-2P to NSGA3-greedy_ting-1P', 'Equivalence_Line_27: SMSEMOA-greedy_multi-UX to SPEA2-greedy_ting-2P', 'Equivalence_Line_28: UNSGA3-greedy_ting-UX to UNSGA3-greedy_ting-1P', 'Equivalence_Line_29: SPEA2-random_dense-UX to SPEA2-greedy_ting-1P', 'Equivalence_Line_30: SPEA2-random_dense-HUX to RVEA-greedy_multi-2P', 'Equivalence_Line_31: SPEA2-greedy_multi-UX to RVEA-greedy_multi-HUX', 'Equivalence_Line_32: SPEA2-random_dense-1P to RVEA-greedy_ting-2P']"
UNSGA3-greedy_ting-2P,0.16447144543457567,"['Equivalence_Line_1: SMSEMOA-greedy_ting-HUX to NSGA2-greedy_multi-2P', 'Equivalence_Line_2: SMSEMOA-greedy_ting-UX to SMSEMOA-greedy_multi-1P', 'Equivalence_Line_3: SMSEMOA-random_dense-UX to NSGA2-random_dense-1P', 'Equivalence_Line_4: SMSEMOA-random_dense-2P to AGEMOEA2-greedy_multi-HUX', 'Equivalence_Line_5: SMSEMOA-random_dense-1P to RVEA-random_dense-2P', 'Equivalence_Line_6: RVEA-random_dense-HUX to UNSGA3-greedy_multi-UX', 'Equivalence_Line_7: SMSEMOA-greedy_ting-2P to NSGA3-random_dense-1P', 'Equivalence_Line_8: NSGA3-random_dense-HUX to NSGA3-random_dense-2P', 'Equivalence_Line_9: NSGA2-random_dense-HUX to NSGA3-greedy_ting-HUX', 'Equivalence_Line_10: NSGA2-random_dense-UX to AGEMOEA2-random_dense-2P', 'Equivalence_Line_11: SMSEMOA-greedy_ting-1P to UNSGA3-greedy_ting-HUX', 'Equivalence_Line_12: NSGA2-greedy_multi-HUX to SMSEMOA-greedy_multi-UX', 'Equivalence_Line_13: NSGA2-greedy_multi-UX to UNSGA3-greedy_ting-UX', 'Equivalence_Line_14: NSGA2-greedy_ting-UX to AGEMOEA2-greedy_multi-1P', 'Equivalence_Line_15: AGEMOEA2-random_dense-HUX to SPEA2-random_dense-UX', 'Equivalence_Line_16: NSGA2-greedy_multi-1P to UNSGA3-greedy_multi-1P', 'Equivalence_Line_17: SMSEMOA-greedy_multi-1P to SPEA2-greedy_multi-HUX', 'Equivalence_Line_18: AGEMOEA2-greedy_multi-HUX to NSGA2-greedy_ting-2P', 'Equivalence_Line_19: AGEMOEA2-greedy_multi-UX to AGEMOEA2-greedy_ting-HUX', 'Equivalence_Line_20: SMSEMOA-greedy_multi-2P to SPEA2-random_dense-1P', 'Equivalence_Line_21: RVEA-random_dense-2P to SPEA2-greedy_multi-1P', 'Equivalence_Line_22: UNSGA3-greedy_multi-UX to SPEA2-greedy_multi-2P', 'Equivalence_Line_23: RVEA-random_dense-1P to NSGA2-greedy_ting-1P', 'Equivalence_Line_24: UNSGA3-greedy_ting-HUX to UNSGA3-greedy_ting-2P', 'Equivalence_Line_25: AGEMOEA2-random_dense-1P to AGEMOEA2-greedy_ting-2P', 'Equivalence_Line_26: UNSGA3-greedy_multi-2P to NSGA3-greedy_ting-1P', 'Equivalence_Line_27: SMSEMOA-greedy_multi-UX to SPEA2-greedy_ting-2P', 'Equivalence_Line_28: UNSGA3-greedy_ting-UX to UNSGA3-greedy_ting-1P', 'Equivalence_Line_29: SPEA2-random_dense-UX to SPEA2-greedy_ting-1P', 'Equivalence_Line_30: SPEA2-random_dense-HUX to RVEA-greedy_multi-2P', 'Equivalence_Line_31: SPEA2-greedy_multi-UX to RVEA-greedy_multi-HUX', 'Equivalence_Line_32: SPEA2-random_dense-1P to RVEA-greedy_ting-2P']"
NSGA3-greedy_ting-2P,0.16198251111415052,"['Equivalence_Line_1: SMSEMOA-greedy_ting-HUX to NSGA2-greedy_multi-2P', 'Equivalence_Line_2: SMSEMOA-greedy_ting-UX to SMSEMOA-greedy_multi-1P', 'Equivalence_Line_3: SMSEMOA-random_dense-UX to NSGA2-random_dense-1P', 'Equivalence_Line_4: SMSEMOA-random_dense-2P to AGEMOEA2-greedy_multi-HUX', 'Equivalence_Line_5: SMSEMOA-random_dense-1P to RVEA-random_dense-2P', 'Equivalence_Line_6: RVEA-random_dense-HUX to UNSGA3-greedy_multi-UX', 'Equivalence_Line_7: SMSEMOA-greedy_ting-2P to NSGA3-random_dense-1P', 'Equivalence_Line_8: NSGA3-random_dense-HUX to NSGA3-random_dense-2P', 'Equivalence_Line_9: NSGA2-random_dense-HUX to NSGA3-greedy_ting-HUX', 'Equivalence_Line_10: NSGA2-random_dense-UX to AGEMOEA2-random_dense-2P', 'Equivalence_Line_11: SMSEMOA-greedy_ting-1P to UNSGA3-greedy_ting-HUX', 'Equivalence_Line_12: NSGA2-greedy_multi-HUX to SMSEMOA-greedy_multi-UX', 'Equivalence_Line_13: NSGA2-greedy_multi-UX to UNSGA3-greedy_ting-UX', 'Equivalence_Line_14: NSGA2-greedy_ting-UX to AGEMOEA2-greedy_multi-1P', 'Equivalence_Line_15: AGEMOEA2-random_dense-HUX to SPEA2-random_dense-UX', 'Equivalence_Line_16: NSGA2-greedy_multi-1P to UNSGA3-greedy_multi-1P', 'Equivalence_Line_17: SMSEMOA-greedy_multi-1P to SPEA2-greedy_multi-HUX', 'Equivalence_Line_18: AGEMOEA2-greedy_multi-HUX to NSGA2-greedy_ting-2P', 'Equivalence_Line_19: AGEMOEA2-greedy_multi-UX to AGEMOEA2-greedy_ting-HUX', 'Equivalence_Line_20: SMSEMOA-greedy_multi-2P to SPEA2-random_dense-1P', 'Equivalence_Line_21: RVEA-random_dense-2P to SPEA2-greedy_multi-1P', 'Equivalence_Line_22: UNSGA3-greedy_multi-UX to SPEA2-greedy_multi-2P', 'Equivalence_Line_23: RVEA-random_dense-1P to NSGA2-greedy_ting-1P', 'Equivalence_Line_24: UNSGA3-greedy_ting-HUX to UNSGA3-greedy_ting-2P', 'Equivalence_Line_25: AGEMOEA2-random_dense-1P to AGEMOEA2-greedy_ting-2P', 'Equivalence_Line_26: UNSGA3-greedy_multi-2P to NSGA3-greedy_ting-1P', 'Equivalence_Line_27: SMSEMOA-greedy_multi-UX to SPEA2-greedy_ting-2P', 'Equivalence_Line_28: UNSGA3-greedy_ting-UX to UNSGA3-greedy_ting-1P', 'Equivalence_Line_29: SPEA2-random_dense-UX to SPEA2-greedy_ting-1P', 'Equivalence_Line_30: SPEA2-random_dense-HUX to RVEA-greedy_multi-2P', 'Equivalence_Line_31: SPEA2-greedy_multi-UX to RVEA-greedy_multi-HUX', 'Equivalence_Line_32: SPEA2-random_dense-1P to RVEA-greedy_ting-2P']"
AGEMOEA2-greedy_ting-2P,0.16145023403101758,"['Equivalence_Line_1: SMSEMOA-greedy_ting-HUX to NSGA2-greedy_multi-2P', 'Equivalence_Line_2: SMSEMOA-greedy_ting-UX to SMSEMOA-greedy_multi-1P', 'Equivalence_Line_3: SMSEMOA-random_dense-UX to NSGA2-random_dense-1P', 'Equivalence_Line_4: SMSEMOA-random_dense-2P to AGEMOEA2-greedy_multi-HUX', 'Equivalence_Line_5: SMSEMOA-random_dense-1P to RVEA-random_dense-2P', 'Equivalence_Line_6: RVEA-random_dense-HUX to UNSGA3-greedy_multi-UX', 'Equivalence_Line_7: SMSEMOA-greedy_ting-2P to NSGA3-random_dense-1P', 'Equivalence_Line_8: NSGA3-random_dense-HUX to NSGA3-random_dense-2P', 'Equivalence_Line_9: NSGA2-random_dense-HUX to NSGA3-greedy_ting-HUX', 'Equivalence_Line_10: NSGA2-random_dense-UX to AGEMOEA2-random_dense-2P', 'Equivalence_Line_11: SMSEMOA-greedy_ting-1P to UNSGA3-greedy_ting-HUX', 'Equivalence_Line_12: NSGA2-greedy_multi-HUX to SMSEMOA-greedy_multi-UX', 'Equivalence_Line_13: NSGA2-greedy_multi-UX to UNSGA3-greedy_ting-UX', 'Equivalence_Line_14: NSGA2-greedy_ting-UX to AGEMOEA2-greedy_multi-1P', 'Equivalence_Line_15: AGEMOEA2-random_dense-HUX to SPEA2-random_dense-UX', 'Equivalence_Line_16: NSGA2-greedy_multi-1P to UNSGA3-greedy_multi-1P', 'Equivalence_Line_17: SMSEMOA-greedy_multi-1P to SPEA2-greedy_multi-HUX', 'Equivalence_Line_18: AGEMOEA2-greedy_multi-HUX to NSGA2-greedy_ting-2P', 'Equivalence_Line_19: AGEMOEA2-greedy_multi-UX to AGEMOEA2-greedy_ting-HUX', 'Equivalence_Line_20: SMSEMOA-greedy_multi-2P to SPEA2-random_dense-1P', 'Equivalence_Line_21: RVEA-random_dense-2P to SPEA2-greedy_multi-1P', 'Equivalence_Line_22: UNSGA3-greedy_multi-UX to SPEA2-greedy_multi-2P', 'Equivalence_Line_23: RVEA-random_dense-1P to NSGA2-greedy_ting-1P', 'Equivalence_Line_24: UNSGA3-greedy_ting-HUX to UNSGA3-greedy_ting-2P', 'Equivalence_Line_25: AGEMOEA2-random_dense-1P to AGEMOEA2-greedy_ting-2P', 'Equivalence_Line_26: UNSGA3-greedy_multi-2P to NSGA3-greedy_ting-1P', 'Equivalence_Line_27: SMSEMOA-greedy_multi-UX to SPEA2-greedy_ting-2P', 'Equivalence_Line_28: UNSGA3-greedy_ting-UX to UNSGA3-greedy_ting-1P', 'Equivalence_Line_29: SPEA2-random_dense-UX to SPEA2-greedy_ting-1P', 'Equivalence_Line_30: SPEA2-random_dense-HUX to RVEA-greedy_multi-2P', 'Equivalence_Line_31: SPEA2-greedy_multi-UX to RVEA-greedy_multi-HUX', 'Equivalence_Line_32: SPEA2-random_dense-1P to RVEA-greedy_ting-2P']"
NSGA3-greedy_ting-1P,0.15755193690435634,"['Equivalence_Line_1: SMSEMOA-greedy_ting-HUX to NSGA2-greedy_multi-2P', 'Equivalence_Line_2: SMSEMOA-greedy_ting-UX to SMSEMOA-greedy_multi-1P', 'Equivalence_Line_3: SMSEMOA-random_dense-UX to NSGA2-random_dense-1P', 'Equivalence_Line_4: SMSEMOA-random_dense-2P to AGEMOEA2-greedy_multi-HUX', 'Equivalence_Line_5: SMSEMOA-random_dense-1P to RVEA-random_dense-2P', 'Equivalence_Line_6: RVEA-random_dense-HUX to UNSGA3-greedy_multi-UX', 'Equivalence_Line_7: SMSEMOA-greedy_ting-2P to NSGA3-random_dense-1P', 'Equivalence_Line_8: NSGA3-random_dense-HUX to NSGA3-random_dense-2P', 'Equivalence_Line_9: NSGA2-random_dense-HUX to NSGA3-greedy_ting-HUX', 'Equivalence_Line_10: NSGA2-random_dense-UX to AGEMOEA2-random_dense-2P', 'Equivalence_Line_11: SMSEMOA-greedy_ting-1P to UNSGA3-greedy_ting-HUX', 'Equivalence_Line_12: NSGA2-greedy_multi-HUX to SMSEMOA-greedy_multi-UX', 'Equivalence_Line_13: NSGA2-greedy_multi-UX to UNSGA3-greedy_ting-UX', 'Equivalence_Line_14: NSGA2-greedy_ting-UX to AGEMOEA2-greedy_multi-1P', 'Equivalence_Line_15: AGEMOEA2-random_dense-HUX to SPEA2-random_dense-UX', 'Equivalence_Line_16: NSGA2-greedy_multi-1P to UNSGA3-greedy_multi-1P', 'Equivalence_Line_17: SMSEMOA-greedy_multi-1P to SPEA2-greedy_multi-HUX', 'Equivalence_Line_18: AGEMOEA2-greedy_multi-HUX to NSGA2-greedy_ting-2P', 'Equivalence_Line_19: AGEMOEA2-greedy_multi-UX to AGEMOEA2-greedy_ting-HUX', 'Equivalence_Line_20: SMSEMOA-greedy_multi-2P to SPEA2-random_dense-1P', 'Equivalence_Line_21: RVEA-random_dense-2P to SPEA2-greedy_multi-1P', 'Equivalence_Line_22: UNSGA3-greedy_multi-UX to SPEA2-greedy_multi-2P', 'Equivalence_Line_23: RVEA-random_dense-1P to NSGA2-greedy_ting-1P', 'Equivalence_Line_24: UNSGA3-greedy_ting-HUX to UNSGA3-greedy_ting-2P', 'Equivalence_Line_25: AGEMOEA2-random_dense-1P to AGEMOEA2-greedy_ting-2P', 'Equivalence_Line_26: UNSGA3-greedy_multi-2P to NSGA3-greedy_ting-1P', 'Equivalence_Line_27: SMSEMOA-greedy_multi-UX to SPEA2-greedy_ting-2P', 'Equivalence_Line_28: UNSGA3-greedy_ting-UX to UNSGA3-greedy_ting-1P', 'Equivalence_Line_29: SPEA2-random_dense-UX to SPEA2-greedy_ting-1P', 'Equivalence_Line_30: SPEA2-random_dense-HUX to RVEA-greedy_multi-2P', 'Equivalence_Line_31: SPEA2-greedy_multi-UX to RVEA-greedy_multi-HUX', 'Equivalence_Line_32: SPEA2-random_dense-1P to RVEA-greedy_ting-2P']"
SPEA2-greedy_ting-2P,0.1565016057331679,"['Equivalence_Line_1: SMSEMOA-greedy_ting-HUX to NSGA2-greedy_multi-2P', 'Equivalence_Line_2: SMSEMOA-greedy_ting-UX to SMSEMOA-greedy_multi-1P', 'Equivalence_Line_3: SMSEMOA-random_dense-UX to NSGA2-random_dense-1P', 'Equivalence_Line_4: SMSEMOA-random_dense-2P to AGEMOEA2-greedy_multi-HUX', 'Equivalence_Line_5: SMSEMOA-random_dense-1P to RVEA-random_dense-2P', 'Equivalence_Line_6: RVEA-random_dense-HUX to UNSGA3-greedy_multi-UX', 'Equivalence_Line_7: SMSEMOA-greedy_ting-2P to NSGA3-random_dense-1P', 'Equivalence_Line_8: NSGA3-random_dense-HUX to NSGA3-random_dense-2P', 'Equivalence_Line_9: NSGA2-random_dense-HUX to NSGA3-greedy_ting-HUX', 'Equivalence_Line_10: NSGA2-random_dense-UX to AGEMOEA2-random_dense-2P', 'Equivalence_Line_11: SMSEMOA-greedy_ting-1P to UNSGA3-greedy_ting-HUX', 'Equivalence_Line_12: NSGA2-greedy_multi-HUX to SMSEMOA-greedy_multi-UX', 'Equivalence_Line_13: NSGA2-greedy_multi-UX to UNSGA3-greedy_ting-UX', 'Equivalence_Line_14: NSGA2-greedy_ting-UX to AGEMOEA2-greedy_multi-1P', 'Equivalence_Line_15: AGEMOEA2-random_dense-HUX to SPEA2-random_dense-UX', 'Equivalence_Line_16: NSGA2-greedy_multi-1P to UNSGA3-greedy_multi-1P', 'Equivalence_Line_17: SMSEMOA-greedy_multi-1P to SPEA2-greedy_multi-HUX', 'Equivalence_Line_18: AGEMOEA2-greedy_multi-HUX to NSGA2-greedy_ting-2P', 'Equivalence_Line_19: AGEMOEA2-greedy_multi-UX to AGEMOEA2-greedy_ting-HUX', 'Equivalence_Line_20: SMSEMOA-greedy_multi-2P to SPEA2-random_dense-1P', 'Equivalence_Line_21: RVEA-random_dense-2P to SPEA2-greedy_multi-1P', 'Equivalence_Line_22: UNSGA3-greedy_multi-UX to SPEA2-greedy_multi-2P', 'Equivalence_Line_23: RVEA-random_dense-1P to NSGA2-greedy_ting-1P', 'Equivalence_Line_24: UNSGA3-greedy_ting-HUX to UNSGA3-greedy_ting-2P', 'Equivalence_Line_25: AGEMOEA2-random_dense-1P to AGEMOEA2-greedy_ting-2P', 'Equivalence_Line_26: UNSGA3-greedy_multi-2P to NSGA3-greedy_ting-1P', 'Equivalence_Line_27: SMSEMOA-greedy_multi-UX to SPEA2-greedy_ting-2P', 'Equivalence_Line_28: UNSGA3-greedy_ting-UX to UNSGA3-greedy_ting-1P', 'Equivalence_Line_29: SPEA2-random_dense-UX to SPEA2-greedy_ting-1P', 'Equivalence_Line_30: SPEA2-random_dense-HUX to RVEA-greedy_multi-2P', 'Equivalence_Line_31: SPEA2-greedy_multi-UX to RVEA-greedy_multi-HUX', 'Equivalence_Line_32: SPEA2-random_dense-1P to RVEA-greedy_ting-2P']"
AGEMOEA2-greedy_ting-1P,0.15591490917866951,"['Equivalence_Line_1: SMSEMOA-greedy_ting-HUX to NSGA2-greedy_multi-2P', 'Equivalence_Line_2: SMSEMOA-greedy_ting-UX to SMSEMOA-greedy_multi-1P', 'Equivalence_Line_3: SMSEMOA-random_dense-UX to NSGA2-random_dense-1P', 'Equivalence_Line_4: SMSEMOA-random_dense-2P to AGEMOEA2-greedy_multi-HUX', 'Equivalence_Line_5: SMSEMOA-random_dense-1P to RVEA-random_dense-2P', 'Equivalence_Line_6: RVEA-random_dense-HUX to UNSGA3-greedy_multi-UX', 'Equivalence_Line_7: SMSEMOA-greedy_ting-2P to NSGA3-random_dense-1P', 'Equivalence_Line_8: NSGA3-random_dense-HUX to NSGA3-random_dense-2P', 'Equivalence_Line_9: NSGA2-random_dense-HUX to NSGA3-greedy_ting-HUX', 'Equivalence_Line_10: NSGA2-random_dense-UX to AGEMOEA2-random_dense-2P', 'Equivalence_Line_11: SMSEMOA-greedy_ting-1P to UNSGA3-greedy_ting-HUX', 'Equivalence_Line_12: NSGA2-greedy_multi-HUX to SMSEMOA-greedy_multi-UX', 'Equivalence_Line_13: NSGA2-greedy_multi-UX to UNSGA3-greedy_ting-UX', 'Equivalence_Line_14: NSGA2-greedy_ting-UX to AGEMOEA2-greedy_multi-1P', 'Equivalence_Line_15: AGEMOEA2-random_dense-HUX to SPEA2-random_dense-UX', 'Equivalence_Line_16: NSGA2-greedy_multi-1P to UNSGA3-greedy_multi-1P', 'Equivalence_Line_17: SMSEMOA-greedy_multi-1P to SPEA2-greedy_multi-HUX', 'Equivalence_Line_18: AGEMOEA2-greedy_multi-HUX to NSGA2-greedy_ting-2P', 'Equivalence_Line_19: AGEMOEA2-greedy_multi-UX to AGEMOEA2-greedy_ting-HUX', 'Equivalence_Line_20: SMSEMOA-greedy_multi-2P to SPEA2-random_dense-1P', 'Equivalence_Line_21: RVEA-random_dense-2P to SPEA2-greedy_multi-1P', 'Equivalence_Line_22: UNSGA3-greedy_multi-UX to SPEA2-greedy_multi-2P', 'Equivalence_Line_23: RVEA-random_dense-1P to NSGA2-greedy_ting-1P', 'Equivalence_Line_24: UNSGA3-greedy_ting-HUX to UNSGA3-greedy_ting-2P', 'Equivalence_Line_25: AGEMOEA2-random_dense-1P to AGEMOEA2-greedy_ting-2P', 'Equivalence_Line_26: UNSGA3-greedy_multi-2P to NSGA3-greedy_ting-1P', 'Equivalence_Line_27: SMSEMOA-greedy_multi-UX to SPEA2-greedy_ting-2P', 'Equivalence_Line_28: UNSGA3-greedy_ting-UX to UNSGA3-greedy_ting-1P', 'Equivalence_Line_29: SPEA2-random_dense-UX to SPEA2-greedy_ting-1P', 'Equivalence_Line_30: SPEA2-random_dense-HUX to RVEA-greedy_multi-2P', 'Equivalence_Line_31: SPEA2-greedy_multi-UX to RVEA-greedy_multi-HUX', 'Equivalence_Line_32: SPEA2-random_dense-1P to RVEA-greedy_ting-2P']"
UNSGA3-greedy_ting-1P,0.15559963287631648,"['Equivalence_Line_1: SMSEMOA-greedy_ting-HUX to NSGA2-greedy_multi-2P', 'Equivalence_Line_2: SMSEMOA-greedy_ting-UX to SMSEMOA-greedy_multi-1P', 'Equivalence_Line_3: SMSEMOA-random_dense-UX to NSGA2-random_dense-1P', 'Equivalence_Line_4: SMSEMOA-random_dense-2P to AGEMOEA2-greedy_multi-HUX', 'Equivalence_Line_5: SMSEMOA-random_dense-1P to RVEA-random_dense-2P', 'Equivalence_Line_6: RVEA-random_dense-HUX to UNSGA3-greedy_multi-UX', 'Equivalence_Line_7: SMSEMOA-greedy_ting-2P to NSGA3-random_dense-1P', 'Equivalence_Line_8: NSGA3-random_dense-HUX to NSGA3-random_dense-2P', 'Equivalence_Line_9: NSGA2-random_dense-HUX to NSGA3-greedy_ting-HUX', 'Equivalence_Line_10: NSGA2-random_dense-UX to AGEMOEA2-random_dense-2P', 'Equivalence_Line_11: SMSEMOA-greedy_ting-1P to UNSGA3-greedy_ting-HUX', 'Equivalence_Line_12: NSGA2-greedy_multi-HUX to SMSEMOA-greedy_multi-UX', 'Equivalence_Line_13: NSGA2-greedy_multi-UX to UNSGA3-greedy_ting-UX', 'Equivalence_Line_14: NSGA2-greedy_ting-UX to AGEMOEA2-greedy_multi-1P', 'Equivalence_Line_15: AGEMOEA2-random_dense-HUX to SPEA2-random_dense-UX', 'Equivalence_Line_16: NSGA2-greedy_multi-1P to UNSGA3-greedy_multi-1P', 'Equivalence_Line_17: SMSEMOA-greedy_multi-1P to SPEA2-greedy_multi-HUX', 'Equivalence_Line_18: AGEMOEA2-greedy_multi-HUX to NSGA2-greedy_ting-2P', 'Equivalence_Line_19: AGEMOEA2-greedy_multi-UX to AGEMOEA2-greedy_ting-HUX', 'Equivalence_Line_20: SMSEMOA-greedy_multi-2P to SPEA2-random_dense-1P', 'Equivalence_Line_21: RVEA-random_dense-2P to SPEA2-greedy_multi-1P', 'Equivalence_Line_22: UNSGA3-greedy_multi-UX to SPEA2-greedy_multi-2P', 'Equivalence_Line_23: RVEA-random_dense-1P to NSGA2-greedy_ting-1P', 'Equivalence_Line_24: UNSGA3-greedy_ting-HUX to UNSGA3-greedy_ting-2P', 'Equivalence_Line_25: AGEMOEA2-random_dense-1P to AGEMOEA2-greedy_ting-2P', 'Equivalence_Line_26: UNSGA3-greedy_multi-2P to NSGA3-greedy_ting-1P', 'Equivalence_Line_27: SMSEMOA-greedy_multi-UX to SPEA2-greedy_ting-2P', 'Equivalence_Line_28: UNSGA3-greedy_ting-UX to UNSGA3-greedy_ting-1P', 'Equivalence_Line_29: SPEA2-random_dense-UX to SPEA2-greedy_ting-1P', 'Equivalence_Line_30: SPEA2-random_dense-HUX to RVEA-greedy_multi-2P', 'Equivalence_Line_31: SPEA2-greedy_multi-UX to RVEA-greedy_multi-HUX', 'Equivalence_Line_32: SPEA2-random_dense-1P to RVEA-greedy_ting-2P']"
SPEA2-greedy_ting-1P,0.14905741130762087,"['Equivalence_Line_1: SMSEMOA-greedy_ting-HUX to NSGA2-greedy_multi-2P', 'Equivalence_Line_2: SMSEMOA-greedy_ting-UX to SMSEMOA-greedy_multi-1P', 'Equivalence_Line_3: SMSEMOA-random_dense-UX to NSGA2-random_dense-1P', 'Equivalence_Line_4: SMSEMOA-random_dense-2P to AGEMOEA2-greedy_multi-HUX', 'Equivalence_Line_5: SMSEMOA-random_dense-1P to RVEA-random_dense-2P', 'Equivalence_Line_6: RVEA-random_dense-HUX to UNSGA3-greedy_multi-UX', 'Equivalence_Line_7: SMSEMOA-greedy_ting-2P to NSGA3-random_dense-1P', 'Equivalence_Line_8: NSGA3-random_dense-HUX to NSGA3-random_dense-2P', 'Equivalence_Line_9: NSGA2-random_dense-HUX to NSGA3-greedy_ting-HUX', 'Equivalence_Line_10: NSGA2-random_dense-UX to AGEMOEA2-random_dense-2P', 'Equivalence_Line_11: SMSEMOA-greedy_ting-1P to UNSGA3-greedy_ting-HUX', 'Equivalence_Line_12: NSGA2-greedy_multi-HUX to SMSEMOA-greedy_multi-UX', 'Equivalence_Line_13: NSGA2-greedy_multi-UX to UNSGA3-greedy_ting-UX', 'Equivalence_Line_14: NSGA2-greedy_ting-UX to AGEMOEA2-greedy_multi-1P', 'Equivalence_Line_15: AGEMOEA2-random_dense-HUX to SPEA2-random_dense-UX', 'Equivalence_Line_16: NSGA2-greedy_multi-1P to UNSGA3-greedy_multi-1P', 'Equivalence_Line_17: SMSEMOA-greedy_multi-1P to SPEA2-greedy_multi-HUX', 'Equivalence_Line_18: AGEMOEA2-greedy_multi-HUX to NSGA2-greedy_ting-2P', 'Equivalence_Line_19: AGEMOEA2-greedy_multi-UX to AGEMOEA2-greedy_ting-HUX', 'Equivalence_Line_20: SMSEMOA-greedy_multi-2P to SPEA2-random_dense-1P', 'Equivalence_Line_21: RVEA-random_dense-2P to SPEA2-greedy_multi-1P', 'Equivalence_Line_22: UNSGA3-greedy_multi-UX to SPEA2-greedy_multi-2P', 'Equivalence_Line_23: RVEA-random_dense-1P to NSGA2-greedy_ting-1P', 'Equivalence_Line_24: UNSGA3-greedy_ting-HUX to UNSGA3-greedy_ting-2P', 'Equivalence_Line_25: AGEMOEA2-random_dense-1P to AGEMOEA2-greedy_ting-2P', 'Equivalence_Line_26: UNSGA3-greedy_multi-2P to NSGA3-greedy_ting-1P', 'Equivalence_Line_27: SMSEMOA-greedy_multi-UX to SPEA2-greedy_ting-2P', 'Equivalence_Line_28: UNSGA3-greedy_ting-UX to UNSGA3-greedy_ting-1P', 'Equivalence_Line_29: SPEA2-random_dense-UX to SPEA2-greedy_ting-1P', 'Equivalence_Line_30: SPEA2-random_dense-HUX to RVEA-greedy_multi-2P', 'Equivalence_Line_31: SPEA2-greedy_multi-UX to RVEA-greedy_multi-HUX', 'Equivalence_Line_32: SPEA2-random_dense-1P to RVEA-greedy_ting-2P']"
RVEA-greedy_multi-2P,0.14540257046107086,"['Equivalence_Line_1: SMSEMOA-greedy_ting-HUX to NSGA2-greedy_multi-2P', 'Equivalence_Line_2: SMSEMOA-greedy_ting-UX to SMSEMOA-greedy_multi-1P', 'Equivalence_Line_3: SMSEMOA-random_dense-UX to NSGA2-random_dense-1P', 'Equivalence_Line_4: SMSEMOA-random_dense-2P to AGEMOEA2-greedy_multi-HUX', 'Equivalence_Line_5: SMSEMOA-random_dense-1P to RVEA-random_dense-2P', 'Equivalence_Line_6: RVEA-random_dense-HUX to UNSGA3-greedy_multi-UX', 'Equivalence_Line_7: SMSEMOA-greedy_ting-2P to NSGA3-random_dense-1P', 'Equivalence_Line_8: NSGA3-random_dense-HUX to NSGA3-random_dense-2P', 'Equivalence_Line_9: NSGA2-random_dense-HUX to NSGA3-greedy_ting-HUX', 'Equivalence_Line_10: NSGA2-random_dense-UX to AGEMOEA2-random_dense-2P', 'Equivalence_Line_11: SMSEMOA-greedy_ting-1P to UNSGA3-greedy_ting-HUX', 'Equivalence_Line_12: NSGA2-greedy_multi-HUX to SMSEMOA-greedy_multi-UX', 'Equivalence_Line_13: NSGA2-greedy_multi-UX to UNSGA3-greedy_ting-UX', 'Equivalence_Line_14: NSGA2-greedy_ting-UX to AGEMOEA2-greedy_multi-1P', 'Equivalence_Line_15: AGEMOEA2-random_dense-HUX to SPEA2-random_dense-UX', 'Equivalence_Line_16: NSGA2-greedy_multi-1P to UNSGA3-greedy_multi-1P', 'Equivalence_Line_17: SMSEMOA-greedy_multi-1P to SPEA2-greedy_multi-HUX', 'Equivalence_Line_18: AGEMOEA2-greedy_multi-HUX to NSGA2-greedy_ting-2P', 'Equivalence_Line_19: AGEMOEA2-greedy_multi-UX to AGEMOEA2-greedy_ting-HUX', 'Equivalence_Line_20: SMSEMOA-greedy_multi-2P to SPEA2-random_dense-1P', 'Equivalence_Line_21: RVEA-random_dense-2P to SPEA2-greedy_multi-1P', 'Equivalence_Line_22: UNSGA3-greedy_multi-UX to SPEA2-greedy_multi-2P', 'Equivalence_Line_23: RVEA-random_dense-1P to NSGA2-greedy_ting-1P', 'Equivalence_Line_24: UNSGA3-greedy_ting-HUX to UNSGA3-greedy_ting-2P', 'Equivalence_Line_25: AGEMOEA2-random_dense-1P to AGEMOEA2-greedy_ting-2P', 'Equivalence_Line_26: UNSGA3-greedy_multi-2P to NSGA3-greedy_ting-1P', 'Equivalence_Line_27: SMSEMOA-greedy_multi-UX to SPEA2-greedy_ting-2P', 'Equivalence_Line_28: UNSGA3-greedy_ting-UX to UNSGA3-greedy_ting-1P', 'Equivalence_Line_29: SPEA2-random_dense-UX to SPEA2-greedy_ting-1P', 'Equivalence_Line_30: SPEA2-random_dense-HUX to RVEA-greedy_multi-2P', 'Equivalence_Line_31: SPEA2-greedy_multi-UX to RVEA-greedy_multi-HUX', 'Equivalence_Line_32: SPEA2-random_dense-1P to RVEA-greedy_ting-2P']"
RVEA-greedy_multi-1P,0.14283810744303155,"['Equivalence_Line_1: SMSEMOA-greedy_ting-HUX to NSGA2-greedy_multi-2P', 'Equivalence_Line_2: SMSEMOA-greedy_ting-UX to SMSEMOA-greedy_multi-1P', 'Equivalence_Line_3: SMSEMOA-random_dense-UX to NSGA2-random_dense-1P', 'Equivalence_Line_4: SMSEMOA-random_dense-2P to AGEMOEA2-greedy_multi-HUX', 'Equivalence_Line_5: SMSEMOA-random_dense-1P to RVEA-random_dense-2P', 'Equivalence_Line_6: RVEA-random_dense-HUX to UNSGA3-greedy_multi-UX', 'Equivalence_Line_7: SMSEMOA-greedy_ting-2P to NSGA3-random_dense-1P', 'Equivalence_Line_8: NSGA3-random_dense-HUX to NSGA3-random_dense-2P', 'Equivalence_Line_9: NSGA2-random_dense-HUX to NSGA3-greedy_ting-HUX', 'Equivalence_Line_10: NSGA2-random_dense-UX to AGEMOEA2-random_dense-2P', 'Equivalence_Line_11: SMSEMOA-greedy_ting-1P to UNSGA3-greedy_ting-HUX', 'Equivalence_Line_12: NSGA2-greedy_multi-HUX to SMSEMOA-greedy_multi-UX', 'Equivalence_Line_13: NSGA2-greedy_multi-UX to UNSGA3-greedy_ting-UX', 'Equivalence_Line_14: NSGA2-greedy_ting-UX to AGEMOEA2-greedy_multi-1P', 'Equivalence_Line_15: AGEMOEA2-random_dense-HUX to SPEA2-random_dense-UX', 'Equivalence_Line_16: NSGA2-greedy_multi-1P to UNSGA3-greedy_multi-1P', 'Equivalence_Line_17: SMSEMOA-greedy_multi-1P to SPEA2-greedy_multi-HUX', 'Equivalence_Line_18: AGEMOEA2-greedy_multi-HUX to NSGA2-greedy_ting-2P', 'Equivalence_Line_19: AGEMOEA2-greedy_multi-UX to AGEMOEA2-greedy_ting-HUX', 'Equivalence_Line_20: SMSEMOA-greedy_multi-2P to SPEA2-random_dense-1P', 'Equivalence_Line_21: RVEA-random_dense-2P to SPEA2-greedy_multi-1P', 'Equivalence_Line_22: UNSGA3-greedy_multi-UX to SPEA2-greedy_multi-2P', 'Equivalence_Line_23: RVEA-random_dense-1P to NSGA2-greedy_ting-1P', 'Equivalence_Line_24: UNSGA3-greedy_ting-HUX to UNSGA3-greedy_ting-2P', 'Equivalence_Line_25: AGEMOEA2-random_dense-1P to AGEMOEA2-greedy_ting-2P', 'Equivalence_Line_26: UNSGA3-greedy_multi-2P to NSGA3-greedy_ting-1P', 'Equivalence_Line_27: SMSEMOA-greedy_multi-UX to SPEA2-greedy_ting-2P', 'Equivalence_Line_28: UNSGA3-greedy_ting-UX to UNSGA3-greedy_ting-1P', 'Equivalence_Line_29: SPEA2-random_dense-UX to SPEA2-greedy_ting-1P', 'Equivalence_Line_30: SPEA2-random_dense-HUX to RVEA-greedy_multi-2P', 'Equivalence_Line_31: SPEA2-greedy_multi-UX to RVEA-greedy_multi-HUX', 'Equivalence_Line_32: SPEA2-random_dense-1P to RVEA-greedy_ting-2P']"
RVEA-greedy_ting-UX,0.14079731862246841,"['Equivalence_Line_1: SMSEMOA-greedy_ting-HUX to NSGA2-greedy_multi-2P', 'Equivalence_Line_2: SMSEMOA-greedy_ting-UX to SMSEMOA-greedy_multi-1P', 'Equivalence_Line_3: SMSEMOA-random_dense-UX to NSGA2-random_dense-1P', 'Equivalence_Line_4: SMSEMOA-random_dense-2P to AGEMOEA2-greedy_multi-HUX', 'Equivalence_Line_5: SMSEMOA-random_dense-1P to RVEA-random_dense-2P', 'Equivalence_Line_6: RVEA-random_dense-HUX to UNSGA3-greedy_multi-UX', 'Equivalence_Line_7: SMSEMOA-greedy_ting-2P to NSGA3-random_dense-1P', 'Equivalence_Line_8: NSGA3-random_dense-HUX to NSGA3-random_dense-2P', 'Equivalence_Line_9: NSGA2-random_dense-HUX to NSGA3-greedy_ting-HUX', 'Equivalence_Line_10: NSGA2-random_dense-UX to AGEMOEA2-random_dense-2P', 'Equivalence_Line_11: SMSEMOA-greedy_ting-1P to UNSGA3-greedy_ting-HUX', 'Equivalence_Line_12: NSGA2-greedy_multi-HUX to SMSEMOA-greedy_multi-UX', 'Equivalence_Line_13: NSGA2-greedy_multi-UX to UNSGA3-greedy_ting-UX', 'Equivalence_Line_14: NSGA2-greedy_ting-UX to AGEMOEA2-greedy_multi-1P', 'Equivalence_Line_15: AGEMOEA2-random_dense-HUX to SPEA2-random_dense-UX', 'Equivalence_Line_16: NSGA2-greedy_multi-1P to UNSGA3-greedy_multi-1P', 'Equivalence_Line_17: SMSEMOA-greedy_multi-1P to SPEA2-greedy_multi-HUX', 'Equivalence_Line_18: AGEMOEA2-greedy_multi-HUX to NSGA2-greedy_ting-2P', 'Equivalence_Line_19: AGEMOEA2-greedy_multi-UX to AGEMOEA2-greedy_ting-HUX', 'Equivalence_Line_20: SMSEMOA-greedy_multi-2P to SPEA2-random_dense-1P', 'Equivalence_Line_21: RVEA-random_dense-2P to SPEA2-greedy_multi-1P', 'Equivalence_Line_22: UNSGA3-greedy_multi-UX to SPEA2-greedy_multi-2P', 'Equivalence_Line_23: RVEA-random_dense-1P to NSGA2-greedy_ting-1P', 'Equivalence_Line_24: UNSGA3-greedy_ting-HUX to UNSGA3-greedy_ting-2P', 'Equivalence_Line_25: AGEMOEA2-random_dense-1P to AGEMOEA2-greedy_ting-2P', 'Equivalence_Line_26: UNSGA3-greedy_multi-2P to NSGA3-greedy_ting-1P', 'Equivalence_Line_27: SMSEMOA-greedy_multi-UX to SPEA2-greedy_ting-2P', 'Equivalence_Line_28: UNSGA3-greedy_ting-UX to UNSGA3-greedy_ting-1P', 'Equivalence_Line_29: SPEA2-random_dense-UX to SPEA2-greedy_ting-1P', 'Equivalence_Line_30: SPEA2-random_dense-HUX to RVEA-greedy_multi-2P', 'Equivalence_Line_31: SPEA2-greedy_multi-UX to RVEA-greedy_multi-HUX', 'Equivalence_Line_32: SPEA2-random_dense-1P to RVEA-greedy_ting-2P']"
RVEA-greedy_ting-HUX,0.140245311201319,"['Equivalence_Line_1: SMSEMOA-greedy_ting-HUX to NSGA2-greedy_multi-2P', 'Equivalence_Line_2: SMSEMOA-greedy_ting-UX to SMSEMOA-greedy_multi-1P', 'Equivalence_Line_3: SMSEMOA-random_dense-UX to NSGA2-random_dense-1P', 'Equivalence_Line_4: SMSEMOA-random_dense-2P to AGEMOEA2-greedy_multi-HUX', 'Equivalence_Line_5: SMSEMOA-random_dense-1P to RVEA-random_dense-2P', 'Equivalence_Line_6: RVEA-random_dense-HUX to UNSGA3-greedy_multi-UX', 'Equivalence_Line_7: SMSEMOA-greedy_ting-2P to NSGA3-random_dense-1P', 'Equivalence_Line_8: NSGA3-random_dense-HUX to NSGA3-random_dense-2P', 'Equivalence_Line_9: NSGA2-random_dense-HUX to NSGA3-greedy_ting-HUX', 'Equivalence_Line_10: NSGA2-random_dense-UX to AGEMOEA2-random_dense-2P', 'Equivalence_Line_11: SMSEMOA-greedy_ting-1P to UNSGA3-greedy_ting-HUX', 'Equivalence_Line_12: NSGA2-greedy_multi-HUX to SMSEMOA-greedy_multi-UX', 'Equivalence_Line_13: NSGA2-greedy_multi-UX to UNSGA3-greedy_ting-UX', 'Equivalence_Line_14: NSGA2-greedy_ting-UX to AGEMOEA2-greedy_multi-1P', 'Equivalence_Line_15: AGEMOEA2-random_dense-HUX to SPEA2-random_dense-UX', 'Equivalence_Line_16: NSGA2-greedy_multi-1P to UNSGA3-greedy_multi-1P', 'Equivalence_Line_17: SMSEMOA-greedy_multi-1P to SPEA2-greedy_multi-HUX', 'Equivalence_Line_18: AGEMOEA2-greedy_multi-HUX to NSGA2-greedy_ting-2P', 'Equivalence_Line_19: AGEMOEA2-greedy_multi-UX to AGEMOEA2-greedy_ting-HUX', 'Equivalence_Line_20: SMSEMOA-greedy_multi-2P to SPEA2-random_dense-1P', 'Equivalence_Line_21: RVEA-random_dense-2P to SPEA2-greedy_multi-1P', 'Equivalence_Line_22: UNSGA3-greedy_multi-UX to SPEA2-greedy_multi-2P', 'Equivalence_Line_23: RVEA-random_dense-1P to NSGA2-greedy_ting-1P', 'Equivalence_Line_24: UNSGA3-greedy_ting-HUX to UNSGA3-greedy_ting-2P', 'Equivalence_Line_25: AGEMOEA2-random_dense-1P to AGEMOEA2-greedy_ting-2P', 'Equivalence_Line_26: UNSGA3-greedy_multi-2P to NSGA3-greedy_ting-1P', 'Equivalence_Line_27: SMSEMOA-greedy_multi-UX to SPEA2-greedy_ting-2P', 'Equivalence_Line_28: UNSGA3-greedy_ting-UX to UNSGA3-greedy_ting-1P', 'Equivalence_Line_29: SPEA2-random_dense-UX to SPEA2-greedy_ting-1P', 'Equivalence_Line_30: SPEA2-random_dense-HUX to RVEA-greedy_multi-2P', 'Equivalence_Line_31: SPEA2-greedy_multi-UX to RVEA-greedy_multi-HUX', 'Equivalence_Line_32: SPEA2-random_dense-1P to RVEA-greedy_ting-2P']"
RVEA-greedy_multi-UX,0.13984656962844041,"['Equivalence_Line_1: SMSEMOA-greedy_ting-HUX to NSGA2-greedy_multi-2P', 'Equivalence_Line_2: SMSEMOA-greedy_ting-UX to SMSEMOA-greedy_multi-1P', 'Equivalence_Line_3: SMSEMOA-random_dense-UX to NSGA2-random_dense-1P', 'Equivalence_Line_4: SMSEMOA-random_dense-2P to AGEMOEA2-greedy_multi-HUX', 'Equivalence_Line_5: SMSEMOA-random_dense-1P to RVEA-random_dense-2P', 'Equivalence_Line_6: RVEA-random_dense-HUX to UNSGA3-greedy_multi-UX', 'Equivalence_Line_7: SMSEMOA-greedy_ting-2P to NSGA3-random_dense-1P', 'Equivalence_Line_8: NSGA3-random_dense-HUX to NSGA3-random_dense-2P', 'Equivalence_Line_9: NSGA2-random_dense-HUX to NSGA3-greedy_ting-HUX', 'Equivalence_Line_10: NSGA2-random_dense-UX to AGEMOEA2-random_dense-2P', 'Equivalence_Line_11: SMSEMOA-greedy_ting-1P to UNSGA3-greedy_ting-HUX', 'Equivalence_Line_12: NSGA2-greedy_multi-HUX to SMSEMOA-greedy_multi-UX', 'Equivalence_Line_13: NSGA2-greedy_multi-UX to UNSGA3-greedy_ting-UX', 'Equivalence_Line_14: NSGA2-greedy_ting-UX to AGEMOEA2-greedy_multi-1P', 'Equivalence_Line_15: AGEMOEA2-random_dense-HUX to SPEA2-random_dense-UX', 'Equivalence_Line_16: NSGA2-greedy_multi-1P to UNSGA3-greedy_multi-1P', 'Equivalence_Line_17: SMSEMOA-greedy_multi-1P to SPEA2-greedy_multi-HUX', 'Equivalence_Line_18: AGEMOEA2-greedy_multi-HUX to NSGA2-greedy_ting-2P', 'Equivalence_Line_19: AGEMOEA2-greedy_multi-UX to AGEMOEA2-greedy_ting-HUX', 'Equivalence_Line_20: SMSEMOA-greedy_multi-2P to SPEA2-random_dense-1P', 'Equivalence_Line_21: RVEA-random_dense-2P to SPEA2-greedy_multi-1P', 'Equivalence_Line_22: UNSGA3-greedy_multi-UX to SPEA2-greedy_multi-2P', 'Equivalence_Line_23: RVEA-random_dense-1P to NSGA2-greedy_ting-1P', 'Equivalence_Line_24: UNSGA3-greedy_ting-HUX to UNSGA3-greedy_ting-2P', 'Equivalence_Line_25: AGEMOEA2-random_dense-1P to AGEMOEA2-greedy_ting-2P', 'Equivalence_Line_26: UNSGA3-greedy_multi-2P to NSGA3-greedy_ting-1P', 'Equivalence_Line_27: SMSEMOA-greedy_multi-UX to SPEA2-greedy_ting-2P', 'Equivalence_Line_28: UNSGA3-greedy_ting-UX to UNSGA3-greedy_ting-1P', 'Equivalence_Line_29: SPEA2-random_dense-UX to SPEA2-greedy_ting-1P', 'Equivalence_Line_30: SPEA2-random_dense-HUX to RVEA-greedy_multi-2P', 'Equivalence_Line_31: SPEA2-greedy_multi-UX to RVEA-greedy_multi-HUX', 'Equivalence_Line_32: SPEA2-random_dense-1P to RVEA-greedy_ting-2P']"
RVEA-greedy_multi-HUX,0.13961017604552156,"['Equivalence_Line_1: SMSEMOA-greedy_ting-HUX to NSGA2-greedy_multi-2P', 'Equivalence_Line_2: SMSEMOA-greedy_ting-UX to SMSEMOA-greedy_multi-1P', 'Equivalence_Line_3: SMSEMOA-random_dense-UX to NSGA2-random_dense-1P', 'Equivalence_Line_4: SMSEMOA-random_dense-2P to AGEMOEA2-greedy_multi-HUX', 'Equivalence_Line_5: SMSEMOA-random_dense-1P to RVEA-random_dense-2P', 'Equivalence_Line_6: RVEA-random_dense-HUX to UNSGA3-greedy_multi-UX', 'Equivalence_Line_7: SMSEMOA-greedy_ting-2P to NSGA3-random_dense-1P', 'Equivalence_Line_8: NSGA3-random_dense-HUX to NSGA3-random_dense-2P', 'Equivalence_Line_9: NSGA2-random_dense-HUX to NSGA3-greedy_ting-HUX', 'Equivalence_Line_10: NSGA2-random_dense-UX to AGEMOEA2-random_dense-2P', 'Equivalence_Line_11: SMSEMOA-greedy_ting-1P to UNSGA3-greedy_ting-HUX', 'Equivalence_Line_12: NSGA2-greedy_multi-HUX to SMSEMOA-greedy_multi-UX', 'Equivalence_Line_13: NSGA2-greedy_multi-UX to UNSGA3-greedy_ting-UX', 'Equivalence_Line_14: NSGA2-greedy_ting-UX to AGEMOEA2-greedy_multi-1P', 'Equivalence_Line_15: AGEMOEA2-random_dense-HUX to SPEA2-random_dense-UX', 'Equivalence_Line_16: NSGA2-greedy_multi-1P to UNSGA3-greedy_multi-1P', 'Equivalence_Line_17: SMSEMOA-greedy_multi-1P to SPEA2-greedy_multi-HUX', 'Equivalence_Line_18: AGEMOEA2-greedy_multi-HUX to NSGA2-greedy_ting-2P', 'Equivalence_Line_19: AGEMOEA2-greedy_multi-UX to AGEMOEA2-greedy_ting-HUX', 'Equivalence_Line_20: SMSEMOA-greedy_multi-2P to SPEA2-random_dense-1P', 'Equivalence_Line_21: RVEA-random_dense-2P to SPEA2-greedy_multi-1P', 'Equivalence_Line_22: UNSGA3-greedy_multi-UX to SPEA2-greedy_multi-2P', 'Equivalence_Line_23: RVEA-random_dense-1P to NSGA2-greedy_ting-1P', 'Equivalence_Line_24: UNSGA3-greedy_ting-HUX to UNSGA3-greedy_ting-2P', 'Equivalence_Line_25: AGEMOEA2-random_dense-1P to AGEMOEA2-greedy_ting-2P', 'Equivalence_Line_26: UNSGA3-greedy_multi-2P to NSGA3-greedy_ting-1P', 'Equivalence_Line_27: SMSEMOA-greedy_multi-UX to SPEA2-greedy_ting-2P', 'Equivalence_Line_28: UNSGA3-greedy_ting-UX to UNSGA3-greedy_ting-1P', 'Equivalence_Line_29: SPEA2-random_dense-UX to SPEA2-greedy_ting-1P', 'Equivalence_Line_30: SPEA2-random_dense-HUX to RVEA-greedy_multi-2P', 'Equivalence_Line_31: SPEA2-greedy_multi-UX to RVEA-greedy_multi-HUX', 'Equivalence_Line_32: SPEA2-random_dense-1P to RVEA-greedy_ting-2P']"
RVEA-greedy_ting-1P,0.09894382986883743,"['Equivalence_Line_1: SMSEMOA-greedy_ting-HUX to NSGA2-greedy_multi-2P', 'Equivalence_Line_2: SMSEMOA-greedy_ting-UX to SMSEMOA-greedy_multi-1P', 'Equivalence_Line_3: SMSEMOA-random_dense-UX to NSGA2-random_dense-1P', 'Equivalence_Line_4: SMSEMOA-random_dense-2P to AGEMOEA2-greedy_multi-HUX', 'Equivalence_Line_5: SMSEMOA-random_dense-1P to RVEA-random_dense-2P', 'Equivalence_Line_6: RVEA-random_dense-HUX to UNSGA3-greedy_multi-UX', 'Equivalence_Line_7: SMSEMOA-greedy_ting-2P to NSGA3-random_dense-1P', 'Equivalence_Line_8: NSGA3-random_dense-HUX to NSGA3-random_dense-2P', 'Equivalence_Line_9: NSGA2-random_dense-HUX to NSGA3-greedy_ting-HUX', 'Equivalence_Line_10: NSGA2-random_dense-UX to AGEMOEA2-random_dense-2P', 'Equivalence_Line_11: SMSEMOA-greedy_ting-1P to UNSGA3-greedy_ting-HUX', 'Equivalence_Line_12: NSGA2-greedy_multi-HUX to SMSEMOA-greedy_multi-UX', 'Equivalence_Line_13: NSGA2-greedy_multi-UX to UNSGA3-greedy_ting-UX', 'Equivalence_Line_14: NSGA2-greedy_ting-UX to AGEMOEA2-greedy_multi-1P', 'Equivalence_Line_15: AGEMOEA2-random_dense-HUX to SPEA2-random_dense-UX', 'Equivalence_Line_16: NSGA2-greedy_multi-1P to UNSGA3-greedy_multi-1P', 'Equivalence_Line_17: SMSEMOA-greedy_multi-1P to SPEA2-greedy_multi-HUX', 'Equivalence_Line_18: AGEMOEA2-greedy_multi-HUX to NSGA2-greedy_ting-2P', 'Equivalence_Line_19: AGEMOEA2-greedy_multi-UX to AGEMOEA2-greedy_ting-HUX', 'Equivalence_Line_20: SMSEMOA-greedy_multi-2P to SPEA2-random_dense-1P', 'Equivalence_Line_21: RVEA-random_dense-2P to SPEA2-greedy_multi-1P', 'Equivalence_Line_22: UNSGA3-greedy_multi-UX to SPEA2-greedy_multi-2P', 'Equivalence_Line_23: RVEA-random_dense-1P to NSGA2-greedy_ting-1P', 'Equivalence_Line_24: UNSGA3-greedy_ting-HUX to UNSGA3-greedy_ting-2P', 'Equivalence_Line_25: AGEMOEA2-random_dense-1P to AGEMOEA2-greedy_ting-2P', 'Equivalence_Line_26: UNSGA3-greedy_multi-2P to NSGA3-greedy_ting-1P', 'Equivalence_Line_27: SMSEMOA-greedy_multi-UX to SPEA2-greedy_ting-2P', 'Equivalence_Line_28: UNSGA3-greedy_ting-UX to UNSGA3-greedy_ting-1P', 'Equivalence_Line_29: SPEA2-random_dense-UX to SPEA2-greedy_ting-1P', 'Equivalence_Line_30: SPEA2-random_dense-HUX to RVEA-greedy_multi-2P', 'Equivalence_Line_31: SPEA2-greedy_multi-UX to RVEA-greedy_multi-HUX', 'Equivalence_Line_32: SPEA2-random_dense-1P to RVEA-greedy_ting-2P']"
RVEA-greedy_ting-2P,0.09627070356945026,"['Equivalence_Line_1: SMSEMOA-greedy_ting-HUX to NSGA2-greedy_multi-2P', 'Equivalence_Line_2: SMSEMOA-greedy_ting-UX to SMSEMOA-greedy_multi-1P', 'Equivalence_Line_3: SMSEMOA-random_dense-UX to NSGA2-random_dense-1P', 'Equivalence_Line_4: SMSEMOA-random_dense-2P to AGEMOEA2-greedy_multi-HUX', 'Equivalence_Line_5: SMSEMOA-random_dense-1P to RVEA-random_dense-2P', 'Equivalence_Line_6: RVEA-random_dense-HUX to UNSGA3-greedy_multi-UX', 'Equivalence_Line_7: SMSEMOA-greedy_ting-2P to NSGA3-random_dense-1P', 'Equivalence_Line_8: NSGA3-random_dense-HUX to NSGA3-random_dense-2P', 'Equivalence_Line_9: NSGA2-random_dense-HUX to NSGA3-greedy_ting-HUX', 'Equivalence_Line_10: NSGA2-random_dense-UX to AGEMOEA2-random_dense-2P', 'Equivalence_Line_11: SMSEMOA-greedy_ting-1P to UNSGA3-greedy_ting-HUX', 'Equivalence_Line_12: NSGA2-greedy_multi-HUX to SMSEMOA-greedy_multi-UX', 'Equivalence_Line_13: NSGA2-greedy_multi-UX to UNSGA3-greedy_ting-UX', 'Equivalence_Line_14: NSGA2-greedy_ting-UX to AGEMOEA2-greedy_multi-1P', 'Equivalence_Line_15: AGEMOEA2-random_dense-HUX to SPEA2-random_dense-UX', 'Equivalence_Line_16: NSGA2-greedy_multi-1P to UNSGA3-greedy_multi-1P', 'Equivalence_Line_17: SMSEMOA-greedy_multi-1P to SPEA2-greedy_multi-HUX', 'Equivalence_Line_18: AGEMOEA2-greedy_multi-HUX to NSGA2-greedy_ting-2P', 'Equivalence_Line_19: AGEMOEA2-greedy_multi-UX to AGEMOEA2-greedy_ting-HUX', 'Equivalence_Line_20: SMSEMOA-greedy_multi-2P to SPEA2-random_dense-1P', 'Equivalence_Line_21: RVEA-random_dense-2P to SPEA2-greedy_multi-1P', 'Equivalence_Line_22: UNSGA3-greedy_multi-UX to SPEA2-greedy_multi-2P', 'Equivalence_Line_23: RVEA-random_dense-1P to NSGA2-greedy_ting-1P', 'Equivalence_Line_24: UNSGA3-greedy_ting-HUX to UNSGA3-greedy_ting-2P', 'Equivalence_Line_25: AGEMOEA2-random_dense-1P to AGEMOEA2-greedy_ting-2P', 'Equivalence_Line_26: UNSGA3-greedy_multi-2P to NSGA3-greedy_ting-1P', 'Equivalence_Line_27: SMSEMOA-greedy_multi-UX to SPEA2-greedy_ting-2P', 'Equivalence_Line_28: UNSGA3-greedy_ting-UX to UNSGA3-greedy_ting-1P', 'Equivalence_Line_29: SPEA2-random_dense-UX to SPEA2-greedy_ting-1P', 'Equivalence_Line_30: SPEA2-random_dense-HUX to RVEA-greedy_multi-2P', 'Equivalence_Line_31: SPEA2-greedy_multi-UX to RVEA-greedy_multi-HUX', 'Equivalence_Line_32: SPEA2-random_dense-1P to RVEA-greedy_ting-2P']"
