Group,Mean,Equivalence_Lines
NSGA2-random_dense-HUX,0.532365406301462,"['Equivalence_Line_1: NSGA2-random_dense-HUX to NSGA3-greedy_ting-UX', 'Equivalence_Line_2: NSGA2-greedy_ting-HUX to UNSGA3-greedy_ting-HUX', 'Equivalence_Line_3: UNSGA3-random_dense-UX to SMSEMOA-greedy_ting-1P', 'Equivalence_Line_4: NSGA2-greedy_ting-2P to UNSGA3-greedy_ting-1P', 'Equivalence_Line_5: NSGA2-random_dense-2P to SPEA2-greedy_ting-UX', 'Equivalence_Line_6: AGEMOEA2-greedy_ting-1P to SPEA2-greedy_ting-2P', 'Equivalence_Line_7: SPEA2-random_dense-UX to SMSEMOA-random_dense-1P', 'Equivalence_Line_8: UNSGA3-greedy_ting-2P to RVEA-random_dense-2P', 'Equivalence_Line_9: SMSEMOA-greedy_ting-2P to RVEA-random_dense-HUX', 'Equivalence_Line_10: NSGA3-greedy_ting-2P to RVEA-greedy_ting-HUX', 'Equivalence_Line_11: UNSGA3-greedy_ting-HUX to RVEA-greedy_ting-1P', 'Equivalence_Line_12: AGEMOEA2-random_dense-1P to RVEA-greedy_ting-2P', 'Equivalence_Line_13: NSGA3-greedy_ting-1P to SPEA2-greedy_multi-UX', 'Equivalence_Line_14: UNSGA3-greedy_ting-1P to AGEMOEA2-greedy_multi-HUX', 'Equivalence_Line_15: SMSEMOA-greedy_ting-UX to NSGA3-greedy_multi-UX', 'Equivalence_Line_16: SMSEMOA-greedy_ting-HUX to NSGA2-greedy_multi-1P', 'Equivalence_Line_17: SMSEMOA-random_dense-1P to NSGA3-greedy_multi-2P', 'Equivalence_Line_18: RVEA-random_dense-2P to NSGA3-greedy_multi-1P', 'Equivalence_Line_19: RVEA-random_dense-1P to SMSEMOA-greedy_multi-UX', 'Equivalence_Line_20: RVEA-random_dense-UX to SMSEMOA-greedy_multi-HUX', 'Equivalence_Line_21: RVEA-greedy_ting-HUX to SMSEMOA-greedy_multi-2P', 'Equivalence_Line_22: RVEA-greedy_ting-1P to SMSEMOA-greedy_multi-1P', 'Equivalence_Line_23: SPEA2-greedy_multi-HUX to RVEA-greedy_multi-1P']"
NSGA2-random_dense-UX,0.5303606294417128,"['Equivalence_Line_1: NSGA2-random_dense-HUX to NSGA3-greedy_ting-UX', 'Equivalence_Line_2: NSGA2-greedy_ting-HUX to UNSGA3-greedy_ting-HUX', 'Equivalence_Line_3: UNSGA3-random_dense-UX to SMSEMOA-greedy_ting-1P', 'Equivalence_Line_4: NSGA2-greedy_ting-2P to UNSGA3-greedy_ting-1P', 'Equivalence_Line_5: NSGA2-random_dense-2P to SPEA2-greedy_ting-UX', 'Equivalence_Line_6: AGEMOEA2-greedy_ting-1P to SPEA2-greedy_ting-2P', 'Equivalence_Line_7: SPEA2-random_dense-UX to SMSEMOA-random_dense-1P', 'Equivalence_Line_8: UNSGA3-greedy_ting-2P to RVEA-random_dense-2P', 'Equivalence_Line_9: SMSEMOA-greedy_ting-2P to RVEA-random_dense-HUX', 'Equivalence_Line_10: NSGA3-greedy_ting-2P to RVEA-greedy_ting-HUX', 'Equivalence_Line_11: UNSGA3-greedy_ting-HUX to RVEA-greedy_ting-1P', 'Equivalence_Line_12: AGEMOEA2-random_dense-1P to RVEA-greedy_ting-2P', 'Equivalence_Line_13: NSGA3-greedy_ting-1P to SPEA2-greedy_multi-UX', 'Equivalence_Line_14: UNSGA3-greedy_ting-1P to AGEMOEA2-greedy_multi-HUX', 'Equivalence_Line_15: SMSEMOA-greedy_ting-UX to NSGA3-greedy_multi-UX', 'Equivalence_Line_16: SMSEMOA-greedy_ting-HUX to NSGA2-greedy_multi-1P', 'Equivalence_Line_17: SMSEMOA-random_dense-1P to NSGA3-greedy_multi-2P', 'Equivalence_Line_18: RVEA-random_dense-2P to NSGA3-greedy_multi-1P', 'Equivalence_Line_19: RVEA-random_dense-1P to SMSEMOA-greedy_multi-UX', 'Equivalence_Line_20: RVEA-random_dense-UX to SMSEMOA-greedy_multi-HUX', 'Equivalence_Line_21: RVEA-greedy_ting-HUX to SMSEMOA-greedy_multi-2P', 'Equivalence_Line_22: RVEA-greedy_ting-1P to SMSEMOA-greedy_multi-1P', 'Equivalence_Line_23: SPEA2-greedy_multi-HUX to RVEA-greedy_multi-1P']"
NSGA2-greedy_ting-HUX,0.4996015043937022,"['Equivalence_Line_1: NSGA2-random_dense-HUX to NSGA3-greedy_ting-UX', 'Equivalence_Line_2: NSGA2-greedy_ting-HUX to UNSGA3-greedy_ting-HUX', 'Equivalence_Line_3: UNSGA3-random_dense-UX to SMSEMOA-greedy_ting-1P', 'Equivalence_Line_4: NSGA2-greedy_ting-2P to UNSGA3-greedy_ting-1P', 'Equivalence_Line_5: NSGA2-random_dense-2P to SPEA2-greedy_ting-UX', 'Equivalence_Line_6: AGEMOEA2-greedy_ting-1P to SPEA2-greedy_ting-2P', 'Equivalence_Line_7: SPEA2-random_dense-UX to SMSEMOA-random_dense-1P', 'Equivalence_Line_8: UNSGA3-greedy_ting-2P to RVEA-random_dense-2P', 'Equivalence_Line_9: SMSEMOA-greedy_ting-2P to RVEA-random_dense-HUX', 'Equivalence_Line_10: NSGA3-greedy_ting-2P to RVEA-greedy_ting-HUX', 'Equivalence_Line_11: UNSGA3-greedy_ting-HUX to RVEA-greedy_ting-1P', 'Equivalence_Line_12: AGEMOEA2-random_dense-1P to RVEA-greedy_ting-2P', 'Equivalence_Line_13: NSGA3-greedy_ting-1P to SPEA2-greedy_multi-UX', 'Equivalence_Line_14: UNSGA3-greedy_ting-1P to AGEMOEA2-greedy_multi-HUX', 'Equivalence_Line_15: SMSEMOA-greedy_ting-UX to NSGA3-greedy_multi-UX', 'Equivalence_Line_16: SMSEMOA-greedy_ting-HUX to NSGA2-greedy_multi-1P', 'Equivalence_Line_17: SMSEMOA-random_dense-1P to NSGA3-greedy_multi-2P', 'Equivalence_Line_18: RVEA-random_dense-2P to NSGA3-greedy_multi-1P', 'Equivalence_Line_19: RVEA-random_dense-1P to SMSEMOA-greedy_multi-UX', 'Equivalence_Line_20: RVEA-random_dense-UX to SMSEMOA-greedy_multi-HUX', 'Equivalence_Line_21: RVEA-greedy_ting-HUX to SMSEMOA-greedy_multi-2P', 'Equivalence_Line_22: RVEA-greedy_ting-1P to SMSEMOA-greedy_multi-1P', 'Equivalence_Line_23: SPEA2-greedy_multi-HUX to RVEA-greedy_multi-1P']"
NSGA2-greedy_ting-UX,0.49901678257571674,"['Equivalence_Line_1: NSGA2-random_dense-HUX to NSGA3-greedy_ting-UX', 'Equivalence_Line_2: NSGA2-greedy_ting-HUX to UNSGA3-greedy_ting-HUX', 'Equivalence_Line_3: UNSGA3-random_dense-UX to SMSEMOA-greedy_ting-1P', 'Equivalence_Line_4: NSGA2-greedy_ting-2P to UNSGA3-greedy_ting-1P', 'Equivalence_Line_5: NSGA2-random_dense-2P to SPEA2-greedy_ting-UX', 'Equivalence_Line_6: AGEMOEA2-greedy_ting-1P to SPEA2-greedy_ting-2P', 'Equivalence_Line_7: SPEA2-random_dense-UX to SMSEMOA-random_dense-1P', 'Equivalence_Line_8: UNSGA3-greedy_ting-2P to RVEA-random_dense-2P', 'Equivalence_Line_9: SMSEMOA-greedy_ting-2P to RVEA-random_dense-HUX', 'Equivalence_Line_10: NSGA3-greedy_ting-2P to RVEA-greedy_ting-HUX', 'Equivalence_Line_11: UNSGA3-greedy_ting-HUX to RVEA-greedy_ting-1P', 'Equivalence_Line_12: AGEMOEA2-random_dense-1P to RVEA-greedy_ting-2P', 'Equivalence_Line_13: NSGA3-greedy_ting-1P to SPEA2-greedy_multi-UX', 'Equivalence_Line_14: UNSGA3-greedy_ting-1P to AGEMOEA2-greedy_multi-HUX', 'Equivalence_Line_15: SMSEMOA-greedy_ting-UX to NSGA3-greedy_multi-UX', 'Equivalence_Line_16: SMSEMOA-greedy_ting-HUX to NSGA2-greedy_multi-1P', 'Equivalence_Line_17: SMSEMOA-random_dense-1P to NSGA3-greedy_multi-2P', 'Equivalence_Line_18: RVEA-random_dense-2P to NSGA3-greedy_multi-1P', 'Equivalence_Line_19: RVEA-random_dense-1P to SMSEMOA-greedy_multi-UX', 'Equivalence_Line_20: RVEA-random_dense-UX to SMSEMOA-greedy_multi-HUX', 'Equivalence_Line_21: RVEA-greedy_ting-HUX to SMSEMOA-greedy_multi-2P', 'Equivalence_Line_22: RVEA-greedy_ting-1P to SMSEMOA-greedy_multi-1P', 'Equivalence_Line_23: SPEA2-greedy_multi-HUX to RVEA-greedy_multi-1P']"
UNSGA3-random_dense-UX,0.47751848781695283,"['Equivalence_Line_1: NSGA2-random_dense-HUX to NSGA3-greedy_ting-UX', 'Equivalence_Line_2: NSGA2-greedy_ting-HUX to UNSGA3-greedy_ting-HUX', 'Equivalence_Line_3: UNSGA3-random_dense-UX to SMSEMOA-greedy_ting-1P', 'Equivalence_Line_4: NSGA2-greedy_ting-2P to UNSGA3-greedy_ting-1P', 'Equivalence_Line_5: NSGA2-random_dense-2P to SPEA2-greedy_ting-UX', 'Equivalence_Line_6: AGEMOEA2-greedy_ting-1P to SPEA2-greedy_ting-2P', 'Equivalence_Line_7: SPEA2-random_dense-UX to SMSEMOA-random_dense-1P', 'Equivalence_Line_8: UNSGA3-greedy_ting-2P to RVEA-random_dense-2P', 'Equivalence_Line_9: SMSEMOA-greedy_ting-2P to RVEA-random_dense-HUX', 'Equivalence_Line_10: NSGA3-greedy_ting-2P to RVEA-greedy_ting-HUX', 'Equivalence_Line_11: UNSGA3-greedy_ting-HUX to RVEA-greedy_ting-1P', 'Equivalence_Line_12: AGEMOEA2-random_dense-1P to RVEA-greedy_ting-2P', 'Equivalence_Line_13: NSGA3-greedy_ting-1P to SPEA2-greedy_multi-UX', 'Equivalence_Line_14: UNSGA3-greedy_ting-1P to AGEMOEA2-greedy_multi-HUX', 'Equivalence_Line_15: SMSEMOA-greedy_ting-UX to NSGA3-greedy_multi-UX', 'Equivalence_Line_16: SMSEMOA-greedy_ting-HUX to NSGA2-greedy_multi-1P', 'Equivalence_Line_17: SMSEMOA-random_dense-1P to NSGA3-greedy_multi-2P', 'Equivalence_Line_18: RVEA-random_dense-2P to NSGA3-greedy_multi-1P', 'Equivalence_Line_19: RVEA-random_dense-1P to SMSEMOA-greedy_multi-UX', 'Equivalence_Line_20: RVEA-random_dense-UX to SMSEMOA-greedy_multi-HUX', 'Equivalence_Line_21: RVEA-greedy_ting-HUX to SMSEMOA-greedy_multi-2P', 'Equivalence_Line_22: RVEA-greedy_ting-1P to SMSEMOA-greedy_multi-1P', 'Equivalence_Line_23: SPEA2-greedy_multi-HUX to RVEA-greedy_multi-1P']"
AGEMOEA2-random_dense-HUX,0.4774057702750159,"['Equivalence_Line_1: NSGA2-random_dense-HUX to NSGA3-greedy_ting-UX', 'Equivalence_Line_2: NSGA2-greedy_ting-HUX to UNSGA3-greedy_ting-HUX', 'Equivalence_Line_3: UNSGA3-random_dense-UX to SMSEMOA-greedy_ting-1P', 'Equivalence_Line_4: NSGA2-greedy_ting-2P to UNSGA3-greedy_ting-1P', 'Equivalence_Line_5: NSGA2-random_dense-2P to SPEA2-greedy_ting-UX', 'Equivalence_Line_6: AGEMOEA2-greedy_ting-1P to SPEA2-greedy_ting-2P', 'Equivalence_Line_7: SPEA2-random_dense-UX to SMSEMOA-random_dense-1P', 'Equivalence_Line_8: UNSGA3-greedy_ting-2P to RVEA-random_dense-2P', 'Equivalence_Line_9: SMSEMOA-greedy_ting-2P to RVEA-random_dense-HUX', 'Equivalence_Line_10: NSGA3-greedy_ting-2P to RVEA-greedy_ting-HUX', 'Equivalence_Line_11: UNSGA3-greedy_ting-HUX to RVEA-greedy_ting-1P', 'Equivalence_Line_12: AGEMOEA2-random_dense-1P to RVEA-greedy_ting-2P', 'Equivalence_Line_13: NSGA3-greedy_ting-1P to SPEA2-greedy_multi-UX', 'Equivalence_Line_14: UNSGA3-greedy_ting-1P to AGEMOEA2-greedy_multi-HUX', 'Equivalence_Line_15: SMSEMOA-greedy_ting-UX to NSGA3-greedy_multi-UX', 'Equivalence_Line_16: SMSEMOA-greedy_ting-HUX to NSGA2-greedy_multi-1P', 'Equivalence_Line_17: SMSEMOA-random_dense-1P to NSGA3-greedy_multi-2P', 'Equivalence_Line_18: RVEA-random_dense-2P to NSGA3-greedy_multi-1P', 'Equivalence_Line_19: RVEA-random_dense-1P to SMSEMOA-greedy_multi-UX', 'Equivalence_Line_20: RVEA-random_dense-UX to SMSEMOA-greedy_multi-HUX', 'Equivalence_Line_21: RVEA-greedy_ting-HUX to SMSEMOA-greedy_multi-2P', 'Equivalence_Line_22: RVEA-greedy_ting-1P to SMSEMOA-greedy_multi-1P', 'Equivalence_Line_23: SPEA2-greedy_multi-HUX to RVEA-greedy_multi-1P']"
NSGA3-random_dense-HUX,0.4774011940508867,"['Equivalence_Line_1: NSGA2-random_dense-HUX to NSGA3-greedy_ting-UX', 'Equivalence_Line_2: NSGA2-greedy_ting-HUX to UNSGA3-greedy_ting-HUX', 'Equivalence_Line_3: UNSGA3-random_dense-UX to SMSEMOA-greedy_ting-1P', 'Equivalence_Line_4: NSGA2-greedy_ting-2P to UNSGA3-greedy_ting-1P', 'Equivalence_Line_5: NSGA2-random_dense-2P to SPEA2-greedy_ting-UX', 'Equivalence_Line_6: AGEMOEA2-greedy_ting-1P to SPEA2-greedy_ting-2P', 'Equivalence_Line_7: SPEA2-random_dense-UX to SMSEMOA-random_dense-1P', 'Equivalence_Line_8: UNSGA3-greedy_ting-2P to RVEA-random_dense-2P', 'Equivalence_Line_9: SMSEMOA-greedy_ting-2P to RVEA-random_dense-HUX', 'Equivalence_Line_10: NSGA3-greedy_ting-2P to RVEA-greedy_ting-HUX', 'Equivalence_Line_11: UNSGA3-greedy_ting-HUX to RVEA-greedy_ting-1P', 'Equivalence_Line_12: AGEMOEA2-random_dense-1P to RVEA-greedy_ting-2P', 'Equivalence_Line_13: NSGA3-greedy_ting-1P to SPEA2-greedy_multi-UX', 'Equivalence_Line_14: UNSGA3-greedy_ting-1P to AGEMOEA2-greedy_multi-HUX', 'Equivalence_Line_15: SMSEMOA-greedy_ting-UX to NSGA3-greedy_multi-UX', 'Equivalence_Line_16: SMSEMOA-greedy_ting-HUX to NSGA2-greedy_multi-1P', 'Equivalence_Line_17: SMSEMOA-random_dense-1P to NSGA3-greedy_multi-2P', 'Equivalence_Line_18: RVEA-random_dense-2P to NSGA3-greedy_multi-1P', 'Equivalence_Line_19: RVEA-random_dense-1P to SMSEMOA-greedy_multi-UX', 'Equivalence_Line_20: RVEA-random_dense-UX to SMSEMOA-greedy_multi-HUX', 'Equivalence_Line_21: RVEA-greedy_ting-HUX to SMSEMOA-greedy_multi-2P', 'Equivalence_Line_22: RVEA-greedy_ting-1P to SMSEMOA-greedy_multi-1P', 'Equivalence_Line_23: SPEA2-greedy_multi-HUX to RVEA-greedy_multi-1P']"
UNSGA3-random_dense-HUX,0.47555175651247983,"['Equivalence_Line_1: NSGA2-random_dense-HUX to NSGA3-greedy_ting-UX', 'Equivalence_Line_2: NSGA2-greedy_ting-HUX to UNSGA3-greedy_ting-HUX', 'Equivalence_Line_3: UNSGA3-random_dense-UX to SMSEMOA-greedy_ting-1P', 'Equivalence_Line_4: NSGA2-greedy_ting-2P to UNSGA3-greedy_ting-1P', 'Equivalence_Line_5: NSGA2-random_dense-2P to SPEA2-greedy_ting-UX', 'Equivalence_Line_6: AGEMOEA2-greedy_ting-1P to SPEA2-greedy_ting-2P', 'Equivalence_Line_7: SPEA2-random_dense-UX to SMSEMOA-random_dense-1P', 'Equivalence_Line_8: UNSGA3-greedy_ting-2P to RVEA-random_dense-2P', 'Equivalence_Line_9: SMSEMOA-greedy_ting-2P to RVEA-random_dense-HUX', 'Equivalence_Line_10: NSGA3-greedy_ting-2P to RVEA-greedy_ting-HUX', 'Equivalence_Line_11: UNSGA3-greedy_ting-HUX to RVEA-greedy_ting-1P', 'Equivalence_Line_12: AGEMOEA2-random_dense-1P to RVEA-greedy_ting-2P', 'Equivalence_Line_13: NSGA3-greedy_ting-1P to SPEA2-greedy_multi-UX', 'Equivalence_Line_14: UNSGA3-greedy_ting-1P to AGEMOEA2-greedy_multi-HUX', 'Equivalence_Line_15: SMSEMOA-greedy_ting-UX to NSGA3-greedy_multi-UX', 'Equivalence_Line_16: SMSEMOA-greedy_ting-HUX to NSGA2-greedy_multi-1P', 'Equivalence_Line_17: SMSEMOA-random_dense-1P to NSGA3-greedy_multi-2P', 'Equivalence_Line_18: RVEA-random_dense-2P to NSGA3-greedy_multi-1P', 'Equivalence_Line_19: RVEA-random_dense-1P to SMSEMOA-greedy_multi-UX', 'Equivalence_Line_20: RVEA-random_dense-UX to SMSEMOA-greedy_multi-HUX', 'Equivalence_Line_21: RVEA-greedy_ting-HUX to SMSEMOA-greedy_multi-2P', 'Equivalence_Line_22: RVEA-greedy_ting-1P to SMSEMOA-greedy_multi-1P', 'Equivalence_Line_23: SPEA2-greedy_multi-HUX to RVEA-greedy_multi-1P']"
NSGA3-random_dense-UX,0.475014704326688,"['Equivalence_Line_1: NSGA2-random_dense-HUX to NSGA3-greedy_ting-UX', 'Equivalence_Line_2: NSGA2-greedy_ting-HUX to UNSGA3-greedy_ting-HUX', 'Equivalence_Line_3: UNSGA3-random_dense-UX to SMSEMOA-greedy_ting-1P', 'Equivalence_Line_4: NSGA2-greedy_ting-2P to UNSGA3-greedy_ting-1P', 'Equivalence_Line_5: NSGA2-random_dense-2P to SPEA2-greedy_ting-UX', 'Equivalence_Line_6: AGEMOEA2-greedy_ting-1P to SPEA2-greedy_ting-2P', 'Equivalence_Line_7: SPEA2-random_dense-UX to SMSEMOA-random_dense-1P', 'Equivalence_Line_8: UNSGA3-greedy_ting-2P to RVEA-random_dense-2P', 'Equivalence_Line_9: SMSEMOA-greedy_ting-2P to RVEA-random_dense-HUX', 'Equivalence_Line_10: NSGA3-greedy_ting-2P to RVEA-greedy_ting-HUX', 'Equivalence_Line_11: UNSGA3-greedy_ting-HUX to RVEA-greedy_ting-1P', 'Equivalence_Line_12: AGEMOEA2-random_dense-1P to RVEA-greedy_ting-2P', 'Equivalence_Line_13: NSGA3-greedy_ting-1P to SPEA2-greedy_multi-UX', 'Equivalence_Line_14: UNSGA3-greedy_ting-1P to AGEMOEA2-greedy_multi-HUX', 'Equivalence_Line_15: SMSEMOA-greedy_ting-UX to NSGA3-greedy_multi-UX', 'Equivalence_Line_16: SMSEMOA-greedy_ting-HUX to NSGA2-greedy_multi-1P', 'Equivalence_Line_17: SMSEMOA-random_dense-1P to NSGA3-greedy_multi-2P', 'Equivalence_Line_18: RVEA-random_dense-2P to NSGA3-greedy_multi-1P', 'Equivalence_Line_19: RVEA-random_dense-1P to SMSEMOA-greedy_multi-UX', 'Equivalence_Line_20: RVEA-random_dense-UX to SMSEMOA-greedy_multi-HUX', 'Equivalence_Line_21: RVEA-greedy_ting-HUX to SMSEMOA-greedy_multi-2P', 'Equivalence_Line_22: RVEA-greedy_ting-1P to SMSEMOA-greedy_multi-1P', 'Equivalence_Line_23: SPEA2-greedy_multi-HUX to RVEA-greedy_multi-1P']"
AGEMOEA2-random_dense-UX,0.4740480144944945,"['Equivalence_Line_1: NSGA2-random_dense-HUX to NSGA3-greedy_ting-UX', 'Equivalence_Line_2: NSGA2-greedy_ting-HUX to UNSGA3-greedy_ting-HUX', 'Equivalence_Line_3: UNSGA3-random_dense-UX to SMSEMOA-greedy_ting-1P', 'Equivalence_Line_4: NSGA2-greedy_ting-2P to UNSGA3-greedy_ting-1P', 'Equivalence_Line_5: NSGA2-random_dense-2P to SPEA2-greedy_ting-UX', 'Equivalence_Line_6: AGEMOEA2-greedy_ting-1P to SPEA2-greedy_ting-2P', 'Equivalence_Line_7: SPEA2-random_dense-UX to SMSEMOA-random_dense-1P', 'Equivalence_Line_8: UNSGA3-greedy_ting-2P to RVEA-random_dense-2P', 'Equivalence_Line_9: SMSEMOA-greedy_ting-2P to RVEA-random_dense-HUX', 'Equivalence_Line_10: NSGA3-greedy_ting-2P to RVEA-greedy_ting-HUX', 'Equivalence_Line_11: UNSGA3-greedy_ting-HUX to RVEA-greedy_ting-1P', 'Equivalence_Line_12: AGEMOEA2-random_dense-1P to RVEA-greedy_ting-2P', 'Equivalence_Line_13: NSGA3-greedy_ting-1P to SPEA2-greedy_multi-UX', 'Equivalence_Line_14: UNSGA3-greedy_ting-1P to AGEMOEA2-greedy_multi-HUX', 'Equivalence_Line_15: SMSEMOA-greedy_ting-UX to NSGA3-greedy_multi-UX', 'Equivalence_Line_16: SMSEMOA-greedy_ting-HUX to NSGA2-greedy_multi-1P', 'Equivalence_Line_17: SMSEMOA-random_dense-1P to NSGA3-greedy_multi-2P', 'Equivalence_Line_18: RVEA-random_dense-2P to NSGA3-greedy_multi-1P', 'Equivalence_Line_19: RVEA-random_dense-1P to SMSEMOA-greedy_multi-UX', 'Equivalence_Line_20: RVEA-random_dense-UX to SMSEMOA-greedy_multi-HUX', 'Equivalence_Line_21: RVEA-greedy_ting-HUX to SMSEMOA-greedy_multi-2P', 'Equivalence_Line_22: RVEA-greedy_ting-1P to SMSEMOA-greedy_multi-1P', 'Equivalence_Line_23: SPEA2-greedy_multi-HUX to RVEA-greedy_multi-1P']"
NSGA2-greedy_ting-2P,0.46477791505879884,"['Equivalence_Line_1: NSGA2-random_dense-HUX to NSGA3-greedy_ting-UX', 'Equivalence_Line_2: NSGA2-greedy_ting-HUX to UNSGA3-greedy_ting-HUX', 'Equivalence_Line_3: UNSGA3-random_dense-UX to SMSEMOA-greedy_ting-1P', 'Equivalence_Line_4: NSGA2-greedy_ting-2P to UNSGA3-greedy_ting-1P', 'Equivalence_Line_5: NSGA2-random_dense-2P to SPEA2-greedy_ting-UX', 'Equivalence_Line_6: AGEMOEA2-greedy_ting-1P to SPEA2-greedy_ting-2P', 'Equivalence_Line_7: SPEA2-random_dense-UX to SMSEMOA-random_dense-1P', 'Equivalence_Line_8: UNSGA3-greedy_ting-2P to RVEA-random_dense-2P', 'Equivalence_Line_9: SMSEMOA-greedy_ting-2P to RVEA-random_dense-HUX', 'Equivalence_Line_10: NSGA3-greedy_ting-2P to RVEA-greedy_ting-HUX', 'Equivalence_Line_11: UNSGA3-greedy_ting-HUX to RVEA-greedy_ting-1P', 'Equivalence_Line_12: AGEMOEA2-random_dense-1P to RVEA-greedy_ting-2P', 'Equivalence_Line_13: NSGA3-greedy_ting-1P to SPEA2-greedy_multi-UX', 'Equivalence_Line_14: UNSGA3-greedy_ting-1P to AGEMOEA2-greedy_multi-HUX', 'Equivalence_Line_15: SMSEMOA-greedy_ting-UX to NSGA3-greedy_multi-UX', 'Equivalence_Line_16: SMSEMOA-greedy_ting-HUX to NSGA2-greedy_multi-1P', 'Equivalence_Line_17: SMSEMOA-random_dense-1P to NSGA3-greedy_multi-2P', 'Equivalence_Line_18: RVEA-random_dense-2P to NSGA3-greedy_multi-1P', 'Equivalence_Line_19: RVEA-random_dense-1P to SMSEMOA-greedy_multi-UX', 'Equivalence_Line_20: RVEA-random_dense-UX to SMSEMOA-greedy_multi-HUX', 'Equivalence_Line_21: RVEA-greedy_ting-HUX to SMSEMOA-greedy_multi-2P', 'Equivalence_Line_22: RVEA-greedy_ting-1P to SMSEMOA-greedy_multi-1P', 'Equivalence_Line_23: SPEA2-greedy_multi-HUX to RVEA-greedy_multi-1P']"
AGEMOEA2-greedy_ting-2P,0.46042534247906547,"['Equivalence_Line_1: NSGA2-random_dense-HUX to NSGA3-greedy_ting-UX', 'Equivalence_Line_2: NSGA2-greedy_ting-HUX to UNSGA3-greedy_ting-HUX', 'Equivalence_Line_3: UNSGA3-random_dense-UX to SMSEMOA-greedy_ting-1P', 'Equivalence_Line_4: NSGA2-greedy_ting-2P to UNSGA3-greedy_ting-1P', 'Equivalence_Line_5: NSGA2-random_dense-2P to SPEA2-greedy_ting-UX', 'Equivalence_Line_6: AGEMOEA2-greedy_ting-1P to SPEA2-greedy_ting-2P', 'Equivalence_Line_7: SPEA2-random_dense-UX to SMSEMOA-random_dense-1P', 'Equivalence_Line_8: UNSGA3-greedy_ting-2P to RVEA-random_dense-2P', 'Equivalence_Line_9: SMSEMOA-greedy_ting-2P to RVEA-random_dense-HUX', 'Equivalence_Line_10: NSGA3-greedy_ting-2P to RVEA-greedy_ting-HUX', 'Equivalence_Line_11: UNSGA3-greedy_ting-HUX to RVEA-greedy_ting-1P', 'Equivalence_Line_12: AGEMOEA2-random_dense-1P to RVEA-greedy_ting-2P', 'Equivalence_Line_13: NSGA3-greedy_ting-1P to SPEA2-greedy_multi-UX', 'Equivalence_Line_14: UNSGA3-greedy_ting-1P to AGEMOEA2-greedy_multi-HUX', 'Equivalence_Line_15: SMSEMOA-greedy_ting-UX to NSGA3-greedy_multi-UX', 'Equivalence_Line_16: SMSEMOA-greedy_ting-HUX to NSGA2-greedy_multi-1P', 'Equivalence_Line_17: SMSEMOA-random_dense-1P to NSGA3-greedy_multi-2P', 'Equivalence_Line_18: RVEA-random_dense-2P to NSGA3-greedy_multi-1P', 'Equivalence_Line_19: RVEA-random_dense-1P to SMSEMOA-greedy_multi-UX', 'Equivalence_Line_20: RVEA-random_dense-UX to SMSEMOA-greedy_multi-HUX', 'Equivalence_Line_21: RVEA-greedy_ting-HUX to SMSEMOA-greedy_multi-2P', 'Equivalence_Line_22: RVEA-greedy_ting-1P to SMSEMOA-greedy_multi-1P', 'Equivalence_Line_23: SPEA2-greedy_multi-HUX to RVEA-greedy_multi-1P']"
NSGA2-random_dense-2P,0.45327272990887346,"['Equivalence_Line_1: NSGA2-random_dense-HUX to NSGA3-greedy_ting-UX', 'Equivalence_Line_2: NSGA2-greedy_ting-HUX to UNSGA3-greedy_ting-HUX', 'Equivalence_Line_3: UNSGA3-random_dense-UX to SMSEMOA-greedy_ting-1P', 'Equivalence_Line_4: NSGA2-greedy_ting-2P to UNSGA3-greedy_ting-1P', 'Equivalence_Line_5: NSGA2-random_dense-2P to SPEA2-greedy_ting-UX', 'Equivalence_Line_6: AGEMOEA2-greedy_ting-1P to SPEA2-greedy_ting-2P', 'Equivalence_Line_7: SPEA2-random_dense-UX to SMSEMOA-random_dense-1P', 'Equivalence_Line_8: UNSGA3-greedy_ting-2P to RVEA-random_dense-2P', 'Equivalence_Line_9: SMSEMOA-greedy_ting-2P to RVEA-random_dense-HUX', 'Equivalence_Line_10: NSGA3-greedy_ting-2P to RVEA-greedy_ting-HUX', 'Equivalence_Line_11: UNSGA3-greedy_ting-HUX to RVEA-greedy_ting-1P', 'Equivalence_Line_12: AGEMOEA2-random_dense-1P to RVEA-greedy_ting-2P', 'Equivalence_Line_13: NSGA3-greedy_ting-1P to SPEA2-greedy_multi-UX', 'Equivalence_Line_14: UNSGA3-greedy_ting-1P to AGEMOEA2-greedy_multi-HUX', 'Equivalence_Line_15: SMSEMOA-greedy_ting-UX to NSGA3-greedy_multi-UX', 'Equivalence_Line_16: SMSEMOA-greedy_ting-HUX to NSGA2-greedy_multi-1P', 'Equivalence_Line_17: SMSEMOA-random_dense-1P to NSGA3-greedy_multi-2P', 'Equivalence_Line_18: RVEA-random_dense-2P to NSGA3-greedy_multi-1P', 'Equivalence_Line_19: RVEA-random_dense-1P to SMSEMOA-greedy_multi-UX', 'Equivalence_Line_20: RVEA-random_dense-UX to SMSEMOA-greedy_multi-HUX', 'Equivalence_Line_21: RVEA-greedy_ting-HUX to SMSEMOA-greedy_multi-2P', 'Equivalence_Line_22: RVEA-greedy_ting-1P to SMSEMOA-greedy_multi-1P', 'Equivalence_Line_23: SPEA2-greedy_multi-HUX to RVEA-greedy_multi-1P']"
NSGA2-greedy_ting-1P,0.4482263222969837,"['Equivalence_Line_1: NSGA2-random_dense-HUX to NSGA3-greedy_ting-UX', 'Equivalence_Line_2: NSGA2-greedy_ting-HUX to UNSGA3-greedy_ting-HUX', 'Equivalence_Line_3: UNSGA3-random_dense-UX to SMSEMOA-greedy_ting-1P', 'Equivalence_Line_4: NSGA2-greedy_ting-2P to UNSGA3-greedy_ting-1P', 'Equivalence_Line_5: NSGA2-random_dense-2P to SPEA2-greedy_ting-UX', 'Equivalence_Line_6: AGEMOEA2-greedy_ting-1P to SPEA2-greedy_ting-2P', 'Equivalence_Line_7: SPEA2-random_dense-UX to SMSEMOA-random_dense-1P', 'Equivalence_Line_8: UNSGA3-greedy_ting-2P to RVEA-random_dense-2P', 'Equivalence_Line_9: SMSEMOA-greedy_ting-2P to RVEA-random_dense-HUX', 'Equivalence_Line_10: NSGA3-greedy_ting-2P to RVEA-greedy_ting-HUX', 'Equivalence_Line_11: UNSGA3-greedy_ting-HUX to RVEA-greedy_ting-1P', 'Equivalence_Line_12: AGEMOEA2-random_dense-1P to RVEA-greedy_ting-2P', 'Equivalence_Line_13: NSGA3-greedy_ting-1P to SPEA2-greedy_multi-UX', 'Equivalence_Line_14: UNSGA3-greedy_ting-1P to AGEMOEA2-greedy_multi-HUX', 'Equivalence_Line_15: SMSEMOA-greedy_ting-UX to NSGA3-greedy_multi-UX', 'Equivalence_Line_16: SMSEMOA-greedy_ting-HUX to NSGA2-greedy_multi-1P', 'Equivalence_Line_17: SMSEMOA-random_dense-1P to NSGA3-greedy_multi-2P', 'Equivalence_Line_18: RVEA-random_dense-2P to NSGA3-greedy_multi-1P', 'Equivalence_Line_19: RVEA-random_dense-1P to SMSEMOA-greedy_multi-UX', 'Equivalence_Line_20: RVEA-random_dense-UX to SMSEMOA-greedy_multi-HUX', 'Equivalence_Line_21: RVEA-greedy_ting-HUX to SMSEMOA-greedy_multi-2P', 'Equivalence_Line_22: RVEA-greedy_ting-1P to SMSEMOA-greedy_multi-1P', 'Equivalence_Line_23: SPEA2-greedy_multi-HUX to RVEA-greedy_multi-1P']"
AGEMOEA2-greedy_ting-1P,0.4465639831662445,"['Equivalence_Line_1: NSGA2-random_dense-HUX to NSGA3-greedy_ting-UX', 'Equivalence_Line_2: NSGA2-greedy_ting-HUX to UNSGA3-greedy_ting-HUX', 'Equivalence_Line_3: UNSGA3-random_dense-UX to SMSEMOA-greedy_ting-1P', 'Equivalence_Line_4: NSGA2-greedy_ting-2P to UNSGA3-greedy_ting-1P', 'Equivalence_Line_5: NSGA2-random_dense-2P to SPEA2-greedy_ting-UX', 'Equivalence_Line_6: AGEMOEA2-greedy_ting-1P to SPEA2-greedy_ting-2P', 'Equivalence_Line_7: SPEA2-random_dense-UX to SMSEMOA-random_dense-1P', 'Equivalence_Line_8: UNSGA3-greedy_ting-2P to RVEA-random_dense-2P', 'Equivalence_Line_9: SMSEMOA-greedy_ting-2P to RVEA-random_dense-HUX', 'Equivalence_Line_10: NSGA3-greedy_ting-2P to RVEA-greedy_ting-HUX', 'Equivalence_Line_11: UNSGA3-greedy_ting-HUX to RVEA-greedy_ting-1P', 'Equivalence_Line_12: AGEMOEA2-random_dense-1P to RVEA-greedy_ting-2P', 'Equivalence_Line_13: NSGA3-greedy_ting-1P to SPEA2-greedy_multi-UX', 'Equivalence_Line_14: UNSGA3-greedy_ting-1P to AGEMOEA2-greedy_multi-HUX', 'Equivalence_Line_15: SMSEMOA-greedy_ting-UX to NSGA3-greedy_multi-UX', 'Equivalence_Line_16: SMSEMOA-greedy_ting-HUX to NSGA2-greedy_multi-1P', 'Equivalence_Line_17: SMSEMOA-random_dense-1P to NSGA3-greedy_multi-2P', 'Equivalence_Line_18: RVEA-random_dense-2P to NSGA3-greedy_multi-1P', 'Equivalence_Line_19: RVEA-random_dense-1P to SMSEMOA-greedy_multi-UX', 'Equivalence_Line_20: RVEA-random_dense-UX to SMSEMOA-greedy_multi-HUX', 'Equivalence_Line_21: RVEA-greedy_ting-HUX to SMSEMOA-greedy_multi-2P', 'Equivalence_Line_22: RVEA-greedy_ting-1P to SMSEMOA-greedy_multi-1P', 'Equivalence_Line_23: SPEA2-greedy_multi-HUX to RVEA-greedy_multi-1P']"
AGEMOEA2-random_dense-2P,0.4419399955786456,"['Equivalence_Line_1: NSGA2-random_dense-HUX to NSGA3-greedy_ting-UX', 'Equivalence_Line_2: NSGA2-greedy_ting-HUX to UNSGA3-greedy_ting-HUX', 'Equivalence_Line_3: UNSGA3-random_dense-UX to SMSEMOA-greedy_ting-1P', 'Equivalence_Line_4: NSGA2-greedy_ting-2P to UNSGA3-greedy_ting-1P', 'Equivalence_Line_5: NSGA2-random_dense-2P to SPEA2-greedy_ting-UX', 'Equivalence_Line_6: AGEMOEA2-greedy_ting-1P to SPEA2-greedy_ting-2P', 'Equivalence_Line_7: SPEA2-random_dense-UX to SMSEMOA-random_dense-1P', 'Equivalence_Line_8: UNSGA3-greedy_ting-2P to RVEA-random_dense-2P', 'Equivalence_Line_9: SMSEMOA-greedy_ting-2P to RVEA-random_dense-HUX', 'Equivalence_Line_10: NSGA3-greedy_ting-2P to RVEA-greedy_ting-HUX', 'Equivalence_Line_11: UNSGA3-greedy_ting-HUX to RVEA-greedy_ting-1P', 'Equivalence_Line_12: AGEMOEA2-random_dense-1P to RVEA-greedy_ting-2P', 'Equivalence_Line_13: NSGA3-greedy_ting-1P to SPEA2-greedy_multi-UX', 'Equivalence_Line_14: UNSGA3-greedy_ting-1P to AGEMOEA2-greedy_multi-HUX', 'Equivalence_Line_15: SMSEMOA-greedy_ting-UX to NSGA3-greedy_multi-UX', 'Equivalence_Line_16: SMSEMOA-greedy_ting-HUX to NSGA2-greedy_multi-1P', 'Equivalence_Line_17: SMSEMOA-random_dense-1P to NSGA3-greedy_multi-2P', 'Equivalence_Line_18: RVEA-random_dense-2P to NSGA3-greedy_multi-1P', 'Equivalence_Line_19: RVEA-random_dense-1P to SMSEMOA-greedy_multi-UX', 'Equivalence_Line_20: RVEA-random_dense-UX to SMSEMOA-greedy_multi-HUX', 'Equivalence_Line_21: RVEA-greedy_ting-HUX to SMSEMOA-greedy_multi-2P', 'Equivalence_Line_22: RVEA-greedy_ting-1P to SMSEMOA-greedy_multi-1P', 'Equivalence_Line_23: SPEA2-greedy_multi-HUX to RVEA-greedy_multi-1P']"
SPEA2-random_dense-HUX,0.4308892536345118,"['Equivalence_Line_1: NSGA2-random_dense-HUX to NSGA3-greedy_ting-UX', 'Equivalence_Line_2: NSGA2-greedy_ting-HUX to UNSGA3-greedy_ting-HUX', 'Equivalence_Line_3: UNSGA3-random_dense-UX to SMSEMOA-greedy_ting-1P', 'Equivalence_Line_4: NSGA2-greedy_ting-2P to UNSGA3-greedy_ting-1P', 'Equivalence_Line_5: NSGA2-random_dense-2P to SPEA2-greedy_ting-UX', 'Equivalence_Line_6: AGEMOEA2-greedy_ting-1P to SPEA2-greedy_ting-2P', 'Equivalence_Line_7: SPEA2-random_dense-UX to SMSEMOA-random_dense-1P', 'Equivalence_Line_8: UNSGA3-greedy_ting-2P to RVEA-random_dense-2P', 'Equivalence_Line_9: SMSEMOA-greedy_ting-2P to RVEA-random_dense-HUX', 'Equivalence_Line_10: NSGA3-greedy_ting-2P to RVEA-greedy_ting-HUX', 'Equivalence_Line_11: UNSGA3-greedy_ting-HUX to RVEA-greedy_ting-1P', 'Equivalence_Line_12: AGEMOEA2-random_dense-1P to RVEA-greedy_ting-2P', 'Equivalence_Line_13: NSGA3-greedy_ting-1P to SPEA2-greedy_multi-UX', 'Equivalence_Line_14: UNSGA3-greedy_ting-1P to AGEMOEA2-greedy_multi-HUX', 'Equivalence_Line_15: SMSEMOA-greedy_ting-UX to NSGA3-greedy_multi-UX', 'Equivalence_Line_16: SMSEMOA-greedy_ting-HUX to NSGA2-greedy_multi-1P', 'Equivalence_Line_17: SMSEMOA-random_dense-1P to NSGA3-greedy_multi-2P', 'Equivalence_Line_18: RVEA-random_dense-2P to NSGA3-greedy_multi-1P', 'Equivalence_Line_19: RVEA-random_dense-1P to SMSEMOA-greedy_multi-UX', 'Equivalence_Line_20: RVEA-random_dense-UX to SMSEMOA-greedy_multi-HUX', 'Equivalence_Line_21: RVEA-greedy_ting-HUX to SMSEMOA-greedy_multi-2P', 'Equivalence_Line_22: RVEA-greedy_ting-1P to SMSEMOA-greedy_multi-1P', 'Equivalence_Line_23: SPEA2-greedy_multi-HUX to RVEA-greedy_multi-1P']"
SPEA2-random_dense-UX,0.42772903099424425,"['Equivalence_Line_1: NSGA2-random_dense-HUX to NSGA3-greedy_ting-UX', 'Equivalence_Line_2: NSGA2-greedy_ting-HUX to UNSGA3-greedy_ting-HUX', 'Equivalence_Line_3: UNSGA3-random_dense-UX to SMSEMOA-greedy_ting-1P', 'Equivalence_Line_4: NSGA2-greedy_ting-2P to UNSGA3-greedy_ting-1P', 'Equivalence_Line_5: NSGA2-random_dense-2P to SPEA2-greedy_ting-UX', 'Equivalence_Line_6: AGEMOEA2-greedy_ting-1P to SPEA2-greedy_ting-2P', 'Equivalence_Line_7: SPEA2-random_dense-UX to SMSEMOA-random_dense-1P', 'Equivalence_Line_8: UNSGA3-greedy_ting-2P to RVEA-random_dense-2P', 'Equivalence_Line_9: SMSEMOA-greedy_ting-2P to RVEA-random_dense-HUX', 'Equivalence_Line_10: NSGA3-greedy_ting-2P to RVEA-greedy_ting-HUX', 'Equivalence_Line_11: UNSGA3-greedy_ting-HUX to RVEA-greedy_ting-1P', 'Equivalence_Line_12: AGEMOEA2-random_dense-1P to RVEA-greedy_ting-2P', 'Equivalence_Line_13: NSGA3-greedy_ting-1P to SPEA2-greedy_multi-UX', 'Equivalence_Line_14: UNSGA3-greedy_ting-1P to AGEMOEA2-greedy_multi-HUX', 'Equivalence_Line_15: SMSEMOA-greedy_ting-UX to NSGA3-greedy_multi-UX', 'Equivalence_Line_16: SMSEMOA-greedy_ting-HUX to NSGA2-greedy_multi-1P', 'Equivalence_Line_17: SMSEMOA-random_dense-1P to NSGA3-greedy_multi-2P', 'Equivalence_Line_18: RVEA-random_dense-2P to NSGA3-greedy_multi-1P', 'Equivalence_Line_19: RVEA-random_dense-1P to SMSEMOA-greedy_multi-UX', 'Equivalence_Line_20: RVEA-random_dense-UX to SMSEMOA-greedy_multi-HUX', 'Equivalence_Line_21: RVEA-greedy_ting-HUX to SMSEMOA-greedy_multi-2P', 'Equivalence_Line_22: RVEA-greedy_ting-1P to SMSEMOA-greedy_multi-1P', 'Equivalence_Line_23: SPEA2-greedy_multi-HUX to RVEA-greedy_multi-1P']"
AGEMOEA2-greedy_ting-HUX,0.425428326479092,"['Equivalence_Line_1: NSGA2-random_dense-HUX to NSGA3-greedy_ting-UX', 'Equivalence_Line_2: NSGA2-greedy_ting-HUX to UNSGA3-greedy_ting-HUX', 'Equivalence_Line_3: UNSGA3-random_dense-UX to SMSEMOA-greedy_ting-1P', 'Equivalence_Line_4: NSGA2-greedy_ting-2P to UNSGA3-greedy_ting-1P', 'Equivalence_Line_5: NSGA2-random_dense-2P to SPEA2-greedy_ting-UX', 'Equivalence_Line_6: AGEMOEA2-greedy_ting-1P to SPEA2-greedy_ting-2P', 'Equivalence_Line_7: SPEA2-random_dense-UX to SMSEMOA-random_dense-1P', 'Equivalence_Line_8: UNSGA3-greedy_ting-2P to RVEA-random_dense-2P', 'Equivalence_Line_9: SMSEMOA-greedy_ting-2P to RVEA-random_dense-HUX', 'Equivalence_Line_10: NSGA3-greedy_ting-2P to RVEA-greedy_ting-HUX', 'Equivalence_Line_11: UNSGA3-greedy_ting-HUX to RVEA-greedy_ting-1P', 'Equivalence_Line_12: AGEMOEA2-random_dense-1P to RVEA-greedy_ting-2P', 'Equivalence_Line_13: NSGA3-greedy_ting-1P to SPEA2-greedy_multi-UX', 'Equivalence_Line_14: UNSGA3-greedy_ting-1P to AGEMOEA2-greedy_multi-HUX', 'Equivalence_Line_15: SMSEMOA-greedy_ting-UX to NSGA3-greedy_multi-UX', 'Equivalence_Line_16: SMSEMOA-greedy_ting-HUX to NSGA2-greedy_multi-1P', 'Equivalence_Line_17: SMSEMOA-random_dense-1P to NSGA3-greedy_multi-2P', 'Equivalence_Line_18: RVEA-random_dense-2P to NSGA3-greedy_multi-1P', 'Equivalence_Line_19: RVEA-random_dense-1P to SMSEMOA-greedy_multi-UX', 'Equivalence_Line_20: RVEA-random_dense-UX to SMSEMOA-greedy_multi-HUX', 'Equivalence_Line_21: RVEA-greedy_ting-HUX to SMSEMOA-greedy_multi-2P', 'Equivalence_Line_22: RVEA-greedy_ting-1P to SMSEMOA-greedy_multi-1P', 'Equivalence_Line_23: SPEA2-greedy_multi-HUX to RVEA-greedy_multi-1P']"
AGEMOEA2-greedy_ting-UX,0.4252737206181319,"['Equivalence_Line_1: NSGA2-random_dense-HUX to NSGA3-greedy_ting-UX', 'Equivalence_Line_2: NSGA2-greedy_ting-HUX to UNSGA3-greedy_ting-HUX', 'Equivalence_Line_3: UNSGA3-random_dense-UX to SMSEMOA-greedy_ting-1P', 'Equivalence_Line_4: NSGA2-greedy_ting-2P to UNSGA3-greedy_ting-1P', 'Equivalence_Line_5: NSGA2-random_dense-2P to SPEA2-greedy_ting-UX', 'Equivalence_Line_6: AGEMOEA2-greedy_ting-1P to SPEA2-greedy_ting-2P', 'Equivalence_Line_7: SPEA2-random_dense-UX to SMSEMOA-random_dense-1P', 'Equivalence_Line_8: UNSGA3-greedy_ting-2P to RVEA-random_dense-2P', 'Equivalence_Line_9: SMSEMOA-greedy_ting-2P to RVEA-random_dense-HUX', 'Equivalence_Line_10: NSGA3-greedy_ting-2P to RVEA-greedy_ting-HUX', 'Equivalence_Line_11: UNSGA3-greedy_ting-HUX to RVEA-greedy_ting-1P', 'Equivalence_Line_12: AGEMOEA2-random_dense-1P to RVEA-greedy_ting-2P', 'Equivalence_Line_13: NSGA3-greedy_ting-1P to SPEA2-greedy_multi-UX', 'Equivalence_Line_14: UNSGA3-greedy_ting-1P to AGEMOEA2-greedy_multi-HUX', 'Equivalence_Line_15: SMSEMOA-greedy_ting-UX to NSGA3-greedy_multi-UX', 'Equivalence_Line_16: SMSEMOA-greedy_ting-HUX to NSGA2-greedy_multi-1P', 'Equivalence_Line_17: SMSEMOA-random_dense-1P to NSGA3-greedy_multi-2P', 'Equivalence_Line_18: RVEA-random_dense-2P to NSGA3-greedy_multi-1P', 'Equivalence_Line_19: RVEA-random_dense-1P to SMSEMOA-greedy_multi-UX', 'Equivalence_Line_20: RVEA-random_dense-UX to SMSEMOA-greedy_multi-HUX', 'Equivalence_Line_21: RVEA-greedy_ting-HUX to SMSEMOA-greedy_multi-2P', 'Equivalence_Line_22: RVEA-greedy_ting-1P to SMSEMOA-greedy_multi-1P', 'Equivalence_Line_23: SPEA2-greedy_multi-HUX to RVEA-greedy_multi-1P']"
NSGA2-random_dense-1P,0.42446996015824295,"['Equivalence_Line_1: NSGA2-random_dense-HUX to NSGA3-greedy_ting-UX', 'Equivalence_Line_2: NSGA2-greedy_ting-HUX to UNSGA3-greedy_ting-HUX', 'Equivalence_Line_3: UNSGA3-random_dense-UX to SMSEMOA-greedy_ting-1P', 'Equivalence_Line_4: NSGA2-greedy_ting-2P to UNSGA3-greedy_ting-1P', 'Equivalence_Line_5: NSGA2-random_dense-2P to SPEA2-greedy_ting-UX', 'Equivalence_Line_6: AGEMOEA2-greedy_ting-1P to SPEA2-greedy_ting-2P', 'Equivalence_Line_7: SPEA2-random_dense-UX to SMSEMOA-random_dense-1P', 'Equivalence_Line_8: UNSGA3-greedy_ting-2P to RVEA-random_dense-2P', 'Equivalence_Line_9: SMSEMOA-greedy_ting-2P to RVEA-random_dense-HUX', 'Equivalence_Line_10: NSGA3-greedy_ting-2P to RVEA-greedy_ting-HUX', 'Equivalence_Line_11: UNSGA3-greedy_ting-HUX to RVEA-greedy_ting-1P', 'Equivalence_Line_12: AGEMOEA2-random_dense-1P to RVEA-greedy_ting-2P', 'Equivalence_Line_13: NSGA3-greedy_ting-1P to SPEA2-greedy_multi-UX', 'Equivalence_Line_14: UNSGA3-greedy_ting-1P to AGEMOEA2-greedy_multi-HUX', 'Equivalence_Line_15: SMSEMOA-greedy_ting-UX to NSGA3-greedy_multi-UX', 'Equivalence_Line_16: SMSEMOA-greedy_ting-HUX to NSGA2-greedy_multi-1P', 'Equivalence_Line_17: SMSEMOA-random_dense-1P to NSGA3-greedy_multi-2P', 'Equivalence_Line_18: RVEA-random_dense-2P to NSGA3-greedy_multi-1P', 'Equivalence_Line_19: RVEA-random_dense-1P to SMSEMOA-greedy_multi-UX', 'Equivalence_Line_20: RVEA-random_dense-UX to SMSEMOA-greedy_multi-HUX', 'Equivalence_Line_21: RVEA-greedy_ting-HUX to SMSEMOA-greedy_multi-2P', 'Equivalence_Line_22: RVEA-greedy_ting-1P to SMSEMOA-greedy_multi-1P', 'Equivalence_Line_23: SPEA2-greedy_multi-HUX to RVEA-greedy_multi-1P']"
UNSGA3-greedy_ting-2P,0.42269797855466806,"['Equivalence_Line_1: NSGA2-random_dense-HUX to NSGA3-greedy_ting-UX', 'Equivalence_Line_2: NSGA2-greedy_ting-HUX to UNSGA3-greedy_ting-HUX', 'Equivalence_Line_3: UNSGA3-random_dense-UX to SMSEMOA-greedy_ting-1P', 'Equivalence_Line_4: NSGA2-greedy_ting-2P to UNSGA3-greedy_ting-1P', 'Equivalence_Line_5: NSGA2-random_dense-2P to SPEA2-greedy_ting-UX', 'Equivalence_Line_6: AGEMOEA2-greedy_ting-1P to SPEA2-greedy_ting-2P', 'Equivalence_Line_7: SPEA2-random_dense-UX to SMSEMOA-random_dense-1P', 'Equivalence_Line_8: UNSGA3-greedy_ting-2P to RVEA-random_dense-2P', 'Equivalence_Line_9: SMSEMOA-greedy_ting-2P to RVEA-random_dense-HUX', 'Equivalence_Line_10: NSGA3-greedy_ting-2P to RVEA-greedy_ting-HUX', 'Equivalence_Line_11: UNSGA3-greedy_ting-HUX to RVEA-greedy_ting-1P', 'Equivalence_Line_12: AGEMOEA2-random_dense-1P to RVEA-greedy_ting-2P', 'Equivalence_Line_13: NSGA3-greedy_ting-1P to SPEA2-greedy_multi-UX', 'Equivalence_Line_14: UNSGA3-greedy_ting-1P to AGEMOEA2-greedy_multi-HUX', 'Equivalence_Line_15: SMSEMOA-greedy_ting-UX to NSGA3-greedy_multi-UX', 'Equivalence_Line_16: SMSEMOA-greedy_ting-HUX to NSGA2-greedy_multi-1P', 'Equivalence_Line_17: SMSEMOA-random_dense-1P to NSGA3-greedy_multi-2P', 'Equivalence_Line_18: RVEA-random_dense-2P to NSGA3-greedy_multi-1P', 'Equivalence_Line_19: RVEA-random_dense-1P to SMSEMOA-greedy_multi-UX', 'Equivalence_Line_20: RVEA-random_dense-UX to SMSEMOA-greedy_multi-HUX', 'Equivalence_Line_21: RVEA-greedy_ting-HUX to SMSEMOA-greedy_multi-2P', 'Equivalence_Line_22: RVEA-greedy_ting-1P to SMSEMOA-greedy_multi-1P', 'Equivalence_Line_23: SPEA2-greedy_multi-HUX to RVEA-greedy_multi-1P']"
SMSEMOA-greedy_ting-2P,0.42069653462326195,"['Equivalence_Line_1: NSGA2-random_dense-HUX to NSGA3-greedy_ting-UX', 'Equivalence_Line_2: NSGA2-greedy_ting-HUX to UNSGA3-greedy_ting-HUX', 'Equivalence_Line_3: UNSGA3-random_dense-UX to SMSEMOA-greedy_ting-1P', 'Equivalence_Line_4: NSGA2-greedy_ting-2P to UNSGA3-greedy_ting-1P', 'Equivalence_Line_5: NSGA2-random_dense-2P to SPEA2-greedy_ting-UX', 'Equivalence_Line_6: AGEMOEA2-greedy_ting-1P to SPEA2-greedy_ting-2P', 'Equivalence_Line_7: SPEA2-random_dense-UX to SMSEMOA-random_dense-1P', 'Equivalence_Line_8: UNSGA3-greedy_ting-2P to RVEA-random_dense-2P', 'Equivalence_Line_9: SMSEMOA-greedy_ting-2P to RVEA-random_dense-HUX', 'Equivalence_Line_10: NSGA3-greedy_ting-2P to RVEA-greedy_ting-HUX', 'Equivalence_Line_11: UNSGA3-greedy_ting-HUX to RVEA-greedy_ting-1P', 'Equivalence_Line_12: AGEMOEA2-random_dense-1P to RVEA-greedy_ting-2P', 'Equivalence_Line_13: NSGA3-greedy_ting-1P to SPEA2-greedy_multi-UX', 'Equivalence_Line_14: UNSGA3-greedy_ting-1P to AGEMOEA2-greedy_multi-HUX', 'Equivalence_Line_15: SMSEMOA-greedy_ting-UX to NSGA3-greedy_multi-UX', 'Equivalence_Line_16: SMSEMOA-greedy_ting-HUX to NSGA2-greedy_multi-1P', 'Equivalence_Line_17: SMSEMOA-random_dense-1P to NSGA3-greedy_multi-2P', 'Equivalence_Line_18: RVEA-random_dense-2P to NSGA3-greedy_multi-1P', 'Equivalence_Line_19: RVEA-random_dense-1P to SMSEMOA-greedy_multi-UX', 'Equivalence_Line_20: RVEA-random_dense-UX to SMSEMOA-greedy_multi-HUX', 'Equivalence_Line_21: RVEA-greedy_ting-HUX to SMSEMOA-greedy_multi-2P', 'Equivalence_Line_22: RVEA-greedy_ting-1P to SMSEMOA-greedy_multi-1P', 'Equivalence_Line_23: SPEA2-greedy_multi-HUX to RVEA-greedy_multi-1P']"
UNSGA3-random_dense-2P,0.4201064595240525,"['Equivalence_Line_1: NSGA2-random_dense-HUX to NSGA3-greedy_ting-UX', 'Equivalence_Line_2: NSGA2-greedy_ting-HUX to UNSGA3-greedy_ting-HUX', 'Equivalence_Line_3: UNSGA3-random_dense-UX to SMSEMOA-greedy_ting-1P', 'Equivalence_Line_4: NSGA2-greedy_ting-2P to UNSGA3-greedy_ting-1P', 'Equivalence_Line_5: NSGA2-random_dense-2P to SPEA2-greedy_ting-UX', 'Equivalence_Line_6: AGEMOEA2-greedy_ting-1P to SPEA2-greedy_ting-2P', 'Equivalence_Line_7: SPEA2-random_dense-UX to SMSEMOA-random_dense-1P', 'Equivalence_Line_8: UNSGA3-greedy_ting-2P to RVEA-random_dense-2P', 'Equivalence_Line_9: SMSEMOA-greedy_ting-2P to RVEA-random_dense-HUX', 'Equivalence_Line_10: NSGA3-greedy_ting-2P to RVEA-greedy_ting-HUX', 'Equivalence_Line_11: UNSGA3-greedy_ting-HUX to RVEA-greedy_ting-1P', 'Equivalence_Line_12: AGEMOEA2-random_dense-1P to RVEA-greedy_ting-2P', 'Equivalence_Line_13: NSGA3-greedy_ting-1P to SPEA2-greedy_multi-UX', 'Equivalence_Line_14: UNSGA3-greedy_ting-1P to AGEMOEA2-greedy_multi-HUX', 'Equivalence_Line_15: SMSEMOA-greedy_ting-UX to NSGA3-greedy_multi-UX', 'Equivalence_Line_16: SMSEMOA-greedy_ting-HUX to NSGA2-greedy_multi-1P', 'Equivalence_Line_17: SMSEMOA-random_dense-1P to NSGA3-greedy_multi-2P', 'Equivalence_Line_18: RVEA-random_dense-2P to NSGA3-greedy_multi-1P', 'Equivalence_Line_19: RVEA-random_dense-1P to SMSEMOA-greedy_multi-UX', 'Equivalence_Line_20: RVEA-random_dense-UX to SMSEMOA-greedy_multi-HUX', 'Equivalence_Line_21: RVEA-greedy_ting-HUX to SMSEMOA-greedy_multi-2P', 'Equivalence_Line_22: RVEA-greedy_ting-1P to SMSEMOA-greedy_multi-1P', 'Equivalence_Line_23: SPEA2-greedy_multi-HUX to RVEA-greedy_multi-1P']"
NSGA3-random_dense-2P,0.41997391411088275,"['Equivalence_Line_1: NSGA2-random_dense-HUX to NSGA3-greedy_ting-UX', 'Equivalence_Line_2: NSGA2-greedy_ting-HUX to UNSGA3-greedy_ting-HUX', 'Equivalence_Line_3: UNSGA3-random_dense-UX to SMSEMOA-greedy_ting-1P', 'Equivalence_Line_4: NSGA2-greedy_ting-2P to UNSGA3-greedy_ting-1P', 'Equivalence_Line_5: NSGA2-random_dense-2P to SPEA2-greedy_ting-UX', 'Equivalence_Line_6: AGEMOEA2-greedy_ting-1P to SPEA2-greedy_ting-2P', 'Equivalence_Line_7: SPEA2-random_dense-UX to SMSEMOA-random_dense-1P', 'Equivalence_Line_8: UNSGA3-greedy_ting-2P to RVEA-random_dense-2P', 'Equivalence_Line_9: SMSEMOA-greedy_ting-2P to RVEA-random_dense-HUX', 'Equivalence_Line_10: NSGA3-greedy_ting-2P to RVEA-greedy_ting-HUX', 'Equivalence_Line_11: UNSGA3-greedy_ting-HUX to RVEA-greedy_ting-1P', 'Equivalence_Line_12: AGEMOEA2-random_dense-1P to RVEA-greedy_ting-2P', 'Equivalence_Line_13: NSGA3-greedy_ting-1P to SPEA2-greedy_multi-UX', 'Equivalence_Line_14: UNSGA3-greedy_ting-1P to AGEMOEA2-greedy_multi-HUX', 'Equivalence_Line_15: SMSEMOA-greedy_ting-UX to NSGA3-greedy_multi-UX', 'Equivalence_Line_16: SMSEMOA-greedy_ting-HUX to NSGA2-greedy_multi-1P', 'Equivalence_Line_17: SMSEMOA-random_dense-1P to NSGA3-greedy_multi-2P', 'Equivalence_Line_18: RVEA-random_dense-2P to NSGA3-greedy_multi-1P', 'Equivalence_Line_19: RVEA-random_dense-1P to SMSEMOA-greedy_multi-UX', 'Equivalence_Line_20: RVEA-random_dense-UX to SMSEMOA-greedy_multi-HUX', 'Equivalence_Line_21: RVEA-greedy_ting-HUX to SMSEMOA-greedy_multi-2P', 'Equivalence_Line_22: RVEA-greedy_ting-1P to SMSEMOA-greedy_multi-1P', 'Equivalence_Line_23: SPEA2-greedy_multi-HUX to RVEA-greedy_multi-1P']"
NSGA3-greedy_ting-UX,0.41951066691816175,"['Equivalence_Line_1: NSGA2-random_dense-HUX to NSGA3-greedy_ting-UX', 'Equivalence_Line_2: NSGA2-greedy_ting-HUX to UNSGA3-greedy_ting-HUX', 'Equivalence_Line_3: UNSGA3-random_dense-UX to SMSEMOA-greedy_ting-1P', 'Equivalence_Line_4: NSGA2-greedy_ting-2P to UNSGA3-greedy_ting-1P', 'Equivalence_Line_5: NSGA2-random_dense-2P to SPEA2-greedy_ting-UX', 'Equivalence_Line_6: AGEMOEA2-greedy_ting-1P to SPEA2-greedy_ting-2P', 'Equivalence_Line_7: SPEA2-random_dense-UX to SMSEMOA-random_dense-1P', 'Equivalence_Line_8: UNSGA3-greedy_ting-2P to RVEA-random_dense-2P', 'Equivalence_Line_9: SMSEMOA-greedy_ting-2P to RVEA-random_dense-HUX', 'Equivalence_Line_10: NSGA3-greedy_ting-2P to RVEA-greedy_ting-HUX', 'Equivalence_Line_11: UNSGA3-greedy_ting-HUX to RVEA-greedy_ting-1P', 'Equivalence_Line_12: AGEMOEA2-random_dense-1P to RVEA-greedy_ting-2P', 'Equivalence_Line_13: NSGA3-greedy_ting-1P to SPEA2-greedy_multi-UX', 'Equivalence_Line_14: UNSGA3-greedy_ting-1P to AGEMOEA2-greedy_multi-HUX', 'Equivalence_Line_15: SMSEMOA-greedy_ting-UX to NSGA3-greedy_multi-UX', 'Equivalence_Line_16: SMSEMOA-greedy_ting-HUX to NSGA2-greedy_multi-1P', 'Equivalence_Line_17: SMSEMOA-random_dense-1P to NSGA3-greedy_multi-2P', 'Equivalence_Line_18: RVEA-random_dense-2P to NSGA3-greedy_multi-1P', 'Equivalence_Line_19: RVEA-random_dense-1P to SMSEMOA-greedy_multi-UX', 'Equivalence_Line_20: RVEA-random_dense-UX to SMSEMOA-greedy_multi-HUX', 'Equivalence_Line_21: RVEA-greedy_ting-HUX to SMSEMOA-greedy_multi-2P', 'Equivalence_Line_22: RVEA-greedy_ting-1P to SMSEMOA-greedy_multi-1P', 'Equivalence_Line_23: SPEA2-greedy_multi-HUX to RVEA-greedy_multi-1P']"
NSGA3-greedy_ting-2P,0.41832770331535524,"['Equivalence_Line_1: NSGA2-random_dense-HUX to NSGA3-greedy_ting-UX', 'Equivalence_Line_2: NSGA2-greedy_ting-HUX to UNSGA3-greedy_ting-HUX', 'Equivalence_Line_3: UNSGA3-random_dense-UX to SMSEMOA-greedy_ting-1P', 'Equivalence_Line_4: NSGA2-greedy_ting-2P to UNSGA3-greedy_ting-1P', 'Equivalence_Line_5: NSGA2-random_dense-2P to SPEA2-greedy_ting-UX', 'Equivalence_Line_6: AGEMOEA2-greedy_ting-1P to SPEA2-greedy_ting-2P', 'Equivalence_Line_7: SPEA2-random_dense-UX to SMSEMOA-random_dense-1P', 'Equivalence_Line_8: UNSGA3-greedy_ting-2P to RVEA-random_dense-2P', 'Equivalence_Line_9: SMSEMOA-greedy_ting-2P to RVEA-random_dense-HUX', 'Equivalence_Line_10: NSGA3-greedy_ting-2P to RVEA-greedy_ting-HUX', 'Equivalence_Line_11: UNSGA3-greedy_ting-HUX to RVEA-greedy_ting-1P', 'Equivalence_Line_12: AGEMOEA2-random_dense-1P to RVEA-greedy_ting-2P', 'Equivalence_Line_13: NSGA3-greedy_ting-1P to SPEA2-greedy_multi-UX', 'Equivalence_Line_14: UNSGA3-greedy_ting-1P to AGEMOEA2-greedy_multi-HUX', 'Equivalence_Line_15: SMSEMOA-greedy_ting-UX to NSGA3-greedy_multi-UX', 'Equivalence_Line_16: SMSEMOA-greedy_ting-HUX to NSGA2-greedy_multi-1P', 'Equivalence_Line_17: SMSEMOA-random_dense-1P to NSGA3-greedy_multi-2P', 'Equivalence_Line_18: RVEA-random_dense-2P to NSGA3-greedy_multi-1P', 'Equivalence_Line_19: RVEA-random_dense-1P to SMSEMOA-greedy_multi-UX', 'Equivalence_Line_20: RVEA-random_dense-UX to SMSEMOA-greedy_multi-HUX', 'Equivalence_Line_21: RVEA-greedy_ting-HUX to SMSEMOA-greedy_multi-2P', 'Equivalence_Line_22: RVEA-greedy_ting-1P to SMSEMOA-greedy_multi-1P', 'Equivalence_Line_23: SPEA2-greedy_multi-HUX to RVEA-greedy_multi-1P']"
UNSGA3-greedy_ting-UX,0.417533476514588,"['Equivalence_Line_1: NSGA2-random_dense-HUX to NSGA3-greedy_ting-UX', 'Equivalence_Line_2: NSGA2-greedy_ting-HUX to UNSGA3-greedy_ting-HUX', 'Equivalence_Line_3: UNSGA3-random_dense-UX to SMSEMOA-greedy_ting-1P', 'Equivalence_Line_4: NSGA2-greedy_ting-2P to UNSGA3-greedy_ting-1P', 'Equivalence_Line_5: NSGA2-random_dense-2P to SPEA2-greedy_ting-UX', 'Equivalence_Line_6: AGEMOEA2-greedy_ting-1P to SPEA2-greedy_ting-2P', 'Equivalence_Line_7: SPEA2-random_dense-UX to SMSEMOA-random_dense-1P', 'Equivalence_Line_8: UNSGA3-greedy_ting-2P to RVEA-random_dense-2P', 'Equivalence_Line_9: SMSEMOA-greedy_ting-2P to RVEA-random_dense-HUX', 'Equivalence_Line_10: NSGA3-greedy_ting-2P to RVEA-greedy_ting-HUX', 'Equivalence_Line_11: UNSGA3-greedy_ting-HUX to RVEA-greedy_ting-1P', 'Equivalence_Line_12: AGEMOEA2-random_dense-1P to RVEA-greedy_ting-2P', 'Equivalence_Line_13: NSGA3-greedy_ting-1P to SPEA2-greedy_multi-UX', 'Equivalence_Line_14: UNSGA3-greedy_ting-1P to AGEMOEA2-greedy_multi-HUX', 'Equivalence_Line_15: SMSEMOA-greedy_ting-UX to NSGA3-greedy_multi-UX', 'Equivalence_Line_16: SMSEMOA-greedy_ting-HUX to NSGA2-greedy_multi-1P', 'Equivalence_Line_17: SMSEMOA-random_dense-1P to NSGA3-greedy_multi-2P', 'Equivalence_Line_18: RVEA-random_dense-2P to NSGA3-greedy_multi-1P', 'Equivalence_Line_19: RVEA-random_dense-1P to SMSEMOA-greedy_multi-UX', 'Equivalence_Line_20: RVEA-random_dense-UX to SMSEMOA-greedy_multi-HUX', 'Equivalence_Line_21: RVEA-greedy_ting-HUX to SMSEMOA-greedy_multi-2P', 'Equivalence_Line_22: RVEA-greedy_ting-1P to SMSEMOA-greedy_multi-1P', 'Equivalence_Line_23: SPEA2-greedy_multi-HUX to RVEA-greedy_multi-1P']"
NSGA3-greedy_ting-HUX,0.4175009765970719,"['Equivalence_Line_1: NSGA2-random_dense-HUX to NSGA3-greedy_ting-UX', 'Equivalence_Line_2: NSGA2-greedy_ting-HUX to UNSGA3-greedy_ting-HUX', 'Equivalence_Line_3: UNSGA3-random_dense-UX to SMSEMOA-greedy_ting-1P', 'Equivalence_Line_4: NSGA2-greedy_ting-2P to UNSGA3-greedy_ting-1P', 'Equivalence_Line_5: NSGA2-random_dense-2P to SPEA2-greedy_ting-UX', 'Equivalence_Line_6: AGEMOEA2-greedy_ting-1P to SPEA2-greedy_ting-2P', 'Equivalence_Line_7: SPEA2-random_dense-UX to SMSEMOA-random_dense-1P', 'Equivalence_Line_8: UNSGA3-greedy_ting-2P to RVEA-random_dense-2P', 'Equivalence_Line_9: SMSEMOA-greedy_ting-2P to RVEA-random_dense-HUX', 'Equivalence_Line_10: NSGA3-greedy_ting-2P to RVEA-greedy_ting-HUX', 'Equivalence_Line_11: UNSGA3-greedy_ting-HUX to RVEA-greedy_ting-1P', 'Equivalence_Line_12: AGEMOEA2-random_dense-1P to RVEA-greedy_ting-2P', 'Equivalence_Line_13: NSGA3-greedy_ting-1P to SPEA2-greedy_multi-UX', 'Equivalence_Line_14: UNSGA3-greedy_ting-1P to AGEMOEA2-greedy_multi-HUX', 'Equivalence_Line_15: SMSEMOA-greedy_ting-UX to NSGA3-greedy_multi-UX', 'Equivalence_Line_16: SMSEMOA-greedy_ting-HUX to NSGA2-greedy_multi-1P', 'Equivalence_Line_17: SMSEMOA-random_dense-1P to NSGA3-greedy_multi-2P', 'Equivalence_Line_18: RVEA-random_dense-2P to NSGA3-greedy_multi-1P', 'Equivalence_Line_19: RVEA-random_dense-1P to SMSEMOA-greedy_multi-UX', 'Equivalence_Line_20: RVEA-random_dense-UX to SMSEMOA-greedy_multi-HUX', 'Equivalence_Line_21: RVEA-greedy_ting-HUX to SMSEMOA-greedy_multi-2P', 'Equivalence_Line_22: RVEA-greedy_ting-1P to SMSEMOA-greedy_multi-1P', 'Equivalence_Line_23: SPEA2-greedy_multi-HUX to RVEA-greedy_multi-1P']"
UNSGA3-greedy_ting-HUX,0.4168515267570574,"['Equivalence_Line_1: NSGA2-random_dense-HUX to NSGA3-greedy_ting-UX', 'Equivalence_Line_2: NSGA2-greedy_ting-HUX to UNSGA3-greedy_ting-HUX', 'Equivalence_Line_3: UNSGA3-random_dense-UX to SMSEMOA-greedy_ting-1P', 'Equivalence_Line_4: NSGA2-greedy_ting-2P to UNSGA3-greedy_ting-1P', 'Equivalence_Line_5: NSGA2-random_dense-2P to SPEA2-greedy_ting-UX', 'Equivalence_Line_6: AGEMOEA2-greedy_ting-1P to SPEA2-greedy_ting-2P', 'Equivalence_Line_7: SPEA2-random_dense-UX to SMSEMOA-random_dense-1P', 'Equivalence_Line_8: UNSGA3-greedy_ting-2P to RVEA-random_dense-2P', 'Equivalence_Line_9: SMSEMOA-greedy_ting-2P to RVEA-random_dense-HUX', 'Equivalence_Line_10: NSGA3-greedy_ting-2P to RVEA-greedy_ting-HUX', 'Equivalence_Line_11: UNSGA3-greedy_ting-HUX to RVEA-greedy_ting-1P', 'Equivalence_Line_12: AGEMOEA2-random_dense-1P to RVEA-greedy_ting-2P', 'Equivalence_Line_13: NSGA3-greedy_ting-1P to SPEA2-greedy_multi-UX', 'Equivalence_Line_14: UNSGA3-greedy_ting-1P to AGEMOEA2-greedy_multi-HUX', 'Equivalence_Line_15: SMSEMOA-greedy_ting-UX to NSGA3-greedy_multi-UX', 'Equivalence_Line_16: SMSEMOA-greedy_ting-HUX to NSGA2-greedy_multi-1P', 'Equivalence_Line_17: SMSEMOA-random_dense-1P to NSGA3-greedy_multi-2P', 'Equivalence_Line_18: RVEA-random_dense-2P to NSGA3-greedy_multi-1P', 'Equivalence_Line_19: RVEA-random_dense-1P to SMSEMOA-greedy_multi-UX', 'Equivalence_Line_20: RVEA-random_dense-UX to SMSEMOA-greedy_multi-HUX', 'Equivalence_Line_21: RVEA-greedy_ting-HUX to SMSEMOA-greedy_multi-2P', 'Equivalence_Line_22: RVEA-greedy_ting-1P to SMSEMOA-greedy_multi-1P', 'Equivalence_Line_23: SPEA2-greedy_multi-HUX to RVEA-greedy_multi-1P']"
AGEMOEA2-random_dense-1P,0.41470761442666415,"['Equivalence_Line_1: NSGA2-random_dense-HUX to NSGA3-greedy_ting-UX', 'Equivalence_Line_2: NSGA2-greedy_ting-HUX to UNSGA3-greedy_ting-HUX', 'Equivalence_Line_3: UNSGA3-random_dense-UX to SMSEMOA-greedy_ting-1P', 'Equivalence_Line_4: NSGA2-greedy_ting-2P to UNSGA3-greedy_ting-1P', 'Equivalence_Line_5: NSGA2-random_dense-2P to SPEA2-greedy_ting-UX', 'Equivalence_Line_6: AGEMOEA2-greedy_ting-1P to SPEA2-greedy_ting-2P', 'Equivalence_Line_7: SPEA2-random_dense-UX to SMSEMOA-random_dense-1P', 'Equivalence_Line_8: UNSGA3-greedy_ting-2P to RVEA-random_dense-2P', 'Equivalence_Line_9: SMSEMOA-greedy_ting-2P to RVEA-random_dense-HUX', 'Equivalence_Line_10: NSGA3-greedy_ting-2P to RVEA-greedy_ting-HUX', 'Equivalence_Line_11: UNSGA3-greedy_ting-HUX to RVEA-greedy_ting-1P', 'Equivalence_Line_12: AGEMOEA2-random_dense-1P to RVEA-greedy_ting-2P', 'Equivalence_Line_13: NSGA3-greedy_ting-1P to SPEA2-greedy_multi-UX', 'Equivalence_Line_14: UNSGA3-greedy_ting-1P to AGEMOEA2-greedy_multi-HUX', 'Equivalence_Line_15: SMSEMOA-greedy_ting-UX to NSGA3-greedy_multi-UX', 'Equivalence_Line_16: SMSEMOA-greedy_ting-HUX to NSGA2-greedy_multi-1P', 'Equivalence_Line_17: SMSEMOA-random_dense-1P to NSGA3-greedy_multi-2P', 'Equivalence_Line_18: RVEA-random_dense-2P to NSGA3-greedy_multi-1P', 'Equivalence_Line_19: RVEA-random_dense-1P to SMSEMOA-greedy_multi-UX', 'Equivalence_Line_20: RVEA-random_dense-UX to SMSEMOA-greedy_multi-HUX', 'Equivalence_Line_21: RVEA-greedy_ting-HUX to SMSEMOA-greedy_multi-2P', 'Equivalence_Line_22: RVEA-greedy_ting-1P to SMSEMOA-greedy_multi-1P', 'Equivalence_Line_23: SPEA2-greedy_multi-HUX to RVEA-greedy_multi-1P']"
SPEA2-greedy_ting-1P,0.41337189945203506,"['Equivalence_Line_1: NSGA2-random_dense-HUX to NSGA3-greedy_ting-UX', 'Equivalence_Line_2: NSGA2-greedy_ting-HUX to UNSGA3-greedy_ting-HUX', 'Equivalence_Line_3: UNSGA3-random_dense-UX to SMSEMOA-greedy_ting-1P', 'Equivalence_Line_4: NSGA2-greedy_ting-2P to UNSGA3-greedy_ting-1P', 'Equivalence_Line_5: NSGA2-random_dense-2P to SPEA2-greedy_ting-UX', 'Equivalence_Line_6: AGEMOEA2-greedy_ting-1P to SPEA2-greedy_ting-2P', 'Equivalence_Line_7: SPEA2-random_dense-UX to SMSEMOA-random_dense-1P', 'Equivalence_Line_8: UNSGA3-greedy_ting-2P to RVEA-random_dense-2P', 'Equivalence_Line_9: SMSEMOA-greedy_ting-2P to RVEA-random_dense-HUX', 'Equivalence_Line_10: NSGA3-greedy_ting-2P to RVEA-greedy_ting-HUX', 'Equivalence_Line_11: UNSGA3-greedy_ting-HUX to RVEA-greedy_ting-1P', 'Equivalence_Line_12: AGEMOEA2-random_dense-1P to RVEA-greedy_ting-2P', 'Equivalence_Line_13: NSGA3-greedy_ting-1P to SPEA2-greedy_multi-UX', 'Equivalence_Line_14: UNSGA3-greedy_ting-1P to AGEMOEA2-greedy_multi-HUX', 'Equivalence_Line_15: SMSEMOA-greedy_ting-UX to NSGA3-greedy_multi-UX', 'Equivalence_Line_16: SMSEMOA-greedy_ting-HUX to NSGA2-greedy_multi-1P', 'Equivalence_Line_17: SMSEMOA-random_dense-1P to NSGA3-greedy_multi-2P', 'Equivalence_Line_18: RVEA-random_dense-2P to NSGA3-greedy_multi-1P', 'Equivalence_Line_19: RVEA-random_dense-1P to SMSEMOA-greedy_multi-UX', 'Equivalence_Line_20: RVEA-random_dense-UX to SMSEMOA-greedy_multi-HUX', 'Equivalence_Line_21: RVEA-greedy_ting-HUX to SMSEMOA-greedy_multi-2P', 'Equivalence_Line_22: RVEA-greedy_ting-1P to SMSEMOA-greedy_multi-1P', 'Equivalence_Line_23: SPEA2-greedy_multi-HUX to RVEA-greedy_multi-1P']"
SMSEMOA-random_dense-2P,0.4108809151041101,"['Equivalence_Line_1: NSGA2-random_dense-HUX to NSGA3-greedy_ting-UX', 'Equivalence_Line_2: NSGA2-greedy_ting-HUX to UNSGA3-greedy_ting-HUX', 'Equivalence_Line_3: UNSGA3-random_dense-UX to SMSEMOA-greedy_ting-1P', 'Equivalence_Line_4: NSGA2-greedy_ting-2P to UNSGA3-greedy_ting-1P', 'Equivalence_Line_5: NSGA2-random_dense-2P to SPEA2-greedy_ting-UX', 'Equivalence_Line_6: AGEMOEA2-greedy_ting-1P to SPEA2-greedy_ting-2P', 'Equivalence_Line_7: SPEA2-random_dense-UX to SMSEMOA-random_dense-1P', 'Equivalence_Line_8: UNSGA3-greedy_ting-2P to RVEA-random_dense-2P', 'Equivalence_Line_9: SMSEMOA-greedy_ting-2P to RVEA-random_dense-HUX', 'Equivalence_Line_10: NSGA3-greedy_ting-2P to RVEA-greedy_ting-HUX', 'Equivalence_Line_11: UNSGA3-greedy_ting-HUX to RVEA-greedy_ting-1P', 'Equivalence_Line_12: AGEMOEA2-random_dense-1P to RVEA-greedy_ting-2P', 'Equivalence_Line_13: NSGA3-greedy_ting-1P to SPEA2-greedy_multi-UX', 'Equivalence_Line_14: UNSGA3-greedy_ting-1P to AGEMOEA2-greedy_multi-HUX', 'Equivalence_Line_15: SMSEMOA-greedy_ting-UX to NSGA3-greedy_multi-UX', 'Equivalence_Line_16: SMSEMOA-greedy_ting-HUX to NSGA2-greedy_multi-1P', 'Equivalence_Line_17: SMSEMOA-random_dense-1P to NSGA3-greedy_multi-2P', 'Equivalence_Line_18: RVEA-random_dense-2P to NSGA3-greedy_multi-1P', 'Equivalence_Line_19: RVEA-random_dense-1P to SMSEMOA-greedy_multi-UX', 'Equivalence_Line_20: RVEA-random_dense-UX to SMSEMOA-greedy_multi-HUX', 'Equivalence_Line_21: RVEA-greedy_ting-HUX to SMSEMOA-greedy_multi-2P', 'Equivalence_Line_22: RVEA-greedy_ting-1P to SMSEMOA-greedy_multi-1P', 'Equivalence_Line_23: SPEA2-greedy_multi-HUX to RVEA-greedy_multi-1P']"
SMSEMOA-greedy_ting-1P,0.410707123131015,"['Equivalence_Line_1: NSGA2-random_dense-HUX to NSGA3-greedy_ting-UX', 'Equivalence_Line_2: NSGA2-greedy_ting-HUX to UNSGA3-greedy_ting-HUX', 'Equivalence_Line_3: UNSGA3-random_dense-UX to SMSEMOA-greedy_ting-1P', 'Equivalence_Line_4: NSGA2-greedy_ting-2P to UNSGA3-greedy_ting-1P', 'Equivalence_Line_5: NSGA2-random_dense-2P to SPEA2-greedy_ting-UX', 'Equivalence_Line_6: AGEMOEA2-greedy_ting-1P to SPEA2-greedy_ting-2P', 'Equivalence_Line_7: SPEA2-random_dense-UX to SMSEMOA-random_dense-1P', 'Equivalence_Line_8: UNSGA3-greedy_ting-2P to RVEA-random_dense-2P', 'Equivalence_Line_9: SMSEMOA-greedy_ting-2P to RVEA-random_dense-HUX', 'Equivalence_Line_10: NSGA3-greedy_ting-2P to RVEA-greedy_ting-HUX', 'Equivalence_Line_11: UNSGA3-greedy_ting-HUX to RVEA-greedy_ting-1P', 'Equivalence_Line_12: AGEMOEA2-random_dense-1P to RVEA-greedy_ting-2P', 'Equivalence_Line_13: NSGA3-greedy_ting-1P to SPEA2-greedy_multi-UX', 'Equivalence_Line_14: UNSGA3-greedy_ting-1P to AGEMOEA2-greedy_multi-HUX', 'Equivalence_Line_15: SMSEMOA-greedy_ting-UX to NSGA3-greedy_multi-UX', 'Equivalence_Line_16: SMSEMOA-greedy_ting-HUX to NSGA2-greedy_multi-1P', 'Equivalence_Line_17: SMSEMOA-random_dense-1P to NSGA3-greedy_multi-2P', 'Equivalence_Line_18: RVEA-random_dense-2P to NSGA3-greedy_multi-1P', 'Equivalence_Line_19: RVEA-random_dense-1P to SMSEMOA-greedy_multi-UX', 'Equivalence_Line_20: RVEA-random_dense-UX to SMSEMOA-greedy_multi-HUX', 'Equivalence_Line_21: RVEA-greedy_ting-HUX to SMSEMOA-greedy_multi-2P', 'Equivalence_Line_22: RVEA-greedy_ting-1P to SMSEMOA-greedy_multi-1P', 'Equivalence_Line_23: SPEA2-greedy_multi-HUX to RVEA-greedy_multi-1P']"
NSGA3-greedy_ting-1P,0.40673655036746303,"['Equivalence_Line_1: NSGA2-random_dense-HUX to NSGA3-greedy_ting-UX', 'Equivalence_Line_2: NSGA2-greedy_ting-HUX to UNSGA3-greedy_ting-HUX', 'Equivalence_Line_3: UNSGA3-random_dense-UX to SMSEMOA-greedy_ting-1P', 'Equivalence_Line_4: NSGA2-greedy_ting-2P to UNSGA3-greedy_ting-1P', 'Equivalence_Line_5: NSGA2-random_dense-2P to SPEA2-greedy_ting-UX', 'Equivalence_Line_6: AGEMOEA2-greedy_ting-1P to SPEA2-greedy_ting-2P', 'Equivalence_Line_7: SPEA2-random_dense-UX to SMSEMOA-random_dense-1P', 'Equivalence_Line_8: UNSGA3-greedy_ting-2P to RVEA-random_dense-2P', 'Equivalence_Line_9: SMSEMOA-greedy_ting-2P to RVEA-random_dense-HUX', 'Equivalence_Line_10: NSGA3-greedy_ting-2P to RVEA-greedy_ting-HUX', 'Equivalence_Line_11: UNSGA3-greedy_ting-HUX to RVEA-greedy_ting-1P', 'Equivalence_Line_12: AGEMOEA2-random_dense-1P to RVEA-greedy_ting-2P', 'Equivalence_Line_13: NSGA3-greedy_ting-1P to SPEA2-greedy_multi-UX', 'Equivalence_Line_14: UNSGA3-greedy_ting-1P to AGEMOEA2-greedy_multi-HUX', 'Equivalence_Line_15: SMSEMOA-greedy_ting-UX to NSGA3-greedy_multi-UX', 'Equivalence_Line_16: SMSEMOA-greedy_ting-HUX to NSGA2-greedy_multi-1P', 'Equivalence_Line_17: SMSEMOA-random_dense-1P to NSGA3-greedy_multi-2P', 'Equivalence_Line_18: RVEA-random_dense-2P to NSGA3-greedy_multi-1P', 'Equivalence_Line_19: RVEA-random_dense-1P to SMSEMOA-greedy_multi-UX', 'Equivalence_Line_20: RVEA-random_dense-UX to SMSEMOA-greedy_multi-HUX', 'Equivalence_Line_21: RVEA-greedy_ting-HUX to SMSEMOA-greedy_multi-2P', 'Equivalence_Line_22: RVEA-greedy_ting-1P to SMSEMOA-greedy_multi-1P', 'Equivalence_Line_23: SPEA2-greedy_multi-HUX to RVEA-greedy_multi-1P']"
SPEA2-greedy_ting-HUX,0.4064605142403939,"['Equivalence_Line_1: NSGA2-random_dense-HUX to NSGA3-greedy_ting-UX', 'Equivalence_Line_2: NSGA2-greedy_ting-HUX to UNSGA3-greedy_ting-HUX', 'Equivalence_Line_3: UNSGA3-random_dense-UX to SMSEMOA-greedy_ting-1P', 'Equivalence_Line_4: NSGA2-greedy_ting-2P to UNSGA3-greedy_ting-1P', 'Equivalence_Line_5: NSGA2-random_dense-2P to SPEA2-greedy_ting-UX', 'Equivalence_Line_6: AGEMOEA2-greedy_ting-1P to SPEA2-greedy_ting-2P', 'Equivalence_Line_7: SPEA2-random_dense-UX to SMSEMOA-random_dense-1P', 'Equivalence_Line_8: UNSGA3-greedy_ting-2P to RVEA-random_dense-2P', 'Equivalence_Line_9: SMSEMOA-greedy_ting-2P to RVEA-random_dense-HUX', 'Equivalence_Line_10: NSGA3-greedy_ting-2P to RVEA-greedy_ting-HUX', 'Equivalence_Line_11: UNSGA3-greedy_ting-HUX to RVEA-greedy_ting-1P', 'Equivalence_Line_12: AGEMOEA2-random_dense-1P to RVEA-greedy_ting-2P', 'Equivalence_Line_13: NSGA3-greedy_ting-1P to SPEA2-greedy_multi-UX', 'Equivalence_Line_14: UNSGA3-greedy_ting-1P to AGEMOEA2-greedy_multi-HUX', 'Equivalence_Line_15: SMSEMOA-greedy_ting-UX to NSGA3-greedy_multi-UX', 'Equivalence_Line_16: SMSEMOA-greedy_ting-HUX to NSGA2-greedy_multi-1P', 'Equivalence_Line_17: SMSEMOA-random_dense-1P to NSGA3-greedy_multi-2P', 'Equivalence_Line_18: RVEA-random_dense-2P to NSGA3-greedy_multi-1P', 'Equivalence_Line_19: RVEA-random_dense-1P to SMSEMOA-greedy_multi-UX', 'Equivalence_Line_20: RVEA-random_dense-UX to SMSEMOA-greedy_multi-HUX', 'Equivalence_Line_21: RVEA-greedy_ting-HUX to SMSEMOA-greedy_multi-2P', 'Equivalence_Line_22: RVEA-greedy_ting-1P to SMSEMOA-greedy_multi-1P', 'Equivalence_Line_23: SPEA2-greedy_multi-HUX to RVEA-greedy_multi-1P']"
UNSGA3-greedy_ting-1P,0.4054919578309974,"['Equivalence_Line_1: NSGA2-random_dense-HUX to NSGA3-greedy_ting-UX', 'Equivalence_Line_2: NSGA2-greedy_ting-HUX to UNSGA3-greedy_ting-HUX', 'Equivalence_Line_3: UNSGA3-random_dense-UX to SMSEMOA-greedy_ting-1P', 'Equivalence_Line_4: NSGA2-greedy_ting-2P to UNSGA3-greedy_ting-1P', 'Equivalence_Line_5: NSGA2-random_dense-2P to SPEA2-greedy_ting-UX', 'Equivalence_Line_6: AGEMOEA2-greedy_ting-1P to SPEA2-greedy_ting-2P', 'Equivalence_Line_7: SPEA2-random_dense-UX to SMSEMOA-random_dense-1P', 'Equivalence_Line_8: UNSGA3-greedy_ting-2P to RVEA-random_dense-2P', 'Equivalence_Line_9: SMSEMOA-greedy_ting-2P to RVEA-random_dense-HUX', 'Equivalence_Line_10: NSGA3-greedy_ting-2P to RVEA-greedy_ting-HUX', 'Equivalence_Line_11: UNSGA3-greedy_ting-HUX to RVEA-greedy_ting-1P', 'Equivalence_Line_12: AGEMOEA2-random_dense-1P to RVEA-greedy_ting-2P', 'Equivalence_Line_13: NSGA3-greedy_ting-1P to SPEA2-greedy_multi-UX', 'Equivalence_Line_14: UNSGA3-greedy_ting-1P to AGEMOEA2-greedy_multi-HUX', 'Equivalence_Line_15: SMSEMOA-greedy_ting-UX to NSGA3-greedy_multi-UX', 'Equivalence_Line_16: SMSEMOA-greedy_ting-HUX to NSGA2-greedy_multi-1P', 'Equivalence_Line_17: SMSEMOA-random_dense-1P to NSGA3-greedy_multi-2P', 'Equivalence_Line_18: RVEA-random_dense-2P to NSGA3-greedy_multi-1P', 'Equivalence_Line_19: RVEA-random_dense-1P to SMSEMOA-greedy_multi-UX', 'Equivalence_Line_20: RVEA-random_dense-UX to SMSEMOA-greedy_multi-HUX', 'Equivalence_Line_21: RVEA-greedy_ting-HUX to SMSEMOA-greedy_multi-2P', 'Equivalence_Line_22: RVEA-greedy_ting-1P to SMSEMOA-greedy_multi-1P', 'Equivalence_Line_23: SPEA2-greedy_multi-HUX to RVEA-greedy_multi-1P']"
SMSEMOA-random_dense-HUX,0.4031597695915456,"['Equivalence_Line_1: NSGA2-random_dense-HUX to NSGA3-greedy_ting-UX', 'Equivalence_Line_2: NSGA2-greedy_ting-HUX to UNSGA3-greedy_ting-HUX', 'Equivalence_Line_3: UNSGA3-random_dense-UX to SMSEMOA-greedy_ting-1P', 'Equivalence_Line_4: NSGA2-greedy_ting-2P to UNSGA3-greedy_ting-1P', 'Equivalence_Line_5: NSGA2-random_dense-2P to SPEA2-greedy_ting-UX', 'Equivalence_Line_6: AGEMOEA2-greedy_ting-1P to SPEA2-greedy_ting-2P', 'Equivalence_Line_7: SPEA2-random_dense-UX to SMSEMOA-random_dense-1P', 'Equivalence_Line_8: UNSGA3-greedy_ting-2P to RVEA-random_dense-2P', 'Equivalence_Line_9: SMSEMOA-greedy_ting-2P to RVEA-random_dense-HUX', 'Equivalence_Line_10: NSGA3-greedy_ting-2P to RVEA-greedy_ting-HUX', 'Equivalence_Line_11: UNSGA3-greedy_ting-HUX to RVEA-greedy_ting-1P', 'Equivalence_Line_12: AGEMOEA2-random_dense-1P to RVEA-greedy_ting-2P', 'Equivalence_Line_13: NSGA3-greedy_ting-1P to SPEA2-greedy_multi-UX', 'Equivalence_Line_14: UNSGA3-greedy_ting-1P to AGEMOEA2-greedy_multi-HUX', 'Equivalence_Line_15: SMSEMOA-greedy_ting-UX to NSGA3-greedy_multi-UX', 'Equivalence_Line_16: SMSEMOA-greedy_ting-HUX to NSGA2-greedy_multi-1P', 'Equivalence_Line_17: SMSEMOA-random_dense-1P to NSGA3-greedy_multi-2P', 'Equivalence_Line_18: RVEA-random_dense-2P to NSGA3-greedy_multi-1P', 'Equivalence_Line_19: RVEA-random_dense-1P to SMSEMOA-greedy_multi-UX', 'Equivalence_Line_20: RVEA-random_dense-UX to SMSEMOA-greedy_multi-HUX', 'Equivalence_Line_21: RVEA-greedy_ting-HUX to SMSEMOA-greedy_multi-2P', 'Equivalence_Line_22: RVEA-greedy_ting-1P to SMSEMOA-greedy_multi-1P', 'Equivalence_Line_23: SPEA2-greedy_multi-HUX to RVEA-greedy_multi-1P']"
SMSEMOA-random_dense-UX,0.4030605734940071,"['Equivalence_Line_1: NSGA2-random_dense-HUX to NSGA3-greedy_ting-UX', 'Equivalence_Line_2: NSGA2-greedy_ting-HUX to UNSGA3-greedy_ting-HUX', 'Equivalence_Line_3: UNSGA3-random_dense-UX to SMSEMOA-greedy_ting-1P', 'Equivalence_Line_4: NSGA2-greedy_ting-2P to UNSGA3-greedy_ting-1P', 'Equivalence_Line_5: NSGA2-random_dense-2P to SPEA2-greedy_ting-UX', 'Equivalence_Line_6: AGEMOEA2-greedy_ting-1P to SPEA2-greedy_ting-2P', 'Equivalence_Line_7: SPEA2-random_dense-UX to SMSEMOA-random_dense-1P', 'Equivalence_Line_8: UNSGA3-greedy_ting-2P to RVEA-random_dense-2P', 'Equivalence_Line_9: SMSEMOA-greedy_ting-2P to RVEA-random_dense-HUX', 'Equivalence_Line_10: NSGA3-greedy_ting-2P to RVEA-greedy_ting-HUX', 'Equivalence_Line_11: UNSGA3-greedy_ting-HUX to RVEA-greedy_ting-1P', 'Equivalence_Line_12: AGEMOEA2-random_dense-1P to RVEA-greedy_ting-2P', 'Equivalence_Line_13: NSGA3-greedy_ting-1P to SPEA2-greedy_multi-UX', 'Equivalence_Line_14: UNSGA3-greedy_ting-1P to AGEMOEA2-greedy_multi-HUX', 'Equivalence_Line_15: SMSEMOA-greedy_ting-UX to NSGA3-greedy_multi-UX', 'Equivalence_Line_16: SMSEMOA-greedy_ting-HUX to NSGA2-greedy_multi-1P', 'Equivalence_Line_17: SMSEMOA-random_dense-1P to NSGA3-greedy_multi-2P', 'Equivalence_Line_18: RVEA-random_dense-2P to NSGA3-greedy_multi-1P', 'Equivalence_Line_19: RVEA-random_dense-1P to SMSEMOA-greedy_multi-UX', 'Equivalence_Line_20: RVEA-random_dense-UX to SMSEMOA-greedy_multi-HUX', 'Equivalence_Line_21: RVEA-greedy_ting-HUX to SMSEMOA-greedy_multi-2P', 'Equivalence_Line_22: RVEA-greedy_ting-1P to SMSEMOA-greedy_multi-1P', 'Equivalence_Line_23: SPEA2-greedy_multi-HUX to RVEA-greedy_multi-1P']"
SPEA2-random_dense-2P,0.40239536253400127,"['Equivalence_Line_1: NSGA2-random_dense-HUX to NSGA3-greedy_ting-UX', 'Equivalence_Line_2: NSGA2-greedy_ting-HUX to UNSGA3-greedy_ting-HUX', 'Equivalence_Line_3: UNSGA3-random_dense-UX to SMSEMOA-greedy_ting-1P', 'Equivalence_Line_4: NSGA2-greedy_ting-2P to UNSGA3-greedy_ting-1P', 'Equivalence_Line_5: NSGA2-random_dense-2P to SPEA2-greedy_ting-UX', 'Equivalence_Line_6: AGEMOEA2-greedy_ting-1P to SPEA2-greedy_ting-2P', 'Equivalence_Line_7: SPEA2-random_dense-UX to SMSEMOA-random_dense-1P', 'Equivalence_Line_8: UNSGA3-greedy_ting-2P to RVEA-random_dense-2P', 'Equivalence_Line_9: SMSEMOA-greedy_ting-2P to RVEA-random_dense-HUX', 'Equivalence_Line_10: NSGA3-greedy_ting-2P to RVEA-greedy_ting-HUX', 'Equivalence_Line_11: UNSGA3-greedy_ting-HUX to RVEA-greedy_ting-1P', 'Equivalence_Line_12: AGEMOEA2-random_dense-1P to RVEA-greedy_ting-2P', 'Equivalence_Line_13: NSGA3-greedy_ting-1P to SPEA2-greedy_multi-UX', 'Equivalence_Line_14: UNSGA3-greedy_ting-1P to AGEMOEA2-greedy_multi-HUX', 'Equivalence_Line_15: SMSEMOA-greedy_ting-UX to NSGA3-greedy_multi-UX', 'Equivalence_Line_16: SMSEMOA-greedy_ting-HUX to NSGA2-greedy_multi-1P', 'Equivalence_Line_17: SMSEMOA-random_dense-1P to NSGA3-greedy_multi-2P', 'Equivalence_Line_18: RVEA-random_dense-2P to NSGA3-greedy_multi-1P', 'Equivalence_Line_19: RVEA-random_dense-1P to SMSEMOA-greedy_multi-UX', 'Equivalence_Line_20: RVEA-random_dense-UX to SMSEMOA-greedy_multi-HUX', 'Equivalence_Line_21: RVEA-greedy_ting-HUX to SMSEMOA-greedy_multi-2P', 'Equivalence_Line_22: RVEA-greedy_ting-1P to SMSEMOA-greedy_multi-1P', 'Equivalence_Line_23: SPEA2-greedy_multi-HUX to RVEA-greedy_multi-1P']"
SPEA2-greedy_ting-UX,0.4010401862756775,"['Equivalence_Line_1: NSGA2-random_dense-HUX to NSGA3-greedy_ting-UX', 'Equivalence_Line_2: NSGA2-greedy_ting-HUX to UNSGA3-greedy_ting-HUX', 'Equivalence_Line_3: UNSGA3-random_dense-UX to SMSEMOA-greedy_ting-1P', 'Equivalence_Line_4: NSGA2-greedy_ting-2P to UNSGA3-greedy_ting-1P', 'Equivalence_Line_5: NSGA2-random_dense-2P to SPEA2-greedy_ting-UX', 'Equivalence_Line_6: AGEMOEA2-greedy_ting-1P to SPEA2-greedy_ting-2P', 'Equivalence_Line_7: SPEA2-random_dense-UX to SMSEMOA-random_dense-1P', 'Equivalence_Line_8: UNSGA3-greedy_ting-2P to RVEA-random_dense-2P', 'Equivalence_Line_9: SMSEMOA-greedy_ting-2P to RVEA-random_dense-HUX', 'Equivalence_Line_10: NSGA3-greedy_ting-2P to RVEA-greedy_ting-HUX', 'Equivalence_Line_11: UNSGA3-greedy_ting-HUX to RVEA-greedy_ting-1P', 'Equivalence_Line_12: AGEMOEA2-random_dense-1P to RVEA-greedy_ting-2P', 'Equivalence_Line_13: NSGA3-greedy_ting-1P to SPEA2-greedy_multi-UX', 'Equivalence_Line_14: UNSGA3-greedy_ting-1P to AGEMOEA2-greedy_multi-HUX', 'Equivalence_Line_15: SMSEMOA-greedy_ting-UX to NSGA3-greedy_multi-UX', 'Equivalence_Line_16: SMSEMOA-greedy_ting-HUX to NSGA2-greedy_multi-1P', 'Equivalence_Line_17: SMSEMOA-random_dense-1P to NSGA3-greedy_multi-2P', 'Equivalence_Line_18: RVEA-random_dense-2P to NSGA3-greedy_multi-1P', 'Equivalence_Line_19: RVEA-random_dense-1P to SMSEMOA-greedy_multi-UX', 'Equivalence_Line_20: RVEA-random_dense-UX to SMSEMOA-greedy_multi-HUX', 'Equivalence_Line_21: RVEA-greedy_ting-HUX to SMSEMOA-greedy_multi-2P', 'Equivalence_Line_22: RVEA-greedy_ting-1P to SMSEMOA-greedy_multi-1P', 'Equivalence_Line_23: SPEA2-greedy_multi-HUX to RVEA-greedy_multi-1P']"
SMSEMOA-greedy_ting-UX,0.39885288800724567,"['Equivalence_Line_1: NSGA2-random_dense-HUX to NSGA3-greedy_ting-UX', 'Equivalence_Line_2: NSGA2-greedy_ting-HUX to UNSGA3-greedy_ting-HUX', 'Equivalence_Line_3: UNSGA3-random_dense-UX to SMSEMOA-greedy_ting-1P', 'Equivalence_Line_4: NSGA2-greedy_ting-2P to UNSGA3-greedy_ting-1P', 'Equivalence_Line_5: NSGA2-random_dense-2P to SPEA2-greedy_ting-UX', 'Equivalence_Line_6: AGEMOEA2-greedy_ting-1P to SPEA2-greedy_ting-2P', 'Equivalence_Line_7: SPEA2-random_dense-UX to SMSEMOA-random_dense-1P', 'Equivalence_Line_8: UNSGA3-greedy_ting-2P to RVEA-random_dense-2P', 'Equivalence_Line_9: SMSEMOA-greedy_ting-2P to RVEA-random_dense-HUX', 'Equivalence_Line_10: NSGA3-greedy_ting-2P to RVEA-greedy_ting-HUX', 'Equivalence_Line_11: UNSGA3-greedy_ting-HUX to RVEA-greedy_ting-1P', 'Equivalence_Line_12: AGEMOEA2-random_dense-1P to RVEA-greedy_ting-2P', 'Equivalence_Line_13: NSGA3-greedy_ting-1P to SPEA2-greedy_multi-UX', 'Equivalence_Line_14: UNSGA3-greedy_ting-1P to AGEMOEA2-greedy_multi-HUX', 'Equivalence_Line_15: SMSEMOA-greedy_ting-UX to NSGA3-greedy_multi-UX', 'Equivalence_Line_16: SMSEMOA-greedy_ting-HUX to NSGA2-greedy_multi-1P', 'Equivalence_Line_17: SMSEMOA-random_dense-1P to NSGA3-greedy_multi-2P', 'Equivalence_Line_18: RVEA-random_dense-2P to NSGA3-greedy_multi-1P', 'Equivalence_Line_19: RVEA-random_dense-1P to SMSEMOA-greedy_multi-UX', 'Equivalence_Line_20: RVEA-random_dense-UX to SMSEMOA-greedy_multi-HUX', 'Equivalence_Line_21: RVEA-greedy_ting-HUX to SMSEMOA-greedy_multi-2P', 'Equivalence_Line_22: RVEA-greedy_ting-1P to SMSEMOA-greedy_multi-1P', 'Equivalence_Line_23: SPEA2-greedy_multi-HUX to RVEA-greedy_multi-1P']"
NSGA3-random_dense-1P,0.39754489259328474,"['Equivalence_Line_1: NSGA2-random_dense-HUX to NSGA3-greedy_ting-UX', 'Equivalence_Line_2: NSGA2-greedy_ting-HUX to UNSGA3-greedy_ting-HUX', 'Equivalence_Line_3: UNSGA3-random_dense-UX to SMSEMOA-greedy_ting-1P', 'Equivalence_Line_4: NSGA2-greedy_ting-2P to UNSGA3-greedy_ting-1P', 'Equivalence_Line_5: NSGA2-random_dense-2P to SPEA2-greedy_ting-UX', 'Equivalence_Line_6: AGEMOEA2-greedy_ting-1P to SPEA2-greedy_ting-2P', 'Equivalence_Line_7: SPEA2-random_dense-UX to SMSEMOA-random_dense-1P', 'Equivalence_Line_8: UNSGA3-greedy_ting-2P to RVEA-random_dense-2P', 'Equivalence_Line_9: SMSEMOA-greedy_ting-2P to RVEA-random_dense-HUX', 'Equivalence_Line_10: NSGA3-greedy_ting-2P to RVEA-greedy_ting-HUX', 'Equivalence_Line_11: UNSGA3-greedy_ting-HUX to RVEA-greedy_ting-1P', 'Equivalence_Line_12: AGEMOEA2-random_dense-1P to RVEA-greedy_ting-2P', 'Equivalence_Line_13: NSGA3-greedy_ting-1P to SPEA2-greedy_multi-UX', 'Equivalence_Line_14: UNSGA3-greedy_ting-1P to AGEMOEA2-greedy_multi-HUX', 'Equivalence_Line_15: SMSEMOA-greedy_ting-UX to NSGA3-greedy_multi-UX', 'Equivalence_Line_16: SMSEMOA-greedy_ting-HUX to NSGA2-greedy_multi-1P', 'Equivalence_Line_17: SMSEMOA-random_dense-1P to NSGA3-greedy_multi-2P', 'Equivalence_Line_18: RVEA-random_dense-2P to NSGA3-greedy_multi-1P', 'Equivalence_Line_19: RVEA-random_dense-1P to SMSEMOA-greedy_multi-UX', 'Equivalence_Line_20: RVEA-random_dense-UX to SMSEMOA-greedy_multi-HUX', 'Equivalence_Line_21: RVEA-greedy_ting-HUX to SMSEMOA-greedy_multi-2P', 'Equivalence_Line_22: RVEA-greedy_ting-1P to SMSEMOA-greedy_multi-1P', 'Equivalence_Line_23: SPEA2-greedy_multi-HUX to RVEA-greedy_multi-1P']"
SMSEMOA-greedy_ting-HUX,0.39736018445046234,"['Equivalence_Line_1: NSGA2-random_dense-HUX to NSGA3-greedy_ting-UX', 'Equivalence_Line_2: NSGA2-greedy_ting-HUX to UNSGA3-greedy_ting-HUX', 'Equivalence_Line_3: UNSGA3-random_dense-UX to SMSEMOA-greedy_ting-1P', 'Equivalence_Line_4: NSGA2-greedy_ting-2P to UNSGA3-greedy_ting-1P', 'Equivalence_Line_5: NSGA2-random_dense-2P to SPEA2-greedy_ting-UX', 'Equivalence_Line_6: AGEMOEA2-greedy_ting-1P to SPEA2-greedy_ting-2P', 'Equivalence_Line_7: SPEA2-random_dense-UX to SMSEMOA-random_dense-1P', 'Equivalence_Line_8: UNSGA3-greedy_ting-2P to RVEA-random_dense-2P', 'Equivalence_Line_9: SMSEMOA-greedy_ting-2P to RVEA-random_dense-HUX', 'Equivalence_Line_10: NSGA3-greedy_ting-2P to RVEA-greedy_ting-HUX', 'Equivalence_Line_11: UNSGA3-greedy_ting-HUX to RVEA-greedy_ting-1P', 'Equivalence_Line_12: AGEMOEA2-random_dense-1P to RVEA-greedy_ting-2P', 'Equivalence_Line_13: NSGA3-greedy_ting-1P to SPEA2-greedy_multi-UX', 'Equivalence_Line_14: UNSGA3-greedy_ting-1P to AGEMOEA2-greedy_multi-HUX', 'Equivalence_Line_15: SMSEMOA-greedy_ting-UX to NSGA3-greedy_multi-UX', 'Equivalence_Line_16: SMSEMOA-greedy_ting-HUX to NSGA2-greedy_multi-1P', 'Equivalence_Line_17: SMSEMOA-random_dense-1P to NSGA3-greedy_multi-2P', 'Equivalence_Line_18: RVEA-random_dense-2P to NSGA3-greedy_multi-1P', 'Equivalence_Line_19: RVEA-random_dense-1P to SMSEMOA-greedy_multi-UX', 'Equivalence_Line_20: RVEA-random_dense-UX to SMSEMOA-greedy_multi-HUX', 'Equivalence_Line_21: RVEA-greedy_ting-HUX to SMSEMOA-greedy_multi-2P', 'Equivalence_Line_22: RVEA-greedy_ting-1P to SMSEMOA-greedy_multi-1P', 'Equivalence_Line_23: SPEA2-greedy_multi-HUX to RVEA-greedy_multi-1P']"
SPEA2-random_dense-1P,0.39704269627446465,"['Equivalence_Line_1: NSGA2-random_dense-HUX to NSGA3-greedy_ting-UX', 'Equivalence_Line_2: NSGA2-greedy_ting-HUX to UNSGA3-greedy_ting-HUX', 'Equivalence_Line_3: UNSGA3-random_dense-UX to SMSEMOA-greedy_ting-1P', 'Equivalence_Line_4: NSGA2-greedy_ting-2P to UNSGA3-greedy_ting-1P', 'Equivalence_Line_5: NSGA2-random_dense-2P to SPEA2-greedy_ting-UX', 'Equivalence_Line_6: AGEMOEA2-greedy_ting-1P to SPEA2-greedy_ting-2P', 'Equivalence_Line_7: SPEA2-random_dense-UX to SMSEMOA-random_dense-1P', 'Equivalence_Line_8: UNSGA3-greedy_ting-2P to RVEA-random_dense-2P', 'Equivalence_Line_9: SMSEMOA-greedy_ting-2P to RVEA-random_dense-HUX', 'Equivalence_Line_10: NSGA3-greedy_ting-2P to RVEA-greedy_ting-HUX', 'Equivalence_Line_11: UNSGA3-greedy_ting-HUX to RVEA-greedy_ting-1P', 'Equivalence_Line_12: AGEMOEA2-random_dense-1P to RVEA-greedy_ting-2P', 'Equivalence_Line_13: NSGA3-greedy_ting-1P to SPEA2-greedy_multi-UX', 'Equivalence_Line_14: UNSGA3-greedy_ting-1P to AGEMOEA2-greedy_multi-HUX', 'Equivalence_Line_15: SMSEMOA-greedy_ting-UX to NSGA3-greedy_multi-UX', 'Equivalence_Line_16: SMSEMOA-greedy_ting-HUX to NSGA2-greedy_multi-1P', 'Equivalence_Line_17: SMSEMOA-random_dense-1P to NSGA3-greedy_multi-2P', 'Equivalence_Line_18: RVEA-random_dense-2P to NSGA3-greedy_multi-1P', 'Equivalence_Line_19: RVEA-random_dense-1P to SMSEMOA-greedy_multi-UX', 'Equivalence_Line_20: RVEA-random_dense-UX to SMSEMOA-greedy_multi-HUX', 'Equivalence_Line_21: RVEA-greedy_ting-HUX to SMSEMOA-greedy_multi-2P', 'Equivalence_Line_22: RVEA-greedy_ting-1P to SMSEMOA-greedy_multi-1P', 'Equivalence_Line_23: SPEA2-greedy_multi-HUX to RVEA-greedy_multi-1P']"
UNSGA3-random_dense-1P,0.39513161597476937,"['Equivalence_Line_1: NSGA2-random_dense-HUX to NSGA3-greedy_ting-UX', 'Equivalence_Line_2: NSGA2-greedy_ting-HUX to UNSGA3-greedy_ting-HUX', 'Equivalence_Line_3: UNSGA3-random_dense-UX to SMSEMOA-greedy_ting-1P', 'Equivalence_Line_4: NSGA2-greedy_ting-2P to UNSGA3-greedy_ting-1P', 'Equivalence_Line_5: NSGA2-random_dense-2P to SPEA2-greedy_ting-UX', 'Equivalence_Line_6: AGEMOEA2-greedy_ting-1P to SPEA2-greedy_ting-2P', 'Equivalence_Line_7: SPEA2-random_dense-UX to SMSEMOA-random_dense-1P', 'Equivalence_Line_8: UNSGA3-greedy_ting-2P to RVEA-random_dense-2P', 'Equivalence_Line_9: SMSEMOA-greedy_ting-2P to RVEA-random_dense-HUX', 'Equivalence_Line_10: NSGA3-greedy_ting-2P to RVEA-greedy_ting-HUX', 'Equivalence_Line_11: UNSGA3-greedy_ting-HUX to RVEA-greedy_ting-1P', 'Equivalence_Line_12: AGEMOEA2-random_dense-1P to RVEA-greedy_ting-2P', 'Equivalence_Line_13: NSGA3-greedy_ting-1P to SPEA2-greedy_multi-UX', 'Equivalence_Line_14: UNSGA3-greedy_ting-1P to AGEMOEA2-greedy_multi-HUX', 'Equivalence_Line_15: SMSEMOA-greedy_ting-UX to NSGA3-greedy_multi-UX', 'Equivalence_Line_16: SMSEMOA-greedy_ting-HUX to NSGA2-greedy_multi-1P', 'Equivalence_Line_17: SMSEMOA-random_dense-1P to NSGA3-greedy_multi-2P', 'Equivalence_Line_18: RVEA-random_dense-2P to NSGA3-greedy_multi-1P', 'Equivalence_Line_19: RVEA-random_dense-1P to SMSEMOA-greedy_multi-UX', 'Equivalence_Line_20: RVEA-random_dense-UX to SMSEMOA-greedy_multi-HUX', 'Equivalence_Line_21: RVEA-greedy_ting-HUX to SMSEMOA-greedy_multi-2P', 'Equivalence_Line_22: RVEA-greedy_ting-1P to SMSEMOA-greedy_multi-1P', 'Equivalence_Line_23: SPEA2-greedy_multi-HUX to RVEA-greedy_multi-1P']"
SPEA2-greedy_ting-2P,0.39508249515371563,"['Equivalence_Line_1: NSGA2-random_dense-HUX to NSGA3-greedy_ting-UX', 'Equivalence_Line_2: NSGA2-greedy_ting-HUX to UNSGA3-greedy_ting-HUX', 'Equivalence_Line_3: UNSGA3-random_dense-UX to SMSEMOA-greedy_ting-1P', 'Equivalence_Line_4: NSGA2-greedy_ting-2P to UNSGA3-greedy_ting-1P', 'Equivalence_Line_5: NSGA2-random_dense-2P to SPEA2-greedy_ting-UX', 'Equivalence_Line_6: AGEMOEA2-greedy_ting-1P to SPEA2-greedy_ting-2P', 'Equivalence_Line_7: SPEA2-random_dense-UX to SMSEMOA-random_dense-1P', 'Equivalence_Line_8: UNSGA3-greedy_ting-2P to RVEA-random_dense-2P', 'Equivalence_Line_9: SMSEMOA-greedy_ting-2P to RVEA-random_dense-HUX', 'Equivalence_Line_10: NSGA3-greedy_ting-2P to RVEA-greedy_ting-HUX', 'Equivalence_Line_11: UNSGA3-greedy_ting-HUX to RVEA-greedy_ting-1P', 'Equivalence_Line_12: AGEMOEA2-random_dense-1P to RVEA-greedy_ting-2P', 'Equivalence_Line_13: NSGA3-greedy_ting-1P to SPEA2-greedy_multi-UX', 'Equivalence_Line_14: UNSGA3-greedy_ting-1P to AGEMOEA2-greedy_multi-HUX', 'Equivalence_Line_15: SMSEMOA-greedy_ting-UX to NSGA3-greedy_multi-UX', 'Equivalence_Line_16: SMSEMOA-greedy_ting-HUX to NSGA2-greedy_multi-1P', 'Equivalence_Line_17: SMSEMOA-random_dense-1P to NSGA3-greedy_multi-2P', 'Equivalence_Line_18: RVEA-random_dense-2P to NSGA3-greedy_multi-1P', 'Equivalence_Line_19: RVEA-random_dense-1P to SMSEMOA-greedy_multi-UX', 'Equivalence_Line_20: RVEA-random_dense-UX to SMSEMOA-greedy_multi-HUX', 'Equivalence_Line_21: RVEA-greedy_ting-HUX to SMSEMOA-greedy_multi-2P', 'Equivalence_Line_22: RVEA-greedy_ting-1P to SMSEMOA-greedy_multi-1P', 'Equivalence_Line_23: SPEA2-greedy_multi-HUX to RVEA-greedy_multi-1P']"
SMSEMOA-random_dense-1P,0.377505744240235,"['Equivalence_Line_1: NSGA2-random_dense-HUX to NSGA3-greedy_ting-UX', 'Equivalence_Line_2: NSGA2-greedy_ting-HUX to UNSGA3-greedy_ting-HUX', 'Equivalence_Line_3: UNSGA3-random_dense-UX to SMSEMOA-greedy_ting-1P', 'Equivalence_Line_4: NSGA2-greedy_ting-2P to UNSGA3-greedy_ting-1P', 'Equivalence_Line_5: NSGA2-random_dense-2P to SPEA2-greedy_ting-UX', 'Equivalence_Line_6: AGEMOEA2-greedy_ting-1P to SPEA2-greedy_ting-2P', 'Equivalence_Line_7: SPEA2-random_dense-UX to SMSEMOA-random_dense-1P', 'Equivalence_Line_8: UNSGA3-greedy_ting-2P to RVEA-random_dense-2P', 'Equivalence_Line_9: SMSEMOA-greedy_ting-2P to RVEA-random_dense-HUX', 'Equivalence_Line_10: NSGA3-greedy_ting-2P to RVEA-greedy_ting-HUX', 'Equivalence_Line_11: UNSGA3-greedy_ting-HUX to RVEA-greedy_ting-1P', 'Equivalence_Line_12: AGEMOEA2-random_dense-1P to RVEA-greedy_ting-2P', 'Equivalence_Line_13: NSGA3-greedy_ting-1P to SPEA2-greedy_multi-UX', 'Equivalence_Line_14: UNSGA3-greedy_ting-1P to AGEMOEA2-greedy_multi-HUX', 'Equivalence_Line_15: SMSEMOA-greedy_ting-UX to NSGA3-greedy_multi-UX', 'Equivalence_Line_16: SMSEMOA-greedy_ting-HUX to NSGA2-greedy_multi-1P', 'Equivalence_Line_17: SMSEMOA-random_dense-1P to NSGA3-greedy_multi-2P', 'Equivalence_Line_18: RVEA-random_dense-2P to NSGA3-greedy_multi-1P', 'Equivalence_Line_19: RVEA-random_dense-1P to SMSEMOA-greedy_multi-UX', 'Equivalence_Line_20: RVEA-random_dense-UX to SMSEMOA-greedy_multi-HUX', 'Equivalence_Line_21: RVEA-greedy_ting-HUX to SMSEMOA-greedy_multi-2P', 'Equivalence_Line_22: RVEA-greedy_ting-1P to SMSEMOA-greedy_multi-1P', 'Equivalence_Line_23: SPEA2-greedy_multi-HUX to RVEA-greedy_multi-1P']"
RVEA-random_dense-2P,0.28351213250860957,"['Equivalence_Line_1: NSGA2-random_dense-HUX to NSGA3-greedy_ting-UX', 'Equivalence_Line_2: NSGA2-greedy_ting-HUX to UNSGA3-greedy_ting-HUX', 'Equivalence_Line_3: UNSGA3-random_dense-UX to SMSEMOA-greedy_ting-1P', 'Equivalence_Line_4: NSGA2-greedy_ting-2P to UNSGA3-greedy_ting-1P', 'Equivalence_Line_5: NSGA2-random_dense-2P to SPEA2-greedy_ting-UX', 'Equivalence_Line_6: AGEMOEA2-greedy_ting-1P to SPEA2-greedy_ting-2P', 'Equivalence_Line_7: SPEA2-random_dense-UX to SMSEMOA-random_dense-1P', 'Equivalence_Line_8: UNSGA3-greedy_ting-2P to RVEA-random_dense-2P', 'Equivalence_Line_9: SMSEMOA-greedy_ting-2P to RVEA-random_dense-HUX', 'Equivalence_Line_10: NSGA3-greedy_ting-2P to RVEA-greedy_ting-HUX', 'Equivalence_Line_11: UNSGA3-greedy_ting-HUX to RVEA-greedy_ting-1P', 'Equivalence_Line_12: AGEMOEA2-random_dense-1P to RVEA-greedy_ting-2P', 'Equivalence_Line_13: NSGA3-greedy_ting-1P to SPEA2-greedy_multi-UX', 'Equivalence_Line_14: UNSGA3-greedy_ting-1P to AGEMOEA2-greedy_multi-HUX', 'Equivalence_Line_15: SMSEMOA-greedy_ting-UX to NSGA3-greedy_multi-UX', 'Equivalence_Line_16: SMSEMOA-greedy_ting-HUX to NSGA2-greedy_multi-1P', 'Equivalence_Line_17: SMSEMOA-random_dense-1P to NSGA3-greedy_multi-2P', 'Equivalence_Line_18: RVEA-random_dense-2P to NSGA3-greedy_multi-1P', 'Equivalence_Line_19: RVEA-random_dense-1P to SMSEMOA-greedy_multi-UX', 'Equivalence_Line_20: RVEA-random_dense-UX to SMSEMOA-greedy_multi-HUX', 'Equivalence_Line_21: RVEA-greedy_ting-HUX to SMSEMOA-greedy_multi-2P', 'Equivalence_Line_22: RVEA-greedy_ting-1P to SMSEMOA-greedy_multi-1P', 'Equivalence_Line_23: SPEA2-greedy_multi-HUX to RVEA-greedy_multi-1P']"
RVEA-random_dense-1P,0.27783696983906814,"['Equivalence_Line_1: NSGA2-random_dense-HUX to NSGA3-greedy_ting-UX', 'Equivalence_Line_2: NSGA2-greedy_ting-HUX to UNSGA3-greedy_ting-HUX', 'Equivalence_Line_3: UNSGA3-random_dense-UX to SMSEMOA-greedy_ting-1P', 'Equivalence_Line_4: NSGA2-greedy_ting-2P to UNSGA3-greedy_ting-1P', 'Equivalence_Line_5: NSGA2-random_dense-2P to SPEA2-greedy_ting-UX', 'Equivalence_Line_6: AGEMOEA2-greedy_ting-1P to SPEA2-greedy_ting-2P', 'Equivalence_Line_7: SPEA2-random_dense-UX to SMSEMOA-random_dense-1P', 'Equivalence_Line_8: UNSGA3-greedy_ting-2P to RVEA-random_dense-2P', 'Equivalence_Line_9: SMSEMOA-greedy_ting-2P to RVEA-random_dense-HUX', 'Equivalence_Line_10: NSGA3-greedy_ting-2P to RVEA-greedy_ting-HUX', 'Equivalence_Line_11: UNSGA3-greedy_ting-HUX to RVEA-greedy_ting-1P', 'Equivalence_Line_12: AGEMOEA2-random_dense-1P to RVEA-greedy_ting-2P', 'Equivalence_Line_13: NSGA3-greedy_ting-1P to SPEA2-greedy_multi-UX', 'Equivalence_Line_14: UNSGA3-greedy_ting-1P to AGEMOEA2-greedy_multi-HUX', 'Equivalence_Line_15: SMSEMOA-greedy_ting-UX to NSGA3-greedy_multi-UX', 'Equivalence_Line_16: SMSEMOA-greedy_ting-HUX to NSGA2-greedy_multi-1P', 'Equivalence_Line_17: SMSEMOA-random_dense-1P to NSGA3-greedy_multi-2P', 'Equivalence_Line_18: RVEA-random_dense-2P to NSGA3-greedy_multi-1P', 'Equivalence_Line_19: RVEA-random_dense-1P to SMSEMOA-greedy_multi-UX', 'Equivalence_Line_20: RVEA-random_dense-UX to SMSEMOA-greedy_multi-HUX', 'Equivalence_Line_21: RVEA-greedy_ting-HUX to SMSEMOA-greedy_multi-2P', 'Equivalence_Line_22: RVEA-greedy_ting-1P to SMSEMOA-greedy_multi-1P', 'Equivalence_Line_23: SPEA2-greedy_multi-HUX to RVEA-greedy_multi-1P']"
RVEA-random_dense-UX,0.2745328124167778,"['Equivalence_Line_1: NSGA2-random_dense-HUX to NSGA3-greedy_ting-UX', 'Equivalence_Line_2: NSGA2-greedy_ting-HUX to UNSGA3-greedy_ting-HUX', 'Equivalence_Line_3: UNSGA3-random_dense-UX to SMSEMOA-greedy_ting-1P', 'Equivalence_Line_4: NSGA2-greedy_ting-2P to UNSGA3-greedy_ting-1P', 'Equivalence_Line_5: NSGA2-random_dense-2P to SPEA2-greedy_ting-UX', 'Equivalence_Line_6: AGEMOEA2-greedy_ting-1P to SPEA2-greedy_ting-2P', 'Equivalence_Line_7: SPEA2-random_dense-UX to SMSEMOA-random_dense-1P', 'Equivalence_Line_8: UNSGA3-greedy_ting-2P to RVEA-random_dense-2P', 'Equivalence_Line_9: SMSEMOA-greedy_ting-2P to RVEA-random_dense-HUX', 'Equivalence_Line_10: NSGA3-greedy_ting-2P to RVEA-greedy_ting-HUX', 'Equivalence_Line_11: UNSGA3-greedy_ting-HUX to RVEA-greedy_ting-1P', 'Equivalence_Line_12: AGEMOEA2-random_dense-1P to RVEA-greedy_ting-2P', 'Equivalence_Line_13: NSGA3-greedy_ting-1P to SPEA2-greedy_multi-UX', 'Equivalence_Line_14: UNSGA3-greedy_ting-1P to AGEMOEA2-greedy_multi-HUX', 'Equivalence_Line_15: SMSEMOA-greedy_ting-UX to NSGA3-greedy_multi-UX', 'Equivalence_Line_16: SMSEMOA-greedy_ting-HUX to NSGA2-greedy_multi-1P', 'Equivalence_Line_17: SMSEMOA-random_dense-1P to NSGA3-greedy_multi-2P', 'Equivalence_Line_18: RVEA-random_dense-2P to NSGA3-greedy_multi-1P', 'Equivalence_Line_19: RVEA-random_dense-1P to SMSEMOA-greedy_multi-UX', 'Equivalence_Line_20: RVEA-random_dense-UX to SMSEMOA-greedy_multi-HUX', 'Equivalence_Line_21: RVEA-greedy_ting-HUX to SMSEMOA-greedy_multi-2P', 'Equivalence_Line_22: RVEA-greedy_ting-1P to SMSEMOA-greedy_multi-1P', 'Equivalence_Line_23: SPEA2-greedy_multi-HUX to RVEA-greedy_multi-1P']"
RVEA-random_dense-HUX,0.26477215553089456,"['Equivalence_Line_1: NSGA2-random_dense-HUX to NSGA3-greedy_ting-UX', 'Equivalence_Line_2: NSGA2-greedy_ting-HUX to UNSGA3-greedy_ting-HUX', 'Equivalence_Line_3: UNSGA3-random_dense-UX to SMSEMOA-greedy_ting-1P', 'Equivalence_Line_4: NSGA2-greedy_ting-2P to UNSGA3-greedy_ting-1P', 'Equivalence_Line_5: NSGA2-random_dense-2P to SPEA2-greedy_ting-UX', 'Equivalence_Line_6: AGEMOEA2-greedy_ting-1P to SPEA2-greedy_ting-2P', 'Equivalence_Line_7: SPEA2-random_dense-UX to SMSEMOA-random_dense-1P', 'Equivalence_Line_8: UNSGA3-greedy_ting-2P to RVEA-random_dense-2P', 'Equivalence_Line_9: SMSEMOA-greedy_ting-2P to RVEA-random_dense-HUX', 'Equivalence_Line_10: NSGA3-greedy_ting-2P to RVEA-greedy_ting-HUX', 'Equivalence_Line_11: UNSGA3-greedy_ting-HUX to RVEA-greedy_ting-1P', 'Equivalence_Line_12: AGEMOEA2-random_dense-1P to RVEA-greedy_ting-2P', 'Equivalence_Line_13: NSGA3-greedy_ting-1P to SPEA2-greedy_multi-UX', 'Equivalence_Line_14: UNSGA3-greedy_ting-1P to AGEMOEA2-greedy_multi-HUX', 'Equivalence_Line_15: SMSEMOA-greedy_ting-UX to NSGA3-greedy_multi-UX', 'Equivalence_Line_16: SMSEMOA-greedy_ting-HUX to NSGA2-greedy_multi-1P', 'Equivalence_Line_17: SMSEMOA-random_dense-1P to NSGA3-greedy_multi-2P', 'Equivalence_Line_18: RVEA-random_dense-2P to NSGA3-greedy_multi-1P', 'Equivalence_Line_19: RVEA-random_dense-1P to SMSEMOA-greedy_multi-UX', 'Equivalence_Line_20: RVEA-random_dense-UX to SMSEMOA-greedy_multi-HUX', 'Equivalence_Line_21: RVEA-greedy_ting-HUX to SMSEMOA-greedy_multi-2P', 'Equivalence_Line_22: RVEA-greedy_ting-1P to SMSEMOA-greedy_multi-1P', 'Equivalence_Line_23: SPEA2-greedy_multi-HUX to RVEA-greedy_multi-1P']"
RVEA-greedy_ting-UX,0.24973329416458356,"['Equivalence_Line_1: NSGA2-random_dense-HUX to NSGA3-greedy_ting-UX', 'Equivalence_Line_2: NSGA2-greedy_ting-HUX to UNSGA3-greedy_ting-HUX', 'Equivalence_Line_3: UNSGA3-random_dense-UX to SMSEMOA-greedy_ting-1P', 'Equivalence_Line_4: NSGA2-greedy_ting-2P to UNSGA3-greedy_ting-1P', 'Equivalence_Line_5: NSGA2-random_dense-2P to SPEA2-greedy_ting-UX', 'Equivalence_Line_6: AGEMOEA2-greedy_ting-1P to SPEA2-greedy_ting-2P', 'Equivalence_Line_7: SPEA2-random_dense-UX to SMSEMOA-random_dense-1P', 'Equivalence_Line_8: UNSGA3-greedy_ting-2P to RVEA-random_dense-2P', 'Equivalence_Line_9: SMSEMOA-greedy_ting-2P to RVEA-random_dense-HUX', 'Equivalence_Line_10: NSGA3-greedy_ting-2P to RVEA-greedy_ting-HUX', 'Equivalence_Line_11: UNSGA3-greedy_ting-HUX to RVEA-greedy_ting-1P', 'Equivalence_Line_12: AGEMOEA2-random_dense-1P to RVEA-greedy_ting-2P', 'Equivalence_Line_13: NSGA3-greedy_ting-1P to SPEA2-greedy_multi-UX', 'Equivalence_Line_14: UNSGA3-greedy_ting-1P to AGEMOEA2-greedy_multi-HUX', 'Equivalence_Line_15: SMSEMOA-greedy_ting-UX to NSGA3-greedy_multi-UX', 'Equivalence_Line_16: SMSEMOA-greedy_ting-HUX to NSGA2-greedy_multi-1P', 'Equivalence_Line_17: SMSEMOA-random_dense-1P to NSGA3-greedy_multi-2P', 'Equivalence_Line_18: RVEA-random_dense-2P to NSGA3-greedy_multi-1P', 'Equivalence_Line_19: RVEA-random_dense-1P to SMSEMOA-greedy_multi-UX', 'Equivalence_Line_20: RVEA-random_dense-UX to SMSEMOA-greedy_multi-HUX', 'Equivalence_Line_21: RVEA-greedy_ting-HUX to SMSEMOA-greedy_multi-2P', 'Equivalence_Line_22: RVEA-greedy_ting-1P to SMSEMOA-greedy_multi-1P', 'Equivalence_Line_23: SPEA2-greedy_multi-HUX to RVEA-greedy_multi-1P']"
RVEA-greedy_ting-HUX,0.2371909858815362,"['Equivalence_Line_1: NSGA2-random_dense-HUX to NSGA3-greedy_ting-UX', 'Equivalence_Line_2: NSGA2-greedy_ting-HUX to UNSGA3-greedy_ting-HUX', 'Equivalence_Line_3: UNSGA3-random_dense-UX to SMSEMOA-greedy_ting-1P', 'Equivalence_Line_4: NSGA2-greedy_ting-2P to UNSGA3-greedy_ting-1P', 'Equivalence_Line_5: NSGA2-random_dense-2P to SPEA2-greedy_ting-UX', 'Equivalence_Line_6: AGEMOEA2-greedy_ting-1P to SPEA2-greedy_ting-2P', 'Equivalence_Line_7: SPEA2-random_dense-UX to SMSEMOA-random_dense-1P', 'Equivalence_Line_8: UNSGA3-greedy_ting-2P to RVEA-random_dense-2P', 'Equivalence_Line_9: SMSEMOA-greedy_ting-2P to RVEA-random_dense-HUX', 'Equivalence_Line_10: NSGA3-greedy_ting-2P to RVEA-greedy_ting-HUX', 'Equivalence_Line_11: UNSGA3-greedy_ting-HUX to RVEA-greedy_ting-1P', 'Equivalence_Line_12: AGEMOEA2-random_dense-1P to RVEA-greedy_ting-2P', 'Equivalence_Line_13: NSGA3-greedy_ting-1P to SPEA2-greedy_multi-UX', 'Equivalence_Line_14: UNSGA3-greedy_ting-1P to AGEMOEA2-greedy_multi-HUX', 'Equivalence_Line_15: SMSEMOA-greedy_ting-UX to NSGA3-greedy_multi-UX', 'Equivalence_Line_16: SMSEMOA-greedy_ting-HUX to NSGA2-greedy_multi-1P', 'Equivalence_Line_17: SMSEMOA-random_dense-1P to NSGA3-greedy_multi-2P', 'Equivalence_Line_18: RVEA-random_dense-2P to NSGA3-greedy_multi-1P', 'Equivalence_Line_19: RVEA-random_dense-1P to SMSEMOA-greedy_multi-UX', 'Equivalence_Line_20: RVEA-random_dense-UX to SMSEMOA-greedy_multi-HUX', 'Equivalence_Line_21: RVEA-greedy_ting-HUX to SMSEMOA-greedy_multi-2P', 'Equivalence_Line_22: RVEA-greedy_ting-1P to SMSEMOA-greedy_multi-1P', 'Equivalence_Line_23: SPEA2-greedy_multi-HUX to RVEA-greedy_multi-1P']"
RVEA-greedy_ting-1P,0.20098863779226875,"['Equivalence_Line_1: NSGA2-random_dense-HUX to NSGA3-greedy_ting-UX', 'Equivalence_Line_2: NSGA2-greedy_ting-HUX to UNSGA3-greedy_ting-HUX', 'Equivalence_Line_3: UNSGA3-random_dense-UX to SMSEMOA-greedy_ting-1P', 'Equivalence_Line_4: NSGA2-greedy_ting-2P to UNSGA3-greedy_ting-1P', 'Equivalence_Line_5: NSGA2-random_dense-2P to SPEA2-greedy_ting-UX', 'Equivalence_Line_6: AGEMOEA2-greedy_ting-1P to SPEA2-greedy_ting-2P', 'Equivalence_Line_7: SPEA2-random_dense-UX to SMSEMOA-random_dense-1P', 'Equivalence_Line_8: UNSGA3-greedy_ting-2P to RVEA-random_dense-2P', 'Equivalence_Line_9: SMSEMOA-greedy_ting-2P to RVEA-random_dense-HUX', 'Equivalence_Line_10: NSGA3-greedy_ting-2P to RVEA-greedy_ting-HUX', 'Equivalence_Line_11: UNSGA3-greedy_ting-HUX to RVEA-greedy_ting-1P', 'Equivalence_Line_12: AGEMOEA2-random_dense-1P to RVEA-greedy_ting-2P', 'Equivalence_Line_13: NSGA3-greedy_ting-1P to SPEA2-greedy_multi-UX', 'Equivalence_Line_14: UNSGA3-greedy_ting-1P to AGEMOEA2-greedy_multi-HUX', 'Equivalence_Line_15: SMSEMOA-greedy_ting-UX to NSGA3-greedy_multi-UX', 'Equivalence_Line_16: SMSEMOA-greedy_ting-HUX to NSGA2-greedy_multi-1P', 'Equivalence_Line_17: SMSEMOA-random_dense-1P to NSGA3-greedy_multi-2P', 'Equivalence_Line_18: RVEA-random_dense-2P to NSGA3-greedy_multi-1P', 'Equivalence_Line_19: RVEA-random_dense-1P to SMSEMOA-greedy_multi-UX', 'Equivalence_Line_20: RVEA-random_dense-UX to SMSEMOA-greedy_multi-HUX', 'Equivalence_Line_21: RVEA-greedy_ting-HUX to SMSEMOA-greedy_multi-2P', 'Equivalence_Line_22: RVEA-greedy_ting-1P to SMSEMOA-greedy_multi-1P', 'Equivalence_Line_23: SPEA2-greedy_multi-HUX to RVEA-greedy_multi-1P']"
RVEA-greedy_ting-2P,0.1600292296423614,"['Equivalence_Line_1: NSGA2-random_dense-HUX to NSGA3-greedy_ting-UX', 'Equivalence_Line_2: NSGA2-greedy_ting-HUX to UNSGA3-greedy_ting-HUX', 'Equivalence_Line_3: UNSGA3-random_dense-UX to SMSEMOA-greedy_ting-1P', 'Equivalence_Line_4: NSGA2-greedy_ting-2P to UNSGA3-greedy_ting-1P', 'Equivalence_Line_5: NSGA2-random_dense-2P to SPEA2-greedy_ting-UX', 'Equivalence_Line_6: AGEMOEA2-greedy_ting-1P to SPEA2-greedy_ting-2P', 'Equivalence_Line_7: SPEA2-random_dense-UX to SMSEMOA-random_dense-1P', 'Equivalence_Line_8: UNSGA3-greedy_ting-2P to RVEA-random_dense-2P', 'Equivalence_Line_9: SMSEMOA-greedy_ting-2P to RVEA-random_dense-HUX', 'Equivalence_Line_10: NSGA3-greedy_ting-2P to RVEA-greedy_ting-HUX', 'Equivalence_Line_11: UNSGA3-greedy_ting-HUX to RVEA-greedy_ting-1P', 'Equivalence_Line_12: AGEMOEA2-random_dense-1P to RVEA-greedy_ting-2P', 'Equivalence_Line_13: NSGA3-greedy_ting-1P to SPEA2-greedy_multi-UX', 'Equivalence_Line_14: UNSGA3-greedy_ting-1P to AGEMOEA2-greedy_multi-HUX', 'Equivalence_Line_15: SMSEMOA-greedy_ting-UX to NSGA3-greedy_multi-UX', 'Equivalence_Line_16: SMSEMOA-greedy_ting-HUX to NSGA2-greedy_multi-1P', 'Equivalence_Line_17: SMSEMOA-random_dense-1P to NSGA3-greedy_multi-2P', 'Equivalence_Line_18: RVEA-random_dense-2P to NSGA3-greedy_multi-1P', 'Equivalence_Line_19: RVEA-random_dense-1P to SMSEMOA-greedy_multi-UX', 'Equivalence_Line_20: RVEA-random_dense-UX to SMSEMOA-greedy_multi-HUX', 'Equivalence_Line_21: RVEA-greedy_ting-HUX to SMSEMOA-greedy_multi-2P', 'Equivalence_Line_22: RVEA-greedy_ting-1P to SMSEMOA-greedy_multi-1P', 'Equivalence_Line_23: SPEA2-greedy_multi-HUX to RVEA-greedy_multi-1P']"
SPEA2-greedy_multi-HUX,0.062266933791200935,"['Equivalence_Line_1: NSGA2-random_dense-HUX to NSGA3-greedy_ting-UX', 'Equivalence_Line_2: NSGA2-greedy_ting-HUX to UNSGA3-greedy_ting-HUX', 'Equivalence_Line_3: UNSGA3-random_dense-UX to SMSEMOA-greedy_ting-1P', 'Equivalence_Line_4: NSGA2-greedy_ting-2P to UNSGA3-greedy_ting-1P', 'Equivalence_Line_5: NSGA2-random_dense-2P to SPEA2-greedy_ting-UX', 'Equivalence_Line_6: AGEMOEA2-greedy_ting-1P to SPEA2-greedy_ting-2P', 'Equivalence_Line_7: SPEA2-random_dense-UX to SMSEMOA-random_dense-1P', 'Equivalence_Line_8: UNSGA3-greedy_ting-2P to RVEA-random_dense-2P', 'Equivalence_Line_9: SMSEMOA-greedy_ting-2P to RVEA-random_dense-HUX', 'Equivalence_Line_10: NSGA3-greedy_ting-2P to RVEA-greedy_ting-HUX', 'Equivalence_Line_11: UNSGA3-greedy_ting-HUX to RVEA-greedy_ting-1P', 'Equivalence_Line_12: AGEMOEA2-random_dense-1P to RVEA-greedy_ting-2P', 'Equivalence_Line_13: NSGA3-greedy_ting-1P to SPEA2-greedy_multi-UX', 'Equivalence_Line_14: UNSGA3-greedy_ting-1P to AGEMOEA2-greedy_multi-HUX', 'Equivalence_Line_15: SMSEMOA-greedy_ting-UX to NSGA3-greedy_multi-UX', 'Equivalence_Line_16: SMSEMOA-greedy_ting-HUX to NSGA2-greedy_multi-1P', 'Equivalence_Line_17: SMSEMOA-random_dense-1P to NSGA3-greedy_multi-2P', 'Equivalence_Line_18: RVEA-random_dense-2P to NSGA3-greedy_multi-1P', 'Equivalence_Line_19: RVEA-random_dense-1P to SMSEMOA-greedy_multi-UX', 'Equivalence_Line_20: RVEA-random_dense-UX to SMSEMOA-greedy_multi-HUX', 'Equivalence_Line_21: RVEA-greedy_ting-HUX to SMSEMOA-greedy_multi-2P', 'Equivalence_Line_22: RVEA-greedy_ting-1P to SMSEMOA-greedy_multi-1P', 'Equivalence_Line_23: SPEA2-greedy_multi-HUX to RVEA-greedy_multi-1P']"
NSGA2-greedy_multi-HUX,0.06221209670779904,"['Equivalence_Line_1: NSGA2-random_dense-HUX to NSGA3-greedy_ting-UX', 'Equivalence_Line_2: NSGA2-greedy_ting-HUX to UNSGA3-greedy_ting-HUX', 'Equivalence_Line_3: UNSGA3-random_dense-UX to SMSEMOA-greedy_ting-1P', 'Equivalence_Line_4: NSGA2-greedy_ting-2P to UNSGA3-greedy_ting-1P', 'Equivalence_Line_5: NSGA2-random_dense-2P to SPEA2-greedy_ting-UX', 'Equivalence_Line_6: AGEMOEA2-greedy_ting-1P to SPEA2-greedy_ting-2P', 'Equivalence_Line_7: SPEA2-random_dense-UX to SMSEMOA-random_dense-1P', 'Equivalence_Line_8: UNSGA3-greedy_ting-2P to RVEA-random_dense-2P', 'Equivalence_Line_9: SMSEMOA-greedy_ting-2P to RVEA-random_dense-HUX', 'Equivalence_Line_10: NSGA3-greedy_ting-2P to RVEA-greedy_ting-HUX', 'Equivalence_Line_11: UNSGA3-greedy_ting-HUX to RVEA-greedy_ting-1P', 'Equivalence_Line_12: AGEMOEA2-random_dense-1P to RVEA-greedy_ting-2P', 'Equivalence_Line_13: NSGA3-greedy_ting-1P to SPEA2-greedy_multi-UX', 'Equivalence_Line_14: UNSGA3-greedy_ting-1P to AGEMOEA2-greedy_multi-HUX', 'Equivalence_Line_15: SMSEMOA-greedy_ting-UX to NSGA3-greedy_multi-UX', 'Equivalence_Line_16: SMSEMOA-greedy_ting-HUX to NSGA2-greedy_multi-1P', 'Equivalence_Line_17: SMSEMOA-random_dense-1P to NSGA3-greedy_multi-2P', 'Equivalence_Line_18: RVEA-random_dense-2P to NSGA3-greedy_multi-1P', 'Equivalence_Line_19: RVEA-random_dense-1P to SMSEMOA-greedy_multi-UX', 'Equivalence_Line_20: RVEA-random_dense-UX to SMSEMOA-greedy_multi-HUX', 'Equivalence_Line_21: RVEA-greedy_ting-HUX to SMSEMOA-greedy_multi-2P', 'Equivalence_Line_22: RVEA-greedy_ting-1P to SMSEMOA-greedy_multi-1P', 'Equivalence_Line_23: SPEA2-greedy_multi-HUX to RVEA-greedy_multi-1P']"
NSGA2-greedy_multi-UX,0.06160941026933311,"['Equivalence_Line_1: NSGA2-random_dense-HUX to NSGA3-greedy_ting-UX', 'Equivalence_Line_2: NSGA2-greedy_ting-HUX to UNSGA3-greedy_ting-HUX', 'Equivalence_Line_3: UNSGA3-random_dense-UX to SMSEMOA-greedy_ting-1P', 'Equivalence_Line_4: NSGA2-greedy_ting-2P to UNSGA3-greedy_ting-1P', 'Equivalence_Line_5: NSGA2-random_dense-2P to SPEA2-greedy_ting-UX', 'Equivalence_Line_6: AGEMOEA2-greedy_ting-1P to SPEA2-greedy_ting-2P', 'Equivalence_Line_7: SPEA2-random_dense-UX to SMSEMOA-random_dense-1P', 'Equivalence_Line_8: UNSGA3-greedy_ting-2P to RVEA-random_dense-2P', 'Equivalence_Line_9: SMSEMOA-greedy_ting-2P to RVEA-random_dense-HUX', 'Equivalence_Line_10: NSGA3-greedy_ting-2P to RVEA-greedy_ting-HUX', 'Equivalence_Line_11: UNSGA3-greedy_ting-HUX to RVEA-greedy_ting-1P', 'Equivalence_Line_12: AGEMOEA2-random_dense-1P to RVEA-greedy_ting-2P', 'Equivalence_Line_13: NSGA3-greedy_ting-1P to SPEA2-greedy_multi-UX', 'Equivalence_Line_14: UNSGA3-greedy_ting-1P to AGEMOEA2-greedy_multi-HUX', 'Equivalence_Line_15: SMSEMOA-greedy_ting-UX to NSGA3-greedy_multi-UX', 'Equivalence_Line_16: SMSEMOA-greedy_ting-HUX to NSGA2-greedy_multi-1P', 'Equivalence_Line_17: SMSEMOA-random_dense-1P to NSGA3-greedy_multi-2P', 'Equivalence_Line_18: RVEA-random_dense-2P to NSGA3-greedy_multi-1P', 'Equivalence_Line_19: RVEA-random_dense-1P to SMSEMOA-greedy_multi-UX', 'Equivalence_Line_20: RVEA-random_dense-UX to SMSEMOA-greedy_multi-HUX', 'Equivalence_Line_21: RVEA-greedy_ting-HUX to SMSEMOA-greedy_multi-2P', 'Equivalence_Line_22: RVEA-greedy_ting-1P to SMSEMOA-greedy_multi-1P', 'Equivalence_Line_23: SPEA2-greedy_multi-HUX to RVEA-greedy_multi-1P']"
SPEA2-greedy_multi-UX,0.059768163643502216,"['Equivalence_Line_1: NSGA2-random_dense-HUX to NSGA3-greedy_ting-UX', 'Equivalence_Line_2: NSGA2-greedy_ting-HUX to UNSGA3-greedy_ting-HUX', 'Equivalence_Line_3: UNSGA3-random_dense-UX to SMSEMOA-greedy_ting-1P', 'Equivalence_Line_4: NSGA2-greedy_ting-2P to UNSGA3-greedy_ting-1P', 'Equivalence_Line_5: NSGA2-random_dense-2P to SPEA2-greedy_ting-UX', 'Equivalence_Line_6: AGEMOEA2-greedy_ting-1P to SPEA2-greedy_ting-2P', 'Equivalence_Line_7: SPEA2-random_dense-UX to SMSEMOA-random_dense-1P', 'Equivalence_Line_8: UNSGA3-greedy_ting-2P to RVEA-random_dense-2P', 'Equivalence_Line_9: SMSEMOA-greedy_ting-2P to RVEA-random_dense-HUX', 'Equivalence_Line_10: NSGA3-greedy_ting-2P to RVEA-greedy_ting-HUX', 'Equivalence_Line_11: UNSGA3-greedy_ting-HUX to RVEA-greedy_ting-1P', 'Equivalence_Line_12: AGEMOEA2-random_dense-1P to RVEA-greedy_ting-2P', 'Equivalence_Line_13: NSGA3-greedy_ting-1P to SPEA2-greedy_multi-UX', 'Equivalence_Line_14: UNSGA3-greedy_ting-1P to AGEMOEA2-greedy_multi-HUX', 'Equivalence_Line_15: SMSEMOA-greedy_ting-UX to NSGA3-greedy_multi-UX', 'Equivalence_Line_16: SMSEMOA-greedy_ting-HUX to NSGA2-greedy_multi-1P', 'Equivalence_Line_17: SMSEMOA-random_dense-1P to NSGA3-greedy_multi-2P', 'Equivalence_Line_18: RVEA-random_dense-2P to NSGA3-greedy_multi-1P', 'Equivalence_Line_19: RVEA-random_dense-1P to SMSEMOA-greedy_multi-UX', 'Equivalence_Line_20: RVEA-random_dense-UX to SMSEMOA-greedy_multi-HUX', 'Equivalence_Line_21: RVEA-greedy_ting-HUX to SMSEMOA-greedy_multi-2P', 'Equivalence_Line_22: RVEA-greedy_ting-1P to SMSEMOA-greedy_multi-1P', 'Equivalence_Line_23: SPEA2-greedy_multi-HUX to RVEA-greedy_multi-1P']"
AGEMOEA2-greedy_multi-UX,0.054519710107825296,"['Equivalence_Line_1: NSGA2-random_dense-HUX to NSGA3-greedy_ting-UX', 'Equivalence_Line_2: NSGA2-greedy_ting-HUX to UNSGA3-greedy_ting-HUX', 'Equivalence_Line_3: UNSGA3-random_dense-UX to SMSEMOA-greedy_ting-1P', 'Equivalence_Line_4: NSGA2-greedy_ting-2P to UNSGA3-greedy_ting-1P', 'Equivalence_Line_5: NSGA2-random_dense-2P to SPEA2-greedy_ting-UX', 'Equivalence_Line_6: AGEMOEA2-greedy_ting-1P to SPEA2-greedy_ting-2P', 'Equivalence_Line_7: SPEA2-random_dense-UX to SMSEMOA-random_dense-1P', 'Equivalence_Line_8: UNSGA3-greedy_ting-2P to RVEA-random_dense-2P', 'Equivalence_Line_9: SMSEMOA-greedy_ting-2P to RVEA-random_dense-HUX', 'Equivalence_Line_10: NSGA3-greedy_ting-2P to RVEA-greedy_ting-HUX', 'Equivalence_Line_11: UNSGA3-greedy_ting-HUX to RVEA-greedy_ting-1P', 'Equivalence_Line_12: AGEMOEA2-random_dense-1P to RVEA-greedy_ting-2P', 'Equivalence_Line_13: NSGA3-greedy_ting-1P to SPEA2-greedy_multi-UX', 'Equivalence_Line_14: UNSGA3-greedy_ting-1P to AGEMOEA2-greedy_multi-HUX', 'Equivalence_Line_15: SMSEMOA-greedy_ting-UX to NSGA3-greedy_multi-UX', 'Equivalence_Line_16: SMSEMOA-greedy_ting-HUX to NSGA2-greedy_multi-1P', 'Equivalence_Line_17: SMSEMOA-random_dense-1P to NSGA3-greedy_multi-2P', 'Equivalence_Line_18: RVEA-random_dense-2P to NSGA3-greedy_multi-1P', 'Equivalence_Line_19: RVEA-random_dense-1P to SMSEMOA-greedy_multi-UX', 'Equivalence_Line_20: RVEA-random_dense-UX to SMSEMOA-greedy_multi-HUX', 'Equivalence_Line_21: RVEA-greedy_ting-HUX to SMSEMOA-greedy_multi-2P', 'Equivalence_Line_22: RVEA-greedy_ting-1P to SMSEMOA-greedy_multi-1P', 'Equivalence_Line_23: SPEA2-greedy_multi-HUX to RVEA-greedy_multi-1P']"
AGEMOEA2-greedy_multi-HUX,0.05437579662322708,"['Equivalence_Line_1: NSGA2-random_dense-HUX to NSGA3-greedy_ting-UX', 'Equivalence_Line_2: NSGA2-greedy_ting-HUX to UNSGA3-greedy_ting-HUX', 'Equivalence_Line_3: UNSGA3-random_dense-UX to SMSEMOA-greedy_ting-1P', 'Equivalence_Line_4: NSGA2-greedy_ting-2P to UNSGA3-greedy_ting-1P', 'Equivalence_Line_5: NSGA2-random_dense-2P to SPEA2-greedy_ting-UX', 'Equivalence_Line_6: AGEMOEA2-greedy_ting-1P to SPEA2-greedy_ting-2P', 'Equivalence_Line_7: SPEA2-random_dense-UX to SMSEMOA-random_dense-1P', 'Equivalence_Line_8: UNSGA3-greedy_ting-2P to RVEA-random_dense-2P', 'Equivalence_Line_9: SMSEMOA-greedy_ting-2P to RVEA-random_dense-HUX', 'Equivalence_Line_10: NSGA3-greedy_ting-2P to RVEA-greedy_ting-HUX', 'Equivalence_Line_11: UNSGA3-greedy_ting-HUX to RVEA-greedy_ting-1P', 'Equivalence_Line_12: AGEMOEA2-random_dense-1P to RVEA-greedy_ting-2P', 'Equivalence_Line_13: NSGA3-greedy_ting-1P to SPEA2-greedy_multi-UX', 'Equivalence_Line_14: UNSGA3-greedy_ting-1P to AGEMOEA2-greedy_multi-HUX', 'Equivalence_Line_15: SMSEMOA-greedy_ting-UX to NSGA3-greedy_multi-UX', 'Equivalence_Line_16: SMSEMOA-greedy_ting-HUX to NSGA2-greedy_multi-1P', 'Equivalence_Line_17: SMSEMOA-random_dense-1P to NSGA3-greedy_multi-2P', 'Equivalence_Line_18: RVEA-random_dense-2P to NSGA3-greedy_multi-1P', 'Equivalence_Line_19: RVEA-random_dense-1P to SMSEMOA-greedy_multi-UX', 'Equivalence_Line_20: RVEA-random_dense-UX to SMSEMOA-greedy_multi-HUX', 'Equivalence_Line_21: RVEA-greedy_ting-HUX to SMSEMOA-greedy_multi-2P', 'Equivalence_Line_22: RVEA-greedy_ting-1P to SMSEMOA-greedy_multi-1P', 'Equivalence_Line_23: SPEA2-greedy_multi-HUX to RVEA-greedy_multi-1P']"
NSGA2-greedy_multi-2P,0.04963033370029175,"['Equivalence_Line_1: NSGA2-random_dense-HUX to NSGA3-greedy_ting-UX', 'Equivalence_Line_2: NSGA2-greedy_ting-HUX to UNSGA3-greedy_ting-HUX', 'Equivalence_Line_3: UNSGA3-random_dense-UX to SMSEMOA-greedy_ting-1P', 'Equivalence_Line_4: NSGA2-greedy_ting-2P to UNSGA3-greedy_ting-1P', 'Equivalence_Line_5: NSGA2-random_dense-2P to SPEA2-greedy_ting-UX', 'Equivalence_Line_6: AGEMOEA2-greedy_ting-1P to SPEA2-greedy_ting-2P', 'Equivalence_Line_7: SPEA2-random_dense-UX to SMSEMOA-random_dense-1P', 'Equivalence_Line_8: UNSGA3-greedy_ting-2P to RVEA-random_dense-2P', 'Equivalence_Line_9: SMSEMOA-greedy_ting-2P to RVEA-random_dense-HUX', 'Equivalence_Line_10: NSGA3-greedy_ting-2P to RVEA-greedy_ting-HUX', 'Equivalence_Line_11: UNSGA3-greedy_ting-HUX to RVEA-greedy_ting-1P', 'Equivalence_Line_12: AGEMOEA2-random_dense-1P to RVEA-greedy_ting-2P', 'Equivalence_Line_13: NSGA3-greedy_ting-1P to SPEA2-greedy_multi-UX', 'Equivalence_Line_14: UNSGA3-greedy_ting-1P to AGEMOEA2-greedy_multi-HUX', 'Equivalence_Line_15: SMSEMOA-greedy_ting-UX to NSGA3-greedy_multi-UX', 'Equivalence_Line_16: SMSEMOA-greedy_ting-HUX to NSGA2-greedy_multi-1P', 'Equivalence_Line_17: SMSEMOA-random_dense-1P to NSGA3-greedy_multi-2P', 'Equivalence_Line_18: RVEA-random_dense-2P to NSGA3-greedy_multi-1P', 'Equivalence_Line_19: RVEA-random_dense-1P to SMSEMOA-greedy_multi-UX', 'Equivalence_Line_20: RVEA-random_dense-UX to SMSEMOA-greedy_multi-HUX', 'Equivalence_Line_21: RVEA-greedy_ting-HUX to SMSEMOA-greedy_multi-2P', 'Equivalence_Line_22: RVEA-greedy_ting-1P to SMSEMOA-greedy_multi-1P', 'Equivalence_Line_23: SPEA2-greedy_multi-HUX to RVEA-greedy_multi-1P']"
UNSGA3-greedy_multi-UX,0.0491978554157353,"['Equivalence_Line_1: NSGA2-random_dense-HUX to NSGA3-greedy_ting-UX', 'Equivalence_Line_2: NSGA2-greedy_ting-HUX to UNSGA3-greedy_ting-HUX', 'Equivalence_Line_3: UNSGA3-random_dense-UX to SMSEMOA-greedy_ting-1P', 'Equivalence_Line_4: NSGA2-greedy_ting-2P to UNSGA3-greedy_ting-1P', 'Equivalence_Line_5: NSGA2-random_dense-2P to SPEA2-greedy_ting-UX', 'Equivalence_Line_6: AGEMOEA2-greedy_ting-1P to SPEA2-greedy_ting-2P', 'Equivalence_Line_7: SPEA2-random_dense-UX to SMSEMOA-random_dense-1P', 'Equivalence_Line_8: UNSGA3-greedy_ting-2P to RVEA-random_dense-2P', 'Equivalence_Line_9: SMSEMOA-greedy_ting-2P to RVEA-random_dense-HUX', 'Equivalence_Line_10: NSGA3-greedy_ting-2P to RVEA-greedy_ting-HUX', 'Equivalence_Line_11: UNSGA3-greedy_ting-HUX to RVEA-greedy_ting-1P', 'Equivalence_Line_12: AGEMOEA2-random_dense-1P to RVEA-greedy_ting-2P', 'Equivalence_Line_13: NSGA3-greedy_ting-1P to SPEA2-greedy_multi-UX', 'Equivalence_Line_14: UNSGA3-greedy_ting-1P to AGEMOEA2-greedy_multi-HUX', 'Equivalence_Line_15: SMSEMOA-greedy_ting-UX to NSGA3-greedy_multi-UX', 'Equivalence_Line_16: SMSEMOA-greedy_ting-HUX to NSGA2-greedy_multi-1P', 'Equivalence_Line_17: SMSEMOA-random_dense-1P to NSGA3-greedy_multi-2P', 'Equivalence_Line_18: RVEA-random_dense-2P to NSGA3-greedy_multi-1P', 'Equivalence_Line_19: RVEA-random_dense-1P to SMSEMOA-greedy_multi-UX', 'Equivalence_Line_20: RVEA-random_dense-UX to SMSEMOA-greedy_multi-HUX', 'Equivalence_Line_21: RVEA-greedy_ting-HUX to SMSEMOA-greedy_multi-2P', 'Equivalence_Line_22: RVEA-greedy_ting-1P to SMSEMOA-greedy_multi-1P', 'Equivalence_Line_23: SPEA2-greedy_multi-HUX to RVEA-greedy_multi-1P']"
NSGA3-greedy_multi-HUX,0.048450837538334755,"['Equivalence_Line_1: NSGA2-random_dense-HUX to NSGA3-greedy_ting-UX', 'Equivalence_Line_2: NSGA2-greedy_ting-HUX to UNSGA3-greedy_ting-HUX', 'Equivalence_Line_3: UNSGA3-random_dense-UX to SMSEMOA-greedy_ting-1P', 'Equivalence_Line_4: NSGA2-greedy_ting-2P to UNSGA3-greedy_ting-1P', 'Equivalence_Line_5: NSGA2-random_dense-2P to SPEA2-greedy_ting-UX', 'Equivalence_Line_6: AGEMOEA2-greedy_ting-1P to SPEA2-greedy_ting-2P', 'Equivalence_Line_7: SPEA2-random_dense-UX to SMSEMOA-random_dense-1P', 'Equivalence_Line_8: UNSGA3-greedy_ting-2P to RVEA-random_dense-2P', 'Equivalence_Line_9: SMSEMOA-greedy_ting-2P to RVEA-random_dense-HUX', 'Equivalence_Line_10: NSGA3-greedy_ting-2P to RVEA-greedy_ting-HUX', 'Equivalence_Line_11: UNSGA3-greedy_ting-HUX to RVEA-greedy_ting-1P', 'Equivalence_Line_12: AGEMOEA2-random_dense-1P to RVEA-greedy_ting-2P', 'Equivalence_Line_13: NSGA3-greedy_ting-1P to SPEA2-greedy_multi-UX', 'Equivalence_Line_14: UNSGA3-greedy_ting-1P to AGEMOEA2-greedy_multi-HUX', 'Equivalence_Line_15: SMSEMOA-greedy_ting-UX to NSGA3-greedy_multi-UX', 'Equivalence_Line_16: SMSEMOA-greedy_ting-HUX to NSGA2-greedy_multi-1P', 'Equivalence_Line_17: SMSEMOA-random_dense-1P to NSGA3-greedy_multi-2P', 'Equivalence_Line_18: RVEA-random_dense-2P to NSGA3-greedy_multi-1P', 'Equivalence_Line_19: RVEA-random_dense-1P to SMSEMOA-greedy_multi-UX', 'Equivalence_Line_20: RVEA-random_dense-UX to SMSEMOA-greedy_multi-HUX', 'Equivalence_Line_21: RVEA-greedy_ting-HUX to SMSEMOA-greedy_multi-2P', 'Equivalence_Line_22: RVEA-greedy_ting-1P to SMSEMOA-greedy_multi-1P', 'Equivalence_Line_23: SPEA2-greedy_multi-HUX to RVEA-greedy_multi-1P']"
UNSGA3-greedy_multi-HUX,0.04727173124327186,"['Equivalence_Line_1: NSGA2-random_dense-HUX to NSGA3-greedy_ting-UX', 'Equivalence_Line_2: NSGA2-greedy_ting-HUX to UNSGA3-greedy_ting-HUX', 'Equivalence_Line_3: UNSGA3-random_dense-UX to SMSEMOA-greedy_ting-1P', 'Equivalence_Line_4: NSGA2-greedy_ting-2P to UNSGA3-greedy_ting-1P', 'Equivalence_Line_5: NSGA2-random_dense-2P to SPEA2-greedy_ting-UX', 'Equivalence_Line_6: AGEMOEA2-greedy_ting-1P to SPEA2-greedy_ting-2P', 'Equivalence_Line_7: SPEA2-random_dense-UX to SMSEMOA-random_dense-1P', 'Equivalence_Line_8: UNSGA3-greedy_ting-2P to RVEA-random_dense-2P', 'Equivalence_Line_9: SMSEMOA-greedy_ting-2P to RVEA-random_dense-HUX', 'Equivalence_Line_10: NSGA3-greedy_ting-2P to RVEA-greedy_ting-HUX', 'Equivalence_Line_11: UNSGA3-greedy_ting-HUX to RVEA-greedy_ting-1P', 'Equivalence_Line_12: AGEMOEA2-random_dense-1P to RVEA-greedy_ting-2P', 'Equivalence_Line_13: NSGA3-greedy_ting-1P to SPEA2-greedy_multi-UX', 'Equivalence_Line_14: UNSGA3-greedy_ting-1P to AGEMOEA2-greedy_multi-HUX', 'Equivalence_Line_15: SMSEMOA-greedy_ting-UX to NSGA3-greedy_multi-UX', 'Equivalence_Line_16: SMSEMOA-greedy_ting-HUX to NSGA2-greedy_multi-1P', 'Equivalence_Line_17: SMSEMOA-random_dense-1P to NSGA3-greedy_multi-2P', 'Equivalence_Line_18: RVEA-random_dense-2P to NSGA3-greedy_multi-1P', 'Equivalence_Line_19: RVEA-random_dense-1P to SMSEMOA-greedy_multi-UX', 'Equivalence_Line_20: RVEA-random_dense-UX to SMSEMOA-greedy_multi-HUX', 'Equivalence_Line_21: RVEA-greedy_ting-HUX to SMSEMOA-greedy_multi-2P', 'Equivalence_Line_22: RVEA-greedy_ting-1P to SMSEMOA-greedy_multi-1P', 'Equivalence_Line_23: SPEA2-greedy_multi-HUX to RVEA-greedy_multi-1P']"
NSGA3-greedy_multi-UX,0.046797083857844514,"['Equivalence_Line_1: NSGA2-random_dense-HUX to NSGA3-greedy_ting-UX', 'Equivalence_Line_2: NSGA2-greedy_ting-HUX to UNSGA3-greedy_ting-HUX', 'Equivalence_Line_3: UNSGA3-random_dense-UX to SMSEMOA-greedy_ting-1P', 'Equivalence_Line_4: NSGA2-greedy_ting-2P to UNSGA3-greedy_ting-1P', 'Equivalence_Line_5: NSGA2-random_dense-2P to SPEA2-greedy_ting-UX', 'Equivalence_Line_6: AGEMOEA2-greedy_ting-1P to SPEA2-greedy_ting-2P', 'Equivalence_Line_7: SPEA2-random_dense-UX to SMSEMOA-random_dense-1P', 'Equivalence_Line_8: UNSGA3-greedy_ting-2P to RVEA-random_dense-2P', 'Equivalence_Line_9: SMSEMOA-greedy_ting-2P to RVEA-random_dense-HUX', 'Equivalence_Line_10: NSGA3-greedy_ting-2P to RVEA-greedy_ting-HUX', 'Equivalence_Line_11: UNSGA3-greedy_ting-HUX to RVEA-greedy_ting-1P', 'Equivalence_Line_12: AGEMOEA2-random_dense-1P to RVEA-greedy_ting-2P', 'Equivalence_Line_13: NSGA3-greedy_ting-1P to SPEA2-greedy_multi-UX', 'Equivalence_Line_14: UNSGA3-greedy_ting-1P to AGEMOEA2-greedy_multi-HUX', 'Equivalence_Line_15: SMSEMOA-greedy_ting-UX to NSGA3-greedy_multi-UX', 'Equivalence_Line_16: SMSEMOA-greedy_ting-HUX to NSGA2-greedy_multi-1P', 'Equivalence_Line_17: SMSEMOA-random_dense-1P to NSGA3-greedy_multi-2P', 'Equivalence_Line_18: RVEA-random_dense-2P to NSGA3-greedy_multi-1P', 'Equivalence_Line_19: RVEA-random_dense-1P to SMSEMOA-greedy_multi-UX', 'Equivalence_Line_20: RVEA-random_dense-UX to SMSEMOA-greedy_multi-HUX', 'Equivalence_Line_21: RVEA-greedy_ting-HUX to SMSEMOA-greedy_multi-2P', 'Equivalence_Line_22: RVEA-greedy_ting-1P to SMSEMOA-greedy_multi-1P', 'Equivalence_Line_23: SPEA2-greedy_multi-HUX to RVEA-greedy_multi-1P']"
NSGA2-greedy_multi-1P,0.0464189541595352,"['Equivalence_Line_1: NSGA2-random_dense-HUX to NSGA3-greedy_ting-UX', 'Equivalence_Line_2: NSGA2-greedy_ting-HUX to UNSGA3-greedy_ting-HUX', 'Equivalence_Line_3: UNSGA3-random_dense-UX to SMSEMOA-greedy_ting-1P', 'Equivalence_Line_4: NSGA2-greedy_ting-2P to UNSGA3-greedy_ting-1P', 'Equivalence_Line_5: NSGA2-random_dense-2P to SPEA2-greedy_ting-UX', 'Equivalence_Line_6: AGEMOEA2-greedy_ting-1P to SPEA2-greedy_ting-2P', 'Equivalence_Line_7: SPEA2-random_dense-UX to SMSEMOA-random_dense-1P', 'Equivalence_Line_8: UNSGA3-greedy_ting-2P to RVEA-random_dense-2P', 'Equivalence_Line_9: SMSEMOA-greedy_ting-2P to RVEA-random_dense-HUX', 'Equivalence_Line_10: NSGA3-greedy_ting-2P to RVEA-greedy_ting-HUX', 'Equivalence_Line_11: UNSGA3-greedy_ting-HUX to RVEA-greedy_ting-1P', 'Equivalence_Line_12: AGEMOEA2-random_dense-1P to RVEA-greedy_ting-2P', 'Equivalence_Line_13: NSGA3-greedy_ting-1P to SPEA2-greedy_multi-UX', 'Equivalence_Line_14: UNSGA3-greedy_ting-1P to AGEMOEA2-greedy_multi-HUX', 'Equivalence_Line_15: SMSEMOA-greedy_ting-UX to NSGA3-greedy_multi-UX', 'Equivalence_Line_16: SMSEMOA-greedy_ting-HUX to NSGA2-greedy_multi-1P', 'Equivalence_Line_17: SMSEMOA-random_dense-1P to NSGA3-greedy_multi-2P', 'Equivalence_Line_18: RVEA-random_dense-2P to NSGA3-greedy_multi-1P', 'Equivalence_Line_19: RVEA-random_dense-1P to SMSEMOA-greedy_multi-UX', 'Equivalence_Line_20: RVEA-random_dense-UX to SMSEMOA-greedy_multi-HUX', 'Equivalence_Line_21: RVEA-greedy_ting-HUX to SMSEMOA-greedy_multi-2P', 'Equivalence_Line_22: RVEA-greedy_ting-1P to SMSEMOA-greedy_multi-1P', 'Equivalence_Line_23: SPEA2-greedy_multi-HUX to RVEA-greedy_multi-1P']"
SPEA2-greedy_multi-2P,0.0441388456151944,"['Equivalence_Line_1: NSGA2-random_dense-HUX to NSGA3-greedy_ting-UX', 'Equivalence_Line_2: NSGA2-greedy_ting-HUX to UNSGA3-greedy_ting-HUX', 'Equivalence_Line_3: UNSGA3-random_dense-UX to SMSEMOA-greedy_ting-1P', 'Equivalence_Line_4: NSGA2-greedy_ting-2P to UNSGA3-greedy_ting-1P', 'Equivalence_Line_5: NSGA2-random_dense-2P to SPEA2-greedy_ting-UX', 'Equivalence_Line_6: AGEMOEA2-greedy_ting-1P to SPEA2-greedy_ting-2P', 'Equivalence_Line_7: SPEA2-random_dense-UX to SMSEMOA-random_dense-1P', 'Equivalence_Line_8: UNSGA3-greedy_ting-2P to RVEA-random_dense-2P', 'Equivalence_Line_9: SMSEMOA-greedy_ting-2P to RVEA-random_dense-HUX', 'Equivalence_Line_10: NSGA3-greedy_ting-2P to RVEA-greedy_ting-HUX', 'Equivalence_Line_11: UNSGA3-greedy_ting-HUX to RVEA-greedy_ting-1P', 'Equivalence_Line_12: AGEMOEA2-random_dense-1P to RVEA-greedy_ting-2P', 'Equivalence_Line_13: NSGA3-greedy_ting-1P to SPEA2-greedy_multi-UX', 'Equivalence_Line_14: UNSGA3-greedy_ting-1P to AGEMOEA2-greedy_multi-HUX', 'Equivalence_Line_15: SMSEMOA-greedy_ting-UX to NSGA3-greedy_multi-UX', 'Equivalence_Line_16: SMSEMOA-greedy_ting-HUX to NSGA2-greedy_multi-1P', 'Equivalence_Line_17: SMSEMOA-random_dense-1P to NSGA3-greedy_multi-2P', 'Equivalence_Line_18: RVEA-random_dense-2P to NSGA3-greedy_multi-1P', 'Equivalence_Line_19: RVEA-random_dense-1P to SMSEMOA-greedy_multi-UX', 'Equivalence_Line_20: RVEA-random_dense-UX to SMSEMOA-greedy_multi-HUX', 'Equivalence_Line_21: RVEA-greedy_ting-HUX to SMSEMOA-greedy_multi-2P', 'Equivalence_Line_22: RVEA-greedy_ting-1P to SMSEMOA-greedy_multi-1P', 'Equivalence_Line_23: SPEA2-greedy_multi-HUX to RVEA-greedy_multi-1P']"
AGEMOEA2-greedy_multi-2P,0.04337499365562337,"['Equivalence_Line_1: NSGA2-random_dense-HUX to NSGA3-greedy_ting-UX', 'Equivalence_Line_2: NSGA2-greedy_ting-HUX to UNSGA3-greedy_ting-HUX', 'Equivalence_Line_3: UNSGA3-random_dense-UX to SMSEMOA-greedy_ting-1P', 'Equivalence_Line_4: NSGA2-greedy_ting-2P to UNSGA3-greedy_ting-1P', 'Equivalence_Line_5: NSGA2-random_dense-2P to SPEA2-greedy_ting-UX', 'Equivalence_Line_6: AGEMOEA2-greedy_ting-1P to SPEA2-greedy_ting-2P', 'Equivalence_Line_7: SPEA2-random_dense-UX to SMSEMOA-random_dense-1P', 'Equivalence_Line_8: UNSGA3-greedy_ting-2P to RVEA-random_dense-2P', 'Equivalence_Line_9: SMSEMOA-greedy_ting-2P to RVEA-random_dense-HUX', 'Equivalence_Line_10: NSGA3-greedy_ting-2P to RVEA-greedy_ting-HUX', 'Equivalence_Line_11: UNSGA3-greedy_ting-HUX to RVEA-greedy_ting-1P', 'Equivalence_Line_12: AGEMOEA2-random_dense-1P to RVEA-greedy_ting-2P', 'Equivalence_Line_13: NSGA3-greedy_ting-1P to SPEA2-greedy_multi-UX', 'Equivalence_Line_14: UNSGA3-greedy_ting-1P to AGEMOEA2-greedy_multi-HUX', 'Equivalence_Line_15: SMSEMOA-greedy_ting-UX to NSGA3-greedy_multi-UX', 'Equivalence_Line_16: SMSEMOA-greedy_ting-HUX to NSGA2-greedy_multi-1P', 'Equivalence_Line_17: SMSEMOA-random_dense-1P to NSGA3-greedy_multi-2P', 'Equivalence_Line_18: RVEA-random_dense-2P to NSGA3-greedy_multi-1P', 'Equivalence_Line_19: RVEA-random_dense-1P to SMSEMOA-greedy_multi-UX', 'Equivalence_Line_20: RVEA-random_dense-UX to SMSEMOA-greedy_multi-HUX', 'Equivalence_Line_21: RVEA-greedy_ting-HUX to SMSEMOA-greedy_multi-2P', 'Equivalence_Line_22: RVEA-greedy_ting-1P to SMSEMOA-greedy_multi-1P', 'Equivalence_Line_23: SPEA2-greedy_multi-HUX to RVEA-greedy_multi-1P']"
SPEA2-greedy_multi-1P,0.04260792322890065,"['Equivalence_Line_1: NSGA2-random_dense-HUX to NSGA3-greedy_ting-UX', 'Equivalence_Line_2: NSGA2-greedy_ting-HUX to UNSGA3-greedy_ting-HUX', 'Equivalence_Line_3: UNSGA3-random_dense-UX to SMSEMOA-greedy_ting-1P', 'Equivalence_Line_4: NSGA2-greedy_ting-2P to UNSGA3-greedy_ting-1P', 'Equivalence_Line_5: NSGA2-random_dense-2P to SPEA2-greedy_ting-UX', 'Equivalence_Line_6: AGEMOEA2-greedy_ting-1P to SPEA2-greedy_ting-2P', 'Equivalence_Line_7: SPEA2-random_dense-UX to SMSEMOA-random_dense-1P', 'Equivalence_Line_8: UNSGA3-greedy_ting-2P to RVEA-random_dense-2P', 'Equivalence_Line_9: SMSEMOA-greedy_ting-2P to RVEA-random_dense-HUX', 'Equivalence_Line_10: NSGA3-greedy_ting-2P to RVEA-greedy_ting-HUX', 'Equivalence_Line_11: UNSGA3-greedy_ting-HUX to RVEA-greedy_ting-1P', 'Equivalence_Line_12: AGEMOEA2-random_dense-1P to RVEA-greedy_ting-2P', 'Equivalence_Line_13: NSGA3-greedy_ting-1P to SPEA2-greedy_multi-UX', 'Equivalence_Line_14: UNSGA3-greedy_ting-1P to AGEMOEA2-greedy_multi-HUX', 'Equivalence_Line_15: SMSEMOA-greedy_ting-UX to NSGA3-greedy_multi-UX', 'Equivalence_Line_16: SMSEMOA-greedy_ting-HUX to NSGA2-greedy_multi-1P', 'Equivalence_Line_17: SMSEMOA-random_dense-1P to NSGA3-greedy_multi-2P', 'Equivalence_Line_18: RVEA-random_dense-2P to NSGA3-greedy_multi-1P', 'Equivalence_Line_19: RVEA-random_dense-1P to SMSEMOA-greedy_multi-UX', 'Equivalence_Line_20: RVEA-random_dense-UX to SMSEMOA-greedy_multi-HUX', 'Equivalence_Line_21: RVEA-greedy_ting-HUX to SMSEMOA-greedy_multi-2P', 'Equivalence_Line_22: RVEA-greedy_ting-1P to SMSEMOA-greedy_multi-1P', 'Equivalence_Line_23: SPEA2-greedy_multi-HUX to RVEA-greedy_multi-1P']"
AGEMOEA2-greedy_multi-1P,0.04068210970629004,"['Equivalence_Line_1: NSGA2-random_dense-HUX to NSGA3-greedy_ting-UX', 'Equivalence_Line_2: NSGA2-greedy_ting-HUX to UNSGA3-greedy_ting-HUX', 'Equivalence_Line_3: UNSGA3-random_dense-UX to SMSEMOA-greedy_ting-1P', 'Equivalence_Line_4: NSGA2-greedy_ting-2P to UNSGA3-greedy_ting-1P', 'Equivalence_Line_5: NSGA2-random_dense-2P to SPEA2-greedy_ting-UX', 'Equivalence_Line_6: AGEMOEA2-greedy_ting-1P to SPEA2-greedy_ting-2P', 'Equivalence_Line_7: SPEA2-random_dense-UX to SMSEMOA-random_dense-1P', 'Equivalence_Line_8: UNSGA3-greedy_ting-2P to RVEA-random_dense-2P', 'Equivalence_Line_9: SMSEMOA-greedy_ting-2P to RVEA-random_dense-HUX', 'Equivalence_Line_10: NSGA3-greedy_ting-2P to RVEA-greedy_ting-HUX', 'Equivalence_Line_11: UNSGA3-greedy_ting-HUX to RVEA-greedy_ting-1P', 'Equivalence_Line_12: AGEMOEA2-random_dense-1P to RVEA-greedy_ting-2P', 'Equivalence_Line_13: NSGA3-greedy_ting-1P to SPEA2-greedy_multi-UX', 'Equivalence_Line_14: UNSGA3-greedy_ting-1P to AGEMOEA2-greedy_multi-HUX', 'Equivalence_Line_15: SMSEMOA-greedy_ting-UX to NSGA3-greedy_multi-UX', 'Equivalence_Line_16: SMSEMOA-greedy_ting-HUX to NSGA2-greedy_multi-1P', 'Equivalence_Line_17: SMSEMOA-random_dense-1P to NSGA3-greedy_multi-2P', 'Equivalence_Line_18: RVEA-random_dense-2P to NSGA3-greedy_multi-1P', 'Equivalence_Line_19: RVEA-random_dense-1P to SMSEMOA-greedy_multi-UX', 'Equivalence_Line_20: RVEA-random_dense-UX to SMSEMOA-greedy_multi-HUX', 'Equivalence_Line_21: RVEA-greedy_ting-HUX to SMSEMOA-greedy_multi-2P', 'Equivalence_Line_22: RVEA-greedy_ting-1P to SMSEMOA-greedy_multi-1P', 'Equivalence_Line_23: SPEA2-greedy_multi-HUX to RVEA-greedy_multi-1P']"
NSGA3-greedy_multi-2P,0.040202380977768425,"['Equivalence_Line_1: NSGA2-random_dense-HUX to NSGA3-greedy_ting-UX', 'Equivalence_Line_2: NSGA2-greedy_ting-HUX to UNSGA3-greedy_ting-HUX', 'Equivalence_Line_3: UNSGA3-random_dense-UX to SMSEMOA-greedy_ting-1P', 'Equivalence_Line_4: NSGA2-greedy_ting-2P to UNSGA3-greedy_ting-1P', 'Equivalence_Line_5: NSGA2-random_dense-2P to SPEA2-greedy_ting-UX', 'Equivalence_Line_6: AGEMOEA2-greedy_ting-1P to SPEA2-greedy_ting-2P', 'Equivalence_Line_7: SPEA2-random_dense-UX to SMSEMOA-random_dense-1P', 'Equivalence_Line_8: UNSGA3-greedy_ting-2P to RVEA-random_dense-2P', 'Equivalence_Line_9: SMSEMOA-greedy_ting-2P to RVEA-random_dense-HUX', 'Equivalence_Line_10: NSGA3-greedy_ting-2P to RVEA-greedy_ting-HUX', 'Equivalence_Line_11: UNSGA3-greedy_ting-HUX to RVEA-greedy_ting-1P', 'Equivalence_Line_12: AGEMOEA2-random_dense-1P to RVEA-greedy_ting-2P', 'Equivalence_Line_13: NSGA3-greedy_ting-1P to SPEA2-greedy_multi-UX', 'Equivalence_Line_14: UNSGA3-greedy_ting-1P to AGEMOEA2-greedy_multi-HUX', 'Equivalence_Line_15: SMSEMOA-greedy_ting-UX to NSGA3-greedy_multi-UX', 'Equivalence_Line_16: SMSEMOA-greedy_ting-HUX to NSGA2-greedy_multi-1P', 'Equivalence_Line_17: SMSEMOA-random_dense-1P to NSGA3-greedy_multi-2P', 'Equivalence_Line_18: RVEA-random_dense-2P to NSGA3-greedy_multi-1P', 'Equivalence_Line_19: RVEA-random_dense-1P to SMSEMOA-greedy_multi-UX', 'Equivalence_Line_20: RVEA-random_dense-UX to SMSEMOA-greedy_multi-HUX', 'Equivalence_Line_21: RVEA-greedy_ting-HUX to SMSEMOA-greedy_multi-2P', 'Equivalence_Line_22: RVEA-greedy_ting-1P to SMSEMOA-greedy_multi-1P', 'Equivalence_Line_23: SPEA2-greedy_multi-HUX to RVEA-greedy_multi-1P']"
UNSGA3-greedy_multi-2P,0.03969017601838581,"['Equivalence_Line_1: NSGA2-random_dense-HUX to NSGA3-greedy_ting-UX', 'Equivalence_Line_2: NSGA2-greedy_ting-HUX to UNSGA3-greedy_ting-HUX', 'Equivalence_Line_3: UNSGA3-random_dense-UX to SMSEMOA-greedy_ting-1P', 'Equivalence_Line_4: NSGA2-greedy_ting-2P to UNSGA3-greedy_ting-1P', 'Equivalence_Line_5: NSGA2-random_dense-2P to SPEA2-greedy_ting-UX', 'Equivalence_Line_6: AGEMOEA2-greedy_ting-1P to SPEA2-greedy_ting-2P', 'Equivalence_Line_7: SPEA2-random_dense-UX to SMSEMOA-random_dense-1P', 'Equivalence_Line_8: UNSGA3-greedy_ting-2P to RVEA-random_dense-2P', 'Equivalence_Line_9: SMSEMOA-greedy_ting-2P to RVEA-random_dense-HUX', 'Equivalence_Line_10: NSGA3-greedy_ting-2P to RVEA-greedy_ting-HUX', 'Equivalence_Line_11: UNSGA3-greedy_ting-HUX to RVEA-greedy_ting-1P', 'Equivalence_Line_12: AGEMOEA2-random_dense-1P to RVEA-greedy_ting-2P', 'Equivalence_Line_13: NSGA3-greedy_ting-1P to SPEA2-greedy_multi-UX', 'Equivalence_Line_14: UNSGA3-greedy_ting-1P to AGEMOEA2-greedy_multi-HUX', 'Equivalence_Line_15: SMSEMOA-greedy_ting-UX to NSGA3-greedy_multi-UX', 'Equivalence_Line_16: SMSEMOA-greedy_ting-HUX to NSGA2-greedy_multi-1P', 'Equivalence_Line_17: SMSEMOA-random_dense-1P to NSGA3-greedy_multi-2P', 'Equivalence_Line_18: RVEA-random_dense-2P to NSGA3-greedy_multi-1P', 'Equivalence_Line_19: RVEA-random_dense-1P to SMSEMOA-greedy_multi-UX', 'Equivalence_Line_20: RVEA-random_dense-UX to SMSEMOA-greedy_multi-HUX', 'Equivalence_Line_21: RVEA-greedy_ting-HUX to SMSEMOA-greedy_multi-2P', 'Equivalence_Line_22: RVEA-greedy_ting-1P to SMSEMOA-greedy_multi-1P', 'Equivalence_Line_23: SPEA2-greedy_multi-HUX to RVEA-greedy_multi-1P']"
UNSGA3-greedy_multi-1P,0.038852341291127204,"['Equivalence_Line_1: NSGA2-random_dense-HUX to NSGA3-greedy_ting-UX', 'Equivalence_Line_2: NSGA2-greedy_ting-HUX to UNSGA3-greedy_ting-HUX', 'Equivalence_Line_3: UNSGA3-random_dense-UX to SMSEMOA-greedy_ting-1P', 'Equivalence_Line_4: NSGA2-greedy_ting-2P to UNSGA3-greedy_ting-1P', 'Equivalence_Line_5: NSGA2-random_dense-2P to SPEA2-greedy_ting-UX', 'Equivalence_Line_6: AGEMOEA2-greedy_ting-1P to SPEA2-greedy_ting-2P', 'Equivalence_Line_7: SPEA2-random_dense-UX to SMSEMOA-random_dense-1P', 'Equivalence_Line_8: UNSGA3-greedy_ting-2P to RVEA-random_dense-2P', 'Equivalence_Line_9: SMSEMOA-greedy_ting-2P to RVEA-random_dense-HUX', 'Equivalence_Line_10: NSGA3-greedy_ting-2P to RVEA-greedy_ting-HUX', 'Equivalence_Line_11: UNSGA3-greedy_ting-HUX to RVEA-greedy_ting-1P', 'Equivalence_Line_12: AGEMOEA2-random_dense-1P to RVEA-greedy_ting-2P', 'Equivalence_Line_13: NSGA3-greedy_ting-1P to SPEA2-greedy_multi-UX', 'Equivalence_Line_14: UNSGA3-greedy_ting-1P to AGEMOEA2-greedy_multi-HUX', 'Equivalence_Line_15: SMSEMOA-greedy_ting-UX to NSGA3-greedy_multi-UX', 'Equivalence_Line_16: SMSEMOA-greedy_ting-HUX to NSGA2-greedy_multi-1P', 'Equivalence_Line_17: SMSEMOA-random_dense-1P to NSGA3-greedy_multi-2P', 'Equivalence_Line_18: RVEA-random_dense-2P to NSGA3-greedy_multi-1P', 'Equivalence_Line_19: RVEA-random_dense-1P to SMSEMOA-greedy_multi-UX', 'Equivalence_Line_20: RVEA-random_dense-UX to SMSEMOA-greedy_multi-HUX', 'Equivalence_Line_21: RVEA-greedy_ting-HUX to SMSEMOA-greedy_multi-2P', 'Equivalence_Line_22: RVEA-greedy_ting-1P to SMSEMOA-greedy_multi-1P', 'Equivalence_Line_23: SPEA2-greedy_multi-HUX to RVEA-greedy_multi-1P']"
NSGA3-greedy_multi-1P,0.03808674983194834,"['Equivalence_Line_1: NSGA2-random_dense-HUX to NSGA3-greedy_ting-UX', 'Equivalence_Line_2: NSGA2-greedy_ting-HUX to UNSGA3-greedy_ting-HUX', 'Equivalence_Line_3: UNSGA3-random_dense-UX to SMSEMOA-greedy_ting-1P', 'Equivalence_Line_4: NSGA2-greedy_ting-2P to UNSGA3-greedy_ting-1P', 'Equivalence_Line_5: NSGA2-random_dense-2P to SPEA2-greedy_ting-UX', 'Equivalence_Line_6: AGEMOEA2-greedy_ting-1P to SPEA2-greedy_ting-2P', 'Equivalence_Line_7: SPEA2-random_dense-UX to SMSEMOA-random_dense-1P', 'Equivalence_Line_8: UNSGA3-greedy_ting-2P to RVEA-random_dense-2P', 'Equivalence_Line_9: SMSEMOA-greedy_ting-2P to RVEA-random_dense-HUX', 'Equivalence_Line_10: NSGA3-greedy_ting-2P to RVEA-greedy_ting-HUX', 'Equivalence_Line_11: UNSGA3-greedy_ting-HUX to RVEA-greedy_ting-1P', 'Equivalence_Line_12: AGEMOEA2-random_dense-1P to RVEA-greedy_ting-2P', 'Equivalence_Line_13: NSGA3-greedy_ting-1P to SPEA2-greedy_multi-UX', 'Equivalence_Line_14: UNSGA3-greedy_ting-1P to AGEMOEA2-greedy_multi-HUX', 'Equivalence_Line_15: SMSEMOA-greedy_ting-UX to NSGA3-greedy_multi-UX', 'Equivalence_Line_16: SMSEMOA-greedy_ting-HUX to NSGA2-greedy_multi-1P', 'Equivalence_Line_17: SMSEMOA-random_dense-1P to NSGA3-greedy_multi-2P', 'Equivalence_Line_18: RVEA-random_dense-2P to NSGA3-greedy_multi-1P', 'Equivalence_Line_19: RVEA-random_dense-1P to SMSEMOA-greedy_multi-UX', 'Equivalence_Line_20: RVEA-random_dense-UX to SMSEMOA-greedy_multi-HUX', 'Equivalence_Line_21: RVEA-greedy_ting-HUX to SMSEMOA-greedy_multi-2P', 'Equivalence_Line_22: RVEA-greedy_ting-1P to SMSEMOA-greedy_multi-1P', 'Equivalence_Line_23: SPEA2-greedy_multi-HUX to RVEA-greedy_multi-1P']"
SMSEMOA-greedy_multi-UX,0.037037414846507286,"['Equivalence_Line_1: NSGA2-random_dense-HUX to NSGA3-greedy_ting-UX', 'Equivalence_Line_2: NSGA2-greedy_ting-HUX to UNSGA3-greedy_ting-HUX', 'Equivalence_Line_3: UNSGA3-random_dense-UX to SMSEMOA-greedy_ting-1P', 'Equivalence_Line_4: NSGA2-greedy_ting-2P to UNSGA3-greedy_ting-1P', 'Equivalence_Line_5: NSGA2-random_dense-2P to SPEA2-greedy_ting-UX', 'Equivalence_Line_6: AGEMOEA2-greedy_ting-1P to SPEA2-greedy_ting-2P', 'Equivalence_Line_7: SPEA2-random_dense-UX to SMSEMOA-random_dense-1P', 'Equivalence_Line_8: UNSGA3-greedy_ting-2P to RVEA-random_dense-2P', 'Equivalence_Line_9: SMSEMOA-greedy_ting-2P to RVEA-random_dense-HUX', 'Equivalence_Line_10: NSGA3-greedy_ting-2P to RVEA-greedy_ting-HUX', 'Equivalence_Line_11: UNSGA3-greedy_ting-HUX to RVEA-greedy_ting-1P', 'Equivalence_Line_12: AGEMOEA2-random_dense-1P to RVEA-greedy_ting-2P', 'Equivalence_Line_13: NSGA3-greedy_ting-1P to SPEA2-greedy_multi-UX', 'Equivalence_Line_14: UNSGA3-greedy_ting-1P to AGEMOEA2-greedy_multi-HUX', 'Equivalence_Line_15: SMSEMOA-greedy_ting-UX to NSGA3-greedy_multi-UX', 'Equivalence_Line_16: SMSEMOA-greedy_ting-HUX to NSGA2-greedy_multi-1P', 'Equivalence_Line_17: SMSEMOA-random_dense-1P to NSGA3-greedy_multi-2P', 'Equivalence_Line_18: RVEA-random_dense-2P to NSGA3-greedy_multi-1P', 'Equivalence_Line_19: RVEA-random_dense-1P to SMSEMOA-greedy_multi-UX', 'Equivalence_Line_20: RVEA-random_dense-UX to SMSEMOA-greedy_multi-HUX', 'Equivalence_Line_21: RVEA-greedy_ting-HUX to SMSEMOA-greedy_multi-2P', 'Equivalence_Line_22: RVEA-greedy_ting-1P to SMSEMOA-greedy_multi-1P', 'Equivalence_Line_23: SPEA2-greedy_multi-HUX to RVEA-greedy_multi-1P']"
SMSEMOA-greedy_multi-HUX,0.03660001391818662,"['Equivalence_Line_1: NSGA2-random_dense-HUX to NSGA3-greedy_ting-UX', 'Equivalence_Line_2: NSGA2-greedy_ting-HUX to UNSGA3-greedy_ting-HUX', 'Equivalence_Line_3: UNSGA3-random_dense-UX to SMSEMOA-greedy_ting-1P', 'Equivalence_Line_4: NSGA2-greedy_ting-2P to UNSGA3-greedy_ting-1P', 'Equivalence_Line_5: NSGA2-random_dense-2P to SPEA2-greedy_ting-UX', 'Equivalence_Line_6: AGEMOEA2-greedy_ting-1P to SPEA2-greedy_ting-2P', 'Equivalence_Line_7: SPEA2-random_dense-UX to SMSEMOA-random_dense-1P', 'Equivalence_Line_8: UNSGA3-greedy_ting-2P to RVEA-random_dense-2P', 'Equivalence_Line_9: SMSEMOA-greedy_ting-2P to RVEA-random_dense-HUX', 'Equivalence_Line_10: NSGA3-greedy_ting-2P to RVEA-greedy_ting-HUX', 'Equivalence_Line_11: UNSGA3-greedy_ting-HUX to RVEA-greedy_ting-1P', 'Equivalence_Line_12: AGEMOEA2-random_dense-1P to RVEA-greedy_ting-2P', 'Equivalence_Line_13: NSGA3-greedy_ting-1P to SPEA2-greedy_multi-UX', 'Equivalence_Line_14: UNSGA3-greedy_ting-1P to AGEMOEA2-greedy_multi-HUX', 'Equivalence_Line_15: SMSEMOA-greedy_ting-UX to NSGA3-greedy_multi-UX', 'Equivalence_Line_16: SMSEMOA-greedy_ting-HUX to NSGA2-greedy_multi-1P', 'Equivalence_Line_17: SMSEMOA-random_dense-1P to NSGA3-greedy_multi-2P', 'Equivalence_Line_18: RVEA-random_dense-2P to NSGA3-greedy_multi-1P', 'Equivalence_Line_19: RVEA-random_dense-1P to SMSEMOA-greedy_multi-UX', 'Equivalence_Line_20: RVEA-random_dense-UX to SMSEMOA-greedy_multi-HUX', 'Equivalence_Line_21: RVEA-greedy_ting-HUX to SMSEMOA-greedy_multi-2P', 'Equivalence_Line_22: RVEA-greedy_ting-1P to SMSEMOA-greedy_multi-1P', 'Equivalence_Line_23: SPEA2-greedy_multi-HUX to RVEA-greedy_multi-1P']"
SMSEMOA-greedy_multi-2P,0.03435948409895856,"['Equivalence_Line_1: NSGA2-random_dense-HUX to NSGA3-greedy_ting-UX', 'Equivalence_Line_2: NSGA2-greedy_ting-HUX to UNSGA3-greedy_ting-HUX', 'Equivalence_Line_3: UNSGA3-random_dense-UX to SMSEMOA-greedy_ting-1P', 'Equivalence_Line_4: NSGA2-greedy_ting-2P to UNSGA3-greedy_ting-1P', 'Equivalence_Line_5: NSGA2-random_dense-2P to SPEA2-greedy_ting-UX', 'Equivalence_Line_6: AGEMOEA2-greedy_ting-1P to SPEA2-greedy_ting-2P', 'Equivalence_Line_7: SPEA2-random_dense-UX to SMSEMOA-random_dense-1P', 'Equivalence_Line_8: UNSGA3-greedy_ting-2P to RVEA-random_dense-2P', 'Equivalence_Line_9: SMSEMOA-greedy_ting-2P to RVEA-random_dense-HUX', 'Equivalence_Line_10: NSGA3-greedy_ting-2P to RVEA-greedy_ting-HUX', 'Equivalence_Line_11: UNSGA3-greedy_ting-HUX to RVEA-greedy_ting-1P', 'Equivalence_Line_12: AGEMOEA2-random_dense-1P to RVEA-greedy_ting-2P', 'Equivalence_Line_13: NSGA3-greedy_ting-1P to SPEA2-greedy_multi-UX', 'Equivalence_Line_14: UNSGA3-greedy_ting-1P to AGEMOEA2-greedy_multi-HUX', 'Equivalence_Line_15: SMSEMOA-greedy_ting-UX to NSGA3-greedy_multi-UX', 'Equivalence_Line_16: SMSEMOA-greedy_ting-HUX to NSGA2-greedy_multi-1P', 'Equivalence_Line_17: SMSEMOA-random_dense-1P to NSGA3-greedy_multi-2P', 'Equivalence_Line_18: RVEA-random_dense-2P to NSGA3-greedy_multi-1P', 'Equivalence_Line_19: RVEA-random_dense-1P to SMSEMOA-greedy_multi-UX', 'Equivalence_Line_20: RVEA-random_dense-UX to SMSEMOA-greedy_multi-HUX', 'Equivalence_Line_21: RVEA-greedy_ting-HUX to SMSEMOA-greedy_multi-2P', 'Equivalence_Line_22: RVEA-greedy_ting-1P to SMSEMOA-greedy_multi-1P', 'Equivalence_Line_23: SPEA2-greedy_multi-HUX to RVEA-greedy_multi-1P']"
SMSEMOA-greedy_multi-1P,0.033400722087438675,"['Equivalence_Line_1: NSGA2-random_dense-HUX to NSGA3-greedy_ting-UX', 'Equivalence_Line_2: NSGA2-greedy_ting-HUX to UNSGA3-greedy_ting-HUX', 'Equivalence_Line_3: UNSGA3-random_dense-UX to SMSEMOA-greedy_ting-1P', 'Equivalence_Line_4: NSGA2-greedy_ting-2P to UNSGA3-greedy_ting-1P', 'Equivalence_Line_5: NSGA2-random_dense-2P to SPEA2-greedy_ting-UX', 'Equivalence_Line_6: AGEMOEA2-greedy_ting-1P to SPEA2-greedy_ting-2P', 'Equivalence_Line_7: SPEA2-random_dense-UX to SMSEMOA-random_dense-1P', 'Equivalence_Line_8: UNSGA3-greedy_ting-2P to RVEA-random_dense-2P', 'Equivalence_Line_9: SMSEMOA-greedy_ting-2P to RVEA-random_dense-HUX', 'Equivalence_Line_10: NSGA3-greedy_ting-2P to RVEA-greedy_ting-HUX', 'Equivalence_Line_11: UNSGA3-greedy_ting-HUX to RVEA-greedy_ting-1P', 'Equivalence_Line_12: AGEMOEA2-random_dense-1P to RVEA-greedy_ting-2P', 'Equivalence_Line_13: NSGA3-greedy_ting-1P to SPEA2-greedy_multi-UX', 'Equivalence_Line_14: UNSGA3-greedy_ting-1P to AGEMOEA2-greedy_multi-HUX', 'Equivalence_Line_15: SMSEMOA-greedy_ting-UX to NSGA3-greedy_multi-UX', 'Equivalence_Line_16: SMSEMOA-greedy_ting-HUX to NSGA2-greedy_multi-1P', 'Equivalence_Line_17: SMSEMOA-random_dense-1P to NSGA3-greedy_multi-2P', 'Equivalence_Line_18: RVEA-random_dense-2P to NSGA3-greedy_multi-1P', 'Equivalence_Line_19: RVEA-random_dense-1P to SMSEMOA-greedy_multi-UX', 'Equivalence_Line_20: RVEA-random_dense-UX to SMSEMOA-greedy_multi-HUX', 'Equivalence_Line_21: RVEA-greedy_ting-HUX to SMSEMOA-greedy_multi-2P', 'Equivalence_Line_22: RVEA-greedy_ting-1P to SMSEMOA-greedy_multi-1P', 'Equivalence_Line_23: SPEA2-greedy_multi-HUX to RVEA-greedy_multi-1P']"
RVEA-greedy_multi-UX,0.02922092313245819,"['Equivalence_Line_1: NSGA2-random_dense-HUX to NSGA3-greedy_ting-UX', 'Equivalence_Line_2: NSGA2-greedy_ting-HUX to UNSGA3-greedy_ting-HUX', 'Equivalence_Line_3: UNSGA3-random_dense-UX to SMSEMOA-greedy_ting-1P', 'Equivalence_Line_4: NSGA2-greedy_ting-2P to UNSGA3-greedy_ting-1P', 'Equivalence_Line_5: NSGA2-random_dense-2P to SPEA2-greedy_ting-UX', 'Equivalence_Line_6: AGEMOEA2-greedy_ting-1P to SPEA2-greedy_ting-2P', 'Equivalence_Line_7: SPEA2-random_dense-UX to SMSEMOA-random_dense-1P', 'Equivalence_Line_8: UNSGA3-greedy_ting-2P to RVEA-random_dense-2P', 'Equivalence_Line_9: SMSEMOA-greedy_ting-2P to RVEA-random_dense-HUX', 'Equivalence_Line_10: NSGA3-greedy_ting-2P to RVEA-greedy_ting-HUX', 'Equivalence_Line_11: UNSGA3-greedy_ting-HUX to RVEA-greedy_ting-1P', 'Equivalence_Line_12: AGEMOEA2-random_dense-1P to RVEA-greedy_ting-2P', 'Equivalence_Line_13: NSGA3-greedy_ting-1P to SPEA2-greedy_multi-UX', 'Equivalence_Line_14: UNSGA3-greedy_ting-1P to AGEMOEA2-greedy_multi-HUX', 'Equivalence_Line_15: SMSEMOA-greedy_ting-UX to NSGA3-greedy_multi-UX', 'Equivalence_Line_16: SMSEMOA-greedy_ting-HUX to NSGA2-greedy_multi-1P', 'Equivalence_Line_17: SMSEMOA-random_dense-1P to NSGA3-greedy_multi-2P', 'Equivalence_Line_18: RVEA-random_dense-2P to NSGA3-greedy_multi-1P', 'Equivalence_Line_19: RVEA-random_dense-1P to SMSEMOA-greedy_multi-UX', 'Equivalence_Line_20: RVEA-random_dense-UX to SMSEMOA-greedy_multi-HUX', 'Equivalence_Line_21: RVEA-greedy_ting-HUX to SMSEMOA-greedy_multi-2P', 'Equivalence_Line_22: RVEA-greedy_ting-1P to SMSEMOA-greedy_multi-1P', 'Equivalence_Line_23: SPEA2-greedy_multi-HUX to RVEA-greedy_multi-1P']"
RVEA-greedy_multi-HUX,0.028785381440426607,"['Equivalence_Line_1: NSGA2-random_dense-HUX to NSGA3-greedy_ting-UX', 'Equivalence_Line_2: NSGA2-greedy_ting-HUX to UNSGA3-greedy_ting-HUX', 'Equivalence_Line_3: UNSGA3-random_dense-UX to SMSEMOA-greedy_ting-1P', 'Equivalence_Line_4: NSGA2-greedy_ting-2P to UNSGA3-greedy_ting-1P', 'Equivalence_Line_5: NSGA2-random_dense-2P to SPEA2-greedy_ting-UX', 'Equivalence_Line_6: AGEMOEA2-greedy_ting-1P to SPEA2-greedy_ting-2P', 'Equivalence_Line_7: SPEA2-random_dense-UX to SMSEMOA-random_dense-1P', 'Equivalence_Line_8: UNSGA3-greedy_ting-2P to RVEA-random_dense-2P', 'Equivalence_Line_9: SMSEMOA-greedy_ting-2P to RVEA-random_dense-HUX', 'Equivalence_Line_10: NSGA3-greedy_ting-2P to RVEA-greedy_ting-HUX', 'Equivalence_Line_11: UNSGA3-greedy_ting-HUX to RVEA-greedy_ting-1P', 'Equivalence_Line_12: AGEMOEA2-random_dense-1P to RVEA-greedy_ting-2P', 'Equivalence_Line_13: NSGA3-greedy_ting-1P to SPEA2-greedy_multi-UX', 'Equivalence_Line_14: UNSGA3-greedy_ting-1P to AGEMOEA2-greedy_multi-HUX', 'Equivalence_Line_15: SMSEMOA-greedy_ting-UX to NSGA3-greedy_multi-UX', 'Equivalence_Line_16: SMSEMOA-greedy_ting-HUX to NSGA2-greedy_multi-1P', 'Equivalence_Line_17: SMSEMOA-random_dense-1P to NSGA3-greedy_multi-2P', 'Equivalence_Line_18: RVEA-random_dense-2P to NSGA3-greedy_multi-1P', 'Equivalence_Line_19: RVEA-random_dense-1P to SMSEMOA-greedy_multi-UX', 'Equivalence_Line_20: RVEA-random_dense-UX to SMSEMOA-greedy_multi-HUX', 'Equivalence_Line_21: RVEA-greedy_ting-HUX to SMSEMOA-greedy_multi-2P', 'Equivalence_Line_22: RVEA-greedy_ting-1P to SMSEMOA-greedy_multi-1P', 'Equivalence_Line_23: SPEA2-greedy_multi-HUX to RVEA-greedy_multi-1P']"
RVEA-greedy_multi-2P,0.02724503266689159,"['Equivalence_Line_1: NSGA2-random_dense-HUX to NSGA3-greedy_ting-UX', 'Equivalence_Line_2: NSGA2-greedy_ting-HUX to UNSGA3-greedy_ting-HUX', 'Equivalence_Line_3: UNSGA3-random_dense-UX to SMSEMOA-greedy_ting-1P', 'Equivalence_Line_4: NSGA2-greedy_ting-2P to UNSGA3-greedy_ting-1P', 'Equivalence_Line_5: NSGA2-random_dense-2P to SPEA2-greedy_ting-UX', 'Equivalence_Line_6: AGEMOEA2-greedy_ting-1P to SPEA2-greedy_ting-2P', 'Equivalence_Line_7: SPEA2-random_dense-UX to SMSEMOA-random_dense-1P', 'Equivalence_Line_8: UNSGA3-greedy_ting-2P to RVEA-random_dense-2P', 'Equivalence_Line_9: SMSEMOA-greedy_ting-2P to RVEA-random_dense-HUX', 'Equivalence_Line_10: NSGA3-greedy_ting-2P to RVEA-greedy_ting-HUX', 'Equivalence_Line_11: UNSGA3-greedy_ting-HUX to RVEA-greedy_ting-1P', 'Equivalence_Line_12: AGEMOEA2-random_dense-1P to RVEA-greedy_ting-2P', 'Equivalence_Line_13: NSGA3-greedy_ting-1P to SPEA2-greedy_multi-UX', 'Equivalence_Line_14: UNSGA3-greedy_ting-1P to AGEMOEA2-greedy_multi-HUX', 'Equivalence_Line_15: SMSEMOA-greedy_ting-UX to NSGA3-greedy_multi-UX', 'Equivalence_Line_16: SMSEMOA-greedy_ting-HUX to NSGA2-greedy_multi-1P', 'Equivalence_Line_17: SMSEMOA-random_dense-1P to NSGA3-greedy_multi-2P', 'Equivalence_Line_18: RVEA-random_dense-2P to NSGA3-greedy_multi-1P', 'Equivalence_Line_19: RVEA-random_dense-1P to SMSEMOA-greedy_multi-UX', 'Equivalence_Line_20: RVEA-random_dense-UX to SMSEMOA-greedy_multi-HUX', 'Equivalence_Line_21: RVEA-greedy_ting-HUX to SMSEMOA-greedy_multi-2P', 'Equivalence_Line_22: RVEA-greedy_ting-1P to SMSEMOA-greedy_multi-1P', 'Equivalence_Line_23: SPEA2-greedy_multi-HUX to RVEA-greedy_multi-1P']"
RVEA-greedy_multi-1P,0.02547718515175748,"['Equivalence_Line_1: NSGA2-random_dense-HUX to NSGA3-greedy_ting-UX', 'Equivalence_Line_2: NSGA2-greedy_ting-HUX to UNSGA3-greedy_ting-HUX', 'Equivalence_Line_3: UNSGA3-random_dense-UX to SMSEMOA-greedy_ting-1P', 'Equivalence_Line_4: NSGA2-greedy_ting-2P to UNSGA3-greedy_ting-1P', 'Equivalence_Line_5: NSGA2-random_dense-2P to SPEA2-greedy_ting-UX', 'Equivalence_Line_6: AGEMOEA2-greedy_ting-1P to SPEA2-greedy_ting-2P', 'Equivalence_Line_7: SPEA2-random_dense-UX to SMSEMOA-random_dense-1P', 'Equivalence_Line_8: UNSGA3-greedy_ting-2P to RVEA-random_dense-2P', 'Equivalence_Line_9: SMSEMOA-greedy_ting-2P to RVEA-random_dense-HUX', 'Equivalence_Line_10: NSGA3-greedy_ting-2P to RVEA-greedy_ting-HUX', 'Equivalence_Line_11: UNSGA3-greedy_ting-HUX to RVEA-greedy_ting-1P', 'Equivalence_Line_12: AGEMOEA2-random_dense-1P to RVEA-greedy_ting-2P', 'Equivalence_Line_13: NSGA3-greedy_ting-1P to SPEA2-greedy_multi-UX', 'Equivalence_Line_14: UNSGA3-greedy_ting-1P to AGEMOEA2-greedy_multi-HUX', 'Equivalence_Line_15: SMSEMOA-greedy_ting-UX to NSGA3-greedy_multi-UX', 'Equivalence_Line_16: SMSEMOA-greedy_ting-HUX to NSGA2-greedy_multi-1P', 'Equivalence_Line_17: SMSEMOA-random_dense-1P to NSGA3-greedy_multi-2P', 'Equivalence_Line_18: RVEA-random_dense-2P to NSGA3-greedy_multi-1P', 'Equivalence_Line_19: RVEA-random_dense-1P to SMSEMOA-greedy_multi-UX', 'Equivalence_Line_20: RVEA-random_dense-UX to SMSEMOA-greedy_multi-HUX', 'Equivalence_Line_21: RVEA-greedy_ting-HUX to SMSEMOA-greedy_multi-2P', 'Equivalence_Line_22: RVEA-greedy_ting-1P to SMSEMOA-greedy_multi-1P', 'Equivalence_Line_23: SPEA2-greedy_multi-HUX to RVEA-greedy_multi-1P']"
