1P,2P,HUX,UX
1.0,0.0005269004661882109,1.0824033418689639e-30,8.564188398099394e-31
0.0005269004661882109,1.0,3.550859314581133e-15,3.547828976179064e-15
1.0824033418689639e-30,3.550859314581133e-15,1.0,0.9717405215816787
8.564188398099394e-31,3.547828976179064e-15,0.9717405215816787,1.0
