1P,2P,HUX,UX
1.0,0.026292779018559538,6.641747962087991e-09,1.3287300555970706e-08
0.026292779018559538,1.0,0.0012088689664787851,0.0015515774180865287
6.641747962087991e-09,0.0012088689664787851,1.0,0.8873156731680845
1.3287300555970706e-08,0.0015515774180865287,0.8873156731680845,1.0
