greedy_multi,greedy_ting,random_dense
1.0,0.0,2.948978124627529e-250
0.0,1.0,5.6111025023040115e-06
2.948978124627529e-250,5.6111025023040115e-06,1.0
