greedy_multi,greedy_ting,random_dense
1.0,0.0,8.024930409333808e-142
0.0,1.0,4.646232766165953e-99
8.024930409333808e-142,4.646232766165953e-99,1.0
