greedy_multi,greedy_ting,random_dense
1.0,0.0,5.1748785760062526e-138
0.0,1.0,4.0232386335776335e-108
5.1748785760062526e-138,4.0232386335776335e-108,1.0
