1P,2P,HUX,UX
1.0,0.12985679868164077,6.814763605926376e-27,1.9388352330270247e-25
0.12985679868164077,1.0,5.433582819229802e-19,7.66795509734722e-18
6.814763605926376e-27,5.433582819229802e-19,1.0,0.7444289490979134
1.9388352330270247e-25,7.66795509734722e-18,0.7444289490979134,1.0
