greedy_multi,greedy_ting,random_dense
1.0,0.0,3.4000318969264898e-177
0.0,1.0,4.1053685556328137e-53
3.4000318969264898e-177,4.1053685556328137e-53,1.0
