greedy_multi,greedy_ting,random_dense
1.0,1.9369170720158514e-143,0.0
1.9369170720158514e-143,1.0,8.475501047655524e-99
0.0,8.475501047655524e-99,1.0
