greedy_multi,greedy_ting,random_dense
1.0,2.9745758344096075e-263,8.224555131561051e-307
2.9745758344096075e-263,1.0,0.00528343253173584
8.224555131561051e-307,0.00528343253173584,1.0
