1P,2P,HUX,UX
1.0,0.6370979809329804,0.008013444438455206,0.008013444438455206
0.6370979809329804,1.0,0.10820431736144458,0.10820431736144458
0.008013444438455206,0.10820431736144458,1.0,0.9951767248049328
0.008013444438455206,0.10820431736144458,0.9951767248049328,1.0
