greedy_multi,greedy_ting,random_dense
1.0,5.353081136529813e-192,0.0
5.353081136529813e-192,1.0,2.3882961437418406e-37
0.0,2.3882961437418406e-37,1.0
