1P,2P,HUX,UX
1.0,0.007234867862570544,1.2114775553587343e-16,1.7209016060656415e-16
0.007234867862570544,1.0,9.458402091208201e-08,1.0125189616655577e-07
1.2114775553587343e-16,9.458402091208201e-08,1.0,0.9504166226707961
1.7209016060656415e-16,1.0125189616655577e-07,0.9504166226707961,1.0
