greedy_multi,greedy_ting,random_dense
1.0,7.828977615922148e-13,2.001738917649383e-64
7.828977615922148e-13,1.0,2.107826750524308e-128
2.001738917649383e-64,2.107826750524308e-128,1.0
