1P,2P,HUX,UX
1.0,0.0006741980278778779,4.177792304812029e-12,6.754026300742754e-12
0.0006741980278778779,1.0,0.0018914895062484454,0.0018914895062484454
4.177792304812029e-12,0.0018914895062484454,1.0,0.9273686973269444
6.754026300742754e-12,0.0018914895062484454,0.9273686973269444,1.0
