1P,2P,HUX,UX
1.0,0.0003331545097416721,2.0926679792893273e-27,8.961785349089614e-27
0.0003331545097416721,1.0,1.751910276025758e-12,3.886327501983815e-12
2.0926679792893273e-27,1.751910276025758e-12,1.0,0.8819632232226831
8.961785349089614e-27,3.886327501983815e-12,0.8819632232226831,1.0
