greedy_multi,greedy_ting,random_dense
1.0,1.4687115177270076e-188,1.9964697136487103e-153
1.4687115177270076e-188,1.0,0.0035728356862796884
1.9964697136487103e-153,0.0035728356862796884,1.0
