algorithm,Average Ranking (Algorithm)
NSGA2,1.2222222222222223
NSGA3,2.111111111111111
MOEAD_TCHE,2.6666666666666665
