crossover,Average Ranking (Crossover)
UX,1.5555555555555556
HUX,1.5555555555555556
2P,2.888888888888889
1P,4.0
