crossover,Average Ranking (Crossover)
UX,1.6666666666666667
HUX,1.7777777777777777
2P,2.888888888888889
1P,3.6666666666666665
