init,Average Ranking (Initialization)
greedy_ting,1.7777777777777777
random_dense,1.7777777777777777
greedy_multi,2.4444444444444446
