init,Compacidad,Tolerancia,Disimilitud,Balance
random_dense,305.0,78.0,0.4107720032554354,0.0039222286539335
random_dense,214.0,41.0,0.3376499635447736,0.0019515595229601
random_dense,260.0,63.0,0.3896549372613203,0.0028697621688543
random_dense,208.0,45.0,0.3520228109656301,0.0020637364007958
random_dense,270.0,68.0,0.4169950091935908,0.004191075099862
random_dense,249.0,55.0,0.411913611894386,0.0034915504865723
random_dense,309.0,64.0,0.34418106910877,0.0021124034452847
random_dense,238.0,45.0,0.3398742475713689,0.0019014860135907
random_dense,218.0,39.0,0.3474160648057778,0.0020054965981338
random_dense,299.0,67.0,0.3523298702530895,0.0021135295502051
random_dense,290.0,59.0,0.3515926876987038,0.0021202949968334
random_dense,359.0,87.0,0.3826132479898852,0.0033352232025225
random_dense,349.0,77.0,0.356334715194375,0.0024602109967773
random_dense,189.0,47.0,0.405207512477016,0.0035521052318558
random_dense,174.0,33.0,0.3827341648324774,0.0027953132473931
random_dense,189.0,43.0,0.3981387669330931,0.0028194893515242
random_dense,207.0,48.0,0.424088635351355,0.0042197395999992
random_dense,273.0,63.0,0.3521516899176473,0.0021567798165045
random_dense,232.0,55.0,0.4024211298606016,0.0029447241220517
random_dense,266.0,65.0,0.3750166640004266,0.0025401822655352
random_dense,174.0,41.0,0.3938717697888644,0.0028655611828083
random_dense,269.0,63.0,0.3688569432360463,0.0023912947411923
random_dense,364.0,80.0,0.3642959434182838,0.0026293839699061
random_dense,216.0,49.0,0.3987186432886787,0.0028953021985173
random_dense,378.0,87.0,0.3677623925850876,0.0029056686379729
random_dense,200.0,45.0,0.394459219858156,0.002770718195136
random_dense,205.0,49.0,0.4023741567202906,0.0029316347608843
random_dense,239.0,53.0,0.3841619929374759,0.0026100540415142
random_dense,270.0,52.0,0.3370567375886524,0.0019017108844952
random_dense,329.0,83.0,0.3997472461143805,0.0036191540269619
random_dense,275.0,65.0,0.3919890393294649,0.0029839342330669
random_dense,350.0,81.0,0.3651139817629179,0.0026534462642005
random_dense,218.0,55.0,0.4201070336391437,0.0038888183758043
random_dense,176.0,35.0,0.3979892005157963,0.0031722569828963
random_dense,204.0,40.0,0.3466007857043527,0.0021078369905017
random_dense,193.0,49.0,0.4105115202293021,0.0032869888401426
random_dense,270.0,61.0,0.3629301287102705,0.0022532555933455
random_dense,345.0,80.0,0.367799876657416,0.0028639878963829
random_dense,236.0,57.0,0.3867840185118403,0.0026165966374307
random_dense,252.0,46.0,0.3552642688280986,0.0021166255083677
random_dense,261.0,63.0,0.3922787424254775,0.0033604291754432
random_dense,210.0,50.0,0.4203140830800405,0.0039898082365585
random_dense,211.0,51.0,0.4090408725757117,0.0032779226830844
random_dense,206.0,50.0,0.4234705295049232,0.0043824597899767
random_dense,246.0,61.0,0.4015056506948048,0.003207719918224
random_dense,190.0,47.0,0.404441955953714,0.0031158655774712
random_dense,346.0,76.0,0.3642976468659041,0.0026254845521499
random_dense,199.0,37.0,0.3619382372857194,0.0023135531902496
random_dense,218.0,55.0,0.4035639924523391,0.0030075770732119
random_dense,207.0,52.0,0.4071418782334601,0.0036722347972771
random_dense,229.0,53.0,0.4108248939267242,0.0033036785588031
random_dense,348.0,85.0,0.3914516589223119,0.0034569871262732
random_dense,261.0,65.0,0.3899724192277384,0.0031858957786358
random_dense,278.0,64.0,0.3575182407265677,0.0022433649069684
random_dense,183.0,43.0,0.4183234507615394,0.0044471787102803
random_dense,229.0,57.0,0.4217032116200563,0.0040546151628994
random_dense,252.0,62.0,0.3909715186310931,0.0031785190635858
random_dense,199.0,47.0,0.3775571118001354,0.0027567715432072
random_dense,283.0,68.0,0.4141136004811668,0.0040321994770952
random_dense,204.0,41.0,0.3847865387289667,0.0027266770396121
random_dense,293.0,64.0,0.3818047587926318,0.00280118858661
random_dense,189.0,45.0,0.4185382190701339,0.004038212626423
random_dense,187.0,47.0,0.4033782758751469,0.0033193215255681
random_dense,286.0,72.0,0.4049620592173783,0.0033953079862297
random_dense,250.0,55.0,0.3502730496453901,0.0020627623233237
random_dense,300.0,75.0,0.4053841607565012,0.0037883078972665
random_dense,222.0,49.0,0.364178007795029,0.0024125939670558
random_dense,236.0,60.0,0.4234170272869335,0.0042620058523514
random_dense,338.0,82.0,0.3911253094968315,0.0034581538917368
random_dense,281.0,70.0,0.3980054768935665,0.0035633665070884
random_dense,305.0,72.0,0.3840338332752005,0.0029269742089187
random_dense,180.0,35.0,0.3635047281323877,0.0024387807105052
random_dense,242.0,63.0,0.4176814078893382,0.0040265395813091
random_dense,332.0,84.0,0.3942445313167564,0.0036298676831271
random_dense,213.0,53.0,0.4242458295874537,0.0042822466362983
random_dense,355.0,85.0,0.3776695634801718,0.003207753436059
random_dense,224.0,52.0,0.3668748416919959,0.0023005981215373
random_dense,262.0,54.0,0.3440968274592604,0.0020104817082588
random_dense,248.0,61.0,0.4114940803019903,0.0038148951576125
random_dense,245.0,47.0,0.3434107685627443,0.00197190661309
random_dense,177.0,32.0,0.3732369675842449,0.0026123613697018
random_dense,330.0,77.0,0.3681656995486783,0.0027651431146173
random_dense,214.0,38.0,0.3577749055478226,0.0022070860553826
random_dense,180.0,40.0,0.4156471631205674,0.003535784226914
random_dense,267.0,67.0,0.3971232767551199,0.0031541134167773
random_dense,214.0,50.0,0.4150593225956121,0.0036913731162817
random_dense,194.0,39.0,0.3563327118520143,0.0022361069531944
random_dense,180.0,43.0,0.4130860914105595,0.0037451965108677
random_dense,338.0,79.0,0.3817853246044735,0.0031081203905574
random_dense,270.0,67.0,0.4028598634095088,0.0033679484906213
random_dense,234.0,52.0,0.3545644662665939,0.0021383525809378
random_dense,324.0,79.0,0.3998938359162945,0.0036973593406124
random_dense,256.0,63.0,0.4155723625886525,0.0036663227916921
random_dense,200.0,50.0,0.4160062056737588,0.0037960841813477
random_dense,315.0,78.0,0.4036277158617584,0.0039103586518038
random_dense,260.0,62.0,0.3744680851063829,0.0028503140282312
random_dense,286.0,70.0,0.4111026384962555,0.0038361696021194
random_dense,261.0,52.0,0.3562369229097035,0.0021881751443586
random_dense,235.0,55.0,0.3765353855439867,0.0026714339637274
random_dense,269.0,64.0,0.4085033879089878,0.0036919977617289
random_dense,311.0,69.0,0.3513431848760576,0.0021862908290328
random_dense,358.0,83.0,0.3729595071120092,0.0030264828222775
random_dense,186.0,37.0,0.376858842370167,0.0026215893951599
random_dense,205.0,51.0,0.419862480539699,0.0042021842687069
random_dense,289.0,68.0,0.3969698642911482,0.0033191131702536
random_dense,202.0,46.0,0.3992302155747489,0.0030094229637214
random_dense,310.0,70.0,0.3551447037291237,0.0023113929987352
random_dense,338.0,73.0,0.3487032607327206,0.0022506142254371
random_dense,375.0,86.0,0.3721796690307328,0.0030538747324357
random_dense,321.0,74.0,0.3699100771083272,0.0027766989824156
random_dense,272.0,69.0,0.4037436118064247,0.0036224736702022
random_dense,306.0,77.0,0.3893031799008019,0.0032245250077891
random_dense,277.0,63.0,0.3463143610620375,0.0021004930200729
random_dense,211.0,52.0,0.4055157809821518,0.0034119965909648
random_dense,237.0,56.0,0.4092228506448813,0.0033052445489928
random_dense,309.0,76.0,0.3975303541508871,0.0034836493946514
random_dense,184.0,38.0,0.4086542167745914,0.0032562624021466
random_dense,306.0,72.0,0.3702226162332545,0.0025744341603134
random_dense,216.0,55.0,0.3996913580246913,0.0031560151945571
random_dense,232.0,57.0,0.3946105404744436,0.002882708138618
random_dense,215.0,45.0,0.3617845950849414,0.0021280281819606
random_dense,292.0,63.0,0.3409052268532012,0.0019343944149595
random_dense,259.0,60.0,0.3875619540513157,0.003084253714436
random_dense,222.0,52.0,0.3950825825825825,0.0027386328548694
random_dense,277.0,56.0,0.3494860076298742,0.0020876557259854
random_dense,190.0,33.0,0.3676511758118701,0.0024685876594198
random_dense,246.0,61.0,0.4052679755520959,0.0033974764607287
random_dense,226.0,48.0,0.3836691144166196,0.0027213067016506
random_dense,194.0,37.0,0.3680403231702859,0.0024137680528389
random_dense,276.0,56.0,0.3400882670366943,0.0018867077620129
random_dense,237.0,49.0,0.3619003800460843,0.0022219471378164
random_dense,314.0,75.0,0.3820752586167954,0.0030473512314903
random_dense,264.0,66.0,0.4043560606060606,0.0037633739372285
random_dense,212.0,49.0,0.3640731633881975,0.0022345185848668
random_dense,291.0,57.0,0.3551217372230752,0.0022377397472305
random_dense,266.0,67.0,0.4117741161414174,0.0038169939308937
random_dense,301.0,66.0,0.3672480620155039,0.0024858042294817
random_dense,227.0,42.0,0.346033680132471,0.0020047104897165
random_dense,211.0,53.0,0.4139356660280326,0.0034178881516696
random_dense,291.0,72.0,0.3894098364651117,0.0030643449433037
random_dense,292.0,65.0,0.3597772758185174,0.0023152183842875
random_dense,310.0,71.0,0.362677304964539,0.0025563138574492
random_dense,267.0,62.0,0.3822117300183281,0.002786332503936
random_dense,251.0,58.0,0.3804533638495662,0.0028767689908373
random_dense,309.0,72.0,0.4013174504808465,0.0033667901331973
random_dense,211.0,47.0,0.388495344694296,0.0028371770858003
random_dense,186.0,44.0,0.4088547624494776,0.0033366018042859
random_dense,237.0,53.0,0.3616460184935811,0.002433389104538
random_dense,179.0,36.0,0.368848805420183,0.0025273013931896
random_dense,216.0,56.0,0.4148279485158918,0.0035316976502301
random_dense,198.0,45.0,0.3666541299520022,0.0024652208616731
random_dense,250.0,50.0,0.3558262411347518,0.002248608105729
random_dense,238.0,58.0,0.394708415281006,0.0032344449104747
random_dense,263.0,61.0,0.3956529946336596,0.0031753398013326
random_dense,282.0,66.0,0.3747862280569388,0.0026831121314242
random_dense,302.0,70.0,0.378804424404678,0.0029249805704385
random_dense,234.0,48.0,0.3504576589682973,0.0021360388379085
random_dense,264.0,53.0,0.3520913926499033,0.0020693391097571
random_dense,193.0,48.0,0.3982563480689376,0.0029202310723488
random_dense,324.0,72.0,0.3578140049032484,0.0024205612396842
random_dense,227.0,47.0,0.3646702283875402,0.0022125782778468
random_dense,261.0,60.0,0.3767628597048993,0.002674909219567
random_dense,274.0,68.0,0.3971145881865714,0.0033732250656222
random_dense,228.0,54.0,0.3953200821201941,0.0030066543454909
random_dense,228.0,54.0,0.3792071046410352,0.0028281704673702
random_dense,179.0,42.0,0.3895558461111771,0.0030080605645223
random_dense,253.0,50.0,0.3389958792363973,0.0018775924125635
random_dense,229.0,42.0,0.3409481557186658,0.0019165119486123
random_dense,265.0,63.0,0.4012177171149471,0.0035340122429058
random_dense,291.0,65.0,0.3755818771173015,0.0028050022241161
random_dense,168.0,38.0,0.4053845829111786,0.0033440573194449
random_dense,253.0,60.0,0.3732795111148487,0.0025846584283141
random_dense,171.0,41.0,0.408833105221683,0.0033179256877573
random_dense,188.0,44.0,0.3937867813490267,0.0030201353070006
random_dense,302.0,70.0,0.3668568878869006,0.0027463045211548
random_dense,183.0,40.0,0.4001521140952602,0.0030064504593861
random_dense,198.0,44.0,0.3833055734651479,0.0027943135307962
random_dense,254.0,56.0,0.3600721784776903,0.0023544113097387
random_dense,315.0,70.0,0.3728413824158505,0.002748719171081
random_dense,212.0,45.0,0.3820294727686337,0.0026981743697613
random_dense,249.0,56.0,0.3656541057848415,0.0023908533231964
random_dense,208.0,49.0,0.4115819353518821,0.0035405787510007
random_dense,288.0,67.0,0.3682464046493302,0.0027029750248328
random_dense,245.0,60.0,0.386380083948473,0.0030385091586484
random_dense,194.0,41.0,0.3796976676171675,0.0026418287726576
random_dense,196.0,44.0,0.3740275365465335,0.002532490072982
random_dense,242.0,49.0,0.3384326827266866,0.0019997652963622
random_dense,244.0,60.0,0.4101884955237763,0.0036351844734019
random_dense,324.0,79.0,0.3961206330443919,0.0034171794659433
random_dense,235.0,47.0,0.3557454353402746,0.0021943544937784
random_dense,303.0,76.0,0.4052237670575568,0.0039536269210646
random_dense,210.0,42.0,0.3648725092874029,0.0023982581386175
random_dense,332.0,79.0,0.3842898188498675,0.0033239533299298
random_dense,258.0,53.0,0.3635645170157787,0.0023766216976558
random_dense,217.0,54.0,0.4072212962055104,0.0032060922585157
random_dense,265.0,61.0,0.3700120433560819,0.0025926897650489
random_dense,195.0,43.0,0.4035870158210584,0.0030485524100151
random_dense,273.0,65.0,0.3850050658561297,0.0030581083964097
random_dense,222.0,54.0,0.3766252955082742,0.0024894098391384
random_dense,183.0,41.0,0.3863649575630741,0.002756560218803
random_dense,322.0,79.0,0.3835376194881283,0.0031363709788952
random_dense,291.0,67.0,0.3734798079500865,0.0029405976278499
random_dense,208.0,45.0,0.4048520185488271,0.0032569013882415
random_dense,251.0,56.0,0.3558849707552768,0.0021722087082375
random_dense,280.0,60.0,0.3692185916919959,0.0024677513202919
random_dense,298.0,69.0,0.3929922890189918,0.0031605375174373
random_dense,220.0,47.0,0.3742988394584139,0.0024787006838415
random_dense,247.0,50.0,0.3466993998908892,0.0020491907096037
random_dense,289.0,72.0,0.4105468845861248,0.0039918324752786
random_dense,291.0,64.0,0.3621804245570422,0.0024758064278319
random_dense,228.0,58.0,0.4112619758616399,0.003684084079029
random_dense,213.0,51.0,0.3936752905137682,0.0030585989785646
random_dense,193.0,45.0,0.4149900782714144,0.0035603132490164
random_dense,229.0,58.0,0.409880299792499,0.003417040055571
random_dense,192.0,49.0,0.420808399822695,0.0041275371710579
random_dense,266.0,57.0,0.3532568122433744,0.0021023543483438
random_dense,282.0,69.0,0.3865845530908908,0.0030804817918001
random_dense,224.0,59.0,0.4175175721884498,0.0037005795225523
random_dense,203.0,42.0,0.3630297313349404,0.0022519501480556
random_dense,286.0,66.0,0.3694080741953082,0.0025184863492846
random_dense,143.0,29.0,0.3761407032683628,0.0030692322959316
random_dense,264.0,55.0,0.3990704921555985,0.0032224311847873
random_dense,260.0,55.0,0.3373397435897435,0.0020552562222851
random_dense,246.0,53.0,0.3545630802052701,0.0021252973255306
random_dense,147.0,31.0,0.4317375886524823,0.0045729177885455
random_dense,159.0,38.0,0.4474775859761809,0.0059008720255044
random_dense,161.0,33.0,0.3804733271662041,0.002650270303039
random_dense,326.0,78.0,0.3983977287560371,0.0038232039223749
random_dense,191.0,50.0,0.4106791429950614,0.0040282773425926
random_dense,241.0,61.0,0.3928813160295459,0.0031863004324431
random_dense,273.0,67.0,0.417780505546463,0.0044972224772652
random_dense,254.0,63.0,0.4259263137320601,0.0047615913259245
random_dense,157.0,39.0,0.4448942946198672,0.0054241363325364
random_dense,281.0,66.0,0.3732237954620024,0.0026363071251517
random_dense,227.0,44.0,0.3338839941262849,0.0019867288403367
random_dense,357.0,81.0,0.3754147048890478,0.0029860880571754
random_dense,200.0,39.0,0.3812012411347518,0.0026555384027149
random_dense,250.0,63.0,0.421081560283688,0.0043564046954378
random_dense,220.0,52.0,0.3949588974854932,0.0030500041719044
random_dense,179.0,41.0,0.3776447165101628,0.0030940266119489
random_dense,236.0,45.0,0.3403691849981969,0.001987841065875
random_dense,281.0,69.0,0.3831901012089548,0.0032011594188846
random_dense,259.0,65.0,0.4195076535502067,0.0040852454792618
random_dense,268.0,60.0,0.3577954641685191,0.0022778438217579
random_dense,218.0,52.0,0.3777124406272367,0.002940873078428
random_dense,317.0,71.0,0.3592522988120007,0.0026036560050386
random_dense,285.0,70.0,0.4086879432624113,0.00392591450641
random_dense,252.0,52.0,0.3677811550151976,0.0024266789133819
random_dense,176.0,37.0,0.4059528127014829,0.0035079467267467
random_dense,199.0,43.0,0.4092982643715029,0.0034980853306536
random_dense,290.0,63.0,0.3486579848373685,0.0023388986014796
random_dense,331.0,72.0,0.3582417346960639,0.0024643088392529
random_dense,162.0,42.0,0.4286128622712547,0.0041970848219957
random_dense,295.0,61.0,0.374284769804063,0.0025726044595478
random_dense,240.0,61.0,0.4102541371158392,0.0039626471952562
random_dense,232.0,51.0,0.3521796282709709,0.0023879096172912
random_dense,282.0,58.0,0.3515228107238066,0.0022150980831166
random_dense,264.0,55.0,0.3559968031377606,0.0023200386150723
random_dense,236.0,48.0,0.3453840605842048,0.0020693941939313
random_dense,368.0,80.0,0.3690520929694726,0.0028050512332014
random_dense,197.0,51.0,0.432178601000828,0.0043269544858088
random_dense,206.0,46.0,0.3518599807202369,0.0023306619756755
random_dense,300.0,69.0,0.3591371158392435,0.0025006738706414
random_dense,154.0,33.0,0.4113705443492678,0.0036186547730967
random_dense,262.0,59.0,0.3511924097233501,0.0023227537493415
random_dense,203.0,45.0,0.3612130105160185,0.0025117581571817
random_dense,175.0,44.0,0.4303039513677812,0.0044077090320057
random_dense,281.0,67.0,0.415041896973827,0.0041634238800299
random_dense,159.0,31.0,0.3646739372853383,0.0026193065112861
random_dense,227.0,57.0,0.3891843971631205,0.0031032730136762
random_dense,174.0,44.0,0.4316407842178202,0.0046548247237116
random_dense,265.0,56.0,0.3453599625317811,0.0021315923617901
random_dense,335.0,77.0,0.3923838255530856,0.0035438954618025
random_dense,184.0,41.0,0.4244333950046254,0.0038019194030806
random_dense,267.0,64.0,0.4128383403724068,0.0039514571782729
random_dense,179.0,46.0,0.4232041681524625,0.0040580620722762
random_dense,172.0,42.0,0.422743485073396,0.0041458868177619
random_dense,265.0,54.0,0.3879298809045898,0.0029317558017731
random_dense,168.0,43.0,0.4225187858831476,0.0038971623656058
random_dense,276.0,62.0,0.3575264672628225,0.0025403393351014
random_dense,275.0,68.0,0.4149194068343004,0.0039429818993257
random_dense,270.0,66.0,0.3836715261360651,0.0032376348011236
random_dense,182.0,46.0,0.4435595432935859,0.0052765796307723
random_dense,150.0,30.0,0.398693853427896,0.003488719513047
random_dense,251.0,62.0,0.3980143256760193,0.0032409155321251
random_dense,340.0,80.0,0.388310909470171,0.0032347592458758
random_dense,190.0,44.0,0.3872153788727137,0.0031925779022301
random_dense,200.0,35.0,0.342127659574468,0.0020702957597706
random_dense,289.0,62.0,0.3607695894377776,0.0024209557336573
random_dense,239.0,55.0,0.3668914507848897,0.0025690228045884
random_dense,250.0,58.0,0.3672836879432624,0.0026517422161863
random_dense,183.0,44.0,0.3715604774638608,0.0027521204124843
random_dense,330.0,76.0,0.3876638727702557,0.0034072374799016
random_dense,173.0,42.0,0.4069405157217234,0.0035557817636676
random_dense,225.0,51.0,0.4162490149724192,0.003923273601385
random_dense,342.0,77.0,0.3787249595620257,0.0030214133423987
random_dense,216.0,53.0,0.4145365445232467,0.0041519407473082
random_dense,204.0,45.0,0.3714843206786261,0.002803276578948
random_dense,195.0,36.0,0.3479814511729405,0.0021722535575828
random_dense,219.0,55.0,0.4161323229379189,0.003788244415629
random_dense,281.0,55.0,0.3578689331415158,0.0022489307188201
random_dense,255.0,56.0,0.3627798637185371,0.0025060725600289
random_dense,177.0,46.0,0.4357394718916536,0.004277586944275
random_dense,275.0,59.0,0.3907994842037395,0.0031594276440689
random_dense,170.0,41.0,0.4068575302461409,0.0037950010771268
random_dense,152.0,34.0,0.4215658827920865,0.0045793985641157
random_dense,219.0,40.0,0.3341510411606593,0.0019865399325104
random_dense,150.0,32.0,0.3868676122931442,0.0030606373198307
random_dense,157.0,34.0,0.441483715047206,0.0053254980431775
random_dense,209.0,41.0,0.3598357596117954,0.002391619619578
random_dense,185.0,40.0,0.3948773241326432,0.0032439144897163
random_dense,219.0,57.0,0.4288189384371255,0.0044680794640875
random_dense,267.0,64.0,0.4064865726352697,0.0036448489096751
random_dense,248.0,62.0,0.413259980553649,0.0042234157026704
random_dense,310.0,70.0,0.3848518645618851,0.0029449662847611
random_dense,241.0,53.0,0.3799880815749978,0.0028612109740972
random_dense,206.0,47.0,0.3776983061350961,0.0027500001960185
random_dense,182.0,47.0,0.4284983633387888,0.0042183743840016
random_dense,210.0,52.0,0.4398387369132049,0.0050649673201524
random_dense,176.0,42.0,0.4175683027079304,0.003691714432756
random_dense,186.0,45.0,0.4061665904064668,0.0033353461759961
random_dense,194.0,48.0,0.4416355926007165,0.0054070226589839
random_dense,210.0,45.0,0.3714201283350219,0.0025027740880232
random_dense,186.0,48.0,0.4296404331579349,0.0045222986724473
random_dense,200.0,40.0,0.3520257092198581,0.0022752183106672
random_dense,144.0,29.0,0.3834773936170212,0.0029320831424187
random_dense,208.0,39.0,0.3415294258046917,0.0020538459082732
random_dense,249.0,55.0,0.3758900851633484,0.0027089969607928
random_dense,139.0,31.0,0.4246517679473442,0.0044967792241483
random_dense,176.0,33.0,0.3542573339780786,0.0022771684665222
random_dense,310.0,70.0,0.3754289636238846,0.002820076541792
random_dense,247.0,59.0,0.4217453412582192,0.0042430371835163
random_dense,280.0,66.0,0.3978945035460993,0.0035895091158303
random_dense,162.0,35.0,0.4159935644864723,0.0039876925521496
random_dense,309.0,65.0,0.3711583924349882,0.0025972468551387
random_dense,151.0,35.0,0.435935371753323,0.0047292447692823
random_dense,236.0,58.0,0.4157500901550667,0.0039825579423221
random_dense,161.0,40.0,0.4357297035372891,0.0047301994880805
random_dense,298.0,68.0,0.3719745109238898,0.0026776543386932
random_dense,206.0,50.0,0.4419240170763616,0.0055828649966961
random_dense,137.0,30.0,0.4108233680178081,0.0040662713012288
random_dense,288.0,68.0,0.3891413022064618,0.0032414636822286
random_dense,169.0,41.0,0.3947868143858324,0.0031217218666446
random_dense,242.0,57.0,0.4125087919817127,0.0037627091652052
random_dense,162.0,42.0,0.4422390771386044,0.0053249260212557
random_dense,286.0,55.0,0.3630350146307593,0.0023850920369592
random_dense,151.0,29.0,0.3738492790380912,0.0028049238797232
random_dense,235.0,54.0,0.3912743322770484,0.0032856579576274
random_dense,166.0,33.0,0.3826903358113304,0.002918467066409
random_dense,211.0,49.0,0.3968984235824006,0.003097549666913
random_dense,267.0,59.0,0.3647568199325311,0.0026210907275232
random_dense,137.0,30.0,0.4060995496195061,0.0036678316015858
random_dense,212.0,46.0,0.3661054797270172,0.0023443525492958
random_dense,286.0,64.0,0.3888341268660418,0.0032142417732315
random_dense,212.0,53.0,0.4247373879298809,0.0045042219539071
random_dense,271.0,64.0,0.3943072675407605,0.0032335748210252
random_dense,248.0,59.0,0.4026002345001144,0.003459497216829
random_dense,212.0,37.0,0.3491862371202998,0.0021903172973341
random_dense,217.0,51.0,0.3878443965094617,0.0032631228260046
random_dense,150.0,35.0,0.4396867612293144,0.0049650319051132
random_dense,180.0,44.0,0.4115592986603624,0.0036383542019072
random_dense,209.0,53.0,0.4355933353693712,0.0047741817183271
random_dense,201.0,47.0,0.4118194488550157,0.0035725244150929
random_dense,238.0,51.0,0.3720461588890875,0.0026483295093972
random_dense,157.0,38.0,0.4088573429100601,0.0037149242164985
random_dense,175.0,37.0,0.366048632218845,0.0026953868373967
random_dense,160.0,38.0,0.3981715425531915,0.0032809541724432
random_dense,160.0,37.0,0.4324357269503546,0.0045801266313864
random_dense,223.0,51.0,0.3742208122634608,0.0026488125616445
random_dense,218.0,56.0,0.437406467564578,0.0052024135179098
random_dense,301.0,74.0,0.4044408708560119,0.0039651371457542
random_dense,212.0,51.0,0.4221530844373076,0.0042734422895616
random_dense,249.0,57.0,0.3898252584807314,0.0031013571689399
random_dense,188.0,46.0,0.4073392937980987,0.0037869142662706
random_dense,259.0,58.0,0.3773823215312577,0.0028810824791935
random_dense,192.0,42.0,0.3703642139479906,0.0026277911870988
random_dense,237.0,56.0,0.3998413980907921,0.0033073997910992
random_dense,328.0,74.0,0.3789785504238021,0.0030411589667175
random_dense,215.0,50.0,0.3971301335972291,0.0033155463215978
random_dense,234.0,49.0,0.3886464205613141,0.0028810011687298
random_dense,246.0,57.0,0.3826039324223029,0.0028405183922533
random_dense,219.0,50.0,0.3592773405874542,0.0025626381385068
random_dense,219.0,46.0,0.344016159849736,0.0021357290106183
random_dense,312.0,74.0,0.3884456264775414,0.0033479380083108
random_dense,161.0,35.0,0.4234064578652922,0.0041688314703999
random_dense,202.0,47.0,0.389623270837722,0.0032449081710474
random_dense,223.0,53.0,0.3875743408707821,0.0029126718987325
random_dense,311.0,70.0,0.3663342911222093,0.0027098256365092
random_dense,207.0,44.0,0.3924264227224449,0.003146029240031
random_dense,210.0,53.0,0.4308088483620398,0.0045894038206466
random_dense,298.0,70.0,0.3803459231757818,0.0028624300242352
random_dense,204.0,49.0,0.4209080795438742,0.0038461986313761
random_dense,198.0,46.0,0.4152473314707357,0.0040201814424216
random_dense,148.0,32.0,0.4133961088748323,0.003881961204365
random_dense,218.0,54.0,0.402673401002017,0.0036911881019638
random_dense,268.0,65.0,0.3815331586747115,0.0028715781098856
random_dense,184.0,39.0,0.3694014030218933,0.0025934562856878
random_dense,231.0,56.0,0.4255280771238218,0.0043230816991041
random_dense,250.0,60.0,0.4082730496453901,0.0037348899828982
random_dense,352.0,78.0,0.3701795212765957,0.002842370904621
random_dense,163.0,41.0,0.4320965496236348,0.0045495331370001
random_dense,294.0,67.0,0.3774967433782023,0.0029995927044898
random_dense,164.0,36.0,0.3943467825635703,0.0031054833318308
random_dense,264.0,59.0,0.3846611057382333,0.0029491695200011
random_dense,284.0,68.0,0.4050232244531015,0.0036862092777133
random_dense,228.0,54.0,0.3809451598855294,0.0028786381543814
random_dense,244.0,51.0,0.358948087431694,0.002425616354338
random_dense,211.0,51.0,0.4008814829753621,0.0037021269165977
random_dense,190.0,49.0,0.4371733855916387,0.0048812530949384
random_dense,169.0,33.0,0.3624260355029586,0.0026091194385241
random_dense,301.0,69.0,0.3939586720388304,0.0033991148671223
random_dense,189.0,42.0,0.3923177229914819,0.0029941035268509
random_dense,153.0,31.0,0.3792356185973207,0.0030030048722402
random_dense,209.0,49.0,0.4077335505107062,0.003548113000795
random_dense,236.0,45.0,0.3579118583964418,0.0022811394446039
random_dense,174.0,44.0,0.4395838428303579,0.0051045694691912
random_dense,224.0,54.0,0.4195320415400202,0.0042531725377122
random_dense,218.0,47.0,0.3703355781117834,0.0026789129606731
random_dense,301.0,65.0,0.360727244881129,0.0025636231865373
random_dense,199.0,43.0,0.3879726647421505,0.002981174974222
random_dense,180.0,35.0,0.3822842789598109,0.0027261398754301
random_dense,324.0,73.0,0.3763051615445232,0.002838881662428
random_dense,174.0,42.0,0.4389469715496861,0.0047042056886894
random_dense,301.0,72.0,0.4001672910628873,0.0035437041332007
random_dense,232.0,55.0,0.4050768831010027,0.003484472868262
random_dense,152.0,33.0,0.3921122620380739,0.0032279448833352
random_dense,205.0,48.0,0.3999913509773395,0.0032944759420874
random_dense,180.0,45.0,0.4153122537431048,0.0039515463991847
random_dense,203.0,49.0,0.4173741396778814,0.0040738514547883
random_dense,308.0,66.0,0.3825987841945288,0.0029145800344313
random_dense,278.0,63.0,0.3674485943160365,0.0025734316048533
random_dense,217.0,50.0,0.3802333562113933,0.0027558700210742
random_dense,277.0,57.0,0.3653186368640704,0.0024880080015693
random_dense,198.0,41.0,0.375832796045562,0.0027061988759658
random_dense,208.0,48.0,0.3880932896890344,0.0029303371099089
random_dense,345.0,74.0,0.3693930517010998,0.0027794239870793
random_dense,197.0,46.0,0.3985266587464449,0.0035882655338066
random_dense,212.0,52.0,0.4115356951692761,0.0037260903765521
random_dense,232.0,60.0,0.4283175898752751,0.0046931732562602
random_dense,345.0,76.0,0.3648396546407647,0.0026215352210491
random_dense,278.0,65.0,0.3923350681157201,0.0034334839611432
random_dense,271.0,64.0,0.3771754206903771,0.0035854525570374
random_dense,275.0,59.0,0.386779497098646,0.0030656731415558
random_dense,277.0,56.0,0.3499116675627928,0.002299769233424
random_dense,244.0,51.0,0.388621235902802,0.0035411242439537
random_dense,253.0,58.0,0.375178706584812,0.0028365472977721
random_dense,246.0,52.0,0.3876708181975437,0.0037288077438211
random_dense,305.0,72.0,0.3840367399139635,0.0036868052090805
random_dense,270.0,64.0,0.3877692408720777,0.0037423984327979
random_dense,285.0,52.0,0.3494960806270996,0.0022888137325675
random_dense,234.0,45.0,0.3898360307934776,0.0037962838652382
random_dense,287.0,67.0,0.379173153433662,0.0033026925777339
random_dense,285.0,57.0,0.3609213636929202,0.0024298987930944
random_dense,260.0,61.0,0.363911620294599,0.002595243101781
random_dense,266.0,53.0,0.357736095558044,0.0024687768171067
random_dense,286.0,59.0,0.3492814809304171,0.0022441494945779
random_dense,269.0,56.0,0.3986857022331198,0.0038809487347716
random_dense,317.0,71.0,0.3843854173658187,0.0031603056793815
random_dense,282.0,66.0,0.3847674915748705,0.0031919528668636
random_dense,257.0,52.0,0.3828924855810359,0.00313413707788
random_dense,277.0,60.0,0.3634111682924956,0.0024361937573053
random_dense,273.0,60.0,0.3421271399994804,0.0023899364537977
random_dense,323.0,77.0,0.3891295039852447,0.0034544784918274
random_dense,259.0,55.0,0.3426812070429091,0.0023985105156145
random_dense,295.0,60.0,0.3610740473614617,0.0024200032187349
random_dense,279.0,58.0,0.33761025953888,0.0022625438780225
random_dense,216.0,42.0,0.3660772918308379,0.0030558283954093
random_dense,238.0,48.0,0.3609906728648906,0.0027262938829079
random_dense,292.0,60.0,0.3353492664917905,0.0021857138782284
random_dense,343.0,79.0,0.389776275251742,0.0035675137288885
random_dense,259.0,58.0,0.3616713217777047,0.0026663844035597
random_dense,298.0,63.0,0.3935307487267361,0.0035177621815201
random_dense,329.0,78.0,0.3708422255276035,0.0028667309248911
random_dense,283.0,66.0,0.3875867729243415,0.0033696613916438
random_dense,298.0,67.0,0.3821368223142463,0.0031552260545845
random_dense,332.0,76.0,0.3898679825685721,0.0037192589591842
random_dense,289.0,64.0,0.3726379788461066,0.0026881617324659
random_dense,260.0,59.0,0.3705878341516639,0.0027524703476067
random_dense,260.0,50.0,0.3951411620294598,0.0038038052442915
random_dense,297.0,60.0,0.3512399407789479,0.0022894202167893
random_dense,295.0,55.0,0.3285280682774372,0.0020121897709498
random_dense,311.0,74.0,0.3768813710063624,0.0028880246105548
random_dense,267.0,62.0,0.3892474831991925,0.0035592602620839
random_dense,257.0,50.0,0.3934341970913707,0.0035998781535546
random_dense,276.0,53.0,0.3366321050467674,0.0020849435061577
random_dense,267.0,60.0,0.3990357797434058,0.0040742158086966
random_dense,289.0,64.0,0.3500116567277724,0.0024940691774738
random_dense,243.0,54.0,0.3745001897090156,0.0031985094032315
random_dense,245.0,55.0,0.3872991749891446,0.0038822760837227
random_dense,346.0,79.0,0.3705007584142992,0.0029064195190609
random_dense,331.0,71.0,0.3879229071586209,0.0033230724689853
random_dense,235.0,48.0,0.3707182737286856,0.0028777194770632
random_dense,277.0,62.0,0.3814521084568707,0.0033632497034812
random_dense,324.0,76.0,0.3715168330268802,0.0031229644183412
random_dense,249.0,47.0,0.39072602466604,0.0037021340669504
random_dense,230.0,45.0,0.3645891150169596,0.0027916892223046
random_dense,228.0,45.0,0.3697119571979594,0.003000280154531
random_dense,274.0,51.0,0.3550273075529326,0.0024308954166355
random_dense,306.0,65.0,0.3781144254392064,0.0028150686057108
random_dense,232.0,44.0,0.3718207385668867,0.0028272856186042
random_dense,278.0,52.0,0.3414842594009898,0.0021485514722229
random_dense,216.0,42.0,0.3744869648016811,0.003446972302819
random_dense,229.0,46.0,0.3579431075598501,0.0027788390967013
random_dense,255.0,58.0,0.3826901682658878,0.0032381661538789
random_dense,219.0,42.0,0.3623619612034068,0.0028976154752152
random_dense,230.0,46.0,0.3808510638297873,0.0034513074912934
random_dense,266.0,63.0,0.3789626993014451,0.0032884675950736
random_dense,245.0,53.0,0.3613619916051527,0.0026058693017707
random_dense,266.0,58.0,0.3902808883911907,0.0033705919798348
random_dense,258.0,50.0,0.3606403595579746,0.0025653162006316
random_dense,285.0,65.0,0.3653726514868732,0.0028696727368408
random_dense,342.0,78.0,0.3655748413587159,0.0028174335672391
random_dense,271.0,63.0,0.3841563947554369,0.003585780321495
random_dense,297.0,67.0,0.3592306039114549,0.0024890578450675
random_dense,289.0,63.0,0.3872855775601855,0.0031775435833487
random_dense,272.0,59.0,0.3842074728827701,0.0033627643881607
random_dense,225.0,47.0,0.3759850275807723,0.0031906394746271
random_dense,263.0,56.0,0.3887259660760996,0.0031169512942645
random_dense,245.0,55.0,0.3861485019539731,0.003546944595227
random_dense,288.0,61.0,0.3430358550039401,0.0022395726845176
random_dense,271.0,61.0,0.3928580775169454,0.0039287167163022
random_dense,232.0,43.0,0.3842894044998777,0.0037687492189098
random_dense,241.0,49.0,0.3694159971748918,0.0026528132235244
random_dense,261.0,52.0,0.3478030488301948,0.0023077899001325
random_dense,340.0,74.0,0.3655089695452649,0.0027719077516412
random_dense,290.0,67.0,0.3704726094399608,0.0029079862185802
random_dense,330.0,73.0,0.3911213195787663,0.003534893317431
random_dense,315.0,72.0,0.3945119891928402,0.0039024513504634
random_dense,299.0,69.0,0.3762334258402713,0.0030537360173621
random_dense,245.0,56.0,0.3704479664206108,0.003345826542878
random_dense,252.0,53.0,0.3534877012270629,0.0025863392566336
random_dense,246.0,56.0,0.3842976993599723,0.003338464679088
random_dense,308.0,68.0,0.367078843142673,0.0025310207123428
random_dense,254.0,59.0,0.391945189032222,0.0040890772111664
random_dense,314.0,71.0,0.3621764466729909,0.0027223143981181
random_dense,275.0,65.0,0.3989361702127659,0.0039870049521928
random_dense,296.0,69.0,0.3872376365727429,0.0033104149528422
random_dense,249.0,55.0,0.3647782619841066,0.0026487693224825
random_dense,272.0,61.0,0.3921340477680434,0.0037268331709477
random_dense,245.0,51.0,0.3656028368794326,0.0026193878881301
random_dense,326.0,71.0,0.3594994126093199,0.0024314810015504
random_dense,275.0,61.0,0.3581979368149581,0.0025264636051448
random_dense,323.0,77.0,0.3836539094921283,0.003416266041205
random_dense,296.0,57.0,0.3346391604370328,0.0021341596554006
random_dense,337.0,79.0,0.3742607908748447,0.0030192702242742
random_dense,218.0,45.0,0.3736010800962978,0.0032260033190878
random_dense,237.0,44.0,0.3832742316784869,0.003359899858443
random_dense,335.0,77.0,0.384876151159098,0.003340648403725
random_dense,254.0,54.0,0.3935681577036913,0.0038937880693149
random_dense,299.0,69.0,0.3941951896392229,0.0036289422974827
random_dense,287.0,62.0,0.3768224726320212,0.0027373174686969
random_dense,226.0,45.0,0.3646912069290152,0.0030534531483353
random_dense,297.0,70.0,0.3805937626859612,0.0032131890112828
random_dense,312.0,71.0,0.3860048417894162,0.0033574633515996
random_dense,303.0,71.0,0.387560564567095,0.0034913159441538
random_dense,296.0,68.0,0.3966060475368986,0.00392994357418
random_dense,303.0,73.0,0.3918117875617349,0.0038026053975368
random_dense,253.0,54.0,0.3891002999467384,0.003604965326139
random_dense,292.0,61.0,0.3797301564169824,0.0028630734375799
random_dense,278.0,61.0,0.3883265727843257,0.0032813106718314
random_dense,292.0,65.0,0.384229573496551,0.0030561014771329
random_dense,267.0,53.0,0.397030307859856,0.0038264975486158
random_dense,251.0,60.0,0.3792383656861914,0.0035177419121136
random_dense,263.0,57.0,0.363694280398026,0.0024797686538908
random_dense,253.0,55.0,0.3934733551986096,0.0042084800777463
random_dense,271.0,59.0,0.3545543168197639,0.002499364800015
random_dense,236.0,43.0,0.3534379132107224,0.0026120319123432
random_dense,243.0,48.0,0.3504691649884716,0.0026131479861229
random_dense,295.0,65.0,0.352304964539007,0.0023734260269892
random_dense,324.0,65.0,0.3431069958847736,0.0022789459835556
random_dense,329.0,69.0,0.3417297204078553,0.0023205402221469
random_dense,271.0,64.0,0.397280887702494,0.0042611035217009
random_dense,246.0,52.0,0.3728881969670761,0.0028349877654122
random_dense,266.0,52.0,0.3439249720044792,0.0022245527528372
random_dense,301.0,63.0,0.3377394500600834,0.0021954777458476
random_dense,287.0,69.0,0.398231892653273,0.0041903143328513
random_dense,297.0,68.0,0.365949685985147,0.0028128967701182
random_dense,280.0,63.0,0.3538785460992907,0.0023345077377327
random_dense,238.0,45.0,0.3463630132904225,0.0025056822696236
random_dense,235.0,50.0,0.3822053719631809,0.0035336701853848
random_dense,223.0,42.0,0.3769837483700665,0.0035363813613156
random_dense,314.0,66.0,0.3391493879026065,0.0022382867450351
random_dense,307.0,65.0,0.3824704876752836,0.0029588373499485
random_dense,225.0,45.0,0.3767612293144208,0.0034865771712057
random_dense,315.0,73.0,0.3784419678036699,0.0032491760086903
random_dense,292.0,69.0,0.3904170309919362,0.0035039689459069
random_dense,256.0,48.0,0.3570894281914893,0.0024667540988142
random_dense,322.0,71.0,0.3919265671115809,0.0035853169232885
random_dense,236.0,53.0,0.3697747625916576,0.0029552633490069
random_dense,343.0,76.0,0.3590761532576556,0.0025874687247027
random_dense,292.0,67.0,0.376603031186243,0.0028489617547451
random_dense,306.0,69.0,0.3572144578871737,0.0023384487965983
random_dense,265.0,58.0,0.3753646460591462,0.0028523450736939
random_dense,295.0,66.0,0.3634451256160596,0.0026231886966751
random_dense,319.0,70.0,0.3628971297716712,0.0024921876904593
random_dense,244.0,52.0,0.3818705673758865,0.0032437893934502
random_dense,280.0,57.0,0.3454470618034447,0.0021736006133817
random_dense,256.0,55.0,0.3604277482269503,0.0026314657079004
random_dense,278.0,59.0,0.379738762181744,0.0029202974613186
random_dense,249.0,57.0,0.3811095445612236,0.0037753461131789
random_dense,339.0,74.0,0.3513462624741103,0.0026106373200386
random_dense,291.0,62.0,0.3385001584168068,0.0022902177665307
random_dense,277.0,64.0,0.3700425019842794,0.0029520401550245
random_dense,343.0,72.0,0.3537570043214854,0.0025235136770864
random_dense,247.0,49.0,0.3399553507336262,0.0023158702954867
random_dense,308.0,70.0,0.3779675554941513,0.002835242698767
random_dense,303.0,64.0,0.3419645156004962,0.0022822688095607
random_dense,243.0,47.0,0.3821432740857485,0.0031177849176835
random_dense,255.0,52.0,0.3568592685301071,0.0024429910906262
random_dense,329.0,72.0,0.3790203496518571,0.0031620888042572
random_dense,259.0,56.0,0.380839426052192,0.0029410392765495
random_dense,229.0,43.0,0.3587831769333209,0.0026876309011061
random_dense,339.0,76.0,0.3775026674198205,0.0030209096625771
random_dense,302.0,70.0,0.3723521675825466,0.0027801367491867
random_dense,317.0,72.0,0.3725669508020672,0.0027651562614286
random_dense,285.0,58.0,0.3693791215627722,0.0027397398949728
random_dense,295.0,66.0,0.3921865608847217,0.0036501605697248
random_dense,241.0,51.0,0.3518326417704011,0.0026572703013233
random_dense,226.0,41.0,0.3658483964099667,0.0028882481583959
random_dense,279.0,62.0,0.3688991840158621,0.0028256168157933
random_dense,283.0,66.0,0.3935606345387565,0.0037570693408246
random_dense,274.0,59.0,0.3478380442097634,0.0023242435187263
random_dense,287.0,58.0,0.3558640373637778,0.0023498311093364
random_dense,229.0,51.0,0.3794442379757812,0.003237546193251
random_dense,240.0,48.0,0.3824246453900709,0.0033179784627387
random_dense,275.0,61.0,0.3949451966473243,0.0035605927998865
random_dense,319.0,73.0,0.3908990862402454,0.0037291201629955
random_dense,278.0,64.0,0.376100183682841,0.0031435873960747
random_dense,257.0,58.0,0.3846586362005684,0.0037044550256809
random_dense,227.0,49.0,0.362354328740588,0.0028012522081292
random_dense,282.0,64.0,0.3792628640410442,0.0029355674117115
random_dense,262.0,58.0,0.3680871365924963,0.0025906323143763
random_dense,268.0,62.0,0.3747585212236689,0.0028547579923157
random_dense,273.0,60.0,0.399273893954745,0.0039083267560219
random_dense,262.0,52.0,0.3849615613664663,0.003433971139336
random_dense,266.0,52.0,0.3317002612915267,0.0021740775284234
random_dense,282.0,63.0,0.3646697852220713,0.0026389953045933
random_dense,227.0,49.0,0.3679117068141344,0.0030923114555123
random_dense,260.0,61.0,0.3885740589198035,0.0037443350876881
random_dense,246.0,56.0,0.380420054200542,0.0029584838513293
random_dense,234.0,53.0,0.3631531490574044,0.0027541987354665
random_dense,329.0,75.0,0.3758919140313436,0.0028973630328027
random_dense,241.0,52.0,0.3797305847385303,0.0038821692002756
random_dense,256.0,60.0,0.3773721464982269,0.003300213920513
random_dense,260.0,56.0,0.3933203764320785,0.0037032187740242
random_dense,284.0,56.0,0.3314603935670762,0.0021224839047041
random_dense,253.0,51.0,0.3484357917752922,0.0024904681452495
random_dense,256.0,55.0,0.3849387743794326,0.0032249854295871
random_dense,252.0,53.0,0.3687380389508049,0.0029078574649423
random_dense,230.0,45.0,0.3757323465926611,0.0030445256078962
random_dense,277.0,54.0,0.3386396804670097,0.0022534905305787
random_dense,243.0,47.0,0.3858717858914864,0.0036918143106737
random_dense,244.0,48.0,0.3885485699337286,0.0033060407306899
random_dense,268.0,59.0,0.3793995448290462,0.0030125332254397
random_dense,250.0,50.0,0.3942624113475177,0.0040420304310648
random_dense,248.0,52.0,0.3410797014413178,0.0023948351737575
random_dense,253.0,57.0,0.3524689541109522,0.002541456033861
random_dense,268.0,55.0,0.3516063300518683,0.0023837336089922
random_dense,287.0,62.0,0.3580046704722366,0.0025115852563016
random_dense,270.0,55.0,0.3342592592592592,0.0022652411736664
random_dense,340.0,76.0,0.3732999582811848,0.0028151698105457
random_dense,300.0,72.0,0.3903900709219858,0.0033195483962912
random_dense,289.0,70.0,0.4051970600505534,0.0043097548120485
random_dense,281.0,66.0,0.3994409530299588,0.0038225334876964
random_dense,277.0,60.0,0.4059163530225055,0.0037629186045605
random_dense,292.0,68.0,0.3650387399203342,0.0028365445825389
random_dense,275.0,67.0,0.4100870406189555,0.0045794191867229
random_dense,300.0,70.0,0.4035667848699764,0.0038701681166132
random_dense,234.0,56.0,0.3948066315087591,0.0038481002264996
random_dense,310.0,65.0,0.3816689544726607,0.0028662738599034
random_dense,301.0,72.0,0.4052537640489149,0.004301834857577
random_dense,284.0,62.0,0.3915380581360503,0.003314007634193
random_dense,311.0,72.0,0.3773089553259902,0.0031418531563424
random_dense,301.0,60.0,0.3472261492424778,0.0021925664069659
random_dense,281.0,63.0,0.4109247621210974,0.0043876469672175
random_dense,285.0,66.0,0.3726297125793206,0.0029512421681395
random_dense,295.0,63.0,0.3782906599350883,0.0027664225814957
random_dense,278.0,63.0,0.3602001377621307,0.0026862588530938
random_dense,216.0,39.0,0.3639266482794852,0.0027788799477216
random_dense,288.0,67.0,0.3820552600472813,0.0032771710608968
random_dense,216.0,46.0,0.3717124704491726,0.0028675286263614
random_dense,301.0,57.0,0.3365937419005207,0.0020734008981984
random_dense,263.0,62.0,0.4006620284227274,0.0035025494155782
random_dense,271.0,66.0,0.407726178325613,0.00429673750464
random_dense,224.0,46.0,0.386944338905775,0.0031189723641019
random_dense,284.0,69.0,0.4124213365298172,0.0045040422197255
random_dense,331.0,70.0,0.3738135030318613,0.0028318621928843
random_dense,244.0,55.0,0.3987872049761655,0.0039620926244686
random_dense,277.0,67.0,0.3964398187264767,0.0034273348922799
random_dense,336.0,77.0,0.3681215172239108,0.0029655563500427
random_dense,316.0,69.0,0.334932444564144,0.0021657661744949
random_dense,326.0,72.0,0.3506151285732933,0.002349738894773
random_dense,316.0,62.0,0.3573957491695843,0.0024007312642649
random_dense,300.0,63.0,0.3665780141843971,0.0025219779563402
random_dense,305.0,73.0,0.3997965352865946,0.0040140553236124
random_dense,300.0,74.0,0.3923522458628841,0.0037939547250585
random_dense,310.0,74.0,0.3864676275451841,0.0037133037043876
random_dense,310.0,66.0,0.3693348204072294,0.0026576183622287
random_dense,298.0,66.0,0.3690799181303251,0.0025865370283305
random_dense,228.0,43.0,0.3849617394550205,0.0029767238351315
random_dense,221.0,48.0,0.3883981579538525,0.0035459660368465
random_dense,254.0,59.0,0.3737853911878036,0.0030170114804919
random_dense,237.0,52.0,0.370436454499207,0.0027712541434591
random_dense,259.0,59.0,0.3961567950929653,0.0032199303671877
random_dense,250.0,52.0,0.3647872340425531,0.0026836923192998
random_dense,262.0,54.0,0.3824779383899085,0.0028729095055736
random_dense,333.0,75.0,0.3678811790513918,0.0027199902752161
random_dense,284.0,64.0,0.4129270302667066,0.0047174889021911
random_dense,289.0,69.0,0.3999576676728263,0.0041768842011429
random_dense,310.0,69.0,0.3424702585220773,0.0023281746916395
random_dense,287.0,66.0,0.3642350557244174,0.0026282931353999
random_dense,220.0,43.0,0.3924161831076725,0.0036632523821489
random_dense,231.0,48.0,0.3966757238033834,0.0036981201351268
random_dense,276.0,57.0,0.3715085054990235,0.0026311607720467
random_dense,308.0,64.0,0.362487911025145,0.0024642768210177
random_dense,237.0,48.0,0.357097435437053,0.002492546213157
random_dense,306.0,68.0,0.3481985583831641,0.0024355603956956
random_dense,310.0,66.0,0.4007063601006634,0.0037621946886655
random_dense,293.0,64.0,0.344985234671895,0.0024020162183157
random_dense,308.0,69.0,0.3619064889011697,0.0028243380216007
random_dense,226.0,40.0,0.3754079583254879,0.0029738035932602
random_dense,251.0,61.0,0.3975516374219434,0.0037023514762442
random_dense,274.0,67.0,0.4057889423823575,0.0039120748215722
random_dense,282.0,64.0,0.3716739600623711,0.0027334644239203
random_dense,320.0,67.0,0.381712655141844,0.0028797016611018
random_dense,239.0,56.0,0.3982796225407282,0.0034828513723592
random_dense,297.0,72.0,0.3843219428325811,0.0032006585709133
random_dense,287.0,71.0,0.3951306002421726,0.0033881144201728
random_dense,288.0,63.0,0.3982651201733648,0.0033755441578176
random_dense,299.0,63.0,0.4018003273322422,0.0036050656763949
random_dense,233.0,42.0,0.3629425014458345,0.00256297014752
random_dense,293.0,70.0,0.3793085711519376,0.0030797487700978
random_dense,254.0,57.0,0.4115918355950187,0.0049443145403694
random_dense,325.0,73.0,0.3908401527550463,0.0033809845206195
random_dense,299.0,66.0,0.4023607058990963,0.0038333289442216
random_dense,289.0,64.0,0.4035344425630076,0.0039054534381721
random_dense,256.0,50.0,0.3401554188829787,0.0022496002839668
random_dense,312.0,70.0,0.393881273867976,0.0033491628774247
random_dense,266.0,57.0,0.3784361168879646,0.002832249329931
random_dense,277.0,59.0,0.3504077374094272,0.0022695762324735
random_dense,331.0,74.0,0.3838009684814981,0.0033425092250465
random_dense,240.0,45.0,0.3633200354609929,0.0026281198980286
random_dense,301.0,70.0,0.3968126340095662,0.0037797050091863
random_dense,325.0,78.0,0.3940943807965085,0.0035638898710641
random_dense,236.0,57.0,0.4011261870417117,0.0040397078172572
random_dense,309.0,68.0,0.3788961188000642,0.0030554329757195
random_dense,300.0,63.0,0.3898522458628841,0.0030884730465715
random_dense,209.0,39.0,0.3738844209168957,0.0029332848711779
random_dense,298.0,68.0,0.400709219858156,0.0043096855777031
random_dense,264.0,62.0,0.4071801794541156,0.0045656737863004
random_dense,319.0,73.0,0.4001256141755041,0.0039705909152094
random_dense,326.0,69.0,0.3844200060914589,0.0030752910647041
random_dense,246.0,53.0,0.4099708816237098,0.0048280938028988
random_dense,295.0,65.0,0.3610920783748046,0.0025767382194525
random_dense,230.0,43.0,0.3509289238359543,0.0024768482911651
random_dense,311.0,67.0,0.36392841668377,0.0025996369886515
random_dense,341.0,76.0,0.3610963790270585,0.0025767915892566
random_dense,270.0,60.0,0.3955411084843709,0.0032552255450106
random_dense,318.0,66.0,0.3353935278112315,0.0020377240856856
random_dense,267.0,58.0,0.412639121311127,0.0050691252196279
random_dense,317.0,71.0,0.3515420498020001,0.002492561191865
random_dense,275.0,55.0,0.3429368149580915,0.0021306635535153
random_dense,288.0,61.0,0.4006876723798266,0.003576178926126
random_dense,312.0,73.0,0.4053066466630296,0.0041431427917687
random_dense,299.0,61.0,0.3312222775682535,0.0020173130764507
random_dense,292.0,69.0,0.4001930923928883,0.0039661623136716
random_dense,301.0,67.0,0.3430203105487618,0.0024056358472695
random_dense,287.0,59.0,0.3914825660414659,0.0031931258084725
random_dense,272.0,61.0,0.4134660513141426,0.0049066871772616
random_dense,268.0,51.0,0.3721121784693553,0.002664343238498
random_dense,245.0,57.0,0.3871978578665508,0.0034312974673275
random_dense,240.0,50.0,0.3612367021276595,0.0027392433219845
random_dense,332.0,76.0,0.3632348543108604,0.0028645892771217
random_dense,249.0,57.0,0.3806395795949756,0.0029791620064019
random_dense,250.0,57.0,0.4058900709219858,0.0047370942985765
random_dense,304.0,68.0,0.3930804404628592,0.0032817034097861
random_dense,266.0,63.0,0.4076647736362182,0.0039948718387428
random_dense,271.0,52.0,0.3393525424615948,0.0020850743888528
random_dense,253.0,45.0,0.361253609172203,0.0025576809805057
random_dense,307.0,63.0,0.3389383648670501,0.0021641001405844
random_dense,264.0,55.0,0.3453752955082742,0.0021895980965503
random_dense,319.0,71.0,0.3618494186175771,0.002462211965014
random_dense,236.0,54.0,0.4061335497054934,0.0042056729478778
random_dense,313.0,74.0,0.3865418167810935,0.0034602042866607
random_dense,264.0,58.0,0.4116396679561573,0.0047957040827258
random_dense,313.0,67.0,0.3757505721342306,0.0028108867046661
random_dense,348.0,78.0,0.3704833088774761,0.0031811294681618
random_dense,276.0,62.0,0.3764133004419775,0.0027248670956927
random_dense,315.0,68.0,0.3992541934031295,0.0035419603325982
random_dense,252.0,53.0,0.3889662839130924,0.0031320913459238
random_dense,253.0,60.0,0.4100405068258907,0.0048136362020137
random_dense,241.0,56.0,0.3833502545540154,0.0030371149138799
random_dense,340.0,76.0,0.3778681685440134,0.0033144471717445
random_dense,322.0,74.0,0.3716190916699705,0.003055234477041
random_dense,224.0,49.0,0.373191331053698,0.0027714828586585
random_dense,294.0,68.0,0.3976305061031505,0.0036211606406299
random_dense,247.0,59.0,0.4025253395354179,0.0043520704139572
random_dense,302.0,70.0,0.3572636325207834,0.0024713054030633
random_dense,247.0,49.0,0.3423385591638671,0.0022312754697717
random_dense,277.0,55.0,0.337397905625112,0.0020796011008426
random_dense,269.0,64.0,0.3892766748398323,0.003605857436965
random_dense,257.0,54.0,0.3719057869028893,0.0026754908046043
random_dense,229.0,50.0,0.3794403666883458,0.0028713593325031
random_dense,305.0,66.0,0.3523107778165329,0.0023209243125459
random_dense,349.0,79.0,0.3794021418846146,0.0032097840468866
random_dense,221.0,42.0,0.3666762940855557,0.0028044863910023
random_dense,249.0,49.0,0.3763849725141701,0.0028478074646889
random_dense,276.0,60.0,0.3611303833898653,0.00245952722251
random_dense,235.0,52.0,0.3934623509883809,0.0032380190284068
random_dense,257.0,52.0,0.3463345475618842,0.0022279414545912
random_dense,252.0,56.0,0.3593556512439491,0.002393553564513
random_dense,274.0,62.0,0.409603587513589,0.0041362177230448
random_dense,296.0,67.0,0.4072563254744105,0.0043774734675312
random_dense,318.0,73.0,0.3891704580935813,0.0036473368816793
random_dense,322.0,71.0,0.3452628738822078,0.0023931364528821
random_dense,222.0,46.0,0.3825594211232509,0.0032680607489073
random_dense,265.0,62.0,0.3934564431955038,0.0034197603544579
random_dense,327.0,69.0,0.3549406814583469,0.0023769595622679
random_dense,258.0,52.0,0.3630112980372753,0.0025274324862393
random_dense,212.0,43.0,0.3733565837013247,0.0030221035730133
random_dense,241.0,53.0,0.3813417792295694,0.0028755461954908
random_dense,245.0,50.0,0.3684469532493848,0.0025799839742008
random_dense,222.0,41.0,0.3614784997763721,0.0026578925182712
random_dense,320.0,69.0,0.3769198803191489,0.0029491256591833
random_dense,326.0,73.0,0.3798976417351956,0.0028603469248558
random_dense,269.0,65.0,0.3822866408289171,0.0029789729630233
random_dense,256.0,64.0,0.4002694204343971,0.0038499617611376
random_dense,252.0,57.0,0.4056484295845998,0.0038159167464022
random_dense,230.0,46.0,0.390440949737897,0.0032832508434637
random_dense,275.0,62.0,0.3914603481624758,0.0030669020236523
random_dense,291.0,59.0,0.3734798079500865,0.0027088978678578
random_dense,284.0,65.0,0.3833814054540005,0.0030977021566451
random_dense,276.0,60.0,0.40625,0.0039935207785888
random_dense,260.0,59.0,0.3674679487179487,0.0024715425750486
random_dense,245.0,50.0,0.398585178752352,0.0034935719336591
random_dense,285.0,61.0,0.3515459748662436,0.0021977522859196
random_dense,253.0,58.0,0.3925342696156757,0.0033679851987696
random_dense,225.0,47.0,0.3616154452324665,0.0026948774218948
random_dense,260.0,59.0,0.4106996726677578,0.004341694351733
random_dense,217.0,42.0,0.3837426871915547,0.0033713405444026
random_dense,271.0,52.0,0.3784708591766769,0.0028017272874089
random_dense,252.0,42.0,0.3474262636496679,0.0022410077944843
random_dense,230.0,48.0,0.3703515263644774,0.0026482307441944
random_dense,327.0,73.0,0.3962901511701043,0.0038268540042677
random_dense,287.0,58.0,0.3437832060691427,0.0021286217633161
random_dense,245.0,44.0,0.3524533217542336,0.0024543700574436
random_dense,276.0,59.0,0.386483066091068,0.0029632485405199
random_dense,261.0,60.0,0.3798402217331051,0.0029484251262422
random_dense,231.0,40.0,0.3553429431089006,0.0024986207140663
random_dense,268.0,59.0,0.3738190695458876,0.0027261898926921
random_dense,262.0,57.0,0.3531515619078555,0.002273773371594
random_dense,246.0,48.0,0.3523683907051836,0.0024020137724643
random_dense,289.0,63.0,0.3698403641807161,0.0025833502351376
random_dense,238.0,52.0,0.4009140890398712,0.0036150932908646
random_dense,240.0,41.0,0.3532247340425531,0.0024299915306621
random_dense,227.0,51.0,0.3875988065110757,0.003412709275778
random_dense,259.0,64.0,0.3942776362989129,0.0037274101864149
random_dense,247.0,58.0,0.4038712780314124,0.0040332375760436
random_dense,303.0,69.0,0.3683057135500784,0.0028607752805197
random_dense,271.0,64.0,0.3968425322551098,0.0035990894761755
random_dense,298.0,66.0,0.3798134132990623,0.0029384742487925
random_dense,322.0,76.0,0.3668340601735606,0.0029958355703958
random_dense,234.0,51.0,0.3978753712796266,0.0034302415079416
random_dense,251.0,57.0,0.3885768980814331,0.0031376399736804
random_dense,226.0,45.0,0.399210757547229,0.0034744599793747
random_dense,241.0,59.0,0.3919248992083811,0.0035345539513245
random_dense,257.0,52.0,0.3554309131550625,0.002371132902384
random_dense,262.0,64.0,0.402928915597423,0.0044869293694838
random_dense,252.0,59.0,0.3989889395474502,0.0034300583253165
random_dense,312.0,71.0,0.3735792871431169,0.002782943059817
random_dense,271.0,62.0,0.3640116720316139,0.0026827098787793
random_dense,290.0,69.0,0.3729212521398874,0.0030190710455509
random_dense,334.0,73.0,0.3582728160699877,0.0024313710600807
random_dense,229.0,48.0,0.3840084858620583,0.0029561025086545
random_dense,276.0,66.0,0.385927382053654,0.0033023993796881
random_dense,212.0,42.0,0.3809296801819885,0.003113753602245
random_dense,297.0,62.0,0.337622680707787,0.0020736770652795
random_dense,315.0,64.0,0.3520432286389733,0.0023054848305087
random_dense,227.0,47.0,0.3740783266160527,0.0030539333960652
random_dense,236.0,50.0,0.4057992246664262,0.0041173139151441
greedy_ting,365.0,73.0,0.3460822889342271,0.0025262511641678
greedy_ting,8.0,1.0,0.491688829787234,0.0283966824284179
greedy_ting,166.0,21.0,0.3185080748526019,0.0022213185290919
greedy_ting,103.0,25.0,0.4430902706052468,0.0056365585432209
greedy_ting,39.0,1.0,0.200013638843426,0.0028828782860584
greedy_ting,267.0,56.0,0.3378290434828804,0.002438266214394
greedy_ting,98.0,9.0,0.3223603271095672,0.0027879373231525
greedy_ting,16.0,2.0,0.4794991134751773,0.0153709370559516
greedy_ting,9.0,1.0,0.4582348305752561,0.0240196142355655
greedy_ting,148.0,35.0,0.4239804964539007,0.0044213725298997
greedy_ting,165.0,39.0,0.4100204169353105,0.0038747066799061
greedy_ting,328.0,69.0,0.3555910525860578,0.0025821632954885
greedy_ting,21.0,2.0,0.4951030057413036,0.0155796604308104
greedy_ting,147.0,22.0,0.2784170405750952,0.0019368259271686
greedy_ting,150.0,25.0,0.2902541371158392,0.0019173507019544
greedy_ting,52.0,11.0,0.4659369885433715,0.01019142554821
greedy_ting,90.0,11.0,0.4006501182033097,0.0045539070897767
greedy_ting,80.0,17.0,0.4554078014184397,0.0062672982370102
greedy_ting,118.0,28.0,0.4248557518932564,0.0046572511409129
greedy_ting,32.0,6.0,0.4737644060283688,0.0118329909826259
greedy_ting,229.0,38.0,0.3151150546625785,0.0020283286741251
greedy_ting,9.0,1.0,0.4416863672182821,0.0226699168695714
greedy_ting,177.0,30.0,0.3227451216091678,0.0023825761132162
greedy_ting,157.0,34.0,0.3991225098251796,0.0038216096969613
greedy_ting,35.0,2.0,0.3542806484295845,0.0058957012335642
greedy_ting,17.0,1.0,0.3001147267417605,0.0093538360119876
greedy_ting,348.0,67.0,0.3460147142740686,0.0025667192635642
greedy_ting,41.0,3.0,0.3109107420861443,0.0053270554198133
greedy_ting,205.0,38.0,0.3145044110015568,0.0022298277816661
greedy_ting,196.0,30.0,0.3143544651903314,0.0021073766540026
greedy_ting,9.0,1.0,0.4716312056737589,0.0247402601031694
greedy_ting,169.0,33.0,0.389614545301943,0.003502639062731
greedy_ting,105.0,13.0,0.2454407294832826,0.0018919757933856
greedy_ting,12.0,1.0,0.4248670212765957,0.0164134968950673
greedy_ting,131.0,30.0,0.3973323046938444,0.0041158039609465
greedy_ting,124.0,14.0,0.3399965682910089,0.0029964767669925
greedy_ting,35.0,5.0,0.4151215805471124,0.0085967828734028
greedy_ting,101.0,13.0,0.2579699459307633,0.0022794135916466
greedy_ting,30.0,2.0,0.2734929078014184,0.0046726695714501
greedy_ting,127.0,17.0,0.261915731278271,0.00188346266141
greedy_ting,117.0,18.0,0.2838622173728556,0.002307487713099
greedy_ting,108.0,15.0,0.393239427370633,0.0040947790480761
greedy_ting,170.0,34.0,0.3354557780559032,0.002541171195908
greedy_ting,295.0,60.0,0.3585977881956966,0.0026701741546487
greedy_ting,11.0,1.0,0.4955673758865248,0.0236747425591361
greedy_ting,22.0,3.0,0.4825918762088975,0.0124892906180201
greedy_ting,235.0,46.0,0.3282292138222423,0.0024340911350329
greedy_ting,35.0,5.0,0.4820415400202634,0.0110510644200338
greedy_ting,291.0,64.0,0.3633411323145913,0.0027266194233459
greedy_ting,51.0,11.0,0.4428973717146433,0.0081042585810602
greedy_ting,13.0,1.0,0.3554964539007092,0.0124184859603992
greedy_ting,11.0,1.0,0.4952450032237266,0.0204187474876339
greedy_ting,36.0,3.0,0.4084909377462569,0.0071867911139179
greedy_ting,299.0,58.0,0.337555444863493,0.0024333974067548
greedy_ting,19.0,3.0,0.4083146696528555,0.0107879221220834
greedy_ting,15.0,1.0,0.4105200945626477,0.0130650565308027
greedy_ting,249.0,50.0,0.3284948303853712,0.0023528517520613
greedy_ting,171.0,36.0,0.3972097797685703,0.0037458422041484
greedy_ting,88.0,15.0,0.4287556415215989,0.0056600753044665
greedy_ting,39.0,7.0,0.4259410801963993,0.0074243834146503
greedy_ting,14.0,2.0,0.4966438703140831,0.0179046793664652
greedy_ting,42.0,9.0,0.4693304626815265,0.0084880031760118
greedy_ting,29.0,5.0,0.4755441428222059,0.0138456246294465
greedy_ting,112.0,22.0,0.3920576874366768,0.0043428660590101
greedy_ting,23.0,2.0,0.3797024360160345,0.0086954510124466
greedy_ting,10.0,1.0,0.4482269503546099,0.0204046577133946
greedy_ting,83.0,18.0,0.4368431171494489,0.0057589919008885
greedy_ting,116.0,14.0,0.3185146123746638,0.0026821008692826
greedy_ting,23.0,1.0,0.2297255627505396,0.005478723166546
greedy_ting,266.0,49.0,0.3297205780408468,0.0022747022592668
greedy_ting,203.0,44.0,0.3857169059846976,0.0034060314167593
greedy_ting,146.0,21.0,0.3457446808510638,0.0028353110606532
greedy_ting,43.0,6.0,0.3913697839353455,0.0069982134472149
greedy_ting,224.0,45.0,0.3593908308004053,0.002723003428916
greedy_ting,81.0,13.0,0.3520816916206987,0.0039162763096344
greedy_ting,10.0,1.0,0.4056737588652482,0.0189749006589203
greedy_ting,261.0,53.0,0.34719165240075,0.0023992371468474
greedy_ting,62.0,10.0,0.3468456874857012,0.0045788356351796
greedy_ting,55.0,9.0,0.3654416505480335,0.0052015941130719
greedy_ting,270.0,57.0,0.3609173890202259,0.0026802346798671
greedy_ting,60.0,12.0,0.4102393617021276,0.0055351771425397
greedy_ting,105.0,19.0,0.3524822695035461,0.0032385995995903
greedy_ting,146.0,26.0,0.3083102593995919,0.0022714932167257
greedy_ting,103.0,22.0,0.4181298629759691,0.0054876863743269
greedy_ting,15.0,1.0,0.466371158392435,0.0170408898222199
greedy_ting,22.0,3.0,0.3664571244358478,0.0089598646554437
greedy_ting,303.0,61.0,0.3462684034360883,0.0026002339065162
greedy_ting,212.0,41.0,0.3747114612605379,0.0030857900402005
greedy_ting,118.0,21.0,0.3309517369876187,0.0030694689361735
greedy_ting,55.0,8.0,0.3388781431334623,0.0043175738619995
greedy_ting,201.0,38.0,0.3289580466462016,0.0025429379608801
greedy_ting,228.0,49.0,0.3772979656588279,0.0031041731082866
greedy_ting,36.0,4.0,0.3439716312056737,0.0063770639005788
greedy_ting,14.0,1.0,0.4059017223910841,0.0147379298407153
greedy_ting,82.0,12.0,0.3401876837917315,0.0034890969613938
greedy_ting,18.0,1.0,0.3478624901497242,0.0094613272078432
greedy_ting,25.0,3.0,0.3566666666666666,0.0078413711583924
greedy_ting,168.0,40.0,0.3875379939209726,0.0032866260029488
greedy_ting,125.0,23.0,0.3100851063829787,0.0024537516221518
greedy_ting,18.0,1.0,0.4017434988179669,0.0114608206444083
greedy_ting,112.0,24.0,0.4020864994934144,0.0049382711761094
greedy_ting,16.0,2.0,0.4214317375886525,0.0139677639572645
greedy_ting,76.0,10.0,0.3019433557297499,0.003253545179474
greedy_ting,312.0,64.0,0.3387632978723404,0.0024220374838601
greedy_ting,48.0,5.0,0.3396867612293144,0.004773956254995
greedy_ting,153.0,30.0,0.3426679182311222,0.0028488233563649
greedy_ting,10.0,1.0,0.4243794326241135,0.0202833028393944
greedy_ting,166.0,34.0,0.3560411860206784,0.002766515656383
greedy_ting,66.0,12.0,0.4548140984311197,0.007298900796747
greedy_ting,40.0,8.0,0.4457225177304965,0.0075565036773491
greedy_ting,36.0,1.0,0.2162381796690307,0.0033591161537304
greedy_ting,26.0,4.0,0.4640957446808511,0.0117845027302241
greedy_ting,188.0,42.0,0.3860438358231477,0.0033320291120066
greedy_ting,20.0,3.0,0.483554964539007,0.0143284083264169
greedy_ting,14.0,1.0,0.3959599797365755,0.0130982751388618
greedy_ting,59.0,12.0,0.4224966943142205,0.0066078160386098
greedy_ting,12.0,2.0,0.4748817966903073,0.018577113687552
greedy_ting,26.0,1.0,0.2770049099836333,0.0060036023511491
greedy_ting,95.0,15.0,0.376511758118701,0.0038343656355035
greedy_ting,21.0,1.0,0.2635511651469098,0.0066793948226643
greedy_ting,12.0,1.0,0.4096483451536643,0.0162837317368202
greedy_ting,15.0,1.0,0.3395981087470449,0.010851217522034
greedy_ting,183.0,38.0,0.3786865868309886,0.0031644433225071
greedy_ting,27.0,2.0,0.2556474914630943,0.0056490395976775
greedy_ting,11.0,1.0,0.4148936170212766,0.017359799068923
greedy_ting,29.0,2.0,0.3039863047199804,0.0059133054516226
greedy_ting,19.0,1.0,0.290920119447555,0.0080920513586309
greedy_ting,90.0,17.0,0.3604314420803782,0.0033562931502625
greedy_ting,252.0,51.0,0.3683194022289767,0.0029220671934256
greedy_ting,13.0,1.0,0.3331287506819421,0.012399065675979
greedy_ting,21.0,2.0,0.396952043228639,0.0101712313406491
greedy_ting,266.0,50.0,0.3418086439503013,0.0023855077653349
greedy_ting,58.0,10.0,0.4396398875030569,0.006767525761261
greedy_ting,258.0,47.0,0.3373123866072901,0.0023847789708872
greedy_ting,191.0,36.0,0.3364106420110653,0.0024193585332012
greedy_ting,69.0,14.0,0.4032917052112242,0.0056333317493972
greedy_ting,28.0,3.0,0.4166983282674771,0.0094287483341571
greedy_ting,47.0,8.0,0.4097442281575373,0.0075071388290204
greedy_ting,56.0,4.0,0.2461531155015197,0.0029475400054912
greedy_ting,44.0,5.0,0.3190683430045132,0.0048805955871318
greedy_ting,35.0,5.0,0.3716058763931104,0.0075357914027237
greedy_ting,77.0,10.0,0.2826977986552454,0.0029813707761212
greedy_ting,82.0,13.0,0.3178083376578446,0.003065116159172
greedy_ting,88.0,15.0,0.3682906189555125,0.0045254409494498
greedy_ting,11.0,1.0,0.4318987749838813,0.0185144416613561
greedy_ting,141.0,28.0,0.3434309139379307,0.0030331823312544
greedy_ting,96.0,14.0,0.318216238179669,0.003067371871615
greedy_ting,87.0,19.0,0.3996494660471183,0.0051999232266441
greedy_ting,88.0,17.0,0.3800068504190845,0.0045848834226808
greedy_ting,127.0,22.0,0.3766613614787513,0.0035259085045231
greedy_ting,23.0,3.0,0.4254548257786,0.0109601978178479
greedy_ting,132.0,28.0,0.4115892972275951,0.0043580000902061
greedy_ting,183.0,37.0,0.3566833313955742,0.0029288727151971
greedy_ting,19.0,2.0,0.3299272116461366,0.0082945547301458
greedy_ting,327.0,63.0,0.3490386492289674,0.0025572268386979
greedy_ting,137.0,28.0,0.3720686441994098,0.0034665204567957
greedy_ting,19.0,2.0,0.4249720044792833,0.0126857642306906
greedy_ting,165.0,27.0,0.2932624113475177,0.002056735163756
greedy_ting,89.0,14.0,0.2999541796159056,0.0028665945494934
greedy_ting,169.0,29.0,0.3037108145536951,0.0023118457264176
greedy_ting,145.0,31.0,0.3981230129616043,0.003984088763039
greedy_ting,9.0,1.0,0.4937943262411347,0.025309532691738
greedy_ting,59.0,8.0,0.2963547301358336,0.003468612741286
greedy_ting,124.0,25.0,0.3955187600091512,0.0037629901997922
greedy_ting,34.0,4.0,0.3312734668335419,0.0056648633493421
greedy_ting,30.0,5.0,0.4344858156028369,0.0095268435734286
greedy_ting,147.0,25.0,0.338170019780962,0.0027379657481148
greedy_ting,22.0,3.0,0.446083172147002,0.0110795532488555
greedy_ting,184.0,31.0,0.3389945652173913,0.0027341596270478
greedy_ting,136.0,25.0,0.352758656654151,0.0033136983118325
greedy_ting,52.0,7.0,0.3183647026732133,0.0038203817428939
greedy_ting,138.0,22.0,0.3198363141124473,0.0026525778507487
greedy_ting,103.0,15.0,0.2991892171039041,0.0025489375488321
greedy_ting,115.0,22.0,0.3532454517422139,0.0035083505244674
greedy_ting,98.0,20.0,0.4092488059053408,0.00459279987898
greedy_ting,45.0,5.0,0.2538219070133963,0.0032322628280242
greedy_ting,206.0,43.0,0.3654978310266474,0.0030706118284507
greedy_ting,20.0,3.0,0.449290780141844,0.0131821211206679
greedy_ting,21.0,1.0,0.3015873015873015,0.0073066263542454
greedy_ting,137.0,30.0,0.3852241548894756,0.0036050586673883
greedy_ting,32.0,2.0,0.3244957890070922,0.0064591526307604
greedy_ting,98.0,20.0,0.3880536257056014,0.0040229649597895
greedy_ting,16.0,1.0,0.3642508865248227,0.010702829786448
greedy_ting,121.0,24.0,0.4219345290428463,0.0045285791019883
greedy_ting,56.0,9.0,0.396229103343465,0.0055969736189094
greedy_ting,17.0,2.0,0.4560387984981227,0.0144972638018006
greedy_ting,32.0,4.0,0.3941156914893617,0.0074713312520039
greedy_ting,52.0,9.0,0.4158142389525368,0.0064414411737262
greedy_ting,124.0,18.0,0.3247040150995195,0.0024829614110271
greedy_ting,11.0,1.0,0.4526112185686654,0.018752486384899
greedy_ting,73.0,5.0,0.2213397454580783,0.0022598000748476
greedy_ting,69.0,8.0,0.3159240415253366,0.003858425330517
greedy_ting,73.0,14.0,0.3886864859613329,0.0045572473301903
greedy_ting,72.0,10.0,0.3274970449172577,0.0035058806059247
greedy_ting,17.0,1.0,0.4391426783479349,0.013217047031046
greedy_ting,12.0,1.0,0.3605939716312056,0.0141738690259124
greedy_ting,33.0,3.0,0.401542015903718,0.0092625148270871
greedy_ting,63.0,13.0,0.438506135314646,0.0068469745388183
greedy_ting,53.0,8.0,0.3762712431419778,0.0059065637656014
greedy_ting,117.0,19.0,0.3102836879432624,0.0026021506960497
greedy_ting,10.0,1.0,0.4951241134751772,0.0224318994894621
greedy_ting,68.0,8.0,0.2558536712557363,0.0024261093273032
greedy_ting,41.0,3.0,0.2249178342847258,0.0026941664444192
greedy_ting,45.0,6.0,0.3678092986603625,0.0061855431794485
greedy_ting,21.0,3.0,0.4630614657210402,0.0130370499682863
greedy_ting,11.0,1.0,0.3861218568665377,0.0165728270710729
greedy_ting,154.0,32.0,0.3775386847195358,0.0036883181090734
greedy_ting,38.0,2.0,0.2346724524076147,0.0039815846243249
greedy_ting,38.0,6.0,0.4533641284061216,0.0087906216982388
greedy_ting,61.0,5.0,0.2785722590396465,0.0030934125231366
greedy_ting,219.0,43.0,0.3404700605589559,0.0025528560185863
greedy_ting,169.0,32.0,0.3658619749045281,0.0032593750035057
greedy_ting,44.0,6.0,0.2943060928433269,0.0043676548858008
greedy_ting,53.0,10.0,0.4512745885186672,0.0070339172110189
greedy_ting,53.0,4.0,0.2663923457781346,0.0031371053908168
greedy_ting,282.0,57.0,0.3407870579950706,0.0024339776870653
greedy_ting,13.0,2.0,0.441557555919258,0.0158991813047992
greedy_ting,238.0,46.0,0.3475922283807139,0.0026793555455539
greedy_ting,188.0,41.0,0.3694403576278859,0.0032123906730318
greedy_ting,217.0,47.0,0.3730308526979769,0.0028366744866084
greedy_ting,8.0,1.0,0.507313829787234,0.031030284489588
greedy_ting,8.0,1.0,0.4626551418439716,0.0266832649381004
greedy_ting,344.0,72.0,0.342652152399802,0.0024261785966141
greedy_ting,83.0,10.0,0.3844206613688797,0.004258153617267
greedy_ting,116.0,25.0,0.4406639765223771,0.0059163510326992
greedy_ting,9.0,1.0,0.4158786446020489,0.0212923918922528
greedy_ting,43.0,3.0,0.4085642421243609,0.006413637328557
greedy_ting,325.0,69.0,0.341178396072013,0.0022913639111292
greedy_ting,144.0,34.0,0.4225275807722616,0.0049190045256156
greedy_ting,99.0,15.0,0.2896428827279891,0.0022035668362611
greedy_ting,162.0,38.0,0.4091640399264513,0.0043700516077347
greedy_ting,276.0,64.0,0.3675159317504368,0.0028983731937833
greedy_ting,149.0,23.0,0.2979496882288543,0.0020783456946857
greedy_ting,150.0,21.0,0.311613475177305,0.0022944810162131
greedy_ting,13.0,1.0,0.5046372067648663,0.0179922610538621
greedy_ting,9.0,1.0,0.4675925925925925,0.0233565544464873
greedy_ting,33.0,7.0,0.4930152589727057,0.0140004745406888
greedy_ting,117.0,26.0,0.4029217433472752,0.0041251546489765
greedy_ting,9.0,1.0,0.4548857368006305,0.0223058292519504
greedy_ting,11.0,1.0,0.5069310122501611,0.0203200520368921
greedy_ting,81.0,18.0,0.4462612730934244,0.0064295102537433
greedy_ting,179.0,33.0,0.3742174808827608,0.0032902420401278
greedy_ting,120.0,13.0,0.3002733451536643,0.0022292273903859
greedy_ting,221.0,49.0,0.3746510060652739,0.0032151279948209
greedy_ting,61.0,7.0,0.2586327171259155,0.0026340108488289
greedy_ting,64.0,15.0,0.4530972960992908,0.0061459364554548
greedy_ting,10.0,1.0,0.4945035460992907,0.0222038315477088
greedy_ting,11.0,1.0,0.412153449387492,0.0172522116094894
greedy_ting,11.0,1.0,0.4547066408768536,0.018668281855553
greedy_ting,83.0,10.0,0.276948218405537,0.0024734673804053
greedy_ting,152.0,23.0,0.3434992067935797,0.0027502974837031
greedy_ting,68.0,9.0,0.4155063621193158,0.0056078787663653
greedy_ting,299.0,65.0,0.3532045352119358,0.002558069552157
greedy_ting,279.0,59.0,0.3368222374742622,0.0022582768298058
greedy_ting,134.0,24.0,0.3157417698740341,0.0025485376976497
greedy_ting,242.0,43.0,0.3389858449094426,0.0023893610783896
greedy_ting,21.0,2.0,0.3771952043228639,0.0098019850052255
greedy_ting,134.0,30.0,0.4048242828411136,0.0042041048042379
greedy_ting,199.0,35.0,0.3594746783563206,0.0028339553526991
greedy_ting,55.0,12.0,0.4710992907801418,0.0087620762441485
greedy_ting,13.0,1.0,0.3603382433169667,0.0128396354760528
greedy_ting,108.0,22.0,0.4171181376411872,0.0049845981712545
greedy_ting,198.0,42.0,0.3868427179597392,0.0033880754084586
greedy_ting,12.0,1.0,0.4770981087470449,0.0180432732745951
greedy_ting,18.0,2.0,0.3607171000788022,0.010490388490531
greedy_ting,120.0,29.0,0.4259530141843972,0.0045849492304734
greedy_ting,230.0,53.0,0.3772510021584953,0.0031578909991766
greedy_ting,10.0,1.0,0.3898936170212766,0.0180893503847897
greedy_ting,29.0,4.0,0.417216923453167,0.0092435544402392
greedy_ting,256.0,50.0,0.3415752437943262,0.0023825133951921
greedy_ting,262.0,54.0,0.34259447241622,0.0025012115744168
greedy_ting,12.0,1.0,0.3895537825059101,0.014760606642509
greedy_ting,12.0,1.0,0.4223552009456264,0.0164483832885529
greedy_ting,89.0,21.0,0.4168957685871384,0.0054125876409085
greedy_ting,13.0,1.0,0.3742498636115657,0.0135733650724771
greedy_ting,87.0,18.0,0.4346722915138175,0.0053935253467007
greedy_ting,115.0,26.0,0.4186093123650941,0.0049054062123319
greedy_ting,9.0,1.0,0.5069936958234831,0.0253210207990633
greedy_ting,24.0,4.0,0.4796468676122931,0.0137624516371542
greedy_ting,25.0,5.0,0.4620212765957446,0.0115448506111362
greedy_ting,109.0,17.0,0.296709284924198,0.0021304349439682
greedy_ting,10.0,1.0,0.4715425531914893,0.0212912375509283
greedy_ting,19.0,2.0,0.388251213139231,0.010159111446486
greedy_ting,13.0,1.0,0.4524004364429896,0.0160732802482462
greedy_ting,11.0,1.0,0.4327047066408768,0.0177590171333485
greedy_ting,170.0,28.0,0.3092824363788068,0.0021488605472457
greedy_ting,307.0,69.0,0.3559180585395153,0.0027037241545364
greedy_ting,39.0,5.0,0.3875931987634115,0.0072401196182043
greedy_ting,102.0,19.0,0.4102263245723822,0.0053664597481456
greedy_ting,17.0,1.0,0.3012619941593659,0.0084798424979841
greedy_ting,10.0,1.0,0.5071808510638298,0.0225104921155876
greedy_ting,159.0,36.0,0.3801686069851465,0.0037128354076996
greedy_ting,22.0,1.0,0.2576563507414571,0.0063009137321608
greedy_ting,44.0,9.0,0.4317980335267569,0.0072630007370039
greedy_ting,123.0,19.0,0.3073718503142478,0.0022940928343858
greedy_ting,81.0,11.0,0.3062560196129936,0.0030599184297614
greedy_ting,12.0,1.0,0.367612293144208,0.0146100198961599
greedy_ting,12.0,1.0,0.335401891252955,0.0137861071989448
greedy_ting,28.0,2.0,0.3852900202634245,0.0080809008354171
greedy_ting,31.0,6.0,0.4748627316403569,0.0099639805005757
greedy_ting,140.0,28.0,0.3482396149949341,0.0032477332924266
greedy_ting,12.0,1.0,0.4027777777777777,0.0157645455739427
greedy_ting,205.0,39.0,0.3442873205327798,0.0025788638525041
greedy_ting,13.0,1.0,0.3484042553191489,0.0126475857907805
greedy_ting,34.0,6.0,0.4025344180225281,0.0074211209595014
greedy_ting,107.0,20.0,0.3473023132498177,0.0030309125105364
greedy_ting,16.0,2.0,0.4338984929078014,0.012512655254821
greedy_ting,12.0,1.0,0.4385342789598108,0.0166120360589954
greedy_ting,53.0,11.0,0.4516927606048441,0.0081248155969098
greedy_ting,31.0,2.0,0.4328528940745824,0.0091941170673101
greedy_ting,16.0,2.0,0.4934618794326241,0.018227975497177
greedy_ting,107.0,26.0,0.4296828395307218,0.0056282869112577
greedy_ting,20.0,2.0,0.4569148936170212,0.0139326807001661
greedy_ting,75.0,13.0,0.3542198581560283,0.0038999232935969
greedy_ting,180.0,31.0,0.3566932624113475,0.0028578849856879
greedy_ting,28.0,4.0,0.4397163120567375,0.0112242139197613
greedy_ting,30.0,5.0,0.4822990543735225,0.01193352443567
greedy_ting,155.0,34.0,0.4056051246854267,0.0041666327761523
greedy_ting,292.0,61.0,0.3546585057806276,0.0026022421133271
greedy_ting,250.0,59.0,0.371886524822695,0.0030867956340224
greedy_ting,196.0,43.0,0.3735073816760746,0.0033962710906601
greedy_ting,25.0,2.0,0.4067021276595744,0.0096274219103666
greedy_ting,15.0,1.0,0.424468085106383,0.0140112418892409
greedy_ting,15.0,1.0,0.3406028368794326,0.0111567681873816
greedy_ting,94.0,19.0,0.4006337709370756,0.0052349989681702
greedy_ting,220.0,41.0,0.3402482269503545,0.0024366273230681
greedy_ting,47.0,7.0,0.3872227252150294,0.0062181628351661
greedy_ting,154.0,31.0,0.3412890301188174,0.0030036332078633
greedy_ting,153.0,32.0,0.3874982617160339,0.0038323645967761
greedy_ting,92.0,16.0,0.4063849059512797,0.0048867482597483
greedy_ting,222.0,37.0,0.3346671139224331,0.0022987533039954
greedy_ting,259.0,56.0,0.3570949368821709,0.0027685359194882
greedy_ting,179.0,40.0,0.3921757993581362,0.0037513471680248
greedy_ting,19.0,3.0,0.4180197835013065,0.0107838117930496
greedy_ting,69.0,11.0,0.3885548360571487,0.0051041560919058
greedy_ting,10.0,1.0,0.4125886524822695,0.0189550010059854
greedy_ting,274.0,55.0,0.3325212248278718,0.0022896319442355
greedy_ting,30.0,3.0,0.3318262411347518,0.0062378783972972
greedy_ting,102.0,17.0,0.3622062300097343,0.0039820841035108
greedy_ting,182.0,36.0,0.3414046060322656,0.0028941927469515
greedy_ting,68.0,11.0,0.3309084272006675,0.0043812418046111
greedy_ting,61.0,6.0,0.3026392279967446,0.0034994700597012
greedy_ting,41.0,4.0,0.3130729977512541,0.0050726827411618
greedy_ting,131.0,25.0,0.3601930052514753,0.0033569372677254
greedy_ting,47.0,10.0,0.4476761732307228,0.0069469690857979
greedy_ting,20.0,1.0,0.2707890070921986,0.0070345725032694
greedy_ting,15.0,1.0,0.4061465721040189,0.0131537090130722
greedy_ting,18.0,1.0,0.3266351457840819,0.0093785648062763
greedy_ting,10.0,1.0,0.4492021276595744,0.0202298598536292
greedy_ting,207.0,50.0,0.3987648610682838,0.0039021612859859
greedy_ting,42.0,3.0,0.2757514353259034,0.0045826380113603
greedy_ting,231.0,44.0,0.3543489607319394,0.0025606423454463
greedy_ting,125.0,27.0,0.3714397163120567,0.003679686082189
greedy_ting,21.0,2.0,0.4457953394123607,0.0135339282335338
greedy_ting,42.0,5.0,0.3519081391421816,0.0059189478987275
greedy_ting,9.0,1.0,0.482171000788022,0.0251396173746132
greedy_ting,29.0,4.0,0.3521032037172903,0.0066977252763335
greedy_ting,20.0,3.0,0.4916666666666667,0.0143809101654845
greedy_ting,128.0,19.0,0.3485981826241134,0.0033431683715863
greedy_ting,109.0,22.0,0.3723810918081853,0.0040802793004836
greedy_ting,268.0,59.0,0.3631278448184609,0.0028201169223636
greedy_ting,220.0,47.0,0.3580996131528047,0.0027199891394084
greedy_ting,55.0,6.0,0.285525467440361,0.0038265936454132
greedy_ting,96.0,21.0,0.3968953161938534,0.0042140014464917
greedy_ting,79.0,12.0,0.3394492324266092,0.0036658480833495
greedy_ting,93.0,11.0,0.2962136810798444,0.0026544919813647
greedy_ting,130.0,30.0,0.388379705400982,0.0044035561889098
greedy_ting,179.0,37.0,0.3659713142359048,0.0029731385648042
greedy_ting,63.0,13.0,0.4329759090397388,0.0066066420900376
greedy_ting,53.0,9.0,0.3685768767563228,0.0050719229464262
greedy_ting,27.0,2.0,0.3206264775413711,0.0072773181758624
greedy_ting,170.0,29.0,0.3467302878598248,0.0026093119273779
greedy_ting,13.0,2.0,0.4796099290780142,0.0167062392165336
greedy_ting,94.0,17.0,0.3246095518334088,0.0027235656409541
greedy_ting,24.0,2.0,0.3617760047281323,0.0081855475408542
greedy_ting,19.0,1.0,0.2891004106009705,0.0078729869315224
greedy_ting,19.0,2.0,0.4974337439343039,0.015636525467111
greedy_ting,102.0,13.0,0.3045821165345571,0.0026598198245342
greedy_ting,101.0,22.0,0.43107927814058,0.0054361486330382
greedy_ting,205.0,46.0,0.3742042899152396,0.0033115918170879
greedy_ting,235.0,50.0,0.3568054926814547,0.0026322744708562
greedy_ting,18.0,1.0,0.3480594956658786,0.0096087902611588
greedy_ting,49.0,4.0,0.2672600955275727,0.0034374195350297
greedy_ting,190.0,28.0,0.3367207913400522,0.0025134918938041
greedy_ting,229.0,45.0,0.3163151537675369,0.0020173533122755
greedy_ting,250.0,52.0,0.3542588652482269,0.0026931528469392
greedy_ting,18.0,2.0,0.4704984239558707,0.0142252046862473
greedy_ting,124.0,24.0,0.34972689315946,0.0035058428044072
greedy_ting,23.0,3.0,0.4715541165587419,0.0120278452158965
greedy_ting,141.0,31.0,0.3681467230018611,0.0033501459061806
greedy_ting,158.0,31.0,0.3713753478768291,0.0036018724767598
greedy_ting,48.0,7.0,0.3427711288416075,0.0052989519274885
greedy_ting,78.0,11.0,0.3641684851791235,0.0041088254649599
greedy_ting,178.0,32.0,0.3176000079687625,0.0023294860088765
greedy_ting,10.0,1.0,0.4252659574468085,0.0195655321035157
greedy_ting,51.0,9.0,0.4070539563343068,0.0059074022029498
greedy_ting,9.0,1.0,0.4288810086682427,0.0222601873120374
greedy_ting,47.0,5.0,0.372717670137317,0.0058872814750709
greedy_ting,106.0,18.0,0.3751338150675766,0.003806886635413
greedy_ting,115.0,21.0,0.3574082639531298,0.0039422217558366
greedy_ting,44.0,4.0,0.329988716956802,0.004516684123323
greedy_ting,184.0,34.0,0.3288958911501696,0.0024336928860923
greedy_ting,86.0,12.0,0.3169738578261586,0.0034383273988547
greedy_ting,116.0,21.0,0.3300929322572756,0.0027847937349704
greedy_ting,46.0,10.0,0.4631706753006476,0.008761128225584
greedy_ting,30.0,2.0,0.2792848699763593,0.0052889684944866
greedy_ting,207.0,46.0,0.3854969678281426,0.0033511609648366
greedy_ting,173.0,38.0,0.3772393719509695,0.0035549359915729
greedy_ting,250.0,55.0,0.3681028368794326,0.0029537341054272
greedy_ting,48.0,5.0,0.3058325945626477,0.0039791525063494
greedy_ting,11.0,1.0,0.4746131528046422,0.0197675588657469
greedy_ting,8.0,1.0,0.5069813829787234,0.0291373196888671
greedy_ting,197.0,36.0,0.3430896065089823,0.0028532428673636
greedy_ting,45.0,8.0,0.4185579196217494,0.0071523201940434
greedy_ting,102.0,14.0,0.3539928382700598,0.0038864297615748
greedy_ting,50.0,6.0,0.3604787234042553,0.0052533169231929
greedy_ting,15.0,1.0,0.3818557919621749,0.012590409464089
greedy_ting,167.0,26.0,0.322509236845458,0.002365525916124
greedy_ting,94.0,16.0,0.3388882601478798,0.0032069248787585
greedy_ting,38.0,9.0,0.472331093691676,0.0092538811433569
greedy_ting,28.0,2.0,0.2863791793313069,0.0063081318779775
greedy_ting,14.0,1.0,0.3264944275582573,0.0113996519084471
greedy_ting,78.0,15.0,0.4308056010183669,0.0060147985708919
greedy_ting,71.0,14.0,0.4174283288382779,0.0055922114619578
greedy_ting,202.0,38.0,0.3238317182782108,0.0024275288919652
greedy_ting,184.0,41.0,0.3775535769349368,0.0035521474130659
greedy_ting,67.0,8.0,0.3197443632899333,0.0033950780184535
greedy_ting,123.0,24.0,0.3824669895635126,0.0039222304876584
greedy_ting,42.0,8.0,0.4442333671057075,0.0085113978483768
greedy_ting,247.0,51.0,0.3650903035001579,0.0028326325735554
greedy_ting,201.0,40.0,0.3634928195899933,0.0028777914533654
greedy_ting,230.0,45.0,0.3315564292321924,0.0023569817297371
greedy_ting,84.0,15.0,0.37657252617359,0.0044887001081534
greedy_ting,207.0,42.0,0.3361856305889608,0.002646080285308
greedy_ting,149.0,30.0,0.3560735875101147,0.0030348367876926
greedy_ting,79.0,16.0,0.3931232606158542,0.0050467522586178
greedy_ting,209.0,43.0,0.3502748651124911,0.0026488677633752
greedy_ting,68.0,8.0,0.3454057154776804,0.0043612700313839
greedy_ting,170.0,34.0,0.3461983729662077,0.0027216883960864
greedy_ting,56.0,6.0,0.3372752026342452,0.0042117565293951
greedy_ting,9.0,1.0,0.4948778565799842,0.0304220606435455
greedy_ting,12.0,1.0,0.4720005910165485,0.0215700027577279
greedy_ting,161.0,18.0,0.3560140522443945,0.0030279791691916
greedy_ting,11.0,1.0,0.3992585428755641,0.0188646984682831
greedy_ting,25.0,3.0,0.4992907801418439,0.0259654544540013
greedy_ting,85.0,15.0,0.4402169378389653,0.0082964608277382
greedy_ting,59.0,6.0,0.3011028969828104,0.0040943500263655
greedy_ting,10.0,1.0,0.4457446808510638,0.0226946582163875
greedy_ting,150.0,25.0,0.3676832151300236,0.0034251289617669
greedy_ting,154.0,18.0,0.3729621442387399,0.0032352924296596
greedy_ting,28.0,4.0,0.4990818135764944,0.0219757002105769
greedy_ting,14.0,1.0,0.4227456940222898,0.0151455368627003
greedy_ting,79.0,15.0,0.4612958972977825,0.0101641760493442
greedy_ting,82.0,14.0,0.412482701954679,0.0054103714347168
greedy_ting,18.0,1.0,0.2780240346729708,0.0095246088260644
greedy_ting,13.0,1.0,0.3753409710856519,0.0150426100386054
greedy_ting,13.0,1.0,0.3494271685761048,0.0143940023018617
greedy_ting,41.0,5.0,0.381378654212074,0.0073026098833568
greedy_ting,214.0,44.0,0.3691298800291641,0.0033907881901847
greedy_ting,101.0,16.0,0.392230180464855,0.0048741064993016
greedy_ting,87.0,17.0,0.4411734735469145,0.0099540865013988
greedy_ting,32.0,6.0,0.4949301861702128,0.0188813434748766
greedy_ting,41.0,4.0,0.352382805742951,0.006335363747881
greedy_ting,24.0,2.0,0.499926122931442,0.0236406564807129
greedy_ting,40.0,3.0,0.2719858156028368,0.0047138756853277
greedy_ting,68.0,12.0,0.4804964539007091,0.0189253001727058
greedy_ting,134.0,29.0,0.3906597332486503,0.0044698544594262
greedy_ting,105.0,23.0,0.4136862546437014,0.0051888463540606
greedy_ting,83.0,15.0,0.4675937793728104,0.0120954724704019
greedy_ting,75.0,11.0,0.3127304964539007,0.0043334427342688
greedy_ting,12.0,1.0,0.3626625295508274,0.0156574794943102
greedy_ting,124.0,18.0,0.3188558110272249,0.0028677348792399
greedy_ting,27.0,4.0,0.3886918833727344,0.0081623131914727
greedy_ting,57.0,6.0,0.323223839741197,0.0045986444444475
greedy_ting,135.0,17.0,0.3540780141843971,0.0033666111977376
greedy_ting,233.0,48.0,0.3969804888442455,0.0043170910276679
greedy_ting,138.0,18.0,0.3733554322129715,0.0037736146261708
greedy_ting,184.0,31.0,0.3690255935861856,0.0030461952183545
greedy_ting,11.0,1.0,0.4683268858800773,0.0235557494260269
greedy_ting,93.0,9.0,0.2922481506901548,0.003500161360139
greedy_ting,186.0,35.0,0.4076488980401129,0.0049462667712756
greedy_ting,112.0,22.0,0.4520326747720364,0.0093845279524779
greedy_ting,138.0,27.0,0.4441553602631308,0.0083207770924434
greedy_ting,131.0,26.0,0.4221076281738942,0.0061599089534657
greedy_ting,26.0,4.0,0.4372954173486088,0.0105108836463794
greedy_ting,159.0,30.0,0.3475957892858736,0.003563883277846
greedy_ting,46.0,7.0,0.4603761948812828,0.0112351264123614
greedy_ting,110.0,20.0,0.3635477111540942,0.0035542240146017
greedy_ting,175.0,37.0,0.4190982776089159,0.0056881143826174
greedy_ting,170.0,36.0,0.3867125573633708,0.0035230438583621
greedy_ting,56.0,9.0,0.4872245440729483,0.0249351083040872
greedy_ting,171.0,24.0,0.3428258885985649,0.0028238327879118
greedy_ting,38.0,4.0,0.3660181037700634,0.006852514475499
greedy_ting,20.0,2.0,0.3685283687943262,0.0103570541597505
greedy_ting,14.0,2.0,0.4756838905775076,0.0197626130578984
greedy_ting,37.0,5.0,0.3125119800651715,0.0057164538931771
greedy_ting,165.0,28.0,0.3341983666451751,0.0029063693150092
greedy_ting,74.0,9.0,0.3813973548016101,0.0052938454402672
greedy_ting,214.0,42.0,0.3812056737588652,0.0034159184895784
greedy_ting,142.0,22.0,0.4057536709619418,0.0045943543612365
greedy_ting,65.0,14.0,0.4528777959629023,0.0090237800638652
greedy_ting,15.0,1.0,0.4102836879432623,0.0147090605771004
greedy_ting,93.0,17.0,0.4670174635857546,0.0136986360322703
greedy_ting,15.0,1.0,0.3526595744680851,0.0117817367503311
greedy_ting,49.0,8.0,0.4881133304385583,0.0179222503503299
greedy_ting,56.0,11.0,0.4575734549138804,0.0089310094039124
greedy_ting,179.0,34.0,0.3985944371805539,0.0047636239208933
greedy_ting,162.0,24.0,0.350609622624989,0.0033048863807306
greedy_ting,29.0,2.0,0.3144411836634874,0.0072187803698354
greedy_ting,149.0,22.0,0.3471785901280403,0.0031065517713712
greedy_ting,27.0,4.0,0.451076963488311,0.0134885861341373
greedy_ting,28.0,5.0,0.4497847011144883,0.0104642031759889
greedy_ting,219.0,45.0,0.3928316979176787,0.0042207567728512
greedy_ting,25.0,3.0,0.4898936170212766,0.0146865135053568
greedy_ting,42.0,8.0,0.4859211415062479,0.0130157297135358
greedy_ting,31.0,5.0,0.4649679707160832,0.0114959102589125
greedy_ting,49.0,7.0,0.4109494861774497,0.0087489311402846
greedy_ting,189.0,34.0,0.3880914856092161,0.0037300103042626
greedy_ting,67.0,14.0,0.4643008362443103,0.0096111228875744
greedy_ting,70.0,7.0,0.4185536980749746,0.0063142853999151
greedy_ting,248.0,52.0,0.3847160260809883,0.0038595595090705
greedy_ting,12.0,1.0,0.3936908983451537,0.0159774824703513
greedy_ting,94.0,18.0,0.3848366530858608,0.004682708678287
greedy_ting,116.0,26.0,0.4298422597212032,0.0066356557919741
greedy_ting,233.0,50.0,0.3804979758317353,0.0034000876287238
greedy_ting,103.0,19.0,0.4416615024443985,0.0070721359413422
greedy_ting,238.0,49.0,0.369021544788128,0.0032304112178916
greedy_ting,162.0,21.0,0.3686794063567113,0.0030496113979515
greedy_ting,54.0,7.0,0.4353821907013396,0.00820305198648
greedy_ting,62.0,11.0,0.4749199267902082,0.0144123918362644
greedy_ting,104.0,22.0,0.4007688897981451,0.0045601167431377
greedy_ting,143.0,27.0,0.3433516837772157,0.003150238121921
greedy_ting,46.0,6.0,0.3110160345359235,0.0045188754350198
greedy_ting,175.0,22.0,0.3594376899696049,0.0031513121183285
greedy_ting,13.0,1.0,0.4400572831423895,0.017137912703366
greedy_ting,31.0,2.0,0.2979581331503088,0.0064554879040698
greedy_ting,147.0,22.0,0.3760071404448304,0.0038994087335728
greedy_ting,44.0,8.0,0.4766884268214055,0.0114754843065984
greedy_ting,136.0,23.0,0.3428569566124322,0.0030588059300344
greedy_ting,68.0,12.0,0.4136159783062161,0.0061416622404605
greedy_ting,16.0,2.0,0.4808289007092198,0.0165318483846073
greedy_ting,95.0,10.0,0.3062803284807764,0.003593491994124
greedy_ting,90.0,16.0,0.3988967691095351,0.0049799579100586
greedy_ting,16.0,1.0,0.3173204787234042,0.0112695655114729
greedy_ting,21.0,1.0,0.5000844309354948,0.0289477421839081
greedy_ting,88.0,18.0,0.4599250483558993,0.0093880966329983
greedy_ting,135.0,29.0,0.4105594956658786,0.0054400638531774
greedy_ting,107.0,22.0,0.4462782528004242,0.0073761046099213
greedy_ting,149.0,29.0,0.355532152886858,0.0034208834769368
greedy_ting,116.0,13.0,0.3869451577402788,0.0040867534204221
greedy_ting,86.0,12.0,0.3524554675903018,0.0040133083312379
greedy_ting,60.0,9.0,0.3747783687943262,0.0052422676644786
greedy_ting,16.0,1.0,0.3937832446808511,0.0131770822281245
greedy_ting,37.0,7.0,0.4854322407513897,0.0149526001843914
greedy_ting,189.0,35.0,0.3625136027618297,0.0029408308350096
greedy_ting,69.0,10.0,0.3611239592969472,0.0048088213124232
greedy_ting,123.0,26.0,0.3867842933748486,0.0040434617303513
greedy_ting,53.0,7.0,0.3484042553191489,0.0047575837782509
greedy_ting,154.0,32.0,0.4284965920604218,0.0070422147516782
greedy_ting,31.0,2.0,0.3331617478837795,0.0075927804515954
greedy_ting,49.0,7.0,0.4237407729049067,0.0088814207628894
greedy_ting,93.0,16.0,0.3562685884237017,0.0040368760287428
greedy_ting,36.0,4.0,0.4242513790386131,0.0098775697654128
greedy_ting,17.0,1.0,0.3824572382144347,0.0126996872742297
greedy_ting,41.0,3.0,0.4523655076976302,0.0109302075300148
greedy_ting,24.0,1.0,0.2409869976359338,0.0063460707529244
greedy_ting,10.0,1.0,0.4960992907801418,0.0265805291484333
greedy_ting,32.0,5.0,0.4100177304964539,0.009103850527828
greedy_ting,46.0,7.0,0.4413159111933395,0.0101628254840069
greedy_ting,16.0,2.0,0.4966201241134751,0.0188237659336725
greedy_ting,132.0,22.0,0.3930998817966903,0.0043207475733339
greedy_ting,61.0,8.0,0.3867282874084408,0.006548699206665
greedy_ting,51.0,7.0,0.4509456264775414,0.0093826421281983
greedy_ting,171.0,32.0,0.3486634731035627,0.0028819366623203
greedy_ting,57.0,8.0,0.4190151797934552,0.0070954146140759
greedy_ting,12.0,1.0,0.4978575650118204,0.0226448879077036
greedy_ting,83.0,15.0,0.4506964026318038,0.0092547080590392
greedy_ting,161.0,35.0,0.4183075635434562,0.0057389245804985
greedy_ting,14.0,1.0,0.4608029381965552,0.0165242720654733
greedy_ting,265.0,53.0,0.3809848788973638,0.0037472041953288
greedy_ting,15.0,1.0,0.3625886524822695,0.0134270262226917
greedy_ting,108.0,19.0,0.4576191883372735,0.0109392245502328
greedy_ting,88.0,18.0,0.4404517246937459,0.0067862986043755
greedy_ting,27.0,1.0,0.2711124244812188,0.0060967944023455
greedy_ting,153.0,21.0,0.3339417327214574,0.0028716612474558
greedy_ting,154.0,34.0,0.4094247950630929,0.0052532471169812
greedy_ting,97.0,20.0,0.4524384002339695,0.0082293958758085
greedy_ting,269.0,58.0,0.3716747080070658,0.0033117979254379
greedy_ting,20.0,1.0,0.2940602836879432,0.0087945070041748
greedy_ting,194.0,41.0,0.3671812166410763,0.0034075869707454
greedy_ting,62.0,10.0,0.4660260809883322,0.0131085826955504
greedy_ting,179.0,40.0,0.3977871548001109,0.0043100003861652
greedy_ting,12.0,1.0,0.4114213947990544,0.0178322684469118
greedy_ting,172.0,24.0,0.3784636318654132,0.0033571212172404
greedy_ting,45.0,6.0,0.2959022852639874,0.0044723077620483
greedy_ting,24.0,1.0,0.2542848699763593,0.0065690118357001
greedy_ting,63.0,11.0,0.4295705279747833,0.0075015168594659
greedy_ting,168.0,32.0,0.3918598024316109,0.0044189082466536
greedy_ting,30.0,5.0,0.4826536643026005,0.0124345262296776
greedy_ting,80.0,14.0,0.4295323581560283,0.0073962075079142
greedy_ting,52.0,7.0,0.3928668848881615,0.0074424566183585
greedy_ting,156.0,16.0,0.3421644844517185,0.0029840476903899
greedy_ting,159.0,23.0,0.3839544582720014,0.0035609086583963
greedy_ting,104.0,20.0,0.3759802918712492,0.003882584943538
greedy_ting,274.0,54.0,0.3593855153491743,0.0027518343137887
greedy_ting,106.0,16.0,0.3772497658236317,0.0040468682680057
greedy_ting,127.0,26.0,0.4002694477020159,0.0052224111053146
greedy_ting,188.0,28.0,0.3599950958201298,0.0028190964189337
greedy_ting,12.0,1.0,0.4298167848699764,0.0188381067001436
greedy_ting,227.0,44.0,0.3566407348392539,0.0026741458511967
greedy_ting,28.0,3.0,0.3990944782168186,0.0103653238282448
greedy_ting,55.0,7.0,0.3629271437782076,0.0053532277380995
greedy_ting,85.0,19.0,0.4192532332081769,0.0054650390411182
greedy_ting,92.0,13.0,0.3195536540240518,0.0038042303828526
greedy_ting,13.0,2.0,0.460038188761593,0.0187354217654215
greedy_ting,87.0,13.0,0.432756582701557,0.0062063390289875
greedy_ting,86.0,13.0,0.3393225301006102,0.0039531316278789
greedy_ting,39.0,5.0,0.3299463538825241,0.0056824540723088
greedy_ting,44.0,7.0,0.492847356544165,0.0209172581606166
greedy_ting,110.0,23.0,0.433212443584784,0.0064104878962679
greedy_ting,35.0,4.0,0.3412360688956434,0.0068087775324404
greedy_ting,116.0,25.0,0.4394182562973832,0.0078148156672473
greedy_ting,200.0,41.0,0.4065425531914893,0.0058340566998641
greedy_ting,138.0,19.0,0.3315667077808613,0.003047624899276
greedy_ting,201.0,37.0,0.3470105148018771,0.0029083438334217
greedy_ting,158.0,29.0,0.3674140407576982,0.0033168691188537
greedy_ting,73.0,14.0,0.4709025551345575,0.0167796946910114
greedy_ting,20.0,1.0,0.332491134751773,0.0098109041767264
greedy_ting,104.0,14.0,0.3315432351336606,0.0038811337847582
greedy_ting,113.0,11.0,0.377384987133622,0.0040905838221047
greedy_ting,182.0,36.0,0.3508641181513522,0.0028582696244669
greedy_ting,264.0,53.0,0.3665142112615517,0.0031365686392568
greedy_ting,84.0,11.0,0.3282252617359,0.0039135153625523
greedy_ting,129.0,24.0,0.4454752872615317,0.0088311915167526
greedy_ting,97.0,11.0,0.3433135921620238,0.003973628475763
greedy_ting,85.0,15.0,0.4713391739674593,0.0147561172366584
greedy_ting,20.0,2.0,0.426241134751773,0.013283034052613
greedy_ting,196.0,41.0,0.3917580330004342,0.0045785778992551
greedy_ting,49.0,6.0,0.3377116804168475,0.0057989338416975
greedy_ting,24.0,3.0,0.4707446808510638,0.0137964115654812
greedy_ting,215.0,42.0,0.35789213260762,0.0027671620180093
greedy_ting,80.0,14.0,0.3611923758865248,0.004638139409958
greedy_ting,117.0,18.0,0.3852139782990846,0.0044996181122922
greedy_ting,15.0,2.0,0.4470449172576832,0.0149971776514705
greedy_ting,21.0,2.0,0.4108831475852752,0.0123055290514843
greedy_ting,149.0,22.0,0.3224689418820505,0.0027527917443186
greedy_ting,117.0,23.0,0.3681275383403043,0.0035229356801686
greedy_ting,141.0,28.0,0.4310082490820381,0.0067311160055693
greedy_ting,186.0,35.0,0.3748522458628841,0.003192989659405
greedy_ting,68.0,8.0,0.3274405506883604,0.0051098287622774
greedy_ting,284.0,60.0,0.3721718609529517,0.0032499495769292
greedy_ting,121.0,16.0,0.3404035519606119,0.003379994975208
greedy_ting,74.0,14.0,0.3973308414797776,0.0053154696071648
greedy_ting,96.0,14.0,0.3651374113475177,0.0044677165397133
greedy_ting,232.0,45.0,0.3826309916850086,0.0039333861688616
greedy_ting,86.0,20.0,0.4300676232888009,0.0062329758765574
greedy_ting,149.0,29.0,0.3941882050549764,0.0041945994368487
greedy_ting,170.0,31.0,0.3759334584897789,0.0034995213029201
greedy_ting,93.0,12.0,0.37898459543964,0.0048627129685881
greedy_ting,258.0,50.0,0.3580014019462312,0.0030065083119017
greedy_ting,11.0,1.0,0.4902482269503546,0.0239363196037081
greedy_ting,11.0,1.0,0.5037878787878788,0.0242222148955709
greedy_ting,115.0,27.0,0.4313675609004008,0.0056866977965967
greedy_ting,15.0,1.0,0.3260047281323877,0.0115932576608599
greedy_ting,254.0,45.0,0.3485892388451443,0.00253986203525
greedy_ting,10.0,1.0,0.4414893617021277,0.021860193149238
greedy_ting,165.0,34.0,0.3529335912314635,0.003074139615561
greedy_ting,74.0,14.0,0.3827271420356526,0.0041901384491834
greedy_ting,17.0,2.0,0.4596891948268669,0.0147987549057027
greedy_ting,116.0,23.0,0.4573016018586451,0.010231831890739
greedy_ting,118.0,25.0,0.4403323716792883,0.0096189677673655
greedy_ting,12.0,1.0,0.5031767139479906,0.0215312303955059
greedy_ting,130.0,27.0,0.4075081833060556,0.0055329825907195
greedy_ting,48.0,7.0,0.3786753841607564,0.0068628305731384
greedy_ting,13.0,2.0,0.4920212765957447,0.0201742853335333
greedy_ting,173.0,38.0,0.416138851309802,0.004883630271059
greedy_ting,106.0,20.0,0.3699568446407065,0.0041480029044611
greedy_ting,23.0,2.0,0.3114785692260253,0.0069089589080549
greedy_ting,12.0,1.0,0.4428930260047281,0.0189942604241765
greedy_ting,12.0,1.0,0.4325502364066194,0.0175582421571544
greedy_ting,168.0,33.0,0.3672534616683552,0.0035304418040458
greedy_ting,97.0,16.0,0.3822841266359582,0.0043029286557065
greedy_ting,39.0,4.0,0.3053964357155846,0.0044961301590287
greedy_ting,26.0,1.0,0.2637752318603382,0.0052421746670798
greedy_ting,244.0,43.0,0.3354806127194512,0.0023830271533379
greedy_ting,38.0,5.0,0.3387691302724897,0.0067255993582522
greedy_ting,114.0,14.0,0.3154473062087843,0.0028979377511645
greedy_ting,83.0,9.0,0.420640006835854,0.0056765752854538
greedy_ting,164.0,28.0,0.4048066943435392,0.0043514711490462
greedy_ting,104.0,20.0,0.4154135979268958,0.0058908090712548
greedy_ting,72.0,12.0,0.4848059495665878,0.0154358676942235
greedy_ting,87.0,18.0,0.3861579848373685,0.0045589629281143
greedy_ting,160.0,32.0,0.4007203014184397,0.0041446773094836
greedy_ting,55.0,5.0,0.3868633139909735,0.0054774479953242
greedy_ting,110.0,18.0,0.3151192778852353,0.0025394163454371
greedy_ting,75.0,14.0,0.4077186761229314,0.0050598861839053
greedy_ting,26.0,4.0,0.4455810147299509,0.0107823316484562
greedy_ting,127.0,25.0,0.4332593399229351,0.0062613723905205
greedy_ting,12.0,1.0,0.3937647754137116,0.0169597429357456
greedy_ting,131.0,20.0,0.4049861945752802,0.0048380362134948
greedy_ting,146.0,32.0,0.3855168561158069,0.0042601136678323
greedy_ting,46.0,7.0,0.4450161887141535,0.0087986476618821
greedy_ting,181.0,31.0,0.3682555542494416,0.003368939358316
greedy_ting,125.0,23.0,0.3582695035460993,0.0038724096373421
greedy_ting,168.0,24.0,0.3438291540020263,0.002905573815376
greedy_ting,53.0,10.0,0.4564599223872608,0.0084168586889607
greedy_ting,46.0,4.0,0.3944650015417823,0.0058605139616635
greedy_ting,26.0,3.0,0.4692103109656301,0.0121308590384235
greedy_ting,92.0,21.0,0.4558857539315448,0.0093340818411847
greedy_ting,141.0,29.0,0.4057454353402746,0.0045368883146937
greedy_ting,104.0,16.0,0.3071723267866885,0.0028677390568883
greedy_ting,115.0,19.0,0.4177767499229109,0.0052966110075174
greedy_ting,57.0,9.0,0.3861826552196093,0.00591557528916
greedy_ting,105.0,17.0,0.3922070246538331,0.0045180797827572
greedy_ting,84.0,9.0,0.3639501013171226,0.0038549485964661
greedy_ting,32.0,4.0,0.3885472074468085,0.0084453724944179
greedy_ting,61.0,10.0,0.493024066968957,0.0195406521260516
greedy_ting,128.0,26.0,0.4422304410460992,0.0078820544261519
greedy_ting,195.0,45.0,0.3906619385342789,0.0039424376982559
greedy_ting,247.0,47.0,0.3391406092973842,0.0023816266584733
greedy_ting,13.0,1.0,0.3726132024004365,0.0147747440466038
greedy_ting,110.0,22.0,0.3960348162475822,0.0047797172099612
greedy_ting,93.0,19.0,0.4410032029283916,0.0063702687446253
greedy_ting,45.0,7.0,0.461150512214342,0.0090370792635936
greedy_ting,257.0,49.0,0.3516743935756271,0.0027074226093735
greedy_ting,50.0,6.0,0.331968085106383,0.0042450628112268
greedy_ting,131.0,30.0,0.4345595798819771,0.0067955730381094
greedy_ting,14.0,1.0,0.3691109422492401,0.0130325139618998
greedy_ting,39.0,6.0,0.4352382251318421,0.0076938548457669
greedy_ting,158.0,28.0,0.3314087889397611,0.002768479562383
greedy_ting,96.0,16.0,0.3425310283687943,0.0033937810506367
greedy_ting,203.0,39.0,0.3804414282220592,0.0038237346036173
greedy_ting,47.0,8.0,0.3923721140787687,0.0072062301135395
greedy_ting,24.0,3.0,0.4845966312056737,0.0122217960209601
greedy_ting,186.0,36.0,0.3260743155647068,0.0025788729307383
greedy_ting,55.0,13.0,0.4617988394584139,0.0077617017535326
greedy_ting,22.0,2.0,0.365167633784655,0.0091046829357818
greedy_ting,140.0,31.0,0.4245947315096251,0.0054864293310503
greedy_ting,119.0,25.0,0.3801180046486679,0.0041452258479084
greedy_ting,90.0,12.0,0.3402974783293932,0.0036148182573658
greedy_ting,181.0,34.0,0.3970063868970652,0.0045374101234293
greedy_ting,15.0,1.0,0.3958037825059101,0.0135009102772607
greedy_ting,179.0,37.0,0.407202147470185,0.0045733499490581
greedy_ting,21.0,2.0,0.2942840256670044,0.0073142664129347
greedy_ting,119.0,26.0,0.4022289766970618,0.0048437095570704
greedy_ting,181.0,26.0,0.3488450687668978,0.0028659798248143
greedy_ting,170.0,34.0,0.383781810596579,0.0036408698146706
greedy_ting,131.0,25.0,0.3955660224135131,0.0047015677961336
greedy_ting,123.0,23.0,0.3904096753733495,0.0045220167451389
greedy_ting,14.0,1.0,0.3518237082066869,0.0129439168152548
greedy_ting,94.0,16.0,0.3680492681454655,0.004260603302273
greedy_ting,25.0,3.0,0.4013120567375886,0.0089954416276847
greedy_ting,73.0,14.0,0.4535485281259108,0.0073729432700567
greedy_ting,147.0,27.0,0.3625645293578424,0.0035701202509762
greedy_ting,60.0,10.0,0.4822990543735225,0.0101279688801144
greedy_ting,212.0,43.0,0.3629190084303492,0.0030981971270969
greedy_ting,214.0,48.0,0.3914462782528004,0.0037692611614703
greedy_ting,153.0,20.0,0.3707296157233579,0.0036364064451245
greedy_ting,248.0,55.0,0.3754897334706016,0.0032594945219443
greedy_ting,33.0,5.0,0.4570975714592736,0.0108344885944187
greedy_ting,153.0,25.0,0.3481435127242386,0.0034173455731988
greedy_ting,35.0,4.0,0.4381712259371834,0.0089373705948351
greedy_ting,38.0,6.0,0.4080813736468832,0.0085103578898323
greedy_ting,172.0,36.0,0.3966064654461488,0.0039433099936781
greedy_ting,19.0,3.0,0.4848824188129899,0.0169469562734837
greedy_ting,28.0,2.0,0.3328900709219858,0.0073588641639694
greedy_ting,135.0,27.0,0.4208760178618335,0.0049279467547269
greedy_ting,14.0,1.0,0.4149569402228977,0.0146639364871495
greedy_ting,189.0,37.0,0.3597414537130849,0.0030576782750396
greedy_ting,62.0,7.0,0.3245109814687714,0.0040292237430688
greedy_ting,18.0,2.0,0.3467297084318361,0.0100319897215593
greedy_ting,134.0,31.0,0.4159256906954588,0.0049176657976174
greedy_ting,127.0,22.0,0.369394650136818,0.0040943983666047
greedy_ting,116.0,19.0,0.3846906334067009,0.0047444247045186
greedy_ting,190.0,40.0,0.4042973124300111,0.0047118674804491
greedy_ting,136.0,22.0,0.3445257092198581,0.0036797991746148
greedy_ting,178.0,31.0,0.3227298987967169,0.0025177904088203
greedy_ting,11.0,1.0,0.422308188265635,0.0187134109106205
greedy_ting,219.0,42.0,0.3393811328087049,0.0026796529250208
greedy_ting,188.0,31.0,0.3547985513807152,0.0031621303728665
greedy_ting,147.0,33.0,0.4054313214647561,0.0048377973063355
greedy_ting,43.0,9.0,0.4872587827808016,0.0110647383162918
greedy_ting,170.0,30.0,0.3456143095536086,0.0029030460206655
greedy_ting,89.0,18.0,0.4774982070284485,0.0146625220172067
greedy_ting,235.0,40.0,0.3484306624415271,0.0026852123575746
greedy_ting,112.0,23.0,0.4535761778115502,0.0082136496327855
greedy_ting,151.0,22.0,0.3324937767131651,0.0028175817011066
greedy_ting,93.0,14.0,0.4423758865248227,0.0065041122867848
greedy_ting,14.0,1.0,0.470111448834853,0.0177960651591253
greedy_ting,134.0,29.0,0.4396369217741082,0.0083284324029154
greedy_ting,43.0,8.0,0.495711693880917,0.0152773999891022
greedy_ting,15.0,2.0,0.5029550827423168,0.0197075795427237
greedy_ting,42.0,5.0,0.494322019587977,0.0252191435975744
greedy_ting,207.0,35.0,0.3512394216603282,0.002699978421956
greedy_ting,227.0,45.0,0.3621434373730746,0.0028448290884245
greedy_ting,121.0,23.0,0.3289666490827033,0.0028549170549538
greedy_ting,31.0,3.0,0.3661633493479753,0.0073255720653392
greedy_ting,40.0,5.0,0.476418439716312,0.0272874383833811
greedy_ting,60.0,10.0,0.4218085106382979,0.0065830965075532
greedy_ting,63.0,11.0,0.4474276708319261,0.0064971963632086
greedy_ting,65.0,13.0,0.4023322422258592,0.005338259500537
greedy_ting,137.0,24.0,0.361372107470104,0.0040043549341154
greedy_ting,41.0,3.0,0.3522746929596956,0.0055914712168574
greedy_ting,163.0,29.0,0.3550939825088108,0.0031012133496479
greedy_ting,33.0,4.0,0.4250483558994197,0.0096705303581099
greedy_ting,22.0,2.0,0.4079626047711154,0.0112744434758715
greedy_ting,206.0,44.0,0.3932081870137023,0.0039323505081635
greedy_ting,97.0,22.0,0.4520179864005264,0.0076945680850374
greedy_ting,23.0,3.0,0.5008094357076781,0.0146362215650988
greedy_ting,157.0,33.0,0.4087782897411574,0.0054748521551317
greedy_ting,158.0,33.0,0.383006777987252,0.0039722357568773
greedy_ting,23.0,2.0,0.3512950971322849,0.0084811754228776
greedy_ting,130.0,18.0,0.3627454991816694,0.0038329989751893
greedy_ting,49.0,5.0,0.3422709509335649,0.0054487452633883
greedy_ting,73.0,8.0,0.3142426892062567,0.0032972103512993
greedy_ting,230.0,41.0,0.3339076472402097,0.0025344775748168
greedy_ting,69.0,10.0,0.3874884366327474,0.0044783935469921
greedy_ting,142.0,25.0,0.3829537508740385,0.0042489178645074
greedy_ting,61.0,8.0,0.4123067085222648,0.0060206446240105
greedy_ting,88.0,12.0,0.3197634590586718,0.0036735312868216
greedy_ting,204.0,34.0,0.3389088791544987,0.002767784801662
greedy_ting,40.0,4.0,0.4983377659574468,0.0274811687155764
greedy_ting,72.0,14.0,0.4721483451536643,0.0084944893324773
greedy_ting,193.0,34.0,0.341633594238048,0.0029124080371623
greedy_ting,173.0,33.0,0.3333384577542738,0.0028850292159176
greedy_ting,105.0,24.0,0.4503630530226274,0.0066196555873661
greedy_ting,174.0,36.0,0.375504402054292,0.003737023379302
greedy_ting,55.0,7.0,0.3776434558349452,0.0049063744881216
greedy_ting,247.0,42.0,0.3485837137852815,0.0025842553860577
greedy_ting,58.0,6.0,0.3445371729029102,0.0045882877433302
greedy_ting,188.0,39.0,0.389618228459333,0.0042429607875778
greedy_ting,14.0,1.0,0.4427558257345491,0.0169865290314102
greedy_ting,101.0,21.0,0.4329839898883505,0.0060227033299608
greedy_ting,97.0,19.0,0.398607150690941,0.004764312894478
greedy_ting,70.0,15.0,0.436499493414387,0.0063295325297766
greedy_ting,177.0,35.0,0.3653734423207918,0.0033354255714427
greedy_ting,243.0,52.0,0.3704396871260543,0.0032455116907436
greedy_ting,13.0,1.0,0.4579241680305509,0.0193068831663784
greedy_ting,47.0,8.0,0.4300588501584427,0.0077443245436194
greedy_ting,213.0,45.0,0.3733226783871075,0.0032721761420432
greedy_ting,48.0,7.0,0.4086140661938534,0.0071581781827569
greedy_ting,145.0,31.0,0.4146368305209097,0.0044504227920694
greedy_ting,35.0,5.0,0.4697821681864235,0.0113230962748763
greedy_ting,90.0,15.0,0.3545902285263987,0.0036607440039841
greedy_ting,81.0,19.0,0.4592417476578233,0.0068932362156262
greedy_ting,17.0,2.0,0.4141113892365457,0.0130776362218521
greedy_ting,19.0,2.0,0.3904441955953714,0.0107426584298459
greedy_ting,15.0,2.0,0.4424940898345154,0.0145338898389863
greedy_ting,103.0,14.0,0.3292880258899676,0.0033769807605701
greedy_ting,79.0,15.0,0.4750089774665589,0.0115981558739086
greedy_ting,43.0,6.0,0.3709178624443345,0.0059089443022925
greedy_ting,87.0,19.0,0.4116022662427651,0.0049499709516504
greedy_ting,80.0,16.0,0.4252327127659575,0.0057943551976054
greedy_ting,33.0,4.0,0.3753492370513647,0.0083942871471851
greedy_ting,113.0,21.0,0.3604625619782841,0.0036929493880396
greedy_ting,192.0,34.0,0.3837867538416075,0.0037491778056637
greedy_ting,206.0,41.0,0.3517782138676582,0.0027134461611059
greedy_ting,70.0,13.0,0.4815349544072948,0.0126421076579115
greedy_ting,53.0,12.0,0.4716312056737589,0.0086222305379879
greedy_ting,108.0,14.0,0.3535346073023377,0.0034139827548976
greedy_ting,53.0,7.0,0.3658002141041081,0.0054951603259579
greedy_ting,20.0,1.0,0.2836436170212766,0.0073898268918816
greedy_ting,49.0,6.0,0.3044398610508033,0.0051106558905747
greedy_ting,116.0,23.0,0.3712322695035461,0.0043997174813766
greedy_ting,20.0,2.0,0.4353723404255319,0.0128622727101252
greedy_ting,59.0,6.0,0.2943262411347517,0.0038510775136191
greedy_ting,42.0,4.0,0.4210781830462681,0.0069591573939486
greedy_ting,121.0,20.0,0.3391873278236914,0.0032372319878614
greedy_ting,145.0,26.0,0.3390437759843482,0.0031385565458114
greedy_ting,126.0,18.0,0.3921324439941461,0.0044266265495844
greedy_ting,137.0,25.0,0.3276582802712636,0.0029622534767438
greedy_ting,105.0,23.0,0.4647922998986828,0.0116508506224279
greedy_ting,76.0,11.0,0.3334383165360209,0.003899357769579
greedy_ting,38.0,3.0,0.3222984322508399,0.0050453281991491
greedy_ting,18.0,2.0,0.4751773049645389,0.01519899885802
greedy_ting,17.0,1.0,0.3651439299123905,0.0107470657157491
greedy_ting,161.0,35.0,0.4166941984934584,0.0046715973319577
greedy_ting,86.0,11.0,0.3004597558964209,0.0029498833661625
greedy_ting,200.0,40.0,0.3660904255319148,0.0029932258657763
greedy_ting,98.0,15.0,0.319221305543494,0.0029716876849993
greedy_multi,7.0,1.0,0.4830293819655522,0.032278216100081
greedy_multi,7.0,1.0,0.5088652482269503,0.0332836884565205
greedy_multi,8.0,1.0,0.4625443262411347,0.0266888278224184
greedy_multi,11.0,2.0,0.4780786589297227,0.0207813972475069
greedy_multi,37.0,4.0,0.4314021468276787,0.0059378129812119
greedy_multi,36.0,8.0,0.4018173758865248,0.0058490469829047
greedy_multi,29.0,7.0,0.4260210320371729,0.0074233604333417
greedy_multi,12.0,1.0,0.3386524822695035,0.0131464505474237
greedy_multi,20.0,4.0,0.4309397163120567,0.0098672020396357
greedy_multi,15.0,3.0,0.5037234042553191,0.0175747887430212
greedy_multi,28.0,1.0,0.3547049138804458,0.0060493375876643
greedy_multi,17.0,1.0,0.2935440133500209,0.0087268789740129
greedy_multi,47.0,12.0,0.4387920627735023,0.0055883857839386
greedy_multi,32.0,7.0,0.5031028368794326,0.0085370257720939
greedy_multi,9.0,1.0,0.4267139479905437,0.0220129213263362
greedy_multi,30.0,1.0,0.3659278959810875,0.0057411799861956
greedy_multi,46.0,8.0,0.4051996608078939,0.0046379778057276
greedy_multi,33.0,6.0,0.4939555125725339,0.0081188412826288
greedy_multi,31.0,5.0,0.3557824296499656,0.0055461164257718
greedy_multi,9.0,1.0,0.4548857368006305,0.0237943153740063
greedy_multi,19.0,1.0,0.4496547219111608,0.0115760777143393
greedy_multi,18.0,3.0,0.4093282111899133,0.0107705057088131
greedy_multi,12.0,2.0,0.5004432624113475,0.0191585899644553
greedy_multi,44.0,7.0,0.3982914248871695,0.0046292096029225
greedy_multi,11.0,2.0,0.5068504190844616,0.02268034448564
greedy_multi,27.0,7.0,0.493892828999212,0.0094530175739063
greedy_multi,17.0,1.0,0.4370045890696704,0.0119399440511876
greedy_multi,15.0,1.0,0.4700945626477541,0.0150237105220505
greedy_multi,18.0,1.0,0.4874408983451536,0.0132523250027478
greedy_multi,28.0,2.0,0.3531534954407295,0.0058640965723092
greedy_multi,22.0,1.0,0.3895067698259188,0.0082545835219555
greedy_multi,18.0,2.0,0.3243695823483057,0.0081501038431755
greedy_multi,11.0,1.0,0.3612991618310767,0.0159006977362413
greedy_multi,8.0,1.0,0.5050975177304965,0.0278441394264624
greedy_multi,14.0,2.0,0.4214159067882472,0.013911564465457
greedy_multi,32.0,2.0,0.3956117021276595,0.0059816847744077
greedy_multi,21.0,3.0,0.3916328942924688,0.0093482221913126
greedy_multi,30.0,2.0,0.366903073286052,0.0058549480520206
greedy_multi,39.0,10.0,0.4605610110929259,0.0063096325296923
greedy_multi,16.0,1.0,0.4163896276595745,0.0123847211956059
greedy_multi,17.0,1.0,0.458072590738423,0.0123958139163316
greedy_multi,38.0,4.0,0.3829087346024636,0.0048679788221566
greedy_multi,37.0,4.0,0.4094546674333908,0.0056362515247313
greedy_multi,28.0,5.0,0.4028622087132725,0.0070780358695462
greedy_multi,20.0,3.0,0.4153368794326241,0.0096761276469997
greedy_multi,40.0,9.0,0.4205452127659574,0.0054682976011958
greedy_multi,26.0,1.0,0.4502523186033824,0.0084113258187249
greedy_multi,12.0,1.0,0.4001182033096926,0.0148955731044156
greedy_multi,20.0,4.0,0.4591755319148936,0.011070508195639
greedy_multi,18.0,1.0,0.3846532702915681,0.0097776115883333
greedy_multi,30.0,5.0,0.4819148936170213,0.0079629210468956
greedy_multi,19.0,4.0,0.5018197088465846,0.0138962191208048
greedy_multi,28.0,3.0,0.4491198074974671,0.0080167115109775
greedy_multi,33.0,5.0,0.3716150870406189,0.0053279413509001
greedy_multi,29.0,5.0,0.380166299828809,0.0066318644687376
greedy_multi,41.0,7.0,0.4079960214495761,0.0049138293241874
greedy_multi,9.0,1.0,0.5068951930654059,0.0259134054413887
greedy_multi,17.0,2.0,0.4355444305381727,0.0127845455547009
greedy_multi,15.0,1.0,0.4264775413711584,0.0139403897635373
greedy_multi,32.0,2.0,0.4107103280141844,0.006248978756364
greedy_multi,33.0,3.0,0.3644691596819256,0.0053160131697742
greedy_multi,23.0,1.0,0.4550570459451126,0.0092753620811313
greedy_multi,20.0,1.0,0.3499556737588652,0.0080341292408581
greedy_multi,16.0,3.0,0.5066489361702128,0.0156361994492228
greedy_multi,41.0,7.0,0.4293158623075592,0.0054680153389466
greedy_multi,20.0,1.0,0.3749556737588652,0.0086436150564609
greedy_multi,42.0,8.0,0.3868203309692671,0.0046494738221898
greedy_multi,16.0,1.0,0.3821476063829787,0.0110270090190932
greedy_multi,38.0,8.0,0.3905375139977604,0.0050092806352924
greedy_multi,24.0,2.0,0.3732638888888889,0.007589393818131
greedy_multi,12.0,1.0,0.356604609929078,0.0139568223900961
greedy_multi,14.0,1.0,0.5022163120567376,0.0168254903345827
greedy_multi,44.0,9.0,0.4296018697614442,0.0054424532970139
greedy_multi,40.0,10.0,0.4801640070921985,0.0066671495201134
greedy_multi,39.0,8.0,0.4198036006546644,0.0053410742636636
greedy_multi,38.0,6.0,0.4324374766703994,0.005872232024312
greedy_multi,22.0,2.0,0.4902079303675048,0.0110717638102702
greedy_multi,19.0,2.0,0.4357036207540126,0.0113470074226969
greedy_multi,33.0,5.0,0.4027777777777777,0.0061812855071236
greedy_multi,25.0,1.0,0.4321276595744681,0.008567813490267
greedy_multi,17.0,1.0,0.33223821443471,0.0090777556173765
greedy_multi,36.0,8.0,0.4323532308904649,0.006176448338874
greedy_multi,16.0,1.0,0.341367464539007,0.0108334746772593
greedy_multi,15.0,1.0,0.3959810874704492,0.0128443684366424
greedy_multi,31.0,8.0,0.4992278654770075,0.0083000805560514
greedy_multi,26.0,6.0,0.4640275504637207,0.0097023003866347
greedy_multi,17.0,2.0,0.3868377138089278,0.0100414834180327
greedy_multi,27.0,1.0,0.3965064355135277,0.0071047044040987
greedy_multi,29.0,2.0,0.4617265835167523,0.0079485423406007
greedy_multi,33.0,3.0,0.4025359982806791,0.0061358425145686
greedy_multi,18.0,2.0,0.4807427107959022,0.0125357543083507
greedy_multi,36.0,5.0,0.4336091410559495,0.0059760862626454
greedy_multi,23.0,5.0,0.5017345050878815,0.0114497526230979
greedy_multi,30.0,3.0,0.4265661938534278,0.0069725273362619
greedy_multi,14.0,1.0,0.4815096251266464,0.0162306925184439
greedy_multi,33.0,6.0,0.4001987964753922,0.005862030568337
greedy_multi,42.0,9.0,0.3870525160418778,0.0046884079141355
greedy_multi,16.0,2.0,0.5018284574468085,0.0144407779756347
greedy_multi,16.0,2.0,0.4110150709219858,0.0125548650210942
greedy_multi,15.0,2.0,0.5043735224586289,0.0163559708040619
greedy_multi,16.0,2.0,0.4576130319148936,0.0137140663461265
greedy_multi,37.0,10.0,0.4924046386812344,0.0075668125042689
greedy_multi,11.0,1.0,0.3840264345583495,0.0171608817817252
greedy_multi,13.0,1.0,0.4410801963993453,0.0157802088104696
greedy_multi,26.0,5.0,0.4126432078559738,0.0077387182656927
greedy_multi,19.0,3.0,0.4481616274729376,0.0121111171546881
greedy_multi,31.0,5.0,0.4297929535575383,0.0069509567553896
greedy_multi,15.0,2.0,0.3913711583924349,0.0116985927379016
greedy_multi,29.0,6.0,0.4359256541941795,0.0076775631894432
greedy_multi,21.0,3.0,0.4472306653157717,0.0106278544984381
greedy_multi,22.0,1.0,0.404456802063185,0.0093071839817785
greedy_multi,28.0,2.0,0.3860498986828773,0.0062237891586957
greedy_multi,19.0,1.0,0.4257185516983949,0.0108915707740835
greedy_multi,11.0,1.0,0.5049161831076725,0.0203292688085014
greedy_multi,31.0,6.0,0.4123770304278197,0.0064863173133003
greedy_multi,14.0,1.0,0.3038247213779129,0.0105093257689374
greedy_multi,14.0,1.0,0.4103976697061803,0.0132887259230687
greedy_multi,31.0,5.0,0.3933024479524136,0.0059863528983403
greedy_multi,28.0,3.0,0.3726253799392097,0.0068830208987737
greedy_multi,21.0,1.0,0.4433890577507598,0.010163432670991
greedy_multi,12.0,1.0,0.4198433806146572,0.015953511719383
greedy_multi,18.0,3.0,0.4706954294720252,0.0127701932012449
greedy_multi,27.0,1.0,0.4226753349093774,0.0074732111050461
greedy_multi,36.0,6.0,0.3772655634357762,0.0055370154580246
greedy_multi,41.0,10.0,0.4520627919045148,0.0059597312030076
greedy_multi,37.0,7.0,0.4392850297105616,0.006231891202619
greedy_multi,38.0,9.0,0.4807064203060844,0.0069686007915727
greedy_multi,45.0,12.0,0.451063829787234,0.0058015562970042
greedy_multi,20.0,2.0,0.362145390070922,0.0090546171595995
greedy_multi,35.0,6.0,0.4299392097264437,0.0061553154534788
greedy_multi,27.0,5.0,0.4397163120567376,0.0085340077990794
greedy_multi,21.0,2.0,0.399611617696724,0.0090196462032997
greedy_multi,18.0,2.0,0.3717001576044129,0.0097545650284314
greedy_multi,29.0,4.0,0.3669295671313279,0.006041848784752
greedy_multi,24.0,3.0,0.4525709219858156,0.0091768024956827
greedy_multi,26.0,4.0,0.4636865793780687,0.0085603169758732
greedy_multi,30.0,3.0,0.3851359338061465,0.0060901312461926
greedy_multi,32.0,7.0,0.4092420212765957,0.0063075371703825
greedy_multi,20.0,3.0,0.4871010638297872,0.0114271458144711
greedy_multi,34.0,5.0,0.4228723404255319,0.0065485633246188
greedy_multi,23.0,2.0,0.4356305889608387,0.0089282114688254
greedy_multi,38.0,7.0,0.4217525195968645,0.00556177808863
greedy_multi,26.0,2.0,0.4845199127114021,0.0095803341643131
greedy_multi,45.0,11.0,0.4270094562647754,0.0053115539776484
greedy_multi,34.0,8.0,0.4872496871088861,0.0075807177000297
greedy_multi,34.0,3.0,0.4335627868168544,0.0064575291322469
greedy_multi,36.0,8.0,0.458702718676123,0.0064969413059788
greedy_multi,10.0,1.0,0.4997340425531915,0.023483971819828
greedy_multi,14.0,1.0,0.3636651469098277,0.0119391141000688
greedy_multi,25.0,4.0,0.4453900709219858,0.0088730747950304
greedy_multi,25.0,5.0,0.4962765957446808,0.0102017390976308
greedy_multi,51.0,12.0,0.4171881518564873,0.004820057659104
greedy_multi,27.0,3.0,0.4267467822432361,0.0078333356706284
greedy_multi,22.0,2.0,0.4586557059961315,0.0099693317283289
greedy_multi,10.0,1.0,0.399645390070922,0.0197871082943513
greedy_multi,14.0,2.0,0.4434523809523809,0.0145373863197761
greedy_multi,30.0,3.0,0.4038416075650118,0.0065337054082905
greedy_multi,28.0,4.0,0.4149569402228977,0.0078340768837337
greedy_multi,28.0,6.0,0.4980053191489362,0.0097964174706209
greedy_multi,19.0,2.0,0.4582866741321389,0.0122675817931094
greedy_multi,40.0,8.0,0.3995345744680851,0.0049105768187905
greedy_multi,26.0,4.0,0.398595199127114,0.0072744544165
greedy_multi,38.0,7.0,0.3924272116461366,0.0054273928620095
greedy_multi,14.0,1.0,0.3813956433637284,0.0125875513835381
greedy_multi,22.0,1.0,0.3243471953578336,0.0073710643800655
greedy_multi,46.0,9.0,0.4099406413814369,0.0048407022106438
greedy_multi,28.0,4.0,0.4358852583586626,0.0081457317323149
greedy_multi,35.0,7.0,0.4638804457953394,0.0067486416627915
greedy_multi,31.0,6.0,0.4486673530084649,0.0070235596583752
greedy_multi,32.0,4.0,0.3659131205673759,0.0058737672746592
greedy_multi,27.0,6.0,0.45051878119254,0.0087760590723998
greedy_multi,10.0,1.0,0.4720744680851064,0.0231652001282631
greedy_multi,19.0,2.0,0.4120007465472191,0.0104581313524612
greedy_multi,29.0,4.0,0.4655478112007826,0.0081104889416044
greedy_multi,30.0,7.0,0.4739361702127659,0.0083947508508961
greedy_multi,36.0,5.0,0.3787431048069345,0.0052052672506351
greedy_multi,35.0,7.0,0.4170466058763931,0.0060569309585913
greedy_multi,23.0,4.0,0.4590656799259944,0.0099413759030694
greedy_multi,40.0,9.0,0.4545656028368794,0.0062579673274734
greedy_multi,33.0,4.0,0.4132548893187191,0.0061403047570602
greedy_multi,32.0,4.0,0.4356715425531915,0.0066767598018758
greedy_multi,24.0,4.0,0.4864435579196217,0.0107915848757573
greedy_multi,24.0,3.0,0.4138962765957446,0.0084928051398005
greedy_multi,22.0,3.0,0.4323823339780786,0.0095243285877416
greedy_multi,30.0,6.0,0.4778664302600473,0.0087624691567605
greedy_multi,29.0,5.0,0.4528919051112741,0.0081724584329674
greedy_multi,39.0,9.0,0.435033642480451,0.005853465116126
greedy_multi,40.0,9.0,0.4727836879432624,0.0065930489537749
greedy_multi,33.0,7.0,0.4484741027294218,0.0070292869525005
greedy_multi,22.0,4.0,0.5016521598968408,0.0119928304169105
greedy_multi,34.0,6.0,0.4581768877763871,0.0068369275563304
greedy_multi,41.0,11.0,0.4637389724961079,0.0062403756059141
greedy_multi,26.0,3.0,0.3639866339334424,0.007032541430312
greedy_multi,49.0,10.0,0.4138261687653785,0.004789725635021
greedy_multi,15.0,2.0,0.4715721040189125,0.0159452038238631
greedy_multi,29.0,2.0,0.4326241134751772,0.0073279054368738
greedy_multi,34.0,5.0,0.3873070504797664,0.005668848049876
greedy_multi,42.0,6.0,0.408983451536643,0.0050600962347281
greedy_multi,21.0,2.0,0.3163204998311381,0.0075927944027736
greedy_multi,27.0,3.0,0.4677567638560546,0.0086939055211153
greedy_multi,12.0,1.0,0.4632830969267139,0.0187649009436004
greedy_multi,26.0,5.0,0.4595267321331151,0.0090854552319288
greedy_multi,21.0,3.0,0.4710824045930429,0.0108031802119436
greedy_multi,19.0,1.0,0.3158827920865995,0.0080450198765759
greedy_multi,27.0,6.0,0.4774100341476228,0.0093132154149839
greedy_multi,22.0,2.0,0.3613797549967762,0.0076292785046231
greedy_multi,42.0,8.0,0.4087723741979061,0.0050638440871713
greedy_multi,49.0,11.0,0.4231799102619771,0.0051741417766405
greedy_multi,44.0,10.0,0.4426378143133462,0.0055102617644977
greedy_multi,21.0,3.0,0.5040526849037488,0.0114460803686697
greedy_multi,43.0,9.0,0.4124195942602672,0.0050862325264746
greedy_multi,27.0,5.0,0.4864394536380352,0.0093647986986906
greedy_multi,25.0,2.0,0.3991843971631206,0.0081170652884663
greedy_multi,39.0,6.0,0.45071831242044,0.0061311466605659
greedy_multi,19.0,2.0,0.4926745054124673,0.0135610008881097
greedy_multi,11.0,1.0,0.4406028368794326,0.0188036105634311
greedy_multi,24.0,2.0,0.3468897754137116,0.0072762676968763
greedy_multi,30.0,5.0,0.4117612293144208,0.0066426033510499
greedy_multi,40.0,8.0,0.4472517730496454,0.0060939543408279
greedy_multi,25.0,3.0,0.3956028368794326,0.0079522961621648
greedy_multi,7.0,1.0,0.4830293819655522,0.032278216100081
greedy_multi,10.0,2.0,0.5015070921985816,0.0227370903752325
greedy_multi,11.0,2.0,0.4529335912314636,0.01957421451022
greedy_multi,8.0,1.0,0.4580008865248227,0.0263139778360934
greedy_multi,9.0,1.0,0.4386327817178881,0.0229392567101414
greedy_multi,12.0,2.0,0.4186613475177305,0.0166491437857333
greedy_multi,27.0,7.0,0.4944181770422905,0.0102228587599647
greedy_multi,18.0,2.0,0.5088652482269503,0.0208806053425287
greedy_multi,41.0,6.0,0.4341809375540564,0.0054507394547827
greedy_multi,35.0,9.0,0.4926291793313069,0.008191437394333
greedy_multi,19.0,3.0,0.387271369914147,0.0093203104176219
greedy_multi,16.0,1.0,0.4575022163120567,0.0129428025216837
greedy_multi,31.0,3.0,0.4468371082132235,0.0070942979288158
greedy_multi,42.0,11.0,0.4700692333671057,0.006652676894073
greedy_multi,21.0,1.0,0.3169537318473489,0.0074189443059218
greedy_multi,26.0,3.0,0.4880660120021822,0.0097195128693239
greedy_multi,47.0,12.0,0.432039384336804,0.0052836242864373
greedy_multi,34.0,4.0,0.3979453483521067,0.0056619297232025
greedy_multi,46.0,12.0,0.4532839962997224,0.0057661730966547
greedy_multi,25.0,2.0,0.505,0.0110955673758865
greedy_multi,28.0,2.0,0.3791476697061803,0.0063942710001421
greedy_multi,9.0,1.0,0.4820724980299448,0.0253768797803722
greedy_multi,10.0,1.0,0.4454787234042553,0.0205469339444695
greedy_multi,21.0,4.0,0.507514353259034,0.0166689007645376
greedy_multi,11.0,1.0,0.4158607350096712,0.0174648663681133
greedy_multi,36.0,3.0,0.4278959810874704,0.0062163856427223
greedy_multi,9.0,1.0,0.5075847123719464,0.0315946917337164
greedy_multi,36.0,4.0,0.409623719464145,0.0058715071302335
greedy_multi,30.0,5.0,0.5050531914893617,0.0095420381478128
greedy_multi,15.0,1.0,0.5096335697399527,0.0248402124585727
greedy_multi,27.0,4.0,0.361669293406882,0.0064510110448664
greedy_multi,10.0,1.0,0.3787234042553191,0.018022483778482
greedy_multi,35.0,9.0,0.4426545086119554,0.0076146643960134
greedy_multi,40.0,10.0,0.4790336879432624,0.0068742435459735
greedy_multi,44.0,8.0,0.4189434235976789,0.005163005766932
greedy_multi,17.0,3.0,0.4877972465581977,0.0142072733282059
greedy_multi,17.0,1.0,0.3177409261576971,0.0088808226203697
greedy_multi,17.0,2.0,0.4823738005840634,0.0128798248366709
greedy_multi,16.0,2.0,0.4814937943262411,0.0147145903870216
greedy_multi,34.0,5.0,0.4544482686691698,0.0069444328867053
greedy_multi,40.0,6.0,0.4214317375886525,0.0052781584608105
greedy_multi,52.0,11.0,0.4094551282051282,0.0045182084024018
greedy_multi,26.0,6.0,0.4694489907255865,0.0094688767992037
greedy_multi,24.0,5.0,0.4903959810874704,0.0102567088412163
greedy_multi,18.0,2.0,0.3483550039401103,0.0090089829819214
greedy_multi,22.0,2.0,0.4300451321727918,0.0093713067960979
greedy_multi,20.0,1.0,0.3042553191489361,0.0077744454504299
greedy_multi,46.0,9.0,0.4153176071538698,0.0047877602714411
greedy_multi,23.0,2.0,0.507554733271662,0.0152635496896514
greedy_multi,41.0,9.0,0.4663336792942397,0.0062572741893684
greedy_multi,15.0,1.0,0.450531914893617,0.0142274554432204
greedy_multi,42.0,7.0,0.4020178993583249,0.0050884804695649
greedy_multi,27.0,3.0,0.4717625426845285,0.008739172286352
greedy_multi,30.0,6.0,0.4524527186761229,0.0073816910268877
greedy_multi,17.0,2.0,0.3675949103045473,0.00981925664886
greedy_multi,21.0,2.0,0.3542722053360351,0.0076669334467519
greedy_multi,12.0,1.0,0.4284869976359338,0.0169012569231371
greedy_multi,25.0,4.0,0.5064539007092198,0.0127526734067703
greedy_multi,39.0,10.0,0.4680169121658484,0.0071195881892725
greedy_multi,23.0,5.0,0.4986894850447117,0.0119839640853627
greedy_multi,16.0,2.0,0.4954565602836879,0.0155350974037711
greedy_multi,33.0,7.0,0.4863528906082097,0.0077607309866525
greedy_multi,12.0,1.0,0.4743646572104019,0.0188402188769705
greedy_multi,45.0,8.0,0.4058313632781717,0.0048937598463946
greedy_multi,23.0,4.0,0.4111933395004625,0.0084328075299448
greedy_multi,21.0,4.0,0.4555471124620061,0.0109257918372821
greedy_multi,31.0,6.0,0.4725749256463051,0.007958133117596
greedy_multi,29.0,7.0,0.4837979946197114,0.0080609195163063
greedy_multi,17.0,1.0,0.42636629119733,0.0117502774727624
greedy_multi,51.0,12.0,0.4235502711722986,0.0048837185927549
greedy_multi,19.0,3.0,0.5086786114221724,0.0163192515550629
greedy_multi,30.0,6.0,0.4254728132387707,0.0070816322396034
greedy_multi,43.0,11.0,0.4506638627742041,0.0056861101916326
greedy_multi,13.0,1.0,0.5094789961811238,0.023673210446833
greedy_multi,10.0,1.0,0.5075354609929078,0.0253066920049293
greedy_multi,14.0,1.0,0.435790273556231,0.0141684701268465
greedy_multi,17.0,2.0,0.4627138089278264,0.0126591644810846
greedy_multi,17.0,1.0,0.3312473925740509,0.009186058431752
greedy_multi,12.0,1.0,0.5098256501182034,0.0348165279157516
greedy_multi,39.0,9.0,0.4218266957628659,0.0053047630235866
greedy_multi,22.0,1.0,0.3842682140554481,0.0081318556152912
greedy_multi,19.0,3.0,0.4364501679731242,0.0109807701391144
greedy_multi,11.0,1.0,0.3925693101225016,0.0172377336786107
greedy_multi,25.0,5.0,0.5006737588652482,0.0109243687440269
greedy_multi,46.0,11.0,0.4285576626580326,0.0051744014498506
greedy_multi,31.0,6.0,0.4413463738274994,0.0067607838635197
greedy_multi,13.0,2.0,0.5074331696672123,0.0188083175887654
greedy_multi,13.0,2.0,0.4740861974904528,0.0169225828591361
greedy_multi,30.0,3.0,0.3935283687943262,0.0062770699201917
greedy_multi,13.0,1.0,0.4118930714675395,0.0150140376661252
greedy_multi,25.0,3.0,0.4617375886524822,0.0091969807856747
greedy_multi,34.0,5.0,0.4337453066332916,0.0065898795225623
greedy_multi,34.0,6.0,0.4480340008343763,0.0068864266335822
greedy_multi,19.0,3.0,0.4855823068309071,0.0131022812012638
greedy_multi,22.0,3.0,0.3573098001289491,0.0080174595012846
greedy_multi,48.0,10.0,0.4128065898345154,0.0048313585489696
greedy_multi,36.0,6.0,0.3859091804570528,0.005232972970618
greedy_multi,17.0,2.0,0.4355444305381727,0.0121587633269162
greedy_multi,20.0,3.0,0.4499556737588652,0.0109951221486595
greedy_multi,33.0,6.0,0.3869546529120997,0.0059330172469259
greedy_multi,25.0,3.0,0.3417375886524822,0.0067601013530506
greedy_multi,16.0,2.0,0.4027593085106383,0.0117342689736354
greedy_multi,35.0,6.0,0.4083839918946301,0.0060398548660447
greedy_multi,48.0,11.0,0.412215573286052,0.0049203319511292
greedy_multi,19.0,1.0,0.353910041060097,0.009084434570598
greedy_multi,22.0,2.0,0.4870647969052225,0.0110223089131364
greedy_multi,27.0,4.0,0.4730430785395324,0.0090652281883102
greedy_multi,35.0,7.0,0.397112462006079,0.0056248941405443
greedy_multi,24.0,3.0,0.4727763002364066,0.0098094390246096
greedy_multi,16.0,1.0,0.3203125,0.0106084296043882
greedy_multi,24.0,5.0,0.463172281323877,0.0101054385027545
greedy_multi,21.0,3.0,0.4687605538669369,0.0111138028640022
greedy_multi,11.0,1.0,0.45357833655706,0.0190483583935988
greedy_multi,13.0,1.0,0.4765411893071467,0.0171696892367575
greedy_multi,30.0,4.0,0.3770094562647754,0.0060829400209021
greedy_multi,19.0,2.0,0.437010078387458,0.0107471083835246
greedy_multi,18.0,2.0,0.4500098502758077,0.0112284387437039
greedy_multi,36.0,7.0,0.4781077620173364,0.0073428065731457
greedy_multi,19.0,2.0,0.4078947368421052,0.0105142826270603
greedy_multi,31.0,5.0,0.4137211164493251,0.0066850012713522
greedy_multi,31.0,6.0,0.4104323953328758,0.0063077967391934
greedy_multi,27.0,5.0,0.4192934068820594,0.0073449326303577
greedy_multi,19.0,2.0,0.4736842105263157,0.012288560146166
greedy_multi,21.0,4.0,0.4851823708206687,0.0123887908993887
greedy_multi,21.0,2.0,0.4539429246876055,0.0109052330042893
greedy_multi,32.0,7.0,0.44317929964539,0.0071698939930378
greedy_multi,22.0,4.0,0.4986702127659574,0.0120230983208561
greedy_multi,27.0,5.0,0.4618137641187286,0.009197134429623
greedy_multi,35.0,8.0,0.5008105369807497,0.0084361645669283
greedy_multi,22.0,2.0,0.4127176015473888,0.0093356543229737
greedy_multi,19.0,1.0,0.4267450541246734,0.0103799654342228
greedy_multi,33.0,6.0,0.4943584784010316,0.00820658572778
greedy_multi,38.0,6.0,0.3991927958193355,0.0056510792322002
greedy_multi,24.0,4.0,0.3999335106382979,0.0083374537154925
greedy_multi,45.0,9.0,0.4332151300236406,0.0054636056759943
greedy_multi,38.0,7.0,0.4455953714072415,0.0063867111111668
greedy_multi,16.0,2.0,0.3906804078014184,0.011524819625011
greedy_multi,29.0,5.0,0.4426815847395451,0.0074330111592632
greedy_multi,37.0,9.0,0.4842581943645773,0.0072756764830727
greedy_multi,11.0,1.0,0.4332688588007736,0.0187431332128644
greedy_multi,20.0,2.0,0.3830230496453901,0.0087343895396358
greedy_multi,20.0,3.0,0.4997340425531915,0.0114449647276294
greedy_multi,31.0,7.0,0.4933939601921757,0.009068839112752
greedy_multi,42.0,10.0,0.4524442755825735,0.0062584390837216
greedy_multi,15.0,1.0,0.391725768321513,0.0124453274762615
greedy_multi,17.0,3.0,0.4602628285356696,0.0139550807407883
greedy_multi,16.0,1.0,0.4904698581560284,0.01513246983615
greedy_multi,33.0,8.0,0.4754996776273372,0.0081119368229948
greedy_multi,36.0,7.0,0.4171591804570528,0.0061452350590954
greedy_multi,42.0,10.0,0.4643279297534616,0.0064207698361943
greedy_multi,10.0,1.0,0.3989361702127659,0.0187931945073182
greedy_multi,28.0,6.0,0.4776785714285714,0.0088498414658416
greedy_multi,40.0,8.0,0.4480718085106382,0.0058445755172966
greedy_multi,23.0,3.0,0.3868331791551033,0.008312336473853
greedy_multi,16.0,1.0,0.3556072695035461,0.0107470381386436
greedy_multi,38.0,9.0,0.4586832773422918,0.0070409147159323
greedy_multi,23.0,4.0,0.4881282762873882,0.0111911620835842
greedy_multi,23.0,4.0,0.4625346901017576,0.0095999837977365
greedy_multi,35.0,6.0,0.4790780141843971,0.0072971091258293
greedy_multi,24.0,3.0,0.4002290189125295,0.0079470885077845
greedy_multi,15.0,2.0,0.443676122931442,0.0140222623219264
greedy_multi,36.0,8.0,0.4857663514578408,0.0076639429567345
greedy_multi,22.0,2.0,0.3394987105093488,0.007606738334308
greedy_multi,28.0,3.0,0.3708839918946301,0.0064601173859462
greedy_multi,16.0,1.0,0.3825908687943262,0.0109512162552735
greedy_multi,19.0,3.0,0.4154068682344158,0.0106629054195175
greedy_multi,35.0,7.0,0.4315096251266464,0.0069706693602444
greedy_multi,26.0,5.0,0.44629705400982,0.0092925956315074
greedy_multi,27.0,6.0,0.4891646966115051,0.009689093004612
greedy_multi,27.0,4.0,0.4405700026267402,0.008463522395841
greedy_multi,33.0,5.0,0.3984257468300021,0.0061708930937516
greedy_multi,23.0,4.0,0.4490055504162812,0.0090132088739911
greedy_multi,28.0,6.0,0.5042743161094225,0.0096192953542326
greedy_multi,35.0,8.0,0.4687436676798379,0.0075423643125576
greedy_multi,21.0,2.0,0.5057835190813914,0.0131458178856943
greedy_multi,34.0,6.0,0.4188308302044222,0.0065322866285802
greedy_multi,9.0,1.0,0.4161741528762805,0.0219111487269004
greedy_multi,26.0,3.0,0.3893548827059465,0.0073884125617691
greedy_multi,21.0,3.0,0.4829449510300574,0.0112118351356101
greedy_multi,42.0,7.0,0.4244132049983114,0.0054440840339874
greedy_multi,15.0,1.0,0.468676122931442,0.014952620871966
greedy_multi,33.0,4.0,0.4282452181388351,0.0065152803522095
greedy_multi,18.0,2.0,0.4971434200157605,0.01384789458699
greedy_multi,33.0,7.0,0.5008059316569955,0.0089639155315725
greedy_multi,28.0,4.0,0.3861765450861196,0.0071708222838516
greedy_multi,21.0,3.0,0.4278959810874704,0.0099945583249815
greedy_multi,18.0,1.0,0.3662825059101655,0.0096703059709903
greedy_multi,30.0,5.0,0.4022754137115839,0.0067471865586349
greedy_multi,42.0,9.0,0.4384709557581898,0.0057895494169617
greedy_multi,23.0,2.0,0.3788930003083565,0.0078632264145579
greedy_multi,30.0,4.0,0.4188238770685579,0.0069417609428879
greedy_multi,26.0,3.0,0.438045553737043,0.0089729794179956
greedy_multi,27.0,4.0,0.4046821644339374,0.0072854253987494
greedy_multi,33.0,5.0,0.4762787448957661,0.0077082774452436
greedy_multi,13.0,1.0,0.3839334424440807,0.0140160694296746
greedy_multi,21.0,3.0,0.4042553191489362,0.0089856072201024
greedy_multi,21.0,3.0,0.3796014859844647,0.0087709513327655
greedy_multi,10.0,1.0,0.4667553191489362,0.0212086209823448
greedy_multi,34.0,7.0,0.4702492699207342,0.0076035993040511
greedy_multi,15.0,2.0,0.4273049645390071,0.0137540449004914
greedy_multi,36.0,8.0,0.4441981875492514,0.006274017809516
greedy_multi,13.0,1.0,0.3581560283687943,0.0131066085814144
greedy_multi,42.0,9.0,0.4544706180344478,0.0062460353495303
greedy_multi,12.0,1.0,0.5039154846335697,0.0196051871045918
greedy_multi,33.0,6.0,0.4326241134751773,0.0067125983624605
greedy_multi,10.0,1.0,0.4138297872340425,0.0202342688999549
greedy_multi,38.0,7.0,0.4334873086972751,0.0061216553024777
greedy_multi,27.0,5.0,0.4370895718413448,0.0081617655226927
greedy_multi,30.0,5.0,0.487145390070922,0.0088073752368258
greedy_multi,26.0,2.0,0.4406369339879978,0.0086001713430859
greedy_multi,14.0,1.0,0.3351697061803445,0.0123310827933857
greedy_multi,40.0,8.0,0.4166223404255319,0.0051625275860117
greedy_multi,15.0,2.0,0.507210401891253,0.0174420999390821
greedy_multi,18.0,1.0,0.5038908589440505,0.0151351326464997
greedy_multi,27.0,5.0,0.4799382716049383,0.009673994380073
greedy_multi,38.0,8.0,0.3976063829787234,0.0060236953632771
greedy_multi,23.0,2.0,0.3981652790625963,0.0081310772156714
greedy_multi,44.0,10.0,0.4368351063829787,0.0056204733083073
greedy_multi,20.0,2.0,0.4209663120567375,0.01040926127647
greedy_multi,25.0,2.0,0.3597872340425532,0.0073191036668175
greedy_multi,7.0,1.0,0.4830293819655522,0.032278216100081
greedy_multi,8.0,1.0,0.4464760638297872,0.0262104320511731
greedy_multi,7.0,1.0,0.5067122593718338,0.0327020869838802
greedy_multi,10.0,2.0,0.5069148936170212,0.0245621133242793
greedy_multi,9.0,1.0,0.4200157604412923,0.0217305312287121
greedy_multi,11.0,2.0,0.5071727917472598,0.0224120643344425
greedy_multi,9.0,1.0,0.4357762017336485,0.0226023854278636
greedy_multi,14.0,1.0,0.3297239108409321,0.0116278873006121
greedy_multi,24.0,1.0,0.4655732860520094,0.0085111666149702
greedy_multi,8.0,1.0,0.5085328014184397,0.0282267258744217
greedy_multi,22.0,1.0,0.4890796260477111,0.0098907829451976
greedy_multi,8.0,1.0,0.4863696808510638,0.0281691567757845
greedy_multi,16.0,1.0,0.350675975177305,0.0101401403536589
greedy_multi,14.0,3.0,0.5044326241134752,0.0186516501500252
greedy_multi,13.0,1.0,0.3404255319148936,0.0131339160311545
greedy_multi,26.0,6.0,0.5022504091653027,0.0095893374379332
greedy_multi,21.0,1.0,0.4598530901722391,0.0092275495405143
greedy_multi,35.0,9.0,0.4733282674772037,0.0071826699217486
greedy_multi,8.0,1.0,0.462322695035461,0.0267829916125948
greedy_multi,16.0,3.0,0.4352282801418439,0.0128252083048433
greedy_multi,9.0,1.0,0.5083727344365642,0.0247088133499258
greedy_multi,27.0,3.0,0.4690701339637509,0.0076969930965789
greedy_multi,9.0,1.0,0.4732072498029944,0.0240829540705468
greedy_multi,33.0,5.0,0.4507307113690092,0.0066575849675634
greedy_multi,37.0,9.0,0.4449875407322216,0.0064113303961345
greedy_multi,14.0,1.0,0.3539766970618034,0.0123651382614308
greedy_multi,15.0,3.0,0.4835106382978723,0.0154491411397816
greedy_multi,10.0,1.0,0.4432624113475177,0.0206106332679441
greedy_multi,19.0,2.0,0.4487681970884658,0.0100371361261556
greedy_multi,23.0,5.0,0.4461917977181622,0.0083362262551025
greedy_multi,20.0,2.0,0.3650709219858156,0.008407619083547
greedy_multi,9.0,1.0,0.4610914105594956,0.0232212586960314
greedy_multi,25.0,5.0,0.4775531914893617,0.0088039422061264
greedy_multi,28.0,6.0,0.5037360688956434,0.0090864904793213
greedy_multi,10.0,1.0,0.4287234042553192,0.0197068809416025
greedy_multi,22.0,2.0,0.4428997421018698,0.0089256135343101
greedy_multi,18.0,2.0,0.5042848699763594,0.0124942263528177
greedy_multi,23.0,2.0,0.3979340117175454,0.0076582556570764
greedy_multi,22.0,5.0,0.4563185041908446,0.0090672507618678
greedy_multi,10.0,1.0,0.4585992907801418,0.0207771160278658
greedy_multi,23.0,4.0,0.5064369411039161,0.0107041180824584
greedy_multi,17.0,1.0,0.5039111389236546,0.0130341029775956
greedy_multi,12.0,2.0,0.4807919621749408,0.0196763625516266
greedy_multi,30.0,4.0,0.4701536643026004,0.0076552955362183
greedy_multi,21.0,2.0,0.4612039851401553,0.0094708908453141
greedy_multi,21.0,3.0,0.4344815940560621,0.0089388722308164
greedy_multi,24.0,4.0,0.4894725177304964,0.0093623670540234
greedy_multi,15.0,3.0,0.4628250591016548,0.0137480474098666
greedy_multi,26.0,5.0,0.4616407528641571,0.0082344412549789
greedy_multi,27.0,2.0,0.4387969529813502,0.0072548777710229
greedy_multi,26.0,3.0,0.4917825968357883,0.009029845135881
greedy_multi,25.0,6.0,0.4902836879432624,0.0106800613651224
greedy_multi,30.0,6.0,0.4583037825059101,0.0068676114198927
greedy_multi,33.0,7.0,0.4712013754566946,0.0071338952534337
greedy_multi,25.0,4.0,0.473404255319149,0.0085635883506865
greedy_multi,23.0,5.0,0.5032762873882208,0.0109392719740109
greedy_multi,30.0,4.0,0.421483451536643,0.0063814479136975
greedy_multi,25.0,2.0,0.4052127659574468,0.0070692809717821
greedy_multi,29.0,4.0,0.45338102225483,0.0071473040677045
greedy_multi,37.0,8.0,0.4449635806018784,0.0063439365016221
greedy_multi,13.0,1.0,0.3908892525913802,0.0136834133508577
greedy_multi,17.0,3.0,0.4208385481852315,0.0118320681932933
greedy_multi,24.0,3.0,0.4362440898345154,0.0077555148882377
greedy_multi,14.0,2.0,0.4622593718338399,0.0151301391237045
greedy_multi,15.0,1.0,0.4548463356973995,0.0131148109026485
greedy_multi,11.0,1.0,0.462846550612508,0.0188118725320616
greedy_multi,31.0,5.0,0.432566918325326,0.0063235479772701
greedy_multi,22.0,3.0,0.410340103159252,0.0080156278384278
greedy_multi,16.0,1.0,0.4133421985815603,0.0113983376873646
greedy_multi,24.0,2.0,0.4905437352245863,0.0093853130990502
greedy_multi,24.0,5.0,0.491725768321513,0.0104159244029755
greedy_multi,25.0,4.0,0.5028368794326241,0.0093054272923897
greedy_multi,32.0,5.0,0.4716589095744681,0.0072889188412755
greedy_multi,17.0,1.0,0.3598769294952023,0.0097036683796269
greedy_multi,23.0,3.0,0.4706675917360469,0.0094293308298743
greedy_multi,20.0,4.0,0.451595744680851,0.0096517089180624
greedy_multi,12.0,1.0,0.3945035460992908,0.0159095053065741
greedy_multi,32.0,8.0,0.4938220301418439,0.0083102300177756
greedy_multi,28.0,3.0,0.4422492401215805,0.0072533936616747
greedy_multi,25.0,1.0,0.4502127659574468,0.0079524370001508
greedy_multi,31.0,6.0,0.49336536261725,0.0079872876288212
greedy_multi,23.0,3.0,0.4537850755473326,0.0090152888300701
greedy_multi,14.0,1.0,0.4756205673758865,0.015132412696103
greedy_multi,18.0,1.0,0.4861111111111111,0.0121527777777777
greedy_multi,20.0,2.0,0.4150265957446808,0.0094705666685529
greedy_multi,17.0,3.0,0.4864935335836462,0.0138792701304596
greedy_multi,13.0,2.0,0.4489225313693398,0.0161392562001304
greedy_multi,28.0,5.0,0.4616261398176292,0.0077228803472498
greedy_multi,31.0,7.0,0.4705444978265843,0.0076784357823953
greedy_multi,28.0,5.0,0.4305661094224923,0.0068292731660907
greedy_multi,27.0,5.0,0.4810546361964802,0.008328773236077
greedy_multi,14.0,1.0,0.4629559270516717,0.0148972763901848
greedy_multi,18.0,3.0,0.4060776201733648,0.0101595208116378
greedy_multi,30.0,5.0,0.4928191489361702,0.0081842509808359
greedy_multi,35.0,7.0,0.4294326241134751,0.005783018654874
greedy_multi,21.0,2.0,0.4256163458291118,0.008603222906452
greedy_multi,14.0,1.0,0.4214792299898682,0.0134284964929082
greedy_multi,19.0,3.0,0.4860488988428518,0.0112540613011685
greedy_multi,24.0,4.0,0.4487293144208037,0.0080157710949594
greedy_multi,11.0,1.0,0.4784010315925209,0.0191542570858591
greedy_multi,33.0,6.0,0.4369224156458199,0.0062182889939862
greedy_multi,14.0,1.0,0.4102710233029382,0.0131031831681668
greedy_multi,11.0,1.0,0.3713733075435202,0.0161759992617228
greedy_multi,19.0,2.0,0.4326707726763718,0.0097150217443371
greedy_multi,21.0,3.0,0.3719604863221885,0.0080707516269422
greedy_multi,13.0,1.0,0.4282596835788325,0.0150912723604855
greedy_multi,22.0,4.0,0.4895228884590586,0.0104186282346906
greedy_multi,10.0,1.0,0.4697695035460992,0.0212935638926611
greedy_multi,18.0,4.0,0.5050236406619386,0.0136338121545416
greedy_multi,29.0,6.0,0.4925409635607728,0.0089867051405326
greedy_multi,15.0,1.0,0.5033096926713948,0.0143389277311112
greedy_multi,12.0,1.0,0.3588209219858156,0.0144890254566753
greedy_multi,27.0,6.0,0.4907079064880483,0.0089491569057428
greedy_multi,23.0,2.0,0.4762565525747764,0.0093204139298011
greedy_multi,27.0,6.0,0.4539335434725505,0.0079057055719528
greedy_multi,11.0,1.0,0.4043359123146357,0.0175027402195958
greedy_multi,20.0,2.0,0.5020833333333333,0.0119260675236406
greedy_multi,23.0,2.0,0.4147779833487511,0.0079438737401528
greedy_multi,17.0,1.0,0.4370045890696704,0.0113509725426843
greedy_multi,19.0,2.0,0.4877752892870474,0.0114220383442146
greedy_multi,20.0,4.0,0.4876329787234043,0.0109175355081485
greedy_multi,27.0,3.0,0.4818426582610979,0.0084990766649356
greedy_multi,26.0,5.0,0.4245090016366611,0.0072580104208799
greedy_multi,21.0,2.0,0.4747129348193178,0.0095083586768711
greedy_multi,13.0,1.0,0.4822013093289689,0.0168996235813148
greedy_multi,16.0,2.0,0.395168439716312,0.0113396879401187
greedy_multi,14.0,1.0,0.5067755825734549,0.0169835096310292
greedy_multi,25.0,3.0,0.4747517730496454,0.0085568532769981
greedy_multi,30.0,7.0,0.4590130023640661,0.0077733757174633
greedy_multi,22.0,4.0,0.4422549967762734,0.0086244413947907
greedy_multi,22.0,1.0,0.4237991618310767,0.0083723344369036
greedy_multi,26.0,4.0,0.4474904528096017,0.0079807137973903
greedy_multi,20.0,1.0,0.4883421985815602,0.0109523048859463
greedy_multi,30.0,5.0,0.4591312056737588,0.0071959749048505
greedy_multi,21.0,2.0,0.4888973319824383,0.0108045061283572
greedy_multi,15.0,1.0,0.3770094562647754,0.0117606389964733
greedy_multi,21.0,3.0,0.5029128672745694,0.0108388801549491
greedy_multi,33.0,8.0,0.4581990113905007,0.0068476535477921
greedy_multi,16.0,1.0,0.3684064716312056,0.0108683992754938
greedy_multi,12.0,1.0,0.4134899527186761,0.0160273887879409
greedy_multi,16.0,2.0,0.5047096631205674,0.0143803844544964
greedy_multi,16.0,1.0,0.4837655141843971,0.0129061832699485
greedy_multi,32.0,7.0,0.4584995567375886,0.0071014055849098
greedy_multi,27.0,3.0,0.4020882584712372,0.0064607278533612
greedy_multi,23.0,2.0,0.4333564600678384,0.0082012534480917
greedy_multi,28.0,4.0,0.4406978216818643,0.0071385110909272
greedy_multi,22.0,2.0,0.3795938104448743,0.0079585361412803
greedy_multi,30.0,6.0,0.4824763593380615,0.0084173113008511
greedy_multi,24.0,3.0,0.3892952127659574,0.0070802336729058
greedy_multi,29.0,5.0,0.4423147468818782,0.0070029029667664
greedy_multi,17.0,2.0,0.4198998748435544,0.0110138455296907
greedy_multi,26.0,6.0,0.4640616475722859,0.0084339793293766
greedy_multi,29.0,7.0,0.4682685253118122,0.0082610400790769
greedy_multi,27.0,4.0,0.4022195954820068,0.0065058868097829
greedy_multi,19.0,3.0,0.424645390070922,0.0103577134887482
greedy_multi,15.0,2.0,0.4748817966903073,0.0153974446568192
greedy_multi,17.0,2.0,0.3768251981643721,0.0099942299415082
greedy_multi,16.0,1.0,0.428302304964539,0.0122713421223467
greedy_multi,21.0,4.0,0.4290357987166497,0.0093133206495883
greedy_multi,15.0,2.0,0.4742316784869976,0.0136701149618007
greedy_multi,24.0,3.0,0.4121232269503546,0.0074701840861983
greedy_multi,34.0,6.0,0.4515018773466833,0.006433423767611
greedy_multi,11.0,2.0,0.4682462927143778,0.0209130431438961
greedy_multi,23.0,3.0,0.5033919210607463,0.0100134315243753
greedy_multi,24.0,4.0,0.4096852836879432,0.0072943330852425
greedy_multi,25.0,5.0,0.4435106382978723,0.007949377546401
greedy_multi,19.0,1.0,0.4502146323254945,0.0105516130359294
greedy_multi,30.0,6.0,0.4694444444444444,0.0077858221696873
greedy_multi,30.0,5.0,0.4177009456264775,0.0065533037894919
greedy_multi,18.0,2.0,0.4002659574468085,0.0098549113172449
greedy_multi,20.0,1.0,0.4266400709219858,0.0092969555574417
greedy_multi,19.0,4.0,0.4884751773049645,0.0125830386610582
greedy_multi,15.0,1.0,0.3893026004728132,0.0122220510649475
greedy_multi,28.0,4.0,0.4157484802431611,0.0065783621973574
greedy_multi,19.0,2.0,0.3756998880179171,0.0089645231231089
greedy_multi,36.0,9.0,0.4628644602048857,0.0069006557380612
greedy_multi,33.0,6.0,0.4245110681280894,0.0059133496046194
greedy_multi,25.0,2.0,0.4627304964539007,0.0084833245309591
greedy_multi,13.0,1.0,0.4148936170212766,0.0145685616399827
greedy_multi,15.0,2.0,0.4093971631205673,0.0129731590463255
greedy_multi,12.0,1.0,0.4440750591016548,0.0174040696222382
greedy_multi,19.0,1.0,0.504012691302725,0.0119188308245696
greedy_multi,31.0,7.0,0.4842713337908945,0.0081658311019243
greedy_multi,26.0,2.0,0.4483428805237315,0.0078190257457166
greedy_multi,27.0,4.0,0.427863146834778,0.0070300737519241
greedy_multi,32.0,6.0,0.4479443705673759,0.0064004660432208
greedy_multi,20.0,3.0,0.3963209219858156,0.0090888580019868
greedy_multi,21.0,4.0,0.5027440054035799,0.0120540326478829
greedy_multi,17.0,3.0,0.5044847726324573,0.0145814721294121
greedy_multi,25.0,3.0,0.4577304964539007,0.0082530053820229
greedy_multi,20.0,3.0,0.5025709219858155,0.012271759154469
greedy_multi,25.0,4.0,0.4382624113475177,0.0072721580906393
greedy_multi,20.0,1.0,0.4716755319148936,0.0099933805360645
greedy_multi,18.0,1.0,0.4132683215130023,0.0103859646028126
greedy_multi,11.0,1.0,0.3842682140554481,0.0163670118194996
greedy_multi,23.0,1.0,0.4761023743447425,0.0091588904834426
greedy_multi,17.0,3.0,0.4435753024614101,0.011908648413075
greedy_multi,23.0,3.0,0.4901711378353376,0.009727228082231
greedy_multi,29.0,6.0,0.4276412325752017,0.0067855275377796
greedy_multi,23.0,4.0,0.463613937711995,0.0092372632284969
greedy_multi,21.0,2.0,0.4017646065518405,0.0084260687114408
greedy_multi,35.0,7.0,0.45306484295846,0.0063019397814957
greedy_multi,13.0,1.0,0.369544462629569,0.0131441795770635
greedy_multi,20.0,3.0,0.4663120567375887,0.0099555480106634
greedy_multi,21.0,1.0,0.4419115163796014,0.0091898553764513
greedy_multi,10.0,1.0,0.400354609929078,0.0191488104220109
greedy_multi,17.0,1.0,0.3833437630371297,0.0106557215040215
greedy_multi,18.0,3.0,0.4647852639873917,0.0125311551843033
greedy_multi,12.0,2.0,0.4704491725768321,0.0176698928066439
greedy_multi,14.0,2.0,0.4301545086119554,0.0142135526215164
greedy_multi,29.0,7.0,0.4923269748104671,0.0092765156829987
greedy_multi,11.0,1.0,0.5078175370728562,0.0214645880073213
greedy_multi,16.0,2.0,0.442542109929078,0.0126387227391651
greedy_multi,26.0,5.0,0.5035120021822149,0.0095466590841988
greedy_multi,14.0,2.0,0.5044326241134752,0.0171499856544397
greedy_multi,34.0,7.0,0.4393251981643721,0.006534309912796
greedy_multi,33.0,8.0,0.4713894261766602,0.00748985778398
greedy_multi,31.0,6.0,0.4325383207504003,0.0063399853674106
greedy_multi,18.0,2.0,0.464736012608353,0.0117697600103331
greedy_multi,27.0,4.0,0.4756698187549251,0.0080422346552522
greedy_multi,7.0,1.0,0.4830293819655522,0.032278216100081
greedy_multi,8.0,1.0,0.4491356382978723,0.0257123512831032
greedy_multi,8.0,1.0,0.4278590425531915,0.0250344898827712
greedy_multi,7.0,1.0,0.5073454913880446,0.0330188473457891
greedy_multi,9.0,1.0,0.3849487785657998,0.0201009276801912
greedy_multi,9.0,1.0,0.4038613081166272,0.0208116378874054
greedy_multi,12.0,1.0,0.5098256501182034,0.0313689313830486
greedy_multi,10.0,1.0,0.4951241134751772,0.0223964384965543
greedy_multi,21.0,5.0,0.4875042215467747,0.0110490468172246
greedy_multi,8.0,1.0,0.4921320921985815,0.0283484462041332
greedy_multi,13.0,2.0,0.4194626295690125,0.0155352183881669
greedy_multi,14.0,1.0,0.5091818642350557,0.0199122558239382
greedy_multi,27.0,7.0,0.4908392434988179,0.0093309984790159
greedy_multi,9.0,1.0,0.4937943262411347,0.0250030796666089
greedy_multi,11.0,2.0,0.4753384912959381,0.0198185141675615
greedy_multi,20.0,3.0,0.3570921985815602,0.0082387078114783
greedy_multi,10.0,1.0,0.4141843971631205,0.0189122780544238
greedy_multi,19.0,4.0,0.5065322881672266,0.013478674567973
greedy_multi,8.0,1.0,0.507313829787234,0.0284815256243398
greedy_multi,10.0,1.0,0.3971631205673759,0.0187862783562194
greedy_multi,21.0,1.0,0.486322188449848,0.0110261498090509
greedy_multi,15.0,1.0,0.4005910165484633,0.0121824718184308
greedy_multi,9.0,1.0,0.4169621749408983,0.0221301989895434
greedy_multi,13.0,2.0,0.4796099290780142,0.0162236339876109
greedy_multi,16.0,1.0,0.3959441489361702,0.0108922380154105
greedy_multi,12.0,2.0,0.493572695035461,0.0189881913269368
greedy_multi,15.0,2.0,0.4432033096926713,0.0138426938897549
greedy_multi,15.0,1.0,0.3374704491725768,0.0108575887642584
greedy_multi,27.0,6.0,0.4378119254005779,0.0075686919820393
greedy_multi,20.0,4.0,0.4672429078014184,0.0111499339036014
greedy_multi,22.0,2.0,0.3712121212121211,0.0076868784557372
greedy_multi,18.0,3.0,0.3787431048069345,0.0095941123605204
greedy_multi,23.0,4.0,0.3864862781375269,0.0077745177734742
greedy_multi,27.0,5.0,0.3926319936958235,0.0063874523579909
greedy_multi,24.0,2.0,0.4342494089834515,0.0081559279448831
greedy_multi,8.0,1.0,0.4638741134751773,0.0279502394717319
greedy_multi,12.0,1.0,0.4785017730496454,0.0182225681607649
greedy_multi,10.0,1.0,0.3825354609929078,0.0181613019340074
greedy_multi,32.0,7.0,0.4150875443262411,0.0064816620500866
greedy_multi,29.0,6.0,0.4396857422352653,0.0072007732198615
greedy_multi,12.0,1.0,0.5095301418439716,0.0243070782876865
greedy_multi,27.0,6.0,0.4549514053060152,0.0076530804100585
greedy_multi,9.0,1.0,0.4671000788022064,0.0238278482278199
greedy_multi,10.0,1.0,0.4245567375886525,0.0196363283411297
greedy_multi,23.0,1.0,0.3805889608387295,0.0075069477664314
greedy_multi,14.0,1.0,0.3189589665653495,0.0116091854634566
greedy_multi,21.0,5.0,0.4984380276933469,0.0125295233823791
greedy_multi,28.0,6.0,0.4204977203647416,0.0073017912815307
greedy_multi,36.0,9.0,0.4356530732860519,0.0063602774616607
greedy_multi,20.0,3.0,0.3785017730496454,0.0086402198550122
greedy_multi,33.0,8.0,0.469455190199871,0.0073949750498939
greedy_multi,11.0,2.0,0.5072533849129593,0.0204620124035531
greedy_multi,12.0,1.0,0.5065011820330969,0.018476253150691
greedy_multi,21.0,2.0,0.362208713272543,0.0079389886833461
greedy_multi,24.0,4.0,0.4905437352245863,0.009890139734196
greedy_multi,25.0,3.0,0.3903900709219858,0.0068792804687893
greedy_multi,21.0,1.0,0.3710739614994934,0.0082329357979296
greedy_multi,24.0,4.0,0.3977171985815602,0.0072671858823018
greedy_multi,13.0,2.0,0.4934533551554828,0.0173204382644784
greedy_multi,10.0,1.0,0.4485815602836879,0.0204412504401185
greedy_multi,16.0,1.0,0.5016622340425532,0.0142785977935906
greedy_multi,14.0,1.0,0.417806484295846,0.0137247586147783
greedy_multi,24.0,4.0,0.4486554373522458,0.0087654301339497
greedy_multi,17.0,1.0,0.4846683354192741,0.0130658799615497
greedy_multi,11.0,1.0,0.3903127014829142,0.016630556927354
greedy_multi,29.0,5.0,0.4464722426021032,0.0071658971579471
greedy_multi,26.0,4.0,0.4740180032733224,0.0087724577731586
greedy_multi,31.0,6.0,0.4166666666666666,0.0065831309978031
greedy_multi,17.0,1.0,0.3342198581560284,0.0095239876878151
greedy_multi,19.0,3.0,0.4253452780888391,0.0102171284795502
greedy_multi,11.0,1.0,0.3783849129593811,0.0164506122898186
greedy_multi,13.0,1.0,0.5090698308783416,0.0215090764531207
greedy_multi,11.0,1.0,0.4959703417150225,0.0202932396103927
greedy_multi,17.0,1.0,0.3818314559866499,0.0100613246567944
greedy_multi,14.0,2.0,0.423758865248227,0.0139622206208575
greedy_multi,19.0,1.0,0.4297779022023142,0.0104713048699317
greedy_multi,23.0,3.0,0.4569842738205365,0.0092940519721834
greedy_multi,29.0,5.0,0.3848434825140621,0.0062952291685469
greedy_multi,23.0,3.0,0.3676379895158804,0.0073633238278153
greedy_multi,13.0,1.0,0.46126568466994,0.015674104114749
greedy_multi,16.0,2.0,0.3631981382978723,0.010800293852917
greedy_multi,15.0,2.0,0.5080378250591017,0.0188242822572081
greedy_multi,29.0,4.0,0.485387625336268,0.0091134364510454
greedy_multi,32.0,6.0,0.4015126329787234,0.0059728546165603
greedy_multi,30.0,6.0,0.4036052009456264,0.0062714784914686
greedy_multi,9.0,1.0,0.5075847123719464,0.0251591782060042
greedy_multi,10.0,1.0,0.4725177304964539,0.0223652922388211
greedy_multi,10.0,1.0,0.4359929078014184,0.0202293332830338
greedy_multi,22.0,2.0,0.4435847840103159,0.0091920376654316
greedy_multi,18.0,2.0,0.5064519306540584,0.0143206219560396
greedy_multi,17.0,3.0,0.4274614100959533,0.0111066528152195
greedy_multi,10.0,1.0,0.5072695035460992,0.0226421897791862
greedy_multi,16.0,2.0,0.5048204787234043,0.0147256271249481
greedy_multi,34.0,9.0,0.4602367542761785,0.0069505353729692
greedy_multi,20.0,1.0,0.4609042553191489,0.010386416364871
greedy_multi,25.0,5.0,0.4326950354609929,0.0081225240179065
greedy_multi,32.0,5.0,0.430574024822695,0.0068295242189071
greedy_multi,20.0,3.0,0.4075797872340425,0.0093552241304511
greedy_multi,11.0,1.0,0.5081399097356544,0.0255330619562431
greedy_multi,23.0,5.0,0.4675069380203515,0.0097936559366605
greedy_multi,32.0,7.0,0.4805518617021276,0.0083069427890872
greedy_multi,15.0,1.0,0.3812056737588652,0.0118138339788407
greedy_multi,18.0,3.0,0.39701536643026,0.0105093259174497
greedy_multi,11.0,1.0,0.3588007736943907,0.0157435709413157
greedy_multi,28.0,5.0,0.4802748226950354,0.0089635281054288
greedy_multi,12.0,1.0,0.4478427895981087,0.0171033054661346
greedy_multi,29.0,5.0,0.4142516507703594,0.0065512187153874
greedy_multi,13.0,1.0,0.4969994544462629,0.017270362205418
greedy_multi,27.0,5.0,0.4294720252167061,0.0073641872847143
greedy_multi,29.0,6.0,0.4285277573978968,0.0066263134556676
greedy_multi,22.0,4.0,0.4576079948420374,0.0095006143994785
greedy_multi,31.0,5.0,0.3928448867536033,0.0061172828158448
greedy_multi,20.0,2.0,0.4552304964539007,0.0107616489990443
greedy_multi,13.0,1.0,0.4299645390070922,0.0148189000812229
greedy_multi,23.0,5.0,0.4783379586802344,0.0103031218643176
greedy_multi,17.0,2.0,0.4595327492699207,0.0123934207844634
greedy_multi,26.0,5.0,0.4079037097654119,0.006826563643546
greedy_multi,11.0,1.0,0.5078175370728562,0.0209663757102695
greedy_multi,26.0,5.0,0.4531505728314239,0.0078978753092736
greedy_multi,20.0,2.0,0.4306294326241134,0.0100347988500326
greedy_multi,34.0,8.0,0.4351533166458072,0.0064493102199871
greedy_multi,24.0,5.0,0.4434840425531914,0.0083738642055648
greedy_multi,36.0,7.0,0.4282899921197793,0.0061170872555905
greedy_multi,10.0,1.0,0.4609929078014184,0.0206415673255872
greedy_multi,15.0,2.0,0.492612293144208,0.015170008075829
greedy_multi,33.0,8.0,0.4473995271867612,0.0069792648028034
greedy_multi,13.0,1.0,0.4107337697763229,0.0146825116469621
greedy_multi,15.0,2.0,0.5073286052009457,0.0159667801194887
greedy_multi,16.0,2.0,0.5079787234042553,0.0174452052210654
greedy_multi,25.0,5.0,0.4623404255319148,0.008828564961521
greedy_multi,17.0,2.0,0.3997183979974968,0.010680305495031
greedy_multi,16.0,2.0,0.4151706560283688,0.0128027357258108
greedy_multi,36.0,9.0,0.4486800630417652,0.0065762719508234
greedy_multi,21.0,1.0,0.3869891928402567,0.0082679424862511
greedy_multi,23.0,2.0,0.395968239284613,0.0075949878502039
greedy_multi,12.0,2.0,0.4808658392434988,0.0182447487463603
greedy_multi,16.0,3.0,0.5075908687943262,0.0157024352269046
greedy_multi,18.0,1.0,0.4062746256895193,0.0103168807141691
greedy_multi,13.0,1.0,0.3410392798690671,0.0129622167205524
greedy_multi,31.0,8.0,0.5022020132692748,0.0094950810273782
greedy_multi,23.0,5.0,0.5032762873882208,0.0118844515581319
greedy_multi,11.0,1.0,0.4474532559638943,0.0185300887387393
greedy_multi,16.0,1.0,0.4296875,0.012533850703679
greedy_multi,30.0,6.0,0.455821513002364,0.0075330918618558
greedy_multi,12.0,1.0,0.3865248226950354,0.015492178461848
greedy_multi,19.0,2.0,0.4152668906308324,0.0101529655466646
greedy_multi,24.0,2.0,0.3667996453900708,0.007117299101529
greedy_multi,22.0,1.0,0.4079626047711154,0.0080873501050257
greedy_multi,19.0,1.0,0.4704180664427025,0.0110794877025224
greedy_multi,17.0,1.0,0.3609720483938256,0.0095431028286123
greedy_multi,15.0,2.0,0.4550236406619385,0.0142261420731127
greedy_multi,26.0,6.0,0.4967607746863066,0.0096219405890343
greedy_multi,16.0,3.0,0.4792774822695035,0.0142536446347957
greedy_multi,31.0,6.0,0.3927590940288263,0.0059937239216417
greedy_multi,11.0,1.0,0.4746131528046422,0.0194451862029488
greedy_multi,13.0,1.0,0.3660665575559192,0.0133157672768357
greedy_multi,16.0,2.0,0.3873005319148936,0.0112765559571638
greedy_multi,22.0,3.0,0.4078417150225661,0.0086896797697331
greedy_multi,21.0,3.0,0.3955589327929753,0.0088569434279086
greedy_multi,32.0,8.0,0.4823249113475177,0.0083935420389992
greedy_multi,22.0,2.0,0.4278288201160541,0.0089335897115731
greedy_multi,20.0,1.0,0.3618351063829787,0.0083993806115134
greedy_multi,12.0,1.0,0.4185135933806146,0.0170929738104918
greedy_multi,28.0,5.0,0.4629875886524823,0.0085028470018421
greedy_multi,27.0,6.0,0.5016745468873128,0.0107473734409034
greedy_multi,27.0,4.0,0.4607302337798792,0.008665689798057
greedy_multi,21.0,2.0,0.5024062816616007,0.0116215557824155
greedy_multi,25.0,2.0,0.3909219858156028,0.0070892208641414
greedy_multi,29.0,7.0,0.4961787723159697,0.0098288807330489
greedy_multi,21.0,3.0,0.5067122593718338,0.0123180468430016
greedy_multi,17.0,2.0,0.4838339591155611,0.0126224108706316
greedy_multi,16.0,1.0,0.4141733156028369,0.0124247543145388
greedy_multi,17.0,2.0,0.4411764705882353,0.0121045915237183
greedy_multi,27.0,4.0,0.4969135802469135,0.0100791021737085
greedy_multi,22.0,3.0,0.4364925854287556,0.0091181476063569
greedy_multi,19.0,3.0,0.4429357969391563,0.0104811278596569
greedy_multi,19.0,3.0,0.4530608435983576,0.0114506713142645
greedy_multi,27.0,4.0,0.4201142631993696,0.00731623284572
greedy_multi,18.0,3.0,0.498473207249803,0.0134515039446123
greedy_multi,26.0,4.0,0.4898731587561374,0.0092571033875673
greedy_multi,19.0,2.0,0.370194102276969,0.0092304666365984
greedy_multi,19.0,2.0,0.3836786114221724,0.0092390247422301
greedy_multi,27.0,6.0,0.4859469398476491,0.0092660727763664
greedy_multi,9.0,1.0,0.4543932230102442,0.0225238219101181
greedy_multi,24.0,4.0,0.4109411938534279,0.0077658670107102
greedy_multi,19.0,3.0,0.4777435610302352,0.0122057766390076
greedy_multi,15.0,1.0,0.4736406619385343,0.0145297715853774
greedy_multi,32.0,5.0,0.4071642287234042,0.0062299446047242
greedy_multi,23.0,2.0,0.4187480727721245,0.0083031371252525
greedy_multi,25.0,3.0,0.4513475177304964,0.0086882551179518
greedy_multi,21.0,3.0,0.4637369132049983,0.0107224276252088
greedy_multi,17.0,3.0,0.4568210262828535,0.0127064859443098
greedy_multi,22.0,3.0,0.4806576402321083,0.0106378302137386
greedy_multi,24.0,4.0,0.4699689716312056,0.0091561923981544
greedy_multi,16.0,2.0,0.473792109929078,0.0129261507090233
greedy_multi,31.0,6.0,0.4667982155113246,0.0078053248448979
greedy_multi,30.0,7.0,0.4663416075650118,0.0076387832254694
greedy_multi,21.0,4.0,0.4989446133063154,0.0122574538886191
greedy_multi,13.0,1.0,0.5096153846153846,0.0277098021318561
greedy_multi,31.0,7.0,0.443719972546328,0.0069745500818318
greedy_multi,14.0,1.0,0.3779128672745694,0.0136444497823272
greedy_multi,35.0,8.0,0.4237082066869301,0.0061219562519439
greedy_multi,25.0,6.0,0.4854609929078014,0.0092921633720637
greedy_multi,21.0,4.0,0.4138804457953394,0.0091600293857294
greedy_multi,18.0,1.0,0.5049743892829,0.0132649192285146
greedy_multi,19.0,2.0,0.3970698021649869,0.0094442734129567
greedy_multi,24.0,5.0,0.4958628841607564,0.0110706009786004
greedy_multi,26.0,4.0,0.3882296781232952,0.0065807931080461
greedy_multi,13.0,1.0,0.4432624113475177,0.0154240958555477
greedy_multi,25.0,3.0,0.419645390070922,0.0073757607766208
greedy_multi,22.0,3.0,0.4211798839458414,0.0087630648224705
greedy_multi,28.0,4.0,0.3971947821681864,0.0066538672560279
greedy_multi,29.0,6.0,0.4664037662020053,0.0081856014376503
greedy_multi,19.0,2.0,0.3497573721537887,0.0085905876809119
greedy_multi,12.0,1.0,0.400709219858156,0.01585056083698
greedy_multi,33.0,6.0,0.4579840962819686,0.007366927802611
greedy_multi,21.0,3.0,0.4522120905099628,0.0104573459248058
greedy_multi,23.0,4.0,0.498959296947271,0.0109757365754404
greedy_multi,15.0,1.0,0.3631796690307328,0.0117057289483537
greedy_multi,14.0,1.0,0.4718211752786221,0.0161268179276387
