init,Compacidad,Tolerancia,Disimilitud,Balance
random_dense,368.0,87.0,0.3656312634905951,0.0027256063357871
random_dense,270.0,71.0,0.4263068032571578,0.0041889704992993
random_dense,357.0,90.0,0.3930632536702624,0.0033714563055822
random_dense,308.0,80.0,0.4093873768075896,0.0038360776395734
random_dense,216.0,50.0,0.3566292356185973,0.0023247496666378
random_dense,313.0,68.0,0.3843750708086919,0.0025394758718913
random_dense,236.0,62.0,0.4293710181512201,0.0042449920078727
random_dense,225.0,41.0,0.4086524822695035,0.0029682306017098
random_dense,244.0,48.0,0.3823101964887803,0.0023962082757091
random_dense,167.0,34.0,0.3883615747228946,0.0028331899725378
random_dense,339.0,88.0,0.4014362225151153,0.003628637380125
random_dense,185.0,49.0,0.4118506804677018,0.0033002619925665
random_dense,194.0,41.0,0.421227242816407,0.003602404571709
random_dense,285.0,76.0,0.4191613786238646,0.0040216660629669
random_dense,372.0,85.0,0.3567642797224128,0.002483538071586
random_dense,204.0,53.0,0.431224794882492,0.0040140507703602
random_dense,185.0,49.0,0.4034454667433391,0.0030535489807524
random_dense,238.0,51.0,0.4242393766017045,0.003516361394481
random_dense,256.0,58.0,0.350835272606383,0.0022341803186202
random_dense,226.0,61.0,0.4058910751270947,0.0036064600617851
random_dense,232.0,39.0,0.4012862252384446,0.0027920339842804
random_dense,172.0,30.0,0.4047552779152235,0.0030813305694283
random_dense,251.0,67.0,0.4132512503178774,0.0039402497624911
random_dense,377.0,90.0,0.3765143819252403,0.0029553594856386
random_dense,285.0,72.0,0.4094998133631952,0.0032331547453423
random_dense,334.0,79.0,0.3905486898543339,0.0028890998802046
random_dense,287.0,68.0,0.3974349469938468,0.0027674225311401
random_dense,195.0,31.0,0.3851654846335697,0.0025466639713064
random_dense,258.0,66.0,0.3836625158062565,0.0029251529242576
random_dense,195.0,34.0,0.3980860156392071,0.0028098785199616
random_dense,208.0,55.0,0.4203875136388434,0.003817688096168
random_dense,186.0,49.0,0.3962908945321436,0.0029724105353884
random_dense,209.0,37.0,0.4051333604805049,0.0029380539921364
random_dense,245.0,56.0,0.4181538572875959,0.0032575805294941
random_dense,283.0,67.0,0.4038574793875147,0.0029152302290947
random_dense,183.0,38.0,0.4132852769057862,0.0033677455421554
random_dense,299.0,74.0,0.3962854906425674,0.0027885938447666
random_dense,193.0,46.0,0.3711737037445338,0.0026019779667868
random_dense,279.0,69.0,0.4152717405119601,0.0034316309547718
random_dense,176.0,35.0,0.3652633381689232,0.0023618866033487
random_dense,260.0,53.0,0.3726200218221495,0.002255918229367
random_dense,290.0,71.0,0.4016324284666178,0.0028848129351209
random_dense,322.0,82.0,0.3864146953878684,0.0032084645684956
random_dense,185.0,44.0,0.3845121717462142,0.0029041107224949
random_dense,187.0,33.0,0.4112384799180794,0.0030922544853724
random_dense,288.0,74.0,0.4155154156816391,0.0036072359473449
random_dense,287.0,65.0,0.3813261422887785,0.0024887790919722
random_dense,215.0,58.0,0.4210209467260432,0.0041098613956937
random_dense,202.0,49.0,0.382614458254336,0.0027651509798355
random_dense,259.0,52.0,0.3967318382211999,0.0027071575400323
random_dense,246.0,49.0,0.3584767629591189,0.002076941431778
random_dense,282.0,62.0,0.3931769025702932,0.0026753445424196
random_dense,198.0,47.0,0.4270990042266638,0.0038094776068151
random_dense,312.0,77.0,0.3752699354428078,0.0029365861457025
random_dense,239.0,62.0,0.3900078637348289,0.0031488208373329
random_dense,237.0,55.0,0.3633517371397791,0.0022879952228202
random_dense,329.0,83.0,0.3956137230809028,0.0033256104340569
random_dense,266.0,56.0,0.4026222471071295,0.0028536445829023
random_dense,184.0,33.0,0.3739352065988282,0.0024082414663903
random_dense,192.0,47.0,0.4156046838061466,0.0036783926994469
random_dense,257.0,67.0,0.414214062974308,0.0035686957446885
random_dense,346.0,86.0,0.3838524371745992,0.0030804399832882
random_dense,261.0,56.0,0.3337952773022472,0.0017553194461346
random_dense,270.0,64.0,0.417720646178093,0.0034837464562811
random_dense,294.0,76.0,0.4110188401601775,0.0033751036367198
random_dense,270.0,72.0,0.4108845547675335,0.0036771052745833
random_dense,253.0,66.0,0.4227356824489109,0.0041339684015736
random_dense,178.0,39.0,0.3781277392620926,0.0026589552324082
random_dense,289.0,67.0,0.4096082112444477,0.0032609422246409
random_dense,173.0,41.0,0.4080781371704997,0.0031141453523233
random_dense,205.0,43.0,0.4199446462549732,0.0032586803437622
random_dense,306.0,65.0,0.3623597784267371,0.0022886772941183
random_dense,269.0,62.0,0.4053791294260329,0.0029035676930484
random_dense,340.0,77.0,0.3693444931163955,0.0025078014943128
random_dense,235.0,53.0,0.3738758110759016,0.0024395549484803
random_dense,237.0,41.0,0.3634489930275009,0.0021969177181908
random_dense,218.0,51.0,0.4276424946320515,0.0037639689353562
random_dense,277.0,61.0,0.4120420155157846,0.0031686338385519
random_dense,326.0,71.0,0.3670756646216769,0.002382151046648
random_dense,293.0,65.0,0.3403196330452884,0.0021011090575553
random_dense,197.0,50.0,0.3896884112755157,0.0029726555221286
random_dense,293.0,59.0,0.3662769588265195,0.0022817267476543
random_dense,322.0,79.0,0.4068322981366459,0.0035465781051591
random_dense,195.0,44.0,0.360915621022004,0.0023084234619721
random_dense,212.0,49.0,0.4229517931219055,0.0034201150697833
random_dense,342.0,77.0,0.3441790054332048,0.0020647122806401
random_dense,231.0,60.0,0.3996346443154954,0.0030303370118451
random_dense,268.0,64.0,0.3845466814861861,0.0026098091322557
random_dense,238.0,58.0,0.4252488229334287,0.003842128592887
random_dense,277.0,70.0,0.4190157974242773,0.0037001701326348
random_dense,234.0,48.0,0.4038954052251924,0.0028050918960353
random_dense,256.0,64.0,0.423817736037234,0.0038752994404958
random_dense,334.0,80.0,0.3779727778485582,0.0027814596573067
random_dense,246.0,64.0,0.4046265063714467,0.0036064309236019
random_dense,284.0,71.0,0.3939728798321846,0.0030099584727477
random_dense,330.0,76.0,0.3792230818826563,0.0026788576777002
random_dense,211.0,37.0,0.3910414775973916,0.002697147236966
random_dense,306.0,72.0,0.4016160246604552,0.0030171955852168
random_dense,281.0,69.0,0.3844047348628253,0.002926748349307
random_dense,310.0,71.0,0.3524021962937543,0.0022734192744436
random_dense,231.0,62.0,0.4015688802922845,0.003266861270522
random_dense,318.0,73.0,0.3769765600606629,0.0026146044068885
random_dense,240.0,52.0,0.4008976063829787,0.0027614425051059
random_dense,237.0,52.0,0.3430439596612503,0.0019543590797619
random_dense,294.0,73.0,0.3799995175375114,0.0028134565678047
random_dense,286.0,75.0,0.4054456182115756,0.0035176809596934
random_dense,252.0,55.0,0.3875626196104919,0.002546957994625
random_dense,225.0,41.0,0.3354334121355398,0.0017932080912292
random_dense,297.0,64.0,0.3548278291186093,0.0020934201559368
random_dense,295.0,71.0,0.374071402812838,0.0025886522655245
random_dense,326.0,76.0,0.4052914110429448,0.0033116750120587
random_dense,248.0,62.0,0.3826891729581331,0.0026172435141136
random_dense,265.0,70.0,0.4227251438511976,0.003708021151895
random_dense,212.0,44.0,0.3634751773049645,0.0022256295776889
random_dense,233.0,63.0,0.4184511307947524,0.0037621089717225
random_dense,221.0,55.0,0.3983785822021116,0.0030300420786938
random_dense,219.0,44.0,0.4203584960652871,0.0032979687969338
random_dense,217.0,52.0,0.4146975193646435,0.0034022618166615
random_dense,260.0,59.0,0.3438932078559738,0.0020810424164124
random_dense,255.0,61.0,0.4030732860520094,0.0029446833031779
random_dense,307.0,78.0,0.3949857925012128,0.003390891108091
random_dense,228.0,57.0,0.413657148189623,0.0034608457037401
random_dense,247.0,56.0,0.3975794642088035,0.0028982747879312
random_dense,243.0,63.0,0.4028142602807693,0.0032037310632916
random_dense,226.0,50.0,0.4157605284629385,0.0032013439716243
random_dense,252.0,58.0,0.4125682483395249,0.0032682057324405
random_dense,227.0,58.0,0.3904067860155591,0.0030088943412102
random_dense,320.0,70.0,0.3488115026595745,0.0020844401308758
random_dense,244.0,62.0,0.4101557958376933,0.0033383629910518
random_dense,258.0,64.0,0.3778416900324371,0.0028226671196586
random_dense,231.0,59.0,0.4146288109054066,0.0036525605961333
random_dense,304.0,69.0,0.3888811123553564,0.0027072070966467
random_dense,230.0,57.0,0.4107115325316066,0.0031984024077238
random_dense,221.0,41.0,0.3798899265107024,0.0024556776375668
random_dense,212.0,57.0,0.4136223738792988,0.0036834285035476
random_dense,192.0,39.0,0.350389701536643,0.0020597755177103
random_dense,231.0,55.0,0.4003714961161769,0.0029282976518704
random_dense,264.0,63.0,0.3891843971631206,0.0028069020832354
random_dense,282.0,71.0,0.3970625220059353,0.0032490201918456
random_dense,199.0,49.0,0.4080865319505328,0.0031776774771939
random_dense,278.0,62.0,0.3975585489055564,0.0028616188179301
random_dense,224.0,52.0,0.3754076431104357,0.0027381205896053
random_dense,238.0,59.0,0.3931141605578401,0.0027192632255549
random_dense,257.0,51.0,0.4054867952645086,0.0029070562805246
random_dense,248.0,62.0,0.3926768760009151,0.0029338284742178
random_dense,231.0,54.0,0.4181173436492585,0.0033639768417213
random_dense,221.0,48.0,0.3718109174930201,0.0024642728944329
random_dense,258.0,63.0,0.4094542030897795,0.0031469759713155
random_dense,215.0,50.0,0.4068942767606795,0.0029945580204379
random_dense,201.0,43.0,0.3944241558166613,0.0028113778733109
random_dense,229.0,58.0,0.4290973706215739,0.0040075567620659
random_dense,218.0,38.0,0.3873178150823085,0.0025312569899214
random_dense,201.0,52.0,0.4131161568046293,0.003615516629999
random_dense,336.0,81.0,0.3607338103681189,0.0025114502503111
random_dense,250.0,57.0,0.4106808510638298,0.0031007846687792
random_dense,264.0,62.0,0.4152394960240704,0.0033019141010908
random_dense,239.0,57.0,0.3729932638950711,0.0025848475078033
random_dense,284.0,61.0,0.3870180301668165,0.0025812658652023
random_dense,230.0,56.0,0.383036540240518,0.0028751571466244
random_dense,205.0,47.0,0.3797656114859021,0.0025723095360584
random_dense,269.0,67.0,0.404130085159113,0.0031045310506289
random_dense,321.0,76.0,0.3653283179779501,0.0026082240745831
random_dense,211.0,51.0,0.4114945716110383,0.0032297013644958
random_dense,201.0,52.0,0.4038142620232173,0.0032940311205226
random_dense,257.0,60.0,0.3924993790876728,0.0027896978406703
random_dense,255.0,66.0,0.4046968432763176,0.0033502787254096
random_dense,204.0,49.0,0.4106913155333055,0.0030081880419162
random_dense,223.0,58.0,0.4208567884743822,0.0034813329865495
random_dense,219.0,55.0,0.4019317335405939,0.003265792506153
random_dense,265.0,63.0,0.3694834738391542,0.0024189659606735
random_dense,200.0,47.0,0.4145744680851064,0.0033063792062773
random_dense,302.0,69.0,0.3756076511201916,0.0024301866396797
random_dense,267.0,68.0,0.4065363774005897,0.0034298470613041
random_dense,238.0,44.0,0.3862268311579951,0.0024499964997227
random_dense,266.0,62.0,0.3753832720098117,0.0025662344614989
random_dense,216.0,47.0,0.3886754662463882,0.0026205382437885
random_dense,251.0,61.0,0.416475940210788,0.0034401201889101
random_dense,229.0,52.0,0.3823786738517761,0.0025931417507432
random_dense,237.0,50.0,0.4095370619744441,0.0030739915708599
random_dense,318.0,76.0,0.386694879343414,0.0029177358021292
random_dense,301.0,74.0,0.3873200442967884,0.0027311333226508
random_dense,198.0,44.0,0.3880023640661938,0.002718758540543
random_dense,220.0,49.0,0.4000040296582849,0.0028415501566708
random_dense,235.0,59.0,0.3799569941149842,0.0026995014718516
random_dense,257.0,58.0,0.3791187184369567,0.0025099704788518
random_dense,193.0,43.0,0.3815731451879616,0.0026204885990216
random_dense,217.0,52.0,0.3945280583063699,0.0028951834914
random_dense,270.0,58.0,0.3971795376937221,0.0027174217350264
random_dense,262.0,65.0,0.3992948405608792,0.0029698015598117
random_dense,248.0,60.0,0.4228115705788149,0.0035553534370547
random_dense,291.0,68.0,0.384535473178816,0.0027437941688349
random_dense,295.0,65.0,0.3697529751172016,0.0024715557188223
random_dense,275.0,67.0,0.3783430045132173,0.0027011990350852
random_dense,211.0,52.0,0.4012176061308863,0.0029148772502097
random_dense,295.0,73.0,0.3895089554032936,0.0030115953695675
random_dense,342.0,79.0,0.3521680975488366,0.0022523155750192
random_dense,317.0,76.0,0.3931108351790948,0.0030694830148262
random_dense,183.0,46.0,0.3978122698910979,0.0033085575431393
random_dense,285.0,67.0,0.3645483389324375,0.0024150460301118
random_dense,205.0,51.0,0.3741653693132675,0.0025971771032288
random_dense,185.0,37.0,0.3891125167720912,0.002707670170017
random_dense,216.0,54.0,0.387251280535855,0.0030176704592072
random_dense,246.0,61.0,0.3868779911203367,0.0027860669335876
random_dense,184.0,38.0,0.39962515417823,0.0030211107391183
random_dense,267.0,69.0,0.3948986639041623,0.0030572746099754
random_dense,238.0,48.0,0.394693515704154,0.0026270603834207
random_dense,269.0,55.0,0.3491952068338211,0.0018917905468487
random_dense,270.0,68.0,0.3967494089834515,0.0034108600752667
random_dense,227.0,49.0,0.3897819227044084,0.0027590944609237
random_dense,220.0,40.0,0.3697050290135396,0.0023102640852535
random_dense,263.0,62.0,0.3657841868241512,0.0022347530939793
random_dense,224.0,43.0,0.3924297112462006,0.0027229269915724
random_dense,270.0,58.0,0.3893223010244287,0.0026706232329272
random_dense,232.0,56.0,0.3674645390070922,0.0025077217862602
random_dense,274.0,58.0,0.3822766216286172,0.0024736984791614
random_dense,266.0,56.0,0.3664613661814109,0.0023632495663062
random_dense,225.0,52.0,0.3595547675334909,0.0022829118284657
random_dense,233.0,56.0,0.3932479530027699,0.0028141659421801
random_dense,249.0,59.0,0.4023256145147967,0.0030839674491799
random_dense,207.0,43.0,0.4004436906842087,0.0029857198717395
random_dense,346.0,87.0,0.4016136801541426,0.0034185148473333
random_dense,366.0,92.0,0.3911318451342867,0.003235906664113
random_dense,377.0,93.0,0.3802462516695826,0.0030798335467419
random_dense,325.0,82.0,0.3643262411347517,0.0025975914978143
random_dense,324.0,71.0,0.3354566150074424,0.0018918724484911
random_dense,200.0,42.0,0.3872916666666666,0.0025671995050236
random_dense,199.0,53.0,0.3993772051748102,0.0031346671013977
random_dense,206.0,43.0,0.3657431315843834,0.0021737411929083
random_dense,297.0,77.0,0.4189680492871982,0.0038482408810212
random_dense,189.0,44.0,0.4019193966002476,0.0029555899277868
random_dense,245.0,52.0,0.4170646982197134,0.0032801803383191
random_dense,286.0,66.0,0.4162637008381689,0.0034164415968174
random_dense,393.0,93.0,0.3650158807500045,0.0026622625771991
random_dense,280.0,59.0,0.328596757852077,0.0017443274087966
random_dense,243.0,63.0,0.4260864489390888,0.0043279401037163
random_dense,191.0,49.0,0.415724443949352,0.0032853366009086
random_dense,328.0,69.0,0.3698619399757827,0.0023076580940911
random_dense,212.0,48.0,0.3544175699183728,0.0021971979467534
random_dense,265.0,63.0,0.3509801953699986,0.0021650885670236
random_dense,273.0,53.0,0.3507878055750396,0.0019228645229431
random_dense,332.0,84.0,0.4086291976416303,0.0036186572889484
random_dense,262.0,61.0,0.4203717990363272,0.0034185745113902
random_dense,388.0,91.0,0.3587432368209402,0.0024381273137872
random_dense,306.0,63.0,0.3837145969498911,0.0025599371546596
random_dense,253.0,53.0,0.3413646174978275,0.0017836797680281
random_dense,323.0,68.0,0.3471938607469864,0.0019485271093319
random_dense,260.0,67.0,0.4243862520458265,0.0043449326004519
random_dense,208.0,48.0,0.419846222040371,0.0033426361628641
random_dense,231.0,50.0,0.3467463387676154,0.0019661356045165
random_dense,204.0,49.0,0.3685118550966486,0.0025303512204989
random_dense,351.0,86.0,0.3709815926127982,0.0026983530053917
random_dense,358.0,86.0,0.3576558104520781,0.0024070315445892
random_dense,353.0,89.0,0.3884309766339179,0.0032228881896296
random_dense,331.0,73.0,0.3776729660817209,0.0025211908953283
random_dense,278.0,56.0,0.3560353844583908,0.0020277109774217
random_dense,197.0,44.0,0.3795136263815387,0.0023964718155428
random_dense,226.0,47.0,0.4234568191803176,0.0036173031237001
random_dense,341.0,73.0,0.3475983236621534,0.0020462850568994
random_dense,213.0,56.0,0.4026945360103885,0.0032789704744851
random_dense,251.0,63.0,0.3864824390381735,0.0029285804320567
random_dense,323.0,83.0,0.3864177809981776,0.0030156708553761
random_dense,361.0,84.0,0.3504400699396868,0.002216267236609
random_dense,201.0,52.0,0.4197849405454995,0.0037965774198303
random_dense,209.0,55.0,0.4053157555397196,0.0036087266078477
random_dense,357.0,81.0,0.3468348332240697,0.00210446066341
random_dense,320.0,83.0,0.4121343085106382,0.0037326205915431
random_dense,271.0,61.0,0.4041833503441417,0.0028622232660413
random_dense,232.0,63.0,0.4086000550256786,0.0035193786009954
random_dense,366.0,85.0,0.3698261830019765,0.0025896929295148
random_dense,250.0,63.0,0.4198758865248227,0.0039943250213771
random_dense,221.0,46.0,0.3837689740380604,0.0025129583720203
random_dense,319.0,76.0,0.3982997621112074,0.0030162913925542
random_dense,302.0,72.0,0.406715278756282,0.0032572782318533
random_dense,243.0,55.0,0.4243462335463911,0.0036037174191358
random_dense,296.0,64.0,0.349530381445275,0.0020636500426257
random_dense,180.0,44.0,0.3967297084318361,0.0028874752307091
random_dense,230.0,45.0,0.3587804502004317,0.0019681784666972
random_dense,277.0,64.0,0.3526352510433468,0.0021048504966519
random_dense,371.0,90.0,0.3741708244919806,0.0027580123989464
random_dense,231.0,60.0,0.426932700868871,0.0038484584129895
random_dense,265.0,70.0,0.4005452964003747,0.0033072450245031
random_dense,246.0,57.0,0.3581560283687943,0.0023026445682167
random_dense,195.0,52.0,0.4192807783233315,0.0035061361443455
random_dense,319.0,76.0,0.3698309210965117,0.0025843682966663
random_dense,327.0,80.0,0.4075275988461622,0.0034376546452453
random_dense,217.0,58.0,0.4206131320064059,0.0039959020693502
random_dense,314.0,65.0,0.3445588833175227,0.0019770722638924
random_dense,279.0,66.0,0.3608537329367803,0.0023618360557705
random_dense,352.0,79.0,0.3839282116376531,0.0028771847472831
random_dense,259.0,67.0,0.3943152879323092,0.0031883442413548
random_dense,230.0,45.0,0.3989631514030219,0.0027388564362255
random_dense,377.0,88.0,0.354160787854845,0.0023521335617303
random_dense,253.0,60.0,0.3626727496986516,0.0023505664562502
random_dense,381.0,90.0,0.3774245639507828,0.0029348271592789
random_dense,249.0,55.0,0.4048392150160927,0.002989729463849
random_dense,347.0,77.0,0.342091278843992,0.0019725196351155
random_dense,250.0,64.0,0.4175283687943262,0.0036434938760625
random_dense,275.0,68.0,0.4232656350741457,0.0036819913921718
random_dense,205.0,47.0,0.4076889811451306,0.002974197291852
random_dense,349.0,87.0,0.383156536405942,0.0029903196956844
random_dense,227.0,60.0,0.422477895460368,0.0042589333268377
random_dense,221.0,47.0,0.3676390359744552,0.0023127313911994
random_dense,302.0,73.0,0.393945798694284,0.0028094906348843
random_dense,198.0,46.0,0.3659869976359338,0.0024630811752216
random_dense,196.0,49.0,0.4005554349399334,0.0031366195155165
random_dense,272.0,71.0,0.4203757300792657,0.0040451998168704
random_dense,218.0,55.0,0.4013273472574662,0.0030716445833942
random_dense,327.0,83.0,0.4013734357039061,0.00337042594441
random_dense,302.0,75.0,0.3943714480296839,0.0030807493819923
random_dense,300.0,58.0,0.3494533096926713,0.0019807590493296
random_dense,212.0,55.0,0.4202713100495115,0.0037849558932922
random_dense,209.0,49.0,0.3844166751501577,0.0026388574187324
random_dense,342.0,85.0,0.3908485753390568,0.0031189305076604
random_dense,331.0,79.0,0.4008324227036061,0.0032128321523212
random_dense,259.0,62.0,0.3586146937210767,0.0022997506872484
random_dense,216.0,51.0,0.4007338455476753,0.0028667673108312
random_dense,195.0,47.0,0.3935170030914712,0.0028193767876127
random_dense,207.0,46.0,0.3741605851920375,0.0022897353683868
random_dense,266.0,62.0,0.3463712472671039,0.0019246484187905
random_dense,341.0,75.0,0.3602124539839021,0.0021810498398231
random_dense,271.0,67.0,0.3790956792546649,0.0028345924590106
random_dense,268.0,64.0,0.3610074626865671,0.0023152721921513
random_dense,224.0,50.0,0.4138210802938196,0.0030844035597734
random_dense,288.0,61.0,0.3745567375886525,0.0023947373300536
random_dense,291.0,70.0,0.3658209646364943,0.0023839531232491
random_dense,316.0,65.0,0.3572863362958973,0.0021167473453408
random_dense,203.0,47.0,0.3825070747301121,0.0025329491200151
random_dense,246.0,62.0,0.418529810298103,0.0033418722167062
random_dense,199.0,54.0,0.4089329626857693,0.0034633392966578
random_dense,233.0,59.0,0.387704319240252,0.0029738618762554
random_dense,281.0,71.0,0.3868781706670705,0.0032544899417781
random_dense,214.0,44.0,0.406293497713263,0.0029365662125141
random_dense,361.0,89.0,0.3807169800200389,0.0030310574857638
random_dense,285.0,69.0,0.4011944755505786,0.0028846549248731
random_dense,228.0,56.0,0.3970698021649869,0.0029180563991018
random_dense,249.0,59.0,0.3719843914665755,0.0025229606813919
random_dense,371.0,87.0,0.367446617346256,0.0025842908621151
random_dense,347.0,83.0,0.3720082980767265,0.0026256511260144
random_dense,240.0,51.0,0.4062943262411347,0.0028617801963348
random_dense,325.0,82.0,0.3887506819421713,0.0032136853330571
random_dense,288.0,65.0,0.3964058806146572,0.002800245831367
random_dense,339.0,86.0,0.4040748760434319,0.0035006518588575
random_dense,271.0,66.0,0.3968654314202716,0.0028147639292935
random_dense,321.0,74.0,0.3503927222111752,0.0021562317730183
random_dense,234.0,58.0,0.3827627750500091,0.0028071507254406
random_dense,305.0,70.0,0.3897802581095221,0.0027020929056237
random_dense,218.0,53.0,0.3826493265664649,0.002810903987571
random_dense,352.0,81.0,0.3585715868794326,0.0022869869565822
random_dense,373.0,87.0,0.3782490065217804,0.0028694955086047
random_dense,341.0,76.0,0.3756005490734386,0.0025738032364627
random_dense,280.0,70.0,0.3711467831813577,0.0025813248326105
random_dense,282.0,69.0,0.3837080629746994,0.0028269743503092
random_dense,226.0,57.0,0.4000619782840645,0.0033104897965974
random_dense,317.0,77.0,0.4060815043515225,0.0032878360095902
random_dense,255.0,67.0,0.4157488527325824,0.0038210578141789
random_dense,298.0,76.0,0.3987249512113856,0.0033324291506758
random_dense,298.0,68.0,0.3911240420772049,0.0027033056482363
random_dense,261.0,65.0,0.388345425396049,0.002789249659171
random_dense,264.0,70.0,0.4107195626477541,0.0035922784013391
random_dense,238.0,61.0,0.4056223553251087,0.0032206931711295
random_dense,246.0,64.0,0.3980820792250475,0.0032374824662547
random_dense,262.0,60.0,0.4029999729305397,0.0029773520918486
random_dense,284.0,74.0,0.404973279392668,0.0034773789571033
random_dense,242.0,62.0,0.4232899595568841,0.0035624692743145
random_dense,284.0,74.0,0.4156209419638397,0.00387493552154
random_dense,224.0,56.0,0.391361132218845,0.0031237089732657
random_dense,325.0,71.0,0.3856819421713038,0.0027283853052883
random_dense,232.0,50.0,0.3601545304475422,0.0021819289363484
random_dense,294.0,73.0,0.3794477010662421,0.002764008052535
random_dense,347.0,84.0,0.3753602305475504,0.0028069923792247
random_dense,211.0,49.0,0.4056208194682531,0.0031703434455415
random_dense,296.0,64.0,0.3324647786083956,0.0017518697866049
random_dense,226.0,53.0,0.3616079834306157,0.0023850861053056
random_dense,252.0,58.0,0.409577986040752,0.0031383167150661
random_dense,312.0,79.0,0.404050736497545,0.0034809596450458
random_dense,315.0,74.0,0.3619019475402454,0.0024235252204002
random_dense,247.0,54.0,0.3919480575415626,0.0026928473646795
random_dense,268.0,65.0,0.4162333280406478,0.0033920475780934
random_dense,241.0,56.0,0.3806759659809893,0.0024802950547787
random_dense,299.0,66.0,0.3647382528048578,0.0023525801946374
random_dense,301.0,75.0,0.389555500577272,0.0029200489912112
random_dense,284.0,65.0,0.3814335480970932,0.0026428926628509
random_dense,327.0,78.0,0.3815689591602142,0.0028620593666714
random_dense,224.0,59.0,0.4098594224924012,0.0037624059462795
random_dense,247.0,60.0,0.3917004048582996,0.0030739782143525
random_dense,230.0,56.0,0.3816065371569534,0.0026523359832211
random_dense,382.0,93.0,0.3724959154877279,0.0028140430009003
random_dense,256.0,59.0,0.367734652039007,0.002173807520147
random_dense,309.0,70.0,0.348894856434621,0.0021753486722607
random_dense,306.0,78.0,0.3914267834793491,0.0029388710868885
random_dense,196.0,48.0,0.3864705456650745,0.0029018017863304
random_dense,266.0,60.0,0.3715305551111822,0.0023011266805533
random_dense,294.0,71.0,0.3775540357987166,0.0025181280266057
random_dense,302.0,72.0,0.3717826781269081,0.0026069742823291
random_dense,345.0,79.0,0.3639736869154075,0.0024019056000299
random_dense,277.0,67.0,0.3956909132805899,0.0030437467867539
random_dense,271.0,73.0,0.4138827824448457,0.0036543701067394
random_dense,257.0,54.0,0.3717471093081657,0.0022558510408501
random_dense,227.0,54.0,0.4251452807198425,0.0036851783143715
random_dense,266.0,63.0,0.4029122007145523,0.003115674359999
random_dense,237.0,53.0,0.3839475416704073,0.0024812558742884
random_dense,317.0,72.0,0.3566654361590263,0.0022343976521156
random_dense,262.0,53.0,0.3843152780033566,0.0024583747691097
random_dense,236.0,49.0,0.4005552049525183,0.0028461386955334
random_dense,339.0,79.0,0.3504335864767045,0.0021826164590631
random_dense,294.0,74.0,0.3903694456506006,0.003286248615408
random_dense,249.0,50.0,0.3843886183029992,0.0024355437668274
random_dense,285.0,69.0,0.4066069428891377,0.0032090676366485
random_dense,250.0,47.0,0.368822695035461,0.0022160607615311
random_dense,320.0,74.0,0.3839622118794326,0.0027689816588265
random_dense,257.0,67.0,0.4059593785357507,0.0033390747785399
random_dense,257.0,59.0,0.3762694207577889,0.0023822352159568
random_dense,260.0,62.0,0.3690807419530824,0.0024578544484654
random_dense,272.0,63.0,0.3927728671255736,0.0027037425275375
random_dense,284.0,71.0,0.4155522675057437,0.0035018992308783
random_dense,252.0,54.0,0.3965791399302038,0.0028264771173788
random_dense,252.0,62.0,0.3733148992457503,0.0026508158035579
random_dense,285.0,67.0,0.356224337439343,0.0021703061249986
random_dense,269.0,67.0,0.4036456273563764,0.0031903506988838
random_dense,291.0,71.0,0.3941227364675489,0.0029912782472202
random_dense,330.0,80.0,0.39107027724049,0.0029853402538492
random_dense,305.0,77.0,0.3739361702127659,0.0027997518367179
random_dense,263.0,56.0,0.3907619394331634,0.0025744521285614
random_dense,363.0,81.0,0.3660614852587773,0.0024744896834901
random_dense,250.0,54.0,0.3553333333333333,0.0019697115839243
random_dense,327.0,75.0,0.3667881232784609,0.0023497389026849
random_dense,270.0,64.0,0.3753677436301549,0.0026056092995435
random_dense,342.0,78.0,0.3738827713491767,0.0025910509157573
random_dense,343.0,81.0,0.3722060252672498,0.0026792241143151
random_dense,332.0,83.0,0.3874700931385115,0.0028913548065172
random_dense,331.0,78.0,0.3609521972959653,0.0023664502918881
random_dense,270.0,61.0,0.3908556606251641,0.0025601342800189
random_dense,355.0,84.0,0.3625861552292478,0.0024500820299348
random_dense,259.0,58.0,0.3539458911799337,0.0020578835879658
random_dense,297.0,68.0,0.3500788022064618,0.0021895451772348
random_dense,222.0,51.0,0.3731311098332375,0.0024481304512396
random_dense,254.0,62.0,0.4087926509186351,0.0031923010063514
random_dense,244.0,60.0,0.3758029589582606,0.0027463373558285
random_dense,241.0,56.0,0.3655682587328213,0.0023931984280271
random_dense,254.0,59.0,0.3873136203719216,0.0027258497015485
random_dense,403.0,86.0,0.3542777572461855,0.0029925288097144
random_dense,254.0,46.0,0.3632378399508572,0.0027728885747998
random_dense,272.0,62.0,0.3898818836045056,0.0038217173333339
random_dense,356.0,77.0,0.3624442186628416,0.0025910717569802
random_dense,349.0,81.0,0.383263224206954,0.0034328347476237
random_dense,375.0,85.0,0.3701465721040189,0.0030641140564134
random_dense,327.0,71.0,0.3415289435443642,0.0021366290974824
random_dense,368.0,81.0,0.353024784150478,0.0025706201089758
random_dense,243.0,50.0,0.3712350056912704,0.0030647885532263
random_dense,308.0,75.0,0.3733766233766233,0.0031406289436822
random_dense,352.0,77.0,0.3442562258220503,0.0023504325894738
random_dense,285.0,66.0,0.3856351872589274,0.00355611916604
random_dense,323.0,71.0,0.3831159563489449,0.0030571207686588
random_dense,256.0,53.0,0.357740469858156,0.00269975725071
random_dense,273.0,46.0,0.37072000103915,0.0028027653314576
random_dense,276.0,65.0,0.3685437866173296,0.0030239130698243
random_dense,253.0,59.0,0.3737280296022202,0.0031961209204766
random_dense,283.0,59.0,0.3941683582688018,0.0037177967952381
random_dense,255.0,60.0,0.3730461688221388,0.0031456923476499
random_dense,299.0,72.0,0.3694910932422496,0.0030274131622155
random_dense,319.0,67.0,0.3488211165210431,0.0021822126686236
random_dense,323.0,67.0,0.3691017280372395,0.0025613316138113
random_dense,299.0,63.0,0.3925318437344339,0.0038974135778017
random_dense,290.0,69.0,0.3688034971875764,0.0029211942654364
random_dense,309.0,63.0,0.3497211319975212,0.0022294306321026
random_dense,254.0,53.0,0.3816524264254202,0.0032718243282168
random_dense,339.0,74.0,0.3860148747881755,0.003302195906935
random_dense,258.0,58.0,0.3848308043322887,0.0035019955965134
random_dense,320.0,67.0,0.3918467420212766,0.003488930454257
random_dense,297.0,56.0,0.3480162141509659,0.0022338764025225
random_dense,367.0,85.0,0.3745941793727172,0.0032405448040782
random_dense,301.0,65.0,0.3394123606889564,0.0021048761949029
random_dense,308.0,60.0,0.3810790273556231,0.002993755908246
random_dense,331.0,79.0,0.3870363823359259,0.0035559839018883
random_dense,315.0,76.0,0.3753911966677924,0.0030723791695382
random_dense,281.0,67.0,0.3617620706191161,0.0028146228461436
random_dense,280.0,63.0,0.350652228976697,0.0025041429140503
random_dense,311.0,75.0,0.3845208775170463,0.0036100917405112
random_dense,250.0,56.0,0.3654574468085106,0.0029016630828429
random_dense,340.0,75.0,0.3625730079265749,0.0025311572443843
random_dense,252.0,50.0,0.3757422886412248,0.0030770180309796
random_dense,351.0,81.0,0.362462366894991,0.002981665710441
random_dense,338.0,73.0,0.3662501573712703,0.0026565594071796
random_dense,353.0,77.0,0.3816024752375786,0.0031585201609068
random_dense,304.0,69.0,0.3857403648749533,0.0032150121969523
random_dense,320.0,76.0,0.3668827570921986,0.0028174977235154
random_dense,266.0,60.0,0.3801825041326721,0.0032562504387218
random_dense,323.0,68.0,0.3836593988099159,0.003054483592784
random_dense,311.0,73.0,0.3643132425714351,0.0029117302238493
random_dense,341.0,79.0,0.3726965953287161,0.0029165101199909
random_dense,356.0,79.0,0.3695413977209339,0.0028023740252418
random_dense,342.0,76.0,0.387553917299158,0.0035273770320392
random_dense,294.0,56.0,0.3862353452019105,0.0031540042469687
random_dense,292.0,70.0,0.3642098999319926,0.0028672147041244
random_dense,324.0,70.0,0.3899395849750459,0.0037044035985305
random_dense,295.0,71.0,0.358441519413391,0.0026702493651503
random_dense,296.0,71.0,0.3628222637531148,0.0027467502457164
random_dense,335.0,72.0,0.3594659680321795,0.002480160153795
random_dense,287.0,53.0,0.3725381174784392,0.002728085323081
random_dense,306.0,73.0,0.3840274880637834,0.0031586761865656
random_dense,325.0,69.0,0.3868385160938352,0.0032766809186255
random_dense,346.0,73.0,0.3703034682080925,0.0026564448316689
random_dense,315.0,64.0,0.381467409658899,0.0030065035154558
random_dense,287.0,58.0,0.3612109867299281,0.0025275286944652
random_dense,300.0,73.0,0.3737972813238771,0.0032423280934756
random_dense,318.0,72.0,0.3777320576296891,0.0030744159193246
random_dense,277.0,64.0,0.3776051668074865,0.0030686136313244
random_dense,317.0,66.0,0.3878112625008389,0.0032544351406667
random_dense,308.0,74.0,0.3844236437321544,0.0033801027234812
random_dense,338.0,69.0,0.3645348105249905,0.0025180717482176
random_dense,320.0,73.0,0.3874806072695035,0.0033686121433147
random_dense,290.0,71.0,0.3722303741746148,0.0030345165805508
random_dense,317.0,59.0,0.3760375416694632,0.0027821497455181
random_dense,337.0,77.0,0.3685891365195614,0.0026938670642276
random_dense,289.0,64.0,0.3693066087511349,0.0027007533399504
random_dense,302.0,72.0,0.3805040862336198,0.0033525140038554
random_dense,341.0,73.0,0.3816476362804434,0.003096385499553
random_dense,281.0,60.0,0.3434226798919765,0.0022127360977232
random_dense,343.0,72.0,0.3778663441060315,0.0029781368910591
random_dense,290.0,66.0,0.3921160430423086,0.0039907585295259
random_dense,280.0,64.0,0.3669326241134751,0.0029012475953864
random_dense,331.0,78.0,0.3686014870047781,0.0028668244017696
random_dense,349.0,75.0,0.3735698754292914,0.0028100759175884
random_dense,282.0,58.0,0.3879614959006086,0.0034478624118614
random_dense,288.0,58.0,0.3713123029944838,0.0027787232164456
random_dense,269.0,61.0,0.363485064198898,0.0029153858795852
random_dense,303.0,56.0,0.3690371696744142,0.0025864843188005
random_dense,358.0,81.0,0.3741060461983438,0.0030582593202184
random_dense,313.0,61.0,0.356745519225976,0.0023431083420563
random_dense,285.0,65.0,0.3808199576956576,0.0031212519275778
random_dense,265.0,57.0,0.3531680717248762,0.0025804715410734
random_dense,289.0,67.0,0.3664384402071216,0.0027598367564821
random_dense,324.0,75.0,0.3521637772524297,0.0025585422456862
random_dense,278.0,59.0,0.3752742486861574,0.0028827994920275
random_dense,274.0,63.0,0.3790443650670394,0.0032955884250595
random_dense,306.0,73.0,0.3600681407314699,0.0027141761486741
random_dense,274.0,55.0,0.3805747528084071,0.0029597448586572
random_dense,284.0,58.0,0.3673209469583458,0.0026373839390994
random_dense,272.0,62.0,0.3576345431789737,0.002700287963926
random_dense,325.0,77.0,0.381557555919258,0.0032126480889695
random_dense,320.0,71.0,0.370489804964539,0.0027746700534194
random_dense,290.0,69.0,0.362677304964539,0.002666087871692
random_dense,329.0,69.0,0.3507350880596693,0.002278822822579
random_dense,287.0,63.0,0.359654162651049,0.0026247785606363
random_dense,327.0,74.0,0.3765534517535298,0.0030203647856303
random_dense,284.0,64.0,0.3726088802317451,0.0028691571560141
random_dense,301.0,65.0,0.3647593129285361,0.0026149205045214
random_dense,302.0,55.0,0.3578918322295805,0.0023836378982797
random_dense,328.0,74.0,0.3600507048953468,0.0025866681116746
random_dense,283.0,59.0,0.3784207954289151,0.0030699803257863
random_dense,308.0,66.0,0.3770033158331031,0.0028810613199557
random_dense,339.0,72.0,0.3526407456222933,0.0023163437262648
random_dense,279.0,62.0,0.3845198149419151,0.0035764383909049
random_dense,300.0,53.0,0.3777689125295508,0.0028500163385337
random_dense,281.0,63.0,0.3633237424598067,0.0027675710341146
random_dense,342.0,76.0,0.3559941520467836,0.0025297950378621
random_dense,314.0,76.0,0.3801441026335999,0.0032828061815055
random_dense,261.0,60.0,0.3751936088693242,0.0033605948036255
random_dense,315.0,68.0,0.3793735224586288,0.002883767567632
random_dense,307.0,69.0,0.3460998683207429,0.0023065033180674
random_dense,332.0,79.0,0.3648904127146885,0.0027464119329998
random_dense,321.0,76.0,0.3855471598064559,0.0034214791690062
random_dense,369.0,81.0,0.3600852409233312,0.0027706715731418
random_dense,327.0,65.0,0.3766862949226798,0.0027924167478872
random_dense,269.0,54.0,0.3504870943077856,0.0023477380845787
random_dense,325.0,73.0,0.3740289143480633,0.0029218181240511
random_dense,296.0,68.0,0.3743470864481503,0.002852002937325
random_dense,305.0,68.0,0.3728723404255319,0.0027932927521142
random_dense,275.0,60.0,0.3627852998065764,0.002673538629224
random_dense,268.0,49.0,0.3874642743728168,0.0033060433753813
random_dense,281.0,60.0,0.3967845334544811,0.0038665059828844
random_dense,337.0,69.0,0.3790248753077845,0.0029349296840955
random_dense,289.0,68.0,0.3797976637463496,0.0030643634171728
random_dense,268.0,53.0,0.3687347835291626,0.0028700948141301
random_dense,271.0,63.0,0.3741036612493784,0.0030443253268872
random_dense,300.0,71.0,0.3859456264775414,0.0037205990923774
random_dense,310.0,69.0,0.375440402653855,0.0028525202321136
random_dense,291.0,62.0,0.3576655455631108,0.0024508296372337
random_dense,265.0,58.0,0.364518934832062,0.0027692305261159
random_dense,304.0,71.0,0.3605852230309817,0.0025518891591337
random_dense,315.0,63.0,0.370871327254306,0.0025933363414052
random_dense,339.0,79.0,0.3748666290089751,0.0032010952447454
random_dense,351.0,75.0,0.3777934371906003,0.0029829407378652
random_dense,254.0,56.0,0.3712095828446976,0.0030182591487862
random_dense,328.0,75.0,0.3903574208614426,0.003626808418431
random_dense,268.0,58.0,0.3757211284005504,0.0029969568637531
random_dense,288.0,69.0,0.3722542356185973,0.002963575870226
random_dense,320.0,73.0,0.3547068927304965,0.002651366811422
random_dense,294.0,65.0,0.3887923963911806,0.0034500487652096
random_dense,288.0,61.0,0.3774194739952718,0.0028308032629577
random_dense,306.0,67.0,0.3688117090807954,0.0027304003942321
random_dense,289.0,52.0,0.3674998159464036,0.0026290098681472
random_dense,284.0,62.0,0.3837965737688542,0.0032733798769186
random_dense,295.0,72.0,0.3832852506310854,0.0034295456631132
random_dense,343.0,78.0,0.382764199904886,0.0033795032514344
random_dense,295.0,67.0,0.3522809231878831,0.0023565035918758
random_dense,358.0,82.0,0.367174808827608,0.0031034387908749
random_dense,288.0,67.0,0.3822030141843971,0.0033542000212316
random_dense,333.0,77.0,0.3899404723872809,0.0035687537256487
random_dense,317.0,60.0,0.3623984831196724,0.0024370971612388
random_dense,337.0,75.0,0.3702227623797798,0.0028725213992937
random_dense,302.0,69.0,0.3887411347517731,0.0037811801986076
random_dense,281.0,66.0,0.378773251558517,0.003295249128163
random_dense,347.0,81.0,0.3707794264925297,0.003258449058586
random_dense,261.0,60.0,0.3814875954457759,0.0034550111627912
random_dense,298.0,66.0,0.3591823742205721,0.0025967968600682
random_dense,332.0,70.0,0.3735046569255746,0.0026846361495038
random_dense,325.0,67.0,0.3568712493180578,0.0023543638420793
random_dense,314.0,68.0,0.3659427655057144,0.0025222028540198
random_dense,272.0,57.0,0.3602028577388402,0.0025773651194438
random_dense,309.0,71.0,0.3693595216782575,0.0028149311933064
random_dense,295.0,69.0,0.3807729294386344,0.0032150482024177
random_dense,314.0,64.0,0.3842294574693951,0.0031551967973361
random_dense,296.0,65.0,0.3760242955721679,0.0027609629385213
random_dense,343.0,78.0,0.3523483861629758,0.0026311093263564
random_dense,292.0,61.0,0.386834499174196,0.0034049625893672
random_dense,315.0,75.0,0.3793510075424969,0.0031622376416954
random_dense,301.0,69.0,0.3863451615183431,0.0033745518283622
random_dense,283.0,55.0,0.3583972383028845,0.0024044160969602
random_dense,313.0,71.0,0.3613537488953844,0.0025409404035111
random_dense,290.0,66.0,0.3758926387869895,0.0029257207240991
random_dense,264.0,49.0,0.3539920481409843,0.0024142283524528
random_dense,300.0,70.0,0.3809751773049645,0.0029782846478212
random_dense,326.0,76.0,0.3633419266414306,0.0027278691425501
random_dense,306.0,73.0,0.3742206693552125,0.0029950353452711
random_dense,260.0,55.0,0.3805578286961266,0.0032510359252195
random_dense,302.0,61.0,0.3674439904184867,0.0024636032498713
random_dense,311.0,71.0,0.3653280426900185,0.0027190013851302
random_dense,292.0,66.0,0.383834887787817,0.0031291300506143
random_dense,335.0,71.0,0.3740764263787446,0.0028639878204252
random_dense,315.0,72.0,0.3722756951480355,0.0028681562246107
random_dense,309.0,69.0,0.376233675319608,0.0029689260200395
random_dense,335.0,74.0,0.3672276913305811,0.0027743743126357
random_dense,332.0,70.0,0.362917093907545,0.0026578199025378
random_dense,308.0,67.0,0.3946560974486506,0.0035716930527152
random_dense,250.0,48.0,0.3706950354609929,0.0028996304008852
random_dense,263.0,60.0,0.3692797238626864,0.0030079426548553
random_dense,304.0,65.0,0.3866793812989921,0.0032713157311578
random_dense,323.0,76.0,0.3701721450058187,0.0029309145511895
random_dense,291.0,71.0,0.3812391850064585,0.0033013030336177
random_dense,297.0,69.0,0.3670958998973183,0.0028142396581013
random_dense,279.0,52.0,0.3821748137980121,0.0030653487894388
random_dense,356.0,79.0,0.3791039126623635,0.003275182937995
random_dense,292.0,71.0,0.3784428737977266,0.0030616212117357
random_dense,356.0,78.0,0.3759413100645469,0.0029967172629026
random_dense,272.0,62.0,0.3721774614100959,0.00292433299492
random_dense,278.0,50.0,0.3614629572937394,0.002517240002563
random_dense,295.0,67.0,0.3786602957086188,0.0029080733520869
random_dense,278.0,53.0,0.3926061278636665,0.0035597434258545
random_dense,361.0,79.0,0.3565401465590067,0.0027112117188971
random_dense,312.0,71.0,0.3516037006728496,0.0023781523783949
random_dense,340.0,75.0,0.3791562369628702,0.0030777402958937
random_dense,278.0,56.0,0.3841394969131078,0.0033034488999204
random_dense,293.0,66.0,0.3539805872243604,0.0025448899665633
random_dense,285.0,61.0,0.3813456513624487,0.0030929321765984
random_dense,332.0,77.0,0.3744152140476801,0.0029617113141667
random_dense,327.0,68.0,0.3734167263105385,0.0028037927565483
random_dense,304.0,62.0,0.3687505832400149,0.0026942204594739
random_dense,331.0,73.0,0.3446465685329219,0.0022800952585674
random_dense,278.0,58.0,0.3478621358232562,0.0023472223715893
random_dense,392.0,86.0,0.3489108409321175,0.0025013466605896
random_dense,240.0,58.0,0.385653073286052,0.0037515139996171
random_dense,369.0,89.0,0.3792260085721424,0.003427700299815
random_dense,228.0,50.0,0.3802647132014433,0.003617225919796
random_dense,345.0,69.0,0.3391458526056121,0.0022209706829358
random_dense,250.0,62.0,0.399645390070922,0.0042206969468336
random_dense,308.0,76.0,0.4055505664548218,0.0045077482384986
random_dense,334.0,83.0,0.3998518919607593,0.0041388041829518
random_dense,237.0,49.0,0.3892442469401801,0.0035437002350914
random_dense,297.0,72.0,0.4051478138357571,0.0046870164845926
random_dense,326.0,79.0,0.3813769960405517,0.0036275560189733
random_dense,354.0,76.0,0.3444624754577873,0.0023568779876898
random_dense,274.0,64.0,0.3818980690583424,0.0030792185997896
random_dense,236.0,57.0,0.3884105661738189,0.0037576919874307
random_dense,360.0,87.0,0.3884382387706855,0.0036071526079303
random_dense,345.0,84.0,0.3966260663994244,0.0039061960185367
random_dense,244.0,56.0,0.3866774212300895,0.0035681131994132
random_dense,282.0,69.0,0.3983262914340325,0.0038180034096465
random_dense,257.0,56.0,0.3544616000220769,0.0029145359843871
random_dense,363.0,85.0,0.3796450970048649,0.0032476158124619
random_dense,332.0,76.0,0.3904287362214816,0.0033346916007827
random_dense,382.0,88.0,0.3763924473654896,0.003241208912741
random_dense,273.0,54.0,0.3282772192346661,0.0022222279685349
random_dense,338.0,80.0,0.3735075957866465,0.0031932631084749
random_dense,346.0,74.0,0.3859380764973558,0.0032184818165087
random_dense,320.0,66.0,0.3281360815602837,0.0020501924193089
random_dense,292.0,58.0,0.3368915767997668,0.0022177221226005
random_dense,341.0,76.0,0.3565987604251159,0.0025414307268732
random_dense,291.0,69.0,0.3925842655553118,0.0035089650197379
random_dense,291.0,68.0,0.38491018985645,0.0030580338944495
random_dense,397.0,87.0,0.3565705557639744,0.0028061416051741
random_dense,252.0,51.0,0.3425116796127435,0.0025955327523397
random_dense,383.0,83.0,0.3574454196989056,0.0026979576292254
random_dense,335.0,82.0,0.3836191383507992,0.0034467850193391
random_dense,273.0,69.0,0.4051061231912296,0.0045525383927267
random_dense,292.0,57.0,0.3695654813951229,0.0026843149592746
random_dense,330.0,81.0,0.3946029443369869,0.003887756628235
random_dense,306.0,61.0,0.345014601585315,0.0023632684832306
random_dense,296.0,73.0,0.3872915468660149,0.0032602414332407
random_dense,271.0,51.0,0.3834726911098898,0.0030351470659576
random_dense,282.0,66.0,0.3837677933705548,0.0033274127785684
random_dense,311.0,77.0,0.3780786071013204,0.00330784667223
random_dense,277.0,56.0,0.3318611260465473,0.0022730564469929
random_dense,383.0,84.0,0.3493555913560358,0.0025086382428434
random_dense,243.0,56.0,0.3840622537431048,0.0034016149151644
random_dense,306.0,72.0,0.3988550502943494,0.0040550985635237
random_dense,329.0,69.0,0.3281866390739184,0.0020584090797883
random_dense,343.0,81.0,0.392952773814693,0.0037837621990885
random_dense,306.0,63.0,0.3870723821443471,0.0031442156251408
random_dense,328.0,76.0,0.3988307602490918,0.0039503274935444
random_dense,273.0,64.0,0.3889603304496921,0.0035966877220067
random_dense,247.0,50.0,0.3583283084962816,0.0029043201169135
random_dense,299.0,61.0,0.3319249745012927,0.0022093555706661
random_dense,282.0,67.0,0.3679109451234847,0.0029655283055799
random_dense,257.0,57.0,0.3865731158760383,0.0032803173991153
random_dense,372.0,89.0,0.3819396781819568,0.0035230911609066
random_dense,255.0,59.0,0.3665310805173133,0.0029419215685694
random_dense,305.0,64.0,0.3568044413440298,0.0025798238753991
random_dense,356.0,83.0,0.3762974141365846,0.0032541073879129
random_dense,350.0,82.0,0.3665602836879433,0.0030051896282883
random_dense,268.0,66.0,0.3873054938075579,0.0037509676294715
random_dense,306.0,73.0,0.3619367959949937,0.0027823904034802
random_dense,263.0,60.0,0.3759606827926543,0.0030666373446781
random_dense,295.0,60.0,0.340458588772689,0.002409893583498
random_dense,358.0,79.0,0.3453113237449978,0.0023811839319983
random_dense,300.0,66.0,0.3559485815602837,0.0026215194207618
random_dense,341.0,78.0,0.3755147563486616,0.003080457578283
random_dense,288.0,59.0,0.3332225177304964,0.0022826950818888
random_dense,328.0,69.0,0.3631102966614772,0.0026239572387287
random_dense,361.0,79.0,0.3478541678945404,0.0024687785037322
random_dense,299.0,58.0,0.3384864441756208,0.0022363920898635
random_dense,257.0,60.0,0.3802743052680961,0.0034050326128225
random_dense,252.0,59.0,0.4012369132049982,0.0040506456835119
random_dense,343.0,76.0,0.3646796104460021,0.0026903851770767
random_dense,373.0,79.0,0.3627193733006293,0.0027420485912121
random_dense,327.0,72.0,0.3400486910881211,0.0022790168948947
random_dense,247.0,58.0,0.3840159933385017,0.0032542035669487
random_dense,368.0,88.0,0.3815212573234659,0.0035115524216229
random_dense,309.0,63.0,0.3267346048796162,0.0020397125877996
random_dense,354.0,72.0,0.3486997635933806,0.0023995078081561
random_dense,322.0,68.0,0.3344538786837584,0.0021644246643629
random_dense,282.0,63.0,0.3726202152809215,0.0029460972957189
random_dense,329.0,62.0,0.353203345620729,0.0024770793420991
random_dense,273.0,55.0,0.3431955160678565,0.0025013854670763
random_dense,279.0,54.0,0.3605200945626478,0.002611226569546
random_dense,315.0,75.0,0.3750084430935494,0.003048355401715
random_dense,392.0,88.0,0.3639908090895933,0.0030240731400405
random_dense,294.0,62.0,0.3306616973030347,0.0022498514208385
random_dense,268.0,53.0,0.3377262623054938,0.00242083426573
random_dense,295.0,63.0,0.4027467243659093,0.0039792449865553
random_dense,366.0,87.0,0.3807817889392706,0.0033884166947503
random_dense,305.0,74.0,0.3922770608068829,0.0035332571500643
random_dense,299.0,58.0,0.35877274128893,0.0025758503810865
random_dense,336.0,71.0,0.3606414640324215,0.0026763573519937
random_dense,318.0,78.0,0.4016208350060216,0.0042153118416704
random_dense,340.0,67.0,0.3609772632457238,0.0025892287647401
random_dense,328.0,72.0,0.3781812186472928,0.0030425250381122
random_dense,364.0,84.0,0.3704261164367547,0.0031317239403563
random_dense,383.0,82.0,0.350024535673944,0.0024827881648369
random_dense,294.0,55.0,0.3472584069088628,0.0024254615866227
random_dense,297.0,58.0,0.3420970938701435,0.0023043079637222
random_dense,297.0,62.0,0.3446730902404661,0.0024022403418896
random_dense,238.0,51.0,0.36730064366172,0.0031988441879694
random_dense,300.0,69.0,0.3698640661938534,0.0029274834920555
random_dense,260.0,50.0,0.3720574195308238,0.0029369904291295
random_dense,306.0,63.0,0.3303203077921476,0.0021808186343413
random_dense,294.0,64.0,0.3646089641530371,0.0026223343147361
random_dense,305.0,65.0,0.3524735495872573,0.0025058273612568
random_dense,326.0,71.0,0.3633310490362442,0.0027728108489324
random_dense,324.0,66.0,0.3680500831801068,0.0026545623164887
random_dense,230.0,50.0,0.37940949737897,0.0035440425707819
random_dense,315.0,66.0,0.3545254981425194,0.0025145698729055
random_dense,252.0,50.0,0.3699552516041878,0.0030017234263919
random_dense,275.0,54.0,0.3272662798194713,0.0021993083225356
random_dense,356.0,77.0,0.3587885488883576,0.0026281036578305
random_dense,287.0,65.0,0.3634875330516223,0.0027071551379923
random_dense,262.0,63.0,0.3959280764441557,0.0041211016356532
random_dense,327.0,72.0,0.3456714815537771,0.002457450652081
random_dense,301.0,70.0,0.3887750053014773,0.0031878091438576
random_dense,266.0,53.0,0.3392423878846051,0.0024553822037259
random_dense,314.0,62.0,0.34948558973664,0.002458829143599
random_dense,237.0,53.0,0.3705636352754586,0.0032292978284394
random_dense,363.0,81.0,0.3636314792020788,0.0028457548160784
random_dense,287.0,66.0,0.3808164677391455,0.003217814029997
random_dense,330.0,72.0,0.3439447668171072,0.0024118684951864
random_dense,239.0,49.0,0.3618245348526662,0.0030058028136893
random_dense,358.0,77.0,0.3497687111216768,0.0024013433416449
random_dense,288.0,54.0,0.3419831067769897,0.0023467075554385
random_dense,246.0,50.0,0.3539864786945741,0.0027798998747875
random_dense,246.0,54.0,0.3655833765784466,0.0029904466578247
random_dense,318.0,68.0,0.3544510236852669,0.0025023492293758
random_dense,281.0,57.0,0.3341567603038792,0.0022628470113446
random_dense,341.0,76.0,0.3595781077764605,0.0028280934460146
random_dense,312.0,63.0,0.345682169485361,0.0023092373413208
random_dense,265.0,62.0,0.3836377626120701,0.0033001782352057
random_dense,247.0,53.0,0.3665546845838,0.0031520794642661
random_dense,261.0,60.0,0.393416619113611,0.0038175544095233
random_dense,309.0,63.0,0.3354305813766669,0.0021447889312093
random_dense,304.0,70.0,0.3770909154535274,0.0030759699218176
random_dense,362.0,85.0,0.3789452803573527,0.003393540924202
random_dense,340.0,83.0,0.3746636420525657,0.0033211340105004
random_dense,356.0,74.0,0.3435980954657742,0.0023155566292572
random_dense,362.0,76.0,0.3698645233337251,0.0029107054547184
random_dense,328.0,76.0,0.3679348296142535,0.0028682056013152
random_dense,302.0,69.0,0.3526666196984641,0.002621354171868
random_dense,316.0,66.0,0.3345396804021905,0.0021081783438389
random_dense,379.0,81.0,0.3548882838376466,0.0026067869361001
random_dense,325.0,65.0,0.3307310420076377,0.00207672857645
random_dense,286.0,57.0,0.3247129643406239,0.0021307692639603
random_dense,313.0,63.0,0.375645775270206,0.0028696051730289
random_dense,396.0,87.0,0.3568419120280822,0.002817012789835
random_dense,327.0,75.0,0.3597501463985946,0.0026568005847513
random_dense,269.0,60.0,0.3695325476548287,0.0029235760933883
random_dense,327.0,69.0,0.3419735614982541,0.002257086899597
random_dense,310.0,60.0,0.338918439716312,0.0022071449261372
random_dense,353.0,74.0,0.3462318927932815,0.0023793395612205
random_dense,373.0,86.0,0.3689868423554466,0.0030352610551288
random_dense,276.0,54.0,0.339975845410628,0.0024116960325298
random_dense,275.0,58.0,0.359287556415216,0.0026696407155633
random_dense,379.0,87.0,0.3766911805984393,0.0032439905512933
random_dense,272.0,54.0,0.360786269294952,0.0027940532564295
random_dense,261.0,53.0,0.3584311567620445,0.0027341721161486
random_dense,247.0,56.0,0.3808359893186321,0.0031901759480241
random_dense,345.0,66.0,0.3523537876451845,0.0024091700744402
random_dense,323.0,69.0,0.3670075533012757,0.0026963076184958
random_dense,308.0,60.0,0.3289899373675969,0.0020692087627356
random_dense,386.0,86.0,0.3604090875684415,0.0029264512971266
random_dense,339.0,72.0,0.3530800853574342,0.0024643315054894
random_dense,279.0,55.0,0.3434123897404611,0.0024286659178722
random_dense,283.0,56.0,0.3487519735358244,0.0025271122192013
random_dense,333.0,79.0,0.3910213404894256,0.0034297699781696
random_dense,304.0,60.0,0.3526064996267264,0.0025413077287956
random_dense,369.0,84.0,0.3630763612600665,0.0027837515215517
random_dense,257.0,58.0,0.3724335623809918,0.0031483671159535
random_dense,392.0,85.0,0.3583799211173831,0.0028677387845144
random_dense,335.0,67.0,0.3448211072298084,0.0023175780654865
random_dense,316.0,65.0,0.3373451387018583,0.0022588243269191
random_dense,282.0,62.0,0.3521609828479453,0.0027733389151942
random_dense,318.0,67.0,0.3391236228199295,0.0023163279039531
random_dense,304.0,62.0,0.3328142497200447,0.0020995225094658
random_dense,327.0,70.0,0.3370664974949574,0.0022013018860601
random_dense,316.0,68.0,0.3620752536134303,0.0027716152315493
random_dense,288.0,56.0,0.3291869828605201,0.0021701226575558
random_dense,315.0,65.0,0.3486040751998199,0.0023624883691626
random_dense,321.0,73.0,0.3666291067364839,0.0028472980288949
random_dense,275.0,59.0,0.3628401031592521,0.0028438768420033
random_dense,335.0,74.0,0.3582301259659151,0.0025637764121786
random_dense,288.0,69.0,0.3994871700157604,0.0043035307125859
random_dense,305.0,61.0,0.3343419369840716,0.0021524970831891
random_dense,307.0,74.0,0.3744253471019012,0.0031786651171505
random_dense,329.0,72.0,0.3493635344586001,0.0025367694763057
random_dense,384.0,88.0,0.3666772864952718,0.0031057329305081
random_dense,357.0,79.0,0.3522930448775255,0.0025801629860854
random_dense,301.0,70.0,0.3654779576353055,0.0028132851318425
random_dense,263.0,53.0,0.3515964188442143,0.002661163432391
random_dense,348.0,79.0,0.3700476889214967,0.002978271460832
random_dense,296.0,69.0,0.3882978723404255,0.003345670010393
random_dense,256.0,57.0,0.3908951130319149,0.0036195065976268
random_dense,265.0,53.0,0.3483206209019135,0.0025916076769272
random_dense,293.0,63.0,0.3727973035122116,0.0029322217806761
random_dense,258.0,50.0,0.3524073615921711,0.0025605120427596
random_dense,305.0,54.0,0.370561562608999,0.002861804949879
random_dense,327.0,68.0,0.3488109180818531,0.0024176476753358
random_dense,332.0,69.0,0.3296483807570708,0.0020931454669801
random_dense,262.0,63.0,0.4034838395322397,0.0046988622789837
random_dense,241.0,48.0,0.3553640269562402,0.0028279627520381
random_dense,352.0,84.0,0.3895848444551902,0.0036162232607811
random_dense,326.0,66.0,0.3297600400295871,0.0020542323731903
random_dense,348.0,81.0,0.3632255237629412,0.0028665449924058
random_dense,359.0,79.0,0.3533628676979,0.002545520030202
random_dense,317.0,64.0,0.3349945186477839,0.0022374795476566
random_dense,288.0,58.0,0.3465203900709219,0.0024996134589057
random_dense,363.0,82.0,0.3516670574214094,0.0025488192490825
random_dense,272.0,64.0,0.3886042448894451,0.0032096589009727
random_dense,277.0,55.0,0.3385884732570346,0.0023313813552508
random_dense,301.0,61.0,0.3395831860700737,0.0023201261141055
random_dense,279.0,62.0,0.3697539337553064,0.0028576463828176
random_dense,314.0,65.0,0.3306652888828658,0.0021215775322125
random_dense,326.0,69.0,0.335772636296393,0.0021700852445185
random_dense,384.0,84.0,0.3540697030141844,0.0027538352838262
greedy_ting,11.0,1.0,0.5101547388781431,0.0318996947124648
greedy_ting,438.0,85.0,0.3422066776773859,0.0029825941762213
greedy_ting,134.0,20.0,0.2805983380967503,0.0020903481147641
greedy_ting,285.0,57.0,0.3168035336568371,0.0021346206218164
greedy_ting,344.0,72.0,0.3304031626257628,0.0022433087128075
greedy_ting,33.0,8.0,0.4681388351601118,0.0090891325655787
greedy_ting,25.0,6.0,0.4807801418439716,0.0110008098184195
greedy_ting,67.0,14.0,0.4923123742987191,0.0089495251185968
greedy_ting,92.0,21.0,0.4833969318532223,0.0071185039903719
greedy_ting,13.0,1.0,0.3194217130387343,0.0134802816402565
greedy_ting,395.0,81.0,0.3389285393661908,0.0026536133817315
greedy_ting,94.0,21.0,0.4594650671495398,0.0050786957037879
greedy_ting,399.0,80.0,0.3614621660534314,0.0031565860190726
greedy_ting,356.0,74.0,0.3595580325125508,0.002930667625753
greedy_ting,25.0,4.0,0.4811702127659574,0.009001467481515
greedy_ting,317.0,66.0,0.3256678300557084,0.0021972148439866
greedy_ting,343.0,75.0,0.3786960072782913,0.0033482667157584
greedy_ting,224.0,53.0,0.4315871960486322,0.0045867137159618
greedy_ting,46.0,9.0,0.4972055195806352,0.0109275332218904
greedy_ting,11.0,1.0,0.3815280464216634,0.0179965162551894
greedy_ting,256.0,50.0,0.3148479055851064,0.0020178460563957
greedy_ting,281.0,60.0,0.4017377148481866,0.0037171812075545
greedy_ting,58.0,11.0,0.4658229395940327,0.0057733862797557
greedy_ting,55.0,12.0,0.4805448098001289,0.0067893051985761
greedy_ting,47.0,10.0,0.4959068960313867,0.0092185154993852
greedy_ting,146.0,33.0,0.4566635091809967,0.0049894383058249
greedy_ting,12.0,1.0,0.5076832151300236,0.01932138585696
greedy_ting,11.0,1.0,0.5087040618955513,0.0228566582737535
greedy_ting,386.0,77.0,0.33640401646272,0.0025740033414982
greedy_ting,9.0,1.0,0.5073877068557919,0.0256218073928765
greedy_ting,27.0,5.0,0.5054833201996323,0.010890362428397
greedy_ting,45.0,10.0,0.4695626477541371,0.0063154903620989
greedy_ting,40.0,9.0,0.4855274822695035,0.011928733287278
greedy_ting,16.0,2.0,0.5073692375886525,0.0148192260306244
greedy_ting,71.0,16.0,0.4903855758665468,0.0074541911349318
greedy_ting,330.0,71.0,0.361197077154524,0.0029766157073522
greedy_ting,58.0,13.0,0.4935039129371484,0.0076384684977728
greedy_ting,15.0,1.0,0.3889479905437352,0.0120882549782316
greedy_ting,24.0,3.0,0.444850768321513,0.0088512311775026
greedy_ting,164.0,41.0,0.4561927002248746,0.0050493167466592
greedy_ting,132.0,34.0,0.4696701053084032,0.0061199919190903
greedy_ting,125.0,33.0,0.4588368794326241,0.0061604627533826
greedy_ting,23.0,4.0,0.4726333641689793,0.0100971705561131
greedy_ting,13.0,1.0,0.3835242771412984,0.0143720521719616
greedy_ting,115.0,29.0,0.4724020968239285,0.0067457629987271
greedy_ting,68.0,16.0,0.4835732165206508,0.0066689813690768
greedy_ting,111.0,27.0,0.4721583285413072,0.0058481984425299
greedy_ting,204.0,52.0,0.4294691280767626,0.0043431946338644
greedy_ting,330.0,71.0,0.3864119922630561,0.0034233674003572
greedy_ting,9.0,1.0,0.4522261623325453,0.0236129410579364
greedy_ting,123.0,30.0,0.4574828461050568,0.0049663046164901
greedy_ting,232.0,56.0,0.4251383284421619,0.0043724120778731
greedy_ting,12.0,1.0,0.4211731678486998,0.0167805681216433
greedy_ting,272.0,63.0,0.3987210575719649,0.0038950032575283
greedy_ting,173.0,44.0,0.4517587012667568,0.0052999296791552
greedy_ting,13.0,1.0,0.4058919803600654,0.0147388797665636
greedy_ting,43.0,10.0,0.4868670625103084,0.0088241467062989
greedy_ting,14.0,1.0,0.5070921985815603,0.0170831498436101
greedy_ting,131.0,34.0,0.4462197498781874,0.0049482195397766
greedy_ting,220.0,40.0,0.2984727595099936,0.0020678678471357
greedy_ting,195.0,47.0,0.4446626659392617,0.0049000196798829
greedy_ting,63.0,12.0,0.447272880783519,0.0050245751003428
greedy_ting,21.0,2.0,0.4228723404255319,0.0098439295868239
greedy_ting,46.0,6.0,0.3303461301264261,0.0042439657829634
greedy_ting,48.0,7.0,0.4328272754137116,0.0053777328484473
greedy_ting,45.0,9.0,0.4899921197793538,0.00743070653102
greedy_ting,147.0,37.0,0.4655823322236696,0.0060353768241295
greedy_ting,74.0,10.0,0.2688446425148553,0.0024469195564503
greedy_ting,183.0,32.0,0.3040586365926442,0.0021280148406428
greedy_ting,106.0,26.0,0.4776194299478121,0.0070085339471528
greedy_ting,84.0,18.0,0.4469668186423505,0.0049012276344633
greedy_ting,10.0,1.0,0.4605496453900709,0.0218213290956187
greedy_ting,249.0,58.0,0.4082429006807371,0.0037677808709794
greedy_ting,10.0,1.0,0.4898936170212765,0.0230538893918817
greedy_ting,144.0,33.0,0.4404920212765957,0.0042210230188196
greedy_ting,14.0,1.0,0.4438956433637284,0.0149084598000962
greedy_ting,23.0,1.0,0.2393617021276595,0.0060330076906554
greedy_ting,22.0,1.0,0.275709219858156,0.0073324127213947
greedy_ting,32.0,6.0,0.5013574911347518,0.0088209838468084
greedy_ting,84.0,20.0,0.4758844140493076,0.0077468215814296
greedy_ting,154.0,34.0,0.4324629271437782,0.0041462447260304
greedy_ting,226.0,52.0,0.4149367664595493,0.0042204221610624
greedy_ting,34.0,3.0,0.4593502294534835,0.0077166911016308
greedy_ting,16.0,1.0,0.4228723404255319,0.0125298259016145
greedy_ting,309.0,62.0,0.3406521838922169,0.002539808058962
greedy_ting,212.0,51.0,0.437554362371203,0.0047151042924596
greedy_ting,169.0,41.0,0.4210468336900416,0.0039080602294252
greedy_ting,276.0,58.0,0.3600961044300544,0.0028193793094643
greedy_ting,306.0,66.0,0.3674645390070922,0.0032225330813898
greedy_ting,165.0,42.0,0.4480281538792177,0.0050257766204324
greedy_ting,14.0,1.0,0.3650582573454914,0.0121903859533098
greedy_ting,247.0,53.0,0.3832407327648089,0.0034268132710143
greedy_ting,21.0,3.0,0.4476106045254981,0.0103662693679319
greedy_ting,128.0,29.0,0.4677457335992908,0.0056990149107373
greedy_ting,229.0,50.0,0.3696847223512651,0.0031937261095501
greedy_ting,113.0,26.0,0.4575487980920102,0.0049779462111372
greedy_ting,113.0,28.0,0.4523787108516914,0.0060060742162203
greedy_ting,253.0,52.0,0.3511759594090768,0.0025693662572501
greedy_ting,14.0,1.0,0.4938576494427558,0.0170097820231911
greedy_ting,161.0,32.0,0.3566087397030967,0.0028033781136937
greedy_ting,131.0,28.0,0.432840669157057,0.0043133384503714
greedy_ting,13.0,1.0,0.4734042553191489,0.0174218367035339
greedy_ting,94.0,24.0,0.436443715104874,0.0052698116057119
greedy_ting,192.0,49.0,0.4359439642434988,0.0045560968941621
greedy_ting,205.0,39.0,0.3376881162428645,0.0025442335009008
greedy_ting,138.0,34.0,0.463215643951074,0.0059975630930839
greedy_ting,140.0,34.0,0.4210296352583587,0.0039432932308844
greedy_ting,15.0,1.0,0.4767139479905437,0.0158170978432785
greedy_ting,100.0,25.0,0.4682712765957446,0.0070421356288667
greedy_ting,53.0,10.0,0.3625551987153753,0.0050283699291489
greedy_ting,184.0,45.0,0.4209258402713537,0.0041795502860403
greedy_ting,129.0,32.0,0.4549659134641817,0.0051799462869665
greedy_ting,282.0,62.0,0.3720417735526382,0.0031188786835915
greedy_ting,80.0,17.0,0.4779698581560283,0.0068340434177103
greedy_ting,320.0,68.0,0.3793855274822695,0.0033502454149921
greedy_ting,248.0,55.0,0.4126880290551361,0.0039856063562057
greedy_ting,36.0,6.0,0.4506254925137903,0.0070150025512524
greedy_ting,182.0,46.0,0.4481918790429429,0.0050370669892331
greedy_ting,107.0,24.0,0.442400742360973,0.0048751498176311
greedy_ting,274.0,56.0,0.3293925040120101,0.0025874429020153
greedy_ting,41.0,9.0,0.486831862999481,0.0101727298357708
greedy_ting,45.0,5.0,0.3918636721828211,0.0050835243619287
greedy_ting,64.0,13.0,0.4670877659574468,0.0068366374655764
greedy_ting,91.0,20.0,0.4636524822695035,0.0057609933395151
greedy_ting,114.0,29.0,0.4476561527933309,0.005071922453739
greedy_ting,19.0,1.0,0.3081373646883165,0.0089982417545057
greedy_ting,159.0,36.0,0.383201748516883,0.0034485547776725
greedy_ting,26.0,5.0,0.4928737043098745,0.0118110754086668
greedy_ting,93.0,23.0,0.4547586364676275,0.005868289763217
greedy_ting,226.0,46.0,0.3480119876984874,0.0027568842521807
greedy_ting,224.0,42.0,0.313873321935157,0.0022050795107714
greedy_ting,209.0,44.0,0.3926074858325698,0.003460302217645
greedy_ting,233.0,54.0,0.4040422488052841,0.0040176579428753
greedy_ting,97.0,22.0,0.4158623967244279,0.0045341598725617
greedy_ting,173.0,42.0,0.4372975853728529,0.0047683706358489
greedy_ting,156.0,36.0,0.4081139752682306,0.0036414327340356
greedy_ting,96.0,18.0,0.4216164302600473,0.0043377098728755
greedy_ting,166.0,37.0,0.4239885072203708,0.0045508333726604
greedy_ting,80.0,15.0,0.4220079787234042,0.0045849086242832
greedy_ting,154.0,27.0,0.3166908446163765,0.0025598995257551
greedy_ting,30.0,2.0,0.2972222222222222,0.0055044982926188
greedy_ting,27.0,4.0,0.3763462043603887,0.007499142359315
greedy_ting,157.0,39.0,0.4482879342277635,0.0050346611661876
greedy_ting,118.0,31.0,0.4447649957927636,0.0056546611054533
greedy_ting,77.0,18.0,0.4567444966381137,0.0050689450889819
greedy_ting,64.0,13.0,0.45703125,0.0053774786333665
greedy_ting,87.0,20.0,0.4392475747941632,0.0054538531046621
greedy_ting,54.0,11.0,0.4260900971893879,0.0064172453240126
greedy_ting,111.0,22.0,0.4655613059868378,0.0056674370609174
greedy_ting,211.0,46.0,0.4141835568552318,0.0040815669820583
greedy_ting,50.0,8.0,0.3870921985815602,0.0061681404355917
greedy_ting,71.0,14.0,0.4413520127859355,0.006266638157172
greedy_ting,187.0,43.0,0.3853585921796184,0.0034929533338537
greedy_ting,153.0,27.0,0.3538856440921522,0.0028616716005901
greedy_ting,129.0,23.0,0.3678871845620979,0.0030478829656611
greedy_ting,89.0,18.0,0.4033488724201132,0.0044624259094484
greedy_ting,105.0,21.0,0.3611026680175617,0.0033504606803907
greedy_ting,77.0,17.0,0.468568665377176,0.0058877597595387
greedy_ting,32.0,4.0,0.3538896276595745,0.006615383872911
greedy_ting,29.0,3.0,0.4055392516507703,0.0075806540892149
greedy_ting,137.0,27.0,0.3390536832841538,0.0035347264114281
greedy_ting,48.0,11.0,0.4475103427895981,0.0068611676432237
greedy_ting,67.0,16.0,0.4790674288133799,0.007693604273339
greedy_ting,135.0,27.0,0.3840031520882584,0.0039106945585492
greedy_ting,18.0,1.0,0.3433313632781718,0.0097038000136304
greedy_ting,171.0,34.0,0.3380666500767284,0.0026664572426501
greedy_ting,72.0,15.0,0.3969907407407407,0.0042999475107988
greedy_ting,219.0,49.0,0.4093882573917549,0.0039651480089816
greedy_ting,279.0,64.0,0.3848884059076234,0.0034444963135381
greedy_ting,89.0,23.0,0.4745796477806996,0.0063374410782915
greedy_ting,104.0,23.0,0.4073240589198036,0.004780187213774
greedy_ting,25.0,4.0,0.4987234042553192,0.0105203561189075
greedy_ting,18.0,2.0,0.4111505122143419,0.0108322373057966
greedy_ting,268.0,57.0,0.3893034825870646,0.0035585245941352
greedy_ting,145.0,38.0,0.4292369772560528,0.0046410205825733
greedy_ting,193.0,40.0,0.3664930364164186,0.0030454594517302
greedy_ting,225.0,42.0,0.3572655634357762,0.0029911394401627
greedy_ting,102.0,23.0,0.4790884438881935,0.0065397014847918
greedy_ting,12.0,1.0,0.4514627659574468,0.018865324854761
greedy_ting,18.0,2.0,0.4868991331757289,0.0141988252168302
greedy_ting,20.0,2.0,0.5008421985815603,0.012585726871762
greedy_ting,114.0,25.0,0.424909792211024,0.0044062862706541
greedy_ting,98.0,25.0,0.4307606021131857,0.0052910948711052
greedy_ting,86.0,16.0,0.3634648688767937,0.0041279175478562
greedy_ting,79.0,19.0,0.4529917407307658,0.0064210917269482
greedy_ting,15.0,1.0,0.4598108747044917,0.0149411777856021
greedy_ting,145.0,37.0,0.4485876742479823,0.0051484931881556
greedy_ting,101.0,20.0,0.4338178498700934,0.0045348812790283
greedy_ting,172.0,37.0,0.3725878278080158,0.0032786743848995
greedy_ting,124.0,28.0,0.4183396247998169,0.004502626140298
greedy_ting,109.0,20.0,0.3758458585464246,0.003871115090749
greedy_ting,260.0,55.0,0.3688181942171304,0.0030192467737587
greedy_ting,18.0,2.0,0.4547379826635145,0.0120071461267069
greedy_ting,122.0,24.0,0.3986019067550285,0.0039881170196612
greedy_ting,231.0,49.0,0.3833855270025482,0.003188632732348
greedy_ting,189.0,44.0,0.43525085369057,0.0047534052381412
greedy_ting,102.0,18.0,0.3307780559032123,0.0029812739389331
greedy_ting,283.0,57.0,0.3760838784051324,0.003106082867056
greedy_ting,39.0,8.0,0.4336015639207128,0.0069033277380757
greedy_ting,55.0,10.0,0.4148936170212766,0.0051330831671586
greedy_ting,178.0,41.0,0.3964509124233006,0.00383929669276
greedy_ting,73.0,16.0,0.4240746138152142,0.0058588090600887
greedy_ting,86.0,12.0,0.3107063334982681,0.0028068932428574
greedy_ting,222.0,46.0,0.3936689348923391,0.0035425276829803
greedy_ting,126.0,22.0,0.3243203309692671,0.0027862346829565
greedy_ting,140.0,34.0,0.3983979229989868,0.0039192653799674
greedy_ting,70.0,15.0,0.4320921985815603,0.0053537932073387
greedy_ting,86.0,15.0,0.3737320633349827,0.003701994820609
greedy_ting,76.0,18.0,0.4641540686823441,0.0065751493144511
greedy_ting,244.0,48.0,0.3394009417509592,0.0025092527641556
greedy_ting,40.0,7.0,0.4759973404255319,0.0072845771205861
greedy_ting,42.0,7.0,0.4236533265788585,0.0060483062822147
greedy_ting,139.0,33.0,0.4252895555895709,0.0043397557048726
greedy_ting,76.0,16.0,0.4111608809257185,0.0051267559290799
greedy_ting,121.0,25.0,0.4345803294062481,0.0045968984839447
greedy_ting,147.0,37.0,0.4587193033241665,0.0058787702964225
greedy_ting,170.0,37.0,0.3936535252398832,0.0037242011410365
greedy_ting,67.0,9.0,0.321252778659892,0.0042348107279188
greedy_ting,135.0,35.0,0.4516023115313895,0.0054869061795598
greedy_ting,189.0,43.0,0.4104891365529663,0.0037058860137402
greedy_ting,13.0,1.0,0.5100927441352974,0.029410495406247
greedy_ting,26.0,6.0,0.4883046917621386,0.0117460621001913
greedy_ting,9.0,1.0,0.4803979511426319,0.0262771728668292
greedy_ting,19.0,2.0,0.5078387458006719,0.0171828125267781
greedy_ting,397.0,82.0,0.3485025099594476,0.0026868518074893
greedy_ting,284.0,60.0,0.3303865747677554,0.0021729983368309
greedy_ting,33.0,8.0,0.4957554266064904,0.0100308930653458
greedy_ting,184.0,37.0,0.3161713691026827,0.0023614104427903
greedy_ting,14.0,1.0,0.5093718338399189,0.0252595417222268
greedy_ting,26.0,5.0,0.5007842334969994,0.0106914513675153
greedy_ting,274.0,66.0,0.413133509344101,0.004016113762764
greedy_ting,129.0,31.0,0.4809087910275441,0.0072082515675317
greedy_ting,186.0,46.0,0.4552590940288264,0.0053898788239426
greedy_ting,222.0,44.0,0.3197239792984473,0.0021933860499678
greedy_ting,23.0,3.0,0.5059744064138144,0.0134515498953176
greedy_ting,105.0,18.0,0.2973573117190138,0.0024641890649591
greedy_ting,175.0,44.0,0.4596301925025329,0.0061788761241632
greedy_ting,236.0,54.0,0.4292132467844693,0.0043697556569748
greedy_ting,136.0,32.0,0.4760768669169795,0.0062510873452992
greedy_ting,254.0,51.0,0.3195433350086558,0.0021326099475453
greedy_ting,126.0,20.0,0.4392308341776427,0.0042925885979723
greedy_ting,15.0,1.0,0.3235224586288416,0.0120550469739394
greedy_ting,155.0,38.0,0.4707675589110043,0.0066797999279375
greedy_ting,74.0,14.0,0.4754288863331416,0.0060055328140988
greedy_ting,34.0,5.0,0.4372392574050897,0.0065621137539554
greedy_ting,161.0,35.0,0.462650323774283,0.0054620340052574
greedy_ting,61.0,12.0,0.4548017672363679,0.0052351526181694
greedy_ting,79.0,12.0,0.484738306849807,0.0069868388760585
greedy_ting,36.0,3.0,0.2542356185973207,0.0040671878075785
greedy_ting,266.0,62.0,0.4193162427344958,0.004043743487453
greedy_ting,10.0,1.0,0.4323581560283688,0.022100112859011
greedy_ting,16.0,1.0,0.2864583333333333,0.0097523502142435
greedy_ting,240.0,61.0,0.429225768321513,0.0045107456204695
greedy_ting,192.0,50.0,0.4506408835697399,0.0052264996061144
greedy_ting,11.0,1.0,0.3769342359767891,0.0180445486907432
greedy_ting,12.0,1.0,0.3489952718676123,0.0152688880785116
greedy_ting,216.0,54.0,0.4272105660625164,0.0049007430431219
greedy_ting,80.0,15.0,0.3620789007092199,0.0032023935973731
greedy_ting,149.0,32.0,0.4699533533247656,0.0057400855333819
greedy_ting,18.0,1.0,0.3409672970843183,0.0095594224486
greedy_ting,152.0,28.0,0.3127974524076147,0.0023890468042797
greedy_ting,324.0,65.0,0.3380368400315209,0.002307681756872
greedy_ting,144.0,36.0,0.4709970941686367,0.0065134902917706
greedy_ting,10.0,1.0,0.4064716312056737,0.0214386144434385
greedy_ting,169.0,41.0,0.4662910739015485,0.0058095236657411
greedy_ting,96.0,19.0,0.4547779994089835,0.0047257847570594
greedy_ting,15.0,2.0,0.4615839243498818,0.0155770026099738
greedy_ting,34.0,4.0,0.364804964539007,0.0056070909704697
greedy_ting,256.0,50.0,0.3747645168439716,0.0028896453628705
greedy_ting,58.0,14.0,0.4505991685008559,0.0080007330776263
greedy_ting,142.0,34.0,0.4224602936769553,0.0042131416155444
greedy_ting,127.0,33.0,0.4665912771541855,0.0056572608555407
greedy_ting,55.0,10.0,0.4777240490006447,0.0066710054992494
greedy_ting,77.0,16.0,0.4937367596942065,0.009354735138571
greedy_ting,85.0,19.0,0.4837400917813934,0.0067262163810659
greedy_ting,343.0,73.0,0.375211938878895,0.0032569979165027
greedy_ting,49.0,9.0,0.4661492256477059,0.0061914933708753
greedy_ting,197.0,39.0,0.3500108003024085,0.0026329486820619
greedy_ting,355.0,73.0,0.3384651882928778,0.0024527938294446
greedy_ting,130.0,33.0,0.4690534642662302,0.0068882139781998
greedy_ting,48.0,9.0,0.487108451536643,0.0075539616425195
greedy_ting,15.0,1.0,0.4119976359338061,0.0151712655578469
greedy_ting,32.0,4.0,0.4820478723404255,0.0086676368926362
greedy_ting,156.0,33.0,0.4481098836152027,0.0046682748472225
greedy_ting,158.0,41.0,0.446410135559745,0.0059942624594848
greedy_ting,27.0,3.0,0.3944050433412135,0.0086451112514523
greedy_ting,104.0,25.0,0.47800736497545,0.0059364161193271
greedy_ting,228.0,58.0,0.4329468396167724,0.0048634604567295
greedy_ting,245.0,60.0,0.4140758431031987,0.0042103174760294
greedy_ting,22.0,3.0,0.4331479690522243,0.011328898098126
greedy_ting,53.0,7.0,0.3296534189749766,0.0041624982637436
greedy_ting,167.0,34.0,0.4376778358177262,0.0041291608192557
greedy_ting,64.0,13.0,0.4932679521276595,0.0109055120336607
greedy_ting,85.0,15.0,0.4603149770546517,0.0052579046668508
greedy_ting,93.0,24.0,0.4740143369175627,0.0072295660247963
greedy_ting,108.0,27.0,0.4661971368531652,0.0063484403906777
greedy_ting,120.0,28.0,0.4698064420803783,0.0056301019167344
greedy_ting,22.0,2.0,0.4543036750483559,0.0118178302947994
greedy_ting,146.0,37.0,0.4378096764791606,0.0054111792938201
greedy_ting,110.0,28.0,0.4565361057382334,0.006633031036215
greedy_ting,57.0,12.0,0.4459686450167973,0.0064255502372077
greedy_ting,153.0,40.0,0.4594748064710517,0.0062092987761782
greedy_ting,16.0,2.0,0.5090868794326241,0.0208892814590564
greedy_ting,287.0,64.0,0.396187016581412,0.0035022114600362
greedy_ting,166.0,40.0,0.4546003161582501,0.005768604723681
greedy_ting,168.0,44.0,0.4440539513677811,0.0055204412924631
greedy_ting,212.0,52.0,0.4335315469021811,0.0043029433251007
greedy_ting,28.0,3.0,0.3024949341438703,0.0049651894011716
greedy_ting,75.0,17.0,0.4566903073286052,0.006089912758692
greedy_ting,92.0,17.0,0.4405064754856614,0.0044417577206068
greedy_ting,27.0,3.0,0.3784147622800105,0.0075467539662776
greedy_ting,97.0,19.0,0.4706715654017694,0.0059604967570382
greedy_ting,13.0,1.0,0.4778368794326241,0.0196837929392905
greedy_ting,171.0,37.0,0.4513759279996682,0.0048226718637928
greedy_ting,156.0,42.0,0.4366362065830151,0.0046264609929987
greedy_ting,178.0,42.0,0.4500557813371583,0.0049202174888573
greedy_ting,15.0,1.0,0.3628841607565011,0.0123024775190159
greedy_ting,39.0,7.0,0.4586515730132751,0.0071299101241803
greedy_ting,56.0,12.0,0.4898049645390071,0.0086742400766704
greedy_ting,251.0,56.0,0.3787509536322794,0.0030577586984416
greedy_ting,33.0,5.0,0.4180098860949924,0.0065649106213189
greedy_ting,14.0,1.0,0.4323074974670719,0.0164636434681764
greedy_ting,84.0,19.0,0.4450460148598447,0.0057310998269564
greedy_ting,191.0,42.0,0.3852623370836582,0.0032533652946718
greedy_ting,172.0,43.0,0.4261761916542965,0.0049475035506269
greedy_ting,37.0,8.0,0.4493482844546674,0.008637383575444
greedy_ting,49.0,11.0,0.4708713272543059,0.0087220008090202
greedy_ting,11.0,1.0,0.4715506125080593,0.0209654403930659
greedy_ting,156.0,35.0,0.4000215948354246,0.0038667967019127
greedy_ting,106.0,25.0,0.4590107721129399,0.0055140999877313
greedy_ting,102.0,22.0,0.4449311639549437,0.0050780517783232
greedy_ting,71.0,9.0,0.3077240035960443,0.0037291861219664
greedy_ting,234.0,53.0,0.4017056131417834,0.0034786660109121
greedy_ting,129.0,27.0,0.3594892517455605,0.0030134771438161
greedy_ting,107.0,21.0,0.3791674951945383,0.0035984689301378
greedy_ting,42.0,10.0,0.4850979398851739,0.009515629831397
greedy_ting,272.0,55.0,0.3285650031289111,0.0021939145923863
greedy_ting,247.0,55.0,0.4083218479915008,0.0038865537383506
greedy_ting,96.0,14.0,0.4101839539007092,0.003837674863681
greedy_ting,179.0,44.0,0.4507706327509014,0.005949329881981
greedy_ting,36.0,5.0,0.4720990937746256,0.0093310690264093
greedy_ting,20.0,3.0,0.4863918439716312,0.0139969989405714
greedy_ting,19.0,3.0,0.4511944755505786,0.0138652457886195
greedy_ting,137.0,32.0,0.4487821607910131,0.0048566237732307
greedy_ting,64.0,16.0,0.4850814494680851,0.0086926819602882
greedy_ting,185.0,43.0,0.4395054629097182,0.0045195446875306
greedy_ting,247.0,53.0,0.3610596663508197,0.0029540424711539
greedy_ting,32.0,3.0,0.3306737588652482,0.0064883370507645
greedy_ting,19.0,2.0,0.4304777902202314,0.0130445036471158
greedy_ting,200.0,49.0,0.411418439716312,0.0036717468940194
greedy_ting,185.0,41.0,0.4268257619321449,0.0041351930583024
greedy_ting,202.0,49.0,0.4367758584369075,0.004466104294846
greedy_ting,91.0,19.0,0.4921284389369496,0.0085249430099916
greedy_ting,123.0,23.0,0.3240284264544772,0.0028532074468076
greedy_ting,62.0,9.0,0.4280199039121482,0.0050383475422258
greedy_ting,73.0,18.0,0.4739385990478966,0.0069879371819466
greedy_ting,201.0,38.0,0.4051550756854027,0.0035275223213376
greedy_ting,92.0,23.0,0.4614168979340117,0.00654956032581
greedy_ting,126.0,33.0,0.4521487673083417,0.0059910245545747
greedy_ting,189.0,44.0,0.4141478104244062,0.0039899040684742
greedy_ting,114.0,20.0,0.3506050143088217,0.00300378253368
greedy_ting,52.0,9.0,0.4135808783415167,0.0055971572716948
greedy_ting,190.0,47.0,0.4252379619260918,0.0042212749786088
greedy_ting,286.0,70.0,0.4063073451371323,0.0038518797200204
greedy_ting,82.0,19.0,0.4672310153952603,0.0075426506285794
greedy_ting,32.0,6.0,0.4317098847517731,0.0080620738007846
greedy_ting,104.0,24.0,0.4796951718494271,0.0080605175754131
greedy_ting,139.0,30.0,0.457510587274861,0.005124602553091
greedy_ting,50.0,12.0,0.4794503546099291,0.0077553716488104
greedy_ting,205.0,54.0,0.4464149801072478,0.0052713840502387
greedy_ting,231.0,49.0,0.3687060575358448,0.002745184609634
greedy_ting,136.0,28.0,0.393447538589904,0.0038787335726182
greedy_ting,59.0,14.0,0.4683856232720279,0.006752338869592
greedy_ting,125.0,26.0,0.3809503546099291,0.0031875223580302
greedy_ting,51.0,10.0,0.4514497288277013,0.0071182229841374
greedy_ting,184.0,45.0,0.4290394696268887,0.0051636187346849
greedy_ting,69.0,13.0,0.3783405283174016,0.0040694200369852
greedy_ting,204.0,50.0,0.4290519399249061,0.004171949731888
greedy_ting,144.0,26.0,0.4030855988967691,0.0034357019693002
greedy_ting,124.0,30.0,0.4360057767101349,0.0046622277988965
greedy_ting,217.0,52.0,0.4174020328790404,0.0041790760799869
greedy_ting,17.0,1.0,0.3990926157697121,0.0134011006274528
greedy_ting,118.0,24.0,0.4215951436470729,0.0045281589707538
greedy_ting,123.0,29.0,0.4729573891483595,0.0066917384759631
greedy_ting,144.0,35.0,0.4550458037825058,0.0055846960457837
greedy_ting,210.0,46.0,0.3828942924687605,0.0032887942327141
greedy_ting,67.0,9.0,0.3935640944215094,0.0046106758917945
greedy_ting,113.0,27.0,0.4335655557647649,0.0055336772001569
greedy_ting,26.0,4.0,0.4230769230769231,0.0091380250954719
greedy_ting,99.0,22.0,0.4050164768249875,0.0046047974550452
greedy_ting,157.0,41.0,0.446159145322311,0.0046692624645689
greedy_ting,20.0,2.0,0.469991134751773,0.0138224289994215
greedy_ting,134.0,28.0,0.4396369217741082,0.0041177850995781
greedy_ting,109.0,28.0,0.4475161038454031,0.0056689561089602
greedy_ting,245.0,58.0,0.4006404689535389,0.0040509011621019
greedy_ting,138.0,33.0,0.4107372289032788,0.0049302931823022
greedy_ting,73.0,12.0,0.4182575536772564,0.0050178380219031
greedy_ting,56.0,11.0,0.4962955927051671,0.0097855428174551
greedy_ting,98.0,21.0,0.4828665508756694,0.0068473820601801
greedy_ting,263.0,60.0,0.3579706334438961,0.0025273034157794
greedy_ting,288.0,65.0,0.3806515957446808,0.0033121938999139
greedy_ting,148.0,30.0,0.3771264615679509,0.0034403944691123
greedy_ting,110.0,26.0,0.4800370728562218,0.0068725236827512
greedy_ting,168.0,38.0,0.4170518828098615,0.0041527668378535
greedy_ting,90.0,16.0,0.3394109535066982,0.0036508963479306
greedy_ting,177.0,40.0,0.3967373883078895,0.0035314737973508
greedy_ting,40.0,4.0,0.3938608156028368,0.0053340967624553
greedy_ting,93.0,20.0,0.3966388316937391,0.0045668688424126
greedy_ting,68.0,15.0,0.4372001460158531,0.0073246680571089
greedy_ting,164.0,34.0,0.4290185521536066,0.0041455183482541
greedy_ting,22.0,1.0,0.3830190199871051,0.0099457328309017
greedy_ting,257.0,61.0,0.3907573750586417,0.0034766740829604
greedy_ting,148.0,27.0,0.3476375311481695,0.0026760559560576
greedy_ting,85.0,19.0,0.4178765123070505,0.005652601403959
greedy_ting,120.0,25.0,0.4055481678486998,0.0043641030778094
greedy_ting,167.0,38.0,0.4095001486388924,0.0038148786888353
greedy_ting,295.0,59.0,0.3844272148094723,0.0033774638718299
greedy_ting,95.0,22.0,0.428648749533408,0.0046510473466711
greedy_ting,181.0,33.0,0.3463667176051095,0.0027588117345195
greedy_ting,118.0,28.0,0.4153969828104339,0.004887008194213
greedy_ting,99.0,22.0,0.4857081452826133,0.0083585179999755
greedy_ting,23.0,3.0,0.4771430773974714,0.0113224711965305
greedy_ting,153.0,38.0,0.4515656144254392,0.0053372496818176
greedy_ting,15.0,2.0,0.4620567375886525,0.0172994735341949
greedy_ting,319.0,69.0,0.3710870628515529,0.0031363196891212
greedy_ting,98.0,23.0,0.4405214213344912,0.0059893020561836
greedy_ting,223.0,47.0,0.3497757847533632,0.0028220330075534
greedy_ting,172.0,33.0,0.3192262493814943,0.002322249917048
greedy_ting,141.0,34.0,0.441193853427896,0.0050744323078106
greedy_ting,151.0,29.0,0.4296064064628246,0.0041785021419086
greedy_ting,170.0,32.0,0.3716885690446391,0.0029758255119257
greedy_ting,184.0,48.0,0.4451510946654332,0.0054565270638179
greedy_ting,119.0,29.0,0.4528204898980869,0.0049682105220326
greedy_ting,240.0,48.0,0.3862847222222222,0.0033115556304587
greedy_ting,86.0,20.0,0.4502206003628567,0.0069881450687227
greedy_ting,103.0,19.0,0.4593145355642773,0.0054738266176775
greedy_ting,71.0,15.0,0.4363325342123664,0.0057508098535921
greedy_ting,62.0,15.0,0.4681280027453672,0.0080618301994552
greedy_ting,71.0,18.0,0.486851962840875,0.0073287365056663
greedy_ting,124.0,31.0,0.4601278311599176,0.0064592167091351
greedy_ting,11.0,1.0,0.5100741457124436,0.0341432803590453
greedy_ting,18.0,1.0,0.2596532702915681,0.0076611703835351
greedy_ting,10.0,1.0,0.4437943262411347,0.0234366669181632
greedy_ting,10.0,1.0,0.5062943262411348,0.0324160552160353
greedy_ting,36.0,8.0,0.4778122537431047,0.0099975636043331
greedy_ting,375.0,74.0,0.3326690307328605,0.0026311048013457
greedy_ting,15.0,2.0,0.5079787234042553,0.0228047402880472
greedy_ting,15.0,1.0,0.3819148936170213,0.0135421172643896
greedy_ting,15.0,1.0,0.3470449172576832,0.0114431981400445
greedy_ting,205.0,41.0,0.3374891887216745,0.0028262954697942
greedy_ting,36.0,8.0,0.4322547281323877,0.0077856711699659
greedy_ting,11.0,1.0,0.4657479045776918,0.0278110270053099
greedy_ting,12.0,1.0,0.3871158392434988,0.0178668983227983
greedy_ting,49.0,6.0,0.4959473150962512,0.0208074936752478
greedy_ting,20.0,2.0,0.5022606382978723,0.0144341625641315
greedy_ting,151.0,32.0,0.4301230566906204,0.0085563396704051
greedy_ting,81.0,16.0,0.4477716487172752,0.009267376065152
greedy_ting,17.0,1.0,0.5035982478097621,0.0165273358098331
greedy_ting,83.0,13.0,0.3198645646415449,0.004030904219597
greedy_ting,138.0,28.0,0.4328875012848185,0.0092967727115567
greedy_ting,144.0,31.0,0.4266585401891253,0.0068567059880493
greedy_ting,56.0,11.0,0.4299328774062816,0.0054235879102471
greedy_ting,364.0,71.0,0.3722697958070298,0.0036408696919867
greedy_ting,269.0,51.0,0.4032534472303514,0.0048207037508809
greedy_ting,121.0,20.0,0.4625461579039915,0.0117775528756458
greedy_ting,142.0,23.0,0.4475452002796923,0.0069102252368563
greedy_ting,222.0,49.0,0.3940522969778289,0.0046298730269294
greedy_ting,116.0,22.0,0.4318445830276351,0.0060184361722612
greedy_ting,83.0,13.0,0.4755618217551055,0.0191431056446474
greedy_ting,52.0,10.0,0.4434328968903437,0.0063421075350257
greedy_ting,173.0,34.0,0.4369644980117246,0.0074609747258021
greedy_ting,154.0,31.0,0.4412245555862576,0.0087962064142925
greedy_ting,93.0,13.0,0.4687237855563181,0.0109333546183501
greedy_ting,48.0,9.0,0.4381833628841607,0.0083941997064608
greedy_ting,30.0,3.0,0.3584810874704491,0.0074280711553185
greedy_ting,222.0,49.0,0.4052177177177177,0.0055248074711188
greedy_ting,256.0,46.0,0.3887168938386525,0.0036066724922951
greedy_ting,16.0,1.0,0.2869015957446808,0.0098860559194395
greedy_ting,181.0,38.0,0.4175629873437561,0.0064163110889742
greedy_ting,168.0,36.0,0.4065824468085107,0.0058205041463812
greedy_ting,20.0,1.0,0.3187943262411347,0.0089198229465318
greedy_ting,30.0,4.0,0.4020390070921985,0.0081311852396761
greedy_ting,243.0,50.0,0.3421292648045997,0.0026300987261741
greedy_ting,82.0,15.0,0.4633065213630859,0.0121798162593606
greedy_ting,12.0,1.0,0.4510195035460993,0.0197086237330869
greedy_ting,14.0,1.0,0.4284447821681864,0.0160840771724414
greedy_ting,431.0,87.0,0.3517549489065508,0.0030570110757095
greedy_ting,181.0,35.0,0.3321235453156224,0.0030793687004923
greedy_ting,58.0,9.0,0.3877629004646613,0.0047351316638248
greedy_ting,434.0,87.0,0.3508391345556754,0.0029993249214368
greedy_ting,100.0,15.0,0.4686347517730496,0.0146279233313213
greedy_ting,276.0,53.0,0.4004843766060232,0.0051226871386931
greedy_ting,297.0,54.0,0.3798684241946653,0.0034514641427562
greedy_ting,28.0,3.0,0.3820605369807497,0.0088086124157486
greedy_ting,124.0,21.0,0.3242321551132464,0.003552308547823
greedy_ting,112.0,14.0,0.4665020263424518,0.0116137646868767
greedy_ting,230.0,45.0,0.3410962072155412,0.002693718492231
greedy_ting,116.0,22.0,0.4583791880655417,0.00913396188258
greedy_ting,251.0,50.0,0.4099912407109152,0.0052257193056419
greedy_ting,251.0,44.0,0.355514113757735,0.0028564532067817
greedy_ting,15.0,1.0,0.4644799054373522,0.0171465183117325
greedy_ting,176.0,30.0,0.4393687540296582,0.0076969615070578
greedy_ting,12.0,1.0,0.5074615839243498,0.0268540469875621
greedy_ting,204.0,32.0,0.4192480183562787,0.0050537027946761
greedy_ting,240.0,46.0,0.4049202127659574,0.0045469966875827
greedy_ting,91.0,15.0,0.407051282051282,0.0049963817097614
greedy_ting,39.0,5.0,0.4522413166030187,0.0075041040335624
greedy_ting,117.0,26.0,0.4122188882827181,0.0043151805267604
greedy_ting,152.0,28.0,0.342694335572975,0.0031354506081767
greedy_ting,278.0,54.0,0.3725477065156385,0.004228678252037
greedy_ting,20.0,2.0,0.4151152482269503,0.0107710860086262
greedy_ting,134.0,27.0,0.3930546734413041,0.0042472645252591
greedy_ting,26.0,4.0,0.4805987452264048,0.011679542045511
greedy_ting,135.0,26.0,0.4491397425794589,0.009996487286943
greedy_ting,202.0,32.0,0.4049048521873464,0.004164055674938
greedy_ting,22.0,3.0,0.4971792392005158,0.0130408095004117
greedy_ting,121.0,19.0,0.3497523591817595,0.0032961131689463
greedy_ting,368.0,69.0,0.352974194418748,0.0027172763902565
greedy_ting,222.0,40.0,0.4102493450897706,0.0049072684468927
greedy_ting,68.0,10.0,0.4830517313308302,0.0135321137193638
greedy_ting,164.0,24.0,0.3998281006746237,0.004188585330738
greedy_ting,150.0,29.0,0.386968085106383,0.0041253228585081
greedy_ting,176.0,32.0,0.3860009671179884,0.0034676641746698
greedy_ting,12.0,1.0,0.4067671394799054,0.0190854114970183
greedy_ting,67.0,12.0,0.4754287075261988,0.0106396535032249
greedy_ting,26.0,4.0,0.4502523186033824,0.0102892896443156
greedy_ting,36.0,5.0,0.4673463356973995,0.0085213399937964
greedy_ting,16.0,2.0,0.4976728723404255,0.0183068628456504
greedy_ting,409.0,78.0,0.3521432658794153,0.0030553083574776
greedy_ting,181.0,39.0,0.4064006112613142,0.0053140112080234
greedy_ting,32.0,4.0,0.4884197695035461,0.0159099197598759
greedy_ting,155.0,28.0,0.4317318691374971,0.0059118566082132
greedy_ting,87.0,17.0,0.4164730577973425,0.0067293055150931
greedy_ting,33.0,5.0,0.4518052869116699,0.0088951870378061
greedy_ting,68.0,12.0,0.4085445348352107,0.0059220997001253
greedy_ting,318.0,65.0,0.3384238815290601,0.0026542800900176
greedy_ting,185.0,29.0,0.4282729538048687,0.0063387385035923
greedy_ting,139.0,29.0,0.4075271697535588,0.0061937835784503
greedy_ting,89.0,12.0,0.4404833054426647,0.0062629223502044
greedy_ting,106.0,20.0,0.4306670681118694,0.0073234066722452
greedy_ting,17.0,1.0,0.4134856070087609,0.014798015210398
greedy_ting,11.0,1.0,0.4950838168923275,0.0287549179498178
greedy_ting,360.0,67.0,0.3315922970843183,0.0027681181557951
greedy_ting,196.0,34.0,0.3756332320162108,0.0031867591396212
greedy_ting,62.0,10.0,0.4813257835735529,0.0118384530712683
greedy_ting,45.0,9.0,0.4726753349093775,0.0109300985151777
greedy_ting,132.0,27.0,0.4075462067483344,0.0048226208956953
greedy_ting,75.0,14.0,0.4543262411347518,0.0065742702412688
greedy_ting,119.0,23.0,0.4421076941414864,0.0086271146787654
greedy_ting,208.0,46.0,0.404195649208947,0.0050527250926993
greedy_ting,89.0,18.0,0.4361702127659574,0.0066748577467315
greedy_ting,14.0,1.0,0.5050025329280649,0.0210028006883302
greedy_ting,85.0,14.0,0.3655819774718398,0.0045740686496418
greedy_ting,177.0,36.0,0.4221811515807188,0.0072909685371665
greedy_ting,139.0,25.0,0.4416743201183734,0.0064694159439051
greedy_ting,61.0,12.0,0.4640884780839437,0.0073635691403762
greedy_ting,137.0,26.0,0.4520823626857172,0.0080811858030774
greedy_ting,107.0,21.0,0.4521110890170345,0.0078355990174027
greedy_ting,103.0,21.0,0.4317978379122771,0.0083477651589593
greedy_ting,65.0,10.0,0.3439443535188216,0.0042554731718815
greedy_ting,211.0,41.0,0.3632104803199892,0.0027993145087068
greedy_ting,161.0,33.0,0.4225805030615391,0.0073741033366345
greedy_ting,108.0,18.0,0.4440504334121355,0.0060845182125829
greedy_ting,69.0,13.0,0.4629329838626785,0.0081929072116353
greedy_ting,389.0,75.0,0.3552913453299057,0.0033497085177357
greedy_ting,96.0,15.0,0.4595523049645389,0.0095956070455145
greedy_ting,46.0,8.0,0.4820767807585569,0.0095294064309294
greedy_ting,60.0,11.0,0.4520685579196217,0.0074454846615137
greedy_ting,337.0,63.0,0.3570353768125092,0.0028588224323864
greedy_ting,83.0,13.0,0.3769119029308724,0.0054091294501456
greedy_ting,39.0,6.0,0.488566102927805,0.0114506257787749
greedy_ting,215.0,45.0,0.4099455714992578,0.006463421391895
greedy_ting,242.0,50.0,0.3860962135865424,0.0044433306477404
greedy_ting,107.0,19.0,0.4631139391529131,0.0101485224104119
greedy_ting,62.0,13.0,0.4348118279569892,0.0060246422689377
greedy_ting,149.0,29.0,0.4450235613308582,0.0069516643034206
greedy_ting,25.0,4.0,0.4662056737588652,0.0121430498968864
greedy_ting,89.0,18.0,0.4297254761335564,0.0053362703412599
greedy_ting,183.0,32.0,0.4117156919738015,0.0052323346516208
greedy_ting,144.0,22.0,0.4151952817178881,0.004715492945407
greedy_ting,206.0,45.0,0.3908842869930455,0.0045268721292185
greedy_ting,100.0,18.0,0.3643262411347517,0.0037759644887078
greedy_ting,95.0,19.0,0.4539007092198581,0.0086331901963497
greedy_ting,159.0,32.0,0.4204636692091529,0.0057762404601254
greedy_ting,281.0,58.0,0.3590741021175639,0.0033253430341064
greedy_ting,157.0,31.0,0.4346512625920405,0.0065809746403511
greedy_ting,299.0,60.0,0.3761978462487251,0.0040941884204388
greedy_ting,50.0,10.0,0.4728723404255319,0.0087350120718273
greedy_ting,241.0,42.0,0.4098944998675731,0.0051786422323956
greedy_ting,13.0,1.0,0.4573104200763775,0.0238396082430104
greedy_ting,174.0,38.0,0.4060232738240809,0.0064037707613952
greedy_ting,199.0,38.0,0.4039434762464806,0.0044845610167649
greedy_ting,102.0,24.0,0.4282523293005145,0.0048723710836058
greedy_ting,171.0,37.0,0.3905219609306955,0.0047499016662479
greedy_ting,19.0,2.0,0.3733202687569988,0.0107837421264557
greedy_ting,16.0,2.0,0.4594414893617021,0.0150743112928172
greedy_ting,74.0,13.0,0.4728771324516005,0.0140989085937882
greedy_ting,263.0,53.0,0.3519503546099291,0.0028373502066473
greedy_ting,108.0,21.0,0.4582102048857368,0.0121624912846275
greedy_ting,298.0,52.0,0.363403779332667,0.0028927587650189
greedy_ting,133.0,25.0,0.4567735828934037,0.0100953771764174
greedy_ting,78.0,14.0,0.4210538279687216,0.0063729406727094
greedy_ting,46.0,5.0,0.3708564600678384,0.0059279101099319
greedy_ting,324.0,57.0,0.3577127659574468,0.0029632953483204
greedy_ting,56.0,10.0,0.3654856889564336,0.0044498079801701
greedy_ting,148.0,29.0,0.4179185834770941,0.0053508101320438
greedy_ting,274.0,58.0,0.3459873427550862,0.0026018093589613
greedy_ting,295.0,47.0,0.366363144608727,0.0029963295161944
greedy_ting,141.0,27.0,0.435044766359841,0.0074944855782934
greedy_ting,261.0,51.0,0.3869392136083258,0.0043616577675498
greedy_ting,260.0,48.0,0.3627216312056737,0.0036519610353013
greedy_ting,54.0,9.0,0.4896572104018912,0.0175177238985544
greedy_ting,82.0,11.0,0.4694040823386957,0.0092317652427841
greedy_ting,22.0,2.0,0.4355254674403611,0.012694332933849
greedy_ting,125.0,19.0,0.4532127659574468,0.0073724866455409
greedy_ting,85.0,18.0,0.4447851481017939,0.0073496121124845
greedy_ting,97.0,20.0,0.4574925056664473,0.0109110553813631
greedy_ting,234.0,40.0,0.3829522034309268,0.0035896864058429
greedy_ting,110.0,19.0,0.3861621534493875,0.0047583264405651
greedy_ting,52.0,10.0,0.4567307692307692,0.0081929778316337
greedy_ting,350.0,65.0,0.3776089159067883,0.0039046604849877
greedy_ting,201.0,37.0,0.3908163085282806,0.004043258471262
greedy_ting,45.0,6.0,0.3451930654058313,0.0056994658340583
greedy_ting,86.0,13.0,0.4763421573478476,0.0182650545718292
greedy_ting,196.0,36.0,0.4252921913446229,0.0066112057972222
greedy_ting,34.0,5.0,0.4755162703379224,0.0133311035599098
greedy_ting,170.0,33.0,0.4130423445974134,0.0067631655484649
greedy_ting,141.0,25.0,0.4337432724712036,0.0059802594652507
greedy_ting,101.0,17.0,0.4651358752896566,0.0150979052743492
greedy_ting,219.0,46.0,0.3748542698921597,0.0039023511061926
greedy_ting,25.0,3.0,0.4332624113475177,0.0098212715658166
greedy_ting,122.0,21.0,0.4403121730031392,0.0063299415636852
greedy_ting,178.0,28.0,0.3966999362499004,0.004267084859965
greedy_ting,14.0,1.0,0.4655521783181357,0.0209764681487503
greedy_ting,205.0,37.0,0.4096998789136827,0.005451897725883
greedy_ting,151.0,28.0,0.4526325677516321,0.008944478804185
greedy_ting,115.0,22.0,0.387295713845205,0.0041901811049848
greedy_ting,143.0,27.0,0.4257612954421465,0.005914462616889
greedy_ting,207.0,42.0,0.4254034330352554,0.0062642072445452
greedy_ting,89.0,15.0,0.3912562754004303,0.0050665641819615
greedy_ting,94.0,16.0,0.4571827372868568,0.0077093652342346
greedy_ting,210.0,40.0,0.3812352245862884,0.0036993418485966
greedy_ting,137.0,28.0,0.3834834601646218,0.0043707216484087
greedy_ting,308.0,63.0,0.3852928985907709,0.0042915610203615
greedy_ting,292.0,57.0,0.3914523219663849,0.0046295375676864
greedy_ting,139.0,22.0,0.3524733404765549,0.0034270283097087
greedy_ting,125.0,25.0,0.4546595744680851,0.0082824018409536
greedy_ting,128.0,27.0,0.429278867464539,0.0072948869208527
greedy_ting,201.0,44.0,0.4061254013619844,0.0052389375754577
greedy_ting,156.0,26.0,0.3642650936533915,0.0035380338258673
greedy_ting,53.0,8.0,0.4821858691288639,0.0157701313984995
greedy_ting,128.0,22.0,0.4397163120567376,0.0075467817080967
greedy_ting,211.0,34.0,0.3651725992403616,0.0028620053898084
greedy_ting,23.0,3.0,0.4563290163428924,0.0119554790868617
greedy_ting,184.0,34.0,0.3963103222325008,0.0046395386781248
greedy_ting,44.0,9.0,0.4204142488716957,0.0078431787290369
greedy_ting,172.0,28.0,0.3662945324096981,0.0033330082588872
greedy_ting,40.0,3.0,0.3090647163120567,0.0055467094642812
greedy_ting,184.0,30.0,0.3512999152019734,0.0031457320504292
greedy_ting,38.0,7.0,0.4106476297125793,0.0066941563208291
greedy_ting,11.0,1.0,0.5101547388781431,0.0299361521299669
greedy_ting,25.0,6.0,0.4787943262411347,0.0119871988330566
greedy_ting,9.0,1.0,0.4579393223010244,0.0273877157823617
greedy_ting,15.0,2.0,0.5073286052009457,0.0223970401667701
greedy_ting,34.0,1.0,0.2382144347100542,0.0037430975550198
greedy_ting,68.0,12.0,0.4703926783479349,0.0077875378329673
greedy_ting,331.0,71.0,0.3349215787105483,0.0024695477761793
greedy_ting,10.0,1.0,0.3886524822695035,0.0212542125647603
greedy_ting,148.0,30.0,0.3483862852213916,0.0025118383788559
greedy_ting,17.0,2.0,0.5040154359616187,0.0178248048857832
greedy_ting,146.0,34.0,0.4286165355095696,0.0049429762226927
greedy_ting,263.0,55.0,0.3991687565730928,0.0039667542751256
greedy_ting,66.0,9.0,0.4299914033956587,0.0051998065025007
greedy_ting,129.0,30.0,0.4389741052284348,0.0071588766392412
greedy_ting,35.0,7.0,0.4941489361702127,0.0111642018735968
greedy_ting,32.0,4.0,0.4997229609929078,0.0247498955454879
greedy_ting,105.0,26.0,0.4455927051671733,0.0067548717590753
greedy_ting,15.0,1.0,0.5057919621749408,0.0201082971457952
greedy_ting,39.0,7.0,0.4770412802327695,0.0083183282906733
greedy_ting,129.0,28.0,0.4511586673264061,0.0076960071531888
greedy_ting,239.0,50.0,0.4140367666696341,0.0047818531258475
greedy_ting,87.0,21.0,0.4249103285236814,0.0044769897495661
greedy_ting,45.0,6.0,0.4967494089834515,0.0211828492959032
greedy_ting,12.0,1.0,0.4656471631205673,0.0203119531263099
greedy_ting,52.0,8.0,0.4947319967266775,0.0174230827338157
greedy_ting,54.0,12.0,0.4798233517205148,0.0087624759702776
greedy_ting,12.0,1.0,0.3726359338061466,0.0171954553202668
greedy_ting,164.0,27.0,0.4061959436083722,0.0037555607660923
greedy_ting,32.0,5.0,0.4959552304964539,0.0155947878893086
greedy_ting,205.0,45.0,0.4245416017989967,0.0051686541278429
greedy_ting,29.0,5.0,0.4626742479823917,0.0101115824276323
greedy_ting,65.0,14.0,0.4446808510638298,0.007361966422105
greedy_ting,76.0,13.0,0.3699958006718924,0.0036619557887348
greedy_ting,18.0,2.0,0.4165681639085894,0.0114591444868572
greedy_ting,18.0,1.0,0.2667454688731284,0.0079445695716674
greedy_ting,10.0,1.0,0.425,0.0229565602836879
greedy_ting,142.0,26.0,0.4360640795125362,0.0052215440584406
greedy_ting,115.0,24.0,0.4371954979956829,0.0051004939099361
greedy_ting,69.0,13.0,0.4808433549182855,0.0102936654925729
greedy_ting,158.0,37.0,0.4277706706167519,0.0061633188376444
greedy_ting,108.0,22.0,0.4668866561597057,0.0082865022082867
greedy_ting,103.0,23.0,0.4620343592921572,0.0070785741064461
greedy_ting,406.0,87.0,0.3504393320057296,0.0028885608900427
greedy_ting,16.0,1.0,0.3796542553191489,0.0132069504960766
greedy_ting,353.0,78.0,0.3456015309505153,0.002726222603177
greedy_ting,31.0,6.0,0.4813257835735529,0.009772970159703
greedy_ting,172.0,38.0,0.4314025647369289,0.0050370251848808
greedy_ting,90.0,20.0,0.4644799054373522,0.0110205223394009
greedy_ting,91.0,21.0,0.4503058997739849,0.0054204709749552
greedy_ting,204.0,41.0,0.3316211236267556,0.0025002824590579
greedy_ting,150.0,31.0,0.4405910165484634,0.0056344812746955
greedy_ting,151.0,36.0,0.4105960264900662,0.0058604496941001
greedy_ting,79.0,13.0,0.3962429302450848,0.0040336536400556
greedy_ting,23.0,4.0,0.4559435707678076,0.011723914605228
greedy_ting,74.0,9.0,0.2988427257044278,0.003845317177151
greedy_ting,387.0,81.0,0.3512883244451775,0.0029220710161408
greedy_ting,300.0,66.0,0.3567671394799054,0.0030523933725108
greedy_ting,118.0,29.0,0.4321057218415675,0.0060004595729212
greedy_ting,250.0,54.0,0.390095744680851,0.0035900050173532
greedy_ting,166.0,39.0,0.4410834828676407,0.0063350516645312
greedy_ting,11.0,1.0,0.4843649258542875,0.0257505037202761
greedy_ting,60.0,13.0,0.4342198581560283,0.0065358570997434
greedy_ting,50.0,10.0,0.4865602836879432,0.0100605087772244
greedy_ting,149.0,35.0,0.4442441334666095,0.0070350664046115
greedy_ting,71.0,15.0,0.4459469583458196,0.0059227650939974
greedy_ting,11.0,1.0,0.4580915538362347,0.0233447899298347
greedy_ting,18.0,2.0,0.4776891252955083,0.0158673636493618
greedy_ting,106.0,23.0,0.4519687541817209,0.0054906464260454
greedy_ting,31.0,6.0,0.483098833218943,0.0137566823523481
greedy_ting,17.0,2.0,0.4476950354609929,0.014111229875719
greedy_ting,109.0,24.0,0.461342637777344,0.0091351014098865
greedy_ting,27.0,5.0,0.4487785657998424,0.0095542241770633
greedy_ting,134.0,31.0,0.43247856462369,0.0055516624805877
greedy_ting,14.0,1.0,0.4877786220871327,0.0203176013030076
greedy_ting,254.0,56.0,0.338610599207014,0.0024457612040821
greedy_ting,128.0,27.0,0.4510679853723404,0.0084075278712017
greedy_ting,111.0,26.0,0.4327279407066641,0.0058841033635359
greedy_ting,143.0,32.0,0.425724098596439,0.0042149645084693
greedy_ting,82.0,20.0,0.4547980453208787,0.0057357617381345
greedy_ting,36.0,7.0,0.4635786052009456,0.0082357740506243
greedy_ting,11.0,1.0,0.4327852998065764,0.0208030914104208
greedy_ting,46.0,10.0,0.472691181005242,0.0091304333414962
greedy_ting,321.0,66.0,0.3342226199156006,0.0024677920463551
greedy_ting,264.0,51.0,0.352403691166989,0.0028216213197281
greedy_ting,245.0,52.0,0.3417245621652916,0.0025996873059635
greedy_ting,25.0,4.0,0.4973758865248227,0.0139675821135757
greedy_ting,19.0,2.0,0.3658081373646883,0.0101992589982417
greedy_ting,93.0,22.0,0.4150080073209791,0.0040007555883626
greedy_ting,18.0,3.0,0.4622241922773838,0.0138983757950857
greedy_ting,109.0,26.0,0.4125187064870844,0.0048055287601071
greedy_ting,114.0,25.0,0.4617472315540624,0.007877638567571
greedy_ting,53.0,9.0,0.4429780543289174,0.0062840836830153
greedy_ting,14.0,1.0,0.405015197568389,0.0154206431327624
greedy_ting,67.0,15.0,0.4811845030168307,0.0118191537431186
greedy_ting,336.0,72.0,0.3491324721377913,0.0027650867394201
greedy_ting,128.0,28.0,0.4471617353723404,0.0059042748272355
greedy_ting,28.0,4.0,0.4393363728470111,0.0089348107207271
greedy_ting,138.0,31.0,0.4026685681981704,0.0040598751433003
greedy_ting,264.0,59.0,0.3941072963679347,0.00428987885799
greedy_ting,117.0,27.0,0.4454900891071104,0.007562053306589
greedy_ting,124.0,26.0,0.3654698581560284,0.0029955235451633
greedy_ting,48.0,10.0,0.4590166962174941,0.0068389335027571
greedy_ting,175.0,39.0,0.4307244174265451,0.0061301164120393
greedy_ting,276.0,55.0,0.364882053654024,0.0034027146709198
greedy_ting,96.0,16.0,0.3788508421985815,0.0037547291987095
greedy_ting,52.0,8.0,0.4134956355701036,0.0059250271642158
greedy_ting,188.0,36.0,0.3948147728987475,0.0034599853076404
greedy_ting,83.0,17.0,0.465863453815261,0.0069381173330423
greedy_ting,246.0,53.0,0.403300322896846,0.0044912564125764
greedy_ting,169.0,40.0,0.4194783666960426,0.0056241079179706
greedy_ting,185.0,42.0,0.4147546482652865,0.0047835954967483
greedy_ting,13.0,1.0,0.4397163120567375,0.0179677066712621
greedy_ting,17.0,2.0,0.4673028785982478,0.0167840971035444
greedy_ting,17.0,1.0,0.3206090947017104,0.0106359047404722
greedy_ting,212.0,48.0,0.4185024421249833,0.0048756921941324
greedy_ting,301.0,55.0,0.3690888527603025,0.0033202401087277
greedy_ting,75.0,15.0,0.4282151300236406,0.005624552615842
greedy_ting,11.0,1.0,0.3972437137330754,0.0196416028156789
greedy_ting,37.0,5.0,0.3409047345217558,0.0054237155928027
greedy_ting,81.0,18.0,0.4204316609753962,0.005263289116348
greedy_ting,201.0,48.0,0.4094245086623619,0.0041685446415628
greedy_ting,86.0,17.0,0.4692190334817747,0.0085046415402309
greedy_ting,202.0,44.0,0.3768432694333263,0.0036315083884245
greedy_ting,16.0,1.0,0.4201573581560284,0.0140810202295455
greedy_ting,48.0,10.0,0.4883643617021276,0.0121497527803451
greedy_ting,82.0,20.0,0.4599658363604912,0.0087313975274761
greedy_ting,290.0,59.0,0.3550012227928589,0.0033648014844089
greedy_ting,91.0,21.0,0.4542221962434728,0.0071374828725968
greedy_ting,314.0,68.0,0.3763721371459547,0.0035530686510862
greedy_ting,96.0,13.0,0.3139128989361702,0.0034970640926304
greedy_ting,379.0,73.0,0.3586565991130073,0.0031200383678099
greedy_ting,86.0,18.0,0.4580240804882072,0.0075496493209773
greedy_ting,195.0,39.0,0.3525504637206765,0.0033442209077938
greedy_ting,164.0,32.0,0.356053234734475,0.0031246249142372
greedy_ting,196.0,40.0,0.3913780937907077,0.0037803352471348
greedy_ting,232.0,48.0,0.3419119894839814,0.002711076920959
greedy_ting,209.0,48.0,0.380314907190607,0.0036490737133719
greedy_ting,74.0,13.0,0.4177089323365919,0.0044572247823325
greedy_ting,204.0,42.0,0.4030211375330274,0.0041230395705466
greedy_ting,116.0,26.0,0.4552610662753729,0.0064955205137482
greedy_ting,235.0,48.0,0.3688697751622152,0.0029810935500815
greedy_ting,123.0,30.0,0.4154558034942052,0.0057850288185554
greedy_ting,70.0,15.0,0.485790273556231,0.0132269445804577
greedy_ting,101.0,16.0,0.3620181167052875,0.0034958160352203
greedy_ting,307.0,61.0,0.3802411809550211,0.003621990503332
greedy_ting,53.0,11.0,0.4606416432490298,0.0078930876589505
greedy_ting,58.0,11.0,0.4891935681095622,0.0141964858024
greedy_ting,96.0,22.0,0.4581486406619385,0.0060902067278606
greedy_ting,317.0,62.0,0.3636989059668434,0.0034213851839576
greedy_ting,102.0,21.0,0.4645563899318592,0.0100821337240123
greedy_ting,141.0,29.0,0.374308384890096,0.0032283018378521
greedy_ting,21.0,2.0,0.3913796014859845,0.0096269640386376
greedy_ting,35.0,6.0,0.4437943262411347,0.007608037594093
greedy_ting,208.0,45.0,0.39160955400982,0.0041625457964522
greedy_ting,237.0,43.0,0.3860348026453601,0.003430848897282
greedy_ting,218.0,43.0,0.3600022773114711,0.0030725716734162
greedy_ting,301.0,62.0,0.3383785726066775,0.002670878764873
greedy_ting,168.0,36.0,0.4118277186761229,0.0041534972948293
greedy_ting,62.0,10.0,0.3802619537863189,0.0042060213721696
greedy_ting,139.0,28.0,0.343187152405735,0.002688780083469
greedy_ting,39.0,1.0,0.2597290416439352,0.0046075410196255
greedy_ting,26.0,1.0,0.3175804691762138,0.0075766965441417
greedy_ting,233.0,51.0,0.3975321888412017,0.0042985468073479
greedy_ting,182.0,38.0,0.3846299976619125,0.0033463071498927
greedy_ting,181.0,36.0,0.3656841424709063,0.0032572779749392
greedy_ting,30.0,2.0,0.3604609929078014,0.0072231129386516
greedy_ting,152.0,34.0,0.4332831746920492,0.0061043967305236
greedy_ting,130.0,27.0,0.4048963447899618,0.0046180586248533
greedy_ting,26.0,3.0,0.425702400436443,0.0096412771653318
greedy_ting,122.0,24.0,0.4102357284036739,0.0040683602282242
greedy_ting,97.0,22.0,0.4170048256196534,0.004974782677598
greedy_ting,262.0,56.0,0.341471089816469,0.0029860178436786
greedy_ting,187.0,33.0,0.329630788485607,0.0025981874666994
greedy_ting,72.0,16.0,0.4580747635933806,0.0065279640168318
greedy_ting,23.0,3.0,0.403600061671292,0.0106295605711259
greedy_ting,12.0,1.0,0.3459663120567375,0.01702298271067
greedy_ting,134.0,29.0,0.3894093362972372,0.0033191411542921
greedy_ting,235.0,50.0,0.3669760072430963,0.00386785478395
greedy_ting,140.0,31.0,0.4353090172239108,0.0062802308942288
greedy_ting,249.0,53.0,0.3757120681306787,0.0038231040028851
greedy_ting,167.0,36.0,0.4377149955408332,0.0059929216966646
greedy_ting,149.0,35.0,0.4124958351182826,0.0060046317963283
greedy_ting,40.0,8.0,0.4263076241134752,0.0066034541262701
greedy_ting,68.0,14.0,0.4565472465581978,0.0080436586919571
greedy_ting,182.0,43.0,0.4330381497934689,0.0057706420530604
greedy_ting,190.0,41.0,0.3761384845091452,0.0034633582802439
greedy_ting,160.0,32.0,0.379759530141844,0.0038410367553643
greedy_ting,95.0,21.0,0.4348824188129899,0.0053111829095026
greedy_ting,109.0,20.0,0.357635500032533,0.0032532756416967
greedy_ting,51.0,6.0,0.3834828257544153,0.0055837274918212
greedy_ting,33.0,4.0,0.3969750698474102,0.0075689844646814
greedy_ting,109.0,25.0,0.3991964343808966,0.0041391424057732
greedy_ting,9.0,1.0,0.4154846335697399,0.0249471624685397
greedy_ting,58.0,9.0,0.4031242357544632,0.0051768626403796
greedy_ting,14.0,1.0,0.3087006079027355,0.0132172868298518
greedy_ting,104.0,22.0,0.4045025231860338,0.003748529873192
greedy_ting,79.0,16.0,0.4763668192835982,0.0116684413060465
greedy_ting,33.0,5.0,0.420535138620245,0.0085242471631829
greedy_ting,183.0,39.0,0.4177179010192614,0.004234434087297
greedy_ting,121.0,27.0,0.3888327178946134,0.003894043678372
greedy_ting,19.0,2.0,0.5043393057110862,0.0157618034194037
greedy_ting,52.0,8.0,0.3578150572831423,0.0041943489427775
greedy_ting,133.0,29.0,0.4286914093745001,0.0044207319192817
greedy_ting,160.0,35.0,0.4290558510638297,0.0046257541944884
greedy_ting,366.0,70.0,0.3581729837615781,0.0031330521230359
greedy_ting,94.0,19.0,0.4739323977667119,0.0101425844002689
greedy_ting,74.0,14.0,0.4753210657465976,0.0092936073178142
greedy_ting,42.0,8.0,0.4358113812901047,0.0067558323890812
greedy_ting,85.0,17.0,0.3971944096787651,0.0051140948461685
greedy_ting,179.0,33.0,0.3940379967510599,0.0035182865865874
greedy_ting,225.0,49.0,0.3996847911741529,0.0045550184089157
greedy_ting,21.0,3.0,0.4403073286052009,0.0118836256565566
greedy_ting,115.0,24.0,0.4236509404872032,0.0047658150114162
greedy_ting,191.0,44.0,0.4291244290965801,0.005641876830721
greedy_ting,13.0,1.0,0.3313557010365521,0.0151299594644344
greedy_ting,227.0,45.0,0.3380354297497422,0.0027439656434935
greedy_ting,71.0,12.0,0.3730521426430925,0.0056908880041663
greedy_ting,42.0,4.0,0.312288922661263,0.0050948975307558
greedy_ting,143.0,29.0,0.4485071665922729,0.0065660225446398
greedy_multi,7.0,1.0,0.5073454913880446,0.0330188473457891
greedy_multi,8.0,1.0,0.5009973404255319,0.0285755788936358
greedy_multi,7.0,1.0,0.4793566362715298,0.0323209929437297
greedy_multi,10.0,2.0,0.5010638297872341,0.0225520597555453
greedy_multi,10.0,2.0,0.5069148936170212,0.0245621133242793
greedy_multi,9.0,1.0,0.4362687155240347,0.0232564216191276
greedy_multi,28.0,8.0,0.4950924518743668,0.0088038487402468
greedy_multi,12.0,1.0,0.3751477541371158,0.0155634139449166
greedy_multi,32.0,9.0,0.4844027039007092,0.0079735281553662
greedy_multi,24.0,6.0,0.4869237588652482,0.0094761257869741
greedy_multi,11.0,1.0,0.5071727917472598,0.0203606019348176
greedy_multi,9.0,1.0,0.4107565011820331,0.0217615413562547
greedy_multi,31.0,6.0,0.5066632349576756,0.0092562706676525
greedy_multi,42.0,12.0,0.4936676798378926,0.0076431168513881
greedy_multi,40.0,11.0,0.5004875886524822,0.0081690884984406
greedy_multi,36.0,10.0,0.5049251379038613,0.0088738254962706
greedy_multi,25.0,6.0,0.5081560283687944,0.0138341884211053
greedy_multi,19.0,1.0,0.5075587905935051,0.0130074410192167
greedy_multi,35.0,8.0,0.5061803444782168,0.0089428425663308
greedy_multi,23.0,6.0,0.4941026827012026,0.0105096719027361
greedy_multi,28.0,7.0,0.5079154002026343,0.0124210633306438
greedy_multi,10.0,1.0,0.3920212765957446,0.0190143541572354
greedy_multi,33.0,9.0,0.5054534708790027,0.0101054607963757
greedy_multi,39.0,10.0,0.5035006364793599,0.0085021141240744
greedy_multi,47.0,12.0,0.4510713746793421,0.0061445600758647
greedy_multi,17.0,1.0,0.481226533166458,0.0120589044607804
greedy_multi,42.0,12.0,0.4835359675785207,0.0069497908815958
greedy_multi,23.0,5.0,0.5082870798643232,0.0150072738441172
greedy_multi,37.0,9.0,0.5061817136285222,0.0090381428190208
greedy_multi,15.0,1.0,0.4965721040189125,0.014330251105187
greedy_multi,22.0,2.0,0.5064877498388136,0.0111768440999774
greedy_multi,33.0,9.0,0.5045400816677412,0.0089993096377532
greedy_multi,41.0,12.0,0.4926699532952776,0.007696638526149
greedy_multi,25.0,5.0,0.4137943262411347,0.0085345392585885
greedy_multi,13.0,1.0,0.486633933442444,0.016387297318453
greedy_multi,25.0,3.0,0.4165248226950354,0.0079368593129118
greedy_multi,45.0,12.0,0.460047281323877,0.006304139258216
greedy_multi,34.0,7.0,0.4995828118481435,0.0079601439986605
greedy_multi,27.0,6.0,0.5083399001838719,0.0129717248009745
greedy_multi,27.0,5.0,0.4933018124507486,0.0085236581528407
greedy_multi,40.0,10.0,0.4787012411347517,0.0069283442537787
greedy_multi,30.0,4.0,0.4661643026004728,0.0074337507824332
greedy_multi,41.0,11.0,0.4689067635357204,0.0067624835797983
greedy_multi,35.0,10.0,0.5012158054711247,0.0084700806533568
greedy_multi,43.0,11.0,0.4577354444994227,0.0061612657371936
greedy_multi,34.0,7.0,0.5060753024614101,0.0088996596955605
greedy_multi,14.0,1.0,0.4407928064842958,0.014736113388693
greedy_multi,21.0,5.0,0.491388044579534,0.0105038242851086
greedy_multi,31.0,8.0,0.4896762754518416,0.008147972338379
greedy_multi,20.0,2.0,0.4749556737588652,0.0107358136380211
greedy_multi,30.0,6.0,0.4310283687943262,0.0070002032929261
greedy_multi,22.0,5.0,0.5006044487427466,0.0108229304625952
greedy_multi,31.0,7.0,0.5067490276824526,0.0093067801284447
greedy_multi,25.0,6.0,0.4757801418439716,0.0089736821588452
greedy_multi,23.0,6.0,0.4989978415047795,0.0114484051086954
greedy_multi,34.0,5.0,0.4652690863579474,0.0068706489599274
greedy_multi,22.0,2.0,0.4082849774339136,0.0089525185182413
greedy_multi,19.0,3.0,0.5085852930197835,0.0160998453262285
greedy_multi,24.0,2.0,0.4387559101654846,0.0084080956604994
greedy_multi,18.0,1.0,0.4590228526398739,0.0111262319442659
greedy_multi,33.0,8.0,0.4904631420588867,0.0076459922477677
greedy_multi,40.0,10.0,0.4928413120567375,0.0074659296053707
greedy_multi,15.0,1.0,0.50774231678487,0.0163151550335608
greedy_multi,38.0,9.0,0.4749906681597611,0.0067859790685325
greedy_multi,31.0,8.0,0.5073209791809654,0.0104094256769506
greedy_multi,22.0,5.0,0.4669165054803352,0.0101097640854614
greedy_multi,11.0,1.0,0.4285944551901998,0.018756825217482
greedy_multi,18.0,2.0,0.3962273443656422,0.0103354518606387
greedy_multi,33.0,9.0,0.500779067268429,0.0089672144011228
greedy_multi,16.0,3.0,0.5089760638297872,0.0193952724767049
greedy_multi,37.0,8.0,0.438494345409239,0.0061352532732284
greedy_multi,34.0,8.0,0.5071704213600333,0.0101980697074496
greedy_multi,15.0,1.0,0.5091016548463357,0.0236681449066388
greedy_multi,24.0,3.0,0.4829343971631206,0.0090603707947705
greedy_multi,42.0,11.0,0.4464707868963188,0.0061084256313728
greedy_multi,43.0,12.0,0.4840631700478311,0.0072083605232365
greedy_multi,42.0,11.0,0.4837048294495102,0.0070618664614547
greedy_multi,23.0,5.0,0.4552112241751465,0.0090210607081891
greedy_multi,25.0,4.0,0.4832269503546099,0.0088392321814797
greedy_multi,34.0,6.0,0.4530924071756362,0.0065951389737363
greedy_multi,16.0,3.0,0.4840425531914893,0.0142067960615662
greedy_multi,33.0,9.0,0.4958628841607564,0.0078337983130018
greedy_multi,20.0,3.0,0.5070035460992908,0.0122204538881344
greedy_multi,28.0,7.0,0.5044009625126646,0.0108710914363293
greedy_multi,37.0,8.0,0.4998801993482844,0.0080726068601605
greedy_multi,12.0,1.0,0.4507978723404255,0.0174767077653707
greedy_multi,17.0,3.0,0.4976011681268252,0.0137982653361897
greedy_multi,30.0,8.0,0.5041666666666667,0.0091365001970055
greedy_multi,23.0,4.0,0.4596823928461301,0.0090798224387848
greedy_multi,29.0,4.0,0.4449131817070188,0.0073170164799223
greedy_multi,42.0,11.0,0.4882852077001013,0.0071987062926624
greedy_multi,29.0,6.0,0.4977989728539985,0.0085188650113837
greedy_multi,22.0,5.0,0.4777159896840748,0.0102241455851364
greedy_multi,38.0,10.0,0.4973637551325121,0.0077734720121774
greedy_multi,37.0,10.0,0.475848188614146,0.0068909555316514
greedy_multi,27.0,6.0,0.4804636196480168,0.0084543920672997
greedy_multi,19.0,4.0,0.5088185890257558,0.0173531277548784
greedy_multi,26.0,4.0,0.5085583742498636,0.013189218034807
greedy_multi,32.0,8.0,0.5043772163120568,0.0085863641351588
greedy_multi,17.0,2.0,0.5086045056320401,0.0173374327029562
greedy_multi,24.0,3.0,0.4642065602836879,0.0086168177544409
greedy_multi,24.0,6.0,0.5058732269503546,0.0119936154297759
greedy_multi,25.0,5.0,0.4775177304964539,0.0089527035863387
greedy_multi,31.0,6.0,0.4454072294669411,0.0070416956633383
greedy_multi,26.0,3.0,0.4724836333878887,0.008691682922784
greedy_multi,29.0,6.0,0.4864269992663242,0.0078967478375047
greedy_multi,26.0,5.0,0.5066489361702128,0.0095357677273713
greedy_multi,18.0,4.0,0.496700157604413,0.0126877582689533
greedy_multi,18.0,2.0,0.4475965327029156,0.0112631577640045
greedy_multi,39.0,10.0,0.461788507001273,0.0063618167933193
greedy_multi,32.0,6.0,0.4820755762411347,0.0075630720253771
greedy_multi,25.0,4.0,0.4970212765957446,0.0094294250792213
greedy_multi,20.0,4.0,0.4538563829787234,0.0106965644805341
greedy_multi,28.0,7.0,0.5039260385005065,0.0094423586923829
greedy_multi,31.0,7.0,0.4525566231983527,0.007400346283854
greedy_multi,33.0,9.0,0.489173651407694,0.0077630108223359
greedy_multi,33.0,4.0,0.4533902858370943,0.0068930445782802
greedy_multi,38.0,9.0,0.4543906308324001,0.0063779935343479
greedy_multi,26.0,7.0,0.4966243862520458,0.0096839869096121
greedy_multi,38.0,9.0,0.465658827920866,0.0065071733601633
greedy_multi,19.0,3.0,0.4678984695782008,0.0107914598787996
greedy_multi,35.0,8.0,0.462031408308004,0.0066767823396145
greedy_multi,19.0,4.0,0.5029395296752519,0.0125844319929343
greedy_multi,24.0,3.0,0.5070921985815603,0.0106557192377981
greedy_multi,16.0,3.0,0.5016068262411347,0.0152588044126222
greedy_multi,27.0,6.0,0.4669687417914368,0.0083846580915018
greedy_multi,21.0,4.0,0.4732776089159068,0.010450899903747
greedy_multi,32.0,7.0,0.4914949024822695,0.0079540027998132
greedy_multi,14.0,1.0,0.4141970618034448,0.0146245760168409
greedy_multi,40.0,10.0,0.4434397163120567,0.0060894981389266
greedy_multi,27.0,6.0,0.4557065931179406,0.0078932342482351
greedy_multi,34.0,7.0,0.4835471422611597,0.0073284163338907
greedy_multi,9.0,1.0,0.4838455476753349,0.0246273972109358
greedy_multi,29.0,7.0,0.48009904622157,0.0077629319764728
greedy_multi,31.0,7.0,0.5078071379547014,0.0106640616964905
greedy_multi,29.0,8.0,0.4888420151626314,0.0082937957287597
greedy_multi,28.0,5.0,0.4855623100303951,0.0080507078340616
greedy_multi,19.0,2.0,0.4260451661067563,0.010561801775272
greedy_multi,26.0,4.0,0.4378750681942171,0.0078489153585132
greedy_multi,11.0,1.0,0.4671985815602836,0.0200101697559153
greedy_multi,32.0,7.0,0.4687777039007092,0.0072350460520861
greedy_multi,38.0,10.0,0.4567935796939156,0.0066399143463162
greedy_multi,13.0,1.0,0.4985679214402619,0.0182635079239224
greedy_multi,20.0,4.0,0.493040780141844,0.0114387146490367
greedy_multi,37.0,8.0,0.4627180371861222,0.006724121010884
greedy_multi,20.0,3.0,0.3970744680851064,0.0096634270786177
greedy_multi,28.0,7.0,0.4977520263424518,0.0085379249759923
greedy_multi,36.0,9.0,0.4966755319148936,0.0075921295510369
greedy_multi,14.0,1.0,0.4728976697061803,0.0151143564412335
greedy_multi,14.0,3.0,0.4956940222897669,0.0153418580348995
greedy_multi,18.0,3.0,0.474537037037037,0.0118751687315763
greedy_multi,31.0,8.0,0.4999428048501487,0.0083947687230174
greedy_multi,43.0,12.0,0.4741876958601352,0.0066857918188124
greedy_multi,31.0,7.0,0.4959391443605582,0.0080461805756739
greedy_multi,25.0,5.0,0.5076241134751773,0.0110993197022282
greedy_multi,25.0,5.0,0.5002836879432624,0.009432543634626
greedy_multi,24.0,5.0,0.4897310874704492,0.0098617972683997
greedy_multi,26.0,6.0,0.495771958537916,0.0090834287977965
greedy_multi,30.0,7.0,0.5010047281323877,0.0090297233819
greedy_multi,25.0,5.0,0.4652482269503546,0.0089398320004023
greedy_multi,33.0,8.0,0.4403879217709004,0.0067004558378088
greedy_multi,15.0,1.0,0.4819739952718676,0.0140013042882931
greedy_multi,41.0,11.0,0.477382805742951,0.0070827263233491
greedy_multi,25.0,4.0,0.5069503546099291,0.0103091393793068
greedy_multi,35.0,9.0,0.4841691995947315,0.0072005364315637
greedy_multi,34.0,9.0,0.4753337505214852,0.0076525150554101
greedy_multi,16.0,1.0,0.4596631205673759,0.0130837074342336
greedy_multi,37.0,9.0,0.4385183055395821,0.0062081377439005
greedy_multi,17.0,2.0,0.5078222778473092,0.0150312068746758
greedy_multi,18.0,3.0,0.5072399527186762,0.0143536114534256
greedy_multi,28.0,6.0,0.5047809017223911,0.0092528612447506
greedy_multi,19.0,4.0,0.4803098170959313,0.0110364337475569
greedy_multi,19.0,3.0,0.4956606942889137,0.0112383166509708
greedy_multi,32.0,8.0,0.4771442819148936,0.0074104549695197
greedy_multi,38.0,9.0,0.5001399776035834,0.0081923538370478
greedy_multi,12.0,1.0,0.4816784869976359,0.0201036444623287
greedy_multi,27.0,7.0,0.4861111111111111,0.0084777736430941
greedy_multi,22.0,4.0,0.4371776273372018,0.0094043400562894
greedy_multi,22.0,4.0,0.507495164410058,0.0139084201307697
greedy_multi,27.0,6.0,0.4895258733911216,0.0090571295901284
greedy_multi,25.0,6.0,0.4995744680851064,0.0099827976459936
greedy_multi,25.0,6.0,0.50677304964539,0.0108959697701323
greedy_multi,24.0,4.0,0.5066119976359338,0.0115534421452607
greedy_multi,41.0,11.0,0.4933402525514617,0.0077492609880664
greedy_multi,28.0,6.0,0.4981952887537994,0.0092453227683671
greedy_multi,39.0,10.0,0.4866112020367339,0.0069665614738727
greedy_multi,31.0,8.0,0.4845287119652253,0.007978290776792
greedy_multi,22.0,3.0,0.4836395873629916,0.0100043021993256
greedy_multi,17.0,2.0,0.4976533166458073,0.0131175145010738
greedy_multi,38.0,9.0,0.4869120940649497,0.007191651454095
greedy_multi,32.0,7.0,0.4387189716312056,0.0068032847198644
greedy_multi,28.0,6.0,0.5078837386018237,0.0117464929965308
greedy_multi,38.0,10.0,0.4869587532661441,0.0076349051571183
greedy_multi,28.0,6.0,0.5071555217831814,0.0103473728313568
greedy_multi,37.0,8.0,0.4740272187080697,0.0067530550383253
greedy_multi,21.0,1.0,0.4480749746707193,0.0095261747876053
greedy_multi,35.0,8.0,0.4860435663627153,0.0073562383682913
greedy_multi,19.0,2.0,0.5000933184023889,0.0124850112323449
greedy_multi,21.0,3.0,0.4957362377575143,0.0107045491393747
greedy_multi,36.0,7.0,0.446340622537431,0.0063163141049972
greedy_multi,29.0,5.0,0.4384935191978479,0.0075109206556657
greedy_multi,18.0,2.0,0.4847813238770685,0.0123904258695721
greedy_multi,23.0,5.0,0.5078630897317299,0.0134958009608969
greedy_multi,22.0,4.0,0.5081802063185041,0.0148446515418599
greedy_multi,8.0,1.0,0.4519060283687943,0.0266652500345808
greedy_multi,23.0,4.0,0.4919056429232192,0.0096141928691213
greedy_multi,31.0,7.0,0.4815259665980325,0.0075442607500057
greedy_multi,21.0,4.0,0.4978047956771361,0.0122296256832463
greedy_multi,36.0,9.0,0.4539007092198581,0.0066908522374796
greedy_multi,22.0,4.0,0.4960912314635718,0.0103903982180544
greedy_multi,21.0,4.0,0.4636102668017561,0.0101905587109515
greedy_multi,29.0,5.0,0.505930545365615,0.0092960031031247
greedy_multi,23.0,3.0,0.5078245451742214,0.0128093069999959
greedy_multi,16.0,2.0,0.4931294326241134,0.0142341561195362
greedy_multi,42.0,10.0,0.4647922998986828,0.0065099715757737
greedy_multi,37.0,8.0,0.4491086831512363,0.0063763431864443
greedy_multi,13.0,2.0,0.4735406437534096,0.0182578948292636
greedy_multi,24.0,5.0,0.4988549054373523,0.010173715846701
greedy_multi,11.0,1.0,0.496776273372018,0.0202258188286421
greedy_multi,13.0,2.0,0.5045008183306056,0.019179037611064
greedy_multi,7.0,1.0,0.4830293819655522,0.032278216100081
greedy_multi,7.0,1.0,0.5073454913880446,0.0330188473457891
greedy_multi,10.0,2.0,0.5079787234042553,0.0250072619586539
greedy_multi,10.0,2.0,0.5010638297872341,0.0225520597555453
greedy_multi,27.0,7.0,0.5076175466246389,0.0119641738025752
greedy_multi,10.0,1.0,0.413031914893617,0.0187220131658366
greedy_multi,17.0,4.0,0.4952023362536503,0.0126705454547986
greedy_multi,13.0,1.0,0.3529732678668849,0.0128894139062331
greedy_multi,38.0,11.0,0.491368047779022,0.0072264265140745
greedy_multi,20.0,1.0,0.4360815602836879,0.0093807451209697
greedy_multi,10.0,1.0,0.4861702127659574,0.0216172476233592
greedy_multi,37.0,10.0,0.505055587502396,0.0089743840487496
greedy_multi,35.0,9.0,0.5068895643363729,0.0097122675839613
greedy_multi,39.0,10.0,0.503341516639389,0.0081138546665281
greedy_multi,40.0,11.0,0.4964982269503545,0.0073569751741612
greedy_multi,16.0,1.0,0.4822695035460992,0.0126510550274131
greedy_multi,37.0,9.0,0.4970049837071114,0.0073383714685652
greedy_multi,32.0,9.0,0.4938497340425531,0.0077919891665959
greedy_multi,9.0,1.0,0.4543932230102442,0.0231367279603764
greedy_multi,33.0,9.0,0.4782935740382549,0.0073748606781516
greedy_multi,23.0,6.0,0.5014646931853222,0.0103479062900629
greedy_multi,14.0,3.0,0.4834726443768997,0.0157792781270498
greedy_multi,21.0,4.0,0.5089918946301926,0.0167168814736799
greedy_multi,38.0,9.0,0.4839492347891004,0.0068517617497238
greedy_multi,28.0,8.0,0.4938893110435663,0.0085870533869763
greedy_multi,25.0,3.0,0.4615248226950354,0.0080998025753231
greedy_multi,13.0,1.0,0.5068194217130387,0.0166873072294947
greedy_multi,25.0,6.0,0.4489007092198582,0.0085122667370856
greedy_multi,31.0,8.0,0.4696865705788149,0.0071714421934338
greedy_multi,23.0,2.0,0.5050878815911194,0.0100325671203015
greedy_multi,35.0,9.0,0.5042553191489362,0.0078600222343351
greedy_multi,11.0,1.0,0.4458413926499032,0.0180064150289263
greedy_multi,24.0,5.0,0.508311170212766,0.013898307723926
greedy_multi,16.0,1.0,0.4531804078014184,0.0121135275150819
greedy_multi,18.0,1.0,0.3872635933806146,0.0094891936303412
greedy_multi,22.0,4.0,0.508744358478401,0.0141757048836236
greedy_multi,31.0,8.0,0.5073495767558911,0.0105787465793479
greedy_multi,19.0,3.0,0.5090518850317283,0.0171279413758399
greedy_multi,17.0,3.0,0.487223612849395,0.0122235709695873
greedy_multi,20.0,4.0,0.4633421985815603,0.0103117907015492
greedy_multi,14.0,2.0,0.5087386018237082,0.0183597346815593
greedy_multi,15.0,3.0,0.483628841607565,0.0139321427773026
greedy_multi,34.0,8.0,0.4300166875260742,0.0061516868794935
greedy_multi,37.0,9.0,0.4779806402146827,0.0066280686510963
greedy_multi,42.0,11.0,0.4595997973657548,0.0061213978700478
greedy_multi,42.0,11.0,0.4441067207024654,0.0059060309065698
greedy_multi,40.0,10.0,0.4408909574468085,0.0057675350955371
greedy_multi,9.0,1.0,0.4671000788022064,0.0243531962708984
greedy_multi,21.0,4.0,0.5078098615332658,0.0125634411796675
greedy_multi,26.0,6.0,0.5080469176213858,0.012687565720177
greedy_multi,41.0,11.0,0.4994378135270714,0.0078491993901488
greedy_multi,23.0,3.0,0.4772972556275054,0.0089095676339437
greedy_multi,32.0,8.0,0.5039339539007093,0.0079701733861397
greedy_multi,11.0,1.0,0.4862185686653772,0.0197239107295848
greedy_multi,33.0,9.0,0.5009939823769611,0.0085370031289016
greedy_multi,39.0,9.0,0.5057965084560829,0.0086602888890079
greedy_multi,13.0,1.0,0.3957310420076377,0.0141080507049487
greedy_multi,37.0,8.0,0.5056545907609737,0.0084576825978707
greedy_multi,21.0,3.0,0.4865754812563323,0.0096218118553693
greedy_multi,31.0,7.0,0.4234156943491192,0.0065996967858864
greedy_multi,34.0,7.0,0.4680851063829787,0.0066043260166154
greedy_multi,37.0,9.0,0.4369369369369369,0.005872606361393
greedy_multi,22.0,5.0,0.4481382978723404,0.0093498838102203
greedy_multi,40.0,11.0,0.4837544326241135,0.0067324246257419
greedy_multi,16.0,3.0,0.497229609929078,0.0129993063218335
greedy_multi,31.0,8.0,0.4874742621825669,0.0074998759528664
greedy_multi,34.0,8.0,0.4878233208176888,0.006963099315277
greedy_multi,19.0,4.0,0.4843691675998507,0.0112338405723194
greedy_multi,35.0,9.0,0.4947315096251266,0.0072395754740707
greedy_multi,36.0,8.0,0.4785510244286839,0.0067108054255769
greedy_multi,43.0,10.0,0.4497979548078509,0.0058482804861723
greedy_multi,17.0,2.0,0.5087088026700042,0.0144827962318702
greedy_multi,27.0,7.0,0.5032834252692409,0.0097251830835171
greedy_multi,33.0,9.0,0.499274661508704,0.0076875734483815
greedy_multi,33.0,9.0,0.4888781431334623,0.0074960217841612
greedy_multi,17.0,2.0,0.4704317897371715,0.0116290952577873
greedy_multi,15.0,1.0,0.434160756501182,0.0124815848744473
greedy_multi,32.0,9.0,0.4849567819148936,0.0074156494509028
greedy_multi,42.0,11.0,0.4706813576494428,0.0062873953873335
greedy_multi,31.0,4.0,0.4484671699839853,0.006735442035156
greedy_multi,35.0,9.0,0.5046859169199595,0.0087593419365633
greedy_multi,20.0,4.0,0.4326241134751772,0.0097424048086112
greedy_multi,13.0,1.0,0.4830878341516639,0.0162169791918721
greedy_multi,25.0,3.0,0.4116312056737588,0.007371098033298
greedy_multi,11.0,1.0,0.5067698259187621,0.0198973146419542
greedy_multi,27.0,7.0,0.4935644864722879,0.0087508673866018
greedy_multi,18.0,3.0,0.4596631205673758,0.0112795336534789
greedy_multi,28.0,4.0,0.461499493414387,0.0075819749961249
greedy_multi,34.0,8.0,0.4943940342094284,0.0072639975751482
greedy_multi,40.0,9.0,0.4572473404255319,0.0060484290709408
greedy_multi,20.0,4.0,0.4745124113475177,0.0105183792785824
greedy_multi,21.0,5.0,0.4764437689969605,0.0098904168578552
greedy_multi,23.0,3.0,0.4961840888066605,0.0093534421466515
greedy_multi,35.0,9.0,0.4600557244174265,0.0066256156529309
greedy_multi,28.0,5.0,0.4265134245187437,0.0072948943776054
greedy_multi,27.0,4.0,0.490445232466509,0.0082729282699137
greedy_multi,19.0,3.0,0.489315042926465,0.0108089962667065
greedy_multi,20.0,3.0,0.3888741134751773,0.0089608777696041
greedy_multi,26.0,6.0,0.4920212765957447,0.0086442169294878
greedy_multi,30.0,7.0,0.4801418439716312,0.0074385929614539
greedy_multi,30.0,8.0,0.5053782505910165,0.0091436512527315
greedy_multi,16.0,3.0,0.5079787234042553,0.0201324835898597
greedy_multi,28.0,3.0,0.4356003039513678,0.0070970705224144
greedy_multi,24.0,6.0,0.4927600472813239,0.0095516019971608
greedy_multi,30.0,7.0,0.5022163120567377,0.0083806277559814
greedy_multi,32.0,6.0,0.5070367907801419,0.0094252176180697
greedy_multi,38.0,10.0,0.489898282941396,0.0069539316194167
greedy_multi,31.0,8.0,0.48075383207504,0.0074044353903122
greedy_multi,33.0,7.0,0.4943316140124651,0.0074410538560726
greedy_multi,31.0,7.0,0.5069778082818577,0.0096726406614674
greedy_multi,33.0,9.0,0.4731356114334837,0.0069875700731566
greedy_multi,29.0,6.0,0.4566825629738322,0.0071153436894229
greedy_multi,34.0,7.0,0.5058406341259909,0.0090335941760046
greedy_multi,14.0,2.0,0.4963905775075988,0.0153699869773623
greedy_multi,27.0,4.0,0.4209351195166798,0.007215652611778
greedy_multi,32.0,7.0,0.4591644503546099,0.0067163508372866
greedy_multi,28.0,7.0,0.4994617527862209,0.0083029651025001
greedy_multi,31.0,7.0,0.4435197895218485,0.0067748569323059
greedy_multi,17.0,2.0,0.4970275344180225,0.0119975940539984
greedy_multi,27.0,7.0,0.4994746519569215,0.0088406505677229
greedy_multi,24.0,4.0,0.5067966903073285,0.0104874436927496
greedy_multi,23.0,5.0,0.4923296330558125,0.0095102708350032
greedy_multi,35.0,10.0,0.4884751773049645,0.0071431952515426
greedy_multi,27.0,5.0,0.492612293144208,0.0083072114730796
greedy_multi,24.0,6.0,0.4787234042553192,0.0090158840936907
greedy_multi,27.0,7.0,0.4836813764118728,0.0083630305651272
greedy_multi,22.0,4.0,0.4710267569310122,0.0095882078298728
greedy_multi,29.0,6.0,0.5060833944729762,0.0101269308853193
greedy_multi,37.0,10.0,0.4956871765382403,0.0074297622350428
greedy_multi,30.0,8.0,0.4984042553191489,0.0081574220780309
greedy_multi,26.0,6.0,0.481860338243317,0.0085362008983035
greedy_multi,30.0,6.0,0.4409574468085106,0.0069395088275237
greedy_multi,22.0,5.0,0.4900064474532559,0.0101501142541926
greedy_multi,24.0,4.0,0.4887337470449173,0.0088475962685443
greedy_multi,12.0,1.0,0.467789598108747,0.016988494738136
greedy_multi,18.0,3.0,0.4350866824271079,0.0109775754473686
greedy_multi,24.0,4.0,0.5079417848699764,0.0128207809884611
greedy_multi,29.0,6.0,0.4854793348006848,0.0078595831508415
greedy_multi,24.0,5.0,0.4982269503546099,0.0091083614170984
greedy_multi,15.0,1.0,0.4677304964539007,0.0134267642472712
greedy_multi,28.0,6.0,0.5036410840932117,0.0086925519580664
greedy_multi,26.0,6.0,0.4729950900163666,0.0082408972439268
greedy_multi,13.0,1.0,0.4255319148936171,0.0150071922018852
greedy_multi,34.0,6.0,0.45976741760534,0.0065694236840254
greedy_multi,31.0,7.0,0.5074925646305194,0.0109991304400622
greedy_multi,29.0,5.0,0.4939471753484959,0.0081265597786018
greedy_multi,37.0,9.0,0.4433582518688902,0.006102489505766
greedy_multi,34.0,8.0,0.4515801001251565,0.0063221370169376
greedy_multi,40.0,10.0,0.4689716312056737,0.0063422048689703
greedy_multi,29.0,5.0,0.5034849596478357,0.0084841571619866
greedy_multi,33.0,6.0,0.4500859660434129,0.0065447926410997
greedy_multi,33.0,7.0,0.488555770470664,0.0072803445653151
greedy_multi,28.0,6.0,0.476063829787234,0.0079802150602205
greedy_multi,29.0,7.0,0.4925103937393005,0.0078815180630937
greedy_multi,39.0,9.0,0.4678350609201672,0.0062965864637856
greedy_multi,15.0,3.0,0.507565011820331,0.0173501780035655
greedy_multi,27.0,7.0,0.5066653532965589,0.0108711379605083
greedy_multi,22.0,4.0,0.5045535138620245,0.010919787755222
greedy_multi,22.0,5.0,0.4996776273372018,0.0103890877996808
greedy_multi,16.0,3.0,0.5043772163120568,0.0152283743301943
greedy_multi,16.0,2.0,0.4234818262411347,0.0117888908487925
greedy_multi,35.0,8.0,0.4610688956433637,0.0062105234050765
greedy_multi,21.0,3.0,0.4953562985477879,0.0102307639183299
greedy_multi,20.0,3.0,0.507491134751773,0.0131331559497761
greedy_multi,14.0,1.0,0.5093085106382979,0.0246501080343862
greedy_multi,31.0,8.0,0.4919068862960421,0.007829277194887
greedy_multi,40.0,10.0,0.4599955673758865,0.0061783466115575
greedy_multi,27.0,6.0,0.4571184659837142,0.0080698218529192
greedy_multi,29.0,7.0,0.5047077525067254,0.0098951088046408
greedy_multi,40.0,10.0,0.4796099290780142,0.0066033052914843
greedy_multi,21.0,2.0,0.415273556231003,0.0090804155901081
greedy_multi,25.0,6.0,0.4997163120567376,0.0093474372516473
greedy_multi,19.0,3.0,0.499113475177305,0.0113496787011526
greedy_multi,25.0,6.0,0.5023758865248227,0.0105787523263417
greedy_multi,22.0,3.0,0.4587765957446809,0.0090433335967809
greedy_multi,30.0,7.0,0.4823877068557919,0.0078458354989968
greedy_multi,39.0,11.0,0.4754273504273504,0.0066492518841809
greedy_multi,15.0,2.0,0.4465721040189125,0.0135126782131459
greedy_multi,24.0,3.0,0.5049128250591016,0.0099908242563216
greedy_multi,9.0,1.0,0.5067966903073287,0.0279285882947985
greedy_multi,28.0,5.0,0.4427874873353596,0.0073865109246315
greedy_multi,23.0,3.0,0.4420289855072463,0.0085010300893339
greedy_multi,30.0,6.0,0.4206560283687943,0.0066803024872994
greedy_multi,25.0,5.0,0.4825886524822695,0.0087294690910919
greedy_multi,27.0,5.0,0.5074205411084844,0.0111766821573271
greedy_multi,18.0,3.0,0.5041863672182821,0.0123965580349685
greedy_multi,19.0,4.0,0.5011664800298619,0.0121054741605906
greedy_multi,21.0,3.0,0.5063323201621074,0.011378180616847
greedy_multi,24.0,4.0,0.4539007092198581,0.0088271308032795
greedy_multi,23.0,5.0,0.4712072155411656,0.0089076659598144
greedy_multi,19.0,2.0,0.5053191489361702,0.0115628345302751
greedy_multi,30.0,6.0,0.4947399527186761,0.0079549954171766
greedy_multi,24.0,5.0,0.507276891252955,0.0109655038079873
greedy_multi,29.0,5.0,0.4702555637075079,0.0074871830659367
greedy_multi,28.0,5.0,0.4835359675785207,0.0078795363022227
greedy_multi,24.0,4.0,0.4359855200945626,0.0082011391717349
greedy_multi,29.0,4.0,0.506052824651504,0.0097330566035569
greedy_multi,23.0,4.0,0.4928307123034228,0.0097891944308713
greedy_multi,16.0,1.0,0.5068705673758865,0.0149544575379759
greedy_multi,23.0,4.0,0.4809204440333025,0.0094799153617141
greedy_multi,35.0,8.0,0.473353596757852,0.0066036180580577
greedy_multi,34.0,8.0,0.5055016687526074,0.0094216507064351
greedy_multi,26.0,4.0,0.4794735406437534,0.0082183472058154
greedy_multi,31.0,6.0,0.4746339510409517,0.0072550292541871
greedy_multi,28.0,7.0,0.4743857649442756,0.0079366432681983
greedy_multi,19.0,3.0,0.5079320642030608,0.0150546635444886
greedy_multi,22.0,5.0,0.5045535138620245,0.0110296875266305
greedy_multi,17.0,3.0,0.4718919482686691,0.012093689176378
greedy_multi,20.0,3.0,0.4695921985815602,0.0100682734143152
greedy_multi,33.0,8.0,0.5073339780786589,0.0103663392398268
greedy_multi,10.0,1.0,0.5084219858156028,0.0232358077435743
greedy_multi,29.0,6.0,0.5080398630471998,0.011301009399207
greedy_multi,31.0,6.0,0.4863017616106154,0.0072864728472078
greedy_multi,21.0,4.0,0.4967494089834515,0.0102377410188124
greedy_multi,25.0,5.0,0.4557801418439716,0.0084559516623913
greedy_multi,29.0,6.0,0.4651198337001712,0.0074124967082679
greedy_multi,26.0,5.0,0.4993180578286961,0.0090169087431162
greedy_multi,20.0,4.0,0.4966312056737588,0.0116287221467733
greedy_multi,26.0,3.0,0.5054214402618658,0.0091991215613819
greedy_multi,21.0,3.0,0.4443177980412023,0.0095319685433316
greedy_multi,7.0,1.0,0.5067122593718338,0.0327020869838802
greedy_multi,7.0,1.0,0.4830293819655522,0.032278216100081
greedy_multi,10.0,2.0,0.5041666666666667,0.0238212913711584
greedy_multi,10.0,2.0,0.5010638297872341,0.0225520597555453
greedy_multi,8.0,1.0,0.4622118794326241,0.0265945535113612
greedy_multi,11.0,1.0,0.5097517730496454,0.0352633227102083
greedy_multi,9.0,1.0,0.4240543735224586,0.0229075091703041
greedy_multi,25.0,6.0,0.5079432624113476,0.0133071173482219
greedy_multi,23.0,6.0,0.4936401480111008,0.0097867385970151
greedy_multi,10.0,1.0,0.4732269503546099,0.0212690194155224
greedy_multi,9.0,1.0,0.5087667454688731,0.0247020602057549
greedy_multi,8.0,1.0,0.507313829787234,0.0284815256243398
greedy_multi,20.0,5.0,0.5065159574468086,0.0157266025822393
greedy_multi,20.0,5.0,0.4859929078014184,0.0106371347014737
greedy_multi,23.0,6.0,0.5065525747764416,0.0135582650133132
greedy_multi,28.0,7.0,0.5062689969604863,0.0114312453421839
greedy_multi,32.0,9.0,0.50213320035461,0.0088252020604136
greedy_multi,18.0,4.0,0.5088652482269503,0.0187354341666247
greedy_multi,19.0,5.0,0.5022863008585293,0.0120917846749098
greedy_multi,21.0,2.0,0.5056568726781493,0.0108716520325414
greedy_multi,11.0,1.0,0.3766118633139909,0.017291046759209
greedy_multi,26.0,7.0,0.4928055100927441,0.008788570424127
greedy_multi,17.0,4.0,0.4914997914059241,0.0125047422083542
greedy_multi,28.0,8.0,0.494047619047619,0.0088252943021179
greedy_multi,10.0,1.0,0.4522163120567375,0.0212362227126403
greedy_multi,10.0,1.0,0.5088652482269503,0.0223682158845128
greedy_multi,27.0,5.0,0.5061728395061729,0.0097367746873043
greedy_multi,35.0,9.0,0.4682877406281662,0.0070837811509091
greedy_multi,25.0,7.0,0.5014893617021277,0.0105169307378904
greedy_multi,18.0,3.0,0.4220843183609141,0.0102149358901513
greedy_multi,12.0,1.0,0.5097517730496454,0.0313765341280618
greedy_multi,29.0,8.0,0.4886280264123257,0.0083986042757019
greedy_multi,17.0,4.0,0.501720901126408,0.0126599259321336
greedy_multi,26.0,5.0,0.5082174031642117,0.0125444701726009
greedy_multi,32.0,9.0,0.4967032358156028,0.0082371020351855
greedy_multi,17.0,3.0,0.5093345848977888,0.0214532714243173
greedy_multi,33.0,8.0,0.4432086825703847,0.0064719764647402
greedy_multi,8.0,1.0,0.4854831560283688,0.0281442036169896
greedy_multi,22.0,5.0,0.5086637653127015,0.0149390796078609
greedy_multi,12.0,1.0,0.4918735224586288,0.0179353394013826
greedy_multi,33.0,9.0,0.4902482269503546,0.0078502493590305
greedy_multi,34.0,9.0,0.4790362953692115,0.007404273855043
greedy_multi,18.0,4.0,0.45951536643026,0.0111116292402758
greedy_multi,19.0,3.0,0.4866088092571855,0.0110336187817514
greedy_multi,28.0,7.0,0.4949658054711246,0.0088387743409382
greedy_multi,28.0,7.0,0.4621643870314083,0.0075275686492153
greedy_multi,11.0,1.0,0.50177304964539,0.0196908953313538
greedy_multi,12.0,1.0,0.5085697399527187,0.0190114689346052
greedy_multi,14.0,2.0,0.4733409321175278,0.0148351400976115
greedy_multi,18.0,2.0,0.4963553979511426,0.0118289373469675
greedy_multi,30.0,7.0,0.4960697399527187,0.0083228115271979
greedy_multi,15.0,2.0,0.4813238770685579,0.0139065215811859
greedy_multi,37.0,9.0,0.4491805635422656,0.0065261198350418
greedy_multi,22.0,5.0,0.5076563507414571,0.0116273893197583
greedy_multi,26.0,7.0,0.5003409710856519,0.0090487317810201
greedy_multi,18.0,2.0,0.4416863672182821,0.0105431328751751
greedy_multi,18.0,4.0,0.5088159968479117,0.0154665606617086
greedy_multi,32.0,8.0,0.4896387411347517,0.0077847930292663
greedy_multi,29.0,7.0,0.4488261188554658,0.0071762263410216
greedy_multi,18.0,3.0,0.4967494089834516,0.0120286596452596
greedy_multi,14.0,2.0,0.4934777102330294,0.0152319205843647
greedy_multi,22.0,5.0,0.491416827852998,0.0100389397883314
greedy_multi,23.0,3.0,0.5041628122109159,0.0105304729492084
greedy_multi,30.0,5.0,0.4676713947990543,0.0074970204662184
greedy_multi,32.0,7.0,0.441156914893617,0.0064728027270069
greedy_multi,15.0,1.0,0.4307328605200945,0.0129877213866952
greedy_multi,21.0,3.0,0.5079787234042553,0.0123436669698311
greedy_multi,16.0,3.0,0.4895279255319149,0.0130462255056256
greedy_multi,20.0,4.0,0.5089982269503546,0.0173192978691966
greedy_multi,23.0,2.0,0.4737126117792167,0.0091428629361715
greedy_multi,32.0,7.0,0.4870068705673759,0.0077674803938414
greedy_multi,27.0,6.0,0.4942540057788285,0.0084868640823737
greedy_multi,30.0,7.0,0.5034869976359339,0.0089003703983144
greedy_multi,21.0,5.0,0.5078520770010131,0.0128602985382071
greedy_multi,11.0,1.0,0.45357833655706,0.0191655848164345
greedy_multi,28.0,7.0,0.4805914387031408,0.0081843784532637
greedy_multi,23.0,3.0,0.4887835337650323,0.0096175846832129
greedy_multi,17.0,2.0,0.4628702544847726,0.0116830522230106
greedy_multi,18.0,4.0,0.4788219070133964,0.0115688248628723
greedy_multi,13.0,2.0,0.5029323513366066,0.0173546981388373
greedy_multi,35.0,7.0,0.4485309017223911,0.0063638136709338
greedy_multi,29.0,6.0,0.5062056737588653,0.0097459407478659
greedy_multi,28.0,7.0,0.4878736068895643,0.0082511902051261
greedy_multi,21.0,5.0,0.4667342114150624,0.0099216756937337
greedy_multi,24.0,6.0,0.4848921394799054,0.0092449474874635
greedy_multi,31.0,6.0,0.4839567604667124,0.0079159858795106
greedy_multi,30.0,6.0,0.4384160756501182,0.0067472153759312
greedy_multi,22.0,5.0,0.4993552546744036,0.0101689764844626
greedy_multi,22.0,6.0,0.5030222437137332,0.0119497928350337
greedy_multi,16.0,1.0,0.46875,0.0129446476063829
greedy_multi,12.0,2.0,0.5048758865248227,0.0193812690718105
greedy_multi,17.0,3.0,0.4419065498539841,0.0117911673940916
greedy_multi,20.0,5.0,0.506427304964539,0.014069948616141
greedy_multi,17.0,3.0,0.4794013350020859,0.0123244741114476
greedy_multi,23.0,3.0,0.4257631822386679,0.0083381219865001
greedy_multi,26.0,6.0,0.5057624113475178,0.0100660958870218
greedy_multi,15.0,2.0,0.4607565011820331,0.0138815396050946
greedy_multi,16.0,2.0,0.5057070035460993,0.0141206603853475
greedy_multi,22.0,4.0,0.5088249516441006,0.0150681403914238
greedy_multi,27.0,4.0,0.4628316259521933,0.0078583138949727
greedy_multi,17.0,2.0,0.4863370880267,0.0121817265149787
greedy_multi,23.0,6.0,0.5046253469010176,0.0115721387244653
greedy_multi,12.0,1.0,0.4349881796690307,0.0170254332724153
greedy_multi,25.0,4.0,0.5042198581560284,0.0100446041446608
greedy_multi,28.0,5.0,0.479894883485309,0.0078945160166639
greedy_multi,16.0,2.0,0.4972850177304964,0.0131069628695032
greedy_multi,17.0,3.0,0.4651126408010013,0.0118690828726771
greedy_multi,23.0,5.0,0.4826934936786926,0.0094003065284759
greedy_multi,19.0,4.0,0.4981802911534155,0.0114944981330051
greedy_multi,14.0,1.0,0.4044452887537994,0.014629067024048
greedy_multi,13.0,1.0,0.4569012547735952,0.0160513487201512
greedy_multi,24.0,6.0,0.5042848699763594,0.0103675244440532
greedy_multi,20.0,4.0,0.5086436170212766,0.0133893836294703
greedy_multi,18.0,3.0,0.5090622537431048,0.0188960736133078
greedy_multi,26.0,5.0,0.4793371522094926,0.0082651865508056
greedy_multi,26.0,5.0,0.4389320785597381,0.0074925919706722
greedy_multi,12.0,1.0,0.4792405437352245,0.0176627703499013
greedy_multi,33.0,8.0,0.4604287556415216,0.0069086101040862
greedy_multi,18.0,4.0,0.4960106382978723,0.0122121079334074
greedy_multi,18.0,3.0,0.4876871552403467,0.0116468353213967
greedy_multi,17.0,2.0,0.4243846474760117,0.0111048171742977
greedy_multi,31.0,6.0,0.4688000457561199,0.0072977195256102
greedy_multi,15.0,1.0,0.5094562647754137,0.0238743300415247
greedy_multi,26.0,7.0,0.4708810692853246,0.0080907760271246
greedy_multi,26.0,5.0,0.4952945990180032,0.0088378617195389
greedy_multi,14.0,1.0,0.50943515704154,0.026239860428478
greedy_multi,19.0,2.0,0.5077454273982829,0.0129161777813448
greedy_multi,15.0,3.0,0.4952718676122931,0.0142487243543529
greedy_multi,21.0,3.0,0.4594731509625126,0.0093134935177229
greedy_multi,23.0,4.0,0.4208680234350909,0.0080163750663328
greedy_multi,17.0,4.0,0.5055798915310805,0.0144170721284723
greedy_multi,24.0,3.0,0.4752142434988179,0.0086680121178477
greedy_multi,31.0,8.0,0.4780370624571036,0.0079843565573119
greedy_multi,30.0,7.0,0.506323877068558,0.0108386531808706
greedy_multi,27.0,7.0,0.5029550827423168,0.0096372412769559
greedy_multi,23.0,5.0,0.5053962380511872,0.0110817682792958
greedy_multi,23.0,4.0,0.5053962380511872,0.0105991233852765
greedy_multi,24.0,4.0,0.4878841607565012,0.0092171248791419
greedy_multi,33.0,8.0,0.4690253599828068,0.0069484707829306
greedy_multi,24.0,5.0,0.5078679078014184,0.0133206191749764
greedy_multi,15.0,3.0,0.5051418439716312,0.014473167429539
greedy_multi,32.0,8.0,0.4835161790780142,0.0075710847892126
greedy_multi,34.0,9.0,0.4867021276595744,0.0076761200379281
greedy_multi,24.0,4.0,0.4676787825059101,0.0084716287933167
greedy_multi,23.0,4.0,0.4533225408572309,0.0089589160775993
greedy_multi,12.0,2.0,0.4963800236406619,0.0187947661415282
greedy_multi,27.0,5.0,0.4308510638297872,0.0073743946233173
greedy_multi,25.0,6.0,0.4938297872340426,0.0091477440772597
greedy_multi,17.0,3.0,0.5056320400500626,0.0147845946356599
greedy_multi,10.0,1.0,0.3904255319148936,0.0195537196318094
greedy_multi,21.0,3.0,0.5087808172914555,0.0152129376137222
greedy_multi,23.0,4.0,0.5082870798643232,0.0119907432564971
greedy_multi,28.0,7.0,0.5031028368794327,0.0089098976602109
greedy_multi,25.0,5.0,0.505354609929078,0.0104535976560534
greedy_multi,20.0,5.0,0.5005762411347517,0.011025820428424
greedy_multi,24.0,5.0,0.5025118203309692,0.0097824023425492
greedy_multi,30.0,6.0,0.4576241134751773,0.0074123220662944
greedy_multi,14.0,2.0,0.5087386018237082,0.0184682887414811
greedy_multi,14.0,1.0,0.5042426545086119,0.0162515396135064
greedy_multi,24.0,5.0,0.4934249408983451,0.0092344971242085
greedy_multi,23.0,5.0,0.4722479185938945,0.009241351827875
greedy_multi,24.0,5.0,0.4548611111111111,0.0084591808674809
greedy_multi,18.0,2.0,0.5090622537431048,0.018830405107923
greedy_multi,27.0,6.0,0.4338718150774888,0.0077976261568403
greedy_multi,30.0,5.0,0.4426713947990544,0.0068789156592838
greedy_multi,15.0,2.0,0.508983451536643,0.0172479027994344
greedy_multi,26.0,5.0,0.4723813420621931,0.0081024579606647
greedy_multi,22.0,5.0,0.4804964539007093,0.0097084107048508
greedy_multi,24.0,4.0,0.4970818557919621,0.0095878078189359
greedy_multi,32.0,7.0,0.4690824468085106,0.0072236815890486
greedy_multi,20.0,4.0,0.4791223404255319,0.0104750275860118
greedy_multi,18.0,4.0,0.5018715524034673,0.012911303350615
greedy_multi,29.0,6.0,0.4487649792125214,0.0070244949123862
greedy_multi,31.0,8.0,0.501858842370167,0.0086219423035845
greedy_multi,31.0,8.0,0.496282315259666,0.0081706202634079
greedy_multi,21.0,3.0,0.5037571766295171,0.0106965508693963
greedy_multi,20.0,5.0,0.5045212765957447,0.0121160828806398
greedy_multi,36.0,8.0,0.4490494483845547,0.0063014397227935
greedy_multi,21.0,5.0,0.4867865585950692,0.0104838054422681
greedy_multi,22.0,4.0,0.4658284977433913,0.0094779329572942
greedy_multi,19.0,3.0,0.5085852930197835,0.0132315323264839
greedy_multi,12.0,1.0,0.4259013002364066,0.0168633523544952
greedy_multi,31.0,8.0,0.5054335392358728,0.0104464140983283
greedy_multi,26.0,6.0,0.5062738679759956,0.0118526609063573
greedy_multi,28.0,6.0,0.5075987841945289,0.0114942196887809
greedy_multi,20.0,3.0,0.4438829787234042,0.009537050135808
greedy_multi,20.0,2.0,0.4660017730496454,0.0101894219826719
greedy_multi,25.0,4.0,0.4417375886524822,0.0080154205019868
greedy_multi,29.0,7.0,0.471906334067009,0.0077323472027768
greedy_multi,26.0,6.0,0.5004773595199127,0.0091430429323707
greedy_multi,21.0,4.0,0.5041371158392435,0.0117388869099942
greedy_multi,26.0,6.0,0.4778027823240589,0.0081692605302585
greedy_multi,20.0,4.0,0.4637854609929078,0.0100515390793973
greedy_multi,27.0,6.0,0.5045967953769372,0.0091943497279319
greedy_multi,33.0,7.0,0.4747206103589082,0.007356771383626
greedy_multi,34.0,6.0,0.4467302878598248,0.0065651758749594
greedy_multi,26.0,5.0,0.4584356246590289,0.0079992586343626
greedy_multi,18.0,3.0,0.50852048857368,0.0141583136289007
greedy_multi,36.0,9.0,0.4609436564223798,0.0067488337048338
greedy_multi,11.0,2.0,0.4961315280464216,0.0203091659838851
greedy_multi,21.0,5.0,0.500548801080716,0.0109515973072662
greedy_multi,31.0,6.0,0.4884751773049645,0.0081346451226106
greedy_multi,26.0,5.0,0.5023186033824332,0.0095103402225489
greedy_multi,20.0,4.0,0.4916666666666667,0.0109766548463356
greedy_multi,24.0,6.0,0.500036938534279,0.010039584431447
greedy_multi,22.0,3.0,0.4414087685364281,0.0089637618104582
greedy_multi,34.0,8.0,0.4741082603254067,0.0072201488725999
greedy_multi,25.0,6.0,0.469290780141844,0.0083562345958453
greedy_multi,16.0,2.0,0.4527371453900709,0.0125566425652554
greedy_multi,16.0,2.0,0.5091422872340425,0.0218128891071799
greedy_multi,17.0,3.0,0.5026595744680851,0.013030056409164
greedy_multi,18.0,4.0,0.4854708431836091,0.0117214182681706
greedy_multi,19.0,3.0,0.5036394176931691,0.0117645193193127
greedy_multi,25.0,7.0,0.5002482269503546,0.0094098674613952
greedy_multi,31.0,8.0,0.5050617707618393,0.0103894307641915
greedy_multi,19.0,3.0,0.4639324374766704,0.0105947714907856
greedy_multi,26.0,6.0,0.4863952536824877,0.0084454136263876
greedy_multi,9.0,1.0,0.4867021276595744,0.0244707456123193
greedy_multi,27.0,5.0,0.4874573154714998,0.0083893154323092
greedy_multi,31.0,8.0,0.5032601235415237,0.0091738056577112
greedy_multi,7.0,1.0,0.4830293819655522,0.032278216100081
greedy_multi,10.0,2.0,0.5010638297872341,0.0225520597555453
greedy_multi,10.0,2.0,0.5031028368794326,0.0232616489990444
greedy_multi,7.0,1.0,0.5068389057750761,0.0329536635840393
greedy_multi,27.0,7.0,0.5060415024954031,0.0108620399746116
greedy_multi,28.0,8.0,0.4963589159067882,0.0086563672714258
greedy_multi,25.0,7.0,0.489645390070922,0.0092119309893868
greedy_multi,31.0,7.0,0.4238732555479295,0.006628981330697
greedy_multi,28.0,8.0,0.489741641337386,0.0085609985279761
greedy_multi,22.0,6.0,0.500886524822695,0.0105202855232434
greedy_multi,8.0,1.0,0.5068705673758865,0.0283215896301745
greedy_multi,26.0,7.0,0.4724154391707583,0.0085620283419333
greedy_multi,15.0,3.0,0.5088652482269503,0.0200632513455056
greedy_multi,8.0,1.0,0.4328457446808511,0.0255213343613248
greedy_multi,27.0,7.0,0.5041371158392435,0.0085100613050944
greedy_multi,24.0,7.0,0.5021054964539007,0.0097334879839733
greedy_multi,30.0,8.0,0.4696808510638298,0.0076820100430897
greedy_multi,31.0,8.0,0.4880748112560055,0.0079241510072862
greedy_multi,37.0,8.0,0.4680611462526356,0.00666657846381
greedy_multi,10.0,1.0,0.4553191489361702,0.020485891051758
greedy_multi,23.0,6.0,0.5024283071230342,0.0098950270532163
greedy_multi,38.0,9.0,0.4436123553564763,0.0059785296396871
greedy_multi,35.0,10.0,0.4986068895643363,0.0081830353614208
greedy_multi,33.0,8.0,0.4299108102299591,0.0063819456886472
greedy_multi,15.0,1.0,0.3146572104018912,0.0105889486891448
greedy_multi,12.0,1.0,0.3870419621749408,0.0158493764897668
greedy_multi,27.0,5.0,0.3973601260835303,0.0069961150532913
greedy_multi,16.0,3.0,0.4433178191489361,0.0125471868899247
greedy_multi,33.0,9.0,0.5044594885020417,0.0086353305150032
greedy_multi,22.0,2.0,0.5043117343649258,0.0101819393963296
greedy_multi,38.0,10.0,0.4692749160134378,0.0070893329986201
greedy_multi,10.0,1.0,0.4107269503546099,0.0203015992027564
greedy_multi,21.0,3.0,0.5075565687267815,0.0113732387267735
greedy_multi,12.0,2.0,0.4487293144208037,0.0170226170366457
greedy_multi,23.0,6.0,0.4823851372186247,0.0094699791143884
greedy_multi,10.0,1.0,0.4277482269503546,0.02042684441175
greedy_multi,24.0,4.0,0.5070921985815603,0.00988001001794
greedy_multi,11.0,2.0,0.4779174725983237,0.0202321322197654
greedy_multi,26.0,3.0,0.4879296235679214,0.0084048116991364
greedy_multi,17.0,4.0,0.4839904046725073,0.0125660934071565
greedy_multi,15.0,3.0,0.4601654846335697,0.0134644328197217
greedy_multi,11.0,1.0,0.5091876208897486,0.027639636623031
greedy_multi,38.0,9.0,0.4643756998880179,0.0066537643917249
greedy_multi,21.0,5.0,0.5082320162107395,0.0134612861919577
greedy_multi,37.0,9.0,0.4798016101207591,0.0070209605948306
greedy_multi,30.0,7.0,0.5062647754137116,0.0096337234321993
greedy_multi,18.0,1.0,0.5070429472025216,0.0125943203690041
greedy_multi,38.0,8.0,0.4382232176185144,0.0058666412801598
greedy_multi,24.0,6.0,0.5077570921985816,0.0125728062440269
greedy_multi,18.0,3.0,0.4204097714736012,0.0110128256956047
greedy_multi,12.0,1.0,0.4180703309692671,0.0163310183002056
greedy_multi,26.0,3.0,0.4416939443535188,0.0076111470870019
greedy_multi,25.0,7.0,0.4836879432624114,0.0090303707056989
greedy_multi,19.0,4.0,0.4825961179544606,0.0111310649298228
greedy_multi,13.0,2.0,0.5085924713584288,0.0208040912958733
greedy_multi,26.0,6.0,0.496487997817785,0.008696854224574
greedy_multi,25.0,2.0,0.451595744680851,0.0081619926060057
greedy_multi,23.0,5.0,0.4320074005550416,0.0085994654964524
greedy_multi,36.0,7.0,0.4403812056737589,0.0059777933478502
greedy_multi,23.0,1.0,0.4466157878507554,0.0086598659353018
greedy_multi,33.0,7.0,0.4294541156243284,0.0063421405803465
greedy_multi,28.0,7.0,0.5054774569402228,0.0097884860311071
greedy_multi,18.0,3.0,0.4453309692671394,0.0111190809855678
greedy_multi,22.0,5.0,0.4559155383623468,0.0091857437600832
greedy_multi,16.0,1.0,0.507313829787234,0.0139369777519993
greedy_multi,37.0,10.0,0.4769982748706153,0.0075020973036462
greedy_multi,27.0,7.0,0.4855857630680326,0.008321838973097
greedy_multi,28.0,4.0,0.4809713779128673,0.0077285813200147
greedy_multi,37.0,10.0,0.4893617021276595,0.0075657246078006
greedy_multi,21.0,5.0,0.4756416751097602,0.0098801285306301
greedy_multi,26.0,4.0,0.497545008183306,0.0086598842997491
greedy_multi,29.0,8.0,0.4806798728295427,0.0081462256908988
greedy_multi,17.0,4.0,0.4956716729244889,0.0126564232573082
greedy_multi,11.0,1.0,0.5072533849129593,0.0204327057978442
greedy_multi,24.0,6.0,0.4640218676122931,0.0087959502704284
greedy_multi,34.0,8.0,0.4981487275761368,0.0079177794457906
greedy_multi,21.0,4.0,0.488855116514691,0.010389453301566
greedy_multi,15.0,1.0,0.4444444444444445,0.0130286314683478
greedy_multi,23.0,3.0,0.4422602528522972,0.0088260915680814
greedy_multi,8.0,1.0,0.4847074468085106,0.0277470775331974
greedy_multi,28.0,8.0,0.4801165146909828,0.0084563259814261
greedy_multi,23.0,3.0,0.420713845205057,0.0085550361489235
greedy_multi,16.0,2.0,0.4976728723404255,0.0132093451151539
greedy_multi,29.0,5.0,0.4800379065786255,0.0074800957118757
greedy_multi,27.0,3.0,0.4200814289466772,0.0073109857906946
greedy_multi,27.0,4.0,0.4471040189125296,0.0074876488615492
greedy_multi,19.0,4.0,0.4949608062709966,0.0115608229073791
greedy_multi,26.0,7.0,0.5025913802509547,0.0090263956636662
greedy_multi,26.0,5.0,0.4960788325150027,0.0086308643213363
greedy_multi,21.0,4.0,0.4597264437689969,0.0096998270662825
greedy_multi,13.0,1.0,0.5074331696672123,0.0166051198045529
greedy_multi,16.0,2.0,0.5086436170212766,0.0163121451542932
greedy_multi,32.0,8.0,0.5056238918439716,0.0089885887620698
greedy_multi,27.0,6.0,0.4665418965064355,0.0078528188796728
greedy_multi,32.0,8.0,0.4571974734042553,0.0071673827130312
greedy_multi,33.0,8.0,0.443692241564582,0.0065576012905806
greedy_multi,17.0,2.0,0.4886316228619107,0.0122759723990965
greedy_multi,21.0,4.0,0.5080209388720027,0.0129541106887568
greedy_multi,25.0,3.0,0.4705673758865248,0.0084727277299934
greedy_multi,23.0,3.0,0.4991905642923219,0.0096321324903022
greedy_multi,14.0,2.0,0.5070921985815603,0.0152015461382982
greedy_multi,23.0,4.0,0.4951433857539315,0.0096226077771434
greedy_multi,12.0,2.0,0.4967494089834515,0.0186557063136776
greedy_multi,15.0,2.0,0.4954491725768321,0.0145104168413168
greedy_multi,28.0,7.0,0.4734992401215805,0.0080261346064569
greedy_multi,30.0,8.0,0.5053191489361702,0.0086635900273292
greedy_multi,15.0,1.0,0.5089243498817967,0.0193529800926624
greedy_multi,14.0,2.0,0.457256838905775,0.0144606542537793
greedy_multi,28.0,6.0,0.4964855623100304,0.0082501957678159
greedy_multi,20.0,1.0,0.4404255319148936,0.0096157763693979
greedy_multi,25.0,6.0,0.5054609929078014,0.0103531562798651
greedy_multi,30.0,7.0,0.5043439716312057,0.0084651724636587
greedy_multi,31.0,7.0,0.456817661862274,0.007009758924079
greedy_multi,25.0,6.0,0.4492553191489362,0.0083242681454655
greedy_multi,32.0,9.0,0.4926030585106383,0.0081309221692803
greedy_multi,24.0,6.0,0.4906914893617021,0.0094127113617691
greedy_multi,15.0,1.0,0.4765366430260047,0.01375995157297
greedy_multi,31.0,7.0,0.4936799359414321,0.007915717634127
greedy_multi,25.0,4.0,0.4856028368794326,0.0086835018359237
greedy_multi,20.0,4.0,0.5082890070921986,0.0143173739217091
greedy_multi,20.0,3.0,0.4589539007092198,0.0099552886549972
greedy_multi,21.0,5.0,0.5075565687267815,0.0121773428743427
greedy_multi,26.0,6.0,0.483803873431533,0.0084521195770903
greedy_multi,10.0,1.0,0.5073581560283688,0.0227206802348977
greedy_multi,22.0,4.0,0.5051176660219213,0.0102695864126054
greedy_multi,14.0,1.0,0.4150202634245187,0.0143987946393285
greedy_multi,23.0,5.0,0.5082485353068147,0.0133052472704083
greedy_multi,19.0,1.0,0.414053751399776,0.0096168375657879
greedy_multi,20.0,4.0,0.4975177304964539,0.0109512851466223
greedy_multi,34.0,6.0,0.4513193575302461,0.0062477378105175
greedy_multi,15.0,1.0,0.3529550827423168,0.0114510783606904
greedy_multi,32.0,5.0,0.4640403368794326,0.0068379974864113
greedy_multi,12.0,1.0,0.5074615839243498,0.0183089327243626
greedy_multi,23.0,3.0,0.4835029293863706,0.0094980540644053
greedy_multi,32.0,6.0,0.4286901595744681,0.0065436189811802
greedy_multi,26.0,6.0,0.5069899072558647,0.0093842374238404
greedy_multi,28.0,7.0,0.4969921479229989,0.008343961582577
greedy_multi,12.0,1.0,0.4808658392434988,0.0178507377140514
greedy_multi,24.0,5.0,0.4550088652482269,0.0086079392437084
greedy_multi,21.0,3.0,0.4952296521445457,0.0106758494647461
greedy_multi,15.0,3.0,0.490661938534279,0.0143493648318606
greedy_multi,29.0,4.0,0.4609623379799462,0.0072654116831652
greedy_multi,19.0,3.0,0.4308510638297871,0.0101886609676606
greedy_multi,18.0,3.0,0.5088652482269503,0.0159883016913598
greedy_multi,33.0,9.0,0.4781592520954223,0.0076555648151958
greedy_multi,19.0,4.0,0.508538633818589,0.0160367948817626
greedy_multi,22.0,5.0,0.4941166989039329,0.0098929994521119
greedy_multi,24.0,5.0,0.470596926713948,0.0088133552624225
greedy_multi,17.0,3.0,0.4756466416353775,0.0122783954451128
greedy_multi,18.0,2.0,0.5086189913317573,0.0144192993643971
greedy_multi,22.0,2.0,0.433389748549323,0.0087821852392605
greedy_multi,16.0,2.0,0.3964982269503546,0.0116998386493385
greedy_multi,30.0,6.0,0.4276300236406619,0.0067415069315202
greedy_multi,26.0,6.0,0.4588788870703764,0.0081395127562248
greedy_multi,34.0,9.0,0.4982530246141009,0.0080285868902234
greedy_multi,31.0,6.0,0.4875886524822695,0.00770936905493
greedy_multi,16.0,3.0,0.5087544326241135,0.0183048980299972
greedy_multi,19.0,4.0,0.4699048152295632,0.0107148766984889
greedy_multi,19.0,4.0,0.5073254945875326,0.0119254730988718
greedy_multi,30.0,5.0,0.4441193853427896,0.0069768446911903
greedy_multi,26.0,5.0,0.4420349154391708,0.0078501291262896
greedy_multi,16.0,3.0,0.4958998226950354,0.0135580998935855
greedy_multi,30.0,7.0,0.4499113475177305,0.0070902206671361
greedy_multi,28.0,4.0,0.4183130699088146,0.0070864725473711
greedy_multi,28.0,7.0,0.4625759878419453,0.0079984156688931
greedy_multi,35.0,8.0,0.4619554204660588,0.006877982670358
greedy_multi,23.0,5.0,0.5065911193339501,0.0102060577425283
greedy_multi,28.0,5.0,0.486733789260385,0.0078513542295407
greedy_multi,28.0,5.0,0.4569402228976696,0.0077935976714512
greedy_multi,34.0,7.0,0.4651387150604923,0.0066261409093013
greedy_multi,25.0,3.0,0.499822695035461,0.009143230974297
greedy_multi,16.0,2.0,0.426418439716312,0.0117621724259343
greedy_multi,30.0,7.0,0.4687647754137116,0.0072680565685271
greedy_multi,34.0,8.0,0.4883187317480183,0.0074281507843641
greedy_multi,34.0,8.0,0.4755944931163955,0.0070548657244166
greedy_multi,19.0,4.0,0.5074188129899216,0.0134319261064553
greedy_multi,19.0,3.0,0.472331093691676,0.0108943204274574
greedy_multi,28.0,5.0,0.4166033434650456,0.0073062873010227
greedy_multi,25.0,6.0,0.4716312056737588,0.0085086866857803
greedy_multi,23.0,5.0,0.4828476719087265,0.0091508900809533
greedy_multi,18.0,3.0,0.5076832151300237,0.0142567023791561
greedy_multi,24.0,5.0,0.5069075059101654,0.0096778946166321
greedy_multi,17.0,3.0,0.4880058406341259,0.0126540002112919
greedy_multi,12.0,1.0,0.4673463356973995,0.0172059998309386
greedy_multi,22.0,4.0,0.5073339780786589,0.0117421215633848
greedy_multi,31.0,5.0,0.4254175245939144,0.0065388410679338
greedy_multi,29.0,7.0,0.4883834678405478,0.0077984519185228
greedy_multi,33.0,7.0,0.4890124650762948,0.007471313099674
greedy_multi,31.0,8.0,0.4970258522077327,0.0082807611636793
greedy_multi,24.0,4.0,0.5076832151300236,0.010973277109915
greedy_multi,26.0,4.0,0.4679146208401527,0.0080469164587728
greedy_multi,36.0,7.0,0.447621158392435,0.0060909230669008
greedy_multi,31.0,6.0,0.4686284603065659,0.0072482380661816
greedy_multi,20.0,4.0,0.4457446808510638,0.0103808284291534
greedy_multi,16.0,2.0,0.4781693262411347,0.0127104784208226
greedy_multi,30.0,6.0,0.4772754137115839,0.0075421038163182
greedy_multi,34.0,7.0,0.4785148101793909,0.0071551379496934
greedy_multi,23.0,5.0,0.5076318223866789,0.0117062245787768
greedy_multi,18.0,3.0,0.5031520882584712,0.0124123566082387
greedy_multi,26.0,7.0,0.4962493180578287,0.0089351119560795
greedy_multi,37.0,8.0,0.4471918727237876,0.0062112447073233
greedy_multi,39.0,9.0,0.4453309692671395,0.0059849566252205
greedy_multi,25.0,5.0,0.484468085106383,0.0086949298325033
greedy_multi,22.0,4.0,0.4820680206318504,0.0097031349312501
greedy_multi,20.0,2.0,0.4870567375886525,0.0107899187666616
greedy_multi,17.0,2.0,0.4445139758030872,0.0114799405946349
greedy_multi,27.0,6.0,0.4863081166272656,0.0081062213431232
greedy_multi,21.0,5.0,0.5031239446133063,0.0109662625843724
greedy_multi,24.0,4.0,0.4652039007092198,0.0087503228847056
greedy_multi,21.0,3.0,0.4846757852077,0.0103873842303885
greedy_multi,25.0,4.0,0.4030496453900709,0.0074346712942005
greedy_multi,23.0,3.0,0.3853299414122726,0.0081441319114325
greedy_multi,29.0,6.0,0.4546343849351919,0.0074186056261868
greedy_multi,28.0,6.0,0.5041160081053698,0.0085090752669712
greedy_multi,20.0,3.0,0.4078900709219858,0.0097072503269453
greedy_multi,12.0,1.0,0.4943853427895981,0.0180191060420615
greedy_multi,11.0,1.0,0.4738878143133462,0.0196129782120975
greedy_multi,20.0,2.0,0.5057624113475178,0.0114738868140436
greedy_multi,24.0,5.0,0.4950502364066194,0.009370200391985
greedy_multi,31.0,7.0,0.5035460992907802,0.00814050154088
