init,Compacidad,Tolerancia,Disimilitud,Balance
random_dense,436.0,98.0,0.3615679289478821,0.0028241830389587
random_dense,289.0,57.0,0.3138972735527252,0.0016728414828758
random_dense,294.0,57.0,0.3141825879287885,0.001670904245115
random_dense,136.0,27.0,0.4347361284939507,0.0048388181359452
random_dense,181.0,46.0,0.4450550527016966,0.0053586189825739
random_dense,163.0,41.0,0.4434255754253143,0.0056814663558535
random_dense,135.0,29.0,0.4324533753611768,0.004717823967559
random_dense,432.0,97.0,0.3614948614394536,0.0027910634850725
random_dense,143.0,32.0,0.4359532311659971,0.0050134929545426
random_dense,424.0,96.0,0.3623293857888398,0.0027692046764444
random_dense,383.0,86.0,0.3560936429457623,0.0025375052074246
random_dense,430.0,98.0,0.3623948540326571,0.0028500325993202
random_dense,376.0,84.0,0.3517004300588501,0.0024945761828701
random_dense,282.0,59.0,0.3424280720285699,0.0022068282757275
random_dense,146.0,31.0,0.4389147964636161,0.0051895762570178
random_dense,160.0,36.0,0.4116245567375887,0.0039276467196616
random_dense,191.0,44.0,0.4145222977238127,0.0039923128949863
random_dense,402.0,89.0,0.3556486186090822,0.0025093519173217
random_dense,195.0,46.0,0.4125795599199854,0.0040432411895816
random_dense,221.0,55.0,0.4033046115336478,0.0038987024745135
random_dense,230.0,53.0,0.3855958988590811,0.0032034638322736
random_dense,328.0,68.0,0.3312332425185953,0.0019767371443516
random_dense,170.0,42.0,0.4399718397997497,0.0051430002622437
random_dense,136.0,28.0,0.4336866395494367,0.0047472699216235
random_dense,323.0,70.0,0.3412955887842259,0.0022761706894469
random_dense,144.0,31.0,0.4367735421591804,0.004968902201655
random_dense,149.0,34.0,0.42218810985768,0.0043387461225107
random_dense,331.0,71.0,0.3401791262239935,0.0021295730736792
random_dense,420.0,96.0,0.3611068895643364,0.0027268444630757
random_dense,415.0,94.0,0.3628791762795864,0.0027675935743862
random_dense,358.0,77.0,0.3376594754150323,0.0020601466064203
random_dense,271.0,60.0,0.3785853550024862,0.003021741812125
random_dense,318.0,66.0,0.3281201213256612,0.0018941346722722
random_dense,189.0,48.0,0.431657848324515,0.0047302212385017
random_dense,154.0,38.0,0.4377532928064843,0.0050813938149882
random_dense,348.0,74.0,0.3349739137523437,0.0020868319252558
random_dense,162.0,38.0,0.4395795026705192,0.0048495502388253
random_dense,307.0,62.0,0.3235295816295885,0.0018458996454398
random_dense,250.0,59.0,0.3974645390070921,0.0037912877496101
random_dense,223.0,52.0,0.3927424227968069,0.003249571836337
random_dense,371.0,82.0,0.3538428819942268,0.0026080750825718
random_dense,394.0,88.0,0.359989829715232,0.0026663398403781
random_dense,361.0,80.0,0.3489494312488949,0.002314157840904
random_dense,225.0,54.0,0.395354609929078,0.0034903194842647
random_dense,141.0,30.0,0.4260411951109099,0.0045111134437241
random_dense,326.0,69.0,0.3303746247226211,0.0018713144178921
random_dense,297.0,58.0,0.3159013300857272,0.001698019699658
random_dense,399.0,91.0,0.3674745374073481,0.0029026105866017
random_dense,411.0,94.0,0.360142620489724,0.0026627423063019
random_dense,301.0,61.0,0.3363109964421196,0.002026709690517
random_dense,355.0,77.0,0.3390795125362101,0.0021344258741715
random_dense,226.0,56.0,0.4062009665474173,0.0038272739047627
random_dense,387.0,85.0,0.350113163633698,0.002389838486969
random_dense,147.0,34.0,0.4343911323394606,0.0047896482389785
random_dense,321.0,64.0,0.3261168555710214,0.0018177713369231
random_dense,288.0,64.0,0.3632935628447596,0.0027400500330694
random_dense,371.0,81.0,0.3368483684119975,0.0021681443942285
random_dense,151.0,37.0,0.4370332534873891,0.0049425062618369
random_dense,240.0,53.0,0.3693594858156028,0.0029735499218396
random_dense,152.0,35.0,0.4283198021649869,0.0044366015044971
random_dense,408.0,92.0,0.358577562230566,0.0026342389785242
random_dense,156.0,36.0,0.4326241134751772,0.0046409178249638
random_dense,405.0,87.0,0.3487194641449961,0.0024397801377501
random_dense,203.0,45.0,0.4142953219438912,0.0037996776961812
random_dense,296.0,71.0,0.3825324659766149,0.0033662114386428
random_dense,329.0,68.0,0.3328132746987432,0.0020031473784176
random_dense,418.0,95.0,0.3585505107061658,0.002670301234327
random_dense,253.0,58.0,0.3994162251562806,0.0036621888223926
random_dense,150.0,33.0,0.4196158392434988,0.0042323583306786
random_dense,391.0,86.0,0.3496716910631042,0.0023897775971411
random_dense,170.0,42.0,0.4273831873174802,0.0044759027883293
random_dense,175.0,43.0,0.4202532928064843,0.0042465706668966
random_dense,179.0,45.0,0.4443371369705614,0.0054468252708512
random_dense,269.0,63.0,0.3887625563552954,0.0033294855293315
random_dense,216.0,49.0,0.3988458760178618,0.0034832121854414
random_dense,186.0,47.0,0.4169002135285594,0.0042159352517565
random_dense,183.0,43.0,0.4000794481261869,0.0037285473000736
random_dense,299.0,65.0,0.3719816646504898,0.0028790230824845
random_dense,389.0,84.0,0.3511116884537548,0.0024485096782351
random_dense,310.0,64.0,0.3216111873713109,0.0018290743212305
random_dense,365.0,78.0,0.3393106965899155,0.0022335772624277
random_dense,140.0,30.0,0.4359232522796352,0.0047687814161993
random_dense,328.0,74.0,0.368991632070576,0.0030248509310493
random_dense,157.0,35.0,0.4429349053620635,0.0053428909302736
random_dense,396.0,91.0,0.3646213912171359,0.0028131874886161
random_dense,242.0,57.0,0.3932983119395112,0.0036793896013901
random_dense,174.0,39.0,0.4137778185375397,0.0038409924211812
random_dense,183.0,41.0,0.4310303065535015,0.0045919693545928
random_dense,233.0,47.0,0.3372142574498524,0.0021424008520908
random_dense,416.0,95.0,0.3651885570103655,0.002806047042565
random_dense,199.0,51.0,0.4165953882889626,0.0040624482996624
random_dense,149.0,33.0,0.4417095054500451,0.0053930336866343
random_dense,158.0,40.0,0.436731304425891,0.0047049306254766
random_dense,351.0,76.0,0.3426860439271786,0.0021741325723465
random_dense,297.0,65.0,0.3791251761109916,0.0030056826670737
random_dense,390.0,87.0,0.3549895435533733,0.0025528108912642
random_dense,409.0,93.0,0.3643270214499992,0.0027831927087526
random_dense,338.0,75.0,0.3616995048050694,0.0026801691359125
random_dense,226.0,51.0,0.3870073118684491,0.0031526949575589
random_dense,198.0,44.0,0.4047433555412278,0.0035993113139789
random_dense,406.0,90.0,0.3552060405967229,0.0025690240632456
random_dense,140.0,31.0,0.4292806484295846,0.0046096070086401
random_dense,198.0,49.0,0.4100222078945483,0.0038904891152659
random_dense,279.0,61.0,0.3658392434988179,0.0029258429050701
random_dense,295.0,58.0,0.3224335857675201,0.0017923980255776
random_dense,168.0,40.0,0.4308880023640662,0.0045081391688693
random_dense,162.0,41.0,0.4381895193065405,0.00506812230948
random_dense,207.0,51.0,0.4090048651797033,0.0035986022060964
random_dense,176.0,42.0,0.4004523291424887,0.0035766517428606
random_dense,354.0,80.0,0.3756611371559082,0.0030854461818816
random_dense,184.0,39.0,0.4049443031144002,0.0036920525712806
random_dense,314.0,67.0,0.3576591227356913,0.0025635731719312
random_dense,334.0,76.0,0.3604121544145751,0.0027211082757188
random_dense,316.0,63.0,0.3212642517281623,0.0017292593792684
random_dense,291.0,59.0,0.3189661475469766,0.0017535051485983
random_dense,410.0,93.0,0.3606382978723405,0.0026916308340395
random_dense,350.0,75.0,0.3332725430597771,0.0020128105082383
random_dense,192.0,44.0,0.3936862810283688,0.0034495038493563
random_dense,230.0,52.0,0.3830211224175146,0.0031719296775882
random_dense,266.0,55.0,0.3664480349810696,0.0026387420238894
random_dense,382.0,85.0,0.3528600868887156,0.0025113107639656
random_dense,273.0,64.0,0.3879796326604837,0.0034726414799111
random_dense,325.0,69.0,0.3297463175122749,0.0019652803931915
random_dense,193.0,43.0,0.4023766214676809,0.0035297152738584
random_dense,304.0,69.0,0.3809927911534154,0.0031762328726067
random_dense,194.0,45.0,0.4077785698618117,0.0037820188138007
random_dense,185.0,43.0,0.4190099674142227,0.0040159685841127
random_dense,313.0,67.0,0.3499875376702241,0.00239578248081
random_dense,185.0,44.0,0.4080410197431474,0.0037334241549491
random_dense,189.0,37.0,0.3620398514015535,0.0028406652909747
random_dense,379.0,82.0,0.3474592526057748,0.002420117726445
random_dense,377.0,83.0,0.362026638072126,0.0025769200128673
random_dense,198.0,46.0,0.4157756644458772,0.0040513870692222
random_dense,231.0,50.0,0.380687574836511,0.003066872810649
random_dense,219.0,48.0,0.3579981540853006,0.0025956572340554
random_dense,344.0,72.0,0.3513601970971466,0.0023206348351275
random_dense,245.0,60.0,0.396345346649298,0.0034427093916005
random_dense,368.0,78.0,0.3357038236201048,0.0021536790078899
random_dense,155.0,38.0,0.4403225806451613,0.0054919705389628
random_dense,319.0,65.0,0.3257270059361035,0.0018554219944214
random_dense,293.0,60.0,0.3318204923389732,0.0020430034927694
random_dense,211.0,47.0,0.3937304628415852,0.0033952877185062
random_dense,406.0,92.0,0.3544265101491807,0.0025235918505566
random_dense,231.0,49.0,0.3655437352245863,0.0027146825229038
random_dense,258.0,58.0,0.3800854912309637,0.0030070731270354
random_dense,319.0,72.0,0.3697725605282465,0.0028898365514391
random_dense,195.0,49.0,0.4073013275140935,0.0037058822644306
random_dense,322.0,73.0,0.369124708162636,0.0029579211850031
random_dense,153.0,36.0,0.4330876558661289,0.0046886830458133
random_dense,297.0,59.0,0.3293484490293001,0.0019219044214087
random_dense,289.0,55.0,0.3240846401138678,0.0018396969658402
random_dense,305.0,61.0,0.319756423671666,0.0017628645395085
random_dense,163.0,41.0,0.4429632772048905,0.0056462281721089
random_dense,161.0,41.0,0.4419408836615127,0.005566483002009
random_dense,209.0,44.0,0.4005565170178832,0.0035146255358229
random_dense,380.0,81.0,0.3530165173572229,0.0024859215951166
random_dense,347.0,77.0,0.3444877061745048,0.0022169594966939
random_dense,279.0,62.0,0.3634751773049645,0.0025977528728973
random_dense,166.0,37.0,0.4177774929505255,0.0041159568652527
random_dense,220.0,45.0,0.3666183107672469,0.0028910698927211
random_dense,313.0,70.0,0.3751756055559332,0.0030750831949969
random_dense,355.0,79.0,0.3456997302966736,0.0022461890661656
random_dense,279.0,66.0,0.3867631358194158,0.0032584747229307
random_dense,158.0,37.0,0.4417530747822964,0.0052631999210697
random_dense,297.0,66.0,0.3796594789502591,0.0030715092772042
random_dense,409.0,90.0,0.3502791794551665,0.0024806503284724
random_dense,179.0,45.0,0.4180435041007964,0.0041779171884641
random_dense,146.0,32.0,0.4343485864179539,0.0047793914747901
random_dense,298.0,60.0,0.3204489742491313,0.0017785797593645
random_dense,334.0,78.0,0.3745938973117594,0.00288839958747
random_dense,317.0,71.0,0.36754703895116,0.0028624196671285
random_dense,224.0,53.0,0.3947251773049645,0.0034233840225297
random_dense,162.0,40.0,0.442512695911041,0.0055954880544249
random_dense,137.0,30.0,0.4336465289641248,0.0047448267361293
random_dense,245.0,56.0,0.3649587494572297,0.0028553384935241
random_dense,380.0,83.0,0.3524752706233669,0.0024483741748079
random_dense,147.0,35.0,0.4388478795773629,0.0052310204483859
random_dense,338.0,70.0,0.332399597129548,0.0019422856752553
random_dense,318.0,66.0,0.3277939470984433,0.0018854989262647
random_dense,277.0,64.0,0.3872961312952864,0.0033621128252789
random_dense,218.0,49.0,0.3883751382653393,0.0031690408144931
random_dense,322.0,74.0,0.3715364961895951,0.0031232165680385
random_dense,212.0,52.0,0.4010186672019269,0.0034891275408679
random_dense,352.0,75.0,0.3393601910058027,0.0021169421584118
random_dense,397.0,88.0,0.3628923486431927,0.0027319927941928
random_dense,164.0,42.0,0.4428569884103097,0.0055265857513549
random_dense,397.0,89.0,0.3524416278114225,0.0024684687353371
random_dense,302.0,60.0,0.3174551453665868,0.0017098327078125
random_dense,173.0,42.0,0.4231490591563153,0.0042616726651697
random_dense,256.0,54.0,0.3764163619237589,0.0029111104821973
random_dense,154.0,36.0,0.4407409965920604,0.0053207235723748
random_dense,328.0,73.0,0.3627535244767341,0.0028368784434954
random_dense,167.0,40.0,0.4242631757761073,0.0045821300356739
random_dense,164.0,42.0,0.4422191229891022,0.0054619815373494
random_dense,227.0,54.0,0.4122379479488862,0.0039576133254952
random_dense,307.0,67.0,0.3837757294337792,0.0033036367071616
random_dense,155.0,36.0,0.430576527110501,0.004567028004975
random_dense,335.0,71.0,0.3468905472636815,0.0022612725643508
random_dense,264.0,54.0,0.3487400601762304,0.0023769244598912
random_dense,156.0,40.0,0.4412563647935988,0.0051586688069138
random_dense,172.0,42.0,0.4214807026224641,0.0041907346914179
random_dense,172.0,38.0,0.4135586755731486,0.0039734591016232
random_dense,232.0,50.0,0.3648699254096356,0.0028386892445311
random_dense,368.0,79.0,0.3665057431390687,0.0028090532741393
random_dense,162.0,40.0,0.4370731547149987,0.0048969815654918
random_dense,148.0,34.0,0.4378414318573893,0.004910050743705
random_dense,315.0,62.0,0.3164077451311494,0.0017205684163427
random_dense,259.0,60.0,0.3818354828993127,0.0032792425927695
random_dense,149.0,34.0,0.4350099957161216,0.0046374745314437
random_dense,187.0,46.0,0.4135709409489134,0.0040911694828949
random_dense,189.0,47.0,0.4256773237269691,0.0044297082370585
random_dense,186.0,44.0,0.4174388011896591,0.0041270896228152
random_dense,173.0,44.0,0.4438465953347271,0.0052421961751643
random_dense,177.0,41.0,0.4124494129903434,0.0038615567311256
random_dense,168.0,40.0,0.4425869638635595,0.0053012499556602
random_dense,180.0,46.0,0.4450256107171,0.0054059313990775
random_dense,151.0,36.0,0.4277100652858015,0.0044597241097688
random_dense,336.0,72.0,0.3322225388382303,0.0020179705926384
random_dense,221.0,52.0,0.4059280831808992,0.0039445590777781
random_dense,275.0,65.0,0.3888072211476467,0.0034633976291163
random_dense,280.0,51.0,0.2989804964539007,0.0015258186961784
random_dense,144.0,25.0,0.4090327029156816,0.0040102627318501
random_dense,283.0,53.0,0.2993227326266195,0.001521545773973
random_dense,457.0,102.0,0.3540939211943448,0.0027233690159102
random_dense,206.0,48.0,0.4409212972526338,0.006142986934955
random_dense,199.0,49.0,0.4402954488755836,0.0055096592401107
random_dense,209.0,52.0,0.4371712647188571,0.0057999189635877
random_dense,188.0,43.0,0.4335153538554398,0.0046155776917575
random_dense,282.0,55.0,0.3021760726321614,0.0015479236848407
random_dense,199.0,46.0,0.4404068213407463,0.0060882477304632
random_dense,148.0,26.0,0.4098020893233659,0.0039143397588827
random_dense,210.0,50.0,0.4398978385680513,0.0059344767858269
random_dense,159.0,30.0,0.4073609438422766,0.0037307448333346
random_dense,191.0,47.0,0.4385652222345995,0.0053385949075103
random_dense,170.0,38.0,0.4299906132665833,0.0044870449927501
random_dense,286.0,54.0,0.3050048355899419,0.0015987773188998
random_dense,348.0,71.0,0.3229192141517893,0.0019121703269743
random_dense,229.0,55.0,0.4236349840502957,0.0048319047478201
random_dense,310.0,63.0,0.3151052390757263,0.0017029983121215
random_dense,162.0,29.0,0.421920147097452,0.0041013419995291
random_dense,156.0,34.0,0.4202639116202946,0.0041775434714571
random_dense,177.0,37.0,0.4245201747004848,0.0042845974396392
random_dense,329.0,68.0,0.320547435814525,0.0018435533105698
random_dense,339.0,66.0,0.3265732546705998,0.0018746846944893
random_dense,294.0,57.0,0.3075607902735562,0.0016245497621248
random_dense,165.0,35.0,0.4262733720180529,0.0044633742254014
random_dense,196.0,39.0,0.4021294688088001,0.0035449541985088
random_dense,207.0,51.0,0.4347483468667557,0.0055820286789385
random_dense,180.0,43.0,0.4353132387706855,0.0052368644942034
random_dense,168.0,31.0,0.4042342114150624,0.0036472133378693
random_dense,207.0,50.0,0.4395235892691951,0.0060103980728497
random_dense,197.0,48.0,0.4389512906361378,0.0056865876994528
random_dense,198.0,48.0,0.431030159753564,0.0048795168129259
random_dense,178.0,40.0,0.4286247908199856,0.0045525107351355
random_dense,216.0,49.0,0.4032333530338849,0.0039989018220817
random_dense,237.0,57.0,0.4081455546578089,0.0044808112479762
random_dense,202.0,42.0,0.4061863633171828,0.0037629554608867
random_dense,381.0,83.0,0.3553498631819958,0.0025758506385983
random_dense,201.0,47.0,0.4189028262940616,0.004340575264903
random_dense,183.0,44.0,0.4359376816649226,0.0052609553313594
random_dense,414.0,85.0,0.342226419296262,0.0022901050420622
random_dense,384.0,86.0,0.3663771609042554,0.003081360219532
random_dense,444.0,93.0,0.3468767970097757,0.0024203994846805
random_dense,293.0,58.0,0.3091430058335148,0.0016347044963749
random_dense,154.0,28.0,0.4187217923920052,0.0041189118503854
random_dense,146.0,27.0,0.4141771106577285,0.0041070177688131
random_dense,287.0,55.0,0.3033984481182198,0.0015797122908225
random_dense,290.0,59.0,0.3116715578381022,0.0016624608677875
random_dense,301.0,60.0,0.3162449046912183,0.0018014396603933
random_dense,273.0,63.0,0.3891876445067934,0.0035205308778121
random_dense,400.0,87.0,0.3481205673758865,0.0026006122365575
random_dense,149.0,27.0,0.4053798372126231,0.003815282309805
random_dense,449.0,101.0,0.3529059849310524,0.0026534651029366
random_dense,386.0,84.0,0.3409583654870833,0.0022631168783478
random_dense,181.0,42.0,0.4354061361231927,0.0052918893545222
random_dense,154.0,29.0,0.4164939670258819,0.0039767968236695
random_dense,265.0,61.0,0.3836109995985548,0.0033766114750691
random_dense,436.0,99.0,0.3546282289023358,0.0026872215584839
random_dense,317.0,74.0,0.386113721278833,0.003408335682742
random_dense,426.0,94.0,0.3495363433556421,0.0025820251530517
random_dense,446.0,96.0,0.3481557898419362,0.002526772001632
random_dense,433.0,97.0,0.358061847902642,0.0027062870152376
random_dense,152.0,31.0,0.4171974150802538,0.0040954061978132
random_dense,391.0,82.0,0.332727957047759,0.0021120612188853
random_dense,371.0,76.0,0.3350705396570511,0.002089139302563
random_dense,343.0,70.0,0.3311984368215371,0.0020152841849997
random_dense,278.0,50.0,0.3005351038318282,0.001529466595051
random_dense,418.0,90.0,0.3489387152601039,0.0023998372369293
random_dense,303.0,61.0,0.3084521218079255,0.0016824194186213
random_dense,163.0,34.0,0.4125549319061914,0.0038646691718392
random_dense,224.0,39.0,0.3338399189463019,0.002072164759785
random_dense,452.0,100.0,0.3519150505240696,0.0026332055156631
random_dense,340.0,77.0,0.3768199833124739,0.0032566756359073
random_dense,251.0,56.0,0.3938042157610691,0.003723314903159
random_dense,211.0,51.0,0.4198934489596988,0.0045339443974571
random_dense,319.0,64.0,0.3182568531981591,0.0018159236564263
random_dense,255.0,53.0,0.3455812821582533,0.0022833807980823
random_dense,151.0,28.0,0.4129620496923583,0.0039742183600752
random_dense,187.0,38.0,0.4065593355330527,0.0037095470508848
random_dense,173.0,41.0,0.4183679744188907,0.0042393213886717
random_dense,372.0,84.0,0.3669783802333561,0.0029101857845936
random_dense,388.0,87.0,0.3628993931417709,0.0028064242345313
random_dense,147.0,25.0,0.4108288705553143,0.0039625433914511
random_dense,169.0,33.0,0.3975827772881782,0.0034759073058346
random_dense,190.0,48.0,0.4373506905561777,0.005143476238153
random_dense,192.0,49.0,0.4379109411938534,0.0050543260467476
random_dense,193.0,48.0,0.4288850916841216,0.0047663425531662
random_dense,209.0,51.0,0.4284459940954901,0.0049578028340246
random_dense,312.0,62.0,0.31777368612475,0.0017861653388863
random_dense,285.0,56.0,0.3061216871967152,0.0016401387888592
random_dense,151.0,32.0,0.4155863980085482,0.0040372236152857
random_dense,314.0,71.0,0.3851752721687672,0.0033225402397765
random_dense,220.0,52.0,0.4150145067698259,0.0043037539657449
random_dense,294.0,62.0,0.3782475756259951,0.0032087211304963
random_dense,175.0,36.0,0.408323201621074,0.0038083042829324
random_dense,266.0,59.0,0.3633885245027462,0.002750921190351
random_dense,406.0,92.0,0.3670169094783915,0.0030340919518906
random_dense,375.0,80.0,0.3475791962174941,0.0024206519233886
random_dense,413.0,91.0,0.3602961379286659,0.0029070456772318
random_dense,202.0,45.0,0.4013719191068043,0.003566484970654
random_dense,212.0,52.0,0.4318212230697177,0.0049164334930608
random_dense,194.0,46.0,0.4397345909190612,0.0055639499730592
random_dense,439.0,97.0,0.3543029774309763,0.0026105807186228
random_dense,205.0,38.0,0.3369875454073689,0.0021973861482064
random_dense,454.0,102.0,0.3562287155934639,0.0027598048396437
random_dense,324.0,67.0,0.3254011251203922,0.0018368304109377
random_dense,329.0,69.0,0.3345000970057556,0.0021590588377816
random_dense,214.0,48.0,0.3734133691257373,0.002985138621236
random_dense,210.0,52.0,0.4363475177304964,0.0057455664349135
random_dense,243.0,55.0,0.3908115167965443,0.0034946902846812
random_dense,377.0,85.0,0.3699065974377786,0.0030732974508682
random_dense,355.0,78.0,0.3653730896014384,0.0028128738489549
random_dense,227.0,50.0,0.4182053925703752,0.0044022390929459
random_dense,189.0,45.0,0.4386843784006904,0.0053310897525109
random_dense,230.0,53.0,0.3935553499845822,0.0035819230280281
random_dense,429.0,92.0,0.3459575294681677,0.0024301361113292
random_dense,308.0,70.0,0.3811078106290872,0.0034750763911842
random_dense,451.0,100.0,0.3540909877183878,0.0026876785275197
random_dense,413.0,88.0,0.3413249360328336,0.0023357978542923
random_dense,314.0,65.0,0.3654345665627682,0.0028691074981355
random_dense,297.0,59.0,0.3151849463906201,0.0017651940358034
random_dense,164.0,31.0,0.4032877097387995,0.0036531951562851
random_dense,394.0,82.0,0.3423763365374231,0.0022547736534943
random_dense,307.0,70.0,0.3880119897428789,0.0036020929157581
random_dense,371.0,79.0,0.3395390070921986,0.0022385163279314
random_dense,351.0,71.0,0.3255389868865046,0.0019436990576148
random_dense,342.0,73.0,0.3391579569491104,0.0023144580355776
random_dense,332.0,67.0,0.3188445270443476,0.0018027500771683
random_dense,164.0,32.0,0.4152233610102058,0.0039504828685598
random_dense,177.0,40.0,0.4266488359979164,0.0046543240804845
random_dense,309.0,61.0,0.3133564001927976,0.0016962946500367
random_dense,368.0,81.0,0.3648025555041628,0.0027873449106656
random_dense,263.0,60.0,0.3784348623358412,0.0029953500184226
random_dense,186.0,46.0,0.4359986273164036,0.0050960483782424
random_dense,441.0,99.0,0.3569880670944501,0.0027229352483298
random_dense,204.0,51.0,0.4381735850368516,0.0057141761241484
random_dense,218.0,46.0,0.4039340555663999,0.0040099047833208
random_dense,353.0,80.0,0.3671920519156972,0.003002840271321
random_dense,333.0,72.0,0.3285918897621026,0.0020829801899279
random_dense,247.0,50.0,0.3498183880322738,0.0024816977093093
random_dense,162.0,33.0,0.407538744418177,0.0039196898960796
random_dense,358.0,76.0,0.3364832204128531,0.0021718093163985
random_dense,306.0,56.0,0.310779098873592,0.0016545706068192
random_dense,413.0,90.0,0.3510724159840639,0.0025523246746549
random_dense,357.0,79.0,0.340753322605638,0.0023609567504056
random_dense,235.0,55.0,0.3981854534480157,0.0038004085917137
random_dense,327.0,69.0,0.348873273038801,0.0024161364087177
random_dense,336.0,75.0,0.38154075903411,0.0034790925540764
random_dense,402.0,86.0,0.3541512296672665,0.0026098874165495
random_dense,323.0,72.0,0.368909601914674,0.0028806164757736
random_dense,299.0,67.0,0.3727733105623947,0.0028963664085646
random_dense,402.0,89.0,0.3511718887830352,0.0025193357350368
random_dense,427.0,96.0,0.3557954224591825,0.0027832383568363
random_dense,283.0,64.0,0.3957471869283011,0.0038864120250397
random_dense,316.0,63.0,0.3212025316455696,0.0018022583726239
random_dense,439.0,95.0,0.3566515614145624,0.0026586612087279
random_dense,172.0,39.0,0.4274595909615702,0.0047375438440589
random_dense,185.0,36.0,0.3923519263944796,0.0034534145073339
random_dense,390.0,88.0,0.3628318785233678,0.0028534440867854
random_dense,288.0,61.0,0.3818243942080378,0.0032828016278836
random_dense,214.0,52.0,0.4114883674686816,0.0040555304602827
random_dense,413.0,91.0,0.3559858671200178,0.0026934486045953
random_dense,242.0,42.0,0.3233690873922982,0.0019113851210893
random_dense,274.0,65.0,0.3947332660350986,0.0035316367129043
random_dense,441.0,98.0,0.3516709284186488,0.002581573110223
random_dense,319.0,68.0,0.3272638342337535,0.0019738754341192
random_dense,428.0,95.0,0.3583942301319016,0.0028567709755675
random_dense,175.0,39.0,0.4209878419452887,0.00416622636832
random_dense,306.0,72.0,0.3917715431326194,0.0038484936525596
random_dense,197.0,45.0,0.4400223206249775,0.005952767714325
random_dense,185.0,35.0,0.369374161395438,0.0029792673410077
random_dense,351.0,72.0,0.3241170111737487,0.0020327787575116
random_dense,421.0,94.0,0.3476777682316672,0.0024828137850074
random_dense,174.0,41.0,0.4289812097497351,0.0046651486112068
random_dense,267.0,58.0,0.3666394400616251,0.0028094367008924
random_dense,179.0,44.0,0.4321387535163834,0.0046907865532322
random_dense,422.0,91.0,0.3481626668011159,0.0024289407913991
random_dense,283.0,65.0,0.3992400320777886,0.0039364976830555
random_dense,288.0,56.0,0.3091016548463356,0.0016421774590643
random_dense,246.0,51.0,0.3488439139710546,0.0024605421359474
random_dense,325.0,73.0,0.3711729405346426,0.0030304803521783
random_dense,268.0,56.0,0.3441403355562612,0.0021749818487099
random_dense,366.0,81.0,0.3621502344688602,0.0028556105073864
random_dense,322.0,66.0,0.3479334610810096,0.0024224386679457
random_dense,245.0,54.0,0.3741568968012737,0.0030882521829542
random_dense,222.0,44.0,0.34810475368986,0.0024556801369812
random_dense,179.0,41.0,0.4326538293910218,0.0053185566154761
random_dense,224.0,53.0,0.4252786220871327,0.0051784796636607
random_dense,454.0,101.0,0.3542018152279189,0.0027075370903886
random_dense,362.0,78.0,0.3526311664903413,0.0027148843315907
random_dense,221.0,41.0,0.3422306729565803,0.0022246172155582
random_dense,223.0,56.0,0.4209840027987151,0.0049991450619249
random_dense,427.0,93.0,0.3511032770275881,0.0024916379330346
random_dense,332.0,73.0,0.3724525762624968,0.0030570336297
random_dense,262.0,59.0,0.3847517730496453,0.0033361701016801
random_dense,369.0,82.0,0.3608348228872359,0.0028121972660365
random_dense,354.0,77.0,0.3617321793484793,0.0027157502465726
random_dense,291.0,63.0,0.3658605688381955,0.0028508602664491
random_dense,236.0,57.0,0.423957957687222,0.0050155711877575
random_dense,292.0,67.0,0.3870318420285631,0.0035716436548253
random_dense,213.0,37.0,0.3449538840608663,0.0023848825948057
random_dense,360.0,80.0,0.3656397754137115,0.0029427483027776
random_dense,291.0,64.0,0.3732726475104189,0.0031766183348973
random_dense,157.0,34.0,0.4071238198491214,0.0037981665582617
random_dense,257.0,61.0,0.3993397632254326,0.0036425090576573
random_dense,253.0,48.0,0.317919014380624,0.0018654154975584
random_dense,232.0,47.0,0.3442314746881878,0.0022352604959227
random_dense,345.0,72.0,0.3462277726385034,0.0023228404078833
random_dense,251.0,48.0,0.328476872651239,0.0019916507292731
random_dense,330.0,72.0,0.3421502256608639,0.0023728807790651
random_dense,294.0,63.0,0.3810277657162155,0.003387067653733
random_dense,410.0,91.0,0.3504994810586403,0.0024879266718399
random_dense,213.0,51.0,0.4142235207937935,0.0042386772638589
random_dense,297.0,59.0,0.3121253910261002,0.0016818968379178
random_dense,405.0,86.0,0.3443087295333158,0.0023860345637859
random_dense,233.0,50.0,0.3740373786260006,0.0031396584563488
random_dense,390.0,83.0,0.3490861974904528,0.0025315834466555
random_dense,277.0,57.0,0.3666404229715543,0.0028212032371422
random_dense,208.0,47.0,0.4006665984724495,0.003530580080989
random_dense,321.0,65.0,0.3247746404189037,0.001963060356038
random_dense,247.0,40.0,0.3524994975162948,0.0035559059974848
random_dense,326.0,58.0,0.3177402862985685,0.002097944415126
random_dense,237.0,43.0,0.3645562139031032,0.0038381933493219
random_dense,309.0,53.0,0.3144638389680736,0.0022072701060195
random_dense,302.0,59.0,0.3944066741815791,0.00528799700416
random_dense,421.0,91.0,0.3606134499081889,0.0032443391467622
random_dense,279.0,54.0,0.3904140928849233,0.005675619184543
random_dense,416.0,88.0,0.3578406301145663,0.0030430154364614
random_dense,241.0,42.0,0.3640122421353109,0.0038073494559203
random_dense,323.0,67.0,0.3306243550051599,0.0024228118786208
random_dense,307.0,62.0,0.3934062189571927,0.0051658867275509
random_dense,364.0,77.0,0.3405400007793625,0.0026267410899886
random_dense,291.0,57.0,0.3920755038873047,0.0054813349889323
random_dense,412.0,90.0,0.3587413068925153,0.0031646713263457
random_dense,276.0,51.0,0.3347145133107205,0.0025863035168869
random_dense,329.0,60.0,0.31690433076807,0.0021199889629113
random_dense,300.0,60.0,0.3929048463356974,0.0052178522538968
random_dense,324.0,69.0,0.3661128622712547,0.003556010394717
random_dense,385.0,83.0,0.3716588376162844,0.003640784356922
random_dense,321.0,55.0,0.3165335498552837,0.0021292995984149
random_dense,390.0,84.0,0.3675963811602109,0.003519968090009
random_dense,381.0,79.0,0.3720076878688036,0.0036656030872392
random_dense,356.0,78.0,0.3718224559725874,0.0035299447903004
random_dense,308.0,65.0,0.3939652988855117,0.0051330070848173
random_dense,367.0,76.0,0.3437711364910043,0.0026552149285961
random_dense,279.0,54.0,0.3891272020132693,0.0055981662075323
random_dense,397.0,85.0,0.3614966861389499,0.0031514932491932
random_dense,297.0,61.0,0.3794206843852234,0.0038612574233186
random_dense,302.0,62.0,0.3298048471185008,0.0024656797621189
random_dense,291.0,56.0,0.3915758816504594,0.0053001688369151
random_dense,286.0,53.0,0.3907063680999851,0.0055534275916955
random_dense,420.0,91.0,0.3602752448497129,0.0032620879237129
random_dense,365.0,75.0,0.3385917613912367,0.0025534953179241
random_dense,374.0,80.0,0.3491485569082565,0.0027153387558026
random_dense,404.0,88.0,0.3587046204620462,0.0032061251831681
random_dense,400.0,87.0,0.3651396276595744,0.0032936806370954
random_dense,337.0,71.0,0.3422301492097565,0.0028512362844956
random_dense,256.0,49.0,0.3806550587322695,0.0044049596314003
random_dense,284.0,56.0,0.3885257466786534,0.0047147916655472
random_dense,309.0,63.0,0.3480370217356377,0.0029055191279552
random_dense,319.0,66.0,0.3831982703039196,0.0043579192122685
random_dense,372.0,83.0,0.3541595172729352,0.0028189815533679
random_dense,242.0,45.0,0.3652409002989274,0.0037978382734932
random_dense,334.0,67.0,0.3561148978638468,0.0032337641447947
random_dense,283.0,58.0,0.3808767511214695,0.0042881855196688
random_dense,395.0,86.0,0.3680200197504264,0.0035464192878165
random_dense,252.0,50.0,0.3654170888213441,0.003762479107074
random_dense,347.0,74.0,0.3641292129090278,0.0034655196991558
random_dense,251.0,45.0,0.3738097256364612,0.00403429855586
random_dense,361.0,77.0,0.3575985737018919,0.0030056663281124
random_dense,372.0,79.0,0.3726573819873408,0.0039131102200737
random_dense,246.0,46.0,0.3757243556478118,0.0042623418434594
random_dense,269.0,52.0,0.3867983600938596,0.0047877108464348
random_dense,418.0,90.0,0.3607816688723743,0.0032621959561142
random_dense,342.0,74.0,0.3507009248890547,0.0027893341970683
random_dense,268.0,47.0,0.3550730390600191,0.0034031582298167
random_dense,411.0,89.0,0.3591741298683371,0.0030822331339749
random_dense,394.0,80.0,0.3543196709507866,0.0028388729410965
random_dense,389.0,85.0,0.37146073766158,0.0035509970353633
random_dense,275.0,57.0,0.3804448742746615,0.0042755186333893
random_dense,345.0,73.0,0.3353864734299517,0.0025183862504797
random_dense,386.0,84.0,0.3465117774593025,0.0026493374245922
random_dense,319.0,66.0,0.3325329598256964,0.0025345259932846
random_dense,261.0,51.0,0.3740693187685117,0.0041713727567999
random_dense,371.0,81.0,0.355897899103439,0.0029918859274185
random_dense,255.0,49.0,0.3589486858573217,0.0034237357026325
random_dense,244.0,42.0,0.3618801592838042,0.0037328615266335
random_dense,312.0,63.0,0.33186715766503,0.0024453014389017
random_dense,291.0,61.0,0.3877738782871487,0.0049088262841782
random_dense,263.0,48.0,0.3497997734811099,0.0031723999264889
random_dense,253.0,49.0,0.3776700866201328,0.0041489500157952
random_dense,345.0,72.0,0.3269837598931031,0.0022693249406009
random_dense,316.0,64.0,0.3370000673309992,0.0025194607201701
random_dense,376.0,80.0,0.3505073939942659,0.0027459508417262
random_dense,308.0,54.0,0.3150818596297319,0.0022329343424836
random_dense,370.0,76.0,0.3449731646540157,0.0026462466053956
random_dense,321.0,68.0,0.35176807847816,0.0031928464305333
random_dense,286.0,59.0,0.3774611912909785,0.0043663547988274
random_dense,387.0,81.0,0.3554208587607895,0.0028512787641763
random_dense,370.0,82.0,0.3522258961088748,0.0027652120454083
random_dense,335.0,64.0,0.3235418651423732,0.0022041544830413
random_dense,325.0,70.0,0.3797845062738679,0.0043275711712499
random_dense,358.0,72.0,0.3676106422599944,0.0033176385156532
random_dense,375.0,75.0,0.364451536643026,0.0031066582107986
random_dense,396.0,87.0,0.3626714843470162,0.00316189284595
random_dense,336.0,64.0,0.3507498522458628,0.0028617805569409
random_dense,295.0,52.0,0.3288856833754057,0.0025071817359251
random_dense,239.0,44.0,0.3635864565714116,0.0038172679428735
random_dense,351.0,71.0,0.3646976217898204,0.0030753232533078
random_dense,334.0,68.0,0.3825912005775683,0.0043369440374592
random_dense,288.0,56.0,0.3893229166666667,0.0049371234214762
random_dense,385.0,82.0,0.3557520493690706,0.002884527078468
random_dense,289.0,50.0,0.3582480551669979,0.0033146494504817
random_dense,342.0,72.0,0.3377581809132761,0.0024964628181944
random_dense,327.0,70.0,0.3787900969484026,0.0039768073663483
random_dense,271.0,53.0,0.3844867969956295,0.0045153689399675
random_dense,264.0,52.0,0.3859573124865678,0.00482645732681
random_dense,376.0,78.0,0.3633690772596951,0.0031940620460893
random_dense,255.0,48.0,0.38183145598665,0.0044931443878853
random_dense,242.0,43.0,0.366131088447336,0.0038223907124233
random_dense,318.0,65.0,0.3319979704714751,0.0025204256888228
random_dense,257.0,50.0,0.3798707122554295,0.0042503619365052
random_dense,278.0,55.0,0.3496830195418133,0.0031086224027314
random_dense,408.0,89.0,0.358236424002225,0.0030591132676924
random_dense,294.0,58.0,0.3759347710715492,0.0041565754156617
random_dense,270.0,54.0,0.3790550302075124,0.0045817262812327
random_dense,293.0,59.0,0.3916926875317696,0.0054303475280359
random_dense,282.0,57.0,0.3872635933806146,0.0046736865563162
random_dense,282.0,58.0,0.3811239374276948,0.0043090988088927
random_dense,397.0,86.0,0.3676376011576183,0.0035237878989298
random_dense,271.0,51.0,0.388167019968072,0.0055154741958919
random_dense,352.0,73.0,0.3627876168600902,0.0032753159723062
random_dense,305.0,61.0,0.3317840948726892,0.0024755649970455
random_dense,328.0,66.0,0.3283006832727901,0.0023510441472668
random_dense,266.0,48.0,0.386541486695462,0.0056217630141405
random_dense,341.0,69.0,0.3693740770782638,0.0033235160127047
random_dense,248.0,46.0,0.3754039407458247,0.0042437083023795
random_dense,340.0,72.0,0.3412546933667084,0.0025710078938107
random_dense,244.0,46.0,0.3600162771770724,0.0036440276883414
random_dense,276.0,54.0,0.3847967417000719,0.004450791993328
random_dense,247.0,44.0,0.3628147701495965,0.0037099661980242
random_dense,259.0,47.0,0.344656206358334,0.003033120073186
random_dense,406.0,88.0,0.3643922719491318,0.0033699752162558
random_dense,261.0,47.0,0.3496779978804923,0.0032770251636865
random_dense,295.0,57.0,0.389908642865729,0.0052455722219426
random_dense,292.0,56.0,0.3898705430875352,0.0050814632066778
random_dense,289.0,56.0,0.3926998208544995,0.005403850663736
random_dense,299.0,59.0,0.3548530562869138,0.0031054248159936
random_dense,370.0,83.0,0.3706871765382404,0.0036729012193405
random_dense,262.0,52.0,0.3771452547236208,0.0045991239727084
random_dense,318.0,60.0,0.325245885186672,0.0023178321719777
random_dense,253.0,50.0,0.3729571384520506,0.0040620299650423
random_dense,290.0,56.0,0.3273233064318904,0.0024555097703511
random_dense,333.0,72.0,0.3807717291759845,0.0041090105324141
random_dense,315.0,61.0,0.3226809636384104,0.0023950549910921
random_dense,402.0,87.0,0.3649946191030662,0.0032871342776365
random_dense,243.0,42.0,0.3668060298280944,0.0038800686259529
random_dense,288.0,56.0,0.3722142188731284,0.0039392650335462
random_dense,263.0,50.0,0.3861000997761777,0.0048763515653758
random_dense,399.0,84.0,0.3515659716667555,0.0027998349835985
random_dense,384.0,81.0,0.3444356715425531,0.002748366434997
random_dense,269.0,53.0,0.3835027287827256,0.0043838427812125
random_dense,245.0,46.0,0.3734983355044145,0.0039965313398142
random_dense,260.0,52.0,0.3782426350245499,0.0047384781419676
random_dense,310.0,54.0,0.3200526195378632,0.0021958806563988
random_dense,301.0,58.0,0.390094484107349,0.0049918673150976
random_dense,280.0,58.0,0.3814463019250253,0.0043461550626739
random_dense,360.0,73.0,0.3298340228526398,0.0023888347994545
random_dense,344.0,70.0,0.3242000659739403,0.0022273194874701
random_dense,304.0,54.0,0.3211407008212019,0.0022429595203601
random_dense,320.0,68.0,0.3748642508865248,0.0037519121877588
random_dense,380.0,84.0,0.370303751399776,0.0036557585533421
random_dense,332.0,71.0,0.3752616850380244,0.0036504281498559
random_dense,354.0,76.0,0.3422286332491886,0.0026565677338143
random_dense,318.0,58.0,0.3172225567598912,0.0021897127304514
random_dense,265.0,51.0,0.3855513180784156,0.004774344594463
random_dense,267.0,50.0,0.385976970276516,0.0048055005325811
random_dense,329.0,65.0,0.326079458492315,0.0022647082575429
random_dense,389.0,84.0,0.3476088898612555,0.0026756648879184
random_dense,240.0,43.0,0.368894060283688,0.0039041668451374
random_dense,313.0,63.0,0.39020687467428,0.0049695079921657
random_dense,349.0,72.0,0.3322156516084456,0.0023659127569665
random_dense,362.0,78.0,0.3565788958112926,0.0028577138649731
random_dense,418.0,91.0,0.36108707455292,0.0032782155302668
random_dense,272.0,54.0,0.3826919065498539,0.0049079810066696
random_dense,285.0,54.0,0.3916168968520592,0.0056279198624087
random_dense,290.0,56.0,0.3902421129860601,0.0051134174019123
random_dense,352.0,73.0,0.33961708172147,0.0024945652141017
random_dense,410.0,87.0,0.3535093409444733,0.002920821252417
random_dense,309.0,62.0,0.3336489246941632,0.0025153093197336
random_dense,286.0,54.0,0.3290773942369687,0.0025951929964356
random_dense,264.0,51.0,0.3819780249301526,0.0042204044920554
random_dense,300.0,61.0,0.385410756501182,0.0045376563381983
random_dense,322.0,66.0,0.3529552662878287,0.0030906961742838
random_dense,291.0,57.0,0.3919445053739855,0.0053307222133757
random_dense,310.0,57.0,0.3197952413635324,0.0023016340762919
random_dense,287.0,55.0,0.3909512689351817,0.0053665324685319
random_dense,387.0,83.0,0.355352135906317,0.0029439751482158
random_dense,297.0,58.0,0.3917753181937579,0.0052853500618782
random_dense,306.0,65.0,0.380576994391137,0.0041872559723299
random_dense,306.0,63.0,0.3943442034024011,0.0051797232118695
random_dense,355.0,77.0,0.3695859554490061,0.0036904370667742
random_dense,283.0,54.0,0.39100443575671,0.0056216399810891
random_dense,377.0,81.0,0.3580760765280207,0.0033108967191196
random_dense,269.0,53.0,0.3785329167655356,0.0040857570172708
random_dense,393.0,86.0,0.3598929854005377,0.0031008632427241
random_dense,344.0,73.0,0.3619134504370773,0.0032191962324815
random_dense,343.0,74.0,0.3500609970431941,0.0027507168233228
random_dense,273.0,51.0,0.3888304367027771,0.0055583387483398
random_dense,304.0,60.0,0.3520145110115715,0.0032479545373726
random_dense,360.0,75.0,0.3386869582348306,0.0025664212238358
random_dense,315.0,66.0,0.3925053472925813,0.0050238653469499
random_dense,324.0,61.0,0.3187494527624551,0.0021538763484046
random_dense,339.0,72.0,0.336421787066675,0.002447414459984
random_dense,273.0,56.0,0.3846868261761879,0.0044235668904025
random_dense,316.0,60.0,0.3259718107550049,0.0023357743596027
random_dense,408.0,88.0,0.3586166736198025,0.0030812768613339
random_dense,312.0,59.0,0.3245703764320786,0.0022452746795851
random_dense,329.0,69.0,0.3332390221819828,0.0023466911613605
random_dense,277.0,54.0,0.3865920321581278,0.0046056062592581
random_dense,339.0,72.0,0.340778572773489,0.0025560833442983
random_dense,274.0,57.0,0.3783907956722058,0.0041775141407668
random_dense,270.0,53.0,0.3471992382453375,0.0031417388601927
random_dense,341.0,67.0,0.3393284249495643,0.0025326715566914
random_dense,262.0,52.0,0.3783227762438417,0.0046520675854795
random_dense,301.0,64.0,0.3882595838929337,0.0046374011256619
random_dense,317.0,63.0,0.3656173792424547,0.0036461497552908
random_dense,278.0,55.0,0.3864578549926017,0.0045007076656433
random_dense,405.0,86.0,0.3663733473426145,0.0033540774551118
random_dense,300.0,61.0,0.3699231678486998,0.0038324212047795
random_dense,327.0,66.0,0.3376249810224044,0.0025013902576849
random_dense,261.0,47.0,0.3539102198309828,0.0033326324376919
random_dense,302.0,53.0,0.3223691935559626,0.0024115377031995
random_dense,379.0,85.0,0.3670306330582533,0.0033892591564611
random_dense,296.0,61.0,0.3847817232125743,0.0047493638426371
random_dense,336.0,66.0,0.3389136904761904,0.0025223221745664
random_dense,355.0,74.0,0.3689791229647388,0.0034572380679923
random_dense,251.0,47.0,0.3749611483145432,0.0043984585200563
random_dense,409.0,88.0,0.3589688567514609,0.0030896951273474
random_dense,309.0,62.0,0.3938522802910326,0.005083915175153
random_dense,214.0,41.0,0.3693162988002916,0.0035738727812131
random_dense,272.0,54.0,0.4033720536086775,0.0054041872857922
random_dense,307.0,59.0,0.3127902141520549,0.0019234472578979
random_dense,222.0,39.0,0.3665660341192256,0.0035014729547919
random_dense,433.0,94.0,0.3564689695838042,0.0030624632518554
random_dense,275.0,56.0,0.4039007092198581,0.0052954696560235
random_dense,314.0,61.0,0.3156451867913448,0.0018967248865664
random_dense,429.0,94.0,0.3606172196597728,0.0032100593360929
random_dense,341.0,71.0,0.3389020611052183,0.0023758717753819
random_dense,261.0,50.0,0.4022920572810521,0.005294916873171
random_dense,362.0,77.0,0.3773338623094706,0.0038667095558485
random_dense,296.0,57.0,0.3147193070730305,0.0019584697488766
random_dense,267.0,55.0,0.4031330517703934,0.005029858176638
random_dense,256.0,53.0,0.3904622395833333,0.0044416744376468
random_dense,234.0,48.0,0.3868051766987937,0.0040847206977469
random_dense,324.0,64.0,0.3200983933105683,0.0019853014766732
random_dense,344.0,63.0,0.3439458601352466,0.0024657998374791
random_dense,369.0,80.0,0.3533438082607776,0.002747560800777
random_dense,236.0,49.0,0.38850823416276,0.0047956344450861
random_dense,423.0,92.0,0.3588015358047046,0.0030266665695027
random_dense,258.0,54.0,0.3989189894991478,0.0047411041972307
random_dense,354.0,78.0,0.3720323957206395,0.0034095446405165
random_dense,320.0,69.0,0.3449717420212766,0.0025819566898509
random_dense,241.0,50.0,0.3932491686530708,0.0047567144965013
random_dense,403.0,88.0,0.3631584041673266,0.003053491575151
random_dense,246.0,48.0,0.3960603701781698,0.0051733960045115
random_dense,427.0,91.0,0.3547552610161609,0.0029629218060006
random_dense,348.0,73.0,0.3405376212602918,0.002433711679253
random_dense,302.0,60.0,0.3937637969094923,0.0044898973910666
random_dense,377.0,78.0,0.3424031642116749,0.0025631286379581
random_dense,268.0,55.0,0.3596082089552239,0.0029077724740658
random_dense,227.0,44.0,0.3823733870715781,0.0038775128599761
random_dense,216.0,42.0,0.3724922839506173,0.0036084623610523
random_dense,254.0,53.0,0.3915577707041939,0.0044860192975378
random_dense,342.0,73.0,0.351196030857285,0.0029128316666232
random_dense,406.0,90.0,0.3664011459315935,0.0031575033537929
random_dense,372.0,80.0,0.3654674750247845,0.0036576042260968
random_dense,229.0,43.0,0.3875545851528384,0.0042544519129299
random_dense,359.0,76.0,0.3454927991465655,0.0024930005189227
random_dense,244.0,50.0,0.3919239041971863,0.0045764834167455
random_dense,253.0,52.0,0.3974364365206178,0.0048914472484212
random_dense,324.0,62.0,0.324312122406094,0.0020650641279102
random_dense,253.0,50.0,0.3988766013511619,0.005367887083386
random_dense,310.0,67.0,0.3752602379318234,0.0034943991067219
random_dense,265.0,53.0,0.4008798340693162,0.0049896063560205
random_dense,229.0,40.0,0.3575482362414445,0.0032059392516832
random_dense,298.0,58.0,0.322382669332191,0.0020450793859057
random_dense,422.0,93.0,0.36311804645222,0.0031885367002361
random_dense,360.0,77.0,0.378514085894405,0.0039207089995562
random_dense,420.0,86.0,0.3521740965889902,0.0028741068705452
random_dense,300.0,60.0,0.3941962174940898,0.0046261269833285
random_dense,303.0,63.0,0.3649966060435831,0.0035437242455707
random_dense,247.0,49.0,0.3950132081431073,0.0051310988966156
random_dense,310.0,67.0,0.3464224433768016,0.0025996172331381
random_dense,325.0,60.0,0.335608292416803,0.0022645183516479
random_dense,237.0,46.0,0.3876694496812999,0.0045337329414132
random_dense,258.0,51.0,0.3852981197427017,0.0040551042496911
random_dense,238.0,47.0,0.3939783360152571,0.004965529390175
random_dense,329.0,69.0,0.330331544116062,0.0022336535656899
random_dense,307.0,65.0,0.3472780511469956,0.0027065513510012
random_dense,387.0,83.0,0.3492106034782927,0.0027831835371743
random_dense,222.0,43.0,0.3766013353779311,0.0037664793517278
random_dense,328.0,65.0,0.3377659574468085,0.0023993204334529
random_dense,252.0,52.0,0.3971596026117303,0.0048615215268937
random_dense,341.0,71.0,0.3348100081113122,0.0023026218338187
random_dense,214.0,41.0,0.368135646583151,0.0035152601284646
random_dense,328.0,65.0,0.3474123205327797,0.0027187424705248
random_dense,323.0,62.0,0.325129547899787,0.0020771092454161
random_dense,335.0,72.0,0.3849899438975336,0.0041520493135985
random_dense,366.0,79.0,0.3704171995504398,0.0035738290945056
random_dense,411.0,86.0,0.3480828631084882,0.0027317086535833
random_dense,231.0,45.0,0.3837731417518651,0.0040041076618309
random_dense,259.0,50.0,0.4016881623264602,0.0052344153978001
random_dense,336.0,66.0,0.3371221715636609,0.0024502239171639
random_dense,251.0,49.0,0.3973538470232545,0.0050682702358552
random_dense,226.0,44.0,0.3700691960082847,0.0034599609200853
random_dense,240.0,47.0,0.388456708037825,0.0042632229337256
random_dense,366.0,79.0,0.3712964577762275,0.0035826999476407
random_dense,260.0,51.0,0.3487043098745226,0.0028559211703124
random_dense,337.0,72.0,0.3881032051686765,0.0041154927600288
random_dense,233.0,45.0,0.3896447812985115,0.0043588780012612
random_dense,419.0,93.0,0.362148563787471,0.0031345053327249
random_dense,396.0,87.0,0.3688816355039759,0.0034693519946176
random_dense,395.0,85.0,0.3582929347338181,0.0029226611394599
random_dense,399.0,87.0,0.3628375015553067,0.0030144018278266
random_dense,333.0,75.0,0.3760356100781633,0.0035224147793031
random_dense,410.0,90.0,0.362480539699014,0.0030783272009204
random_dense,393.0,85.0,0.365888870842582,0.0031413447575636
random_dense,262.0,52.0,0.3547215906014834,0.0033007245914418
random_dense,267.0,54.0,0.3901340080218875,0.00401785797568
random_dense,381.0,81.0,0.3547774613279723,0.0026797789792618
random_dense,339.0,66.0,0.3343244628548714,0.0023419237758206
random_dense,414.0,89.0,0.3573937026758488,0.002929129219108
random_dense,281.0,57.0,0.349678831932561,0.0030649713501002
random_dense,260.0,55.0,0.4005728314238952,0.0044699077112368
random_dense,389.0,84.0,0.3500519608379369,0.0027768180607472
random_dense,216.0,40.0,0.3746141975308642,0.003740751812167
random_dense,310.0,58.0,0.3747540608556394,0.0033935722177549
random_dense,224.0,42.0,0.380053983029382,0.0039568046409689
random_dense,392.0,83.0,0.3711440693298596,0.0034384443682672
random_dense,264.0,54.0,0.4012700139694821,0.0051924369891342
random_dense,348.0,70.0,0.3615798483736855,0.0029374210510125
random_dense,272.0,57.0,0.4024333802670004,0.0049560308517876
random_dense,224.0,39.0,0.3616348467578521,0.0034355126083894
random_dense,364.0,80.0,0.3619846465591146,0.0030990385996473
random_dense,417.0,92.0,0.3653438950966886,0.003235587340769
random_dense,352.0,78.0,0.3783798758865248,0.0039644868670146
random_dense,304.0,62.0,0.3349839025755879,0.0025134318812041
random_dense,383.0,82.0,0.3571954335870229,0.0028950287102255
random_dense,320.0,64.0,0.3485510859929078,0.0028731413258374
random_dense,284.0,56.0,0.3268748127060233,0.0022070499348472
random_dense,427.0,91.0,0.3553469696214726,0.0029806159769702
random_dense,330.0,70.0,0.3859821620459918,0.0041044399842515
random_dense,277.0,55.0,0.3982608751312185,0.0043575665422711
random_dense,223.0,42.0,0.3796632000763286,0.0039010965993706
random_dense,390.0,82.0,0.3560465539188943,0.0027887664013768
random_dense,364.0,68.0,0.3649730145740784,0.0030209909720046
random_dense,351.0,75.0,0.3777555515144168,0.003665839696454
random_dense,248.0,49.0,0.3708140299702585,0.0036663325019223
random_dense,327.0,61.0,0.3807068341032815,0.0039743007651222
random_dense,337.0,71.0,0.3908916808721089,0.0046743701014485
random_dense,318.0,59.0,0.3611445648780053,0.0029359760389594
random_dense,309.0,60.0,0.3165295278753242,0.0019447006540514
random_dense,316.0,58.0,0.3819266765418799,0.003829910276963
random_dense,301.0,57.0,0.331077260196508,0.0021977467055346
random_dense,293.0,58.0,0.3236118171035752,0.0021242946009103
random_dense,386.0,76.0,0.3559557931870797,0.0027251700145801
random_dense,306.0,66.0,0.3770743521995086,0.0036221541160528
random_dense,297.0,56.0,0.3190862525968909,0.0020085337402906
random_dense,376.0,78.0,0.3429459974347366,0.0025831593217787
random_dense,401.0,89.0,0.3687456889690667,0.0033727431588577
random_dense,220.0,45.0,0.376245164410058,0.003685513629832
random_dense,282.0,57.0,0.3334527941250439,0.0022965402997364
random_dense,292.0,59.0,0.3976215631982901,0.004851540425486
random_dense,354.0,74.0,0.3637681812717875,0.003026670235258
random_dense,332.0,73.0,0.3777583739212167,0.0037847332607271
random_dense,312.0,61.0,0.3180208901618476,0.0019711584730298
random_dense,382.0,81.0,0.3692979280383202,0.0031923446567653
random_dense,272.0,56.0,0.3558451971214018,0.0032359786243224
random_dense,347.0,75.0,0.383093690600282,0.0040326208304705
random_dense,401.0,88.0,0.3637183636653048,0.0030707693519083
random_dense,236.0,46.0,0.3932751833153023,0.0049572159935274
random_dense,365.0,69.0,0.3491256193529583,0.0026324487474728
random_dense,317.0,69.0,0.3819803342506208,0.0041062353246014
random_dense,350.0,73.0,0.3414463019250253,0.0024431318321051
random_dense,392.0,84.0,0.362147651613837,0.0030647446552794
random_dense,340.0,73.0,0.3461592615769712,0.0025052262124759
random_dense,242.0,48.0,0.3907706171971162,0.0042030306738719
random_dense,317.0,68.0,0.3894193122580934,0.004395533335263
random_dense,285.0,60.0,0.3367830036083116,0.0024595749042753
random_dense,289.0,59.0,0.3953379224030037,0.0044634694584951
random_dense,291.0,58.0,0.3341833004313811,0.0023444262788699
random_dense,296.0,61.0,0.3331057120950738,0.0022134675949823
random_dense,303.0,62.0,0.3521902722187112,0.0025361057340808
random_dense,367.0,72.0,0.3471119098691711,0.0026698777466961
random_dense,338.0,71.0,0.389976499223635,0.0046578493749937
random_dense,218.0,43.0,0.3734506148740972,0.0036808820890313
random_dense,416.0,87.0,0.3526280346426623,0.0029058659812857
random_dense,361.0,74.0,0.3650321211764012,0.0031789460169277
random_dense,345.0,72.0,0.3841350601295097,0.0039790734866152
random_dense,242.0,47.0,0.3949504718363519,0.0050363634237056
random_dense,254.0,53.0,0.3966675043279165,0.0048261089697195
random_dense,274.0,55.0,0.4034658590878501,0.0051545783471112
random_dense,355.0,75.0,0.3582983717910298,0.0028480903487933
random_dense,413.0,90.0,0.3667572510432229,0.003246887142813
random_dense,334.0,69.0,0.332393723191914,0.0023165508939598
random_dense,271.0,50.0,0.3282333621208552,0.0024936589503168
random_dense,361.0,68.0,0.3553564762971258,0.0027764586572277
random_dense,311.0,60.0,0.3299098082141798,0.0021867961422162
random_dense,336.0,70.0,0.3320985309017223,0.0023261683082581
random_dense,319.0,63.0,0.3232036061273038,0.0020495569101632
random_dense,322.0,70.0,0.3781441346196202,0.0037101986081099
random_dense,232.0,45.0,0.390502720714111,0.0043599790701902
random_dense,390.0,85.0,0.3705810147299509,0.0033172185276557
random_dense,357.0,71.0,0.3724968710888611,0.0033938523889777
random_dense,379.0,81.0,0.3554707236288104,0.0026845005663971
random_dense,386.0,81.0,0.3570605041708007,0.0027680344389877
random_dense,407.0,83.0,0.355330911181975,0.002830056083537
random_dense,230.0,45.0,0.3725948196114708,0.0034515865025445
random_dense,431.0,94.0,0.3574916489773082,0.0030878920194758
random_dense,257.0,52.0,0.339532108066341,0.0027197314599887
random_dense,297.0,57.0,0.320745874823889,0.0020768277912622
random_dense,241.0,44.0,0.3436773491068538,0.0028150027832005
random_dense,273.0,58.0,0.3963415426181383,0.0042914100820577
random_dense,248.0,50.0,0.3968270990619995,0.0052223940836864
random_dense,310.0,61.0,0.3275423244108899,0.002147644305352
random_dense,380.0,84.0,0.3708729936543486,0.0032153330963188
random_dense,248.0,48.0,0.3946143617021276,0.0049395715849829
random_dense,312.0,60.0,0.3158329923622477,0.0019231188594899
random_dense,296.0,59.0,0.3172590808894,0.0020048557597943
random_dense,286.0,58.0,0.3985239051728413,0.0052283076267795
random_dense,245.0,52.0,0.3942574902301345,0.0041422785728143
random_dense,311.0,61.0,0.3284246653440058,0.0021345473831099
random_dense,249.0,52.0,0.3963656042610157,0.004613559370047
random_dense,270.0,56.0,0.3981612818492251,0.0048613906378066
random_dense,338.0,65.0,0.3291184061437744,0.0022033446655507
random_dense,279.0,59.0,0.3910114644500368,0.0045370993497692
random_dense,318.0,62.0,0.329555845488202,0.0021639337521998
random_dense,264.0,50.0,0.3694793681495809,0.0039953140651407
random_dense,353.0,72.0,0.3483012878468245,0.0028022208066701
random_dense,313.0,64.0,0.3401168060181723,0.0023332741839047
random_dense,395.0,80.0,0.3501054852320674,0.0026385515236503
random_dense,278.0,58.0,0.3924052247563651,0.0041825004876525
random_dense,238.0,47.0,0.3926261994159366,0.0049414101090777
random_dense,366.0,74.0,0.3690631903267062,0.0033439733379533
random_dense,315.0,62.0,0.3257570640549364,0.0021668594298839
random_dense,285.0,56.0,0.3227634689560781,0.0021081863294666
random_dense,325.0,67.0,0.3518385160938352,0.0028288872638351
random_dense,250.0,44.0,0.3466808510638298,0.0028532385694884
random_dense,291.0,59.0,0.325775023762521,0.002204519988709
random_dense,309.0,65.0,0.3837533567444743,0.0041979019399884
random_dense,293.0,57.0,0.3163683344225788,0.0019979487036938
random_dense,347.0,77.0,0.3738017863347436,0.003398969435332
random_dense,317.0,70.0,0.3857557554198269,0.0043067383790758
random_dense,251.0,53.0,0.3881671893984346,0.0043895012360855
random_dense,409.0,88.0,0.3638479945898143,0.0030859279517788
random_dense,385.0,76.0,0.356219489730128,0.0027345183125734
random_dense,287.0,56.0,0.3247831566461561,0.0021454757019529
random_dense,298.0,60.0,0.3506532914465229,0.0030237517263006
random_dense,256.0,54.0,0.3947598071808511,0.0048059793336729
greedy_ting,405.0,89.0,0.3516023115313896,0.002597600038933
greedy_ting,25.0,1.0,0.1881560283687943,0.003627096222524
greedy_ting,181.0,34.0,0.2962021472512832,0.0014984329133654
greedy_ting,10.0,1.0,0.5097517730496455,0.0326353993762888
greedy_ting,19.0,1.0,0.3289007092198581,0.0102478318536845
greedy_ting,11.0,1.0,0.5101547388781431,0.0301412983699294
greedy_ting,8.0,1.0,0.4956781914893617,0.0292781969711969
greedy_ting,9.0,1.0,0.5095547675334909,0.0277083736969536
greedy_ting,8.0,1.0,0.5094193262411347,0.0305379385272056
greedy_ting,36.0,2.0,0.2359387312844759,0.0038443140379315
greedy_ting,310.0,69.0,0.3476121024937085,0.0022969377784158
greedy_ting,98.0,14.0,0.2690060066579823,0.0020900996150701
greedy_ting,11.0,1.0,0.509832366215345,0.0292685434949522
greedy_ting,9.0,1.0,0.4792159180457053,0.0253538550517555
greedy_ting,9.0,1.0,0.5094562647754137,0.0267689977588875
greedy_ting,41.0,3.0,0.24429164504411,0.0035607144335087
greedy_ting,26.0,1.0,0.1956492089470812,0.0035244421393087
greedy_ting,90.0,12.0,0.2603624901497242,0.0019714647833622
greedy_ting,231.0,46.0,0.3273617635319762,0.0019542655272324
greedy_ting,15.0,2.0,0.4897163120567376,0.0161275002934124
greedy_ting,260.0,58.0,0.3378750681942171,0.0021351841906086
greedy_ting,370.0,81.0,0.348212574276404,0.0024258960748888
greedy_ting,387.0,85.0,0.3493113969981857,0.0024955867810534
greedy_ting,250.0,53.0,0.3352234042553191,0.0021264749132337
greedy_ting,356.0,79.0,0.3578447485855446,0.0025874346465651
greedy_ting,320.0,72.0,0.3569065824468085,0.0023517253018619
greedy_ting,12.0,2.0,0.4946808510638298,0.0196230068910014
greedy_ting,269.0,55.0,0.3397400406021777,0.0022221666268535
greedy_ting,10.0,1.0,0.5088652482269503,0.0233256626930234
greedy_ting,69.0,11.0,0.4076600883955185,0.005724027078688
greedy_ting,345.0,78.0,0.3528445883441258,0.0024040006572502
greedy_ting,17.0,3.0,0.4873800584063412,0.0148840510205271
greedy_ting,221.0,44.0,0.3214996309489426,0.0018163769824695
greedy_ting,10.0,1.0,0.4822695035460992,0.0226288919068458
greedy_ting,13.0,2.0,0.4680851063829787,0.0183590886484641
greedy_ting,253.0,54.0,0.340695343817453,0.0020668594648139
greedy_ting,352.0,77.0,0.3562369036105738,0.0024101796611438
greedy_ting,374.0,84.0,0.35326117874616,0.0025034765029795
greedy_ting,14.0,2.0,0.4732776089159068,0.0154785610864233
greedy_ting,21.0,3.0,0.4586710570753124,0.0120420994001611
greedy_ting,25.0,1.0,0.2257446808510638,0.0050052965142598
greedy_ting,23.0,1.0,0.2028600061671292,0.0044560845323626
greedy_ting,38.0,7.0,0.4218458379992534,0.0075679844068049
greedy_ting,293.0,57.0,0.3387886379589959,0.0021384006814447
greedy_ting,13.0,1.0,0.4756546644844517,0.0169174813141148
greedy_ting,272.0,56.0,0.3499133030871923,0.0025945552911681
greedy_ting,380.0,83.0,0.3537513997760358,0.0025230824583557
greedy_ting,56.0,9.0,0.403717071935157,0.005724758061422
greedy_ting,11.0,1.0,0.5009671179883946,0.0211730873074961
greedy_ting,11.0,1.0,0.4435041908446164,0.0192863901266252
greedy_ting,393.0,86.0,0.3504186743183007,0.002527470689562
greedy_ting,61.0,12.0,0.3944163469364027,0.005492837372625
greedy_ting,296.0,66.0,0.3536814740272186,0.0023505555746037
greedy_ting,305.0,67.0,0.3459713986745727,0.002327764874478
greedy_ting,30.0,5.0,0.4348108747044917,0.0092610162410788
greedy_ting,326.0,74.0,0.3640081799591002,0.002545048189348
greedy_ting,10.0,1.0,0.4624113475177305,0.0216367385946382
greedy_ting,340.0,75.0,0.3526152482269503,0.002587342235773
greedy_ting,12.0,2.0,0.5070921985815603,0.0202412688831881
greedy_ting,13.0,1.0,0.4389661756683033,0.01608266950932
greedy_ting,23.0,1.0,0.2762102991057663,0.0061664101308266
greedy_ting,15.0,2.0,0.4475768321513002,0.0142021660826362
greedy_ting,265.0,60.0,0.3643449752442125,0.0027296887377009
greedy_ting,216.0,45.0,0.3305711518255844,0.0021244496310133
greedy_ting,28.0,1.0,0.2155521783181357,0.00385658828191
greedy_ting,86.0,17.0,0.3837518555170707,0.0042941785694582
greedy_ting,405.0,88.0,0.3520751247701602,0.0025935696566955
greedy_ting,24.0,1.0,0.3031545508274231,0.0073065258579345
greedy_ting,329.0,73.0,0.3506003578434542,0.0023588334719592
greedy_ting,20.0,2.0,0.4663563829787234,0.012403124764222
greedy_ting,83.0,16.0,0.3721481671366316,0.0039025527297494
greedy_ting,43.0,6.0,0.4373247567210951,0.0069412123280082
greedy_ting,401.0,87.0,0.3507830600802957,0.0025737158375701
greedy_ting,10.0,1.0,0.462677304964539,0.0221265199813895
greedy_ting,210.0,41.0,0.3485393448159405,0.0025170443703528
greedy_ting,242.0,49.0,0.3423744211945372,0.0023913971674252
greedy_ting,316.0,70.0,0.349459107639824,0.0022522887411874
greedy_ting,240.0,43.0,0.3566341607565012,0.0027042764256353
greedy_ting,31.0,1.0,0.2534603065660032,0.0044796905466296
greedy_ting,42.0,2.0,0.2495145221209051,0.0038775565628813
greedy_ting,242.0,48.0,0.3443745970341715,0.0022673660220632
greedy_ting,9.0,1.0,0.509160756501182,0.0262272616978431
greedy_ting,397.0,87.0,0.3526560015720742,0.002594168747051
greedy_ting,18.0,2.0,0.4659672970843183,0.0131164664902776
greedy_ting,110.0,15.0,0.3321808510638298,0.0029117728142572
greedy_ting,92.0,19.0,0.3885580481036078,0.0042569732154368
greedy_ting,22.0,1.0,0.2663201160541586,0.0069833753992245
greedy_ting,227.0,42.0,0.3441044146592932,0.0024164924125888
greedy_ting,10.0,1.0,0.5092198581560283,0.023957547407072
greedy_ting,77.0,18.0,0.4111517914709404,0.0047900742201984
greedy_ting,8.0,1.0,0.5089760638297872,0.029548752086634
greedy_ting,87.0,10.0,0.2820779326648732,0.0023868031267744
greedy_ting,16.0,1.0,0.4003213652482269,0.012888720970831
greedy_ting,258.0,52.0,0.3561183957336852,0.0026154421534642
greedy_ting,274.0,59.0,0.3600746751565978,0.0027243664547618
greedy_ting,237.0,49.0,0.3314966932998174,0.002045676676056
greedy_ting,122.0,22.0,0.3810894082083478,0.0039474264848165
greedy_ting,17.0,2.0,0.4715790571547767,0.0133582418112684
greedy_ting,39.0,1.0,0.2097654118930714,0.0033683900470124
greedy_ting,158.0,28.0,0.3100199748630936,0.0019902659817562
greedy_ting,364.0,82.0,0.3541423115891201,0.0025075988601202
greedy_ting,130.0,20.0,0.2928055100927441,0.0019349466883429
greedy_ting,334.0,74.0,0.3591805750201724,0.0024938554526994
greedy_ting,12.0,1.0,0.504654255319149,0.0199436156852021
greedy_ting,30.0,5.0,0.4293439716312057,0.0090276232122797
greedy_ting,12.0,1.0,0.499113475177305,0.0189609950036048
greedy_ting,284.0,59.0,0.3524029817201078,0.0023342207863472
greedy_ting,153.0,30.0,0.3456345895332128,0.0029271837869236
greedy_ting,16.0,2.0,0.3987145390070922,0.0117104486538654
greedy_ting,314.0,71.0,0.3513913357726883,0.0023149845265075
greedy_ting,136.0,21.0,0.2897958385481852,0.0018866122083811
greedy_ting,26.0,4.0,0.4465016366612111,0.0096659896632745
greedy_ting,60.0,8.0,0.3930112293144208,0.0051587516469521
greedy_ting,148.0,29.0,0.3289246693502012,0.0022548873154656
greedy_ting,120.0,24.0,0.3735298463356973,0.0035171575016312
greedy_ting,27.0,1.0,0.2072826372471762,0.0035989590308563
greedy_ting,306.0,67.0,0.346923816808047,0.0022913782294793
greedy_ting,14.0,2.0,0.5015830800405269,0.0173344818442694
greedy_ting,113.0,21.0,0.3625258896629637,0.0036416078887132
greedy_ting,279.0,62.0,0.3525095960751417,0.0026000067782805
greedy_ting,199.0,37.0,0.3667762571723867,0.0030285441735501
greedy_ting,10.0,1.0,0.4971631205673759,0.0228642925406166
greedy_ting,17.0,1.0,0.3437108886107634,0.0106727344960299
greedy_ting,168.0,35.0,0.3678180935494765,0.0031129783745581
greedy_ting,12.0,2.0,0.4884751773049645,0.0187550823231564
greedy_ting,31.0,6.0,0.4486673530084649,0.0086693039702253
greedy_ting,11.0,1.0,0.420535138620245,0.0180098185443056
greedy_ting,37.0,7.0,0.4463053479010926,0.0082434508104448
greedy_ting,74.0,13.0,0.3824276404063638,0.0042038242728676
greedy_ting,11.0,1.0,0.4845261121856866,0.0206415153635203
greedy_ting,147.0,23.0,0.2913410044869011,0.0016242612454628
greedy_ting,191.0,34.0,0.312205265307638,0.0019767061674648
greedy_ting,25.0,5.0,0.431950354609929,0.0100075436346259
greedy_ting,360.0,78.0,0.3552674349881796,0.0025829260816266
greedy_ting,36.0,1.0,0.2198089046493302,0.0035074409363801
greedy_ting,107.0,20.0,0.3294806787300325,0.0026283674498562
greedy_ting,336.0,76.0,0.3599844858156028,0.0027088470031426
greedy_ting,13.0,1.0,0.4412165848336061,0.0164362386674084
greedy_ting,388.0,82.0,0.3501795898223294,0.0024956291087697
greedy_ting,10.0,1.0,0.5095744680851064,0.0246955636034406
greedy_ting,42.0,9.0,0.4283181357649442,0.0064568921477348
greedy_ting,52.0,11.0,0.4170417348608838,0.0065915298373696
greedy_ting,100.0,13.0,0.3008687943262411,0.0027566920049293
greedy_ting,201.0,40.0,0.3510726509297484,0.0027596383794584
greedy_ting,109.0,17.0,0.286990044895569,0.0020199089451354
greedy_ting,29.0,5.0,0.4610234776228907,0.0103124057449194
greedy_ting,233.0,50.0,0.3377050802057651,0.0021573743911985
greedy_ting,300.0,64.0,0.3560904255319149,0.0024514508460758
greedy_ting,359.0,80.0,0.3605538434184793,0.0026256819354615
greedy_ting,199.0,39.0,0.3109385580384191,0.0017242443608572
greedy_ting,257.0,53.0,0.3465139222341805,0.0026376519576366
greedy_ting,14.0,1.0,0.5040526849037488,0.0175693334524092
greedy_ting,11.0,1.0,0.4857350096711798,0.0207214265270924
greedy_ting,254.0,51.0,0.3292532249958116,0.0018577617543702
greedy_ting,298.0,63.0,0.3454144652291875,0.0021753621779731
greedy_ting,20.0,4.0,0.4859929078014184,0.0137222410844524
greedy_ting,204.0,42.0,0.3425549297733278,0.0022879754027766
greedy_ting,21.0,3.0,0.4526342451874366,0.01122522974282
greedy_ting,95.0,15.0,0.3582866741321389,0.0037479063446899
greedy_ting,224.0,41.0,0.3615398619554205,0.0027269391846078
greedy_ting,13.0,1.0,0.410051827605019,0.0151373257792145
greedy_ting,9.0,1.0,0.4972419227738377,0.0258001156262477
greedy_ting,71.0,14.0,0.3763485166317051,0.0048603287395252
greedy_ting,341.0,77.0,0.3558578232565878,0.0024050001906732
greedy_ting,50.0,6.0,0.281790780141844,0.00389431083698
greedy_ting,46.0,8.0,0.3966427690410113,0.0058918614997182
greedy_ting,90.0,19.0,0.3917356185973207,0.0048733644777475
greedy_ting,15.0,2.0,0.5030141843971632,0.0164920967255169
greedy_ting,223.0,51.0,0.3689732213847279,0.0029202589026689
greedy_ting,10.0,1.0,0.5093085106382979,0.0242839190055831
greedy_ting,17.0,3.0,0.4767417605340008,0.0135943705010209
greedy_ting,67.0,9.0,0.3077961257542077,0.0032022953313135
greedy_ting,19.0,1.0,0.3013251213139231,0.0093681974925322
greedy_ting,174.0,32.0,0.3248196380533137,0.0022098001296626
greedy_ting,377.0,83.0,0.3518633481949696,0.0024987025636936
greedy_ting,54.0,10.0,0.4128743104806935,0.0065828706588667
greedy_ting,20.0,3.0,0.423758865248227,0.0113681404355917
greedy_ting,15.0,2.0,0.4270094562647754,0.0140813639767728
greedy_ting,239.0,50.0,0.3729561708062553,0.002917704732701
greedy_ting,47.0,8.0,0.4011430511543685,0.0063236085941546
greedy_ting,9.0,1.0,0.4574468085106383,0.0246536335641511
greedy_ting,50.0,6.0,0.3054609929078014,0.0040992555706453
greedy_ting,84.0,12.0,0.3087850388382303,0.0028309059475021
greedy_ting,292.0,61.0,0.3416217332167492,0.0022546523610731
greedy_ting,125.0,25.0,0.3620212765957447,0.0032842548664554
greedy_ting,16.0,2.0,0.4557291666666667,0.0138278537326389
greedy_ting,135.0,28.0,0.3633963750985027,0.0031513166923441
greedy_ting,128.0,22.0,0.3638214760638298,0.0034819586129143
greedy_ting,28.0,5.0,0.4154002026342452,0.0088003210941838
greedy_ting,72.0,12.0,0.3705181245074862,0.0046225393133899
greedy_ting,9.0,1.0,0.4957643814026792,0.0256803346423565
greedy_ting,49.0,2.0,0.223585178752352,0.0027241101107189
greedy_ting,33.0,2.0,0.26665592091124,0.0047498842862507
greedy_ting,103.0,17.0,0.3170229980031674,0.0026139878557699
greedy_ting,141.0,25.0,0.2958729440169005,0.0017570123379422
greedy_ting,25.0,3.0,0.4596808510638298,0.0113020258035309
greedy_ting,68.0,8.0,0.3242464539007092,0.0037585888346975
greedy_ting,218.0,45.0,0.3642600364369835,0.002983572668512
greedy_ting,25.0,4.0,0.4595390070921986,0.0110919860670991
greedy_ting,21.0,3.0,0.4541962174940898,0.0115034351642842
greedy_ting,376.0,80.0,0.3511770031688547,0.0024456057766207
greedy_ting,101.0,18.0,0.3458938979004283,0.003678219882248
greedy_ting,138.0,29.0,0.3525542193442286,0.0032196703234486
greedy_ting,288.0,63.0,0.3531139184397163,0.002465821472287
greedy_ting,317.0,64.0,0.3397934984450858,0.0022068687095306
greedy_ting,286.0,62.0,0.358943361602936,0.0028354998474356
greedy_ting,143.0,27.0,0.3395948023607598,0.0030159642978071
greedy_ting,105.0,14.0,0.3196892941573792,0.0027877389743349
greedy_ting,319.0,60.0,0.3396807399008426,0.0021596573085947
greedy_ting,37.0,5.0,0.4174813110983324,0.0076690604200912
greedy_ting,146.0,31.0,0.379511561255222,0.0033947377314778
greedy_ting,197.0,35.0,0.339782013896389,0.0023238132374694
greedy_ting,220.0,42.0,0.3395148291424887,0.002280088154166
greedy_ting,22.0,1.0,0.2580190199871051,0.0059582027916308
greedy_ting,124.0,27.0,0.3866249142072752,0.0041547282341246
greedy_ting,12.0,1.0,0.4603280141843971,0.0178496461497996
greedy_ting,115.0,19.0,0.3422294172062904,0.0028656191960311
greedy_ting,121.0,26.0,0.3547857687122677,0.0030666775077574
greedy_ting,46.0,4.0,0.2574390995991366,0.0037102954806999
greedy_ting,157.0,30.0,0.3490875005646655,0.0028898597584672
greedy_ting,409.0,88.0,0.3497004456467079,0.0026688442785512
greedy_ting,10.0,1.0,0.510195035460993,0.0279191108973393
greedy_ting,30.0,1.0,0.162677304964539,0.0027983087914759
greedy_ting,9.0,1.0,0.5094562647754137,0.0264625447337584
greedy_ting,21.0,1.0,0.2844056062141168,0.0068070392275079
greedy_ting,135.0,23.0,0.2879695298135014,0.0015709182944417
greedy_ting,409.0,88.0,0.3488681093828573,0.0026314840255645
greedy_ting,19.0,4.0,0.4946808510638297,0.0128594691739952
greedy_ting,9.0,1.0,0.5098502758077226,0.0276369708406996
greedy_ting,15.0,3.0,0.5020094562647753,0.0153466319042747
greedy_ting,339.0,75.0,0.3507421703382916,0.0025714402043412
greedy_ting,45.0,9.0,0.4445232466509062,0.0079415050414161
greedy_ting,352.0,76.0,0.3570655020954223,0.0026626978183605
greedy_ting,10.0,1.0,0.464982269503546,0.021371276281374
greedy_ting,77.0,14.0,0.4186239292622271,0.0061391676155364
greedy_ting,20.0,1.0,0.2426418439716312,0.0063465667597203
greedy_ting,346.0,77.0,0.3597343500184479,0.002685321358834
greedy_ting,10.0,1.0,0.5098404255319149,0.026472314961521
greedy_ting,14.0,2.0,0.4793566362715298,0.0160016992688126
greedy_ting,122.0,19.0,0.2767556098128124,0.001603015628761
greedy_ting,10.0,1.0,0.5092198581560283,0.0236738594638096
greedy_ting,32.0,6.0,0.4289394946808511,0.0096256802375992
greedy_ting,85.0,17.0,0.4084167709637046,0.0050923521553589
greedy_ting,30.0,5.0,0.4393026004728132,0.0091290644613226
greedy_ting,27.0,5.0,0.4600735487260309,0.0105788736535196
greedy_ting,9.0,1.0,0.4809889676910953,0.0254463032667829
greedy_ting,26.0,1.0,0.2362588652482269,0.0052824557131946
greedy_ting,27.0,1.0,0.1722484896243761,0.0034614348721946
greedy_ting,40.0,6.0,0.4116578014184397,0.0072067375100598
greedy_ting,279.0,61.0,0.352744731691197,0.0025937123409853
greedy_ting,183.0,31.0,0.31260899895361,0.0020079488746809
greedy_ting,333.0,73.0,0.3529114220603582,0.002534925594897
greedy_ting,10.0,1.0,0.4851950354609929,0.0226620186987571
greedy_ting,10.0,1.0,0.5078014184397163,0.0230597052462149
greedy_ting,117.0,21.0,0.3193383645511304,0.0027609721607719
greedy_ting,90.0,18.0,0.3891548463356973,0.0039362089269114
greedy_ting,257.0,56.0,0.3594840908463724,0.0029238138862026
greedy_ting,328.0,71.0,0.3496205241307732,0.002452489414513
greedy_ting,28.0,4.0,0.3985562310030395,0.0082990444933065
greedy_ting,108.0,15.0,0.284467756763856,0.0017923662224348
greedy_ting,16.0,2.0,0.5002216312056738,0.0149877611632965
greedy_ting,129.0,28.0,0.3788622244213535,0.0036683551953998
greedy_ting,28.0,4.0,0.4814146403242148,0.0110742453552078
greedy_ting,83.0,12.0,0.2580107664701359,0.0019758384714497
greedy_ting,271.0,51.0,0.3552707335583994,0.0025953746269449
greedy_ting,311.0,69.0,0.3552142482497548,0.0025196502922915
greedy_ting,396.0,86.0,0.35059370298732,0.0026153733328432
greedy_ting,10.0,1.0,0.5093085106382979,0.0242129970197676
greedy_ting,147.0,32.0,0.3812237661021855,0.0035515641133255
greedy_ting,119.0,25.0,0.4028547589248465,0.004372205747707
greedy_ting,11.0,1.0,0.4485009671179884,0.0195476034367295
greedy_ting,24.0,1.0,0.2318262411347517,0.0053028409662492
greedy_ting,127.0,26.0,0.3859175182889373,0.003815912517457
greedy_ting,289.0,57.0,0.3619843431740656,0.002718128510523
greedy_ting,16.0,3.0,0.4977282801418439,0.0146190358757654
greedy_ting,402.0,87.0,0.3509028439363466,0.0026271015331297
greedy_ting,261.0,52.0,0.3427522349936143,0.0023377264557021
greedy_ting,42.0,8.0,0.4332995609591354,0.0076387470300897
greedy_ting,28.0,1.0,0.1855686423505572,0.0031228529376705
greedy_ting,11.0,1.0,0.5080593165699548,0.0219296550009748
greedy_ting,366.0,81.0,0.3510735185831105,0.0025202380896003
greedy_ting,386.0,85.0,0.3515231690736045,0.0025790720215225
greedy_ting,343.0,74.0,0.3495802576349688,0.0024404396366114
greedy_ting,39.0,7.0,0.4483997090380069,0.0085189301557945
greedy_ting,65.0,7.0,0.2509547190398254,0.0023010105393362
greedy_ting,296.0,57.0,0.3407190435115967,0.0023305635394526
greedy_ting,263.0,56.0,0.3416457676024054,0.0022119680725713
greedy_ting,33.0,2.0,0.1757736943907156,0.0027500339312296
greedy_ting,307.0,66.0,0.3624125025989327,0.0026602928414954
greedy_ting,111.0,22.0,0.3873873873873873,0.0036623742776704
greedy_ting,321.0,67.0,0.3460070480104284,0.0024961466467345
greedy_ting,18.0,1.0,0.3472714736012608,0.0102552291652306
greedy_ting,26.0,1.0,0.2108224222585925,0.004468831364295
greedy_ting,9.0,1.0,0.5090622537431048,0.0261633882092276
greedy_ting,29.0,1.0,0.1937209586696013,0.003076292009693
greedy_ting,103.0,20.0,0.3691902499483578,0.0041851260143484
greedy_ting,11.0,1.0,0.5099129593810445,0.0247537348774796
greedy_ting,42.0,8.0,0.4054373522458628,0.00729075812878
greedy_ting,16.0,1.0,0.3672983156028369,0.0116421191195033
greedy_ting,360.0,78.0,0.3497241922773837,0.0024526699681003
greedy_ting,11.0,1.0,0.504110251450677,0.0205270364349699
greedy_ting,119.0,24.0,0.3909425472316586,0.003939213102136
greedy_ting,32.0,1.0,0.181959219858156,0.0027293008635757
greedy_ting,251.0,50.0,0.3314578565171936,0.0020595994879673
greedy_ting,58.0,6.0,0.3034971875764245,0.0040051923690309
greedy_ting,38.0,2.0,0.1959919746173945,0.002457536447646
greedy_ting,61.0,12.0,0.4266073712359028,0.0059379772627515
greedy_ting,71.0,10.0,0.2996828488662471,0.0029766812931207
greedy_ting,175.0,30.0,0.3107852077001013,0.0019386221230607
greedy_ting,178.0,33.0,0.3229241373814646,0.0020639198533318
greedy_ting,14.0,2.0,0.4708080040526848,0.015724936939843
greedy_ting,19.0,2.0,0.4556270996640537,0.0124069911785372
greedy_ting,241.0,49.0,0.331527176951826,0.0022994189044197
greedy_ting,12.0,1.0,0.4881796690307329,0.0187235579475658
greedy_ting,9.0,1.0,0.5075847123719464,0.0256845262490828
greedy_ting,15.0,2.0,0.4586879432624113,0.0144398860721291
greedy_ting,36.0,2.0,0.20276792750197,0.0027818272385818
greedy_ting,357.0,79.0,0.3541877744005404,0.0025874665830633
greedy_ting,378.0,82.0,0.3469548575931555,0.0024968611318304
greedy_ting,408.0,87.0,0.349305990126547,0.0026135700158442
greedy_ting,247.0,54.0,0.3367179200045941,0.0023432285523729
greedy_ting,390.0,84.0,0.3491793962538643,0.0025765667603817
greedy_ting,24.0,4.0,0.4759160756501182,0.01075393818917
greedy_ting,261.0,58.0,0.3653127632401293,0.0030112441138919
greedy_ting,245.0,47.0,0.3258105369807497,0.0021386463195077
greedy_ting,316.0,72.0,0.3563857841817039,0.0026034681276358
greedy_ting,37.0,3.0,0.2494249568717653,0.0036140873662131
greedy_ting,286.0,62.0,0.3559893121063334,0.0024872846942996
greedy_ting,17.0,2.0,0.4350750938673342,0.012650201114451
greedy_ting,13.0,2.0,0.4775641025641025,0.0172795840502469
greedy_ting,11.0,1.0,0.5093488072211477,0.0222002734451804
greedy_ting,191.0,38.0,0.3579750102112806,0.0029681697578001
greedy_ting,228.0,46.0,0.3377970635809382,0.0022212175041527
greedy_ting,11.0,1.0,0.5067698259187621,0.0208351260246398
greedy_ting,204.0,37.0,0.344154151022111,0.0025620826722487
greedy_ting,399.0,86.0,0.3511104889884285,0.0026186020543804
greedy_ting,374.0,82.0,0.352566655288808,0.0025580779652702
greedy_ting,18.0,3.0,0.4815799842395586,0.0128272383490409
greedy_ting,28.0,1.0,0.216628672745694,0.0041240879085148
greedy_ting,93.0,13.0,0.2689887897506291,0.0017879852430319
greedy_ting,35.0,1.0,0.2063829787234042,0.0028453481890719
greedy_ting,15.0,2.0,0.4570921985815603,0.0139351223110841
greedy_ting,11.0,1.0,0.4691328175370728,0.0199574802201196
greedy_ting,236.0,50.0,0.3720098569539608,0.0030789019139605
greedy_ting,82.0,16.0,0.3897033385227469,0.0048257569592914
greedy_ting,11.0,1.0,0.4775145067698259,0.0201115997104257
greedy_ting,13.0,1.0,0.4737452264048009,0.0166320180145832
greedy_ting,266.0,60.0,0.3601257132192182,0.0028062536492143
greedy_ting,17.0,3.0,0.4698060075093867,0.0134813140565254
greedy_ting,68.0,11.0,0.3650396328744263,0.0047517536870329
greedy_ting,92.0,20.0,0.3894156645081715,0.0046519450822183
greedy_ting,52.0,8.0,0.317955537370431,0.0043469616388368
greedy_ting,49.0,6.0,0.2919923288464321,0.0034693930840814
greedy_ting,40.0,8.0,0.4526595744680851,0.0077987777274785
greedy_ting,12.0,2.0,0.5067966903073285,0.0192849712735217
greedy_ting,369.0,80.0,0.3522867054911683,0.0025354772476552
greedy_ting,62.0,12.0,0.4246310912834591,0.0057006705424722
greedy_ting,18.0,1.0,0.314667060677699,0.009389662376169
greedy_ting,12.0,1.0,0.4511672576832151,0.0177037695031968
greedy_ting,198.0,39.0,0.3549009599541515,0.0030497985041593
greedy_ting,185.0,32.0,0.3151284262986391,0.0020347802211691
greedy_ting,13.0,2.0,0.485747408619749,0.0175798171829484
greedy_ting,356.0,78.0,0.3555761415252211,0.0025570957757615
greedy_ting,382.0,83.0,0.3485249340908247,0.0025334217450978
greedy_ting,303.0,66.0,0.3571290639702268,0.0025122037277981
greedy_ting,299.0,59.0,0.3452198818757561,0.0023684627515636
greedy_ting,19.0,1.0,0.2642777155655095,0.007424926233527
greedy_ting,12.0,1.0,0.4725177304964539,0.0182803828613583
greedy_ting,282.0,60.0,0.3498472159348121,0.0025737828250054
greedy_ting,10.0,1.0,0.5095744680851064,0.024624641617625
greedy_ting,32.0,5.0,0.4310449911347517,0.0090166426455672
greedy_ting,324.0,70.0,0.3437034848086858,0.0023879645032873
greedy_ting,220.0,45.0,0.3219817859445518,0.0020717326557635
greedy_ting,126.0,26.0,0.3670494202409096,0.003316845649858
greedy_ting,12.0,1.0,0.5079048463356974,0.0212079527267101
greedy_ting,163.0,36.0,0.3703498237827959,0.0032468668223261
greedy_ting,17.0,2.0,0.4574468085106383,0.0132632154398254
greedy_ting,14.0,2.0,0.5036727456940223,0.0162877122706634
greedy_ting,79.0,14.0,0.348774575814705,0.0043828799301687
greedy_ting,56.0,10.0,0.3960074721377912,0.005438980386344
greedy_ting,13.0,1.0,0.507569558101473,0.0189426598244763
greedy_ting,29.0,2.0,0.2543714844705307,0.0047698107769169
greedy_ting,218.0,43.0,0.3545123300149652,0.0030049994123565
greedy_ting,32.0,1.0,0.2220744680851064,0.0034588614757809
greedy_ting,242.0,50.0,0.3368721059726862,0.002343187266383
greedy_ting,231.0,48.0,0.3490605139541309,0.0027921030126441
greedy_ting,60.0,9.0,0.3298758865248227,0.0032061311679493
greedy_ting,155.0,26.0,0.2966712422786547,0.0018588686712997
greedy_ting,58.0,11.0,0.3998532648569332,0.0057003857853156
greedy_ting,389.0,84.0,0.3482150996371858,0.0025480904531957
greedy_ting,39.0,7.0,0.4236224768139661,0.0079300486811716
greedy_ting,157.0,30.0,0.3742207616208158,0.0032507465820573
greedy_ting,20.0,3.0,0.467508865248227,0.0117967197795633
greedy_ting,222.0,45.0,0.3265526164462334,0.0021591453458401
greedy_ting,80.0,10.0,0.2752327127659574,0.0023596255876763
greedy_ting,214.0,40.0,0.3466063498376086,0.0025357200678125
greedy_ting,95.0,16.0,0.3353863381858902,0.0034763978636878
greedy_ting,172.0,35.0,0.3426727692561438,0.0027837520925276
greedy_ting,224.0,47.0,0.3655410967578521,0.0028156223702546
greedy_ting,327.0,68.0,0.3530185221332986,0.0024720580069764
greedy_ting,212.0,44.0,0.3691497725143851,0.0031576508119974
greedy_ting,109.0,23.0,0.395015941180298,0.0040317343796972
greedy_ting,165.0,29.0,0.3102460777992693,0.0019438752577376
greedy_ting,97.0,19.0,0.3757402939241062,0.0041674683465354
greedy_ting,47.0,8.0,0.4164780443639655,0.0063729234212919
greedy_ting,196.0,36.0,0.3402807931683312,0.0027573075574344
greedy_ting,13.0,2.0,0.47183578832515,0.0169687478886952
greedy_ting,58.0,9.0,0.3824743213499633,0.0049842020691216
greedy_ting,248.0,53.0,0.3588709677419355,0.0029329811219105
greedy_ting,94.0,13.0,0.3309095367436245,0.0035846711392211
greedy_ting,149.0,27.0,0.3243014898376886,0.0024982831838901
greedy_ting,184.0,31.0,0.3064147779833487,0.0018296054850661
greedy_ting,17.0,3.0,0.4992177722152691,0.01385248880928
greedy_ting,230.0,51.0,0.3622109158186864,0.0029924090398361
greedy_ting,264.0,54.0,0.3654026971846121,0.0028572251347971
greedy_ting,22.0,1.0,0.2275950999355254,0.0049673657435293
greedy_ting,315.0,65.0,0.3481284475965327,0.0025096711978854
greedy_ting,184.0,39.0,0.3741038390379278,0.0031848836254768
greedy_ting,215.0,43.0,0.3578673923800098,0.0030163158597875
greedy_ting,97.0,17.0,0.3249433355267968,0.0027764622262585
greedy_ting,161.0,31.0,0.3379972247918594,0.0026399886495959
greedy_ting,132.0,23.0,0.3148909305824199,0.0025115733307278
greedy_ting,36.0,2.0,0.2185283687943262,0.0033518663478251
greedy_ting,301.0,67.0,0.3598024316109422,0.0027540002541034
greedy_ting,141.0,29.0,0.387675418741512,0.0037988581336528
greedy_ting,12.0,1.0,0.4725916075650118,0.0186722926324824
greedy_ting,313.0,68.0,0.343526952620488,0.0022715912824519
greedy_ting,193.0,37.0,0.3347710652996729,0.0026992525300228
greedy_ting,43.0,5.0,0.4194293254164605,0.0074098811127941
greedy_ting,172.0,35.0,0.3557026224641266,0.0030672100641597
greedy_ting,22.0,1.0,0.266602192134107,0.006028950769475
greedy_ting,30.0,2.0,0.2696808510638298,0.0049160525962811
greedy_ting,19.0,1.0,0.2959126539753639,0.0081017981505191
greedy_ting,18.0,1.0,0.2811268715524034,0.0084490760146327
greedy_ting,26.0,1.0,0.2260979268957992,0.0045248972045653
greedy_ting,385.0,83.0,0.3520885143225569,0.0025756959794993
greedy_ting,369.0,81.0,0.3485219781275827,0.0024937602290668
greedy_ting,14.0,2.0,0.5052558257345491,0.0179425962987428
greedy_ting,343.0,73.0,0.355651531129169,0.0026791350730896
greedy_ting,136.0,29.0,0.3695048498122653,0.0035040637510504
greedy_ting,9.0,1.0,0.4857171000788022,0.0292373786840344
greedy_ting,21.0,1.0,0.2619469773725092,0.0064931392094755
greedy_ting,11.0,1.0,0.5101547388781431,0.0335994778435824
greedy_ting,416.0,86.0,0.3457830400981996,0.002573190138051
greedy_ting,343.0,69.0,0.3397690383144139,0.0020967987848808
greedy_ting,11.0,1.0,0.490167633784655,0.0235830619874204
greedy_ting,290.0,61.0,0.3738077769625825,0.0033345103723875
greedy_ting,382.0,76.0,0.3507180386914708,0.0026284099798611
greedy_ting,372.0,75.0,0.348244585525814,0.0024923677643508
greedy_ting,29.0,4.0,0.4985326485693324,0.031438381198093
greedy_ting,28.0,4.0,0.4981319655521783,0.0328058442872208
greedy_ting,35.0,5.0,0.4831813576494428,0.0230302031782986
greedy_ting,13.0,1.0,0.5090016366612111,0.0281933421014801
greedy_ting,312.0,66.0,0.3636399799963629,0.0031614302076625
greedy_ting,72.0,7.0,0.3031668636721828,0.0057088222134276
greedy_ting,326.0,67.0,0.3547594961493277,0.0025501150384131
greedy_ting,305.0,63.0,0.3548569933728636,0.0024223127795143
greedy_ting,39.0,4.0,0.4944762684124386,0.0208066102903002
greedy_ting,96.0,18.0,0.4543532062647754,0.0109301813857501
greedy_ting,111.0,23.0,0.4406587438502332,0.0099124056356243
greedy_ting,18.0,1.0,0.2888100866824271,0.0088529838961573
greedy_ting,386.0,77.0,0.3461374159409106,0.0024394640072561
greedy_ting,357.0,72.0,0.3549625523968452,0.0028398551201775
greedy_ting,123.0,18.0,0.3281799573314882,0.0043184046483643
greedy_ting,19.0,2.0,0.4741508025382605,0.0155102830679105
greedy_ting,263.0,54.0,0.3661617183075802,0.0032340503417117
greedy_ting,349.0,73.0,0.3447921111991708,0.0024190016464975
greedy_ting,65.0,13.0,0.4706764866339334,0.0107948380139939
greedy_ting,32.0,5.0,0.4958721187943262,0.0266574882452447
greedy_ting,32.0,5.0,0.4930186170212766,0.0260033159211367
greedy_ting,374.0,74.0,0.3443627450980392,0.0024020518076057
greedy_ting,256.0,53.0,0.3675995955230496,0.0033378120303591
greedy_ting,13.0,1.0,0.5095471903982542,0.0304074033398126
greedy_ting,19.0,3.0,0.5032194848824187,0.0178723877117324
greedy_ting,12.0,1.0,0.5095301418439716,0.0297001042924146
greedy_ting,17.0,2.0,0.5046933667083855,0.0198434904811656
greedy_ting,17.0,2.0,0.5057363370880267,0.0203602329187384
greedy_ting,175.0,37.0,0.4078166160081053,0.0054605968522915
greedy_ting,159.0,30.0,0.412641063383737,0.0063856847892919
greedy_ting,404.0,81.0,0.3412089214240573,0.002397190349896
greedy_ting,145.0,29.0,0.4096967473709953,0.0058511076398028
greedy_ting,157.0,33.0,0.4039503997831684,0.0053622656116318
greedy_ting,126.0,16.0,0.3157505910165484,0.0041187248380034
greedy_ting,303.0,56.0,0.3305069868688997,0.0023860893870337
greedy_ting,177.0,37.0,0.3947139079216251,0.0041810401840438
greedy_ting,133.0,28.0,0.4234655788407188,0.0079056937978211
greedy_ting,226.0,43.0,0.3855010042051088,0.0039135094929788
greedy_ting,69.0,8.0,0.2997481755576113,0.0055858659961448
greedy_ting,139.0,27.0,0.4238290218888719,0.0076501623362359
greedy_ting,403.0,83.0,0.3468379881386058,0.0025296558567758
greedy_ting,10.0,1.0,0.4796099290780142,0.0249033939439669
greedy_ting,220.0,43.0,0.3850660863958736,0.0034208883117981
greedy_ting,322.0,65.0,0.3507472137791287,0.0026480574465594
greedy_ting,51.0,9.0,0.4804790710610486,0.0144366112041193
greedy_ting,118.0,16.0,0.4067496093280442,0.0063184940268195
greedy_ting,415.0,85.0,0.346466717935572,0.0025738597551351
greedy_ting,190.0,39.0,0.3913540500186636,0.0040151229934105
greedy_ting,336.0,71.0,0.3490559566024991,0.002457942104843
greedy_ting,84.0,16.0,0.4147564167510976,0.0072288908288257
greedy_ting,392.0,78.0,0.3526785714285714,0.0027336371139315
greedy_ting,276.0,57.0,0.364239644362216,0.0028932505590974
greedy_ting,272.0,60.0,0.3777443158114309,0.0036136753094161
greedy_ting,22.0,1.0,0.2718004513217279,0.006342189475208
greedy_ting,41.0,6.0,0.4918050510292336,0.0213908570801443
greedy_ting,106.0,20.0,0.4468168740800213,0.0111837127212314
greedy_ting,391.0,80.0,0.3487670276251111,0.0025187758922494
greedy_ting,9.0,1.0,0.4761623325453113,0.0271000958791226
greedy_ting,93.0,17.0,0.4166285365667658,0.0077793076778854
greedy_ting,154.0,31.0,0.4193492677535231,0.0066864224270944
greedy_ting,110.0,22.0,0.4420857511283043,0.0102784935552487
greedy_ting,17.0,2.0,0.5061535252398832,0.0216804585031804
greedy_ting,147.0,31.0,0.4207012592270951,0.0069994486989689
greedy_ting,22.0,1.0,0.2787314635718891,0.0065487776625259
greedy_ting,317.0,55.0,0.3349413830905877,0.0022725388164861
greedy_ting,250.0,53.0,0.3653652482269504,0.0029941219128816
greedy_ting,331.0,66.0,0.3439502046238563,0.0021985693666299
greedy_ting,411.0,84.0,0.347036720677814,0.0025597823323765
greedy_ting,29.0,4.0,0.4974627048178038,0.0308037256500793
greedy_ting,136.0,19.0,0.3327010325406758,0.0043064703285125
greedy_ting,230.0,49.0,0.3788004933703361,0.0032212964397142
greedy_ting,206.0,44.0,0.3767343179783791,0.0031758508847965
greedy_ting,97.0,12.0,0.3240750895664254,0.0046653758123936
greedy_ting,94.0,17.0,0.432756149087068,0.0108204815568658
greedy_ting,341.0,65.0,0.3411222728312639,0.0021592544360403
greedy_ting,73.0,7.0,0.3108058874963567,0.0053194449305418
greedy_ting,57.0,11.0,0.4663587159387831,0.0128278238494573
greedy_ting,22.0,1.0,0.2674484203739523,0.0061539958595585
greedy_ting,10.0,1.0,0.4675531914893617,0.0227060698657011
greedy_ting,61.0,11.0,0.4642483432159051,0.0121490606274763
greedy_ting,34.0,5.0,0.4682676261994159,0.0146629195171041
greedy_ting,86.0,10.0,0.3271070427181263,0.0050766109868046
greedy_ting,33.0,5.0,0.4958091553836234,0.0252626405348738
greedy_ting,362.0,71.0,0.3566768543552369,0.0027427888520869
greedy_ting,280.0,52.0,0.3502722897669706,0.0027064047264258
greedy_ting,70.0,13.0,0.4464539007092198,0.0105045043519143
greedy_ting,182.0,38.0,0.3953657158444393,0.004539381556973
greedy_ting,54.0,9.0,0.463931573417389,0.0136304450157276
greedy_ting,185.0,25.0,0.3207255127467893,0.0037689414314293
greedy_ting,21.0,1.0,0.2756670043904086,0.0068384709315209
greedy_ting,244.0,50.0,0.3856673642599698,0.0039350419682004
greedy_ting,334.0,64.0,0.339369134072281,0.0021686654356644
greedy_ting,12.0,1.0,0.510121158392435,0.0322988131378226
greedy_ting,186.0,40.0,0.3844753298253641,0.0037101977681472
greedy_ting,171.0,35.0,0.402990336360997,0.0056272128937706
greedy_ting,248.0,52.0,0.3812950411805079,0.0036697114328163
greedy_ting,48.0,7.0,0.4740137411347518,0.015928200732182
greedy_ting,15.0,1.0,0.50774231678487,0.0238171250887223
greedy_ting,363.0,71.0,0.3512860715471934,0.0026032533074922
greedy_ting,353.0,70.0,0.3475152190946898,0.0024575901070578
greedy_ting,259.0,53.0,0.3813802404227936,0.0037477337397231
greedy_ting,343.0,69.0,0.3505779211380601,0.0025273707273352
greedy_ting,47.0,8.0,0.4509016146069111,0.010031196697193
greedy_ting,32.0,4.0,0.4980884308510638,0.0276162691635838
greedy_ting,54.0,8.0,0.4713685316522196,0.0135129983622029
greedy_ting,15.0,1.0,0.5082151300236407,0.0256220309452352
greedy_ting,20.0,1.0,0.3076241134751772,0.0087450643830793
greedy_ting,116.0,25.0,0.4382413181707019,0.0093993411339047
greedy_ting,14.0,1.0,0.5,0.0244065711390939
greedy_ting,228.0,46.0,0.3805174505412467,0.0042665700226278
greedy_ting,165.0,24.0,0.3308349451966473,0.0039622957873451
greedy_ting,31.0,4.0,0.4977121940059483,0.0279484341823443
greedy_ting,16.0,2.0,0.4873116134751773,0.018341747533567
greedy_ting,354.0,70.0,0.3427144688864847,0.0022360481655646
greedy_ting,130.0,27.0,0.4206833060556464,0.0080154317877019
greedy_ting,20.0,2.0,0.4156471631205674,0.0142121698323776
greedy_ting,41.0,6.0,0.4886049126448711,0.0194485859625926
greedy_ting,208.0,41.0,0.3932419530823786,0.0046052465386505
greedy_ting,239.0,51.0,0.3720733552924419,0.0030393013021761
greedy_ting,106.0,25.0,0.4381858022213301,0.0067416373478399
greedy_ting,317.0,64.0,0.3517322191645972,0.002518641283075
greedy_ting,23.0,1.0,0.3064677767499229,0.0077597203716555
greedy_ting,326.0,68.0,0.3602907583866336,0.0029972781808464
greedy_ting,29.0,4.0,0.4981963805331377,0.031312893725694
greedy_ting,396.0,79.0,0.341027741958593,0.0024749299047034
greedy_ting,149.0,27.0,0.3866795183016802,0.0052371697576436
greedy_ting,73.0,14.0,0.4398134654619644,0.0085813130819311
greedy_ting,16.0,1.0,0.476063829787234,0.0174068913158292
greedy_ting,292.0,60.0,0.3695381569999028,0.0030942366630469
greedy_ting,243.0,50.0,0.3854485888567843,0.0039709126458135
greedy_ting,46.0,6.0,0.4895544249152019,0.0164834840433851
greedy_ting,80.0,16.0,0.4574689716312057,0.0093363908812119
greedy_ting,194.0,28.0,0.3670304160269064,0.0036973498767608
greedy_ting,62.0,12.0,0.4649822695035461,0.0120432639419818
greedy_ting,218.0,42.0,0.3900302557095452,0.0042807635926778
greedy_ting,17.0,1.0,0.4295473508552357,0.0167915593238244
greedy_ting,12.0,1.0,0.4844858156028369,0.0222671903031369
greedy_ting,74.0,8.0,0.3146444316657082,0.0055654234367238
greedy_ting,232.0,47.0,0.3841671252139887,0.0038082959817205
greedy_ting,299.0,59.0,0.3519859342014753,0.0026060559058937
greedy_ting,195.0,29.0,0.3407119476268412,0.0034941033394257
greedy_ting,124.0,22.0,0.3892844886753603,0.0057982153592098
greedy_ting,20.0,1.0,0.2655141843971631,0.0069844873874553
greedy_ting,33.0,5.0,0.4439340210616806,0.0115913160982317
greedy_ting,184.0,34.0,0.3971390302189331,0.0049510613141917
greedy_ting,291.0,57.0,0.3732299968316638,0.0032665391542687
greedy_ting,21.0,3.0,0.4637791286727457,0.0126714196065227
greedy_ting,298.0,63.0,0.3593370698272169,0.0027643287549065
greedy_ting,63.0,5.0,0.2838708769559833,0.0058252401027104
greedy_ting,148.0,21.0,0.3576229154686601,0.0044359908157678
greedy_ting,40.0,7.0,0.4652039007092198,0.0115396747365575
greedy_ting,168.0,32.0,0.4125084430935495,0.0058195001578838
greedy_ting,21.0,1.0,0.2957193515704154,0.0071589488493953
greedy_ting,412.0,84.0,0.3470701645665496,0.0025614915522265
greedy_ting,103.0,20.0,0.4359808579494594,0.009573201179974
greedy_ting,42.0,5.0,0.4908814589665653,0.0191128284722671
greedy_ting,37.0,6.0,0.4816225800268354,0.0221873832420139
greedy_ting,360.0,74.0,0.36214292750197,0.002912804269654
greedy_ting,269.0,54.0,0.3747956708587097,0.0035723230481039
greedy_ting,62.0,11.0,0.4638383665065202,0.0118926539729156
greedy_ting,20.0,1.0,0.2865691489361702,0.0083989562113324
greedy_ting,88.0,10.0,0.3754634107027724,0.0068694367949786
greedy_ting,294.0,58.0,0.3576826120519129,0.0025465957313285
greedy_ting,229.0,48.0,0.3883288426399083,0.0039988546230997
greedy_ting,284.0,53.0,0.3629694835680751,0.0027142696584226
greedy_ting,199.0,42.0,0.3870371360347838,0.0043925866866937
greedy_ting,43.0,5.0,0.4940417285172356,0.0182569246555949
greedy_ting,33.0,5.0,0.4624973135611433,0.0125646587092188
greedy_ting,34.0,5.0,0.4941332916145182,0.0241601938704409
greedy_ting,57.0,6.0,0.4681628717183028,0.0115892930801457
greedy_ting,78.0,15.0,0.4574354428077832,0.0096998211794017
greedy_ting,185.0,36.0,0.4021468276787425,0.0052868240244208
greedy_ting,91.0,12.0,0.336343620918089,0.0051788016391952
greedy_ting,217.0,45.0,0.3973551328561623,0.0045760893120038
greedy_ting,101.0,19.0,0.4461940874938558,0.0100722938258444
greedy_ting,234.0,45.0,0.3519200460689822,0.0027859633413117
greedy_ting,400.0,82.0,0.3520722517730496,0.002724179841738
greedy_ting,76.0,12.0,0.4397163120567376,0.0075757500549321
greedy_ting,270.0,56.0,0.3643124507486209,0.0028554277128441
greedy_ting,104.0,19.0,0.4277482269503546,0.0063687639215908
greedy_ting,238.0,51.0,0.3717928660826032,0.003054973562202
greedy_ting,186.0,36.0,0.3950373674979028,0.0042178706939949
greedy_ting,157.0,32.0,0.4128947011790216,0.0065216794389271
greedy_ting,209.0,45.0,0.3966201771352947,0.0043800636911806
greedy_ting,137.0,28.0,0.4188732722472433,0.0075642142364496
greedy_ting,60.0,10.0,0.4714539007092198,0.0114309830994416
greedy_ting,21.0,1.0,0.281999324552516,0.0068693305667588
greedy_ting,332.0,68.0,0.3522200504144236,0.0024087034100607
greedy_ting,198.0,35.0,0.3726135468156745,0.0036122007933417
greedy_ting,297.0,51.0,0.3340288225039998,0.0023180848878286
greedy_ting,153.0,26.0,0.3930955360867751,0.0045042661821949
greedy_ting,15.0,1.0,0.4822695035460993,0.0187794041211877
greedy_ting,77.0,10.0,0.3176176660219213,0.0050897606687858
greedy_ting,281.0,55.0,0.3601940889932106,0.0026828497338829
greedy_ting,10.0,1.0,0.476418439716312,0.0244439100145867
greedy_ting,294.0,58.0,0.3614639118058571,0.0026954363954067
greedy_ting,50.0,8.0,0.4410460992907801,0.0095914588677631
greedy_ting,79.0,15.0,0.4402661818834724,0.0075858049786149
greedy_ting,45.0,7.0,0.4900512214342001,0.0170772760735015
greedy_ting,157.0,26.0,0.3986425441568415,0.0043774698114579
greedy_ting,25.0,1.0,0.2921631205673758,0.0064804272923896
greedy_ting,40.0,5.0,0.4746897163120567,0.0193327937949549
greedy_ting,216.0,47.0,0.3769987851326504,0.0036122759631214
greedy_ting,360.0,70.0,0.33799743892829,0.0022235617656149
greedy_ting,236.0,48.0,0.3808826181031374,0.0035965556551534
greedy_ting,20.0,3.0,0.5027039007092198,0.0163645860840752
greedy_ting,192.0,38.0,0.4029301492316785,0.0048625324087813
greedy_ting,214.0,46.0,0.3762883608404587,0.0036630853826742
greedy_ting,45.0,7.0,0.4526792750197005,0.010584494718886
greedy_ting,15.0,1.0,0.4785460992907801,0.018081889324816
greedy_ting,52.0,10.0,0.4603962084015275,0.0100452115824174
greedy_ting,311.0,57.0,0.3356935987776789,0.0020089485967628
greedy_ting,411.0,86.0,0.3519223136787976,0.0027326859284001
greedy_ting,21.0,1.0,0.4338905775075988,0.0157964762787563
greedy_ting,9.0,1.0,0.5085697399527187,0.0356721159882783
greedy_ting,19.0,1.0,0.2381019036954087,0.0072232218507599
greedy_ting,12.0,1.0,0.510121158392435,0.0288019652260811
greedy_ting,27.0,3.0,0.5026267402153928,0.0328832927661699
greedy_ting,33.0,4.0,0.5034117773479476,0.0267404063532933
greedy_ting,11.0,1.0,0.5087846550612508,0.0309438719783537
greedy_ting,31.0,3.0,0.5026595744680852,0.029097877918621
greedy_ting,402.0,84.0,0.3530463815673406,0.0027486010526944
greedy_ting,41.0,8.0,0.4977512541082858,0.0193592610715491
greedy_ting,10.0,1.0,0.5086879432624113,0.0311656543936422
greedy_ting,42.0,8.0,0.4939209726443769,0.0186102206085392
greedy_ting,139.0,27.0,0.3926284504311444,0.0046383952775705
greedy_ting,48.0,10.0,0.4666075650118204,0.0099788184140078
greedy_ting,162.0,30.0,0.3868750547237545,0.0039661866401078
greedy_ting,16.0,2.0,0.4772273936170212,0.020366686545689
greedy_ting,30.0,2.0,0.2903959810874704,0.0061341221587892
greedy_ting,230.0,49.0,0.359609158186864,0.0030913774951271
greedy_ting,373.0,77.0,0.353839864620767,0.0025904555272296
greedy_ting,155.0,36.0,0.401990391214825,0.0041250115607217
greedy_ting,108.0,15.0,0.3080920015760441,0.0035400457584381
greedy_ting,282.0,56.0,0.3477503646697852,0.0024831161344181
greedy_ting,393.0,83.0,0.3513999422518182,0.0025831915226792
greedy_ting,26.0,3.0,0.4640616475722859,0.0130606946762229
greedy_ting,39.0,7.0,0.4860656482996908,0.0111878566813434
greedy_ting,18.0,1.0,0.2426615445232466,0.0079631771036121
greedy_ting,12.0,1.0,0.472443853427896,0.0224565275804226
greedy_ting,121.0,17.0,0.3052063185041909,0.003254938598942
greedy_ting,375.0,80.0,0.3575011820330969,0.0027169899513214
greedy_ting,66.0,13.0,0.4609257468300021,0.0089244674820576
greedy_ting,20.0,1.0,0.2476063829787234,0.0069534904557114
greedy_ting,35.0,5.0,0.502482269503546,0.0242028410881478
greedy_ting,25.0,4.0,0.4520921985815602,0.0133927858256626
greedy_ting,19.0,1.0,0.2520996640537514,0.0075912182158357
greedy_ting,151.0,32.0,0.4042846742755155,0.0042303462859727
greedy_ting,234.0,47.0,0.3812284051645754,0.0033073783657182
greedy_ting,206.0,34.0,0.322918818425945,0.0023968820415111
greedy_ting,34.0,4.0,0.5031028368794326,0.025580724313776
greedy_ting,371.0,79.0,0.3575251859073617,0.0027047396617074
greedy_ting,382.0,75.0,0.3439112918198359,0.0024626277583427
greedy_ting,226.0,44.0,0.3484709408146614,0.0029797929034704
greedy_ting,55.0,9.0,0.4903127014829142,0.0153988002894079
greedy_ting,129.0,14.0,0.3392847325306504,0.0040745271862322
greedy_ting,54.0,4.0,0.2993827160493827,0.0072760298605232
greedy_ting,348.0,73.0,0.3584056819108176,0.003156061785976
greedy_ting,12.0,1.0,0.4745124113475177,0.0232803966150676
greedy_ting,194.0,43.0,0.3872742560503034,0.003823499436377
greedy_ting,10.0,1.0,0.487854609929078,0.0285847590035711
greedy_ting,387.0,82.0,0.350204794106328,0.0026197852646649
greedy_ting,337.0,70.0,0.3406123071742744,0.0021848615740755
greedy_ting,185.0,39.0,0.3916522905884608,0.0034533097018567
greedy_ting,63.0,12.0,0.4589243498817967,0.009337505555067
greedy_ting,75.0,12.0,0.4241371158392434,0.0071122774955429
greedy_ting,352.0,76.0,0.3612991618310767,0.0028458927808606
greedy_ting,37.0,6.0,0.5021564117308798,0.0220490309415529
greedy_ting,255.0,53.0,0.3687178417466277,0.002784845445549
greedy_ting,11.0,1.0,0.4472920696324952,0.0238029654543708
greedy_ting,26.0,1.0,0.2561033824331696,0.0059244970127733
greedy_ting,276.0,52.0,0.3383505499023538,0.0023968036708116
greedy_ting,361.0,74.0,0.3565131333372625,0.0025612719069841
greedy_ting,118.0,24.0,0.417891272989542,0.0052822069588072
greedy_ting,20.0,1.0,0.294281914893617,0.0090076403821487
greedy_ting,387.0,81.0,0.3555880843733391,0.0027567613773031
greedy_ting,149.0,31.0,0.4107346851349421,0.0049060198106552
greedy_ting,342.0,71.0,0.3527617062751441,0.0024415772071377
greedy_ting,23.0,1.0,0.2711609620721554,0.0066159228101912
greedy_ting,22.0,1.0,0.2763942617666022,0.007113553367225
greedy_ting,319.0,67.0,0.3425654194179506,0.0022268890250366
greedy_ting,77.0,15.0,0.454626047711154,0.0085594661772288
greedy_ting,15.0,1.0,0.5070921985815603,0.0199733413812182
greedy_ting,18.0,1.0,0.2828506698187549,0.0085905209103735
greedy_ting,40.0,8.0,0.4823359929078014,0.0108022337399715
greedy_ting,90.0,19.0,0.439381402679275,0.0078878582969905
greedy_ting,316.0,68.0,0.3637613340515306,0.0026119972488263
greedy_ting,309.0,64.0,0.3653658564575731,0.0026494937029655
greedy_ting,290.0,59.0,0.3455031792614331,0.0024427574953105
greedy_ting,298.0,65.0,0.3609970726831358,0.0025844357880421
greedy_ting,43.0,8.0,0.4928871845620979,0.0180481309539461
greedy_ting,59.0,10.0,0.3992967904796249,0.0072195714674678
greedy_ting,30.0,4.0,0.4696513002364066,0.0123738736803425
greedy_ting,190.0,39.0,0.3947508398656215,0.0036770641053534
greedy_ting,248.0,46.0,0.370978466026081,0.0029932175319116
greedy_ting,107.0,23.0,0.4167826605687015,0.0057965714412844
greedy_ting,32.0,3.0,0.5026595744680851,0.0278769027274784
greedy_ting,236.0,51.0,0.3803153924750571,0.0034705717855401
greedy_ting,168.0,28.0,0.3448423252279635,0.0032465080928644
greedy_ting,23.0,2.0,0.2849213691026827,0.0071237188302536
greedy_ting,379.0,79.0,0.3550005613877505,0.0026511110302332
greedy_ting,333.0,69.0,0.35529678614785,0.0025129987844796
greedy_ting,112.0,25.0,0.4266321555217832,0.0056715104921115
greedy_ting,207.0,35.0,0.3187078151231712,0.002596164182387
greedy_ting,262.0,58.0,0.3749763142222944,0.0032802600992886
greedy_ting,98.0,21.0,0.4411817918656824,0.0068172386292987
greedy_ting,14.0,1.0,0.5068389057750761,0.0208137012161135
greedy_ting,341.0,71.0,0.3401811526382562,0.0021673774696754
greedy_ting,176.0,37.0,0.4009157398452611,0.0039811129016183
greedy_ting,19.0,1.0,0.3108902575587906,0.0097081247515514
greedy_ting,85.0,19.0,0.431049228201919,0.0066605497128328
greedy_ting,30.0,5.0,0.443321513002364,0.0123509848878605
greedy_ting,163.0,25.0,0.331750641778706,0.0028985345949939
greedy_ting,12.0,1.0,0.5086436170212766,0.0274999037240329
greedy_ting,143.0,24.0,0.3712121212121212,0.0034078972573988
greedy_ting,53.0,8.0,0.3936337481600428,0.0078874202604643
greedy_ting,129.0,23.0,0.3887376986090494,0.0042028325175017
greedy_ting,146.0,23.0,0.3120385213251724,0.0029103705950173
greedy_ting,74.0,7.0,0.3294877324132643,0.0067266962254394
greedy_ting,270.0,52.0,0.3649297346992382,0.0026903281723614
greedy_ting,77.0,14.0,0.4257161278437875,0.0069327280588179
greedy_ting,46.0,8.0,0.4890726179463459,0.0170031740694324
greedy_ting,330.0,69.0,0.3549645390070922,0.0024677336349627
greedy_ting,101.0,21.0,0.4363633171827821,0.0064298068927232
greedy_ting,14.0,1.0,0.5070921985815603,0.0217509744202493
greedy_ting,26.0,1.0,0.2682760501909438,0.0062886936145807
greedy_ting,217.0,44.0,0.3853809196980096,0.0036976083959406
greedy_ting,368.0,75.0,0.3503194380203515,0.0025436614813684
greedy_ting,283.0,62.0,0.3664824699897251,0.0027449081863656
greedy_ting,27.0,1.0,0.2655306015235093,0.0059255595053256
greedy_ting,23.0,3.0,0.4883595436324391,0.0140757105438987
greedy_ting,321.0,66.0,0.3347998276662027,0.0021850339214149
greedy_ting,15.0,1.0,0.4380614657210401,0.017621458790917
greedy_ting,165.0,33.0,0.3916720395443799,0.0040916620789935
greedy_ting,57.0,10.0,0.4888951101157148,0.0149506048755562
greedy_ting,69.0,7.0,0.3025747764415665,0.0042118060715827
greedy_ting,28.0,2.0,0.2603533434650456,0.0061448436677183
greedy_ting,95.0,20.0,0.4350690556177678,0.0073483818052593
greedy_ting,391.0,83.0,0.3538594438700549,0.0026628599915887
greedy_ting,111.0,18.0,0.3820522650309884,0.0044740263083323
greedy_ting,310.0,63.0,0.3680622283230382,0.0028683264277811
greedy_ting,17.0,2.0,0.5041197329995829,0.0172656605026551
greedy_ting,238.0,45.0,0.3744449907622623,0.003011988873497
greedy_ting,257.0,55.0,0.3693152026933797,0.0034212277104815
greedy_ting,219.0,41.0,0.3849339356844457,0.0033768778681299
greedy_ting,313.0,66.0,0.3617502775700723,0.0025427283257895
greedy_ting,124.0,29.0,0.4100391786776481,0.0048208736799742
greedy_ting,287.0,62.0,0.3657609904366521,0.0026707269515133
greedy_ting,125.0,26.0,0.4148368794326241,0.0052250868668578
greedy_ting,122.0,27.0,0.4145302871759098,0.0051789416765714
greedy_ting,34.0,4.0,0.5028942428035044,0.0255512996696691
greedy_ting,298.0,57.0,0.3558266695225855,0.0024824123569102
greedy_ting,303.0,64.0,0.3619976359338062,0.0025503463491505
greedy_ting,144.0,31.0,0.3942511327817179,0.0043867265276985
greedy_ting,293.0,54.0,0.3444829714617675,0.0022585839661435
greedy_ting,251.0,46.0,0.3455645503094007,0.0026628925586669
greedy_ting,19.0,2.0,0.4826894363568495,0.016699028105733
greedy_ting,407.0,85.0,0.3507719518357816,0.0026714034674961
greedy_ting,18.0,1.0,0.261574074074074,0.0082223581195458
greedy_ting,35.0,5.0,0.4152988855116514,0.0094113341730233
greedy_ting,357.0,74.0,0.3564798259729423,0.0026781592941161
greedy_ting,44.0,8.0,0.4919205351386202,0.0179559951799726
greedy_ting,16.0,1.0,0.5078679078014184,0.0212146917715092
greedy_ting,113.0,24.0,0.4214837130483901,0.0054461753991185
greedy_ting,15.0,1.0,0.5086879432624113,0.0246684124708684
greedy_ting,53.0,8.0,0.4893282483607654,0.016138332396019
greedy_ting,32.0,7.0,0.5007203014184397,0.014523251112675
greedy_ting,310.0,54.0,0.3415837336993823,0.0021533197888388
greedy_ting,218.0,38.0,0.3214343808966101,0.0024847848247912
greedy_ting,48.0,6.0,0.4283392434988179,0.0089798733890257
greedy_ting,22.0,2.0,0.4046582849774339,0.0115857677042036
greedy_ting,327.0,67.0,0.3469131585225671,0.002292052647167
greedy_ting,337.0,72.0,0.3559804911926257,0.0027778723734899
greedy_ting,93.0,16.0,0.3658678410737436,0.0052478348286712
greedy_ting,180.0,38.0,0.3834958628841607,0.0032743420720183
greedy_ting,31.0,5.0,0.4709448638755433,0.0121390980810327
greedy_ting,365.0,75.0,0.349978140483824,0.0025118009991594
greedy_ting,152.0,35.0,0.4014965938783127,0.0042008686304682
greedy_ting,214.0,43.0,0.375811957314244,0.003106542862581
greedy_ting,16.0,1.0,0.4670323581560284,0.0193690022774179
greedy_ting,199.0,36.0,0.3458293239245875,0.0028710247126116
greedy_ting,105.0,16.0,0.362757514353259,0.0051840559463729
greedy_ting,269.0,48.0,0.3390940968651955,0.0026185104101538
greedy_ting,213.0,40.0,0.3990027636266773,0.0048391961768723
greedy_ting,410.0,86.0,0.3507048953468258,0.0027208864598914
greedy_ting,84.0,17.0,0.4504073792637622,0.0085893398799315
greedy_ting,94.0,20.0,0.4344160253508374,0.007386101203815
greedy_ting,210.0,42.0,0.356306990881459,0.0028783962279645
greedy_ting,349.0,73.0,0.3555167753866162,0.0026107621050561
greedy_ting,30.0,6.0,0.5019799054373523,0.0158717694937657
greedy_ting,102.0,22.0,0.4339973578083715,0.0065880234100897
greedy_ting,270.0,61.0,0.3762378513265038,0.0033070659203985
greedy_ting,246.0,35.0,0.3249545926310327,0.0023186350819026
greedy_ting,64.0,12.0,0.4566156914893617,0.009063439795887
greedy_ting,327.0,72.0,0.3601893421823151,0.0030703274959594
greedy_ting,79.0,11.0,0.373496274351378,0.0065637719110246
greedy_ting,407.0,85.0,0.3509614546848589,0.0026864277686904
greedy_ting,11.0,1.0,0.4896034816247582,0.0252421263438949
greedy_ting,177.0,37.0,0.4009295989101254,0.0039753851641853
greedy_ting,199.0,33.0,0.3330883139099754,0.0026070257287127
greedy_ting,267.0,50.0,0.3377427152229925,0.0022569273641717
greedy_ting,291.0,51.0,0.3471765250664132,0.00224337013518
greedy_ting,13.0,1.0,0.4759274413529732,0.0210013587874479
greedy_ting,96.0,17.0,0.4300476507092198,0.0065344316771542
greedy_ting,265.0,55.0,0.3651244480128462,0.0029976964643974
greedy_ting,21.0,1.0,0.2795930428909152,0.0075030170301274
greedy_ting,239.0,48.0,0.363634677586872,0.0027682866267426
greedy_ting,212.0,42.0,0.3546057473571524,0.0025357381843996
greedy_ting,22.0,3.0,0.4599049000644745,0.013824142529767
greedy_ting,15.0,1.0,0.4125295508274231,0.0166594012150071
greedy_ting,211.0,39.0,0.339412960908877,0.0024982390640801
greedy_ting,91.0,17.0,0.4074896734471202,0.0057570582035931
greedy_ting,72.0,6.0,0.3241356382978723,0.0055326247924281
greedy_ting,20.0,1.0,0.3329787234042553,0.0105524747246113
greedy_ting,90.0,9.0,0.320133963750985,0.0049755008349059
greedy_ting,295.0,61.0,0.3562297151099892,0.0025135875519813
greedy_ting,25.0,4.0,0.5017375886524822,0.0152366970977315
greedy_ting,243.0,50.0,0.3453470215684557,0.002667511419593
greedy_ting,106.0,17.0,0.364119162317677,0.0051024464170527
greedy_ting,74.0,14.0,0.441237780333525,0.0087966181777834
greedy_ting,114.0,23.0,0.4059039442578077,0.0050184495331091
greedy_ting,27.0,5.0,0.5002626740215392,0.017402084929335
greedy_ting,70.0,11.0,0.4726063829787234,0.0112080859109148
greedy_ting,267.0,60.0,0.3734261694158897,0.0029413872917655
greedy_ting,19.0,1.0,0.2804684583799925,0.0081603942871441
greedy_ting,218.0,41.0,0.3843573101698224,0.0033750995537908
greedy_ting,37.0,7.0,0.4476950354609929,0.0094747911642938
greedy_ting,12.0,1.0,0.5080526004728133,0.0250225768234188
greedy_ting,288.0,58.0,0.3538680801812451,0.0025441272122071
greedy_ting,123.0,22.0,0.3983235311076515,0.0049883622923404
greedy_ting,191.0,40.0,0.3780262522743307,0.0033767823022946
greedy_multi,12.0,1.0,0.3204048463356974,0.0130999444524784
greedy_multi,46.0,11.0,0.4338382670366943,0.0052792936349112
greedy_multi,7.0,1.0,0.5092451874366768,0.0341090553846403
greedy_multi,10.0,1.0,0.5099290780141844,0.0261780091544689
greedy_multi,18.0,1.0,0.3894799054373522,0.0094340259730582
greedy_multi,43.0,10.0,0.4326034966188355,0.0054036664006707
greedy_multi,29.0,6.0,0.4777451699682074,0.0082729906439151
greedy_multi,41.0,9.0,0.4253589344404082,0.0055110626849624
greedy_multi,42.0,10.0,0.4329407294832826,0.0054844995345605
greedy_multi,29.0,5.0,0.4376681340180973,0.0071957717010146
greedy_multi,23.0,3.0,0.4791088498304039,0.010000755677757
greedy_multi,36.0,8.0,0.4471532702915681,0.0062804216531262
greedy_multi,32.0,7.0,0.4646498226950354,0.0074182228989047
greedy_multi,28.0,5.0,0.4475050658561296,0.007407655749413
greedy_multi,39.0,8.0,0.4591516639388979,0.0063025597100578
greedy_multi,44.0,11.0,0.4368955512572534,0.0056303952214021
greedy_multi,30.0,7.0,0.4532801418439716,0.0080901074937544
greedy_multi,37.0,9.0,0.4403153153153153,0.0061176310727058
greedy_multi,21.0,3.0,0.4718422830124957,0.0098856460537704
greedy_multi,24.0,4.0,0.4686391843971631,0.0093946882715176
greedy_multi,31.0,6.0,0.4284774651109586,0.0067257680270973
greedy_multi,21.0,2.0,0.4210992907801418,0.0097401659345897
greedy_multi,8.0,1.0,0.5094193262411347,0.0303163073215319
greedy_multi,14.0,2.0,0.4649822695035461,0.0148261901618197
greedy_multi,20.0,4.0,0.490159574468085,0.0115698326920174
greedy_multi,7.0,1.0,0.4830293819655522,0.032278216100081
greedy_multi,13.0,1.0,0.3256955810147299,0.0121816524295891
greedy_multi,15.0,1.0,0.3273640661938534,0.0098658650917402
greedy_multi,7.0,1.0,0.5079787234042553,0.0328644048157965
greedy_multi,11.0,1.0,0.4238394584139265,0.0172638705982413
greedy_multi,18.0,2.0,0.3936170212765957,0.0095324122976151
greedy_multi,17.0,1.0,0.348456403838131,0.0092439178336013
greedy_multi,9.0,1.0,0.4570527974783294,0.0231314593435878
greedy_multi,7.0,1.0,0.5088652482269503,0.0332836884565205
greedy_multi,11.0,1.0,0.5024177949709864,0.019688193303877
greedy_multi,10.0,1.0,0.4048758865248227,0.0192226796313061
greedy_multi,19.0,2.0,0.5046192609182532,0.013161114639724
greedy_multi,13.0,1.0,0.3661347517730496,0.0128409329519518
greedy_multi,8.0,1.0,0.5059840425531915,0.0278897231496154
greedy_multi,8.0,1.0,0.5089760638297872,0.0287176350653574
greedy_multi,22.0,3.0,0.4034090909090909,0.0079702519635425
greedy_multi,25.0,5.0,0.4822340425531914,0.01052976082692
greedy_multi,26.0,4.0,0.4155755591925804,0.0073034592809465
greedy_multi,33.0,6.0,0.4408446163765313,0.0070933504073756
greedy_multi,9.0,1.0,0.5098502758077226,0.0275494128335199
greedy_multi,31.0,6.0,0.4272477693891558,0.006483778796011
greedy_multi,16.0,2.0,0.5071476063829787,0.0157505240900151
greedy_multi,38.0,8.0,0.4297312430011198,0.0057448031159359
greedy_multi,26.0,5.0,0.4732337697763229,0.0088950192532402
greedy_multi,16.0,1.0,0.3585992907801418,0.0098983482973693
greedy_multi,17.0,2.0,0.5033375052148519,0.014167123102181
greedy_multi,23.0,4.0,0.4783379586802344,0.0101958674434245
greedy_multi,32.0,6.0,0.4379155585106383,0.0066444347468511
greedy_multi,27.0,5.0,0.4680522721302863,0.0085231654665561
greedy_multi,40.0,10.0,0.4425088652482269,0.0057284573682158
greedy_multi,43.0,11.0,0.4426232888009236,0.0057246711599512
greedy_multi,30.0,6.0,0.4061465721040189,0.0068771132683913
greedy_multi,15.0,2.0,0.4449172576832151,0.0137271208132834
greedy_multi,37.0,9.0,0.4796818094690435,0.0071210131987296
greedy_multi,20.0,2.0,0.3954343971631205,0.0090372226466223
greedy_multi,28.0,5.0,0.4175531914893617,0.0070476894922749
greedy_multi,41.0,10.0,0.4388514097906936,0.0055796444526072
greedy_multi,24.0,3.0,0.4220966312056737,0.0084217443070121
greedy_multi,12.0,1.0,0.4077275413711583,0.0152926787213783
greedy_multi,14.0,1.0,0.3897543059777102,0.0128178438173971
greedy_multi,30.0,4.0,0.4109633569739953,0.0067621925107164
greedy_multi,36.0,6.0,0.4354314420803782,0.0059575320960641
greedy_multi,8.0,1.0,0.462322695035461,0.0267829916125948
greedy_multi,16.0,1.0,0.3321143617021276,0.0091315667086351
greedy_multi,35.0,8.0,0.4618034447821682,0.0069894238063416
greedy_multi,40.0,10.0,0.4336879432624113,0.005642604748252
greedy_multi,13.0,2.0,0.4963857064920894,0.0167627142965139
greedy_multi,11.0,1.0,0.3457446808510638,0.0150658556842968
greedy_multi,12.0,1.0,0.4544917257683215,0.0161766329102606
greedy_multi,14.0,1.0,0.5058257345491388,0.0169728635380513
greedy_multi,20.0,3.0,0.4574468085106383,0.010618303908254
greedy_multi,7.0,1.0,0.4864488348530901,0.0323463992130728
greedy_multi,35.0,8.0,0.4459473150962513,0.0061650057638869
greedy_multi,22.0,4.0,0.4503949065119277,0.0086703498808613
greedy_multi,42.0,10.0,0.4399696048632219,0.0055490671194286
greedy_multi,10.0,1.0,0.509663120567376,0.0253055602711132
greedy_multi,44.0,11.0,0.4363112508059316,0.0053946656515097
greedy_multi,34.0,7.0,0.4445661243220692,0.0064671968411008
greedy_multi,8.0,1.0,0.5090868794326241,0.0295051945796238
greedy_multi,45.0,11.0,0.4341016548463357,0.0053527062410229
greedy_multi,34.0,7.0,0.4446964956195244,0.006819832300414
greedy_multi,38.0,8.0,0.4390164240388204,0.0058633299398735
greedy_multi,39.0,9.0,0.4404437170394617,0.00568666273069
greedy_multi,45.0,11.0,0.4392434988179668,0.0053787815278685
greedy_multi,8.0,1.0,0.5093085106382979,0.029556525388562
greedy_multi,19.0,3.0,0.4783967898469578,0.0112865085172287
greedy_multi,27.0,4.0,0.4050433412135539,0.0071449817773778
greedy_multi,22.0,1.0,0.3803191489361702,0.0076051616103418
greedy_multi,33.0,7.0,0.4211798839458414,0.0061580332038992
greedy_multi,9.0,1.0,0.5088652482269503,0.0247003234057456
greedy_multi,25.0,4.0,0.4446099290780141,0.0078198833056688
greedy_multi,12.0,1.0,0.3733747044917258,0.0140586271300348
greedy_multi,11.0,1.0,0.4739684074790457,0.0190310485300763
greedy_multi,13.0,1.0,0.3908210583742498,0.0136895100924464
greedy_multi,14.0,1.0,0.3687310030395137,0.0116664458053479
greedy_multi,12.0,1.0,0.3505466903073286,0.0137834383243493
greedy_multi,10.0,1.0,0.4749113475177305,0.0212233963960565
greedy_multi,8.0,1.0,0.4683067375886525,0.0271981080397114
greedy_multi,10.0,1.0,0.4926418439716312,0.0218341554122026
greedy_multi,13.0,2.0,0.5,0.0173632968231986
greedy_multi,16.0,1.0,0.3388187056737589,0.009450416378821
greedy_multi,10.0,1.0,0.3781914893617021,0.017786800211257
greedy_multi,10.0,1.0,0.4914893617021277,0.0214878527237058
greedy_multi,13.0,1.0,0.3642253136933988,0.0126617975698006
greedy_multi,17.0,3.0,0.4872757613683771,0.0128138722979583
greedy_multi,8.0,1.0,0.4496897163120567,0.0255606306743876
greedy_multi,8.0,1.0,0.5086436170212766,0.0283494900124493
greedy_multi,16.0,2.0,0.4002659574468085,0.0118145347630903
greedy_multi,13.0,1.0,0.3338788870703764,0.0122816557332697
greedy_multi,14.0,1.0,0.3366261398176292,0.0110857946619118
greedy_multi,16.0,1.0,0.3661347517730496,0.0103380740405412
greedy_multi,9.0,1.0,0.5094562647754137,0.0263749867265787
greedy_multi,11.0,1.0,0.3567053513862024,0.0155137687006283
greedy_multi,14.0,1.0,0.3411854103343464,0.0111797208697875
greedy_multi,13.0,1.0,0.4352836879432624,0.014497014447501
greedy_multi,13.0,1.0,0.3708401527550463,0.0133231893970307
greedy_multi,14.0,1.0,0.413500506585613,0.0133602171440478
greedy_multi,9.0,1.0,0.4714342001576044,0.0238753531040554
greedy_multi,21.0,3.0,0.3822188449848024,0.0079188219224111
greedy_multi,13.0,1.0,0.4713584288052373,0.0164380430424933
greedy_multi,16.0,2.0,0.3977726063829787,0.0116953656237032
greedy_multi,9.0,1.0,0.4655240346729708,0.0235903238466406
greedy_multi,14.0,1.0,0.3428951367781155,0.0111997018420314
greedy_multi,19.0,3.0,0.4843225083986562,0.0119592809905921
greedy_multi,12.0,1.0,0.466903073286052,0.0167335926540694
greedy_multi,19.0,2.0,0.3836786114221724,0.0091015028860779
greedy_multi,17.0,1.0,0.3614413850646641,0.0093359527902089
greedy_multi,11.0,1.0,0.4661508704061896,0.0187387683992482
greedy_multi,14.0,1.0,0.3523302938196555,0.0112121844361707
greedy_multi,16.0,1.0,0.3481272163120567,0.0095525376723929
greedy_multi,9.0,1.0,0.4950748620961386,0.0245357640305495
greedy_multi,11.0,1.0,0.4307704706640877,0.0173777194867309
greedy_multi,13.0,1.0,0.3584288052373159,0.0124914840936709
greedy_multi,14.0,1.0,0.3325734549138804,0.0107764284225837
greedy_multi,14.0,2.0,0.4806864235055724,0.0149195389544832
greedy_multi,8.0,1.0,0.507313829787234,0.0280936710144107
greedy_multi,12.0,1.0,0.5085697399527187,0.0210061497856691
greedy_multi,12.0,1.0,0.3597813238770685,0.0140020404392244
greedy_multi,9.0,1.0,0.4440504334121355,0.0223709155897341
greedy_multi,12.0,2.0,0.4762115839243498,0.01760787012586
greedy_multi,22.0,3.0,0.4899258542875564,0.0112255146946645
greedy_multi,10.0,1.0,0.4766843971631205,0.0214510635154166
greedy_multi,13.0,1.0,0.3779323513366067,0.0134473006399913
greedy_multi,17.0,2.0,0.3746349603671255,0.0098118406595367
greedy_multi,11.0,1.0,0.5096711798839458,0.023425019361066
greedy_multi,8.0,1.0,0.4757313829787234,0.0277105688023423
greedy_multi,11.0,2.0,0.5071727917472598,0.0207415878090337
greedy_multi,12.0,1.0,0.5011820330969267,0.0182954901106025
greedy_multi,8.0,1.0,0.46875,0.0273922318262411
greedy_multi,9.0,1.0,0.509160756501182,0.0257894716619443
greedy_multi,9.0,1.0,0.4792159180457053,0.0243031589655984
greedy_multi,9.0,1.0,0.4567572892040977,0.0227776469841231
greedy_multi,20.0,2.0,0.3885195035460992,0.0087666911089734
greedy_multi,13.0,1.0,0.4489225313693398,0.0154887882828867
greedy_multi,12.0,1.0,0.4932771867612293,0.0182701603621407
greedy_multi,10.0,1.0,0.5095744680851064,0.0241281877169157
greedy_multi,16.0,1.0,0.3627548758865248,0.0100554813592046
greedy_multi,12.0,2.0,0.5062795508274232,0.0184729293375445
greedy_multi,10.0,1.0,0.426418439716312,0.0194793710074947
greedy_multi,9.0,1.0,0.4906422379826635,0.0245162323075385
greedy_multi,11.0,1.0,0.4636524822695035,0.0185633899283379
greedy_multi,17.0,3.0,0.5020337922403003,0.0135851542238605
greedy_multi,10.0,1.0,0.5076241134751773,0.0221049934610935
greedy_multi,15.0,1.0,0.3540780141843971,0.0106374281139446
greedy_multi,19.0,3.0,0.4851623740201568,0.0122845107754017
greedy_multi,10.0,1.0,0.461790780141844,0.0204638143830791
greedy_multi,8.0,1.0,0.4504654255319149,0.0260120839109891
greedy_multi,11.0,1.0,0.3867666021921341,0.0162503504841409
greedy_multi,9.0,1.0,0.4212962962962963,0.0219118473280213
greedy_multi,15.0,2.0,0.4720449172576832,0.0143642974308244
greedy_multi,21.0,2.0,0.3874535629854779,0.008376705057222
greedy_multi,9.0,1.0,0.4563632781717888,0.0226120785184192
greedy_multi,17.0,1.0,0.3421464330413016,0.008972653616875
greedy_multi,36.0,8.0,0.4603033884948778,0.006933722857794
greedy_multi,11.0,1.0,0.437137330754352,0.0180428923998617
greedy_multi,10.0,1.0,0.4547872340425532,0.0200480043760374
greedy_multi,19.0,2.0,0.3761664800298618,0.008564593333102
greedy_multi,10.0,1.0,0.4284574468085106,0.0195713793948999
greedy_multi,32.0,6.0,0.4158909574468085,0.0062789491026293
greedy_multi,15.0,1.0,0.3941489361702128,0.0115457492916183
greedy_multi,13.0,1.0,0.4481042007637752,0.0151737109097948
greedy_multi,12.0,1.0,0.4174054373522458,0.0157598955102303
greedy_multi,15.0,1.0,0.3372931442080378,0.0100276611113905
greedy_multi,14.0,2.0,0.5001899696048632,0.0158895644326087
greedy_multi,11.0,1.0,0.3854771115409413,0.0161618071222119
greedy_multi,14.0,1.0,0.428951367781155,0.0141842528093176
greedy_multi,11.0,1.0,0.505883301096067,0.0198792253474287
greedy_multi,14.0,2.0,0.4816995947315096,0.0150481100750998
greedy_multi,14.0,1.0,0.385321681864235,0.0123817028603352
greedy_multi,10.0,1.0,0.4561170212765957,0.0203526529726875
greedy_multi,13.0,1.0,0.5053191489361702,0.0179330143049367
greedy_multi,10.0,1.0,0.5089539007092199,0.0229783383003872
greedy_multi,11.0,1.0,0.5083816892327531,0.0205469444018355
greedy_multi,13.0,2.0,0.4658346972176759,0.0159652177125496
greedy_multi,15.0,1.0,0.3547872340425532,0.0113482407826567
greedy_multi,14.0,1.0,0.3864614994934144,0.0126418284134991
greedy_multi,17.0,3.0,0.4577075511055485,0.0113650457897501
greedy_multi,11.0,2.0,0.5036266924564797,0.0201644451324223
greedy_multi,11.0,1.0,0.4784816247582205,0.0192749584719159
greedy_multi,14.0,2.0,0.5037360688956434,0.0169069058795239
greedy_multi,13.0,1.0,0.3956628477905073,0.0138525223601136
greedy_multi,35.0,8.0,0.4515450861195542,0.0064261841374545
greedy_multi,9.0,1.0,0.4501576044129236,0.0224697676483719
greedy_multi,12.0,1.0,0.4695626477541371,0.0170503209373551
greedy_multi,29.0,5.0,0.4694913181707019,0.0078142975376497
greedy_multi,21.0,3.0,0.4940054035798716,0.0112938922530096
greedy_multi,17.0,1.0,0.3701501877346683,0.0094218798216168
greedy_multi,19.0,2.0,0.4012691302724897,0.0097361154826898
greedy_multi,16.0,2.0,0.3759419326241134,0.0109940983569031
greedy_multi,10.0,1.0,0.5078900709219858,0.0222515765680799
greedy_multi,37.0,9.0,0.452558941920644,0.006599052529093
greedy_multi,24.0,3.0,0.406176122931442,0.007603945734062
greedy_multi,23.0,4.0,0.4020582793709528,0.0078429661566662
greedy_multi,34.0,6.0,0.4145285773884022,0.0060262514165164
greedy_multi,25.0,4.0,0.4227304964539007,0.0074421897791861
greedy_multi,47.0,11.0,0.4377735023389165,0.0053687505249944
greedy_multi,7.0,1.0,0.5088652482269503,0.0332836884565205
greedy_multi,15.0,1.0,0.3078014184397163,0.0104592324329762
greedy_multi,46.0,11.0,0.4362087573234659,0.0053338735395261
greedy_multi,8.0,1.0,0.5095301418439716,0.0315470310063629
greedy_multi,14.0,1.0,0.3600557244174265,0.0119143694523229
greedy_multi,22.0,4.0,0.4480980012894907,0.0089775382534343
greedy_multi,14.0,2.0,0.3914007092198582,0.0124363648337711
greedy_multi,30.0,7.0,0.4262706855791962,0.0065744294873944
greedy_multi,31.0,6.0,0.4373999084877602,0.0070257972174291
greedy_multi,38.0,9.0,0.4504245987308697,0.0060397796381196
greedy_multi,28.0,5.0,0.4610562310030395,0.0081989712193161
greedy_multi,39.0,9.0,0.4621294780869249,0.0062595301180749
greedy_multi,37.0,8.0,0.4702415181138585,0.0067972161717956
greedy_multi,23.0,4.0,0.4314292321924144,0.0088891959498334
greedy_multi,43.0,11.0,0.4398606300511298,0.0055007013029581
greedy_multi,22.0,3.0,0.4564796905222437,0.0098799115065217
greedy_multi,41.0,10.0,0.4497708008994983,0.0057864178649101
greedy_multi,28.0,5.0,0.4299645390070922,0.0071264425115149
greedy_multi,33.0,8.0,0.4484741027294218,0.0067720400801666
greedy_multi,17.0,2.0,0.4458698372966208,0.0113647548066705
greedy_multi,41.0,10.0,0.445965230928905,0.0057419234982051
greedy_multi,31.0,6.0,0.4683424845573095,0.0077781797205862
greedy_multi,19.0,3.0,0.4768103770063456,0.0115346957576248
greedy_multi,33.0,7.0,0.4803889963464431,0.0077886952389675
greedy_multi,8.0,1.0,0.5090868794326241,0.0292281555725316
greedy_multi,10.0,1.0,0.5093971631205674,0.02629467204869
greedy_multi,9.0,1.0,0.509160756501182,0.0254830186368151
greedy_multi,14.0,1.0,0.3186423505572441,0.0110376125703035
greedy_multi,13.0,2.0,0.4999318057828696,0.0166708585834233
greedy_multi,15.0,1.0,0.315839243498818,0.0105529008712953
greedy_multi,11.0,1.0,0.3616215344938749,0.0157262610777929
greedy_multi,7.0,1.0,0.4830293819655522,0.032278216100081
greedy_multi,14.0,1.0,0.3268110435663627,0.0114415746587605
greedy_multi,9.0,1.0,0.5092592592592592,0.0272323643580539
greedy_multi,15.0,1.0,0.3369385342789598,0.0107710844804364
greedy_multi,15.0,1.0,0.3298463356973995,0.0107246414779046
greedy_multi,8.0,1.0,0.4855939716312056,0.0279396294672049
greedy_multi,9.0,1.0,0.4948778565799842,0.0242054421337825
greedy_multi,25.0,4.0,0.3919858156028368,0.0076066948342639
greedy_multi,13.0,1.0,0.4710856519367157,0.0154781154972678
greedy_multi,10.0,2.0,0.5030141843971631,0.023891623912278
greedy_multi,15.0,1.0,0.4219267139479905,0.0123285178758053
greedy_multi,19.0,2.0,0.4855823068309071,0.0121887431568246
greedy_multi,40.0,8.0,0.4544769503546099,0.0059905952133947
greedy_multi,7.0,1.0,0.5079787234042553,0.0328644048157965
greedy_multi,27.0,4.0,0.4214604675597583,0.0073762791214033
greedy_multi,11.0,2.0,0.5085428755641522,0.0207640159361421
greedy_multi,30.0,5.0,0.4365543735224586,0.0068267013382403
greedy_multi,12.0,1.0,0.4195478723404255,0.0162015587799488
greedy_multi,35.0,8.0,0.4351570415400203,0.0063743457244071
greedy_multi,12.0,1.0,0.3642139479905437,0.014240438071805
greedy_multi,36.0,8.0,0.4838455476753349,0.0071595747785744
greedy_multi,29.0,6.0,0.4165138175593055,0.0067590695778408
greedy_multi,16.0,2.0,0.4439827127659574,0.0119710783802295
greedy_multi,8.0,1.0,0.5089760638297872,0.0289392662710311
greedy_multi,17.0,1.0,0.3579995828118481,0.0097384558146926
greedy_multi,32.0,6.0,0.4510749113475177,0.0066551222694956
greedy_multi,19.0,2.0,0.4290313549832026,0.010090855601215
greedy_multi,24.0,5.0,0.4754728132387706,0.0095872961481929
greedy_multi,33.0,6.0,0.4235976789168278,0.0062744542146986
greedy_multi,8.0,1.0,0.5086436170212766,0.0282386744096124
greedy_multi,9.0,1.0,0.5088652482269503,0.0247003234057456
greedy_multi,42.0,10.0,0.4414893617021276,0.0056226768661289
greedy_multi,24.0,4.0,0.4596261820330969,0.0087050488929093
greedy_multi,38.0,9.0,0.4532241508025382,0.0061277946710559
greedy_multi,45.0,11.0,0.4424349881796691,0.0054928537762651
greedy_multi,35.0,8.0,0.4324468085106382,0.0061197332033764
greedy_multi,26.0,4.0,0.4430578286961265,0.0077368580851926
greedy_multi,10.0,1.0,0.4713652482269503,0.0211038098561441
greedy_multi,12.0,1.0,0.3550531914893617,0.0137865219933605
greedy_multi,34.0,6.0,0.4248018356278682,0.006167612084289
greedy_multi,44.0,11.0,0.4386484526112186,0.0054011706527547
greedy_multi,39.0,9.0,0.4305328241498454,0.0056039467044562
greedy_multi,42.0,11.0,0.4619216480918608,0.0059196536284315
greedy_multi,27.0,5.0,0.4111833464670344,0.0076482839958798
greedy_multi,32.0,7.0,0.4635416666666667,0.007245147200059
greedy_multi,45.0,11.0,0.4449763593380615,0.0055119314085475
greedy_multi,20.0,1.0,0.4810283687943262,0.01122695664202
greedy_multi,37.0,8.0,0.448821161587119,0.006137182782479
greedy_multi,43.0,10.0,0.431428335807356,0.0054299131073804
greedy_multi,29.0,6.0,0.4446380533137686,0.0072908454157768
greedy_multi,21.0,4.0,0.4739952718676123,0.010408329789002
greedy_multi,23.0,4.0,0.4118100524205982,0.0083073445792636
greedy_multi,26.0,5.0,0.4514798145117294,0.0077923042528338
greedy_multi,18.0,1.0,0.4617316784869976,0.0124271606451907
greedy_multi,44.0,10.0,0.4409655061250806,0.005556016394136
greedy_multi,18.0,2.0,0.4303585500394011,0.0104727197038427
greedy_multi,21.0,4.0,0.4329618372171563,0.009702343456035
greedy_multi,46.0,11.0,0.4463845205057046,0.0055448523987099
greedy_multi,25.0,4.0,0.4465248226950354,0.0085645188873799
greedy_multi,11.0,1.0,0.3737911025145068,0.015810368178264
greedy_multi,16.0,2.0,0.4715757978723404,0.012874328696172
greedy_multi,8.0,1.0,0.4639849290780142,0.0276119350565551
greedy_multi,36.0,8.0,0.4326241134751773,0.0062793761771429
greedy_multi,14.0,1.0,0.351887031408308,0.0117369225398776
greedy_multi,34.0,8.0,0.4621141009595327,0.0067987564231659
greedy_multi,20.0,3.0,0.3982269503546099,0.0089241612594939
greedy_multi,40.0,9.0,0.4408909574468085,0.00575202091114
greedy_multi,9.0,1.0,0.4558707643814027,0.0228096370937941
greedy_multi,10.0,1.0,0.5064716312056737,0.021704571890247
greedy_multi,10.0,1.0,0.4031028368794326,0.0186694504174841
greedy_multi,9.0,1.0,0.4673955870764381,0.0233218572574721
greedy_multi,18.0,3.0,0.491725768321513,0.0131856304269663
greedy_multi,10.0,1.0,0.5086879432624113,0.0224067891454152
greedy_multi,12.0,1.0,0.4041075650118204,0.0152333249151897
greedy_multi,12.0,1.0,0.4887706855791962,0.0176290246410588
greedy_multi,10.0,1.0,0.4960992907801418,0.0214741461697099
greedy_multi,11.0,1.0,0.4683268858800773,0.0189253057240165
greedy_multi,12.0,1.0,0.342863475177305,0.0136441547258271
greedy_multi,13.0,1.0,0.3757501363884342,0.0130146970629088
greedy_multi,16.0,1.0,0.3493461879432624,0.01030916362022
greedy_multi,11.0,1.0,0.5094294003868473,0.0234003308840493
greedy_multi,24.0,4.0,0.4781693262411348,0.0095137561000976
greedy_multi,11.0,2.0,0.503223726627982,0.0203137386457688
greedy_multi,11.0,1.0,0.486782720825274,0.0191530099962545
greedy_multi,13.0,1.0,0.4467403164211675,0.0151352051734448
greedy_multi,16.0,2.0,0.3712876773049645,0.0105240898924774
greedy_multi,22.0,3.0,0.4944390715667311,0.0102630213302205
greedy_multi,15.0,1.0,0.367966903073286,0.0111724622615674
greedy_multi,14.0,2.0,0.5044959473150963,0.0159960333820414
greedy_multi,16.0,3.0,0.4904144503546099,0.0139505319099817
greedy_multi,10.0,1.0,0.4847517730496454,0.0212213922840902
greedy_multi,12.0,1.0,0.4971187943262411,0.0178884185120212
greedy_multi,15.0,1.0,0.3449763593380615,0.0109006889604256
greedy_multi,15.0,1.0,0.3388297872340425,0.0108011522726891
greedy_multi,19.0,2.0,0.3983762597984322,0.0092596569393987
greedy_multi,29.0,5.0,0.4093910491562729,0.0065879198831142
greedy_multi,15.0,1.0,0.5051418439716312,0.0155606378787116
greedy_multi,16.0,2.0,0.3700132978723404,0.0104195033692658
greedy_multi,24.0,3.0,0.4141917848699764,0.0080203106377913
greedy_multi,10.0,1.0,0.5075354609929078,0.022150663636135
greedy_multi,13.0,1.0,0.3284915439170758,0.0122987275398086
greedy_multi,15.0,1.0,0.3468676122931441,0.0109633953970569
greedy_multi,9.0,1.0,0.5064026792750197,0.0245190267120231
greedy_multi,14.0,2.0,0.4077380952380952,0.0131307066266223
greedy_multi,11.0,1.0,0.4980657640232108,0.0196463378590217
greedy_multi,11.0,1.0,0.5078175370728562,0.0198527246933303
greedy_multi,18.0,2.0,0.3654944838455476,0.0092072110500377
greedy_multi,11.0,1.0,0.5087846550612508,0.0201004278660507
greedy_multi,12.0,1.0,0.3940602836879432,0.0147322532610699
greedy_multi,12.0,1.0,0.3816489361702127,0.0145588255327531
greedy_multi,9.0,1.0,0.4960598896769109,0.0243912700319992
greedy_multi,13.0,1.0,0.3399481723949809,0.0125302084012299
greedy_multi,10.0,1.0,0.4609929078014184,0.0204642623610481
greedy_multi,21.0,3.0,0.3831475852752448,0.00858301337402
greedy_multi,22.0,3.0,0.3880560928433268,0.008210311840991
greedy_multi,26.0,4.0,0.4065398254228042,0.0075177137083248
greedy_multi,13.0,2.0,0.4655619203491544,0.0162822296733612
greedy_multi,26.0,4.0,0.4013229678123294,0.007106814949839
greedy_multi,12.0,1.0,0.5068705673758865,0.0181942748153597
greedy_multi,10.0,1.0,0.438209219858156,0.0194531760852068
greedy_multi,17.0,1.0,0.3509073842302878,0.0096249343411637
greedy_multi,11.0,1.0,0.4970986460348162,0.0193192886102059
greedy_multi,14.0,1.0,0.4583333333333333,0.0144384438172432
greedy_multi,16.0,1.0,0.378656914893617,0.0108742599521842
greedy_multi,12.0,1.0,0.468676122931442,0.0168970653164104
greedy_multi,13.0,1.0,0.4273731587561374,0.0147954246033129
greedy_multi,11.0,1.0,0.4645390070921986,0.0183925971098283
greedy_multi,13.0,1.0,0.3669530823786143,0.0128705098219018
greedy_multi,16.0,1.0,0.3475731382978723,0.0101596411490163
greedy_multi,15.0,1.0,0.4372931442080378,0.0134043356582778
greedy_multi,31.0,7.0,0.4757206588881263,0.0078606357344932
greedy_multi,12.0,2.0,0.4884751773049645,0.0174006693995944
greedy_multi,17.0,2.0,0.4053504380475594,0.0107106547582684
greedy_multi,36.0,7.0,0.4198680063041765,0.0058315122160497
greedy_multi,14.0,1.0,0.3412487335359676,0.0116566618253609
greedy_multi,12.0,2.0,0.4695626477541371,0.0172719521430288
greedy_multi,21.0,2.0,0.3889733198243836,0.0087003997481157
greedy_multi,22.0,3.0,0.3904738878143133,0.0083794483686198
greedy_multi,32.0,6.0,0.41583554964539,0.0062176806245206
greedy_multi,18.0,3.0,0.498473207249803,0.0134952829482022
greedy_multi,17.0,1.0,0.3641009595327493,0.0098511641672797
greedy_multi,13.0,2.0,0.4868385160938352,0.0164976385752622
greedy_multi,14.0,1.0,0.3437183383991894,0.0117245442012628
greedy_multi,18.0,2.0,0.3859830575256107,0.0100962974101769
greedy_multi,14.0,1.0,0.4109042553191489,0.0130897743037913
greedy_multi,21.0,3.0,0.3958544410672071,0.0088140489626429
greedy_multi,13.0,1.0,0.4183033278777959,0.0142035756240757
greedy_multi,13.0,1.0,0.4000954719039825,0.0140968896219487
greedy_multi,17.0,1.0,0.3846996245306633,0.0104119266338869
greedy_multi,18.0,1.0,0.3410165484633569,0.0091017247064479
greedy_multi,31.0,6.0,0.4339967970716084,0.0064387004864166
greedy_multi,15.0,2.0,0.4786643026004728,0.0140601544467358
greedy_multi,21.0,3.0,0.3799392097264438,0.008450108075019
greedy_multi,15.0,1.0,0.3603427895981087,0.011078999910579
greedy_multi,9.0,1.0,0.4567572892040977,0.0229965420020725
greedy_multi,12.0,1.0,0.5091607565011821,0.021044922147891
greedy_multi,20.0,2.0,0.3563829787234042,0.0082482646748151
greedy_multi,14.0,1.0,0.3272543059777102,0.0115903914002601
greedy_multi,10.0,1.0,0.5092198581560283,0.0231064835772848
greedy_multi,16.0,1.0,0.3768838652482269,0.0106624528247761
greedy_multi,8.0,1.0,0.5076462765957447,0.0279640300215971
greedy_multi,33.0,6.0,0.4742639157532774,0.0074751214861576
greedy_multi,10.0,1.0,0.5093085106382979,0.0241066140410441
greedy_multi,18.0,3.0,0.4796591804570528,0.0126132408160343
greedy_multi,16.0,1.0,0.3997672872340425,0.0115035750557614
greedy_multi,15.0,2.0,0.4897754137115839,0.0146157100022914
greedy_multi,20.0,2.0,0.3809397163120567,0.0086526630325435
greedy_multi,14.0,1.0,0.4193262411347517,0.0135199686861314
greedy_multi,13.0,1.0,0.4257364975450082,0.0146599290556921
greedy_multi,11.0,1.0,0.4373791102514506,0.0180585784487951
greedy_multi,24.0,4.0,0.4031471631205673,0.0080483597456952
greedy_multi,11.0,1.0,0.5090264345583495,0.0207115602296474
greedy_multi,28.0,7.0,0.4728343465045593,0.0082991527586589
greedy_multi,11.0,1.0,0.4651837524177949,0.0184965212435478
greedy_multi,17.0,2.0,0.377607425949103,0.009953185010501
greedy_multi,17.0,2.0,0.3586775135586149,0.0098569076837633
greedy_multi,12.0,1.0,0.3948729314420804,0.0151438766825806
greedy_multi,16.0,1.0,0.3981050531914893,0.0112645552315575
greedy_multi,13.0,2.0,0.5066148390616475,0.0167844784083641
greedy_multi,21.0,2.0,0.4883485309017223,0.0111980912278395
greedy_multi,15.0,2.0,0.3856382978723404,0.0113422048689702
greedy_multi,27.0,4.0,0.4278303125820856,0.0076868849420858
greedy_multi,11.0,1.0,0.4238394584139265,0.0171173375696967
greedy_multi,16.0,2.0,0.4132313829787234,0.011545342738513
greedy_multi,22.0,4.0,0.4717520954223081,0.0100619849649838
greedy_multi,15.0,1.0,0.4296690307328605,0.0129101347461842
greedy_multi,10.0,1.0,0.5078900709219858,0.0221806545822643
greedy_multi,7.0,1.0,0.5092451874366768,0.0351222266105775
greedy_multi,38.0,8.0,0.4091078760731616,0.0052722459018974
greedy_multi,37.0,8.0,0.4075378570059421,0.0052595580436615
greedy_multi,13.0,1.0,0.3527004909983633,0.0122216091067294
greedy_multi,16.0,1.0,0.3279587765957447,0.0097240415187161
greedy_multi,9.0,1.0,0.5099487785657998,0.0301085342820648
greedy_multi,22.0,4.0,0.4589780786589297,0.0091752993846444
greedy_multi,29.0,5.0,0.4033076546832966,0.0060156151081694
greedy_multi,19.0,3.0,0.4213325867861142,0.0095576906276556
greedy_multi,33.0,7.0,0.4147861594670106,0.0057653876192362
greedy_multi,20.0,2.0,0.3493794326241135,0.0081024517755646
greedy_multi,29.0,5.0,0.3936781609195402,0.0058695814112997
greedy_multi,34.0,6.0,0.420369211514393,0.0057113805298968
greedy_multi,23.0,4.0,0.4870104841196423,0.0098595608307044
greedy_multi,36.0,8.0,0.413563829787234,0.0054435945379637
greedy_multi,30.0,6.0,0.4315602836879433,0.006415296011267
greedy_multi,17.0,2.0,0.3486649979140592,0.0092089345968373
greedy_multi,19.0,3.0,0.3944568868980963,0.0092335319667255
greedy_multi,31.0,7.0,0.4338538091969801,0.0062482192759196
greedy_multi,7.0,1.0,0.5073454913880446,0.0330188473457891
greedy_multi,7.0,1.0,0.5088652482269503,0.0332836884565205
greedy_multi,8.0,1.0,0.5089760638297872,0.0287176350653574
greedy_multi,10.0,1.0,0.5099290780141844,0.0264262361048236
greedy_multi,21.0,3.0,0.492274569402229,0.0107555185068846
greedy_multi,35.0,6.0,0.4106889564336373,0.0055160834516392
greedy_multi,27.0,5.0,0.3867546624638823,0.0062290887553921
greedy_multi,32.0,7.0,0.4228446365248227,0.0059276945567827
greedy_multi,8.0,1.0,0.5056515957446809,0.0279905550329151
greedy_multi,8.0,1.0,0.5094193262411347,0.0299838605130212
greedy_multi,30.0,5.0,0.4044917257683215,0.0060081931939484
greedy_multi,12.0,1.0,0.4787234042553192,0.0174009313750145
greedy_multi,24.0,5.0,0.4318853427895981,0.0079256515503356
greedy_multi,33.0,6.0,0.3977810015044057,0.0056129244198111
greedy_multi,36.0,7.0,0.4066686367218282,0.0053122187160208
greedy_multi,11.0,1.0,0.4688910380399742,0.0187262715221684
greedy_multi,28.0,5.0,0.3997593718338399,0.006130894479038
greedy_multi,35.0,6.0,0.4098784194528875,0.0054806481216298
greedy_multi,18.0,2.0,0.3730299448384555,0.0094127089360708
greedy_multi,10.0,1.0,0.5089539007092199,0.0230492602862028
greedy_multi,14.0,1.0,0.3429584599797365,0.0109617787057481
greedy_multi,12.0,1.0,0.4878102836879432,0.0180682646381388
greedy_multi,22.0,4.0,0.4245647969052225,0.0082081878915081
greedy_multi,15.0,1.0,0.4020685579196217,0.0119854767812931
greedy_multi,9.0,1.0,0.5088652482269503,0.0248316604165153
greedy_multi,34.0,7.0,0.413589904046725,0.0055673575029209
greedy_multi,20.0,3.0,0.4257535460992908,0.0095207087640209
greedy_multi,11.0,1.0,0.506608639587363,0.019767591342039
greedy_multi,16.0,2.0,0.4370567375886525,0.0119401847241083
greedy_multi,28.0,4.0,0.4471567882472138,0.0072658070862833
greedy_multi,21.0,3.0,0.3761820330969267,0.0082494651994559
greedy_multi,25.0,4.0,0.445531914893617,0.0080545043005885
greedy_multi,25.0,5.0,0.4585460992907801,0.0083610067401035
greedy_multi,32.0,5.0,0.4165281471631206,0.0058307861647406
greedy_multi,27.0,5.0,0.4075059101654846,0.0064561772432806
greedy_multi,9.0,1.0,0.5094562647754137,0.027338124805556
greedy_multi,13.0,1.0,0.4247817785051827,0.014653604441992
greedy_multi,31.0,6.0,0.4202699611072981,0.0060839884932413
greedy_multi,26.0,5.0,0.3942989634478996,0.0066207358338325
greedy_multi,17.0,3.0,0.4581768877763871,0.0116744695819015
greedy_multi,23.0,4.0,0.4788004933703361,0.0092034787990433
greedy_multi,26.0,5.0,0.4653573376977632,0.0082578992936968
greedy_multi,18.0,3.0,0.4694148936170213,0.0116646957382537
greedy_multi,15.0,2.0,0.4485815602836879,0.0130535435843266
greedy_multi,37.0,7.0,0.4083045811769216,0.00529973500748
greedy_multi,14.0,1.0,0.4277482269503546,0.0133469486236471
greedy_multi,31.0,7.0,0.4303363074811256,0.0062336039916169
greedy_multi,24.0,5.0,0.4487662529550827,0.0085844092118067
greedy_multi,13.0,1.0,0.3324468085106383,0.0119087220961764
greedy_multi,9.0,1.0,0.4758668242710796,0.0238243843305941
greedy_multi,8.0,1.0,0.4386081560283688,0.0262066620611389
greedy_multi,10.0,1.0,0.4661347517730497,0.0208389605653639
greedy_multi,17.0,1.0,0.3361493533583646,0.0090556871342968
greedy_multi,10.0,1.0,0.488563829787234,0.0216156679115739
greedy_multi,12.0,1.0,0.4556737588652482,0.0168245854500947
greedy_multi,19.0,3.0,0.4956140350877193,0.0117487050025212
greedy_multi,13.0,1.0,0.3311511183851609,0.0115987462681058
greedy_multi,11.0,1.0,0.4676821405544809,0.0184737553630047
greedy_multi,11.0,1.0,0.5095905867182463,0.02338261181925
greedy_multi,8.0,1.0,0.5086436170212766,0.0282386744096124
greedy_multi,10.0,1.0,0.4451241134751773,0.0200116867235049
greedy_multi,12.0,1.0,0.4720005910165485,0.0172851327813685
greedy_multi,24.0,3.0,0.3718971631205673,0.006867096201566
greedy_multi,14.0,1.0,0.4532041540020263,0.0140977808714401
greedy_multi,11.0,1.0,0.4277885235332043,0.0176300018165938
greedy_multi,9.0,1.0,0.5090622537431048,0.025638040166149
greedy_multi,10.0,1.0,0.4795212765957447,0.0212561538026253
greedy_multi,15.0,2.0,0.4623522458628841,0.0135865867187544
greedy_multi,12.0,1.0,0.4126773049645389,0.0156460235274885
greedy_multi,10.0,1.0,0.4779255319148935,0.0211173277878375
greedy_multi,21.0,3.0,0.429289091523134,0.0087581893872851
greedy_multi,11.0,1.0,0.3646034816247582,0.0155608723142364
greedy_multi,9.0,1.0,0.5046296296296297,0.0243853610308495
greedy_multi,16.0,1.0,0.3907912234042553,0.0110365138148152
greedy_multi,14.0,1.0,0.3670212765957447,0.0120242868537185
greedy_multi,22.0,3.0,0.3594858156028369,0.0072856127611145
greedy_multi,15.0,1.0,0.3372931442080378,0.0101852655243141
greedy_multi,9.0,1.0,0.509160756501182,0.0258332506655342
greedy_multi,16.0,1.0,0.3394281914893617,0.0097746508719065
greedy_multi,10.0,1.0,0.4636524822695035,0.0202746026356823
greedy_multi,12.0,1.0,0.46875,0.0170186601162332
greedy_multi,10.0,1.0,0.3964539007092199,0.0189945173784014
greedy_multi,17.0,3.0,0.4980183562786817,0.0125117176438563
greedy_multi,9.0,1.0,0.476457840819543,0.0240495667586336
greedy_multi,9.0,1.0,0.4612884160756501,0.0231271027893743
greedy_multi,16.0,1.0,0.3836436170212766,0.0105774377074846
greedy_multi,16.0,3.0,0.5007757092198581,0.0140175720340715
greedy_multi,15.0,2.0,0.5021867612293145,0.0145657460501092
greedy_multi,15.0,1.0,0.3574468085106383,0.0108606206931242
greedy_multi,15.0,1.0,0.3540780141843971,0.0105113445836057
greedy_multi,11.0,1.0,0.4352836879432624,0.0178357131440334
greedy_multi,21.0,4.0,0.4408983451536643,0.0089263829536307
greedy_multi,9.0,1.0,0.4275019700551615,0.0222153604067658
greedy_multi,11.0,1.0,0.4509993552546744,0.0182161339307725
greedy_multi,14.0,2.0,0.4994934143870314,0.0153782351932774
greedy_multi,13.0,1.0,0.3928668848881615,0.0137648474026969
greedy_multi,12.0,1.0,0.3894060283687943,0.014826449798174
greedy_multi,23.0,3.0,0.3797795251310515,0.0073230365642491
greedy_multi,11.0,1.0,0.4823500967117988,0.0192506402246254
greedy_multi,10.0,1.0,0.4238475177304964,0.0194224306498667
greedy_multi,16.0,1.0,0.3452460106382978,0.0098187947535885
greedy_multi,17.0,2.0,0.3695765540258657,0.009610009900604
greedy_multi,15.0,2.0,0.4798463356973995,0.0139358313912222
greedy_multi,12.0,1.0,0.3501034278959811,0.013453742257753
greedy_multi,12.0,1.0,0.4899527186761229,0.0181713137613243
greedy_multi,8.0,1.0,0.5043218085106383,0.0278375941343175
greedy_multi,14.0,1.0,0.4564336372847011,0.0143669886847148
greedy_multi,13.0,1.0,0.4435351882160392,0.0149304039508447
greedy_multi,14.0,1.0,0.346757852077001,0.0112179585882942
greedy_multi,12.0,1.0,0.4478427895981087,0.0164384118491134
greedy_multi,9.0,1.0,0.4607959022852639,0.022847943721936
greedy_multi,11.0,1.0,0.3745164410058027,0.0159929304049174
greedy_multi,10.0,1.0,0.5062943262411348,0.0217068353578793
greedy_multi,10.0,1.0,0.4656028368794326,0.0204125798501081
greedy_multi,17.0,3.0,0.4738735919899874,0.0120109738367162
greedy_multi,14.0,1.0,0.3627152988855116,0.0115118629313804
greedy_multi,16.0,2.0,0.3784352836879432,0.0103910135422954
greedy_multi,12.0,1.0,0.5035460992907802,0.0189738317992051
greedy_multi,13.0,1.0,0.3567921440261866,0.0124450539883907
greedy_multi,11.0,1.0,0.5093488072211477,0.0224640328965608
greedy_multi,8.0,1.0,0.4708554964539007,0.0276717636931932
greedy_multi,14.0,1.0,0.344161600810537,0.0110894476150956
greedy_multi,10.0,1.0,0.5095744680851064,0.0251920175041498
greedy_multi,9.0,1.0,0.5079787234042553,0.0246276979975297
greedy_multi,12.0,2.0,0.5079787234042553,0.0206219191690559
greedy_multi,11.0,1.0,0.4810606060606061,0.0191155388507903
greedy_multi,15.0,1.0,0.351241134751773,0.0102742673071442
greedy_multi,11.0,1.0,0.3824145712443584,0.0161689778874385
greedy_multi,15.0,2.0,0.4517139479905437,0.0131609709717262
greedy_multi,9.0,1.0,0.4862096138691883,0.0242166197517204
greedy_multi,9.0,1.0,0.4606973995271867,0.0226650945812773
greedy_multi,12.0,1.0,0.4484338061465721,0.016573591166049
greedy_multi,21.0,2.0,0.3549898682877406,0.0076142514372079
greedy_multi,19.0,3.0,0.4911347517730496,0.011463420300929
greedy_multi,20.0,3.0,0.4956560283687943,0.0113463781374176
greedy_multi,10.0,1.0,0.5075354609929078,0.0219378976786882
greedy_multi,19.0,3.0,0.484789100410601,0.0113597564093614
greedy_multi,8.0,1.0,0.4690824468085106,0.0275652706847933
greedy_multi,13.0,2.0,0.5071603927986906,0.0194837491283194
greedy_multi,29.0,6.0,0.4572022499388603,0.0072106949548386
greedy_multi,11.0,1.0,0.4866215344938749,0.0197202019370626
greedy_multi,23.0,4.0,0.4604532839962997,0.0090341347178281
greedy_multi,18.0,1.0,0.3608156028368794,0.0090731111688621
greedy_multi,23.0,4.0,0.4158186864014802,0.0076643410142902
greedy_multi,12.0,1.0,0.4176270685579196,0.0157410496534236
greedy_multi,22.0,4.0,0.4770712443584784,0.0100118285799473
greedy_multi,25.0,4.0,0.377127659574468,0.0066867851214727
greedy_multi,16.0,3.0,0.4647606382978723,0.0127348052946281
greedy_multi,14.0,2.0,0.4267983789260385,0.0133128209787008
greedy_multi,23.0,3.0,0.3857539315448658,0.0074099683285682
greedy_multi,14.0,1.0,0.3639184397163121,0.0115738989782573
greedy_multi,10.0,1.0,0.4184397163120567,0.0191635229616216
greedy_multi,33.0,7.0,0.4362239415430904,0.0061736449182091
greedy_multi,13.0,2.0,0.4526050190943808,0.0152534010424153
greedy_multi,17.0,1.0,0.3885586149353358,0.0102010046933231
greedy_multi,11.0,1.0,0.3829787234042552,0.0162720251612799
greedy_multi,15.0,2.0,0.4330378250591016,0.0126319063706832
greedy_multi,17.0,3.0,0.4746558197747184,0.0120328302012892
greedy_multi,10.0,1.0,0.5093085106382979,0.0248512948921081
greedy_multi,14.0,1.0,0.4002659574468085,0.0128178117387743
greedy_multi,22.0,3.0,0.3617021276595744,0.0074474632326806
greedy_multi,30.0,7.0,0.4419621749408983,0.0065685690972396
greedy_multi,10.0,1.0,0.5085992907801418,0.0220625770207736
greedy_multi,18.0,2.0,0.378299842395587,0.0098831658514767
greedy_multi,21.0,2.0,0.4054373522458628,0.0084144936750079
greedy_multi,12.0,2.0,0.4875886524822695,0.0180197173180423
greedy_multi,11.0,1.0,0.4433430045132173,0.0181398471213638
greedy_multi,20.0,2.0,0.3476063829787233,0.0078134195337255
greedy_multi,18.0,3.0,0.4219365642237982,0.0107637525646422
greedy_multi,8.0,1.0,0.5080895390070922,0.028012462727447
greedy_multi,16.0,2.0,0.4401595744680851,0.0122796066281876
greedy_multi,19.0,1.0,0.34163867114595,0.0085654293322275
greedy_multi,13.0,1.0,0.3767048554282596,0.0129257990368133
greedy_multi,15.0,1.0,0.3754137115839243,0.0110109596543881
greedy_multi,21.0,3.0,0.3944613306315433,0.0082525607865667
greedy_multi,13.0,2.0,0.4680169121658483,0.015878756522909
greedy_multi,19.0,2.0,0.3560097051138484,0.0086080652876303
greedy_multi,14.0,2.0,0.4784701114488348,0.015023509781157
greedy_multi,25.0,4.0,0.4015602836879432,0.0069876364367989
greedy_multi,25.0,4.0,0.4165602836879432,0.0070718562949549
greedy_multi,10.0,1.0,0.3929078014184397,0.0186731049745989
greedy_multi,11.0,1.0,0.4084461637653127,0.0168362292832436
greedy_multi,13.0,1.0,0.448786142935079,0.0151286201344747
greedy_multi,25.0,4.0,0.4262056737588652,0.0077430498968864
greedy_multi,12.0,1.0,0.3819444444444444,0.014579434265826
greedy_multi,12.0,1.0,0.5077570921985816,0.0198312282298425
greedy_multi,30.0,6.0,0.4313238770685579,0.0063553001469856
greedy_multi,31.0,6.0,0.3986501944635095,0.0057225638229044
greedy_multi,20.0,2.0,0.3479166666666666,0.0080475214243499
greedy_multi,12.0,1.0,0.4027777777777777,0.0155182886787496
greedy_multi,13.0,1.0,0.4716993998908892,0.0159014135213991
greedy_multi,11.0,1.0,0.4698581560283688,0.01901996112406
greedy_multi,18.0,3.0,0.484091804570528,0.0121172340200427
greedy_multi,13.0,1.0,0.3403573376977632,0.0120839883028874
greedy_multi,17.0,2.0,0.3693158114309553,0.0094008202611768
greedy_multi,14.0,2.0,0.430661094224924,0.0137412911350597
greedy_multi,14.0,1.0,0.3411220871327254,0.0108927414994215
greedy_multi,16.0,3.0,0.4981161347517731,0.0133635831439251
greedy_multi,26.0,5.0,0.419189852700491,0.0075019916952613
greedy_multi,17.0,1.0,0.3809449311639549,0.0100596141114023
greedy_multi,42.0,9.0,0.3941869300911854,0.0047012357990075
greedy_multi,12.0,1.0,0.5096040189125296,0.0250752175094589
greedy_multi,17.0,1.0,0.2782123487692949,0.0079343389665047
greedy_multi,15.0,1.0,0.3551418439716312,0.0114117017084988
greedy_multi,7.0,1.0,0.5088652482269503,0.0332836884565205
greedy_multi,22.0,2.0,0.3966795615731786,0.0078539884627582
greedy_multi,32.0,6.0,0.4104886968085106,0.0060084976005179
greedy_multi,30.0,5.0,0.4125591016548463,0.0065197709356783
greedy_multi,28.0,3.0,0.3672112462006079,0.0058283930650123
greedy_multi,28.0,4.0,0.3788943768996961,0.0064551081084878
greedy_multi,24.0,4.0,0.4578900709219858,0.0087419232977885
greedy_multi,40.0,8.0,0.3916001773049645,0.0048003428013869
greedy_multi,40.0,8.0,0.4060948581560283,0.0050021922430649
greedy_multi,30.0,5.0,0.4043735224586288,0.0060880433020918
greedy_multi,36.0,7.0,0.4183165878644602,0.0055879933278547
greedy_multi,18.0,2.0,0.4095744680851064,0.0112611007718144
greedy_multi,22.0,3.0,0.4265796260477111,0.0089330522289439
greedy_multi,31.0,6.0,0.4264756348661633,0.0064815338765655
greedy_multi,35.0,7.0,0.4290273556231003,0.0058646061412342
greedy_multi,40.0,9.0,0.402127659574468,0.0049577957597706
greedy_multi,8.0,1.0,0.509197695035461,0.0312623660585169
greedy_multi,8.0,1.0,0.5090868794326241,0.0295051945796238
greedy_multi,16.0,1.0,0.2858488475177305,0.0085878377468986
greedy_multi,19.0,2.0,0.3205953714072415,0.0081962899995973
greedy_multi,9.0,1.0,0.4853230890464933,0.0239724877682706
greedy_multi,9.0,1.0,0.4959613869188337,0.0242591470949681
greedy_multi,10.0,1.0,0.4654255319148935,0.0208258827523765
greedy_multi,14.0,1.0,0.3839285714285714,0.012548736249819
greedy_multi,29.0,4.0,0.3705673758865248,0.0057170687289731
greedy_multi,33.0,4.0,0.368337631635504,0.0055095199067601
greedy_multi,11.0,1.0,0.4518052869116699,0.0180746672037465
greedy_multi,11.0,1.0,0.4269019987105093,0.0175304879632988
greedy_multi,20.0,2.0,0.4496453900709219,0.0105406543936421
greedy_multi,26.0,3.0,0.3567239498090562,0.0061831237207539
greedy_multi,18.0,1.0,0.3393912529550827,0.0086288081329279
greedy_multi,25.0,4.0,0.3954609929078014,0.0071396811025603
greedy_multi,14.0,1.0,0.3503672745694022,0.011555806634937
greedy_multi,17.0,1.0,0.3651960784313725,0.0100065083396729
greedy_multi,8.0,1.0,0.450354609929078,0.026125760776621
greedy_multi,13.0,1.0,0.3744544462629569,0.0131631534181635
greedy_multi,7.0,1.0,0.4830293819655522,0.032278216100081
greedy_multi,7.0,1.0,0.5087386018237082,0.0331773638608906
greedy_multi,8.0,1.0,0.5075354609929078,0.027868748742518
greedy_multi,15.0,2.0,0.4752955082742316,0.0140311380491703
greedy_multi,23.0,2.0,0.3812442183163737,0.0073479484953431
greedy_multi,25.0,3.0,0.4225886524822695,0.0079876251194608
greedy_multi,16.0,1.0,0.4551750886524823,0.0129750746187864
greedy_multi,29.0,4.0,0.3894595255563707,0.0065127251498377
greedy_multi,35.0,7.0,0.409726443768997,0.0053562574871505
greedy_multi,31.0,6.0,0.4341111873713109,0.0068965888137434
greedy_multi,10.0,1.0,0.5028368794326241,0.021906845732106
greedy_multi,19.0,3.0,0.4378499440089586,0.0110437574482297
greedy_multi,34.0,6.0,0.4268356278681685,0.0062730268236143
greedy_multi,8.0,1.0,0.4690824468085106,0.0270111926706089
greedy_multi,21.0,1.0,0.3531746031746032,0.0077036527771077
greedy_multi,12.0,1.0,0.4383126477541371,0.0162091997297113
greedy_multi,39.0,9.0,0.4039825422804146,0.0050664620170487
greedy_multi,32.0,5.0,0.4007646276595745,0.0057288590502159
greedy_multi,23.0,3.0,0.3867946345975948,0.007542775009891
greedy_multi,15.0,1.0,0.2785460992907801,0.0091851202152809
greedy_multi,37.0,8.0,0.4126174046386812,0.005675753361243
greedy_multi,8.0,1.0,0.5089760638297872,0.0287176350653574
greedy_multi,39.0,7.0,0.3987315875613748,0.004858179156613
greedy_multi,36.0,6.0,0.4069887706855792,0.005319201695109
greedy_multi,27.0,5.0,0.4534738639348568,0.008585496211029
greedy_multi,26.0,4.0,0.4317716857610474,0.0074847792125722
greedy_multi,7.0,1.0,0.5068389057750761,0.0329536635840393
greedy_multi,38.0,7.0,0.399729376633072,0.0048816579667024
greedy_multi,13.0,1.0,0.4081423895253682,0.014013813960818
greedy_multi,24.0,3.0,0.3602984633569739,0.0070238175390099
greedy_multi,41.0,9.0,0.3999956754886697,0.0048279899062419
greedy_multi,21.0,2.0,0.3829787234042553,0.0082138383244248
greedy_multi,33.0,5.0,0.3992316784869976,0.0055182668546815
greedy_multi,27.0,5.0,0.3864263199369582,0.0064878212866555
greedy_multi,38.0,6.0,0.3907708100037327,0.004854017745614
greedy_multi,41.0,9.0,0.3992388860058813,0.0047709810313662
greedy_multi,34.0,5.0,0.3907227784730913,0.0051885104509808
greedy_multi,9.0,1.0,0.4723207249802994,0.0237282102429206
greedy_multi,37.0,8.0,0.4094546674333908,0.0053383688231684
greedy_multi,20.0,1.0,0.400886524822695,0.008864462300689
greedy_multi,9.0,1.0,0.5090622537431048,0.0253753661446098
greedy_multi,10.0,1.0,0.4875,0.0212001329787234
greedy_multi,9.0,1.0,0.4570527974783294,0.0233065753579474
greedy_multi,11.0,2.0,0.5055609284332688,0.0221102166880542
greedy_multi,15.0,1.0,0.3167848699763593,0.0096709868159997
greedy_multi,9.0,1.0,0.509160756501182,0.0259208086727139
greedy_multi,8.0,1.0,0.5063164893617021,0.0276501507210086
greedy_multi,13.0,1.0,0.3235815602836879,0.0118913480103063
greedy_multi,11.0,1.0,0.4235170857511283,0.0174491153665964
greedy_multi,11.0,1.0,0.4786428110896196,0.0189155368554469
greedy_multi,18.0,1.0,0.2903368794326241,0.0075829440378585
greedy_multi,13.0,1.0,0.3505864702673213,0.0128008646639814
greedy_multi,14.0,1.0,0.2872973657548125,0.0100161289712051
greedy_multi,14.0,2.0,0.4948074974670719,0.0151706063065032
greedy_multi,9.0,1.0,0.4563632781717888,0.022655857522009
greedy_multi,18.0,1.0,0.3096434200157604,0.0077868967540507
greedy_multi,12.0,1.0,0.3375443262411348,0.0134463632834112
greedy_multi,11.0,1.0,0.48928110896196,0.0191102387199704
greedy_multi,14.0,1.0,0.306484295845998,0.0105687514178751
greedy_multi,9.0,1.0,0.5092592592592592,0.0272761433616437
greedy_multi,11.0,1.0,0.4643778207607995,0.0183664861712312
greedy_multi,9.0,1.0,0.4219858156028369,0.021735343814213
greedy_multi,19.0,2.0,0.4472284434490481,0.0116500462203016
greedy_multi,8.0,1.0,0.5085328014184397,0.0282267258744217
greedy_multi,13.0,1.0,0.3323786142935079,0.0121061849067036
greedy_multi,11.0,1.0,0.4731624758220503,0.0185634938524716
greedy_multi,19.0,1.0,0.302304964539007,0.0073499453848737
greedy_multi,9.0,1.0,0.5083727344365642,0.0247088133499258
greedy_multi,16.0,1.0,0.2952681737588652,0.0088903702370903
greedy_multi,13.0,1.0,0.5094108019639935,0.0224050370414022
greedy_multi,17.0,1.0,0.298863162286191,0.0082384190039732
greedy_multi,11.0,1.0,0.4602675693101225,0.0182032928049996
greedy_multi,13.0,2.0,0.4586743044189852,0.0156449922899238
greedy_multi,10.0,1.0,0.4609042553191489,0.0202534376414667
greedy_multi,17.0,1.0,0.3301522736754276,0.0091097365614332
greedy_multi,10.0,1.0,0.450531914893617,0.0200706390523615
greedy_multi,17.0,1.0,0.3049645390070922,0.0083119996505157
greedy_multi,13.0,2.0,0.5039552645935624,0.0193934792191052
greedy_multi,13.0,1.0,0.382569558101473,0.0136766236920326
greedy_multi,10.0,1.0,0.4761524822695035,0.0210359058271717
greedy_multi,10.0,1.0,0.4462765957446808,0.019879753282028
greedy_multi,14.0,1.0,0.3366894630192502,0.0111833738229712
greedy_multi,15.0,2.0,0.4992907801418439,0.0148221920426537
greedy_multi,12.0,1.0,0.4910608747044917,0.0178906889656652
greedy_multi,12.0,1.0,0.4765809692671395,0.0169050064463417
greedy_multi,12.0,1.0,0.3634751773049645,0.0140885141592475
greedy_multi,9.0,1.0,0.5074862096138691,0.0244820881777438
greedy_multi,11.0,1.0,0.4738878143133462,0.0187630866465387
greedy_multi,12.0,1.0,0.3470744680851064,0.0139463269998155
greedy_multi,8.0,1.0,0.5088652482269503,0.0285118329057896
greedy_multi,18.0,1.0,0.2984633569739953,0.0077368909828292
greedy_multi,12.0,1.0,0.3727836879432624,0.0146227475353352
greedy_multi,14.0,1.0,0.3034447821681864,0.0102334656512371
greedy_multi,10.0,1.0,0.502127659574468,0.0214848347668626
greedy_multi,8.0,1.0,0.4278590425531915,0.0250898976841896
greedy_multi,10.0,1.0,0.4917553191489362,0.021359330202203
greedy_multi,21.0,2.0,0.3586626139817629,0.0080668754600074
greedy_multi,21.0,2.0,0.4260385005065856,0.0092970692627939
greedy_multi,16.0,1.0,0.2926085992907801,0.0087777863001656
greedy_multi,11.0,1.0,0.3608156028368794,0.0158982035570321
greedy_multi,23.0,2.0,0.3526827012025902,0.0066798146038875
greedy_multi,13.0,1.0,0.3147845062738679,0.0114902605413452
greedy_multi,18.0,3.0,0.4816784869976359,0.0124368464586512
greedy_multi,15.0,1.0,0.3406028368794326,0.0104633087705179
greedy_multi,19.0,2.0,0.4194195595371408,0.0099259199404044
greedy_multi,17.0,2.0,0.3645181476846058,0.0100870834579937
greedy_multi,14.0,1.0,0.4667553191489362,0.0142416214165614
greedy_multi,17.0,2.0,0.5003650396328744,0.0129388345734977
greedy_multi,18.0,1.0,0.34801024428684,0.0088249525261727
greedy_multi,13.0,2.0,0.4359656301145663,0.0148890660896831
greedy_multi,14.0,1.0,0.4210992907801418,0.0137667174535424
greedy_multi,13.0,2.0,0.4903846153846153,0.0161377680557304
greedy_multi,15.0,1.0,0.4302009456264775,0.0123227334585226
greedy_multi,16.0,1.0,0.3443040780141844,0.0097791699479087
greedy_multi,18.0,1.0,0.3341213553979511,0.008514395219457
greedy_multi,8.0,1.0,0.5076462765957447,0.0279640300215971
greedy_multi,11.0,1.0,0.4931495809155384,0.0191782051034232
greedy_multi,19.0,1.0,0.341545352743561,0.0079022817342133
greedy_multi,9.0,1.0,0.4565602836879432,0.0228700175768041
greedy_multi,20.0,1.0,0.3125443262411347,0.0071365228578793
greedy_multi,21.0,2.0,0.3432961837217156,0.0073708691430564
greedy_multi,29.0,5.0,0.4148630471998043,0.0066050990536977
greedy_multi,12.0,1.0,0.5016252955082742,0.0195009045138016
greedy_multi,16.0,2.0,0.4772828014184397,0.0130449882857688
greedy_multi,8.0,1.0,0.469636524822695,0.0270589990914691
greedy_multi,12.0,2.0,0.4544178486997636,0.0170995231960023
greedy_multi,12.0,2.0,0.4688238770685579,0.0172264339137312
greedy_multi,15.0,2.0,0.4805555555555555,0.0143894470711847
greedy_multi,13.0,1.0,0.4701309328968903,0.0154115024335627
greedy_multi,11.0,1.0,0.4046582849774339,0.0165385840690124
greedy_multi,12.0,1.0,0.5093823877068558,0.0249993919987117
greedy_multi,9.0,1.0,0.4912332545311269,0.0240234856501118
greedy_multi,21.0,2.0,0.4970027017899358,0.0119721680022209
greedy_multi,19.0,3.0,0.4371033967898469,0.0107048294694149
greedy_multi,15.0,1.0,0.3787825059101655,0.0115868549815848
greedy_multi,30.0,7.0,0.4526004728132388,0.0072647111424084
greedy_multi,12.0,1.0,0.4400118203309692,0.0165944837058274
greedy_multi,10.0,1.0,0.4617021276595744,0.0204481665912177
greedy_multi,25.0,4.0,0.3766666666666666,0.0069846335697399
greedy_multi,9.0,1.0,0.4569542947202522,0.0230354307978147
greedy_multi,21.0,2.0,0.4135849375211077,0.0084778222230661
greedy_multi,23.0,3.0,0.4842352759790317,0.0104769155658588
greedy_multi,14.0,1.0,0.4174265450861196,0.013390772032368
greedy_multi,27.0,3.0,0.3750328342526924,0.0062629806125596
greedy_multi,10.0,1.0,0.4409574468085107,0.0197409272672399
greedy_multi,12.0,2.0,0.492612293144208,0.0179468008260258
greedy_multi,18.0,1.0,0.3106776989755713,0.0081111859390534
greedy_multi,22.0,3.0,0.3805609284332689,0.0084102943505593
greedy_multi,35.0,7.0,0.4160334346504559,0.005858864709306
greedy_multi,13.0,2.0,0.502454991816694,0.0162871452003325
greedy_multi,13.0,1.0,0.435556464811784,0.014490280594091
greedy_multi,19.0,1.0,0.3538633818589026,0.0086582339434872
greedy_multi,12.0,1.0,0.4679373522458629,0.016727108762414
greedy_multi,19.0,2.0,0.379712579320642,0.0094597393967792
greedy_multi,27.0,3.0,0.3618991331757289,0.0058189462900968
greedy_multi,11.0,1.0,0.5079787234042553,0.0207440300261764
greedy_multi,14.0,1.0,0.3277608915906788,0.0109690926317712
greedy_multi,13.0,2.0,0.4674713584288052,0.0160114245961696
greedy_multi,12.0,1.0,0.4021867612293144,0.0153291424252078
greedy_multi,28.0,4.0,0.4447821681864235,0.0079330434452339
greedy_multi,20.0,3.0,0.4433510638297872,0.0105852242719179
greedy_multi,14.0,1.0,0.5087386018237082,0.0204946311933554
greedy_multi,17.0,1.0,0.3254067584480601,0.0084936166035663
greedy_multi,17.0,2.0,0.4303817271589487,0.011325472090948
greedy_multi,22.0,2.0,0.4344777562862669,0.0093417338847963
greedy_multi,16.0,3.0,0.4709109042553192,0.0137780210956364
greedy_multi,20.0,1.0,0.3118351063829787,0.0070296997604496
greedy_multi,14.0,2.0,0.4713145896656535,0.0147772702618847
greedy_multi,20.0,3.0,0.463031914893617,0.0109117294778934
greedy_multi,16.0,1.0,0.3149379432624113,0.0093302709716564
greedy_multi,12.0,1.0,0.3730053191489362,0.0146729322018091
greedy_multi,15.0,1.0,0.3336879432624113,0.0103072028569992
greedy_multi,24.0,3.0,0.3738549054373523,0.0070985828679776
greedy_multi,20.0,4.0,0.4803191489361702,0.0109956428248075
greedy_multi,13.0,2.0,0.493657937806874,0.0162739332683313
greedy_multi,11.0,1.0,0.5029013539651838,0.0197002744844219
greedy_multi,12.0,1.0,0.5070921985815603,0.0195763752661668
greedy_multi,17.0,1.0,0.34590112640801,0.0092114011543423
greedy_multi,18.0,2.0,0.3978526398739165,0.0096167004634364
