Group,Mean,Equivalence_Lines
SMSEMOA-random_dense-HUX,0.2661336802439952,"['Equivalence_Line_1: SMSEMOA-random_dense-HUX to SPEA2-random_dense-1P', 'Equivalence_Line_2: NSGA3-random_dense-HUX to NSGA2-random_dense-2P', 'Equivalence_Line_3: UNSGA3-random_dense-UX to RVEA-random_dense-1P', 'Equivalence_Line_4: SMSEMOA-greedy_ting-UX to NSGA2-random_dense-1P', 'Equivalence_Line_5: SMSEMOA-random_dense-2P to AGEMOEA2-greedy_ting-HUX', 'Equivalence_Line_6: AGEMOEA2-random_dense-UX to AGEMOEA2-greedy_multi-HUX', 'Equivalence_Line_7: SPEA2-random_dense-HUX to SMSEMOA-greedy_multi-HUX', 'Equivalence_Line_8: SMSEMOA-greedy_ting-2P to UNSGA3-greedy_multi-UX', 'Equivalence_Line_9: UNSGA3-random_dense-2P to UNSGA3-greedy_multi-HUX', 'Equivalence_Line_10: NSGA3-random_dense-2P to AGEMOEA2-greedy_ting-2P', 'Equivalence_Line_11: NSGA2-random_dense-UX to NSGA3-greedy_multi-HUX', 'Equivalence_Line_12: SPEA2-random_dense-2P to SMSEMOA-greedy_multi-2P', 'Equivalence_Line_13: AGEMOEA2-random_dense-1P to AGEMOEA2-greedy_ting-1P', 'Equivalence_Line_14: NSGA3-random_dense-1P to UNSGA3-greedy_multi-1P', 'Equivalence_Line_15: RVEA-random_dense-2P to UNSGA3-greedy_ting-UX', 'Equivalence_Line_16: NSGA2-random_dense-2P to NSGA3-greedy_ting-UX', 'Equivalence_Line_17: RVEA-random_dense-1P to NSGA3-greedy_ting-HUX', 'Equivalence_Line_18: NSGA2-random_dense-1P to UNSGA3-greedy_ting-2P', 'Equivalence_Line_19: AGEMOEA2-greedy_ting-HUX to NSGA2-greedy_ting-2P', 'Equivalence_Line_20: AGEMOEA2-greedy_multi-UX to NSGA3-greedy_ting-1P', 'Equivalence_Line_21: AGEMOEA2-greedy_multi-2P to UNSGA3-greedy_ting-1P', 'Equivalence_Line_22: AGEMOEA2-greedy_multi-1P to RVEA-greedy_multi-HUX', 'Equivalence_Line_23: SMSEMOA-greedy_multi-UX to RVEA-greedy_multi-2P', 'Equivalence_Line_24: SMSEMOA-greedy_multi-1P to RVEA-greedy_multi-1P', 'Equivalence_Line_25: SMSEMOA-greedy_multi-2P to SPEA2-greedy_multi-UX', 'Equivalence_Line_26: UNSGA3-greedy_ting-HUX to NSGA2-greedy_multi-2P', 'Equivalence_Line_27: UNSGA3-greedy_ting-UX to NSGA2-greedy_multi-1P', 'Equivalence_Line_28: UNSGA3-greedy_ting-2P to RVEA-greedy_ting-2P', 'Equivalence_Line_29: NSGA3-greedy_ting-2P to RVEA-greedy_ting-1P']"
SMSEMOA-random_dense-UX,0.26571813462056615,"['Equivalence_Line_1: SMSEMOA-random_dense-HUX to SPEA2-random_dense-1P', 'Equivalence_Line_2: NSGA3-random_dense-HUX to NSGA2-random_dense-2P', 'Equivalence_Line_3: UNSGA3-random_dense-UX to RVEA-random_dense-1P', 'Equivalence_Line_4: SMSEMOA-greedy_ting-UX to NSGA2-random_dense-1P', 'Equivalence_Line_5: SMSEMOA-random_dense-2P to AGEMOEA2-greedy_ting-HUX', 'Equivalence_Line_6: AGEMOEA2-random_dense-UX to AGEMOEA2-greedy_multi-HUX', 'Equivalence_Line_7: SPEA2-random_dense-HUX to SMSEMOA-greedy_multi-HUX', 'Equivalence_Line_8: SMSEMOA-greedy_ting-2P to UNSGA3-greedy_multi-UX', 'Equivalence_Line_9: UNSGA3-random_dense-2P to UNSGA3-greedy_multi-HUX', 'Equivalence_Line_10: NSGA3-random_dense-2P to AGEMOEA2-greedy_ting-2P', 'Equivalence_Line_11: NSGA2-random_dense-UX to NSGA3-greedy_multi-HUX', 'Equivalence_Line_12: SPEA2-random_dense-2P to SMSEMOA-greedy_multi-2P', 'Equivalence_Line_13: AGEMOEA2-random_dense-1P to AGEMOEA2-greedy_ting-1P', 'Equivalence_Line_14: NSGA3-random_dense-1P to UNSGA3-greedy_multi-1P', 'Equivalence_Line_15: RVEA-random_dense-2P to UNSGA3-greedy_ting-UX', 'Equivalence_Line_16: NSGA2-random_dense-2P to NSGA3-greedy_ting-UX', 'Equivalence_Line_17: RVEA-random_dense-1P to NSGA3-greedy_ting-HUX', 'Equivalence_Line_18: NSGA2-random_dense-1P to UNSGA3-greedy_ting-2P', 'Equivalence_Line_19: AGEMOEA2-greedy_ting-HUX to NSGA2-greedy_ting-2P', 'Equivalence_Line_20: AGEMOEA2-greedy_multi-UX to NSGA3-greedy_ting-1P', 'Equivalence_Line_21: AGEMOEA2-greedy_multi-2P to UNSGA3-greedy_ting-1P', 'Equivalence_Line_22: AGEMOEA2-greedy_multi-1P to RVEA-greedy_multi-HUX', 'Equivalence_Line_23: SMSEMOA-greedy_multi-UX to RVEA-greedy_multi-2P', 'Equivalence_Line_24: SMSEMOA-greedy_multi-1P to RVEA-greedy_multi-1P', 'Equivalence_Line_25: SMSEMOA-greedy_multi-2P to SPEA2-greedy_multi-UX', 'Equivalence_Line_26: UNSGA3-greedy_ting-HUX to NSGA2-greedy_multi-2P', 'Equivalence_Line_27: UNSGA3-greedy_ting-UX to NSGA2-greedy_multi-1P', 'Equivalence_Line_28: UNSGA3-greedy_ting-2P to RVEA-greedy_ting-2P', 'Equivalence_Line_29: NSGA3-greedy_ting-2P to RVEA-greedy_ting-1P']"
NSGA3-random_dense-HUX,0.25029689556724005,"['Equivalence_Line_1: SMSEMOA-random_dense-HUX to SPEA2-random_dense-1P', 'Equivalence_Line_2: NSGA3-random_dense-HUX to NSGA2-random_dense-2P', 'Equivalence_Line_3: UNSGA3-random_dense-UX to RVEA-random_dense-1P', 'Equivalence_Line_4: SMSEMOA-greedy_ting-UX to NSGA2-random_dense-1P', 'Equivalence_Line_5: SMSEMOA-random_dense-2P to AGEMOEA2-greedy_ting-HUX', 'Equivalence_Line_6: AGEMOEA2-random_dense-UX to AGEMOEA2-greedy_multi-HUX', 'Equivalence_Line_7: SPEA2-random_dense-HUX to SMSEMOA-greedy_multi-HUX', 'Equivalence_Line_8: SMSEMOA-greedy_ting-2P to UNSGA3-greedy_multi-UX', 'Equivalence_Line_9: UNSGA3-random_dense-2P to UNSGA3-greedy_multi-HUX', 'Equivalence_Line_10: NSGA3-random_dense-2P to AGEMOEA2-greedy_ting-2P', 'Equivalence_Line_11: NSGA2-random_dense-UX to NSGA3-greedy_multi-HUX', 'Equivalence_Line_12: SPEA2-random_dense-2P to SMSEMOA-greedy_multi-2P', 'Equivalence_Line_13: AGEMOEA2-random_dense-1P to AGEMOEA2-greedy_ting-1P', 'Equivalence_Line_14: NSGA3-random_dense-1P to UNSGA3-greedy_multi-1P', 'Equivalence_Line_15: RVEA-random_dense-2P to UNSGA3-greedy_ting-UX', 'Equivalence_Line_16: NSGA2-random_dense-2P to NSGA3-greedy_ting-UX', 'Equivalence_Line_17: RVEA-random_dense-1P to NSGA3-greedy_ting-HUX', 'Equivalence_Line_18: NSGA2-random_dense-1P to UNSGA3-greedy_ting-2P', 'Equivalence_Line_19: AGEMOEA2-greedy_ting-HUX to NSGA2-greedy_ting-2P', 'Equivalence_Line_20: AGEMOEA2-greedy_multi-UX to NSGA3-greedy_ting-1P', 'Equivalence_Line_21: AGEMOEA2-greedy_multi-2P to UNSGA3-greedy_ting-1P', 'Equivalence_Line_22: AGEMOEA2-greedy_multi-1P to RVEA-greedy_multi-HUX', 'Equivalence_Line_23: SMSEMOA-greedy_multi-UX to RVEA-greedy_multi-2P', 'Equivalence_Line_24: SMSEMOA-greedy_multi-1P to RVEA-greedy_multi-1P', 'Equivalence_Line_25: SMSEMOA-greedy_multi-2P to SPEA2-greedy_multi-UX', 'Equivalence_Line_26: UNSGA3-greedy_ting-HUX to NSGA2-greedy_multi-2P', 'Equivalence_Line_27: UNSGA3-greedy_ting-UX to NSGA2-greedy_multi-1P', 'Equivalence_Line_28: UNSGA3-greedy_ting-2P to RVEA-greedy_ting-2P', 'Equivalence_Line_29: NSGA3-greedy_ting-2P to RVEA-greedy_ting-1P']"
NSGA3-random_dense-UX,0.2501776123176143,"['Equivalence_Line_1: SMSEMOA-random_dense-HUX to SPEA2-random_dense-1P', 'Equivalence_Line_2: NSGA3-random_dense-HUX to NSGA2-random_dense-2P', 'Equivalence_Line_3: UNSGA3-random_dense-UX to RVEA-random_dense-1P', 'Equivalence_Line_4: SMSEMOA-greedy_ting-UX to NSGA2-random_dense-1P', 'Equivalence_Line_5: SMSEMOA-random_dense-2P to AGEMOEA2-greedy_ting-HUX', 'Equivalence_Line_6: AGEMOEA2-random_dense-UX to AGEMOEA2-greedy_multi-HUX', 'Equivalence_Line_7: SPEA2-random_dense-HUX to SMSEMOA-greedy_multi-HUX', 'Equivalence_Line_8: SMSEMOA-greedy_ting-2P to UNSGA3-greedy_multi-UX', 'Equivalence_Line_9: UNSGA3-random_dense-2P to UNSGA3-greedy_multi-HUX', 'Equivalence_Line_10: NSGA3-random_dense-2P to AGEMOEA2-greedy_ting-2P', 'Equivalence_Line_11: NSGA2-random_dense-UX to NSGA3-greedy_multi-HUX', 'Equivalence_Line_12: SPEA2-random_dense-2P to SMSEMOA-greedy_multi-2P', 'Equivalence_Line_13: AGEMOEA2-random_dense-1P to AGEMOEA2-greedy_ting-1P', 'Equivalence_Line_14: NSGA3-random_dense-1P to UNSGA3-greedy_multi-1P', 'Equivalence_Line_15: RVEA-random_dense-2P to UNSGA3-greedy_ting-UX', 'Equivalence_Line_16: NSGA2-random_dense-2P to NSGA3-greedy_ting-UX', 'Equivalence_Line_17: RVEA-random_dense-1P to NSGA3-greedy_ting-HUX', 'Equivalence_Line_18: NSGA2-random_dense-1P to UNSGA3-greedy_ting-2P', 'Equivalence_Line_19: AGEMOEA2-greedy_ting-HUX to NSGA2-greedy_ting-2P', 'Equivalence_Line_20: AGEMOEA2-greedy_multi-UX to NSGA3-greedy_ting-1P', 'Equivalence_Line_21: AGEMOEA2-greedy_multi-2P to UNSGA3-greedy_ting-1P', 'Equivalence_Line_22: AGEMOEA2-greedy_multi-1P to RVEA-greedy_multi-HUX', 'Equivalence_Line_23: SMSEMOA-greedy_multi-UX to RVEA-greedy_multi-2P', 'Equivalence_Line_24: SMSEMOA-greedy_multi-1P to RVEA-greedy_multi-1P', 'Equivalence_Line_25: SMSEMOA-greedy_multi-2P to SPEA2-greedy_multi-UX', 'Equivalence_Line_26: UNSGA3-greedy_ting-HUX to NSGA2-greedy_multi-2P', 'Equivalence_Line_27: UNSGA3-greedy_ting-UX to NSGA2-greedy_multi-1P', 'Equivalence_Line_28: UNSGA3-greedy_ting-2P to RVEA-greedy_ting-2P', 'Equivalence_Line_29: NSGA3-greedy_ting-2P to RVEA-greedy_ting-1P']"
UNSGA3-random_dense-HUX,0.24986075407333494,"['Equivalence_Line_1: SMSEMOA-random_dense-HUX to SPEA2-random_dense-1P', 'Equivalence_Line_2: NSGA3-random_dense-HUX to NSGA2-random_dense-2P', 'Equivalence_Line_3: UNSGA3-random_dense-UX to RVEA-random_dense-1P', 'Equivalence_Line_4: SMSEMOA-greedy_ting-UX to NSGA2-random_dense-1P', 'Equivalence_Line_5: SMSEMOA-random_dense-2P to AGEMOEA2-greedy_ting-HUX', 'Equivalence_Line_6: AGEMOEA2-random_dense-UX to AGEMOEA2-greedy_multi-HUX', 'Equivalence_Line_7: SPEA2-random_dense-HUX to SMSEMOA-greedy_multi-HUX', 'Equivalence_Line_8: SMSEMOA-greedy_ting-2P to UNSGA3-greedy_multi-UX', 'Equivalence_Line_9: UNSGA3-random_dense-2P to UNSGA3-greedy_multi-HUX', 'Equivalence_Line_10: NSGA3-random_dense-2P to AGEMOEA2-greedy_ting-2P', 'Equivalence_Line_11: NSGA2-random_dense-UX to NSGA3-greedy_multi-HUX', 'Equivalence_Line_12: SPEA2-random_dense-2P to SMSEMOA-greedy_multi-2P', 'Equivalence_Line_13: AGEMOEA2-random_dense-1P to AGEMOEA2-greedy_ting-1P', 'Equivalence_Line_14: NSGA3-random_dense-1P to UNSGA3-greedy_multi-1P', 'Equivalence_Line_15: RVEA-random_dense-2P to UNSGA3-greedy_ting-UX', 'Equivalence_Line_16: NSGA2-random_dense-2P to NSGA3-greedy_ting-UX', 'Equivalence_Line_17: RVEA-random_dense-1P to NSGA3-greedy_ting-HUX', 'Equivalence_Line_18: NSGA2-random_dense-1P to UNSGA3-greedy_ting-2P', 'Equivalence_Line_19: AGEMOEA2-greedy_ting-HUX to NSGA2-greedy_ting-2P', 'Equivalence_Line_20: AGEMOEA2-greedy_multi-UX to NSGA3-greedy_ting-1P', 'Equivalence_Line_21: AGEMOEA2-greedy_multi-2P to UNSGA3-greedy_ting-1P', 'Equivalence_Line_22: AGEMOEA2-greedy_multi-1P to RVEA-greedy_multi-HUX', 'Equivalence_Line_23: SMSEMOA-greedy_multi-UX to RVEA-greedy_multi-2P', 'Equivalence_Line_24: SMSEMOA-greedy_multi-1P to RVEA-greedy_multi-1P', 'Equivalence_Line_25: SMSEMOA-greedy_multi-2P to SPEA2-greedy_multi-UX', 'Equivalence_Line_26: UNSGA3-greedy_ting-HUX to NSGA2-greedy_multi-2P', 'Equivalence_Line_27: UNSGA3-greedy_ting-UX to NSGA2-greedy_multi-1P', 'Equivalence_Line_28: UNSGA3-greedy_ting-2P to RVEA-greedy_ting-2P', 'Equivalence_Line_29: NSGA3-greedy_ting-2P to RVEA-greedy_ting-1P']"
UNSGA3-random_dense-UX,0.24874864737698033,"['Equivalence_Line_1: SMSEMOA-random_dense-HUX to SPEA2-random_dense-1P', 'Equivalence_Line_2: NSGA3-random_dense-HUX to NSGA2-random_dense-2P', 'Equivalence_Line_3: UNSGA3-random_dense-UX to RVEA-random_dense-1P', 'Equivalence_Line_4: SMSEMOA-greedy_ting-UX to NSGA2-random_dense-1P', 'Equivalence_Line_5: SMSEMOA-random_dense-2P to AGEMOEA2-greedy_ting-HUX', 'Equivalence_Line_6: AGEMOEA2-random_dense-UX to AGEMOEA2-greedy_multi-HUX', 'Equivalence_Line_7: SPEA2-random_dense-HUX to SMSEMOA-greedy_multi-HUX', 'Equivalence_Line_8: SMSEMOA-greedy_ting-2P to UNSGA3-greedy_multi-UX', 'Equivalence_Line_9: UNSGA3-random_dense-2P to UNSGA3-greedy_multi-HUX', 'Equivalence_Line_10: NSGA3-random_dense-2P to AGEMOEA2-greedy_ting-2P', 'Equivalence_Line_11: NSGA2-random_dense-UX to NSGA3-greedy_multi-HUX', 'Equivalence_Line_12: SPEA2-random_dense-2P to SMSEMOA-greedy_multi-2P', 'Equivalence_Line_13: AGEMOEA2-random_dense-1P to AGEMOEA2-greedy_ting-1P', 'Equivalence_Line_14: NSGA3-random_dense-1P to UNSGA3-greedy_multi-1P', 'Equivalence_Line_15: RVEA-random_dense-2P to UNSGA3-greedy_ting-UX', 'Equivalence_Line_16: NSGA2-random_dense-2P to NSGA3-greedy_ting-UX', 'Equivalence_Line_17: RVEA-random_dense-1P to NSGA3-greedy_ting-HUX', 'Equivalence_Line_18: NSGA2-random_dense-1P to UNSGA3-greedy_ting-2P', 'Equivalence_Line_19: AGEMOEA2-greedy_ting-HUX to NSGA2-greedy_ting-2P', 'Equivalence_Line_20: AGEMOEA2-greedy_multi-UX to NSGA3-greedy_ting-1P', 'Equivalence_Line_21: AGEMOEA2-greedy_multi-2P to UNSGA3-greedy_ting-1P', 'Equivalence_Line_22: AGEMOEA2-greedy_multi-1P to RVEA-greedy_multi-HUX', 'Equivalence_Line_23: SMSEMOA-greedy_multi-UX to RVEA-greedy_multi-2P', 'Equivalence_Line_24: SMSEMOA-greedy_multi-1P to RVEA-greedy_multi-1P', 'Equivalence_Line_25: SMSEMOA-greedy_multi-2P to SPEA2-greedy_multi-UX', 'Equivalence_Line_26: UNSGA3-greedy_ting-HUX to NSGA2-greedy_multi-2P', 'Equivalence_Line_27: UNSGA3-greedy_ting-UX to NSGA2-greedy_multi-1P', 'Equivalence_Line_28: UNSGA3-greedy_ting-2P to RVEA-greedy_ting-2P', 'Equivalence_Line_29: NSGA3-greedy_ting-2P to RVEA-greedy_ting-1P']"
SMSEMOA-greedy_ting-HUX,0.24756615290855258,"['Equivalence_Line_1: SMSEMOA-random_dense-HUX to SPEA2-random_dense-1P', 'Equivalence_Line_2: NSGA3-random_dense-HUX to NSGA2-random_dense-2P', 'Equivalence_Line_3: UNSGA3-random_dense-UX to RVEA-random_dense-1P', 'Equivalence_Line_4: SMSEMOA-greedy_ting-UX to NSGA2-random_dense-1P', 'Equivalence_Line_5: SMSEMOA-random_dense-2P to AGEMOEA2-greedy_ting-HUX', 'Equivalence_Line_6: AGEMOEA2-random_dense-UX to AGEMOEA2-greedy_multi-HUX', 'Equivalence_Line_7: SPEA2-random_dense-HUX to SMSEMOA-greedy_multi-HUX', 'Equivalence_Line_8: SMSEMOA-greedy_ting-2P to UNSGA3-greedy_multi-UX', 'Equivalence_Line_9: UNSGA3-random_dense-2P to UNSGA3-greedy_multi-HUX', 'Equivalence_Line_10: NSGA3-random_dense-2P to AGEMOEA2-greedy_ting-2P', 'Equivalence_Line_11: NSGA2-random_dense-UX to NSGA3-greedy_multi-HUX', 'Equivalence_Line_12: SPEA2-random_dense-2P to SMSEMOA-greedy_multi-2P', 'Equivalence_Line_13: AGEMOEA2-random_dense-1P to AGEMOEA2-greedy_ting-1P', 'Equivalence_Line_14: NSGA3-random_dense-1P to UNSGA3-greedy_multi-1P', 'Equivalence_Line_15: RVEA-random_dense-2P to UNSGA3-greedy_ting-UX', 'Equivalence_Line_16: NSGA2-random_dense-2P to NSGA3-greedy_ting-UX', 'Equivalence_Line_17: RVEA-random_dense-1P to NSGA3-greedy_ting-HUX', 'Equivalence_Line_18: NSGA2-random_dense-1P to UNSGA3-greedy_ting-2P', 'Equivalence_Line_19: AGEMOEA2-greedy_ting-HUX to NSGA2-greedy_ting-2P', 'Equivalence_Line_20: AGEMOEA2-greedy_multi-UX to NSGA3-greedy_ting-1P', 'Equivalence_Line_21: AGEMOEA2-greedy_multi-2P to UNSGA3-greedy_ting-1P', 'Equivalence_Line_22: AGEMOEA2-greedy_multi-1P to RVEA-greedy_multi-HUX', 'Equivalence_Line_23: SMSEMOA-greedy_multi-UX to RVEA-greedy_multi-2P', 'Equivalence_Line_24: SMSEMOA-greedy_multi-1P to RVEA-greedy_multi-1P', 'Equivalence_Line_25: SMSEMOA-greedy_multi-2P to SPEA2-greedy_multi-UX', 'Equivalence_Line_26: UNSGA3-greedy_ting-HUX to NSGA2-greedy_multi-2P', 'Equivalence_Line_27: UNSGA3-greedy_ting-UX to NSGA2-greedy_multi-1P', 'Equivalence_Line_28: UNSGA3-greedy_ting-2P to RVEA-greedy_ting-2P', 'Equivalence_Line_29: NSGA3-greedy_ting-2P to RVEA-greedy_ting-1P']"
SMSEMOA-greedy_ting-UX,0.24496143859986183,"['Equivalence_Line_1: SMSEMOA-random_dense-HUX to SPEA2-random_dense-1P', 'Equivalence_Line_2: NSGA3-random_dense-HUX to NSGA2-random_dense-2P', 'Equivalence_Line_3: UNSGA3-random_dense-UX to RVEA-random_dense-1P', 'Equivalence_Line_4: SMSEMOA-greedy_ting-UX to NSGA2-random_dense-1P', 'Equivalence_Line_5: SMSEMOA-random_dense-2P to AGEMOEA2-greedy_ting-HUX', 'Equivalence_Line_6: AGEMOEA2-random_dense-UX to AGEMOEA2-greedy_multi-HUX', 'Equivalence_Line_7: SPEA2-random_dense-HUX to SMSEMOA-greedy_multi-HUX', 'Equivalence_Line_8: SMSEMOA-greedy_ting-2P to UNSGA3-greedy_multi-UX', 'Equivalence_Line_9: UNSGA3-random_dense-2P to UNSGA3-greedy_multi-HUX', 'Equivalence_Line_10: NSGA3-random_dense-2P to AGEMOEA2-greedy_ting-2P', 'Equivalence_Line_11: NSGA2-random_dense-UX to NSGA3-greedy_multi-HUX', 'Equivalence_Line_12: SPEA2-random_dense-2P to SMSEMOA-greedy_multi-2P', 'Equivalence_Line_13: AGEMOEA2-random_dense-1P to AGEMOEA2-greedy_ting-1P', 'Equivalence_Line_14: NSGA3-random_dense-1P to UNSGA3-greedy_multi-1P', 'Equivalence_Line_15: RVEA-random_dense-2P to UNSGA3-greedy_ting-UX', 'Equivalence_Line_16: NSGA2-random_dense-2P to NSGA3-greedy_ting-UX', 'Equivalence_Line_17: RVEA-random_dense-1P to NSGA3-greedy_ting-HUX', 'Equivalence_Line_18: NSGA2-random_dense-1P to UNSGA3-greedy_ting-2P', 'Equivalence_Line_19: AGEMOEA2-greedy_ting-HUX to NSGA2-greedy_ting-2P', 'Equivalence_Line_20: AGEMOEA2-greedy_multi-UX to NSGA3-greedy_ting-1P', 'Equivalence_Line_21: AGEMOEA2-greedy_multi-2P to UNSGA3-greedy_ting-1P', 'Equivalence_Line_22: AGEMOEA2-greedy_multi-1P to RVEA-greedy_multi-HUX', 'Equivalence_Line_23: SMSEMOA-greedy_multi-UX to RVEA-greedy_multi-2P', 'Equivalence_Line_24: SMSEMOA-greedy_multi-1P to RVEA-greedy_multi-1P', 'Equivalence_Line_25: SMSEMOA-greedy_multi-2P to SPEA2-greedy_multi-UX', 'Equivalence_Line_26: UNSGA3-greedy_ting-HUX to NSGA2-greedy_multi-2P', 'Equivalence_Line_27: UNSGA3-greedy_ting-UX to NSGA2-greedy_multi-1P', 'Equivalence_Line_28: UNSGA3-greedy_ting-2P to RVEA-greedy_ting-2P', 'Equivalence_Line_29: NSGA3-greedy_ting-2P to RVEA-greedy_ting-1P']"
SMSEMOA-random_dense-2P,0.24226317781355927,"['Equivalence_Line_1: SMSEMOA-random_dense-HUX to SPEA2-random_dense-1P', 'Equivalence_Line_2: NSGA3-random_dense-HUX to NSGA2-random_dense-2P', 'Equivalence_Line_3: UNSGA3-random_dense-UX to RVEA-random_dense-1P', 'Equivalence_Line_4: SMSEMOA-greedy_ting-UX to NSGA2-random_dense-1P', 'Equivalence_Line_5: SMSEMOA-random_dense-2P to AGEMOEA2-greedy_ting-HUX', 'Equivalence_Line_6: AGEMOEA2-random_dense-UX to AGEMOEA2-greedy_multi-HUX', 'Equivalence_Line_7: SPEA2-random_dense-HUX to SMSEMOA-greedy_multi-HUX', 'Equivalence_Line_8: SMSEMOA-greedy_ting-2P to UNSGA3-greedy_multi-UX', 'Equivalence_Line_9: UNSGA3-random_dense-2P to UNSGA3-greedy_multi-HUX', 'Equivalence_Line_10: NSGA3-random_dense-2P to AGEMOEA2-greedy_ting-2P', 'Equivalence_Line_11: NSGA2-random_dense-UX to NSGA3-greedy_multi-HUX', 'Equivalence_Line_12: SPEA2-random_dense-2P to SMSEMOA-greedy_multi-2P', 'Equivalence_Line_13: AGEMOEA2-random_dense-1P to AGEMOEA2-greedy_ting-1P', 'Equivalence_Line_14: NSGA3-random_dense-1P to UNSGA3-greedy_multi-1P', 'Equivalence_Line_15: RVEA-random_dense-2P to UNSGA3-greedy_ting-UX', 'Equivalence_Line_16: NSGA2-random_dense-2P to NSGA3-greedy_ting-UX', 'Equivalence_Line_17: RVEA-random_dense-1P to NSGA3-greedy_ting-HUX', 'Equivalence_Line_18: NSGA2-random_dense-1P to UNSGA3-greedy_ting-2P', 'Equivalence_Line_19: AGEMOEA2-greedy_ting-HUX to NSGA2-greedy_ting-2P', 'Equivalence_Line_20: AGEMOEA2-greedy_multi-UX to NSGA3-greedy_ting-1P', 'Equivalence_Line_21: AGEMOEA2-greedy_multi-2P to UNSGA3-greedy_ting-1P', 'Equivalence_Line_22: AGEMOEA2-greedy_multi-1P to RVEA-greedy_multi-HUX', 'Equivalence_Line_23: SMSEMOA-greedy_multi-UX to RVEA-greedy_multi-2P', 'Equivalence_Line_24: SMSEMOA-greedy_multi-1P to RVEA-greedy_multi-1P', 'Equivalence_Line_25: SMSEMOA-greedy_multi-2P to SPEA2-greedy_multi-UX', 'Equivalence_Line_26: UNSGA3-greedy_ting-HUX to NSGA2-greedy_multi-2P', 'Equivalence_Line_27: UNSGA3-greedy_ting-UX to NSGA2-greedy_multi-1P', 'Equivalence_Line_28: UNSGA3-greedy_ting-2P to RVEA-greedy_ting-2P', 'Equivalence_Line_29: NSGA3-greedy_ting-2P to RVEA-greedy_ting-1P']"
AGEMOEA2-random_dense-UX,0.2376105367921502,"['Equivalence_Line_1: SMSEMOA-random_dense-HUX to SPEA2-random_dense-1P', 'Equivalence_Line_2: NSGA3-random_dense-HUX to NSGA2-random_dense-2P', 'Equivalence_Line_3: UNSGA3-random_dense-UX to RVEA-random_dense-1P', 'Equivalence_Line_4: SMSEMOA-greedy_ting-UX to NSGA2-random_dense-1P', 'Equivalence_Line_5: SMSEMOA-random_dense-2P to AGEMOEA2-greedy_ting-HUX', 'Equivalence_Line_6: AGEMOEA2-random_dense-UX to AGEMOEA2-greedy_multi-HUX', 'Equivalence_Line_7: SPEA2-random_dense-HUX to SMSEMOA-greedy_multi-HUX', 'Equivalence_Line_8: SMSEMOA-greedy_ting-2P to UNSGA3-greedy_multi-UX', 'Equivalence_Line_9: UNSGA3-random_dense-2P to UNSGA3-greedy_multi-HUX', 'Equivalence_Line_10: NSGA3-random_dense-2P to AGEMOEA2-greedy_ting-2P', 'Equivalence_Line_11: NSGA2-random_dense-UX to NSGA3-greedy_multi-HUX', 'Equivalence_Line_12: SPEA2-random_dense-2P to SMSEMOA-greedy_multi-2P', 'Equivalence_Line_13: AGEMOEA2-random_dense-1P to AGEMOEA2-greedy_ting-1P', 'Equivalence_Line_14: NSGA3-random_dense-1P to UNSGA3-greedy_multi-1P', 'Equivalence_Line_15: RVEA-random_dense-2P to UNSGA3-greedy_ting-UX', 'Equivalence_Line_16: NSGA2-random_dense-2P to NSGA3-greedy_ting-UX', 'Equivalence_Line_17: RVEA-random_dense-1P to NSGA3-greedy_ting-HUX', 'Equivalence_Line_18: NSGA2-random_dense-1P to UNSGA3-greedy_ting-2P', 'Equivalence_Line_19: AGEMOEA2-greedy_ting-HUX to NSGA2-greedy_ting-2P', 'Equivalence_Line_20: AGEMOEA2-greedy_multi-UX to NSGA3-greedy_ting-1P', 'Equivalence_Line_21: AGEMOEA2-greedy_multi-2P to UNSGA3-greedy_ting-1P', 'Equivalence_Line_22: AGEMOEA2-greedy_multi-1P to RVEA-greedy_multi-HUX', 'Equivalence_Line_23: SMSEMOA-greedy_multi-UX to RVEA-greedy_multi-2P', 'Equivalence_Line_24: SMSEMOA-greedy_multi-1P to RVEA-greedy_multi-1P', 'Equivalence_Line_25: SMSEMOA-greedy_multi-2P to SPEA2-greedy_multi-UX', 'Equivalence_Line_26: UNSGA3-greedy_ting-HUX to NSGA2-greedy_multi-2P', 'Equivalence_Line_27: UNSGA3-greedy_ting-UX to NSGA2-greedy_multi-1P', 'Equivalence_Line_28: UNSGA3-greedy_ting-2P to RVEA-greedy_ting-2P', 'Equivalence_Line_29: NSGA3-greedy_ting-2P to RVEA-greedy_ting-1P']"
AGEMOEA2-random_dense-HUX,0.2348877668449114,"['Equivalence_Line_1: SMSEMOA-random_dense-HUX to SPEA2-random_dense-1P', 'Equivalence_Line_2: NSGA3-random_dense-HUX to NSGA2-random_dense-2P', 'Equivalence_Line_3: UNSGA3-random_dense-UX to RVEA-random_dense-1P', 'Equivalence_Line_4: SMSEMOA-greedy_ting-UX to NSGA2-random_dense-1P', 'Equivalence_Line_5: SMSEMOA-random_dense-2P to AGEMOEA2-greedy_ting-HUX', 'Equivalence_Line_6: AGEMOEA2-random_dense-UX to AGEMOEA2-greedy_multi-HUX', 'Equivalence_Line_7: SPEA2-random_dense-HUX to SMSEMOA-greedy_multi-HUX', 'Equivalence_Line_8: SMSEMOA-greedy_ting-2P to UNSGA3-greedy_multi-UX', 'Equivalence_Line_9: UNSGA3-random_dense-2P to UNSGA3-greedy_multi-HUX', 'Equivalence_Line_10: NSGA3-random_dense-2P to AGEMOEA2-greedy_ting-2P', 'Equivalence_Line_11: NSGA2-random_dense-UX to NSGA3-greedy_multi-HUX', 'Equivalence_Line_12: SPEA2-random_dense-2P to SMSEMOA-greedy_multi-2P', 'Equivalence_Line_13: AGEMOEA2-random_dense-1P to AGEMOEA2-greedy_ting-1P', 'Equivalence_Line_14: NSGA3-random_dense-1P to UNSGA3-greedy_multi-1P', 'Equivalence_Line_15: RVEA-random_dense-2P to UNSGA3-greedy_ting-UX', 'Equivalence_Line_16: NSGA2-random_dense-2P to NSGA3-greedy_ting-UX', 'Equivalence_Line_17: RVEA-random_dense-1P to NSGA3-greedy_ting-HUX', 'Equivalence_Line_18: NSGA2-random_dense-1P to UNSGA3-greedy_ting-2P', 'Equivalence_Line_19: AGEMOEA2-greedy_ting-HUX to NSGA2-greedy_ting-2P', 'Equivalence_Line_20: AGEMOEA2-greedy_multi-UX to NSGA3-greedy_ting-1P', 'Equivalence_Line_21: AGEMOEA2-greedy_multi-2P to UNSGA3-greedy_ting-1P', 'Equivalence_Line_22: AGEMOEA2-greedy_multi-1P to RVEA-greedy_multi-HUX', 'Equivalence_Line_23: SMSEMOA-greedy_multi-UX to RVEA-greedy_multi-2P', 'Equivalence_Line_24: SMSEMOA-greedy_multi-1P to RVEA-greedy_multi-1P', 'Equivalence_Line_25: SMSEMOA-greedy_multi-2P to SPEA2-greedy_multi-UX', 'Equivalence_Line_26: UNSGA3-greedy_ting-HUX to NSGA2-greedy_multi-2P', 'Equivalence_Line_27: UNSGA3-greedy_ting-UX to NSGA2-greedy_multi-1P', 'Equivalence_Line_28: UNSGA3-greedy_ting-2P to RVEA-greedy_ting-2P', 'Equivalence_Line_29: NSGA3-greedy_ting-2P to RVEA-greedy_ting-1P']"
SMSEMOA-random_dense-1P,0.2345213476560511,"['Equivalence_Line_1: SMSEMOA-random_dense-HUX to SPEA2-random_dense-1P', 'Equivalence_Line_2: NSGA3-random_dense-HUX to NSGA2-random_dense-2P', 'Equivalence_Line_3: UNSGA3-random_dense-UX to RVEA-random_dense-1P', 'Equivalence_Line_4: SMSEMOA-greedy_ting-UX to NSGA2-random_dense-1P', 'Equivalence_Line_5: SMSEMOA-random_dense-2P to AGEMOEA2-greedy_ting-HUX', 'Equivalence_Line_6: AGEMOEA2-random_dense-UX to AGEMOEA2-greedy_multi-HUX', 'Equivalence_Line_7: SPEA2-random_dense-HUX to SMSEMOA-greedy_multi-HUX', 'Equivalence_Line_8: SMSEMOA-greedy_ting-2P to UNSGA3-greedy_multi-UX', 'Equivalence_Line_9: UNSGA3-random_dense-2P to UNSGA3-greedy_multi-HUX', 'Equivalence_Line_10: NSGA3-random_dense-2P to AGEMOEA2-greedy_ting-2P', 'Equivalence_Line_11: NSGA2-random_dense-UX to NSGA3-greedy_multi-HUX', 'Equivalence_Line_12: SPEA2-random_dense-2P to SMSEMOA-greedy_multi-2P', 'Equivalence_Line_13: AGEMOEA2-random_dense-1P to AGEMOEA2-greedy_ting-1P', 'Equivalence_Line_14: NSGA3-random_dense-1P to UNSGA3-greedy_multi-1P', 'Equivalence_Line_15: RVEA-random_dense-2P to UNSGA3-greedy_ting-UX', 'Equivalence_Line_16: NSGA2-random_dense-2P to NSGA3-greedy_ting-UX', 'Equivalence_Line_17: RVEA-random_dense-1P to NSGA3-greedy_ting-HUX', 'Equivalence_Line_18: NSGA2-random_dense-1P to UNSGA3-greedy_ting-2P', 'Equivalence_Line_19: AGEMOEA2-greedy_ting-HUX to NSGA2-greedy_ting-2P', 'Equivalence_Line_20: AGEMOEA2-greedy_multi-UX to NSGA3-greedy_ting-1P', 'Equivalence_Line_21: AGEMOEA2-greedy_multi-2P to UNSGA3-greedy_ting-1P', 'Equivalence_Line_22: AGEMOEA2-greedy_multi-1P to RVEA-greedy_multi-HUX', 'Equivalence_Line_23: SMSEMOA-greedy_multi-UX to RVEA-greedy_multi-2P', 'Equivalence_Line_24: SMSEMOA-greedy_multi-1P to RVEA-greedy_multi-1P', 'Equivalence_Line_25: SMSEMOA-greedy_multi-2P to SPEA2-greedy_multi-UX', 'Equivalence_Line_26: UNSGA3-greedy_ting-HUX to NSGA2-greedy_multi-2P', 'Equivalence_Line_27: UNSGA3-greedy_ting-UX to NSGA2-greedy_multi-1P', 'Equivalence_Line_28: UNSGA3-greedy_ting-2P to RVEA-greedy_ting-2P', 'Equivalence_Line_29: NSGA3-greedy_ting-2P to RVEA-greedy_ting-1P']"
SPEA2-random_dense-HUX,0.2287311564436616,"['Equivalence_Line_1: SMSEMOA-random_dense-HUX to SPEA2-random_dense-1P', 'Equivalence_Line_2: NSGA3-random_dense-HUX to NSGA2-random_dense-2P', 'Equivalence_Line_3: UNSGA3-random_dense-UX to RVEA-random_dense-1P', 'Equivalence_Line_4: SMSEMOA-greedy_ting-UX to NSGA2-random_dense-1P', 'Equivalence_Line_5: SMSEMOA-random_dense-2P to AGEMOEA2-greedy_ting-HUX', 'Equivalence_Line_6: AGEMOEA2-random_dense-UX to AGEMOEA2-greedy_multi-HUX', 'Equivalence_Line_7: SPEA2-random_dense-HUX to SMSEMOA-greedy_multi-HUX', 'Equivalence_Line_8: SMSEMOA-greedy_ting-2P to UNSGA3-greedy_multi-UX', 'Equivalence_Line_9: UNSGA3-random_dense-2P to UNSGA3-greedy_multi-HUX', 'Equivalence_Line_10: NSGA3-random_dense-2P to AGEMOEA2-greedy_ting-2P', 'Equivalence_Line_11: NSGA2-random_dense-UX to NSGA3-greedy_multi-HUX', 'Equivalence_Line_12: SPEA2-random_dense-2P to SMSEMOA-greedy_multi-2P', 'Equivalence_Line_13: AGEMOEA2-random_dense-1P to AGEMOEA2-greedy_ting-1P', 'Equivalence_Line_14: NSGA3-random_dense-1P to UNSGA3-greedy_multi-1P', 'Equivalence_Line_15: RVEA-random_dense-2P to UNSGA3-greedy_ting-UX', 'Equivalence_Line_16: NSGA2-random_dense-2P to NSGA3-greedy_ting-UX', 'Equivalence_Line_17: RVEA-random_dense-1P to NSGA3-greedy_ting-HUX', 'Equivalence_Line_18: NSGA2-random_dense-1P to UNSGA3-greedy_ting-2P', 'Equivalence_Line_19: AGEMOEA2-greedy_ting-HUX to NSGA2-greedy_ting-2P', 'Equivalence_Line_20: AGEMOEA2-greedy_multi-UX to NSGA3-greedy_ting-1P', 'Equivalence_Line_21: AGEMOEA2-greedy_multi-2P to UNSGA3-greedy_ting-1P', 'Equivalence_Line_22: AGEMOEA2-greedy_multi-1P to RVEA-greedy_multi-HUX', 'Equivalence_Line_23: SMSEMOA-greedy_multi-UX to RVEA-greedy_multi-2P', 'Equivalence_Line_24: SMSEMOA-greedy_multi-1P to RVEA-greedy_multi-1P', 'Equivalence_Line_25: SMSEMOA-greedy_multi-2P to SPEA2-greedy_multi-UX', 'Equivalence_Line_26: UNSGA3-greedy_ting-HUX to NSGA2-greedy_multi-2P', 'Equivalence_Line_27: UNSGA3-greedy_ting-UX to NSGA2-greedy_multi-1P', 'Equivalence_Line_28: UNSGA3-greedy_ting-2P to RVEA-greedy_ting-2P', 'Equivalence_Line_29: NSGA3-greedy_ting-2P to RVEA-greedy_ting-1P']"
SPEA2-random_dense-UX,0.22858734771990089,"['Equivalence_Line_1: SMSEMOA-random_dense-HUX to SPEA2-random_dense-1P', 'Equivalence_Line_2: NSGA3-random_dense-HUX to NSGA2-random_dense-2P', 'Equivalence_Line_3: UNSGA3-random_dense-UX to RVEA-random_dense-1P', 'Equivalence_Line_4: SMSEMOA-greedy_ting-UX to NSGA2-random_dense-1P', 'Equivalence_Line_5: SMSEMOA-random_dense-2P to AGEMOEA2-greedy_ting-HUX', 'Equivalence_Line_6: AGEMOEA2-random_dense-UX to AGEMOEA2-greedy_multi-HUX', 'Equivalence_Line_7: SPEA2-random_dense-HUX to SMSEMOA-greedy_multi-HUX', 'Equivalence_Line_8: SMSEMOA-greedy_ting-2P to UNSGA3-greedy_multi-UX', 'Equivalence_Line_9: UNSGA3-random_dense-2P to UNSGA3-greedy_multi-HUX', 'Equivalence_Line_10: NSGA3-random_dense-2P to AGEMOEA2-greedy_ting-2P', 'Equivalence_Line_11: NSGA2-random_dense-UX to NSGA3-greedy_multi-HUX', 'Equivalence_Line_12: SPEA2-random_dense-2P to SMSEMOA-greedy_multi-2P', 'Equivalence_Line_13: AGEMOEA2-random_dense-1P to AGEMOEA2-greedy_ting-1P', 'Equivalence_Line_14: NSGA3-random_dense-1P to UNSGA3-greedy_multi-1P', 'Equivalence_Line_15: RVEA-random_dense-2P to UNSGA3-greedy_ting-UX', 'Equivalence_Line_16: NSGA2-random_dense-2P to NSGA3-greedy_ting-UX', 'Equivalence_Line_17: RVEA-random_dense-1P to NSGA3-greedy_ting-HUX', 'Equivalence_Line_18: NSGA2-random_dense-1P to UNSGA3-greedy_ting-2P', 'Equivalence_Line_19: AGEMOEA2-greedy_ting-HUX to NSGA2-greedy_ting-2P', 'Equivalence_Line_20: AGEMOEA2-greedy_multi-UX to NSGA3-greedy_ting-1P', 'Equivalence_Line_21: AGEMOEA2-greedy_multi-2P to UNSGA3-greedy_ting-1P', 'Equivalence_Line_22: AGEMOEA2-greedy_multi-1P to RVEA-greedy_multi-HUX', 'Equivalence_Line_23: SMSEMOA-greedy_multi-UX to RVEA-greedy_multi-2P', 'Equivalence_Line_24: SMSEMOA-greedy_multi-1P to RVEA-greedy_multi-1P', 'Equivalence_Line_25: SMSEMOA-greedy_multi-2P to SPEA2-greedy_multi-UX', 'Equivalence_Line_26: UNSGA3-greedy_ting-HUX to NSGA2-greedy_multi-2P', 'Equivalence_Line_27: UNSGA3-greedy_ting-UX to NSGA2-greedy_multi-1P', 'Equivalence_Line_28: UNSGA3-greedy_ting-2P to RVEA-greedy_ting-2P', 'Equivalence_Line_29: NSGA3-greedy_ting-2P to RVEA-greedy_ting-1P']"
SMSEMOA-greedy_ting-2P,0.22735408787850284,"['Equivalence_Line_1: SMSEMOA-random_dense-HUX to SPEA2-random_dense-1P', 'Equivalence_Line_2: NSGA3-random_dense-HUX to NSGA2-random_dense-2P', 'Equivalence_Line_3: UNSGA3-random_dense-UX to RVEA-random_dense-1P', 'Equivalence_Line_4: SMSEMOA-greedy_ting-UX to NSGA2-random_dense-1P', 'Equivalence_Line_5: SMSEMOA-random_dense-2P to AGEMOEA2-greedy_ting-HUX', 'Equivalence_Line_6: AGEMOEA2-random_dense-UX to AGEMOEA2-greedy_multi-HUX', 'Equivalence_Line_7: SPEA2-random_dense-HUX to SMSEMOA-greedy_multi-HUX', 'Equivalence_Line_8: SMSEMOA-greedy_ting-2P to UNSGA3-greedy_multi-UX', 'Equivalence_Line_9: UNSGA3-random_dense-2P to UNSGA3-greedy_multi-HUX', 'Equivalence_Line_10: NSGA3-random_dense-2P to AGEMOEA2-greedy_ting-2P', 'Equivalence_Line_11: NSGA2-random_dense-UX to NSGA3-greedy_multi-HUX', 'Equivalence_Line_12: SPEA2-random_dense-2P to SMSEMOA-greedy_multi-2P', 'Equivalence_Line_13: AGEMOEA2-random_dense-1P to AGEMOEA2-greedy_ting-1P', 'Equivalence_Line_14: NSGA3-random_dense-1P to UNSGA3-greedy_multi-1P', 'Equivalence_Line_15: RVEA-random_dense-2P to UNSGA3-greedy_ting-UX', 'Equivalence_Line_16: NSGA2-random_dense-2P to NSGA3-greedy_ting-UX', 'Equivalence_Line_17: RVEA-random_dense-1P to NSGA3-greedy_ting-HUX', 'Equivalence_Line_18: NSGA2-random_dense-1P to UNSGA3-greedy_ting-2P', 'Equivalence_Line_19: AGEMOEA2-greedy_ting-HUX to NSGA2-greedy_ting-2P', 'Equivalence_Line_20: AGEMOEA2-greedy_multi-UX to NSGA3-greedy_ting-1P', 'Equivalence_Line_21: AGEMOEA2-greedy_multi-2P to UNSGA3-greedy_ting-1P', 'Equivalence_Line_22: AGEMOEA2-greedy_multi-1P to RVEA-greedy_multi-HUX', 'Equivalence_Line_23: SMSEMOA-greedy_multi-UX to RVEA-greedy_multi-2P', 'Equivalence_Line_24: SMSEMOA-greedy_multi-1P to RVEA-greedy_multi-1P', 'Equivalence_Line_25: SMSEMOA-greedy_multi-2P to SPEA2-greedy_multi-UX', 'Equivalence_Line_26: UNSGA3-greedy_ting-HUX to NSGA2-greedy_multi-2P', 'Equivalence_Line_27: UNSGA3-greedy_ting-UX to NSGA2-greedy_multi-1P', 'Equivalence_Line_28: UNSGA3-greedy_ting-2P to RVEA-greedy_ting-2P', 'Equivalence_Line_29: NSGA3-greedy_ting-2P to RVEA-greedy_ting-1P']"
UNSGA3-random_dense-2P,0.22562743322590018,"['Equivalence_Line_1: SMSEMOA-random_dense-HUX to SPEA2-random_dense-1P', 'Equivalence_Line_2: NSGA3-random_dense-HUX to NSGA2-random_dense-2P', 'Equivalence_Line_3: UNSGA3-random_dense-UX to RVEA-random_dense-1P', 'Equivalence_Line_4: SMSEMOA-greedy_ting-UX to NSGA2-random_dense-1P', 'Equivalence_Line_5: SMSEMOA-random_dense-2P to AGEMOEA2-greedy_ting-HUX', 'Equivalence_Line_6: AGEMOEA2-random_dense-UX to AGEMOEA2-greedy_multi-HUX', 'Equivalence_Line_7: SPEA2-random_dense-HUX to SMSEMOA-greedy_multi-HUX', 'Equivalence_Line_8: SMSEMOA-greedy_ting-2P to UNSGA3-greedy_multi-UX', 'Equivalence_Line_9: UNSGA3-random_dense-2P to UNSGA3-greedy_multi-HUX', 'Equivalence_Line_10: NSGA3-random_dense-2P to AGEMOEA2-greedy_ting-2P', 'Equivalence_Line_11: NSGA2-random_dense-UX to NSGA3-greedy_multi-HUX', 'Equivalence_Line_12: SPEA2-random_dense-2P to SMSEMOA-greedy_multi-2P', 'Equivalence_Line_13: AGEMOEA2-random_dense-1P to AGEMOEA2-greedy_ting-1P', 'Equivalence_Line_14: NSGA3-random_dense-1P to UNSGA3-greedy_multi-1P', 'Equivalence_Line_15: RVEA-random_dense-2P to UNSGA3-greedy_ting-UX', 'Equivalence_Line_16: NSGA2-random_dense-2P to NSGA3-greedy_ting-UX', 'Equivalence_Line_17: RVEA-random_dense-1P to NSGA3-greedy_ting-HUX', 'Equivalence_Line_18: NSGA2-random_dense-1P to UNSGA3-greedy_ting-2P', 'Equivalence_Line_19: AGEMOEA2-greedy_ting-HUX to NSGA2-greedy_ting-2P', 'Equivalence_Line_20: AGEMOEA2-greedy_multi-UX to NSGA3-greedy_ting-1P', 'Equivalence_Line_21: AGEMOEA2-greedy_multi-2P to UNSGA3-greedy_ting-1P', 'Equivalence_Line_22: AGEMOEA2-greedy_multi-1P to RVEA-greedy_multi-HUX', 'Equivalence_Line_23: SMSEMOA-greedy_multi-UX to RVEA-greedy_multi-2P', 'Equivalence_Line_24: SMSEMOA-greedy_multi-1P to RVEA-greedy_multi-1P', 'Equivalence_Line_25: SMSEMOA-greedy_multi-2P to SPEA2-greedy_multi-UX', 'Equivalence_Line_26: UNSGA3-greedy_ting-HUX to NSGA2-greedy_multi-2P', 'Equivalence_Line_27: UNSGA3-greedy_ting-UX to NSGA2-greedy_multi-1P', 'Equivalence_Line_28: UNSGA3-greedy_ting-2P to RVEA-greedy_ting-2P', 'Equivalence_Line_29: NSGA3-greedy_ting-2P to RVEA-greedy_ting-1P']"
NSGA3-random_dense-2P,0.2255313988307965,"['Equivalence_Line_1: SMSEMOA-random_dense-HUX to SPEA2-random_dense-1P', 'Equivalence_Line_2: NSGA3-random_dense-HUX to NSGA2-random_dense-2P', 'Equivalence_Line_3: UNSGA3-random_dense-UX to RVEA-random_dense-1P', 'Equivalence_Line_4: SMSEMOA-greedy_ting-UX to NSGA2-random_dense-1P', 'Equivalence_Line_5: SMSEMOA-random_dense-2P to AGEMOEA2-greedy_ting-HUX', 'Equivalence_Line_6: AGEMOEA2-random_dense-UX to AGEMOEA2-greedy_multi-HUX', 'Equivalence_Line_7: SPEA2-random_dense-HUX to SMSEMOA-greedy_multi-HUX', 'Equivalence_Line_8: SMSEMOA-greedy_ting-2P to UNSGA3-greedy_multi-UX', 'Equivalence_Line_9: UNSGA3-random_dense-2P to UNSGA3-greedy_multi-HUX', 'Equivalence_Line_10: NSGA3-random_dense-2P to AGEMOEA2-greedy_ting-2P', 'Equivalence_Line_11: NSGA2-random_dense-UX to NSGA3-greedy_multi-HUX', 'Equivalence_Line_12: SPEA2-random_dense-2P to SMSEMOA-greedy_multi-2P', 'Equivalence_Line_13: AGEMOEA2-random_dense-1P to AGEMOEA2-greedy_ting-1P', 'Equivalence_Line_14: NSGA3-random_dense-1P to UNSGA3-greedy_multi-1P', 'Equivalence_Line_15: RVEA-random_dense-2P to UNSGA3-greedy_ting-UX', 'Equivalence_Line_16: NSGA2-random_dense-2P to NSGA3-greedy_ting-UX', 'Equivalence_Line_17: RVEA-random_dense-1P to NSGA3-greedy_ting-HUX', 'Equivalence_Line_18: NSGA2-random_dense-1P to UNSGA3-greedy_ting-2P', 'Equivalence_Line_19: AGEMOEA2-greedy_ting-HUX to NSGA2-greedy_ting-2P', 'Equivalence_Line_20: AGEMOEA2-greedy_multi-UX to NSGA3-greedy_ting-1P', 'Equivalence_Line_21: AGEMOEA2-greedy_multi-2P to UNSGA3-greedy_ting-1P', 'Equivalence_Line_22: AGEMOEA2-greedy_multi-1P to RVEA-greedy_multi-HUX', 'Equivalence_Line_23: SMSEMOA-greedy_multi-UX to RVEA-greedy_multi-2P', 'Equivalence_Line_24: SMSEMOA-greedy_multi-1P to RVEA-greedy_multi-1P', 'Equivalence_Line_25: SMSEMOA-greedy_multi-2P to SPEA2-greedy_multi-UX', 'Equivalence_Line_26: UNSGA3-greedy_ting-HUX to NSGA2-greedy_multi-2P', 'Equivalence_Line_27: UNSGA3-greedy_ting-UX to NSGA2-greedy_multi-1P', 'Equivalence_Line_28: UNSGA3-greedy_ting-2P to RVEA-greedy_ting-2P', 'Equivalence_Line_29: NSGA3-greedy_ting-2P to RVEA-greedy_ting-1P']"
NSGA2-random_dense-UX,0.22436457049736405,"['Equivalence_Line_1: SMSEMOA-random_dense-HUX to SPEA2-random_dense-1P', 'Equivalence_Line_2: NSGA3-random_dense-HUX to NSGA2-random_dense-2P', 'Equivalence_Line_3: UNSGA3-random_dense-UX to RVEA-random_dense-1P', 'Equivalence_Line_4: SMSEMOA-greedy_ting-UX to NSGA2-random_dense-1P', 'Equivalence_Line_5: SMSEMOA-random_dense-2P to AGEMOEA2-greedy_ting-HUX', 'Equivalence_Line_6: AGEMOEA2-random_dense-UX to AGEMOEA2-greedy_multi-HUX', 'Equivalence_Line_7: SPEA2-random_dense-HUX to SMSEMOA-greedy_multi-HUX', 'Equivalence_Line_8: SMSEMOA-greedy_ting-2P to UNSGA3-greedy_multi-UX', 'Equivalence_Line_9: UNSGA3-random_dense-2P to UNSGA3-greedy_multi-HUX', 'Equivalence_Line_10: NSGA3-random_dense-2P to AGEMOEA2-greedy_ting-2P', 'Equivalence_Line_11: NSGA2-random_dense-UX to NSGA3-greedy_multi-HUX', 'Equivalence_Line_12: SPEA2-random_dense-2P to SMSEMOA-greedy_multi-2P', 'Equivalence_Line_13: AGEMOEA2-random_dense-1P to AGEMOEA2-greedy_ting-1P', 'Equivalence_Line_14: NSGA3-random_dense-1P to UNSGA3-greedy_multi-1P', 'Equivalence_Line_15: RVEA-random_dense-2P to UNSGA3-greedy_ting-UX', 'Equivalence_Line_16: NSGA2-random_dense-2P to NSGA3-greedy_ting-UX', 'Equivalence_Line_17: RVEA-random_dense-1P to NSGA3-greedy_ting-HUX', 'Equivalence_Line_18: NSGA2-random_dense-1P to UNSGA3-greedy_ting-2P', 'Equivalence_Line_19: AGEMOEA2-greedy_ting-HUX to NSGA2-greedy_ting-2P', 'Equivalence_Line_20: AGEMOEA2-greedy_multi-UX to NSGA3-greedy_ting-1P', 'Equivalence_Line_21: AGEMOEA2-greedy_multi-2P to UNSGA3-greedy_ting-1P', 'Equivalence_Line_22: AGEMOEA2-greedy_multi-1P to RVEA-greedy_multi-HUX', 'Equivalence_Line_23: SMSEMOA-greedy_multi-UX to RVEA-greedy_multi-2P', 'Equivalence_Line_24: SMSEMOA-greedy_multi-1P to RVEA-greedy_multi-1P', 'Equivalence_Line_25: SMSEMOA-greedy_multi-2P to SPEA2-greedy_multi-UX', 'Equivalence_Line_26: UNSGA3-greedy_ting-HUX to NSGA2-greedy_multi-2P', 'Equivalence_Line_27: UNSGA3-greedy_ting-UX to NSGA2-greedy_multi-1P', 'Equivalence_Line_28: UNSGA3-greedy_ting-2P to RVEA-greedy_ting-2P', 'Equivalence_Line_29: NSGA3-greedy_ting-2P to RVEA-greedy_ting-1P']"
RVEA-random_dense-HUX,0.22370709848599937,"['Equivalence_Line_1: SMSEMOA-random_dense-HUX to SPEA2-random_dense-1P', 'Equivalence_Line_2: NSGA3-random_dense-HUX to NSGA2-random_dense-2P', 'Equivalence_Line_3: UNSGA3-random_dense-UX to RVEA-random_dense-1P', 'Equivalence_Line_4: SMSEMOA-greedy_ting-UX to NSGA2-random_dense-1P', 'Equivalence_Line_5: SMSEMOA-random_dense-2P to AGEMOEA2-greedy_ting-HUX', 'Equivalence_Line_6: AGEMOEA2-random_dense-UX to AGEMOEA2-greedy_multi-HUX', 'Equivalence_Line_7: SPEA2-random_dense-HUX to SMSEMOA-greedy_multi-HUX', 'Equivalence_Line_8: SMSEMOA-greedy_ting-2P to UNSGA3-greedy_multi-UX', 'Equivalence_Line_9: UNSGA3-random_dense-2P to UNSGA3-greedy_multi-HUX', 'Equivalence_Line_10: NSGA3-random_dense-2P to AGEMOEA2-greedy_ting-2P', 'Equivalence_Line_11: NSGA2-random_dense-UX to NSGA3-greedy_multi-HUX', 'Equivalence_Line_12: SPEA2-random_dense-2P to SMSEMOA-greedy_multi-2P', 'Equivalence_Line_13: AGEMOEA2-random_dense-1P to AGEMOEA2-greedy_ting-1P', 'Equivalence_Line_14: NSGA3-random_dense-1P to UNSGA3-greedy_multi-1P', 'Equivalence_Line_15: RVEA-random_dense-2P to UNSGA3-greedy_ting-UX', 'Equivalence_Line_16: NSGA2-random_dense-2P to NSGA3-greedy_ting-UX', 'Equivalence_Line_17: RVEA-random_dense-1P to NSGA3-greedy_ting-HUX', 'Equivalence_Line_18: NSGA2-random_dense-1P to UNSGA3-greedy_ting-2P', 'Equivalence_Line_19: AGEMOEA2-greedy_ting-HUX to NSGA2-greedy_ting-2P', 'Equivalence_Line_20: AGEMOEA2-greedy_multi-UX to NSGA3-greedy_ting-1P', 'Equivalence_Line_21: AGEMOEA2-greedy_multi-2P to UNSGA3-greedy_ting-1P', 'Equivalence_Line_22: AGEMOEA2-greedy_multi-1P to RVEA-greedy_multi-HUX', 'Equivalence_Line_23: SMSEMOA-greedy_multi-UX to RVEA-greedy_multi-2P', 'Equivalence_Line_24: SMSEMOA-greedy_multi-1P to RVEA-greedy_multi-1P', 'Equivalence_Line_25: SMSEMOA-greedy_multi-2P to SPEA2-greedy_multi-UX', 'Equivalence_Line_26: UNSGA3-greedy_ting-HUX to NSGA2-greedy_multi-2P', 'Equivalence_Line_27: UNSGA3-greedy_ting-UX to NSGA2-greedy_multi-1P', 'Equivalence_Line_28: UNSGA3-greedy_ting-2P to RVEA-greedy_ting-2P', 'Equivalence_Line_29: NSGA3-greedy_ting-2P to RVEA-greedy_ting-1P']"
NSGA2-random_dense-HUX,0.22364863082137146,"['Equivalence_Line_1: SMSEMOA-random_dense-HUX to SPEA2-random_dense-1P', 'Equivalence_Line_2: NSGA3-random_dense-HUX to NSGA2-random_dense-2P', 'Equivalence_Line_3: UNSGA3-random_dense-UX to RVEA-random_dense-1P', 'Equivalence_Line_4: SMSEMOA-greedy_ting-UX to NSGA2-random_dense-1P', 'Equivalence_Line_5: SMSEMOA-random_dense-2P to AGEMOEA2-greedy_ting-HUX', 'Equivalence_Line_6: AGEMOEA2-random_dense-UX to AGEMOEA2-greedy_multi-HUX', 'Equivalence_Line_7: SPEA2-random_dense-HUX to SMSEMOA-greedy_multi-HUX', 'Equivalence_Line_8: SMSEMOA-greedy_ting-2P to UNSGA3-greedy_multi-UX', 'Equivalence_Line_9: UNSGA3-random_dense-2P to UNSGA3-greedy_multi-HUX', 'Equivalence_Line_10: NSGA3-random_dense-2P to AGEMOEA2-greedy_ting-2P', 'Equivalence_Line_11: NSGA2-random_dense-UX to NSGA3-greedy_multi-HUX', 'Equivalence_Line_12: SPEA2-random_dense-2P to SMSEMOA-greedy_multi-2P', 'Equivalence_Line_13: AGEMOEA2-random_dense-1P to AGEMOEA2-greedy_ting-1P', 'Equivalence_Line_14: NSGA3-random_dense-1P to UNSGA3-greedy_multi-1P', 'Equivalence_Line_15: RVEA-random_dense-2P to UNSGA3-greedy_ting-UX', 'Equivalence_Line_16: NSGA2-random_dense-2P to NSGA3-greedy_ting-UX', 'Equivalence_Line_17: RVEA-random_dense-1P to NSGA3-greedy_ting-HUX', 'Equivalence_Line_18: NSGA2-random_dense-1P to UNSGA3-greedy_ting-2P', 'Equivalence_Line_19: AGEMOEA2-greedy_ting-HUX to NSGA2-greedy_ting-2P', 'Equivalence_Line_20: AGEMOEA2-greedy_multi-UX to NSGA3-greedy_ting-1P', 'Equivalence_Line_21: AGEMOEA2-greedy_multi-2P to UNSGA3-greedy_ting-1P', 'Equivalence_Line_22: AGEMOEA2-greedy_multi-1P to RVEA-greedy_multi-HUX', 'Equivalence_Line_23: SMSEMOA-greedy_multi-UX to RVEA-greedy_multi-2P', 'Equivalence_Line_24: SMSEMOA-greedy_multi-1P to RVEA-greedy_multi-1P', 'Equivalence_Line_25: SMSEMOA-greedy_multi-2P to SPEA2-greedy_multi-UX', 'Equivalence_Line_26: UNSGA3-greedy_ting-HUX to NSGA2-greedy_multi-2P', 'Equivalence_Line_27: UNSGA3-greedy_ting-UX to NSGA2-greedy_multi-1P', 'Equivalence_Line_28: UNSGA3-greedy_ting-2P to RVEA-greedy_ting-2P', 'Equivalence_Line_29: NSGA3-greedy_ting-2P to RVEA-greedy_ting-1P']"
RVEA-random_dense-UX,0.22285581762285778,"['Equivalence_Line_1: SMSEMOA-random_dense-HUX to SPEA2-random_dense-1P', 'Equivalence_Line_2: NSGA3-random_dense-HUX to NSGA2-random_dense-2P', 'Equivalence_Line_3: UNSGA3-random_dense-UX to RVEA-random_dense-1P', 'Equivalence_Line_4: SMSEMOA-greedy_ting-UX to NSGA2-random_dense-1P', 'Equivalence_Line_5: SMSEMOA-random_dense-2P to AGEMOEA2-greedy_ting-HUX', 'Equivalence_Line_6: AGEMOEA2-random_dense-UX to AGEMOEA2-greedy_multi-HUX', 'Equivalence_Line_7: SPEA2-random_dense-HUX to SMSEMOA-greedy_multi-HUX', 'Equivalence_Line_8: SMSEMOA-greedy_ting-2P to UNSGA3-greedy_multi-UX', 'Equivalence_Line_9: UNSGA3-random_dense-2P to UNSGA3-greedy_multi-HUX', 'Equivalence_Line_10: NSGA3-random_dense-2P to AGEMOEA2-greedy_ting-2P', 'Equivalence_Line_11: NSGA2-random_dense-UX to NSGA3-greedy_multi-HUX', 'Equivalence_Line_12: SPEA2-random_dense-2P to SMSEMOA-greedy_multi-2P', 'Equivalence_Line_13: AGEMOEA2-random_dense-1P to AGEMOEA2-greedy_ting-1P', 'Equivalence_Line_14: NSGA3-random_dense-1P to UNSGA3-greedy_multi-1P', 'Equivalence_Line_15: RVEA-random_dense-2P to UNSGA3-greedy_ting-UX', 'Equivalence_Line_16: NSGA2-random_dense-2P to NSGA3-greedy_ting-UX', 'Equivalence_Line_17: RVEA-random_dense-1P to NSGA3-greedy_ting-HUX', 'Equivalence_Line_18: NSGA2-random_dense-1P to UNSGA3-greedy_ting-2P', 'Equivalence_Line_19: AGEMOEA2-greedy_ting-HUX to NSGA2-greedy_ting-2P', 'Equivalence_Line_20: AGEMOEA2-greedy_multi-UX to NSGA3-greedy_ting-1P', 'Equivalence_Line_21: AGEMOEA2-greedy_multi-2P to UNSGA3-greedy_ting-1P', 'Equivalence_Line_22: AGEMOEA2-greedy_multi-1P to RVEA-greedy_multi-HUX', 'Equivalence_Line_23: SMSEMOA-greedy_multi-UX to RVEA-greedy_multi-2P', 'Equivalence_Line_24: SMSEMOA-greedy_multi-1P to RVEA-greedy_multi-1P', 'Equivalence_Line_25: SMSEMOA-greedy_multi-2P to SPEA2-greedy_multi-UX', 'Equivalence_Line_26: UNSGA3-greedy_ting-HUX to NSGA2-greedy_multi-2P', 'Equivalence_Line_27: UNSGA3-greedy_ting-UX to NSGA2-greedy_multi-1P', 'Equivalence_Line_28: UNSGA3-greedy_ting-2P to RVEA-greedy_ting-2P', 'Equivalence_Line_29: NSGA3-greedy_ting-2P to RVEA-greedy_ting-1P']"
SPEA2-random_dense-2P,0.2216188092821973,"['Equivalence_Line_1: SMSEMOA-random_dense-HUX to SPEA2-random_dense-1P', 'Equivalence_Line_2: NSGA3-random_dense-HUX to NSGA2-random_dense-2P', 'Equivalence_Line_3: UNSGA3-random_dense-UX to RVEA-random_dense-1P', 'Equivalence_Line_4: SMSEMOA-greedy_ting-UX to NSGA2-random_dense-1P', 'Equivalence_Line_5: SMSEMOA-random_dense-2P to AGEMOEA2-greedy_ting-HUX', 'Equivalence_Line_6: AGEMOEA2-random_dense-UX to AGEMOEA2-greedy_multi-HUX', 'Equivalence_Line_7: SPEA2-random_dense-HUX to SMSEMOA-greedy_multi-HUX', 'Equivalence_Line_8: SMSEMOA-greedy_ting-2P to UNSGA3-greedy_multi-UX', 'Equivalence_Line_9: UNSGA3-random_dense-2P to UNSGA3-greedy_multi-HUX', 'Equivalence_Line_10: NSGA3-random_dense-2P to AGEMOEA2-greedy_ting-2P', 'Equivalence_Line_11: NSGA2-random_dense-UX to NSGA3-greedy_multi-HUX', 'Equivalence_Line_12: SPEA2-random_dense-2P to SMSEMOA-greedy_multi-2P', 'Equivalence_Line_13: AGEMOEA2-random_dense-1P to AGEMOEA2-greedy_ting-1P', 'Equivalence_Line_14: NSGA3-random_dense-1P to UNSGA3-greedy_multi-1P', 'Equivalence_Line_15: RVEA-random_dense-2P to UNSGA3-greedy_ting-UX', 'Equivalence_Line_16: NSGA2-random_dense-2P to NSGA3-greedy_ting-UX', 'Equivalence_Line_17: RVEA-random_dense-1P to NSGA3-greedy_ting-HUX', 'Equivalence_Line_18: NSGA2-random_dense-1P to UNSGA3-greedy_ting-2P', 'Equivalence_Line_19: AGEMOEA2-greedy_ting-HUX to NSGA2-greedy_ting-2P', 'Equivalence_Line_20: AGEMOEA2-greedy_multi-UX to NSGA3-greedy_ting-1P', 'Equivalence_Line_21: AGEMOEA2-greedy_multi-2P to UNSGA3-greedy_ting-1P', 'Equivalence_Line_22: AGEMOEA2-greedy_multi-1P to RVEA-greedy_multi-HUX', 'Equivalence_Line_23: SMSEMOA-greedy_multi-UX to RVEA-greedy_multi-2P', 'Equivalence_Line_24: SMSEMOA-greedy_multi-1P to RVEA-greedy_multi-1P', 'Equivalence_Line_25: SMSEMOA-greedy_multi-2P to SPEA2-greedy_multi-UX', 'Equivalence_Line_26: UNSGA3-greedy_ting-HUX to NSGA2-greedy_multi-2P', 'Equivalence_Line_27: UNSGA3-greedy_ting-UX to NSGA2-greedy_multi-1P', 'Equivalence_Line_28: UNSGA3-greedy_ting-2P to RVEA-greedy_ting-2P', 'Equivalence_Line_29: NSGA3-greedy_ting-2P to RVEA-greedy_ting-1P']"
AGEMOEA2-random_dense-2P,0.22151605366445834,"['Equivalence_Line_1: SMSEMOA-random_dense-HUX to SPEA2-random_dense-1P', 'Equivalence_Line_2: NSGA3-random_dense-HUX to NSGA2-random_dense-2P', 'Equivalence_Line_3: UNSGA3-random_dense-UX to RVEA-random_dense-1P', 'Equivalence_Line_4: SMSEMOA-greedy_ting-UX to NSGA2-random_dense-1P', 'Equivalence_Line_5: SMSEMOA-random_dense-2P to AGEMOEA2-greedy_ting-HUX', 'Equivalence_Line_6: AGEMOEA2-random_dense-UX to AGEMOEA2-greedy_multi-HUX', 'Equivalence_Line_7: SPEA2-random_dense-HUX to SMSEMOA-greedy_multi-HUX', 'Equivalence_Line_8: SMSEMOA-greedy_ting-2P to UNSGA3-greedy_multi-UX', 'Equivalence_Line_9: UNSGA3-random_dense-2P to UNSGA3-greedy_multi-HUX', 'Equivalence_Line_10: NSGA3-random_dense-2P to AGEMOEA2-greedy_ting-2P', 'Equivalence_Line_11: NSGA2-random_dense-UX to NSGA3-greedy_multi-HUX', 'Equivalence_Line_12: SPEA2-random_dense-2P to SMSEMOA-greedy_multi-2P', 'Equivalence_Line_13: AGEMOEA2-random_dense-1P to AGEMOEA2-greedy_ting-1P', 'Equivalence_Line_14: NSGA3-random_dense-1P to UNSGA3-greedy_multi-1P', 'Equivalence_Line_15: RVEA-random_dense-2P to UNSGA3-greedy_ting-UX', 'Equivalence_Line_16: NSGA2-random_dense-2P to NSGA3-greedy_ting-UX', 'Equivalence_Line_17: RVEA-random_dense-1P to NSGA3-greedy_ting-HUX', 'Equivalence_Line_18: NSGA2-random_dense-1P to UNSGA3-greedy_ting-2P', 'Equivalence_Line_19: AGEMOEA2-greedy_ting-HUX to NSGA2-greedy_ting-2P', 'Equivalence_Line_20: AGEMOEA2-greedy_multi-UX to NSGA3-greedy_ting-1P', 'Equivalence_Line_21: AGEMOEA2-greedy_multi-2P to UNSGA3-greedy_ting-1P', 'Equivalence_Line_22: AGEMOEA2-greedy_multi-1P to RVEA-greedy_multi-HUX', 'Equivalence_Line_23: SMSEMOA-greedy_multi-UX to RVEA-greedy_multi-2P', 'Equivalence_Line_24: SMSEMOA-greedy_multi-1P to RVEA-greedy_multi-1P', 'Equivalence_Line_25: SMSEMOA-greedy_multi-2P to SPEA2-greedy_multi-UX', 'Equivalence_Line_26: UNSGA3-greedy_ting-HUX to NSGA2-greedy_multi-2P', 'Equivalence_Line_27: UNSGA3-greedy_ting-UX to NSGA2-greedy_multi-1P', 'Equivalence_Line_28: UNSGA3-greedy_ting-2P to RVEA-greedy_ting-2P', 'Equivalence_Line_29: NSGA3-greedy_ting-2P to RVEA-greedy_ting-1P']"
SMSEMOA-greedy_ting-1P,0.22105550175763944,"['Equivalence_Line_1: SMSEMOA-random_dense-HUX to SPEA2-random_dense-1P', 'Equivalence_Line_2: NSGA3-random_dense-HUX to NSGA2-random_dense-2P', 'Equivalence_Line_3: UNSGA3-random_dense-UX to RVEA-random_dense-1P', 'Equivalence_Line_4: SMSEMOA-greedy_ting-UX to NSGA2-random_dense-1P', 'Equivalence_Line_5: SMSEMOA-random_dense-2P to AGEMOEA2-greedy_ting-HUX', 'Equivalence_Line_6: AGEMOEA2-random_dense-UX to AGEMOEA2-greedy_multi-HUX', 'Equivalence_Line_7: SPEA2-random_dense-HUX to SMSEMOA-greedy_multi-HUX', 'Equivalence_Line_8: SMSEMOA-greedy_ting-2P to UNSGA3-greedy_multi-UX', 'Equivalence_Line_9: UNSGA3-random_dense-2P to UNSGA3-greedy_multi-HUX', 'Equivalence_Line_10: NSGA3-random_dense-2P to AGEMOEA2-greedy_ting-2P', 'Equivalence_Line_11: NSGA2-random_dense-UX to NSGA3-greedy_multi-HUX', 'Equivalence_Line_12: SPEA2-random_dense-2P to SMSEMOA-greedy_multi-2P', 'Equivalence_Line_13: AGEMOEA2-random_dense-1P to AGEMOEA2-greedy_ting-1P', 'Equivalence_Line_14: NSGA3-random_dense-1P to UNSGA3-greedy_multi-1P', 'Equivalence_Line_15: RVEA-random_dense-2P to UNSGA3-greedy_ting-UX', 'Equivalence_Line_16: NSGA2-random_dense-2P to NSGA3-greedy_ting-UX', 'Equivalence_Line_17: RVEA-random_dense-1P to NSGA3-greedy_ting-HUX', 'Equivalence_Line_18: NSGA2-random_dense-1P to UNSGA3-greedy_ting-2P', 'Equivalence_Line_19: AGEMOEA2-greedy_ting-HUX to NSGA2-greedy_ting-2P', 'Equivalence_Line_20: AGEMOEA2-greedy_multi-UX to NSGA3-greedy_ting-1P', 'Equivalence_Line_21: AGEMOEA2-greedy_multi-2P to UNSGA3-greedy_ting-1P', 'Equivalence_Line_22: AGEMOEA2-greedy_multi-1P to RVEA-greedy_multi-HUX', 'Equivalence_Line_23: SMSEMOA-greedy_multi-UX to RVEA-greedy_multi-2P', 'Equivalence_Line_24: SMSEMOA-greedy_multi-1P to RVEA-greedy_multi-1P', 'Equivalence_Line_25: SMSEMOA-greedy_multi-2P to SPEA2-greedy_multi-UX', 'Equivalence_Line_26: UNSGA3-greedy_ting-HUX to NSGA2-greedy_multi-2P', 'Equivalence_Line_27: UNSGA3-greedy_ting-UX to NSGA2-greedy_multi-1P', 'Equivalence_Line_28: UNSGA3-greedy_ting-2P to RVEA-greedy_ting-2P', 'Equivalence_Line_29: NSGA3-greedy_ting-2P to RVEA-greedy_ting-1P']"
AGEMOEA2-random_dense-1P,0.21809582689443735,"['Equivalence_Line_1: SMSEMOA-random_dense-HUX to SPEA2-random_dense-1P', 'Equivalence_Line_2: NSGA3-random_dense-HUX to NSGA2-random_dense-2P', 'Equivalence_Line_3: UNSGA3-random_dense-UX to RVEA-random_dense-1P', 'Equivalence_Line_4: SMSEMOA-greedy_ting-UX to NSGA2-random_dense-1P', 'Equivalence_Line_5: SMSEMOA-random_dense-2P to AGEMOEA2-greedy_ting-HUX', 'Equivalence_Line_6: AGEMOEA2-random_dense-UX to AGEMOEA2-greedy_multi-HUX', 'Equivalence_Line_7: SPEA2-random_dense-HUX to SMSEMOA-greedy_multi-HUX', 'Equivalence_Line_8: SMSEMOA-greedy_ting-2P to UNSGA3-greedy_multi-UX', 'Equivalence_Line_9: UNSGA3-random_dense-2P to UNSGA3-greedy_multi-HUX', 'Equivalence_Line_10: NSGA3-random_dense-2P to AGEMOEA2-greedy_ting-2P', 'Equivalence_Line_11: NSGA2-random_dense-UX to NSGA3-greedy_multi-HUX', 'Equivalence_Line_12: SPEA2-random_dense-2P to SMSEMOA-greedy_multi-2P', 'Equivalence_Line_13: AGEMOEA2-random_dense-1P to AGEMOEA2-greedy_ting-1P', 'Equivalence_Line_14: NSGA3-random_dense-1P to UNSGA3-greedy_multi-1P', 'Equivalence_Line_15: RVEA-random_dense-2P to UNSGA3-greedy_ting-UX', 'Equivalence_Line_16: NSGA2-random_dense-2P to NSGA3-greedy_ting-UX', 'Equivalence_Line_17: RVEA-random_dense-1P to NSGA3-greedy_ting-HUX', 'Equivalence_Line_18: NSGA2-random_dense-1P to UNSGA3-greedy_ting-2P', 'Equivalence_Line_19: AGEMOEA2-greedy_ting-HUX to NSGA2-greedy_ting-2P', 'Equivalence_Line_20: AGEMOEA2-greedy_multi-UX to NSGA3-greedy_ting-1P', 'Equivalence_Line_21: AGEMOEA2-greedy_multi-2P to UNSGA3-greedy_ting-1P', 'Equivalence_Line_22: AGEMOEA2-greedy_multi-1P to RVEA-greedy_multi-HUX', 'Equivalence_Line_23: SMSEMOA-greedy_multi-UX to RVEA-greedy_multi-2P', 'Equivalence_Line_24: SMSEMOA-greedy_multi-1P to RVEA-greedy_multi-1P', 'Equivalence_Line_25: SMSEMOA-greedy_multi-2P to SPEA2-greedy_multi-UX', 'Equivalence_Line_26: UNSGA3-greedy_ting-HUX to NSGA2-greedy_multi-2P', 'Equivalence_Line_27: UNSGA3-greedy_ting-UX to NSGA2-greedy_multi-1P', 'Equivalence_Line_28: UNSGA3-greedy_ting-2P to RVEA-greedy_ting-2P', 'Equivalence_Line_29: NSGA3-greedy_ting-2P to RVEA-greedy_ting-1P']"
UNSGA3-random_dense-1P,0.21749422675653893,"['Equivalence_Line_1: SMSEMOA-random_dense-HUX to SPEA2-random_dense-1P', 'Equivalence_Line_2: NSGA3-random_dense-HUX to NSGA2-random_dense-2P', 'Equivalence_Line_3: UNSGA3-random_dense-UX to RVEA-random_dense-1P', 'Equivalence_Line_4: SMSEMOA-greedy_ting-UX to NSGA2-random_dense-1P', 'Equivalence_Line_5: SMSEMOA-random_dense-2P to AGEMOEA2-greedy_ting-HUX', 'Equivalence_Line_6: AGEMOEA2-random_dense-UX to AGEMOEA2-greedy_multi-HUX', 'Equivalence_Line_7: SPEA2-random_dense-HUX to SMSEMOA-greedy_multi-HUX', 'Equivalence_Line_8: SMSEMOA-greedy_ting-2P to UNSGA3-greedy_multi-UX', 'Equivalence_Line_9: UNSGA3-random_dense-2P to UNSGA3-greedy_multi-HUX', 'Equivalence_Line_10: NSGA3-random_dense-2P to AGEMOEA2-greedy_ting-2P', 'Equivalence_Line_11: NSGA2-random_dense-UX to NSGA3-greedy_multi-HUX', 'Equivalence_Line_12: SPEA2-random_dense-2P to SMSEMOA-greedy_multi-2P', 'Equivalence_Line_13: AGEMOEA2-random_dense-1P to AGEMOEA2-greedy_ting-1P', 'Equivalence_Line_14: NSGA3-random_dense-1P to UNSGA3-greedy_multi-1P', 'Equivalence_Line_15: RVEA-random_dense-2P to UNSGA3-greedy_ting-UX', 'Equivalence_Line_16: NSGA2-random_dense-2P to NSGA3-greedy_ting-UX', 'Equivalence_Line_17: RVEA-random_dense-1P to NSGA3-greedy_ting-HUX', 'Equivalence_Line_18: NSGA2-random_dense-1P to UNSGA3-greedy_ting-2P', 'Equivalence_Line_19: AGEMOEA2-greedy_ting-HUX to NSGA2-greedy_ting-2P', 'Equivalence_Line_20: AGEMOEA2-greedy_multi-UX to NSGA3-greedy_ting-1P', 'Equivalence_Line_21: AGEMOEA2-greedy_multi-2P to UNSGA3-greedy_ting-1P', 'Equivalence_Line_22: AGEMOEA2-greedy_multi-1P to RVEA-greedy_multi-HUX', 'Equivalence_Line_23: SMSEMOA-greedy_multi-UX to RVEA-greedy_multi-2P', 'Equivalence_Line_24: SMSEMOA-greedy_multi-1P to RVEA-greedy_multi-1P', 'Equivalence_Line_25: SMSEMOA-greedy_multi-2P to SPEA2-greedy_multi-UX', 'Equivalence_Line_26: UNSGA3-greedy_ting-HUX to NSGA2-greedy_multi-2P', 'Equivalence_Line_27: UNSGA3-greedy_ting-UX to NSGA2-greedy_multi-1P', 'Equivalence_Line_28: UNSGA3-greedy_ting-2P to RVEA-greedy_ting-2P', 'Equivalence_Line_29: NSGA3-greedy_ting-2P to RVEA-greedy_ting-1P']"
NSGA3-random_dense-1P,0.21595780391286584,"['Equivalence_Line_1: SMSEMOA-random_dense-HUX to SPEA2-random_dense-1P', 'Equivalence_Line_2: NSGA3-random_dense-HUX to NSGA2-random_dense-2P', 'Equivalence_Line_3: UNSGA3-random_dense-UX to RVEA-random_dense-1P', 'Equivalence_Line_4: SMSEMOA-greedy_ting-UX to NSGA2-random_dense-1P', 'Equivalence_Line_5: SMSEMOA-random_dense-2P to AGEMOEA2-greedy_ting-HUX', 'Equivalence_Line_6: AGEMOEA2-random_dense-UX to AGEMOEA2-greedy_multi-HUX', 'Equivalence_Line_7: SPEA2-random_dense-HUX to SMSEMOA-greedy_multi-HUX', 'Equivalence_Line_8: SMSEMOA-greedy_ting-2P to UNSGA3-greedy_multi-UX', 'Equivalence_Line_9: UNSGA3-random_dense-2P to UNSGA3-greedy_multi-HUX', 'Equivalence_Line_10: NSGA3-random_dense-2P to AGEMOEA2-greedy_ting-2P', 'Equivalence_Line_11: NSGA2-random_dense-UX to NSGA3-greedy_multi-HUX', 'Equivalence_Line_12: SPEA2-random_dense-2P to SMSEMOA-greedy_multi-2P', 'Equivalence_Line_13: AGEMOEA2-random_dense-1P to AGEMOEA2-greedy_ting-1P', 'Equivalence_Line_14: NSGA3-random_dense-1P to UNSGA3-greedy_multi-1P', 'Equivalence_Line_15: RVEA-random_dense-2P to UNSGA3-greedy_ting-UX', 'Equivalence_Line_16: NSGA2-random_dense-2P to NSGA3-greedy_ting-UX', 'Equivalence_Line_17: RVEA-random_dense-1P to NSGA3-greedy_ting-HUX', 'Equivalence_Line_18: NSGA2-random_dense-1P to UNSGA3-greedy_ting-2P', 'Equivalence_Line_19: AGEMOEA2-greedy_ting-HUX to NSGA2-greedy_ting-2P', 'Equivalence_Line_20: AGEMOEA2-greedy_multi-UX to NSGA3-greedy_ting-1P', 'Equivalence_Line_21: AGEMOEA2-greedy_multi-2P to UNSGA3-greedy_ting-1P', 'Equivalence_Line_22: AGEMOEA2-greedy_multi-1P to RVEA-greedy_multi-HUX', 'Equivalence_Line_23: SMSEMOA-greedy_multi-UX to RVEA-greedy_multi-2P', 'Equivalence_Line_24: SMSEMOA-greedy_multi-1P to RVEA-greedy_multi-1P', 'Equivalence_Line_25: SMSEMOA-greedy_multi-2P to SPEA2-greedy_multi-UX', 'Equivalence_Line_26: UNSGA3-greedy_ting-HUX to NSGA2-greedy_multi-2P', 'Equivalence_Line_27: UNSGA3-greedy_ting-UX to NSGA2-greedy_multi-1P', 'Equivalence_Line_28: UNSGA3-greedy_ting-2P to RVEA-greedy_ting-2P', 'Equivalence_Line_29: NSGA3-greedy_ting-2P to RVEA-greedy_ting-1P']"
SPEA2-random_dense-1P,0.21168128898195385,"['Equivalence_Line_1: SMSEMOA-random_dense-HUX to SPEA2-random_dense-1P', 'Equivalence_Line_2: NSGA3-random_dense-HUX to NSGA2-random_dense-2P', 'Equivalence_Line_3: UNSGA3-random_dense-UX to RVEA-random_dense-1P', 'Equivalence_Line_4: SMSEMOA-greedy_ting-UX to NSGA2-random_dense-1P', 'Equivalence_Line_5: SMSEMOA-random_dense-2P to AGEMOEA2-greedy_ting-HUX', 'Equivalence_Line_6: AGEMOEA2-random_dense-UX to AGEMOEA2-greedy_multi-HUX', 'Equivalence_Line_7: SPEA2-random_dense-HUX to SMSEMOA-greedy_multi-HUX', 'Equivalence_Line_8: SMSEMOA-greedy_ting-2P to UNSGA3-greedy_multi-UX', 'Equivalence_Line_9: UNSGA3-random_dense-2P to UNSGA3-greedy_multi-HUX', 'Equivalence_Line_10: NSGA3-random_dense-2P to AGEMOEA2-greedy_ting-2P', 'Equivalence_Line_11: NSGA2-random_dense-UX to NSGA3-greedy_multi-HUX', 'Equivalence_Line_12: SPEA2-random_dense-2P to SMSEMOA-greedy_multi-2P', 'Equivalence_Line_13: AGEMOEA2-random_dense-1P to AGEMOEA2-greedy_ting-1P', 'Equivalence_Line_14: NSGA3-random_dense-1P to UNSGA3-greedy_multi-1P', 'Equivalence_Line_15: RVEA-random_dense-2P to UNSGA3-greedy_ting-UX', 'Equivalence_Line_16: NSGA2-random_dense-2P to NSGA3-greedy_ting-UX', 'Equivalence_Line_17: RVEA-random_dense-1P to NSGA3-greedy_ting-HUX', 'Equivalence_Line_18: NSGA2-random_dense-1P to UNSGA3-greedy_ting-2P', 'Equivalence_Line_19: AGEMOEA2-greedy_ting-HUX to NSGA2-greedy_ting-2P', 'Equivalence_Line_20: AGEMOEA2-greedy_multi-UX to NSGA3-greedy_ting-1P', 'Equivalence_Line_21: AGEMOEA2-greedy_multi-2P to UNSGA3-greedy_ting-1P', 'Equivalence_Line_22: AGEMOEA2-greedy_multi-1P to RVEA-greedy_multi-HUX', 'Equivalence_Line_23: SMSEMOA-greedy_multi-UX to RVEA-greedy_multi-2P', 'Equivalence_Line_24: SMSEMOA-greedy_multi-1P to RVEA-greedy_multi-1P', 'Equivalence_Line_25: SMSEMOA-greedy_multi-2P to SPEA2-greedy_multi-UX', 'Equivalence_Line_26: UNSGA3-greedy_ting-HUX to NSGA2-greedy_multi-2P', 'Equivalence_Line_27: UNSGA3-greedy_ting-UX to NSGA2-greedy_multi-1P', 'Equivalence_Line_28: UNSGA3-greedy_ting-2P to RVEA-greedy_ting-2P', 'Equivalence_Line_29: NSGA3-greedy_ting-2P to RVEA-greedy_ting-1P']"
RVEA-random_dense-2P,0.20465065858849135,"['Equivalence_Line_1: SMSEMOA-random_dense-HUX to SPEA2-random_dense-1P', 'Equivalence_Line_2: NSGA3-random_dense-HUX to NSGA2-random_dense-2P', 'Equivalence_Line_3: UNSGA3-random_dense-UX to RVEA-random_dense-1P', 'Equivalence_Line_4: SMSEMOA-greedy_ting-UX to NSGA2-random_dense-1P', 'Equivalence_Line_5: SMSEMOA-random_dense-2P to AGEMOEA2-greedy_ting-HUX', 'Equivalence_Line_6: AGEMOEA2-random_dense-UX to AGEMOEA2-greedy_multi-HUX', 'Equivalence_Line_7: SPEA2-random_dense-HUX to SMSEMOA-greedy_multi-HUX', 'Equivalence_Line_8: SMSEMOA-greedy_ting-2P to UNSGA3-greedy_multi-UX', 'Equivalence_Line_9: UNSGA3-random_dense-2P to UNSGA3-greedy_multi-HUX', 'Equivalence_Line_10: NSGA3-random_dense-2P to AGEMOEA2-greedy_ting-2P', 'Equivalence_Line_11: NSGA2-random_dense-UX to NSGA3-greedy_multi-HUX', 'Equivalence_Line_12: SPEA2-random_dense-2P to SMSEMOA-greedy_multi-2P', 'Equivalence_Line_13: AGEMOEA2-random_dense-1P to AGEMOEA2-greedy_ting-1P', 'Equivalence_Line_14: NSGA3-random_dense-1P to UNSGA3-greedy_multi-1P', 'Equivalence_Line_15: RVEA-random_dense-2P to UNSGA3-greedy_ting-UX', 'Equivalence_Line_16: NSGA2-random_dense-2P to NSGA3-greedy_ting-UX', 'Equivalence_Line_17: RVEA-random_dense-1P to NSGA3-greedy_ting-HUX', 'Equivalence_Line_18: NSGA2-random_dense-1P to UNSGA3-greedy_ting-2P', 'Equivalence_Line_19: AGEMOEA2-greedy_ting-HUX to NSGA2-greedy_ting-2P', 'Equivalence_Line_20: AGEMOEA2-greedy_multi-UX to NSGA3-greedy_ting-1P', 'Equivalence_Line_21: AGEMOEA2-greedy_multi-2P to UNSGA3-greedy_ting-1P', 'Equivalence_Line_22: AGEMOEA2-greedy_multi-1P to RVEA-greedy_multi-HUX', 'Equivalence_Line_23: SMSEMOA-greedy_multi-UX to RVEA-greedy_multi-2P', 'Equivalence_Line_24: SMSEMOA-greedy_multi-1P to RVEA-greedy_multi-1P', 'Equivalence_Line_25: SMSEMOA-greedy_multi-2P to SPEA2-greedy_multi-UX', 'Equivalence_Line_26: UNSGA3-greedy_ting-HUX to NSGA2-greedy_multi-2P', 'Equivalence_Line_27: UNSGA3-greedy_ting-UX to NSGA2-greedy_multi-1P', 'Equivalence_Line_28: UNSGA3-greedy_ting-2P to RVEA-greedy_ting-2P', 'Equivalence_Line_29: NSGA3-greedy_ting-2P to RVEA-greedy_ting-1P']"
NSGA2-random_dense-2P,0.20389429911977008,"['Equivalence_Line_1: SMSEMOA-random_dense-HUX to SPEA2-random_dense-1P', 'Equivalence_Line_2: NSGA3-random_dense-HUX to NSGA2-random_dense-2P', 'Equivalence_Line_3: UNSGA3-random_dense-UX to RVEA-random_dense-1P', 'Equivalence_Line_4: SMSEMOA-greedy_ting-UX to NSGA2-random_dense-1P', 'Equivalence_Line_5: SMSEMOA-random_dense-2P to AGEMOEA2-greedy_ting-HUX', 'Equivalence_Line_6: AGEMOEA2-random_dense-UX to AGEMOEA2-greedy_multi-HUX', 'Equivalence_Line_7: SPEA2-random_dense-HUX to SMSEMOA-greedy_multi-HUX', 'Equivalence_Line_8: SMSEMOA-greedy_ting-2P to UNSGA3-greedy_multi-UX', 'Equivalence_Line_9: UNSGA3-random_dense-2P to UNSGA3-greedy_multi-HUX', 'Equivalence_Line_10: NSGA3-random_dense-2P to AGEMOEA2-greedy_ting-2P', 'Equivalence_Line_11: NSGA2-random_dense-UX to NSGA3-greedy_multi-HUX', 'Equivalence_Line_12: SPEA2-random_dense-2P to SMSEMOA-greedy_multi-2P', 'Equivalence_Line_13: AGEMOEA2-random_dense-1P to AGEMOEA2-greedy_ting-1P', 'Equivalence_Line_14: NSGA3-random_dense-1P to UNSGA3-greedy_multi-1P', 'Equivalence_Line_15: RVEA-random_dense-2P to UNSGA3-greedy_ting-UX', 'Equivalence_Line_16: NSGA2-random_dense-2P to NSGA3-greedy_ting-UX', 'Equivalence_Line_17: RVEA-random_dense-1P to NSGA3-greedy_ting-HUX', 'Equivalence_Line_18: NSGA2-random_dense-1P to UNSGA3-greedy_ting-2P', 'Equivalence_Line_19: AGEMOEA2-greedy_ting-HUX to NSGA2-greedy_ting-2P', 'Equivalence_Line_20: AGEMOEA2-greedy_multi-UX to NSGA3-greedy_ting-1P', 'Equivalence_Line_21: AGEMOEA2-greedy_multi-2P to UNSGA3-greedy_ting-1P', 'Equivalence_Line_22: AGEMOEA2-greedy_multi-1P to RVEA-greedy_multi-HUX', 'Equivalence_Line_23: SMSEMOA-greedy_multi-UX to RVEA-greedy_multi-2P', 'Equivalence_Line_24: SMSEMOA-greedy_multi-1P to RVEA-greedy_multi-1P', 'Equivalence_Line_25: SMSEMOA-greedy_multi-2P to SPEA2-greedy_multi-UX', 'Equivalence_Line_26: UNSGA3-greedy_ting-HUX to NSGA2-greedy_multi-2P', 'Equivalence_Line_27: UNSGA3-greedy_ting-UX to NSGA2-greedy_multi-1P', 'Equivalence_Line_28: UNSGA3-greedy_ting-2P to RVEA-greedy_ting-2P', 'Equivalence_Line_29: NSGA3-greedy_ting-2P to RVEA-greedy_ting-1P']"
RVEA-random_dense-1P,0.20139498402828493,"['Equivalence_Line_1: SMSEMOA-random_dense-HUX to SPEA2-random_dense-1P', 'Equivalence_Line_2: NSGA3-random_dense-HUX to NSGA2-random_dense-2P', 'Equivalence_Line_3: UNSGA3-random_dense-UX to RVEA-random_dense-1P', 'Equivalence_Line_4: SMSEMOA-greedy_ting-UX to NSGA2-random_dense-1P', 'Equivalence_Line_5: SMSEMOA-random_dense-2P to AGEMOEA2-greedy_ting-HUX', 'Equivalence_Line_6: AGEMOEA2-random_dense-UX to AGEMOEA2-greedy_multi-HUX', 'Equivalence_Line_7: SPEA2-random_dense-HUX to SMSEMOA-greedy_multi-HUX', 'Equivalence_Line_8: SMSEMOA-greedy_ting-2P to UNSGA3-greedy_multi-UX', 'Equivalence_Line_9: UNSGA3-random_dense-2P to UNSGA3-greedy_multi-HUX', 'Equivalence_Line_10: NSGA3-random_dense-2P to AGEMOEA2-greedy_ting-2P', 'Equivalence_Line_11: NSGA2-random_dense-UX to NSGA3-greedy_multi-HUX', 'Equivalence_Line_12: SPEA2-random_dense-2P to SMSEMOA-greedy_multi-2P', 'Equivalence_Line_13: AGEMOEA2-random_dense-1P to AGEMOEA2-greedy_ting-1P', 'Equivalence_Line_14: NSGA3-random_dense-1P to UNSGA3-greedy_multi-1P', 'Equivalence_Line_15: RVEA-random_dense-2P to UNSGA3-greedy_ting-UX', 'Equivalence_Line_16: NSGA2-random_dense-2P to NSGA3-greedy_ting-UX', 'Equivalence_Line_17: RVEA-random_dense-1P to NSGA3-greedy_ting-HUX', 'Equivalence_Line_18: NSGA2-random_dense-1P to UNSGA3-greedy_ting-2P', 'Equivalence_Line_19: AGEMOEA2-greedy_ting-HUX to NSGA2-greedy_ting-2P', 'Equivalence_Line_20: AGEMOEA2-greedy_multi-UX to NSGA3-greedy_ting-1P', 'Equivalence_Line_21: AGEMOEA2-greedy_multi-2P to UNSGA3-greedy_ting-1P', 'Equivalence_Line_22: AGEMOEA2-greedy_multi-1P to RVEA-greedy_multi-HUX', 'Equivalence_Line_23: SMSEMOA-greedy_multi-UX to RVEA-greedy_multi-2P', 'Equivalence_Line_24: SMSEMOA-greedy_multi-1P to RVEA-greedy_multi-1P', 'Equivalence_Line_25: SMSEMOA-greedy_multi-2P to SPEA2-greedy_multi-UX', 'Equivalence_Line_26: UNSGA3-greedy_ting-HUX to NSGA2-greedy_multi-2P', 'Equivalence_Line_27: UNSGA3-greedy_ting-UX to NSGA2-greedy_multi-1P', 'Equivalence_Line_28: UNSGA3-greedy_ting-2P to RVEA-greedy_ting-2P', 'Equivalence_Line_29: NSGA3-greedy_ting-2P to RVEA-greedy_ting-1P']"
NSGA2-random_dense-1P,0.19946285603566513,"['Equivalence_Line_1: SMSEMOA-random_dense-HUX to SPEA2-random_dense-1P', 'Equivalence_Line_2: NSGA3-random_dense-HUX to NSGA2-random_dense-2P', 'Equivalence_Line_3: UNSGA3-random_dense-UX to RVEA-random_dense-1P', 'Equivalence_Line_4: SMSEMOA-greedy_ting-UX to NSGA2-random_dense-1P', 'Equivalence_Line_5: SMSEMOA-random_dense-2P to AGEMOEA2-greedy_ting-HUX', 'Equivalence_Line_6: AGEMOEA2-random_dense-UX to AGEMOEA2-greedy_multi-HUX', 'Equivalence_Line_7: SPEA2-random_dense-HUX to SMSEMOA-greedy_multi-HUX', 'Equivalence_Line_8: SMSEMOA-greedy_ting-2P to UNSGA3-greedy_multi-UX', 'Equivalence_Line_9: UNSGA3-random_dense-2P to UNSGA3-greedy_multi-HUX', 'Equivalence_Line_10: NSGA3-random_dense-2P to AGEMOEA2-greedy_ting-2P', 'Equivalence_Line_11: NSGA2-random_dense-UX to NSGA3-greedy_multi-HUX', 'Equivalence_Line_12: SPEA2-random_dense-2P to SMSEMOA-greedy_multi-2P', 'Equivalence_Line_13: AGEMOEA2-random_dense-1P to AGEMOEA2-greedy_ting-1P', 'Equivalence_Line_14: NSGA3-random_dense-1P to UNSGA3-greedy_multi-1P', 'Equivalence_Line_15: RVEA-random_dense-2P to UNSGA3-greedy_ting-UX', 'Equivalence_Line_16: NSGA2-random_dense-2P to NSGA3-greedy_ting-UX', 'Equivalence_Line_17: RVEA-random_dense-1P to NSGA3-greedy_ting-HUX', 'Equivalence_Line_18: NSGA2-random_dense-1P to UNSGA3-greedy_ting-2P', 'Equivalence_Line_19: AGEMOEA2-greedy_ting-HUX to NSGA2-greedy_ting-2P', 'Equivalence_Line_20: AGEMOEA2-greedy_multi-UX to NSGA3-greedy_ting-1P', 'Equivalence_Line_21: AGEMOEA2-greedy_multi-2P to UNSGA3-greedy_ting-1P', 'Equivalence_Line_22: AGEMOEA2-greedy_multi-1P to RVEA-greedy_multi-HUX', 'Equivalence_Line_23: SMSEMOA-greedy_multi-UX to RVEA-greedy_multi-2P', 'Equivalence_Line_24: SMSEMOA-greedy_multi-1P to RVEA-greedy_multi-1P', 'Equivalence_Line_25: SMSEMOA-greedy_multi-2P to SPEA2-greedy_multi-UX', 'Equivalence_Line_26: UNSGA3-greedy_ting-HUX to NSGA2-greedy_multi-2P', 'Equivalence_Line_27: UNSGA3-greedy_ting-UX to NSGA2-greedy_multi-1P', 'Equivalence_Line_28: UNSGA3-greedy_ting-2P to RVEA-greedy_ting-2P', 'Equivalence_Line_29: NSGA3-greedy_ting-2P to RVEA-greedy_ting-1P']"
AGEMOEA2-greedy_ting-HUX,0.19588361102380958,"['Equivalence_Line_1: SMSEMOA-random_dense-HUX to SPEA2-random_dense-1P', 'Equivalence_Line_2: NSGA3-random_dense-HUX to NSGA2-random_dense-2P', 'Equivalence_Line_3: UNSGA3-random_dense-UX to RVEA-random_dense-1P', 'Equivalence_Line_4: SMSEMOA-greedy_ting-UX to NSGA2-random_dense-1P', 'Equivalence_Line_5: SMSEMOA-random_dense-2P to AGEMOEA2-greedy_ting-HUX', 'Equivalence_Line_6: AGEMOEA2-random_dense-UX to AGEMOEA2-greedy_multi-HUX', 'Equivalence_Line_7: SPEA2-random_dense-HUX to SMSEMOA-greedy_multi-HUX', 'Equivalence_Line_8: SMSEMOA-greedy_ting-2P to UNSGA3-greedy_multi-UX', 'Equivalence_Line_9: UNSGA3-random_dense-2P to UNSGA3-greedy_multi-HUX', 'Equivalence_Line_10: NSGA3-random_dense-2P to AGEMOEA2-greedy_ting-2P', 'Equivalence_Line_11: NSGA2-random_dense-UX to NSGA3-greedy_multi-HUX', 'Equivalence_Line_12: SPEA2-random_dense-2P to SMSEMOA-greedy_multi-2P', 'Equivalence_Line_13: AGEMOEA2-random_dense-1P to AGEMOEA2-greedy_ting-1P', 'Equivalence_Line_14: NSGA3-random_dense-1P to UNSGA3-greedy_multi-1P', 'Equivalence_Line_15: RVEA-random_dense-2P to UNSGA3-greedy_ting-UX', 'Equivalence_Line_16: NSGA2-random_dense-2P to NSGA3-greedy_ting-UX', 'Equivalence_Line_17: RVEA-random_dense-1P to NSGA3-greedy_ting-HUX', 'Equivalence_Line_18: NSGA2-random_dense-1P to UNSGA3-greedy_ting-2P', 'Equivalence_Line_19: AGEMOEA2-greedy_ting-HUX to NSGA2-greedy_ting-2P', 'Equivalence_Line_20: AGEMOEA2-greedy_multi-UX to NSGA3-greedy_ting-1P', 'Equivalence_Line_21: AGEMOEA2-greedy_multi-2P to UNSGA3-greedy_ting-1P', 'Equivalence_Line_22: AGEMOEA2-greedy_multi-1P to RVEA-greedy_multi-HUX', 'Equivalence_Line_23: SMSEMOA-greedy_multi-UX to RVEA-greedy_multi-2P', 'Equivalence_Line_24: SMSEMOA-greedy_multi-1P to RVEA-greedy_multi-1P', 'Equivalence_Line_25: SMSEMOA-greedy_multi-2P to SPEA2-greedy_multi-UX', 'Equivalence_Line_26: UNSGA3-greedy_ting-HUX to NSGA2-greedy_multi-2P', 'Equivalence_Line_27: UNSGA3-greedy_ting-UX to NSGA2-greedy_multi-1P', 'Equivalence_Line_28: UNSGA3-greedy_ting-2P to RVEA-greedy_ting-2P', 'Equivalence_Line_29: NSGA3-greedy_ting-2P to RVEA-greedy_ting-1P']"
AGEMOEA2-greedy_ting-UX,0.1947544568506909,"['Equivalence_Line_1: SMSEMOA-random_dense-HUX to SPEA2-random_dense-1P', 'Equivalence_Line_2: NSGA3-random_dense-HUX to NSGA2-random_dense-2P', 'Equivalence_Line_3: UNSGA3-random_dense-UX to RVEA-random_dense-1P', 'Equivalence_Line_4: SMSEMOA-greedy_ting-UX to NSGA2-random_dense-1P', 'Equivalence_Line_5: SMSEMOA-random_dense-2P to AGEMOEA2-greedy_ting-HUX', 'Equivalence_Line_6: AGEMOEA2-random_dense-UX to AGEMOEA2-greedy_multi-HUX', 'Equivalence_Line_7: SPEA2-random_dense-HUX to SMSEMOA-greedy_multi-HUX', 'Equivalence_Line_8: SMSEMOA-greedy_ting-2P to UNSGA3-greedy_multi-UX', 'Equivalence_Line_9: UNSGA3-random_dense-2P to UNSGA3-greedy_multi-HUX', 'Equivalence_Line_10: NSGA3-random_dense-2P to AGEMOEA2-greedy_ting-2P', 'Equivalence_Line_11: NSGA2-random_dense-UX to NSGA3-greedy_multi-HUX', 'Equivalence_Line_12: SPEA2-random_dense-2P to SMSEMOA-greedy_multi-2P', 'Equivalence_Line_13: AGEMOEA2-random_dense-1P to AGEMOEA2-greedy_ting-1P', 'Equivalence_Line_14: NSGA3-random_dense-1P to UNSGA3-greedy_multi-1P', 'Equivalence_Line_15: RVEA-random_dense-2P to UNSGA3-greedy_ting-UX', 'Equivalence_Line_16: NSGA2-random_dense-2P to NSGA3-greedy_ting-UX', 'Equivalence_Line_17: RVEA-random_dense-1P to NSGA3-greedy_ting-HUX', 'Equivalence_Line_18: NSGA2-random_dense-1P to UNSGA3-greedy_ting-2P', 'Equivalence_Line_19: AGEMOEA2-greedy_ting-HUX to NSGA2-greedy_ting-2P', 'Equivalence_Line_20: AGEMOEA2-greedy_multi-UX to NSGA3-greedy_ting-1P', 'Equivalence_Line_21: AGEMOEA2-greedy_multi-2P to UNSGA3-greedy_ting-1P', 'Equivalence_Line_22: AGEMOEA2-greedy_multi-1P to RVEA-greedy_multi-HUX', 'Equivalence_Line_23: SMSEMOA-greedy_multi-UX to RVEA-greedy_multi-2P', 'Equivalence_Line_24: SMSEMOA-greedy_multi-1P to RVEA-greedy_multi-1P', 'Equivalence_Line_25: SMSEMOA-greedy_multi-2P to SPEA2-greedy_multi-UX', 'Equivalence_Line_26: UNSGA3-greedy_ting-HUX to NSGA2-greedy_multi-2P', 'Equivalence_Line_27: UNSGA3-greedy_ting-UX to NSGA2-greedy_multi-1P', 'Equivalence_Line_28: UNSGA3-greedy_ting-2P to RVEA-greedy_ting-2P', 'Equivalence_Line_29: NSGA3-greedy_ting-2P to RVEA-greedy_ting-1P']"
AGEMOEA2-greedy_multi-UX,0.19208837866637307,"['Equivalence_Line_1: SMSEMOA-random_dense-HUX to SPEA2-random_dense-1P', 'Equivalence_Line_2: NSGA3-random_dense-HUX to NSGA2-random_dense-2P', 'Equivalence_Line_3: UNSGA3-random_dense-UX to RVEA-random_dense-1P', 'Equivalence_Line_4: SMSEMOA-greedy_ting-UX to NSGA2-random_dense-1P', 'Equivalence_Line_5: SMSEMOA-random_dense-2P to AGEMOEA2-greedy_ting-HUX', 'Equivalence_Line_6: AGEMOEA2-random_dense-UX to AGEMOEA2-greedy_multi-HUX', 'Equivalence_Line_7: SPEA2-random_dense-HUX to SMSEMOA-greedy_multi-HUX', 'Equivalence_Line_8: SMSEMOA-greedy_ting-2P to UNSGA3-greedy_multi-UX', 'Equivalence_Line_9: UNSGA3-random_dense-2P to UNSGA3-greedy_multi-HUX', 'Equivalence_Line_10: NSGA3-random_dense-2P to AGEMOEA2-greedy_ting-2P', 'Equivalence_Line_11: NSGA2-random_dense-UX to NSGA3-greedy_multi-HUX', 'Equivalence_Line_12: SPEA2-random_dense-2P to SMSEMOA-greedy_multi-2P', 'Equivalence_Line_13: AGEMOEA2-random_dense-1P to AGEMOEA2-greedy_ting-1P', 'Equivalence_Line_14: NSGA3-random_dense-1P to UNSGA3-greedy_multi-1P', 'Equivalence_Line_15: RVEA-random_dense-2P to UNSGA3-greedy_ting-UX', 'Equivalence_Line_16: NSGA2-random_dense-2P to NSGA3-greedy_ting-UX', 'Equivalence_Line_17: RVEA-random_dense-1P to NSGA3-greedy_ting-HUX', 'Equivalence_Line_18: NSGA2-random_dense-1P to UNSGA3-greedy_ting-2P', 'Equivalence_Line_19: AGEMOEA2-greedy_ting-HUX to NSGA2-greedy_ting-2P', 'Equivalence_Line_20: AGEMOEA2-greedy_multi-UX to NSGA3-greedy_ting-1P', 'Equivalence_Line_21: AGEMOEA2-greedy_multi-2P to UNSGA3-greedy_ting-1P', 'Equivalence_Line_22: AGEMOEA2-greedy_multi-1P to RVEA-greedy_multi-HUX', 'Equivalence_Line_23: SMSEMOA-greedy_multi-UX to RVEA-greedy_multi-2P', 'Equivalence_Line_24: SMSEMOA-greedy_multi-1P to RVEA-greedy_multi-1P', 'Equivalence_Line_25: SMSEMOA-greedy_multi-2P to SPEA2-greedy_multi-UX', 'Equivalence_Line_26: UNSGA3-greedy_ting-HUX to NSGA2-greedy_multi-2P', 'Equivalence_Line_27: UNSGA3-greedy_ting-UX to NSGA2-greedy_multi-1P', 'Equivalence_Line_28: UNSGA3-greedy_ting-2P to RVEA-greedy_ting-2P', 'Equivalence_Line_29: NSGA3-greedy_ting-2P to RVEA-greedy_ting-1P']"
AGEMOEA2-greedy_multi-HUX,0.1918510004805387,"['Equivalence_Line_1: SMSEMOA-random_dense-HUX to SPEA2-random_dense-1P', 'Equivalence_Line_2: NSGA3-random_dense-HUX to NSGA2-random_dense-2P', 'Equivalence_Line_3: UNSGA3-random_dense-UX to RVEA-random_dense-1P', 'Equivalence_Line_4: SMSEMOA-greedy_ting-UX to NSGA2-random_dense-1P', 'Equivalence_Line_5: SMSEMOA-random_dense-2P to AGEMOEA2-greedy_ting-HUX', 'Equivalence_Line_6: AGEMOEA2-random_dense-UX to AGEMOEA2-greedy_multi-HUX', 'Equivalence_Line_7: SPEA2-random_dense-HUX to SMSEMOA-greedy_multi-HUX', 'Equivalence_Line_8: SMSEMOA-greedy_ting-2P to UNSGA3-greedy_multi-UX', 'Equivalence_Line_9: UNSGA3-random_dense-2P to UNSGA3-greedy_multi-HUX', 'Equivalence_Line_10: NSGA3-random_dense-2P to AGEMOEA2-greedy_ting-2P', 'Equivalence_Line_11: NSGA2-random_dense-UX to NSGA3-greedy_multi-HUX', 'Equivalence_Line_12: SPEA2-random_dense-2P to SMSEMOA-greedy_multi-2P', 'Equivalence_Line_13: AGEMOEA2-random_dense-1P to AGEMOEA2-greedy_ting-1P', 'Equivalence_Line_14: NSGA3-random_dense-1P to UNSGA3-greedy_multi-1P', 'Equivalence_Line_15: RVEA-random_dense-2P to UNSGA3-greedy_ting-UX', 'Equivalence_Line_16: NSGA2-random_dense-2P to NSGA3-greedy_ting-UX', 'Equivalence_Line_17: RVEA-random_dense-1P to NSGA3-greedy_ting-HUX', 'Equivalence_Line_18: NSGA2-random_dense-1P to UNSGA3-greedy_ting-2P', 'Equivalence_Line_19: AGEMOEA2-greedy_ting-HUX to NSGA2-greedy_ting-2P', 'Equivalence_Line_20: AGEMOEA2-greedy_multi-UX to NSGA3-greedy_ting-1P', 'Equivalence_Line_21: AGEMOEA2-greedy_multi-2P to UNSGA3-greedy_ting-1P', 'Equivalence_Line_22: AGEMOEA2-greedy_multi-1P to RVEA-greedy_multi-HUX', 'Equivalence_Line_23: SMSEMOA-greedy_multi-UX to RVEA-greedy_multi-2P', 'Equivalence_Line_24: SMSEMOA-greedy_multi-1P to RVEA-greedy_multi-1P', 'Equivalence_Line_25: SMSEMOA-greedy_multi-2P to SPEA2-greedy_multi-UX', 'Equivalence_Line_26: UNSGA3-greedy_ting-HUX to NSGA2-greedy_multi-2P', 'Equivalence_Line_27: UNSGA3-greedy_ting-UX to NSGA2-greedy_multi-1P', 'Equivalence_Line_28: UNSGA3-greedy_ting-2P to RVEA-greedy_ting-2P', 'Equivalence_Line_29: NSGA3-greedy_ting-2P to RVEA-greedy_ting-1P']"
AGEMOEA2-greedy_multi-2P,0.18757204324881566,"['Equivalence_Line_1: SMSEMOA-random_dense-HUX to SPEA2-random_dense-1P', 'Equivalence_Line_2: NSGA3-random_dense-HUX to NSGA2-random_dense-2P', 'Equivalence_Line_3: UNSGA3-random_dense-UX to RVEA-random_dense-1P', 'Equivalence_Line_4: SMSEMOA-greedy_ting-UX to NSGA2-random_dense-1P', 'Equivalence_Line_5: SMSEMOA-random_dense-2P to AGEMOEA2-greedy_ting-HUX', 'Equivalence_Line_6: AGEMOEA2-random_dense-UX to AGEMOEA2-greedy_multi-HUX', 'Equivalence_Line_7: SPEA2-random_dense-HUX to SMSEMOA-greedy_multi-HUX', 'Equivalence_Line_8: SMSEMOA-greedy_ting-2P to UNSGA3-greedy_multi-UX', 'Equivalence_Line_9: UNSGA3-random_dense-2P to UNSGA3-greedy_multi-HUX', 'Equivalence_Line_10: NSGA3-random_dense-2P to AGEMOEA2-greedy_ting-2P', 'Equivalence_Line_11: NSGA2-random_dense-UX to NSGA3-greedy_multi-HUX', 'Equivalence_Line_12: SPEA2-random_dense-2P to SMSEMOA-greedy_multi-2P', 'Equivalence_Line_13: AGEMOEA2-random_dense-1P to AGEMOEA2-greedy_ting-1P', 'Equivalence_Line_14: NSGA3-random_dense-1P to UNSGA3-greedy_multi-1P', 'Equivalence_Line_15: RVEA-random_dense-2P to UNSGA3-greedy_ting-UX', 'Equivalence_Line_16: NSGA2-random_dense-2P to NSGA3-greedy_ting-UX', 'Equivalence_Line_17: RVEA-random_dense-1P to NSGA3-greedy_ting-HUX', 'Equivalence_Line_18: NSGA2-random_dense-1P to UNSGA3-greedy_ting-2P', 'Equivalence_Line_19: AGEMOEA2-greedy_ting-HUX to NSGA2-greedy_ting-2P', 'Equivalence_Line_20: AGEMOEA2-greedy_multi-UX to NSGA3-greedy_ting-1P', 'Equivalence_Line_21: AGEMOEA2-greedy_multi-2P to UNSGA3-greedy_ting-1P', 'Equivalence_Line_22: AGEMOEA2-greedy_multi-1P to RVEA-greedy_multi-HUX', 'Equivalence_Line_23: SMSEMOA-greedy_multi-UX to RVEA-greedy_multi-2P', 'Equivalence_Line_24: SMSEMOA-greedy_multi-1P to RVEA-greedy_multi-1P', 'Equivalence_Line_25: SMSEMOA-greedy_multi-2P to SPEA2-greedy_multi-UX', 'Equivalence_Line_26: UNSGA3-greedy_ting-HUX to NSGA2-greedy_multi-2P', 'Equivalence_Line_27: UNSGA3-greedy_ting-UX to NSGA2-greedy_multi-1P', 'Equivalence_Line_28: UNSGA3-greedy_ting-2P to RVEA-greedy_ting-2P', 'Equivalence_Line_29: NSGA3-greedy_ting-2P to RVEA-greedy_ting-1P']"
AGEMOEA2-greedy_multi-1P,0.18496793274018627,"['Equivalence_Line_1: SMSEMOA-random_dense-HUX to SPEA2-random_dense-1P', 'Equivalence_Line_2: NSGA3-random_dense-HUX to NSGA2-random_dense-2P', 'Equivalence_Line_3: UNSGA3-random_dense-UX to RVEA-random_dense-1P', 'Equivalence_Line_4: SMSEMOA-greedy_ting-UX to NSGA2-random_dense-1P', 'Equivalence_Line_5: SMSEMOA-random_dense-2P to AGEMOEA2-greedy_ting-HUX', 'Equivalence_Line_6: AGEMOEA2-random_dense-UX to AGEMOEA2-greedy_multi-HUX', 'Equivalence_Line_7: SPEA2-random_dense-HUX to SMSEMOA-greedy_multi-HUX', 'Equivalence_Line_8: SMSEMOA-greedy_ting-2P to UNSGA3-greedy_multi-UX', 'Equivalence_Line_9: UNSGA3-random_dense-2P to UNSGA3-greedy_multi-HUX', 'Equivalence_Line_10: NSGA3-random_dense-2P to AGEMOEA2-greedy_ting-2P', 'Equivalence_Line_11: NSGA2-random_dense-UX to NSGA3-greedy_multi-HUX', 'Equivalence_Line_12: SPEA2-random_dense-2P to SMSEMOA-greedy_multi-2P', 'Equivalence_Line_13: AGEMOEA2-random_dense-1P to AGEMOEA2-greedy_ting-1P', 'Equivalence_Line_14: NSGA3-random_dense-1P to UNSGA3-greedy_multi-1P', 'Equivalence_Line_15: RVEA-random_dense-2P to UNSGA3-greedy_ting-UX', 'Equivalence_Line_16: NSGA2-random_dense-2P to NSGA3-greedy_ting-UX', 'Equivalence_Line_17: RVEA-random_dense-1P to NSGA3-greedy_ting-HUX', 'Equivalence_Line_18: NSGA2-random_dense-1P to UNSGA3-greedy_ting-2P', 'Equivalence_Line_19: AGEMOEA2-greedy_ting-HUX to NSGA2-greedy_ting-2P', 'Equivalence_Line_20: AGEMOEA2-greedy_multi-UX to NSGA3-greedy_ting-1P', 'Equivalence_Line_21: AGEMOEA2-greedy_multi-2P to UNSGA3-greedy_ting-1P', 'Equivalence_Line_22: AGEMOEA2-greedy_multi-1P to RVEA-greedy_multi-HUX', 'Equivalence_Line_23: SMSEMOA-greedy_multi-UX to RVEA-greedy_multi-2P', 'Equivalence_Line_24: SMSEMOA-greedy_multi-1P to RVEA-greedy_multi-1P', 'Equivalence_Line_25: SMSEMOA-greedy_multi-2P to SPEA2-greedy_multi-UX', 'Equivalence_Line_26: UNSGA3-greedy_ting-HUX to NSGA2-greedy_multi-2P', 'Equivalence_Line_27: UNSGA3-greedy_ting-UX to NSGA2-greedy_multi-1P', 'Equivalence_Line_28: UNSGA3-greedy_ting-2P to RVEA-greedy_ting-2P', 'Equivalence_Line_29: NSGA3-greedy_ting-2P to RVEA-greedy_ting-1P']"
SMSEMOA-greedy_multi-HUX,0.18446703871765194,"['Equivalence_Line_1: SMSEMOA-random_dense-HUX to SPEA2-random_dense-1P', 'Equivalence_Line_2: NSGA3-random_dense-HUX to NSGA2-random_dense-2P', 'Equivalence_Line_3: UNSGA3-random_dense-UX to RVEA-random_dense-1P', 'Equivalence_Line_4: SMSEMOA-greedy_ting-UX to NSGA2-random_dense-1P', 'Equivalence_Line_5: SMSEMOA-random_dense-2P to AGEMOEA2-greedy_ting-HUX', 'Equivalence_Line_6: AGEMOEA2-random_dense-UX to AGEMOEA2-greedy_multi-HUX', 'Equivalence_Line_7: SPEA2-random_dense-HUX to SMSEMOA-greedy_multi-HUX', 'Equivalence_Line_8: SMSEMOA-greedy_ting-2P to UNSGA3-greedy_multi-UX', 'Equivalence_Line_9: UNSGA3-random_dense-2P to UNSGA3-greedy_multi-HUX', 'Equivalence_Line_10: NSGA3-random_dense-2P to AGEMOEA2-greedy_ting-2P', 'Equivalence_Line_11: NSGA2-random_dense-UX to NSGA3-greedy_multi-HUX', 'Equivalence_Line_12: SPEA2-random_dense-2P to SMSEMOA-greedy_multi-2P', 'Equivalence_Line_13: AGEMOEA2-random_dense-1P to AGEMOEA2-greedy_ting-1P', 'Equivalence_Line_14: NSGA3-random_dense-1P to UNSGA3-greedy_multi-1P', 'Equivalence_Line_15: RVEA-random_dense-2P to UNSGA3-greedy_ting-UX', 'Equivalence_Line_16: NSGA2-random_dense-2P to NSGA3-greedy_ting-UX', 'Equivalence_Line_17: RVEA-random_dense-1P to NSGA3-greedy_ting-HUX', 'Equivalence_Line_18: NSGA2-random_dense-1P to UNSGA3-greedy_ting-2P', 'Equivalence_Line_19: AGEMOEA2-greedy_ting-HUX to NSGA2-greedy_ting-2P', 'Equivalence_Line_20: AGEMOEA2-greedy_multi-UX to NSGA3-greedy_ting-1P', 'Equivalence_Line_21: AGEMOEA2-greedy_multi-2P to UNSGA3-greedy_ting-1P', 'Equivalence_Line_22: AGEMOEA2-greedy_multi-1P to RVEA-greedy_multi-HUX', 'Equivalence_Line_23: SMSEMOA-greedy_multi-UX to RVEA-greedy_multi-2P', 'Equivalence_Line_24: SMSEMOA-greedy_multi-1P to RVEA-greedy_multi-1P', 'Equivalence_Line_25: SMSEMOA-greedy_multi-2P to SPEA2-greedy_multi-UX', 'Equivalence_Line_26: UNSGA3-greedy_ting-HUX to NSGA2-greedy_multi-2P', 'Equivalence_Line_27: UNSGA3-greedy_ting-UX to NSGA2-greedy_multi-1P', 'Equivalence_Line_28: UNSGA3-greedy_ting-2P to RVEA-greedy_ting-2P', 'Equivalence_Line_29: NSGA3-greedy_ting-2P to RVEA-greedy_ting-1P']"
SMSEMOA-greedy_multi-UX,0.18279936176336817,"['Equivalence_Line_1: SMSEMOA-random_dense-HUX to SPEA2-random_dense-1P', 'Equivalence_Line_2: NSGA3-random_dense-HUX to NSGA2-random_dense-2P', 'Equivalence_Line_3: UNSGA3-random_dense-UX to RVEA-random_dense-1P', 'Equivalence_Line_4: SMSEMOA-greedy_ting-UX to NSGA2-random_dense-1P', 'Equivalence_Line_5: SMSEMOA-random_dense-2P to AGEMOEA2-greedy_ting-HUX', 'Equivalence_Line_6: AGEMOEA2-random_dense-UX to AGEMOEA2-greedy_multi-HUX', 'Equivalence_Line_7: SPEA2-random_dense-HUX to SMSEMOA-greedy_multi-HUX', 'Equivalence_Line_8: SMSEMOA-greedy_ting-2P to UNSGA3-greedy_multi-UX', 'Equivalence_Line_9: UNSGA3-random_dense-2P to UNSGA3-greedy_multi-HUX', 'Equivalence_Line_10: NSGA3-random_dense-2P to AGEMOEA2-greedy_ting-2P', 'Equivalence_Line_11: NSGA2-random_dense-UX to NSGA3-greedy_multi-HUX', 'Equivalence_Line_12: SPEA2-random_dense-2P to SMSEMOA-greedy_multi-2P', 'Equivalence_Line_13: AGEMOEA2-random_dense-1P to AGEMOEA2-greedy_ting-1P', 'Equivalence_Line_14: NSGA3-random_dense-1P to UNSGA3-greedy_multi-1P', 'Equivalence_Line_15: RVEA-random_dense-2P to UNSGA3-greedy_ting-UX', 'Equivalence_Line_16: NSGA2-random_dense-2P to NSGA3-greedy_ting-UX', 'Equivalence_Line_17: RVEA-random_dense-1P to NSGA3-greedy_ting-HUX', 'Equivalence_Line_18: NSGA2-random_dense-1P to UNSGA3-greedy_ting-2P', 'Equivalence_Line_19: AGEMOEA2-greedy_ting-HUX to NSGA2-greedy_ting-2P', 'Equivalence_Line_20: AGEMOEA2-greedy_multi-UX to NSGA3-greedy_ting-1P', 'Equivalence_Line_21: AGEMOEA2-greedy_multi-2P to UNSGA3-greedy_ting-1P', 'Equivalence_Line_22: AGEMOEA2-greedy_multi-1P to RVEA-greedy_multi-HUX', 'Equivalence_Line_23: SMSEMOA-greedy_multi-UX to RVEA-greedy_multi-2P', 'Equivalence_Line_24: SMSEMOA-greedy_multi-1P to RVEA-greedy_multi-1P', 'Equivalence_Line_25: SMSEMOA-greedy_multi-2P to SPEA2-greedy_multi-UX', 'Equivalence_Line_26: UNSGA3-greedy_ting-HUX to NSGA2-greedy_multi-2P', 'Equivalence_Line_27: UNSGA3-greedy_ting-UX to NSGA2-greedy_multi-1P', 'Equivalence_Line_28: UNSGA3-greedy_ting-2P to RVEA-greedy_ting-2P', 'Equivalence_Line_29: NSGA3-greedy_ting-2P to RVEA-greedy_ting-1P']"
UNSGA3-greedy_multi-UX,0.18191101142475302,"['Equivalence_Line_1: SMSEMOA-random_dense-HUX to SPEA2-random_dense-1P', 'Equivalence_Line_2: NSGA3-random_dense-HUX to NSGA2-random_dense-2P', 'Equivalence_Line_3: UNSGA3-random_dense-UX to RVEA-random_dense-1P', 'Equivalence_Line_4: SMSEMOA-greedy_ting-UX to NSGA2-random_dense-1P', 'Equivalence_Line_5: SMSEMOA-random_dense-2P to AGEMOEA2-greedy_ting-HUX', 'Equivalence_Line_6: AGEMOEA2-random_dense-UX to AGEMOEA2-greedy_multi-HUX', 'Equivalence_Line_7: SPEA2-random_dense-HUX to SMSEMOA-greedy_multi-HUX', 'Equivalence_Line_8: SMSEMOA-greedy_ting-2P to UNSGA3-greedy_multi-UX', 'Equivalence_Line_9: UNSGA3-random_dense-2P to UNSGA3-greedy_multi-HUX', 'Equivalence_Line_10: NSGA3-random_dense-2P to AGEMOEA2-greedy_ting-2P', 'Equivalence_Line_11: NSGA2-random_dense-UX to NSGA3-greedy_multi-HUX', 'Equivalence_Line_12: SPEA2-random_dense-2P to SMSEMOA-greedy_multi-2P', 'Equivalence_Line_13: AGEMOEA2-random_dense-1P to AGEMOEA2-greedy_ting-1P', 'Equivalence_Line_14: NSGA3-random_dense-1P to UNSGA3-greedy_multi-1P', 'Equivalence_Line_15: RVEA-random_dense-2P to UNSGA3-greedy_ting-UX', 'Equivalence_Line_16: NSGA2-random_dense-2P to NSGA3-greedy_ting-UX', 'Equivalence_Line_17: RVEA-random_dense-1P to NSGA3-greedy_ting-HUX', 'Equivalence_Line_18: NSGA2-random_dense-1P to UNSGA3-greedy_ting-2P', 'Equivalence_Line_19: AGEMOEA2-greedy_ting-HUX to NSGA2-greedy_ting-2P', 'Equivalence_Line_20: AGEMOEA2-greedy_multi-UX to NSGA3-greedy_ting-1P', 'Equivalence_Line_21: AGEMOEA2-greedy_multi-2P to UNSGA3-greedy_ting-1P', 'Equivalence_Line_22: AGEMOEA2-greedy_multi-1P to RVEA-greedy_multi-HUX', 'Equivalence_Line_23: SMSEMOA-greedy_multi-UX to RVEA-greedy_multi-2P', 'Equivalence_Line_24: SMSEMOA-greedy_multi-1P to RVEA-greedy_multi-1P', 'Equivalence_Line_25: SMSEMOA-greedy_multi-2P to SPEA2-greedy_multi-UX', 'Equivalence_Line_26: UNSGA3-greedy_ting-HUX to NSGA2-greedy_multi-2P', 'Equivalence_Line_27: UNSGA3-greedy_ting-UX to NSGA2-greedy_multi-1P', 'Equivalence_Line_28: UNSGA3-greedy_ting-2P to RVEA-greedy_ting-2P', 'Equivalence_Line_29: NSGA3-greedy_ting-2P to RVEA-greedy_ting-1P']"
SMSEMOA-greedy_multi-1P,0.18145351873407373,"['Equivalence_Line_1: SMSEMOA-random_dense-HUX to SPEA2-random_dense-1P', 'Equivalence_Line_2: NSGA3-random_dense-HUX to NSGA2-random_dense-2P', 'Equivalence_Line_3: UNSGA3-random_dense-UX to RVEA-random_dense-1P', 'Equivalence_Line_4: SMSEMOA-greedy_ting-UX to NSGA2-random_dense-1P', 'Equivalence_Line_5: SMSEMOA-random_dense-2P to AGEMOEA2-greedy_ting-HUX', 'Equivalence_Line_6: AGEMOEA2-random_dense-UX to AGEMOEA2-greedy_multi-HUX', 'Equivalence_Line_7: SPEA2-random_dense-HUX to SMSEMOA-greedy_multi-HUX', 'Equivalence_Line_8: SMSEMOA-greedy_ting-2P to UNSGA3-greedy_multi-UX', 'Equivalence_Line_9: UNSGA3-random_dense-2P to UNSGA3-greedy_multi-HUX', 'Equivalence_Line_10: NSGA3-random_dense-2P to AGEMOEA2-greedy_ting-2P', 'Equivalence_Line_11: NSGA2-random_dense-UX to NSGA3-greedy_multi-HUX', 'Equivalence_Line_12: SPEA2-random_dense-2P to SMSEMOA-greedy_multi-2P', 'Equivalence_Line_13: AGEMOEA2-random_dense-1P to AGEMOEA2-greedy_ting-1P', 'Equivalence_Line_14: NSGA3-random_dense-1P to UNSGA3-greedy_multi-1P', 'Equivalence_Line_15: RVEA-random_dense-2P to UNSGA3-greedy_ting-UX', 'Equivalence_Line_16: NSGA2-random_dense-2P to NSGA3-greedy_ting-UX', 'Equivalence_Line_17: RVEA-random_dense-1P to NSGA3-greedy_ting-HUX', 'Equivalence_Line_18: NSGA2-random_dense-1P to UNSGA3-greedy_ting-2P', 'Equivalence_Line_19: AGEMOEA2-greedy_ting-HUX to NSGA2-greedy_ting-2P', 'Equivalence_Line_20: AGEMOEA2-greedy_multi-UX to NSGA3-greedy_ting-1P', 'Equivalence_Line_21: AGEMOEA2-greedy_multi-2P to UNSGA3-greedy_ting-1P', 'Equivalence_Line_22: AGEMOEA2-greedy_multi-1P to RVEA-greedy_multi-HUX', 'Equivalence_Line_23: SMSEMOA-greedy_multi-UX to RVEA-greedy_multi-2P', 'Equivalence_Line_24: SMSEMOA-greedy_multi-1P to RVEA-greedy_multi-1P', 'Equivalence_Line_25: SMSEMOA-greedy_multi-2P to SPEA2-greedy_multi-UX', 'Equivalence_Line_26: UNSGA3-greedy_ting-HUX to NSGA2-greedy_multi-2P', 'Equivalence_Line_27: UNSGA3-greedy_ting-UX to NSGA2-greedy_multi-1P', 'Equivalence_Line_28: UNSGA3-greedy_ting-2P to RVEA-greedy_ting-2P', 'Equivalence_Line_29: NSGA3-greedy_ting-2P to RVEA-greedy_ting-1P']"
UNSGA3-greedy_multi-HUX,0.18115383021012715,"['Equivalence_Line_1: SMSEMOA-random_dense-HUX to SPEA2-random_dense-1P', 'Equivalence_Line_2: NSGA3-random_dense-HUX to NSGA2-random_dense-2P', 'Equivalence_Line_3: UNSGA3-random_dense-UX to RVEA-random_dense-1P', 'Equivalence_Line_4: SMSEMOA-greedy_ting-UX to NSGA2-random_dense-1P', 'Equivalence_Line_5: SMSEMOA-random_dense-2P to AGEMOEA2-greedy_ting-HUX', 'Equivalence_Line_6: AGEMOEA2-random_dense-UX to AGEMOEA2-greedy_multi-HUX', 'Equivalence_Line_7: SPEA2-random_dense-HUX to SMSEMOA-greedy_multi-HUX', 'Equivalence_Line_8: SMSEMOA-greedy_ting-2P to UNSGA3-greedy_multi-UX', 'Equivalence_Line_9: UNSGA3-random_dense-2P to UNSGA3-greedy_multi-HUX', 'Equivalence_Line_10: NSGA3-random_dense-2P to AGEMOEA2-greedy_ting-2P', 'Equivalence_Line_11: NSGA2-random_dense-UX to NSGA3-greedy_multi-HUX', 'Equivalence_Line_12: SPEA2-random_dense-2P to SMSEMOA-greedy_multi-2P', 'Equivalence_Line_13: AGEMOEA2-random_dense-1P to AGEMOEA2-greedy_ting-1P', 'Equivalence_Line_14: NSGA3-random_dense-1P to UNSGA3-greedy_multi-1P', 'Equivalence_Line_15: RVEA-random_dense-2P to UNSGA3-greedy_ting-UX', 'Equivalence_Line_16: NSGA2-random_dense-2P to NSGA3-greedy_ting-UX', 'Equivalence_Line_17: RVEA-random_dense-1P to NSGA3-greedy_ting-HUX', 'Equivalence_Line_18: NSGA2-random_dense-1P to UNSGA3-greedy_ting-2P', 'Equivalence_Line_19: AGEMOEA2-greedy_ting-HUX to NSGA2-greedy_ting-2P', 'Equivalence_Line_20: AGEMOEA2-greedy_multi-UX to NSGA3-greedy_ting-1P', 'Equivalence_Line_21: AGEMOEA2-greedy_multi-2P to UNSGA3-greedy_ting-1P', 'Equivalence_Line_22: AGEMOEA2-greedy_multi-1P to RVEA-greedy_multi-HUX', 'Equivalence_Line_23: SMSEMOA-greedy_multi-UX to RVEA-greedy_multi-2P', 'Equivalence_Line_24: SMSEMOA-greedy_multi-1P to RVEA-greedy_multi-1P', 'Equivalence_Line_25: SMSEMOA-greedy_multi-2P to SPEA2-greedy_multi-UX', 'Equivalence_Line_26: UNSGA3-greedy_ting-HUX to NSGA2-greedy_multi-2P', 'Equivalence_Line_27: UNSGA3-greedy_ting-UX to NSGA2-greedy_multi-1P', 'Equivalence_Line_28: UNSGA3-greedy_ting-2P to RVEA-greedy_ting-2P', 'Equivalence_Line_29: NSGA3-greedy_ting-2P to RVEA-greedy_ting-1P']"
AGEMOEA2-greedy_ting-2P,0.1803644621009525,"['Equivalence_Line_1: SMSEMOA-random_dense-HUX to SPEA2-random_dense-1P', 'Equivalence_Line_2: NSGA3-random_dense-HUX to NSGA2-random_dense-2P', 'Equivalence_Line_3: UNSGA3-random_dense-UX to RVEA-random_dense-1P', 'Equivalence_Line_4: SMSEMOA-greedy_ting-UX to NSGA2-random_dense-1P', 'Equivalence_Line_5: SMSEMOA-random_dense-2P to AGEMOEA2-greedy_ting-HUX', 'Equivalence_Line_6: AGEMOEA2-random_dense-UX to AGEMOEA2-greedy_multi-HUX', 'Equivalence_Line_7: SPEA2-random_dense-HUX to SMSEMOA-greedy_multi-HUX', 'Equivalence_Line_8: SMSEMOA-greedy_ting-2P to UNSGA3-greedy_multi-UX', 'Equivalence_Line_9: UNSGA3-random_dense-2P to UNSGA3-greedy_multi-HUX', 'Equivalence_Line_10: NSGA3-random_dense-2P to AGEMOEA2-greedy_ting-2P', 'Equivalence_Line_11: NSGA2-random_dense-UX to NSGA3-greedy_multi-HUX', 'Equivalence_Line_12: SPEA2-random_dense-2P to SMSEMOA-greedy_multi-2P', 'Equivalence_Line_13: AGEMOEA2-random_dense-1P to AGEMOEA2-greedy_ting-1P', 'Equivalence_Line_14: NSGA3-random_dense-1P to UNSGA3-greedy_multi-1P', 'Equivalence_Line_15: RVEA-random_dense-2P to UNSGA3-greedy_ting-UX', 'Equivalence_Line_16: NSGA2-random_dense-2P to NSGA3-greedy_ting-UX', 'Equivalence_Line_17: RVEA-random_dense-1P to NSGA3-greedy_ting-HUX', 'Equivalence_Line_18: NSGA2-random_dense-1P to UNSGA3-greedy_ting-2P', 'Equivalence_Line_19: AGEMOEA2-greedy_ting-HUX to NSGA2-greedy_ting-2P', 'Equivalence_Line_20: AGEMOEA2-greedy_multi-UX to NSGA3-greedy_ting-1P', 'Equivalence_Line_21: AGEMOEA2-greedy_multi-2P to UNSGA3-greedy_ting-1P', 'Equivalence_Line_22: AGEMOEA2-greedy_multi-1P to RVEA-greedy_multi-HUX', 'Equivalence_Line_23: SMSEMOA-greedy_multi-UX to RVEA-greedy_multi-2P', 'Equivalence_Line_24: SMSEMOA-greedy_multi-1P to RVEA-greedy_multi-1P', 'Equivalence_Line_25: SMSEMOA-greedy_multi-2P to SPEA2-greedy_multi-UX', 'Equivalence_Line_26: UNSGA3-greedy_ting-HUX to NSGA2-greedy_multi-2P', 'Equivalence_Line_27: UNSGA3-greedy_ting-UX to NSGA2-greedy_multi-1P', 'Equivalence_Line_28: UNSGA3-greedy_ting-2P to RVEA-greedy_ting-2P', 'Equivalence_Line_29: NSGA3-greedy_ting-2P to RVEA-greedy_ting-1P']"
NSGA3-greedy_multi-UX,0.18001838429780173,"['Equivalence_Line_1: SMSEMOA-random_dense-HUX to SPEA2-random_dense-1P', 'Equivalence_Line_2: NSGA3-random_dense-HUX to NSGA2-random_dense-2P', 'Equivalence_Line_3: UNSGA3-random_dense-UX to RVEA-random_dense-1P', 'Equivalence_Line_4: SMSEMOA-greedy_ting-UX to NSGA2-random_dense-1P', 'Equivalence_Line_5: SMSEMOA-random_dense-2P to AGEMOEA2-greedy_ting-HUX', 'Equivalence_Line_6: AGEMOEA2-random_dense-UX to AGEMOEA2-greedy_multi-HUX', 'Equivalence_Line_7: SPEA2-random_dense-HUX to SMSEMOA-greedy_multi-HUX', 'Equivalence_Line_8: SMSEMOA-greedy_ting-2P to UNSGA3-greedy_multi-UX', 'Equivalence_Line_9: UNSGA3-random_dense-2P to UNSGA3-greedy_multi-HUX', 'Equivalence_Line_10: NSGA3-random_dense-2P to AGEMOEA2-greedy_ting-2P', 'Equivalence_Line_11: NSGA2-random_dense-UX to NSGA3-greedy_multi-HUX', 'Equivalence_Line_12: SPEA2-random_dense-2P to SMSEMOA-greedy_multi-2P', 'Equivalence_Line_13: AGEMOEA2-random_dense-1P to AGEMOEA2-greedy_ting-1P', 'Equivalence_Line_14: NSGA3-random_dense-1P to UNSGA3-greedy_multi-1P', 'Equivalence_Line_15: RVEA-random_dense-2P to UNSGA3-greedy_ting-UX', 'Equivalence_Line_16: NSGA2-random_dense-2P to NSGA3-greedy_ting-UX', 'Equivalence_Line_17: RVEA-random_dense-1P to NSGA3-greedy_ting-HUX', 'Equivalence_Line_18: NSGA2-random_dense-1P to UNSGA3-greedy_ting-2P', 'Equivalence_Line_19: AGEMOEA2-greedy_ting-HUX to NSGA2-greedy_ting-2P', 'Equivalence_Line_20: AGEMOEA2-greedy_multi-UX to NSGA3-greedy_ting-1P', 'Equivalence_Line_21: AGEMOEA2-greedy_multi-2P to UNSGA3-greedy_ting-1P', 'Equivalence_Line_22: AGEMOEA2-greedy_multi-1P to RVEA-greedy_multi-HUX', 'Equivalence_Line_23: SMSEMOA-greedy_multi-UX to RVEA-greedy_multi-2P', 'Equivalence_Line_24: SMSEMOA-greedy_multi-1P to RVEA-greedy_multi-1P', 'Equivalence_Line_25: SMSEMOA-greedy_multi-2P to SPEA2-greedy_multi-UX', 'Equivalence_Line_26: UNSGA3-greedy_ting-HUX to NSGA2-greedy_multi-2P', 'Equivalence_Line_27: UNSGA3-greedy_ting-UX to NSGA2-greedy_multi-1P', 'Equivalence_Line_28: UNSGA3-greedy_ting-2P to RVEA-greedy_ting-2P', 'Equivalence_Line_29: NSGA3-greedy_ting-2P to RVEA-greedy_ting-1P']"
NSGA3-greedy_multi-HUX,0.17945925582465327,"['Equivalence_Line_1: SMSEMOA-random_dense-HUX to SPEA2-random_dense-1P', 'Equivalence_Line_2: NSGA3-random_dense-HUX to NSGA2-random_dense-2P', 'Equivalence_Line_3: UNSGA3-random_dense-UX to RVEA-random_dense-1P', 'Equivalence_Line_4: SMSEMOA-greedy_ting-UX to NSGA2-random_dense-1P', 'Equivalence_Line_5: SMSEMOA-random_dense-2P to AGEMOEA2-greedy_ting-HUX', 'Equivalence_Line_6: AGEMOEA2-random_dense-UX to AGEMOEA2-greedy_multi-HUX', 'Equivalence_Line_7: SPEA2-random_dense-HUX to SMSEMOA-greedy_multi-HUX', 'Equivalence_Line_8: SMSEMOA-greedy_ting-2P to UNSGA3-greedy_multi-UX', 'Equivalence_Line_9: UNSGA3-random_dense-2P to UNSGA3-greedy_multi-HUX', 'Equivalence_Line_10: NSGA3-random_dense-2P to AGEMOEA2-greedy_ting-2P', 'Equivalence_Line_11: NSGA2-random_dense-UX to NSGA3-greedy_multi-HUX', 'Equivalence_Line_12: SPEA2-random_dense-2P to SMSEMOA-greedy_multi-2P', 'Equivalence_Line_13: AGEMOEA2-random_dense-1P to AGEMOEA2-greedy_ting-1P', 'Equivalence_Line_14: NSGA3-random_dense-1P to UNSGA3-greedy_multi-1P', 'Equivalence_Line_15: RVEA-random_dense-2P to UNSGA3-greedy_ting-UX', 'Equivalence_Line_16: NSGA2-random_dense-2P to NSGA3-greedy_ting-UX', 'Equivalence_Line_17: RVEA-random_dense-1P to NSGA3-greedy_ting-HUX', 'Equivalence_Line_18: NSGA2-random_dense-1P to UNSGA3-greedy_ting-2P', 'Equivalence_Line_19: AGEMOEA2-greedy_ting-HUX to NSGA2-greedy_ting-2P', 'Equivalence_Line_20: AGEMOEA2-greedy_multi-UX to NSGA3-greedy_ting-1P', 'Equivalence_Line_21: AGEMOEA2-greedy_multi-2P to UNSGA3-greedy_ting-1P', 'Equivalence_Line_22: AGEMOEA2-greedy_multi-1P to RVEA-greedy_multi-HUX', 'Equivalence_Line_23: SMSEMOA-greedy_multi-UX to RVEA-greedy_multi-2P', 'Equivalence_Line_24: SMSEMOA-greedy_multi-1P to RVEA-greedy_multi-1P', 'Equivalence_Line_25: SMSEMOA-greedy_multi-2P to SPEA2-greedy_multi-UX', 'Equivalence_Line_26: UNSGA3-greedy_ting-HUX to NSGA2-greedy_multi-2P', 'Equivalence_Line_27: UNSGA3-greedy_ting-UX to NSGA2-greedy_multi-1P', 'Equivalence_Line_28: UNSGA3-greedy_ting-2P to RVEA-greedy_ting-2P', 'Equivalence_Line_29: NSGA3-greedy_ting-2P to RVEA-greedy_ting-1P']"
SMSEMOA-greedy_multi-2P,0.17833529614725588,"['Equivalence_Line_1: SMSEMOA-random_dense-HUX to SPEA2-random_dense-1P', 'Equivalence_Line_2: NSGA3-random_dense-HUX to NSGA2-random_dense-2P', 'Equivalence_Line_3: UNSGA3-random_dense-UX to RVEA-random_dense-1P', 'Equivalence_Line_4: SMSEMOA-greedy_ting-UX to NSGA2-random_dense-1P', 'Equivalence_Line_5: SMSEMOA-random_dense-2P to AGEMOEA2-greedy_ting-HUX', 'Equivalence_Line_6: AGEMOEA2-random_dense-UX to AGEMOEA2-greedy_multi-HUX', 'Equivalence_Line_7: SPEA2-random_dense-HUX to SMSEMOA-greedy_multi-HUX', 'Equivalence_Line_8: SMSEMOA-greedy_ting-2P to UNSGA3-greedy_multi-UX', 'Equivalence_Line_9: UNSGA3-random_dense-2P to UNSGA3-greedy_multi-HUX', 'Equivalence_Line_10: NSGA3-random_dense-2P to AGEMOEA2-greedy_ting-2P', 'Equivalence_Line_11: NSGA2-random_dense-UX to NSGA3-greedy_multi-HUX', 'Equivalence_Line_12: SPEA2-random_dense-2P to SMSEMOA-greedy_multi-2P', 'Equivalence_Line_13: AGEMOEA2-random_dense-1P to AGEMOEA2-greedy_ting-1P', 'Equivalence_Line_14: NSGA3-random_dense-1P to UNSGA3-greedy_multi-1P', 'Equivalence_Line_15: RVEA-random_dense-2P to UNSGA3-greedy_ting-UX', 'Equivalence_Line_16: NSGA2-random_dense-2P to NSGA3-greedy_ting-UX', 'Equivalence_Line_17: RVEA-random_dense-1P to NSGA3-greedy_ting-HUX', 'Equivalence_Line_18: NSGA2-random_dense-1P to UNSGA3-greedy_ting-2P', 'Equivalence_Line_19: AGEMOEA2-greedy_ting-HUX to NSGA2-greedy_ting-2P', 'Equivalence_Line_20: AGEMOEA2-greedy_multi-UX to NSGA3-greedy_ting-1P', 'Equivalence_Line_21: AGEMOEA2-greedy_multi-2P to UNSGA3-greedy_ting-1P', 'Equivalence_Line_22: AGEMOEA2-greedy_multi-1P to RVEA-greedy_multi-HUX', 'Equivalence_Line_23: SMSEMOA-greedy_multi-UX to RVEA-greedy_multi-2P', 'Equivalence_Line_24: SMSEMOA-greedy_multi-1P to RVEA-greedy_multi-1P', 'Equivalence_Line_25: SMSEMOA-greedy_multi-2P to SPEA2-greedy_multi-UX', 'Equivalence_Line_26: UNSGA3-greedy_ting-HUX to NSGA2-greedy_multi-2P', 'Equivalence_Line_27: UNSGA3-greedy_ting-UX to NSGA2-greedy_multi-1P', 'Equivalence_Line_28: UNSGA3-greedy_ting-2P to RVEA-greedy_ting-2P', 'Equivalence_Line_29: NSGA3-greedy_ting-2P to RVEA-greedy_ting-1P']"
UNSGA3-greedy_multi-2P,0.1755370692223101,"['Equivalence_Line_1: SMSEMOA-random_dense-HUX to SPEA2-random_dense-1P', 'Equivalence_Line_2: NSGA3-random_dense-HUX to NSGA2-random_dense-2P', 'Equivalence_Line_3: UNSGA3-random_dense-UX to RVEA-random_dense-1P', 'Equivalence_Line_4: SMSEMOA-greedy_ting-UX to NSGA2-random_dense-1P', 'Equivalence_Line_5: SMSEMOA-random_dense-2P to AGEMOEA2-greedy_ting-HUX', 'Equivalence_Line_6: AGEMOEA2-random_dense-UX to AGEMOEA2-greedy_multi-HUX', 'Equivalence_Line_7: SPEA2-random_dense-HUX to SMSEMOA-greedy_multi-HUX', 'Equivalence_Line_8: SMSEMOA-greedy_ting-2P to UNSGA3-greedy_multi-UX', 'Equivalence_Line_9: UNSGA3-random_dense-2P to UNSGA3-greedy_multi-HUX', 'Equivalence_Line_10: NSGA3-random_dense-2P to AGEMOEA2-greedy_ting-2P', 'Equivalence_Line_11: NSGA2-random_dense-UX to NSGA3-greedy_multi-HUX', 'Equivalence_Line_12: SPEA2-random_dense-2P to SMSEMOA-greedy_multi-2P', 'Equivalence_Line_13: AGEMOEA2-random_dense-1P to AGEMOEA2-greedy_ting-1P', 'Equivalence_Line_14: NSGA3-random_dense-1P to UNSGA3-greedy_multi-1P', 'Equivalence_Line_15: RVEA-random_dense-2P to UNSGA3-greedy_ting-UX', 'Equivalence_Line_16: NSGA2-random_dense-2P to NSGA3-greedy_ting-UX', 'Equivalence_Line_17: RVEA-random_dense-1P to NSGA3-greedy_ting-HUX', 'Equivalence_Line_18: NSGA2-random_dense-1P to UNSGA3-greedy_ting-2P', 'Equivalence_Line_19: AGEMOEA2-greedy_ting-HUX to NSGA2-greedy_ting-2P', 'Equivalence_Line_20: AGEMOEA2-greedy_multi-UX to NSGA3-greedy_ting-1P', 'Equivalence_Line_21: AGEMOEA2-greedy_multi-2P to UNSGA3-greedy_ting-1P', 'Equivalence_Line_22: AGEMOEA2-greedy_multi-1P to RVEA-greedy_multi-HUX', 'Equivalence_Line_23: SMSEMOA-greedy_multi-UX to RVEA-greedy_multi-2P', 'Equivalence_Line_24: SMSEMOA-greedy_multi-1P to RVEA-greedy_multi-1P', 'Equivalence_Line_25: SMSEMOA-greedy_multi-2P to SPEA2-greedy_multi-UX', 'Equivalence_Line_26: UNSGA3-greedy_ting-HUX to NSGA2-greedy_multi-2P', 'Equivalence_Line_27: UNSGA3-greedy_ting-UX to NSGA2-greedy_multi-1P', 'Equivalence_Line_28: UNSGA3-greedy_ting-2P to RVEA-greedy_ting-2P', 'Equivalence_Line_29: NSGA3-greedy_ting-2P to RVEA-greedy_ting-1P']"
NSGA3-greedy_multi-2P,0.17517098683086776,"['Equivalence_Line_1: SMSEMOA-random_dense-HUX to SPEA2-random_dense-1P', 'Equivalence_Line_2: NSGA3-random_dense-HUX to NSGA2-random_dense-2P', 'Equivalence_Line_3: UNSGA3-random_dense-UX to RVEA-random_dense-1P', 'Equivalence_Line_4: SMSEMOA-greedy_ting-UX to NSGA2-random_dense-1P', 'Equivalence_Line_5: SMSEMOA-random_dense-2P to AGEMOEA2-greedy_ting-HUX', 'Equivalence_Line_6: AGEMOEA2-random_dense-UX to AGEMOEA2-greedy_multi-HUX', 'Equivalence_Line_7: SPEA2-random_dense-HUX to SMSEMOA-greedy_multi-HUX', 'Equivalence_Line_8: SMSEMOA-greedy_ting-2P to UNSGA3-greedy_multi-UX', 'Equivalence_Line_9: UNSGA3-random_dense-2P to UNSGA3-greedy_multi-HUX', 'Equivalence_Line_10: NSGA3-random_dense-2P to AGEMOEA2-greedy_ting-2P', 'Equivalence_Line_11: NSGA2-random_dense-UX to NSGA3-greedy_multi-HUX', 'Equivalence_Line_12: SPEA2-random_dense-2P to SMSEMOA-greedy_multi-2P', 'Equivalence_Line_13: AGEMOEA2-random_dense-1P to AGEMOEA2-greedy_ting-1P', 'Equivalence_Line_14: NSGA3-random_dense-1P to UNSGA3-greedy_multi-1P', 'Equivalence_Line_15: RVEA-random_dense-2P to UNSGA3-greedy_ting-UX', 'Equivalence_Line_16: NSGA2-random_dense-2P to NSGA3-greedy_ting-UX', 'Equivalence_Line_17: RVEA-random_dense-1P to NSGA3-greedy_ting-HUX', 'Equivalence_Line_18: NSGA2-random_dense-1P to UNSGA3-greedy_ting-2P', 'Equivalence_Line_19: AGEMOEA2-greedy_ting-HUX to NSGA2-greedy_ting-2P', 'Equivalence_Line_20: AGEMOEA2-greedy_multi-UX to NSGA3-greedy_ting-1P', 'Equivalence_Line_21: AGEMOEA2-greedy_multi-2P to UNSGA3-greedy_ting-1P', 'Equivalence_Line_22: AGEMOEA2-greedy_multi-1P to RVEA-greedy_multi-HUX', 'Equivalence_Line_23: SMSEMOA-greedy_multi-UX to RVEA-greedy_multi-2P', 'Equivalence_Line_24: SMSEMOA-greedy_multi-1P to RVEA-greedy_multi-1P', 'Equivalence_Line_25: SMSEMOA-greedy_multi-2P to SPEA2-greedy_multi-UX', 'Equivalence_Line_26: UNSGA3-greedy_ting-HUX to NSGA2-greedy_multi-2P', 'Equivalence_Line_27: UNSGA3-greedy_ting-UX to NSGA2-greedy_multi-1P', 'Equivalence_Line_28: UNSGA3-greedy_ting-2P to RVEA-greedy_ting-2P', 'Equivalence_Line_29: NSGA3-greedy_ting-2P to RVEA-greedy_ting-1P']"
NSGA3-greedy_multi-1P,0.17392703678361146,"['Equivalence_Line_1: SMSEMOA-random_dense-HUX to SPEA2-random_dense-1P', 'Equivalence_Line_2: NSGA3-random_dense-HUX to NSGA2-random_dense-2P', 'Equivalence_Line_3: UNSGA3-random_dense-UX to RVEA-random_dense-1P', 'Equivalence_Line_4: SMSEMOA-greedy_ting-UX to NSGA2-random_dense-1P', 'Equivalence_Line_5: SMSEMOA-random_dense-2P to AGEMOEA2-greedy_ting-HUX', 'Equivalence_Line_6: AGEMOEA2-random_dense-UX to AGEMOEA2-greedy_multi-HUX', 'Equivalence_Line_7: SPEA2-random_dense-HUX to SMSEMOA-greedy_multi-HUX', 'Equivalence_Line_8: SMSEMOA-greedy_ting-2P to UNSGA3-greedy_multi-UX', 'Equivalence_Line_9: UNSGA3-random_dense-2P to UNSGA3-greedy_multi-HUX', 'Equivalence_Line_10: NSGA3-random_dense-2P to AGEMOEA2-greedy_ting-2P', 'Equivalence_Line_11: NSGA2-random_dense-UX to NSGA3-greedy_multi-HUX', 'Equivalence_Line_12: SPEA2-random_dense-2P to SMSEMOA-greedy_multi-2P', 'Equivalence_Line_13: AGEMOEA2-random_dense-1P to AGEMOEA2-greedy_ting-1P', 'Equivalence_Line_14: NSGA3-random_dense-1P to UNSGA3-greedy_multi-1P', 'Equivalence_Line_15: RVEA-random_dense-2P to UNSGA3-greedy_ting-UX', 'Equivalence_Line_16: NSGA2-random_dense-2P to NSGA3-greedy_ting-UX', 'Equivalence_Line_17: RVEA-random_dense-1P to NSGA3-greedy_ting-HUX', 'Equivalence_Line_18: NSGA2-random_dense-1P to UNSGA3-greedy_ting-2P', 'Equivalence_Line_19: AGEMOEA2-greedy_ting-HUX to NSGA2-greedy_ting-2P', 'Equivalence_Line_20: AGEMOEA2-greedy_multi-UX to NSGA3-greedy_ting-1P', 'Equivalence_Line_21: AGEMOEA2-greedy_multi-2P to UNSGA3-greedy_ting-1P', 'Equivalence_Line_22: AGEMOEA2-greedy_multi-1P to RVEA-greedy_multi-HUX', 'Equivalence_Line_23: SMSEMOA-greedy_multi-UX to RVEA-greedy_multi-2P', 'Equivalence_Line_24: SMSEMOA-greedy_multi-1P to RVEA-greedy_multi-1P', 'Equivalence_Line_25: SMSEMOA-greedy_multi-2P to SPEA2-greedy_multi-UX', 'Equivalence_Line_26: UNSGA3-greedy_ting-HUX to NSGA2-greedy_multi-2P', 'Equivalence_Line_27: UNSGA3-greedy_ting-UX to NSGA2-greedy_multi-1P', 'Equivalence_Line_28: UNSGA3-greedy_ting-2P to RVEA-greedy_ting-2P', 'Equivalence_Line_29: NSGA3-greedy_ting-2P to RVEA-greedy_ting-1P']"
AGEMOEA2-greedy_ting-1P,0.17351375172530936,"['Equivalence_Line_1: SMSEMOA-random_dense-HUX to SPEA2-random_dense-1P', 'Equivalence_Line_2: NSGA3-random_dense-HUX to NSGA2-random_dense-2P', 'Equivalence_Line_3: UNSGA3-random_dense-UX to RVEA-random_dense-1P', 'Equivalence_Line_4: SMSEMOA-greedy_ting-UX to NSGA2-random_dense-1P', 'Equivalence_Line_5: SMSEMOA-random_dense-2P to AGEMOEA2-greedy_ting-HUX', 'Equivalence_Line_6: AGEMOEA2-random_dense-UX to AGEMOEA2-greedy_multi-HUX', 'Equivalence_Line_7: SPEA2-random_dense-HUX to SMSEMOA-greedy_multi-HUX', 'Equivalence_Line_8: SMSEMOA-greedy_ting-2P to UNSGA3-greedy_multi-UX', 'Equivalence_Line_9: UNSGA3-random_dense-2P to UNSGA3-greedy_multi-HUX', 'Equivalence_Line_10: NSGA3-random_dense-2P to AGEMOEA2-greedy_ting-2P', 'Equivalence_Line_11: NSGA2-random_dense-UX to NSGA3-greedy_multi-HUX', 'Equivalence_Line_12: SPEA2-random_dense-2P to SMSEMOA-greedy_multi-2P', 'Equivalence_Line_13: AGEMOEA2-random_dense-1P to AGEMOEA2-greedy_ting-1P', 'Equivalence_Line_14: NSGA3-random_dense-1P to UNSGA3-greedy_multi-1P', 'Equivalence_Line_15: RVEA-random_dense-2P to UNSGA3-greedy_ting-UX', 'Equivalence_Line_16: NSGA2-random_dense-2P to NSGA3-greedy_ting-UX', 'Equivalence_Line_17: RVEA-random_dense-1P to NSGA3-greedy_ting-HUX', 'Equivalence_Line_18: NSGA2-random_dense-1P to UNSGA3-greedy_ting-2P', 'Equivalence_Line_19: AGEMOEA2-greedy_ting-HUX to NSGA2-greedy_ting-2P', 'Equivalence_Line_20: AGEMOEA2-greedy_multi-UX to NSGA3-greedy_ting-1P', 'Equivalence_Line_21: AGEMOEA2-greedy_multi-2P to UNSGA3-greedy_ting-1P', 'Equivalence_Line_22: AGEMOEA2-greedy_multi-1P to RVEA-greedy_multi-HUX', 'Equivalence_Line_23: SMSEMOA-greedy_multi-UX to RVEA-greedy_multi-2P', 'Equivalence_Line_24: SMSEMOA-greedy_multi-1P to RVEA-greedy_multi-1P', 'Equivalence_Line_25: SMSEMOA-greedy_multi-2P to SPEA2-greedy_multi-UX', 'Equivalence_Line_26: UNSGA3-greedy_ting-HUX to NSGA2-greedy_multi-2P', 'Equivalence_Line_27: UNSGA3-greedy_ting-UX to NSGA2-greedy_multi-1P', 'Equivalence_Line_28: UNSGA3-greedy_ting-2P to RVEA-greedy_ting-2P', 'Equivalence_Line_29: NSGA3-greedy_ting-2P to RVEA-greedy_ting-1P']"
UNSGA3-greedy_multi-1P,0.17214565511646496,"['Equivalence_Line_1: SMSEMOA-random_dense-HUX to SPEA2-random_dense-1P', 'Equivalence_Line_2: NSGA3-random_dense-HUX to NSGA2-random_dense-2P', 'Equivalence_Line_3: UNSGA3-random_dense-UX to RVEA-random_dense-1P', 'Equivalence_Line_4: SMSEMOA-greedy_ting-UX to NSGA2-random_dense-1P', 'Equivalence_Line_5: SMSEMOA-random_dense-2P to AGEMOEA2-greedy_ting-HUX', 'Equivalence_Line_6: AGEMOEA2-random_dense-UX to AGEMOEA2-greedy_multi-HUX', 'Equivalence_Line_7: SPEA2-random_dense-HUX to SMSEMOA-greedy_multi-HUX', 'Equivalence_Line_8: SMSEMOA-greedy_ting-2P to UNSGA3-greedy_multi-UX', 'Equivalence_Line_9: UNSGA3-random_dense-2P to UNSGA3-greedy_multi-HUX', 'Equivalence_Line_10: NSGA3-random_dense-2P to AGEMOEA2-greedy_ting-2P', 'Equivalence_Line_11: NSGA2-random_dense-UX to NSGA3-greedy_multi-HUX', 'Equivalence_Line_12: SPEA2-random_dense-2P to SMSEMOA-greedy_multi-2P', 'Equivalence_Line_13: AGEMOEA2-random_dense-1P to AGEMOEA2-greedy_ting-1P', 'Equivalence_Line_14: NSGA3-random_dense-1P to UNSGA3-greedy_multi-1P', 'Equivalence_Line_15: RVEA-random_dense-2P to UNSGA3-greedy_ting-UX', 'Equivalence_Line_16: NSGA2-random_dense-2P to NSGA3-greedy_ting-UX', 'Equivalence_Line_17: RVEA-random_dense-1P to NSGA3-greedy_ting-HUX', 'Equivalence_Line_18: NSGA2-random_dense-1P to UNSGA3-greedy_ting-2P', 'Equivalence_Line_19: AGEMOEA2-greedy_ting-HUX to NSGA2-greedy_ting-2P', 'Equivalence_Line_20: AGEMOEA2-greedy_multi-UX to NSGA3-greedy_ting-1P', 'Equivalence_Line_21: AGEMOEA2-greedy_multi-2P to UNSGA3-greedy_ting-1P', 'Equivalence_Line_22: AGEMOEA2-greedy_multi-1P to RVEA-greedy_multi-HUX', 'Equivalence_Line_23: SMSEMOA-greedy_multi-UX to RVEA-greedy_multi-2P', 'Equivalence_Line_24: SMSEMOA-greedy_multi-1P to RVEA-greedy_multi-1P', 'Equivalence_Line_25: SMSEMOA-greedy_multi-2P to SPEA2-greedy_multi-UX', 'Equivalence_Line_26: UNSGA3-greedy_ting-HUX to NSGA2-greedy_multi-2P', 'Equivalence_Line_27: UNSGA3-greedy_ting-UX to NSGA2-greedy_multi-1P', 'Equivalence_Line_28: UNSGA3-greedy_ting-2P to RVEA-greedy_ting-2P', 'Equivalence_Line_29: NSGA3-greedy_ting-2P to RVEA-greedy_ting-1P']"
UNSGA3-greedy_ting-HUX,0.16672572595362384,"['Equivalence_Line_1: SMSEMOA-random_dense-HUX to SPEA2-random_dense-1P', 'Equivalence_Line_2: NSGA3-random_dense-HUX to NSGA2-random_dense-2P', 'Equivalence_Line_3: UNSGA3-random_dense-UX to RVEA-random_dense-1P', 'Equivalence_Line_4: SMSEMOA-greedy_ting-UX to NSGA2-random_dense-1P', 'Equivalence_Line_5: SMSEMOA-random_dense-2P to AGEMOEA2-greedy_ting-HUX', 'Equivalence_Line_6: AGEMOEA2-random_dense-UX to AGEMOEA2-greedy_multi-HUX', 'Equivalence_Line_7: SPEA2-random_dense-HUX to SMSEMOA-greedy_multi-HUX', 'Equivalence_Line_8: SMSEMOA-greedy_ting-2P to UNSGA3-greedy_multi-UX', 'Equivalence_Line_9: UNSGA3-random_dense-2P to UNSGA3-greedy_multi-HUX', 'Equivalence_Line_10: NSGA3-random_dense-2P to AGEMOEA2-greedy_ting-2P', 'Equivalence_Line_11: NSGA2-random_dense-UX to NSGA3-greedy_multi-HUX', 'Equivalence_Line_12: SPEA2-random_dense-2P to SMSEMOA-greedy_multi-2P', 'Equivalence_Line_13: AGEMOEA2-random_dense-1P to AGEMOEA2-greedy_ting-1P', 'Equivalence_Line_14: NSGA3-random_dense-1P to UNSGA3-greedy_multi-1P', 'Equivalence_Line_15: RVEA-random_dense-2P to UNSGA3-greedy_ting-UX', 'Equivalence_Line_16: NSGA2-random_dense-2P to NSGA3-greedy_ting-UX', 'Equivalence_Line_17: RVEA-random_dense-1P to NSGA3-greedy_ting-HUX', 'Equivalence_Line_18: NSGA2-random_dense-1P to UNSGA3-greedy_ting-2P', 'Equivalence_Line_19: AGEMOEA2-greedy_ting-HUX to NSGA2-greedy_ting-2P', 'Equivalence_Line_20: AGEMOEA2-greedy_multi-UX to NSGA3-greedy_ting-1P', 'Equivalence_Line_21: AGEMOEA2-greedy_multi-2P to UNSGA3-greedy_ting-1P', 'Equivalence_Line_22: AGEMOEA2-greedy_multi-1P to RVEA-greedy_multi-HUX', 'Equivalence_Line_23: SMSEMOA-greedy_multi-UX to RVEA-greedy_multi-2P', 'Equivalence_Line_24: SMSEMOA-greedy_multi-1P to RVEA-greedy_multi-1P', 'Equivalence_Line_25: SMSEMOA-greedy_multi-2P to SPEA2-greedy_multi-UX', 'Equivalence_Line_26: UNSGA3-greedy_ting-HUX to NSGA2-greedy_multi-2P', 'Equivalence_Line_27: UNSGA3-greedy_ting-UX to NSGA2-greedy_multi-1P', 'Equivalence_Line_28: UNSGA3-greedy_ting-2P to RVEA-greedy_ting-2P', 'Equivalence_Line_29: NSGA3-greedy_ting-2P to RVEA-greedy_ting-1P']"
NSGA2-greedy_ting-1P,0.16667092320918175,"['Equivalence_Line_1: SMSEMOA-random_dense-HUX to SPEA2-random_dense-1P', 'Equivalence_Line_2: NSGA3-random_dense-HUX to NSGA2-random_dense-2P', 'Equivalence_Line_3: UNSGA3-random_dense-UX to RVEA-random_dense-1P', 'Equivalence_Line_4: SMSEMOA-greedy_ting-UX to NSGA2-random_dense-1P', 'Equivalence_Line_5: SMSEMOA-random_dense-2P to AGEMOEA2-greedy_ting-HUX', 'Equivalence_Line_6: AGEMOEA2-random_dense-UX to AGEMOEA2-greedy_multi-HUX', 'Equivalence_Line_7: SPEA2-random_dense-HUX to SMSEMOA-greedy_multi-HUX', 'Equivalence_Line_8: SMSEMOA-greedy_ting-2P to UNSGA3-greedy_multi-UX', 'Equivalence_Line_9: UNSGA3-random_dense-2P to UNSGA3-greedy_multi-HUX', 'Equivalence_Line_10: NSGA3-random_dense-2P to AGEMOEA2-greedy_ting-2P', 'Equivalence_Line_11: NSGA2-random_dense-UX to NSGA3-greedy_multi-HUX', 'Equivalence_Line_12: SPEA2-random_dense-2P to SMSEMOA-greedy_multi-2P', 'Equivalence_Line_13: AGEMOEA2-random_dense-1P to AGEMOEA2-greedy_ting-1P', 'Equivalence_Line_14: NSGA3-random_dense-1P to UNSGA3-greedy_multi-1P', 'Equivalence_Line_15: RVEA-random_dense-2P to UNSGA3-greedy_ting-UX', 'Equivalence_Line_16: NSGA2-random_dense-2P to NSGA3-greedy_ting-UX', 'Equivalence_Line_17: RVEA-random_dense-1P to NSGA3-greedy_ting-HUX', 'Equivalence_Line_18: NSGA2-random_dense-1P to UNSGA3-greedy_ting-2P', 'Equivalence_Line_19: AGEMOEA2-greedy_ting-HUX to NSGA2-greedy_ting-2P', 'Equivalence_Line_20: AGEMOEA2-greedy_multi-UX to NSGA3-greedy_ting-1P', 'Equivalence_Line_21: AGEMOEA2-greedy_multi-2P to UNSGA3-greedy_ting-1P', 'Equivalence_Line_22: AGEMOEA2-greedy_multi-1P to RVEA-greedy_multi-HUX', 'Equivalence_Line_23: SMSEMOA-greedy_multi-UX to RVEA-greedy_multi-2P', 'Equivalence_Line_24: SMSEMOA-greedy_multi-1P to RVEA-greedy_multi-1P', 'Equivalence_Line_25: SMSEMOA-greedy_multi-2P to SPEA2-greedy_multi-UX', 'Equivalence_Line_26: UNSGA3-greedy_ting-HUX to NSGA2-greedy_multi-2P', 'Equivalence_Line_27: UNSGA3-greedy_ting-UX to NSGA2-greedy_multi-1P', 'Equivalence_Line_28: UNSGA3-greedy_ting-2P to RVEA-greedy_ting-2P', 'Equivalence_Line_29: NSGA3-greedy_ting-2P to RVEA-greedy_ting-1P']"
UNSGA3-greedy_ting-UX,0.16635857314931418,"['Equivalence_Line_1: SMSEMOA-random_dense-HUX to SPEA2-random_dense-1P', 'Equivalence_Line_2: NSGA3-random_dense-HUX to NSGA2-random_dense-2P', 'Equivalence_Line_3: UNSGA3-random_dense-UX to RVEA-random_dense-1P', 'Equivalence_Line_4: SMSEMOA-greedy_ting-UX to NSGA2-random_dense-1P', 'Equivalence_Line_5: SMSEMOA-random_dense-2P to AGEMOEA2-greedy_ting-HUX', 'Equivalence_Line_6: AGEMOEA2-random_dense-UX to AGEMOEA2-greedy_multi-HUX', 'Equivalence_Line_7: SPEA2-random_dense-HUX to SMSEMOA-greedy_multi-HUX', 'Equivalence_Line_8: SMSEMOA-greedy_ting-2P to UNSGA3-greedy_multi-UX', 'Equivalence_Line_9: UNSGA3-random_dense-2P to UNSGA3-greedy_multi-HUX', 'Equivalence_Line_10: NSGA3-random_dense-2P to AGEMOEA2-greedy_ting-2P', 'Equivalence_Line_11: NSGA2-random_dense-UX to NSGA3-greedy_multi-HUX', 'Equivalence_Line_12: SPEA2-random_dense-2P to SMSEMOA-greedy_multi-2P', 'Equivalence_Line_13: AGEMOEA2-random_dense-1P to AGEMOEA2-greedy_ting-1P', 'Equivalence_Line_14: NSGA3-random_dense-1P to UNSGA3-greedy_multi-1P', 'Equivalence_Line_15: RVEA-random_dense-2P to UNSGA3-greedy_ting-UX', 'Equivalence_Line_16: NSGA2-random_dense-2P to NSGA3-greedy_ting-UX', 'Equivalence_Line_17: RVEA-random_dense-1P to NSGA3-greedy_ting-HUX', 'Equivalence_Line_18: NSGA2-random_dense-1P to UNSGA3-greedy_ting-2P', 'Equivalence_Line_19: AGEMOEA2-greedy_ting-HUX to NSGA2-greedy_ting-2P', 'Equivalence_Line_20: AGEMOEA2-greedy_multi-UX to NSGA3-greedy_ting-1P', 'Equivalence_Line_21: AGEMOEA2-greedy_multi-2P to UNSGA3-greedy_ting-1P', 'Equivalence_Line_22: AGEMOEA2-greedy_multi-1P to RVEA-greedy_multi-HUX', 'Equivalence_Line_23: SMSEMOA-greedy_multi-UX to RVEA-greedy_multi-2P', 'Equivalence_Line_24: SMSEMOA-greedy_multi-1P to RVEA-greedy_multi-1P', 'Equivalence_Line_25: SMSEMOA-greedy_multi-2P to SPEA2-greedy_multi-UX', 'Equivalence_Line_26: UNSGA3-greedy_ting-HUX to NSGA2-greedy_multi-2P', 'Equivalence_Line_27: UNSGA3-greedy_ting-UX to NSGA2-greedy_multi-1P', 'Equivalence_Line_28: UNSGA3-greedy_ting-2P to RVEA-greedy_ting-2P', 'Equivalence_Line_29: NSGA3-greedy_ting-2P to RVEA-greedy_ting-1P']"
NSGA3-greedy_ting-UX,0.1656108772551507,"['Equivalence_Line_1: SMSEMOA-random_dense-HUX to SPEA2-random_dense-1P', 'Equivalence_Line_2: NSGA3-random_dense-HUX to NSGA2-random_dense-2P', 'Equivalence_Line_3: UNSGA3-random_dense-UX to RVEA-random_dense-1P', 'Equivalence_Line_4: SMSEMOA-greedy_ting-UX to NSGA2-random_dense-1P', 'Equivalence_Line_5: SMSEMOA-random_dense-2P to AGEMOEA2-greedy_ting-HUX', 'Equivalence_Line_6: AGEMOEA2-random_dense-UX to AGEMOEA2-greedy_multi-HUX', 'Equivalence_Line_7: SPEA2-random_dense-HUX to SMSEMOA-greedy_multi-HUX', 'Equivalence_Line_8: SMSEMOA-greedy_ting-2P to UNSGA3-greedy_multi-UX', 'Equivalence_Line_9: UNSGA3-random_dense-2P to UNSGA3-greedy_multi-HUX', 'Equivalence_Line_10: NSGA3-random_dense-2P to AGEMOEA2-greedy_ting-2P', 'Equivalence_Line_11: NSGA2-random_dense-UX to NSGA3-greedy_multi-HUX', 'Equivalence_Line_12: SPEA2-random_dense-2P to SMSEMOA-greedy_multi-2P', 'Equivalence_Line_13: AGEMOEA2-random_dense-1P to AGEMOEA2-greedy_ting-1P', 'Equivalence_Line_14: NSGA3-random_dense-1P to UNSGA3-greedy_multi-1P', 'Equivalence_Line_15: RVEA-random_dense-2P to UNSGA3-greedy_ting-UX', 'Equivalence_Line_16: NSGA2-random_dense-2P to NSGA3-greedy_ting-UX', 'Equivalence_Line_17: RVEA-random_dense-1P to NSGA3-greedy_ting-HUX', 'Equivalence_Line_18: NSGA2-random_dense-1P to UNSGA3-greedy_ting-2P', 'Equivalence_Line_19: AGEMOEA2-greedy_ting-HUX to NSGA2-greedy_ting-2P', 'Equivalence_Line_20: AGEMOEA2-greedy_multi-UX to NSGA3-greedy_ting-1P', 'Equivalence_Line_21: AGEMOEA2-greedy_multi-2P to UNSGA3-greedy_ting-1P', 'Equivalence_Line_22: AGEMOEA2-greedy_multi-1P to RVEA-greedy_multi-HUX', 'Equivalence_Line_23: SMSEMOA-greedy_multi-UX to RVEA-greedy_multi-2P', 'Equivalence_Line_24: SMSEMOA-greedy_multi-1P to RVEA-greedy_multi-1P', 'Equivalence_Line_25: SMSEMOA-greedy_multi-2P to SPEA2-greedy_multi-UX', 'Equivalence_Line_26: UNSGA3-greedy_ting-HUX to NSGA2-greedy_multi-2P', 'Equivalence_Line_27: UNSGA3-greedy_ting-UX to NSGA2-greedy_multi-1P', 'Equivalence_Line_28: UNSGA3-greedy_ting-2P to RVEA-greedy_ting-2P', 'Equivalence_Line_29: NSGA3-greedy_ting-2P to RVEA-greedy_ting-1P']"
NSGA3-greedy_ting-HUX,0.1652969862784344,"['Equivalence_Line_1: SMSEMOA-random_dense-HUX to SPEA2-random_dense-1P', 'Equivalence_Line_2: NSGA3-random_dense-HUX to NSGA2-random_dense-2P', 'Equivalence_Line_3: UNSGA3-random_dense-UX to RVEA-random_dense-1P', 'Equivalence_Line_4: SMSEMOA-greedy_ting-UX to NSGA2-random_dense-1P', 'Equivalence_Line_5: SMSEMOA-random_dense-2P to AGEMOEA2-greedy_ting-HUX', 'Equivalence_Line_6: AGEMOEA2-random_dense-UX to AGEMOEA2-greedy_multi-HUX', 'Equivalence_Line_7: SPEA2-random_dense-HUX to SMSEMOA-greedy_multi-HUX', 'Equivalence_Line_8: SMSEMOA-greedy_ting-2P to UNSGA3-greedy_multi-UX', 'Equivalence_Line_9: UNSGA3-random_dense-2P to UNSGA3-greedy_multi-HUX', 'Equivalence_Line_10: NSGA3-random_dense-2P to AGEMOEA2-greedy_ting-2P', 'Equivalence_Line_11: NSGA2-random_dense-UX to NSGA3-greedy_multi-HUX', 'Equivalence_Line_12: SPEA2-random_dense-2P to SMSEMOA-greedy_multi-2P', 'Equivalence_Line_13: AGEMOEA2-random_dense-1P to AGEMOEA2-greedy_ting-1P', 'Equivalence_Line_14: NSGA3-random_dense-1P to UNSGA3-greedy_multi-1P', 'Equivalence_Line_15: RVEA-random_dense-2P to UNSGA3-greedy_ting-UX', 'Equivalence_Line_16: NSGA2-random_dense-2P to NSGA3-greedy_ting-UX', 'Equivalence_Line_17: RVEA-random_dense-1P to NSGA3-greedy_ting-HUX', 'Equivalence_Line_18: NSGA2-random_dense-1P to UNSGA3-greedy_ting-2P', 'Equivalence_Line_19: AGEMOEA2-greedy_ting-HUX to NSGA2-greedy_ting-2P', 'Equivalence_Line_20: AGEMOEA2-greedy_multi-UX to NSGA3-greedy_ting-1P', 'Equivalence_Line_21: AGEMOEA2-greedy_multi-2P to UNSGA3-greedy_ting-1P', 'Equivalence_Line_22: AGEMOEA2-greedy_multi-1P to RVEA-greedy_multi-HUX', 'Equivalence_Line_23: SMSEMOA-greedy_multi-UX to RVEA-greedy_multi-2P', 'Equivalence_Line_24: SMSEMOA-greedy_multi-1P to RVEA-greedy_multi-1P', 'Equivalence_Line_25: SMSEMOA-greedy_multi-2P to SPEA2-greedy_multi-UX', 'Equivalence_Line_26: UNSGA3-greedy_ting-HUX to NSGA2-greedy_multi-2P', 'Equivalence_Line_27: UNSGA3-greedy_ting-UX to NSGA2-greedy_multi-1P', 'Equivalence_Line_28: UNSGA3-greedy_ting-2P to RVEA-greedy_ting-2P', 'Equivalence_Line_29: NSGA3-greedy_ting-2P to RVEA-greedy_ting-1P']"
UNSGA3-greedy_ting-2P,0.1642696953286239,"['Equivalence_Line_1: SMSEMOA-random_dense-HUX to SPEA2-random_dense-1P', 'Equivalence_Line_2: NSGA3-random_dense-HUX to NSGA2-random_dense-2P', 'Equivalence_Line_3: UNSGA3-random_dense-UX to RVEA-random_dense-1P', 'Equivalence_Line_4: SMSEMOA-greedy_ting-UX to NSGA2-random_dense-1P', 'Equivalence_Line_5: SMSEMOA-random_dense-2P to AGEMOEA2-greedy_ting-HUX', 'Equivalence_Line_6: AGEMOEA2-random_dense-UX to AGEMOEA2-greedy_multi-HUX', 'Equivalence_Line_7: SPEA2-random_dense-HUX to SMSEMOA-greedy_multi-HUX', 'Equivalence_Line_8: SMSEMOA-greedy_ting-2P to UNSGA3-greedy_multi-UX', 'Equivalence_Line_9: UNSGA3-random_dense-2P to UNSGA3-greedy_multi-HUX', 'Equivalence_Line_10: NSGA3-random_dense-2P to AGEMOEA2-greedy_ting-2P', 'Equivalence_Line_11: NSGA2-random_dense-UX to NSGA3-greedy_multi-HUX', 'Equivalence_Line_12: SPEA2-random_dense-2P to SMSEMOA-greedy_multi-2P', 'Equivalence_Line_13: AGEMOEA2-random_dense-1P to AGEMOEA2-greedy_ting-1P', 'Equivalence_Line_14: NSGA3-random_dense-1P to UNSGA3-greedy_multi-1P', 'Equivalence_Line_15: RVEA-random_dense-2P to UNSGA3-greedy_ting-UX', 'Equivalence_Line_16: NSGA2-random_dense-2P to NSGA3-greedy_ting-UX', 'Equivalence_Line_17: RVEA-random_dense-1P to NSGA3-greedy_ting-HUX', 'Equivalence_Line_18: NSGA2-random_dense-1P to UNSGA3-greedy_ting-2P', 'Equivalence_Line_19: AGEMOEA2-greedy_ting-HUX to NSGA2-greedy_ting-2P', 'Equivalence_Line_20: AGEMOEA2-greedy_multi-UX to NSGA3-greedy_ting-1P', 'Equivalence_Line_21: AGEMOEA2-greedy_multi-2P to UNSGA3-greedy_ting-1P', 'Equivalence_Line_22: AGEMOEA2-greedy_multi-1P to RVEA-greedy_multi-HUX', 'Equivalence_Line_23: SMSEMOA-greedy_multi-UX to RVEA-greedy_multi-2P', 'Equivalence_Line_24: SMSEMOA-greedy_multi-1P to RVEA-greedy_multi-1P', 'Equivalence_Line_25: SMSEMOA-greedy_multi-2P to SPEA2-greedy_multi-UX', 'Equivalence_Line_26: UNSGA3-greedy_ting-HUX to NSGA2-greedy_multi-2P', 'Equivalence_Line_27: UNSGA3-greedy_ting-UX to NSGA2-greedy_multi-1P', 'Equivalence_Line_28: UNSGA3-greedy_ting-2P to RVEA-greedy_ting-2P', 'Equivalence_Line_29: NSGA3-greedy_ting-2P to RVEA-greedy_ting-1P']"
NSGA3-greedy_ting-2P,0.163244704369589,"['Equivalence_Line_1: SMSEMOA-random_dense-HUX to SPEA2-random_dense-1P', 'Equivalence_Line_2: NSGA3-random_dense-HUX to NSGA2-random_dense-2P', 'Equivalence_Line_3: UNSGA3-random_dense-UX to RVEA-random_dense-1P', 'Equivalence_Line_4: SMSEMOA-greedy_ting-UX to NSGA2-random_dense-1P', 'Equivalence_Line_5: SMSEMOA-random_dense-2P to AGEMOEA2-greedy_ting-HUX', 'Equivalence_Line_6: AGEMOEA2-random_dense-UX to AGEMOEA2-greedy_multi-HUX', 'Equivalence_Line_7: SPEA2-random_dense-HUX to SMSEMOA-greedy_multi-HUX', 'Equivalence_Line_8: SMSEMOA-greedy_ting-2P to UNSGA3-greedy_multi-UX', 'Equivalence_Line_9: UNSGA3-random_dense-2P to UNSGA3-greedy_multi-HUX', 'Equivalence_Line_10: NSGA3-random_dense-2P to AGEMOEA2-greedy_ting-2P', 'Equivalence_Line_11: NSGA2-random_dense-UX to NSGA3-greedy_multi-HUX', 'Equivalence_Line_12: SPEA2-random_dense-2P to SMSEMOA-greedy_multi-2P', 'Equivalence_Line_13: AGEMOEA2-random_dense-1P to AGEMOEA2-greedy_ting-1P', 'Equivalence_Line_14: NSGA3-random_dense-1P to UNSGA3-greedy_multi-1P', 'Equivalence_Line_15: RVEA-random_dense-2P to UNSGA3-greedy_ting-UX', 'Equivalence_Line_16: NSGA2-random_dense-2P to NSGA3-greedy_ting-UX', 'Equivalence_Line_17: RVEA-random_dense-1P to NSGA3-greedy_ting-HUX', 'Equivalence_Line_18: NSGA2-random_dense-1P to UNSGA3-greedy_ting-2P', 'Equivalence_Line_19: AGEMOEA2-greedy_ting-HUX to NSGA2-greedy_ting-2P', 'Equivalence_Line_20: AGEMOEA2-greedy_multi-UX to NSGA3-greedy_ting-1P', 'Equivalence_Line_21: AGEMOEA2-greedy_multi-2P to UNSGA3-greedy_ting-1P', 'Equivalence_Line_22: AGEMOEA2-greedy_multi-1P to RVEA-greedy_multi-HUX', 'Equivalence_Line_23: SMSEMOA-greedy_multi-UX to RVEA-greedy_multi-2P', 'Equivalence_Line_24: SMSEMOA-greedy_multi-1P to RVEA-greedy_multi-1P', 'Equivalence_Line_25: SMSEMOA-greedy_multi-2P to SPEA2-greedy_multi-UX', 'Equivalence_Line_26: UNSGA3-greedy_ting-HUX to NSGA2-greedy_multi-2P', 'Equivalence_Line_27: UNSGA3-greedy_ting-UX to NSGA2-greedy_multi-1P', 'Equivalence_Line_28: UNSGA3-greedy_ting-2P to RVEA-greedy_ting-2P', 'Equivalence_Line_29: NSGA3-greedy_ting-2P to RVEA-greedy_ting-1P']"
NSGA2-greedy_ting-2P,0.16276471348407626,"['Equivalence_Line_1: SMSEMOA-random_dense-HUX to SPEA2-random_dense-1P', 'Equivalence_Line_2: NSGA3-random_dense-HUX to NSGA2-random_dense-2P', 'Equivalence_Line_3: UNSGA3-random_dense-UX to RVEA-random_dense-1P', 'Equivalence_Line_4: SMSEMOA-greedy_ting-UX to NSGA2-random_dense-1P', 'Equivalence_Line_5: SMSEMOA-random_dense-2P to AGEMOEA2-greedy_ting-HUX', 'Equivalence_Line_6: AGEMOEA2-random_dense-UX to AGEMOEA2-greedy_multi-HUX', 'Equivalence_Line_7: SPEA2-random_dense-HUX to SMSEMOA-greedy_multi-HUX', 'Equivalence_Line_8: SMSEMOA-greedy_ting-2P to UNSGA3-greedy_multi-UX', 'Equivalence_Line_9: UNSGA3-random_dense-2P to UNSGA3-greedy_multi-HUX', 'Equivalence_Line_10: NSGA3-random_dense-2P to AGEMOEA2-greedy_ting-2P', 'Equivalence_Line_11: NSGA2-random_dense-UX to NSGA3-greedy_multi-HUX', 'Equivalence_Line_12: SPEA2-random_dense-2P to SMSEMOA-greedy_multi-2P', 'Equivalence_Line_13: AGEMOEA2-random_dense-1P to AGEMOEA2-greedy_ting-1P', 'Equivalence_Line_14: NSGA3-random_dense-1P to UNSGA3-greedy_multi-1P', 'Equivalence_Line_15: RVEA-random_dense-2P to UNSGA3-greedy_ting-UX', 'Equivalence_Line_16: NSGA2-random_dense-2P to NSGA3-greedy_ting-UX', 'Equivalence_Line_17: RVEA-random_dense-1P to NSGA3-greedy_ting-HUX', 'Equivalence_Line_18: NSGA2-random_dense-1P to UNSGA3-greedy_ting-2P', 'Equivalence_Line_19: AGEMOEA2-greedy_ting-HUX to NSGA2-greedy_ting-2P', 'Equivalence_Line_20: AGEMOEA2-greedy_multi-UX to NSGA3-greedy_ting-1P', 'Equivalence_Line_21: AGEMOEA2-greedy_multi-2P to UNSGA3-greedy_ting-1P', 'Equivalence_Line_22: AGEMOEA2-greedy_multi-1P to RVEA-greedy_multi-HUX', 'Equivalence_Line_23: SMSEMOA-greedy_multi-UX to RVEA-greedy_multi-2P', 'Equivalence_Line_24: SMSEMOA-greedy_multi-1P to RVEA-greedy_multi-1P', 'Equivalence_Line_25: SMSEMOA-greedy_multi-2P to SPEA2-greedy_multi-UX', 'Equivalence_Line_26: UNSGA3-greedy_ting-HUX to NSGA2-greedy_multi-2P', 'Equivalence_Line_27: UNSGA3-greedy_ting-UX to NSGA2-greedy_multi-1P', 'Equivalence_Line_28: UNSGA3-greedy_ting-2P to RVEA-greedy_ting-2P', 'Equivalence_Line_29: NSGA3-greedy_ting-2P to RVEA-greedy_ting-1P']"
NSGA2-greedy_ting-HUX,0.16025447544656038,"['Equivalence_Line_1: SMSEMOA-random_dense-HUX to SPEA2-random_dense-1P', 'Equivalence_Line_2: NSGA3-random_dense-HUX to NSGA2-random_dense-2P', 'Equivalence_Line_3: UNSGA3-random_dense-UX to RVEA-random_dense-1P', 'Equivalence_Line_4: SMSEMOA-greedy_ting-UX to NSGA2-random_dense-1P', 'Equivalence_Line_5: SMSEMOA-random_dense-2P to AGEMOEA2-greedy_ting-HUX', 'Equivalence_Line_6: AGEMOEA2-random_dense-UX to AGEMOEA2-greedy_multi-HUX', 'Equivalence_Line_7: SPEA2-random_dense-HUX to SMSEMOA-greedy_multi-HUX', 'Equivalence_Line_8: SMSEMOA-greedy_ting-2P to UNSGA3-greedy_multi-UX', 'Equivalence_Line_9: UNSGA3-random_dense-2P to UNSGA3-greedy_multi-HUX', 'Equivalence_Line_10: NSGA3-random_dense-2P to AGEMOEA2-greedy_ting-2P', 'Equivalence_Line_11: NSGA2-random_dense-UX to NSGA3-greedy_multi-HUX', 'Equivalence_Line_12: SPEA2-random_dense-2P to SMSEMOA-greedy_multi-2P', 'Equivalence_Line_13: AGEMOEA2-random_dense-1P to AGEMOEA2-greedy_ting-1P', 'Equivalence_Line_14: NSGA3-random_dense-1P to UNSGA3-greedy_multi-1P', 'Equivalence_Line_15: RVEA-random_dense-2P to UNSGA3-greedy_ting-UX', 'Equivalence_Line_16: NSGA2-random_dense-2P to NSGA3-greedy_ting-UX', 'Equivalence_Line_17: RVEA-random_dense-1P to NSGA3-greedy_ting-HUX', 'Equivalence_Line_18: NSGA2-random_dense-1P to UNSGA3-greedy_ting-2P', 'Equivalence_Line_19: AGEMOEA2-greedy_ting-HUX to NSGA2-greedy_ting-2P', 'Equivalence_Line_20: AGEMOEA2-greedy_multi-UX to NSGA3-greedy_ting-1P', 'Equivalence_Line_21: AGEMOEA2-greedy_multi-2P to UNSGA3-greedy_ting-1P', 'Equivalence_Line_22: AGEMOEA2-greedy_multi-1P to RVEA-greedy_multi-HUX', 'Equivalence_Line_23: SMSEMOA-greedy_multi-UX to RVEA-greedy_multi-2P', 'Equivalence_Line_24: SMSEMOA-greedy_multi-1P to RVEA-greedy_multi-1P', 'Equivalence_Line_25: SMSEMOA-greedy_multi-2P to SPEA2-greedy_multi-UX', 'Equivalence_Line_26: UNSGA3-greedy_ting-HUX to NSGA2-greedy_multi-2P', 'Equivalence_Line_27: UNSGA3-greedy_ting-UX to NSGA2-greedy_multi-1P', 'Equivalence_Line_28: UNSGA3-greedy_ting-2P to RVEA-greedy_ting-2P', 'Equivalence_Line_29: NSGA3-greedy_ting-2P to RVEA-greedy_ting-1P']"
NSGA3-greedy_ting-1P,0.15988146393693944,"['Equivalence_Line_1: SMSEMOA-random_dense-HUX to SPEA2-random_dense-1P', 'Equivalence_Line_2: NSGA3-random_dense-HUX to NSGA2-random_dense-2P', 'Equivalence_Line_3: UNSGA3-random_dense-UX to RVEA-random_dense-1P', 'Equivalence_Line_4: SMSEMOA-greedy_ting-UX to NSGA2-random_dense-1P', 'Equivalence_Line_5: SMSEMOA-random_dense-2P to AGEMOEA2-greedy_ting-HUX', 'Equivalence_Line_6: AGEMOEA2-random_dense-UX to AGEMOEA2-greedy_multi-HUX', 'Equivalence_Line_7: SPEA2-random_dense-HUX to SMSEMOA-greedy_multi-HUX', 'Equivalence_Line_8: SMSEMOA-greedy_ting-2P to UNSGA3-greedy_multi-UX', 'Equivalence_Line_9: UNSGA3-random_dense-2P to UNSGA3-greedy_multi-HUX', 'Equivalence_Line_10: NSGA3-random_dense-2P to AGEMOEA2-greedy_ting-2P', 'Equivalence_Line_11: NSGA2-random_dense-UX to NSGA3-greedy_multi-HUX', 'Equivalence_Line_12: SPEA2-random_dense-2P to SMSEMOA-greedy_multi-2P', 'Equivalence_Line_13: AGEMOEA2-random_dense-1P to AGEMOEA2-greedy_ting-1P', 'Equivalence_Line_14: NSGA3-random_dense-1P to UNSGA3-greedy_multi-1P', 'Equivalence_Line_15: RVEA-random_dense-2P to UNSGA3-greedy_ting-UX', 'Equivalence_Line_16: NSGA2-random_dense-2P to NSGA3-greedy_ting-UX', 'Equivalence_Line_17: RVEA-random_dense-1P to NSGA3-greedy_ting-HUX', 'Equivalence_Line_18: NSGA2-random_dense-1P to UNSGA3-greedy_ting-2P', 'Equivalence_Line_19: AGEMOEA2-greedy_ting-HUX to NSGA2-greedy_ting-2P', 'Equivalence_Line_20: AGEMOEA2-greedy_multi-UX to NSGA3-greedy_ting-1P', 'Equivalence_Line_21: AGEMOEA2-greedy_multi-2P to UNSGA3-greedy_ting-1P', 'Equivalence_Line_22: AGEMOEA2-greedy_multi-1P to RVEA-greedy_multi-HUX', 'Equivalence_Line_23: SMSEMOA-greedy_multi-UX to RVEA-greedy_multi-2P', 'Equivalence_Line_24: SMSEMOA-greedy_multi-1P to RVEA-greedy_multi-1P', 'Equivalence_Line_25: SMSEMOA-greedy_multi-2P to SPEA2-greedy_multi-UX', 'Equivalence_Line_26: UNSGA3-greedy_ting-HUX to NSGA2-greedy_multi-2P', 'Equivalence_Line_27: UNSGA3-greedy_ting-UX to NSGA2-greedy_multi-1P', 'Equivalence_Line_28: UNSGA3-greedy_ting-2P to RVEA-greedy_ting-2P', 'Equivalence_Line_29: NSGA3-greedy_ting-2P to RVEA-greedy_ting-1P']"
NSGA2-greedy_ting-UX,0.1586561302624006,"['Equivalence_Line_1: SMSEMOA-random_dense-HUX to SPEA2-random_dense-1P', 'Equivalence_Line_2: NSGA3-random_dense-HUX to NSGA2-random_dense-2P', 'Equivalence_Line_3: UNSGA3-random_dense-UX to RVEA-random_dense-1P', 'Equivalence_Line_4: SMSEMOA-greedy_ting-UX to NSGA2-random_dense-1P', 'Equivalence_Line_5: SMSEMOA-random_dense-2P to AGEMOEA2-greedy_ting-HUX', 'Equivalence_Line_6: AGEMOEA2-random_dense-UX to AGEMOEA2-greedy_multi-HUX', 'Equivalence_Line_7: SPEA2-random_dense-HUX to SMSEMOA-greedy_multi-HUX', 'Equivalence_Line_8: SMSEMOA-greedy_ting-2P to UNSGA3-greedy_multi-UX', 'Equivalence_Line_9: UNSGA3-random_dense-2P to UNSGA3-greedy_multi-HUX', 'Equivalence_Line_10: NSGA3-random_dense-2P to AGEMOEA2-greedy_ting-2P', 'Equivalence_Line_11: NSGA2-random_dense-UX to NSGA3-greedy_multi-HUX', 'Equivalence_Line_12: SPEA2-random_dense-2P to SMSEMOA-greedy_multi-2P', 'Equivalence_Line_13: AGEMOEA2-random_dense-1P to AGEMOEA2-greedy_ting-1P', 'Equivalence_Line_14: NSGA3-random_dense-1P to UNSGA3-greedy_multi-1P', 'Equivalence_Line_15: RVEA-random_dense-2P to UNSGA3-greedy_ting-UX', 'Equivalence_Line_16: NSGA2-random_dense-2P to NSGA3-greedy_ting-UX', 'Equivalence_Line_17: RVEA-random_dense-1P to NSGA3-greedy_ting-HUX', 'Equivalence_Line_18: NSGA2-random_dense-1P to UNSGA3-greedy_ting-2P', 'Equivalence_Line_19: AGEMOEA2-greedy_ting-HUX to NSGA2-greedy_ting-2P', 'Equivalence_Line_20: AGEMOEA2-greedy_multi-UX to NSGA3-greedy_ting-1P', 'Equivalence_Line_21: AGEMOEA2-greedy_multi-2P to UNSGA3-greedy_ting-1P', 'Equivalence_Line_22: AGEMOEA2-greedy_multi-1P to RVEA-greedy_multi-HUX', 'Equivalence_Line_23: SMSEMOA-greedy_multi-UX to RVEA-greedy_multi-2P', 'Equivalence_Line_24: SMSEMOA-greedy_multi-1P to RVEA-greedy_multi-1P', 'Equivalence_Line_25: SMSEMOA-greedy_multi-2P to SPEA2-greedy_multi-UX', 'Equivalence_Line_26: UNSGA3-greedy_ting-HUX to NSGA2-greedy_multi-2P', 'Equivalence_Line_27: UNSGA3-greedy_ting-UX to NSGA2-greedy_multi-1P', 'Equivalence_Line_28: UNSGA3-greedy_ting-2P to RVEA-greedy_ting-2P', 'Equivalence_Line_29: NSGA3-greedy_ting-2P to RVEA-greedy_ting-1P']"
UNSGA3-greedy_ting-1P,0.15729206772515597,"['Equivalence_Line_1: SMSEMOA-random_dense-HUX to SPEA2-random_dense-1P', 'Equivalence_Line_2: NSGA3-random_dense-HUX to NSGA2-random_dense-2P', 'Equivalence_Line_3: UNSGA3-random_dense-UX to RVEA-random_dense-1P', 'Equivalence_Line_4: SMSEMOA-greedy_ting-UX to NSGA2-random_dense-1P', 'Equivalence_Line_5: SMSEMOA-random_dense-2P to AGEMOEA2-greedy_ting-HUX', 'Equivalence_Line_6: AGEMOEA2-random_dense-UX to AGEMOEA2-greedy_multi-HUX', 'Equivalence_Line_7: SPEA2-random_dense-HUX to SMSEMOA-greedy_multi-HUX', 'Equivalence_Line_8: SMSEMOA-greedy_ting-2P to UNSGA3-greedy_multi-UX', 'Equivalence_Line_9: UNSGA3-random_dense-2P to UNSGA3-greedy_multi-HUX', 'Equivalence_Line_10: NSGA3-random_dense-2P to AGEMOEA2-greedy_ting-2P', 'Equivalence_Line_11: NSGA2-random_dense-UX to NSGA3-greedy_multi-HUX', 'Equivalence_Line_12: SPEA2-random_dense-2P to SMSEMOA-greedy_multi-2P', 'Equivalence_Line_13: AGEMOEA2-random_dense-1P to AGEMOEA2-greedy_ting-1P', 'Equivalence_Line_14: NSGA3-random_dense-1P to UNSGA3-greedy_multi-1P', 'Equivalence_Line_15: RVEA-random_dense-2P to UNSGA3-greedy_ting-UX', 'Equivalence_Line_16: NSGA2-random_dense-2P to NSGA3-greedy_ting-UX', 'Equivalence_Line_17: RVEA-random_dense-1P to NSGA3-greedy_ting-HUX', 'Equivalence_Line_18: NSGA2-random_dense-1P to UNSGA3-greedy_ting-2P', 'Equivalence_Line_19: AGEMOEA2-greedy_ting-HUX to NSGA2-greedy_ting-2P', 'Equivalence_Line_20: AGEMOEA2-greedy_multi-UX to NSGA3-greedy_ting-1P', 'Equivalence_Line_21: AGEMOEA2-greedy_multi-2P to UNSGA3-greedy_ting-1P', 'Equivalence_Line_22: AGEMOEA2-greedy_multi-1P to RVEA-greedy_multi-HUX', 'Equivalence_Line_23: SMSEMOA-greedy_multi-UX to RVEA-greedy_multi-2P', 'Equivalence_Line_24: SMSEMOA-greedy_multi-1P to RVEA-greedy_multi-1P', 'Equivalence_Line_25: SMSEMOA-greedy_multi-2P to SPEA2-greedy_multi-UX', 'Equivalence_Line_26: UNSGA3-greedy_ting-HUX to NSGA2-greedy_multi-2P', 'Equivalence_Line_27: UNSGA3-greedy_ting-UX to NSGA2-greedy_multi-1P', 'Equivalence_Line_28: UNSGA3-greedy_ting-2P to RVEA-greedy_ting-2P', 'Equivalence_Line_29: NSGA3-greedy_ting-2P to RVEA-greedy_ting-1P']"
SPEA2-greedy_ting-2P,0.15504229824252214,"['Equivalence_Line_1: SMSEMOA-random_dense-HUX to SPEA2-random_dense-1P', 'Equivalence_Line_2: NSGA3-random_dense-HUX to NSGA2-random_dense-2P', 'Equivalence_Line_3: UNSGA3-random_dense-UX to RVEA-random_dense-1P', 'Equivalence_Line_4: SMSEMOA-greedy_ting-UX to NSGA2-random_dense-1P', 'Equivalence_Line_5: SMSEMOA-random_dense-2P to AGEMOEA2-greedy_ting-HUX', 'Equivalence_Line_6: AGEMOEA2-random_dense-UX to AGEMOEA2-greedy_multi-HUX', 'Equivalence_Line_7: SPEA2-random_dense-HUX to SMSEMOA-greedy_multi-HUX', 'Equivalence_Line_8: SMSEMOA-greedy_ting-2P to UNSGA3-greedy_multi-UX', 'Equivalence_Line_9: UNSGA3-random_dense-2P to UNSGA3-greedy_multi-HUX', 'Equivalence_Line_10: NSGA3-random_dense-2P to AGEMOEA2-greedy_ting-2P', 'Equivalence_Line_11: NSGA2-random_dense-UX to NSGA3-greedy_multi-HUX', 'Equivalence_Line_12: SPEA2-random_dense-2P to SMSEMOA-greedy_multi-2P', 'Equivalence_Line_13: AGEMOEA2-random_dense-1P to AGEMOEA2-greedy_ting-1P', 'Equivalence_Line_14: NSGA3-random_dense-1P to UNSGA3-greedy_multi-1P', 'Equivalence_Line_15: RVEA-random_dense-2P to UNSGA3-greedy_ting-UX', 'Equivalence_Line_16: NSGA2-random_dense-2P to NSGA3-greedy_ting-UX', 'Equivalence_Line_17: RVEA-random_dense-1P to NSGA3-greedy_ting-HUX', 'Equivalence_Line_18: NSGA2-random_dense-1P to UNSGA3-greedy_ting-2P', 'Equivalence_Line_19: AGEMOEA2-greedy_ting-HUX to NSGA2-greedy_ting-2P', 'Equivalence_Line_20: AGEMOEA2-greedy_multi-UX to NSGA3-greedy_ting-1P', 'Equivalence_Line_21: AGEMOEA2-greedy_multi-2P to UNSGA3-greedy_ting-1P', 'Equivalence_Line_22: AGEMOEA2-greedy_multi-1P to RVEA-greedy_multi-HUX', 'Equivalence_Line_23: SMSEMOA-greedy_multi-UX to RVEA-greedy_multi-2P', 'Equivalence_Line_24: SMSEMOA-greedy_multi-1P to RVEA-greedy_multi-1P', 'Equivalence_Line_25: SMSEMOA-greedy_multi-2P to SPEA2-greedy_multi-UX', 'Equivalence_Line_26: UNSGA3-greedy_ting-HUX to NSGA2-greedy_multi-2P', 'Equivalence_Line_27: UNSGA3-greedy_ting-UX to NSGA2-greedy_multi-1P', 'Equivalence_Line_28: UNSGA3-greedy_ting-2P to RVEA-greedy_ting-2P', 'Equivalence_Line_29: NSGA3-greedy_ting-2P to RVEA-greedy_ting-1P']"
RVEA-greedy_multi-UX,0.1529964487614683,"['Equivalence_Line_1: SMSEMOA-random_dense-HUX to SPEA2-random_dense-1P', 'Equivalence_Line_2: NSGA3-random_dense-HUX to NSGA2-random_dense-2P', 'Equivalence_Line_3: UNSGA3-random_dense-UX to RVEA-random_dense-1P', 'Equivalence_Line_4: SMSEMOA-greedy_ting-UX to NSGA2-random_dense-1P', 'Equivalence_Line_5: SMSEMOA-random_dense-2P to AGEMOEA2-greedy_ting-HUX', 'Equivalence_Line_6: AGEMOEA2-random_dense-UX to AGEMOEA2-greedy_multi-HUX', 'Equivalence_Line_7: SPEA2-random_dense-HUX to SMSEMOA-greedy_multi-HUX', 'Equivalence_Line_8: SMSEMOA-greedy_ting-2P to UNSGA3-greedy_multi-UX', 'Equivalence_Line_9: UNSGA3-random_dense-2P to UNSGA3-greedy_multi-HUX', 'Equivalence_Line_10: NSGA3-random_dense-2P to AGEMOEA2-greedy_ting-2P', 'Equivalence_Line_11: NSGA2-random_dense-UX to NSGA3-greedy_multi-HUX', 'Equivalence_Line_12: SPEA2-random_dense-2P to SMSEMOA-greedy_multi-2P', 'Equivalence_Line_13: AGEMOEA2-random_dense-1P to AGEMOEA2-greedy_ting-1P', 'Equivalence_Line_14: NSGA3-random_dense-1P to UNSGA3-greedy_multi-1P', 'Equivalence_Line_15: RVEA-random_dense-2P to UNSGA3-greedy_ting-UX', 'Equivalence_Line_16: NSGA2-random_dense-2P to NSGA3-greedy_ting-UX', 'Equivalence_Line_17: RVEA-random_dense-1P to NSGA3-greedy_ting-HUX', 'Equivalence_Line_18: NSGA2-random_dense-1P to UNSGA3-greedy_ting-2P', 'Equivalence_Line_19: AGEMOEA2-greedy_ting-HUX to NSGA2-greedy_ting-2P', 'Equivalence_Line_20: AGEMOEA2-greedy_multi-UX to NSGA3-greedy_ting-1P', 'Equivalence_Line_21: AGEMOEA2-greedy_multi-2P to UNSGA3-greedy_ting-1P', 'Equivalence_Line_22: AGEMOEA2-greedy_multi-1P to RVEA-greedy_multi-HUX', 'Equivalence_Line_23: SMSEMOA-greedy_multi-UX to RVEA-greedy_multi-2P', 'Equivalence_Line_24: SMSEMOA-greedy_multi-1P to RVEA-greedy_multi-1P', 'Equivalence_Line_25: SMSEMOA-greedy_multi-2P to SPEA2-greedy_multi-UX', 'Equivalence_Line_26: UNSGA3-greedy_ting-HUX to NSGA2-greedy_multi-2P', 'Equivalence_Line_27: UNSGA3-greedy_ting-UX to NSGA2-greedy_multi-1P', 'Equivalence_Line_28: UNSGA3-greedy_ting-2P to RVEA-greedy_ting-2P', 'Equivalence_Line_29: NSGA3-greedy_ting-2P to RVEA-greedy_ting-1P']"
SPEA2-greedy_ting-1P,0.15294677644098445,"['Equivalence_Line_1: SMSEMOA-random_dense-HUX to SPEA2-random_dense-1P', 'Equivalence_Line_2: NSGA3-random_dense-HUX to NSGA2-random_dense-2P', 'Equivalence_Line_3: UNSGA3-random_dense-UX to RVEA-random_dense-1P', 'Equivalence_Line_4: SMSEMOA-greedy_ting-UX to NSGA2-random_dense-1P', 'Equivalence_Line_5: SMSEMOA-random_dense-2P to AGEMOEA2-greedy_ting-HUX', 'Equivalence_Line_6: AGEMOEA2-random_dense-UX to AGEMOEA2-greedy_multi-HUX', 'Equivalence_Line_7: SPEA2-random_dense-HUX to SMSEMOA-greedy_multi-HUX', 'Equivalence_Line_8: SMSEMOA-greedy_ting-2P to UNSGA3-greedy_multi-UX', 'Equivalence_Line_9: UNSGA3-random_dense-2P to UNSGA3-greedy_multi-HUX', 'Equivalence_Line_10: NSGA3-random_dense-2P to AGEMOEA2-greedy_ting-2P', 'Equivalence_Line_11: NSGA2-random_dense-UX to NSGA3-greedy_multi-HUX', 'Equivalence_Line_12: SPEA2-random_dense-2P to SMSEMOA-greedy_multi-2P', 'Equivalence_Line_13: AGEMOEA2-random_dense-1P to AGEMOEA2-greedy_ting-1P', 'Equivalence_Line_14: NSGA3-random_dense-1P to UNSGA3-greedy_multi-1P', 'Equivalence_Line_15: RVEA-random_dense-2P to UNSGA3-greedy_ting-UX', 'Equivalence_Line_16: NSGA2-random_dense-2P to NSGA3-greedy_ting-UX', 'Equivalence_Line_17: RVEA-random_dense-1P to NSGA3-greedy_ting-HUX', 'Equivalence_Line_18: NSGA2-random_dense-1P to UNSGA3-greedy_ting-2P', 'Equivalence_Line_19: AGEMOEA2-greedy_ting-HUX to NSGA2-greedy_ting-2P', 'Equivalence_Line_20: AGEMOEA2-greedy_multi-UX to NSGA3-greedy_ting-1P', 'Equivalence_Line_21: AGEMOEA2-greedy_multi-2P to UNSGA3-greedy_ting-1P', 'Equivalence_Line_22: AGEMOEA2-greedy_multi-1P to RVEA-greedy_multi-HUX', 'Equivalence_Line_23: SMSEMOA-greedy_multi-UX to RVEA-greedy_multi-2P', 'Equivalence_Line_24: SMSEMOA-greedy_multi-1P to RVEA-greedy_multi-1P', 'Equivalence_Line_25: SMSEMOA-greedy_multi-2P to SPEA2-greedy_multi-UX', 'Equivalence_Line_26: UNSGA3-greedy_ting-HUX to NSGA2-greedy_multi-2P', 'Equivalence_Line_27: UNSGA3-greedy_ting-UX to NSGA2-greedy_multi-1P', 'Equivalence_Line_28: UNSGA3-greedy_ting-2P to RVEA-greedy_ting-2P', 'Equivalence_Line_29: NSGA3-greedy_ting-2P to RVEA-greedy_ting-1P']"
RVEA-greedy_multi-HUX,0.15292067639265366,"['Equivalence_Line_1: SMSEMOA-random_dense-HUX to SPEA2-random_dense-1P', 'Equivalence_Line_2: NSGA3-random_dense-HUX to NSGA2-random_dense-2P', 'Equivalence_Line_3: UNSGA3-random_dense-UX to RVEA-random_dense-1P', 'Equivalence_Line_4: SMSEMOA-greedy_ting-UX to NSGA2-random_dense-1P', 'Equivalence_Line_5: SMSEMOA-random_dense-2P to AGEMOEA2-greedy_ting-HUX', 'Equivalence_Line_6: AGEMOEA2-random_dense-UX to AGEMOEA2-greedy_multi-HUX', 'Equivalence_Line_7: SPEA2-random_dense-HUX to SMSEMOA-greedy_multi-HUX', 'Equivalence_Line_8: SMSEMOA-greedy_ting-2P to UNSGA3-greedy_multi-UX', 'Equivalence_Line_9: UNSGA3-random_dense-2P to UNSGA3-greedy_multi-HUX', 'Equivalence_Line_10: NSGA3-random_dense-2P to AGEMOEA2-greedy_ting-2P', 'Equivalence_Line_11: NSGA2-random_dense-UX to NSGA3-greedy_multi-HUX', 'Equivalence_Line_12: SPEA2-random_dense-2P to SMSEMOA-greedy_multi-2P', 'Equivalence_Line_13: AGEMOEA2-random_dense-1P to AGEMOEA2-greedy_ting-1P', 'Equivalence_Line_14: NSGA3-random_dense-1P to UNSGA3-greedy_multi-1P', 'Equivalence_Line_15: RVEA-random_dense-2P to UNSGA3-greedy_ting-UX', 'Equivalence_Line_16: NSGA2-random_dense-2P to NSGA3-greedy_ting-UX', 'Equivalence_Line_17: RVEA-random_dense-1P to NSGA3-greedy_ting-HUX', 'Equivalence_Line_18: NSGA2-random_dense-1P to UNSGA3-greedy_ting-2P', 'Equivalence_Line_19: AGEMOEA2-greedy_ting-HUX to NSGA2-greedy_ting-2P', 'Equivalence_Line_20: AGEMOEA2-greedy_multi-UX to NSGA3-greedy_ting-1P', 'Equivalence_Line_21: AGEMOEA2-greedy_multi-2P to UNSGA3-greedy_ting-1P', 'Equivalence_Line_22: AGEMOEA2-greedy_multi-1P to RVEA-greedy_multi-HUX', 'Equivalence_Line_23: SMSEMOA-greedy_multi-UX to RVEA-greedy_multi-2P', 'Equivalence_Line_24: SMSEMOA-greedy_multi-1P to RVEA-greedy_multi-1P', 'Equivalence_Line_25: SMSEMOA-greedy_multi-2P to SPEA2-greedy_multi-UX', 'Equivalence_Line_26: UNSGA3-greedy_ting-HUX to NSGA2-greedy_multi-2P', 'Equivalence_Line_27: UNSGA3-greedy_ting-UX to NSGA2-greedy_multi-1P', 'Equivalence_Line_28: UNSGA3-greedy_ting-2P to RVEA-greedy_ting-2P', 'Equivalence_Line_29: NSGA3-greedy_ting-2P to RVEA-greedy_ting-1P']"
RVEA-greedy_multi-2P,0.1509844700671295,"['Equivalence_Line_1: SMSEMOA-random_dense-HUX to SPEA2-random_dense-1P', 'Equivalence_Line_2: NSGA3-random_dense-HUX to NSGA2-random_dense-2P', 'Equivalence_Line_3: UNSGA3-random_dense-UX to RVEA-random_dense-1P', 'Equivalence_Line_4: SMSEMOA-greedy_ting-UX to NSGA2-random_dense-1P', 'Equivalence_Line_5: SMSEMOA-random_dense-2P to AGEMOEA2-greedy_ting-HUX', 'Equivalence_Line_6: AGEMOEA2-random_dense-UX to AGEMOEA2-greedy_multi-HUX', 'Equivalence_Line_7: SPEA2-random_dense-HUX to SMSEMOA-greedy_multi-HUX', 'Equivalence_Line_8: SMSEMOA-greedy_ting-2P to UNSGA3-greedy_multi-UX', 'Equivalence_Line_9: UNSGA3-random_dense-2P to UNSGA3-greedy_multi-HUX', 'Equivalence_Line_10: NSGA3-random_dense-2P to AGEMOEA2-greedy_ting-2P', 'Equivalence_Line_11: NSGA2-random_dense-UX to NSGA3-greedy_multi-HUX', 'Equivalence_Line_12: SPEA2-random_dense-2P to SMSEMOA-greedy_multi-2P', 'Equivalence_Line_13: AGEMOEA2-random_dense-1P to AGEMOEA2-greedy_ting-1P', 'Equivalence_Line_14: NSGA3-random_dense-1P to UNSGA3-greedy_multi-1P', 'Equivalence_Line_15: RVEA-random_dense-2P to UNSGA3-greedy_ting-UX', 'Equivalence_Line_16: NSGA2-random_dense-2P to NSGA3-greedy_ting-UX', 'Equivalence_Line_17: RVEA-random_dense-1P to NSGA3-greedy_ting-HUX', 'Equivalence_Line_18: NSGA2-random_dense-1P to UNSGA3-greedy_ting-2P', 'Equivalence_Line_19: AGEMOEA2-greedy_ting-HUX to NSGA2-greedy_ting-2P', 'Equivalence_Line_20: AGEMOEA2-greedy_multi-UX to NSGA3-greedy_ting-1P', 'Equivalence_Line_21: AGEMOEA2-greedy_multi-2P to UNSGA3-greedy_ting-1P', 'Equivalence_Line_22: AGEMOEA2-greedy_multi-1P to RVEA-greedy_multi-HUX', 'Equivalence_Line_23: SMSEMOA-greedy_multi-UX to RVEA-greedy_multi-2P', 'Equivalence_Line_24: SMSEMOA-greedy_multi-1P to RVEA-greedy_multi-1P', 'Equivalence_Line_25: SMSEMOA-greedy_multi-2P to SPEA2-greedy_multi-UX', 'Equivalence_Line_26: UNSGA3-greedy_ting-HUX to NSGA2-greedy_multi-2P', 'Equivalence_Line_27: UNSGA3-greedy_ting-UX to NSGA2-greedy_multi-1P', 'Equivalence_Line_28: UNSGA3-greedy_ting-2P to RVEA-greedy_ting-2P', 'Equivalence_Line_29: NSGA3-greedy_ting-2P to RVEA-greedy_ting-1P']"
SPEA2-greedy_ting-HUX,0.1498904819743111,"['Equivalence_Line_1: SMSEMOA-random_dense-HUX to SPEA2-random_dense-1P', 'Equivalence_Line_2: NSGA3-random_dense-HUX to NSGA2-random_dense-2P', 'Equivalence_Line_3: UNSGA3-random_dense-UX to RVEA-random_dense-1P', 'Equivalence_Line_4: SMSEMOA-greedy_ting-UX to NSGA2-random_dense-1P', 'Equivalence_Line_5: SMSEMOA-random_dense-2P to AGEMOEA2-greedy_ting-HUX', 'Equivalence_Line_6: AGEMOEA2-random_dense-UX to AGEMOEA2-greedy_multi-HUX', 'Equivalence_Line_7: SPEA2-random_dense-HUX to SMSEMOA-greedy_multi-HUX', 'Equivalence_Line_8: SMSEMOA-greedy_ting-2P to UNSGA3-greedy_multi-UX', 'Equivalence_Line_9: UNSGA3-random_dense-2P to UNSGA3-greedy_multi-HUX', 'Equivalence_Line_10: NSGA3-random_dense-2P to AGEMOEA2-greedy_ting-2P', 'Equivalence_Line_11: NSGA2-random_dense-UX to NSGA3-greedy_multi-HUX', 'Equivalence_Line_12: SPEA2-random_dense-2P to SMSEMOA-greedy_multi-2P', 'Equivalence_Line_13: AGEMOEA2-random_dense-1P to AGEMOEA2-greedy_ting-1P', 'Equivalence_Line_14: NSGA3-random_dense-1P to UNSGA3-greedy_multi-1P', 'Equivalence_Line_15: RVEA-random_dense-2P to UNSGA3-greedy_ting-UX', 'Equivalence_Line_16: NSGA2-random_dense-2P to NSGA3-greedy_ting-UX', 'Equivalence_Line_17: RVEA-random_dense-1P to NSGA3-greedy_ting-HUX', 'Equivalence_Line_18: NSGA2-random_dense-1P to UNSGA3-greedy_ting-2P', 'Equivalence_Line_19: AGEMOEA2-greedy_ting-HUX to NSGA2-greedy_ting-2P', 'Equivalence_Line_20: AGEMOEA2-greedy_multi-UX to NSGA3-greedy_ting-1P', 'Equivalence_Line_21: AGEMOEA2-greedy_multi-2P to UNSGA3-greedy_ting-1P', 'Equivalence_Line_22: AGEMOEA2-greedy_multi-1P to RVEA-greedy_multi-HUX', 'Equivalence_Line_23: SMSEMOA-greedy_multi-UX to RVEA-greedy_multi-2P', 'Equivalence_Line_24: SMSEMOA-greedy_multi-1P to RVEA-greedy_multi-1P', 'Equivalence_Line_25: SMSEMOA-greedy_multi-2P to SPEA2-greedy_multi-UX', 'Equivalence_Line_26: UNSGA3-greedy_ting-HUX to NSGA2-greedy_multi-2P', 'Equivalence_Line_27: UNSGA3-greedy_ting-UX to NSGA2-greedy_multi-1P', 'Equivalence_Line_28: UNSGA3-greedy_ting-2P to RVEA-greedy_ting-2P', 'Equivalence_Line_29: NSGA3-greedy_ting-2P to RVEA-greedy_ting-1P']"
RVEA-greedy_multi-1P,0.14865266611404615,"['Equivalence_Line_1: SMSEMOA-random_dense-HUX to SPEA2-random_dense-1P', 'Equivalence_Line_2: NSGA3-random_dense-HUX to NSGA2-random_dense-2P', 'Equivalence_Line_3: UNSGA3-random_dense-UX to RVEA-random_dense-1P', 'Equivalence_Line_4: SMSEMOA-greedy_ting-UX to NSGA2-random_dense-1P', 'Equivalence_Line_5: SMSEMOA-random_dense-2P to AGEMOEA2-greedy_ting-HUX', 'Equivalence_Line_6: AGEMOEA2-random_dense-UX to AGEMOEA2-greedy_multi-HUX', 'Equivalence_Line_7: SPEA2-random_dense-HUX to SMSEMOA-greedy_multi-HUX', 'Equivalence_Line_8: SMSEMOA-greedy_ting-2P to UNSGA3-greedy_multi-UX', 'Equivalence_Line_9: UNSGA3-random_dense-2P to UNSGA3-greedy_multi-HUX', 'Equivalence_Line_10: NSGA3-random_dense-2P to AGEMOEA2-greedy_ting-2P', 'Equivalence_Line_11: NSGA2-random_dense-UX to NSGA3-greedy_multi-HUX', 'Equivalence_Line_12: SPEA2-random_dense-2P to SMSEMOA-greedy_multi-2P', 'Equivalence_Line_13: AGEMOEA2-random_dense-1P to AGEMOEA2-greedy_ting-1P', 'Equivalence_Line_14: NSGA3-random_dense-1P to UNSGA3-greedy_multi-1P', 'Equivalence_Line_15: RVEA-random_dense-2P to UNSGA3-greedy_ting-UX', 'Equivalence_Line_16: NSGA2-random_dense-2P to NSGA3-greedy_ting-UX', 'Equivalence_Line_17: RVEA-random_dense-1P to NSGA3-greedy_ting-HUX', 'Equivalence_Line_18: NSGA2-random_dense-1P to UNSGA3-greedy_ting-2P', 'Equivalence_Line_19: AGEMOEA2-greedy_ting-HUX to NSGA2-greedy_ting-2P', 'Equivalence_Line_20: AGEMOEA2-greedy_multi-UX to NSGA3-greedy_ting-1P', 'Equivalence_Line_21: AGEMOEA2-greedy_multi-2P to UNSGA3-greedy_ting-1P', 'Equivalence_Line_22: AGEMOEA2-greedy_multi-1P to RVEA-greedy_multi-HUX', 'Equivalence_Line_23: SMSEMOA-greedy_multi-UX to RVEA-greedy_multi-2P', 'Equivalence_Line_24: SMSEMOA-greedy_multi-1P to RVEA-greedy_multi-1P', 'Equivalence_Line_25: SMSEMOA-greedy_multi-2P to SPEA2-greedy_multi-UX', 'Equivalence_Line_26: UNSGA3-greedy_ting-HUX to NSGA2-greedy_multi-2P', 'Equivalence_Line_27: UNSGA3-greedy_ting-UX to NSGA2-greedy_multi-1P', 'Equivalence_Line_28: UNSGA3-greedy_ting-2P to RVEA-greedy_ting-2P', 'Equivalence_Line_29: NSGA3-greedy_ting-2P to RVEA-greedy_ting-1P']"
SPEA2-greedy_ting-UX,0.14780375302235615,"['Equivalence_Line_1: SMSEMOA-random_dense-HUX to SPEA2-random_dense-1P', 'Equivalence_Line_2: NSGA3-random_dense-HUX to NSGA2-random_dense-2P', 'Equivalence_Line_3: UNSGA3-random_dense-UX to RVEA-random_dense-1P', 'Equivalence_Line_4: SMSEMOA-greedy_ting-UX to NSGA2-random_dense-1P', 'Equivalence_Line_5: SMSEMOA-random_dense-2P to AGEMOEA2-greedy_ting-HUX', 'Equivalence_Line_6: AGEMOEA2-random_dense-UX to AGEMOEA2-greedy_multi-HUX', 'Equivalence_Line_7: SPEA2-random_dense-HUX to SMSEMOA-greedy_multi-HUX', 'Equivalence_Line_8: SMSEMOA-greedy_ting-2P to UNSGA3-greedy_multi-UX', 'Equivalence_Line_9: UNSGA3-random_dense-2P to UNSGA3-greedy_multi-HUX', 'Equivalence_Line_10: NSGA3-random_dense-2P to AGEMOEA2-greedy_ting-2P', 'Equivalence_Line_11: NSGA2-random_dense-UX to NSGA3-greedy_multi-HUX', 'Equivalence_Line_12: SPEA2-random_dense-2P to SMSEMOA-greedy_multi-2P', 'Equivalence_Line_13: AGEMOEA2-random_dense-1P to AGEMOEA2-greedy_ting-1P', 'Equivalence_Line_14: NSGA3-random_dense-1P to UNSGA3-greedy_multi-1P', 'Equivalence_Line_15: RVEA-random_dense-2P to UNSGA3-greedy_ting-UX', 'Equivalence_Line_16: NSGA2-random_dense-2P to NSGA3-greedy_ting-UX', 'Equivalence_Line_17: RVEA-random_dense-1P to NSGA3-greedy_ting-HUX', 'Equivalence_Line_18: NSGA2-random_dense-1P to UNSGA3-greedy_ting-2P', 'Equivalence_Line_19: AGEMOEA2-greedy_ting-HUX to NSGA2-greedy_ting-2P', 'Equivalence_Line_20: AGEMOEA2-greedy_multi-UX to NSGA3-greedy_ting-1P', 'Equivalence_Line_21: AGEMOEA2-greedy_multi-2P to UNSGA3-greedy_ting-1P', 'Equivalence_Line_22: AGEMOEA2-greedy_multi-1P to RVEA-greedy_multi-HUX', 'Equivalence_Line_23: SMSEMOA-greedy_multi-UX to RVEA-greedy_multi-2P', 'Equivalence_Line_24: SMSEMOA-greedy_multi-1P to RVEA-greedy_multi-1P', 'Equivalence_Line_25: SMSEMOA-greedy_multi-2P to SPEA2-greedy_multi-UX', 'Equivalence_Line_26: UNSGA3-greedy_ting-HUX to NSGA2-greedy_multi-2P', 'Equivalence_Line_27: UNSGA3-greedy_ting-UX to NSGA2-greedy_multi-1P', 'Equivalence_Line_28: UNSGA3-greedy_ting-2P to RVEA-greedy_ting-2P', 'Equivalence_Line_29: NSGA3-greedy_ting-2P to RVEA-greedy_ting-1P']"
SPEA2-greedy_multi-HUX,0.1455742379391538,"['Equivalence_Line_1: SMSEMOA-random_dense-HUX to SPEA2-random_dense-1P', 'Equivalence_Line_2: NSGA3-random_dense-HUX to NSGA2-random_dense-2P', 'Equivalence_Line_3: UNSGA3-random_dense-UX to RVEA-random_dense-1P', 'Equivalence_Line_4: SMSEMOA-greedy_ting-UX to NSGA2-random_dense-1P', 'Equivalence_Line_5: SMSEMOA-random_dense-2P to AGEMOEA2-greedy_ting-HUX', 'Equivalence_Line_6: AGEMOEA2-random_dense-UX to AGEMOEA2-greedy_multi-HUX', 'Equivalence_Line_7: SPEA2-random_dense-HUX to SMSEMOA-greedy_multi-HUX', 'Equivalence_Line_8: SMSEMOA-greedy_ting-2P to UNSGA3-greedy_multi-UX', 'Equivalence_Line_9: UNSGA3-random_dense-2P to UNSGA3-greedy_multi-HUX', 'Equivalence_Line_10: NSGA3-random_dense-2P to AGEMOEA2-greedy_ting-2P', 'Equivalence_Line_11: NSGA2-random_dense-UX to NSGA3-greedy_multi-HUX', 'Equivalence_Line_12: SPEA2-random_dense-2P to SMSEMOA-greedy_multi-2P', 'Equivalence_Line_13: AGEMOEA2-random_dense-1P to AGEMOEA2-greedy_ting-1P', 'Equivalence_Line_14: NSGA3-random_dense-1P to UNSGA3-greedy_multi-1P', 'Equivalence_Line_15: RVEA-random_dense-2P to UNSGA3-greedy_ting-UX', 'Equivalence_Line_16: NSGA2-random_dense-2P to NSGA3-greedy_ting-UX', 'Equivalence_Line_17: RVEA-random_dense-1P to NSGA3-greedy_ting-HUX', 'Equivalence_Line_18: NSGA2-random_dense-1P to UNSGA3-greedy_ting-2P', 'Equivalence_Line_19: AGEMOEA2-greedy_ting-HUX to NSGA2-greedy_ting-2P', 'Equivalence_Line_20: AGEMOEA2-greedy_multi-UX to NSGA3-greedy_ting-1P', 'Equivalence_Line_21: AGEMOEA2-greedy_multi-2P to UNSGA3-greedy_ting-1P', 'Equivalence_Line_22: AGEMOEA2-greedy_multi-1P to RVEA-greedy_multi-HUX', 'Equivalence_Line_23: SMSEMOA-greedy_multi-UX to RVEA-greedy_multi-2P', 'Equivalence_Line_24: SMSEMOA-greedy_multi-1P to RVEA-greedy_multi-1P', 'Equivalence_Line_25: SMSEMOA-greedy_multi-2P to SPEA2-greedy_multi-UX', 'Equivalence_Line_26: UNSGA3-greedy_ting-HUX to NSGA2-greedy_multi-2P', 'Equivalence_Line_27: UNSGA3-greedy_ting-UX to NSGA2-greedy_multi-1P', 'Equivalence_Line_28: UNSGA3-greedy_ting-2P to RVEA-greedy_ting-2P', 'Equivalence_Line_29: NSGA3-greedy_ting-2P to RVEA-greedy_ting-1P']"
SPEA2-greedy_multi-UX,0.1450274610423313,"['Equivalence_Line_1: SMSEMOA-random_dense-HUX to SPEA2-random_dense-1P', 'Equivalence_Line_2: NSGA3-random_dense-HUX to NSGA2-random_dense-2P', 'Equivalence_Line_3: UNSGA3-random_dense-UX to RVEA-random_dense-1P', 'Equivalence_Line_4: SMSEMOA-greedy_ting-UX to NSGA2-random_dense-1P', 'Equivalence_Line_5: SMSEMOA-random_dense-2P to AGEMOEA2-greedy_ting-HUX', 'Equivalence_Line_6: AGEMOEA2-random_dense-UX to AGEMOEA2-greedy_multi-HUX', 'Equivalence_Line_7: SPEA2-random_dense-HUX to SMSEMOA-greedy_multi-HUX', 'Equivalence_Line_8: SMSEMOA-greedy_ting-2P to UNSGA3-greedy_multi-UX', 'Equivalence_Line_9: UNSGA3-random_dense-2P to UNSGA3-greedy_multi-HUX', 'Equivalence_Line_10: NSGA3-random_dense-2P to AGEMOEA2-greedy_ting-2P', 'Equivalence_Line_11: NSGA2-random_dense-UX to NSGA3-greedy_multi-HUX', 'Equivalence_Line_12: SPEA2-random_dense-2P to SMSEMOA-greedy_multi-2P', 'Equivalence_Line_13: AGEMOEA2-random_dense-1P to AGEMOEA2-greedy_ting-1P', 'Equivalence_Line_14: NSGA3-random_dense-1P to UNSGA3-greedy_multi-1P', 'Equivalence_Line_15: RVEA-random_dense-2P to UNSGA3-greedy_ting-UX', 'Equivalence_Line_16: NSGA2-random_dense-2P to NSGA3-greedy_ting-UX', 'Equivalence_Line_17: RVEA-random_dense-1P to NSGA3-greedy_ting-HUX', 'Equivalence_Line_18: NSGA2-random_dense-1P to UNSGA3-greedy_ting-2P', 'Equivalence_Line_19: AGEMOEA2-greedy_ting-HUX to NSGA2-greedy_ting-2P', 'Equivalence_Line_20: AGEMOEA2-greedy_multi-UX to NSGA3-greedy_ting-1P', 'Equivalence_Line_21: AGEMOEA2-greedy_multi-2P to UNSGA3-greedy_ting-1P', 'Equivalence_Line_22: AGEMOEA2-greedy_multi-1P to RVEA-greedy_multi-HUX', 'Equivalence_Line_23: SMSEMOA-greedy_multi-UX to RVEA-greedy_multi-2P', 'Equivalence_Line_24: SMSEMOA-greedy_multi-1P to RVEA-greedy_multi-1P', 'Equivalence_Line_25: SMSEMOA-greedy_multi-2P to SPEA2-greedy_multi-UX', 'Equivalence_Line_26: UNSGA3-greedy_ting-HUX to NSGA2-greedy_multi-2P', 'Equivalence_Line_27: UNSGA3-greedy_ting-UX to NSGA2-greedy_multi-1P', 'Equivalence_Line_28: UNSGA3-greedy_ting-2P to RVEA-greedy_ting-2P', 'Equivalence_Line_29: NSGA3-greedy_ting-2P to RVEA-greedy_ting-1P']"
SPEA2-greedy_multi-1P,0.13507731850136626,"['Equivalence_Line_1: SMSEMOA-random_dense-HUX to SPEA2-random_dense-1P', 'Equivalence_Line_2: NSGA3-random_dense-HUX to NSGA2-random_dense-2P', 'Equivalence_Line_3: UNSGA3-random_dense-UX to RVEA-random_dense-1P', 'Equivalence_Line_4: SMSEMOA-greedy_ting-UX to NSGA2-random_dense-1P', 'Equivalence_Line_5: SMSEMOA-random_dense-2P to AGEMOEA2-greedy_ting-HUX', 'Equivalence_Line_6: AGEMOEA2-random_dense-UX to AGEMOEA2-greedy_multi-HUX', 'Equivalence_Line_7: SPEA2-random_dense-HUX to SMSEMOA-greedy_multi-HUX', 'Equivalence_Line_8: SMSEMOA-greedy_ting-2P to UNSGA3-greedy_multi-UX', 'Equivalence_Line_9: UNSGA3-random_dense-2P to UNSGA3-greedy_multi-HUX', 'Equivalence_Line_10: NSGA3-random_dense-2P to AGEMOEA2-greedy_ting-2P', 'Equivalence_Line_11: NSGA2-random_dense-UX to NSGA3-greedy_multi-HUX', 'Equivalence_Line_12: SPEA2-random_dense-2P to SMSEMOA-greedy_multi-2P', 'Equivalence_Line_13: AGEMOEA2-random_dense-1P to AGEMOEA2-greedy_ting-1P', 'Equivalence_Line_14: NSGA3-random_dense-1P to UNSGA3-greedy_multi-1P', 'Equivalence_Line_15: RVEA-random_dense-2P to UNSGA3-greedy_ting-UX', 'Equivalence_Line_16: NSGA2-random_dense-2P to NSGA3-greedy_ting-UX', 'Equivalence_Line_17: RVEA-random_dense-1P to NSGA3-greedy_ting-HUX', 'Equivalence_Line_18: NSGA2-random_dense-1P to UNSGA3-greedy_ting-2P', 'Equivalence_Line_19: AGEMOEA2-greedy_ting-HUX to NSGA2-greedy_ting-2P', 'Equivalence_Line_20: AGEMOEA2-greedy_multi-UX to NSGA3-greedy_ting-1P', 'Equivalence_Line_21: AGEMOEA2-greedy_multi-2P to UNSGA3-greedy_ting-1P', 'Equivalence_Line_22: AGEMOEA2-greedy_multi-1P to RVEA-greedy_multi-HUX', 'Equivalence_Line_23: SMSEMOA-greedy_multi-UX to RVEA-greedy_multi-2P', 'Equivalence_Line_24: SMSEMOA-greedy_multi-1P to RVEA-greedy_multi-1P', 'Equivalence_Line_25: SMSEMOA-greedy_multi-2P to SPEA2-greedy_multi-UX', 'Equivalence_Line_26: UNSGA3-greedy_ting-HUX to NSGA2-greedy_multi-2P', 'Equivalence_Line_27: UNSGA3-greedy_ting-UX to NSGA2-greedy_multi-1P', 'Equivalence_Line_28: UNSGA3-greedy_ting-2P to RVEA-greedy_ting-2P', 'Equivalence_Line_29: NSGA3-greedy_ting-2P to RVEA-greedy_ting-1P']"
NSGA2-greedy_multi-UX,0.135006510774385,"['Equivalence_Line_1: SMSEMOA-random_dense-HUX to SPEA2-random_dense-1P', 'Equivalence_Line_2: NSGA3-random_dense-HUX to NSGA2-random_dense-2P', 'Equivalence_Line_3: UNSGA3-random_dense-UX to RVEA-random_dense-1P', 'Equivalence_Line_4: SMSEMOA-greedy_ting-UX to NSGA2-random_dense-1P', 'Equivalence_Line_5: SMSEMOA-random_dense-2P to AGEMOEA2-greedy_ting-HUX', 'Equivalence_Line_6: AGEMOEA2-random_dense-UX to AGEMOEA2-greedy_multi-HUX', 'Equivalence_Line_7: SPEA2-random_dense-HUX to SMSEMOA-greedy_multi-HUX', 'Equivalence_Line_8: SMSEMOA-greedy_ting-2P to UNSGA3-greedy_multi-UX', 'Equivalence_Line_9: UNSGA3-random_dense-2P to UNSGA3-greedy_multi-HUX', 'Equivalence_Line_10: NSGA3-random_dense-2P to AGEMOEA2-greedy_ting-2P', 'Equivalence_Line_11: NSGA2-random_dense-UX to NSGA3-greedy_multi-HUX', 'Equivalence_Line_12: SPEA2-random_dense-2P to SMSEMOA-greedy_multi-2P', 'Equivalence_Line_13: AGEMOEA2-random_dense-1P to AGEMOEA2-greedy_ting-1P', 'Equivalence_Line_14: NSGA3-random_dense-1P to UNSGA3-greedy_multi-1P', 'Equivalence_Line_15: RVEA-random_dense-2P to UNSGA3-greedy_ting-UX', 'Equivalence_Line_16: NSGA2-random_dense-2P to NSGA3-greedy_ting-UX', 'Equivalence_Line_17: RVEA-random_dense-1P to NSGA3-greedy_ting-HUX', 'Equivalence_Line_18: NSGA2-random_dense-1P to UNSGA3-greedy_ting-2P', 'Equivalence_Line_19: AGEMOEA2-greedy_ting-HUX to NSGA2-greedy_ting-2P', 'Equivalence_Line_20: AGEMOEA2-greedy_multi-UX to NSGA3-greedy_ting-1P', 'Equivalence_Line_21: AGEMOEA2-greedy_multi-2P to UNSGA3-greedy_ting-1P', 'Equivalence_Line_22: AGEMOEA2-greedy_multi-1P to RVEA-greedy_multi-HUX', 'Equivalence_Line_23: SMSEMOA-greedy_multi-UX to RVEA-greedy_multi-2P', 'Equivalence_Line_24: SMSEMOA-greedy_multi-1P to RVEA-greedy_multi-1P', 'Equivalence_Line_25: SMSEMOA-greedy_multi-2P to SPEA2-greedy_multi-UX', 'Equivalence_Line_26: UNSGA3-greedy_ting-HUX to NSGA2-greedy_multi-2P', 'Equivalence_Line_27: UNSGA3-greedy_ting-UX to NSGA2-greedy_multi-1P', 'Equivalence_Line_28: UNSGA3-greedy_ting-2P to RVEA-greedy_ting-2P', 'Equivalence_Line_29: NSGA3-greedy_ting-2P to RVEA-greedy_ting-1P']"
NSGA2-greedy_multi-HUX,0.1335667225479998,"['Equivalence_Line_1: SMSEMOA-random_dense-HUX to SPEA2-random_dense-1P', 'Equivalence_Line_2: NSGA3-random_dense-HUX to NSGA2-random_dense-2P', 'Equivalence_Line_3: UNSGA3-random_dense-UX to RVEA-random_dense-1P', 'Equivalence_Line_4: SMSEMOA-greedy_ting-UX to NSGA2-random_dense-1P', 'Equivalence_Line_5: SMSEMOA-random_dense-2P to AGEMOEA2-greedy_ting-HUX', 'Equivalence_Line_6: AGEMOEA2-random_dense-UX to AGEMOEA2-greedy_multi-HUX', 'Equivalence_Line_7: SPEA2-random_dense-HUX to SMSEMOA-greedy_multi-HUX', 'Equivalence_Line_8: SMSEMOA-greedy_ting-2P to UNSGA3-greedy_multi-UX', 'Equivalence_Line_9: UNSGA3-random_dense-2P to UNSGA3-greedy_multi-HUX', 'Equivalence_Line_10: NSGA3-random_dense-2P to AGEMOEA2-greedy_ting-2P', 'Equivalence_Line_11: NSGA2-random_dense-UX to NSGA3-greedy_multi-HUX', 'Equivalence_Line_12: SPEA2-random_dense-2P to SMSEMOA-greedy_multi-2P', 'Equivalence_Line_13: AGEMOEA2-random_dense-1P to AGEMOEA2-greedy_ting-1P', 'Equivalence_Line_14: NSGA3-random_dense-1P to UNSGA3-greedy_multi-1P', 'Equivalence_Line_15: RVEA-random_dense-2P to UNSGA3-greedy_ting-UX', 'Equivalence_Line_16: NSGA2-random_dense-2P to NSGA3-greedy_ting-UX', 'Equivalence_Line_17: RVEA-random_dense-1P to NSGA3-greedy_ting-HUX', 'Equivalence_Line_18: NSGA2-random_dense-1P to UNSGA3-greedy_ting-2P', 'Equivalence_Line_19: AGEMOEA2-greedy_ting-HUX to NSGA2-greedy_ting-2P', 'Equivalence_Line_20: AGEMOEA2-greedy_multi-UX to NSGA3-greedy_ting-1P', 'Equivalence_Line_21: AGEMOEA2-greedy_multi-2P to UNSGA3-greedy_ting-1P', 'Equivalence_Line_22: AGEMOEA2-greedy_multi-1P to RVEA-greedy_multi-HUX', 'Equivalence_Line_23: SMSEMOA-greedy_multi-UX to RVEA-greedy_multi-2P', 'Equivalence_Line_24: SMSEMOA-greedy_multi-1P to RVEA-greedy_multi-1P', 'Equivalence_Line_25: SMSEMOA-greedy_multi-2P to SPEA2-greedy_multi-UX', 'Equivalence_Line_26: UNSGA3-greedy_ting-HUX to NSGA2-greedy_multi-2P', 'Equivalence_Line_27: UNSGA3-greedy_ting-UX to NSGA2-greedy_multi-1P', 'Equivalence_Line_28: UNSGA3-greedy_ting-2P to RVEA-greedy_ting-2P', 'Equivalence_Line_29: NSGA3-greedy_ting-2P to RVEA-greedy_ting-1P']"
SPEA2-greedy_multi-2P,0.13330272011174876,"['Equivalence_Line_1: SMSEMOA-random_dense-HUX to SPEA2-random_dense-1P', 'Equivalence_Line_2: NSGA3-random_dense-HUX to NSGA2-random_dense-2P', 'Equivalence_Line_3: UNSGA3-random_dense-UX to RVEA-random_dense-1P', 'Equivalence_Line_4: SMSEMOA-greedy_ting-UX to NSGA2-random_dense-1P', 'Equivalence_Line_5: SMSEMOA-random_dense-2P to AGEMOEA2-greedy_ting-HUX', 'Equivalence_Line_6: AGEMOEA2-random_dense-UX to AGEMOEA2-greedy_multi-HUX', 'Equivalence_Line_7: SPEA2-random_dense-HUX to SMSEMOA-greedy_multi-HUX', 'Equivalence_Line_8: SMSEMOA-greedy_ting-2P to UNSGA3-greedy_multi-UX', 'Equivalence_Line_9: UNSGA3-random_dense-2P to UNSGA3-greedy_multi-HUX', 'Equivalence_Line_10: NSGA3-random_dense-2P to AGEMOEA2-greedy_ting-2P', 'Equivalence_Line_11: NSGA2-random_dense-UX to NSGA3-greedy_multi-HUX', 'Equivalence_Line_12: SPEA2-random_dense-2P to SMSEMOA-greedy_multi-2P', 'Equivalence_Line_13: AGEMOEA2-random_dense-1P to AGEMOEA2-greedy_ting-1P', 'Equivalence_Line_14: NSGA3-random_dense-1P to UNSGA3-greedy_multi-1P', 'Equivalence_Line_15: RVEA-random_dense-2P to UNSGA3-greedy_ting-UX', 'Equivalence_Line_16: NSGA2-random_dense-2P to NSGA3-greedy_ting-UX', 'Equivalence_Line_17: RVEA-random_dense-1P to NSGA3-greedy_ting-HUX', 'Equivalence_Line_18: NSGA2-random_dense-1P to UNSGA3-greedy_ting-2P', 'Equivalence_Line_19: AGEMOEA2-greedy_ting-HUX to NSGA2-greedy_ting-2P', 'Equivalence_Line_20: AGEMOEA2-greedy_multi-UX to NSGA3-greedy_ting-1P', 'Equivalence_Line_21: AGEMOEA2-greedy_multi-2P to UNSGA3-greedy_ting-1P', 'Equivalence_Line_22: AGEMOEA2-greedy_multi-1P to RVEA-greedy_multi-HUX', 'Equivalence_Line_23: SMSEMOA-greedy_multi-UX to RVEA-greedy_multi-2P', 'Equivalence_Line_24: SMSEMOA-greedy_multi-1P to RVEA-greedy_multi-1P', 'Equivalence_Line_25: SMSEMOA-greedy_multi-2P to SPEA2-greedy_multi-UX', 'Equivalence_Line_26: UNSGA3-greedy_ting-HUX to NSGA2-greedy_multi-2P', 'Equivalence_Line_27: UNSGA3-greedy_ting-UX to NSGA2-greedy_multi-1P', 'Equivalence_Line_28: UNSGA3-greedy_ting-2P to RVEA-greedy_ting-2P', 'Equivalence_Line_29: NSGA3-greedy_ting-2P to RVEA-greedy_ting-1P']"
RVEA-greedy_ting-HUX,0.1309754410819918,"['Equivalence_Line_1: SMSEMOA-random_dense-HUX to SPEA2-random_dense-1P', 'Equivalence_Line_2: NSGA3-random_dense-HUX to NSGA2-random_dense-2P', 'Equivalence_Line_3: UNSGA3-random_dense-UX to RVEA-random_dense-1P', 'Equivalence_Line_4: SMSEMOA-greedy_ting-UX to NSGA2-random_dense-1P', 'Equivalence_Line_5: SMSEMOA-random_dense-2P to AGEMOEA2-greedy_ting-HUX', 'Equivalence_Line_6: AGEMOEA2-random_dense-UX to AGEMOEA2-greedy_multi-HUX', 'Equivalence_Line_7: SPEA2-random_dense-HUX to SMSEMOA-greedy_multi-HUX', 'Equivalence_Line_8: SMSEMOA-greedy_ting-2P to UNSGA3-greedy_multi-UX', 'Equivalence_Line_9: UNSGA3-random_dense-2P to UNSGA3-greedy_multi-HUX', 'Equivalence_Line_10: NSGA3-random_dense-2P to AGEMOEA2-greedy_ting-2P', 'Equivalence_Line_11: NSGA2-random_dense-UX to NSGA3-greedy_multi-HUX', 'Equivalence_Line_12: SPEA2-random_dense-2P to SMSEMOA-greedy_multi-2P', 'Equivalence_Line_13: AGEMOEA2-random_dense-1P to AGEMOEA2-greedy_ting-1P', 'Equivalence_Line_14: NSGA3-random_dense-1P to UNSGA3-greedy_multi-1P', 'Equivalence_Line_15: RVEA-random_dense-2P to UNSGA3-greedy_ting-UX', 'Equivalence_Line_16: NSGA2-random_dense-2P to NSGA3-greedy_ting-UX', 'Equivalence_Line_17: RVEA-random_dense-1P to NSGA3-greedy_ting-HUX', 'Equivalence_Line_18: NSGA2-random_dense-1P to UNSGA3-greedy_ting-2P', 'Equivalence_Line_19: AGEMOEA2-greedy_ting-HUX to NSGA2-greedy_ting-2P', 'Equivalence_Line_20: AGEMOEA2-greedy_multi-UX to NSGA3-greedy_ting-1P', 'Equivalence_Line_21: AGEMOEA2-greedy_multi-2P to UNSGA3-greedy_ting-1P', 'Equivalence_Line_22: AGEMOEA2-greedy_multi-1P to RVEA-greedy_multi-HUX', 'Equivalence_Line_23: SMSEMOA-greedy_multi-UX to RVEA-greedy_multi-2P', 'Equivalence_Line_24: SMSEMOA-greedy_multi-1P to RVEA-greedy_multi-1P', 'Equivalence_Line_25: SMSEMOA-greedy_multi-2P to SPEA2-greedy_multi-UX', 'Equivalence_Line_26: UNSGA3-greedy_ting-HUX to NSGA2-greedy_multi-2P', 'Equivalence_Line_27: UNSGA3-greedy_ting-UX to NSGA2-greedy_multi-1P', 'Equivalence_Line_28: UNSGA3-greedy_ting-2P to RVEA-greedy_ting-2P', 'Equivalence_Line_29: NSGA3-greedy_ting-2P to RVEA-greedy_ting-1P']"
RVEA-greedy_ting-UX,0.1299682563322689,"['Equivalence_Line_1: SMSEMOA-random_dense-HUX to SPEA2-random_dense-1P', 'Equivalence_Line_2: NSGA3-random_dense-HUX to NSGA2-random_dense-2P', 'Equivalence_Line_3: UNSGA3-random_dense-UX to RVEA-random_dense-1P', 'Equivalence_Line_4: SMSEMOA-greedy_ting-UX to NSGA2-random_dense-1P', 'Equivalence_Line_5: SMSEMOA-random_dense-2P to AGEMOEA2-greedy_ting-HUX', 'Equivalence_Line_6: AGEMOEA2-random_dense-UX to AGEMOEA2-greedy_multi-HUX', 'Equivalence_Line_7: SPEA2-random_dense-HUX to SMSEMOA-greedy_multi-HUX', 'Equivalence_Line_8: SMSEMOA-greedy_ting-2P to UNSGA3-greedy_multi-UX', 'Equivalence_Line_9: UNSGA3-random_dense-2P to UNSGA3-greedy_multi-HUX', 'Equivalence_Line_10: NSGA3-random_dense-2P to AGEMOEA2-greedy_ting-2P', 'Equivalence_Line_11: NSGA2-random_dense-UX to NSGA3-greedy_multi-HUX', 'Equivalence_Line_12: SPEA2-random_dense-2P to SMSEMOA-greedy_multi-2P', 'Equivalence_Line_13: AGEMOEA2-random_dense-1P to AGEMOEA2-greedy_ting-1P', 'Equivalence_Line_14: NSGA3-random_dense-1P to UNSGA3-greedy_multi-1P', 'Equivalence_Line_15: RVEA-random_dense-2P to UNSGA3-greedy_ting-UX', 'Equivalence_Line_16: NSGA2-random_dense-2P to NSGA3-greedy_ting-UX', 'Equivalence_Line_17: RVEA-random_dense-1P to NSGA3-greedy_ting-HUX', 'Equivalence_Line_18: NSGA2-random_dense-1P to UNSGA3-greedy_ting-2P', 'Equivalence_Line_19: AGEMOEA2-greedy_ting-HUX to NSGA2-greedy_ting-2P', 'Equivalence_Line_20: AGEMOEA2-greedy_multi-UX to NSGA3-greedy_ting-1P', 'Equivalence_Line_21: AGEMOEA2-greedy_multi-2P to UNSGA3-greedy_ting-1P', 'Equivalence_Line_22: AGEMOEA2-greedy_multi-1P to RVEA-greedy_multi-HUX', 'Equivalence_Line_23: SMSEMOA-greedy_multi-UX to RVEA-greedy_multi-2P', 'Equivalence_Line_24: SMSEMOA-greedy_multi-1P to RVEA-greedy_multi-1P', 'Equivalence_Line_25: SMSEMOA-greedy_multi-2P to SPEA2-greedy_multi-UX', 'Equivalence_Line_26: UNSGA3-greedy_ting-HUX to NSGA2-greedy_multi-2P', 'Equivalence_Line_27: UNSGA3-greedy_ting-UX to NSGA2-greedy_multi-1P', 'Equivalence_Line_28: UNSGA3-greedy_ting-2P to RVEA-greedy_ting-2P', 'Equivalence_Line_29: NSGA3-greedy_ting-2P to RVEA-greedy_ting-1P']"
NSGA2-greedy_multi-2P,0.12326573190062698,"['Equivalence_Line_1: SMSEMOA-random_dense-HUX to SPEA2-random_dense-1P', 'Equivalence_Line_2: NSGA3-random_dense-HUX to NSGA2-random_dense-2P', 'Equivalence_Line_3: UNSGA3-random_dense-UX to RVEA-random_dense-1P', 'Equivalence_Line_4: SMSEMOA-greedy_ting-UX to NSGA2-random_dense-1P', 'Equivalence_Line_5: SMSEMOA-random_dense-2P to AGEMOEA2-greedy_ting-HUX', 'Equivalence_Line_6: AGEMOEA2-random_dense-UX to AGEMOEA2-greedy_multi-HUX', 'Equivalence_Line_7: SPEA2-random_dense-HUX to SMSEMOA-greedy_multi-HUX', 'Equivalence_Line_8: SMSEMOA-greedy_ting-2P to UNSGA3-greedy_multi-UX', 'Equivalence_Line_9: UNSGA3-random_dense-2P to UNSGA3-greedy_multi-HUX', 'Equivalence_Line_10: NSGA3-random_dense-2P to AGEMOEA2-greedy_ting-2P', 'Equivalence_Line_11: NSGA2-random_dense-UX to NSGA3-greedy_multi-HUX', 'Equivalence_Line_12: SPEA2-random_dense-2P to SMSEMOA-greedy_multi-2P', 'Equivalence_Line_13: AGEMOEA2-random_dense-1P to AGEMOEA2-greedy_ting-1P', 'Equivalence_Line_14: NSGA3-random_dense-1P to UNSGA3-greedy_multi-1P', 'Equivalence_Line_15: RVEA-random_dense-2P to UNSGA3-greedy_ting-UX', 'Equivalence_Line_16: NSGA2-random_dense-2P to NSGA3-greedy_ting-UX', 'Equivalence_Line_17: RVEA-random_dense-1P to NSGA3-greedy_ting-HUX', 'Equivalence_Line_18: NSGA2-random_dense-1P to UNSGA3-greedy_ting-2P', 'Equivalence_Line_19: AGEMOEA2-greedy_ting-HUX to NSGA2-greedy_ting-2P', 'Equivalence_Line_20: AGEMOEA2-greedy_multi-UX to NSGA3-greedy_ting-1P', 'Equivalence_Line_21: AGEMOEA2-greedy_multi-2P to UNSGA3-greedy_ting-1P', 'Equivalence_Line_22: AGEMOEA2-greedy_multi-1P to RVEA-greedy_multi-HUX', 'Equivalence_Line_23: SMSEMOA-greedy_multi-UX to RVEA-greedy_multi-2P', 'Equivalence_Line_24: SMSEMOA-greedy_multi-1P to RVEA-greedy_multi-1P', 'Equivalence_Line_25: SMSEMOA-greedy_multi-2P to SPEA2-greedy_multi-UX', 'Equivalence_Line_26: UNSGA3-greedy_ting-HUX to NSGA2-greedy_multi-2P', 'Equivalence_Line_27: UNSGA3-greedy_ting-UX to NSGA2-greedy_multi-1P', 'Equivalence_Line_28: UNSGA3-greedy_ting-2P to RVEA-greedy_ting-2P', 'Equivalence_Line_29: NSGA3-greedy_ting-2P to RVEA-greedy_ting-1P']"
NSGA2-greedy_multi-1P,0.12284438463428457,"['Equivalence_Line_1: SMSEMOA-random_dense-HUX to SPEA2-random_dense-1P', 'Equivalence_Line_2: NSGA3-random_dense-HUX to NSGA2-random_dense-2P', 'Equivalence_Line_3: UNSGA3-random_dense-UX to RVEA-random_dense-1P', 'Equivalence_Line_4: SMSEMOA-greedy_ting-UX to NSGA2-random_dense-1P', 'Equivalence_Line_5: SMSEMOA-random_dense-2P to AGEMOEA2-greedy_ting-HUX', 'Equivalence_Line_6: AGEMOEA2-random_dense-UX to AGEMOEA2-greedy_multi-HUX', 'Equivalence_Line_7: SPEA2-random_dense-HUX to SMSEMOA-greedy_multi-HUX', 'Equivalence_Line_8: SMSEMOA-greedy_ting-2P to UNSGA3-greedy_multi-UX', 'Equivalence_Line_9: UNSGA3-random_dense-2P to UNSGA3-greedy_multi-HUX', 'Equivalence_Line_10: NSGA3-random_dense-2P to AGEMOEA2-greedy_ting-2P', 'Equivalence_Line_11: NSGA2-random_dense-UX to NSGA3-greedy_multi-HUX', 'Equivalence_Line_12: SPEA2-random_dense-2P to SMSEMOA-greedy_multi-2P', 'Equivalence_Line_13: AGEMOEA2-random_dense-1P to AGEMOEA2-greedy_ting-1P', 'Equivalence_Line_14: NSGA3-random_dense-1P to UNSGA3-greedy_multi-1P', 'Equivalence_Line_15: RVEA-random_dense-2P to UNSGA3-greedy_ting-UX', 'Equivalence_Line_16: NSGA2-random_dense-2P to NSGA3-greedy_ting-UX', 'Equivalence_Line_17: RVEA-random_dense-1P to NSGA3-greedy_ting-HUX', 'Equivalence_Line_18: NSGA2-random_dense-1P to UNSGA3-greedy_ting-2P', 'Equivalence_Line_19: AGEMOEA2-greedy_ting-HUX to NSGA2-greedy_ting-2P', 'Equivalence_Line_20: AGEMOEA2-greedy_multi-UX to NSGA3-greedy_ting-1P', 'Equivalence_Line_21: AGEMOEA2-greedy_multi-2P to UNSGA3-greedy_ting-1P', 'Equivalence_Line_22: AGEMOEA2-greedy_multi-1P to RVEA-greedy_multi-HUX', 'Equivalence_Line_23: SMSEMOA-greedy_multi-UX to RVEA-greedy_multi-2P', 'Equivalence_Line_24: SMSEMOA-greedy_multi-1P to RVEA-greedy_multi-1P', 'Equivalence_Line_25: SMSEMOA-greedy_multi-2P to SPEA2-greedy_multi-UX', 'Equivalence_Line_26: UNSGA3-greedy_ting-HUX to NSGA2-greedy_multi-2P', 'Equivalence_Line_27: UNSGA3-greedy_ting-UX to NSGA2-greedy_multi-1P', 'Equivalence_Line_28: UNSGA3-greedy_ting-2P to RVEA-greedy_ting-2P', 'Equivalence_Line_29: NSGA3-greedy_ting-2P to RVEA-greedy_ting-1P']"
RVEA-greedy_ting-2P,0.10936828617305429,"['Equivalence_Line_1: SMSEMOA-random_dense-HUX to SPEA2-random_dense-1P', 'Equivalence_Line_2: NSGA3-random_dense-HUX to NSGA2-random_dense-2P', 'Equivalence_Line_3: UNSGA3-random_dense-UX to RVEA-random_dense-1P', 'Equivalence_Line_4: SMSEMOA-greedy_ting-UX to NSGA2-random_dense-1P', 'Equivalence_Line_5: SMSEMOA-random_dense-2P to AGEMOEA2-greedy_ting-HUX', 'Equivalence_Line_6: AGEMOEA2-random_dense-UX to AGEMOEA2-greedy_multi-HUX', 'Equivalence_Line_7: SPEA2-random_dense-HUX to SMSEMOA-greedy_multi-HUX', 'Equivalence_Line_8: SMSEMOA-greedy_ting-2P to UNSGA3-greedy_multi-UX', 'Equivalence_Line_9: UNSGA3-random_dense-2P to UNSGA3-greedy_multi-HUX', 'Equivalence_Line_10: NSGA3-random_dense-2P to AGEMOEA2-greedy_ting-2P', 'Equivalence_Line_11: NSGA2-random_dense-UX to NSGA3-greedy_multi-HUX', 'Equivalence_Line_12: SPEA2-random_dense-2P to SMSEMOA-greedy_multi-2P', 'Equivalence_Line_13: AGEMOEA2-random_dense-1P to AGEMOEA2-greedy_ting-1P', 'Equivalence_Line_14: NSGA3-random_dense-1P to UNSGA3-greedy_multi-1P', 'Equivalence_Line_15: RVEA-random_dense-2P to UNSGA3-greedy_ting-UX', 'Equivalence_Line_16: NSGA2-random_dense-2P to NSGA3-greedy_ting-UX', 'Equivalence_Line_17: RVEA-random_dense-1P to NSGA3-greedy_ting-HUX', 'Equivalence_Line_18: NSGA2-random_dense-1P to UNSGA3-greedy_ting-2P', 'Equivalence_Line_19: AGEMOEA2-greedy_ting-HUX to NSGA2-greedy_ting-2P', 'Equivalence_Line_20: AGEMOEA2-greedy_multi-UX to NSGA3-greedy_ting-1P', 'Equivalence_Line_21: AGEMOEA2-greedy_multi-2P to UNSGA3-greedy_ting-1P', 'Equivalence_Line_22: AGEMOEA2-greedy_multi-1P to RVEA-greedy_multi-HUX', 'Equivalence_Line_23: SMSEMOA-greedy_multi-UX to RVEA-greedy_multi-2P', 'Equivalence_Line_24: SMSEMOA-greedy_multi-1P to RVEA-greedy_multi-1P', 'Equivalence_Line_25: SMSEMOA-greedy_multi-2P to SPEA2-greedy_multi-UX', 'Equivalence_Line_26: UNSGA3-greedy_ting-HUX to NSGA2-greedy_multi-2P', 'Equivalence_Line_27: UNSGA3-greedy_ting-UX to NSGA2-greedy_multi-1P', 'Equivalence_Line_28: UNSGA3-greedy_ting-2P to RVEA-greedy_ting-2P', 'Equivalence_Line_29: NSGA3-greedy_ting-2P to RVEA-greedy_ting-1P']"
RVEA-greedy_ting-1P,0.10486409244252742,"['Equivalence_Line_1: SMSEMOA-random_dense-HUX to SPEA2-random_dense-1P', 'Equivalence_Line_2: NSGA3-random_dense-HUX to NSGA2-random_dense-2P', 'Equivalence_Line_3: UNSGA3-random_dense-UX to RVEA-random_dense-1P', 'Equivalence_Line_4: SMSEMOA-greedy_ting-UX to NSGA2-random_dense-1P', 'Equivalence_Line_5: SMSEMOA-random_dense-2P to AGEMOEA2-greedy_ting-HUX', 'Equivalence_Line_6: AGEMOEA2-random_dense-UX to AGEMOEA2-greedy_multi-HUX', 'Equivalence_Line_7: SPEA2-random_dense-HUX to SMSEMOA-greedy_multi-HUX', 'Equivalence_Line_8: SMSEMOA-greedy_ting-2P to UNSGA3-greedy_multi-UX', 'Equivalence_Line_9: UNSGA3-random_dense-2P to UNSGA3-greedy_multi-HUX', 'Equivalence_Line_10: NSGA3-random_dense-2P to AGEMOEA2-greedy_ting-2P', 'Equivalence_Line_11: NSGA2-random_dense-UX to NSGA3-greedy_multi-HUX', 'Equivalence_Line_12: SPEA2-random_dense-2P to SMSEMOA-greedy_multi-2P', 'Equivalence_Line_13: AGEMOEA2-random_dense-1P to AGEMOEA2-greedy_ting-1P', 'Equivalence_Line_14: NSGA3-random_dense-1P to UNSGA3-greedy_multi-1P', 'Equivalence_Line_15: RVEA-random_dense-2P to UNSGA3-greedy_ting-UX', 'Equivalence_Line_16: NSGA2-random_dense-2P to NSGA3-greedy_ting-UX', 'Equivalence_Line_17: RVEA-random_dense-1P to NSGA3-greedy_ting-HUX', 'Equivalence_Line_18: NSGA2-random_dense-1P to UNSGA3-greedy_ting-2P', 'Equivalence_Line_19: AGEMOEA2-greedy_ting-HUX to NSGA2-greedy_ting-2P', 'Equivalence_Line_20: AGEMOEA2-greedy_multi-UX to NSGA3-greedy_ting-1P', 'Equivalence_Line_21: AGEMOEA2-greedy_multi-2P to UNSGA3-greedy_ting-1P', 'Equivalence_Line_22: AGEMOEA2-greedy_multi-1P to RVEA-greedy_multi-HUX', 'Equivalence_Line_23: SMSEMOA-greedy_multi-UX to RVEA-greedy_multi-2P', 'Equivalence_Line_24: SMSEMOA-greedy_multi-1P to RVEA-greedy_multi-1P', 'Equivalence_Line_25: SMSEMOA-greedy_multi-2P to SPEA2-greedy_multi-UX', 'Equivalence_Line_26: UNSGA3-greedy_ting-HUX to NSGA2-greedy_multi-2P', 'Equivalence_Line_27: UNSGA3-greedy_ting-UX to NSGA2-greedy_multi-1P', 'Equivalence_Line_28: UNSGA3-greedy_ting-2P to RVEA-greedy_ting-2P', 'Equivalence_Line_29: NSGA3-greedy_ting-2P to RVEA-greedy_ting-1P']"
