Group,Mean,Equivalence_Lines
NSGA2-greedy_ting-UX,1.625899024058371,"['Equivalence_Line_1: NSGA2-greedy_ting-UX to SPEA2-greedy_ting-1P', 'Equivalence_Line_2: NSGA2-greedy_ting-2P to NSGA2-random_dense-UX', 'Equivalence_Line_3: SMSEMOA-greedy_ting-1P to NSGA2-random_dense-1P', 'Equivalence_Line_4: SMSEMOA-greedy_ting-2P to NSGA3-random_dense-UX', 'Equivalence_Line_5: UNSGA3-greedy_ting-2P to AGEMOEA2-random_dense-2P', 'Equivalence_Line_6: UNSGA3-greedy_ting-UX to UNSGA3-random_dense-2P', 'Equivalence_Line_7: RVEA-greedy_ting-2P to NSGA3-random_dense-1P', 'Equivalence_Line_8: RVEA-greedy_ting-HUX to UNSGA3-random_dense-1P', 'Equivalence_Line_9: NSGA2-random_dense-HUX to SPEA2-greedy_multi-HUX', 'Equivalence_Line_10: NSGA2-random_dense-2P to SPEA2-greedy_multi-1P', 'Equivalence_Line_11: AGEMOEA2-random_dense-HUX to NSGA2-greedy_multi-1P', 'Equivalence_Line_12: SPEA2-random_dense-HUX to SMSEMOA-random_dense-2P', 'Equivalence_Line_13: NSGA2-random_dense-1P to SMSEMOA-random_dense-1P', 'Equivalence_Line_14: UNSGA3-random_dense-HUX to AGEMOEA2-greedy_multi-HUX', 'Equivalence_Line_15: NSGA3-random_dense-UX to UNSGA3-greedy_multi-UX', 'Equivalence_Line_16: AGEMOEA2-random_dense-2P to AGEMOEA2-greedy_multi-1P', 'Equivalence_Line_17: SMSEMOA-random_dense-HUX to UNSGA3-greedy_multi-1P', 'Equivalence_Line_18: SMSEMOA-random_dense-UX to NSGA3-greedy_multi-1P', 'Equivalence_Line_19: SPEA2-random_dense-2P to RVEA-random_dense-UX', 'Equivalence_Line_20: NSGA3-random_dense-1P to RVEA-random_dense-HUX', 'Equivalence_Line_21: SPEA2-greedy_multi-UX to SMSEMOA-greedy_multi-2P', 'Equivalence_Line_22: SPEA2-greedy_multi-HUX to RVEA-greedy_multi-HUX', 'Equivalence_Line_23: NSGA2-greedy_multi-HUX to RVEA-greedy_multi-2P', 'Equivalence_Line_24: NSGA2-greedy_multi-UX to RVEA-greedy_multi-1P']"
NSGA2-greedy_ting-HUX,1.619765286079386,"['Equivalence_Line_1: NSGA2-greedy_ting-UX to SPEA2-greedy_ting-1P', 'Equivalence_Line_2: NSGA2-greedy_ting-2P to NSGA2-random_dense-UX', 'Equivalence_Line_3: SMSEMOA-greedy_ting-1P to NSGA2-random_dense-1P', 'Equivalence_Line_4: SMSEMOA-greedy_ting-2P to NSGA3-random_dense-UX', 'Equivalence_Line_5: UNSGA3-greedy_ting-2P to AGEMOEA2-random_dense-2P', 'Equivalence_Line_6: UNSGA3-greedy_ting-UX to UNSGA3-random_dense-2P', 'Equivalence_Line_7: RVEA-greedy_ting-2P to NSGA3-random_dense-1P', 'Equivalence_Line_8: RVEA-greedy_ting-HUX to UNSGA3-random_dense-1P', 'Equivalence_Line_9: NSGA2-random_dense-HUX to SPEA2-greedy_multi-HUX', 'Equivalence_Line_10: NSGA2-random_dense-2P to SPEA2-greedy_multi-1P', 'Equivalence_Line_11: AGEMOEA2-random_dense-HUX to NSGA2-greedy_multi-1P', 'Equivalence_Line_12: SPEA2-random_dense-HUX to SMSEMOA-random_dense-2P', 'Equivalence_Line_13: NSGA2-random_dense-1P to SMSEMOA-random_dense-1P', 'Equivalence_Line_14: UNSGA3-random_dense-HUX to AGEMOEA2-greedy_multi-HUX', 'Equivalence_Line_15: NSGA3-random_dense-UX to UNSGA3-greedy_multi-UX', 'Equivalence_Line_16: AGEMOEA2-random_dense-2P to AGEMOEA2-greedy_multi-1P', 'Equivalence_Line_17: SMSEMOA-random_dense-HUX to UNSGA3-greedy_multi-1P', 'Equivalence_Line_18: SMSEMOA-random_dense-UX to NSGA3-greedy_multi-1P', 'Equivalence_Line_19: SPEA2-random_dense-2P to RVEA-random_dense-UX', 'Equivalence_Line_20: NSGA3-random_dense-1P to RVEA-random_dense-HUX', 'Equivalence_Line_21: SPEA2-greedy_multi-UX to SMSEMOA-greedy_multi-2P', 'Equivalence_Line_22: SPEA2-greedy_multi-HUX to RVEA-greedy_multi-HUX', 'Equivalence_Line_23: NSGA2-greedy_multi-HUX to RVEA-greedy_multi-2P', 'Equivalence_Line_24: NSGA2-greedy_multi-UX to RVEA-greedy_multi-1P']"
NSGA2-greedy_ting-2P,1.5935277360383369,"['Equivalence_Line_1: NSGA2-greedy_ting-UX to SPEA2-greedy_ting-1P', 'Equivalence_Line_2: NSGA2-greedy_ting-2P to NSGA2-random_dense-UX', 'Equivalence_Line_3: SMSEMOA-greedy_ting-1P to NSGA2-random_dense-1P', 'Equivalence_Line_4: SMSEMOA-greedy_ting-2P to NSGA3-random_dense-UX', 'Equivalence_Line_5: UNSGA3-greedy_ting-2P to AGEMOEA2-random_dense-2P', 'Equivalence_Line_6: UNSGA3-greedy_ting-UX to UNSGA3-random_dense-2P', 'Equivalence_Line_7: RVEA-greedy_ting-2P to NSGA3-random_dense-1P', 'Equivalence_Line_8: RVEA-greedy_ting-HUX to UNSGA3-random_dense-1P', 'Equivalence_Line_9: NSGA2-random_dense-HUX to SPEA2-greedy_multi-HUX', 'Equivalence_Line_10: NSGA2-random_dense-2P to SPEA2-greedy_multi-1P', 'Equivalence_Line_11: AGEMOEA2-random_dense-HUX to NSGA2-greedy_multi-1P', 'Equivalence_Line_12: SPEA2-random_dense-HUX to SMSEMOA-random_dense-2P', 'Equivalence_Line_13: NSGA2-random_dense-1P to SMSEMOA-random_dense-1P', 'Equivalence_Line_14: UNSGA3-random_dense-HUX to AGEMOEA2-greedy_multi-HUX', 'Equivalence_Line_15: NSGA3-random_dense-UX to UNSGA3-greedy_multi-UX', 'Equivalence_Line_16: AGEMOEA2-random_dense-2P to AGEMOEA2-greedy_multi-1P', 'Equivalence_Line_17: SMSEMOA-random_dense-HUX to UNSGA3-greedy_multi-1P', 'Equivalence_Line_18: SMSEMOA-random_dense-UX to NSGA3-greedy_multi-1P', 'Equivalence_Line_19: SPEA2-random_dense-2P to RVEA-random_dense-UX', 'Equivalence_Line_20: NSGA3-random_dense-1P to RVEA-random_dense-HUX', 'Equivalence_Line_21: SPEA2-greedy_multi-UX to SMSEMOA-greedy_multi-2P', 'Equivalence_Line_22: SPEA2-greedy_multi-HUX to RVEA-greedy_multi-HUX', 'Equivalence_Line_23: NSGA2-greedy_multi-HUX to RVEA-greedy_multi-2P', 'Equivalence_Line_24: NSGA2-greedy_multi-UX to RVEA-greedy_multi-1P']"
NSGA2-greedy_ting-1P,1.5814604817642146,"['Equivalence_Line_1: NSGA2-greedy_ting-UX to SPEA2-greedy_ting-1P', 'Equivalence_Line_2: NSGA2-greedy_ting-2P to NSGA2-random_dense-UX', 'Equivalence_Line_3: SMSEMOA-greedy_ting-1P to NSGA2-random_dense-1P', 'Equivalence_Line_4: SMSEMOA-greedy_ting-2P to NSGA3-random_dense-UX', 'Equivalence_Line_5: UNSGA3-greedy_ting-2P to AGEMOEA2-random_dense-2P', 'Equivalence_Line_6: UNSGA3-greedy_ting-UX to UNSGA3-random_dense-2P', 'Equivalence_Line_7: RVEA-greedy_ting-2P to NSGA3-random_dense-1P', 'Equivalence_Line_8: RVEA-greedy_ting-HUX to UNSGA3-random_dense-1P', 'Equivalence_Line_9: NSGA2-random_dense-HUX to SPEA2-greedy_multi-HUX', 'Equivalence_Line_10: NSGA2-random_dense-2P to SPEA2-greedy_multi-1P', 'Equivalence_Line_11: AGEMOEA2-random_dense-HUX to NSGA2-greedy_multi-1P', 'Equivalence_Line_12: SPEA2-random_dense-HUX to SMSEMOA-random_dense-2P', 'Equivalence_Line_13: NSGA2-random_dense-1P to SMSEMOA-random_dense-1P', 'Equivalence_Line_14: UNSGA3-random_dense-HUX to AGEMOEA2-greedy_multi-HUX', 'Equivalence_Line_15: NSGA3-random_dense-UX to UNSGA3-greedy_multi-UX', 'Equivalence_Line_16: AGEMOEA2-random_dense-2P to AGEMOEA2-greedy_multi-1P', 'Equivalence_Line_17: SMSEMOA-random_dense-HUX to UNSGA3-greedy_multi-1P', 'Equivalence_Line_18: SMSEMOA-random_dense-UX to NSGA3-greedy_multi-1P', 'Equivalence_Line_19: SPEA2-random_dense-2P to RVEA-random_dense-UX', 'Equivalence_Line_20: NSGA3-random_dense-1P to RVEA-random_dense-HUX', 'Equivalence_Line_21: SPEA2-greedy_multi-UX to SMSEMOA-greedy_multi-2P', 'Equivalence_Line_22: SPEA2-greedy_multi-HUX to RVEA-greedy_multi-HUX', 'Equivalence_Line_23: NSGA2-greedy_multi-HUX to RVEA-greedy_multi-2P', 'Equivalence_Line_24: NSGA2-greedy_multi-UX to RVEA-greedy_multi-1P']"
AGEMOEA2-greedy_ting-1P,1.5698196463168939,"['Equivalence_Line_1: NSGA2-greedy_ting-UX to SPEA2-greedy_ting-1P', 'Equivalence_Line_2: NSGA2-greedy_ting-2P to NSGA2-random_dense-UX', 'Equivalence_Line_3: SMSEMOA-greedy_ting-1P to NSGA2-random_dense-1P', 'Equivalence_Line_4: SMSEMOA-greedy_ting-2P to NSGA3-random_dense-UX', 'Equivalence_Line_5: UNSGA3-greedy_ting-2P to AGEMOEA2-random_dense-2P', 'Equivalence_Line_6: UNSGA3-greedy_ting-UX to UNSGA3-random_dense-2P', 'Equivalence_Line_7: RVEA-greedy_ting-2P to NSGA3-random_dense-1P', 'Equivalence_Line_8: RVEA-greedy_ting-HUX to UNSGA3-random_dense-1P', 'Equivalence_Line_9: NSGA2-random_dense-HUX to SPEA2-greedy_multi-HUX', 'Equivalence_Line_10: NSGA2-random_dense-2P to SPEA2-greedy_multi-1P', 'Equivalence_Line_11: AGEMOEA2-random_dense-HUX to NSGA2-greedy_multi-1P', 'Equivalence_Line_12: SPEA2-random_dense-HUX to SMSEMOA-random_dense-2P', 'Equivalence_Line_13: NSGA2-random_dense-1P to SMSEMOA-random_dense-1P', 'Equivalence_Line_14: UNSGA3-random_dense-HUX to AGEMOEA2-greedy_multi-HUX', 'Equivalence_Line_15: NSGA3-random_dense-UX to UNSGA3-greedy_multi-UX', 'Equivalence_Line_16: AGEMOEA2-random_dense-2P to AGEMOEA2-greedy_multi-1P', 'Equivalence_Line_17: SMSEMOA-random_dense-HUX to UNSGA3-greedy_multi-1P', 'Equivalence_Line_18: SMSEMOA-random_dense-UX to NSGA3-greedy_multi-1P', 'Equivalence_Line_19: SPEA2-random_dense-2P to RVEA-random_dense-UX', 'Equivalence_Line_20: NSGA3-random_dense-1P to RVEA-random_dense-HUX', 'Equivalence_Line_21: SPEA2-greedy_multi-UX to SMSEMOA-greedy_multi-2P', 'Equivalence_Line_22: SPEA2-greedy_multi-HUX to RVEA-greedy_multi-HUX', 'Equivalence_Line_23: NSGA2-greedy_multi-HUX to RVEA-greedy_multi-2P', 'Equivalence_Line_24: NSGA2-greedy_multi-UX to RVEA-greedy_multi-1P']"
AGEMOEA2-greedy_ting-2P,1.5544337821768164,"['Equivalence_Line_1: NSGA2-greedy_ting-UX to SPEA2-greedy_ting-1P', 'Equivalence_Line_2: NSGA2-greedy_ting-2P to NSGA2-random_dense-UX', 'Equivalence_Line_3: SMSEMOA-greedy_ting-1P to NSGA2-random_dense-1P', 'Equivalence_Line_4: SMSEMOA-greedy_ting-2P to NSGA3-random_dense-UX', 'Equivalence_Line_5: UNSGA3-greedy_ting-2P to AGEMOEA2-random_dense-2P', 'Equivalence_Line_6: UNSGA3-greedy_ting-UX to UNSGA3-random_dense-2P', 'Equivalence_Line_7: RVEA-greedy_ting-2P to NSGA3-random_dense-1P', 'Equivalence_Line_8: RVEA-greedy_ting-HUX to UNSGA3-random_dense-1P', 'Equivalence_Line_9: NSGA2-random_dense-HUX to SPEA2-greedy_multi-HUX', 'Equivalence_Line_10: NSGA2-random_dense-2P to SPEA2-greedy_multi-1P', 'Equivalence_Line_11: AGEMOEA2-random_dense-HUX to NSGA2-greedy_multi-1P', 'Equivalence_Line_12: SPEA2-random_dense-HUX to SMSEMOA-random_dense-2P', 'Equivalence_Line_13: NSGA2-random_dense-1P to SMSEMOA-random_dense-1P', 'Equivalence_Line_14: UNSGA3-random_dense-HUX to AGEMOEA2-greedy_multi-HUX', 'Equivalence_Line_15: NSGA3-random_dense-UX to UNSGA3-greedy_multi-UX', 'Equivalence_Line_16: AGEMOEA2-random_dense-2P to AGEMOEA2-greedy_multi-1P', 'Equivalence_Line_17: SMSEMOA-random_dense-HUX to UNSGA3-greedy_multi-1P', 'Equivalence_Line_18: SMSEMOA-random_dense-UX to NSGA3-greedy_multi-1P', 'Equivalence_Line_19: SPEA2-random_dense-2P to RVEA-random_dense-UX', 'Equivalence_Line_20: NSGA3-random_dense-1P to RVEA-random_dense-HUX', 'Equivalence_Line_21: SPEA2-greedy_multi-UX to SMSEMOA-greedy_multi-2P', 'Equivalence_Line_22: SPEA2-greedy_multi-HUX to RVEA-greedy_multi-HUX', 'Equivalence_Line_23: NSGA2-greedy_multi-HUX to RVEA-greedy_multi-2P', 'Equivalence_Line_24: NSGA2-greedy_multi-UX to RVEA-greedy_multi-1P']"
AGEMOEA2-greedy_ting-UX,1.55024194674805,"['Equivalence_Line_1: NSGA2-greedy_ting-UX to SPEA2-greedy_ting-1P', 'Equivalence_Line_2: NSGA2-greedy_ting-2P to NSGA2-random_dense-UX', 'Equivalence_Line_3: SMSEMOA-greedy_ting-1P to NSGA2-random_dense-1P', 'Equivalence_Line_4: SMSEMOA-greedy_ting-2P to NSGA3-random_dense-UX', 'Equivalence_Line_5: UNSGA3-greedy_ting-2P to AGEMOEA2-random_dense-2P', 'Equivalence_Line_6: UNSGA3-greedy_ting-UX to UNSGA3-random_dense-2P', 'Equivalence_Line_7: RVEA-greedy_ting-2P to NSGA3-random_dense-1P', 'Equivalence_Line_8: RVEA-greedy_ting-HUX to UNSGA3-random_dense-1P', 'Equivalence_Line_9: NSGA2-random_dense-HUX to SPEA2-greedy_multi-HUX', 'Equivalence_Line_10: NSGA2-random_dense-2P to SPEA2-greedy_multi-1P', 'Equivalence_Line_11: AGEMOEA2-random_dense-HUX to NSGA2-greedy_multi-1P', 'Equivalence_Line_12: SPEA2-random_dense-HUX to SMSEMOA-random_dense-2P', 'Equivalence_Line_13: NSGA2-random_dense-1P to SMSEMOA-random_dense-1P', 'Equivalence_Line_14: UNSGA3-random_dense-HUX to AGEMOEA2-greedy_multi-HUX', 'Equivalence_Line_15: NSGA3-random_dense-UX to UNSGA3-greedy_multi-UX', 'Equivalence_Line_16: AGEMOEA2-random_dense-2P to AGEMOEA2-greedy_multi-1P', 'Equivalence_Line_17: SMSEMOA-random_dense-HUX to UNSGA3-greedy_multi-1P', 'Equivalence_Line_18: SMSEMOA-random_dense-UX to NSGA3-greedy_multi-1P', 'Equivalence_Line_19: SPEA2-random_dense-2P to RVEA-random_dense-UX', 'Equivalence_Line_20: NSGA3-random_dense-1P to RVEA-random_dense-HUX', 'Equivalence_Line_21: SPEA2-greedy_multi-UX to SMSEMOA-greedy_multi-2P', 'Equivalence_Line_22: SPEA2-greedy_multi-HUX to RVEA-greedy_multi-HUX', 'Equivalence_Line_23: NSGA2-greedy_multi-HUX to RVEA-greedy_multi-2P', 'Equivalence_Line_24: NSGA2-greedy_multi-UX to RVEA-greedy_multi-1P']"
AGEMOEA2-greedy_ting-HUX,1.5472323602931206,"['Equivalence_Line_1: NSGA2-greedy_ting-UX to SPEA2-greedy_ting-1P', 'Equivalence_Line_2: NSGA2-greedy_ting-2P to NSGA2-random_dense-UX', 'Equivalence_Line_3: SMSEMOA-greedy_ting-1P to NSGA2-random_dense-1P', 'Equivalence_Line_4: SMSEMOA-greedy_ting-2P to NSGA3-random_dense-UX', 'Equivalence_Line_5: UNSGA3-greedy_ting-2P to AGEMOEA2-random_dense-2P', 'Equivalence_Line_6: UNSGA3-greedy_ting-UX to UNSGA3-random_dense-2P', 'Equivalence_Line_7: RVEA-greedy_ting-2P to NSGA3-random_dense-1P', 'Equivalence_Line_8: RVEA-greedy_ting-HUX to UNSGA3-random_dense-1P', 'Equivalence_Line_9: NSGA2-random_dense-HUX to SPEA2-greedy_multi-HUX', 'Equivalence_Line_10: NSGA2-random_dense-2P to SPEA2-greedy_multi-1P', 'Equivalence_Line_11: AGEMOEA2-random_dense-HUX to NSGA2-greedy_multi-1P', 'Equivalence_Line_12: SPEA2-random_dense-HUX to SMSEMOA-random_dense-2P', 'Equivalence_Line_13: NSGA2-random_dense-1P to SMSEMOA-random_dense-1P', 'Equivalence_Line_14: UNSGA3-random_dense-HUX to AGEMOEA2-greedy_multi-HUX', 'Equivalence_Line_15: NSGA3-random_dense-UX to UNSGA3-greedy_multi-UX', 'Equivalence_Line_16: AGEMOEA2-random_dense-2P to AGEMOEA2-greedy_multi-1P', 'Equivalence_Line_17: SMSEMOA-random_dense-HUX to UNSGA3-greedy_multi-1P', 'Equivalence_Line_18: SMSEMOA-random_dense-UX to NSGA3-greedy_multi-1P', 'Equivalence_Line_19: SPEA2-random_dense-2P to RVEA-random_dense-UX', 'Equivalence_Line_20: NSGA3-random_dense-1P to RVEA-random_dense-HUX', 'Equivalence_Line_21: SPEA2-greedy_multi-UX to SMSEMOA-greedy_multi-2P', 'Equivalence_Line_22: SPEA2-greedy_multi-HUX to RVEA-greedy_multi-HUX', 'Equivalence_Line_23: NSGA2-greedy_multi-HUX to RVEA-greedy_multi-2P', 'Equivalence_Line_24: NSGA2-greedy_multi-UX to RVEA-greedy_multi-1P']"
SMSEMOA-greedy_ting-1P,1.460275226274913,"['Equivalence_Line_1: NSGA2-greedy_ting-UX to SPEA2-greedy_ting-1P', 'Equivalence_Line_2: NSGA2-greedy_ting-2P to NSGA2-random_dense-UX', 'Equivalence_Line_3: SMSEMOA-greedy_ting-1P to NSGA2-random_dense-1P', 'Equivalence_Line_4: SMSEMOA-greedy_ting-2P to NSGA3-random_dense-UX', 'Equivalence_Line_5: UNSGA3-greedy_ting-2P to AGEMOEA2-random_dense-2P', 'Equivalence_Line_6: UNSGA3-greedy_ting-UX to UNSGA3-random_dense-2P', 'Equivalence_Line_7: RVEA-greedy_ting-2P to NSGA3-random_dense-1P', 'Equivalence_Line_8: RVEA-greedy_ting-HUX to UNSGA3-random_dense-1P', 'Equivalence_Line_9: NSGA2-random_dense-HUX to SPEA2-greedy_multi-HUX', 'Equivalence_Line_10: NSGA2-random_dense-2P to SPEA2-greedy_multi-1P', 'Equivalence_Line_11: AGEMOEA2-random_dense-HUX to NSGA2-greedy_multi-1P', 'Equivalence_Line_12: SPEA2-random_dense-HUX to SMSEMOA-random_dense-2P', 'Equivalence_Line_13: NSGA2-random_dense-1P to SMSEMOA-random_dense-1P', 'Equivalence_Line_14: UNSGA3-random_dense-HUX to AGEMOEA2-greedy_multi-HUX', 'Equivalence_Line_15: NSGA3-random_dense-UX to UNSGA3-greedy_multi-UX', 'Equivalence_Line_16: AGEMOEA2-random_dense-2P to AGEMOEA2-greedy_multi-1P', 'Equivalence_Line_17: SMSEMOA-random_dense-HUX to UNSGA3-greedy_multi-1P', 'Equivalence_Line_18: SMSEMOA-random_dense-UX to NSGA3-greedy_multi-1P', 'Equivalence_Line_19: SPEA2-random_dense-2P to RVEA-random_dense-UX', 'Equivalence_Line_20: NSGA3-random_dense-1P to RVEA-random_dense-HUX', 'Equivalence_Line_21: SPEA2-greedy_multi-UX to SMSEMOA-greedy_multi-2P', 'Equivalence_Line_22: SPEA2-greedy_multi-HUX to RVEA-greedy_multi-HUX', 'Equivalence_Line_23: NSGA2-greedy_multi-HUX to RVEA-greedy_multi-2P', 'Equivalence_Line_24: NSGA2-greedy_multi-UX to RVEA-greedy_multi-1P']"
SMSEMOA-greedy_ting-2P,1.435393183689755,"['Equivalence_Line_1: NSGA2-greedy_ting-UX to SPEA2-greedy_ting-1P', 'Equivalence_Line_2: NSGA2-greedy_ting-2P to NSGA2-random_dense-UX', 'Equivalence_Line_3: SMSEMOA-greedy_ting-1P to NSGA2-random_dense-1P', 'Equivalence_Line_4: SMSEMOA-greedy_ting-2P to NSGA3-random_dense-UX', 'Equivalence_Line_5: UNSGA3-greedy_ting-2P to AGEMOEA2-random_dense-2P', 'Equivalence_Line_6: UNSGA3-greedy_ting-UX to UNSGA3-random_dense-2P', 'Equivalence_Line_7: RVEA-greedy_ting-2P to NSGA3-random_dense-1P', 'Equivalence_Line_8: RVEA-greedy_ting-HUX to UNSGA3-random_dense-1P', 'Equivalence_Line_9: NSGA2-random_dense-HUX to SPEA2-greedy_multi-HUX', 'Equivalence_Line_10: NSGA2-random_dense-2P to SPEA2-greedy_multi-1P', 'Equivalence_Line_11: AGEMOEA2-random_dense-HUX to NSGA2-greedy_multi-1P', 'Equivalence_Line_12: SPEA2-random_dense-HUX to SMSEMOA-random_dense-2P', 'Equivalence_Line_13: NSGA2-random_dense-1P to SMSEMOA-random_dense-1P', 'Equivalence_Line_14: UNSGA3-random_dense-HUX to AGEMOEA2-greedy_multi-HUX', 'Equivalence_Line_15: NSGA3-random_dense-UX to UNSGA3-greedy_multi-UX', 'Equivalence_Line_16: AGEMOEA2-random_dense-2P to AGEMOEA2-greedy_multi-1P', 'Equivalence_Line_17: SMSEMOA-random_dense-HUX to UNSGA3-greedy_multi-1P', 'Equivalence_Line_18: SMSEMOA-random_dense-UX to NSGA3-greedy_multi-1P', 'Equivalence_Line_19: SPEA2-random_dense-2P to RVEA-random_dense-UX', 'Equivalence_Line_20: NSGA3-random_dense-1P to RVEA-random_dense-HUX', 'Equivalence_Line_21: SPEA2-greedy_multi-UX to SMSEMOA-greedy_multi-2P', 'Equivalence_Line_22: SPEA2-greedy_multi-HUX to RVEA-greedy_multi-HUX', 'Equivalence_Line_23: NSGA2-greedy_multi-HUX to RVEA-greedy_multi-2P', 'Equivalence_Line_24: NSGA2-greedy_multi-UX to RVEA-greedy_multi-1P']"
SMSEMOA-greedy_ting-HUX,1.4346985269094166,"['Equivalence_Line_1: NSGA2-greedy_ting-UX to SPEA2-greedy_ting-1P', 'Equivalence_Line_2: NSGA2-greedy_ting-2P to NSGA2-random_dense-UX', 'Equivalence_Line_3: SMSEMOA-greedy_ting-1P to NSGA2-random_dense-1P', 'Equivalence_Line_4: SMSEMOA-greedy_ting-2P to NSGA3-random_dense-UX', 'Equivalence_Line_5: UNSGA3-greedy_ting-2P to AGEMOEA2-random_dense-2P', 'Equivalence_Line_6: UNSGA3-greedy_ting-UX to UNSGA3-random_dense-2P', 'Equivalence_Line_7: RVEA-greedy_ting-2P to NSGA3-random_dense-1P', 'Equivalence_Line_8: RVEA-greedy_ting-HUX to UNSGA3-random_dense-1P', 'Equivalence_Line_9: NSGA2-random_dense-HUX to SPEA2-greedy_multi-HUX', 'Equivalence_Line_10: NSGA2-random_dense-2P to SPEA2-greedy_multi-1P', 'Equivalence_Line_11: AGEMOEA2-random_dense-HUX to NSGA2-greedy_multi-1P', 'Equivalence_Line_12: SPEA2-random_dense-HUX to SMSEMOA-random_dense-2P', 'Equivalence_Line_13: NSGA2-random_dense-1P to SMSEMOA-random_dense-1P', 'Equivalence_Line_14: UNSGA3-random_dense-HUX to AGEMOEA2-greedy_multi-HUX', 'Equivalence_Line_15: NSGA3-random_dense-UX to UNSGA3-greedy_multi-UX', 'Equivalence_Line_16: AGEMOEA2-random_dense-2P to AGEMOEA2-greedy_multi-1P', 'Equivalence_Line_17: SMSEMOA-random_dense-HUX to UNSGA3-greedy_multi-1P', 'Equivalence_Line_18: SMSEMOA-random_dense-UX to NSGA3-greedy_multi-1P', 'Equivalence_Line_19: SPEA2-random_dense-2P to RVEA-random_dense-UX', 'Equivalence_Line_20: NSGA3-random_dense-1P to RVEA-random_dense-HUX', 'Equivalence_Line_21: SPEA2-greedy_multi-UX to SMSEMOA-greedy_multi-2P', 'Equivalence_Line_22: SPEA2-greedy_multi-HUX to RVEA-greedy_multi-HUX', 'Equivalence_Line_23: NSGA2-greedy_multi-HUX to RVEA-greedy_multi-2P', 'Equivalence_Line_24: NSGA2-greedy_multi-UX to RVEA-greedy_multi-1P']"
NSGA3-greedy_ting-1P,1.4342886172225797,"['Equivalence_Line_1: NSGA2-greedy_ting-UX to SPEA2-greedy_ting-1P', 'Equivalence_Line_2: NSGA2-greedy_ting-2P to NSGA2-random_dense-UX', 'Equivalence_Line_3: SMSEMOA-greedy_ting-1P to NSGA2-random_dense-1P', 'Equivalence_Line_4: SMSEMOA-greedy_ting-2P to NSGA3-random_dense-UX', 'Equivalence_Line_5: UNSGA3-greedy_ting-2P to AGEMOEA2-random_dense-2P', 'Equivalence_Line_6: UNSGA3-greedy_ting-UX to UNSGA3-random_dense-2P', 'Equivalence_Line_7: RVEA-greedy_ting-2P to NSGA3-random_dense-1P', 'Equivalence_Line_8: RVEA-greedy_ting-HUX to UNSGA3-random_dense-1P', 'Equivalence_Line_9: NSGA2-random_dense-HUX to SPEA2-greedy_multi-HUX', 'Equivalence_Line_10: NSGA2-random_dense-2P to SPEA2-greedy_multi-1P', 'Equivalence_Line_11: AGEMOEA2-random_dense-HUX to NSGA2-greedy_multi-1P', 'Equivalence_Line_12: SPEA2-random_dense-HUX to SMSEMOA-random_dense-2P', 'Equivalence_Line_13: NSGA2-random_dense-1P to SMSEMOA-random_dense-1P', 'Equivalence_Line_14: UNSGA3-random_dense-HUX to AGEMOEA2-greedy_multi-HUX', 'Equivalence_Line_15: NSGA3-random_dense-UX to UNSGA3-greedy_multi-UX', 'Equivalence_Line_16: AGEMOEA2-random_dense-2P to AGEMOEA2-greedy_multi-1P', 'Equivalence_Line_17: SMSEMOA-random_dense-HUX to UNSGA3-greedy_multi-1P', 'Equivalence_Line_18: SMSEMOA-random_dense-UX to NSGA3-greedy_multi-1P', 'Equivalence_Line_19: SPEA2-random_dense-2P to RVEA-random_dense-UX', 'Equivalence_Line_20: NSGA3-random_dense-1P to RVEA-random_dense-HUX', 'Equivalence_Line_21: SPEA2-greedy_multi-UX to SMSEMOA-greedy_multi-2P', 'Equivalence_Line_22: SPEA2-greedy_multi-HUX to RVEA-greedy_multi-HUX', 'Equivalence_Line_23: NSGA2-greedy_multi-HUX to RVEA-greedy_multi-2P', 'Equivalence_Line_24: NSGA2-greedy_multi-UX to RVEA-greedy_multi-1P']"
SMSEMOA-greedy_ting-UX,1.43404767209712,"['Equivalence_Line_1: NSGA2-greedy_ting-UX to SPEA2-greedy_ting-1P', 'Equivalence_Line_2: NSGA2-greedy_ting-2P to NSGA2-random_dense-UX', 'Equivalence_Line_3: SMSEMOA-greedy_ting-1P to NSGA2-random_dense-1P', 'Equivalence_Line_4: SMSEMOA-greedy_ting-2P to NSGA3-random_dense-UX', 'Equivalence_Line_5: UNSGA3-greedy_ting-2P to AGEMOEA2-random_dense-2P', 'Equivalence_Line_6: UNSGA3-greedy_ting-UX to UNSGA3-random_dense-2P', 'Equivalence_Line_7: RVEA-greedy_ting-2P to NSGA3-random_dense-1P', 'Equivalence_Line_8: RVEA-greedy_ting-HUX to UNSGA3-random_dense-1P', 'Equivalence_Line_9: NSGA2-random_dense-HUX to SPEA2-greedy_multi-HUX', 'Equivalence_Line_10: NSGA2-random_dense-2P to SPEA2-greedy_multi-1P', 'Equivalence_Line_11: AGEMOEA2-random_dense-HUX to NSGA2-greedy_multi-1P', 'Equivalence_Line_12: SPEA2-random_dense-HUX to SMSEMOA-random_dense-2P', 'Equivalence_Line_13: NSGA2-random_dense-1P to SMSEMOA-random_dense-1P', 'Equivalence_Line_14: UNSGA3-random_dense-HUX to AGEMOEA2-greedy_multi-HUX', 'Equivalence_Line_15: NSGA3-random_dense-UX to UNSGA3-greedy_multi-UX', 'Equivalence_Line_16: AGEMOEA2-random_dense-2P to AGEMOEA2-greedy_multi-1P', 'Equivalence_Line_17: SMSEMOA-random_dense-HUX to UNSGA3-greedy_multi-1P', 'Equivalence_Line_18: SMSEMOA-random_dense-UX to NSGA3-greedy_multi-1P', 'Equivalence_Line_19: SPEA2-random_dense-2P to RVEA-random_dense-UX', 'Equivalence_Line_20: NSGA3-random_dense-1P to RVEA-random_dense-HUX', 'Equivalence_Line_21: SPEA2-greedy_multi-UX to SMSEMOA-greedy_multi-2P', 'Equivalence_Line_22: SPEA2-greedy_multi-HUX to RVEA-greedy_multi-HUX', 'Equivalence_Line_23: NSGA2-greedy_multi-HUX to RVEA-greedy_multi-2P', 'Equivalence_Line_24: NSGA2-greedy_multi-UX to RVEA-greedy_multi-1P']"
UNSGA3-greedy_ting-1P,1.4241304413406948,"['Equivalence_Line_1: NSGA2-greedy_ting-UX to SPEA2-greedy_ting-1P', 'Equivalence_Line_2: NSGA2-greedy_ting-2P to NSGA2-random_dense-UX', 'Equivalence_Line_3: SMSEMOA-greedy_ting-1P to NSGA2-random_dense-1P', 'Equivalence_Line_4: SMSEMOA-greedy_ting-2P to NSGA3-random_dense-UX', 'Equivalence_Line_5: UNSGA3-greedy_ting-2P to AGEMOEA2-random_dense-2P', 'Equivalence_Line_6: UNSGA3-greedy_ting-UX to UNSGA3-random_dense-2P', 'Equivalence_Line_7: RVEA-greedy_ting-2P to NSGA3-random_dense-1P', 'Equivalence_Line_8: RVEA-greedy_ting-HUX to UNSGA3-random_dense-1P', 'Equivalence_Line_9: NSGA2-random_dense-HUX to SPEA2-greedy_multi-HUX', 'Equivalence_Line_10: NSGA2-random_dense-2P to SPEA2-greedy_multi-1P', 'Equivalence_Line_11: AGEMOEA2-random_dense-HUX to NSGA2-greedy_multi-1P', 'Equivalence_Line_12: SPEA2-random_dense-HUX to SMSEMOA-random_dense-2P', 'Equivalence_Line_13: NSGA2-random_dense-1P to SMSEMOA-random_dense-1P', 'Equivalence_Line_14: UNSGA3-random_dense-HUX to AGEMOEA2-greedy_multi-HUX', 'Equivalence_Line_15: NSGA3-random_dense-UX to UNSGA3-greedy_multi-UX', 'Equivalence_Line_16: AGEMOEA2-random_dense-2P to AGEMOEA2-greedy_multi-1P', 'Equivalence_Line_17: SMSEMOA-random_dense-HUX to UNSGA3-greedy_multi-1P', 'Equivalence_Line_18: SMSEMOA-random_dense-UX to NSGA3-greedy_multi-1P', 'Equivalence_Line_19: SPEA2-random_dense-2P to RVEA-random_dense-UX', 'Equivalence_Line_20: NSGA3-random_dense-1P to RVEA-random_dense-HUX', 'Equivalence_Line_21: SPEA2-greedy_multi-UX to SMSEMOA-greedy_multi-2P', 'Equivalence_Line_22: SPEA2-greedy_multi-HUX to RVEA-greedy_multi-HUX', 'Equivalence_Line_23: NSGA2-greedy_multi-HUX to RVEA-greedy_multi-2P', 'Equivalence_Line_24: NSGA2-greedy_multi-UX to RVEA-greedy_multi-1P']"
UNSGA3-greedy_ting-2P,1.4112185001210453,"['Equivalence_Line_1: NSGA2-greedy_ting-UX to SPEA2-greedy_ting-1P', 'Equivalence_Line_2: NSGA2-greedy_ting-2P to NSGA2-random_dense-UX', 'Equivalence_Line_3: SMSEMOA-greedy_ting-1P to NSGA2-random_dense-1P', 'Equivalence_Line_4: SMSEMOA-greedy_ting-2P to NSGA3-random_dense-UX', 'Equivalence_Line_5: UNSGA3-greedy_ting-2P to AGEMOEA2-random_dense-2P', 'Equivalence_Line_6: UNSGA3-greedy_ting-UX to UNSGA3-random_dense-2P', 'Equivalence_Line_7: RVEA-greedy_ting-2P to NSGA3-random_dense-1P', 'Equivalence_Line_8: RVEA-greedy_ting-HUX to UNSGA3-random_dense-1P', 'Equivalence_Line_9: NSGA2-random_dense-HUX to SPEA2-greedy_multi-HUX', 'Equivalence_Line_10: NSGA2-random_dense-2P to SPEA2-greedy_multi-1P', 'Equivalence_Line_11: AGEMOEA2-random_dense-HUX to NSGA2-greedy_multi-1P', 'Equivalence_Line_12: SPEA2-random_dense-HUX to SMSEMOA-random_dense-2P', 'Equivalence_Line_13: NSGA2-random_dense-1P to SMSEMOA-random_dense-1P', 'Equivalence_Line_14: UNSGA3-random_dense-HUX to AGEMOEA2-greedy_multi-HUX', 'Equivalence_Line_15: NSGA3-random_dense-UX to UNSGA3-greedy_multi-UX', 'Equivalence_Line_16: AGEMOEA2-random_dense-2P to AGEMOEA2-greedy_multi-1P', 'Equivalence_Line_17: SMSEMOA-random_dense-HUX to UNSGA3-greedy_multi-1P', 'Equivalence_Line_18: SMSEMOA-random_dense-UX to NSGA3-greedy_multi-1P', 'Equivalence_Line_19: SPEA2-random_dense-2P to RVEA-random_dense-UX', 'Equivalence_Line_20: NSGA3-random_dense-1P to RVEA-random_dense-HUX', 'Equivalence_Line_21: SPEA2-greedy_multi-UX to SMSEMOA-greedy_multi-2P', 'Equivalence_Line_22: SPEA2-greedy_multi-HUX to RVEA-greedy_multi-HUX', 'Equivalence_Line_23: NSGA2-greedy_multi-HUX to RVEA-greedy_multi-2P', 'Equivalence_Line_24: NSGA2-greedy_multi-UX to RVEA-greedy_multi-1P']"
NSGA3-greedy_ting-2P,1.4068639583566087,"['Equivalence_Line_1: NSGA2-greedy_ting-UX to SPEA2-greedy_ting-1P', 'Equivalence_Line_2: NSGA2-greedy_ting-2P to NSGA2-random_dense-UX', 'Equivalence_Line_3: SMSEMOA-greedy_ting-1P to NSGA2-random_dense-1P', 'Equivalence_Line_4: SMSEMOA-greedy_ting-2P to NSGA3-random_dense-UX', 'Equivalence_Line_5: UNSGA3-greedy_ting-2P to AGEMOEA2-random_dense-2P', 'Equivalence_Line_6: UNSGA3-greedy_ting-UX to UNSGA3-random_dense-2P', 'Equivalence_Line_7: RVEA-greedy_ting-2P to NSGA3-random_dense-1P', 'Equivalence_Line_8: RVEA-greedy_ting-HUX to UNSGA3-random_dense-1P', 'Equivalence_Line_9: NSGA2-random_dense-HUX to SPEA2-greedy_multi-HUX', 'Equivalence_Line_10: NSGA2-random_dense-2P to SPEA2-greedy_multi-1P', 'Equivalence_Line_11: AGEMOEA2-random_dense-HUX to NSGA2-greedy_multi-1P', 'Equivalence_Line_12: SPEA2-random_dense-HUX to SMSEMOA-random_dense-2P', 'Equivalence_Line_13: NSGA2-random_dense-1P to SMSEMOA-random_dense-1P', 'Equivalence_Line_14: UNSGA3-random_dense-HUX to AGEMOEA2-greedy_multi-HUX', 'Equivalence_Line_15: NSGA3-random_dense-UX to UNSGA3-greedy_multi-UX', 'Equivalence_Line_16: AGEMOEA2-random_dense-2P to AGEMOEA2-greedy_multi-1P', 'Equivalence_Line_17: SMSEMOA-random_dense-HUX to UNSGA3-greedy_multi-1P', 'Equivalence_Line_18: SMSEMOA-random_dense-UX to NSGA3-greedy_multi-1P', 'Equivalence_Line_19: SPEA2-random_dense-2P to RVEA-random_dense-UX', 'Equivalence_Line_20: NSGA3-random_dense-1P to RVEA-random_dense-HUX', 'Equivalence_Line_21: SPEA2-greedy_multi-UX to SMSEMOA-greedy_multi-2P', 'Equivalence_Line_22: SPEA2-greedy_multi-HUX to RVEA-greedy_multi-HUX', 'Equivalence_Line_23: NSGA2-greedy_multi-HUX to RVEA-greedy_multi-2P', 'Equivalence_Line_24: NSGA2-greedy_multi-UX to RVEA-greedy_multi-1P']"
SPEA2-greedy_ting-UX,1.4018843126268208,"['Equivalence_Line_1: NSGA2-greedy_ting-UX to SPEA2-greedy_ting-1P', 'Equivalence_Line_2: NSGA2-greedy_ting-2P to NSGA2-random_dense-UX', 'Equivalence_Line_3: SMSEMOA-greedy_ting-1P to NSGA2-random_dense-1P', 'Equivalence_Line_4: SMSEMOA-greedy_ting-2P to NSGA3-random_dense-UX', 'Equivalence_Line_5: UNSGA3-greedy_ting-2P to AGEMOEA2-random_dense-2P', 'Equivalence_Line_6: UNSGA3-greedy_ting-UX to UNSGA3-random_dense-2P', 'Equivalence_Line_7: RVEA-greedy_ting-2P to NSGA3-random_dense-1P', 'Equivalence_Line_8: RVEA-greedy_ting-HUX to UNSGA3-random_dense-1P', 'Equivalence_Line_9: NSGA2-random_dense-HUX to SPEA2-greedy_multi-HUX', 'Equivalence_Line_10: NSGA2-random_dense-2P to SPEA2-greedy_multi-1P', 'Equivalence_Line_11: AGEMOEA2-random_dense-HUX to NSGA2-greedy_multi-1P', 'Equivalence_Line_12: SPEA2-random_dense-HUX to SMSEMOA-random_dense-2P', 'Equivalence_Line_13: NSGA2-random_dense-1P to SMSEMOA-random_dense-1P', 'Equivalence_Line_14: UNSGA3-random_dense-HUX to AGEMOEA2-greedy_multi-HUX', 'Equivalence_Line_15: NSGA3-random_dense-UX to UNSGA3-greedy_multi-UX', 'Equivalence_Line_16: AGEMOEA2-random_dense-2P to AGEMOEA2-greedy_multi-1P', 'Equivalence_Line_17: SMSEMOA-random_dense-HUX to UNSGA3-greedy_multi-1P', 'Equivalence_Line_18: SMSEMOA-random_dense-UX to NSGA3-greedy_multi-1P', 'Equivalence_Line_19: SPEA2-random_dense-2P to RVEA-random_dense-UX', 'Equivalence_Line_20: NSGA3-random_dense-1P to RVEA-random_dense-HUX', 'Equivalence_Line_21: SPEA2-greedy_multi-UX to SMSEMOA-greedy_multi-2P', 'Equivalence_Line_22: SPEA2-greedy_multi-HUX to RVEA-greedy_multi-HUX', 'Equivalence_Line_23: NSGA2-greedy_multi-HUX to RVEA-greedy_multi-2P', 'Equivalence_Line_24: NSGA2-greedy_multi-UX to RVEA-greedy_multi-1P']"
SPEA2-greedy_ting-HUX,1.4008503461782102,"['Equivalence_Line_1: NSGA2-greedy_ting-UX to SPEA2-greedy_ting-1P', 'Equivalence_Line_2: NSGA2-greedy_ting-2P to NSGA2-random_dense-UX', 'Equivalence_Line_3: SMSEMOA-greedy_ting-1P to NSGA2-random_dense-1P', 'Equivalence_Line_4: SMSEMOA-greedy_ting-2P to NSGA3-random_dense-UX', 'Equivalence_Line_5: UNSGA3-greedy_ting-2P to AGEMOEA2-random_dense-2P', 'Equivalence_Line_6: UNSGA3-greedy_ting-UX to UNSGA3-random_dense-2P', 'Equivalence_Line_7: RVEA-greedy_ting-2P to NSGA3-random_dense-1P', 'Equivalence_Line_8: RVEA-greedy_ting-HUX to UNSGA3-random_dense-1P', 'Equivalence_Line_9: NSGA2-random_dense-HUX to SPEA2-greedy_multi-HUX', 'Equivalence_Line_10: NSGA2-random_dense-2P to SPEA2-greedy_multi-1P', 'Equivalence_Line_11: AGEMOEA2-random_dense-HUX to NSGA2-greedy_multi-1P', 'Equivalence_Line_12: SPEA2-random_dense-HUX to SMSEMOA-random_dense-2P', 'Equivalence_Line_13: NSGA2-random_dense-1P to SMSEMOA-random_dense-1P', 'Equivalence_Line_14: UNSGA3-random_dense-HUX to AGEMOEA2-greedy_multi-HUX', 'Equivalence_Line_15: NSGA3-random_dense-UX to UNSGA3-greedy_multi-UX', 'Equivalence_Line_16: AGEMOEA2-random_dense-2P to AGEMOEA2-greedy_multi-1P', 'Equivalence_Line_17: SMSEMOA-random_dense-HUX to UNSGA3-greedy_multi-1P', 'Equivalence_Line_18: SMSEMOA-random_dense-UX to NSGA3-greedy_multi-1P', 'Equivalence_Line_19: SPEA2-random_dense-2P to RVEA-random_dense-UX', 'Equivalence_Line_20: NSGA3-random_dense-1P to RVEA-random_dense-HUX', 'Equivalence_Line_21: SPEA2-greedy_multi-UX to SMSEMOA-greedy_multi-2P', 'Equivalence_Line_22: SPEA2-greedy_multi-HUX to RVEA-greedy_multi-HUX', 'Equivalence_Line_23: NSGA2-greedy_multi-HUX to RVEA-greedy_multi-2P', 'Equivalence_Line_24: NSGA2-greedy_multi-UX to RVEA-greedy_multi-1P']"
NSGA3-greedy_ting-UX,1.3991197193654317,"['Equivalence_Line_1: NSGA2-greedy_ting-UX to SPEA2-greedy_ting-1P', 'Equivalence_Line_2: NSGA2-greedy_ting-2P to NSGA2-random_dense-UX', 'Equivalence_Line_3: SMSEMOA-greedy_ting-1P to NSGA2-random_dense-1P', 'Equivalence_Line_4: SMSEMOA-greedy_ting-2P to NSGA3-random_dense-UX', 'Equivalence_Line_5: UNSGA3-greedy_ting-2P to AGEMOEA2-random_dense-2P', 'Equivalence_Line_6: UNSGA3-greedy_ting-UX to UNSGA3-random_dense-2P', 'Equivalence_Line_7: RVEA-greedy_ting-2P to NSGA3-random_dense-1P', 'Equivalence_Line_8: RVEA-greedy_ting-HUX to UNSGA3-random_dense-1P', 'Equivalence_Line_9: NSGA2-random_dense-HUX to SPEA2-greedy_multi-HUX', 'Equivalence_Line_10: NSGA2-random_dense-2P to SPEA2-greedy_multi-1P', 'Equivalence_Line_11: AGEMOEA2-random_dense-HUX to NSGA2-greedy_multi-1P', 'Equivalence_Line_12: SPEA2-random_dense-HUX to SMSEMOA-random_dense-2P', 'Equivalence_Line_13: NSGA2-random_dense-1P to SMSEMOA-random_dense-1P', 'Equivalence_Line_14: UNSGA3-random_dense-HUX to AGEMOEA2-greedy_multi-HUX', 'Equivalence_Line_15: NSGA3-random_dense-UX to UNSGA3-greedy_multi-UX', 'Equivalence_Line_16: AGEMOEA2-random_dense-2P to AGEMOEA2-greedy_multi-1P', 'Equivalence_Line_17: SMSEMOA-random_dense-HUX to UNSGA3-greedy_multi-1P', 'Equivalence_Line_18: SMSEMOA-random_dense-UX to NSGA3-greedy_multi-1P', 'Equivalence_Line_19: SPEA2-random_dense-2P to RVEA-random_dense-UX', 'Equivalence_Line_20: NSGA3-random_dense-1P to RVEA-random_dense-HUX', 'Equivalence_Line_21: SPEA2-greedy_multi-UX to SMSEMOA-greedy_multi-2P', 'Equivalence_Line_22: SPEA2-greedy_multi-HUX to RVEA-greedy_multi-HUX', 'Equivalence_Line_23: NSGA2-greedy_multi-HUX to RVEA-greedy_multi-2P', 'Equivalence_Line_24: NSGA2-greedy_multi-UX to RVEA-greedy_multi-1P']"
NSGA3-greedy_ting-HUX,1.3931493024338855,"['Equivalence_Line_1: NSGA2-greedy_ting-UX to SPEA2-greedy_ting-1P', 'Equivalence_Line_2: NSGA2-greedy_ting-2P to NSGA2-random_dense-UX', 'Equivalence_Line_3: SMSEMOA-greedy_ting-1P to NSGA2-random_dense-1P', 'Equivalence_Line_4: SMSEMOA-greedy_ting-2P to NSGA3-random_dense-UX', 'Equivalence_Line_5: UNSGA3-greedy_ting-2P to AGEMOEA2-random_dense-2P', 'Equivalence_Line_6: UNSGA3-greedy_ting-UX to UNSGA3-random_dense-2P', 'Equivalence_Line_7: RVEA-greedy_ting-2P to NSGA3-random_dense-1P', 'Equivalence_Line_8: RVEA-greedy_ting-HUX to UNSGA3-random_dense-1P', 'Equivalence_Line_9: NSGA2-random_dense-HUX to SPEA2-greedy_multi-HUX', 'Equivalence_Line_10: NSGA2-random_dense-2P to SPEA2-greedy_multi-1P', 'Equivalence_Line_11: AGEMOEA2-random_dense-HUX to NSGA2-greedy_multi-1P', 'Equivalence_Line_12: SPEA2-random_dense-HUX to SMSEMOA-random_dense-2P', 'Equivalence_Line_13: NSGA2-random_dense-1P to SMSEMOA-random_dense-1P', 'Equivalence_Line_14: UNSGA3-random_dense-HUX to AGEMOEA2-greedy_multi-HUX', 'Equivalence_Line_15: NSGA3-random_dense-UX to UNSGA3-greedy_multi-UX', 'Equivalence_Line_16: AGEMOEA2-random_dense-2P to AGEMOEA2-greedy_multi-1P', 'Equivalence_Line_17: SMSEMOA-random_dense-HUX to UNSGA3-greedy_multi-1P', 'Equivalence_Line_18: SMSEMOA-random_dense-UX to NSGA3-greedy_multi-1P', 'Equivalence_Line_19: SPEA2-random_dense-2P to RVEA-random_dense-UX', 'Equivalence_Line_20: NSGA3-random_dense-1P to RVEA-random_dense-HUX', 'Equivalence_Line_21: SPEA2-greedy_multi-UX to SMSEMOA-greedy_multi-2P', 'Equivalence_Line_22: SPEA2-greedy_multi-HUX to RVEA-greedy_multi-HUX', 'Equivalence_Line_23: NSGA2-greedy_multi-HUX to RVEA-greedy_multi-2P', 'Equivalence_Line_24: NSGA2-greedy_multi-UX to RVEA-greedy_multi-1P']"
UNSGA3-greedy_ting-HUX,1.3927262232949364,"['Equivalence_Line_1: NSGA2-greedy_ting-UX to SPEA2-greedy_ting-1P', 'Equivalence_Line_2: NSGA2-greedy_ting-2P to NSGA2-random_dense-UX', 'Equivalence_Line_3: SMSEMOA-greedy_ting-1P to NSGA2-random_dense-1P', 'Equivalence_Line_4: SMSEMOA-greedy_ting-2P to NSGA3-random_dense-UX', 'Equivalence_Line_5: UNSGA3-greedy_ting-2P to AGEMOEA2-random_dense-2P', 'Equivalence_Line_6: UNSGA3-greedy_ting-UX to UNSGA3-random_dense-2P', 'Equivalence_Line_7: RVEA-greedy_ting-2P to NSGA3-random_dense-1P', 'Equivalence_Line_8: RVEA-greedy_ting-HUX to UNSGA3-random_dense-1P', 'Equivalence_Line_9: NSGA2-random_dense-HUX to SPEA2-greedy_multi-HUX', 'Equivalence_Line_10: NSGA2-random_dense-2P to SPEA2-greedy_multi-1P', 'Equivalence_Line_11: AGEMOEA2-random_dense-HUX to NSGA2-greedy_multi-1P', 'Equivalence_Line_12: SPEA2-random_dense-HUX to SMSEMOA-random_dense-2P', 'Equivalence_Line_13: NSGA2-random_dense-1P to SMSEMOA-random_dense-1P', 'Equivalence_Line_14: UNSGA3-random_dense-HUX to AGEMOEA2-greedy_multi-HUX', 'Equivalence_Line_15: NSGA3-random_dense-UX to UNSGA3-greedy_multi-UX', 'Equivalence_Line_16: AGEMOEA2-random_dense-2P to AGEMOEA2-greedy_multi-1P', 'Equivalence_Line_17: SMSEMOA-random_dense-HUX to UNSGA3-greedy_multi-1P', 'Equivalence_Line_18: SMSEMOA-random_dense-UX to NSGA3-greedy_multi-1P', 'Equivalence_Line_19: SPEA2-random_dense-2P to RVEA-random_dense-UX', 'Equivalence_Line_20: NSGA3-random_dense-1P to RVEA-random_dense-HUX', 'Equivalence_Line_21: SPEA2-greedy_multi-UX to SMSEMOA-greedy_multi-2P', 'Equivalence_Line_22: SPEA2-greedy_multi-HUX to RVEA-greedy_multi-HUX', 'Equivalence_Line_23: NSGA2-greedy_multi-HUX to RVEA-greedy_multi-2P', 'Equivalence_Line_24: NSGA2-greedy_multi-UX to RVEA-greedy_multi-1P']"
UNSGA3-greedy_ting-UX,1.3804529449542968,"['Equivalence_Line_1: NSGA2-greedy_ting-UX to SPEA2-greedy_ting-1P', 'Equivalence_Line_2: NSGA2-greedy_ting-2P to NSGA2-random_dense-UX', 'Equivalence_Line_3: SMSEMOA-greedy_ting-1P to NSGA2-random_dense-1P', 'Equivalence_Line_4: SMSEMOA-greedy_ting-2P to NSGA3-random_dense-UX', 'Equivalence_Line_5: UNSGA3-greedy_ting-2P to AGEMOEA2-random_dense-2P', 'Equivalence_Line_6: UNSGA3-greedy_ting-UX to UNSGA3-random_dense-2P', 'Equivalence_Line_7: RVEA-greedy_ting-2P to NSGA3-random_dense-1P', 'Equivalence_Line_8: RVEA-greedy_ting-HUX to UNSGA3-random_dense-1P', 'Equivalence_Line_9: NSGA2-random_dense-HUX to SPEA2-greedy_multi-HUX', 'Equivalence_Line_10: NSGA2-random_dense-2P to SPEA2-greedy_multi-1P', 'Equivalence_Line_11: AGEMOEA2-random_dense-HUX to NSGA2-greedy_multi-1P', 'Equivalence_Line_12: SPEA2-random_dense-HUX to SMSEMOA-random_dense-2P', 'Equivalence_Line_13: NSGA2-random_dense-1P to SMSEMOA-random_dense-1P', 'Equivalence_Line_14: UNSGA3-random_dense-HUX to AGEMOEA2-greedy_multi-HUX', 'Equivalence_Line_15: NSGA3-random_dense-UX to UNSGA3-greedy_multi-UX', 'Equivalence_Line_16: AGEMOEA2-random_dense-2P to AGEMOEA2-greedy_multi-1P', 'Equivalence_Line_17: SMSEMOA-random_dense-HUX to UNSGA3-greedy_multi-1P', 'Equivalence_Line_18: SMSEMOA-random_dense-UX to NSGA3-greedy_multi-1P', 'Equivalence_Line_19: SPEA2-random_dense-2P to RVEA-random_dense-UX', 'Equivalence_Line_20: NSGA3-random_dense-1P to RVEA-random_dense-HUX', 'Equivalence_Line_21: SPEA2-greedy_multi-UX to SMSEMOA-greedy_multi-2P', 'Equivalence_Line_22: SPEA2-greedy_multi-HUX to RVEA-greedy_multi-HUX', 'Equivalence_Line_23: NSGA2-greedy_multi-HUX to RVEA-greedy_multi-2P', 'Equivalence_Line_24: NSGA2-greedy_multi-UX to RVEA-greedy_multi-1P']"
RVEA-greedy_ting-1P,1.3684576251732818,"['Equivalence_Line_1: NSGA2-greedy_ting-UX to SPEA2-greedy_ting-1P', 'Equivalence_Line_2: NSGA2-greedy_ting-2P to NSGA2-random_dense-UX', 'Equivalence_Line_3: SMSEMOA-greedy_ting-1P to NSGA2-random_dense-1P', 'Equivalence_Line_4: SMSEMOA-greedy_ting-2P to NSGA3-random_dense-UX', 'Equivalence_Line_5: UNSGA3-greedy_ting-2P to AGEMOEA2-random_dense-2P', 'Equivalence_Line_6: UNSGA3-greedy_ting-UX to UNSGA3-random_dense-2P', 'Equivalence_Line_7: RVEA-greedy_ting-2P to NSGA3-random_dense-1P', 'Equivalence_Line_8: RVEA-greedy_ting-HUX to UNSGA3-random_dense-1P', 'Equivalence_Line_9: NSGA2-random_dense-HUX to SPEA2-greedy_multi-HUX', 'Equivalence_Line_10: NSGA2-random_dense-2P to SPEA2-greedy_multi-1P', 'Equivalence_Line_11: AGEMOEA2-random_dense-HUX to NSGA2-greedy_multi-1P', 'Equivalence_Line_12: SPEA2-random_dense-HUX to SMSEMOA-random_dense-2P', 'Equivalence_Line_13: NSGA2-random_dense-1P to SMSEMOA-random_dense-1P', 'Equivalence_Line_14: UNSGA3-random_dense-HUX to AGEMOEA2-greedy_multi-HUX', 'Equivalence_Line_15: NSGA3-random_dense-UX to UNSGA3-greedy_multi-UX', 'Equivalence_Line_16: AGEMOEA2-random_dense-2P to AGEMOEA2-greedy_multi-1P', 'Equivalence_Line_17: SMSEMOA-random_dense-HUX to UNSGA3-greedy_multi-1P', 'Equivalence_Line_18: SMSEMOA-random_dense-UX to NSGA3-greedy_multi-1P', 'Equivalence_Line_19: SPEA2-random_dense-2P to RVEA-random_dense-UX', 'Equivalence_Line_20: NSGA3-random_dense-1P to RVEA-random_dense-HUX', 'Equivalence_Line_21: SPEA2-greedy_multi-UX to SMSEMOA-greedy_multi-2P', 'Equivalence_Line_22: SPEA2-greedy_multi-HUX to RVEA-greedy_multi-HUX', 'Equivalence_Line_23: NSGA2-greedy_multi-HUX to RVEA-greedy_multi-2P', 'Equivalence_Line_24: NSGA2-greedy_multi-UX to RVEA-greedy_multi-1P']"
RVEA-greedy_ting-2P,1.3061775578444947,"['Equivalence_Line_1: NSGA2-greedy_ting-UX to SPEA2-greedy_ting-1P', 'Equivalence_Line_2: NSGA2-greedy_ting-2P to NSGA2-random_dense-UX', 'Equivalence_Line_3: SMSEMOA-greedy_ting-1P to NSGA2-random_dense-1P', 'Equivalence_Line_4: SMSEMOA-greedy_ting-2P to NSGA3-random_dense-UX', 'Equivalence_Line_5: UNSGA3-greedy_ting-2P to AGEMOEA2-random_dense-2P', 'Equivalence_Line_6: UNSGA3-greedy_ting-UX to UNSGA3-random_dense-2P', 'Equivalence_Line_7: RVEA-greedy_ting-2P to NSGA3-random_dense-1P', 'Equivalence_Line_8: RVEA-greedy_ting-HUX to UNSGA3-random_dense-1P', 'Equivalence_Line_9: NSGA2-random_dense-HUX to SPEA2-greedy_multi-HUX', 'Equivalence_Line_10: NSGA2-random_dense-2P to SPEA2-greedy_multi-1P', 'Equivalence_Line_11: AGEMOEA2-random_dense-HUX to NSGA2-greedy_multi-1P', 'Equivalence_Line_12: SPEA2-random_dense-HUX to SMSEMOA-random_dense-2P', 'Equivalence_Line_13: NSGA2-random_dense-1P to SMSEMOA-random_dense-1P', 'Equivalence_Line_14: UNSGA3-random_dense-HUX to AGEMOEA2-greedy_multi-HUX', 'Equivalence_Line_15: NSGA3-random_dense-UX to UNSGA3-greedy_multi-UX', 'Equivalence_Line_16: AGEMOEA2-random_dense-2P to AGEMOEA2-greedy_multi-1P', 'Equivalence_Line_17: SMSEMOA-random_dense-HUX to UNSGA3-greedy_multi-1P', 'Equivalence_Line_18: SMSEMOA-random_dense-UX to NSGA3-greedy_multi-1P', 'Equivalence_Line_19: SPEA2-random_dense-2P to RVEA-random_dense-UX', 'Equivalence_Line_20: NSGA3-random_dense-1P to RVEA-random_dense-HUX', 'Equivalence_Line_21: SPEA2-greedy_multi-UX to SMSEMOA-greedy_multi-2P', 'Equivalence_Line_22: SPEA2-greedy_multi-HUX to RVEA-greedy_multi-HUX', 'Equivalence_Line_23: NSGA2-greedy_multi-HUX to RVEA-greedy_multi-2P', 'Equivalence_Line_24: NSGA2-greedy_multi-UX to RVEA-greedy_multi-1P']"
RVEA-greedy_ting-HUX,1.2286766390307011,"['Equivalence_Line_1: NSGA2-greedy_ting-UX to SPEA2-greedy_ting-1P', 'Equivalence_Line_2: NSGA2-greedy_ting-2P to NSGA2-random_dense-UX', 'Equivalence_Line_3: SMSEMOA-greedy_ting-1P to NSGA2-random_dense-1P', 'Equivalence_Line_4: SMSEMOA-greedy_ting-2P to NSGA3-random_dense-UX', 'Equivalence_Line_5: UNSGA3-greedy_ting-2P to AGEMOEA2-random_dense-2P', 'Equivalence_Line_6: UNSGA3-greedy_ting-UX to UNSGA3-random_dense-2P', 'Equivalence_Line_7: RVEA-greedy_ting-2P to NSGA3-random_dense-1P', 'Equivalence_Line_8: RVEA-greedy_ting-HUX to UNSGA3-random_dense-1P', 'Equivalence_Line_9: NSGA2-random_dense-HUX to SPEA2-greedy_multi-HUX', 'Equivalence_Line_10: NSGA2-random_dense-2P to SPEA2-greedy_multi-1P', 'Equivalence_Line_11: AGEMOEA2-random_dense-HUX to NSGA2-greedy_multi-1P', 'Equivalence_Line_12: SPEA2-random_dense-HUX to SMSEMOA-random_dense-2P', 'Equivalence_Line_13: NSGA2-random_dense-1P to SMSEMOA-random_dense-1P', 'Equivalence_Line_14: UNSGA3-random_dense-HUX to AGEMOEA2-greedy_multi-HUX', 'Equivalence_Line_15: NSGA3-random_dense-UX to UNSGA3-greedy_multi-UX', 'Equivalence_Line_16: AGEMOEA2-random_dense-2P to AGEMOEA2-greedy_multi-1P', 'Equivalence_Line_17: SMSEMOA-random_dense-HUX to UNSGA3-greedy_multi-1P', 'Equivalence_Line_18: SMSEMOA-random_dense-UX to NSGA3-greedy_multi-1P', 'Equivalence_Line_19: SPEA2-random_dense-2P to RVEA-random_dense-UX', 'Equivalence_Line_20: NSGA3-random_dense-1P to RVEA-random_dense-HUX', 'Equivalence_Line_21: SPEA2-greedy_multi-UX to SMSEMOA-greedy_multi-2P', 'Equivalence_Line_22: SPEA2-greedy_multi-HUX to RVEA-greedy_multi-HUX', 'Equivalence_Line_23: NSGA2-greedy_multi-HUX to RVEA-greedy_multi-2P', 'Equivalence_Line_24: NSGA2-greedy_multi-UX to RVEA-greedy_multi-1P']"
RVEA-greedy_ting-UX,1.2092394422768264,"['Equivalence_Line_1: NSGA2-greedy_ting-UX to SPEA2-greedy_ting-1P', 'Equivalence_Line_2: NSGA2-greedy_ting-2P to NSGA2-random_dense-UX', 'Equivalence_Line_3: SMSEMOA-greedy_ting-1P to NSGA2-random_dense-1P', 'Equivalence_Line_4: SMSEMOA-greedy_ting-2P to NSGA3-random_dense-UX', 'Equivalence_Line_5: UNSGA3-greedy_ting-2P to AGEMOEA2-random_dense-2P', 'Equivalence_Line_6: UNSGA3-greedy_ting-UX to UNSGA3-random_dense-2P', 'Equivalence_Line_7: RVEA-greedy_ting-2P to NSGA3-random_dense-1P', 'Equivalence_Line_8: RVEA-greedy_ting-HUX to UNSGA3-random_dense-1P', 'Equivalence_Line_9: NSGA2-random_dense-HUX to SPEA2-greedy_multi-HUX', 'Equivalence_Line_10: NSGA2-random_dense-2P to SPEA2-greedy_multi-1P', 'Equivalence_Line_11: AGEMOEA2-random_dense-HUX to NSGA2-greedy_multi-1P', 'Equivalence_Line_12: SPEA2-random_dense-HUX to SMSEMOA-random_dense-2P', 'Equivalence_Line_13: NSGA2-random_dense-1P to SMSEMOA-random_dense-1P', 'Equivalence_Line_14: UNSGA3-random_dense-HUX to AGEMOEA2-greedy_multi-HUX', 'Equivalence_Line_15: NSGA3-random_dense-UX to UNSGA3-greedy_multi-UX', 'Equivalence_Line_16: AGEMOEA2-random_dense-2P to AGEMOEA2-greedy_multi-1P', 'Equivalence_Line_17: SMSEMOA-random_dense-HUX to UNSGA3-greedy_multi-1P', 'Equivalence_Line_18: SMSEMOA-random_dense-UX to NSGA3-greedy_multi-1P', 'Equivalence_Line_19: SPEA2-random_dense-2P to RVEA-random_dense-UX', 'Equivalence_Line_20: NSGA3-random_dense-1P to RVEA-random_dense-HUX', 'Equivalence_Line_21: SPEA2-greedy_multi-UX to SMSEMOA-greedy_multi-2P', 'Equivalence_Line_22: SPEA2-greedy_multi-HUX to RVEA-greedy_multi-HUX', 'Equivalence_Line_23: NSGA2-greedy_multi-HUX to RVEA-greedy_multi-2P', 'Equivalence_Line_24: NSGA2-greedy_multi-UX to RVEA-greedy_multi-1P']"
SPEA2-greedy_ting-1P,1.1976220861351734,"['Equivalence_Line_1: NSGA2-greedy_ting-UX to SPEA2-greedy_ting-1P', 'Equivalence_Line_2: NSGA2-greedy_ting-2P to NSGA2-random_dense-UX', 'Equivalence_Line_3: SMSEMOA-greedy_ting-1P to NSGA2-random_dense-1P', 'Equivalence_Line_4: SMSEMOA-greedy_ting-2P to NSGA3-random_dense-UX', 'Equivalence_Line_5: UNSGA3-greedy_ting-2P to AGEMOEA2-random_dense-2P', 'Equivalence_Line_6: UNSGA3-greedy_ting-UX to UNSGA3-random_dense-2P', 'Equivalence_Line_7: RVEA-greedy_ting-2P to NSGA3-random_dense-1P', 'Equivalence_Line_8: RVEA-greedy_ting-HUX to UNSGA3-random_dense-1P', 'Equivalence_Line_9: NSGA2-random_dense-HUX to SPEA2-greedy_multi-HUX', 'Equivalence_Line_10: NSGA2-random_dense-2P to SPEA2-greedy_multi-1P', 'Equivalence_Line_11: AGEMOEA2-random_dense-HUX to NSGA2-greedy_multi-1P', 'Equivalence_Line_12: SPEA2-random_dense-HUX to SMSEMOA-random_dense-2P', 'Equivalence_Line_13: NSGA2-random_dense-1P to SMSEMOA-random_dense-1P', 'Equivalence_Line_14: UNSGA3-random_dense-HUX to AGEMOEA2-greedy_multi-HUX', 'Equivalence_Line_15: NSGA3-random_dense-UX to UNSGA3-greedy_multi-UX', 'Equivalence_Line_16: AGEMOEA2-random_dense-2P to AGEMOEA2-greedy_multi-1P', 'Equivalence_Line_17: SMSEMOA-random_dense-HUX to UNSGA3-greedy_multi-1P', 'Equivalence_Line_18: SMSEMOA-random_dense-UX to NSGA3-greedy_multi-1P', 'Equivalence_Line_19: SPEA2-random_dense-2P to RVEA-random_dense-UX', 'Equivalence_Line_20: NSGA3-random_dense-1P to RVEA-random_dense-HUX', 'Equivalence_Line_21: SPEA2-greedy_multi-UX to SMSEMOA-greedy_multi-2P', 'Equivalence_Line_22: SPEA2-greedy_multi-HUX to RVEA-greedy_multi-HUX', 'Equivalence_Line_23: NSGA2-greedy_multi-HUX to RVEA-greedy_multi-2P', 'Equivalence_Line_24: NSGA2-greedy_multi-UX to RVEA-greedy_multi-1P']"
NSGA2-random_dense-HUX,1.1146862022262543,"['Equivalence_Line_1: NSGA2-greedy_ting-UX to SPEA2-greedy_ting-1P', 'Equivalence_Line_2: NSGA2-greedy_ting-2P to NSGA2-random_dense-UX', 'Equivalence_Line_3: SMSEMOA-greedy_ting-1P to NSGA2-random_dense-1P', 'Equivalence_Line_4: SMSEMOA-greedy_ting-2P to NSGA3-random_dense-UX', 'Equivalence_Line_5: UNSGA3-greedy_ting-2P to AGEMOEA2-random_dense-2P', 'Equivalence_Line_6: UNSGA3-greedy_ting-UX to UNSGA3-random_dense-2P', 'Equivalence_Line_7: RVEA-greedy_ting-2P to NSGA3-random_dense-1P', 'Equivalence_Line_8: RVEA-greedy_ting-HUX to UNSGA3-random_dense-1P', 'Equivalence_Line_9: NSGA2-random_dense-HUX to SPEA2-greedy_multi-HUX', 'Equivalence_Line_10: NSGA2-random_dense-2P to SPEA2-greedy_multi-1P', 'Equivalence_Line_11: AGEMOEA2-random_dense-HUX to NSGA2-greedy_multi-1P', 'Equivalence_Line_12: SPEA2-random_dense-HUX to SMSEMOA-random_dense-2P', 'Equivalence_Line_13: NSGA2-random_dense-1P to SMSEMOA-random_dense-1P', 'Equivalence_Line_14: UNSGA3-random_dense-HUX to AGEMOEA2-greedy_multi-HUX', 'Equivalence_Line_15: NSGA3-random_dense-UX to UNSGA3-greedy_multi-UX', 'Equivalence_Line_16: AGEMOEA2-random_dense-2P to AGEMOEA2-greedy_multi-1P', 'Equivalence_Line_17: SMSEMOA-random_dense-HUX to UNSGA3-greedy_multi-1P', 'Equivalence_Line_18: SMSEMOA-random_dense-UX to NSGA3-greedy_multi-1P', 'Equivalence_Line_19: SPEA2-random_dense-2P to RVEA-random_dense-UX', 'Equivalence_Line_20: NSGA3-random_dense-1P to RVEA-random_dense-HUX', 'Equivalence_Line_21: SPEA2-greedy_multi-UX to SMSEMOA-greedy_multi-2P', 'Equivalence_Line_22: SPEA2-greedy_multi-HUX to RVEA-greedy_multi-HUX', 'Equivalence_Line_23: NSGA2-greedy_multi-HUX to RVEA-greedy_multi-2P', 'Equivalence_Line_24: NSGA2-greedy_multi-UX to RVEA-greedy_multi-1P']"
SPEA2-greedy_ting-2P,1.1099769221173401,"['Equivalence_Line_1: NSGA2-greedy_ting-UX to SPEA2-greedy_ting-1P', 'Equivalence_Line_2: NSGA2-greedy_ting-2P to NSGA2-random_dense-UX', 'Equivalence_Line_3: SMSEMOA-greedy_ting-1P to NSGA2-random_dense-1P', 'Equivalence_Line_4: SMSEMOA-greedy_ting-2P to NSGA3-random_dense-UX', 'Equivalence_Line_5: UNSGA3-greedy_ting-2P to AGEMOEA2-random_dense-2P', 'Equivalence_Line_6: UNSGA3-greedy_ting-UX to UNSGA3-random_dense-2P', 'Equivalence_Line_7: RVEA-greedy_ting-2P to NSGA3-random_dense-1P', 'Equivalence_Line_8: RVEA-greedy_ting-HUX to UNSGA3-random_dense-1P', 'Equivalence_Line_9: NSGA2-random_dense-HUX to SPEA2-greedy_multi-HUX', 'Equivalence_Line_10: NSGA2-random_dense-2P to SPEA2-greedy_multi-1P', 'Equivalence_Line_11: AGEMOEA2-random_dense-HUX to NSGA2-greedy_multi-1P', 'Equivalence_Line_12: SPEA2-random_dense-HUX to SMSEMOA-random_dense-2P', 'Equivalence_Line_13: NSGA2-random_dense-1P to SMSEMOA-random_dense-1P', 'Equivalence_Line_14: UNSGA3-random_dense-HUX to AGEMOEA2-greedy_multi-HUX', 'Equivalence_Line_15: NSGA3-random_dense-UX to UNSGA3-greedy_multi-UX', 'Equivalence_Line_16: AGEMOEA2-random_dense-2P to AGEMOEA2-greedy_multi-1P', 'Equivalence_Line_17: SMSEMOA-random_dense-HUX to UNSGA3-greedy_multi-1P', 'Equivalence_Line_18: SMSEMOA-random_dense-UX to NSGA3-greedy_multi-1P', 'Equivalence_Line_19: SPEA2-random_dense-2P to RVEA-random_dense-UX', 'Equivalence_Line_20: NSGA3-random_dense-1P to RVEA-random_dense-HUX', 'Equivalence_Line_21: SPEA2-greedy_multi-UX to SMSEMOA-greedy_multi-2P', 'Equivalence_Line_22: SPEA2-greedy_multi-HUX to RVEA-greedy_multi-HUX', 'Equivalence_Line_23: NSGA2-greedy_multi-HUX to RVEA-greedy_multi-2P', 'Equivalence_Line_24: NSGA2-greedy_multi-UX to RVEA-greedy_multi-1P']"
NSGA2-random_dense-UX,1.0889543713085803,"['Equivalence_Line_1: NSGA2-greedy_ting-UX to SPEA2-greedy_ting-1P', 'Equivalence_Line_2: NSGA2-greedy_ting-2P to NSGA2-random_dense-UX', 'Equivalence_Line_3: SMSEMOA-greedy_ting-1P to NSGA2-random_dense-1P', 'Equivalence_Line_4: SMSEMOA-greedy_ting-2P to NSGA3-random_dense-UX', 'Equivalence_Line_5: UNSGA3-greedy_ting-2P to AGEMOEA2-random_dense-2P', 'Equivalence_Line_6: UNSGA3-greedy_ting-UX to UNSGA3-random_dense-2P', 'Equivalence_Line_7: RVEA-greedy_ting-2P to NSGA3-random_dense-1P', 'Equivalence_Line_8: RVEA-greedy_ting-HUX to UNSGA3-random_dense-1P', 'Equivalence_Line_9: NSGA2-random_dense-HUX to SPEA2-greedy_multi-HUX', 'Equivalence_Line_10: NSGA2-random_dense-2P to SPEA2-greedy_multi-1P', 'Equivalence_Line_11: AGEMOEA2-random_dense-HUX to NSGA2-greedy_multi-1P', 'Equivalence_Line_12: SPEA2-random_dense-HUX to SMSEMOA-random_dense-2P', 'Equivalence_Line_13: NSGA2-random_dense-1P to SMSEMOA-random_dense-1P', 'Equivalence_Line_14: UNSGA3-random_dense-HUX to AGEMOEA2-greedy_multi-HUX', 'Equivalence_Line_15: NSGA3-random_dense-UX to UNSGA3-greedy_multi-UX', 'Equivalence_Line_16: AGEMOEA2-random_dense-2P to AGEMOEA2-greedy_multi-1P', 'Equivalence_Line_17: SMSEMOA-random_dense-HUX to UNSGA3-greedy_multi-1P', 'Equivalence_Line_18: SMSEMOA-random_dense-UX to NSGA3-greedy_multi-1P', 'Equivalence_Line_19: SPEA2-random_dense-2P to RVEA-random_dense-UX', 'Equivalence_Line_20: NSGA3-random_dense-1P to RVEA-random_dense-HUX', 'Equivalence_Line_21: SPEA2-greedy_multi-UX to SMSEMOA-greedy_multi-2P', 'Equivalence_Line_22: SPEA2-greedy_multi-HUX to RVEA-greedy_multi-HUX', 'Equivalence_Line_23: NSGA2-greedy_multi-HUX to RVEA-greedy_multi-2P', 'Equivalence_Line_24: NSGA2-greedy_multi-UX to RVEA-greedy_multi-1P']"
NSGA2-random_dense-2P,0.8253515746240474,"['Equivalence_Line_1: NSGA2-greedy_ting-UX to SPEA2-greedy_ting-1P', 'Equivalence_Line_2: NSGA2-greedy_ting-2P to NSGA2-random_dense-UX', 'Equivalence_Line_3: SMSEMOA-greedy_ting-1P to NSGA2-random_dense-1P', 'Equivalence_Line_4: SMSEMOA-greedy_ting-2P to NSGA3-random_dense-UX', 'Equivalence_Line_5: UNSGA3-greedy_ting-2P to AGEMOEA2-random_dense-2P', 'Equivalence_Line_6: UNSGA3-greedy_ting-UX to UNSGA3-random_dense-2P', 'Equivalence_Line_7: RVEA-greedy_ting-2P to NSGA3-random_dense-1P', 'Equivalence_Line_8: RVEA-greedy_ting-HUX to UNSGA3-random_dense-1P', 'Equivalence_Line_9: NSGA2-random_dense-HUX to SPEA2-greedy_multi-HUX', 'Equivalence_Line_10: NSGA2-random_dense-2P to SPEA2-greedy_multi-1P', 'Equivalence_Line_11: AGEMOEA2-random_dense-HUX to NSGA2-greedy_multi-1P', 'Equivalence_Line_12: SPEA2-random_dense-HUX to SMSEMOA-random_dense-2P', 'Equivalence_Line_13: NSGA2-random_dense-1P to SMSEMOA-random_dense-1P', 'Equivalence_Line_14: UNSGA3-random_dense-HUX to AGEMOEA2-greedy_multi-HUX', 'Equivalence_Line_15: NSGA3-random_dense-UX to UNSGA3-greedy_multi-UX', 'Equivalence_Line_16: AGEMOEA2-random_dense-2P to AGEMOEA2-greedy_multi-1P', 'Equivalence_Line_17: SMSEMOA-random_dense-HUX to UNSGA3-greedy_multi-1P', 'Equivalence_Line_18: SMSEMOA-random_dense-UX to NSGA3-greedy_multi-1P', 'Equivalence_Line_19: SPEA2-random_dense-2P to RVEA-random_dense-UX', 'Equivalence_Line_20: NSGA3-random_dense-1P to RVEA-random_dense-HUX', 'Equivalence_Line_21: SPEA2-greedy_multi-UX to SMSEMOA-greedy_multi-2P', 'Equivalence_Line_22: SPEA2-greedy_multi-HUX to RVEA-greedy_multi-HUX', 'Equivalence_Line_23: NSGA2-greedy_multi-HUX to RVEA-greedy_multi-2P', 'Equivalence_Line_24: NSGA2-greedy_multi-UX to RVEA-greedy_multi-1P']"
AGEMOEA2-random_dense-HUX,0.8055630767087368,"['Equivalence_Line_1: NSGA2-greedy_ting-UX to SPEA2-greedy_ting-1P', 'Equivalence_Line_2: NSGA2-greedy_ting-2P to NSGA2-random_dense-UX', 'Equivalence_Line_3: SMSEMOA-greedy_ting-1P to NSGA2-random_dense-1P', 'Equivalence_Line_4: SMSEMOA-greedy_ting-2P to NSGA3-random_dense-UX', 'Equivalence_Line_5: UNSGA3-greedy_ting-2P to AGEMOEA2-random_dense-2P', 'Equivalence_Line_6: UNSGA3-greedy_ting-UX to UNSGA3-random_dense-2P', 'Equivalence_Line_7: RVEA-greedy_ting-2P to NSGA3-random_dense-1P', 'Equivalence_Line_8: RVEA-greedy_ting-HUX to UNSGA3-random_dense-1P', 'Equivalence_Line_9: NSGA2-random_dense-HUX to SPEA2-greedy_multi-HUX', 'Equivalence_Line_10: NSGA2-random_dense-2P to SPEA2-greedy_multi-1P', 'Equivalence_Line_11: AGEMOEA2-random_dense-HUX to NSGA2-greedy_multi-1P', 'Equivalence_Line_12: SPEA2-random_dense-HUX to SMSEMOA-random_dense-2P', 'Equivalence_Line_13: NSGA2-random_dense-1P to SMSEMOA-random_dense-1P', 'Equivalence_Line_14: UNSGA3-random_dense-HUX to AGEMOEA2-greedy_multi-HUX', 'Equivalence_Line_15: NSGA3-random_dense-UX to UNSGA3-greedy_multi-UX', 'Equivalence_Line_16: AGEMOEA2-random_dense-2P to AGEMOEA2-greedy_multi-1P', 'Equivalence_Line_17: SMSEMOA-random_dense-HUX to UNSGA3-greedy_multi-1P', 'Equivalence_Line_18: SMSEMOA-random_dense-UX to NSGA3-greedy_multi-1P', 'Equivalence_Line_19: SPEA2-random_dense-2P to RVEA-random_dense-UX', 'Equivalence_Line_20: NSGA3-random_dense-1P to RVEA-random_dense-HUX', 'Equivalence_Line_21: SPEA2-greedy_multi-UX to SMSEMOA-greedy_multi-2P', 'Equivalence_Line_22: SPEA2-greedy_multi-HUX to RVEA-greedy_multi-HUX', 'Equivalence_Line_23: NSGA2-greedy_multi-HUX to RVEA-greedy_multi-2P', 'Equivalence_Line_24: NSGA2-greedy_multi-UX to RVEA-greedy_multi-1P']"
SPEA2-random_dense-HUX,0.8037756665854713,"['Equivalence_Line_1: NSGA2-greedy_ting-UX to SPEA2-greedy_ting-1P', 'Equivalence_Line_2: NSGA2-greedy_ting-2P to NSGA2-random_dense-UX', 'Equivalence_Line_3: SMSEMOA-greedy_ting-1P to NSGA2-random_dense-1P', 'Equivalence_Line_4: SMSEMOA-greedy_ting-2P to NSGA3-random_dense-UX', 'Equivalence_Line_5: UNSGA3-greedy_ting-2P to AGEMOEA2-random_dense-2P', 'Equivalence_Line_6: UNSGA3-greedy_ting-UX to UNSGA3-random_dense-2P', 'Equivalence_Line_7: RVEA-greedy_ting-2P to NSGA3-random_dense-1P', 'Equivalence_Line_8: RVEA-greedy_ting-HUX to UNSGA3-random_dense-1P', 'Equivalence_Line_9: NSGA2-random_dense-HUX to SPEA2-greedy_multi-HUX', 'Equivalence_Line_10: NSGA2-random_dense-2P to SPEA2-greedy_multi-1P', 'Equivalence_Line_11: AGEMOEA2-random_dense-HUX to NSGA2-greedy_multi-1P', 'Equivalence_Line_12: SPEA2-random_dense-HUX to SMSEMOA-random_dense-2P', 'Equivalence_Line_13: NSGA2-random_dense-1P to SMSEMOA-random_dense-1P', 'Equivalence_Line_14: UNSGA3-random_dense-HUX to AGEMOEA2-greedy_multi-HUX', 'Equivalence_Line_15: NSGA3-random_dense-UX to UNSGA3-greedy_multi-UX', 'Equivalence_Line_16: AGEMOEA2-random_dense-2P to AGEMOEA2-greedy_multi-1P', 'Equivalence_Line_17: SMSEMOA-random_dense-HUX to UNSGA3-greedy_multi-1P', 'Equivalence_Line_18: SMSEMOA-random_dense-UX to NSGA3-greedy_multi-1P', 'Equivalence_Line_19: SPEA2-random_dense-2P to RVEA-random_dense-UX', 'Equivalence_Line_20: NSGA3-random_dense-1P to RVEA-random_dense-HUX', 'Equivalence_Line_21: SPEA2-greedy_multi-UX to SMSEMOA-greedy_multi-2P', 'Equivalence_Line_22: SPEA2-greedy_multi-HUX to RVEA-greedy_multi-HUX', 'Equivalence_Line_23: NSGA2-greedy_multi-HUX to RVEA-greedy_multi-2P', 'Equivalence_Line_24: NSGA2-greedy_multi-UX to RVEA-greedy_multi-1P']"
SPEA2-random_dense-UX,0.8006944451150232,"['Equivalence_Line_1: NSGA2-greedy_ting-UX to SPEA2-greedy_ting-1P', 'Equivalence_Line_2: NSGA2-greedy_ting-2P to NSGA2-random_dense-UX', 'Equivalence_Line_3: SMSEMOA-greedy_ting-1P to NSGA2-random_dense-1P', 'Equivalence_Line_4: SMSEMOA-greedy_ting-2P to NSGA3-random_dense-UX', 'Equivalence_Line_5: UNSGA3-greedy_ting-2P to AGEMOEA2-random_dense-2P', 'Equivalence_Line_6: UNSGA3-greedy_ting-UX to UNSGA3-random_dense-2P', 'Equivalence_Line_7: RVEA-greedy_ting-2P to NSGA3-random_dense-1P', 'Equivalence_Line_8: RVEA-greedy_ting-HUX to UNSGA3-random_dense-1P', 'Equivalence_Line_9: NSGA2-random_dense-HUX to SPEA2-greedy_multi-HUX', 'Equivalence_Line_10: NSGA2-random_dense-2P to SPEA2-greedy_multi-1P', 'Equivalence_Line_11: AGEMOEA2-random_dense-HUX to NSGA2-greedy_multi-1P', 'Equivalence_Line_12: SPEA2-random_dense-HUX to SMSEMOA-random_dense-2P', 'Equivalence_Line_13: NSGA2-random_dense-1P to SMSEMOA-random_dense-1P', 'Equivalence_Line_14: UNSGA3-random_dense-HUX to AGEMOEA2-greedy_multi-HUX', 'Equivalence_Line_15: NSGA3-random_dense-UX to UNSGA3-greedy_multi-UX', 'Equivalence_Line_16: AGEMOEA2-random_dense-2P to AGEMOEA2-greedy_multi-1P', 'Equivalence_Line_17: SMSEMOA-random_dense-HUX to UNSGA3-greedy_multi-1P', 'Equivalence_Line_18: SMSEMOA-random_dense-UX to NSGA3-greedy_multi-1P', 'Equivalence_Line_19: SPEA2-random_dense-2P to RVEA-random_dense-UX', 'Equivalence_Line_20: NSGA3-random_dense-1P to RVEA-random_dense-HUX', 'Equivalence_Line_21: SPEA2-greedy_multi-UX to SMSEMOA-greedy_multi-2P', 'Equivalence_Line_22: SPEA2-greedy_multi-HUX to RVEA-greedy_multi-HUX', 'Equivalence_Line_23: NSGA2-greedy_multi-HUX to RVEA-greedy_multi-2P', 'Equivalence_Line_24: NSGA2-greedy_multi-UX to RVEA-greedy_multi-1P']"
AGEMOEA2-random_dense-UX,0.7780311634455729,"['Equivalence_Line_1: NSGA2-greedy_ting-UX to SPEA2-greedy_ting-1P', 'Equivalence_Line_2: NSGA2-greedy_ting-2P to NSGA2-random_dense-UX', 'Equivalence_Line_3: SMSEMOA-greedy_ting-1P to NSGA2-random_dense-1P', 'Equivalence_Line_4: SMSEMOA-greedy_ting-2P to NSGA3-random_dense-UX', 'Equivalence_Line_5: UNSGA3-greedy_ting-2P to AGEMOEA2-random_dense-2P', 'Equivalence_Line_6: UNSGA3-greedy_ting-UX to UNSGA3-random_dense-2P', 'Equivalence_Line_7: RVEA-greedy_ting-2P to NSGA3-random_dense-1P', 'Equivalence_Line_8: RVEA-greedy_ting-HUX to UNSGA3-random_dense-1P', 'Equivalence_Line_9: NSGA2-random_dense-HUX to SPEA2-greedy_multi-HUX', 'Equivalence_Line_10: NSGA2-random_dense-2P to SPEA2-greedy_multi-1P', 'Equivalence_Line_11: AGEMOEA2-random_dense-HUX to NSGA2-greedy_multi-1P', 'Equivalence_Line_12: SPEA2-random_dense-HUX to SMSEMOA-random_dense-2P', 'Equivalence_Line_13: NSGA2-random_dense-1P to SMSEMOA-random_dense-1P', 'Equivalence_Line_14: UNSGA3-random_dense-HUX to AGEMOEA2-greedy_multi-HUX', 'Equivalence_Line_15: NSGA3-random_dense-UX to UNSGA3-greedy_multi-UX', 'Equivalence_Line_16: AGEMOEA2-random_dense-2P to AGEMOEA2-greedy_multi-1P', 'Equivalence_Line_17: SMSEMOA-random_dense-HUX to UNSGA3-greedy_multi-1P', 'Equivalence_Line_18: SMSEMOA-random_dense-UX to NSGA3-greedy_multi-1P', 'Equivalence_Line_19: SPEA2-random_dense-2P to RVEA-random_dense-UX', 'Equivalence_Line_20: NSGA3-random_dense-1P to RVEA-random_dense-HUX', 'Equivalence_Line_21: SPEA2-greedy_multi-UX to SMSEMOA-greedy_multi-2P', 'Equivalence_Line_22: SPEA2-greedy_multi-HUX to RVEA-greedy_multi-HUX', 'Equivalence_Line_23: NSGA2-greedy_multi-HUX to RVEA-greedy_multi-2P', 'Equivalence_Line_24: NSGA2-greedy_multi-UX to RVEA-greedy_multi-1P']"
NSGA2-random_dense-1P,0.7257872258804385,"['Equivalence_Line_1: NSGA2-greedy_ting-UX to SPEA2-greedy_ting-1P', 'Equivalence_Line_2: NSGA2-greedy_ting-2P to NSGA2-random_dense-UX', 'Equivalence_Line_3: SMSEMOA-greedy_ting-1P to NSGA2-random_dense-1P', 'Equivalence_Line_4: SMSEMOA-greedy_ting-2P to NSGA3-random_dense-UX', 'Equivalence_Line_5: UNSGA3-greedy_ting-2P to AGEMOEA2-random_dense-2P', 'Equivalence_Line_6: UNSGA3-greedy_ting-UX to UNSGA3-random_dense-2P', 'Equivalence_Line_7: RVEA-greedy_ting-2P to NSGA3-random_dense-1P', 'Equivalence_Line_8: RVEA-greedy_ting-HUX to UNSGA3-random_dense-1P', 'Equivalence_Line_9: NSGA2-random_dense-HUX to SPEA2-greedy_multi-HUX', 'Equivalence_Line_10: NSGA2-random_dense-2P to SPEA2-greedy_multi-1P', 'Equivalence_Line_11: AGEMOEA2-random_dense-HUX to NSGA2-greedy_multi-1P', 'Equivalence_Line_12: SPEA2-random_dense-HUX to SMSEMOA-random_dense-2P', 'Equivalence_Line_13: NSGA2-random_dense-1P to SMSEMOA-random_dense-1P', 'Equivalence_Line_14: UNSGA3-random_dense-HUX to AGEMOEA2-greedy_multi-HUX', 'Equivalence_Line_15: NSGA3-random_dense-UX to UNSGA3-greedy_multi-UX', 'Equivalence_Line_16: AGEMOEA2-random_dense-2P to AGEMOEA2-greedy_multi-1P', 'Equivalence_Line_17: SMSEMOA-random_dense-HUX to UNSGA3-greedy_multi-1P', 'Equivalence_Line_18: SMSEMOA-random_dense-UX to NSGA3-greedy_multi-1P', 'Equivalence_Line_19: SPEA2-random_dense-2P to RVEA-random_dense-UX', 'Equivalence_Line_20: NSGA3-random_dense-1P to RVEA-random_dense-HUX', 'Equivalence_Line_21: SPEA2-greedy_multi-UX to SMSEMOA-greedy_multi-2P', 'Equivalence_Line_22: SPEA2-greedy_multi-HUX to RVEA-greedy_multi-HUX', 'Equivalence_Line_23: NSGA2-greedy_multi-HUX to RVEA-greedy_multi-2P', 'Equivalence_Line_24: NSGA2-greedy_multi-UX to RVEA-greedy_multi-1P']"
UNSGA3-random_dense-UX,0.7202278572115924,"['Equivalence_Line_1: NSGA2-greedy_ting-UX to SPEA2-greedy_ting-1P', 'Equivalence_Line_2: NSGA2-greedy_ting-2P to NSGA2-random_dense-UX', 'Equivalence_Line_3: SMSEMOA-greedy_ting-1P to NSGA2-random_dense-1P', 'Equivalence_Line_4: SMSEMOA-greedy_ting-2P to NSGA3-random_dense-UX', 'Equivalence_Line_5: UNSGA3-greedy_ting-2P to AGEMOEA2-random_dense-2P', 'Equivalence_Line_6: UNSGA3-greedy_ting-UX to UNSGA3-random_dense-2P', 'Equivalence_Line_7: RVEA-greedy_ting-2P to NSGA3-random_dense-1P', 'Equivalence_Line_8: RVEA-greedy_ting-HUX to UNSGA3-random_dense-1P', 'Equivalence_Line_9: NSGA2-random_dense-HUX to SPEA2-greedy_multi-HUX', 'Equivalence_Line_10: NSGA2-random_dense-2P to SPEA2-greedy_multi-1P', 'Equivalence_Line_11: AGEMOEA2-random_dense-HUX to NSGA2-greedy_multi-1P', 'Equivalence_Line_12: SPEA2-random_dense-HUX to SMSEMOA-random_dense-2P', 'Equivalence_Line_13: NSGA2-random_dense-1P to SMSEMOA-random_dense-1P', 'Equivalence_Line_14: UNSGA3-random_dense-HUX to AGEMOEA2-greedy_multi-HUX', 'Equivalence_Line_15: NSGA3-random_dense-UX to UNSGA3-greedy_multi-UX', 'Equivalence_Line_16: AGEMOEA2-random_dense-2P to AGEMOEA2-greedy_multi-1P', 'Equivalence_Line_17: SMSEMOA-random_dense-HUX to UNSGA3-greedy_multi-1P', 'Equivalence_Line_18: SMSEMOA-random_dense-UX to NSGA3-greedy_multi-1P', 'Equivalence_Line_19: SPEA2-random_dense-2P to RVEA-random_dense-UX', 'Equivalence_Line_20: NSGA3-random_dense-1P to RVEA-random_dense-HUX', 'Equivalence_Line_21: SPEA2-greedy_multi-UX to SMSEMOA-greedy_multi-2P', 'Equivalence_Line_22: SPEA2-greedy_multi-HUX to RVEA-greedy_multi-HUX', 'Equivalence_Line_23: NSGA2-greedy_multi-HUX to RVEA-greedy_multi-2P', 'Equivalence_Line_24: NSGA2-greedy_multi-UX to RVEA-greedy_multi-1P']"
UNSGA3-random_dense-HUX,0.7151700253465978,"['Equivalence_Line_1: NSGA2-greedy_ting-UX to SPEA2-greedy_ting-1P', 'Equivalence_Line_2: NSGA2-greedy_ting-2P to NSGA2-random_dense-UX', 'Equivalence_Line_3: SMSEMOA-greedy_ting-1P to NSGA2-random_dense-1P', 'Equivalence_Line_4: SMSEMOA-greedy_ting-2P to NSGA3-random_dense-UX', 'Equivalence_Line_5: UNSGA3-greedy_ting-2P to AGEMOEA2-random_dense-2P', 'Equivalence_Line_6: UNSGA3-greedy_ting-UX to UNSGA3-random_dense-2P', 'Equivalence_Line_7: RVEA-greedy_ting-2P to NSGA3-random_dense-1P', 'Equivalence_Line_8: RVEA-greedy_ting-HUX to UNSGA3-random_dense-1P', 'Equivalence_Line_9: NSGA2-random_dense-HUX to SPEA2-greedy_multi-HUX', 'Equivalence_Line_10: NSGA2-random_dense-2P to SPEA2-greedy_multi-1P', 'Equivalence_Line_11: AGEMOEA2-random_dense-HUX to NSGA2-greedy_multi-1P', 'Equivalence_Line_12: SPEA2-random_dense-HUX to SMSEMOA-random_dense-2P', 'Equivalence_Line_13: NSGA2-random_dense-1P to SMSEMOA-random_dense-1P', 'Equivalence_Line_14: UNSGA3-random_dense-HUX to AGEMOEA2-greedy_multi-HUX', 'Equivalence_Line_15: NSGA3-random_dense-UX to UNSGA3-greedy_multi-UX', 'Equivalence_Line_16: AGEMOEA2-random_dense-2P to AGEMOEA2-greedy_multi-1P', 'Equivalence_Line_17: SMSEMOA-random_dense-HUX to UNSGA3-greedy_multi-1P', 'Equivalence_Line_18: SMSEMOA-random_dense-UX to NSGA3-greedy_multi-1P', 'Equivalence_Line_19: SPEA2-random_dense-2P to RVEA-random_dense-UX', 'Equivalence_Line_20: NSGA3-random_dense-1P to RVEA-random_dense-HUX', 'Equivalence_Line_21: SPEA2-greedy_multi-UX to SMSEMOA-greedy_multi-2P', 'Equivalence_Line_22: SPEA2-greedy_multi-HUX to RVEA-greedy_multi-HUX', 'Equivalence_Line_23: NSGA2-greedy_multi-HUX to RVEA-greedy_multi-2P', 'Equivalence_Line_24: NSGA2-greedy_multi-UX to RVEA-greedy_multi-1P']"
NSGA3-random_dense-HUX,0.7150998034333741,"['Equivalence_Line_1: NSGA2-greedy_ting-UX to SPEA2-greedy_ting-1P', 'Equivalence_Line_2: NSGA2-greedy_ting-2P to NSGA2-random_dense-UX', 'Equivalence_Line_3: SMSEMOA-greedy_ting-1P to NSGA2-random_dense-1P', 'Equivalence_Line_4: SMSEMOA-greedy_ting-2P to NSGA3-random_dense-UX', 'Equivalence_Line_5: UNSGA3-greedy_ting-2P to AGEMOEA2-random_dense-2P', 'Equivalence_Line_6: UNSGA3-greedy_ting-UX to UNSGA3-random_dense-2P', 'Equivalence_Line_7: RVEA-greedy_ting-2P to NSGA3-random_dense-1P', 'Equivalence_Line_8: RVEA-greedy_ting-HUX to UNSGA3-random_dense-1P', 'Equivalence_Line_9: NSGA2-random_dense-HUX to SPEA2-greedy_multi-HUX', 'Equivalence_Line_10: NSGA2-random_dense-2P to SPEA2-greedy_multi-1P', 'Equivalence_Line_11: AGEMOEA2-random_dense-HUX to NSGA2-greedy_multi-1P', 'Equivalence_Line_12: SPEA2-random_dense-HUX to SMSEMOA-random_dense-2P', 'Equivalence_Line_13: NSGA2-random_dense-1P to SMSEMOA-random_dense-1P', 'Equivalence_Line_14: UNSGA3-random_dense-HUX to AGEMOEA2-greedy_multi-HUX', 'Equivalence_Line_15: NSGA3-random_dense-UX to UNSGA3-greedy_multi-UX', 'Equivalence_Line_16: AGEMOEA2-random_dense-2P to AGEMOEA2-greedy_multi-1P', 'Equivalence_Line_17: SMSEMOA-random_dense-HUX to UNSGA3-greedy_multi-1P', 'Equivalence_Line_18: SMSEMOA-random_dense-UX to NSGA3-greedy_multi-1P', 'Equivalence_Line_19: SPEA2-random_dense-2P to RVEA-random_dense-UX', 'Equivalence_Line_20: NSGA3-random_dense-1P to RVEA-random_dense-HUX', 'Equivalence_Line_21: SPEA2-greedy_multi-UX to SMSEMOA-greedy_multi-2P', 'Equivalence_Line_22: SPEA2-greedy_multi-HUX to RVEA-greedy_multi-HUX', 'Equivalence_Line_23: NSGA2-greedy_multi-HUX to RVEA-greedy_multi-2P', 'Equivalence_Line_24: NSGA2-greedy_multi-UX to RVEA-greedy_multi-1P']"
NSGA3-random_dense-UX,0.7078129005204966,"['Equivalence_Line_1: NSGA2-greedy_ting-UX to SPEA2-greedy_ting-1P', 'Equivalence_Line_2: NSGA2-greedy_ting-2P to NSGA2-random_dense-UX', 'Equivalence_Line_3: SMSEMOA-greedy_ting-1P to NSGA2-random_dense-1P', 'Equivalence_Line_4: SMSEMOA-greedy_ting-2P to NSGA3-random_dense-UX', 'Equivalence_Line_5: UNSGA3-greedy_ting-2P to AGEMOEA2-random_dense-2P', 'Equivalence_Line_6: UNSGA3-greedy_ting-UX to UNSGA3-random_dense-2P', 'Equivalence_Line_7: RVEA-greedy_ting-2P to NSGA3-random_dense-1P', 'Equivalence_Line_8: RVEA-greedy_ting-HUX to UNSGA3-random_dense-1P', 'Equivalence_Line_9: NSGA2-random_dense-HUX to SPEA2-greedy_multi-HUX', 'Equivalence_Line_10: NSGA2-random_dense-2P to SPEA2-greedy_multi-1P', 'Equivalence_Line_11: AGEMOEA2-random_dense-HUX to NSGA2-greedy_multi-1P', 'Equivalence_Line_12: SPEA2-random_dense-HUX to SMSEMOA-random_dense-2P', 'Equivalence_Line_13: NSGA2-random_dense-1P to SMSEMOA-random_dense-1P', 'Equivalence_Line_14: UNSGA3-random_dense-HUX to AGEMOEA2-greedy_multi-HUX', 'Equivalence_Line_15: NSGA3-random_dense-UX to UNSGA3-greedy_multi-UX', 'Equivalence_Line_16: AGEMOEA2-random_dense-2P to AGEMOEA2-greedy_multi-1P', 'Equivalence_Line_17: SMSEMOA-random_dense-HUX to UNSGA3-greedy_multi-1P', 'Equivalence_Line_18: SMSEMOA-random_dense-UX to NSGA3-greedy_multi-1P', 'Equivalence_Line_19: SPEA2-random_dense-2P to RVEA-random_dense-UX', 'Equivalence_Line_20: NSGA3-random_dense-1P to RVEA-random_dense-HUX', 'Equivalence_Line_21: SPEA2-greedy_multi-UX to SMSEMOA-greedy_multi-2P', 'Equivalence_Line_22: SPEA2-greedy_multi-HUX to RVEA-greedy_multi-HUX', 'Equivalence_Line_23: NSGA2-greedy_multi-HUX to RVEA-greedy_multi-2P', 'Equivalence_Line_24: NSGA2-greedy_multi-UX to RVEA-greedy_multi-1P']"
AGEMOEA2-random_dense-2P,0.6407312630302628,"['Equivalence_Line_1: NSGA2-greedy_ting-UX to SPEA2-greedy_ting-1P', 'Equivalence_Line_2: NSGA2-greedy_ting-2P to NSGA2-random_dense-UX', 'Equivalence_Line_3: SMSEMOA-greedy_ting-1P to NSGA2-random_dense-1P', 'Equivalence_Line_4: SMSEMOA-greedy_ting-2P to NSGA3-random_dense-UX', 'Equivalence_Line_5: UNSGA3-greedy_ting-2P to AGEMOEA2-random_dense-2P', 'Equivalence_Line_6: UNSGA3-greedy_ting-UX to UNSGA3-random_dense-2P', 'Equivalence_Line_7: RVEA-greedy_ting-2P to NSGA3-random_dense-1P', 'Equivalence_Line_8: RVEA-greedy_ting-HUX to UNSGA3-random_dense-1P', 'Equivalence_Line_9: NSGA2-random_dense-HUX to SPEA2-greedy_multi-HUX', 'Equivalence_Line_10: NSGA2-random_dense-2P to SPEA2-greedy_multi-1P', 'Equivalence_Line_11: AGEMOEA2-random_dense-HUX to NSGA2-greedy_multi-1P', 'Equivalence_Line_12: SPEA2-random_dense-HUX to SMSEMOA-random_dense-2P', 'Equivalence_Line_13: NSGA2-random_dense-1P to SMSEMOA-random_dense-1P', 'Equivalence_Line_14: UNSGA3-random_dense-HUX to AGEMOEA2-greedy_multi-HUX', 'Equivalence_Line_15: NSGA3-random_dense-UX to UNSGA3-greedy_multi-UX', 'Equivalence_Line_16: AGEMOEA2-random_dense-2P to AGEMOEA2-greedy_multi-1P', 'Equivalence_Line_17: SMSEMOA-random_dense-HUX to UNSGA3-greedy_multi-1P', 'Equivalence_Line_18: SMSEMOA-random_dense-UX to NSGA3-greedy_multi-1P', 'Equivalence_Line_19: SPEA2-random_dense-2P to RVEA-random_dense-UX', 'Equivalence_Line_20: NSGA3-random_dense-1P to RVEA-random_dense-HUX', 'Equivalence_Line_21: SPEA2-greedy_multi-UX to SMSEMOA-greedy_multi-2P', 'Equivalence_Line_22: SPEA2-greedy_multi-HUX to RVEA-greedy_multi-HUX', 'Equivalence_Line_23: NSGA2-greedy_multi-HUX to RVEA-greedy_multi-2P', 'Equivalence_Line_24: NSGA2-greedy_multi-UX to RVEA-greedy_multi-1P']"
SMSEMOA-random_dense-HUX,0.57853945682587,"['Equivalence_Line_1: NSGA2-greedy_ting-UX to SPEA2-greedy_ting-1P', 'Equivalence_Line_2: NSGA2-greedy_ting-2P to NSGA2-random_dense-UX', 'Equivalence_Line_3: SMSEMOA-greedy_ting-1P to NSGA2-random_dense-1P', 'Equivalence_Line_4: SMSEMOA-greedy_ting-2P to NSGA3-random_dense-UX', 'Equivalence_Line_5: UNSGA3-greedy_ting-2P to AGEMOEA2-random_dense-2P', 'Equivalence_Line_6: UNSGA3-greedy_ting-UX to UNSGA3-random_dense-2P', 'Equivalence_Line_7: RVEA-greedy_ting-2P to NSGA3-random_dense-1P', 'Equivalence_Line_8: RVEA-greedy_ting-HUX to UNSGA3-random_dense-1P', 'Equivalence_Line_9: NSGA2-random_dense-HUX to SPEA2-greedy_multi-HUX', 'Equivalence_Line_10: NSGA2-random_dense-2P to SPEA2-greedy_multi-1P', 'Equivalence_Line_11: AGEMOEA2-random_dense-HUX to NSGA2-greedy_multi-1P', 'Equivalence_Line_12: SPEA2-random_dense-HUX to SMSEMOA-random_dense-2P', 'Equivalence_Line_13: NSGA2-random_dense-1P to SMSEMOA-random_dense-1P', 'Equivalence_Line_14: UNSGA3-random_dense-HUX to AGEMOEA2-greedy_multi-HUX', 'Equivalence_Line_15: NSGA3-random_dense-UX to UNSGA3-greedy_multi-UX', 'Equivalence_Line_16: AGEMOEA2-random_dense-2P to AGEMOEA2-greedy_multi-1P', 'Equivalence_Line_17: SMSEMOA-random_dense-HUX to UNSGA3-greedy_multi-1P', 'Equivalence_Line_18: SMSEMOA-random_dense-UX to NSGA3-greedy_multi-1P', 'Equivalence_Line_19: SPEA2-random_dense-2P to RVEA-random_dense-UX', 'Equivalence_Line_20: NSGA3-random_dense-1P to RVEA-random_dense-HUX', 'Equivalence_Line_21: SPEA2-greedy_multi-UX to SMSEMOA-greedy_multi-2P', 'Equivalence_Line_22: SPEA2-greedy_multi-HUX to RVEA-greedy_multi-HUX', 'Equivalence_Line_23: NSGA2-greedy_multi-HUX to RVEA-greedy_multi-2P', 'Equivalence_Line_24: NSGA2-greedy_multi-UX to RVEA-greedy_multi-1P']"
UNSGA3-random_dense-2P,0.5776145024058034,"['Equivalence_Line_1: NSGA2-greedy_ting-UX to SPEA2-greedy_ting-1P', 'Equivalence_Line_2: NSGA2-greedy_ting-2P to NSGA2-random_dense-UX', 'Equivalence_Line_3: SMSEMOA-greedy_ting-1P to NSGA2-random_dense-1P', 'Equivalence_Line_4: SMSEMOA-greedy_ting-2P to NSGA3-random_dense-UX', 'Equivalence_Line_5: UNSGA3-greedy_ting-2P to AGEMOEA2-random_dense-2P', 'Equivalence_Line_6: UNSGA3-greedy_ting-UX to UNSGA3-random_dense-2P', 'Equivalence_Line_7: RVEA-greedy_ting-2P to NSGA3-random_dense-1P', 'Equivalence_Line_8: RVEA-greedy_ting-HUX to UNSGA3-random_dense-1P', 'Equivalence_Line_9: NSGA2-random_dense-HUX to SPEA2-greedy_multi-HUX', 'Equivalence_Line_10: NSGA2-random_dense-2P to SPEA2-greedy_multi-1P', 'Equivalence_Line_11: AGEMOEA2-random_dense-HUX to NSGA2-greedy_multi-1P', 'Equivalence_Line_12: SPEA2-random_dense-HUX to SMSEMOA-random_dense-2P', 'Equivalence_Line_13: NSGA2-random_dense-1P to SMSEMOA-random_dense-1P', 'Equivalence_Line_14: UNSGA3-random_dense-HUX to AGEMOEA2-greedy_multi-HUX', 'Equivalence_Line_15: NSGA3-random_dense-UX to UNSGA3-greedy_multi-UX', 'Equivalence_Line_16: AGEMOEA2-random_dense-2P to AGEMOEA2-greedy_multi-1P', 'Equivalence_Line_17: SMSEMOA-random_dense-HUX to UNSGA3-greedy_multi-1P', 'Equivalence_Line_18: SMSEMOA-random_dense-UX to NSGA3-greedy_multi-1P', 'Equivalence_Line_19: SPEA2-random_dense-2P to RVEA-random_dense-UX', 'Equivalence_Line_20: NSGA3-random_dense-1P to RVEA-random_dense-HUX', 'Equivalence_Line_21: SPEA2-greedy_multi-UX to SMSEMOA-greedy_multi-2P', 'Equivalence_Line_22: SPEA2-greedy_multi-HUX to RVEA-greedy_multi-HUX', 'Equivalence_Line_23: NSGA2-greedy_multi-HUX to RVEA-greedy_multi-2P', 'Equivalence_Line_24: NSGA2-greedy_multi-UX to RVEA-greedy_multi-1P']"
SMSEMOA-random_dense-UX,0.572450208842572,"['Equivalence_Line_1: NSGA2-greedy_ting-UX to SPEA2-greedy_ting-1P', 'Equivalence_Line_2: NSGA2-greedy_ting-2P to NSGA2-random_dense-UX', 'Equivalence_Line_3: SMSEMOA-greedy_ting-1P to NSGA2-random_dense-1P', 'Equivalence_Line_4: SMSEMOA-greedy_ting-2P to NSGA3-random_dense-UX', 'Equivalence_Line_5: UNSGA3-greedy_ting-2P to AGEMOEA2-random_dense-2P', 'Equivalence_Line_6: UNSGA3-greedy_ting-UX to UNSGA3-random_dense-2P', 'Equivalence_Line_7: RVEA-greedy_ting-2P to NSGA3-random_dense-1P', 'Equivalence_Line_8: RVEA-greedy_ting-HUX to UNSGA3-random_dense-1P', 'Equivalence_Line_9: NSGA2-random_dense-HUX to SPEA2-greedy_multi-HUX', 'Equivalence_Line_10: NSGA2-random_dense-2P to SPEA2-greedy_multi-1P', 'Equivalence_Line_11: AGEMOEA2-random_dense-HUX to NSGA2-greedy_multi-1P', 'Equivalence_Line_12: SPEA2-random_dense-HUX to SMSEMOA-random_dense-2P', 'Equivalence_Line_13: NSGA2-random_dense-1P to SMSEMOA-random_dense-1P', 'Equivalence_Line_14: UNSGA3-random_dense-HUX to AGEMOEA2-greedy_multi-HUX', 'Equivalence_Line_15: NSGA3-random_dense-UX to UNSGA3-greedy_multi-UX', 'Equivalence_Line_16: AGEMOEA2-random_dense-2P to AGEMOEA2-greedy_multi-1P', 'Equivalence_Line_17: SMSEMOA-random_dense-HUX to UNSGA3-greedy_multi-1P', 'Equivalence_Line_18: SMSEMOA-random_dense-UX to NSGA3-greedy_multi-1P', 'Equivalence_Line_19: SPEA2-random_dense-2P to RVEA-random_dense-UX', 'Equivalence_Line_20: NSGA3-random_dense-1P to RVEA-random_dense-HUX', 'Equivalence_Line_21: SPEA2-greedy_multi-UX to SMSEMOA-greedy_multi-2P', 'Equivalence_Line_22: SPEA2-greedy_multi-HUX to RVEA-greedy_multi-HUX', 'Equivalence_Line_23: NSGA2-greedy_multi-HUX to RVEA-greedy_multi-2P', 'Equivalence_Line_24: NSGA2-greedy_multi-UX to RVEA-greedy_multi-1P']"
AGEMOEA2-random_dense-1P,0.5615566821090889,"['Equivalence_Line_1: NSGA2-greedy_ting-UX to SPEA2-greedy_ting-1P', 'Equivalence_Line_2: NSGA2-greedy_ting-2P to NSGA2-random_dense-UX', 'Equivalence_Line_3: SMSEMOA-greedy_ting-1P to NSGA2-random_dense-1P', 'Equivalence_Line_4: SMSEMOA-greedy_ting-2P to NSGA3-random_dense-UX', 'Equivalence_Line_5: UNSGA3-greedy_ting-2P to AGEMOEA2-random_dense-2P', 'Equivalence_Line_6: UNSGA3-greedy_ting-UX to UNSGA3-random_dense-2P', 'Equivalence_Line_7: RVEA-greedy_ting-2P to NSGA3-random_dense-1P', 'Equivalence_Line_8: RVEA-greedy_ting-HUX to UNSGA3-random_dense-1P', 'Equivalence_Line_9: NSGA2-random_dense-HUX to SPEA2-greedy_multi-HUX', 'Equivalence_Line_10: NSGA2-random_dense-2P to SPEA2-greedy_multi-1P', 'Equivalence_Line_11: AGEMOEA2-random_dense-HUX to NSGA2-greedy_multi-1P', 'Equivalence_Line_12: SPEA2-random_dense-HUX to SMSEMOA-random_dense-2P', 'Equivalence_Line_13: NSGA2-random_dense-1P to SMSEMOA-random_dense-1P', 'Equivalence_Line_14: UNSGA3-random_dense-HUX to AGEMOEA2-greedy_multi-HUX', 'Equivalence_Line_15: NSGA3-random_dense-UX to UNSGA3-greedy_multi-UX', 'Equivalence_Line_16: AGEMOEA2-random_dense-2P to AGEMOEA2-greedy_multi-1P', 'Equivalence_Line_17: SMSEMOA-random_dense-HUX to UNSGA3-greedy_multi-1P', 'Equivalence_Line_18: SMSEMOA-random_dense-UX to NSGA3-greedy_multi-1P', 'Equivalence_Line_19: SPEA2-random_dense-2P to RVEA-random_dense-UX', 'Equivalence_Line_20: NSGA3-random_dense-1P to RVEA-random_dense-HUX', 'Equivalence_Line_21: SPEA2-greedy_multi-UX to SMSEMOA-greedy_multi-2P', 'Equivalence_Line_22: SPEA2-greedy_multi-HUX to RVEA-greedy_multi-HUX', 'Equivalence_Line_23: NSGA2-greedy_multi-HUX to RVEA-greedy_multi-2P', 'Equivalence_Line_24: NSGA2-greedy_multi-UX to RVEA-greedy_multi-1P']"
SPEA2-random_dense-2P,0.5523571082689829,"['Equivalence_Line_1: NSGA2-greedy_ting-UX to SPEA2-greedy_ting-1P', 'Equivalence_Line_2: NSGA2-greedy_ting-2P to NSGA2-random_dense-UX', 'Equivalence_Line_3: SMSEMOA-greedy_ting-1P to NSGA2-random_dense-1P', 'Equivalence_Line_4: SMSEMOA-greedy_ting-2P to NSGA3-random_dense-UX', 'Equivalence_Line_5: UNSGA3-greedy_ting-2P to AGEMOEA2-random_dense-2P', 'Equivalence_Line_6: UNSGA3-greedy_ting-UX to UNSGA3-random_dense-2P', 'Equivalence_Line_7: RVEA-greedy_ting-2P to NSGA3-random_dense-1P', 'Equivalence_Line_8: RVEA-greedy_ting-HUX to UNSGA3-random_dense-1P', 'Equivalence_Line_9: NSGA2-random_dense-HUX to SPEA2-greedy_multi-HUX', 'Equivalence_Line_10: NSGA2-random_dense-2P to SPEA2-greedy_multi-1P', 'Equivalence_Line_11: AGEMOEA2-random_dense-HUX to NSGA2-greedy_multi-1P', 'Equivalence_Line_12: SPEA2-random_dense-HUX to SMSEMOA-random_dense-2P', 'Equivalence_Line_13: NSGA2-random_dense-1P to SMSEMOA-random_dense-1P', 'Equivalence_Line_14: UNSGA3-random_dense-HUX to AGEMOEA2-greedy_multi-HUX', 'Equivalence_Line_15: NSGA3-random_dense-UX to UNSGA3-greedy_multi-UX', 'Equivalence_Line_16: AGEMOEA2-random_dense-2P to AGEMOEA2-greedy_multi-1P', 'Equivalence_Line_17: SMSEMOA-random_dense-HUX to UNSGA3-greedy_multi-1P', 'Equivalence_Line_18: SMSEMOA-random_dense-UX to NSGA3-greedy_multi-1P', 'Equivalence_Line_19: SPEA2-random_dense-2P to RVEA-random_dense-UX', 'Equivalence_Line_20: NSGA3-random_dense-1P to RVEA-random_dense-HUX', 'Equivalence_Line_21: SPEA2-greedy_multi-UX to SMSEMOA-greedy_multi-2P', 'Equivalence_Line_22: SPEA2-greedy_multi-HUX to RVEA-greedy_multi-HUX', 'Equivalence_Line_23: NSGA2-greedy_multi-HUX to RVEA-greedy_multi-2P', 'Equivalence_Line_24: NSGA2-greedy_multi-UX to RVEA-greedy_multi-1P']"
SPEA2-random_dense-1P,0.5521763293955926,"['Equivalence_Line_1: NSGA2-greedy_ting-UX to SPEA2-greedy_ting-1P', 'Equivalence_Line_2: NSGA2-greedy_ting-2P to NSGA2-random_dense-UX', 'Equivalence_Line_3: SMSEMOA-greedy_ting-1P to NSGA2-random_dense-1P', 'Equivalence_Line_4: SMSEMOA-greedy_ting-2P to NSGA3-random_dense-UX', 'Equivalence_Line_5: UNSGA3-greedy_ting-2P to AGEMOEA2-random_dense-2P', 'Equivalence_Line_6: UNSGA3-greedy_ting-UX to UNSGA3-random_dense-2P', 'Equivalence_Line_7: RVEA-greedy_ting-2P to NSGA3-random_dense-1P', 'Equivalence_Line_8: RVEA-greedy_ting-HUX to UNSGA3-random_dense-1P', 'Equivalence_Line_9: NSGA2-random_dense-HUX to SPEA2-greedy_multi-HUX', 'Equivalence_Line_10: NSGA2-random_dense-2P to SPEA2-greedy_multi-1P', 'Equivalence_Line_11: AGEMOEA2-random_dense-HUX to NSGA2-greedy_multi-1P', 'Equivalence_Line_12: SPEA2-random_dense-HUX to SMSEMOA-random_dense-2P', 'Equivalence_Line_13: NSGA2-random_dense-1P to SMSEMOA-random_dense-1P', 'Equivalence_Line_14: UNSGA3-random_dense-HUX to AGEMOEA2-greedy_multi-HUX', 'Equivalence_Line_15: NSGA3-random_dense-UX to UNSGA3-greedy_multi-UX', 'Equivalence_Line_16: AGEMOEA2-random_dense-2P to AGEMOEA2-greedy_multi-1P', 'Equivalence_Line_17: SMSEMOA-random_dense-HUX to UNSGA3-greedy_multi-1P', 'Equivalence_Line_18: SMSEMOA-random_dense-UX to NSGA3-greedy_multi-1P', 'Equivalence_Line_19: SPEA2-random_dense-2P to RVEA-random_dense-UX', 'Equivalence_Line_20: NSGA3-random_dense-1P to RVEA-random_dense-HUX', 'Equivalence_Line_21: SPEA2-greedy_multi-UX to SMSEMOA-greedy_multi-2P', 'Equivalence_Line_22: SPEA2-greedy_multi-HUX to RVEA-greedy_multi-HUX', 'Equivalence_Line_23: NSGA2-greedy_multi-HUX to RVEA-greedy_multi-2P', 'Equivalence_Line_24: NSGA2-greedy_multi-UX to RVEA-greedy_multi-1P']"
NSGA3-random_dense-2P,0.5480424603376693,"['Equivalence_Line_1: NSGA2-greedy_ting-UX to SPEA2-greedy_ting-1P', 'Equivalence_Line_2: NSGA2-greedy_ting-2P to NSGA2-random_dense-UX', 'Equivalence_Line_3: SMSEMOA-greedy_ting-1P to NSGA2-random_dense-1P', 'Equivalence_Line_4: SMSEMOA-greedy_ting-2P to NSGA3-random_dense-UX', 'Equivalence_Line_5: UNSGA3-greedy_ting-2P to AGEMOEA2-random_dense-2P', 'Equivalence_Line_6: UNSGA3-greedy_ting-UX to UNSGA3-random_dense-2P', 'Equivalence_Line_7: RVEA-greedy_ting-2P to NSGA3-random_dense-1P', 'Equivalence_Line_8: RVEA-greedy_ting-HUX to UNSGA3-random_dense-1P', 'Equivalence_Line_9: NSGA2-random_dense-HUX to SPEA2-greedy_multi-HUX', 'Equivalence_Line_10: NSGA2-random_dense-2P to SPEA2-greedy_multi-1P', 'Equivalence_Line_11: AGEMOEA2-random_dense-HUX to NSGA2-greedy_multi-1P', 'Equivalence_Line_12: SPEA2-random_dense-HUX to SMSEMOA-random_dense-2P', 'Equivalence_Line_13: NSGA2-random_dense-1P to SMSEMOA-random_dense-1P', 'Equivalence_Line_14: UNSGA3-random_dense-HUX to AGEMOEA2-greedy_multi-HUX', 'Equivalence_Line_15: NSGA3-random_dense-UX to UNSGA3-greedy_multi-UX', 'Equivalence_Line_16: AGEMOEA2-random_dense-2P to AGEMOEA2-greedy_multi-1P', 'Equivalence_Line_17: SMSEMOA-random_dense-HUX to UNSGA3-greedy_multi-1P', 'Equivalence_Line_18: SMSEMOA-random_dense-UX to NSGA3-greedy_multi-1P', 'Equivalence_Line_19: SPEA2-random_dense-2P to RVEA-random_dense-UX', 'Equivalence_Line_20: NSGA3-random_dense-1P to RVEA-random_dense-HUX', 'Equivalence_Line_21: SPEA2-greedy_multi-UX to SMSEMOA-greedy_multi-2P', 'Equivalence_Line_22: SPEA2-greedy_multi-HUX to RVEA-greedy_multi-HUX', 'Equivalence_Line_23: NSGA2-greedy_multi-HUX to RVEA-greedy_multi-2P', 'Equivalence_Line_24: NSGA2-greedy_multi-UX to RVEA-greedy_multi-1P']"
NSGA3-random_dense-1P,0.5305590451575273,"['Equivalence_Line_1: NSGA2-greedy_ting-UX to SPEA2-greedy_ting-1P', 'Equivalence_Line_2: NSGA2-greedy_ting-2P to NSGA2-random_dense-UX', 'Equivalence_Line_3: SMSEMOA-greedy_ting-1P to NSGA2-random_dense-1P', 'Equivalence_Line_4: SMSEMOA-greedy_ting-2P to NSGA3-random_dense-UX', 'Equivalence_Line_5: UNSGA3-greedy_ting-2P to AGEMOEA2-random_dense-2P', 'Equivalence_Line_6: UNSGA3-greedy_ting-UX to UNSGA3-random_dense-2P', 'Equivalence_Line_7: RVEA-greedy_ting-2P to NSGA3-random_dense-1P', 'Equivalence_Line_8: RVEA-greedy_ting-HUX to UNSGA3-random_dense-1P', 'Equivalence_Line_9: NSGA2-random_dense-HUX to SPEA2-greedy_multi-HUX', 'Equivalence_Line_10: NSGA2-random_dense-2P to SPEA2-greedy_multi-1P', 'Equivalence_Line_11: AGEMOEA2-random_dense-HUX to NSGA2-greedy_multi-1P', 'Equivalence_Line_12: SPEA2-random_dense-HUX to SMSEMOA-random_dense-2P', 'Equivalence_Line_13: NSGA2-random_dense-1P to SMSEMOA-random_dense-1P', 'Equivalence_Line_14: UNSGA3-random_dense-HUX to AGEMOEA2-greedy_multi-HUX', 'Equivalence_Line_15: NSGA3-random_dense-UX to UNSGA3-greedy_multi-UX', 'Equivalence_Line_16: AGEMOEA2-random_dense-2P to AGEMOEA2-greedy_multi-1P', 'Equivalence_Line_17: SMSEMOA-random_dense-HUX to UNSGA3-greedy_multi-1P', 'Equivalence_Line_18: SMSEMOA-random_dense-UX to NSGA3-greedy_multi-1P', 'Equivalence_Line_19: SPEA2-random_dense-2P to RVEA-random_dense-UX', 'Equivalence_Line_20: NSGA3-random_dense-1P to RVEA-random_dense-HUX', 'Equivalence_Line_21: SPEA2-greedy_multi-UX to SMSEMOA-greedy_multi-2P', 'Equivalence_Line_22: SPEA2-greedy_multi-HUX to RVEA-greedy_multi-HUX', 'Equivalence_Line_23: NSGA2-greedy_multi-HUX to RVEA-greedy_multi-2P', 'Equivalence_Line_24: NSGA2-greedy_multi-UX to RVEA-greedy_multi-1P']"
UNSGA3-random_dense-1P,0.5194893510191364,"['Equivalence_Line_1: NSGA2-greedy_ting-UX to SPEA2-greedy_ting-1P', 'Equivalence_Line_2: NSGA2-greedy_ting-2P to NSGA2-random_dense-UX', 'Equivalence_Line_3: SMSEMOA-greedy_ting-1P to NSGA2-random_dense-1P', 'Equivalence_Line_4: SMSEMOA-greedy_ting-2P to NSGA3-random_dense-UX', 'Equivalence_Line_5: UNSGA3-greedy_ting-2P to AGEMOEA2-random_dense-2P', 'Equivalence_Line_6: UNSGA3-greedy_ting-UX to UNSGA3-random_dense-2P', 'Equivalence_Line_7: RVEA-greedy_ting-2P to NSGA3-random_dense-1P', 'Equivalence_Line_8: RVEA-greedy_ting-HUX to UNSGA3-random_dense-1P', 'Equivalence_Line_9: NSGA2-random_dense-HUX to SPEA2-greedy_multi-HUX', 'Equivalence_Line_10: NSGA2-random_dense-2P to SPEA2-greedy_multi-1P', 'Equivalence_Line_11: AGEMOEA2-random_dense-HUX to NSGA2-greedy_multi-1P', 'Equivalence_Line_12: SPEA2-random_dense-HUX to SMSEMOA-random_dense-2P', 'Equivalence_Line_13: NSGA2-random_dense-1P to SMSEMOA-random_dense-1P', 'Equivalence_Line_14: UNSGA3-random_dense-HUX to AGEMOEA2-greedy_multi-HUX', 'Equivalence_Line_15: NSGA3-random_dense-UX to UNSGA3-greedy_multi-UX', 'Equivalence_Line_16: AGEMOEA2-random_dense-2P to AGEMOEA2-greedy_multi-1P', 'Equivalence_Line_17: SMSEMOA-random_dense-HUX to UNSGA3-greedy_multi-1P', 'Equivalence_Line_18: SMSEMOA-random_dense-UX to NSGA3-greedy_multi-1P', 'Equivalence_Line_19: SPEA2-random_dense-2P to RVEA-random_dense-UX', 'Equivalence_Line_20: NSGA3-random_dense-1P to RVEA-random_dense-HUX', 'Equivalence_Line_21: SPEA2-greedy_multi-UX to SMSEMOA-greedy_multi-2P', 'Equivalence_Line_22: SPEA2-greedy_multi-HUX to RVEA-greedy_multi-HUX', 'Equivalence_Line_23: NSGA2-greedy_multi-HUX to RVEA-greedy_multi-2P', 'Equivalence_Line_24: NSGA2-greedy_multi-UX to RVEA-greedy_multi-1P']"
SPEA2-greedy_multi-UX,0.44765354061052887,"['Equivalence_Line_1: NSGA2-greedy_ting-UX to SPEA2-greedy_ting-1P', 'Equivalence_Line_2: NSGA2-greedy_ting-2P to NSGA2-random_dense-UX', 'Equivalence_Line_3: SMSEMOA-greedy_ting-1P to NSGA2-random_dense-1P', 'Equivalence_Line_4: SMSEMOA-greedy_ting-2P to NSGA3-random_dense-UX', 'Equivalence_Line_5: UNSGA3-greedy_ting-2P to AGEMOEA2-random_dense-2P', 'Equivalence_Line_6: UNSGA3-greedy_ting-UX to UNSGA3-random_dense-2P', 'Equivalence_Line_7: RVEA-greedy_ting-2P to NSGA3-random_dense-1P', 'Equivalence_Line_8: RVEA-greedy_ting-HUX to UNSGA3-random_dense-1P', 'Equivalence_Line_9: NSGA2-random_dense-HUX to SPEA2-greedy_multi-HUX', 'Equivalence_Line_10: NSGA2-random_dense-2P to SPEA2-greedy_multi-1P', 'Equivalence_Line_11: AGEMOEA2-random_dense-HUX to NSGA2-greedy_multi-1P', 'Equivalence_Line_12: SPEA2-random_dense-HUX to SMSEMOA-random_dense-2P', 'Equivalence_Line_13: NSGA2-random_dense-1P to SMSEMOA-random_dense-1P', 'Equivalence_Line_14: UNSGA3-random_dense-HUX to AGEMOEA2-greedy_multi-HUX', 'Equivalence_Line_15: NSGA3-random_dense-UX to UNSGA3-greedy_multi-UX', 'Equivalence_Line_16: AGEMOEA2-random_dense-2P to AGEMOEA2-greedy_multi-1P', 'Equivalence_Line_17: SMSEMOA-random_dense-HUX to UNSGA3-greedy_multi-1P', 'Equivalence_Line_18: SMSEMOA-random_dense-UX to NSGA3-greedy_multi-1P', 'Equivalence_Line_19: SPEA2-random_dense-2P to RVEA-random_dense-UX', 'Equivalence_Line_20: NSGA3-random_dense-1P to RVEA-random_dense-HUX', 'Equivalence_Line_21: SPEA2-greedy_multi-UX to SMSEMOA-greedy_multi-2P', 'Equivalence_Line_22: SPEA2-greedy_multi-HUX to RVEA-greedy_multi-HUX', 'Equivalence_Line_23: NSGA2-greedy_multi-HUX to RVEA-greedy_multi-2P', 'Equivalence_Line_24: NSGA2-greedy_multi-UX to RVEA-greedy_multi-1P']"
SPEA2-greedy_multi-HUX,0.4433387899617902,"['Equivalence_Line_1: NSGA2-greedy_ting-UX to SPEA2-greedy_ting-1P', 'Equivalence_Line_2: NSGA2-greedy_ting-2P to NSGA2-random_dense-UX', 'Equivalence_Line_3: SMSEMOA-greedy_ting-1P to NSGA2-random_dense-1P', 'Equivalence_Line_4: SMSEMOA-greedy_ting-2P to NSGA3-random_dense-UX', 'Equivalence_Line_5: UNSGA3-greedy_ting-2P to AGEMOEA2-random_dense-2P', 'Equivalence_Line_6: UNSGA3-greedy_ting-UX to UNSGA3-random_dense-2P', 'Equivalence_Line_7: RVEA-greedy_ting-2P to NSGA3-random_dense-1P', 'Equivalence_Line_8: RVEA-greedy_ting-HUX to UNSGA3-random_dense-1P', 'Equivalence_Line_9: NSGA2-random_dense-HUX to SPEA2-greedy_multi-HUX', 'Equivalence_Line_10: NSGA2-random_dense-2P to SPEA2-greedy_multi-1P', 'Equivalence_Line_11: AGEMOEA2-random_dense-HUX to NSGA2-greedy_multi-1P', 'Equivalence_Line_12: SPEA2-random_dense-HUX to SMSEMOA-random_dense-2P', 'Equivalence_Line_13: NSGA2-random_dense-1P to SMSEMOA-random_dense-1P', 'Equivalence_Line_14: UNSGA3-random_dense-HUX to AGEMOEA2-greedy_multi-HUX', 'Equivalence_Line_15: NSGA3-random_dense-UX to UNSGA3-greedy_multi-UX', 'Equivalence_Line_16: AGEMOEA2-random_dense-2P to AGEMOEA2-greedy_multi-1P', 'Equivalence_Line_17: SMSEMOA-random_dense-HUX to UNSGA3-greedy_multi-1P', 'Equivalence_Line_18: SMSEMOA-random_dense-UX to NSGA3-greedy_multi-1P', 'Equivalence_Line_19: SPEA2-random_dense-2P to RVEA-random_dense-UX', 'Equivalence_Line_20: NSGA3-random_dense-1P to RVEA-random_dense-HUX', 'Equivalence_Line_21: SPEA2-greedy_multi-UX to SMSEMOA-greedy_multi-2P', 'Equivalence_Line_22: SPEA2-greedy_multi-HUX to RVEA-greedy_multi-HUX', 'Equivalence_Line_23: NSGA2-greedy_multi-HUX to RVEA-greedy_multi-2P', 'Equivalence_Line_24: NSGA2-greedy_multi-UX to RVEA-greedy_multi-1P']"
NSGA2-greedy_multi-HUX,0.431774696661363,"['Equivalence_Line_1: NSGA2-greedy_ting-UX to SPEA2-greedy_ting-1P', 'Equivalence_Line_2: NSGA2-greedy_ting-2P to NSGA2-random_dense-UX', 'Equivalence_Line_3: SMSEMOA-greedy_ting-1P to NSGA2-random_dense-1P', 'Equivalence_Line_4: SMSEMOA-greedy_ting-2P to NSGA3-random_dense-UX', 'Equivalence_Line_5: UNSGA3-greedy_ting-2P to AGEMOEA2-random_dense-2P', 'Equivalence_Line_6: UNSGA3-greedy_ting-UX to UNSGA3-random_dense-2P', 'Equivalence_Line_7: RVEA-greedy_ting-2P to NSGA3-random_dense-1P', 'Equivalence_Line_8: RVEA-greedy_ting-HUX to UNSGA3-random_dense-1P', 'Equivalence_Line_9: NSGA2-random_dense-HUX to SPEA2-greedy_multi-HUX', 'Equivalence_Line_10: NSGA2-random_dense-2P to SPEA2-greedy_multi-1P', 'Equivalence_Line_11: AGEMOEA2-random_dense-HUX to NSGA2-greedy_multi-1P', 'Equivalence_Line_12: SPEA2-random_dense-HUX to SMSEMOA-random_dense-2P', 'Equivalence_Line_13: NSGA2-random_dense-1P to SMSEMOA-random_dense-1P', 'Equivalence_Line_14: UNSGA3-random_dense-HUX to AGEMOEA2-greedy_multi-HUX', 'Equivalence_Line_15: NSGA3-random_dense-UX to UNSGA3-greedy_multi-UX', 'Equivalence_Line_16: AGEMOEA2-random_dense-2P to AGEMOEA2-greedy_multi-1P', 'Equivalence_Line_17: SMSEMOA-random_dense-HUX to UNSGA3-greedy_multi-1P', 'Equivalence_Line_18: SMSEMOA-random_dense-UX to NSGA3-greedy_multi-1P', 'Equivalence_Line_19: SPEA2-random_dense-2P to RVEA-random_dense-UX', 'Equivalence_Line_20: NSGA3-random_dense-1P to RVEA-random_dense-HUX', 'Equivalence_Line_21: SPEA2-greedy_multi-UX to SMSEMOA-greedy_multi-2P', 'Equivalence_Line_22: SPEA2-greedy_multi-HUX to RVEA-greedy_multi-HUX', 'Equivalence_Line_23: NSGA2-greedy_multi-HUX to RVEA-greedy_multi-2P', 'Equivalence_Line_24: NSGA2-greedy_multi-UX to RVEA-greedy_multi-1P']"
NSGA2-greedy_multi-UX,0.4219061692517258,"['Equivalence_Line_1: NSGA2-greedy_ting-UX to SPEA2-greedy_ting-1P', 'Equivalence_Line_2: NSGA2-greedy_ting-2P to NSGA2-random_dense-UX', 'Equivalence_Line_3: SMSEMOA-greedy_ting-1P to NSGA2-random_dense-1P', 'Equivalence_Line_4: SMSEMOA-greedy_ting-2P to NSGA3-random_dense-UX', 'Equivalence_Line_5: UNSGA3-greedy_ting-2P to AGEMOEA2-random_dense-2P', 'Equivalence_Line_6: UNSGA3-greedy_ting-UX to UNSGA3-random_dense-2P', 'Equivalence_Line_7: RVEA-greedy_ting-2P to NSGA3-random_dense-1P', 'Equivalence_Line_8: RVEA-greedy_ting-HUX to UNSGA3-random_dense-1P', 'Equivalence_Line_9: NSGA2-random_dense-HUX to SPEA2-greedy_multi-HUX', 'Equivalence_Line_10: NSGA2-random_dense-2P to SPEA2-greedy_multi-1P', 'Equivalence_Line_11: AGEMOEA2-random_dense-HUX to NSGA2-greedy_multi-1P', 'Equivalence_Line_12: SPEA2-random_dense-HUX to SMSEMOA-random_dense-2P', 'Equivalence_Line_13: NSGA2-random_dense-1P to SMSEMOA-random_dense-1P', 'Equivalence_Line_14: UNSGA3-random_dense-HUX to AGEMOEA2-greedy_multi-HUX', 'Equivalence_Line_15: NSGA3-random_dense-UX to UNSGA3-greedy_multi-UX', 'Equivalence_Line_16: AGEMOEA2-random_dense-2P to AGEMOEA2-greedy_multi-1P', 'Equivalence_Line_17: SMSEMOA-random_dense-HUX to UNSGA3-greedy_multi-1P', 'Equivalence_Line_18: SMSEMOA-random_dense-UX to NSGA3-greedy_multi-1P', 'Equivalence_Line_19: SPEA2-random_dense-2P to RVEA-random_dense-UX', 'Equivalence_Line_20: NSGA3-random_dense-1P to RVEA-random_dense-HUX', 'Equivalence_Line_21: SPEA2-greedy_multi-UX to SMSEMOA-greedy_multi-2P', 'Equivalence_Line_22: SPEA2-greedy_multi-HUX to RVEA-greedy_multi-HUX', 'Equivalence_Line_23: NSGA2-greedy_multi-HUX to RVEA-greedy_multi-2P', 'Equivalence_Line_24: NSGA2-greedy_multi-UX to RVEA-greedy_multi-1P']"
SPEA2-greedy_multi-2P,0.4207666263434392,"['Equivalence_Line_1: NSGA2-greedy_ting-UX to SPEA2-greedy_ting-1P', 'Equivalence_Line_2: NSGA2-greedy_ting-2P to NSGA2-random_dense-UX', 'Equivalence_Line_3: SMSEMOA-greedy_ting-1P to NSGA2-random_dense-1P', 'Equivalence_Line_4: SMSEMOA-greedy_ting-2P to NSGA3-random_dense-UX', 'Equivalence_Line_5: UNSGA3-greedy_ting-2P to AGEMOEA2-random_dense-2P', 'Equivalence_Line_6: UNSGA3-greedy_ting-UX to UNSGA3-random_dense-2P', 'Equivalence_Line_7: RVEA-greedy_ting-2P to NSGA3-random_dense-1P', 'Equivalence_Line_8: RVEA-greedy_ting-HUX to UNSGA3-random_dense-1P', 'Equivalence_Line_9: NSGA2-random_dense-HUX to SPEA2-greedy_multi-HUX', 'Equivalence_Line_10: NSGA2-random_dense-2P to SPEA2-greedy_multi-1P', 'Equivalence_Line_11: AGEMOEA2-random_dense-HUX to NSGA2-greedy_multi-1P', 'Equivalence_Line_12: SPEA2-random_dense-HUX to SMSEMOA-random_dense-2P', 'Equivalence_Line_13: NSGA2-random_dense-1P to SMSEMOA-random_dense-1P', 'Equivalence_Line_14: UNSGA3-random_dense-HUX to AGEMOEA2-greedy_multi-HUX', 'Equivalence_Line_15: NSGA3-random_dense-UX to UNSGA3-greedy_multi-UX', 'Equivalence_Line_16: AGEMOEA2-random_dense-2P to AGEMOEA2-greedy_multi-1P', 'Equivalence_Line_17: SMSEMOA-random_dense-HUX to UNSGA3-greedy_multi-1P', 'Equivalence_Line_18: SMSEMOA-random_dense-UX to NSGA3-greedy_multi-1P', 'Equivalence_Line_19: SPEA2-random_dense-2P to RVEA-random_dense-UX', 'Equivalence_Line_20: NSGA3-random_dense-1P to RVEA-random_dense-HUX', 'Equivalence_Line_21: SPEA2-greedy_multi-UX to SMSEMOA-greedy_multi-2P', 'Equivalence_Line_22: SPEA2-greedy_multi-HUX to RVEA-greedy_multi-HUX', 'Equivalence_Line_23: NSGA2-greedy_multi-HUX to RVEA-greedy_multi-2P', 'Equivalence_Line_24: NSGA2-greedy_multi-UX to RVEA-greedy_multi-1P']"
NSGA2-greedy_multi-2P,0.4196318891233112,"['Equivalence_Line_1: NSGA2-greedy_ting-UX to SPEA2-greedy_ting-1P', 'Equivalence_Line_2: NSGA2-greedy_ting-2P to NSGA2-random_dense-UX', 'Equivalence_Line_3: SMSEMOA-greedy_ting-1P to NSGA2-random_dense-1P', 'Equivalence_Line_4: SMSEMOA-greedy_ting-2P to NSGA3-random_dense-UX', 'Equivalence_Line_5: UNSGA3-greedy_ting-2P to AGEMOEA2-random_dense-2P', 'Equivalence_Line_6: UNSGA3-greedy_ting-UX to UNSGA3-random_dense-2P', 'Equivalence_Line_7: RVEA-greedy_ting-2P to NSGA3-random_dense-1P', 'Equivalence_Line_8: RVEA-greedy_ting-HUX to UNSGA3-random_dense-1P', 'Equivalence_Line_9: NSGA2-random_dense-HUX to SPEA2-greedy_multi-HUX', 'Equivalence_Line_10: NSGA2-random_dense-2P to SPEA2-greedy_multi-1P', 'Equivalence_Line_11: AGEMOEA2-random_dense-HUX to NSGA2-greedy_multi-1P', 'Equivalence_Line_12: SPEA2-random_dense-HUX to SMSEMOA-random_dense-2P', 'Equivalence_Line_13: NSGA2-random_dense-1P to SMSEMOA-random_dense-1P', 'Equivalence_Line_14: UNSGA3-random_dense-HUX to AGEMOEA2-greedy_multi-HUX', 'Equivalence_Line_15: NSGA3-random_dense-UX to UNSGA3-greedy_multi-UX', 'Equivalence_Line_16: AGEMOEA2-random_dense-2P to AGEMOEA2-greedy_multi-1P', 'Equivalence_Line_17: SMSEMOA-random_dense-HUX to UNSGA3-greedy_multi-1P', 'Equivalence_Line_18: SMSEMOA-random_dense-UX to NSGA3-greedy_multi-1P', 'Equivalence_Line_19: SPEA2-random_dense-2P to RVEA-random_dense-UX', 'Equivalence_Line_20: NSGA3-random_dense-1P to RVEA-random_dense-HUX', 'Equivalence_Line_21: SPEA2-greedy_multi-UX to SMSEMOA-greedy_multi-2P', 'Equivalence_Line_22: SPEA2-greedy_multi-HUX to RVEA-greedy_multi-HUX', 'Equivalence_Line_23: NSGA2-greedy_multi-HUX to RVEA-greedy_multi-2P', 'Equivalence_Line_24: NSGA2-greedy_multi-UX to RVEA-greedy_multi-1P']"
SPEA2-greedy_multi-1P,0.4143811847251777,"['Equivalence_Line_1: NSGA2-greedy_ting-UX to SPEA2-greedy_ting-1P', 'Equivalence_Line_2: NSGA2-greedy_ting-2P to NSGA2-random_dense-UX', 'Equivalence_Line_3: SMSEMOA-greedy_ting-1P to NSGA2-random_dense-1P', 'Equivalence_Line_4: SMSEMOA-greedy_ting-2P to NSGA3-random_dense-UX', 'Equivalence_Line_5: UNSGA3-greedy_ting-2P to AGEMOEA2-random_dense-2P', 'Equivalence_Line_6: UNSGA3-greedy_ting-UX to UNSGA3-random_dense-2P', 'Equivalence_Line_7: RVEA-greedy_ting-2P to NSGA3-random_dense-1P', 'Equivalence_Line_8: RVEA-greedy_ting-HUX to UNSGA3-random_dense-1P', 'Equivalence_Line_9: NSGA2-random_dense-HUX to SPEA2-greedy_multi-HUX', 'Equivalence_Line_10: NSGA2-random_dense-2P to SPEA2-greedy_multi-1P', 'Equivalence_Line_11: AGEMOEA2-random_dense-HUX to NSGA2-greedy_multi-1P', 'Equivalence_Line_12: SPEA2-random_dense-HUX to SMSEMOA-random_dense-2P', 'Equivalence_Line_13: NSGA2-random_dense-1P to SMSEMOA-random_dense-1P', 'Equivalence_Line_14: UNSGA3-random_dense-HUX to AGEMOEA2-greedy_multi-HUX', 'Equivalence_Line_15: NSGA3-random_dense-UX to UNSGA3-greedy_multi-UX', 'Equivalence_Line_16: AGEMOEA2-random_dense-2P to AGEMOEA2-greedy_multi-1P', 'Equivalence_Line_17: SMSEMOA-random_dense-HUX to UNSGA3-greedy_multi-1P', 'Equivalence_Line_18: SMSEMOA-random_dense-UX to NSGA3-greedy_multi-1P', 'Equivalence_Line_19: SPEA2-random_dense-2P to RVEA-random_dense-UX', 'Equivalence_Line_20: NSGA3-random_dense-1P to RVEA-random_dense-HUX', 'Equivalence_Line_21: SPEA2-greedy_multi-UX to SMSEMOA-greedy_multi-2P', 'Equivalence_Line_22: SPEA2-greedy_multi-HUX to RVEA-greedy_multi-HUX', 'Equivalence_Line_23: NSGA2-greedy_multi-HUX to RVEA-greedy_multi-2P', 'Equivalence_Line_24: NSGA2-greedy_multi-UX to RVEA-greedy_multi-1P']"
NSGA2-greedy_multi-1P,0.41207030233564274,"['Equivalence_Line_1: NSGA2-greedy_ting-UX to SPEA2-greedy_ting-1P', 'Equivalence_Line_2: NSGA2-greedy_ting-2P to NSGA2-random_dense-UX', 'Equivalence_Line_3: SMSEMOA-greedy_ting-1P to NSGA2-random_dense-1P', 'Equivalence_Line_4: SMSEMOA-greedy_ting-2P to NSGA3-random_dense-UX', 'Equivalence_Line_5: UNSGA3-greedy_ting-2P to AGEMOEA2-random_dense-2P', 'Equivalence_Line_6: UNSGA3-greedy_ting-UX to UNSGA3-random_dense-2P', 'Equivalence_Line_7: RVEA-greedy_ting-2P to NSGA3-random_dense-1P', 'Equivalence_Line_8: RVEA-greedy_ting-HUX to UNSGA3-random_dense-1P', 'Equivalence_Line_9: NSGA2-random_dense-HUX to SPEA2-greedy_multi-HUX', 'Equivalence_Line_10: NSGA2-random_dense-2P to SPEA2-greedy_multi-1P', 'Equivalence_Line_11: AGEMOEA2-random_dense-HUX to NSGA2-greedy_multi-1P', 'Equivalence_Line_12: SPEA2-random_dense-HUX to SMSEMOA-random_dense-2P', 'Equivalence_Line_13: NSGA2-random_dense-1P to SMSEMOA-random_dense-1P', 'Equivalence_Line_14: UNSGA3-random_dense-HUX to AGEMOEA2-greedy_multi-HUX', 'Equivalence_Line_15: NSGA3-random_dense-UX to UNSGA3-greedy_multi-UX', 'Equivalence_Line_16: AGEMOEA2-random_dense-2P to AGEMOEA2-greedy_multi-1P', 'Equivalence_Line_17: SMSEMOA-random_dense-HUX to UNSGA3-greedy_multi-1P', 'Equivalence_Line_18: SMSEMOA-random_dense-UX to NSGA3-greedy_multi-1P', 'Equivalence_Line_19: SPEA2-random_dense-2P to RVEA-random_dense-UX', 'Equivalence_Line_20: NSGA3-random_dense-1P to RVEA-random_dense-HUX', 'Equivalence_Line_21: SPEA2-greedy_multi-UX to SMSEMOA-greedy_multi-2P', 'Equivalence_Line_22: SPEA2-greedy_multi-HUX to RVEA-greedy_multi-HUX', 'Equivalence_Line_23: NSGA2-greedy_multi-HUX to RVEA-greedy_multi-2P', 'Equivalence_Line_24: NSGA2-greedy_multi-UX to RVEA-greedy_multi-1P']"
SMSEMOA-random_dense-2P,0.41101108268359526,"['Equivalence_Line_1: NSGA2-greedy_ting-UX to SPEA2-greedy_ting-1P', 'Equivalence_Line_2: NSGA2-greedy_ting-2P to NSGA2-random_dense-UX', 'Equivalence_Line_3: SMSEMOA-greedy_ting-1P to NSGA2-random_dense-1P', 'Equivalence_Line_4: SMSEMOA-greedy_ting-2P to NSGA3-random_dense-UX', 'Equivalence_Line_5: UNSGA3-greedy_ting-2P to AGEMOEA2-random_dense-2P', 'Equivalence_Line_6: UNSGA3-greedy_ting-UX to UNSGA3-random_dense-2P', 'Equivalence_Line_7: RVEA-greedy_ting-2P to NSGA3-random_dense-1P', 'Equivalence_Line_8: RVEA-greedy_ting-HUX to UNSGA3-random_dense-1P', 'Equivalence_Line_9: NSGA2-random_dense-HUX to SPEA2-greedy_multi-HUX', 'Equivalence_Line_10: NSGA2-random_dense-2P to SPEA2-greedy_multi-1P', 'Equivalence_Line_11: AGEMOEA2-random_dense-HUX to NSGA2-greedy_multi-1P', 'Equivalence_Line_12: SPEA2-random_dense-HUX to SMSEMOA-random_dense-2P', 'Equivalence_Line_13: NSGA2-random_dense-1P to SMSEMOA-random_dense-1P', 'Equivalence_Line_14: UNSGA3-random_dense-HUX to AGEMOEA2-greedy_multi-HUX', 'Equivalence_Line_15: NSGA3-random_dense-UX to UNSGA3-greedy_multi-UX', 'Equivalence_Line_16: AGEMOEA2-random_dense-2P to AGEMOEA2-greedy_multi-1P', 'Equivalence_Line_17: SMSEMOA-random_dense-HUX to UNSGA3-greedy_multi-1P', 'Equivalence_Line_18: SMSEMOA-random_dense-UX to NSGA3-greedy_multi-1P', 'Equivalence_Line_19: SPEA2-random_dense-2P to RVEA-random_dense-UX', 'Equivalence_Line_20: NSGA3-random_dense-1P to RVEA-random_dense-HUX', 'Equivalence_Line_21: SPEA2-greedy_multi-UX to SMSEMOA-greedy_multi-2P', 'Equivalence_Line_22: SPEA2-greedy_multi-HUX to RVEA-greedy_multi-HUX', 'Equivalence_Line_23: NSGA2-greedy_multi-HUX to RVEA-greedy_multi-2P', 'Equivalence_Line_24: NSGA2-greedy_multi-UX to RVEA-greedy_multi-1P']"
SMSEMOA-random_dense-1P,0.3898388479543821,"['Equivalence_Line_1: NSGA2-greedy_ting-UX to SPEA2-greedy_ting-1P', 'Equivalence_Line_2: NSGA2-greedy_ting-2P to NSGA2-random_dense-UX', 'Equivalence_Line_3: SMSEMOA-greedy_ting-1P to NSGA2-random_dense-1P', 'Equivalence_Line_4: SMSEMOA-greedy_ting-2P to NSGA3-random_dense-UX', 'Equivalence_Line_5: UNSGA3-greedy_ting-2P to AGEMOEA2-random_dense-2P', 'Equivalence_Line_6: UNSGA3-greedy_ting-UX to UNSGA3-random_dense-2P', 'Equivalence_Line_7: RVEA-greedy_ting-2P to NSGA3-random_dense-1P', 'Equivalence_Line_8: RVEA-greedy_ting-HUX to UNSGA3-random_dense-1P', 'Equivalence_Line_9: NSGA2-random_dense-HUX to SPEA2-greedy_multi-HUX', 'Equivalence_Line_10: NSGA2-random_dense-2P to SPEA2-greedy_multi-1P', 'Equivalence_Line_11: AGEMOEA2-random_dense-HUX to NSGA2-greedy_multi-1P', 'Equivalence_Line_12: SPEA2-random_dense-HUX to SMSEMOA-random_dense-2P', 'Equivalence_Line_13: NSGA2-random_dense-1P to SMSEMOA-random_dense-1P', 'Equivalence_Line_14: UNSGA3-random_dense-HUX to AGEMOEA2-greedy_multi-HUX', 'Equivalence_Line_15: NSGA3-random_dense-UX to UNSGA3-greedy_multi-UX', 'Equivalence_Line_16: AGEMOEA2-random_dense-2P to AGEMOEA2-greedy_multi-1P', 'Equivalence_Line_17: SMSEMOA-random_dense-HUX to UNSGA3-greedy_multi-1P', 'Equivalence_Line_18: SMSEMOA-random_dense-UX to NSGA3-greedy_multi-1P', 'Equivalence_Line_19: SPEA2-random_dense-2P to RVEA-random_dense-UX', 'Equivalence_Line_20: NSGA3-random_dense-1P to RVEA-random_dense-HUX', 'Equivalence_Line_21: SPEA2-greedy_multi-UX to SMSEMOA-greedy_multi-2P', 'Equivalence_Line_22: SPEA2-greedy_multi-HUX to RVEA-greedy_multi-HUX', 'Equivalence_Line_23: NSGA2-greedy_multi-HUX to RVEA-greedy_multi-2P', 'Equivalence_Line_24: NSGA2-greedy_multi-UX to RVEA-greedy_multi-1P']"
AGEMOEA2-greedy_multi-2P,0.38251213339143375,"['Equivalence_Line_1: NSGA2-greedy_ting-UX to SPEA2-greedy_ting-1P', 'Equivalence_Line_2: NSGA2-greedy_ting-2P to NSGA2-random_dense-UX', 'Equivalence_Line_3: SMSEMOA-greedy_ting-1P to NSGA2-random_dense-1P', 'Equivalence_Line_4: SMSEMOA-greedy_ting-2P to NSGA3-random_dense-UX', 'Equivalence_Line_5: UNSGA3-greedy_ting-2P to AGEMOEA2-random_dense-2P', 'Equivalence_Line_6: UNSGA3-greedy_ting-UX to UNSGA3-random_dense-2P', 'Equivalence_Line_7: RVEA-greedy_ting-2P to NSGA3-random_dense-1P', 'Equivalence_Line_8: RVEA-greedy_ting-HUX to UNSGA3-random_dense-1P', 'Equivalence_Line_9: NSGA2-random_dense-HUX to SPEA2-greedy_multi-HUX', 'Equivalence_Line_10: NSGA2-random_dense-2P to SPEA2-greedy_multi-1P', 'Equivalence_Line_11: AGEMOEA2-random_dense-HUX to NSGA2-greedy_multi-1P', 'Equivalence_Line_12: SPEA2-random_dense-HUX to SMSEMOA-random_dense-2P', 'Equivalence_Line_13: NSGA2-random_dense-1P to SMSEMOA-random_dense-1P', 'Equivalence_Line_14: UNSGA3-random_dense-HUX to AGEMOEA2-greedy_multi-HUX', 'Equivalence_Line_15: NSGA3-random_dense-UX to UNSGA3-greedy_multi-UX', 'Equivalence_Line_16: AGEMOEA2-random_dense-2P to AGEMOEA2-greedy_multi-1P', 'Equivalence_Line_17: SMSEMOA-random_dense-HUX to UNSGA3-greedy_multi-1P', 'Equivalence_Line_18: SMSEMOA-random_dense-UX to NSGA3-greedy_multi-1P', 'Equivalence_Line_19: SPEA2-random_dense-2P to RVEA-random_dense-UX', 'Equivalence_Line_20: NSGA3-random_dense-1P to RVEA-random_dense-HUX', 'Equivalence_Line_21: SPEA2-greedy_multi-UX to SMSEMOA-greedy_multi-2P', 'Equivalence_Line_22: SPEA2-greedy_multi-HUX to RVEA-greedy_multi-HUX', 'Equivalence_Line_23: NSGA2-greedy_multi-HUX to RVEA-greedy_multi-2P', 'Equivalence_Line_24: NSGA2-greedy_multi-UX to RVEA-greedy_multi-1P']"
AGEMOEA2-greedy_multi-HUX,0.3820785799604274,"['Equivalence_Line_1: NSGA2-greedy_ting-UX to SPEA2-greedy_ting-1P', 'Equivalence_Line_2: NSGA2-greedy_ting-2P to NSGA2-random_dense-UX', 'Equivalence_Line_3: SMSEMOA-greedy_ting-1P to NSGA2-random_dense-1P', 'Equivalence_Line_4: SMSEMOA-greedy_ting-2P to NSGA3-random_dense-UX', 'Equivalence_Line_5: UNSGA3-greedy_ting-2P to AGEMOEA2-random_dense-2P', 'Equivalence_Line_6: UNSGA3-greedy_ting-UX to UNSGA3-random_dense-2P', 'Equivalence_Line_7: RVEA-greedy_ting-2P to NSGA3-random_dense-1P', 'Equivalence_Line_8: RVEA-greedy_ting-HUX to UNSGA3-random_dense-1P', 'Equivalence_Line_9: NSGA2-random_dense-HUX to SPEA2-greedy_multi-HUX', 'Equivalence_Line_10: NSGA2-random_dense-2P to SPEA2-greedy_multi-1P', 'Equivalence_Line_11: AGEMOEA2-random_dense-HUX to NSGA2-greedy_multi-1P', 'Equivalence_Line_12: SPEA2-random_dense-HUX to SMSEMOA-random_dense-2P', 'Equivalence_Line_13: NSGA2-random_dense-1P to SMSEMOA-random_dense-1P', 'Equivalence_Line_14: UNSGA3-random_dense-HUX to AGEMOEA2-greedy_multi-HUX', 'Equivalence_Line_15: NSGA3-random_dense-UX to UNSGA3-greedy_multi-UX', 'Equivalence_Line_16: AGEMOEA2-random_dense-2P to AGEMOEA2-greedy_multi-1P', 'Equivalence_Line_17: SMSEMOA-random_dense-HUX to UNSGA3-greedy_multi-1P', 'Equivalence_Line_18: SMSEMOA-random_dense-UX to NSGA3-greedy_multi-1P', 'Equivalence_Line_19: SPEA2-random_dense-2P to RVEA-random_dense-UX', 'Equivalence_Line_20: NSGA3-random_dense-1P to RVEA-random_dense-HUX', 'Equivalence_Line_21: SPEA2-greedy_multi-UX to SMSEMOA-greedy_multi-2P', 'Equivalence_Line_22: SPEA2-greedy_multi-HUX to RVEA-greedy_multi-HUX', 'Equivalence_Line_23: NSGA2-greedy_multi-HUX to RVEA-greedy_multi-2P', 'Equivalence_Line_24: NSGA2-greedy_multi-UX to RVEA-greedy_multi-1P']"
AGEMOEA2-greedy_multi-UX,0.37846532902232954,"['Equivalence_Line_1: NSGA2-greedy_ting-UX to SPEA2-greedy_ting-1P', 'Equivalence_Line_2: NSGA2-greedy_ting-2P to NSGA2-random_dense-UX', 'Equivalence_Line_3: SMSEMOA-greedy_ting-1P to NSGA2-random_dense-1P', 'Equivalence_Line_4: SMSEMOA-greedy_ting-2P to NSGA3-random_dense-UX', 'Equivalence_Line_5: UNSGA3-greedy_ting-2P to AGEMOEA2-random_dense-2P', 'Equivalence_Line_6: UNSGA3-greedy_ting-UX to UNSGA3-random_dense-2P', 'Equivalence_Line_7: RVEA-greedy_ting-2P to NSGA3-random_dense-1P', 'Equivalence_Line_8: RVEA-greedy_ting-HUX to UNSGA3-random_dense-1P', 'Equivalence_Line_9: NSGA2-random_dense-HUX to SPEA2-greedy_multi-HUX', 'Equivalence_Line_10: NSGA2-random_dense-2P to SPEA2-greedy_multi-1P', 'Equivalence_Line_11: AGEMOEA2-random_dense-HUX to NSGA2-greedy_multi-1P', 'Equivalence_Line_12: SPEA2-random_dense-HUX to SMSEMOA-random_dense-2P', 'Equivalence_Line_13: NSGA2-random_dense-1P to SMSEMOA-random_dense-1P', 'Equivalence_Line_14: UNSGA3-random_dense-HUX to AGEMOEA2-greedy_multi-HUX', 'Equivalence_Line_15: NSGA3-random_dense-UX to UNSGA3-greedy_multi-UX', 'Equivalence_Line_16: AGEMOEA2-random_dense-2P to AGEMOEA2-greedy_multi-1P', 'Equivalence_Line_17: SMSEMOA-random_dense-HUX to UNSGA3-greedy_multi-1P', 'Equivalence_Line_18: SMSEMOA-random_dense-UX to NSGA3-greedy_multi-1P', 'Equivalence_Line_19: SPEA2-random_dense-2P to RVEA-random_dense-UX', 'Equivalence_Line_20: NSGA3-random_dense-1P to RVEA-random_dense-HUX', 'Equivalence_Line_21: SPEA2-greedy_multi-UX to SMSEMOA-greedy_multi-2P', 'Equivalence_Line_22: SPEA2-greedy_multi-HUX to RVEA-greedy_multi-HUX', 'Equivalence_Line_23: NSGA2-greedy_multi-HUX to RVEA-greedy_multi-2P', 'Equivalence_Line_24: NSGA2-greedy_multi-UX to RVEA-greedy_multi-1P']"
UNSGA3-greedy_multi-UX,0.3782434751372623,"['Equivalence_Line_1: NSGA2-greedy_ting-UX to SPEA2-greedy_ting-1P', 'Equivalence_Line_2: NSGA2-greedy_ting-2P to NSGA2-random_dense-UX', 'Equivalence_Line_3: SMSEMOA-greedy_ting-1P to NSGA2-random_dense-1P', 'Equivalence_Line_4: SMSEMOA-greedy_ting-2P to NSGA3-random_dense-UX', 'Equivalence_Line_5: UNSGA3-greedy_ting-2P to AGEMOEA2-random_dense-2P', 'Equivalence_Line_6: UNSGA3-greedy_ting-UX to UNSGA3-random_dense-2P', 'Equivalence_Line_7: RVEA-greedy_ting-2P to NSGA3-random_dense-1P', 'Equivalence_Line_8: RVEA-greedy_ting-HUX to UNSGA3-random_dense-1P', 'Equivalence_Line_9: NSGA2-random_dense-HUX to SPEA2-greedy_multi-HUX', 'Equivalence_Line_10: NSGA2-random_dense-2P to SPEA2-greedy_multi-1P', 'Equivalence_Line_11: AGEMOEA2-random_dense-HUX to NSGA2-greedy_multi-1P', 'Equivalence_Line_12: SPEA2-random_dense-HUX to SMSEMOA-random_dense-2P', 'Equivalence_Line_13: NSGA2-random_dense-1P to SMSEMOA-random_dense-1P', 'Equivalence_Line_14: UNSGA3-random_dense-HUX to AGEMOEA2-greedy_multi-HUX', 'Equivalence_Line_15: NSGA3-random_dense-UX to UNSGA3-greedy_multi-UX', 'Equivalence_Line_16: AGEMOEA2-random_dense-2P to AGEMOEA2-greedy_multi-1P', 'Equivalence_Line_17: SMSEMOA-random_dense-HUX to UNSGA3-greedy_multi-1P', 'Equivalence_Line_18: SMSEMOA-random_dense-UX to NSGA3-greedy_multi-1P', 'Equivalence_Line_19: SPEA2-random_dense-2P to RVEA-random_dense-UX', 'Equivalence_Line_20: NSGA3-random_dense-1P to RVEA-random_dense-HUX', 'Equivalence_Line_21: SPEA2-greedy_multi-UX to SMSEMOA-greedy_multi-2P', 'Equivalence_Line_22: SPEA2-greedy_multi-HUX to RVEA-greedy_multi-HUX', 'Equivalence_Line_23: NSGA2-greedy_multi-HUX to RVEA-greedy_multi-2P', 'Equivalence_Line_24: NSGA2-greedy_multi-UX to RVEA-greedy_multi-1P']"
UNSGA3-greedy_multi-HUX,0.37473915804163693,"['Equivalence_Line_1: NSGA2-greedy_ting-UX to SPEA2-greedy_ting-1P', 'Equivalence_Line_2: NSGA2-greedy_ting-2P to NSGA2-random_dense-UX', 'Equivalence_Line_3: SMSEMOA-greedy_ting-1P to NSGA2-random_dense-1P', 'Equivalence_Line_4: SMSEMOA-greedy_ting-2P to NSGA3-random_dense-UX', 'Equivalence_Line_5: UNSGA3-greedy_ting-2P to AGEMOEA2-random_dense-2P', 'Equivalence_Line_6: UNSGA3-greedy_ting-UX to UNSGA3-random_dense-2P', 'Equivalence_Line_7: RVEA-greedy_ting-2P to NSGA3-random_dense-1P', 'Equivalence_Line_8: RVEA-greedy_ting-HUX to UNSGA3-random_dense-1P', 'Equivalence_Line_9: NSGA2-random_dense-HUX to SPEA2-greedy_multi-HUX', 'Equivalence_Line_10: NSGA2-random_dense-2P to SPEA2-greedy_multi-1P', 'Equivalence_Line_11: AGEMOEA2-random_dense-HUX to NSGA2-greedy_multi-1P', 'Equivalence_Line_12: SPEA2-random_dense-HUX to SMSEMOA-random_dense-2P', 'Equivalence_Line_13: NSGA2-random_dense-1P to SMSEMOA-random_dense-1P', 'Equivalence_Line_14: UNSGA3-random_dense-HUX to AGEMOEA2-greedy_multi-HUX', 'Equivalence_Line_15: NSGA3-random_dense-UX to UNSGA3-greedy_multi-UX', 'Equivalence_Line_16: AGEMOEA2-random_dense-2P to AGEMOEA2-greedy_multi-1P', 'Equivalence_Line_17: SMSEMOA-random_dense-HUX to UNSGA3-greedy_multi-1P', 'Equivalence_Line_18: SMSEMOA-random_dense-UX to NSGA3-greedy_multi-1P', 'Equivalence_Line_19: SPEA2-random_dense-2P to RVEA-random_dense-UX', 'Equivalence_Line_20: NSGA3-random_dense-1P to RVEA-random_dense-HUX', 'Equivalence_Line_21: SPEA2-greedy_multi-UX to SMSEMOA-greedy_multi-2P', 'Equivalence_Line_22: SPEA2-greedy_multi-HUX to RVEA-greedy_multi-HUX', 'Equivalence_Line_23: NSGA2-greedy_multi-HUX to RVEA-greedy_multi-2P', 'Equivalence_Line_24: NSGA2-greedy_multi-UX to RVEA-greedy_multi-1P']"
NSGA3-greedy_multi-UX,0.3744285503008639,"['Equivalence_Line_1: NSGA2-greedy_ting-UX to SPEA2-greedy_ting-1P', 'Equivalence_Line_2: NSGA2-greedy_ting-2P to NSGA2-random_dense-UX', 'Equivalence_Line_3: SMSEMOA-greedy_ting-1P to NSGA2-random_dense-1P', 'Equivalence_Line_4: SMSEMOA-greedy_ting-2P to NSGA3-random_dense-UX', 'Equivalence_Line_5: UNSGA3-greedy_ting-2P to AGEMOEA2-random_dense-2P', 'Equivalence_Line_6: UNSGA3-greedy_ting-UX to UNSGA3-random_dense-2P', 'Equivalence_Line_7: RVEA-greedy_ting-2P to NSGA3-random_dense-1P', 'Equivalence_Line_8: RVEA-greedy_ting-HUX to UNSGA3-random_dense-1P', 'Equivalence_Line_9: NSGA2-random_dense-HUX to SPEA2-greedy_multi-HUX', 'Equivalence_Line_10: NSGA2-random_dense-2P to SPEA2-greedy_multi-1P', 'Equivalence_Line_11: AGEMOEA2-random_dense-HUX to NSGA2-greedy_multi-1P', 'Equivalence_Line_12: SPEA2-random_dense-HUX to SMSEMOA-random_dense-2P', 'Equivalence_Line_13: NSGA2-random_dense-1P to SMSEMOA-random_dense-1P', 'Equivalence_Line_14: UNSGA3-random_dense-HUX to AGEMOEA2-greedy_multi-HUX', 'Equivalence_Line_15: NSGA3-random_dense-UX to UNSGA3-greedy_multi-UX', 'Equivalence_Line_16: AGEMOEA2-random_dense-2P to AGEMOEA2-greedy_multi-1P', 'Equivalence_Line_17: SMSEMOA-random_dense-HUX to UNSGA3-greedy_multi-1P', 'Equivalence_Line_18: SMSEMOA-random_dense-UX to NSGA3-greedy_multi-1P', 'Equivalence_Line_19: SPEA2-random_dense-2P to RVEA-random_dense-UX', 'Equivalence_Line_20: NSGA3-random_dense-1P to RVEA-random_dense-HUX', 'Equivalence_Line_21: SPEA2-greedy_multi-UX to SMSEMOA-greedy_multi-2P', 'Equivalence_Line_22: SPEA2-greedy_multi-HUX to RVEA-greedy_multi-HUX', 'Equivalence_Line_23: NSGA2-greedy_multi-HUX to RVEA-greedy_multi-2P', 'Equivalence_Line_24: NSGA2-greedy_multi-UX to RVEA-greedy_multi-1P']"
NSGA3-greedy_multi-2P,0.37039048742797326,"['Equivalence_Line_1: NSGA2-greedy_ting-UX to SPEA2-greedy_ting-1P', 'Equivalence_Line_2: NSGA2-greedy_ting-2P to NSGA2-random_dense-UX', 'Equivalence_Line_3: SMSEMOA-greedy_ting-1P to NSGA2-random_dense-1P', 'Equivalence_Line_4: SMSEMOA-greedy_ting-2P to NSGA3-random_dense-UX', 'Equivalence_Line_5: UNSGA3-greedy_ting-2P to AGEMOEA2-random_dense-2P', 'Equivalence_Line_6: UNSGA3-greedy_ting-UX to UNSGA3-random_dense-2P', 'Equivalence_Line_7: RVEA-greedy_ting-2P to NSGA3-random_dense-1P', 'Equivalence_Line_8: RVEA-greedy_ting-HUX to UNSGA3-random_dense-1P', 'Equivalence_Line_9: NSGA2-random_dense-HUX to SPEA2-greedy_multi-HUX', 'Equivalence_Line_10: NSGA2-random_dense-2P to SPEA2-greedy_multi-1P', 'Equivalence_Line_11: AGEMOEA2-random_dense-HUX to NSGA2-greedy_multi-1P', 'Equivalence_Line_12: SPEA2-random_dense-HUX to SMSEMOA-random_dense-2P', 'Equivalence_Line_13: NSGA2-random_dense-1P to SMSEMOA-random_dense-1P', 'Equivalence_Line_14: UNSGA3-random_dense-HUX to AGEMOEA2-greedy_multi-HUX', 'Equivalence_Line_15: NSGA3-random_dense-UX to UNSGA3-greedy_multi-UX', 'Equivalence_Line_16: AGEMOEA2-random_dense-2P to AGEMOEA2-greedy_multi-1P', 'Equivalence_Line_17: SMSEMOA-random_dense-HUX to UNSGA3-greedy_multi-1P', 'Equivalence_Line_18: SMSEMOA-random_dense-UX to NSGA3-greedy_multi-1P', 'Equivalence_Line_19: SPEA2-random_dense-2P to RVEA-random_dense-UX', 'Equivalence_Line_20: NSGA3-random_dense-1P to RVEA-random_dense-HUX', 'Equivalence_Line_21: SPEA2-greedy_multi-UX to SMSEMOA-greedy_multi-2P', 'Equivalence_Line_22: SPEA2-greedy_multi-HUX to RVEA-greedy_multi-HUX', 'Equivalence_Line_23: NSGA2-greedy_multi-HUX to RVEA-greedy_multi-2P', 'Equivalence_Line_24: NSGA2-greedy_multi-UX to RVEA-greedy_multi-1P']"
NSGA3-greedy_multi-HUX,0.3674480292701949,"['Equivalence_Line_1: NSGA2-greedy_ting-UX to SPEA2-greedy_ting-1P', 'Equivalence_Line_2: NSGA2-greedy_ting-2P to NSGA2-random_dense-UX', 'Equivalence_Line_3: SMSEMOA-greedy_ting-1P to NSGA2-random_dense-1P', 'Equivalence_Line_4: SMSEMOA-greedy_ting-2P to NSGA3-random_dense-UX', 'Equivalence_Line_5: UNSGA3-greedy_ting-2P to AGEMOEA2-random_dense-2P', 'Equivalence_Line_6: UNSGA3-greedy_ting-UX to UNSGA3-random_dense-2P', 'Equivalence_Line_7: RVEA-greedy_ting-2P to NSGA3-random_dense-1P', 'Equivalence_Line_8: RVEA-greedy_ting-HUX to UNSGA3-random_dense-1P', 'Equivalence_Line_9: NSGA2-random_dense-HUX to SPEA2-greedy_multi-HUX', 'Equivalence_Line_10: NSGA2-random_dense-2P to SPEA2-greedy_multi-1P', 'Equivalence_Line_11: AGEMOEA2-random_dense-HUX to NSGA2-greedy_multi-1P', 'Equivalence_Line_12: SPEA2-random_dense-HUX to SMSEMOA-random_dense-2P', 'Equivalence_Line_13: NSGA2-random_dense-1P to SMSEMOA-random_dense-1P', 'Equivalence_Line_14: UNSGA3-random_dense-HUX to AGEMOEA2-greedy_multi-HUX', 'Equivalence_Line_15: NSGA3-random_dense-UX to UNSGA3-greedy_multi-UX', 'Equivalence_Line_16: AGEMOEA2-random_dense-2P to AGEMOEA2-greedy_multi-1P', 'Equivalence_Line_17: SMSEMOA-random_dense-HUX to UNSGA3-greedy_multi-1P', 'Equivalence_Line_18: SMSEMOA-random_dense-UX to NSGA3-greedy_multi-1P', 'Equivalence_Line_19: SPEA2-random_dense-2P to RVEA-random_dense-UX', 'Equivalence_Line_20: NSGA3-random_dense-1P to RVEA-random_dense-HUX', 'Equivalence_Line_21: SPEA2-greedy_multi-UX to SMSEMOA-greedy_multi-2P', 'Equivalence_Line_22: SPEA2-greedy_multi-HUX to RVEA-greedy_multi-HUX', 'Equivalence_Line_23: NSGA2-greedy_multi-HUX to RVEA-greedy_multi-2P', 'Equivalence_Line_24: NSGA2-greedy_multi-UX to RVEA-greedy_multi-1P']"
UNSGA3-greedy_multi-2P,0.36369676852972094,"['Equivalence_Line_1: NSGA2-greedy_ting-UX to SPEA2-greedy_ting-1P', 'Equivalence_Line_2: NSGA2-greedy_ting-2P to NSGA2-random_dense-UX', 'Equivalence_Line_3: SMSEMOA-greedy_ting-1P to NSGA2-random_dense-1P', 'Equivalence_Line_4: SMSEMOA-greedy_ting-2P to NSGA3-random_dense-UX', 'Equivalence_Line_5: UNSGA3-greedy_ting-2P to AGEMOEA2-random_dense-2P', 'Equivalence_Line_6: UNSGA3-greedy_ting-UX to UNSGA3-random_dense-2P', 'Equivalence_Line_7: RVEA-greedy_ting-2P to NSGA3-random_dense-1P', 'Equivalence_Line_8: RVEA-greedy_ting-HUX to UNSGA3-random_dense-1P', 'Equivalence_Line_9: NSGA2-random_dense-HUX to SPEA2-greedy_multi-HUX', 'Equivalence_Line_10: NSGA2-random_dense-2P to SPEA2-greedy_multi-1P', 'Equivalence_Line_11: AGEMOEA2-random_dense-HUX to NSGA2-greedy_multi-1P', 'Equivalence_Line_12: SPEA2-random_dense-HUX to SMSEMOA-random_dense-2P', 'Equivalence_Line_13: NSGA2-random_dense-1P to SMSEMOA-random_dense-1P', 'Equivalence_Line_14: UNSGA3-random_dense-HUX to AGEMOEA2-greedy_multi-HUX', 'Equivalence_Line_15: NSGA3-random_dense-UX to UNSGA3-greedy_multi-UX', 'Equivalence_Line_16: AGEMOEA2-random_dense-2P to AGEMOEA2-greedy_multi-1P', 'Equivalence_Line_17: SMSEMOA-random_dense-HUX to UNSGA3-greedy_multi-1P', 'Equivalence_Line_18: SMSEMOA-random_dense-UX to NSGA3-greedy_multi-1P', 'Equivalence_Line_19: SPEA2-random_dense-2P to RVEA-random_dense-UX', 'Equivalence_Line_20: NSGA3-random_dense-1P to RVEA-random_dense-HUX', 'Equivalence_Line_21: SPEA2-greedy_multi-UX to SMSEMOA-greedy_multi-2P', 'Equivalence_Line_22: SPEA2-greedy_multi-HUX to RVEA-greedy_multi-HUX', 'Equivalence_Line_23: NSGA2-greedy_multi-HUX to RVEA-greedy_multi-2P', 'Equivalence_Line_24: NSGA2-greedy_multi-UX to RVEA-greedy_multi-1P']"
AGEMOEA2-greedy_multi-1P,0.3636765615415212,"['Equivalence_Line_1: NSGA2-greedy_ting-UX to SPEA2-greedy_ting-1P', 'Equivalence_Line_2: NSGA2-greedy_ting-2P to NSGA2-random_dense-UX', 'Equivalence_Line_3: SMSEMOA-greedy_ting-1P to NSGA2-random_dense-1P', 'Equivalence_Line_4: SMSEMOA-greedy_ting-2P to NSGA3-random_dense-UX', 'Equivalence_Line_5: UNSGA3-greedy_ting-2P to AGEMOEA2-random_dense-2P', 'Equivalence_Line_6: UNSGA3-greedy_ting-UX to UNSGA3-random_dense-2P', 'Equivalence_Line_7: RVEA-greedy_ting-2P to NSGA3-random_dense-1P', 'Equivalence_Line_8: RVEA-greedy_ting-HUX to UNSGA3-random_dense-1P', 'Equivalence_Line_9: NSGA2-random_dense-HUX to SPEA2-greedy_multi-HUX', 'Equivalence_Line_10: NSGA2-random_dense-2P to SPEA2-greedy_multi-1P', 'Equivalence_Line_11: AGEMOEA2-random_dense-HUX to NSGA2-greedy_multi-1P', 'Equivalence_Line_12: SPEA2-random_dense-HUX to SMSEMOA-random_dense-2P', 'Equivalence_Line_13: NSGA2-random_dense-1P to SMSEMOA-random_dense-1P', 'Equivalence_Line_14: UNSGA3-random_dense-HUX to AGEMOEA2-greedy_multi-HUX', 'Equivalence_Line_15: NSGA3-random_dense-UX to UNSGA3-greedy_multi-UX', 'Equivalence_Line_16: AGEMOEA2-random_dense-2P to AGEMOEA2-greedy_multi-1P', 'Equivalence_Line_17: SMSEMOA-random_dense-HUX to UNSGA3-greedy_multi-1P', 'Equivalence_Line_18: SMSEMOA-random_dense-UX to NSGA3-greedy_multi-1P', 'Equivalence_Line_19: SPEA2-random_dense-2P to RVEA-random_dense-UX', 'Equivalence_Line_20: NSGA3-random_dense-1P to RVEA-random_dense-HUX', 'Equivalence_Line_21: SPEA2-greedy_multi-UX to SMSEMOA-greedy_multi-2P', 'Equivalence_Line_22: SPEA2-greedy_multi-HUX to RVEA-greedy_multi-HUX', 'Equivalence_Line_23: NSGA2-greedy_multi-HUX to RVEA-greedy_multi-2P', 'Equivalence_Line_24: NSGA2-greedy_multi-UX to RVEA-greedy_multi-1P']"
UNSGA3-greedy_multi-1P,0.3535431458616418,"['Equivalence_Line_1: NSGA2-greedy_ting-UX to SPEA2-greedy_ting-1P', 'Equivalence_Line_2: NSGA2-greedy_ting-2P to NSGA2-random_dense-UX', 'Equivalence_Line_3: SMSEMOA-greedy_ting-1P to NSGA2-random_dense-1P', 'Equivalence_Line_4: SMSEMOA-greedy_ting-2P to NSGA3-random_dense-UX', 'Equivalence_Line_5: UNSGA3-greedy_ting-2P to AGEMOEA2-random_dense-2P', 'Equivalence_Line_6: UNSGA3-greedy_ting-UX to UNSGA3-random_dense-2P', 'Equivalence_Line_7: RVEA-greedy_ting-2P to NSGA3-random_dense-1P', 'Equivalence_Line_8: RVEA-greedy_ting-HUX to UNSGA3-random_dense-1P', 'Equivalence_Line_9: NSGA2-random_dense-HUX to SPEA2-greedy_multi-HUX', 'Equivalence_Line_10: NSGA2-random_dense-2P to SPEA2-greedy_multi-1P', 'Equivalence_Line_11: AGEMOEA2-random_dense-HUX to NSGA2-greedy_multi-1P', 'Equivalence_Line_12: SPEA2-random_dense-HUX to SMSEMOA-random_dense-2P', 'Equivalence_Line_13: NSGA2-random_dense-1P to SMSEMOA-random_dense-1P', 'Equivalence_Line_14: UNSGA3-random_dense-HUX to AGEMOEA2-greedy_multi-HUX', 'Equivalence_Line_15: NSGA3-random_dense-UX to UNSGA3-greedy_multi-UX', 'Equivalence_Line_16: AGEMOEA2-random_dense-2P to AGEMOEA2-greedy_multi-1P', 'Equivalence_Line_17: SMSEMOA-random_dense-HUX to UNSGA3-greedy_multi-1P', 'Equivalence_Line_18: SMSEMOA-random_dense-UX to NSGA3-greedy_multi-1P', 'Equivalence_Line_19: SPEA2-random_dense-2P to RVEA-random_dense-UX', 'Equivalence_Line_20: NSGA3-random_dense-1P to RVEA-random_dense-HUX', 'Equivalence_Line_21: SPEA2-greedy_multi-UX to SMSEMOA-greedy_multi-2P', 'Equivalence_Line_22: SPEA2-greedy_multi-HUX to RVEA-greedy_multi-HUX', 'Equivalence_Line_23: NSGA2-greedy_multi-HUX to RVEA-greedy_multi-2P', 'Equivalence_Line_24: NSGA2-greedy_multi-UX to RVEA-greedy_multi-1P']"
NSGA3-greedy_multi-1P,0.3397128307939574,"['Equivalence_Line_1: NSGA2-greedy_ting-UX to SPEA2-greedy_ting-1P', 'Equivalence_Line_2: NSGA2-greedy_ting-2P to NSGA2-random_dense-UX', 'Equivalence_Line_3: SMSEMOA-greedy_ting-1P to NSGA2-random_dense-1P', 'Equivalence_Line_4: SMSEMOA-greedy_ting-2P to NSGA3-random_dense-UX', 'Equivalence_Line_5: UNSGA3-greedy_ting-2P to AGEMOEA2-random_dense-2P', 'Equivalence_Line_6: UNSGA3-greedy_ting-UX to UNSGA3-random_dense-2P', 'Equivalence_Line_7: RVEA-greedy_ting-2P to NSGA3-random_dense-1P', 'Equivalence_Line_8: RVEA-greedy_ting-HUX to UNSGA3-random_dense-1P', 'Equivalence_Line_9: NSGA2-random_dense-HUX to SPEA2-greedy_multi-HUX', 'Equivalence_Line_10: NSGA2-random_dense-2P to SPEA2-greedy_multi-1P', 'Equivalence_Line_11: AGEMOEA2-random_dense-HUX to NSGA2-greedy_multi-1P', 'Equivalence_Line_12: SPEA2-random_dense-HUX to SMSEMOA-random_dense-2P', 'Equivalence_Line_13: NSGA2-random_dense-1P to SMSEMOA-random_dense-1P', 'Equivalence_Line_14: UNSGA3-random_dense-HUX to AGEMOEA2-greedy_multi-HUX', 'Equivalence_Line_15: NSGA3-random_dense-UX to UNSGA3-greedy_multi-UX', 'Equivalence_Line_16: AGEMOEA2-random_dense-2P to AGEMOEA2-greedy_multi-1P', 'Equivalence_Line_17: SMSEMOA-random_dense-HUX to UNSGA3-greedy_multi-1P', 'Equivalence_Line_18: SMSEMOA-random_dense-UX to NSGA3-greedy_multi-1P', 'Equivalence_Line_19: SPEA2-random_dense-2P to RVEA-random_dense-UX', 'Equivalence_Line_20: NSGA3-random_dense-1P to RVEA-random_dense-HUX', 'Equivalence_Line_21: SPEA2-greedy_multi-UX to SMSEMOA-greedy_multi-2P', 'Equivalence_Line_22: SPEA2-greedy_multi-HUX to RVEA-greedy_multi-HUX', 'Equivalence_Line_23: NSGA2-greedy_multi-HUX to RVEA-greedy_multi-2P', 'Equivalence_Line_24: NSGA2-greedy_multi-UX to RVEA-greedy_multi-1P']"
RVEA-random_dense-UX,0.3297631379282221,"['Equivalence_Line_1: NSGA2-greedy_ting-UX to SPEA2-greedy_ting-1P', 'Equivalence_Line_2: NSGA2-greedy_ting-2P to NSGA2-random_dense-UX', 'Equivalence_Line_3: SMSEMOA-greedy_ting-1P to NSGA2-random_dense-1P', 'Equivalence_Line_4: SMSEMOA-greedy_ting-2P to NSGA3-random_dense-UX', 'Equivalence_Line_5: UNSGA3-greedy_ting-2P to AGEMOEA2-random_dense-2P', 'Equivalence_Line_6: UNSGA3-greedy_ting-UX to UNSGA3-random_dense-2P', 'Equivalence_Line_7: RVEA-greedy_ting-2P to NSGA3-random_dense-1P', 'Equivalence_Line_8: RVEA-greedy_ting-HUX to UNSGA3-random_dense-1P', 'Equivalence_Line_9: NSGA2-random_dense-HUX to SPEA2-greedy_multi-HUX', 'Equivalence_Line_10: NSGA2-random_dense-2P to SPEA2-greedy_multi-1P', 'Equivalence_Line_11: AGEMOEA2-random_dense-HUX to NSGA2-greedy_multi-1P', 'Equivalence_Line_12: SPEA2-random_dense-HUX to SMSEMOA-random_dense-2P', 'Equivalence_Line_13: NSGA2-random_dense-1P to SMSEMOA-random_dense-1P', 'Equivalence_Line_14: UNSGA3-random_dense-HUX to AGEMOEA2-greedy_multi-HUX', 'Equivalence_Line_15: NSGA3-random_dense-UX to UNSGA3-greedy_multi-UX', 'Equivalence_Line_16: AGEMOEA2-random_dense-2P to AGEMOEA2-greedy_multi-1P', 'Equivalence_Line_17: SMSEMOA-random_dense-HUX to UNSGA3-greedy_multi-1P', 'Equivalence_Line_18: SMSEMOA-random_dense-UX to NSGA3-greedy_multi-1P', 'Equivalence_Line_19: SPEA2-random_dense-2P to RVEA-random_dense-UX', 'Equivalence_Line_20: NSGA3-random_dense-1P to RVEA-random_dense-HUX', 'Equivalence_Line_21: SPEA2-greedy_multi-UX to SMSEMOA-greedy_multi-2P', 'Equivalence_Line_22: SPEA2-greedy_multi-HUX to RVEA-greedy_multi-HUX', 'Equivalence_Line_23: NSGA2-greedy_multi-HUX to RVEA-greedy_multi-2P', 'Equivalence_Line_24: NSGA2-greedy_multi-UX to RVEA-greedy_multi-1P']"
RVEA-random_dense-HUX,0.324688735856216,"['Equivalence_Line_1: NSGA2-greedy_ting-UX to SPEA2-greedy_ting-1P', 'Equivalence_Line_2: NSGA2-greedy_ting-2P to NSGA2-random_dense-UX', 'Equivalence_Line_3: SMSEMOA-greedy_ting-1P to NSGA2-random_dense-1P', 'Equivalence_Line_4: SMSEMOA-greedy_ting-2P to NSGA3-random_dense-UX', 'Equivalence_Line_5: UNSGA3-greedy_ting-2P to AGEMOEA2-random_dense-2P', 'Equivalence_Line_6: UNSGA3-greedy_ting-UX to UNSGA3-random_dense-2P', 'Equivalence_Line_7: RVEA-greedy_ting-2P to NSGA3-random_dense-1P', 'Equivalence_Line_8: RVEA-greedy_ting-HUX to UNSGA3-random_dense-1P', 'Equivalence_Line_9: NSGA2-random_dense-HUX to SPEA2-greedy_multi-HUX', 'Equivalence_Line_10: NSGA2-random_dense-2P to SPEA2-greedy_multi-1P', 'Equivalence_Line_11: AGEMOEA2-random_dense-HUX to NSGA2-greedy_multi-1P', 'Equivalence_Line_12: SPEA2-random_dense-HUX to SMSEMOA-random_dense-2P', 'Equivalence_Line_13: NSGA2-random_dense-1P to SMSEMOA-random_dense-1P', 'Equivalence_Line_14: UNSGA3-random_dense-HUX to AGEMOEA2-greedy_multi-HUX', 'Equivalence_Line_15: NSGA3-random_dense-UX to UNSGA3-greedy_multi-UX', 'Equivalence_Line_16: AGEMOEA2-random_dense-2P to AGEMOEA2-greedy_multi-1P', 'Equivalence_Line_17: SMSEMOA-random_dense-HUX to UNSGA3-greedy_multi-1P', 'Equivalence_Line_18: SMSEMOA-random_dense-UX to NSGA3-greedy_multi-1P', 'Equivalence_Line_19: SPEA2-random_dense-2P to RVEA-random_dense-UX', 'Equivalence_Line_20: NSGA3-random_dense-1P to RVEA-random_dense-HUX', 'Equivalence_Line_21: SPEA2-greedy_multi-UX to SMSEMOA-greedy_multi-2P', 'Equivalence_Line_22: SPEA2-greedy_multi-HUX to RVEA-greedy_multi-HUX', 'Equivalence_Line_23: NSGA2-greedy_multi-HUX to RVEA-greedy_multi-2P', 'Equivalence_Line_24: NSGA2-greedy_multi-UX to RVEA-greedy_multi-1P']"
RVEA-random_dense-1P,0.29169968532785134,"['Equivalence_Line_1: NSGA2-greedy_ting-UX to SPEA2-greedy_ting-1P', 'Equivalence_Line_2: NSGA2-greedy_ting-2P to NSGA2-random_dense-UX', 'Equivalence_Line_3: SMSEMOA-greedy_ting-1P to NSGA2-random_dense-1P', 'Equivalence_Line_4: SMSEMOA-greedy_ting-2P to NSGA3-random_dense-UX', 'Equivalence_Line_5: UNSGA3-greedy_ting-2P to AGEMOEA2-random_dense-2P', 'Equivalence_Line_6: UNSGA3-greedy_ting-UX to UNSGA3-random_dense-2P', 'Equivalence_Line_7: RVEA-greedy_ting-2P to NSGA3-random_dense-1P', 'Equivalence_Line_8: RVEA-greedy_ting-HUX to UNSGA3-random_dense-1P', 'Equivalence_Line_9: NSGA2-random_dense-HUX to SPEA2-greedy_multi-HUX', 'Equivalence_Line_10: NSGA2-random_dense-2P to SPEA2-greedy_multi-1P', 'Equivalence_Line_11: AGEMOEA2-random_dense-HUX to NSGA2-greedy_multi-1P', 'Equivalence_Line_12: SPEA2-random_dense-HUX to SMSEMOA-random_dense-2P', 'Equivalence_Line_13: NSGA2-random_dense-1P to SMSEMOA-random_dense-1P', 'Equivalence_Line_14: UNSGA3-random_dense-HUX to AGEMOEA2-greedy_multi-HUX', 'Equivalence_Line_15: NSGA3-random_dense-UX to UNSGA3-greedy_multi-UX', 'Equivalence_Line_16: AGEMOEA2-random_dense-2P to AGEMOEA2-greedy_multi-1P', 'Equivalence_Line_17: SMSEMOA-random_dense-HUX to UNSGA3-greedy_multi-1P', 'Equivalence_Line_18: SMSEMOA-random_dense-UX to NSGA3-greedy_multi-1P', 'Equivalence_Line_19: SPEA2-random_dense-2P to RVEA-random_dense-UX', 'Equivalence_Line_20: NSGA3-random_dense-1P to RVEA-random_dense-HUX', 'Equivalence_Line_21: SPEA2-greedy_multi-UX to SMSEMOA-greedy_multi-2P', 'Equivalence_Line_22: SPEA2-greedy_multi-HUX to RVEA-greedy_multi-HUX', 'Equivalence_Line_23: NSGA2-greedy_multi-HUX to RVEA-greedy_multi-2P', 'Equivalence_Line_24: NSGA2-greedy_multi-UX to RVEA-greedy_multi-1P']"
SMSEMOA-greedy_multi-UX,0.28716680281735024,"['Equivalence_Line_1: NSGA2-greedy_ting-UX to SPEA2-greedy_ting-1P', 'Equivalence_Line_2: NSGA2-greedy_ting-2P to NSGA2-random_dense-UX', 'Equivalence_Line_3: SMSEMOA-greedy_ting-1P to NSGA2-random_dense-1P', 'Equivalence_Line_4: SMSEMOA-greedy_ting-2P to NSGA3-random_dense-UX', 'Equivalence_Line_5: UNSGA3-greedy_ting-2P to AGEMOEA2-random_dense-2P', 'Equivalence_Line_6: UNSGA3-greedy_ting-UX to UNSGA3-random_dense-2P', 'Equivalence_Line_7: RVEA-greedy_ting-2P to NSGA3-random_dense-1P', 'Equivalence_Line_8: RVEA-greedy_ting-HUX to UNSGA3-random_dense-1P', 'Equivalence_Line_9: NSGA2-random_dense-HUX to SPEA2-greedy_multi-HUX', 'Equivalence_Line_10: NSGA2-random_dense-2P to SPEA2-greedy_multi-1P', 'Equivalence_Line_11: AGEMOEA2-random_dense-HUX to NSGA2-greedy_multi-1P', 'Equivalence_Line_12: SPEA2-random_dense-HUX to SMSEMOA-random_dense-2P', 'Equivalence_Line_13: NSGA2-random_dense-1P to SMSEMOA-random_dense-1P', 'Equivalence_Line_14: UNSGA3-random_dense-HUX to AGEMOEA2-greedy_multi-HUX', 'Equivalence_Line_15: NSGA3-random_dense-UX to UNSGA3-greedy_multi-UX', 'Equivalence_Line_16: AGEMOEA2-random_dense-2P to AGEMOEA2-greedy_multi-1P', 'Equivalence_Line_17: SMSEMOA-random_dense-HUX to UNSGA3-greedy_multi-1P', 'Equivalence_Line_18: SMSEMOA-random_dense-UX to NSGA3-greedy_multi-1P', 'Equivalence_Line_19: SPEA2-random_dense-2P to RVEA-random_dense-UX', 'Equivalence_Line_20: NSGA3-random_dense-1P to RVEA-random_dense-HUX', 'Equivalence_Line_21: SPEA2-greedy_multi-UX to SMSEMOA-greedy_multi-2P', 'Equivalence_Line_22: SPEA2-greedy_multi-HUX to RVEA-greedy_multi-HUX', 'Equivalence_Line_23: NSGA2-greedy_multi-HUX to RVEA-greedy_multi-2P', 'Equivalence_Line_24: NSGA2-greedy_multi-UX to RVEA-greedy_multi-1P']"
RVEA-random_dense-2P,0.284923442504629,"['Equivalence_Line_1: NSGA2-greedy_ting-UX to SPEA2-greedy_ting-1P', 'Equivalence_Line_2: NSGA2-greedy_ting-2P to NSGA2-random_dense-UX', 'Equivalence_Line_3: SMSEMOA-greedy_ting-1P to NSGA2-random_dense-1P', 'Equivalence_Line_4: SMSEMOA-greedy_ting-2P to NSGA3-random_dense-UX', 'Equivalence_Line_5: UNSGA3-greedy_ting-2P to AGEMOEA2-random_dense-2P', 'Equivalence_Line_6: UNSGA3-greedy_ting-UX to UNSGA3-random_dense-2P', 'Equivalence_Line_7: RVEA-greedy_ting-2P to NSGA3-random_dense-1P', 'Equivalence_Line_8: RVEA-greedy_ting-HUX to UNSGA3-random_dense-1P', 'Equivalence_Line_9: NSGA2-random_dense-HUX to SPEA2-greedy_multi-HUX', 'Equivalence_Line_10: NSGA2-random_dense-2P to SPEA2-greedy_multi-1P', 'Equivalence_Line_11: AGEMOEA2-random_dense-HUX to NSGA2-greedy_multi-1P', 'Equivalence_Line_12: SPEA2-random_dense-HUX to SMSEMOA-random_dense-2P', 'Equivalence_Line_13: NSGA2-random_dense-1P to SMSEMOA-random_dense-1P', 'Equivalence_Line_14: UNSGA3-random_dense-HUX to AGEMOEA2-greedy_multi-HUX', 'Equivalence_Line_15: NSGA3-random_dense-UX to UNSGA3-greedy_multi-UX', 'Equivalence_Line_16: AGEMOEA2-random_dense-2P to AGEMOEA2-greedy_multi-1P', 'Equivalence_Line_17: SMSEMOA-random_dense-HUX to UNSGA3-greedy_multi-1P', 'Equivalence_Line_18: SMSEMOA-random_dense-UX to NSGA3-greedy_multi-1P', 'Equivalence_Line_19: SPEA2-random_dense-2P to RVEA-random_dense-UX', 'Equivalence_Line_20: NSGA3-random_dense-1P to RVEA-random_dense-HUX', 'Equivalence_Line_21: SPEA2-greedy_multi-UX to SMSEMOA-greedy_multi-2P', 'Equivalence_Line_22: SPEA2-greedy_multi-HUX to RVEA-greedy_multi-HUX', 'Equivalence_Line_23: NSGA2-greedy_multi-HUX to RVEA-greedy_multi-2P', 'Equivalence_Line_24: NSGA2-greedy_multi-UX to RVEA-greedy_multi-1P']"
SMSEMOA-greedy_multi-HUX,0.2828127781233391,"['Equivalence_Line_1: NSGA2-greedy_ting-UX to SPEA2-greedy_ting-1P', 'Equivalence_Line_2: NSGA2-greedy_ting-2P to NSGA2-random_dense-UX', 'Equivalence_Line_3: SMSEMOA-greedy_ting-1P to NSGA2-random_dense-1P', 'Equivalence_Line_4: SMSEMOA-greedy_ting-2P to NSGA3-random_dense-UX', 'Equivalence_Line_5: UNSGA3-greedy_ting-2P to AGEMOEA2-random_dense-2P', 'Equivalence_Line_6: UNSGA3-greedy_ting-UX to UNSGA3-random_dense-2P', 'Equivalence_Line_7: RVEA-greedy_ting-2P to NSGA3-random_dense-1P', 'Equivalence_Line_8: RVEA-greedy_ting-HUX to UNSGA3-random_dense-1P', 'Equivalence_Line_9: NSGA2-random_dense-HUX to SPEA2-greedy_multi-HUX', 'Equivalence_Line_10: NSGA2-random_dense-2P to SPEA2-greedy_multi-1P', 'Equivalence_Line_11: AGEMOEA2-random_dense-HUX to NSGA2-greedy_multi-1P', 'Equivalence_Line_12: SPEA2-random_dense-HUX to SMSEMOA-random_dense-2P', 'Equivalence_Line_13: NSGA2-random_dense-1P to SMSEMOA-random_dense-1P', 'Equivalence_Line_14: UNSGA3-random_dense-HUX to AGEMOEA2-greedy_multi-HUX', 'Equivalence_Line_15: NSGA3-random_dense-UX to UNSGA3-greedy_multi-UX', 'Equivalence_Line_16: AGEMOEA2-random_dense-2P to AGEMOEA2-greedy_multi-1P', 'Equivalence_Line_17: SMSEMOA-random_dense-HUX to UNSGA3-greedy_multi-1P', 'Equivalence_Line_18: SMSEMOA-random_dense-UX to NSGA3-greedy_multi-1P', 'Equivalence_Line_19: SPEA2-random_dense-2P to RVEA-random_dense-UX', 'Equivalence_Line_20: NSGA3-random_dense-1P to RVEA-random_dense-HUX', 'Equivalence_Line_21: SPEA2-greedy_multi-UX to SMSEMOA-greedy_multi-2P', 'Equivalence_Line_22: SPEA2-greedy_multi-HUX to RVEA-greedy_multi-HUX', 'Equivalence_Line_23: NSGA2-greedy_multi-HUX to RVEA-greedy_multi-2P', 'Equivalence_Line_24: NSGA2-greedy_multi-UX to RVEA-greedy_multi-1P']"
RVEA-greedy_multi-UX,0.2823974177316902,"['Equivalence_Line_1: NSGA2-greedy_ting-UX to SPEA2-greedy_ting-1P', 'Equivalence_Line_2: NSGA2-greedy_ting-2P to NSGA2-random_dense-UX', 'Equivalence_Line_3: SMSEMOA-greedy_ting-1P to NSGA2-random_dense-1P', 'Equivalence_Line_4: SMSEMOA-greedy_ting-2P to NSGA3-random_dense-UX', 'Equivalence_Line_5: UNSGA3-greedy_ting-2P to AGEMOEA2-random_dense-2P', 'Equivalence_Line_6: UNSGA3-greedy_ting-UX to UNSGA3-random_dense-2P', 'Equivalence_Line_7: RVEA-greedy_ting-2P to NSGA3-random_dense-1P', 'Equivalence_Line_8: RVEA-greedy_ting-HUX to UNSGA3-random_dense-1P', 'Equivalence_Line_9: NSGA2-random_dense-HUX to SPEA2-greedy_multi-HUX', 'Equivalence_Line_10: NSGA2-random_dense-2P to SPEA2-greedy_multi-1P', 'Equivalence_Line_11: AGEMOEA2-random_dense-HUX to NSGA2-greedy_multi-1P', 'Equivalence_Line_12: SPEA2-random_dense-HUX to SMSEMOA-random_dense-2P', 'Equivalence_Line_13: NSGA2-random_dense-1P to SMSEMOA-random_dense-1P', 'Equivalence_Line_14: UNSGA3-random_dense-HUX to AGEMOEA2-greedy_multi-HUX', 'Equivalence_Line_15: NSGA3-random_dense-UX to UNSGA3-greedy_multi-UX', 'Equivalence_Line_16: AGEMOEA2-random_dense-2P to AGEMOEA2-greedy_multi-1P', 'Equivalence_Line_17: SMSEMOA-random_dense-HUX to UNSGA3-greedy_multi-1P', 'Equivalence_Line_18: SMSEMOA-random_dense-UX to NSGA3-greedy_multi-1P', 'Equivalence_Line_19: SPEA2-random_dense-2P to RVEA-random_dense-UX', 'Equivalence_Line_20: NSGA3-random_dense-1P to RVEA-random_dense-HUX', 'Equivalence_Line_21: SPEA2-greedy_multi-UX to SMSEMOA-greedy_multi-2P', 'Equivalence_Line_22: SPEA2-greedy_multi-HUX to RVEA-greedy_multi-HUX', 'Equivalence_Line_23: NSGA2-greedy_multi-HUX to RVEA-greedy_multi-2P', 'Equivalence_Line_24: NSGA2-greedy_multi-UX to RVEA-greedy_multi-1P']"
SMSEMOA-greedy_multi-1P,0.28062187937383026,"['Equivalence_Line_1: NSGA2-greedy_ting-UX to SPEA2-greedy_ting-1P', 'Equivalence_Line_2: NSGA2-greedy_ting-2P to NSGA2-random_dense-UX', 'Equivalence_Line_3: SMSEMOA-greedy_ting-1P to NSGA2-random_dense-1P', 'Equivalence_Line_4: SMSEMOA-greedy_ting-2P to NSGA3-random_dense-UX', 'Equivalence_Line_5: UNSGA3-greedy_ting-2P to AGEMOEA2-random_dense-2P', 'Equivalence_Line_6: UNSGA3-greedy_ting-UX to UNSGA3-random_dense-2P', 'Equivalence_Line_7: RVEA-greedy_ting-2P to NSGA3-random_dense-1P', 'Equivalence_Line_8: RVEA-greedy_ting-HUX to UNSGA3-random_dense-1P', 'Equivalence_Line_9: NSGA2-random_dense-HUX to SPEA2-greedy_multi-HUX', 'Equivalence_Line_10: NSGA2-random_dense-2P to SPEA2-greedy_multi-1P', 'Equivalence_Line_11: AGEMOEA2-random_dense-HUX to NSGA2-greedy_multi-1P', 'Equivalence_Line_12: SPEA2-random_dense-HUX to SMSEMOA-random_dense-2P', 'Equivalence_Line_13: NSGA2-random_dense-1P to SMSEMOA-random_dense-1P', 'Equivalence_Line_14: UNSGA3-random_dense-HUX to AGEMOEA2-greedy_multi-HUX', 'Equivalence_Line_15: NSGA3-random_dense-UX to UNSGA3-greedy_multi-UX', 'Equivalence_Line_16: AGEMOEA2-random_dense-2P to AGEMOEA2-greedy_multi-1P', 'Equivalence_Line_17: SMSEMOA-random_dense-HUX to UNSGA3-greedy_multi-1P', 'Equivalence_Line_18: SMSEMOA-random_dense-UX to NSGA3-greedy_multi-1P', 'Equivalence_Line_19: SPEA2-random_dense-2P to RVEA-random_dense-UX', 'Equivalence_Line_20: NSGA3-random_dense-1P to RVEA-random_dense-HUX', 'Equivalence_Line_21: SPEA2-greedy_multi-UX to SMSEMOA-greedy_multi-2P', 'Equivalence_Line_22: SPEA2-greedy_multi-HUX to RVEA-greedy_multi-HUX', 'Equivalence_Line_23: NSGA2-greedy_multi-HUX to RVEA-greedy_multi-2P', 'Equivalence_Line_24: NSGA2-greedy_multi-UX to RVEA-greedy_multi-1P']"
SMSEMOA-greedy_multi-2P,0.2801335899663674,"['Equivalence_Line_1: NSGA2-greedy_ting-UX to SPEA2-greedy_ting-1P', 'Equivalence_Line_2: NSGA2-greedy_ting-2P to NSGA2-random_dense-UX', 'Equivalence_Line_3: SMSEMOA-greedy_ting-1P to NSGA2-random_dense-1P', 'Equivalence_Line_4: SMSEMOA-greedy_ting-2P to NSGA3-random_dense-UX', 'Equivalence_Line_5: UNSGA3-greedy_ting-2P to AGEMOEA2-random_dense-2P', 'Equivalence_Line_6: UNSGA3-greedy_ting-UX to UNSGA3-random_dense-2P', 'Equivalence_Line_7: RVEA-greedy_ting-2P to NSGA3-random_dense-1P', 'Equivalence_Line_8: RVEA-greedy_ting-HUX to UNSGA3-random_dense-1P', 'Equivalence_Line_9: NSGA2-random_dense-HUX to SPEA2-greedy_multi-HUX', 'Equivalence_Line_10: NSGA2-random_dense-2P to SPEA2-greedy_multi-1P', 'Equivalence_Line_11: AGEMOEA2-random_dense-HUX to NSGA2-greedy_multi-1P', 'Equivalence_Line_12: SPEA2-random_dense-HUX to SMSEMOA-random_dense-2P', 'Equivalence_Line_13: NSGA2-random_dense-1P to SMSEMOA-random_dense-1P', 'Equivalence_Line_14: UNSGA3-random_dense-HUX to AGEMOEA2-greedy_multi-HUX', 'Equivalence_Line_15: NSGA3-random_dense-UX to UNSGA3-greedy_multi-UX', 'Equivalence_Line_16: AGEMOEA2-random_dense-2P to AGEMOEA2-greedy_multi-1P', 'Equivalence_Line_17: SMSEMOA-random_dense-HUX to UNSGA3-greedy_multi-1P', 'Equivalence_Line_18: SMSEMOA-random_dense-UX to NSGA3-greedy_multi-1P', 'Equivalence_Line_19: SPEA2-random_dense-2P to RVEA-random_dense-UX', 'Equivalence_Line_20: NSGA3-random_dense-1P to RVEA-random_dense-HUX', 'Equivalence_Line_21: SPEA2-greedy_multi-UX to SMSEMOA-greedy_multi-2P', 'Equivalence_Line_22: SPEA2-greedy_multi-HUX to RVEA-greedy_multi-HUX', 'Equivalence_Line_23: NSGA2-greedy_multi-HUX to RVEA-greedy_multi-2P', 'Equivalence_Line_24: NSGA2-greedy_multi-UX to RVEA-greedy_multi-1P']"
RVEA-greedy_multi-HUX,0.27890856503608225,"['Equivalence_Line_1: NSGA2-greedy_ting-UX to SPEA2-greedy_ting-1P', 'Equivalence_Line_2: NSGA2-greedy_ting-2P to NSGA2-random_dense-UX', 'Equivalence_Line_3: SMSEMOA-greedy_ting-1P to NSGA2-random_dense-1P', 'Equivalence_Line_4: SMSEMOA-greedy_ting-2P to NSGA3-random_dense-UX', 'Equivalence_Line_5: UNSGA3-greedy_ting-2P to AGEMOEA2-random_dense-2P', 'Equivalence_Line_6: UNSGA3-greedy_ting-UX to UNSGA3-random_dense-2P', 'Equivalence_Line_7: RVEA-greedy_ting-2P to NSGA3-random_dense-1P', 'Equivalence_Line_8: RVEA-greedy_ting-HUX to UNSGA3-random_dense-1P', 'Equivalence_Line_9: NSGA2-random_dense-HUX to SPEA2-greedy_multi-HUX', 'Equivalence_Line_10: NSGA2-random_dense-2P to SPEA2-greedy_multi-1P', 'Equivalence_Line_11: AGEMOEA2-random_dense-HUX to NSGA2-greedy_multi-1P', 'Equivalence_Line_12: SPEA2-random_dense-HUX to SMSEMOA-random_dense-2P', 'Equivalence_Line_13: NSGA2-random_dense-1P to SMSEMOA-random_dense-1P', 'Equivalence_Line_14: UNSGA3-random_dense-HUX to AGEMOEA2-greedy_multi-HUX', 'Equivalence_Line_15: NSGA3-random_dense-UX to UNSGA3-greedy_multi-UX', 'Equivalence_Line_16: AGEMOEA2-random_dense-2P to AGEMOEA2-greedy_multi-1P', 'Equivalence_Line_17: SMSEMOA-random_dense-HUX to UNSGA3-greedy_multi-1P', 'Equivalence_Line_18: SMSEMOA-random_dense-UX to NSGA3-greedy_multi-1P', 'Equivalence_Line_19: SPEA2-random_dense-2P to RVEA-random_dense-UX', 'Equivalence_Line_20: NSGA3-random_dense-1P to RVEA-random_dense-HUX', 'Equivalence_Line_21: SPEA2-greedy_multi-UX to SMSEMOA-greedy_multi-2P', 'Equivalence_Line_22: SPEA2-greedy_multi-HUX to RVEA-greedy_multi-HUX', 'Equivalence_Line_23: NSGA2-greedy_multi-HUX to RVEA-greedy_multi-2P', 'Equivalence_Line_24: NSGA2-greedy_multi-UX to RVEA-greedy_multi-1P']"
RVEA-greedy_multi-2P,0.2658681558803037,"['Equivalence_Line_1: NSGA2-greedy_ting-UX to SPEA2-greedy_ting-1P', 'Equivalence_Line_2: NSGA2-greedy_ting-2P to NSGA2-random_dense-UX', 'Equivalence_Line_3: SMSEMOA-greedy_ting-1P to NSGA2-random_dense-1P', 'Equivalence_Line_4: SMSEMOA-greedy_ting-2P to NSGA3-random_dense-UX', 'Equivalence_Line_5: UNSGA3-greedy_ting-2P to AGEMOEA2-random_dense-2P', 'Equivalence_Line_6: UNSGA3-greedy_ting-UX to UNSGA3-random_dense-2P', 'Equivalence_Line_7: RVEA-greedy_ting-2P to NSGA3-random_dense-1P', 'Equivalence_Line_8: RVEA-greedy_ting-HUX to UNSGA3-random_dense-1P', 'Equivalence_Line_9: NSGA2-random_dense-HUX to SPEA2-greedy_multi-HUX', 'Equivalence_Line_10: NSGA2-random_dense-2P to SPEA2-greedy_multi-1P', 'Equivalence_Line_11: AGEMOEA2-random_dense-HUX to NSGA2-greedy_multi-1P', 'Equivalence_Line_12: SPEA2-random_dense-HUX to SMSEMOA-random_dense-2P', 'Equivalence_Line_13: NSGA2-random_dense-1P to SMSEMOA-random_dense-1P', 'Equivalence_Line_14: UNSGA3-random_dense-HUX to AGEMOEA2-greedy_multi-HUX', 'Equivalence_Line_15: NSGA3-random_dense-UX to UNSGA3-greedy_multi-UX', 'Equivalence_Line_16: AGEMOEA2-random_dense-2P to AGEMOEA2-greedy_multi-1P', 'Equivalence_Line_17: SMSEMOA-random_dense-HUX to UNSGA3-greedy_multi-1P', 'Equivalence_Line_18: SMSEMOA-random_dense-UX to NSGA3-greedy_multi-1P', 'Equivalence_Line_19: SPEA2-random_dense-2P to RVEA-random_dense-UX', 'Equivalence_Line_20: NSGA3-random_dense-1P to RVEA-random_dense-HUX', 'Equivalence_Line_21: SPEA2-greedy_multi-UX to SMSEMOA-greedy_multi-2P', 'Equivalence_Line_22: SPEA2-greedy_multi-HUX to RVEA-greedy_multi-HUX', 'Equivalence_Line_23: NSGA2-greedy_multi-HUX to RVEA-greedy_multi-2P', 'Equivalence_Line_24: NSGA2-greedy_multi-UX to RVEA-greedy_multi-1P']"
RVEA-greedy_multi-1P,0.2625076183386739,"['Equivalence_Line_1: NSGA2-greedy_ting-UX to SPEA2-greedy_ting-1P', 'Equivalence_Line_2: NSGA2-greedy_ting-2P to NSGA2-random_dense-UX', 'Equivalence_Line_3: SMSEMOA-greedy_ting-1P to NSGA2-random_dense-1P', 'Equivalence_Line_4: SMSEMOA-greedy_ting-2P to NSGA3-random_dense-UX', 'Equivalence_Line_5: UNSGA3-greedy_ting-2P to AGEMOEA2-random_dense-2P', 'Equivalence_Line_6: UNSGA3-greedy_ting-UX to UNSGA3-random_dense-2P', 'Equivalence_Line_7: RVEA-greedy_ting-2P to NSGA3-random_dense-1P', 'Equivalence_Line_8: RVEA-greedy_ting-HUX to UNSGA3-random_dense-1P', 'Equivalence_Line_9: NSGA2-random_dense-HUX to SPEA2-greedy_multi-HUX', 'Equivalence_Line_10: NSGA2-random_dense-2P to SPEA2-greedy_multi-1P', 'Equivalence_Line_11: AGEMOEA2-random_dense-HUX to NSGA2-greedy_multi-1P', 'Equivalence_Line_12: SPEA2-random_dense-HUX to SMSEMOA-random_dense-2P', 'Equivalence_Line_13: NSGA2-random_dense-1P to SMSEMOA-random_dense-1P', 'Equivalence_Line_14: UNSGA3-random_dense-HUX to AGEMOEA2-greedy_multi-HUX', 'Equivalence_Line_15: NSGA3-random_dense-UX to UNSGA3-greedy_multi-UX', 'Equivalence_Line_16: AGEMOEA2-random_dense-2P to AGEMOEA2-greedy_multi-1P', 'Equivalence_Line_17: SMSEMOA-random_dense-HUX to UNSGA3-greedy_multi-1P', 'Equivalence_Line_18: SMSEMOA-random_dense-UX to NSGA3-greedy_multi-1P', 'Equivalence_Line_19: SPEA2-random_dense-2P to RVEA-random_dense-UX', 'Equivalence_Line_20: NSGA3-random_dense-1P to RVEA-random_dense-HUX', 'Equivalence_Line_21: SPEA2-greedy_multi-UX to SMSEMOA-greedy_multi-2P', 'Equivalence_Line_22: SPEA2-greedy_multi-HUX to RVEA-greedy_multi-HUX', 'Equivalence_Line_23: NSGA2-greedy_multi-HUX to RVEA-greedy_multi-2P', 'Equivalence_Line_24: NSGA2-greedy_multi-UX to RVEA-greedy_multi-1P']"
