Group,Mean,Equivalence_Lines
SMSEMOA-random_dense-HUX,0.0007964538225744,"['Equivalence_Line_1: SMSEMOA-random_dense-HUX to AGEMOEA2-greedy_multi-HUX', 'Equivalence_Line_2: SMSEMOA-random_dense-UX to SMSEMOA-random_dense-2P', 'Equivalence_Line_3: SMSEMOA-greedy_multi-1P to SPEA2-greedy_multi-2P', 'Equivalence_Line_4: SMSEMOA-greedy_multi-2P to SMSEMOA-greedy_ting-HUX', 'Equivalence_Line_5: SMSEMOA-greedy_multi-HUX to SPEA2-greedy_multi-1P', 'Equivalence_Line_6: SMSEMOA-greedy_multi-UX to SMSEMOA-greedy_ting-UX', 'Equivalence_Line_7: NSGA3-greedy_multi-1P to AGEMOEA2-random_dense-UX', 'Equivalence_Line_8: UNSGA3-greedy_multi-2P to AGEMOEA2-random_dense-HUX', 'Equivalence_Line_9: NSGA3-greedy_multi-HUX to SMSEMOA-random_dense-1P', 'Equivalence_Line_10: UNSGA3-greedy_multi-UX to SPEA2-greedy_multi-UX', 'Equivalence_Line_11: UNSGA3-greedy_multi-HUX to SPEA2-greedy_multi-HUX', 'Equivalence_Line_12: NSGA3-greedy_multi-UX to NSGA2-greedy_ting-UX', 'Equivalence_Line_13: UNSGA3-greedy_multi-1P to NSGA2-greedy_ting-HUX', 'Equivalence_Line_14: NSGA2-greedy_multi-1P to UNSGA3-greedy_ting-HUX', 'Equivalence_Line_15: NSGA3-greedy_multi-2P to NSGA3-greedy_ting-UX', 'Equivalence_Line_16: NSGA2-greedy_multi-2P to NSGA3-greedy_ting-HUX', 'Equivalence_Line_17: NSGA3-random_dense-UX to SPEA2-random_dense-UX', 'Equivalence_Line_18: AGEMOEA2-greedy_multi-1P to NSGA2-random_dense-UX', 'Equivalence_Line_19: UNSGA3-random_dense-HUX to UNSGA3-greedy_ting-UX', 'Equivalence_Line_20: UNSGA3-random_dense-UX to SPEA2-random_dense-HUX', 'Equivalence_Line_21: NSGA3-random_dense-HUX to NSGA3-random_dense-2P', 'Equivalence_Line_22: AGEMOEA2-greedy_multi-2P to AGEMOEA2-random_dense-2P', 'Equivalence_Line_23: NSGA2-greedy_multi-HUX to NSGA2-random_dense-HUX', 'Equivalence_Line_24: NSGA2-greedy_multi-UX to UNSGA3-random_dense-2P', 'Equivalence_Line_25: AGEMOEA2-greedy_multi-UX to AGEMOEA2-random_dense-1P', 'Equivalence_Line_26: AGEMOEA2-greedy_multi-HUX to RVEA-greedy_multi-1P', 'Equivalence_Line_27: SMSEMOA-random_dense-2P to UNSGA3-random_dense-1P', 'Equivalence_Line_28: SPEA2-greedy_multi-2P to SPEA2-random_dense-2P', 'Equivalence_Line_29: SMSEMOA-greedy_ting-HUX to RVEA-greedy_multi-2P', 'Equivalence_Line_30: SPEA2-greedy_multi-1P to NSGA3-random_dense-1P', 'Equivalence_Line_31: SMSEMOA-greedy_ting-UX to SPEA2-greedy_ting-UX', 'Equivalence_Line_32: AGEMOEA2-random_dense-UX to SPEA2-greedy_ting-HUX', 'Equivalence_Line_33: AGEMOEA2-random_dense-HUX to SPEA2-random_dense-1P', 'Equivalence_Line_34: SMSEMOA-random_dense-1P to AGEMOEA2-greedy_ting-UX', 'Equivalence_Line_35: SPEA2-greedy_multi-UX to AGEMOEA2-greedy_ting-HUX', 'Equivalence_Line_36: SPEA2-greedy_multi-HUX to SMSEMOA-greedy_ting-2P', 'Equivalence_Line_37: NSGA2-greedy_ting-UX to RVEA-greedy_multi-UX', 'Equivalence_Line_38: NSGA2-greedy_ting-HUX to RVEA-greedy_multi-HUX', 'Equivalence_Line_39: UNSGA3-greedy_ting-HUX to SMSEMOA-greedy_ting-1P', 'Equivalence_Line_40: NSGA3-greedy_ting-UX to NSGA2-random_dense-2P', 'Equivalence_Line_41: NSGA3-greedy_ting-HUX to NSGA2-random_dense-1P', 'Equivalence_Line_42: SPEA2-random_dense-UX to RVEA-random_dense-HUX', 'Equivalence_Line_43: NSGA2-random_dense-UX to RVEA-random_dense-UX', 'Equivalence_Line_44: UNSGA3-greedy_ting-UX to UNSGA3-greedy_ting-2P', 'Equivalence_Line_45: SPEA2-random_dense-HUX to SPEA2-greedy_ting-1P', 'Equivalence_Line_46: NSGA3-random_dense-2P to RVEA-random_dense-2P', 'Equivalence_Line_47: AGEMOEA2-random_dense-2P to NSGA3-greedy_ting-2P', 'Equivalence_Line_48: NSGA2-random_dense-HUX to NSGA2-greedy_ting-2P', 'Equivalence_Line_49: UNSGA3-random_dense-2P to SPEA2-greedy_ting-2P', 'Equivalence_Line_50: AGEMOEA2-random_dense-1P to RVEA-random_dense-1P', 'Equivalence_Line_51: RVEA-greedy_multi-1P to UNSGA3-greedy_ting-1P', 'Equivalence_Line_52: UNSGA3-random_dense-1P to AGEMOEA2-greedy_ting-2P', 'Equivalence_Line_53: SPEA2-random_dense-2P to NSGA3-greedy_ting-1P', 'Equivalence_Line_54: RVEA-greedy_multi-2P to NSGA2-greedy_ting-1P', 'Equivalence_Line_55: NSGA3-random_dense-1P to RVEA-greedy_ting-HUX', 'Equivalence_Line_56: SPEA2-greedy_ting-UX to RVEA-greedy_ting-UX', 'Equivalence_Line_57: SPEA2-greedy_ting-HUX to AGEMOEA2-greedy_ting-1P', 'Equivalence_Line_58: SPEA2-random_dense-1P to RVEA-greedy_ting-2P', 'Equivalence_Line_59: AGEMOEA2-greedy_ting-UX to RVEA-greedy_ting-1P']"
SMSEMOA-random_dense-UX,0.0008985000908277,"['Equivalence_Line_1: SMSEMOA-random_dense-HUX to AGEMOEA2-greedy_multi-HUX', 'Equivalence_Line_2: SMSEMOA-random_dense-UX to SMSEMOA-random_dense-2P', 'Equivalence_Line_3: SMSEMOA-greedy_multi-1P to SPEA2-greedy_multi-2P', 'Equivalence_Line_4: SMSEMOA-greedy_multi-2P to SMSEMOA-greedy_ting-HUX', 'Equivalence_Line_5: SMSEMOA-greedy_multi-HUX to SPEA2-greedy_multi-1P', 'Equivalence_Line_6: SMSEMOA-greedy_multi-UX to SMSEMOA-greedy_ting-UX', 'Equivalence_Line_7: NSGA3-greedy_multi-1P to AGEMOEA2-random_dense-UX', 'Equivalence_Line_8: UNSGA3-greedy_multi-2P to AGEMOEA2-random_dense-HUX', 'Equivalence_Line_9: NSGA3-greedy_multi-HUX to SMSEMOA-random_dense-1P', 'Equivalence_Line_10: UNSGA3-greedy_multi-UX to SPEA2-greedy_multi-UX', 'Equivalence_Line_11: UNSGA3-greedy_multi-HUX to SPEA2-greedy_multi-HUX', 'Equivalence_Line_12: NSGA3-greedy_multi-UX to NSGA2-greedy_ting-UX', 'Equivalence_Line_13: UNSGA3-greedy_multi-1P to NSGA2-greedy_ting-HUX', 'Equivalence_Line_14: NSGA2-greedy_multi-1P to UNSGA3-greedy_ting-HUX', 'Equivalence_Line_15: NSGA3-greedy_multi-2P to NSGA3-greedy_ting-UX', 'Equivalence_Line_16: NSGA2-greedy_multi-2P to NSGA3-greedy_ting-HUX', 'Equivalence_Line_17: NSGA3-random_dense-UX to SPEA2-random_dense-UX', 'Equivalence_Line_18: AGEMOEA2-greedy_multi-1P to NSGA2-random_dense-UX', 'Equivalence_Line_19: UNSGA3-random_dense-HUX to UNSGA3-greedy_ting-UX', 'Equivalence_Line_20: UNSGA3-random_dense-UX to SPEA2-random_dense-HUX', 'Equivalence_Line_21: NSGA3-random_dense-HUX to NSGA3-random_dense-2P', 'Equivalence_Line_22: AGEMOEA2-greedy_multi-2P to AGEMOEA2-random_dense-2P', 'Equivalence_Line_23: NSGA2-greedy_multi-HUX to NSGA2-random_dense-HUX', 'Equivalence_Line_24: NSGA2-greedy_multi-UX to UNSGA3-random_dense-2P', 'Equivalence_Line_25: AGEMOEA2-greedy_multi-UX to AGEMOEA2-random_dense-1P', 'Equivalence_Line_26: AGEMOEA2-greedy_multi-HUX to RVEA-greedy_multi-1P', 'Equivalence_Line_27: SMSEMOA-random_dense-2P to UNSGA3-random_dense-1P', 'Equivalence_Line_28: SPEA2-greedy_multi-2P to SPEA2-random_dense-2P', 'Equivalence_Line_29: SMSEMOA-greedy_ting-HUX to RVEA-greedy_multi-2P', 'Equivalence_Line_30: SPEA2-greedy_multi-1P to NSGA3-random_dense-1P', 'Equivalence_Line_31: SMSEMOA-greedy_ting-UX to SPEA2-greedy_ting-UX', 'Equivalence_Line_32: AGEMOEA2-random_dense-UX to SPEA2-greedy_ting-HUX', 'Equivalence_Line_33: AGEMOEA2-random_dense-HUX to SPEA2-random_dense-1P', 'Equivalence_Line_34: SMSEMOA-random_dense-1P to AGEMOEA2-greedy_ting-UX', 'Equivalence_Line_35: SPEA2-greedy_multi-UX to AGEMOEA2-greedy_ting-HUX', 'Equivalence_Line_36: SPEA2-greedy_multi-HUX to SMSEMOA-greedy_ting-2P', 'Equivalence_Line_37: NSGA2-greedy_ting-UX to RVEA-greedy_multi-UX', 'Equivalence_Line_38: NSGA2-greedy_ting-HUX to RVEA-greedy_multi-HUX', 'Equivalence_Line_39: UNSGA3-greedy_ting-HUX to SMSEMOA-greedy_ting-1P', 'Equivalence_Line_40: NSGA3-greedy_ting-UX to NSGA2-random_dense-2P', 'Equivalence_Line_41: NSGA3-greedy_ting-HUX to NSGA2-random_dense-1P', 'Equivalence_Line_42: SPEA2-random_dense-UX to RVEA-random_dense-HUX', 'Equivalence_Line_43: NSGA2-random_dense-UX to RVEA-random_dense-UX', 'Equivalence_Line_44: UNSGA3-greedy_ting-UX to UNSGA3-greedy_ting-2P', 'Equivalence_Line_45: SPEA2-random_dense-HUX to SPEA2-greedy_ting-1P', 'Equivalence_Line_46: NSGA3-random_dense-2P to RVEA-random_dense-2P', 'Equivalence_Line_47: AGEMOEA2-random_dense-2P to NSGA3-greedy_ting-2P', 'Equivalence_Line_48: NSGA2-random_dense-HUX to NSGA2-greedy_ting-2P', 'Equivalence_Line_49: UNSGA3-random_dense-2P to SPEA2-greedy_ting-2P', 'Equivalence_Line_50: AGEMOEA2-random_dense-1P to RVEA-random_dense-1P', 'Equivalence_Line_51: RVEA-greedy_multi-1P to UNSGA3-greedy_ting-1P', 'Equivalence_Line_52: UNSGA3-random_dense-1P to AGEMOEA2-greedy_ting-2P', 'Equivalence_Line_53: SPEA2-random_dense-2P to NSGA3-greedy_ting-1P', 'Equivalence_Line_54: RVEA-greedy_multi-2P to NSGA2-greedy_ting-1P', 'Equivalence_Line_55: NSGA3-random_dense-1P to RVEA-greedy_ting-HUX', 'Equivalence_Line_56: SPEA2-greedy_ting-UX to RVEA-greedy_ting-UX', 'Equivalence_Line_57: SPEA2-greedy_ting-HUX to AGEMOEA2-greedy_ting-1P', 'Equivalence_Line_58: SPEA2-random_dense-1P to RVEA-greedy_ting-2P', 'Equivalence_Line_59: AGEMOEA2-greedy_ting-UX to RVEA-greedy_ting-1P']"
SMSEMOA-greedy_multi-1P,0.0018802469251384,"['Equivalence_Line_1: SMSEMOA-random_dense-HUX to AGEMOEA2-greedy_multi-HUX', 'Equivalence_Line_2: SMSEMOA-random_dense-UX to SMSEMOA-random_dense-2P', 'Equivalence_Line_3: SMSEMOA-greedy_multi-1P to SPEA2-greedy_multi-2P', 'Equivalence_Line_4: SMSEMOA-greedy_multi-2P to SMSEMOA-greedy_ting-HUX', 'Equivalence_Line_5: SMSEMOA-greedy_multi-HUX to SPEA2-greedy_multi-1P', 'Equivalence_Line_6: SMSEMOA-greedy_multi-UX to SMSEMOA-greedy_ting-UX', 'Equivalence_Line_7: NSGA3-greedy_multi-1P to AGEMOEA2-random_dense-UX', 'Equivalence_Line_8: UNSGA3-greedy_multi-2P to AGEMOEA2-random_dense-HUX', 'Equivalence_Line_9: NSGA3-greedy_multi-HUX to SMSEMOA-random_dense-1P', 'Equivalence_Line_10: UNSGA3-greedy_multi-UX to SPEA2-greedy_multi-UX', 'Equivalence_Line_11: UNSGA3-greedy_multi-HUX to SPEA2-greedy_multi-HUX', 'Equivalence_Line_12: NSGA3-greedy_multi-UX to NSGA2-greedy_ting-UX', 'Equivalence_Line_13: UNSGA3-greedy_multi-1P to NSGA2-greedy_ting-HUX', 'Equivalence_Line_14: NSGA2-greedy_multi-1P to UNSGA3-greedy_ting-HUX', 'Equivalence_Line_15: NSGA3-greedy_multi-2P to NSGA3-greedy_ting-UX', 'Equivalence_Line_16: NSGA2-greedy_multi-2P to NSGA3-greedy_ting-HUX', 'Equivalence_Line_17: NSGA3-random_dense-UX to SPEA2-random_dense-UX', 'Equivalence_Line_18: AGEMOEA2-greedy_multi-1P to NSGA2-random_dense-UX', 'Equivalence_Line_19: UNSGA3-random_dense-HUX to UNSGA3-greedy_ting-UX', 'Equivalence_Line_20: UNSGA3-random_dense-UX to SPEA2-random_dense-HUX', 'Equivalence_Line_21: NSGA3-random_dense-HUX to NSGA3-random_dense-2P', 'Equivalence_Line_22: AGEMOEA2-greedy_multi-2P to AGEMOEA2-random_dense-2P', 'Equivalence_Line_23: NSGA2-greedy_multi-HUX to NSGA2-random_dense-HUX', 'Equivalence_Line_24: NSGA2-greedy_multi-UX to UNSGA3-random_dense-2P', 'Equivalence_Line_25: AGEMOEA2-greedy_multi-UX to AGEMOEA2-random_dense-1P', 'Equivalence_Line_26: AGEMOEA2-greedy_multi-HUX to RVEA-greedy_multi-1P', 'Equivalence_Line_27: SMSEMOA-random_dense-2P to UNSGA3-random_dense-1P', 'Equivalence_Line_28: SPEA2-greedy_multi-2P to SPEA2-random_dense-2P', 'Equivalence_Line_29: SMSEMOA-greedy_ting-HUX to RVEA-greedy_multi-2P', 'Equivalence_Line_30: SPEA2-greedy_multi-1P to NSGA3-random_dense-1P', 'Equivalence_Line_31: SMSEMOA-greedy_ting-UX to SPEA2-greedy_ting-UX', 'Equivalence_Line_32: AGEMOEA2-random_dense-UX to SPEA2-greedy_ting-HUX', 'Equivalence_Line_33: AGEMOEA2-random_dense-HUX to SPEA2-random_dense-1P', 'Equivalence_Line_34: SMSEMOA-random_dense-1P to AGEMOEA2-greedy_ting-UX', 'Equivalence_Line_35: SPEA2-greedy_multi-UX to AGEMOEA2-greedy_ting-HUX', 'Equivalence_Line_36: SPEA2-greedy_multi-HUX to SMSEMOA-greedy_ting-2P', 'Equivalence_Line_37: NSGA2-greedy_ting-UX to RVEA-greedy_multi-UX', 'Equivalence_Line_38: NSGA2-greedy_ting-HUX to RVEA-greedy_multi-HUX', 'Equivalence_Line_39: UNSGA3-greedy_ting-HUX to SMSEMOA-greedy_ting-1P', 'Equivalence_Line_40: NSGA3-greedy_ting-UX to NSGA2-random_dense-2P', 'Equivalence_Line_41: NSGA3-greedy_ting-HUX to NSGA2-random_dense-1P', 'Equivalence_Line_42: SPEA2-random_dense-UX to RVEA-random_dense-HUX', 'Equivalence_Line_43: NSGA2-random_dense-UX to RVEA-random_dense-UX', 'Equivalence_Line_44: UNSGA3-greedy_ting-UX to UNSGA3-greedy_ting-2P', 'Equivalence_Line_45: SPEA2-random_dense-HUX to SPEA2-greedy_ting-1P', 'Equivalence_Line_46: NSGA3-random_dense-2P to RVEA-random_dense-2P', 'Equivalence_Line_47: AGEMOEA2-random_dense-2P to NSGA3-greedy_ting-2P', 'Equivalence_Line_48: NSGA2-random_dense-HUX to NSGA2-greedy_ting-2P', 'Equivalence_Line_49: UNSGA3-random_dense-2P to SPEA2-greedy_ting-2P', 'Equivalence_Line_50: AGEMOEA2-random_dense-1P to RVEA-random_dense-1P', 'Equivalence_Line_51: RVEA-greedy_multi-1P to UNSGA3-greedy_ting-1P', 'Equivalence_Line_52: UNSGA3-random_dense-1P to AGEMOEA2-greedy_ting-2P', 'Equivalence_Line_53: SPEA2-random_dense-2P to NSGA3-greedy_ting-1P', 'Equivalence_Line_54: RVEA-greedy_multi-2P to NSGA2-greedy_ting-1P', 'Equivalence_Line_55: NSGA3-random_dense-1P to RVEA-greedy_ting-HUX', 'Equivalence_Line_56: SPEA2-greedy_ting-UX to RVEA-greedy_ting-UX', 'Equivalence_Line_57: SPEA2-greedy_ting-HUX to AGEMOEA2-greedy_ting-1P', 'Equivalence_Line_58: SPEA2-random_dense-1P to RVEA-greedy_ting-2P', 'Equivalence_Line_59: AGEMOEA2-greedy_ting-UX to RVEA-greedy_ting-1P']"
SMSEMOA-greedy_multi-2P,0.0019496407222186,"['Equivalence_Line_1: SMSEMOA-random_dense-HUX to AGEMOEA2-greedy_multi-HUX', 'Equivalence_Line_2: SMSEMOA-random_dense-UX to SMSEMOA-random_dense-2P', 'Equivalence_Line_3: SMSEMOA-greedy_multi-1P to SPEA2-greedy_multi-2P', 'Equivalence_Line_4: SMSEMOA-greedy_multi-2P to SMSEMOA-greedy_ting-HUX', 'Equivalence_Line_5: SMSEMOA-greedy_multi-HUX to SPEA2-greedy_multi-1P', 'Equivalence_Line_6: SMSEMOA-greedy_multi-UX to SMSEMOA-greedy_ting-UX', 'Equivalence_Line_7: NSGA3-greedy_multi-1P to AGEMOEA2-random_dense-UX', 'Equivalence_Line_8: UNSGA3-greedy_multi-2P to AGEMOEA2-random_dense-HUX', 'Equivalence_Line_9: NSGA3-greedy_multi-HUX to SMSEMOA-random_dense-1P', 'Equivalence_Line_10: UNSGA3-greedy_multi-UX to SPEA2-greedy_multi-UX', 'Equivalence_Line_11: UNSGA3-greedy_multi-HUX to SPEA2-greedy_multi-HUX', 'Equivalence_Line_12: NSGA3-greedy_multi-UX to NSGA2-greedy_ting-UX', 'Equivalence_Line_13: UNSGA3-greedy_multi-1P to NSGA2-greedy_ting-HUX', 'Equivalence_Line_14: NSGA2-greedy_multi-1P to UNSGA3-greedy_ting-HUX', 'Equivalence_Line_15: NSGA3-greedy_multi-2P to NSGA3-greedy_ting-UX', 'Equivalence_Line_16: NSGA2-greedy_multi-2P to NSGA3-greedy_ting-HUX', 'Equivalence_Line_17: NSGA3-random_dense-UX to SPEA2-random_dense-UX', 'Equivalence_Line_18: AGEMOEA2-greedy_multi-1P to NSGA2-random_dense-UX', 'Equivalence_Line_19: UNSGA3-random_dense-HUX to UNSGA3-greedy_ting-UX', 'Equivalence_Line_20: UNSGA3-random_dense-UX to SPEA2-random_dense-HUX', 'Equivalence_Line_21: NSGA3-random_dense-HUX to NSGA3-random_dense-2P', 'Equivalence_Line_22: AGEMOEA2-greedy_multi-2P to AGEMOEA2-random_dense-2P', 'Equivalence_Line_23: NSGA2-greedy_multi-HUX to NSGA2-random_dense-HUX', 'Equivalence_Line_24: NSGA2-greedy_multi-UX to UNSGA3-random_dense-2P', 'Equivalence_Line_25: AGEMOEA2-greedy_multi-UX to AGEMOEA2-random_dense-1P', 'Equivalence_Line_26: AGEMOEA2-greedy_multi-HUX to RVEA-greedy_multi-1P', 'Equivalence_Line_27: SMSEMOA-random_dense-2P to UNSGA3-random_dense-1P', 'Equivalence_Line_28: SPEA2-greedy_multi-2P to SPEA2-random_dense-2P', 'Equivalence_Line_29: SMSEMOA-greedy_ting-HUX to RVEA-greedy_multi-2P', 'Equivalence_Line_30: SPEA2-greedy_multi-1P to NSGA3-random_dense-1P', 'Equivalence_Line_31: SMSEMOA-greedy_ting-UX to SPEA2-greedy_ting-UX', 'Equivalence_Line_32: AGEMOEA2-random_dense-UX to SPEA2-greedy_ting-HUX', 'Equivalence_Line_33: AGEMOEA2-random_dense-HUX to SPEA2-random_dense-1P', 'Equivalence_Line_34: SMSEMOA-random_dense-1P to AGEMOEA2-greedy_ting-UX', 'Equivalence_Line_35: SPEA2-greedy_multi-UX to AGEMOEA2-greedy_ting-HUX', 'Equivalence_Line_36: SPEA2-greedy_multi-HUX to SMSEMOA-greedy_ting-2P', 'Equivalence_Line_37: NSGA2-greedy_ting-UX to RVEA-greedy_multi-UX', 'Equivalence_Line_38: NSGA2-greedy_ting-HUX to RVEA-greedy_multi-HUX', 'Equivalence_Line_39: UNSGA3-greedy_ting-HUX to SMSEMOA-greedy_ting-1P', 'Equivalence_Line_40: NSGA3-greedy_ting-UX to NSGA2-random_dense-2P', 'Equivalence_Line_41: NSGA3-greedy_ting-HUX to NSGA2-random_dense-1P', 'Equivalence_Line_42: SPEA2-random_dense-UX to RVEA-random_dense-HUX', 'Equivalence_Line_43: NSGA2-random_dense-UX to RVEA-random_dense-UX', 'Equivalence_Line_44: UNSGA3-greedy_ting-UX to UNSGA3-greedy_ting-2P', 'Equivalence_Line_45: SPEA2-random_dense-HUX to SPEA2-greedy_ting-1P', 'Equivalence_Line_46: NSGA3-random_dense-2P to RVEA-random_dense-2P', 'Equivalence_Line_47: AGEMOEA2-random_dense-2P to NSGA3-greedy_ting-2P', 'Equivalence_Line_48: NSGA2-random_dense-HUX to NSGA2-greedy_ting-2P', 'Equivalence_Line_49: UNSGA3-random_dense-2P to SPEA2-greedy_ting-2P', 'Equivalence_Line_50: AGEMOEA2-random_dense-1P to RVEA-random_dense-1P', 'Equivalence_Line_51: RVEA-greedy_multi-1P to UNSGA3-greedy_ting-1P', 'Equivalence_Line_52: UNSGA3-random_dense-1P to AGEMOEA2-greedy_ting-2P', 'Equivalence_Line_53: SPEA2-random_dense-2P to NSGA3-greedy_ting-1P', 'Equivalence_Line_54: RVEA-greedy_multi-2P to NSGA2-greedy_ting-1P', 'Equivalence_Line_55: NSGA3-random_dense-1P to RVEA-greedy_ting-HUX', 'Equivalence_Line_56: SPEA2-greedy_ting-UX to RVEA-greedy_ting-UX', 'Equivalence_Line_57: SPEA2-greedy_ting-HUX to AGEMOEA2-greedy_ting-1P', 'Equivalence_Line_58: SPEA2-random_dense-1P to RVEA-greedy_ting-2P', 'Equivalence_Line_59: AGEMOEA2-greedy_ting-UX to RVEA-greedy_ting-1P']"
SMSEMOA-greedy_multi-HUX,0.0022028842263646,"['Equivalence_Line_1: SMSEMOA-random_dense-HUX to AGEMOEA2-greedy_multi-HUX', 'Equivalence_Line_2: SMSEMOA-random_dense-UX to SMSEMOA-random_dense-2P', 'Equivalence_Line_3: SMSEMOA-greedy_multi-1P to SPEA2-greedy_multi-2P', 'Equivalence_Line_4: SMSEMOA-greedy_multi-2P to SMSEMOA-greedy_ting-HUX', 'Equivalence_Line_5: SMSEMOA-greedy_multi-HUX to SPEA2-greedy_multi-1P', 'Equivalence_Line_6: SMSEMOA-greedy_multi-UX to SMSEMOA-greedy_ting-UX', 'Equivalence_Line_7: NSGA3-greedy_multi-1P to AGEMOEA2-random_dense-UX', 'Equivalence_Line_8: UNSGA3-greedy_multi-2P to AGEMOEA2-random_dense-HUX', 'Equivalence_Line_9: NSGA3-greedy_multi-HUX to SMSEMOA-random_dense-1P', 'Equivalence_Line_10: UNSGA3-greedy_multi-UX to SPEA2-greedy_multi-UX', 'Equivalence_Line_11: UNSGA3-greedy_multi-HUX to SPEA2-greedy_multi-HUX', 'Equivalence_Line_12: NSGA3-greedy_multi-UX to NSGA2-greedy_ting-UX', 'Equivalence_Line_13: UNSGA3-greedy_multi-1P to NSGA2-greedy_ting-HUX', 'Equivalence_Line_14: NSGA2-greedy_multi-1P to UNSGA3-greedy_ting-HUX', 'Equivalence_Line_15: NSGA3-greedy_multi-2P to NSGA3-greedy_ting-UX', 'Equivalence_Line_16: NSGA2-greedy_multi-2P to NSGA3-greedy_ting-HUX', 'Equivalence_Line_17: NSGA3-random_dense-UX to SPEA2-random_dense-UX', 'Equivalence_Line_18: AGEMOEA2-greedy_multi-1P to NSGA2-random_dense-UX', 'Equivalence_Line_19: UNSGA3-random_dense-HUX to UNSGA3-greedy_ting-UX', 'Equivalence_Line_20: UNSGA3-random_dense-UX to SPEA2-random_dense-HUX', 'Equivalence_Line_21: NSGA3-random_dense-HUX to NSGA3-random_dense-2P', 'Equivalence_Line_22: AGEMOEA2-greedy_multi-2P to AGEMOEA2-random_dense-2P', 'Equivalence_Line_23: NSGA2-greedy_multi-HUX to NSGA2-random_dense-HUX', 'Equivalence_Line_24: NSGA2-greedy_multi-UX to UNSGA3-random_dense-2P', 'Equivalence_Line_25: AGEMOEA2-greedy_multi-UX to AGEMOEA2-random_dense-1P', 'Equivalence_Line_26: AGEMOEA2-greedy_multi-HUX to RVEA-greedy_multi-1P', 'Equivalence_Line_27: SMSEMOA-random_dense-2P to UNSGA3-random_dense-1P', 'Equivalence_Line_28: SPEA2-greedy_multi-2P to SPEA2-random_dense-2P', 'Equivalence_Line_29: SMSEMOA-greedy_ting-HUX to RVEA-greedy_multi-2P', 'Equivalence_Line_30: SPEA2-greedy_multi-1P to NSGA3-random_dense-1P', 'Equivalence_Line_31: SMSEMOA-greedy_ting-UX to SPEA2-greedy_ting-UX', 'Equivalence_Line_32: AGEMOEA2-random_dense-UX to SPEA2-greedy_ting-HUX', 'Equivalence_Line_33: AGEMOEA2-random_dense-HUX to SPEA2-random_dense-1P', 'Equivalence_Line_34: SMSEMOA-random_dense-1P to AGEMOEA2-greedy_ting-UX', 'Equivalence_Line_35: SPEA2-greedy_multi-UX to AGEMOEA2-greedy_ting-HUX', 'Equivalence_Line_36: SPEA2-greedy_multi-HUX to SMSEMOA-greedy_ting-2P', 'Equivalence_Line_37: NSGA2-greedy_ting-UX to RVEA-greedy_multi-UX', 'Equivalence_Line_38: NSGA2-greedy_ting-HUX to RVEA-greedy_multi-HUX', 'Equivalence_Line_39: UNSGA3-greedy_ting-HUX to SMSEMOA-greedy_ting-1P', 'Equivalence_Line_40: NSGA3-greedy_ting-UX to NSGA2-random_dense-2P', 'Equivalence_Line_41: NSGA3-greedy_ting-HUX to NSGA2-random_dense-1P', 'Equivalence_Line_42: SPEA2-random_dense-UX to RVEA-random_dense-HUX', 'Equivalence_Line_43: NSGA2-random_dense-UX to RVEA-random_dense-UX', 'Equivalence_Line_44: UNSGA3-greedy_ting-UX to UNSGA3-greedy_ting-2P', 'Equivalence_Line_45: SPEA2-random_dense-HUX to SPEA2-greedy_ting-1P', 'Equivalence_Line_46: NSGA3-random_dense-2P to RVEA-random_dense-2P', 'Equivalence_Line_47: AGEMOEA2-random_dense-2P to NSGA3-greedy_ting-2P', 'Equivalence_Line_48: NSGA2-random_dense-HUX to NSGA2-greedy_ting-2P', 'Equivalence_Line_49: UNSGA3-random_dense-2P to SPEA2-greedy_ting-2P', 'Equivalence_Line_50: AGEMOEA2-random_dense-1P to RVEA-random_dense-1P', 'Equivalence_Line_51: RVEA-greedy_multi-1P to UNSGA3-greedy_ting-1P', 'Equivalence_Line_52: UNSGA3-random_dense-1P to AGEMOEA2-greedy_ting-2P', 'Equivalence_Line_53: SPEA2-random_dense-2P to NSGA3-greedy_ting-1P', 'Equivalence_Line_54: RVEA-greedy_multi-2P to NSGA2-greedy_ting-1P', 'Equivalence_Line_55: NSGA3-random_dense-1P to RVEA-greedy_ting-HUX', 'Equivalence_Line_56: SPEA2-greedy_ting-UX to RVEA-greedy_ting-UX', 'Equivalence_Line_57: SPEA2-greedy_ting-HUX to AGEMOEA2-greedy_ting-1P', 'Equivalence_Line_58: SPEA2-random_dense-1P to RVEA-greedy_ting-2P', 'Equivalence_Line_59: AGEMOEA2-greedy_ting-UX to RVEA-greedy_ting-1P']"
SMSEMOA-greedy_multi-UX,0.0023953258063463,"['Equivalence_Line_1: SMSEMOA-random_dense-HUX to AGEMOEA2-greedy_multi-HUX', 'Equivalence_Line_2: SMSEMOA-random_dense-UX to SMSEMOA-random_dense-2P', 'Equivalence_Line_3: SMSEMOA-greedy_multi-1P to SPEA2-greedy_multi-2P', 'Equivalence_Line_4: SMSEMOA-greedy_multi-2P to SMSEMOA-greedy_ting-HUX', 'Equivalence_Line_5: SMSEMOA-greedy_multi-HUX to SPEA2-greedy_multi-1P', 'Equivalence_Line_6: SMSEMOA-greedy_multi-UX to SMSEMOA-greedy_ting-UX', 'Equivalence_Line_7: NSGA3-greedy_multi-1P to AGEMOEA2-random_dense-UX', 'Equivalence_Line_8: UNSGA3-greedy_multi-2P to AGEMOEA2-random_dense-HUX', 'Equivalence_Line_9: NSGA3-greedy_multi-HUX to SMSEMOA-random_dense-1P', 'Equivalence_Line_10: UNSGA3-greedy_multi-UX to SPEA2-greedy_multi-UX', 'Equivalence_Line_11: UNSGA3-greedy_multi-HUX to SPEA2-greedy_multi-HUX', 'Equivalence_Line_12: NSGA3-greedy_multi-UX to NSGA2-greedy_ting-UX', 'Equivalence_Line_13: UNSGA3-greedy_multi-1P to NSGA2-greedy_ting-HUX', 'Equivalence_Line_14: NSGA2-greedy_multi-1P to UNSGA3-greedy_ting-HUX', 'Equivalence_Line_15: NSGA3-greedy_multi-2P to NSGA3-greedy_ting-UX', 'Equivalence_Line_16: NSGA2-greedy_multi-2P to NSGA3-greedy_ting-HUX', 'Equivalence_Line_17: NSGA3-random_dense-UX to SPEA2-random_dense-UX', 'Equivalence_Line_18: AGEMOEA2-greedy_multi-1P to NSGA2-random_dense-UX', 'Equivalence_Line_19: UNSGA3-random_dense-HUX to UNSGA3-greedy_ting-UX', 'Equivalence_Line_20: UNSGA3-random_dense-UX to SPEA2-random_dense-HUX', 'Equivalence_Line_21: NSGA3-random_dense-HUX to NSGA3-random_dense-2P', 'Equivalence_Line_22: AGEMOEA2-greedy_multi-2P to AGEMOEA2-random_dense-2P', 'Equivalence_Line_23: NSGA2-greedy_multi-HUX to NSGA2-random_dense-HUX', 'Equivalence_Line_24: NSGA2-greedy_multi-UX to UNSGA3-random_dense-2P', 'Equivalence_Line_25: AGEMOEA2-greedy_multi-UX to AGEMOEA2-random_dense-1P', 'Equivalence_Line_26: AGEMOEA2-greedy_multi-HUX to RVEA-greedy_multi-1P', 'Equivalence_Line_27: SMSEMOA-random_dense-2P to UNSGA3-random_dense-1P', 'Equivalence_Line_28: SPEA2-greedy_multi-2P to SPEA2-random_dense-2P', 'Equivalence_Line_29: SMSEMOA-greedy_ting-HUX to RVEA-greedy_multi-2P', 'Equivalence_Line_30: SPEA2-greedy_multi-1P to NSGA3-random_dense-1P', 'Equivalence_Line_31: SMSEMOA-greedy_ting-UX to SPEA2-greedy_ting-UX', 'Equivalence_Line_32: AGEMOEA2-random_dense-UX to SPEA2-greedy_ting-HUX', 'Equivalence_Line_33: AGEMOEA2-random_dense-HUX to SPEA2-random_dense-1P', 'Equivalence_Line_34: SMSEMOA-random_dense-1P to AGEMOEA2-greedy_ting-UX', 'Equivalence_Line_35: SPEA2-greedy_multi-UX to AGEMOEA2-greedy_ting-HUX', 'Equivalence_Line_36: SPEA2-greedy_multi-HUX to SMSEMOA-greedy_ting-2P', 'Equivalence_Line_37: NSGA2-greedy_ting-UX to RVEA-greedy_multi-UX', 'Equivalence_Line_38: NSGA2-greedy_ting-HUX to RVEA-greedy_multi-HUX', 'Equivalence_Line_39: UNSGA3-greedy_ting-HUX to SMSEMOA-greedy_ting-1P', 'Equivalence_Line_40: NSGA3-greedy_ting-UX to NSGA2-random_dense-2P', 'Equivalence_Line_41: NSGA3-greedy_ting-HUX to NSGA2-random_dense-1P', 'Equivalence_Line_42: SPEA2-random_dense-UX to RVEA-random_dense-HUX', 'Equivalence_Line_43: NSGA2-random_dense-UX to RVEA-random_dense-UX', 'Equivalence_Line_44: UNSGA3-greedy_ting-UX to UNSGA3-greedy_ting-2P', 'Equivalence_Line_45: SPEA2-random_dense-HUX to SPEA2-greedy_ting-1P', 'Equivalence_Line_46: NSGA3-random_dense-2P to RVEA-random_dense-2P', 'Equivalence_Line_47: AGEMOEA2-random_dense-2P to NSGA3-greedy_ting-2P', 'Equivalence_Line_48: NSGA2-random_dense-HUX to NSGA2-greedy_ting-2P', 'Equivalence_Line_49: UNSGA3-random_dense-2P to SPEA2-greedy_ting-2P', 'Equivalence_Line_50: AGEMOEA2-random_dense-1P to RVEA-random_dense-1P', 'Equivalence_Line_51: RVEA-greedy_multi-1P to UNSGA3-greedy_ting-1P', 'Equivalence_Line_52: UNSGA3-random_dense-1P to AGEMOEA2-greedy_ting-2P', 'Equivalence_Line_53: SPEA2-random_dense-2P to NSGA3-greedy_ting-1P', 'Equivalence_Line_54: RVEA-greedy_multi-2P to NSGA2-greedy_ting-1P', 'Equivalence_Line_55: NSGA3-random_dense-1P to RVEA-greedy_ting-HUX', 'Equivalence_Line_56: SPEA2-greedy_ting-UX to RVEA-greedy_ting-UX', 'Equivalence_Line_57: SPEA2-greedy_ting-HUX to AGEMOEA2-greedy_ting-1P', 'Equivalence_Line_58: SPEA2-random_dense-1P to RVEA-greedy_ting-2P', 'Equivalence_Line_59: AGEMOEA2-greedy_ting-UX to RVEA-greedy_ting-1P']"
NSGA3-greedy_multi-1P,0.0027737515584412,"['Equivalence_Line_1: SMSEMOA-random_dense-HUX to AGEMOEA2-greedy_multi-HUX', 'Equivalence_Line_2: SMSEMOA-random_dense-UX to SMSEMOA-random_dense-2P', 'Equivalence_Line_3: SMSEMOA-greedy_multi-1P to SPEA2-greedy_multi-2P', 'Equivalence_Line_4: SMSEMOA-greedy_multi-2P to SMSEMOA-greedy_ting-HUX', 'Equivalence_Line_5: SMSEMOA-greedy_multi-HUX to SPEA2-greedy_multi-1P', 'Equivalence_Line_6: SMSEMOA-greedy_multi-UX to SMSEMOA-greedy_ting-UX', 'Equivalence_Line_7: NSGA3-greedy_multi-1P to AGEMOEA2-random_dense-UX', 'Equivalence_Line_8: UNSGA3-greedy_multi-2P to AGEMOEA2-random_dense-HUX', 'Equivalence_Line_9: NSGA3-greedy_multi-HUX to SMSEMOA-random_dense-1P', 'Equivalence_Line_10: UNSGA3-greedy_multi-UX to SPEA2-greedy_multi-UX', 'Equivalence_Line_11: UNSGA3-greedy_multi-HUX to SPEA2-greedy_multi-HUX', 'Equivalence_Line_12: NSGA3-greedy_multi-UX to NSGA2-greedy_ting-UX', 'Equivalence_Line_13: UNSGA3-greedy_multi-1P to NSGA2-greedy_ting-HUX', 'Equivalence_Line_14: NSGA2-greedy_multi-1P to UNSGA3-greedy_ting-HUX', 'Equivalence_Line_15: NSGA3-greedy_multi-2P to NSGA3-greedy_ting-UX', 'Equivalence_Line_16: NSGA2-greedy_multi-2P to NSGA3-greedy_ting-HUX', 'Equivalence_Line_17: NSGA3-random_dense-UX to SPEA2-random_dense-UX', 'Equivalence_Line_18: AGEMOEA2-greedy_multi-1P to NSGA2-random_dense-UX', 'Equivalence_Line_19: UNSGA3-random_dense-HUX to UNSGA3-greedy_ting-UX', 'Equivalence_Line_20: UNSGA3-random_dense-UX to SPEA2-random_dense-HUX', 'Equivalence_Line_21: NSGA3-random_dense-HUX to NSGA3-random_dense-2P', 'Equivalence_Line_22: AGEMOEA2-greedy_multi-2P to AGEMOEA2-random_dense-2P', 'Equivalence_Line_23: NSGA2-greedy_multi-HUX to NSGA2-random_dense-HUX', 'Equivalence_Line_24: NSGA2-greedy_multi-UX to UNSGA3-random_dense-2P', 'Equivalence_Line_25: AGEMOEA2-greedy_multi-UX to AGEMOEA2-random_dense-1P', 'Equivalence_Line_26: AGEMOEA2-greedy_multi-HUX to RVEA-greedy_multi-1P', 'Equivalence_Line_27: SMSEMOA-random_dense-2P to UNSGA3-random_dense-1P', 'Equivalence_Line_28: SPEA2-greedy_multi-2P to SPEA2-random_dense-2P', 'Equivalence_Line_29: SMSEMOA-greedy_ting-HUX to RVEA-greedy_multi-2P', 'Equivalence_Line_30: SPEA2-greedy_multi-1P to NSGA3-random_dense-1P', 'Equivalence_Line_31: SMSEMOA-greedy_ting-UX to SPEA2-greedy_ting-UX', 'Equivalence_Line_32: AGEMOEA2-random_dense-UX to SPEA2-greedy_ting-HUX', 'Equivalence_Line_33: AGEMOEA2-random_dense-HUX to SPEA2-random_dense-1P', 'Equivalence_Line_34: SMSEMOA-random_dense-1P to AGEMOEA2-greedy_ting-UX', 'Equivalence_Line_35: SPEA2-greedy_multi-UX to AGEMOEA2-greedy_ting-HUX', 'Equivalence_Line_36: SPEA2-greedy_multi-HUX to SMSEMOA-greedy_ting-2P', 'Equivalence_Line_37: NSGA2-greedy_ting-UX to RVEA-greedy_multi-UX', 'Equivalence_Line_38: NSGA2-greedy_ting-HUX to RVEA-greedy_multi-HUX', 'Equivalence_Line_39: UNSGA3-greedy_ting-HUX to SMSEMOA-greedy_ting-1P', 'Equivalence_Line_40: NSGA3-greedy_ting-UX to NSGA2-random_dense-2P', 'Equivalence_Line_41: NSGA3-greedy_ting-HUX to NSGA2-random_dense-1P', 'Equivalence_Line_42: SPEA2-random_dense-UX to RVEA-random_dense-HUX', 'Equivalence_Line_43: NSGA2-random_dense-UX to RVEA-random_dense-UX', 'Equivalence_Line_44: UNSGA3-greedy_ting-UX to UNSGA3-greedy_ting-2P', 'Equivalence_Line_45: SPEA2-random_dense-HUX to SPEA2-greedy_ting-1P', 'Equivalence_Line_46: NSGA3-random_dense-2P to RVEA-random_dense-2P', 'Equivalence_Line_47: AGEMOEA2-random_dense-2P to NSGA3-greedy_ting-2P', 'Equivalence_Line_48: NSGA2-random_dense-HUX to NSGA2-greedy_ting-2P', 'Equivalence_Line_49: UNSGA3-random_dense-2P to SPEA2-greedy_ting-2P', 'Equivalence_Line_50: AGEMOEA2-random_dense-1P to RVEA-random_dense-1P', 'Equivalence_Line_51: RVEA-greedy_multi-1P to UNSGA3-greedy_ting-1P', 'Equivalence_Line_52: UNSGA3-random_dense-1P to AGEMOEA2-greedy_ting-2P', 'Equivalence_Line_53: SPEA2-random_dense-2P to NSGA3-greedy_ting-1P', 'Equivalence_Line_54: RVEA-greedy_multi-2P to NSGA2-greedy_ting-1P', 'Equivalence_Line_55: NSGA3-random_dense-1P to RVEA-greedy_ting-HUX', 'Equivalence_Line_56: SPEA2-greedy_ting-UX to RVEA-greedy_ting-UX', 'Equivalence_Line_57: SPEA2-greedy_ting-HUX to AGEMOEA2-greedy_ting-1P', 'Equivalence_Line_58: SPEA2-random_dense-1P to RVEA-greedy_ting-2P', 'Equivalence_Line_59: AGEMOEA2-greedy_ting-UX to RVEA-greedy_ting-1P']"
UNSGA3-greedy_multi-2P,0.0027870141927617,"['Equivalence_Line_1: SMSEMOA-random_dense-HUX to AGEMOEA2-greedy_multi-HUX', 'Equivalence_Line_2: SMSEMOA-random_dense-UX to SMSEMOA-random_dense-2P', 'Equivalence_Line_3: SMSEMOA-greedy_multi-1P to SPEA2-greedy_multi-2P', 'Equivalence_Line_4: SMSEMOA-greedy_multi-2P to SMSEMOA-greedy_ting-HUX', 'Equivalence_Line_5: SMSEMOA-greedy_multi-HUX to SPEA2-greedy_multi-1P', 'Equivalence_Line_6: SMSEMOA-greedy_multi-UX to SMSEMOA-greedy_ting-UX', 'Equivalence_Line_7: NSGA3-greedy_multi-1P to AGEMOEA2-random_dense-UX', 'Equivalence_Line_8: UNSGA3-greedy_multi-2P to AGEMOEA2-random_dense-HUX', 'Equivalence_Line_9: NSGA3-greedy_multi-HUX to SMSEMOA-random_dense-1P', 'Equivalence_Line_10: UNSGA3-greedy_multi-UX to SPEA2-greedy_multi-UX', 'Equivalence_Line_11: UNSGA3-greedy_multi-HUX to SPEA2-greedy_multi-HUX', 'Equivalence_Line_12: NSGA3-greedy_multi-UX to NSGA2-greedy_ting-UX', 'Equivalence_Line_13: UNSGA3-greedy_multi-1P to NSGA2-greedy_ting-HUX', 'Equivalence_Line_14: NSGA2-greedy_multi-1P to UNSGA3-greedy_ting-HUX', 'Equivalence_Line_15: NSGA3-greedy_multi-2P to NSGA3-greedy_ting-UX', 'Equivalence_Line_16: NSGA2-greedy_multi-2P to NSGA3-greedy_ting-HUX', 'Equivalence_Line_17: NSGA3-random_dense-UX to SPEA2-random_dense-UX', 'Equivalence_Line_18: AGEMOEA2-greedy_multi-1P to NSGA2-random_dense-UX', 'Equivalence_Line_19: UNSGA3-random_dense-HUX to UNSGA3-greedy_ting-UX', 'Equivalence_Line_20: UNSGA3-random_dense-UX to SPEA2-random_dense-HUX', 'Equivalence_Line_21: NSGA3-random_dense-HUX to NSGA3-random_dense-2P', 'Equivalence_Line_22: AGEMOEA2-greedy_multi-2P to AGEMOEA2-random_dense-2P', 'Equivalence_Line_23: NSGA2-greedy_multi-HUX to NSGA2-random_dense-HUX', 'Equivalence_Line_24: NSGA2-greedy_multi-UX to UNSGA3-random_dense-2P', 'Equivalence_Line_25: AGEMOEA2-greedy_multi-UX to AGEMOEA2-random_dense-1P', 'Equivalence_Line_26: AGEMOEA2-greedy_multi-HUX to RVEA-greedy_multi-1P', 'Equivalence_Line_27: SMSEMOA-random_dense-2P to UNSGA3-random_dense-1P', 'Equivalence_Line_28: SPEA2-greedy_multi-2P to SPEA2-random_dense-2P', 'Equivalence_Line_29: SMSEMOA-greedy_ting-HUX to RVEA-greedy_multi-2P', 'Equivalence_Line_30: SPEA2-greedy_multi-1P to NSGA3-random_dense-1P', 'Equivalence_Line_31: SMSEMOA-greedy_ting-UX to SPEA2-greedy_ting-UX', 'Equivalence_Line_32: AGEMOEA2-random_dense-UX to SPEA2-greedy_ting-HUX', 'Equivalence_Line_33: AGEMOEA2-random_dense-HUX to SPEA2-random_dense-1P', 'Equivalence_Line_34: SMSEMOA-random_dense-1P to AGEMOEA2-greedy_ting-UX', 'Equivalence_Line_35: SPEA2-greedy_multi-UX to AGEMOEA2-greedy_ting-HUX', 'Equivalence_Line_36: SPEA2-greedy_multi-HUX to SMSEMOA-greedy_ting-2P', 'Equivalence_Line_37: NSGA2-greedy_ting-UX to RVEA-greedy_multi-UX', 'Equivalence_Line_38: NSGA2-greedy_ting-HUX to RVEA-greedy_multi-HUX', 'Equivalence_Line_39: UNSGA3-greedy_ting-HUX to SMSEMOA-greedy_ting-1P', 'Equivalence_Line_40: NSGA3-greedy_ting-UX to NSGA2-random_dense-2P', 'Equivalence_Line_41: NSGA3-greedy_ting-HUX to NSGA2-random_dense-1P', 'Equivalence_Line_42: SPEA2-random_dense-UX to RVEA-random_dense-HUX', 'Equivalence_Line_43: NSGA2-random_dense-UX to RVEA-random_dense-UX', 'Equivalence_Line_44: UNSGA3-greedy_ting-UX to UNSGA3-greedy_ting-2P', 'Equivalence_Line_45: SPEA2-random_dense-HUX to SPEA2-greedy_ting-1P', 'Equivalence_Line_46: NSGA3-random_dense-2P to RVEA-random_dense-2P', 'Equivalence_Line_47: AGEMOEA2-random_dense-2P to NSGA3-greedy_ting-2P', 'Equivalence_Line_48: NSGA2-random_dense-HUX to NSGA2-greedy_ting-2P', 'Equivalence_Line_49: UNSGA3-random_dense-2P to SPEA2-greedy_ting-2P', 'Equivalence_Line_50: AGEMOEA2-random_dense-1P to RVEA-random_dense-1P', 'Equivalence_Line_51: RVEA-greedy_multi-1P to UNSGA3-greedy_ting-1P', 'Equivalence_Line_52: UNSGA3-random_dense-1P to AGEMOEA2-greedy_ting-2P', 'Equivalence_Line_53: SPEA2-random_dense-2P to NSGA3-greedy_ting-1P', 'Equivalence_Line_54: RVEA-greedy_multi-2P to NSGA2-greedy_ting-1P', 'Equivalence_Line_55: NSGA3-random_dense-1P to RVEA-greedy_ting-HUX', 'Equivalence_Line_56: SPEA2-greedy_ting-UX to RVEA-greedy_ting-UX', 'Equivalence_Line_57: SPEA2-greedy_ting-HUX to AGEMOEA2-greedy_ting-1P', 'Equivalence_Line_58: SPEA2-random_dense-1P to RVEA-greedy_ting-2P', 'Equivalence_Line_59: AGEMOEA2-greedy_ting-UX to RVEA-greedy_ting-1P']"
NSGA3-greedy_multi-HUX,0.0028116354625965,"['Equivalence_Line_1: SMSEMOA-random_dense-HUX to AGEMOEA2-greedy_multi-HUX', 'Equivalence_Line_2: SMSEMOA-random_dense-UX to SMSEMOA-random_dense-2P', 'Equivalence_Line_3: SMSEMOA-greedy_multi-1P to SPEA2-greedy_multi-2P', 'Equivalence_Line_4: SMSEMOA-greedy_multi-2P to SMSEMOA-greedy_ting-HUX', 'Equivalence_Line_5: SMSEMOA-greedy_multi-HUX to SPEA2-greedy_multi-1P', 'Equivalence_Line_6: SMSEMOA-greedy_multi-UX to SMSEMOA-greedy_ting-UX', 'Equivalence_Line_7: NSGA3-greedy_multi-1P to AGEMOEA2-random_dense-UX', 'Equivalence_Line_8: UNSGA3-greedy_multi-2P to AGEMOEA2-random_dense-HUX', 'Equivalence_Line_9: NSGA3-greedy_multi-HUX to SMSEMOA-random_dense-1P', 'Equivalence_Line_10: UNSGA3-greedy_multi-UX to SPEA2-greedy_multi-UX', 'Equivalence_Line_11: UNSGA3-greedy_multi-HUX to SPEA2-greedy_multi-HUX', 'Equivalence_Line_12: NSGA3-greedy_multi-UX to NSGA2-greedy_ting-UX', 'Equivalence_Line_13: UNSGA3-greedy_multi-1P to NSGA2-greedy_ting-HUX', 'Equivalence_Line_14: NSGA2-greedy_multi-1P to UNSGA3-greedy_ting-HUX', 'Equivalence_Line_15: NSGA3-greedy_multi-2P to NSGA3-greedy_ting-UX', 'Equivalence_Line_16: NSGA2-greedy_multi-2P to NSGA3-greedy_ting-HUX', 'Equivalence_Line_17: NSGA3-random_dense-UX to SPEA2-random_dense-UX', 'Equivalence_Line_18: AGEMOEA2-greedy_multi-1P to NSGA2-random_dense-UX', 'Equivalence_Line_19: UNSGA3-random_dense-HUX to UNSGA3-greedy_ting-UX', 'Equivalence_Line_20: UNSGA3-random_dense-UX to SPEA2-random_dense-HUX', 'Equivalence_Line_21: NSGA3-random_dense-HUX to NSGA3-random_dense-2P', 'Equivalence_Line_22: AGEMOEA2-greedy_multi-2P to AGEMOEA2-random_dense-2P', 'Equivalence_Line_23: NSGA2-greedy_multi-HUX to NSGA2-random_dense-HUX', 'Equivalence_Line_24: NSGA2-greedy_multi-UX to UNSGA3-random_dense-2P', 'Equivalence_Line_25: AGEMOEA2-greedy_multi-UX to AGEMOEA2-random_dense-1P', 'Equivalence_Line_26: AGEMOEA2-greedy_multi-HUX to RVEA-greedy_multi-1P', 'Equivalence_Line_27: SMSEMOA-random_dense-2P to UNSGA3-random_dense-1P', 'Equivalence_Line_28: SPEA2-greedy_multi-2P to SPEA2-random_dense-2P', 'Equivalence_Line_29: SMSEMOA-greedy_ting-HUX to RVEA-greedy_multi-2P', 'Equivalence_Line_30: SPEA2-greedy_multi-1P to NSGA3-random_dense-1P', 'Equivalence_Line_31: SMSEMOA-greedy_ting-UX to SPEA2-greedy_ting-UX', 'Equivalence_Line_32: AGEMOEA2-random_dense-UX to SPEA2-greedy_ting-HUX', 'Equivalence_Line_33: AGEMOEA2-random_dense-HUX to SPEA2-random_dense-1P', 'Equivalence_Line_34: SMSEMOA-random_dense-1P to AGEMOEA2-greedy_ting-UX', 'Equivalence_Line_35: SPEA2-greedy_multi-UX to AGEMOEA2-greedy_ting-HUX', 'Equivalence_Line_36: SPEA2-greedy_multi-HUX to SMSEMOA-greedy_ting-2P', 'Equivalence_Line_37: NSGA2-greedy_ting-UX to RVEA-greedy_multi-UX', 'Equivalence_Line_38: NSGA2-greedy_ting-HUX to RVEA-greedy_multi-HUX', 'Equivalence_Line_39: UNSGA3-greedy_ting-HUX to SMSEMOA-greedy_ting-1P', 'Equivalence_Line_40: NSGA3-greedy_ting-UX to NSGA2-random_dense-2P', 'Equivalence_Line_41: NSGA3-greedy_ting-HUX to NSGA2-random_dense-1P', 'Equivalence_Line_42: SPEA2-random_dense-UX to RVEA-random_dense-HUX', 'Equivalence_Line_43: NSGA2-random_dense-UX to RVEA-random_dense-UX', 'Equivalence_Line_44: UNSGA3-greedy_ting-UX to UNSGA3-greedy_ting-2P', 'Equivalence_Line_45: SPEA2-random_dense-HUX to SPEA2-greedy_ting-1P', 'Equivalence_Line_46: NSGA3-random_dense-2P to RVEA-random_dense-2P', 'Equivalence_Line_47: AGEMOEA2-random_dense-2P to NSGA3-greedy_ting-2P', 'Equivalence_Line_48: NSGA2-random_dense-HUX to NSGA2-greedy_ting-2P', 'Equivalence_Line_49: UNSGA3-random_dense-2P to SPEA2-greedy_ting-2P', 'Equivalence_Line_50: AGEMOEA2-random_dense-1P to RVEA-random_dense-1P', 'Equivalence_Line_51: RVEA-greedy_multi-1P to UNSGA3-greedy_ting-1P', 'Equivalence_Line_52: UNSGA3-random_dense-1P to AGEMOEA2-greedy_ting-2P', 'Equivalence_Line_53: SPEA2-random_dense-2P to NSGA3-greedy_ting-1P', 'Equivalence_Line_54: RVEA-greedy_multi-2P to NSGA2-greedy_ting-1P', 'Equivalence_Line_55: NSGA3-random_dense-1P to RVEA-greedy_ting-HUX', 'Equivalence_Line_56: SPEA2-greedy_ting-UX to RVEA-greedy_ting-UX', 'Equivalence_Line_57: SPEA2-greedy_ting-HUX to AGEMOEA2-greedy_ting-1P', 'Equivalence_Line_58: SPEA2-random_dense-1P to RVEA-greedy_ting-2P', 'Equivalence_Line_59: AGEMOEA2-greedy_ting-UX to RVEA-greedy_ting-1P']"
UNSGA3-greedy_multi-UX,0.0028310434597531,"['Equivalence_Line_1: SMSEMOA-random_dense-HUX to AGEMOEA2-greedy_multi-HUX', 'Equivalence_Line_2: SMSEMOA-random_dense-UX to SMSEMOA-random_dense-2P', 'Equivalence_Line_3: SMSEMOA-greedy_multi-1P to SPEA2-greedy_multi-2P', 'Equivalence_Line_4: SMSEMOA-greedy_multi-2P to SMSEMOA-greedy_ting-HUX', 'Equivalence_Line_5: SMSEMOA-greedy_multi-HUX to SPEA2-greedy_multi-1P', 'Equivalence_Line_6: SMSEMOA-greedy_multi-UX to SMSEMOA-greedy_ting-UX', 'Equivalence_Line_7: NSGA3-greedy_multi-1P to AGEMOEA2-random_dense-UX', 'Equivalence_Line_8: UNSGA3-greedy_multi-2P to AGEMOEA2-random_dense-HUX', 'Equivalence_Line_9: NSGA3-greedy_multi-HUX to SMSEMOA-random_dense-1P', 'Equivalence_Line_10: UNSGA3-greedy_multi-UX to SPEA2-greedy_multi-UX', 'Equivalence_Line_11: UNSGA3-greedy_multi-HUX to SPEA2-greedy_multi-HUX', 'Equivalence_Line_12: NSGA3-greedy_multi-UX to NSGA2-greedy_ting-UX', 'Equivalence_Line_13: UNSGA3-greedy_multi-1P to NSGA2-greedy_ting-HUX', 'Equivalence_Line_14: NSGA2-greedy_multi-1P to UNSGA3-greedy_ting-HUX', 'Equivalence_Line_15: NSGA3-greedy_multi-2P to NSGA3-greedy_ting-UX', 'Equivalence_Line_16: NSGA2-greedy_multi-2P to NSGA3-greedy_ting-HUX', 'Equivalence_Line_17: NSGA3-random_dense-UX to SPEA2-random_dense-UX', 'Equivalence_Line_18: AGEMOEA2-greedy_multi-1P to NSGA2-random_dense-UX', 'Equivalence_Line_19: UNSGA3-random_dense-HUX to UNSGA3-greedy_ting-UX', 'Equivalence_Line_20: UNSGA3-random_dense-UX to SPEA2-random_dense-HUX', 'Equivalence_Line_21: NSGA3-random_dense-HUX to NSGA3-random_dense-2P', 'Equivalence_Line_22: AGEMOEA2-greedy_multi-2P to AGEMOEA2-random_dense-2P', 'Equivalence_Line_23: NSGA2-greedy_multi-HUX to NSGA2-random_dense-HUX', 'Equivalence_Line_24: NSGA2-greedy_multi-UX to UNSGA3-random_dense-2P', 'Equivalence_Line_25: AGEMOEA2-greedy_multi-UX to AGEMOEA2-random_dense-1P', 'Equivalence_Line_26: AGEMOEA2-greedy_multi-HUX to RVEA-greedy_multi-1P', 'Equivalence_Line_27: SMSEMOA-random_dense-2P to UNSGA3-random_dense-1P', 'Equivalence_Line_28: SPEA2-greedy_multi-2P to SPEA2-random_dense-2P', 'Equivalence_Line_29: SMSEMOA-greedy_ting-HUX to RVEA-greedy_multi-2P', 'Equivalence_Line_30: SPEA2-greedy_multi-1P to NSGA3-random_dense-1P', 'Equivalence_Line_31: SMSEMOA-greedy_ting-UX to SPEA2-greedy_ting-UX', 'Equivalence_Line_32: AGEMOEA2-random_dense-UX to SPEA2-greedy_ting-HUX', 'Equivalence_Line_33: AGEMOEA2-random_dense-HUX to SPEA2-random_dense-1P', 'Equivalence_Line_34: SMSEMOA-random_dense-1P to AGEMOEA2-greedy_ting-UX', 'Equivalence_Line_35: SPEA2-greedy_multi-UX to AGEMOEA2-greedy_ting-HUX', 'Equivalence_Line_36: SPEA2-greedy_multi-HUX to SMSEMOA-greedy_ting-2P', 'Equivalence_Line_37: NSGA2-greedy_ting-UX to RVEA-greedy_multi-UX', 'Equivalence_Line_38: NSGA2-greedy_ting-HUX to RVEA-greedy_multi-HUX', 'Equivalence_Line_39: UNSGA3-greedy_ting-HUX to SMSEMOA-greedy_ting-1P', 'Equivalence_Line_40: NSGA3-greedy_ting-UX to NSGA2-random_dense-2P', 'Equivalence_Line_41: NSGA3-greedy_ting-HUX to NSGA2-random_dense-1P', 'Equivalence_Line_42: SPEA2-random_dense-UX to RVEA-random_dense-HUX', 'Equivalence_Line_43: NSGA2-random_dense-UX to RVEA-random_dense-UX', 'Equivalence_Line_44: UNSGA3-greedy_ting-UX to UNSGA3-greedy_ting-2P', 'Equivalence_Line_45: SPEA2-random_dense-HUX to SPEA2-greedy_ting-1P', 'Equivalence_Line_46: NSGA3-random_dense-2P to RVEA-random_dense-2P', 'Equivalence_Line_47: AGEMOEA2-random_dense-2P to NSGA3-greedy_ting-2P', 'Equivalence_Line_48: NSGA2-random_dense-HUX to NSGA2-greedy_ting-2P', 'Equivalence_Line_49: UNSGA3-random_dense-2P to SPEA2-greedy_ting-2P', 'Equivalence_Line_50: AGEMOEA2-random_dense-1P to RVEA-random_dense-1P', 'Equivalence_Line_51: RVEA-greedy_multi-1P to UNSGA3-greedy_ting-1P', 'Equivalence_Line_52: UNSGA3-random_dense-1P to AGEMOEA2-greedy_ting-2P', 'Equivalence_Line_53: SPEA2-random_dense-2P to NSGA3-greedy_ting-1P', 'Equivalence_Line_54: RVEA-greedy_multi-2P to NSGA2-greedy_ting-1P', 'Equivalence_Line_55: NSGA3-random_dense-1P to RVEA-greedy_ting-HUX', 'Equivalence_Line_56: SPEA2-greedy_ting-UX to RVEA-greedy_ting-UX', 'Equivalence_Line_57: SPEA2-greedy_ting-HUX to AGEMOEA2-greedy_ting-1P', 'Equivalence_Line_58: SPEA2-random_dense-1P to RVEA-greedy_ting-2P', 'Equivalence_Line_59: AGEMOEA2-greedy_ting-UX to RVEA-greedy_ting-1P']"
UNSGA3-greedy_multi-HUX,0.0028981684292473,"['Equivalence_Line_1: SMSEMOA-random_dense-HUX to AGEMOEA2-greedy_multi-HUX', 'Equivalence_Line_2: SMSEMOA-random_dense-UX to SMSEMOA-random_dense-2P', 'Equivalence_Line_3: SMSEMOA-greedy_multi-1P to SPEA2-greedy_multi-2P', 'Equivalence_Line_4: SMSEMOA-greedy_multi-2P to SMSEMOA-greedy_ting-HUX', 'Equivalence_Line_5: SMSEMOA-greedy_multi-HUX to SPEA2-greedy_multi-1P', 'Equivalence_Line_6: SMSEMOA-greedy_multi-UX to SMSEMOA-greedy_ting-UX', 'Equivalence_Line_7: NSGA3-greedy_multi-1P to AGEMOEA2-random_dense-UX', 'Equivalence_Line_8: UNSGA3-greedy_multi-2P to AGEMOEA2-random_dense-HUX', 'Equivalence_Line_9: NSGA3-greedy_multi-HUX to SMSEMOA-random_dense-1P', 'Equivalence_Line_10: UNSGA3-greedy_multi-UX to SPEA2-greedy_multi-UX', 'Equivalence_Line_11: UNSGA3-greedy_multi-HUX to SPEA2-greedy_multi-HUX', 'Equivalence_Line_12: NSGA3-greedy_multi-UX to NSGA2-greedy_ting-UX', 'Equivalence_Line_13: UNSGA3-greedy_multi-1P to NSGA2-greedy_ting-HUX', 'Equivalence_Line_14: NSGA2-greedy_multi-1P to UNSGA3-greedy_ting-HUX', 'Equivalence_Line_15: NSGA3-greedy_multi-2P to NSGA3-greedy_ting-UX', 'Equivalence_Line_16: NSGA2-greedy_multi-2P to NSGA3-greedy_ting-HUX', 'Equivalence_Line_17: NSGA3-random_dense-UX to SPEA2-random_dense-UX', 'Equivalence_Line_18: AGEMOEA2-greedy_multi-1P to NSGA2-random_dense-UX', 'Equivalence_Line_19: UNSGA3-random_dense-HUX to UNSGA3-greedy_ting-UX', 'Equivalence_Line_20: UNSGA3-random_dense-UX to SPEA2-random_dense-HUX', 'Equivalence_Line_21: NSGA3-random_dense-HUX to NSGA3-random_dense-2P', 'Equivalence_Line_22: AGEMOEA2-greedy_multi-2P to AGEMOEA2-random_dense-2P', 'Equivalence_Line_23: NSGA2-greedy_multi-HUX to NSGA2-random_dense-HUX', 'Equivalence_Line_24: NSGA2-greedy_multi-UX to UNSGA3-random_dense-2P', 'Equivalence_Line_25: AGEMOEA2-greedy_multi-UX to AGEMOEA2-random_dense-1P', 'Equivalence_Line_26: AGEMOEA2-greedy_multi-HUX to RVEA-greedy_multi-1P', 'Equivalence_Line_27: SMSEMOA-random_dense-2P to UNSGA3-random_dense-1P', 'Equivalence_Line_28: SPEA2-greedy_multi-2P to SPEA2-random_dense-2P', 'Equivalence_Line_29: SMSEMOA-greedy_ting-HUX to RVEA-greedy_multi-2P', 'Equivalence_Line_30: SPEA2-greedy_multi-1P to NSGA3-random_dense-1P', 'Equivalence_Line_31: SMSEMOA-greedy_ting-UX to SPEA2-greedy_ting-UX', 'Equivalence_Line_32: AGEMOEA2-random_dense-UX to SPEA2-greedy_ting-HUX', 'Equivalence_Line_33: AGEMOEA2-random_dense-HUX to SPEA2-random_dense-1P', 'Equivalence_Line_34: SMSEMOA-random_dense-1P to AGEMOEA2-greedy_ting-UX', 'Equivalence_Line_35: SPEA2-greedy_multi-UX to AGEMOEA2-greedy_ting-HUX', 'Equivalence_Line_36: SPEA2-greedy_multi-HUX to SMSEMOA-greedy_ting-2P', 'Equivalence_Line_37: NSGA2-greedy_ting-UX to RVEA-greedy_multi-UX', 'Equivalence_Line_38: NSGA2-greedy_ting-HUX to RVEA-greedy_multi-HUX', 'Equivalence_Line_39: UNSGA3-greedy_ting-HUX to SMSEMOA-greedy_ting-1P', 'Equivalence_Line_40: NSGA3-greedy_ting-UX to NSGA2-random_dense-2P', 'Equivalence_Line_41: NSGA3-greedy_ting-HUX to NSGA2-random_dense-1P', 'Equivalence_Line_42: SPEA2-random_dense-UX to RVEA-random_dense-HUX', 'Equivalence_Line_43: NSGA2-random_dense-UX to RVEA-random_dense-UX', 'Equivalence_Line_44: UNSGA3-greedy_ting-UX to UNSGA3-greedy_ting-2P', 'Equivalence_Line_45: SPEA2-random_dense-HUX to SPEA2-greedy_ting-1P', 'Equivalence_Line_46: NSGA3-random_dense-2P to RVEA-random_dense-2P', 'Equivalence_Line_47: AGEMOEA2-random_dense-2P to NSGA3-greedy_ting-2P', 'Equivalence_Line_48: NSGA2-random_dense-HUX to NSGA2-greedy_ting-2P', 'Equivalence_Line_49: UNSGA3-random_dense-2P to SPEA2-greedy_ting-2P', 'Equivalence_Line_50: AGEMOEA2-random_dense-1P to RVEA-random_dense-1P', 'Equivalence_Line_51: RVEA-greedy_multi-1P to UNSGA3-greedy_ting-1P', 'Equivalence_Line_52: UNSGA3-random_dense-1P to AGEMOEA2-greedy_ting-2P', 'Equivalence_Line_53: SPEA2-random_dense-2P to NSGA3-greedy_ting-1P', 'Equivalence_Line_54: RVEA-greedy_multi-2P to NSGA2-greedy_ting-1P', 'Equivalence_Line_55: NSGA3-random_dense-1P to RVEA-greedy_ting-HUX', 'Equivalence_Line_56: SPEA2-greedy_ting-UX to RVEA-greedy_ting-UX', 'Equivalence_Line_57: SPEA2-greedy_ting-HUX to AGEMOEA2-greedy_ting-1P', 'Equivalence_Line_58: SPEA2-random_dense-1P to RVEA-greedy_ting-2P', 'Equivalence_Line_59: AGEMOEA2-greedy_ting-UX to RVEA-greedy_ting-1P']"
NSGA3-greedy_multi-UX,0.0029659654336566,"['Equivalence_Line_1: SMSEMOA-random_dense-HUX to AGEMOEA2-greedy_multi-HUX', 'Equivalence_Line_2: SMSEMOA-random_dense-UX to SMSEMOA-random_dense-2P', 'Equivalence_Line_3: SMSEMOA-greedy_multi-1P to SPEA2-greedy_multi-2P', 'Equivalence_Line_4: SMSEMOA-greedy_multi-2P to SMSEMOA-greedy_ting-HUX', 'Equivalence_Line_5: SMSEMOA-greedy_multi-HUX to SPEA2-greedy_multi-1P', 'Equivalence_Line_6: SMSEMOA-greedy_multi-UX to SMSEMOA-greedy_ting-UX', 'Equivalence_Line_7: NSGA3-greedy_multi-1P to AGEMOEA2-random_dense-UX', 'Equivalence_Line_8: UNSGA3-greedy_multi-2P to AGEMOEA2-random_dense-HUX', 'Equivalence_Line_9: NSGA3-greedy_multi-HUX to SMSEMOA-random_dense-1P', 'Equivalence_Line_10: UNSGA3-greedy_multi-UX to SPEA2-greedy_multi-UX', 'Equivalence_Line_11: UNSGA3-greedy_multi-HUX to SPEA2-greedy_multi-HUX', 'Equivalence_Line_12: NSGA3-greedy_multi-UX to NSGA2-greedy_ting-UX', 'Equivalence_Line_13: UNSGA3-greedy_multi-1P to NSGA2-greedy_ting-HUX', 'Equivalence_Line_14: NSGA2-greedy_multi-1P to UNSGA3-greedy_ting-HUX', 'Equivalence_Line_15: NSGA3-greedy_multi-2P to NSGA3-greedy_ting-UX', 'Equivalence_Line_16: NSGA2-greedy_multi-2P to NSGA3-greedy_ting-HUX', 'Equivalence_Line_17: NSGA3-random_dense-UX to SPEA2-random_dense-UX', 'Equivalence_Line_18: AGEMOEA2-greedy_multi-1P to NSGA2-random_dense-UX', 'Equivalence_Line_19: UNSGA3-random_dense-HUX to UNSGA3-greedy_ting-UX', 'Equivalence_Line_20: UNSGA3-random_dense-UX to SPEA2-random_dense-HUX', 'Equivalence_Line_21: NSGA3-random_dense-HUX to NSGA3-random_dense-2P', 'Equivalence_Line_22: AGEMOEA2-greedy_multi-2P to AGEMOEA2-random_dense-2P', 'Equivalence_Line_23: NSGA2-greedy_multi-HUX to NSGA2-random_dense-HUX', 'Equivalence_Line_24: NSGA2-greedy_multi-UX to UNSGA3-random_dense-2P', 'Equivalence_Line_25: AGEMOEA2-greedy_multi-UX to AGEMOEA2-random_dense-1P', 'Equivalence_Line_26: AGEMOEA2-greedy_multi-HUX to RVEA-greedy_multi-1P', 'Equivalence_Line_27: SMSEMOA-random_dense-2P to UNSGA3-random_dense-1P', 'Equivalence_Line_28: SPEA2-greedy_multi-2P to SPEA2-random_dense-2P', 'Equivalence_Line_29: SMSEMOA-greedy_ting-HUX to RVEA-greedy_multi-2P', 'Equivalence_Line_30: SPEA2-greedy_multi-1P to NSGA3-random_dense-1P', 'Equivalence_Line_31: SMSEMOA-greedy_ting-UX to SPEA2-greedy_ting-UX', 'Equivalence_Line_32: AGEMOEA2-random_dense-UX to SPEA2-greedy_ting-HUX', 'Equivalence_Line_33: AGEMOEA2-random_dense-HUX to SPEA2-random_dense-1P', 'Equivalence_Line_34: SMSEMOA-random_dense-1P to AGEMOEA2-greedy_ting-UX', 'Equivalence_Line_35: SPEA2-greedy_multi-UX to AGEMOEA2-greedy_ting-HUX', 'Equivalence_Line_36: SPEA2-greedy_multi-HUX to SMSEMOA-greedy_ting-2P', 'Equivalence_Line_37: NSGA2-greedy_ting-UX to RVEA-greedy_multi-UX', 'Equivalence_Line_38: NSGA2-greedy_ting-HUX to RVEA-greedy_multi-HUX', 'Equivalence_Line_39: UNSGA3-greedy_ting-HUX to SMSEMOA-greedy_ting-1P', 'Equivalence_Line_40: NSGA3-greedy_ting-UX to NSGA2-random_dense-2P', 'Equivalence_Line_41: NSGA3-greedy_ting-HUX to NSGA2-random_dense-1P', 'Equivalence_Line_42: SPEA2-random_dense-UX to RVEA-random_dense-HUX', 'Equivalence_Line_43: NSGA2-random_dense-UX to RVEA-random_dense-UX', 'Equivalence_Line_44: UNSGA3-greedy_ting-UX to UNSGA3-greedy_ting-2P', 'Equivalence_Line_45: SPEA2-random_dense-HUX to SPEA2-greedy_ting-1P', 'Equivalence_Line_46: NSGA3-random_dense-2P to RVEA-random_dense-2P', 'Equivalence_Line_47: AGEMOEA2-random_dense-2P to NSGA3-greedy_ting-2P', 'Equivalence_Line_48: NSGA2-random_dense-HUX to NSGA2-greedy_ting-2P', 'Equivalence_Line_49: UNSGA3-random_dense-2P to SPEA2-greedy_ting-2P', 'Equivalence_Line_50: AGEMOEA2-random_dense-1P to RVEA-random_dense-1P', 'Equivalence_Line_51: RVEA-greedy_multi-1P to UNSGA3-greedy_ting-1P', 'Equivalence_Line_52: UNSGA3-random_dense-1P to AGEMOEA2-greedy_ting-2P', 'Equivalence_Line_53: SPEA2-random_dense-2P to NSGA3-greedy_ting-1P', 'Equivalence_Line_54: RVEA-greedy_multi-2P to NSGA2-greedy_ting-1P', 'Equivalence_Line_55: NSGA3-random_dense-1P to RVEA-greedy_ting-HUX', 'Equivalence_Line_56: SPEA2-greedy_ting-UX to RVEA-greedy_ting-UX', 'Equivalence_Line_57: SPEA2-greedy_ting-HUX to AGEMOEA2-greedy_ting-1P', 'Equivalence_Line_58: SPEA2-random_dense-1P to RVEA-greedy_ting-2P', 'Equivalence_Line_59: AGEMOEA2-greedy_ting-UX to RVEA-greedy_ting-1P']"
UNSGA3-greedy_multi-1P,0.0029881457600604,"['Equivalence_Line_1: SMSEMOA-random_dense-HUX to AGEMOEA2-greedy_multi-HUX', 'Equivalence_Line_2: SMSEMOA-random_dense-UX to SMSEMOA-random_dense-2P', 'Equivalence_Line_3: SMSEMOA-greedy_multi-1P to SPEA2-greedy_multi-2P', 'Equivalence_Line_4: SMSEMOA-greedy_multi-2P to SMSEMOA-greedy_ting-HUX', 'Equivalence_Line_5: SMSEMOA-greedy_multi-HUX to SPEA2-greedy_multi-1P', 'Equivalence_Line_6: SMSEMOA-greedy_multi-UX to SMSEMOA-greedy_ting-UX', 'Equivalence_Line_7: NSGA3-greedy_multi-1P to AGEMOEA2-random_dense-UX', 'Equivalence_Line_8: UNSGA3-greedy_multi-2P to AGEMOEA2-random_dense-HUX', 'Equivalence_Line_9: NSGA3-greedy_multi-HUX to SMSEMOA-random_dense-1P', 'Equivalence_Line_10: UNSGA3-greedy_multi-UX to SPEA2-greedy_multi-UX', 'Equivalence_Line_11: UNSGA3-greedy_multi-HUX to SPEA2-greedy_multi-HUX', 'Equivalence_Line_12: NSGA3-greedy_multi-UX to NSGA2-greedy_ting-UX', 'Equivalence_Line_13: UNSGA3-greedy_multi-1P to NSGA2-greedy_ting-HUX', 'Equivalence_Line_14: NSGA2-greedy_multi-1P to UNSGA3-greedy_ting-HUX', 'Equivalence_Line_15: NSGA3-greedy_multi-2P to NSGA3-greedy_ting-UX', 'Equivalence_Line_16: NSGA2-greedy_multi-2P to NSGA3-greedy_ting-HUX', 'Equivalence_Line_17: NSGA3-random_dense-UX to SPEA2-random_dense-UX', 'Equivalence_Line_18: AGEMOEA2-greedy_multi-1P to NSGA2-random_dense-UX', 'Equivalence_Line_19: UNSGA3-random_dense-HUX to UNSGA3-greedy_ting-UX', 'Equivalence_Line_20: UNSGA3-random_dense-UX to SPEA2-random_dense-HUX', 'Equivalence_Line_21: NSGA3-random_dense-HUX to NSGA3-random_dense-2P', 'Equivalence_Line_22: AGEMOEA2-greedy_multi-2P to AGEMOEA2-random_dense-2P', 'Equivalence_Line_23: NSGA2-greedy_multi-HUX to NSGA2-random_dense-HUX', 'Equivalence_Line_24: NSGA2-greedy_multi-UX to UNSGA3-random_dense-2P', 'Equivalence_Line_25: AGEMOEA2-greedy_multi-UX to AGEMOEA2-random_dense-1P', 'Equivalence_Line_26: AGEMOEA2-greedy_multi-HUX to RVEA-greedy_multi-1P', 'Equivalence_Line_27: SMSEMOA-random_dense-2P to UNSGA3-random_dense-1P', 'Equivalence_Line_28: SPEA2-greedy_multi-2P to SPEA2-random_dense-2P', 'Equivalence_Line_29: SMSEMOA-greedy_ting-HUX to RVEA-greedy_multi-2P', 'Equivalence_Line_30: SPEA2-greedy_multi-1P to NSGA3-random_dense-1P', 'Equivalence_Line_31: SMSEMOA-greedy_ting-UX to SPEA2-greedy_ting-UX', 'Equivalence_Line_32: AGEMOEA2-random_dense-UX to SPEA2-greedy_ting-HUX', 'Equivalence_Line_33: AGEMOEA2-random_dense-HUX to SPEA2-random_dense-1P', 'Equivalence_Line_34: SMSEMOA-random_dense-1P to AGEMOEA2-greedy_ting-UX', 'Equivalence_Line_35: SPEA2-greedy_multi-UX to AGEMOEA2-greedy_ting-HUX', 'Equivalence_Line_36: SPEA2-greedy_multi-HUX to SMSEMOA-greedy_ting-2P', 'Equivalence_Line_37: NSGA2-greedy_ting-UX to RVEA-greedy_multi-UX', 'Equivalence_Line_38: NSGA2-greedy_ting-HUX to RVEA-greedy_multi-HUX', 'Equivalence_Line_39: UNSGA3-greedy_ting-HUX to SMSEMOA-greedy_ting-1P', 'Equivalence_Line_40: NSGA3-greedy_ting-UX to NSGA2-random_dense-2P', 'Equivalence_Line_41: NSGA3-greedy_ting-HUX to NSGA2-random_dense-1P', 'Equivalence_Line_42: SPEA2-random_dense-UX to RVEA-random_dense-HUX', 'Equivalence_Line_43: NSGA2-random_dense-UX to RVEA-random_dense-UX', 'Equivalence_Line_44: UNSGA3-greedy_ting-UX to UNSGA3-greedy_ting-2P', 'Equivalence_Line_45: SPEA2-random_dense-HUX to SPEA2-greedy_ting-1P', 'Equivalence_Line_46: NSGA3-random_dense-2P to RVEA-random_dense-2P', 'Equivalence_Line_47: AGEMOEA2-random_dense-2P to NSGA3-greedy_ting-2P', 'Equivalence_Line_48: NSGA2-random_dense-HUX to NSGA2-greedy_ting-2P', 'Equivalence_Line_49: UNSGA3-random_dense-2P to SPEA2-greedy_ting-2P', 'Equivalence_Line_50: AGEMOEA2-random_dense-1P to RVEA-random_dense-1P', 'Equivalence_Line_51: RVEA-greedy_multi-1P to UNSGA3-greedy_ting-1P', 'Equivalence_Line_52: UNSGA3-random_dense-1P to AGEMOEA2-greedy_ting-2P', 'Equivalence_Line_53: SPEA2-random_dense-2P to NSGA3-greedy_ting-1P', 'Equivalence_Line_54: RVEA-greedy_multi-2P to NSGA2-greedy_ting-1P', 'Equivalence_Line_55: NSGA3-random_dense-1P to RVEA-greedy_ting-HUX', 'Equivalence_Line_56: SPEA2-greedy_ting-UX to RVEA-greedy_ting-UX', 'Equivalence_Line_57: SPEA2-greedy_ting-HUX to AGEMOEA2-greedy_ting-1P', 'Equivalence_Line_58: SPEA2-random_dense-1P to RVEA-greedy_ting-2P', 'Equivalence_Line_59: AGEMOEA2-greedy_ting-UX to RVEA-greedy_ting-1P']"
NSGA2-greedy_multi-1P,0.0029947912670864,"['Equivalence_Line_1: SMSEMOA-random_dense-HUX to AGEMOEA2-greedy_multi-HUX', 'Equivalence_Line_2: SMSEMOA-random_dense-UX to SMSEMOA-random_dense-2P', 'Equivalence_Line_3: SMSEMOA-greedy_multi-1P to SPEA2-greedy_multi-2P', 'Equivalence_Line_4: SMSEMOA-greedy_multi-2P to SMSEMOA-greedy_ting-HUX', 'Equivalence_Line_5: SMSEMOA-greedy_multi-HUX to SPEA2-greedy_multi-1P', 'Equivalence_Line_6: SMSEMOA-greedy_multi-UX to SMSEMOA-greedy_ting-UX', 'Equivalence_Line_7: NSGA3-greedy_multi-1P to AGEMOEA2-random_dense-UX', 'Equivalence_Line_8: UNSGA3-greedy_multi-2P to AGEMOEA2-random_dense-HUX', 'Equivalence_Line_9: NSGA3-greedy_multi-HUX to SMSEMOA-random_dense-1P', 'Equivalence_Line_10: UNSGA3-greedy_multi-UX to SPEA2-greedy_multi-UX', 'Equivalence_Line_11: UNSGA3-greedy_multi-HUX to SPEA2-greedy_multi-HUX', 'Equivalence_Line_12: NSGA3-greedy_multi-UX to NSGA2-greedy_ting-UX', 'Equivalence_Line_13: UNSGA3-greedy_multi-1P to NSGA2-greedy_ting-HUX', 'Equivalence_Line_14: NSGA2-greedy_multi-1P to UNSGA3-greedy_ting-HUX', 'Equivalence_Line_15: NSGA3-greedy_multi-2P to NSGA3-greedy_ting-UX', 'Equivalence_Line_16: NSGA2-greedy_multi-2P to NSGA3-greedy_ting-HUX', 'Equivalence_Line_17: NSGA3-random_dense-UX to SPEA2-random_dense-UX', 'Equivalence_Line_18: AGEMOEA2-greedy_multi-1P to NSGA2-random_dense-UX', 'Equivalence_Line_19: UNSGA3-random_dense-HUX to UNSGA3-greedy_ting-UX', 'Equivalence_Line_20: UNSGA3-random_dense-UX to SPEA2-random_dense-HUX', 'Equivalence_Line_21: NSGA3-random_dense-HUX to NSGA3-random_dense-2P', 'Equivalence_Line_22: AGEMOEA2-greedy_multi-2P to AGEMOEA2-random_dense-2P', 'Equivalence_Line_23: NSGA2-greedy_multi-HUX to NSGA2-random_dense-HUX', 'Equivalence_Line_24: NSGA2-greedy_multi-UX to UNSGA3-random_dense-2P', 'Equivalence_Line_25: AGEMOEA2-greedy_multi-UX to AGEMOEA2-random_dense-1P', 'Equivalence_Line_26: AGEMOEA2-greedy_multi-HUX to RVEA-greedy_multi-1P', 'Equivalence_Line_27: SMSEMOA-random_dense-2P to UNSGA3-random_dense-1P', 'Equivalence_Line_28: SPEA2-greedy_multi-2P to SPEA2-random_dense-2P', 'Equivalence_Line_29: SMSEMOA-greedy_ting-HUX to RVEA-greedy_multi-2P', 'Equivalence_Line_30: SPEA2-greedy_multi-1P to NSGA3-random_dense-1P', 'Equivalence_Line_31: SMSEMOA-greedy_ting-UX to SPEA2-greedy_ting-UX', 'Equivalence_Line_32: AGEMOEA2-random_dense-UX to SPEA2-greedy_ting-HUX', 'Equivalence_Line_33: AGEMOEA2-random_dense-HUX to SPEA2-random_dense-1P', 'Equivalence_Line_34: SMSEMOA-random_dense-1P to AGEMOEA2-greedy_ting-UX', 'Equivalence_Line_35: SPEA2-greedy_multi-UX to AGEMOEA2-greedy_ting-HUX', 'Equivalence_Line_36: SPEA2-greedy_multi-HUX to SMSEMOA-greedy_ting-2P', 'Equivalence_Line_37: NSGA2-greedy_ting-UX to RVEA-greedy_multi-UX', 'Equivalence_Line_38: NSGA2-greedy_ting-HUX to RVEA-greedy_multi-HUX', 'Equivalence_Line_39: UNSGA3-greedy_ting-HUX to SMSEMOA-greedy_ting-1P', 'Equivalence_Line_40: NSGA3-greedy_ting-UX to NSGA2-random_dense-2P', 'Equivalence_Line_41: NSGA3-greedy_ting-HUX to NSGA2-random_dense-1P', 'Equivalence_Line_42: SPEA2-random_dense-UX to RVEA-random_dense-HUX', 'Equivalence_Line_43: NSGA2-random_dense-UX to RVEA-random_dense-UX', 'Equivalence_Line_44: UNSGA3-greedy_ting-UX to UNSGA3-greedy_ting-2P', 'Equivalence_Line_45: SPEA2-random_dense-HUX to SPEA2-greedy_ting-1P', 'Equivalence_Line_46: NSGA3-random_dense-2P to RVEA-random_dense-2P', 'Equivalence_Line_47: AGEMOEA2-random_dense-2P to NSGA3-greedy_ting-2P', 'Equivalence_Line_48: NSGA2-random_dense-HUX to NSGA2-greedy_ting-2P', 'Equivalence_Line_49: UNSGA3-random_dense-2P to SPEA2-greedy_ting-2P', 'Equivalence_Line_50: AGEMOEA2-random_dense-1P to RVEA-random_dense-1P', 'Equivalence_Line_51: RVEA-greedy_multi-1P to UNSGA3-greedy_ting-1P', 'Equivalence_Line_52: UNSGA3-random_dense-1P to AGEMOEA2-greedy_ting-2P', 'Equivalence_Line_53: SPEA2-random_dense-2P to NSGA3-greedy_ting-1P', 'Equivalence_Line_54: RVEA-greedy_multi-2P to NSGA2-greedy_ting-1P', 'Equivalence_Line_55: NSGA3-random_dense-1P to RVEA-greedy_ting-HUX', 'Equivalence_Line_56: SPEA2-greedy_ting-UX to RVEA-greedy_ting-UX', 'Equivalence_Line_57: SPEA2-greedy_ting-HUX to AGEMOEA2-greedy_ting-1P', 'Equivalence_Line_58: SPEA2-random_dense-1P to RVEA-greedy_ting-2P', 'Equivalence_Line_59: AGEMOEA2-greedy_ting-UX to RVEA-greedy_ting-1P']"
NSGA3-greedy_multi-2P,0.0030495910960386,"['Equivalence_Line_1: SMSEMOA-random_dense-HUX to AGEMOEA2-greedy_multi-HUX', 'Equivalence_Line_2: SMSEMOA-random_dense-UX to SMSEMOA-random_dense-2P', 'Equivalence_Line_3: SMSEMOA-greedy_multi-1P to SPEA2-greedy_multi-2P', 'Equivalence_Line_4: SMSEMOA-greedy_multi-2P to SMSEMOA-greedy_ting-HUX', 'Equivalence_Line_5: SMSEMOA-greedy_multi-HUX to SPEA2-greedy_multi-1P', 'Equivalence_Line_6: SMSEMOA-greedy_multi-UX to SMSEMOA-greedy_ting-UX', 'Equivalence_Line_7: NSGA3-greedy_multi-1P to AGEMOEA2-random_dense-UX', 'Equivalence_Line_8: UNSGA3-greedy_multi-2P to AGEMOEA2-random_dense-HUX', 'Equivalence_Line_9: NSGA3-greedy_multi-HUX to SMSEMOA-random_dense-1P', 'Equivalence_Line_10: UNSGA3-greedy_multi-UX to SPEA2-greedy_multi-UX', 'Equivalence_Line_11: UNSGA3-greedy_multi-HUX to SPEA2-greedy_multi-HUX', 'Equivalence_Line_12: NSGA3-greedy_multi-UX to NSGA2-greedy_ting-UX', 'Equivalence_Line_13: UNSGA3-greedy_multi-1P to NSGA2-greedy_ting-HUX', 'Equivalence_Line_14: NSGA2-greedy_multi-1P to UNSGA3-greedy_ting-HUX', 'Equivalence_Line_15: NSGA3-greedy_multi-2P to NSGA3-greedy_ting-UX', 'Equivalence_Line_16: NSGA2-greedy_multi-2P to NSGA3-greedy_ting-HUX', 'Equivalence_Line_17: NSGA3-random_dense-UX to SPEA2-random_dense-UX', 'Equivalence_Line_18: AGEMOEA2-greedy_multi-1P to NSGA2-random_dense-UX', 'Equivalence_Line_19: UNSGA3-random_dense-HUX to UNSGA3-greedy_ting-UX', 'Equivalence_Line_20: UNSGA3-random_dense-UX to SPEA2-random_dense-HUX', 'Equivalence_Line_21: NSGA3-random_dense-HUX to NSGA3-random_dense-2P', 'Equivalence_Line_22: AGEMOEA2-greedy_multi-2P to AGEMOEA2-random_dense-2P', 'Equivalence_Line_23: NSGA2-greedy_multi-HUX to NSGA2-random_dense-HUX', 'Equivalence_Line_24: NSGA2-greedy_multi-UX to UNSGA3-random_dense-2P', 'Equivalence_Line_25: AGEMOEA2-greedy_multi-UX to AGEMOEA2-random_dense-1P', 'Equivalence_Line_26: AGEMOEA2-greedy_multi-HUX to RVEA-greedy_multi-1P', 'Equivalence_Line_27: SMSEMOA-random_dense-2P to UNSGA3-random_dense-1P', 'Equivalence_Line_28: SPEA2-greedy_multi-2P to SPEA2-random_dense-2P', 'Equivalence_Line_29: SMSEMOA-greedy_ting-HUX to RVEA-greedy_multi-2P', 'Equivalence_Line_30: SPEA2-greedy_multi-1P to NSGA3-random_dense-1P', 'Equivalence_Line_31: SMSEMOA-greedy_ting-UX to SPEA2-greedy_ting-UX', 'Equivalence_Line_32: AGEMOEA2-random_dense-UX to SPEA2-greedy_ting-HUX', 'Equivalence_Line_33: AGEMOEA2-random_dense-HUX to SPEA2-random_dense-1P', 'Equivalence_Line_34: SMSEMOA-random_dense-1P to AGEMOEA2-greedy_ting-UX', 'Equivalence_Line_35: SPEA2-greedy_multi-UX to AGEMOEA2-greedy_ting-HUX', 'Equivalence_Line_36: SPEA2-greedy_multi-HUX to SMSEMOA-greedy_ting-2P', 'Equivalence_Line_37: NSGA2-greedy_ting-UX to RVEA-greedy_multi-UX', 'Equivalence_Line_38: NSGA2-greedy_ting-HUX to RVEA-greedy_multi-HUX', 'Equivalence_Line_39: UNSGA3-greedy_ting-HUX to SMSEMOA-greedy_ting-1P', 'Equivalence_Line_40: NSGA3-greedy_ting-UX to NSGA2-random_dense-2P', 'Equivalence_Line_41: NSGA3-greedy_ting-HUX to NSGA2-random_dense-1P', 'Equivalence_Line_42: SPEA2-random_dense-UX to RVEA-random_dense-HUX', 'Equivalence_Line_43: NSGA2-random_dense-UX to RVEA-random_dense-UX', 'Equivalence_Line_44: UNSGA3-greedy_ting-UX to UNSGA3-greedy_ting-2P', 'Equivalence_Line_45: SPEA2-random_dense-HUX to SPEA2-greedy_ting-1P', 'Equivalence_Line_46: NSGA3-random_dense-2P to RVEA-random_dense-2P', 'Equivalence_Line_47: AGEMOEA2-random_dense-2P to NSGA3-greedy_ting-2P', 'Equivalence_Line_48: NSGA2-random_dense-HUX to NSGA2-greedy_ting-2P', 'Equivalence_Line_49: UNSGA3-random_dense-2P to SPEA2-greedy_ting-2P', 'Equivalence_Line_50: AGEMOEA2-random_dense-1P to RVEA-random_dense-1P', 'Equivalence_Line_51: RVEA-greedy_multi-1P to UNSGA3-greedy_ting-1P', 'Equivalence_Line_52: UNSGA3-random_dense-1P to AGEMOEA2-greedy_ting-2P', 'Equivalence_Line_53: SPEA2-random_dense-2P to NSGA3-greedy_ting-1P', 'Equivalence_Line_54: RVEA-greedy_multi-2P to NSGA2-greedy_ting-1P', 'Equivalence_Line_55: NSGA3-random_dense-1P to RVEA-greedy_ting-HUX', 'Equivalence_Line_56: SPEA2-greedy_ting-UX to RVEA-greedy_ting-UX', 'Equivalence_Line_57: SPEA2-greedy_ting-HUX to AGEMOEA2-greedy_ting-1P', 'Equivalence_Line_58: SPEA2-random_dense-1P to RVEA-greedy_ting-2P', 'Equivalence_Line_59: AGEMOEA2-greedy_ting-UX to RVEA-greedy_ting-1P']"
NSGA2-greedy_multi-2P,0.0032813304747541998,"['Equivalence_Line_1: SMSEMOA-random_dense-HUX to AGEMOEA2-greedy_multi-HUX', 'Equivalence_Line_2: SMSEMOA-random_dense-UX to SMSEMOA-random_dense-2P', 'Equivalence_Line_3: SMSEMOA-greedy_multi-1P to SPEA2-greedy_multi-2P', 'Equivalence_Line_4: SMSEMOA-greedy_multi-2P to SMSEMOA-greedy_ting-HUX', 'Equivalence_Line_5: SMSEMOA-greedy_multi-HUX to SPEA2-greedy_multi-1P', 'Equivalence_Line_6: SMSEMOA-greedy_multi-UX to SMSEMOA-greedy_ting-UX', 'Equivalence_Line_7: NSGA3-greedy_multi-1P to AGEMOEA2-random_dense-UX', 'Equivalence_Line_8: UNSGA3-greedy_multi-2P to AGEMOEA2-random_dense-HUX', 'Equivalence_Line_9: NSGA3-greedy_multi-HUX to SMSEMOA-random_dense-1P', 'Equivalence_Line_10: UNSGA3-greedy_multi-UX to SPEA2-greedy_multi-UX', 'Equivalence_Line_11: UNSGA3-greedy_multi-HUX to SPEA2-greedy_multi-HUX', 'Equivalence_Line_12: NSGA3-greedy_multi-UX to NSGA2-greedy_ting-UX', 'Equivalence_Line_13: UNSGA3-greedy_multi-1P to NSGA2-greedy_ting-HUX', 'Equivalence_Line_14: NSGA2-greedy_multi-1P to UNSGA3-greedy_ting-HUX', 'Equivalence_Line_15: NSGA3-greedy_multi-2P to NSGA3-greedy_ting-UX', 'Equivalence_Line_16: NSGA2-greedy_multi-2P to NSGA3-greedy_ting-HUX', 'Equivalence_Line_17: NSGA3-random_dense-UX to SPEA2-random_dense-UX', 'Equivalence_Line_18: AGEMOEA2-greedy_multi-1P to NSGA2-random_dense-UX', 'Equivalence_Line_19: UNSGA3-random_dense-HUX to UNSGA3-greedy_ting-UX', 'Equivalence_Line_20: UNSGA3-random_dense-UX to SPEA2-random_dense-HUX', 'Equivalence_Line_21: NSGA3-random_dense-HUX to NSGA3-random_dense-2P', 'Equivalence_Line_22: AGEMOEA2-greedy_multi-2P to AGEMOEA2-random_dense-2P', 'Equivalence_Line_23: NSGA2-greedy_multi-HUX to NSGA2-random_dense-HUX', 'Equivalence_Line_24: NSGA2-greedy_multi-UX to UNSGA3-random_dense-2P', 'Equivalence_Line_25: AGEMOEA2-greedy_multi-UX to AGEMOEA2-random_dense-1P', 'Equivalence_Line_26: AGEMOEA2-greedy_multi-HUX to RVEA-greedy_multi-1P', 'Equivalence_Line_27: SMSEMOA-random_dense-2P to UNSGA3-random_dense-1P', 'Equivalence_Line_28: SPEA2-greedy_multi-2P to SPEA2-random_dense-2P', 'Equivalence_Line_29: SMSEMOA-greedy_ting-HUX to RVEA-greedy_multi-2P', 'Equivalence_Line_30: SPEA2-greedy_multi-1P to NSGA3-random_dense-1P', 'Equivalence_Line_31: SMSEMOA-greedy_ting-UX to SPEA2-greedy_ting-UX', 'Equivalence_Line_32: AGEMOEA2-random_dense-UX to SPEA2-greedy_ting-HUX', 'Equivalence_Line_33: AGEMOEA2-random_dense-HUX to SPEA2-random_dense-1P', 'Equivalence_Line_34: SMSEMOA-random_dense-1P to AGEMOEA2-greedy_ting-UX', 'Equivalence_Line_35: SPEA2-greedy_multi-UX to AGEMOEA2-greedy_ting-HUX', 'Equivalence_Line_36: SPEA2-greedy_multi-HUX to SMSEMOA-greedy_ting-2P', 'Equivalence_Line_37: NSGA2-greedy_ting-UX to RVEA-greedy_multi-UX', 'Equivalence_Line_38: NSGA2-greedy_ting-HUX to RVEA-greedy_multi-HUX', 'Equivalence_Line_39: UNSGA3-greedy_ting-HUX to SMSEMOA-greedy_ting-1P', 'Equivalence_Line_40: NSGA3-greedy_ting-UX to NSGA2-random_dense-2P', 'Equivalence_Line_41: NSGA3-greedy_ting-HUX to NSGA2-random_dense-1P', 'Equivalence_Line_42: SPEA2-random_dense-UX to RVEA-random_dense-HUX', 'Equivalence_Line_43: NSGA2-random_dense-UX to RVEA-random_dense-UX', 'Equivalence_Line_44: UNSGA3-greedy_ting-UX to UNSGA3-greedy_ting-2P', 'Equivalence_Line_45: SPEA2-random_dense-HUX to SPEA2-greedy_ting-1P', 'Equivalence_Line_46: NSGA3-random_dense-2P to RVEA-random_dense-2P', 'Equivalence_Line_47: AGEMOEA2-random_dense-2P to NSGA3-greedy_ting-2P', 'Equivalence_Line_48: NSGA2-random_dense-HUX to NSGA2-greedy_ting-2P', 'Equivalence_Line_49: UNSGA3-random_dense-2P to SPEA2-greedy_ting-2P', 'Equivalence_Line_50: AGEMOEA2-random_dense-1P to RVEA-random_dense-1P', 'Equivalence_Line_51: RVEA-greedy_multi-1P to UNSGA3-greedy_ting-1P', 'Equivalence_Line_52: UNSGA3-random_dense-1P to AGEMOEA2-greedy_ting-2P', 'Equivalence_Line_53: SPEA2-random_dense-2P to NSGA3-greedy_ting-1P', 'Equivalence_Line_54: RVEA-greedy_multi-2P to NSGA2-greedy_ting-1P', 'Equivalence_Line_55: NSGA3-random_dense-1P to RVEA-greedy_ting-HUX', 'Equivalence_Line_56: SPEA2-greedy_ting-UX to RVEA-greedy_ting-UX', 'Equivalence_Line_57: SPEA2-greedy_ting-HUX to AGEMOEA2-greedy_ting-1P', 'Equivalence_Line_58: SPEA2-random_dense-1P to RVEA-greedy_ting-2P', 'Equivalence_Line_59: AGEMOEA2-greedy_ting-UX to RVEA-greedy_ting-1P']"
NSGA3-random_dense-UX,0.0033354354110187,"['Equivalence_Line_1: SMSEMOA-random_dense-HUX to AGEMOEA2-greedy_multi-HUX', 'Equivalence_Line_2: SMSEMOA-random_dense-UX to SMSEMOA-random_dense-2P', 'Equivalence_Line_3: SMSEMOA-greedy_multi-1P to SPEA2-greedy_multi-2P', 'Equivalence_Line_4: SMSEMOA-greedy_multi-2P to SMSEMOA-greedy_ting-HUX', 'Equivalence_Line_5: SMSEMOA-greedy_multi-HUX to SPEA2-greedy_multi-1P', 'Equivalence_Line_6: SMSEMOA-greedy_multi-UX to SMSEMOA-greedy_ting-UX', 'Equivalence_Line_7: NSGA3-greedy_multi-1P to AGEMOEA2-random_dense-UX', 'Equivalence_Line_8: UNSGA3-greedy_multi-2P to AGEMOEA2-random_dense-HUX', 'Equivalence_Line_9: NSGA3-greedy_multi-HUX to SMSEMOA-random_dense-1P', 'Equivalence_Line_10: UNSGA3-greedy_multi-UX to SPEA2-greedy_multi-UX', 'Equivalence_Line_11: UNSGA3-greedy_multi-HUX to SPEA2-greedy_multi-HUX', 'Equivalence_Line_12: NSGA3-greedy_multi-UX to NSGA2-greedy_ting-UX', 'Equivalence_Line_13: UNSGA3-greedy_multi-1P to NSGA2-greedy_ting-HUX', 'Equivalence_Line_14: NSGA2-greedy_multi-1P to UNSGA3-greedy_ting-HUX', 'Equivalence_Line_15: NSGA3-greedy_multi-2P to NSGA3-greedy_ting-UX', 'Equivalence_Line_16: NSGA2-greedy_multi-2P to NSGA3-greedy_ting-HUX', 'Equivalence_Line_17: NSGA3-random_dense-UX to SPEA2-random_dense-UX', 'Equivalence_Line_18: AGEMOEA2-greedy_multi-1P to NSGA2-random_dense-UX', 'Equivalence_Line_19: UNSGA3-random_dense-HUX to UNSGA3-greedy_ting-UX', 'Equivalence_Line_20: UNSGA3-random_dense-UX to SPEA2-random_dense-HUX', 'Equivalence_Line_21: NSGA3-random_dense-HUX to NSGA3-random_dense-2P', 'Equivalence_Line_22: AGEMOEA2-greedy_multi-2P to AGEMOEA2-random_dense-2P', 'Equivalence_Line_23: NSGA2-greedy_multi-HUX to NSGA2-random_dense-HUX', 'Equivalence_Line_24: NSGA2-greedy_multi-UX to UNSGA3-random_dense-2P', 'Equivalence_Line_25: AGEMOEA2-greedy_multi-UX to AGEMOEA2-random_dense-1P', 'Equivalence_Line_26: AGEMOEA2-greedy_multi-HUX to RVEA-greedy_multi-1P', 'Equivalence_Line_27: SMSEMOA-random_dense-2P to UNSGA3-random_dense-1P', 'Equivalence_Line_28: SPEA2-greedy_multi-2P to SPEA2-random_dense-2P', 'Equivalence_Line_29: SMSEMOA-greedy_ting-HUX to RVEA-greedy_multi-2P', 'Equivalence_Line_30: SPEA2-greedy_multi-1P to NSGA3-random_dense-1P', 'Equivalence_Line_31: SMSEMOA-greedy_ting-UX to SPEA2-greedy_ting-UX', 'Equivalence_Line_32: AGEMOEA2-random_dense-UX to SPEA2-greedy_ting-HUX', 'Equivalence_Line_33: AGEMOEA2-random_dense-HUX to SPEA2-random_dense-1P', 'Equivalence_Line_34: SMSEMOA-random_dense-1P to AGEMOEA2-greedy_ting-UX', 'Equivalence_Line_35: SPEA2-greedy_multi-UX to AGEMOEA2-greedy_ting-HUX', 'Equivalence_Line_36: SPEA2-greedy_multi-HUX to SMSEMOA-greedy_ting-2P', 'Equivalence_Line_37: NSGA2-greedy_ting-UX to RVEA-greedy_multi-UX', 'Equivalence_Line_38: NSGA2-greedy_ting-HUX to RVEA-greedy_multi-HUX', 'Equivalence_Line_39: UNSGA3-greedy_ting-HUX to SMSEMOA-greedy_ting-1P', 'Equivalence_Line_40: NSGA3-greedy_ting-UX to NSGA2-random_dense-2P', 'Equivalence_Line_41: NSGA3-greedy_ting-HUX to NSGA2-random_dense-1P', 'Equivalence_Line_42: SPEA2-random_dense-UX to RVEA-random_dense-HUX', 'Equivalence_Line_43: NSGA2-random_dense-UX to RVEA-random_dense-UX', 'Equivalence_Line_44: UNSGA3-greedy_ting-UX to UNSGA3-greedy_ting-2P', 'Equivalence_Line_45: SPEA2-random_dense-HUX to SPEA2-greedy_ting-1P', 'Equivalence_Line_46: NSGA3-random_dense-2P to RVEA-random_dense-2P', 'Equivalence_Line_47: AGEMOEA2-random_dense-2P to NSGA3-greedy_ting-2P', 'Equivalence_Line_48: NSGA2-random_dense-HUX to NSGA2-greedy_ting-2P', 'Equivalence_Line_49: UNSGA3-random_dense-2P to SPEA2-greedy_ting-2P', 'Equivalence_Line_50: AGEMOEA2-random_dense-1P to RVEA-random_dense-1P', 'Equivalence_Line_51: RVEA-greedy_multi-1P to UNSGA3-greedy_ting-1P', 'Equivalence_Line_52: UNSGA3-random_dense-1P to AGEMOEA2-greedy_ting-2P', 'Equivalence_Line_53: SPEA2-random_dense-2P to NSGA3-greedy_ting-1P', 'Equivalence_Line_54: RVEA-greedy_multi-2P to NSGA2-greedy_ting-1P', 'Equivalence_Line_55: NSGA3-random_dense-1P to RVEA-greedy_ting-HUX', 'Equivalence_Line_56: SPEA2-greedy_ting-UX to RVEA-greedy_ting-UX', 'Equivalence_Line_57: SPEA2-greedy_ting-HUX to AGEMOEA2-greedy_ting-1P', 'Equivalence_Line_58: SPEA2-random_dense-1P to RVEA-greedy_ting-2P', 'Equivalence_Line_59: AGEMOEA2-greedy_ting-UX to RVEA-greedy_ting-1P']"
AGEMOEA2-greedy_multi-1P,0.0033576117450156,"['Equivalence_Line_1: SMSEMOA-random_dense-HUX to AGEMOEA2-greedy_multi-HUX', 'Equivalence_Line_2: SMSEMOA-random_dense-UX to SMSEMOA-random_dense-2P', 'Equivalence_Line_3: SMSEMOA-greedy_multi-1P to SPEA2-greedy_multi-2P', 'Equivalence_Line_4: SMSEMOA-greedy_multi-2P to SMSEMOA-greedy_ting-HUX', 'Equivalence_Line_5: SMSEMOA-greedy_multi-HUX to SPEA2-greedy_multi-1P', 'Equivalence_Line_6: SMSEMOA-greedy_multi-UX to SMSEMOA-greedy_ting-UX', 'Equivalence_Line_7: NSGA3-greedy_multi-1P to AGEMOEA2-random_dense-UX', 'Equivalence_Line_8: UNSGA3-greedy_multi-2P to AGEMOEA2-random_dense-HUX', 'Equivalence_Line_9: NSGA3-greedy_multi-HUX to SMSEMOA-random_dense-1P', 'Equivalence_Line_10: UNSGA3-greedy_multi-UX to SPEA2-greedy_multi-UX', 'Equivalence_Line_11: UNSGA3-greedy_multi-HUX to SPEA2-greedy_multi-HUX', 'Equivalence_Line_12: NSGA3-greedy_multi-UX to NSGA2-greedy_ting-UX', 'Equivalence_Line_13: UNSGA3-greedy_multi-1P to NSGA2-greedy_ting-HUX', 'Equivalence_Line_14: NSGA2-greedy_multi-1P to UNSGA3-greedy_ting-HUX', 'Equivalence_Line_15: NSGA3-greedy_multi-2P to NSGA3-greedy_ting-UX', 'Equivalence_Line_16: NSGA2-greedy_multi-2P to NSGA3-greedy_ting-HUX', 'Equivalence_Line_17: NSGA3-random_dense-UX to SPEA2-random_dense-UX', 'Equivalence_Line_18: AGEMOEA2-greedy_multi-1P to NSGA2-random_dense-UX', 'Equivalence_Line_19: UNSGA3-random_dense-HUX to UNSGA3-greedy_ting-UX', 'Equivalence_Line_20: UNSGA3-random_dense-UX to SPEA2-random_dense-HUX', 'Equivalence_Line_21: NSGA3-random_dense-HUX to NSGA3-random_dense-2P', 'Equivalence_Line_22: AGEMOEA2-greedy_multi-2P to AGEMOEA2-random_dense-2P', 'Equivalence_Line_23: NSGA2-greedy_multi-HUX to NSGA2-random_dense-HUX', 'Equivalence_Line_24: NSGA2-greedy_multi-UX to UNSGA3-random_dense-2P', 'Equivalence_Line_25: AGEMOEA2-greedy_multi-UX to AGEMOEA2-random_dense-1P', 'Equivalence_Line_26: AGEMOEA2-greedy_multi-HUX to RVEA-greedy_multi-1P', 'Equivalence_Line_27: SMSEMOA-random_dense-2P to UNSGA3-random_dense-1P', 'Equivalence_Line_28: SPEA2-greedy_multi-2P to SPEA2-random_dense-2P', 'Equivalence_Line_29: SMSEMOA-greedy_ting-HUX to RVEA-greedy_multi-2P', 'Equivalence_Line_30: SPEA2-greedy_multi-1P to NSGA3-random_dense-1P', 'Equivalence_Line_31: SMSEMOA-greedy_ting-UX to SPEA2-greedy_ting-UX', 'Equivalence_Line_32: AGEMOEA2-random_dense-UX to SPEA2-greedy_ting-HUX', 'Equivalence_Line_33: AGEMOEA2-random_dense-HUX to SPEA2-random_dense-1P', 'Equivalence_Line_34: SMSEMOA-random_dense-1P to AGEMOEA2-greedy_ting-UX', 'Equivalence_Line_35: SPEA2-greedy_multi-UX to AGEMOEA2-greedy_ting-HUX', 'Equivalence_Line_36: SPEA2-greedy_multi-HUX to SMSEMOA-greedy_ting-2P', 'Equivalence_Line_37: NSGA2-greedy_ting-UX to RVEA-greedy_multi-UX', 'Equivalence_Line_38: NSGA2-greedy_ting-HUX to RVEA-greedy_multi-HUX', 'Equivalence_Line_39: UNSGA3-greedy_ting-HUX to SMSEMOA-greedy_ting-1P', 'Equivalence_Line_40: NSGA3-greedy_ting-UX to NSGA2-random_dense-2P', 'Equivalence_Line_41: NSGA3-greedy_ting-HUX to NSGA2-random_dense-1P', 'Equivalence_Line_42: SPEA2-random_dense-UX to RVEA-random_dense-HUX', 'Equivalence_Line_43: NSGA2-random_dense-UX to RVEA-random_dense-UX', 'Equivalence_Line_44: UNSGA3-greedy_ting-UX to UNSGA3-greedy_ting-2P', 'Equivalence_Line_45: SPEA2-random_dense-HUX to SPEA2-greedy_ting-1P', 'Equivalence_Line_46: NSGA3-random_dense-2P to RVEA-random_dense-2P', 'Equivalence_Line_47: AGEMOEA2-random_dense-2P to NSGA3-greedy_ting-2P', 'Equivalence_Line_48: NSGA2-random_dense-HUX to NSGA2-greedy_ting-2P', 'Equivalence_Line_49: UNSGA3-random_dense-2P to SPEA2-greedy_ting-2P', 'Equivalence_Line_50: AGEMOEA2-random_dense-1P to RVEA-random_dense-1P', 'Equivalence_Line_51: RVEA-greedy_multi-1P to UNSGA3-greedy_ting-1P', 'Equivalence_Line_52: UNSGA3-random_dense-1P to AGEMOEA2-greedy_ting-2P', 'Equivalence_Line_53: SPEA2-random_dense-2P to NSGA3-greedy_ting-1P', 'Equivalence_Line_54: RVEA-greedy_multi-2P to NSGA2-greedy_ting-1P', 'Equivalence_Line_55: NSGA3-random_dense-1P to RVEA-greedy_ting-HUX', 'Equivalence_Line_56: SPEA2-greedy_ting-UX to RVEA-greedy_ting-UX', 'Equivalence_Line_57: SPEA2-greedy_ting-HUX to AGEMOEA2-greedy_ting-1P', 'Equivalence_Line_58: SPEA2-random_dense-1P to RVEA-greedy_ting-2P', 'Equivalence_Line_59: AGEMOEA2-greedy_ting-UX to RVEA-greedy_ting-1P']"
UNSGA3-random_dense-HUX,0.0035301664203119,"['Equivalence_Line_1: SMSEMOA-random_dense-HUX to AGEMOEA2-greedy_multi-HUX', 'Equivalence_Line_2: SMSEMOA-random_dense-UX to SMSEMOA-random_dense-2P', 'Equivalence_Line_3: SMSEMOA-greedy_multi-1P to SPEA2-greedy_multi-2P', 'Equivalence_Line_4: SMSEMOA-greedy_multi-2P to SMSEMOA-greedy_ting-HUX', 'Equivalence_Line_5: SMSEMOA-greedy_multi-HUX to SPEA2-greedy_multi-1P', 'Equivalence_Line_6: SMSEMOA-greedy_multi-UX to SMSEMOA-greedy_ting-UX', 'Equivalence_Line_7: NSGA3-greedy_multi-1P to AGEMOEA2-random_dense-UX', 'Equivalence_Line_8: UNSGA3-greedy_multi-2P to AGEMOEA2-random_dense-HUX', 'Equivalence_Line_9: NSGA3-greedy_multi-HUX to SMSEMOA-random_dense-1P', 'Equivalence_Line_10: UNSGA3-greedy_multi-UX to SPEA2-greedy_multi-UX', 'Equivalence_Line_11: UNSGA3-greedy_multi-HUX to SPEA2-greedy_multi-HUX', 'Equivalence_Line_12: NSGA3-greedy_multi-UX to NSGA2-greedy_ting-UX', 'Equivalence_Line_13: UNSGA3-greedy_multi-1P to NSGA2-greedy_ting-HUX', 'Equivalence_Line_14: NSGA2-greedy_multi-1P to UNSGA3-greedy_ting-HUX', 'Equivalence_Line_15: NSGA3-greedy_multi-2P to NSGA3-greedy_ting-UX', 'Equivalence_Line_16: NSGA2-greedy_multi-2P to NSGA3-greedy_ting-HUX', 'Equivalence_Line_17: NSGA3-random_dense-UX to SPEA2-random_dense-UX', 'Equivalence_Line_18: AGEMOEA2-greedy_multi-1P to NSGA2-random_dense-UX', 'Equivalence_Line_19: UNSGA3-random_dense-HUX to UNSGA3-greedy_ting-UX', 'Equivalence_Line_20: UNSGA3-random_dense-UX to SPEA2-random_dense-HUX', 'Equivalence_Line_21: NSGA3-random_dense-HUX to NSGA3-random_dense-2P', 'Equivalence_Line_22: AGEMOEA2-greedy_multi-2P to AGEMOEA2-random_dense-2P', 'Equivalence_Line_23: NSGA2-greedy_multi-HUX to NSGA2-random_dense-HUX', 'Equivalence_Line_24: NSGA2-greedy_multi-UX to UNSGA3-random_dense-2P', 'Equivalence_Line_25: AGEMOEA2-greedy_multi-UX to AGEMOEA2-random_dense-1P', 'Equivalence_Line_26: AGEMOEA2-greedy_multi-HUX to RVEA-greedy_multi-1P', 'Equivalence_Line_27: SMSEMOA-random_dense-2P to UNSGA3-random_dense-1P', 'Equivalence_Line_28: SPEA2-greedy_multi-2P to SPEA2-random_dense-2P', 'Equivalence_Line_29: SMSEMOA-greedy_ting-HUX to RVEA-greedy_multi-2P', 'Equivalence_Line_30: SPEA2-greedy_multi-1P to NSGA3-random_dense-1P', 'Equivalence_Line_31: SMSEMOA-greedy_ting-UX to SPEA2-greedy_ting-UX', 'Equivalence_Line_32: AGEMOEA2-random_dense-UX to SPEA2-greedy_ting-HUX', 'Equivalence_Line_33: AGEMOEA2-random_dense-HUX to SPEA2-random_dense-1P', 'Equivalence_Line_34: SMSEMOA-random_dense-1P to AGEMOEA2-greedy_ting-UX', 'Equivalence_Line_35: SPEA2-greedy_multi-UX to AGEMOEA2-greedy_ting-HUX', 'Equivalence_Line_36: SPEA2-greedy_multi-HUX to SMSEMOA-greedy_ting-2P', 'Equivalence_Line_37: NSGA2-greedy_ting-UX to RVEA-greedy_multi-UX', 'Equivalence_Line_38: NSGA2-greedy_ting-HUX to RVEA-greedy_multi-HUX', 'Equivalence_Line_39: UNSGA3-greedy_ting-HUX to SMSEMOA-greedy_ting-1P', 'Equivalence_Line_40: NSGA3-greedy_ting-UX to NSGA2-random_dense-2P', 'Equivalence_Line_41: NSGA3-greedy_ting-HUX to NSGA2-random_dense-1P', 'Equivalence_Line_42: SPEA2-random_dense-UX to RVEA-random_dense-HUX', 'Equivalence_Line_43: NSGA2-random_dense-UX to RVEA-random_dense-UX', 'Equivalence_Line_44: UNSGA3-greedy_ting-UX to UNSGA3-greedy_ting-2P', 'Equivalence_Line_45: SPEA2-random_dense-HUX to SPEA2-greedy_ting-1P', 'Equivalence_Line_46: NSGA3-random_dense-2P to RVEA-random_dense-2P', 'Equivalence_Line_47: AGEMOEA2-random_dense-2P to NSGA3-greedy_ting-2P', 'Equivalence_Line_48: NSGA2-random_dense-HUX to NSGA2-greedy_ting-2P', 'Equivalence_Line_49: UNSGA3-random_dense-2P to SPEA2-greedy_ting-2P', 'Equivalence_Line_50: AGEMOEA2-random_dense-1P to RVEA-random_dense-1P', 'Equivalence_Line_51: RVEA-greedy_multi-1P to UNSGA3-greedy_ting-1P', 'Equivalence_Line_52: UNSGA3-random_dense-1P to AGEMOEA2-greedy_ting-2P', 'Equivalence_Line_53: SPEA2-random_dense-2P to NSGA3-greedy_ting-1P', 'Equivalence_Line_54: RVEA-greedy_multi-2P to NSGA2-greedy_ting-1P', 'Equivalence_Line_55: NSGA3-random_dense-1P to RVEA-greedy_ting-HUX', 'Equivalence_Line_56: SPEA2-greedy_ting-UX to RVEA-greedy_ting-UX', 'Equivalence_Line_57: SPEA2-greedy_ting-HUX to AGEMOEA2-greedy_ting-1P', 'Equivalence_Line_58: SPEA2-random_dense-1P to RVEA-greedy_ting-2P', 'Equivalence_Line_59: AGEMOEA2-greedy_ting-UX to RVEA-greedy_ting-1P']"
UNSGA3-random_dense-UX,0.0035315340299642,"['Equivalence_Line_1: SMSEMOA-random_dense-HUX to AGEMOEA2-greedy_multi-HUX', 'Equivalence_Line_2: SMSEMOA-random_dense-UX to SMSEMOA-random_dense-2P', 'Equivalence_Line_3: SMSEMOA-greedy_multi-1P to SPEA2-greedy_multi-2P', 'Equivalence_Line_4: SMSEMOA-greedy_multi-2P to SMSEMOA-greedy_ting-HUX', 'Equivalence_Line_5: SMSEMOA-greedy_multi-HUX to SPEA2-greedy_multi-1P', 'Equivalence_Line_6: SMSEMOA-greedy_multi-UX to SMSEMOA-greedy_ting-UX', 'Equivalence_Line_7: NSGA3-greedy_multi-1P to AGEMOEA2-random_dense-UX', 'Equivalence_Line_8: UNSGA3-greedy_multi-2P to AGEMOEA2-random_dense-HUX', 'Equivalence_Line_9: NSGA3-greedy_multi-HUX to SMSEMOA-random_dense-1P', 'Equivalence_Line_10: UNSGA3-greedy_multi-UX to SPEA2-greedy_multi-UX', 'Equivalence_Line_11: UNSGA3-greedy_multi-HUX to SPEA2-greedy_multi-HUX', 'Equivalence_Line_12: NSGA3-greedy_multi-UX to NSGA2-greedy_ting-UX', 'Equivalence_Line_13: UNSGA3-greedy_multi-1P to NSGA2-greedy_ting-HUX', 'Equivalence_Line_14: NSGA2-greedy_multi-1P to UNSGA3-greedy_ting-HUX', 'Equivalence_Line_15: NSGA3-greedy_multi-2P to NSGA3-greedy_ting-UX', 'Equivalence_Line_16: NSGA2-greedy_multi-2P to NSGA3-greedy_ting-HUX', 'Equivalence_Line_17: NSGA3-random_dense-UX to SPEA2-random_dense-UX', 'Equivalence_Line_18: AGEMOEA2-greedy_multi-1P to NSGA2-random_dense-UX', 'Equivalence_Line_19: UNSGA3-random_dense-HUX to UNSGA3-greedy_ting-UX', 'Equivalence_Line_20: UNSGA3-random_dense-UX to SPEA2-random_dense-HUX', 'Equivalence_Line_21: NSGA3-random_dense-HUX to NSGA3-random_dense-2P', 'Equivalence_Line_22: AGEMOEA2-greedy_multi-2P to AGEMOEA2-random_dense-2P', 'Equivalence_Line_23: NSGA2-greedy_multi-HUX to NSGA2-random_dense-HUX', 'Equivalence_Line_24: NSGA2-greedy_multi-UX to UNSGA3-random_dense-2P', 'Equivalence_Line_25: AGEMOEA2-greedy_multi-UX to AGEMOEA2-random_dense-1P', 'Equivalence_Line_26: AGEMOEA2-greedy_multi-HUX to RVEA-greedy_multi-1P', 'Equivalence_Line_27: SMSEMOA-random_dense-2P to UNSGA3-random_dense-1P', 'Equivalence_Line_28: SPEA2-greedy_multi-2P to SPEA2-random_dense-2P', 'Equivalence_Line_29: SMSEMOA-greedy_ting-HUX to RVEA-greedy_multi-2P', 'Equivalence_Line_30: SPEA2-greedy_multi-1P to NSGA3-random_dense-1P', 'Equivalence_Line_31: SMSEMOA-greedy_ting-UX to SPEA2-greedy_ting-UX', 'Equivalence_Line_32: AGEMOEA2-random_dense-UX to SPEA2-greedy_ting-HUX', 'Equivalence_Line_33: AGEMOEA2-random_dense-HUX to SPEA2-random_dense-1P', 'Equivalence_Line_34: SMSEMOA-random_dense-1P to AGEMOEA2-greedy_ting-UX', 'Equivalence_Line_35: SPEA2-greedy_multi-UX to AGEMOEA2-greedy_ting-HUX', 'Equivalence_Line_36: SPEA2-greedy_multi-HUX to SMSEMOA-greedy_ting-2P', 'Equivalence_Line_37: NSGA2-greedy_ting-UX to RVEA-greedy_multi-UX', 'Equivalence_Line_38: NSGA2-greedy_ting-HUX to RVEA-greedy_multi-HUX', 'Equivalence_Line_39: UNSGA3-greedy_ting-HUX to SMSEMOA-greedy_ting-1P', 'Equivalence_Line_40: NSGA3-greedy_ting-UX to NSGA2-random_dense-2P', 'Equivalence_Line_41: NSGA3-greedy_ting-HUX to NSGA2-random_dense-1P', 'Equivalence_Line_42: SPEA2-random_dense-UX to RVEA-random_dense-HUX', 'Equivalence_Line_43: NSGA2-random_dense-UX to RVEA-random_dense-UX', 'Equivalence_Line_44: UNSGA3-greedy_ting-UX to UNSGA3-greedy_ting-2P', 'Equivalence_Line_45: SPEA2-random_dense-HUX to SPEA2-greedy_ting-1P', 'Equivalence_Line_46: NSGA3-random_dense-2P to RVEA-random_dense-2P', 'Equivalence_Line_47: AGEMOEA2-random_dense-2P to NSGA3-greedy_ting-2P', 'Equivalence_Line_48: NSGA2-random_dense-HUX to NSGA2-greedy_ting-2P', 'Equivalence_Line_49: UNSGA3-random_dense-2P to SPEA2-greedy_ting-2P', 'Equivalence_Line_50: AGEMOEA2-random_dense-1P to RVEA-random_dense-1P', 'Equivalence_Line_51: RVEA-greedy_multi-1P to UNSGA3-greedy_ting-1P', 'Equivalence_Line_52: UNSGA3-random_dense-1P to AGEMOEA2-greedy_ting-2P', 'Equivalence_Line_53: SPEA2-random_dense-2P to NSGA3-greedy_ting-1P', 'Equivalence_Line_54: RVEA-greedy_multi-2P to NSGA2-greedy_ting-1P', 'Equivalence_Line_55: NSGA3-random_dense-1P to RVEA-greedy_ting-HUX', 'Equivalence_Line_56: SPEA2-greedy_ting-UX to RVEA-greedy_ting-UX', 'Equivalence_Line_57: SPEA2-greedy_ting-HUX to AGEMOEA2-greedy_ting-1P', 'Equivalence_Line_58: SPEA2-random_dense-1P to RVEA-greedy_ting-2P', 'Equivalence_Line_59: AGEMOEA2-greedy_ting-UX to RVEA-greedy_ting-1P']"
NSGA3-random_dense-HUX,0.0036797127653116,"['Equivalence_Line_1: SMSEMOA-random_dense-HUX to AGEMOEA2-greedy_multi-HUX', 'Equivalence_Line_2: SMSEMOA-random_dense-UX to SMSEMOA-random_dense-2P', 'Equivalence_Line_3: SMSEMOA-greedy_multi-1P to SPEA2-greedy_multi-2P', 'Equivalence_Line_4: SMSEMOA-greedy_multi-2P to SMSEMOA-greedy_ting-HUX', 'Equivalence_Line_5: SMSEMOA-greedy_multi-HUX to SPEA2-greedy_multi-1P', 'Equivalence_Line_6: SMSEMOA-greedy_multi-UX to SMSEMOA-greedy_ting-UX', 'Equivalence_Line_7: NSGA3-greedy_multi-1P to AGEMOEA2-random_dense-UX', 'Equivalence_Line_8: UNSGA3-greedy_multi-2P to AGEMOEA2-random_dense-HUX', 'Equivalence_Line_9: NSGA3-greedy_multi-HUX to SMSEMOA-random_dense-1P', 'Equivalence_Line_10: UNSGA3-greedy_multi-UX to SPEA2-greedy_multi-UX', 'Equivalence_Line_11: UNSGA3-greedy_multi-HUX to SPEA2-greedy_multi-HUX', 'Equivalence_Line_12: NSGA3-greedy_multi-UX to NSGA2-greedy_ting-UX', 'Equivalence_Line_13: UNSGA3-greedy_multi-1P to NSGA2-greedy_ting-HUX', 'Equivalence_Line_14: NSGA2-greedy_multi-1P to UNSGA3-greedy_ting-HUX', 'Equivalence_Line_15: NSGA3-greedy_multi-2P to NSGA3-greedy_ting-UX', 'Equivalence_Line_16: NSGA2-greedy_multi-2P to NSGA3-greedy_ting-HUX', 'Equivalence_Line_17: NSGA3-random_dense-UX to SPEA2-random_dense-UX', 'Equivalence_Line_18: AGEMOEA2-greedy_multi-1P to NSGA2-random_dense-UX', 'Equivalence_Line_19: UNSGA3-random_dense-HUX to UNSGA3-greedy_ting-UX', 'Equivalence_Line_20: UNSGA3-random_dense-UX to SPEA2-random_dense-HUX', 'Equivalence_Line_21: NSGA3-random_dense-HUX to NSGA3-random_dense-2P', 'Equivalence_Line_22: AGEMOEA2-greedy_multi-2P to AGEMOEA2-random_dense-2P', 'Equivalence_Line_23: NSGA2-greedy_multi-HUX to NSGA2-random_dense-HUX', 'Equivalence_Line_24: NSGA2-greedy_multi-UX to UNSGA3-random_dense-2P', 'Equivalence_Line_25: AGEMOEA2-greedy_multi-UX to AGEMOEA2-random_dense-1P', 'Equivalence_Line_26: AGEMOEA2-greedy_multi-HUX to RVEA-greedy_multi-1P', 'Equivalence_Line_27: SMSEMOA-random_dense-2P to UNSGA3-random_dense-1P', 'Equivalence_Line_28: SPEA2-greedy_multi-2P to SPEA2-random_dense-2P', 'Equivalence_Line_29: SMSEMOA-greedy_ting-HUX to RVEA-greedy_multi-2P', 'Equivalence_Line_30: SPEA2-greedy_multi-1P to NSGA3-random_dense-1P', 'Equivalence_Line_31: SMSEMOA-greedy_ting-UX to SPEA2-greedy_ting-UX', 'Equivalence_Line_32: AGEMOEA2-random_dense-UX to SPEA2-greedy_ting-HUX', 'Equivalence_Line_33: AGEMOEA2-random_dense-HUX to SPEA2-random_dense-1P', 'Equivalence_Line_34: SMSEMOA-random_dense-1P to AGEMOEA2-greedy_ting-UX', 'Equivalence_Line_35: SPEA2-greedy_multi-UX to AGEMOEA2-greedy_ting-HUX', 'Equivalence_Line_36: SPEA2-greedy_multi-HUX to SMSEMOA-greedy_ting-2P', 'Equivalence_Line_37: NSGA2-greedy_ting-UX to RVEA-greedy_multi-UX', 'Equivalence_Line_38: NSGA2-greedy_ting-HUX to RVEA-greedy_multi-HUX', 'Equivalence_Line_39: UNSGA3-greedy_ting-HUX to SMSEMOA-greedy_ting-1P', 'Equivalence_Line_40: NSGA3-greedy_ting-UX to NSGA2-random_dense-2P', 'Equivalence_Line_41: NSGA3-greedy_ting-HUX to NSGA2-random_dense-1P', 'Equivalence_Line_42: SPEA2-random_dense-UX to RVEA-random_dense-HUX', 'Equivalence_Line_43: NSGA2-random_dense-UX to RVEA-random_dense-UX', 'Equivalence_Line_44: UNSGA3-greedy_ting-UX to UNSGA3-greedy_ting-2P', 'Equivalence_Line_45: SPEA2-random_dense-HUX to SPEA2-greedy_ting-1P', 'Equivalence_Line_46: NSGA3-random_dense-2P to RVEA-random_dense-2P', 'Equivalence_Line_47: AGEMOEA2-random_dense-2P to NSGA3-greedy_ting-2P', 'Equivalence_Line_48: NSGA2-random_dense-HUX to NSGA2-greedy_ting-2P', 'Equivalence_Line_49: UNSGA3-random_dense-2P to SPEA2-greedy_ting-2P', 'Equivalence_Line_50: AGEMOEA2-random_dense-1P to RVEA-random_dense-1P', 'Equivalence_Line_51: RVEA-greedy_multi-1P to UNSGA3-greedy_ting-1P', 'Equivalence_Line_52: UNSGA3-random_dense-1P to AGEMOEA2-greedy_ting-2P', 'Equivalence_Line_53: SPEA2-random_dense-2P to NSGA3-greedy_ting-1P', 'Equivalence_Line_54: RVEA-greedy_multi-2P to NSGA2-greedy_ting-1P', 'Equivalence_Line_55: NSGA3-random_dense-1P to RVEA-greedy_ting-HUX', 'Equivalence_Line_56: SPEA2-greedy_ting-UX to RVEA-greedy_ting-UX', 'Equivalence_Line_57: SPEA2-greedy_ting-HUX to AGEMOEA2-greedy_ting-1P', 'Equivalence_Line_58: SPEA2-random_dense-1P to RVEA-greedy_ting-2P', 'Equivalence_Line_59: AGEMOEA2-greedy_ting-UX to RVEA-greedy_ting-1P']"
AGEMOEA2-greedy_multi-2P,0.0038073582221753,"['Equivalence_Line_1: SMSEMOA-random_dense-HUX to AGEMOEA2-greedy_multi-HUX', 'Equivalence_Line_2: SMSEMOA-random_dense-UX to SMSEMOA-random_dense-2P', 'Equivalence_Line_3: SMSEMOA-greedy_multi-1P to SPEA2-greedy_multi-2P', 'Equivalence_Line_4: SMSEMOA-greedy_multi-2P to SMSEMOA-greedy_ting-HUX', 'Equivalence_Line_5: SMSEMOA-greedy_multi-HUX to SPEA2-greedy_multi-1P', 'Equivalence_Line_6: SMSEMOA-greedy_multi-UX to SMSEMOA-greedy_ting-UX', 'Equivalence_Line_7: NSGA3-greedy_multi-1P to AGEMOEA2-random_dense-UX', 'Equivalence_Line_8: UNSGA3-greedy_multi-2P to AGEMOEA2-random_dense-HUX', 'Equivalence_Line_9: NSGA3-greedy_multi-HUX to SMSEMOA-random_dense-1P', 'Equivalence_Line_10: UNSGA3-greedy_multi-UX to SPEA2-greedy_multi-UX', 'Equivalence_Line_11: UNSGA3-greedy_multi-HUX to SPEA2-greedy_multi-HUX', 'Equivalence_Line_12: NSGA3-greedy_multi-UX to NSGA2-greedy_ting-UX', 'Equivalence_Line_13: UNSGA3-greedy_multi-1P to NSGA2-greedy_ting-HUX', 'Equivalence_Line_14: NSGA2-greedy_multi-1P to UNSGA3-greedy_ting-HUX', 'Equivalence_Line_15: NSGA3-greedy_multi-2P to NSGA3-greedy_ting-UX', 'Equivalence_Line_16: NSGA2-greedy_multi-2P to NSGA3-greedy_ting-HUX', 'Equivalence_Line_17: NSGA3-random_dense-UX to SPEA2-random_dense-UX', 'Equivalence_Line_18: AGEMOEA2-greedy_multi-1P to NSGA2-random_dense-UX', 'Equivalence_Line_19: UNSGA3-random_dense-HUX to UNSGA3-greedy_ting-UX', 'Equivalence_Line_20: UNSGA3-random_dense-UX to SPEA2-random_dense-HUX', 'Equivalence_Line_21: NSGA3-random_dense-HUX to NSGA3-random_dense-2P', 'Equivalence_Line_22: AGEMOEA2-greedy_multi-2P to AGEMOEA2-random_dense-2P', 'Equivalence_Line_23: NSGA2-greedy_multi-HUX to NSGA2-random_dense-HUX', 'Equivalence_Line_24: NSGA2-greedy_multi-UX to UNSGA3-random_dense-2P', 'Equivalence_Line_25: AGEMOEA2-greedy_multi-UX to AGEMOEA2-random_dense-1P', 'Equivalence_Line_26: AGEMOEA2-greedy_multi-HUX to RVEA-greedy_multi-1P', 'Equivalence_Line_27: SMSEMOA-random_dense-2P to UNSGA3-random_dense-1P', 'Equivalence_Line_28: SPEA2-greedy_multi-2P to SPEA2-random_dense-2P', 'Equivalence_Line_29: SMSEMOA-greedy_ting-HUX to RVEA-greedy_multi-2P', 'Equivalence_Line_30: SPEA2-greedy_multi-1P to NSGA3-random_dense-1P', 'Equivalence_Line_31: SMSEMOA-greedy_ting-UX to SPEA2-greedy_ting-UX', 'Equivalence_Line_32: AGEMOEA2-random_dense-UX to SPEA2-greedy_ting-HUX', 'Equivalence_Line_33: AGEMOEA2-random_dense-HUX to SPEA2-random_dense-1P', 'Equivalence_Line_34: SMSEMOA-random_dense-1P to AGEMOEA2-greedy_ting-UX', 'Equivalence_Line_35: SPEA2-greedy_multi-UX to AGEMOEA2-greedy_ting-HUX', 'Equivalence_Line_36: SPEA2-greedy_multi-HUX to SMSEMOA-greedy_ting-2P', 'Equivalence_Line_37: NSGA2-greedy_ting-UX to RVEA-greedy_multi-UX', 'Equivalence_Line_38: NSGA2-greedy_ting-HUX to RVEA-greedy_multi-HUX', 'Equivalence_Line_39: UNSGA3-greedy_ting-HUX to SMSEMOA-greedy_ting-1P', 'Equivalence_Line_40: NSGA3-greedy_ting-UX to NSGA2-random_dense-2P', 'Equivalence_Line_41: NSGA3-greedy_ting-HUX to NSGA2-random_dense-1P', 'Equivalence_Line_42: SPEA2-random_dense-UX to RVEA-random_dense-HUX', 'Equivalence_Line_43: NSGA2-random_dense-UX to RVEA-random_dense-UX', 'Equivalence_Line_44: UNSGA3-greedy_ting-UX to UNSGA3-greedy_ting-2P', 'Equivalence_Line_45: SPEA2-random_dense-HUX to SPEA2-greedy_ting-1P', 'Equivalence_Line_46: NSGA3-random_dense-2P to RVEA-random_dense-2P', 'Equivalence_Line_47: AGEMOEA2-random_dense-2P to NSGA3-greedy_ting-2P', 'Equivalence_Line_48: NSGA2-random_dense-HUX to NSGA2-greedy_ting-2P', 'Equivalence_Line_49: UNSGA3-random_dense-2P to SPEA2-greedy_ting-2P', 'Equivalence_Line_50: AGEMOEA2-random_dense-1P to RVEA-random_dense-1P', 'Equivalence_Line_51: RVEA-greedy_multi-1P to UNSGA3-greedy_ting-1P', 'Equivalence_Line_52: UNSGA3-random_dense-1P to AGEMOEA2-greedy_ting-2P', 'Equivalence_Line_53: SPEA2-random_dense-2P to NSGA3-greedy_ting-1P', 'Equivalence_Line_54: RVEA-greedy_multi-2P to NSGA2-greedy_ting-1P', 'Equivalence_Line_55: NSGA3-random_dense-1P to RVEA-greedy_ting-HUX', 'Equivalence_Line_56: SPEA2-greedy_ting-UX to RVEA-greedy_ting-UX', 'Equivalence_Line_57: SPEA2-greedy_ting-HUX to AGEMOEA2-greedy_ting-1P', 'Equivalence_Line_58: SPEA2-random_dense-1P to RVEA-greedy_ting-2P', 'Equivalence_Line_59: AGEMOEA2-greedy_ting-UX to RVEA-greedy_ting-1P']"
NSGA2-greedy_multi-HUX,0.0039247274813172,"['Equivalence_Line_1: SMSEMOA-random_dense-HUX to AGEMOEA2-greedy_multi-HUX', 'Equivalence_Line_2: SMSEMOA-random_dense-UX to SMSEMOA-random_dense-2P', 'Equivalence_Line_3: SMSEMOA-greedy_multi-1P to SPEA2-greedy_multi-2P', 'Equivalence_Line_4: SMSEMOA-greedy_multi-2P to SMSEMOA-greedy_ting-HUX', 'Equivalence_Line_5: SMSEMOA-greedy_multi-HUX to SPEA2-greedy_multi-1P', 'Equivalence_Line_6: SMSEMOA-greedy_multi-UX to SMSEMOA-greedy_ting-UX', 'Equivalence_Line_7: NSGA3-greedy_multi-1P to AGEMOEA2-random_dense-UX', 'Equivalence_Line_8: UNSGA3-greedy_multi-2P to AGEMOEA2-random_dense-HUX', 'Equivalence_Line_9: NSGA3-greedy_multi-HUX to SMSEMOA-random_dense-1P', 'Equivalence_Line_10: UNSGA3-greedy_multi-UX to SPEA2-greedy_multi-UX', 'Equivalence_Line_11: UNSGA3-greedy_multi-HUX to SPEA2-greedy_multi-HUX', 'Equivalence_Line_12: NSGA3-greedy_multi-UX to NSGA2-greedy_ting-UX', 'Equivalence_Line_13: UNSGA3-greedy_multi-1P to NSGA2-greedy_ting-HUX', 'Equivalence_Line_14: NSGA2-greedy_multi-1P to UNSGA3-greedy_ting-HUX', 'Equivalence_Line_15: NSGA3-greedy_multi-2P to NSGA3-greedy_ting-UX', 'Equivalence_Line_16: NSGA2-greedy_multi-2P to NSGA3-greedy_ting-HUX', 'Equivalence_Line_17: NSGA3-random_dense-UX to SPEA2-random_dense-UX', 'Equivalence_Line_18: AGEMOEA2-greedy_multi-1P to NSGA2-random_dense-UX', 'Equivalence_Line_19: UNSGA3-random_dense-HUX to UNSGA3-greedy_ting-UX', 'Equivalence_Line_20: UNSGA3-random_dense-UX to SPEA2-random_dense-HUX', 'Equivalence_Line_21: NSGA3-random_dense-HUX to NSGA3-random_dense-2P', 'Equivalence_Line_22: AGEMOEA2-greedy_multi-2P to AGEMOEA2-random_dense-2P', 'Equivalence_Line_23: NSGA2-greedy_multi-HUX to NSGA2-random_dense-HUX', 'Equivalence_Line_24: NSGA2-greedy_multi-UX to UNSGA3-random_dense-2P', 'Equivalence_Line_25: AGEMOEA2-greedy_multi-UX to AGEMOEA2-random_dense-1P', 'Equivalence_Line_26: AGEMOEA2-greedy_multi-HUX to RVEA-greedy_multi-1P', 'Equivalence_Line_27: SMSEMOA-random_dense-2P to UNSGA3-random_dense-1P', 'Equivalence_Line_28: SPEA2-greedy_multi-2P to SPEA2-random_dense-2P', 'Equivalence_Line_29: SMSEMOA-greedy_ting-HUX to RVEA-greedy_multi-2P', 'Equivalence_Line_30: SPEA2-greedy_multi-1P to NSGA3-random_dense-1P', 'Equivalence_Line_31: SMSEMOA-greedy_ting-UX to SPEA2-greedy_ting-UX', 'Equivalence_Line_32: AGEMOEA2-random_dense-UX to SPEA2-greedy_ting-HUX', 'Equivalence_Line_33: AGEMOEA2-random_dense-HUX to SPEA2-random_dense-1P', 'Equivalence_Line_34: SMSEMOA-random_dense-1P to AGEMOEA2-greedy_ting-UX', 'Equivalence_Line_35: SPEA2-greedy_multi-UX to AGEMOEA2-greedy_ting-HUX', 'Equivalence_Line_36: SPEA2-greedy_multi-HUX to SMSEMOA-greedy_ting-2P', 'Equivalence_Line_37: NSGA2-greedy_ting-UX to RVEA-greedy_multi-UX', 'Equivalence_Line_38: NSGA2-greedy_ting-HUX to RVEA-greedy_multi-HUX', 'Equivalence_Line_39: UNSGA3-greedy_ting-HUX to SMSEMOA-greedy_ting-1P', 'Equivalence_Line_40: NSGA3-greedy_ting-UX to NSGA2-random_dense-2P', 'Equivalence_Line_41: NSGA3-greedy_ting-HUX to NSGA2-random_dense-1P', 'Equivalence_Line_42: SPEA2-random_dense-UX to RVEA-random_dense-HUX', 'Equivalence_Line_43: NSGA2-random_dense-UX to RVEA-random_dense-UX', 'Equivalence_Line_44: UNSGA3-greedy_ting-UX to UNSGA3-greedy_ting-2P', 'Equivalence_Line_45: SPEA2-random_dense-HUX to SPEA2-greedy_ting-1P', 'Equivalence_Line_46: NSGA3-random_dense-2P to RVEA-random_dense-2P', 'Equivalence_Line_47: AGEMOEA2-random_dense-2P to NSGA3-greedy_ting-2P', 'Equivalence_Line_48: NSGA2-random_dense-HUX to NSGA2-greedy_ting-2P', 'Equivalence_Line_49: UNSGA3-random_dense-2P to SPEA2-greedy_ting-2P', 'Equivalence_Line_50: AGEMOEA2-random_dense-1P to RVEA-random_dense-1P', 'Equivalence_Line_51: RVEA-greedy_multi-1P to UNSGA3-greedy_ting-1P', 'Equivalence_Line_52: UNSGA3-random_dense-1P to AGEMOEA2-greedy_ting-2P', 'Equivalence_Line_53: SPEA2-random_dense-2P to NSGA3-greedy_ting-1P', 'Equivalence_Line_54: RVEA-greedy_multi-2P to NSGA2-greedy_ting-1P', 'Equivalence_Line_55: NSGA3-random_dense-1P to RVEA-greedy_ting-HUX', 'Equivalence_Line_56: SPEA2-greedy_ting-UX to RVEA-greedy_ting-UX', 'Equivalence_Line_57: SPEA2-greedy_ting-HUX to AGEMOEA2-greedy_ting-1P', 'Equivalence_Line_58: SPEA2-random_dense-1P to RVEA-greedy_ting-2P', 'Equivalence_Line_59: AGEMOEA2-greedy_ting-UX to RVEA-greedy_ting-1P']"
NSGA2-greedy_multi-UX,0.0039347072374288,"['Equivalence_Line_1: SMSEMOA-random_dense-HUX to AGEMOEA2-greedy_multi-HUX', 'Equivalence_Line_2: SMSEMOA-random_dense-UX to SMSEMOA-random_dense-2P', 'Equivalence_Line_3: SMSEMOA-greedy_multi-1P to SPEA2-greedy_multi-2P', 'Equivalence_Line_4: SMSEMOA-greedy_multi-2P to SMSEMOA-greedy_ting-HUX', 'Equivalence_Line_5: SMSEMOA-greedy_multi-HUX to SPEA2-greedy_multi-1P', 'Equivalence_Line_6: SMSEMOA-greedy_multi-UX to SMSEMOA-greedy_ting-UX', 'Equivalence_Line_7: NSGA3-greedy_multi-1P to AGEMOEA2-random_dense-UX', 'Equivalence_Line_8: UNSGA3-greedy_multi-2P to AGEMOEA2-random_dense-HUX', 'Equivalence_Line_9: NSGA3-greedy_multi-HUX to SMSEMOA-random_dense-1P', 'Equivalence_Line_10: UNSGA3-greedy_multi-UX to SPEA2-greedy_multi-UX', 'Equivalence_Line_11: UNSGA3-greedy_multi-HUX to SPEA2-greedy_multi-HUX', 'Equivalence_Line_12: NSGA3-greedy_multi-UX to NSGA2-greedy_ting-UX', 'Equivalence_Line_13: UNSGA3-greedy_multi-1P to NSGA2-greedy_ting-HUX', 'Equivalence_Line_14: NSGA2-greedy_multi-1P to UNSGA3-greedy_ting-HUX', 'Equivalence_Line_15: NSGA3-greedy_multi-2P to NSGA3-greedy_ting-UX', 'Equivalence_Line_16: NSGA2-greedy_multi-2P to NSGA3-greedy_ting-HUX', 'Equivalence_Line_17: NSGA3-random_dense-UX to SPEA2-random_dense-UX', 'Equivalence_Line_18: AGEMOEA2-greedy_multi-1P to NSGA2-random_dense-UX', 'Equivalence_Line_19: UNSGA3-random_dense-HUX to UNSGA3-greedy_ting-UX', 'Equivalence_Line_20: UNSGA3-random_dense-UX to SPEA2-random_dense-HUX', 'Equivalence_Line_21: NSGA3-random_dense-HUX to NSGA3-random_dense-2P', 'Equivalence_Line_22: AGEMOEA2-greedy_multi-2P to AGEMOEA2-random_dense-2P', 'Equivalence_Line_23: NSGA2-greedy_multi-HUX to NSGA2-random_dense-HUX', 'Equivalence_Line_24: NSGA2-greedy_multi-UX to UNSGA3-random_dense-2P', 'Equivalence_Line_25: AGEMOEA2-greedy_multi-UX to AGEMOEA2-random_dense-1P', 'Equivalence_Line_26: AGEMOEA2-greedy_multi-HUX to RVEA-greedy_multi-1P', 'Equivalence_Line_27: SMSEMOA-random_dense-2P to UNSGA3-random_dense-1P', 'Equivalence_Line_28: SPEA2-greedy_multi-2P to SPEA2-random_dense-2P', 'Equivalence_Line_29: SMSEMOA-greedy_ting-HUX to RVEA-greedy_multi-2P', 'Equivalence_Line_30: SPEA2-greedy_multi-1P to NSGA3-random_dense-1P', 'Equivalence_Line_31: SMSEMOA-greedy_ting-UX to SPEA2-greedy_ting-UX', 'Equivalence_Line_32: AGEMOEA2-random_dense-UX to SPEA2-greedy_ting-HUX', 'Equivalence_Line_33: AGEMOEA2-random_dense-HUX to SPEA2-random_dense-1P', 'Equivalence_Line_34: SMSEMOA-random_dense-1P to AGEMOEA2-greedy_ting-UX', 'Equivalence_Line_35: SPEA2-greedy_multi-UX to AGEMOEA2-greedy_ting-HUX', 'Equivalence_Line_36: SPEA2-greedy_multi-HUX to SMSEMOA-greedy_ting-2P', 'Equivalence_Line_37: NSGA2-greedy_ting-UX to RVEA-greedy_multi-UX', 'Equivalence_Line_38: NSGA2-greedy_ting-HUX to RVEA-greedy_multi-HUX', 'Equivalence_Line_39: UNSGA3-greedy_ting-HUX to SMSEMOA-greedy_ting-1P', 'Equivalence_Line_40: NSGA3-greedy_ting-UX to NSGA2-random_dense-2P', 'Equivalence_Line_41: NSGA3-greedy_ting-HUX to NSGA2-random_dense-1P', 'Equivalence_Line_42: SPEA2-random_dense-UX to RVEA-random_dense-HUX', 'Equivalence_Line_43: NSGA2-random_dense-UX to RVEA-random_dense-UX', 'Equivalence_Line_44: UNSGA3-greedy_ting-UX to UNSGA3-greedy_ting-2P', 'Equivalence_Line_45: SPEA2-random_dense-HUX to SPEA2-greedy_ting-1P', 'Equivalence_Line_46: NSGA3-random_dense-2P to RVEA-random_dense-2P', 'Equivalence_Line_47: AGEMOEA2-random_dense-2P to NSGA3-greedy_ting-2P', 'Equivalence_Line_48: NSGA2-random_dense-HUX to NSGA2-greedy_ting-2P', 'Equivalence_Line_49: UNSGA3-random_dense-2P to SPEA2-greedy_ting-2P', 'Equivalence_Line_50: AGEMOEA2-random_dense-1P to RVEA-random_dense-1P', 'Equivalence_Line_51: RVEA-greedy_multi-1P to UNSGA3-greedy_ting-1P', 'Equivalence_Line_52: UNSGA3-random_dense-1P to AGEMOEA2-greedy_ting-2P', 'Equivalence_Line_53: SPEA2-random_dense-2P to NSGA3-greedy_ting-1P', 'Equivalence_Line_54: RVEA-greedy_multi-2P to NSGA2-greedy_ting-1P', 'Equivalence_Line_55: NSGA3-random_dense-1P to RVEA-greedy_ting-HUX', 'Equivalence_Line_56: SPEA2-greedy_ting-UX to RVEA-greedy_ting-UX', 'Equivalence_Line_57: SPEA2-greedy_ting-HUX to AGEMOEA2-greedy_ting-1P', 'Equivalence_Line_58: SPEA2-random_dense-1P to RVEA-greedy_ting-2P', 'Equivalence_Line_59: AGEMOEA2-greedy_ting-UX to RVEA-greedy_ting-1P']"
AGEMOEA2-greedy_multi-UX,0.0040522271389275,"['Equivalence_Line_1: SMSEMOA-random_dense-HUX to AGEMOEA2-greedy_multi-HUX', 'Equivalence_Line_2: SMSEMOA-random_dense-UX to SMSEMOA-random_dense-2P', 'Equivalence_Line_3: SMSEMOA-greedy_multi-1P to SPEA2-greedy_multi-2P', 'Equivalence_Line_4: SMSEMOA-greedy_multi-2P to SMSEMOA-greedy_ting-HUX', 'Equivalence_Line_5: SMSEMOA-greedy_multi-HUX to SPEA2-greedy_multi-1P', 'Equivalence_Line_6: SMSEMOA-greedy_multi-UX to SMSEMOA-greedy_ting-UX', 'Equivalence_Line_7: NSGA3-greedy_multi-1P to AGEMOEA2-random_dense-UX', 'Equivalence_Line_8: UNSGA3-greedy_multi-2P to AGEMOEA2-random_dense-HUX', 'Equivalence_Line_9: NSGA3-greedy_multi-HUX to SMSEMOA-random_dense-1P', 'Equivalence_Line_10: UNSGA3-greedy_multi-UX to SPEA2-greedy_multi-UX', 'Equivalence_Line_11: UNSGA3-greedy_multi-HUX to SPEA2-greedy_multi-HUX', 'Equivalence_Line_12: NSGA3-greedy_multi-UX to NSGA2-greedy_ting-UX', 'Equivalence_Line_13: UNSGA3-greedy_multi-1P to NSGA2-greedy_ting-HUX', 'Equivalence_Line_14: NSGA2-greedy_multi-1P to UNSGA3-greedy_ting-HUX', 'Equivalence_Line_15: NSGA3-greedy_multi-2P to NSGA3-greedy_ting-UX', 'Equivalence_Line_16: NSGA2-greedy_multi-2P to NSGA3-greedy_ting-HUX', 'Equivalence_Line_17: NSGA3-random_dense-UX to SPEA2-random_dense-UX', 'Equivalence_Line_18: AGEMOEA2-greedy_multi-1P to NSGA2-random_dense-UX', 'Equivalence_Line_19: UNSGA3-random_dense-HUX to UNSGA3-greedy_ting-UX', 'Equivalence_Line_20: UNSGA3-random_dense-UX to SPEA2-random_dense-HUX', 'Equivalence_Line_21: NSGA3-random_dense-HUX to NSGA3-random_dense-2P', 'Equivalence_Line_22: AGEMOEA2-greedy_multi-2P to AGEMOEA2-random_dense-2P', 'Equivalence_Line_23: NSGA2-greedy_multi-HUX to NSGA2-random_dense-HUX', 'Equivalence_Line_24: NSGA2-greedy_multi-UX to UNSGA3-random_dense-2P', 'Equivalence_Line_25: AGEMOEA2-greedy_multi-UX to AGEMOEA2-random_dense-1P', 'Equivalence_Line_26: AGEMOEA2-greedy_multi-HUX to RVEA-greedy_multi-1P', 'Equivalence_Line_27: SMSEMOA-random_dense-2P to UNSGA3-random_dense-1P', 'Equivalence_Line_28: SPEA2-greedy_multi-2P to SPEA2-random_dense-2P', 'Equivalence_Line_29: SMSEMOA-greedy_ting-HUX to RVEA-greedy_multi-2P', 'Equivalence_Line_30: SPEA2-greedy_multi-1P to NSGA3-random_dense-1P', 'Equivalence_Line_31: SMSEMOA-greedy_ting-UX to SPEA2-greedy_ting-UX', 'Equivalence_Line_32: AGEMOEA2-random_dense-UX to SPEA2-greedy_ting-HUX', 'Equivalence_Line_33: AGEMOEA2-random_dense-HUX to SPEA2-random_dense-1P', 'Equivalence_Line_34: SMSEMOA-random_dense-1P to AGEMOEA2-greedy_ting-UX', 'Equivalence_Line_35: SPEA2-greedy_multi-UX to AGEMOEA2-greedy_ting-HUX', 'Equivalence_Line_36: SPEA2-greedy_multi-HUX to SMSEMOA-greedy_ting-2P', 'Equivalence_Line_37: NSGA2-greedy_ting-UX to RVEA-greedy_multi-UX', 'Equivalence_Line_38: NSGA2-greedy_ting-HUX to RVEA-greedy_multi-HUX', 'Equivalence_Line_39: UNSGA3-greedy_ting-HUX to SMSEMOA-greedy_ting-1P', 'Equivalence_Line_40: NSGA3-greedy_ting-UX to NSGA2-random_dense-2P', 'Equivalence_Line_41: NSGA3-greedy_ting-HUX to NSGA2-random_dense-1P', 'Equivalence_Line_42: SPEA2-random_dense-UX to RVEA-random_dense-HUX', 'Equivalence_Line_43: NSGA2-random_dense-UX to RVEA-random_dense-UX', 'Equivalence_Line_44: UNSGA3-greedy_ting-UX to UNSGA3-greedy_ting-2P', 'Equivalence_Line_45: SPEA2-random_dense-HUX to SPEA2-greedy_ting-1P', 'Equivalence_Line_46: NSGA3-random_dense-2P to RVEA-random_dense-2P', 'Equivalence_Line_47: AGEMOEA2-random_dense-2P to NSGA3-greedy_ting-2P', 'Equivalence_Line_48: NSGA2-random_dense-HUX to NSGA2-greedy_ting-2P', 'Equivalence_Line_49: UNSGA3-random_dense-2P to SPEA2-greedy_ting-2P', 'Equivalence_Line_50: AGEMOEA2-random_dense-1P to RVEA-random_dense-1P', 'Equivalence_Line_51: RVEA-greedy_multi-1P to UNSGA3-greedy_ting-1P', 'Equivalence_Line_52: UNSGA3-random_dense-1P to AGEMOEA2-greedy_ting-2P', 'Equivalence_Line_53: SPEA2-random_dense-2P to NSGA3-greedy_ting-1P', 'Equivalence_Line_54: RVEA-greedy_multi-2P to NSGA2-greedy_ting-1P', 'Equivalence_Line_55: NSGA3-random_dense-1P to RVEA-greedy_ting-HUX', 'Equivalence_Line_56: SPEA2-greedy_ting-UX to RVEA-greedy_ting-UX', 'Equivalence_Line_57: SPEA2-greedy_ting-HUX to AGEMOEA2-greedy_ting-1P', 'Equivalence_Line_58: SPEA2-random_dense-1P to RVEA-greedy_ting-2P', 'Equivalence_Line_59: AGEMOEA2-greedy_ting-UX to RVEA-greedy_ting-1P']"
AGEMOEA2-greedy_multi-HUX,0.0040832957957188,"['Equivalence_Line_1: SMSEMOA-random_dense-HUX to AGEMOEA2-greedy_multi-HUX', 'Equivalence_Line_2: SMSEMOA-random_dense-UX to SMSEMOA-random_dense-2P', 'Equivalence_Line_3: SMSEMOA-greedy_multi-1P to SPEA2-greedy_multi-2P', 'Equivalence_Line_4: SMSEMOA-greedy_multi-2P to SMSEMOA-greedy_ting-HUX', 'Equivalence_Line_5: SMSEMOA-greedy_multi-HUX to SPEA2-greedy_multi-1P', 'Equivalence_Line_6: SMSEMOA-greedy_multi-UX to SMSEMOA-greedy_ting-UX', 'Equivalence_Line_7: NSGA3-greedy_multi-1P to AGEMOEA2-random_dense-UX', 'Equivalence_Line_8: UNSGA3-greedy_multi-2P to AGEMOEA2-random_dense-HUX', 'Equivalence_Line_9: NSGA3-greedy_multi-HUX to SMSEMOA-random_dense-1P', 'Equivalence_Line_10: UNSGA3-greedy_multi-UX to SPEA2-greedy_multi-UX', 'Equivalence_Line_11: UNSGA3-greedy_multi-HUX to SPEA2-greedy_multi-HUX', 'Equivalence_Line_12: NSGA3-greedy_multi-UX to NSGA2-greedy_ting-UX', 'Equivalence_Line_13: UNSGA3-greedy_multi-1P to NSGA2-greedy_ting-HUX', 'Equivalence_Line_14: NSGA2-greedy_multi-1P to UNSGA3-greedy_ting-HUX', 'Equivalence_Line_15: NSGA3-greedy_multi-2P to NSGA3-greedy_ting-UX', 'Equivalence_Line_16: NSGA2-greedy_multi-2P to NSGA3-greedy_ting-HUX', 'Equivalence_Line_17: NSGA3-random_dense-UX to SPEA2-random_dense-UX', 'Equivalence_Line_18: AGEMOEA2-greedy_multi-1P to NSGA2-random_dense-UX', 'Equivalence_Line_19: UNSGA3-random_dense-HUX to UNSGA3-greedy_ting-UX', 'Equivalence_Line_20: UNSGA3-random_dense-UX to SPEA2-random_dense-HUX', 'Equivalence_Line_21: NSGA3-random_dense-HUX to NSGA3-random_dense-2P', 'Equivalence_Line_22: AGEMOEA2-greedy_multi-2P to AGEMOEA2-random_dense-2P', 'Equivalence_Line_23: NSGA2-greedy_multi-HUX to NSGA2-random_dense-HUX', 'Equivalence_Line_24: NSGA2-greedy_multi-UX to UNSGA3-random_dense-2P', 'Equivalence_Line_25: AGEMOEA2-greedy_multi-UX to AGEMOEA2-random_dense-1P', 'Equivalence_Line_26: AGEMOEA2-greedy_multi-HUX to RVEA-greedy_multi-1P', 'Equivalence_Line_27: SMSEMOA-random_dense-2P to UNSGA3-random_dense-1P', 'Equivalence_Line_28: SPEA2-greedy_multi-2P to SPEA2-random_dense-2P', 'Equivalence_Line_29: SMSEMOA-greedy_ting-HUX to RVEA-greedy_multi-2P', 'Equivalence_Line_30: SPEA2-greedy_multi-1P to NSGA3-random_dense-1P', 'Equivalence_Line_31: SMSEMOA-greedy_ting-UX to SPEA2-greedy_ting-UX', 'Equivalence_Line_32: AGEMOEA2-random_dense-UX to SPEA2-greedy_ting-HUX', 'Equivalence_Line_33: AGEMOEA2-random_dense-HUX to SPEA2-random_dense-1P', 'Equivalence_Line_34: SMSEMOA-random_dense-1P to AGEMOEA2-greedy_ting-UX', 'Equivalence_Line_35: SPEA2-greedy_multi-UX to AGEMOEA2-greedy_ting-HUX', 'Equivalence_Line_36: SPEA2-greedy_multi-HUX to SMSEMOA-greedy_ting-2P', 'Equivalence_Line_37: NSGA2-greedy_ting-UX to RVEA-greedy_multi-UX', 'Equivalence_Line_38: NSGA2-greedy_ting-HUX to RVEA-greedy_multi-HUX', 'Equivalence_Line_39: UNSGA3-greedy_ting-HUX to SMSEMOA-greedy_ting-1P', 'Equivalence_Line_40: NSGA3-greedy_ting-UX to NSGA2-random_dense-2P', 'Equivalence_Line_41: NSGA3-greedy_ting-HUX to NSGA2-random_dense-1P', 'Equivalence_Line_42: SPEA2-random_dense-UX to RVEA-random_dense-HUX', 'Equivalence_Line_43: NSGA2-random_dense-UX to RVEA-random_dense-UX', 'Equivalence_Line_44: UNSGA3-greedy_ting-UX to UNSGA3-greedy_ting-2P', 'Equivalence_Line_45: SPEA2-random_dense-HUX to SPEA2-greedy_ting-1P', 'Equivalence_Line_46: NSGA3-random_dense-2P to RVEA-random_dense-2P', 'Equivalence_Line_47: AGEMOEA2-random_dense-2P to NSGA3-greedy_ting-2P', 'Equivalence_Line_48: NSGA2-random_dense-HUX to NSGA2-greedy_ting-2P', 'Equivalence_Line_49: UNSGA3-random_dense-2P to SPEA2-greedy_ting-2P', 'Equivalence_Line_50: AGEMOEA2-random_dense-1P to RVEA-random_dense-1P', 'Equivalence_Line_51: RVEA-greedy_multi-1P to UNSGA3-greedy_ting-1P', 'Equivalence_Line_52: UNSGA3-random_dense-1P to AGEMOEA2-greedy_ting-2P', 'Equivalence_Line_53: SPEA2-random_dense-2P to NSGA3-greedy_ting-1P', 'Equivalence_Line_54: RVEA-greedy_multi-2P to NSGA2-greedy_ting-1P', 'Equivalence_Line_55: NSGA3-random_dense-1P to RVEA-greedy_ting-HUX', 'Equivalence_Line_56: SPEA2-greedy_ting-UX to RVEA-greedy_ting-UX', 'Equivalence_Line_57: SPEA2-greedy_ting-HUX to AGEMOEA2-greedy_ting-1P', 'Equivalence_Line_58: SPEA2-random_dense-1P to RVEA-greedy_ting-2P', 'Equivalence_Line_59: AGEMOEA2-greedy_ting-UX to RVEA-greedy_ting-1P']"
SMSEMOA-random_dense-2P,0.0043264300459729,"['Equivalence_Line_1: SMSEMOA-random_dense-HUX to AGEMOEA2-greedy_multi-HUX', 'Equivalence_Line_2: SMSEMOA-random_dense-UX to SMSEMOA-random_dense-2P', 'Equivalence_Line_3: SMSEMOA-greedy_multi-1P to SPEA2-greedy_multi-2P', 'Equivalence_Line_4: SMSEMOA-greedy_multi-2P to SMSEMOA-greedy_ting-HUX', 'Equivalence_Line_5: SMSEMOA-greedy_multi-HUX to SPEA2-greedy_multi-1P', 'Equivalence_Line_6: SMSEMOA-greedy_multi-UX to SMSEMOA-greedy_ting-UX', 'Equivalence_Line_7: NSGA3-greedy_multi-1P to AGEMOEA2-random_dense-UX', 'Equivalence_Line_8: UNSGA3-greedy_multi-2P to AGEMOEA2-random_dense-HUX', 'Equivalence_Line_9: NSGA3-greedy_multi-HUX to SMSEMOA-random_dense-1P', 'Equivalence_Line_10: UNSGA3-greedy_multi-UX to SPEA2-greedy_multi-UX', 'Equivalence_Line_11: UNSGA3-greedy_multi-HUX to SPEA2-greedy_multi-HUX', 'Equivalence_Line_12: NSGA3-greedy_multi-UX to NSGA2-greedy_ting-UX', 'Equivalence_Line_13: UNSGA3-greedy_multi-1P to NSGA2-greedy_ting-HUX', 'Equivalence_Line_14: NSGA2-greedy_multi-1P to UNSGA3-greedy_ting-HUX', 'Equivalence_Line_15: NSGA3-greedy_multi-2P to NSGA3-greedy_ting-UX', 'Equivalence_Line_16: NSGA2-greedy_multi-2P to NSGA3-greedy_ting-HUX', 'Equivalence_Line_17: NSGA3-random_dense-UX to SPEA2-random_dense-UX', 'Equivalence_Line_18: AGEMOEA2-greedy_multi-1P to NSGA2-random_dense-UX', 'Equivalence_Line_19: UNSGA3-random_dense-HUX to UNSGA3-greedy_ting-UX', 'Equivalence_Line_20: UNSGA3-random_dense-UX to SPEA2-random_dense-HUX', 'Equivalence_Line_21: NSGA3-random_dense-HUX to NSGA3-random_dense-2P', 'Equivalence_Line_22: AGEMOEA2-greedy_multi-2P to AGEMOEA2-random_dense-2P', 'Equivalence_Line_23: NSGA2-greedy_multi-HUX to NSGA2-random_dense-HUX', 'Equivalence_Line_24: NSGA2-greedy_multi-UX to UNSGA3-random_dense-2P', 'Equivalence_Line_25: AGEMOEA2-greedy_multi-UX to AGEMOEA2-random_dense-1P', 'Equivalence_Line_26: AGEMOEA2-greedy_multi-HUX to RVEA-greedy_multi-1P', 'Equivalence_Line_27: SMSEMOA-random_dense-2P to UNSGA3-random_dense-1P', 'Equivalence_Line_28: SPEA2-greedy_multi-2P to SPEA2-random_dense-2P', 'Equivalence_Line_29: SMSEMOA-greedy_ting-HUX to RVEA-greedy_multi-2P', 'Equivalence_Line_30: SPEA2-greedy_multi-1P to NSGA3-random_dense-1P', 'Equivalence_Line_31: SMSEMOA-greedy_ting-UX to SPEA2-greedy_ting-UX', 'Equivalence_Line_32: AGEMOEA2-random_dense-UX to SPEA2-greedy_ting-HUX', 'Equivalence_Line_33: AGEMOEA2-random_dense-HUX to SPEA2-random_dense-1P', 'Equivalence_Line_34: SMSEMOA-random_dense-1P to AGEMOEA2-greedy_ting-UX', 'Equivalence_Line_35: SPEA2-greedy_multi-UX to AGEMOEA2-greedy_ting-HUX', 'Equivalence_Line_36: SPEA2-greedy_multi-HUX to SMSEMOA-greedy_ting-2P', 'Equivalence_Line_37: NSGA2-greedy_ting-UX to RVEA-greedy_multi-UX', 'Equivalence_Line_38: NSGA2-greedy_ting-HUX to RVEA-greedy_multi-HUX', 'Equivalence_Line_39: UNSGA3-greedy_ting-HUX to SMSEMOA-greedy_ting-1P', 'Equivalence_Line_40: NSGA3-greedy_ting-UX to NSGA2-random_dense-2P', 'Equivalence_Line_41: NSGA3-greedy_ting-HUX to NSGA2-random_dense-1P', 'Equivalence_Line_42: SPEA2-random_dense-UX to RVEA-random_dense-HUX', 'Equivalence_Line_43: NSGA2-random_dense-UX to RVEA-random_dense-UX', 'Equivalence_Line_44: UNSGA3-greedy_ting-UX to UNSGA3-greedy_ting-2P', 'Equivalence_Line_45: SPEA2-random_dense-HUX to SPEA2-greedy_ting-1P', 'Equivalence_Line_46: NSGA3-random_dense-2P to RVEA-random_dense-2P', 'Equivalence_Line_47: AGEMOEA2-random_dense-2P to NSGA3-greedy_ting-2P', 'Equivalence_Line_48: NSGA2-random_dense-HUX to NSGA2-greedy_ting-2P', 'Equivalence_Line_49: UNSGA3-random_dense-2P to SPEA2-greedy_ting-2P', 'Equivalence_Line_50: AGEMOEA2-random_dense-1P to RVEA-random_dense-1P', 'Equivalence_Line_51: RVEA-greedy_multi-1P to UNSGA3-greedy_ting-1P', 'Equivalence_Line_52: UNSGA3-random_dense-1P to AGEMOEA2-greedy_ting-2P', 'Equivalence_Line_53: SPEA2-random_dense-2P to NSGA3-greedy_ting-1P', 'Equivalence_Line_54: RVEA-greedy_multi-2P to NSGA2-greedy_ting-1P', 'Equivalence_Line_55: NSGA3-random_dense-1P to RVEA-greedy_ting-HUX', 'Equivalence_Line_56: SPEA2-greedy_ting-UX to RVEA-greedy_ting-UX', 'Equivalence_Line_57: SPEA2-greedy_ting-HUX to AGEMOEA2-greedy_ting-1P', 'Equivalence_Line_58: SPEA2-random_dense-1P to RVEA-greedy_ting-2P', 'Equivalence_Line_59: AGEMOEA2-greedy_ting-UX to RVEA-greedy_ting-1P']"
SPEA2-greedy_multi-2P,0.004631924392147,"['Equivalence_Line_1: SMSEMOA-random_dense-HUX to AGEMOEA2-greedy_multi-HUX', 'Equivalence_Line_2: SMSEMOA-random_dense-UX to SMSEMOA-random_dense-2P', 'Equivalence_Line_3: SMSEMOA-greedy_multi-1P to SPEA2-greedy_multi-2P', 'Equivalence_Line_4: SMSEMOA-greedy_multi-2P to SMSEMOA-greedy_ting-HUX', 'Equivalence_Line_5: SMSEMOA-greedy_multi-HUX to SPEA2-greedy_multi-1P', 'Equivalence_Line_6: SMSEMOA-greedy_multi-UX to SMSEMOA-greedy_ting-UX', 'Equivalence_Line_7: NSGA3-greedy_multi-1P to AGEMOEA2-random_dense-UX', 'Equivalence_Line_8: UNSGA3-greedy_multi-2P to AGEMOEA2-random_dense-HUX', 'Equivalence_Line_9: NSGA3-greedy_multi-HUX to SMSEMOA-random_dense-1P', 'Equivalence_Line_10: UNSGA3-greedy_multi-UX to SPEA2-greedy_multi-UX', 'Equivalence_Line_11: UNSGA3-greedy_multi-HUX to SPEA2-greedy_multi-HUX', 'Equivalence_Line_12: NSGA3-greedy_multi-UX to NSGA2-greedy_ting-UX', 'Equivalence_Line_13: UNSGA3-greedy_multi-1P to NSGA2-greedy_ting-HUX', 'Equivalence_Line_14: NSGA2-greedy_multi-1P to UNSGA3-greedy_ting-HUX', 'Equivalence_Line_15: NSGA3-greedy_multi-2P to NSGA3-greedy_ting-UX', 'Equivalence_Line_16: NSGA2-greedy_multi-2P to NSGA3-greedy_ting-HUX', 'Equivalence_Line_17: NSGA3-random_dense-UX to SPEA2-random_dense-UX', 'Equivalence_Line_18: AGEMOEA2-greedy_multi-1P to NSGA2-random_dense-UX', 'Equivalence_Line_19: UNSGA3-random_dense-HUX to UNSGA3-greedy_ting-UX', 'Equivalence_Line_20: UNSGA3-random_dense-UX to SPEA2-random_dense-HUX', 'Equivalence_Line_21: NSGA3-random_dense-HUX to NSGA3-random_dense-2P', 'Equivalence_Line_22: AGEMOEA2-greedy_multi-2P to AGEMOEA2-random_dense-2P', 'Equivalence_Line_23: NSGA2-greedy_multi-HUX to NSGA2-random_dense-HUX', 'Equivalence_Line_24: NSGA2-greedy_multi-UX to UNSGA3-random_dense-2P', 'Equivalence_Line_25: AGEMOEA2-greedy_multi-UX to AGEMOEA2-random_dense-1P', 'Equivalence_Line_26: AGEMOEA2-greedy_multi-HUX to RVEA-greedy_multi-1P', 'Equivalence_Line_27: SMSEMOA-random_dense-2P to UNSGA3-random_dense-1P', 'Equivalence_Line_28: SPEA2-greedy_multi-2P to SPEA2-random_dense-2P', 'Equivalence_Line_29: SMSEMOA-greedy_ting-HUX to RVEA-greedy_multi-2P', 'Equivalence_Line_30: SPEA2-greedy_multi-1P to NSGA3-random_dense-1P', 'Equivalence_Line_31: SMSEMOA-greedy_ting-UX to SPEA2-greedy_ting-UX', 'Equivalence_Line_32: AGEMOEA2-random_dense-UX to SPEA2-greedy_ting-HUX', 'Equivalence_Line_33: AGEMOEA2-random_dense-HUX to SPEA2-random_dense-1P', 'Equivalence_Line_34: SMSEMOA-random_dense-1P to AGEMOEA2-greedy_ting-UX', 'Equivalence_Line_35: SPEA2-greedy_multi-UX to AGEMOEA2-greedy_ting-HUX', 'Equivalence_Line_36: SPEA2-greedy_multi-HUX to SMSEMOA-greedy_ting-2P', 'Equivalence_Line_37: NSGA2-greedy_ting-UX to RVEA-greedy_multi-UX', 'Equivalence_Line_38: NSGA2-greedy_ting-HUX to RVEA-greedy_multi-HUX', 'Equivalence_Line_39: UNSGA3-greedy_ting-HUX to SMSEMOA-greedy_ting-1P', 'Equivalence_Line_40: NSGA3-greedy_ting-UX to NSGA2-random_dense-2P', 'Equivalence_Line_41: NSGA3-greedy_ting-HUX to NSGA2-random_dense-1P', 'Equivalence_Line_42: SPEA2-random_dense-UX to RVEA-random_dense-HUX', 'Equivalence_Line_43: NSGA2-random_dense-UX to RVEA-random_dense-UX', 'Equivalence_Line_44: UNSGA3-greedy_ting-UX to UNSGA3-greedy_ting-2P', 'Equivalence_Line_45: SPEA2-random_dense-HUX to SPEA2-greedy_ting-1P', 'Equivalence_Line_46: NSGA3-random_dense-2P to RVEA-random_dense-2P', 'Equivalence_Line_47: AGEMOEA2-random_dense-2P to NSGA3-greedy_ting-2P', 'Equivalence_Line_48: NSGA2-random_dense-HUX to NSGA2-greedy_ting-2P', 'Equivalence_Line_49: UNSGA3-random_dense-2P to SPEA2-greedy_ting-2P', 'Equivalence_Line_50: AGEMOEA2-random_dense-1P to RVEA-random_dense-1P', 'Equivalence_Line_51: RVEA-greedy_multi-1P to UNSGA3-greedy_ting-1P', 'Equivalence_Line_52: UNSGA3-random_dense-1P to AGEMOEA2-greedy_ting-2P', 'Equivalence_Line_53: SPEA2-random_dense-2P to NSGA3-greedy_ting-1P', 'Equivalence_Line_54: RVEA-greedy_multi-2P to NSGA2-greedy_ting-1P', 'Equivalence_Line_55: NSGA3-random_dense-1P to RVEA-greedy_ting-HUX', 'Equivalence_Line_56: SPEA2-greedy_ting-UX to RVEA-greedy_ting-UX', 'Equivalence_Line_57: SPEA2-greedy_ting-HUX to AGEMOEA2-greedy_ting-1P', 'Equivalence_Line_58: SPEA2-random_dense-1P to RVEA-greedy_ting-2P', 'Equivalence_Line_59: AGEMOEA2-greedy_ting-UX to RVEA-greedy_ting-1P']"
SMSEMOA-greedy_ting-HUX,0.0046332543502784,"['Equivalence_Line_1: SMSEMOA-random_dense-HUX to AGEMOEA2-greedy_multi-HUX', 'Equivalence_Line_2: SMSEMOA-random_dense-UX to SMSEMOA-random_dense-2P', 'Equivalence_Line_3: SMSEMOA-greedy_multi-1P to SPEA2-greedy_multi-2P', 'Equivalence_Line_4: SMSEMOA-greedy_multi-2P to SMSEMOA-greedy_ting-HUX', 'Equivalence_Line_5: SMSEMOA-greedy_multi-HUX to SPEA2-greedy_multi-1P', 'Equivalence_Line_6: SMSEMOA-greedy_multi-UX to SMSEMOA-greedy_ting-UX', 'Equivalence_Line_7: NSGA3-greedy_multi-1P to AGEMOEA2-random_dense-UX', 'Equivalence_Line_8: UNSGA3-greedy_multi-2P to AGEMOEA2-random_dense-HUX', 'Equivalence_Line_9: NSGA3-greedy_multi-HUX to SMSEMOA-random_dense-1P', 'Equivalence_Line_10: UNSGA3-greedy_multi-UX to SPEA2-greedy_multi-UX', 'Equivalence_Line_11: UNSGA3-greedy_multi-HUX to SPEA2-greedy_multi-HUX', 'Equivalence_Line_12: NSGA3-greedy_multi-UX to NSGA2-greedy_ting-UX', 'Equivalence_Line_13: UNSGA3-greedy_multi-1P to NSGA2-greedy_ting-HUX', 'Equivalence_Line_14: NSGA2-greedy_multi-1P to UNSGA3-greedy_ting-HUX', 'Equivalence_Line_15: NSGA3-greedy_multi-2P to NSGA3-greedy_ting-UX', 'Equivalence_Line_16: NSGA2-greedy_multi-2P to NSGA3-greedy_ting-HUX', 'Equivalence_Line_17: NSGA3-random_dense-UX to SPEA2-random_dense-UX', 'Equivalence_Line_18: AGEMOEA2-greedy_multi-1P to NSGA2-random_dense-UX', 'Equivalence_Line_19: UNSGA3-random_dense-HUX to UNSGA3-greedy_ting-UX', 'Equivalence_Line_20: UNSGA3-random_dense-UX to SPEA2-random_dense-HUX', 'Equivalence_Line_21: NSGA3-random_dense-HUX to NSGA3-random_dense-2P', 'Equivalence_Line_22: AGEMOEA2-greedy_multi-2P to AGEMOEA2-random_dense-2P', 'Equivalence_Line_23: NSGA2-greedy_multi-HUX to NSGA2-random_dense-HUX', 'Equivalence_Line_24: NSGA2-greedy_multi-UX to UNSGA3-random_dense-2P', 'Equivalence_Line_25: AGEMOEA2-greedy_multi-UX to AGEMOEA2-random_dense-1P', 'Equivalence_Line_26: AGEMOEA2-greedy_multi-HUX to RVEA-greedy_multi-1P', 'Equivalence_Line_27: SMSEMOA-random_dense-2P to UNSGA3-random_dense-1P', 'Equivalence_Line_28: SPEA2-greedy_multi-2P to SPEA2-random_dense-2P', 'Equivalence_Line_29: SMSEMOA-greedy_ting-HUX to RVEA-greedy_multi-2P', 'Equivalence_Line_30: SPEA2-greedy_multi-1P to NSGA3-random_dense-1P', 'Equivalence_Line_31: SMSEMOA-greedy_ting-UX to SPEA2-greedy_ting-UX', 'Equivalence_Line_32: AGEMOEA2-random_dense-UX to SPEA2-greedy_ting-HUX', 'Equivalence_Line_33: AGEMOEA2-random_dense-HUX to SPEA2-random_dense-1P', 'Equivalence_Line_34: SMSEMOA-random_dense-1P to AGEMOEA2-greedy_ting-UX', 'Equivalence_Line_35: SPEA2-greedy_multi-UX to AGEMOEA2-greedy_ting-HUX', 'Equivalence_Line_36: SPEA2-greedy_multi-HUX to SMSEMOA-greedy_ting-2P', 'Equivalence_Line_37: NSGA2-greedy_ting-UX to RVEA-greedy_multi-UX', 'Equivalence_Line_38: NSGA2-greedy_ting-HUX to RVEA-greedy_multi-HUX', 'Equivalence_Line_39: UNSGA3-greedy_ting-HUX to SMSEMOA-greedy_ting-1P', 'Equivalence_Line_40: NSGA3-greedy_ting-UX to NSGA2-random_dense-2P', 'Equivalence_Line_41: NSGA3-greedy_ting-HUX to NSGA2-random_dense-1P', 'Equivalence_Line_42: SPEA2-random_dense-UX to RVEA-random_dense-HUX', 'Equivalence_Line_43: NSGA2-random_dense-UX to RVEA-random_dense-UX', 'Equivalence_Line_44: UNSGA3-greedy_ting-UX to UNSGA3-greedy_ting-2P', 'Equivalence_Line_45: SPEA2-random_dense-HUX to SPEA2-greedy_ting-1P', 'Equivalence_Line_46: NSGA3-random_dense-2P to RVEA-random_dense-2P', 'Equivalence_Line_47: AGEMOEA2-random_dense-2P to NSGA3-greedy_ting-2P', 'Equivalence_Line_48: NSGA2-random_dense-HUX to NSGA2-greedy_ting-2P', 'Equivalence_Line_49: UNSGA3-random_dense-2P to SPEA2-greedy_ting-2P', 'Equivalence_Line_50: AGEMOEA2-random_dense-1P to RVEA-random_dense-1P', 'Equivalence_Line_51: RVEA-greedy_multi-1P to UNSGA3-greedy_ting-1P', 'Equivalence_Line_52: UNSGA3-random_dense-1P to AGEMOEA2-greedy_ting-2P', 'Equivalence_Line_53: SPEA2-random_dense-2P to NSGA3-greedy_ting-1P', 'Equivalence_Line_54: RVEA-greedy_multi-2P to NSGA2-greedy_ting-1P', 'Equivalence_Line_55: NSGA3-random_dense-1P to RVEA-greedy_ting-HUX', 'Equivalence_Line_56: SPEA2-greedy_ting-UX to RVEA-greedy_ting-UX', 'Equivalence_Line_57: SPEA2-greedy_ting-HUX to AGEMOEA2-greedy_ting-1P', 'Equivalence_Line_58: SPEA2-random_dense-1P to RVEA-greedy_ting-2P', 'Equivalence_Line_59: AGEMOEA2-greedy_ting-UX to RVEA-greedy_ting-1P']"
SPEA2-greedy_multi-1P,0.0048959983608666,"['Equivalence_Line_1: SMSEMOA-random_dense-HUX to AGEMOEA2-greedy_multi-HUX', 'Equivalence_Line_2: SMSEMOA-random_dense-UX to SMSEMOA-random_dense-2P', 'Equivalence_Line_3: SMSEMOA-greedy_multi-1P to SPEA2-greedy_multi-2P', 'Equivalence_Line_4: SMSEMOA-greedy_multi-2P to SMSEMOA-greedy_ting-HUX', 'Equivalence_Line_5: SMSEMOA-greedy_multi-HUX to SPEA2-greedy_multi-1P', 'Equivalence_Line_6: SMSEMOA-greedy_multi-UX to SMSEMOA-greedy_ting-UX', 'Equivalence_Line_7: NSGA3-greedy_multi-1P to AGEMOEA2-random_dense-UX', 'Equivalence_Line_8: UNSGA3-greedy_multi-2P to AGEMOEA2-random_dense-HUX', 'Equivalence_Line_9: NSGA3-greedy_multi-HUX to SMSEMOA-random_dense-1P', 'Equivalence_Line_10: UNSGA3-greedy_multi-UX to SPEA2-greedy_multi-UX', 'Equivalence_Line_11: UNSGA3-greedy_multi-HUX to SPEA2-greedy_multi-HUX', 'Equivalence_Line_12: NSGA3-greedy_multi-UX to NSGA2-greedy_ting-UX', 'Equivalence_Line_13: UNSGA3-greedy_multi-1P to NSGA2-greedy_ting-HUX', 'Equivalence_Line_14: NSGA2-greedy_multi-1P to UNSGA3-greedy_ting-HUX', 'Equivalence_Line_15: NSGA3-greedy_multi-2P to NSGA3-greedy_ting-UX', 'Equivalence_Line_16: NSGA2-greedy_multi-2P to NSGA3-greedy_ting-HUX', 'Equivalence_Line_17: NSGA3-random_dense-UX to SPEA2-random_dense-UX', 'Equivalence_Line_18: AGEMOEA2-greedy_multi-1P to NSGA2-random_dense-UX', 'Equivalence_Line_19: UNSGA3-random_dense-HUX to UNSGA3-greedy_ting-UX', 'Equivalence_Line_20: UNSGA3-random_dense-UX to SPEA2-random_dense-HUX', 'Equivalence_Line_21: NSGA3-random_dense-HUX to NSGA3-random_dense-2P', 'Equivalence_Line_22: AGEMOEA2-greedy_multi-2P to AGEMOEA2-random_dense-2P', 'Equivalence_Line_23: NSGA2-greedy_multi-HUX to NSGA2-random_dense-HUX', 'Equivalence_Line_24: NSGA2-greedy_multi-UX to UNSGA3-random_dense-2P', 'Equivalence_Line_25: AGEMOEA2-greedy_multi-UX to AGEMOEA2-random_dense-1P', 'Equivalence_Line_26: AGEMOEA2-greedy_multi-HUX to RVEA-greedy_multi-1P', 'Equivalence_Line_27: SMSEMOA-random_dense-2P to UNSGA3-random_dense-1P', 'Equivalence_Line_28: SPEA2-greedy_multi-2P to SPEA2-random_dense-2P', 'Equivalence_Line_29: SMSEMOA-greedy_ting-HUX to RVEA-greedy_multi-2P', 'Equivalence_Line_30: SPEA2-greedy_multi-1P to NSGA3-random_dense-1P', 'Equivalence_Line_31: SMSEMOA-greedy_ting-UX to SPEA2-greedy_ting-UX', 'Equivalence_Line_32: AGEMOEA2-random_dense-UX to SPEA2-greedy_ting-HUX', 'Equivalence_Line_33: AGEMOEA2-random_dense-HUX to SPEA2-random_dense-1P', 'Equivalence_Line_34: SMSEMOA-random_dense-1P to AGEMOEA2-greedy_ting-UX', 'Equivalence_Line_35: SPEA2-greedy_multi-UX to AGEMOEA2-greedy_ting-HUX', 'Equivalence_Line_36: SPEA2-greedy_multi-HUX to SMSEMOA-greedy_ting-2P', 'Equivalence_Line_37: NSGA2-greedy_ting-UX to RVEA-greedy_multi-UX', 'Equivalence_Line_38: NSGA2-greedy_ting-HUX to RVEA-greedy_multi-HUX', 'Equivalence_Line_39: UNSGA3-greedy_ting-HUX to SMSEMOA-greedy_ting-1P', 'Equivalence_Line_40: NSGA3-greedy_ting-UX to NSGA2-random_dense-2P', 'Equivalence_Line_41: NSGA3-greedy_ting-HUX to NSGA2-random_dense-1P', 'Equivalence_Line_42: SPEA2-random_dense-UX to RVEA-random_dense-HUX', 'Equivalence_Line_43: NSGA2-random_dense-UX to RVEA-random_dense-UX', 'Equivalence_Line_44: UNSGA3-greedy_ting-UX to UNSGA3-greedy_ting-2P', 'Equivalence_Line_45: SPEA2-random_dense-HUX to SPEA2-greedy_ting-1P', 'Equivalence_Line_46: NSGA3-random_dense-2P to RVEA-random_dense-2P', 'Equivalence_Line_47: AGEMOEA2-random_dense-2P to NSGA3-greedy_ting-2P', 'Equivalence_Line_48: NSGA2-random_dense-HUX to NSGA2-greedy_ting-2P', 'Equivalence_Line_49: UNSGA3-random_dense-2P to SPEA2-greedy_ting-2P', 'Equivalence_Line_50: AGEMOEA2-random_dense-1P to RVEA-random_dense-1P', 'Equivalence_Line_51: RVEA-greedy_multi-1P to UNSGA3-greedy_ting-1P', 'Equivalence_Line_52: UNSGA3-random_dense-1P to AGEMOEA2-greedy_ting-2P', 'Equivalence_Line_53: SPEA2-random_dense-2P to NSGA3-greedy_ting-1P', 'Equivalence_Line_54: RVEA-greedy_multi-2P to NSGA2-greedy_ting-1P', 'Equivalence_Line_55: NSGA3-random_dense-1P to RVEA-greedy_ting-HUX', 'Equivalence_Line_56: SPEA2-greedy_ting-UX to RVEA-greedy_ting-UX', 'Equivalence_Line_57: SPEA2-greedy_ting-HUX to AGEMOEA2-greedy_ting-1P', 'Equivalence_Line_58: SPEA2-random_dense-1P to RVEA-greedy_ting-2P', 'Equivalence_Line_59: AGEMOEA2-greedy_ting-UX to RVEA-greedy_ting-1P']"
SMSEMOA-greedy_ting-UX,0.0049385995847435,"['Equivalence_Line_1: SMSEMOA-random_dense-HUX to AGEMOEA2-greedy_multi-HUX', 'Equivalence_Line_2: SMSEMOA-random_dense-UX to SMSEMOA-random_dense-2P', 'Equivalence_Line_3: SMSEMOA-greedy_multi-1P to SPEA2-greedy_multi-2P', 'Equivalence_Line_4: SMSEMOA-greedy_multi-2P to SMSEMOA-greedy_ting-HUX', 'Equivalence_Line_5: SMSEMOA-greedy_multi-HUX to SPEA2-greedy_multi-1P', 'Equivalence_Line_6: SMSEMOA-greedy_multi-UX to SMSEMOA-greedy_ting-UX', 'Equivalence_Line_7: NSGA3-greedy_multi-1P to AGEMOEA2-random_dense-UX', 'Equivalence_Line_8: UNSGA3-greedy_multi-2P to AGEMOEA2-random_dense-HUX', 'Equivalence_Line_9: NSGA3-greedy_multi-HUX to SMSEMOA-random_dense-1P', 'Equivalence_Line_10: UNSGA3-greedy_multi-UX to SPEA2-greedy_multi-UX', 'Equivalence_Line_11: UNSGA3-greedy_multi-HUX to SPEA2-greedy_multi-HUX', 'Equivalence_Line_12: NSGA3-greedy_multi-UX to NSGA2-greedy_ting-UX', 'Equivalence_Line_13: UNSGA3-greedy_multi-1P to NSGA2-greedy_ting-HUX', 'Equivalence_Line_14: NSGA2-greedy_multi-1P to UNSGA3-greedy_ting-HUX', 'Equivalence_Line_15: NSGA3-greedy_multi-2P to NSGA3-greedy_ting-UX', 'Equivalence_Line_16: NSGA2-greedy_multi-2P to NSGA3-greedy_ting-HUX', 'Equivalence_Line_17: NSGA3-random_dense-UX to SPEA2-random_dense-UX', 'Equivalence_Line_18: AGEMOEA2-greedy_multi-1P to NSGA2-random_dense-UX', 'Equivalence_Line_19: UNSGA3-random_dense-HUX to UNSGA3-greedy_ting-UX', 'Equivalence_Line_20: UNSGA3-random_dense-UX to SPEA2-random_dense-HUX', 'Equivalence_Line_21: NSGA3-random_dense-HUX to NSGA3-random_dense-2P', 'Equivalence_Line_22: AGEMOEA2-greedy_multi-2P to AGEMOEA2-random_dense-2P', 'Equivalence_Line_23: NSGA2-greedy_multi-HUX to NSGA2-random_dense-HUX', 'Equivalence_Line_24: NSGA2-greedy_multi-UX to UNSGA3-random_dense-2P', 'Equivalence_Line_25: AGEMOEA2-greedy_multi-UX to AGEMOEA2-random_dense-1P', 'Equivalence_Line_26: AGEMOEA2-greedy_multi-HUX to RVEA-greedy_multi-1P', 'Equivalence_Line_27: SMSEMOA-random_dense-2P to UNSGA3-random_dense-1P', 'Equivalence_Line_28: SPEA2-greedy_multi-2P to SPEA2-random_dense-2P', 'Equivalence_Line_29: SMSEMOA-greedy_ting-HUX to RVEA-greedy_multi-2P', 'Equivalence_Line_30: SPEA2-greedy_multi-1P to NSGA3-random_dense-1P', 'Equivalence_Line_31: SMSEMOA-greedy_ting-UX to SPEA2-greedy_ting-UX', 'Equivalence_Line_32: AGEMOEA2-random_dense-UX to SPEA2-greedy_ting-HUX', 'Equivalence_Line_33: AGEMOEA2-random_dense-HUX to SPEA2-random_dense-1P', 'Equivalence_Line_34: SMSEMOA-random_dense-1P to AGEMOEA2-greedy_ting-UX', 'Equivalence_Line_35: SPEA2-greedy_multi-UX to AGEMOEA2-greedy_ting-HUX', 'Equivalence_Line_36: SPEA2-greedy_multi-HUX to SMSEMOA-greedy_ting-2P', 'Equivalence_Line_37: NSGA2-greedy_ting-UX to RVEA-greedy_multi-UX', 'Equivalence_Line_38: NSGA2-greedy_ting-HUX to RVEA-greedy_multi-HUX', 'Equivalence_Line_39: UNSGA3-greedy_ting-HUX to SMSEMOA-greedy_ting-1P', 'Equivalence_Line_40: NSGA3-greedy_ting-UX to NSGA2-random_dense-2P', 'Equivalence_Line_41: NSGA3-greedy_ting-HUX to NSGA2-random_dense-1P', 'Equivalence_Line_42: SPEA2-random_dense-UX to RVEA-random_dense-HUX', 'Equivalence_Line_43: NSGA2-random_dense-UX to RVEA-random_dense-UX', 'Equivalence_Line_44: UNSGA3-greedy_ting-UX to UNSGA3-greedy_ting-2P', 'Equivalence_Line_45: SPEA2-random_dense-HUX to SPEA2-greedy_ting-1P', 'Equivalence_Line_46: NSGA3-random_dense-2P to RVEA-random_dense-2P', 'Equivalence_Line_47: AGEMOEA2-random_dense-2P to NSGA3-greedy_ting-2P', 'Equivalence_Line_48: NSGA2-random_dense-HUX to NSGA2-greedy_ting-2P', 'Equivalence_Line_49: UNSGA3-random_dense-2P to SPEA2-greedy_ting-2P', 'Equivalence_Line_50: AGEMOEA2-random_dense-1P to RVEA-random_dense-1P', 'Equivalence_Line_51: RVEA-greedy_multi-1P to UNSGA3-greedy_ting-1P', 'Equivalence_Line_52: UNSGA3-random_dense-1P to AGEMOEA2-greedy_ting-2P', 'Equivalence_Line_53: SPEA2-random_dense-2P to NSGA3-greedy_ting-1P', 'Equivalence_Line_54: RVEA-greedy_multi-2P to NSGA2-greedy_ting-1P', 'Equivalence_Line_55: NSGA3-random_dense-1P to RVEA-greedy_ting-HUX', 'Equivalence_Line_56: SPEA2-greedy_ting-UX to RVEA-greedy_ting-UX', 'Equivalence_Line_57: SPEA2-greedy_ting-HUX to AGEMOEA2-greedy_ting-1P', 'Equivalence_Line_58: SPEA2-random_dense-1P to RVEA-greedy_ting-2P', 'Equivalence_Line_59: AGEMOEA2-greedy_ting-UX to RVEA-greedy_ting-1P']"
AGEMOEA2-random_dense-UX,0.0054871955628619,"['Equivalence_Line_1: SMSEMOA-random_dense-HUX to AGEMOEA2-greedy_multi-HUX', 'Equivalence_Line_2: SMSEMOA-random_dense-UX to SMSEMOA-random_dense-2P', 'Equivalence_Line_3: SMSEMOA-greedy_multi-1P to SPEA2-greedy_multi-2P', 'Equivalence_Line_4: SMSEMOA-greedy_multi-2P to SMSEMOA-greedy_ting-HUX', 'Equivalence_Line_5: SMSEMOA-greedy_multi-HUX to SPEA2-greedy_multi-1P', 'Equivalence_Line_6: SMSEMOA-greedy_multi-UX to SMSEMOA-greedy_ting-UX', 'Equivalence_Line_7: NSGA3-greedy_multi-1P to AGEMOEA2-random_dense-UX', 'Equivalence_Line_8: UNSGA3-greedy_multi-2P to AGEMOEA2-random_dense-HUX', 'Equivalence_Line_9: NSGA3-greedy_multi-HUX to SMSEMOA-random_dense-1P', 'Equivalence_Line_10: UNSGA3-greedy_multi-UX to SPEA2-greedy_multi-UX', 'Equivalence_Line_11: UNSGA3-greedy_multi-HUX to SPEA2-greedy_multi-HUX', 'Equivalence_Line_12: NSGA3-greedy_multi-UX to NSGA2-greedy_ting-UX', 'Equivalence_Line_13: UNSGA3-greedy_multi-1P to NSGA2-greedy_ting-HUX', 'Equivalence_Line_14: NSGA2-greedy_multi-1P to UNSGA3-greedy_ting-HUX', 'Equivalence_Line_15: NSGA3-greedy_multi-2P to NSGA3-greedy_ting-UX', 'Equivalence_Line_16: NSGA2-greedy_multi-2P to NSGA3-greedy_ting-HUX', 'Equivalence_Line_17: NSGA3-random_dense-UX to SPEA2-random_dense-UX', 'Equivalence_Line_18: AGEMOEA2-greedy_multi-1P to NSGA2-random_dense-UX', 'Equivalence_Line_19: UNSGA3-random_dense-HUX to UNSGA3-greedy_ting-UX', 'Equivalence_Line_20: UNSGA3-random_dense-UX to SPEA2-random_dense-HUX', 'Equivalence_Line_21: NSGA3-random_dense-HUX to NSGA3-random_dense-2P', 'Equivalence_Line_22: AGEMOEA2-greedy_multi-2P to AGEMOEA2-random_dense-2P', 'Equivalence_Line_23: NSGA2-greedy_multi-HUX to NSGA2-random_dense-HUX', 'Equivalence_Line_24: NSGA2-greedy_multi-UX to UNSGA3-random_dense-2P', 'Equivalence_Line_25: AGEMOEA2-greedy_multi-UX to AGEMOEA2-random_dense-1P', 'Equivalence_Line_26: AGEMOEA2-greedy_multi-HUX to RVEA-greedy_multi-1P', 'Equivalence_Line_27: SMSEMOA-random_dense-2P to UNSGA3-random_dense-1P', 'Equivalence_Line_28: SPEA2-greedy_multi-2P to SPEA2-random_dense-2P', 'Equivalence_Line_29: SMSEMOA-greedy_ting-HUX to RVEA-greedy_multi-2P', 'Equivalence_Line_30: SPEA2-greedy_multi-1P to NSGA3-random_dense-1P', 'Equivalence_Line_31: SMSEMOA-greedy_ting-UX to SPEA2-greedy_ting-UX', 'Equivalence_Line_32: AGEMOEA2-random_dense-UX to SPEA2-greedy_ting-HUX', 'Equivalence_Line_33: AGEMOEA2-random_dense-HUX to SPEA2-random_dense-1P', 'Equivalence_Line_34: SMSEMOA-random_dense-1P to AGEMOEA2-greedy_ting-UX', 'Equivalence_Line_35: SPEA2-greedy_multi-UX to AGEMOEA2-greedy_ting-HUX', 'Equivalence_Line_36: SPEA2-greedy_multi-HUX to SMSEMOA-greedy_ting-2P', 'Equivalence_Line_37: NSGA2-greedy_ting-UX to RVEA-greedy_multi-UX', 'Equivalence_Line_38: NSGA2-greedy_ting-HUX to RVEA-greedy_multi-HUX', 'Equivalence_Line_39: UNSGA3-greedy_ting-HUX to SMSEMOA-greedy_ting-1P', 'Equivalence_Line_40: NSGA3-greedy_ting-UX to NSGA2-random_dense-2P', 'Equivalence_Line_41: NSGA3-greedy_ting-HUX to NSGA2-random_dense-1P', 'Equivalence_Line_42: SPEA2-random_dense-UX to RVEA-random_dense-HUX', 'Equivalence_Line_43: NSGA2-random_dense-UX to RVEA-random_dense-UX', 'Equivalence_Line_44: UNSGA3-greedy_ting-UX to UNSGA3-greedy_ting-2P', 'Equivalence_Line_45: SPEA2-random_dense-HUX to SPEA2-greedy_ting-1P', 'Equivalence_Line_46: NSGA3-random_dense-2P to RVEA-random_dense-2P', 'Equivalence_Line_47: AGEMOEA2-random_dense-2P to NSGA3-greedy_ting-2P', 'Equivalence_Line_48: NSGA2-random_dense-HUX to NSGA2-greedy_ting-2P', 'Equivalence_Line_49: UNSGA3-random_dense-2P to SPEA2-greedy_ting-2P', 'Equivalence_Line_50: AGEMOEA2-random_dense-1P to RVEA-random_dense-1P', 'Equivalence_Line_51: RVEA-greedy_multi-1P to UNSGA3-greedy_ting-1P', 'Equivalence_Line_52: UNSGA3-random_dense-1P to AGEMOEA2-greedy_ting-2P', 'Equivalence_Line_53: SPEA2-random_dense-2P to NSGA3-greedy_ting-1P', 'Equivalence_Line_54: RVEA-greedy_multi-2P to NSGA2-greedy_ting-1P', 'Equivalence_Line_55: NSGA3-random_dense-1P to RVEA-greedy_ting-HUX', 'Equivalence_Line_56: SPEA2-greedy_ting-UX to RVEA-greedy_ting-UX', 'Equivalence_Line_57: SPEA2-greedy_ting-HUX to AGEMOEA2-greedy_ting-1P', 'Equivalence_Line_58: SPEA2-random_dense-1P to RVEA-greedy_ting-2P', 'Equivalence_Line_59: AGEMOEA2-greedy_ting-UX to RVEA-greedy_ting-1P']"
AGEMOEA2-random_dense-HUX,0.0055788052962785,"['Equivalence_Line_1: SMSEMOA-random_dense-HUX to AGEMOEA2-greedy_multi-HUX', 'Equivalence_Line_2: SMSEMOA-random_dense-UX to SMSEMOA-random_dense-2P', 'Equivalence_Line_3: SMSEMOA-greedy_multi-1P to SPEA2-greedy_multi-2P', 'Equivalence_Line_4: SMSEMOA-greedy_multi-2P to SMSEMOA-greedy_ting-HUX', 'Equivalence_Line_5: SMSEMOA-greedy_multi-HUX to SPEA2-greedy_multi-1P', 'Equivalence_Line_6: SMSEMOA-greedy_multi-UX to SMSEMOA-greedy_ting-UX', 'Equivalence_Line_7: NSGA3-greedy_multi-1P to AGEMOEA2-random_dense-UX', 'Equivalence_Line_8: UNSGA3-greedy_multi-2P to AGEMOEA2-random_dense-HUX', 'Equivalence_Line_9: NSGA3-greedy_multi-HUX to SMSEMOA-random_dense-1P', 'Equivalence_Line_10: UNSGA3-greedy_multi-UX to SPEA2-greedy_multi-UX', 'Equivalence_Line_11: UNSGA3-greedy_multi-HUX to SPEA2-greedy_multi-HUX', 'Equivalence_Line_12: NSGA3-greedy_multi-UX to NSGA2-greedy_ting-UX', 'Equivalence_Line_13: UNSGA3-greedy_multi-1P to NSGA2-greedy_ting-HUX', 'Equivalence_Line_14: NSGA2-greedy_multi-1P to UNSGA3-greedy_ting-HUX', 'Equivalence_Line_15: NSGA3-greedy_multi-2P to NSGA3-greedy_ting-UX', 'Equivalence_Line_16: NSGA2-greedy_multi-2P to NSGA3-greedy_ting-HUX', 'Equivalence_Line_17: NSGA3-random_dense-UX to SPEA2-random_dense-UX', 'Equivalence_Line_18: AGEMOEA2-greedy_multi-1P to NSGA2-random_dense-UX', 'Equivalence_Line_19: UNSGA3-random_dense-HUX to UNSGA3-greedy_ting-UX', 'Equivalence_Line_20: UNSGA3-random_dense-UX to SPEA2-random_dense-HUX', 'Equivalence_Line_21: NSGA3-random_dense-HUX to NSGA3-random_dense-2P', 'Equivalence_Line_22: AGEMOEA2-greedy_multi-2P to AGEMOEA2-random_dense-2P', 'Equivalence_Line_23: NSGA2-greedy_multi-HUX to NSGA2-random_dense-HUX', 'Equivalence_Line_24: NSGA2-greedy_multi-UX to UNSGA3-random_dense-2P', 'Equivalence_Line_25: AGEMOEA2-greedy_multi-UX to AGEMOEA2-random_dense-1P', 'Equivalence_Line_26: AGEMOEA2-greedy_multi-HUX to RVEA-greedy_multi-1P', 'Equivalence_Line_27: SMSEMOA-random_dense-2P to UNSGA3-random_dense-1P', 'Equivalence_Line_28: SPEA2-greedy_multi-2P to SPEA2-random_dense-2P', 'Equivalence_Line_29: SMSEMOA-greedy_ting-HUX to RVEA-greedy_multi-2P', 'Equivalence_Line_30: SPEA2-greedy_multi-1P to NSGA3-random_dense-1P', 'Equivalence_Line_31: SMSEMOA-greedy_ting-UX to SPEA2-greedy_ting-UX', 'Equivalence_Line_32: AGEMOEA2-random_dense-UX to SPEA2-greedy_ting-HUX', 'Equivalence_Line_33: AGEMOEA2-random_dense-HUX to SPEA2-random_dense-1P', 'Equivalence_Line_34: SMSEMOA-random_dense-1P to AGEMOEA2-greedy_ting-UX', 'Equivalence_Line_35: SPEA2-greedy_multi-UX to AGEMOEA2-greedy_ting-HUX', 'Equivalence_Line_36: SPEA2-greedy_multi-HUX to SMSEMOA-greedy_ting-2P', 'Equivalence_Line_37: NSGA2-greedy_ting-UX to RVEA-greedy_multi-UX', 'Equivalence_Line_38: NSGA2-greedy_ting-HUX to RVEA-greedy_multi-HUX', 'Equivalence_Line_39: UNSGA3-greedy_ting-HUX to SMSEMOA-greedy_ting-1P', 'Equivalence_Line_40: NSGA3-greedy_ting-UX to NSGA2-random_dense-2P', 'Equivalence_Line_41: NSGA3-greedy_ting-HUX to NSGA2-random_dense-1P', 'Equivalence_Line_42: SPEA2-random_dense-UX to RVEA-random_dense-HUX', 'Equivalence_Line_43: NSGA2-random_dense-UX to RVEA-random_dense-UX', 'Equivalence_Line_44: UNSGA3-greedy_ting-UX to UNSGA3-greedy_ting-2P', 'Equivalence_Line_45: SPEA2-random_dense-HUX to SPEA2-greedy_ting-1P', 'Equivalence_Line_46: NSGA3-random_dense-2P to RVEA-random_dense-2P', 'Equivalence_Line_47: AGEMOEA2-random_dense-2P to NSGA3-greedy_ting-2P', 'Equivalence_Line_48: NSGA2-random_dense-HUX to NSGA2-greedy_ting-2P', 'Equivalence_Line_49: UNSGA3-random_dense-2P to SPEA2-greedy_ting-2P', 'Equivalence_Line_50: AGEMOEA2-random_dense-1P to RVEA-random_dense-1P', 'Equivalence_Line_51: RVEA-greedy_multi-1P to UNSGA3-greedy_ting-1P', 'Equivalence_Line_52: UNSGA3-random_dense-1P to AGEMOEA2-greedy_ting-2P', 'Equivalence_Line_53: SPEA2-random_dense-2P to NSGA3-greedy_ting-1P', 'Equivalence_Line_54: RVEA-greedy_multi-2P to NSGA2-greedy_ting-1P', 'Equivalence_Line_55: NSGA3-random_dense-1P to RVEA-greedy_ting-HUX', 'Equivalence_Line_56: SPEA2-greedy_ting-UX to RVEA-greedy_ting-UX', 'Equivalence_Line_57: SPEA2-greedy_ting-HUX to AGEMOEA2-greedy_ting-1P', 'Equivalence_Line_58: SPEA2-random_dense-1P to RVEA-greedy_ting-2P', 'Equivalence_Line_59: AGEMOEA2-greedy_ting-UX to RVEA-greedy_ting-1P']"
SMSEMOA-random_dense-1P,0.0056663487463521,"['Equivalence_Line_1: SMSEMOA-random_dense-HUX to AGEMOEA2-greedy_multi-HUX', 'Equivalence_Line_2: SMSEMOA-random_dense-UX to SMSEMOA-random_dense-2P', 'Equivalence_Line_3: SMSEMOA-greedy_multi-1P to SPEA2-greedy_multi-2P', 'Equivalence_Line_4: SMSEMOA-greedy_multi-2P to SMSEMOA-greedy_ting-HUX', 'Equivalence_Line_5: SMSEMOA-greedy_multi-HUX to SPEA2-greedy_multi-1P', 'Equivalence_Line_6: SMSEMOA-greedy_multi-UX to SMSEMOA-greedy_ting-UX', 'Equivalence_Line_7: NSGA3-greedy_multi-1P to AGEMOEA2-random_dense-UX', 'Equivalence_Line_8: UNSGA3-greedy_multi-2P to AGEMOEA2-random_dense-HUX', 'Equivalence_Line_9: NSGA3-greedy_multi-HUX to SMSEMOA-random_dense-1P', 'Equivalence_Line_10: UNSGA3-greedy_multi-UX to SPEA2-greedy_multi-UX', 'Equivalence_Line_11: UNSGA3-greedy_multi-HUX to SPEA2-greedy_multi-HUX', 'Equivalence_Line_12: NSGA3-greedy_multi-UX to NSGA2-greedy_ting-UX', 'Equivalence_Line_13: UNSGA3-greedy_multi-1P to NSGA2-greedy_ting-HUX', 'Equivalence_Line_14: NSGA2-greedy_multi-1P to UNSGA3-greedy_ting-HUX', 'Equivalence_Line_15: NSGA3-greedy_multi-2P to NSGA3-greedy_ting-UX', 'Equivalence_Line_16: NSGA2-greedy_multi-2P to NSGA3-greedy_ting-HUX', 'Equivalence_Line_17: NSGA3-random_dense-UX to SPEA2-random_dense-UX', 'Equivalence_Line_18: AGEMOEA2-greedy_multi-1P to NSGA2-random_dense-UX', 'Equivalence_Line_19: UNSGA3-random_dense-HUX to UNSGA3-greedy_ting-UX', 'Equivalence_Line_20: UNSGA3-random_dense-UX to SPEA2-random_dense-HUX', 'Equivalence_Line_21: NSGA3-random_dense-HUX to NSGA3-random_dense-2P', 'Equivalence_Line_22: AGEMOEA2-greedy_multi-2P to AGEMOEA2-random_dense-2P', 'Equivalence_Line_23: NSGA2-greedy_multi-HUX to NSGA2-random_dense-HUX', 'Equivalence_Line_24: NSGA2-greedy_multi-UX to UNSGA3-random_dense-2P', 'Equivalence_Line_25: AGEMOEA2-greedy_multi-UX to AGEMOEA2-random_dense-1P', 'Equivalence_Line_26: AGEMOEA2-greedy_multi-HUX to RVEA-greedy_multi-1P', 'Equivalence_Line_27: SMSEMOA-random_dense-2P to UNSGA3-random_dense-1P', 'Equivalence_Line_28: SPEA2-greedy_multi-2P to SPEA2-random_dense-2P', 'Equivalence_Line_29: SMSEMOA-greedy_ting-HUX to RVEA-greedy_multi-2P', 'Equivalence_Line_30: SPEA2-greedy_multi-1P to NSGA3-random_dense-1P', 'Equivalence_Line_31: SMSEMOA-greedy_ting-UX to SPEA2-greedy_ting-UX', 'Equivalence_Line_32: AGEMOEA2-random_dense-UX to SPEA2-greedy_ting-HUX', 'Equivalence_Line_33: AGEMOEA2-random_dense-HUX to SPEA2-random_dense-1P', 'Equivalence_Line_34: SMSEMOA-random_dense-1P to AGEMOEA2-greedy_ting-UX', 'Equivalence_Line_35: SPEA2-greedy_multi-UX to AGEMOEA2-greedy_ting-HUX', 'Equivalence_Line_36: SPEA2-greedy_multi-HUX to SMSEMOA-greedy_ting-2P', 'Equivalence_Line_37: NSGA2-greedy_ting-UX to RVEA-greedy_multi-UX', 'Equivalence_Line_38: NSGA2-greedy_ting-HUX to RVEA-greedy_multi-HUX', 'Equivalence_Line_39: UNSGA3-greedy_ting-HUX to SMSEMOA-greedy_ting-1P', 'Equivalence_Line_40: NSGA3-greedy_ting-UX to NSGA2-random_dense-2P', 'Equivalence_Line_41: NSGA3-greedy_ting-HUX to NSGA2-random_dense-1P', 'Equivalence_Line_42: SPEA2-random_dense-UX to RVEA-random_dense-HUX', 'Equivalence_Line_43: NSGA2-random_dense-UX to RVEA-random_dense-UX', 'Equivalence_Line_44: UNSGA3-greedy_ting-UX to UNSGA3-greedy_ting-2P', 'Equivalence_Line_45: SPEA2-random_dense-HUX to SPEA2-greedy_ting-1P', 'Equivalence_Line_46: NSGA3-random_dense-2P to RVEA-random_dense-2P', 'Equivalence_Line_47: AGEMOEA2-random_dense-2P to NSGA3-greedy_ting-2P', 'Equivalence_Line_48: NSGA2-random_dense-HUX to NSGA2-greedy_ting-2P', 'Equivalence_Line_49: UNSGA3-random_dense-2P to SPEA2-greedy_ting-2P', 'Equivalence_Line_50: AGEMOEA2-random_dense-1P to RVEA-random_dense-1P', 'Equivalence_Line_51: RVEA-greedy_multi-1P to UNSGA3-greedy_ting-1P', 'Equivalence_Line_52: UNSGA3-random_dense-1P to AGEMOEA2-greedy_ting-2P', 'Equivalence_Line_53: SPEA2-random_dense-2P to NSGA3-greedy_ting-1P', 'Equivalence_Line_54: RVEA-greedy_multi-2P to NSGA2-greedy_ting-1P', 'Equivalence_Line_55: NSGA3-random_dense-1P to RVEA-greedy_ting-HUX', 'Equivalence_Line_56: SPEA2-greedy_ting-UX to RVEA-greedy_ting-UX', 'Equivalence_Line_57: SPEA2-greedy_ting-HUX to AGEMOEA2-greedy_ting-1P', 'Equivalence_Line_58: SPEA2-random_dense-1P to RVEA-greedy_ting-2P', 'Equivalence_Line_59: AGEMOEA2-greedy_ting-UX to RVEA-greedy_ting-1P']"
SPEA2-greedy_multi-UX,0.0059784381118739,"['Equivalence_Line_1: SMSEMOA-random_dense-HUX to AGEMOEA2-greedy_multi-HUX', 'Equivalence_Line_2: SMSEMOA-random_dense-UX to SMSEMOA-random_dense-2P', 'Equivalence_Line_3: SMSEMOA-greedy_multi-1P to SPEA2-greedy_multi-2P', 'Equivalence_Line_4: SMSEMOA-greedy_multi-2P to SMSEMOA-greedy_ting-HUX', 'Equivalence_Line_5: SMSEMOA-greedy_multi-HUX to SPEA2-greedy_multi-1P', 'Equivalence_Line_6: SMSEMOA-greedy_multi-UX to SMSEMOA-greedy_ting-UX', 'Equivalence_Line_7: NSGA3-greedy_multi-1P to AGEMOEA2-random_dense-UX', 'Equivalence_Line_8: UNSGA3-greedy_multi-2P to AGEMOEA2-random_dense-HUX', 'Equivalence_Line_9: NSGA3-greedy_multi-HUX to SMSEMOA-random_dense-1P', 'Equivalence_Line_10: UNSGA3-greedy_multi-UX to SPEA2-greedy_multi-UX', 'Equivalence_Line_11: UNSGA3-greedy_multi-HUX to SPEA2-greedy_multi-HUX', 'Equivalence_Line_12: NSGA3-greedy_multi-UX to NSGA2-greedy_ting-UX', 'Equivalence_Line_13: UNSGA3-greedy_multi-1P to NSGA2-greedy_ting-HUX', 'Equivalence_Line_14: NSGA2-greedy_multi-1P to UNSGA3-greedy_ting-HUX', 'Equivalence_Line_15: NSGA3-greedy_multi-2P to NSGA3-greedy_ting-UX', 'Equivalence_Line_16: NSGA2-greedy_multi-2P to NSGA3-greedy_ting-HUX', 'Equivalence_Line_17: NSGA3-random_dense-UX to SPEA2-random_dense-UX', 'Equivalence_Line_18: AGEMOEA2-greedy_multi-1P to NSGA2-random_dense-UX', 'Equivalence_Line_19: UNSGA3-random_dense-HUX to UNSGA3-greedy_ting-UX', 'Equivalence_Line_20: UNSGA3-random_dense-UX to SPEA2-random_dense-HUX', 'Equivalence_Line_21: NSGA3-random_dense-HUX to NSGA3-random_dense-2P', 'Equivalence_Line_22: AGEMOEA2-greedy_multi-2P to AGEMOEA2-random_dense-2P', 'Equivalence_Line_23: NSGA2-greedy_multi-HUX to NSGA2-random_dense-HUX', 'Equivalence_Line_24: NSGA2-greedy_multi-UX to UNSGA3-random_dense-2P', 'Equivalence_Line_25: AGEMOEA2-greedy_multi-UX to AGEMOEA2-random_dense-1P', 'Equivalence_Line_26: AGEMOEA2-greedy_multi-HUX to RVEA-greedy_multi-1P', 'Equivalence_Line_27: SMSEMOA-random_dense-2P to UNSGA3-random_dense-1P', 'Equivalence_Line_28: SPEA2-greedy_multi-2P to SPEA2-random_dense-2P', 'Equivalence_Line_29: SMSEMOA-greedy_ting-HUX to RVEA-greedy_multi-2P', 'Equivalence_Line_30: SPEA2-greedy_multi-1P to NSGA3-random_dense-1P', 'Equivalence_Line_31: SMSEMOA-greedy_ting-UX to SPEA2-greedy_ting-UX', 'Equivalence_Line_32: AGEMOEA2-random_dense-UX to SPEA2-greedy_ting-HUX', 'Equivalence_Line_33: AGEMOEA2-random_dense-HUX to SPEA2-random_dense-1P', 'Equivalence_Line_34: SMSEMOA-random_dense-1P to AGEMOEA2-greedy_ting-UX', 'Equivalence_Line_35: SPEA2-greedy_multi-UX to AGEMOEA2-greedy_ting-HUX', 'Equivalence_Line_36: SPEA2-greedy_multi-HUX to SMSEMOA-greedy_ting-2P', 'Equivalence_Line_37: NSGA2-greedy_ting-UX to RVEA-greedy_multi-UX', 'Equivalence_Line_38: NSGA2-greedy_ting-HUX to RVEA-greedy_multi-HUX', 'Equivalence_Line_39: UNSGA3-greedy_ting-HUX to SMSEMOA-greedy_ting-1P', 'Equivalence_Line_40: NSGA3-greedy_ting-UX to NSGA2-random_dense-2P', 'Equivalence_Line_41: NSGA3-greedy_ting-HUX to NSGA2-random_dense-1P', 'Equivalence_Line_42: SPEA2-random_dense-UX to RVEA-random_dense-HUX', 'Equivalence_Line_43: NSGA2-random_dense-UX to RVEA-random_dense-UX', 'Equivalence_Line_44: UNSGA3-greedy_ting-UX to UNSGA3-greedy_ting-2P', 'Equivalence_Line_45: SPEA2-random_dense-HUX to SPEA2-greedy_ting-1P', 'Equivalence_Line_46: NSGA3-random_dense-2P to RVEA-random_dense-2P', 'Equivalence_Line_47: AGEMOEA2-random_dense-2P to NSGA3-greedy_ting-2P', 'Equivalence_Line_48: NSGA2-random_dense-HUX to NSGA2-greedy_ting-2P', 'Equivalence_Line_49: UNSGA3-random_dense-2P to SPEA2-greedy_ting-2P', 'Equivalence_Line_50: AGEMOEA2-random_dense-1P to RVEA-random_dense-1P', 'Equivalence_Line_51: RVEA-greedy_multi-1P to UNSGA3-greedy_ting-1P', 'Equivalence_Line_52: UNSGA3-random_dense-1P to AGEMOEA2-greedy_ting-2P', 'Equivalence_Line_53: SPEA2-random_dense-2P to NSGA3-greedy_ting-1P', 'Equivalence_Line_54: RVEA-greedy_multi-2P to NSGA2-greedy_ting-1P', 'Equivalence_Line_55: NSGA3-random_dense-1P to RVEA-greedy_ting-HUX', 'Equivalence_Line_56: SPEA2-greedy_ting-UX to RVEA-greedy_ting-UX', 'Equivalence_Line_57: SPEA2-greedy_ting-HUX to AGEMOEA2-greedy_ting-1P', 'Equivalence_Line_58: SPEA2-random_dense-1P to RVEA-greedy_ting-2P', 'Equivalence_Line_59: AGEMOEA2-greedy_ting-UX to RVEA-greedy_ting-1P']"
SPEA2-greedy_multi-HUX,0.0062350044605132,"['Equivalence_Line_1: SMSEMOA-random_dense-HUX to AGEMOEA2-greedy_multi-HUX', 'Equivalence_Line_2: SMSEMOA-random_dense-UX to SMSEMOA-random_dense-2P', 'Equivalence_Line_3: SMSEMOA-greedy_multi-1P to SPEA2-greedy_multi-2P', 'Equivalence_Line_4: SMSEMOA-greedy_multi-2P to SMSEMOA-greedy_ting-HUX', 'Equivalence_Line_5: SMSEMOA-greedy_multi-HUX to SPEA2-greedy_multi-1P', 'Equivalence_Line_6: SMSEMOA-greedy_multi-UX to SMSEMOA-greedy_ting-UX', 'Equivalence_Line_7: NSGA3-greedy_multi-1P to AGEMOEA2-random_dense-UX', 'Equivalence_Line_8: UNSGA3-greedy_multi-2P to AGEMOEA2-random_dense-HUX', 'Equivalence_Line_9: NSGA3-greedy_multi-HUX to SMSEMOA-random_dense-1P', 'Equivalence_Line_10: UNSGA3-greedy_multi-UX to SPEA2-greedy_multi-UX', 'Equivalence_Line_11: UNSGA3-greedy_multi-HUX to SPEA2-greedy_multi-HUX', 'Equivalence_Line_12: NSGA3-greedy_multi-UX to NSGA2-greedy_ting-UX', 'Equivalence_Line_13: UNSGA3-greedy_multi-1P to NSGA2-greedy_ting-HUX', 'Equivalence_Line_14: NSGA2-greedy_multi-1P to UNSGA3-greedy_ting-HUX', 'Equivalence_Line_15: NSGA3-greedy_multi-2P to NSGA3-greedy_ting-UX', 'Equivalence_Line_16: NSGA2-greedy_multi-2P to NSGA3-greedy_ting-HUX', 'Equivalence_Line_17: NSGA3-random_dense-UX to SPEA2-random_dense-UX', 'Equivalence_Line_18: AGEMOEA2-greedy_multi-1P to NSGA2-random_dense-UX', 'Equivalence_Line_19: UNSGA3-random_dense-HUX to UNSGA3-greedy_ting-UX', 'Equivalence_Line_20: UNSGA3-random_dense-UX to SPEA2-random_dense-HUX', 'Equivalence_Line_21: NSGA3-random_dense-HUX to NSGA3-random_dense-2P', 'Equivalence_Line_22: AGEMOEA2-greedy_multi-2P to AGEMOEA2-random_dense-2P', 'Equivalence_Line_23: NSGA2-greedy_multi-HUX to NSGA2-random_dense-HUX', 'Equivalence_Line_24: NSGA2-greedy_multi-UX to UNSGA3-random_dense-2P', 'Equivalence_Line_25: AGEMOEA2-greedy_multi-UX to AGEMOEA2-random_dense-1P', 'Equivalence_Line_26: AGEMOEA2-greedy_multi-HUX to RVEA-greedy_multi-1P', 'Equivalence_Line_27: SMSEMOA-random_dense-2P to UNSGA3-random_dense-1P', 'Equivalence_Line_28: SPEA2-greedy_multi-2P to SPEA2-random_dense-2P', 'Equivalence_Line_29: SMSEMOA-greedy_ting-HUX to RVEA-greedy_multi-2P', 'Equivalence_Line_30: SPEA2-greedy_multi-1P to NSGA3-random_dense-1P', 'Equivalence_Line_31: SMSEMOA-greedy_ting-UX to SPEA2-greedy_ting-UX', 'Equivalence_Line_32: AGEMOEA2-random_dense-UX to SPEA2-greedy_ting-HUX', 'Equivalence_Line_33: AGEMOEA2-random_dense-HUX to SPEA2-random_dense-1P', 'Equivalence_Line_34: SMSEMOA-random_dense-1P to AGEMOEA2-greedy_ting-UX', 'Equivalence_Line_35: SPEA2-greedy_multi-UX to AGEMOEA2-greedy_ting-HUX', 'Equivalence_Line_36: SPEA2-greedy_multi-HUX to SMSEMOA-greedy_ting-2P', 'Equivalence_Line_37: NSGA2-greedy_ting-UX to RVEA-greedy_multi-UX', 'Equivalence_Line_38: NSGA2-greedy_ting-HUX to RVEA-greedy_multi-HUX', 'Equivalence_Line_39: UNSGA3-greedy_ting-HUX to SMSEMOA-greedy_ting-1P', 'Equivalence_Line_40: NSGA3-greedy_ting-UX to NSGA2-random_dense-2P', 'Equivalence_Line_41: NSGA3-greedy_ting-HUX to NSGA2-random_dense-1P', 'Equivalence_Line_42: SPEA2-random_dense-UX to RVEA-random_dense-HUX', 'Equivalence_Line_43: NSGA2-random_dense-UX to RVEA-random_dense-UX', 'Equivalence_Line_44: UNSGA3-greedy_ting-UX to UNSGA3-greedy_ting-2P', 'Equivalence_Line_45: SPEA2-random_dense-HUX to SPEA2-greedy_ting-1P', 'Equivalence_Line_46: NSGA3-random_dense-2P to RVEA-random_dense-2P', 'Equivalence_Line_47: AGEMOEA2-random_dense-2P to NSGA3-greedy_ting-2P', 'Equivalence_Line_48: NSGA2-random_dense-HUX to NSGA2-greedy_ting-2P', 'Equivalence_Line_49: UNSGA3-random_dense-2P to SPEA2-greedy_ting-2P', 'Equivalence_Line_50: AGEMOEA2-random_dense-1P to RVEA-random_dense-1P', 'Equivalence_Line_51: RVEA-greedy_multi-1P to UNSGA3-greedy_ting-1P', 'Equivalence_Line_52: UNSGA3-random_dense-1P to AGEMOEA2-greedy_ting-2P', 'Equivalence_Line_53: SPEA2-random_dense-2P to NSGA3-greedy_ting-1P', 'Equivalence_Line_54: RVEA-greedy_multi-2P to NSGA2-greedy_ting-1P', 'Equivalence_Line_55: NSGA3-random_dense-1P to RVEA-greedy_ting-HUX', 'Equivalence_Line_56: SPEA2-greedy_ting-UX to RVEA-greedy_ting-UX', 'Equivalence_Line_57: SPEA2-greedy_ting-HUX to AGEMOEA2-greedy_ting-1P', 'Equivalence_Line_58: SPEA2-random_dense-1P to RVEA-greedy_ting-2P', 'Equivalence_Line_59: AGEMOEA2-greedy_ting-UX to RVEA-greedy_ting-1P']"
NSGA2-greedy_ting-UX,0.0080478351871832,"['Equivalence_Line_1: SMSEMOA-random_dense-HUX to AGEMOEA2-greedy_multi-HUX', 'Equivalence_Line_2: SMSEMOA-random_dense-UX to SMSEMOA-random_dense-2P', 'Equivalence_Line_3: SMSEMOA-greedy_multi-1P to SPEA2-greedy_multi-2P', 'Equivalence_Line_4: SMSEMOA-greedy_multi-2P to SMSEMOA-greedy_ting-HUX', 'Equivalence_Line_5: SMSEMOA-greedy_multi-HUX to SPEA2-greedy_multi-1P', 'Equivalence_Line_6: SMSEMOA-greedy_multi-UX to SMSEMOA-greedy_ting-UX', 'Equivalence_Line_7: NSGA3-greedy_multi-1P to AGEMOEA2-random_dense-UX', 'Equivalence_Line_8: UNSGA3-greedy_multi-2P to AGEMOEA2-random_dense-HUX', 'Equivalence_Line_9: NSGA3-greedy_multi-HUX to SMSEMOA-random_dense-1P', 'Equivalence_Line_10: UNSGA3-greedy_multi-UX to SPEA2-greedy_multi-UX', 'Equivalence_Line_11: UNSGA3-greedy_multi-HUX to SPEA2-greedy_multi-HUX', 'Equivalence_Line_12: NSGA3-greedy_multi-UX to NSGA2-greedy_ting-UX', 'Equivalence_Line_13: UNSGA3-greedy_multi-1P to NSGA2-greedy_ting-HUX', 'Equivalence_Line_14: NSGA2-greedy_multi-1P to UNSGA3-greedy_ting-HUX', 'Equivalence_Line_15: NSGA3-greedy_multi-2P to NSGA3-greedy_ting-UX', 'Equivalence_Line_16: NSGA2-greedy_multi-2P to NSGA3-greedy_ting-HUX', 'Equivalence_Line_17: NSGA3-random_dense-UX to SPEA2-random_dense-UX', 'Equivalence_Line_18: AGEMOEA2-greedy_multi-1P to NSGA2-random_dense-UX', 'Equivalence_Line_19: UNSGA3-random_dense-HUX to UNSGA3-greedy_ting-UX', 'Equivalence_Line_20: UNSGA3-random_dense-UX to SPEA2-random_dense-HUX', 'Equivalence_Line_21: NSGA3-random_dense-HUX to NSGA3-random_dense-2P', 'Equivalence_Line_22: AGEMOEA2-greedy_multi-2P to AGEMOEA2-random_dense-2P', 'Equivalence_Line_23: NSGA2-greedy_multi-HUX to NSGA2-random_dense-HUX', 'Equivalence_Line_24: NSGA2-greedy_multi-UX to UNSGA3-random_dense-2P', 'Equivalence_Line_25: AGEMOEA2-greedy_multi-UX to AGEMOEA2-random_dense-1P', 'Equivalence_Line_26: AGEMOEA2-greedy_multi-HUX to RVEA-greedy_multi-1P', 'Equivalence_Line_27: SMSEMOA-random_dense-2P to UNSGA3-random_dense-1P', 'Equivalence_Line_28: SPEA2-greedy_multi-2P to SPEA2-random_dense-2P', 'Equivalence_Line_29: SMSEMOA-greedy_ting-HUX to RVEA-greedy_multi-2P', 'Equivalence_Line_30: SPEA2-greedy_multi-1P to NSGA3-random_dense-1P', 'Equivalence_Line_31: SMSEMOA-greedy_ting-UX to SPEA2-greedy_ting-UX', 'Equivalence_Line_32: AGEMOEA2-random_dense-UX to SPEA2-greedy_ting-HUX', 'Equivalence_Line_33: AGEMOEA2-random_dense-HUX to SPEA2-random_dense-1P', 'Equivalence_Line_34: SMSEMOA-random_dense-1P to AGEMOEA2-greedy_ting-UX', 'Equivalence_Line_35: SPEA2-greedy_multi-UX to AGEMOEA2-greedy_ting-HUX', 'Equivalence_Line_36: SPEA2-greedy_multi-HUX to SMSEMOA-greedy_ting-2P', 'Equivalence_Line_37: NSGA2-greedy_ting-UX to RVEA-greedy_multi-UX', 'Equivalence_Line_38: NSGA2-greedy_ting-HUX to RVEA-greedy_multi-HUX', 'Equivalence_Line_39: UNSGA3-greedy_ting-HUX to SMSEMOA-greedy_ting-1P', 'Equivalence_Line_40: NSGA3-greedy_ting-UX to NSGA2-random_dense-2P', 'Equivalence_Line_41: NSGA3-greedy_ting-HUX to NSGA2-random_dense-1P', 'Equivalence_Line_42: SPEA2-random_dense-UX to RVEA-random_dense-HUX', 'Equivalence_Line_43: NSGA2-random_dense-UX to RVEA-random_dense-UX', 'Equivalence_Line_44: UNSGA3-greedy_ting-UX to UNSGA3-greedy_ting-2P', 'Equivalence_Line_45: SPEA2-random_dense-HUX to SPEA2-greedy_ting-1P', 'Equivalence_Line_46: NSGA3-random_dense-2P to RVEA-random_dense-2P', 'Equivalence_Line_47: AGEMOEA2-random_dense-2P to NSGA3-greedy_ting-2P', 'Equivalence_Line_48: NSGA2-random_dense-HUX to NSGA2-greedy_ting-2P', 'Equivalence_Line_49: UNSGA3-random_dense-2P to SPEA2-greedy_ting-2P', 'Equivalence_Line_50: AGEMOEA2-random_dense-1P to RVEA-random_dense-1P', 'Equivalence_Line_51: RVEA-greedy_multi-1P to UNSGA3-greedy_ting-1P', 'Equivalence_Line_52: UNSGA3-random_dense-1P to AGEMOEA2-greedy_ting-2P', 'Equivalence_Line_53: SPEA2-random_dense-2P to NSGA3-greedy_ting-1P', 'Equivalence_Line_54: RVEA-greedy_multi-2P to NSGA2-greedy_ting-1P', 'Equivalence_Line_55: NSGA3-random_dense-1P to RVEA-greedy_ting-HUX', 'Equivalence_Line_56: SPEA2-greedy_ting-UX to RVEA-greedy_ting-UX', 'Equivalence_Line_57: SPEA2-greedy_ting-HUX to AGEMOEA2-greedy_ting-1P', 'Equivalence_Line_58: SPEA2-random_dense-1P to RVEA-greedy_ting-2P', 'Equivalence_Line_59: AGEMOEA2-greedy_ting-UX to RVEA-greedy_ting-1P']"
NSGA2-greedy_ting-HUX,0.0081036535893861,"['Equivalence_Line_1: SMSEMOA-random_dense-HUX to AGEMOEA2-greedy_multi-HUX', 'Equivalence_Line_2: SMSEMOA-random_dense-UX to SMSEMOA-random_dense-2P', 'Equivalence_Line_3: SMSEMOA-greedy_multi-1P to SPEA2-greedy_multi-2P', 'Equivalence_Line_4: SMSEMOA-greedy_multi-2P to SMSEMOA-greedy_ting-HUX', 'Equivalence_Line_5: SMSEMOA-greedy_multi-HUX to SPEA2-greedy_multi-1P', 'Equivalence_Line_6: SMSEMOA-greedy_multi-UX to SMSEMOA-greedy_ting-UX', 'Equivalence_Line_7: NSGA3-greedy_multi-1P to AGEMOEA2-random_dense-UX', 'Equivalence_Line_8: UNSGA3-greedy_multi-2P to AGEMOEA2-random_dense-HUX', 'Equivalence_Line_9: NSGA3-greedy_multi-HUX to SMSEMOA-random_dense-1P', 'Equivalence_Line_10: UNSGA3-greedy_multi-UX to SPEA2-greedy_multi-UX', 'Equivalence_Line_11: UNSGA3-greedy_multi-HUX to SPEA2-greedy_multi-HUX', 'Equivalence_Line_12: NSGA3-greedy_multi-UX to NSGA2-greedy_ting-UX', 'Equivalence_Line_13: UNSGA3-greedy_multi-1P to NSGA2-greedy_ting-HUX', 'Equivalence_Line_14: NSGA2-greedy_multi-1P to UNSGA3-greedy_ting-HUX', 'Equivalence_Line_15: NSGA3-greedy_multi-2P to NSGA3-greedy_ting-UX', 'Equivalence_Line_16: NSGA2-greedy_multi-2P to NSGA3-greedy_ting-HUX', 'Equivalence_Line_17: NSGA3-random_dense-UX to SPEA2-random_dense-UX', 'Equivalence_Line_18: AGEMOEA2-greedy_multi-1P to NSGA2-random_dense-UX', 'Equivalence_Line_19: UNSGA3-random_dense-HUX to UNSGA3-greedy_ting-UX', 'Equivalence_Line_20: UNSGA3-random_dense-UX to SPEA2-random_dense-HUX', 'Equivalence_Line_21: NSGA3-random_dense-HUX to NSGA3-random_dense-2P', 'Equivalence_Line_22: AGEMOEA2-greedy_multi-2P to AGEMOEA2-random_dense-2P', 'Equivalence_Line_23: NSGA2-greedy_multi-HUX to NSGA2-random_dense-HUX', 'Equivalence_Line_24: NSGA2-greedy_multi-UX to UNSGA3-random_dense-2P', 'Equivalence_Line_25: AGEMOEA2-greedy_multi-UX to AGEMOEA2-random_dense-1P', 'Equivalence_Line_26: AGEMOEA2-greedy_multi-HUX to RVEA-greedy_multi-1P', 'Equivalence_Line_27: SMSEMOA-random_dense-2P to UNSGA3-random_dense-1P', 'Equivalence_Line_28: SPEA2-greedy_multi-2P to SPEA2-random_dense-2P', 'Equivalence_Line_29: SMSEMOA-greedy_ting-HUX to RVEA-greedy_multi-2P', 'Equivalence_Line_30: SPEA2-greedy_multi-1P to NSGA3-random_dense-1P', 'Equivalence_Line_31: SMSEMOA-greedy_ting-UX to SPEA2-greedy_ting-UX', 'Equivalence_Line_32: AGEMOEA2-random_dense-UX to SPEA2-greedy_ting-HUX', 'Equivalence_Line_33: AGEMOEA2-random_dense-HUX to SPEA2-random_dense-1P', 'Equivalence_Line_34: SMSEMOA-random_dense-1P to AGEMOEA2-greedy_ting-UX', 'Equivalence_Line_35: SPEA2-greedy_multi-UX to AGEMOEA2-greedy_ting-HUX', 'Equivalence_Line_36: SPEA2-greedy_multi-HUX to SMSEMOA-greedy_ting-2P', 'Equivalence_Line_37: NSGA2-greedy_ting-UX to RVEA-greedy_multi-UX', 'Equivalence_Line_38: NSGA2-greedy_ting-HUX to RVEA-greedy_multi-HUX', 'Equivalence_Line_39: UNSGA3-greedy_ting-HUX to SMSEMOA-greedy_ting-1P', 'Equivalence_Line_40: NSGA3-greedy_ting-UX to NSGA2-random_dense-2P', 'Equivalence_Line_41: NSGA3-greedy_ting-HUX to NSGA2-random_dense-1P', 'Equivalence_Line_42: SPEA2-random_dense-UX to RVEA-random_dense-HUX', 'Equivalence_Line_43: NSGA2-random_dense-UX to RVEA-random_dense-UX', 'Equivalence_Line_44: UNSGA3-greedy_ting-UX to UNSGA3-greedy_ting-2P', 'Equivalence_Line_45: SPEA2-random_dense-HUX to SPEA2-greedy_ting-1P', 'Equivalence_Line_46: NSGA3-random_dense-2P to RVEA-random_dense-2P', 'Equivalence_Line_47: AGEMOEA2-random_dense-2P to NSGA3-greedy_ting-2P', 'Equivalence_Line_48: NSGA2-random_dense-HUX to NSGA2-greedy_ting-2P', 'Equivalence_Line_49: UNSGA3-random_dense-2P to SPEA2-greedy_ting-2P', 'Equivalence_Line_50: AGEMOEA2-random_dense-1P to RVEA-random_dense-1P', 'Equivalence_Line_51: RVEA-greedy_multi-1P to UNSGA3-greedy_ting-1P', 'Equivalence_Line_52: UNSGA3-random_dense-1P to AGEMOEA2-greedy_ting-2P', 'Equivalence_Line_53: SPEA2-random_dense-2P to NSGA3-greedy_ting-1P', 'Equivalence_Line_54: RVEA-greedy_multi-2P to NSGA2-greedy_ting-1P', 'Equivalence_Line_55: NSGA3-random_dense-1P to RVEA-greedy_ting-HUX', 'Equivalence_Line_56: SPEA2-greedy_ting-UX to RVEA-greedy_ting-UX', 'Equivalence_Line_57: SPEA2-greedy_ting-HUX to AGEMOEA2-greedy_ting-1P', 'Equivalence_Line_58: SPEA2-random_dense-1P to RVEA-greedy_ting-2P', 'Equivalence_Line_59: AGEMOEA2-greedy_ting-UX to RVEA-greedy_ting-1P']"
UNSGA3-greedy_ting-HUX,0.0085734371094876,"['Equivalence_Line_1: SMSEMOA-random_dense-HUX to AGEMOEA2-greedy_multi-HUX', 'Equivalence_Line_2: SMSEMOA-random_dense-UX to SMSEMOA-random_dense-2P', 'Equivalence_Line_3: SMSEMOA-greedy_multi-1P to SPEA2-greedy_multi-2P', 'Equivalence_Line_4: SMSEMOA-greedy_multi-2P to SMSEMOA-greedy_ting-HUX', 'Equivalence_Line_5: SMSEMOA-greedy_multi-HUX to SPEA2-greedy_multi-1P', 'Equivalence_Line_6: SMSEMOA-greedy_multi-UX to SMSEMOA-greedy_ting-UX', 'Equivalence_Line_7: NSGA3-greedy_multi-1P to AGEMOEA2-random_dense-UX', 'Equivalence_Line_8: UNSGA3-greedy_multi-2P to AGEMOEA2-random_dense-HUX', 'Equivalence_Line_9: NSGA3-greedy_multi-HUX to SMSEMOA-random_dense-1P', 'Equivalence_Line_10: UNSGA3-greedy_multi-UX to SPEA2-greedy_multi-UX', 'Equivalence_Line_11: UNSGA3-greedy_multi-HUX to SPEA2-greedy_multi-HUX', 'Equivalence_Line_12: NSGA3-greedy_multi-UX to NSGA2-greedy_ting-UX', 'Equivalence_Line_13: UNSGA3-greedy_multi-1P to NSGA2-greedy_ting-HUX', 'Equivalence_Line_14: NSGA2-greedy_multi-1P to UNSGA3-greedy_ting-HUX', 'Equivalence_Line_15: NSGA3-greedy_multi-2P to NSGA3-greedy_ting-UX', 'Equivalence_Line_16: NSGA2-greedy_multi-2P to NSGA3-greedy_ting-HUX', 'Equivalence_Line_17: NSGA3-random_dense-UX to SPEA2-random_dense-UX', 'Equivalence_Line_18: AGEMOEA2-greedy_multi-1P to NSGA2-random_dense-UX', 'Equivalence_Line_19: UNSGA3-random_dense-HUX to UNSGA3-greedy_ting-UX', 'Equivalence_Line_20: UNSGA3-random_dense-UX to SPEA2-random_dense-HUX', 'Equivalence_Line_21: NSGA3-random_dense-HUX to NSGA3-random_dense-2P', 'Equivalence_Line_22: AGEMOEA2-greedy_multi-2P to AGEMOEA2-random_dense-2P', 'Equivalence_Line_23: NSGA2-greedy_multi-HUX to NSGA2-random_dense-HUX', 'Equivalence_Line_24: NSGA2-greedy_multi-UX to UNSGA3-random_dense-2P', 'Equivalence_Line_25: AGEMOEA2-greedy_multi-UX to AGEMOEA2-random_dense-1P', 'Equivalence_Line_26: AGEMOEA2-greedy_multi-HUX to RVEA-greedy_multi-1P', 'Equivalence_Line_27: SMSEMOA-random_dense-2P to UNSGA3-random_dense-1P', 'Equivalence_Line_28: SPEA2-greedy_multi-2P to SPEA2-random_dense-2P', 'Equivalence_Line_29: SMSEMOA-greedy_ting-HUX to RVEA-greedy_multi-2P', 'Equivalence_Line_30: SPEA2-greedy_multi-1P to NSGA3-random_dense-1P', 'Equivalence_Line_31: SMSEMOA-greedy_ting-UX to SPEA2-greedy_ting-UX', 'Equivalence_Line_32: AGEMOEA2-random_dense-UX to SPEA2-greedy_ting-HUX', 'Equivalence_Line_33: AGEMOEA2-random_dense-HUX to SPEA2-random_dense-1P', 'Equivalence_Line_34: SMSEMOA-random_dense-1P to AGEMOEA2-greedy_ting-UX', 'Equivalence_Line_35: SPEA2-greedy_multi-UX to AGEMOEA2-greedy_ting-HUX', 'Equivalence_Line_36: SPEA2-greedy_multi-HUX to SMSEMOA-greedy_ting-2P', 'Equivalence_Line_37: NSGA2-greedy_ting-UX to RVEA-greedy_multi-UX', 'Equivalence_Line_38: NSGA2-greedy_ting-HUX to RVEA-greedy_multi-HUX', 'Equivalence_Line_39: UNSGA3-greedy_ting-HUX to SMSEMOA-greedy_ting-1P', 'Equivalence_Line_40: NSGA3-greedy_ting-UX to NSGA2-random_dense-2P', 'Equivalence_Line_41: NSGA3-greedy_ting-HUX to NSGA2-random_dense-1P', 'Equivalence_Line_42: SPEA2-random_dense-UX to RVEA-random_dense-HUX', 'Equivalence_Line_43: NSGA2-random_dense-UX to RVEA-random_dense-UX', 'Equivalence_Line_44: UNSGA3-greedy_ting-UX to UNSGA3-greedy_ting-2P', 'Equivalence_Line_45: SPEA2-random_dense-HUX to SPEA2-greedy_ting-1P', 'Equivalence_Line_46: NSGA3-random_dense-2P to RVEA-random_dense-2P', 'Equivalence_Line_47: AGEMOEA2-random_dense-2P to NSGA3-greedy_ting-2P', 'Equivalence_Line_48: NSGA2-random_dense-HUX to NSGA2-greedy_ting-2P', 'Equivalence_Line_49: UNSGA3-random_dense-2P to SPEA2-greedy_ting-2P', 'Equivalence_Line_50: AGEMOEA2-random_dense-1P to RVEA-random_dense-1P', 'Equivalence_Line_51: RVEA-greedy_multi-1P to UNSGA3-greedy_ting-1P', 'Equivalence_Line_52: UNSGA3-random_dense-1P to AGEMOEA2-greedy_ting-2P', 'Equivalence_Line_53: SPEA2-random_dense-2P to NSGA3-greedy_ting-1P', 'Equivalence_Line_54: RVEA-greedy_multi-2P to NSGA2-greedy_ting-1P', 'Equivalence_Line_55: NSGA3-random_dense-1P to RVEA-greedy_ting-HUX', 'Equivalence_Line_56: SPEA2-greedy_ting-UX to RVEA-greedy_ting-UX', 'Equivalence_Line_57: SPEA2-greedy_ting-HUX to AGEMOEA2-greedy_ting-1P', 'Equivalence_Line_58: SPEA2-random_dense-1P to RVEA-greedy_ting-2P', 'Equivalence_Line_59: AGEMOEA2-greedy_ting-UX to RVEA-greedy_ting-1P']"
NSGA3-greedy_ting-UX,0.0085831966869842,"['Equivalence_Line_1: SMSEMOA-random_dense-HUX to AGEMOEA2-greedy_multi-HUX', 'Equivalence_Line_2: SMSEMOA-random_dense-UX to SMSEMOA-random_dense-2P', 'Equivalence_Line_3: SMSEMOA-greedy_multi-1P to SPEA2-greedy_multi-2P', 'Equivalence_Line_4: SMSEMOA-greedy_multi-2P to SMSEMOA-greedy_ting-HUX', 'Equivalence_Line_5: SMSEMOA-greedy_multi-HUX to SPEA2-greedy_multi-1P', 'Equivalence_Line_6: SMSEMOA-greedy_multi-UX to SMSEMOA-greedy_ting-UX', 'Equivalence_Line_7: NSGA3-greedy_multi-1P to AGEMOEA2-random_dense-UX', 'Equivalence_Line_8: UNSGA3-greedy_multi-2P to AGEMOEA2-random_dense-HUX', 'Equivalence_Line_9: NSGA3-greedy_multi-HUX to SMSEMOA-random_dense-1P', 'Equivalence_Line_10: UNSGA3-greedy_multi-UX to SPEA2-greedy_multi-UX', 'Equivalence_Line_11: UNSGA3-greedy_multi-HUX to SPEA2-greedy_multi-HUX', 'Equivalence_Line_12: NSGA3-greedy_multi-UX to NSGA2-greedy_ting-UX', 'Equivalence_Line_13: UNSGA3-greedy_multi-1P to NSGA2-greedy_ting-HUX', 'Equivalence_Line_14: NSGA2-greedy_multi-1P to UNSGA3-greedy_ting-HUX', 'Equivalence_Line_15: NSGA3-greedy_multi-2P to NSGA3-greedy_ting-UX', 'Equivalence_Line_16: NSGA2-greedy_multi-2P to NSGA3-greedy_ting-HUX', 'Equivalence_Line_17: NSGA3-random_dense-UX to SPEA2-random_dense-UX', 'Equivalence_Line_18: AGEMOEA2-greedy_multi-1P to NSGA2-random_dense-UX', 'Equivalence_Line_19: UNSGA3-random_dense-HUX to UNSGA3-greedy_ting-UX', 'Equivalence_Line_20: UNSGA3-random_dense-UX to SPEA2-random_dense-HUX', 'Equivalence_Line_21: NSGA3-random_dense-HUX to NSGA3-random_dense-2P', 'Equivalence_Line_22: AGEMOEA2-greedy_multi-2P to AGEMOEA2-random_dense-2P', 'Equivalence_Line_23: NSGA2-greedy_multi-HUX to NSGA2-random_dense-HUX', 'Equivalence_Line_24: NSGA2-greedy_multi-UX to UNSGA3-random_dense-2P', 'Equivalence_Line_25: AGEMOEA2-greedy_multi-UX to AGEMOEA2-random_dense-1P', 'Equivalence_Line_26: AGEMOEA2-greedy_multi-HUX to RVEA-greedy_multi-1P', 'Equivalence_Line_27: SMSEMOA-random_dense-2P to UNSGA3-random_dense-1P', 'Equivalence_Line_28: SPEA2-greedy_multi-2P to SPEA2-random_dense-2P', 'Equivalence_Line_29: SMSEMOA-greedy_ting-HUX to RVEA-greedy_multi-2P', 'Equivalence_Line_30: SPEA2-greedy_multi-1P to NSGA3-random_dense-1P', 'Equivalence_Line_31: SMSEMOA-greedy_ting-UX to SPEA2-greedy_ting-UX', 'Equivalence_Line_32: AGEMOEA2-random_dense-UX to SPEA2-greedy_ting-HUX', 'Equivalence_Line_33: AGEMOEA2-random_dense-HUX to SPEA2-random_dense-1P', 'Equivalence_Line_34: SMSEMOA-random_dense-1P to AGEMOEA2-greedy_ting-UX', 'Equivalence_Line_35: SPEA2-greedy_multi-UX to AGEMOEA2-greedy_ting-HUX', 'Equivalence_Line_36: SPEA2-greedy_multi-HUX to SMSEMOA-greedy_ting-2P', 'Equivalence_Line_37: NSGA2-greedy_ting-UX to RVEA-greedy_multi-UX', 'Equivalence_Line_38: NSGA2-greedy_ting-HUX to RVEA-greedy_multi-HUX', 'Equivalence_Line_39: UNSGA3-greedy_ting-HUX to SMSEMOA-greedy_ting-1P', 'Equivalence_Line_40: NSGA3-greedy_ting-UX to NSGA2-random_dense-2P', 'Equivalence_Line_41: NSGA3-greedy_ting-HUX to NSGA2-random_dense-1P', 'Equivalence_Line_42: SPEA2-random_dense-UX to RVEA-random_dense-HUX', 'Equivalence_Line_43: NSGA2-random_dense-UX to RVEA-random_dense-UX', 'Equivalence_Line_44: UNSGA3-greedy_ting-UX to UNSGA3-greedy_ting-2P', 'Equivalence_Line_45: SPEA2-random_dense-HUX to SPEA2-greedy_ting-1P', 'Equivalence_Line_46: NSGA3-random_dense-2P to RVEA-random_dense-2P', 'Equivalence_Line_47: AGEMOEA2-random_dense-2P to NSGA3-greedy_ting-2P', 'Equivalence_Line_48: NSGA2-random_dense-HUX to NSGA2-greedy_ting-2P', 'Equivalence_Line_49: UNSGA3-random_dense-2P to SPEA2-greedy_ting-2P', 'Equivalence_Line_50: AGEMOEA2-random_dense-1P to RVEA-random_dense-1P', 'Equivalence_Line_51: RVEA-greedy_multi-1P to UNSGA3-greedy_ting-1P', 'Equivalence_Line_52: UNSGA3-random_dense-1P to AGEMOEA2-greedy_ting-2P', 'Equivalence_Line_53: SPEA2-random_dense-2P to NSGA3-greedy_ting-1P', 'Equivalence_Line_54: RVEA-greedy_multi-2P to NSGA2-greedy_ting-1P', 'Equivalence_Line_55: NSGA3-random_dense-1P to RVEA-greedy_ting-HUX', 'Equivalence_Line_56: SPEA2-greedy_ting-UX to RVEA-greedy_ting-UX', 'Equivalence_Line_57: SPEA2-greedy_ting-HUX to AGEMOEA2-greedy_ting-1P', 'Equivalence_Line_58: SPEA2-random_dense-1P to RVEA-greedy_ting-2P', 'Equivalence_Line_59: AGEMOEA2-greedy_ting-UX to RVEA-greedy_ting-1P']"
NSGA3-greedy_ting-HUX,0.0087992047226759,"['Equivalence_Line_1: SMSEMOA-random_dense-HUX to AGEMOEA2-greedy_multi-HUX', 'Equivalence_Line_2: SMSEMOA-random_dense-UX to SMSEMOA-random_dense-2P', 'Equivalence_Line_3: SMSEMOA-greedy_multi-1P to SPEA2-greedy_multi-2P', 'Equivalence_Line_4: SMSEMOA-greedy_multi-2P to SMSEMOA-greedy_ting-HUX', 'Equivalence_Line_5: SMSEMOA-greedy_multi-HUX to SPEA2-greedy_multi-1P', 'Equivalence_Line_6: SMSEMOA-greedy_multi-UX to SMSEMOA-greedy_ting-UX', 'Equivalence_Line_7: NSGA3-greedy_multi-1P to AGEMOEA2-random_dense-UX', 'Equivalence_Line_8: UNSGA3-greedy_multi-2P to AGEMOEA2-random_dense-HUX', 'Equivalence_Line_9: NSGA3-greedy_multi-HUX to SMSEMOA-random_dense-1P', 'Equivalence_Line_10: UNSGA3-greedy_multi-UX to SPEA2-greedy_multi-UX', 'Equivalence_Line_11: UNSGA3-greedy_multi-HUX to SPEA2-greedy_multi-HUX', 'Equivalence_Line_12: NSGA3-greedy_multi-UX to NSGA2-greedy_ting-UX', 'Equivalence_Line_13: UNSGA3-greedy_multi-1P to NSGA2-greedy_ting-HUX', 'Equivalence_Line_14: NSGA2-greedy_multi-1P to UNSGA3-greedy_ting-HUX', 'Equivalence_Line_15: NSGA3-greedy_multi-2P to NSGA3-greedy_ting-UX', 'Equivalence_Line_16: NSGA2-greedy_multi-2P to NSGA3-greedy_ting-HUX', 'Equivalence_Line_17: NSGA3-random_dense-UX to SPEA2-random_dense-UX', 'Equivalence_Line_18: AGEMOEA2-greedy_multi-1P to NSGA2-random_dense-UX', 'Equivalence_Line_19: UNSGA3-random_dense-HUX to UNSGA3-greedy_ting-UX', 'Equivalence_Line_20: UNSGA3-random_dense-UX to SPEA2-random_dense-HUX', 'Equivalence_Line_21: NSGA3-random_dense-HUX to NSGA3-random_dense-2P', 'Equivalence_Line_22: AGEMOEA2-greedy_multi-2P to AGEMOEA2-random_dense-2P', 'Equivalence_Line_23: NSGA2-greedy_multi-HUX to NSGA2-random_dense-HUX', 'Equivalence_Line_24: NSGA2-greedy_multi-UX to UNSGA3-random_dense-2P', 'Equivalence_Line_25: AGEMOEA2-greedy_multi-UX to AGEMOEA2-random_dense-1P', 'Equivalence_Line_26: AGEMOEA2-greedy_multi-HUX to RVEA-greedy_multi-1P', 'Equivalence_Line_27: SMSEMOA-random_dense-2P to UNSGA3-random_dense-1P', 'Equivalence_Line_28: SPEA2-greedy_multi-2P to SPEA2-random_dense-2P', 'Equivalence_Line_29: SMSEMOA-greedy_ting-HUX to RVEA-greedy_multi-2P', 'Equivalence_Line_30: SPEA2-greedy_multi-1P to NSGA3-random_dense-1P', 'Equivalence_Line_31: SMSEMOA-greedy_ting-UX to SPEA2-greedy_ting-UX', 'Equivalence_Line_32: AGEMOEA2-random_dense-UX to SPEA2-greedy_ting-HUX', 'Equivalence_Line_33: AGEMOEA2-random_dense-HUX to SPEA2-random_dense-1P', 'Equivalence_Line_34: SMSEMOA-random_dense-1P to AGEMOEA2-greedy_ting-UX', 'Equivalence_Line_35: SPEA2-greedy_multi-UX to AGEMOEA2-greedy_ting-HUX', 'Equivalence_Line_36: SPEA2-greedy_multi-HUX to SMSEMOA-greedy_ting-2P', 'Equivalence_Line_37: NSGA2-greedy_ting-UX to RVEA-greedy_multi-UX', 'Equivalence_Line_38: NSGA2-greedy_ting-HUX to RVEA-greedy_multi-HUX', 'Equivalence_Line_39: UNSGA3-greedy_ting-HUX to SMSEMOA-greedy_ting-1P', 'Equivalence_Line_40: NSGA3-greedy_ting-UX to NSGA2-random_dense-2P', 'Equivalence_Line_41: NSGA3-greedy_ting-HUX to NSGA2-random_dense-1P', 'Equivalence_Line_42: SPEA2-random_dense-UX to RVEA-random_dense-HUX', 'Equivalence_Line_43: NSGA2-random_dense-UX to RVEA-random_dense-UX', 'Equivalence_Line_44: UNSGA3-greedy_ting-UX to UNSGA3-greedy_ting-2P', 'Equivalence_Line_45: SPEA2-random_dense-HUX to SPEA2-greedy_ting-1P', 'Equivalence_Line_46: NSGA3-random_dense-2P to RVEA-random_dense-2P', 'Equivalence_Line_47: AGEMOEA2-random_dense-2P to NSGA3-greedy_ting-2P', 'Equivalence_Line_48: NSGA2-random_dense-HUX to NSGA2-greedy_ting-2P', 'Equivalence_Line_49: UNSGA3-random_dense-2P to SPEA2-greedy_ting-2P', 'Equivalence_Line_50: AGEMOEA2-random_dense-1P to RVEA-random_dense-1P', 'Equivalence_Line_51: RVEA-greedy_multi-1P to UNSGA3-greedy_ting-1P', 'Equivalence_Line_52: UNSGA3-random_dense-1P to AGEMOEA2-greedy_ting-2P', 'Equivalence_Line_53: SPEA2-random_dense-2P to NSGA3-greedy_ting-1P', 'Equivalence_Line_54: RVEA-greedy_multi-2P to NSGA2-greedy_ting-1P', 'Equivalence_Line_55: NSGA3-random_dense-1P to RVEA-greedy_ting-HUX', 'Equivalence_Line_56: SPEA2-greedy_ting-UX to RVEA-greedy_ting-UX', 'Equivalence_Line_57: SPEA2-greedy_ting-HUX to AGEMOEA2-greedy_ting-1P', 'Equivalence_Line_58: SPEA2-random_dense-1P to RVEA-greedy_ting-2P', 'Equivalence_Line_59: AGEMOEA2-greedy_ting-UX to RVEA-greedy_ting-1P']"
SPEA2-random_dense-UX,0.0088112522249325,"['Equivalence_Line_1: SMSEMOA-random_dense-HUX to AGEMOEA2-greedy_multi-HUX', 'Equivalence_Line_2: SMSEMOA-random_dense-UX to SMSEMOA-random_dense-2P', 'Equivalence_Line_3: SMSEMOA-greedy_multi-1P to SPEA2-greedy_multi-2P', 'Equivalence_Line_4: SMSEMOA-greedy_multi-2P to SMSEMOA-greedy_ting-HUX', 'Equivalence_Line_5: SMSEMOA-greedy_multi-HUX to SPEA2-greedy_multi-1P', 'Equivalence_Line_6: SMSEMOA-greedy_multi-UX to SMSEMOA-greedy_ting-UX', 'Equivalence_Line_7: NSGA3-greedy_multi-1P to AGEMOEA2-random_dense-UX', 'Equivalence_Line_8: UNSGA3-greedy_multi-2P to AGEMOEA2-random_dense-HUX', 'Equivalence_Line_9: NSGA3-greedy_multi-HUX to SMSEMOA-random_dense-1P', 'Equivalence_Line_10: UNSGA3-greedy_multi-UX to SPEA2-greedy_multi-UX', 'Equivalence_Line_11: UNSGA3-greedy_multi-HUX to SPEA2-greedy_multi-HUX', 'Equivalence_Line_12: NSGA3-greedy_multi-UX to NSGA2-greedy_ting-UX', 'Equivalence_Line_13: UNSGA3-greedy_multi-1P to NSGA2-greedy_ting-HUX', 'Equivalence_Line_14: NSGA2-greedy_multi-1P to UNSGA3-greedy_ting-HUX', 'Equivalence_Line_15: NSGA3-greedy_multi-2P to NSGA3-greedy_ting-UX', 'Equivalence_Line_16: NSGA2-greedy_multi-2P to NSGA3-greedy_ting-HUX', 'Equivalence_Line_17: NSGA3-random_dense-UX to SPEA2-random_dense-UX', 'Equivalence_Line_18: AGEMOEA2-greedy_multi-1P to NSGA2-random_dense-UX', 'Equivalence_Line_19: UNSGA3-random_dense-HUX to UNSGA3-greedy_ting-UX', 'Equivalence_Line_20: UNSGA3-random_dense-UX to SPEA2-random_dense-HUX', 'Equivalence_Line_21: NSGA3-random_dense-HUX to NSGA3-random_dense-2P', 'Equivalence_Line_22: AGEMOEA2-greedy_multi-2P to AGEMOEA2-random_dense-2P', 'Equivalence_Line_23: NSGA2-greedy_multi-HUX to NSGA2-random_dense-HUX', 'Equivalence_Line_24: NSGA2-greedy_multi-UX to UNSGA3-random_dense-2P', 'Equivalence_Line_25: AGEMOEA2-greedy_multi-UX to AGEMOEA2-random_dense-1P', 'Equivalence_Line_26: AGEMOEA2-greedy_multi-HUX to RVEA-greedy_multi-1P', 'Equivalence_Line_27: SMSEMOA-random_dense-2P to UNSGA3-random_dense-1P', 'Equivalence_Line_28: SPEA2-greedy_multi-2P to SPEA2-random_dense-2P', 'Equivalence_Line_29: SMSEMOA-greedy_ting-HUX to RVEA-greedy_multi-2P', 'Equivalence_Line_30: SPEA2-greedy_multi-1P to NSGA3-random_dense-1P', 'Equivalence_Line_31: SMSEMOA-greedy_ting-UX to SPEA2-greedy_ting-UX', 'Equivalence_Line_32: AGEMOEA2-random_dense-UX to SPEA2-greedy_ting-HUX', 'Equivalence_Line_33: AGEMOEA2-random_dense-HUX to SPEA2-random_dense-1P', 'Equivalence_Line_34: SMSEMOA-random_dense-1P to AGEMOEA2-greedy_ting-UX', 'Equivalence_Line_35: SPEA2-greedy_multi-UX to AGEMOEA2-greedy_ting-HUX', 'Equivalence_Line_36: SPEA2-greedy_multi-HUX to SMSEMOA-greedy_ting-2P', 'Equivalence_Line_37: NSGA2-greedy_ting-UX to RVEA-greedy_multi-UX', 'Equivalence_Line_38: NSGA2-greedy_ting-HUX to RVEA-greedy_multi-HUX', 'Equivalence_Line_39: UNSGA3-greedy_ting-HUX to SMSEMOA-greedy_ting-1P', 'Equivalence_Line_40: NSGA3-greedy_ting-UX to NSGA2-random_dense-2P', 'Equivalence_Line_41: NSGA3-greedy_ting-HUX to NSGA2-random_dense-1P', 'Equivalence_Line_42: SPEA2-random_dense-UX to RVEA-random_dense-HUX', 'Equivalence_Line_43: NSGA2-random_dense-UX to RVEA-random_dense-UX', 'Equivalence_Line_44: UNSGA3-greedy_ting-UX to UNSGA3-greedy_ting-2P', 'Equivalence_Line_45: SPEA2-random_dense-HUX to SPEA2-greedy_ting-1P', 'Equivalence_Line_46: NSGA3-random_dense-2P to RVEA-random_dense-2P', 'Equivalence_Line_47: AGEMOEA2-random_dense-2P to NSGA3-greedy_ting-2P', 'Equivalence_Line_48: NSGA2-random_dense-HUX to NSGA2-greedy_ting-2P', 'Equivalence_Line_49: UNSGA3-random_dense-2P to SPEA2-greedy_ting-2P', 'Equivalence_Line_50: AGEMOEA2-random_dense-1P to RVEA-random_dense-1P', 'Equivalence_Line_51: RVEA-greedy_multi-1P to UNSGA3-greedy_ting-1P', 'Equivalence_Line_52: UNSGA3-random_dense-1P to AGEMOEA2-greedy_ting-2P', 'Equivalence_Line_53: SPEA2-random_dense-2P to NSGA3-greedy_ting-1P', 'Equivalence_Line_54: RVEA-greedy_multi-2P to NSGA2-greedy_ting-1P', 'Equivalence_Line_55: NSGA3-random_dense-1P to RVEA-greedy_ting-HUX', 'Equivalence_Line_56: SPEA2-greedy_ting-UX to RVEA-greedy_ting-UX', 'Equivalence_Line_57: SPEA2-greedy_ting-HUX to AGEMOEA2-greedy_ting-1P', 'Equivalence_Line_58: SPEA2-random_dense-1P to RVEA-greedy_ting-2P', 'Equivalence_Line_59: AGEMOEA2-greedy_ting-UX to RVEA-greedy_ting-1P']"
NSGA2-random_dense-UX,0.0088239841967328,"['Equivalence_Line_1: SMSEMOA-random_dense-HUX to AGEMOEA2-greedy_multi-HUX', 'Equivalence_Line_2: SMSEMOA-random_dense-UX to SMSEMOA-random_dense-2P', 'Equivalence_Line_3: SMSEMOA-greedy_multi-1P to SPEA2-greedy_multi-2P', 'Equivalence_Line_4: SMSEMOA-greedy_multi-2P to SMSEMOA-greedy_ting-HUX', 'Equivalence_Line_5: SMSEMOA-greedy_multi-HUX to SPEA2-greedy_multi-1P', 'Equivalence_Line_6: SMSEMOA-greedy_multi-UX to SMSEMOA-greedy_ting-UX', 'Equivalence_Line_7: NSGA3-greedy_multi-1P to AGEMOEA2-random_dense-UX', 'Equivalence_Line_8: UNSGA3-greedy_multi-2P to AGEMOEA2-random_dense-HUX', 'Equivalence_Line_9: NSGA3-greedy_multi-HUX to SMSEMOA-random_dense-1P', 'Equivalence_Line_10: UNSGA3-greedy_multi-UX to SPEA2-greedy_multi-UX', 'Equivalence_Line_11: UNSGA3-greedy_multi-HUX to SPEA2-greedy_multi-HUX', 'Equivalence_Line_12: NSGA3-greedy_multi-UX to NSGA2-greedy_ting-UX', 'Equivalence_Line_13: UNSGA3-greedy_multi-1P to NSGA2-greedy_ting-HUX', 'Equivalence_Line_14: NSGA2-greedy_multi-1P to UNSGA3-greedy_ting-HUX', 'Equivalence_Line_15: NSGA3-greedy_multi-2P to NSGA3-greedy_ting-UX', 'Equivalence_Line_16: NSGA2-greedy_multi-2P to NSGA3-greedy_ting-HUX', 'Equivalence_Line_17: NSGA3-random_dense-UX to SPEA2-random_dense-UX', 'Equivalence_Line_18: AGEMOEA2-greedy_multi-1P to NSGA2-random_dense-UX', 'Equivalence_Line_19: UNSGA3-random_dense-HUX to UNSGA3-greedy_ting-UX', 'Equivalence_Line_20: UNSGA3-random_dense-UX to SPEA2-random_dense-HUX', 'Equivalence_Line_21: NSGA3-random_dense-HUX to NSGA3-random_dense-2P', 'Equivalence_Line_22: AGEMOEA2-greedy_multi-2P to AGEMOEA2-random_dense-2P', 'Equivalence_Line_23: NSGA2-greedy_multi-HUX to NSGA2-random_dense-HUX', 'Equivalence_Line_24: NSGA2-greedy_multi-UX to UNSGA3-random_dense-2P', 'Equivalence_Line_25: AGEMOEA2-greedy_multi-UX to AGEMOEA2-random_dense-1P', 'Equivalence_Line_26: AGEMOEA2-greedy_multi-HUX to RVEA-greedy_multi-1P', 'Equivalence_Line_27: SMSEMOA-random_dense-2P to UNSGA3-random_dense-1P', 'Equivalence_Line_28: SPEA2-greedy_multi-2P to SPEA2-random_dense-2P', 'Equivalence_Line_29: SMSEMOA-greedy_ting-HUX to RVEA-greedy_multi-2P', 'Equivalence_Line_30: SPEA2-greedy_multi-1P to NSGA3-random_dense-1P', 'Equivalence_Line_31: SMSEMOA-greedy_ting-UX to SPEA2-greedy_ting-UX', 'Equivalence_Line_32: AGEMOEA2-random_dense-UX to SPEA2-greedy_ting-HUX', 'Equivalence_Line_33: AGEMOEA2-random_dense-HUX to SPEA2-random_dense-1P', 'Equivalence_Line_34: SMSEMOA-random_dense-1P to AGEMOEA2-greedy_ting-UX', 'Equivalence_Line_35: SPEA2-greedy_multi-UX to AGEMOEA2-greedy_ting-HUX', 'Equivalence_Line_36: SPEA2-greedy_multi-HUX to SMSEMOA-greedy_ting-2P', 'Equivalence_Line_37: NSGA2-greedy_ting-UX to RVEA-greedy_multi-UX', 'Equivalence_Line_38: NSGA2-greedy_ting-HUX to RVEA-greedy_multi-HUX', 'Equivalence_Line_39: UNSGA3-greedy_ting-HUX to SMSEMOA-greedy_ting-1P', 'Equivalence_Line_40: NSGA3-greedy_ting-UX to NSGA2-random_dense-2P', 'Equivalence_Line_41: NSGA3-greedy_ting-HUX to NSGA2-random_dense-1P', 'Equivalence_Line_42: SPEA2-random_dense-UX to RVEA-random_dense-HUX', 'Equivalence_Line_43: NSGA2-random_dense-UX to RVEA-random_dense-UX', 'Equivalence_Line_44: UNSGA3-greedy_ting-UX to UNSGA3-greedy_ting-2P', 'Equivalence_Line_45: SPEA2-random_dense-HUX to SPEA2-greedy_ting-1P', 'Equivalence_Line_46: NSGA3-random_dense-2P to RVEA-random_dense-2P', 'Equivalence_Line_47: AGEMOEA2-random_dense-2P to NSGA3-greedy_ting-2P', 'Equivalence_Line_48: NSGA2-random_dense-HUX to NSGA2-greedy_ting-2P', 'Equivalence_Line_49: UNSGA3-random_dense-2P to SPEA2-greedy_ting-2P', 'Equivalence_Line_50: AGEMOEA2-random_dense-1P to RVEA-random_dense-1P', 'Equivalence_Line_51: RVEA-greedy_multi-1P to UNSGA3-greedy_ting-1P', 'Equivalence_Line_52: UNSGA3-random_dense-1P to AGEMOEA2-greedy_ting-2P', 'Equivalence_Line_53: SPEA2-random_dense-2P to NSGA3-greedy_ting-1P', 'Equivalence_Line_54: RVEA-greedy_multi-2P to NSGA2-greedy_ting-1P', 'Equivalence_Line_55: NSGA3-random_dense-1P to RVEA-greedy_ting-HUX', 'Equivalence_Line_56: SPEA2-greedy_ting-UX to RVEA-greedy_ting-UX', 'Equivalence_Line_57: SPEA2-greedy_ting-HUX to AGEMOEA2-greedy_ting-1P', 'Equivalence_Line_58: SPEA2-random_dense-1P to RVEA-greedy_ting-2P', 'Equivalence_Line_59: AGEMOEA2-greedy_ting-UX to RVEA-greedy_ting-1P']"
UNSGA3-greedy_ting-UX,0.0088544705166614,"['Equivalence_Line_1: SMSEMOA-random_dense-HUX to AGEMOEA2-greedy_multi-HUX', 'Equivalence_Line_2: SMSEMOA-random_dense-UX to SMSEMOA-random_dense-2P', 'Equivalence_Line_3: SMSEMOA-greedy_multi-1P to SPEA2-greedy_multi-2P', 'Equivalence_Line_4: SMSEMOA-greedy_multi-2P to SMSEMOA-greedy_ting-HUX', 'Equivalence_Line_5: SMSEMOA-greedy_multi-HUX to SPEA2-greedy_multi-1P', 'Equivalence_Line_6: SMSEMOA-greedy_multi-UX to SMSEMOA-greedy_ting-UX', 'Equivalence_Line_7: NSGA3-greedy_multi-1P to AGEMOEA2-random_dense-UX', 'Equivalence_Line_8: UNSGA3-greedy_multi-2P to AGEMOEA2-random_dense-HUX', 'Equivalence_Line_9: NSGA3-greedy_multi-HUX to SMSEMOA-random_dense-1P', 'Equivalence_Line_10: UNSGA3-greedy_multi-UX to SPEA2-greedy_multi-UX', 'Equivalence_Line_11: UNSGA3-greedy_multi-HUX to SPEA2-greedy_multi-HUX', 'Equivalence_Line_12: NSGA3-greedy_multi-UX to NSGA2-greedy_ting-UX', 'Equivalence_Line_13: UNSGA3-greedy_multi-1P to NSGA2-greedy_ting-HUX', 'Equivalence_Line_14: NSGA2-greedy_multi-1P to UNSGA3-greedy_ting-HUX', 'Equivalence_Line_15: NSGA3-greedy_multi-2P to NSGA3-greedy_ting-UX', 'Equivalence_Line_16: NSGA2-greedy_multi-2P to NSGA3-greedy_ting-HUX', 'Equivalence_Line_17: NSGA3-random_dense-UX to SPEA2-random_dense-UX', 'Equivalence_Line_18: AGEMOEA2-greedy_multi-1P to NSGA2-random_dense-UX', 'Equivalence_Line_19: UNSGA3-random_dense-HUX to UNSGA3-greedy_ting-UX', 'Equivalence_Line_20: UNSGA3-random_dense-UX to SPEA2-random_dense-HUX', 'Equivalence_Line_21: NSGA3-random_dense-HUX to NSGA3-random_dense-2P', 'Equivalence_Line_22: AGEMOEA2-greedy_multi-2P to AGEMOEA2-random_dense-2P', 'Equivalence_Line_23: NSGA2-greedy_multi-HUX to NSGA2-random_dense-HUX', 'Equivalence_Line_24: NSGA2-greedy_multi-UX to UNSGA3-random_dense-2P', 'Equivalence_Line_25: AGEMOEA2-greedy_multi-UX to AGEMOEA2-random_dense-1P', 'Equivalence_Line_26: AGEMOEA2-greedy_multi-HUX to RVEA-greedy_multi-1P', 'Equivalence_Line_27: SMSEMOA-random_dense-2P to UNSGA3-random_dense-1P', 'Equivalence_Line_28: SPEA2-greedy_multi-2P to SPEA2-random_dense-2P', 'Equivalence_Line_29: SMSEMOA-greedy_ting-HUX to RVEA-greedy_multi-2P', 'Equivalence_Line_30: SPEA2-greedy_multi-1P to NSGA3-random_dense-1P', 'Equivalence_Line_31: SMSEMOA-greedy_ting-UX to SPEA2-greedy_ting-UX', 'Equivalence_Line_32: AGEMOEA2-random_dense-UX to SPEA2-greedy_ting-HUX', 'Equivalence_Line_33: AGEMOEA2-random_dense-HUX to SPEA2-random_dense-1P', 'Equivalence_Line_34: SMSEMOA-random_dense-1P to AGEMOEA2-greedy_ting-UX', 'Equivalence_Line_35: SPEA2-greedy_multi-UX to AGEMOEA2-greedy_ting-HUX', 'Equivalence_Line_36: SPEA2-greedy_multi-HUX to SMSEMOA-greedy_ting-2P', 'Equivalence_Line_37: NSGA2-greedy_ting-UX to RVEA-greedy_multi-UX', 'Equivalence_Line_38: NSGA2-greedy_ting-HUX to RVEA-greedy_multi-HUX', 'Equivalence_Line_39: UNSGA3-greedy_ting-HUX to SMSEMOA-greedy_ting-1P', 'Equivalence_Line_40: NSGA3-greedy_ting-UX to NSGA2-random_dense-2P', 'Equivalence_Line_41: NSGA3-greedy_ting-HUX to NSGA2-random_dense-1P', 'Equivalence_Line_42: SPEA2-random_dense-UX to RVEA-random_dense-HUX', 'Equivalence_Line_43: NSGA2-random_dense-UX to RVEA-random_dense-UX', 'Equivalence_Line_44: UNSGA3-greedy_ting-UX to UNSGA3-greedy_ting-2P', 'Equivalence_Line_45: SPEA2-random_dense-HUX to SPEA2-greedy_ting-1P', 'Equivalence_Line_46: NSGA3-random_dense-2P to RVEA-random_dense-2P', 'Equivalence_Line_47: AGEMOEA2-random_dense-2P to NSGA3-greedy_ting-2P', 'Equivalence_Line_48: NSGA2-random_dense-HUX to NSGA2-greedy_ting-2P', 'Equivalence_Line_49: UNSGA3-random_dense-2P to SPEA2-greedy_ting-2P', 'Equivalence_Line_50: AGEMOEA2-random_dense-1P to RVEA-random_dense-1P', 'Equivalence_Line_51: RVEA-greedy_multi-1P to UNSGA3-greedy_ting-1P', 'Equivalence_Line_52: UNSGA3-random_dense-1P to AGEMOEA2-greedy_ting-2P', 'Equivalence_Line_53: SPEA2-random_dense-2P to NSGA3-greedy_ting-1P', 'Equivalence_Line_54: RVEA-greedy_multi-2P to NSGA2-greedy_ting-1P', 'Equivalence_Line_55: NSGA3-random_dense-1P to RVEA-greedy_ting-HUX', 'Equivalence_Line_56: SPEA2-greedy_ting-UX to RVEA-greedy_ting-UX', 'Equivalence_Line_57: SPEA2-greedy_ting-HUX to AGEMOEA2-greedy_ting-1P', 'Equivalence_Line_58: SPEA2-random_dense-1P to RVEA-greedy_ting-2P', 'Equivalence_Line_59: AGEMOEA2-greedy_ting-UX to RVEA-greedy_ting-1P']"
SPEA2-random_dense-HUX,0.0090244763907724,"['Equivalence_Line_1: SMSEMOA-random_dense-HUX to AGEMOEA2-greedy_multi-HUX', 'Equivalence_Line_2: SMSEMOA-random_dense-UX to SMSEMOA-random_dense-2P', 'Equivalence_Line_3: SMSEMOA-greedy_multi-1P to SPEA2-greedy_multi-2P', 'Equivalence_Line_4: SMSEMOA-greedy_multi-2P to SMSEMOA-greedy_ting-HUX', 'Equivalence_Line_5: SMSEMOA-greedy_multi-HUX to SPEA2-greedy_multi-1P', 'Equivalence_Line_6: SMSEMOA-greedy_multi-UX to SMSEMOA-greedy_ting-UX', 'Equivalence_Line_7: NSGA3-greedy_multi-1P to AGEMOEA2-random_dense-UX', 'Equivalence_Line_8: UNSGA3-greedy_multi-2P to AGEMOEA2-random_dense-HUX', 'Equivalence_Line_9: NSGA3-greedy_multi-HUX to SMSEMOA-random_dense-1P', 'Equivalence_Line_10: UNSGA3-greedy_multi-UX to SPEA2-greedy_multi-UX', 'Equivalence_Line_11: UNSGA3-greedy_multi-HUX to SPEA2-greedy_multi-HUX', 'Equivalence_Line_12: NSGA3-greedy_multi-UX to NSGA2-greedy_ting-UX', 'Equivalence_Line_13: UNSGA3-greedy_multi-1P to NSGA2-greedy_ting-HUX', 'Equivalence_Line_14: NSGA2-greedy_multi-1P to UNSGA3-greedy_ting-HUX', 'Equivalence_Line_15: NSGA3-greedy_multi-2P to NSGA3-greedy_ting-UX', 'Equivalence_Line_16: NSGA2-greedy_multi-2P to NSGA3-greedy_ting-HUX', 'Equivalence_Line_17: NSGA3-random_dense-UX to SPEA2-random_dense-UX', 'Equivalence_Line_18: AGEMOEA2-greedy_multi-1P to NSGA2-random_dense-UX', 'Equivalence_Line_19: UNSGA3-random_dense-HUX to UNSGA3-greedy_ting-UX', 'Equivalence_Line_20: UNSGA3-random_dense-UX to SPEA2-random_dense-HUX', 'Equivalence_Line_21: NSGA3-random_dense-HUX to NSGA3-random_dense-2P', 'Equivalence_Line_22: AGEMOEA2-greedy_multi-2P to AGEMOEA2-random_dense-2P', 'Equivalence_Line_23: NSGA2-greedy_multi-HUX to NSGA2-random_dense-HUX', 'Equivalence_Line_24: NSGA2-greedy_multi-UX to UNSGA3-random_dense-2P', 'Equivalence_Line_25: AGEMOEA2-greedy_multi-UX to AGEMOEA2-random_dense-1P', 'Equivalence_Line_26: AGEMOEA2-greedy_multi-HUX to RVEA-greedy_multi-1P', 'Equivalence_Line_27: SMSEMOA-random_dense-2P to UNSGA3-random_dense-1P', 'Equivalence_Line_28: SPEA2-greedy_multi-2P to SPEA2-random_dense-2P', 'Equivalence_Line_29: SMSEMOA-greedy_ting-HUX to RVEA-greedy_multi-2P', 'Equivalence_Line_30: SPEA2-greedy_multi-1P to NSGA3-random_dense-1P', 'Equivalence_Line_31: SMSEMOA-greedy_ting-UX to SPEA2-greedy_ting-UX', 'Equivalence_Line_32: AGEMOEA2-random_dense-UX to SPEA2-greedy_ting-HUX', 'Equivalence_Line_33: AGEMOEA2-random_dense-HUX to SPEA2-random_dense-1P', 'Equivalence_Line_34: SMSEMOA-random_dense-1P to AGEMOEA2-greedy_ting-UX', 'Equivalence_Line_35: SPEA2-greedy_multi-UX to AGEMOEA2-greedy_ting-HUX', 'Equivalence_Line_36: SPEA2-greedy_multi-HUX to SMSEMOA-greedy_ting-2P', 'Equivalence_Line_37: NSGA2-greedy_ting-UX to RVEA-greedy_multi-UX', 'Equivalence_Line_38: NSGA2-greedy_ting-HUX to RVEA-greedy_multi-HUX', 'Equivalence_Line_39: UNSGA3-greedy_ting-HUX to SMSEMOA-greedy_ting-1P', 'Equivalence_Line_40: NSGA3-greedy_ting-UX to NSGA2-random_dense-2P', 'Equivalence_Line_41: NSGA3-greedy_ting-HUX to NSGA2-random_dense-1P', 'Equivalence_Line_42: SPEA2-random_dense-UX to RVEA-random_dense-HUX', 'Equivalence_Line_43: NSGA2-random_dense-UX to RVEA-random_dense-UX', 'Equivalence_Line_44: UNSGA3-greedy_ting-UX to UNSGA3-greedy_ting-2P', 'Equivalence_Line_45: SPEA2-random_dense-HUX to SPEA2-greedy_ting-1P', 'Equivalence_Line_46: NSGA3-random_dense-2P to RVEA-random_dense-2P', 'Equivalence_Line_47: AGEMOEA2-random_dense-2P to NSGA3-greedy_ting-2P', 'Equivalence_Line_48: NSGA2-random_dense-HUX to NSGA2-greedy_ting-2P', 'Equivalence_Line_49: UNSGA3-random_dense-2P to SPEA2-greedy_ting-2P', 'Equivalence_Line_50: AGEMOEA2-random_dense-1P to RVEA-random_dense-1P', 'Equivalence_Line_51: RVEA-greedy_multi-1P to UNSGA3-greedy_ting-1P', 'Equivalence_Line_52: UNSGA3-random_dense-1P to AGEMOEA2-greedy_ting-2P', 'Equivalence_Line_53: SPEA2-random_dense-2P to NSGA3-greedy_ting-1P', 'Equivalence_Line_54: RVEA-greedy_multi-2P to NSGA2-greedy_ting-1P', 'Equivalence_Line_55: NSGA3-random_dense-1P to RVEA-greedy_ting-HUX', 'Equivalence_Line_56: SPEA2-greedy_ting-UX to RVEA-greedy_ting-UX', 'Equivalence_Line_57: SPEA2-greedy_ting-HUX to AGEMOEA2-greedy_ting-1P', 'Equivalence_Line_58: SPEA2-random_dense-1P to RVEA-greedy_ting-2P', 'Equivalence_Line_59: AGEMOEA2-greedy_ting-UX to RVEA-greedy_ting-1P']"
NSGA3-random_dense-2P,0.0094295303924138,"['Equivalence_Line_1: SMSEMOA-random_dense-HUX to AGEMOEA2-greedy_multi-HUX', 'Equivalence_Line_2: SMSEMOA-random_dense-UX to SMSEMOA-random_dense-2P', 'Equivalence_Line_3: SMSEMOA-greedy_multi-1P to SPEA2-greedy_multi-2P', 'Equivalence_Line_4: SMSEMOA-greedy_multi-2P to SMSEMOA-greedy_ting-HUX', 'Equivalence_Line_5: SMSEMOA-greedy_multi-HUX to SPEA2-greedy_multi-1P', 'Equivalence_Line_6: SMSEMOA-greedy_multi-UX to SMSEMOA-greedy_ting-UX', 'Equivalence_Line_7: NSGA3-greedy_multi-1P to AGEMOEA2-random_dense-UX', 'Equivalence_Line_8: UNSGA3-greedy_multi-2P to AGEMOEA2-random_dense-HUX', 'Equivalence_Line_9: NSGA3-greedy_multi-HUX to SMSEMOA-random_dense-1P', 'Equivalence_Line_10: UNSGA3-greedy_multi-UX to SPEA2-greedy_multi-UX', 'Equivalence_Line_11: UNSGA3-greedy_multi-HUX to SPEA2-greedy_multi-HUX', 'Equivalence_Line_12: NSGA3-greedy_multi-UX to NSGA2-greedy_ting-UX', 'Equivalence_Line_13: UNSGA3-greedy_multi-1P to NSGA2-greedy_ting-HUX', 'Equivalence_Line_14: NSGA2-greedy_multi-1P to UNSGA3-greedy_ting-HUX', 'Equivalence_Line_15: NSGA3-greedy_multi-2P to NSGA3-greedy_ting-UX', 'Equivalence_Line_16: NSGA2-greedy_multi-2P to NSGA3-greedy_ting-HUX', 'Equivalence_Line_17: NSGA3-random_dense-UX to SPEA2-random_dense-UX', 'Equivalence_Line_18: AGEMOEA2-greedy_multi-1P to NSGA2-random_dense-UX', 'Equivalence_Line_19: UNSGA3-random_dense-HUX to UNSGA3-greedy_ting-UX', 'Equivalence_Line_20: UNSGA3-random_dense-UX to SPEA2-random_dense-HUX', 'Equivalence_Line_21: NSGA3-random_dense-HUX to NSGA3-random_dense-2P', 'Equivalence_Line_22: AGEMOEA2-greedy_multi-2P to AGEMOEA2-random_dense-2P', 'Equivalence_Line_23: NSGA2-greedy_multi-HUX to NSGA2-random_dense-HUX', 'Equivalence_Line_24: NSGA2-greedy_multi-UX to UNSGA3-random_dense-2P', 'Equivalence_Line_25: AGEMOEA2-greedy_multi-UX to AGEMOEA2-random_dense-1P', 'Equivalence_Line_26: AGEMOEA2-greedy_multi-HUX to RVEA-greedy_multi-1P', 'Equivalence_Line_27: SMSEMOA-random_dense-2P to UNSGA3-random_dense-1P', 'Equivalence_Line_28: SPEA2-greedy_multi-2P to SPEA2-random_dense-2P', 'Equivalence_Line_29: SMSEMOA-greedy_ting-HUX to RVEA-greedy_multi-2P', 'Equivalence_Line_30: SPEA2-greedy_multi-1P to NSGA3-random_dense-1P', 'Equivalence_Line_31: SMSEMOA-greedy_ting-UX to SPEA2-greedy_ting-UX', 'Equivalence_Line_32: AGEMOEA2-random_dense-UX to SPEA2-greedy_ting-HUX', 'Equivalence_Line_33: AGEMOEA2-random_dense-HUX to SPEA2-random_dense-1P', 'Equivalence_Line_34: SMSEMOA-random_dense-1P to AGEMOEA2-greedy_ting-UX', 'Equivalence_Line_35: SPEA2-greedy_multi-UX to AGEMOEA2-greedy_ting-HUX', 'Equivalence_Line_36: SPEA2-greedy_multi-HUX to SMSEMOA-greedy_ting-2P', 'Equivalence_Line_37: NSGA2-greedy_ting-UX to RVEA-greedy_multi-UX', 'Equivalence_Line_38: NSGA2-greedy_ting-HUX to RVEA-greedy_multi-HUX', 'Equivalence_Line_39: UNSGA3-greedy_ting-HUX to SMSEMOA-greedy_ting-1P', 'Equivalence_Line_40: NSGA3-greedy_ting-UX to NSGA2-random_dense-2P', 'Equivalence_Line_41: NSGA3-greedy_ting-HUX to NSGA2-random_dense-1P', 'Equivalence_Line_42: SPEA2-random_dense-UX to RVEA-random_dense-HUX', 'Equivalence_Line_43: NSGA2-random_dense-UX to RVEA-random_dense-UX', 'Equivalence_Line_44: UNSGA3-greedy_ting-UX to UNSGA3-greedy_ting-2P', 'Equivalence_Line_45: SPEA2-random_dense-HUX to SPEA2-greedy_ting-1P', 'Equivalence_Line_46: NSGA3-random_dense-2P to RVEA-random_dense-2P', 'Equivalence_Line_47: AGEMOEA2-random_dense-2P to NSGA3-greedy_ting-2P', 'Equivalence_Line_48: NSGA2-random_dense-HUX to NSGA2-greedy_ting-2P', 'Equivalence_Line_49: UNSGA3-random_dense-2P to SPEA2-greedy_ting-2P', 'Equivalence_Line_50: AGEMOEA2-random_dense-1P to RVEA-random_dense-1P', 'Equivalence_Line_51: RVEA-greedy_multi-1P to UNSGA3-greedy_ting-1P', 'Equivalence_Line_52: UNSGA3-random_dense-1P to AGEMOEA2-greedy_ting-2P', 'Equivalence_Line_53: SPEA2-random_dense-2P to NSGA3-greedy_ting-1P', 'Equivalence_Line_54: RVEA-greedy_multi-2P to NSGA2-greedy_ting-1P', 'Equivalence_Line_55: NSGA3-random_dense-1P to RVEA-greedy_ting-HUX', 'Equivalence_Line_56: SPEA2-greedy_ting-UX to RVEA-greedy_ting-UX', 'Equivalence_Line_57: SPEA2-greedy_ting-HUX to AGEMOEA2-greedy_ting-1P', 'Equivalence_Line_58: SPEA2-random_dense-1P to RVEA-greedy_ting-2P', 'Equivalence_Line_59: AGEMOEA2-greedy_ting-UX to RVEA-greedy_ting-1P']"
AGEMOEA2-random_dense-2P,0.0095878146581349,"['Equivalence_Line_1: SMSEMOA-random_dense-HUX to AGEMOEA2-greedy_multi-HUX', 'Equivalence_Line_2: SMSEMOA-random_dense-UX to SMSEMOA-random_dense-2P', 'Equivalence_Line_3: SMSEMOA-greedy_multi-1P to SPEA2-greedy_multi-2P', 'Equivalence_Line_4: SMSEMOA-greedy_multi-2P to SMSEMOA-greedy_ting-HUX', 'Equivalence_Line_5: SMSEMOA-greedy_multi-HUX to SPEA2-greedy_multi-1P', 'Equivalence_Line_6: SMSEMOA-greedy_multi-UX to SMSEMOA-greedy_ting-UX', 'Equivalence_Line_7: NSGA3-greedy_multi-1P to AGEMOEA2-random_dense-UX', 'Equivalence_Line_8: UNSGA3-greedy_multi-2P to AGEMOEA2-random_dense-HUX', 'Equivalence_Line_9: NSGA3-greedy_multi-HUX to SMSEMOA-random_dense-1P', 'Equivalence_Line_10: UNSGA3-greedy_multi-UX to SPEA2-greedy_multi-UX', 'Equivalence_Line_11: UNSGA3-greedy_multi-HUX to SPEA2-greedy_multi-HUX', 'Equivalence_Line_12: NSGA3-greedy_multi-UX to NSGA2-greedy_ting-UX', 'Equivalence_Line_13: UNSGA3-greedy_multi-1P to NSGA2-greedy_ting-HUX', 'Equivalence_Line_14: NSGA2-greedy_multi-1P to UNSGA3-greedy_ting-HUX', 'Equivalence_Line_15: NSGA3-greedy_multi-2P to NSGA3-greedy_ting-UX', 'Equivalence_Line_16: NSGA2-greedy_multi-2P to NSGA3-greedy_ting-HUX', 'Equivalence_Line_17: NSGA3-random_dense-UX to SPEA2-random_dense-UX', 'Equivalence_Line_18: AGEMOEA2-greedy_multi-1P to NSGA2-random_dense-UX', 'Equivalence_Line_19: UNSGA3-random_dense-HUX to UNSGA3-greedy_ting-UX', 'Equivalence_Line_20: UNSGA3-random_dense-UX to SPEA2-random_dense-HUX', 'Equivalence_Line_21: NSGA3-random_dense-HUX to NSGA3-random_dense-2P', 'Equivalence_Line_22: AGEMOEA2-greedy_multi-2P to AGEMOEA2-random_dense-2P', 'Equivalence_Line_23: NSGA2-greedy_multi-HUX to NSGA2-random_dense-HUX', 'Equivalence_Line_24: NSGA2-greedy_multi-UX to UNSGA3-random_dense-2P', 'Equivalence_Line_25: AGEMOEA2-greedy_multi-UX to AGEMOEA2-random_dense-1P', 'Equivalence_Line_26: AGEMOEA2-greedy_multi-HUX to RVEA-greedy_multi-1P', 'Equivalence_Line_27: SMSEMOA-random_dense-2P to UNSGA3-random_dense-1P', 'Equivalence_Line_28: SPEA2-greedy_multi-2P to SPEA2-random_dense-2P', 'Equivalence_Line_29: SMSEMOA-greedy_ting-HUX to RVEA-greedy_multi-2P', 'Equivalence_Line_30: SPEA2-greedy_multi-1P to NSGA3-random_dense-1P', 'Equivalence_Line_31: SMSEMOA-greedy_ting-UX to SPEA2-greedy_ting-UX', 'Equivalence_Line_32: AGEMOEA2-random_dense-UX to SPEA2-greedy_ting-HUX', 'Equivalence_Line_33: AGEMOEA2-random_dense-HUX to SPEA2-random_dense-1P', 'Equivalence_Line_34: SMSEMOA-random_dense-1P to AGEMOEA2-greedy_ting-UX', 'Equivalence_Line_35: SPEA2-greedy_multi-UX to AGEMOEA2-greedy_ting-HUX', 'Equivalence_Line_36: SPEA2-greedy_multi-HUX to SMSEMOA-greedy_ting-2P', 'Equivalence_Line_37: NSGA2-greedy_ting-UX to RVEA-greedy_multi-UX', 'Equivalence_Line_38: NSGA2-greedy_ting-HUX to RVEA-greedy_multi-HUX', 'Equivalence_Line_39: UNSGA3-greedy_ting-HUX to SMSEMOA-greedy_ting-1P', 'Equivalence_Line_40: NSGA3-greedy_ting-UX to NSGA2-random_dense-2P', 'Equivalence_Line_41: NSGA3-greedy_ting-HUX to NSGA2-random_dense-1P', 'Equivalence_Line_42: SPEA2-random_dense-UX to RVEA-random_dense-HUX', 'Equivalence_Line_43: NSGA2-random_dense-UX to RVEA-random_dense-UX', 'Equivalence_Line_44: UNSGA3-greedy_ting-UX to UNSGA3-greedy_ting-2P', 'Equivalence_Line_45: SPEA2-random_dense-HUX to SPEA2-greedy_ting-1P', 'Equivalence_Line_46: NSGA3-random_dense-2P to RVEA-random_dense-2P', 'Equivalence_Line_47: AGEMOEA2-random_dense-2P to NSGA3-greedy_ting-2P', 'Equivalence_Line_48: NSGA2-random_dense-HUX to NSGA2-greedy_ting-2P', 'Equivalence_Line_49: UNSGA3-random_dense-2P to SPEA2-greedy_ting-2P', 'Equivalence_Line_50: AGEMOEA2-random_dense-1P to RVEA-random_dense-1P', 'Equivalence_Line_51: RVEA-greedy_multi-1P to UNSGA3-greedy_ting-1P', 'Equivalence_Line_52: UNSGA3-random_dense-1P to AGEMOEA2-greedy_ting-2P', 'Equivalence_Line_53: SPEA2-random_dense-2P to NSGA3-greedy_ting-1P', 'Equivalence_Line_54: RVEA-greedy_multi-2P to NSGA2-greedy_ting-1P', 'Equivalence_Line_55: NSGA3-random_dense-1P to RVEA-greedy_ting-HUX', 'Equivalence_Line_56: SPEA2-greedy_ting-UX to RVEA-greedy_ting-UX', 'Equivalence_Line_57: SPEA2-greedy_ting-HUX to AGEMOEA2-greedy_ting-1P', 'Equivalence_Line_58: SPEA2-random_dense-1P to RVEA-greedy_ting-2P', 'Equivalence_Line_59: AGEMOEA2-greedy_ting-UX to RVEA-greedy_ting-1P']"
NSGA2-random_dense-HUX,0.0096792483104441,"['Equivalence_Line_1: SMSEMOA-random_dense-HUX to AGEMOEA2-greedy_multi-HUX', 'Equivalence_Line_2: SMSEMOA-random_dense-UX to SMSEMOA-random_dense-2P', 'Equivalence_Line_3: SMSEMOA-greedy_multi-1P to SPEA2-greedy_multi-2P', 'Equivalence_Line_4: SMSEMOA-greedy_multi-2P to SMSEMOA-greedy_ting-HUX', 'Equivalence_Line_5: SMSEMOA-greedy_multi-HUX to SPEA2-greedy_multi-1P', 'Equivalence_Line_6: SMSEMOA-greedy_multi-UX to SMSEMOA-greedy_ting-UX', 'Equivalence_Line_7: NSGA3-greedy_multi-1P to AGEMOEA2-random_dense-UX', 'Equivalence_Line_8: UNSGA3-greedy_multi-2P to AGEMOEA2-random_dense-HUX', 'Equivalence_Line_9: NSGA3-greedy_multi-HUX to SMSEMOA-random_dense-1P', 'Equivalence_Line_10: UNSGA3-greedy_multi-UX to SPEA2-greedy_multi-UX', 'Equivalence_Line_11: UNSGA3-greedy_multi-HUX to SPEA2-greedy_multi-HUX', 'Equivalence_Line_12: NSGA3-greedy_multi-UX to NSGA2-greedy_ting-UX', 'Equivalence_Line_13: UNSGA3-greedy_multi-1P to NSGA2-greedy_ting-HUX', 'Equivalence_Line_14: NSGA2-greedy_multi-1P to UNSGA3-greedy_ting-HUX', 'Equivalence_Line_15: NSGA3-greedy_multi-2P to NSGA3-greedy_ting-UX', 'Equivalence_Line_16: NSGA2-greedy_multi-2P to NSGA3-greedy_ting-HUX', 'Equivalence_Line_17: NSGA3-random_dense-UX to SPEA2-random_dense-UX', 'Equivalence_Line_18: AGEMOEA2-greedy_multi-1P to NSGA2-random_dense-UX', 'Equivalence_Line_19: UNSGA3-random_dense-HUX to UNSGA3-greedy_ting-UX', 'Equivalence_Line_20: UNSGA3-random_dense-UX to SPEA2-random_dense-HUX', 'Equivalence_Line_21: NSGA3-random_dense-HUX to NSGA3-random_dense-2P', 'Equivalence_Line_22: AGEMOEA2-greedy_multi-2P to AGEMOEA2-random_dense-2P', 'Equivalence_Line_23: NSGA2-greedy_multi-HUX to NSGA2-random_dense-HUX', 'Equivalence_Line_24: NSGA2-greedy_multi-UX to UNSGA3-random_dense-2P', 'Equivalence_Line_25: AGEMOEA2-greedy_multi-UX to AGEMOEA2-random_dense-1P', 'Equivalence_Line_26: AGEMOEA2-greedy_multi-HUX to RVEA-greedy_multi-1P', 'Equivalence_Line_27: SMSEMOA-random_dense-2P to UNSGA3-random_dense-1P', 'Equivalence_Line_28: SPEA2-greedy_multi-2P to SPEA2-random_dense-2P', 'Equivalence_Line_29: SMSEMOA-greedy_ting-HUX to RVEA-greedy_multi-2P', 'Equivalence_Line_30: SPEA2-greedy_multi-1P to NSGA3-random_dense-1P', 'Equivalence_Line_31: SMSEMOA-greedy_ting-UX to SPEA2-greedy_ting-UX', 'Equivalence_Line_32: AGEMOEA2-random_dense-UX to SPEA2-greedy_ting-HUX', 'Equivalence_Line_33: AGEMOEA2-random_dense-HUX to SPEA2-random_dense-1P', 'Equivalence_Line_34: SMSEMOA-random_dense-1P to AGEMOEA2-greedy_ting-UX', 'Equivalence_Line_35: SPEA2-greedy_multi-UX to AGEMOEA2-greedy_ting-HUX', 'Equivalence_Line_36: SPEA2-greedy_multi-HUX to SMSEMOA-greedy_ting-2P', 'Equivalence_Line_37: NSGA2-greedy_ting-UX to RVEA-greedy_multi-UX', 'Equivalence_Line_38: NSGA2-greedy_ting-HUX to RVEA-greedy_multi-HUX', 'Equivalence_Line_39: UNSGA3-greedy_ting-HUX to SMSEMOA-greedy_ting-1P', 'Equivalence_Line_40: NSGA3-greedy_ting-UX to NSGA2-random_dense-2P', 'Equivalence_Line_41: NSGA3-greedy_ting-HUX to NSGA2-random_dense-1P', 'Equivalence_Line_42: SPEA2-random_dense-UX to RVEA-random_dense-HUX', 'Equivalence_Line_43: NSGA2-random_dense-UX to RVEA-random_dense-UX', 'Equivalence_Line_44: UNSGA3-greedy_ting-UX to UNSGA3-greedy_ting-2P', 'Equivalence_Line_45: SPEA2-random_dense-HUX to SPEA2-greedy_ting-1P', 'Equivalence_Line_46: NSGA3-random_dense-2P to RVEA-random_dense-2P', 'Equivalence_Line_47: AGEMOEA2-random_dense-2P to NSGA3-greedy_ting-2P', 'Equivalence_Line_48: NSGA2-random_dense-HUX to NSGA2-greedy_ting-2P', 'Equivalence_Line_49: UNSGA3-random_dense-2P to SPEA2-greedy_ting-2P', 'Equivalence_Line_50: AGEMOEA2-random_dense-1P to RVEA-random_dense-1P', 'Equivalence_Line_51: RVEA-greedy_multi-1P to UNSGA3-greedy_ting-1P', 'Equivalence_Line_52: UNSGA3-random_dense-1P to AGEMOEA2-greedy_ting-2P', 'Equivalence_Line_53: SPEA2-random_dense-2P to NSGA3-greedy_ting-1P', 'Equivalence_Line_54: RVEA-greedy_multi-2P to NSGA2-greedy_ting-1P', 'Equivalence_Line_55: NSGA3-random_dense-1P to RVEA-greedy_ting-HUX', 'Equivalence_Line_56: SPEA2-greedy_ting-UX to RVEA-greedy_ting-UX', 'Equivalence_Line_57: SPEA2-greedy_ting-HUX to AGEMOEA2-greedy_ting-1P', 'Equivalence_Line_58: SPEA2-random_dense-1P to RVEA-greedy_ting-2P', 'Equivalence_Line_59: AGEMOEA2-greedy_ting-UX to RVEA-greedy_ting-1P']"
UNSGA3-random_dense-2P,0.0100174695504891,"['Equivalence_Line_1: SMSEMOA-random_dense-HUX to AGEMOEA2-greedy_multi-HUX', 'Equivalence_Line_2: SMSEMOA-random_dense-UX to SMSEMOA-random_dense-2P', 'Equivalence_Line_3: SMSEMOA-greedy_multi-1P to SPEA2-greedy_multi-2P', 'Equivalence_Line_4: SMSEMOA-greedy_multi-2P to SMSEMOA-greedy_ting-HUX', 'Equivalence_Line_5: SMSEMOA-greedy_multi-HUX to SPEA2-greedy_multi-1P', 'Equivalence_Line_6: SMSEMOA-greedy_multi-UX to SMSEMOA-greedy_ting-UX', 'Equivalence_Line_7: NSGA3-greedy_multi-1P to AGEMOEA2-random_dense-UX', 'Equivalence_Line_8: UNSGA3-greedy_multi-2P to AGEMOEA2-random_dense-HUX', 'Equivalence_Line_9: NSGA3-greedy_multi-HUX to SMSEMOA-random_dense-1P', 'Equivalence_Line_10: UNSGA3-greedy_multi-UX to SPEA2-greedy_multi-UX', 'Equivalence_Line_11: UNSGA3-greedy_multi-HUX to SPEA2-greedy_multi-HUX', 'Equivalence_Line_12: NSGA3-greedy_multi-UX to NSGA2-greedy_ting-UX', 'Equivalence_Line_13: UNSGA3-greedy_multi-1P to NSGA2-greedy_ting-HUX', 'Equivalence_Line_14: NSGA2-greedy_multi-1P to UNSGA3-greedy_ting-HUX', 'Equivalence_Line_15: NSGA3-greedy_multi-2P to NSGA3-greedy_ting-UX', 'Equivalence_Line_16: NSGA2-greedy_multi-2P to NSGA3-greedy_ting-HUX', 'Equivalence_Line_17: NSGA3-random_dense-UX to SPEA2-random_dense-UX', 'Equivalence_Line_18: AGEMOEA2-greedy_multi-1P to NSGA2-random_dense-UX', 'Equivalence_Line_19: UNSGA3-random_dense-HUX to UNSGA3-greedy_ting-UX', 'Equivalence_Line_20: UNSGA3-random_dense-UX to SPEA2-random_dense-HUX', 'Equivalence_Line_21: NSGA3-random_dense-HUX to NSGA3-random_dense-2P', 'Equivalence_Line_22: AGEMOEA2-greedy_multi-2P to AGEMOEA2-random_dense-2P', 'Equivalence_Line_23: NSGA2-greedy_multi-HUX to NSGA2-random_dense-HUX', 'Equivalence_Line_24: NSGA2-greedy_multi-UX to UNSGA3-random_dense-2P', 'Equivalence_Line_25: AGEMOEA2-greedy_multi-UX to AGEMOEA2-random_dense-1P', 'Equivalence_Line_26: AGEMOEA2-greedy_multi-HUX to RVEA-greedy_multi-1P', 'Equivalence_Line_27: SMSEMOA-random_dense-2P to UNSGA3-random_dense-1P', 'Equivalence_Line_28: SPEA2-greedy_multi-2P to SPEA2-random_dense-2P', 'Equivalence_Line_29: SMSEMOA-greedy_ting-HUX to RVEA-greedy_multi-2P', 'Equivalence_Line_30: SPEA2-greedy_multi-1P to NSGA3-random_dense-1P', 'Equivalence_Line_31: SMSEMOA-greedy_ting-UX to SPEA2-greedy_ting-UX', 'Equivalence_Line_32: AGEMOEA2-random_dense-UX to SPEA2-greedy_ting-HUX', 'Equivalence_Line_33: AGEMOEA2-random_dense-HUX to SPEA2-random_dense-1P', 'Equivalence_Line_34: SMSEMOA-random_dense-1P to AGEMOEA2-greedy_ting-UX', 'Equivalence_Line_35: SPEA2-greedy_multi-UX to AGEMOEA2-greedy_ting-HUX', 'Equivalence_Line_36: SPEA2-greedy_multi-HUX to SMSEMOA-greedy_ting-2P', 'Equivalence_Line_37: NSGA2-greedy_ting-UX to RVEA-greedy_multi-UX', 'Equivalence_Line_38: NSGA2-greedy_ting-HUX to RVEA-greedy_multi-HUX', 'Equivalence_Line_39: UNSGA3-greedy_ting-HUX to SMSEMOA-greedy_ting-1P', 'Equivalence_Line_40: NSGA3-greedy_ting-UX to NSGA2-random_dense-2P', 'Equivalence_Line_41: NSGA3-greedy_ting-HUX to NSGA2-random_dense-1P', 'Equivalence_Line_42: SPEA2-random_dense-UX to RVEA-random_dense-HUX', 'Equivalence_Line_43: NSGA2-random_dense-UX to RVEA-random_dense-UX', 'Equivalence_Line_44: UNSGA3-greedy_ting-UX to UNSGA3-greedy_ting-2P', 'Equivalence_Line_45: SPEA2-random_dense-HUX to SPEA2-greedy_ting-1P', 'Equivalence_Line_46: NSGA3-random_dense-2P to RVEA-random_dense-2P', 'Equivalence_Line_47: AGEMOEA2-random_dense-2P to NSGA3-greedy_ting-2P', 'Equivalence_Line_48: NSGA2-random_dense-HUX to NSGA2-greedy_ting-2P', 'Equivalence_Line_49: UNSGA3-random_dense-2P to SPEA2-greedy_ting-2P', 'Equivalence_Line_50: AGEMOEA2-random_dense-1P to RVEA-random_dense-1P', 'Equivalence_Line_51: RVEA-greedy_multi-1P to UNSGA3-greedy_ting-1P', 'Equivalence_Line_52: UNSGA3-random_dense-1P to AGEMOEA2-greedy_ting-2P', 'Equivalence_Line_53: SPEA2-random_dense-2P to NSGA3-greedy_ting-1P', 'Equivalence_Line_54: RVEA-greedy_multi-2P to NSGA2-greedy_ting-1P', 'Equivalence_Line_55: NSGA3-random_dense-1P to RVEA-greedy_ting-HUX', 'Equivalence_Line_56: SPEA2-greedy_ting-UX to RVEA-greedy_ting-UX', 'Equivalence_Line_57: SPEA2-greedy_ting-HUX to AGEMOEA2-greedy_ting-1P', 'Equivalence_Line_58: SPEA2-random_dense-1P to RVEA-greedy_ting-2P', 'Equivalence_Line_59: AGEMOEA2-greedy_ting-UX to RVEA-greedy_ting-1P']"
AGEMOEA2-random_dense-1P,0.0106293688540979,"['Equivalence_Line_1: SMSEMOA-random_dense-HUX to AGEMOEA2-greedy_multi-HUX', 'Equivalence_Line_2: SMSEMOA-random_dense-UX to SMSEMOA-random_dense-2P', 'Equivalence_Line_3: SMSEMOA-greedy_multi-1P to SPEA2-greedy_multi-2P', 'Equivalence_Line_4: SMSEMOA-greedy_multi-2P to SMSEMOA-greedy_ting-HUX', 'Equivalence_Line_5: SMSEMOA-greedy_multi-HUX to SPEA2-greedy_multi-1P', 'Equivalence_Line_6: SMSEMOA-greedy_multi-UX to SMSEMOA-greedy_ting-UX', 'Equivalence_Line_7: NSGA3-greedy_multi-1P to AGEMOEA2-random_dense-UX', 'Equivalence_Line_8: UNSGA3-greedy_multi-2P to AGEMOEA2-random_dense-HUX', 'Equivalence_Line_9: NSGA3-greedy_multi-HUX to SMSEMOA-random_dense-1P', 'Equivalence_Line_10: UNSGA3-greedy_multi-UX to SPEA2-greedy_multi-UX', 'Equivalence_Line_11: UNSGA3-greedy_multi-HUX to SPEA2-greedy_multi-HUX', 'Equivalence_Line_12: NSGA3-greedy_multi-UX to NSGA2-greedy_ting-UX', 'Equivalence_Line_13: UNSGA3-greedy_multi-1P to NSGA2-greedy_ting-HUX', 'Equivalence_Line_14: NSGA2-greedy_multi-1P to UNSGA3-greedy_ting-HUX', 'Equivalence_Line_15: NSGA3-greedy_multi-2P to NSGA3-greedy_ting-UX', 'Equivalence_Line_16: NSGA2-greedy_multi-2P to NSGA3-greedy_ting-HUX', 'Equivalence_Line_17: NSGA3-random_dense-UX to SPEA2-random_dense-UX', 'Equivalence_Line_18: AGEMOEA2-greedy_multi-1P to NSGA2-random_dense-UX', 'Equivalence_Line_19: UNSGA3-random_dense-HUX to UNSGA3-greedy_ting-UX', 'Equivalence_Line_20: UNSGA3-random_dense-UX to SPEA2-random_dense-HUX', 'Equivalence_Line_21: NSGA3-random_dense-HUX to NSGA3-random_dense-2P', 'Equivalence_Line_22: AGEMOEA2-greedy_multi-2P to AGEMOEA2-random_dense-2P', 'Equivalence_Line_23: NSGA2-greedy_multi-HUX to NSGA2-random_dense-HUX', 'Equivalence_Line_24: NSGA2-greedy_multi-UX to UNSGA3-random_dense-2P', 'Equivalence_Line_25: AGEMOEA2-greedy_multi-UX to AGEMOEA2-random_dense-1P', 'Equivalence_Line_26: AGEMOEA2-greedy_multi-HUX to RVEA-greedy_multi-1P', 'Equivalence_Line_27: SMSEMOA-random_dense-2P to UNSGA3-random_dense-1P', 'Equivalence_Line_28: SPEA2-greedy_multi-2P to SPEA2-random_dense-2P', 'Equivalence_Line_29: SMSEMOA-greedy_ting-HUX to RVEA-greedy_multi-2P', 'Equivalence_Line_30: SPEA2-greedy_multi-1P to NSGA3-random_dense-1P', 'Equivalence_Line_31: SMSEMOA-greedy_ting-UX to SPEA2-greedy_ting-UX', 'Equivalence_Line_32: AGEMOEA2-random_dense-UX to SPEA2-greedy_ting-HUX', 'Equivalence_Line_33: AGEMOEA2-random_dense-HUX to SPEA2-random_dense-1P', 'Equivalence_Line_34: SMSEMOA-random_dense-1P to AGEMOEA2-greedy_ting-UX', 'Equivalence_Line_35: SPEA2-greedy_multi-UX to AGEMOEA2-greedy_ting-HUX', 'Equivalence_Line_36: SPEA2-greedy_multi-HUX to SMSEMOA-greedy_ting-2P', 'Equivalence_Line_37: NSGA2-greedy_ting-UX to RVEA-greedy_multi-UX', 'Equivalence_Line_38: NSGA2-greedy_ting-HUX to RVEA-greedy_multi-HUX', 'Equivalence_Line_39: UNSGA3-greedy_ting-HUX to SMSEMOA-greedy_ting-1P', 'Equivalence_Line_40: NSGA3-greedy_ting-UX to NSGA2-random_dense-2P', 'Equivalence_Line_41: NSGA3-greedy_ting-HUX to NSGA2-random_dense-1P', 'Equivalence_Line_42: SPEA2-random_dense-UX to RVEA-random_dense-HUX', 'Equivalence_Line_43: NSGA2-random_dense-UX to RVEA-random_dense-UX', 'Equivalence_Line_44: UNSGA3-greedy_ting-UX to UNSGA3-greedy_ting-2P', 'Equivalence_Line_45: SPEA2-random_dense-HUX to SPEA2-greedy_ting-1P', 'Equivalence_Line_46: NSGA3-random_dense-2P to RVEA-random_dense-2P', 'Equivalence_Line_47: AGEMOEA2-random_dense-2P to NSGA3-greedy_ting-2P', 'Equivalence_Line_48: NSGA2-random_dense-HUX to NSGA2-greedy_ting-2P', 'Equivalence_Line_49: UNSGA3-random_dense-2P to SPEA2-greedy_ting-2P', 'Equivalence_Line_50: AGEMOEA2-random_dense-1P to RVEA-random_dense-1P', 'Equivalence_Line_51: RVEA-greedy_multi-1P to UNSGA3-greedy_ting-1P', 'Equivalence_Line_52: UNSGA3-random_dense-1P to AGEMOEA2-greedy_ting-2P', 'Equivalence_Line_53: SPEA2-random_dense-2P to NSGA3-greedy_ting-1P', 'Equivalence_Line_54: RVEA-greedy_multi-2P to NSGA2-greedy_ting-1P', 'Equivalence_Line_55: NSGA3-random_dense-1P to RVEA-greedy_ting-HUX', 'Equivalence_Line_56: SPEA2-greedy_ting-UX to RVEA-greedy_ting-UX', 'Equivalence_Line_57: SPEA2-greedy_ting-HUX to AGEMOEA2-greedy_ting-1P', 'Equivalence_Line_58: SPEA2-random_dense-1P to RVEA-greedy_ting-2P', 'Equivalence_Line_59: AGEMOEA2-greedy_ting-UX to RVEA-greedy_ting-1P']"
RVEA-greedy_multi-1P,0.0106678428078894,"['Equivalence_Line_1: SMSEMOA-random_dense-HUX to AGEMOEA2-greedy_multi-HUX', 'Equivalence_Line_2: SMSEMOA-random_dense-UX to SMSEMOA-random_dense-2P', 'Equivalence_Line_3: SMSEMOA-greedy_multi-1P to SPEA2-greedy_multi-2P', 'Equivalence_Line_4: SMSEMOA-greedy_multi-2P to SMSEMOA-greedy_ting-HUX', 'Equivalence_Line_5: SMSEMOA-greedy_multi-HUX to SPEA2-greedy_multi-1P', 'Equivalence_Line_6: SMSEMOA-greedy_multi-UX to SMSEMOA-greedy_ting-UX', 'Equivalence_Line_7: NSGA3-greedy_multi-1P to AGEMOEA2-random_dense-UX', 'Equivalence_Line_8: UNSGA3-greedy_multi-2P to AGEMOEA2-random_dense-HUX', 'Equivalence_Line_9: NSGA3-greedy_multi-HUX to SMSEMOA-random_dense-1P', 'Equivalence_Line_10: UNSGA3-greedy_multi-UX to SPEA2-greedy_multi-UX', 'Equivalence_Line_11: UNSGA3-greedy_multi-HUX to SPEA2-greedy_multi-HUX', 'Equivalence_Line_12: NSGA3-greedy_multi-UX to NSGA2-greedy_ting-UX', 'Equivalence_Line_13: UNSGA3-greedy_multi-1P to NSGA2-greedy_ting-HUX', 'Equivalence_Line_14: NSGA2-greedy_multi-1P to UNSGA3-greedy_ting-HUX', 'Equivalence_Line_15: NSGA3-greedy_multi-2P to NSGA3-greedy_ting-UX', 'Equivalence_Line_16: NSGA2-greedy_multi-2P to NSGA3-greedy_ting-HUX', 'Equivalence_Line_17: NSGA3-random_dense-UX to SPEA2-random_dense-UX', 'Equivalence_Line_18: AGEMOEA2-greedy_multi-1P to NSGA2-random_dense-UX', 'Equivalence_Line_19: UNSGA3-random_dense-HUX to UNSGA3-greedy_ting-UX', 'Equivalence_Line_20: UNSGA3-random_dense-UX to SPEA2-random_dense-HUX', 'Equivalence_Line_21: NSGA3-random_dense-HUX to NSGA3-random_dense-2P', 'Equivalence_Line_22: AGEMOEA2-greedy_multi-2P to AGEMOEA2-random_dense-2P', 'Equivalence_Line_23: NSGA2-greedy_multi-HUX to NSGA2-random_dense-HUX', 'Equivalence_Line_24: NSGA2-greedy_multi-UX to UNSGA3-random_dense-2P', 'Equivalence_Line_25: AGEMOEA2-greedy_multi-UX to AGEMOEA2-random_dense-1P', 'Equivalence_Line_26: AGEMOEA2-greedy_multi-HUX to RVEA-greedy_multi-1P', 'Equivalence_Line_27: SMSEMOA-random_dense-2P to UNSGA3-random_dense-1P', 'Equivalence_Line_28: SPEA2-greedy_multi-2P to SPEA2-random_dense-2P', 'Equivalence_Line_29: SMSEMOA-greedy_ting-HUX to RVEA-greedy_multi-2P', 'Equivalence_Line_30: SPEA2-greedy_multi-1P to NSGA3-random_dense-1P', 'Equivalence_Line_31: SMSEMOA-greedy_ting-UX to SPEA2-greedy_ting-UX', 'Equivalence_Line_32: AGEMOEA2-random_dense-UX to SPEA2-greedy_ting-HUX', 'Equivalence_Line_33: AGEMOEA2-random_dense-HUX to SPEA2-random_dense-1P', 'Equivalence_Line_34: SMSEMOA-random_dense-1P to AGEMOEA2-greedy_ting-UX', 'Equivalence_Line_35: SPEA2-greedy_multi-UX to AGEMOEA2-greedy_ting-HUX', 'Equivalence_Line_36: SPEA2-greedy_multi-HUX to SMSEMOA-greedy_ting-2P', 'Equivalence_Line_37: NSGA2-greedy_ting-UX to RVEA-greedy_multi-UX', 'Equivalence_Line_38: NSGA2-greedy_ting-HUX to RVEA-greedy_multi-HUX', 'Equivalence_Line_39: UNSGA3-greedy_ting-HUX to SMSEMOA-greedy_ting-1P', 'Equivalence_Line_40: NSGA3-greedy_ting-UX to NSGA2-random_dense-2P', 'Equivalence_Line_41: NSGA3-greedy_ting-HUX to NSGA2-random_dense-1P', 'Equivalence_Line_42: SPEA2-random_dense-UX to RVEA-random_dense-HUX', 'Equivalence_Line_43: NSGA2-random_dense-UX to RVEA-random_dense-UX', 'Equivalence_Line_44: UNSGA3-greedy_ting-UX to UNSGA3-greedy_ting-2P', 'Equivalence_Line_45: SPEA2-random_dense-HUX to SPEA2-greedy_ting-1P', 'Equivalence_Line_46: NSGA3-random_dense-2P to RVEA-random_dense-2P', 'Equivalence_Line_47: AGEMOEA2-random_dense-2P to NSGA3-greedy_ting-2P', 'Equivalence_Line_48: NSGA2-random_dense-HUX to NSGA2-greedy_ting-2P', 'Equivalence_Line_49: UNSGA3-random_dense-2P to SPEA2-greedy_ting-2P', 'Equivalence_Line_50: AGEMOEA2-random_dense-1P to RVEA-random_dense-1P', 'Equivalence_Line_51: RVEA-greedy_multi-1P to UNSGA3-greedy_ting-1P', 'Equivalence_Line_52: UNSGA3-random_dense-1P to AGEMOEA2-greedy_ting-2P', 'Equivalence_Line_53: SPEA2-random_dense-2P to NSGA3-greedy_ting-1P', 'Equivalence_Line_54: RVEA-greedy_multi-2P to NSGA2-greedy_ting-1P', 'Equivalence_Line_55: NSGA3-random_dense-1P to RVEA-greedy_ting-HUX', 'Equivalence_Line_56: SPEA2-greedy_ting-UX to RVEA-greedy_ting-UX', 'Equivalence_Line_57: SPEA2-greedy_ting-HUX to AGEMOEA2-greedy_ting-1P', 'Equivalence_Line_58: SPEA2-random_dense-1P to RVEA-greedy_ting-2P', 'Equivalence_Line_59: AGEMOEA2-greedy_ting-UX to RVEA-greedy_ting-1P']"
UNSGA3-random_dense-1P,0.0109737123818093,"['Equivalence_Line_1: SMSEMOA-random_dense-HUX to AGEMOEA2-greedy_multi-HUX', 'Equivalence_Line_2: SMSEMOA-random_dense-UX to SMSEMOA-random_dense-2P', 'Equivalence_Line_3: SMSEMOA-greedy_multi-1P to SPEA2-greedy_multi-2P', 'Equivalence_Line_4: SMSEMOA-greedy_multi-2P to SMSEMOA-greedy_ting-HUX', 'Equivalence_Line_5: SMSEMOA-greedy_multi-HUX to SPEA2-greedy_multi-1P', 'Equivalence_Line_6: SMSEMOA-greedy_multi-UX to SMSEMOA-greedy_ting-UX', 'Equivalence_Line_7: NSGA3-greedy_multi-1P to AGEMOEA2-random_dense-UX', 'Equivalence_Line_8: UNSGA3-greedy_multi-2P to AGEMOEA2-random_dense-HUX', 'Equivalence_Line_9: NSGA3-greedy_multi-HUX to SMSEMOA-random_dense-1P', 'Equivalence_Line_10: UNSGA3-greedy_multi-UX to SPEA2-greedy_multi-UX', 'Equivalence_Line_11: UNSGA3-greedy_multi-HUX to SPEA2-greedy_multi-HUX', 'Equivalence_Line_12: NSGA3-greedy_multi-UX to NSGA2-greedy_ting-UX', 'Equivalence_Line_13: UNSGA3-greedy_multi-1P to NSGA2-greedy_ting-HUX', 'Equivalence_Line_14: NSGA2-greedy_multi-1P to UNSGA3-greedy_ting-HUX', 'Equivalence_Line_15: NSGA3-greedy_multi-2P to NSGA3-greedy_ting-UX', 'Equivalence_Line_16: NSGA2-greedy_multi-2P to NSGA3-greedy_ting-HUX', 'Equivalence_Line_17: NSGA3-random_dense-UX to SPEA2-random_dense-UX', 'Equivalence_Line_18: AGEMOEA2-greedy_multi-1P to NSGA2-random_dense-UX', 'Equivalence_Line_19: UNSGA3-random_dense-HUX to UNSGA3-greedy_ting-UX', 'Equivalence_Line_20: UNSGA3-random_dense-UX to SPEA2-random_dense-HUX', 'Equivalence_Line_21: NSGA3-random_dense-HUX to NSGA3-random_dense-2P', 'Equivalence_Line_22: AGEMOEA2-greedy_multi-2P to AGEMOEA2-random_dense-2P', 'Equivalence_Line_23: NSGA2-greedy_multi-HUX to NSGA2-random_dense-HUX', 'Equivalence_Line_24: NSGA2-greedy_multi-UX to UNSGA3-random_dense-2P', 'Equivalence_Line_25: AGEMOEA2-greedy_multi-UX to AGEMOEA2-random_dense-1P', 'Equivalence_Line_26: AGEMOEA2-greedy_multi-HUX to RVEA-greedy_multi-1P', 'Equivalence_Line_27: SMSEMOA-random_dense-2P to UNSGA3-random_dense-1P', 'Equivalence_Line_28: SPEA2-greedy_multi-2P to SPEA2-random_dense-2P', 'Equivalence_Line_29: SMSEMOA-greedy_ting-HUX to RVEA-greedy_multi-2P', 'Equivalence_Line_30: SPEA2-greedy_multi-1P to NSGA3-random_dense-1P', 'Equivalence_Line_31: SMSEMOA-greedy_ting-UX to SPEA2-greedy_ting-UX', 'Equivalence_Line_32: AGEMOEA2-random_dense-UX to SPEA2-greedy_ting-HUX', 'Equivalence_Line_33: AGEMOEA2-random_dense-HUX to SPEA2-random_dense-1P', 'Equivalence_Line_34: SMSEMOA-random_dense-1P to AGEMOEA2-greedy_ting-UX', 'Equivalence_Line_35: SPEA2-greedy_multi-UX to AGEMOEA2-greedy_ting-HUX', 'Equivalence_Line_36: SPEA2-greedy_multi-HUX to SMSEMOA-greedy_ting-2P', 'Equivalence_Line_37: NSGA2-greedy_ting-UX to RVEA-greedy_multi-UX', 'Equivalence_Line_38: NSGA2-greedy_ting-HUX to RVEA-greedy_multi-HUX', 'Equivalence_Line_39: UNSGA3-greedy_ting-HUX to SMSEMOA-greedy_ting-1P', 'Equivalence_Line_40: NSGA3-greedy_ting-UX to NSGA2-random_dense-2P', 'Equivalence_Line_41: NSGA3-greedy_ting-HUX to NSGA2-random_dense-1P', 'Equivalence_Line_42: SPEA2-random_dense-UX to RVEA-random_dense-HUX', 'Equivalence_Line_43: NSGA2-random_dense-UX to RVEA-random_dense-UX', 'Equivalence_Line_44: UNSGA3-greedy_ting-UX to UNSGA3-greedy_ting-2P', 'Equivalence_Line_45: SPEA2-random_dense-HUX to SPEA2-greedy_ting-1P', 'Equivalence_Line_46: NSGA3-random_dense-2P to RVEA-random_dense-2P', 'Equivalence_Line_47: AGEMOEA2-random_dense-2P to NSGA3-greedy_ting-2P', 'Equivalence_Line_48: NSGA2-random_dense-HUX to NSGA2-greedy_ting-2P', 'Equivalence_Line_49: UNSGA3-random_dense-2P to SPEA2-greedy_ting-2P', 'Equivalence_Line_50: AGEMOEA2-random_dense-1P to RVEA-random_dense-1P', 'Equivalence_Line_51: RVEA-greedy_multi-1P to UNSGA3-greedy_ting-1P', 'Equivalence_Line_52: UNSGA3-random_dense-1P to AGEMOEA2-greedy_ting-2P', 'Equivalence_Line_53: SPEA2-random_dense-2P to NSGA3-greedy_ting-1P', 'Equivalence_Line_54: RVEA-greedy_multi-2P to NSGA2-greedy_ting-1P', 'Equivalence_Line_55: NSGA3-random_dense-1P to RVEA-greedy_ting-HUX', 'Equivalence_Line_56: SPEA2-greedy_ting-UX to RVEA-greedy_ting-UX', 'Equivalence_Line_57: SPEA2-greedy_ting-HUX to AGEMOEA2-greedy_ting-1P', 'Equivalence_Line_58: SPEA2-random_dense-1P to RVEA-greedy_ting-2P', 'Equivalence_Line_59: AGEMOEA2-greedy_ting-UX to RVEA-greedy_ting-1P']"
SPEA2-random_dense-2P,0.0110694581296052,"['Equivalence_Line_1: SMSEMOA-random_dense-HUX to AGEMOEA2-greedy_multi-HUX', 'Equivalence_Line_2: SMSEMOA-random_dense-UX to SMSEMOA-random_dense-2P', 'Equivalence_Line_3: SMSEMOA-greedy_multi-1P to SPEA2-greedy_multi-2P', 'Equivalence_Line_4: SMSEMOA-greedy_multi-2P to SMSEMOA-greedy_ting-HUX', 'Equivalence_Line_5: SMSEMOA-greedy_multi-HUX to SPEA2-greedy_multi-1P', 'Equivalence_Line_6: SMSEMOA-greedy_multi-UX to SMSEMOA-greedy_ting-UX', 'Equivalence_Line_7: NSGA3-greedy_multi-1P to AGEMOEA2-random_dense-UX', 'Equivalence_Line_8: UNSGA3-greedy_multi-2P to AGEMOEA2-random_dense-HUX', 'Equivalence_Line_9: NSGA3-greedy_multi-HUX to SMSEMOA-random_dense-1P', 'Equivalence_Line_10: UNSGA3-greedy_multi-UX to SPEA2-greedy_multi-UX', 'Equivalence_Line_11: UNSGA3-greedy_multi-HUX to SPEA2-greedy_multi-HUX', 'Equivalence_Line_12: NSGA3-greedy_multi-UX to NSGA2-greedy_ting-UX', 'Equivalence_Line_13: UNSGA3-greedy_multi-1P to NSGA2-greedy_ting-HUX', 'Equivalence_Line_14: NSGA2-greedy_multi-1P to UNSGA3-greedy_ting-HUX', 'Equivalence_Line_15: NSGA3-greedy_multi-2P to NSGA3-greedy_ting-UX', 'Equivalence_Line_16: NSGA2-greedy_multi-2P to NSGA3-greedy_ting-HUX', 'Equivalence_Line_17: NSGA3-random_dense-UX to SPEA2-random_dense-UX', 'Equivalence_Line_18: AGEMOEA2-greedy_multi-1P to NSGA2-random_dense-UX', 'Equivalence_Line_19: UNSGA3-random_dense-HUX to UNSGA3-greedy_ting-UX', 'Equivalence_Line_20: UNSGA3-random_dense-UX to SPEA2-random_dense-HUX', 'Equivalence_Line_21: NSGA3-random_dense-HUX to NSGA3-random_dense-2P', 'Equivalence_Line_22: AGEMOEA2-greedy_multi-2P to AGEMOEA2-random_dense-2P', 'Equivalence_Line_23: NSGA2-greedy_multi-HUX to NSGA2-random_dense-HUX', 'Equivalence_Line_24: NSGA2-greedy_multi-UX to UNSGA3-random_dense-2P', 'Equivalence_Line_25: AGEMOEA2-greedy_multi-UX to AGEMOEA2-random_dense-1P', 'Equivalence_Line_26: AGEMOEA2-greedy_multi-HUX to RVEA-greedy_multi-1P', 'Equivalence_Line_27: SMSEMOA-random_dense-2P to UNSGA3-random_dense-1P', 'Equivalence_Line_28: SPEA2-greedy_multi-2P to SPEA2-random_dense-2P', 'Equivalence_Line_29: SMSEMOA-greedy_ting-HUX to RVEA-greedy_multi-2P', 'Equivalence_Line_30: SPEA2-greedy_multi-1P to NSGA3-random_dense-1P', 'Equivalence_Line_31: SMSEMOA-greedy_ting-UX to SPEA2-greedy_ting-UX', 'Equivalence_Line_32: AGEMOEA2-random_dense-UX to SPEA2-greedy_ting-HUX', 'Equivalence_Line_33: AGEMOEA2-random_dense-HUX to SPEA2-random_dense-1P', 'Equivalence_Line_34: SMSEMOA-random_dense-1P to AGEMOEA2-greedy_ting-UX', 'Equivalence_Line_35: SPEA2-greedy_multi-UX to AGEMOEA2-greedy_ting-HUX', 'Equivalence_Line_36: SPEA2-greedy_multi-HUX to SMSEMOA-greedy_ting-2P', 'Equivalence_Line_37: NSGA2-greedy_ting-UX to RVEA-greedy_multi-UX', 'Equivalence_Line_38: NSGA2-greedy_ting-HUX to RVEA-greedy_multi-HUX', 'Equivalence_Line_39: UNSGA3-greedy_ting-HUX to SMSEMOA-greedy_ting-1P', 'Equivalence_Line_40: NSGA3-greedy_ting-UX to NSGA2-random_dense-2P', 'Equivalence_Line_41: NSGA3-greedy_ting-HUX to NSGA2-random_dense-1P', 'Equivalence_Line_42: SPEA2-random_dense-UX to RVEA-random_dense-HUX', 'Equivalence_Line_43: NSGA2-random_dense-UX to RVEA-random_dense-UX', 'Equivalence_Line_44: UNSGA3-greedy_ting-UX to UNSGA3-greedy_ting-2P', 'Equivalence_Line_45: SPEA2-random_dense-HUX to SPEA2-greedy_ting-1P', 'Equivalence_Line_46: NSGA3-random_dense-2P to RVEA-random_dense-2P', 'Equivalence_Line_47: AGEMOEA2-random_dense-2P to NSGA3-greedy_ting-2P', 'Equivalence_Line_48: NSGA2-random_dense-HUX to NSGA2-greedy_ting-2P', 'Equivalence_Line_49: UNSGA3-random_dense-2P to SPEA2-greedy_ting-2P', 'Equivalence_Line_50: AGEMOEA2-random_dense-1P to RVEA-random_dense-1P', 'Equivalence_Line_51: RVEA-greedy_multi-1P to UNSGA3-greedy_ting-1P', 'Equivalence_Line_52: UNSGA3-random_dense-1P to AGEMOEA2-greedy_ting-2P', 'Equivalence_Line_53: SPEA2-random_dense-2P to NSGA3-greedy_ting-1P', 'Equivalence_Line_54: RVEA-greedy_multi-2P to NSGA2-greedy_ting-1P', 'Equivalence_Line_55: NSGA3-random_dense-1P to RVEA-greedy_ting-HUX', 'Equivalence_Line_56: SPEA2-greedy_ting-UX to RVEA-greedy_ting-UX', 'Equivalence_Line_57: SPEA2-greedy_ting-HUX to AGEMOEA2-greedy_ting-1P', 'Equivalence_Line_58: SPEA2-random_dense-1P to RVEA-greedy_ting-2P', 'Equivalence_Line_59: AGEMOEA2-greedy_ting-UX to RVEA-greedy_ting-1P']"
RVEA-greedy_multi-2P,0.011382136094033,"['Equivalence_Line_1: SMSEMOA-random_dense-HUX to AGEMOEA2-greedy_multi-HUX', 'Equivalence_Line_2: SMSEMOA-random_dense-UX to SMSEMOA-random_dense-2P', 'Equivalence_Line_3: SMSEMOA-greedy_multi-1P to SPEA2-greedy_multi-2P', 'Equivalence_Line_4: SMSEMOA-greedy_multi-2P to SMSEMOA-greedy_ting-HUX', 'Equivalence_Line_5: SMSEMOA-greedy_multi-HUX to SPEA2-greedy_multi-1P', 'Equivalence_Line_6: SMSEMOA-greedy_multi-UX to SMSEMOA-greedy_ting-UX', 'Equivalence_Line_7: NSGA3-greedy_multi-1P to AGEMOEA2-random_dense-UX', 'Equivalence_Line_8: UNSGA3-greedy_multi-2P to AGEMOEA2-random_dense-HUX', 'Equivalence_Line_9: NSGA3-greedy_multi-HUX to SMSEMOA-random_dense-1P', 'Equivalence_Line_10: UNSGA3-greedy_multi-UX to SPEA2-greedy_multi-UX', 'Equivalence_Line_11: UNSGA3-greedy_multi-HUX to SPEA2-greedy_multi-HUX', 'Equivalence_Line_12: NSGA3-greedy_multi-UX to NSGA2-greedy_ting-UX', 'Equivalence_Line_13: UNSGA3-greedy_multi-1P to NSGA2-greedy_ting-HUX', 'Equivalence_Line_14: NSGA2-greedy_multi-1P to UNSGA3-greedy_ting-HUX', 'Equivalence_Line_15: NSGA3-greedy_multi-2P to NSGA3-greedy_ting-UX', 'Equivalence_Line_16: NSGA2-greedy_multi-2P to NSGA3-greedy_ting-HUX', 'Equivalence_Line_17: NSGA3-random_dense-UX to SPEA2-random_dense-UX', 'Equivalence_Line_18: AGEMOEA2-greedy_multi-1P to NSGA2-random_dense-UX', 'Equivalence_Line_19: UNSGA3-random_dense-HUX to UNSGA3-greedy_ting-UX', 'Equivalence_Line_20: UNSGA3-random_dense-UX to SPEA2-random_dense-HUX', 'Equivalence_Line_21: NSGA3-random_dense-HUX to NSGA3-random_dense-2P', 'Equivalence_Line_22: AGEMOEA2-greedy_multi-2P to AGEMOEA2-random_dense-2P', 'Equivalence_Line_23: NSGA2-greedy_multi-HUX to NSGA2-random_dense-HUX', 'Equivalence_Line_24: NSGA2-greedy_multi-UX to UNSGA3-random_dense-2P', 'Equivalence_Line_25: AGEMOEA2-greedy_multi-UX to AGEMOEA2-random_dense-1P', 'Equivalence_Line_26: AGEMOEA2-greedy_multi-HUX to RVEA-greedy_multi-1P', 'Equivalence_Line_27: SMSEMOA-random_dense-2P to UNSGA3-random_dense-1P', 'Equivalence_Line_28: SPEA2-greedy_multi-2P to SPEA2-random_dense-2P', 'Equivalence_Line_29: SMSEMOA-greedy_ting-HUX to RVEA-greedy_multi-2P', 'Equivalence_Line_30: SPEA2-greedy_multi-1P to NSGA3-random_dense-1P', 'Equivalence_Line_31: SMSEMOA-greedy_ting-UX to SPEA2-greedy_ting-UX', 'Equivalence_Line_32: AGEMOEA2-random_dense-UX to SPEA2-greedy_ting-HUX', 'Equivalence_Line_33: AGEMOEA2-random_dense-HUX to SPEA2-random_dense-1P', 'Equivalence_Line_34: SMSEMOA-random_dense-1P to AGEMOEA2-greedy_ting-UX', 'Equivalence_Line_35: SPEA2-greedy_multi-UX to AGEMOEA2-greedy_ting-HUX', 'Equivalence_Line_36: SPEA2-greedy_multi-HUX to SMSEMOA-greedy_ting-2P', 'Equivalence_Line_37: NSGA2-greedy_ting-UX to RVEA-greedy_multi-UX', 'Equivalence_Line_38: NSGA2-greedy_ting-HUX to RVEA-greedy_multi-HUX', 'Equivalence_Line_39: UNSGA3-greedy_ting-HUX to SMSEMOA-greedy_ting-1P', 'Equivalence_Line_40: NSGA3-greedy_ting-UX to NSGA2-random_dense-2P', 'Equivalence_Line_41: NSGA3-greedy_ting-HUX to NSGA2-random_dense-1P', 'Equivalence_Line_42: SPEA2-random_dense-UX to RVEA-random_dense-HUX', 'Equivalence_Line_43: NSGA2-random_dense-UX to RVEA-random_dense-UX', 'Equivalence_Line_44: UNSGA3-greedy_ting-UX to UNSGA3-greedy_ting-2P', 'Equivalence_Line_45: SPEA2-random_dense-HUX to SPEA2-greedy_ting-1P', 'Equivalence_Line_46: NSGA3-random_dense-2P to RVEA-random_dense-2P', 'Equivalence_Line_47: AGEMOEA2-random_dense-2P to NSGA3-greedy_ting-2P', 'Equivalence_Line_48: NSGA2-random_dense-HUX to NSGA2-greedy_ting-2P', 'Equivalence_Line_49: UNSGA3-random_dense-2P to SPEA2-greedy_ting-2P', 'Equivalence_Line_50: AGEMOEA2-random_dense-1P to RVEA-random_dense-1P', 'Equivalence_Line_51: RVEA-greedy_multi-1P to UNSGA3-greedy_ting-1P', 'Equivalence_Line_52: UNSGA3-random_dense-1P to AGEMOEA2-greedy_ting-2P', 'Equivalence_Line_53: SPEA2-random_dense-2P to NSGA3-greedy_ting-1P', 'Equivalence_Line_54: RVEA-greedy_multi-2P to NSGA2-greedy_ting-1P', 'Equivalence_Line_55: NSGA3-random_dense-1P to RVEA-greedy_ting-HUX', 'Equivalence_Line_56: SPEA2-greedy_ting-UX to RVEA-greedy_ting-UX', 'Equivalence_Line_57: SPEA2-greedy_ting-HUX to AGEMOEA2-greedy_ting-1P', 'Equivalence_Line_58: SPEA2-random_dense-1P to RVEA-greedy_ting-2P', 'Equivalence_Line_59: AGEMOEA2-greedy_ting-UX to RVEA-greedy_ting-1P']"
NSGA3-random_dense-1P,0.0114242705443278,"['Equivalence_Line_1: SMSEMOA-random_dense-HUX to AGEMOEA2-greedy_multi-HUX', 'Equivalence_Line_2: SMSEMOA-random_dense-UX to SMSEMOA-random_dense-2P', 'Equivalence_Line_3: SMSEMOA-greedy_multi-1P to SPEA2-greedy_multi-2P', 'Equivalence_Line_4: SMSEMOA-greedy_multi-2P to SMSEMOA-greedy_ting-HUX', 'Equivalence_Line_5: SMSEMOA-greedy_multi-HUX to SPEA2-greedy_multi-1P', 'Equivalence_Line_6: SMSEMOA-greedy_multi-UX to SMSEMOA-greedy_ting-UX', 'Equivalence_Line_7: NSGA3-greedy_multi-1P to AGEMOEA2-random_dense-UX', 'Equivalence_Line_8: UNSGA3-greedy_multi-2P to AGEMOEA2-random_dense-HUX', 'Equivalence_Line_9: NSGA3-greedy_multi-HUX to SMSEMOA-random_dense-1P', 'Equivalence_Line_10: UNSGA3-greedy_multi-UX to SPEA2-greedy_multi-UX', 'Equivalence_Line_11: UNSGA3-greedy_multi-HUX to SPEA2-greedy_multi-HUX', 'Equivalence_Line_12: NSGA3-greedy_multi-UX to NSGA2-greedy_ting-UX', 'Equivalence_Line_13: UNSGA3-greedy_multi-1P to NSGA2-greedy_ting-HUX', 'Equivalence_Line_14: NSGA2-greedy_multi-1P to UNSGA3-greedy_ting-HUX', 'Equivalence_Line_15: NSGA3-greedy_multi-2P to NSGA3-greedy_ting-UX', 'Equivalence_Line_16: NSGA2-greedy_multi-2P to NSGA3-greedy_ting-HUX', 'Equivalence_Line_17: NSGA3-random_dense-UX to SPEA2-random_dense-UX', 'Equivalence_Line_18: AGEMOEA2-greedy_multi-1P to NSGA2-random_dense-UX', 'Equivalence_Line_19: UNSGA3-random_dense-HUX to UNSGA3-greedy_ting-UX', 'Equivalence_Line_20: UNSGA3-random_dense-UX to SPEA2-random_dense-HUX', 'Equivalence_Line_21: NSGA3-random_dense-HUX to NSGA3-random_dense-2P', 'Equivalence_Line_22: AGEMOEA2-greedy_multi-2P to AGEMOEA2-random_dense-2P', 'Equivalence_Line_23: NSGA2-greedy_multi-HUX to NSGA2-random_dense-HUX', 'Equivalence_Line_24: NSGA2-greedy_multi-UX to UNSGA3-random_dense-2P', 'Equivalence_Line_25: AGEMOEA2-greedy_multi-UX to AGEMOEA2-random_dense-1P', 'Equivalence_Line_26: AGEMOEA2-greedy_multi-HUX to RVEA-greedy_multi-1P', 'Equivalence_Line_27: SMSEMOA-random_dense-2P to UNSGA3-random_dense-1P', 'Equivalence_Line_28: SPEA2-greedy_multi-2P to SPEA2-random_dense-2P', 'Equivalence_Line_29: SMSEMOA-greedy_ting-HUX to RVEA-greedy_multi-2P', 'Equivalence_Line_30: SPEA2-greedy_multi-1P to NSGA3-random_dense-1P', 'Equivalence_Line_31: SMSEMOA-greedy_ting-UX to SPEA2-greedy_ting-UX', 'Equivalence_Line_32: AGEMOEA2-random_dense-UX to SPEA2-greedy_ting-HUX', 'Equivalence_Line_33: AGEMOEA2-random_dense-HUX to SPEA2-random_dense-1P', 'Equivalence_Line_34: SMSEMOA-random_dense-1P to AGEMOEA2-greedy_ting-UX', 'Equivalence_Line_35: SPEA2-greedy_multi-UX to AGEMOEA2-greedy_ting-HUX', 'Equivalence_Line_36: SPEA2-greedy_multi-HUX to SMSEMOA-greedy_ting-2P', 'Equivalence_Line_37: NSGA2-greedy_ting-UX to RVEA-greedy_multi-UX', 'Equivalence_Line_38: NSGA2-greedy_ting-HUX to RVEA-greedy_multi-HUX', 'Equivalence_Line_39: UNSGA3-greedy_ting-HUX to SMSEMOA-greedy_ting-1P', 'Equivalence_Line_40: NSGA3-greedy_ting-UX to NSGA2-random_dense-2P', 'Equivalence_Line_41: NSGA3-greedy_ting-HUX to NSGA2-random_dense-1P', 'Equivalence_Line_42: SPEA2-random_dense-UX to RVEA-random_dense-HUX', 'Equivalence_Line_43: NSGA2-random_dense-UX to RVEA-random_dense-UX', 'Equivalence_Line_44: UNSGA3-greedy_ting-UX to UNSGA3-greedy_ting-2P', 'Equivalence_Line_45: SPEA2-random_dense-HUX to SPEA2-greedy_ting-1P', 'Equivalence_Line_46: NSGA3-random_dense-2P to RVEA-random_dense-2P', 'Equivalence_Line_47: AGEMOEA2-random_dense-2P to NSGA3-greedy_ting-2P', 'Equivalence_Line_48: NSGA2-random_dense-HUX to NSGA2-greedy_ting-2P', 'Equivalence_Line_49: UNSGA3-random_dense-2P to SPEA2-greedy_ting-2P', 'Equivalence_Line_50: AGEMOEA2-random_dense-1P to RVEA-random_dense-1P', 'Equivalence_Line_51: RVEA-greedy_multi-1P to UNSGA3-greedy_ting-1P', 'Equivalence_Line_52: UNSGA3-random_dense-1P to AGEMOEA2-greedy_ting-2P', 'Equivalence_Line_53: SPEA2-random_dense-2P to NSGA3-greedy_ting-1P', 'Equivalence_Line_54: RVEA-greedy_multi-2P to NSGA2-greedy_ting-1P', 'Equivalence_Line_55: NSGA3-random_dense-1P to RVEA-greedy_ting-HUX', 'Equivalence_Line_56: SPEA2-greedy_ting-UX to RVEA-greedy_ting-UX', 'Equivalence_Line_57: SPEA2-greedy_ting-HUX to AGEMOEA2-greedy_ting-1P', 'Equivalence_Line_58: SPEA2-random_dense-1P to RVEA-greedy_ting-2P', 'Equivalence_Line_59: AGEMOEA2-greedy_ting-UX to RVEA-greedy_ting-1P']"
SPEA2-greedy_ting-UX,0.0117148472825707,"['Equivalence_Line_1: SMSEMOA-random_dense-HUX to AGEMOEA2-greedy_multi-HUX', 'Equivalence_Line_2: SMSEMOA-random_dense-UX to SMSEMOA-random_dense-2P', 'Equivalence_Line_3: SMSEMOA-greedy_multi-1P to SPEA2-greedy_multi-2P', 'Equivalence_Line_4: SMSEMOA-greedy_multi-2P to SMSEMOA-greedy_ting-HUX', 'Equivalence_Line_5: SMSEMOA-greedy_multi-HUX to SPEA2-greedy_multi-1P', 'Equivalence_Line_6: SMSEMOA-greedy_multi-UX to SMSEMOA-greedy_ting-UX', 'Equivalence_Line_7: NSGA3-greedy_multi-1P to AGEMOEA2-random_dense-UX', 'Equivalence_Line_8: UNSGA3-greedy_multi-2P to AGEMOEA2-random_dense-HUX', 'Equivalence_Line_9: NSGA3-greedy_multi-HUX to SMSEMOA-random_dense-1P', 'Equivalence_Line_10: UNSGA3-greedy_multi-UX to SPEA2-greedy_multi-UX', 'Equivalence_Line_11: UNSGA3-greedy_multi-HUX to SPEA2-greedy_multi-HUX', 'Equivalence_Line_12: NSGA3-greedy_multi-UX to NSGA2-greedy_ting-UX', 'Equivalence_Line_13: UNSGA3-greedy_multi-1P to NSGA2-greedy_ting-HUX', 'Equivalence_Line_14: NSGA2-greedy_multi-1P to UNSGA3-greedy_ting-HUX', 'Equivalence_Line_15: NSGA3-greedy_multi-2P to NSGA3-greedy_ting-UX', 'Equivalence_Line_16: NSGA2-greedy_multi-2P to NSGA3-greedy_ting-HUX', 'Equivalence_Line_17: NSGA3-random_dense-UX to SPEA2-random_dense-UX', 'Equivalence_Line_18: AGEMOEA2-greedy_multi-1P to NSGA2-random_dense-UX', 'Equivalence_Line_19: UNSGA3-random_dense-HUX to UNSGA3-greedy_ting-UX', 'Equivalence_Line_20: UNSGA3-random_dense-UX to SPEA2-random_dense-HUX', 'Equivalence_Line_21: NSGA3-random_dense-HUX to NSGA3-random_dense-2P', 'Equivalence_Line_22: AGEMOEA2-greedy_multi-2P to AGEMOEA2-random_dense-2P', 'Equivalence_Line_23: NSGA2-greedy_multi-HUX to NSGA2-random_dense-HUX', 'Equivalence_Line_24: NSGA2-greedy_multi-UX to UNSGA3-random_dense-2P', 'Equivalence_Line_25: AGEMOEA2-greedy_multi-UX to AGEMOEA2-random_dense-1P', 'Equivalence_Line_26: AGEMOEA2-greedy_multi-HUX to RVEA-greedy_multi-1P', 'Equivalence_Line_27: SMSEMOA-random_dense-2P to UNSGA3-random_dense-1P', 'Equivalence_Line_28: SPEA2-greedy_multi-2P to SPEA2-random_dense-2P', 'Equivalence_Line_29: SMSEMOA-greedy_ting-HUX to RVEA-greedy_multi-2P', 'Equivalence_Line_30: SPEA2-greedy_multi-1P to NSGA3-random_dense-1P', 'Equivalence_Line_31: SMSEMOA-greedy_ting-UX to SPEA2-greedy_ting-UX', 'Equivalence_Line_32: AGEMOEA2-random_dense-UX to SPEA2-greedy_ting-HUX', 'Equivalence_Line_33: AGEMOEA2-random_dense-HUX to SPEA2-random_dense-1P', 'Equivalence_Line_34: SMSEMOA-random_dense-1P to AGEMOEA2-greedy_ting-UX', 'Equivalence_Line_35: SPEA2-greedy_multi-UX to AGEMOEA2-greedy_ting-HUX', 'Equivalence_Line_36: SPEA2-greedy_multi-HUX to SMSEMOA-greedy_ting-2P', 'Equivalence_Line_37: NSGA2-greedy_ting-UX to RVEA-greedy_multi-UX', 'Equivalence_Line_38: NSGA2-greedy_ting-HUX to RVEA-greedy_multi-HUX', 'Equivalence_Line_39: UNSGA3-greedy_ting-HUX to SMSEMOA-greedy_ting-1P', 'Equivalence_Line_40: NSGA3-greedy_ting-UX to NSGA2-random_dense-2P', 'Equivalence_Line_41: NSGA3-greedy_ting-HUX to NSGA2-random_dense-1P', 'Equivalence_Line_42: SPEA2-random_dense-UX to RVEA-random_dense-HUX', 'Equivalence_Line_43: NSGA2-random_dense-UX to RVEA-random_dense-UX', 'Equivalence_Line_44: UNSGA3-greedy_ting-UX to UNSGA3-greedy_ting-2P', 'Equivalence_Line_45: SPEA2-random_dense-HUX to SPEA2-greedy_ting-1P', 'Equivalence_Line_46: NSGA3-random_dense-2P to RVEA-random_dense-2P', 'Equivalence_Line_47: AGEMOEA2-random_dense-2P to NSGA3-greedy_ting-2P', 'Equivalence_Line_48: NSGA2-random_dense-HUX to NSGA2-greedy_ting-2P', 'Equivalence_Line_49: UNSGA3-random_dense-2P to SPEA2-greedy_ting-2P', 'Equivalence_Line_50: AGEMOEA2-random_dense-1P to RVEA-random_dense-1P', 'Equivalence_Line_51: RVEA-greedy_multi-1P to UNSGA3-greedy_ting-1P', 'Equivalence_Line_52: UNSGA3-random_dense-1P to AGEMOEA2-greedy_ting-2P', 'Equivalence_Line_53: SPEA2-random_dense-2P to NSGA3-greedy_ting-1P', 'Equivalence_Line_54: RVEA-greedy_multi-2P to NSGA2-greedy_ting-1P', 'Equivalence_Line_55: NSGA3-random_dense-1P to RVEA-greedy_ting-HUX', 'Equivalence_Line_56: SPEA2-greedy_ting-UX to RVEA-greedy_ting-UX', 'Equivalence_Line_57: SPEA2-greedy_ting-HUX to AGEMOEA2-greedy_ting-1P', 'Equivalence_Line_58: SPEA2-random_dense-1P to RVEA-greedy_ting-2P', 'Equivalence_Line_59: AGEMOEA2-greedy_ting-UX to RVEA-greedy_ting-1P']"
SPEA2-greedy_ting-HUX,0.0120379640285951,"['Equivalence_Line_1: SMSEMOA-random_dense-HUX to AGEMOEA2-greedy_multi-HUX', 'Equivalence_Line_2: SMSEMOA-random_dense-UX to SMSEMOA-random_dense-2P', 'Equivalence_Line_3: SMSEMOA-greedy_multi-1P to SPEA2-greedy_multi-2P', 'Equivalence_Line_4: SMSEMOA-greedy_multi-2P to SMSEMOA-greedy_ting-HUX', 'Equivalence_Line_5: SMSEMOA-greedy_multi-HUX to SPEA2-greedy_multi-1P', 'Equivalence_Line_6: SMSEMOA-greedy_multi-UX to SMSEMOA-greedy_ting-UX', 'Equivalence_Line_7: NSGA3-greedy_multi-1P to AGEMOEA2-random_dense-UX', 'Equivalence_Line_8: UNSGA3-greedy_multi-2P to AGEMOEA2-random_dense-HUX', 'Equivalence_Line_9: NSGA3-greedy_multi-HUX to SMSEMOA-random_dense-1P', 'Equivalence_Line_10: UNSGA3-greedy_multi-UX to SPEA2-greedy_multi-UX', 'Equivalence_Line_11: UNSGA3-greedy_multi-HUX to SPEA2-greedy_multi-HUX', 'Equivalence_Line_12: NSGA3-greedy_multi-UX to NSGA2-greedy_ting-UX', 'Equivalence_Line_13: UNSGA3-greedy_multi-1P to NSGA2-greedy_ting-HUX', 'Equivalence_Line_14: NSGA2-greedy_multi-1P to UNSGA3-greedy_ting-HUX', 'Equivalence_Line_15: NSGA3-greedy_multi-2P to NSGA3-greedy_ting-UX', 'Equivalence_Line_16: NSGA2-greedy_multi-2P to NSGA3-greedy_ting-HUX', 'Equivalence_Line_17: NSGA3-random_dense-UX to SPEA2-random_dense-UX', 'Equivalence_Line_18: AGEMOEA2-greedy_multi-1P to NSGA2-random_dense-UX', 'Equivalence_Line_19: UNSGA3-random_dense-HUX to UNSGA3-greedy_ting-UX', 'Equivalence_Line_20: UNSGA3-random_dense-UX to SPEA2-random_dense-HUX', 'Equivalence_Line_21: NSGA3-random_dense-HUX to NSGA3-random_dense-2P', 'Equivalence_Line_22: AGEMOEA2-greedy_multi-2P to AGEMOEA2-random_dense-2P', 'Equivalence_Line_23: NSGA2-greedy_multi-HUX to NSGA2-random_dense-HUX', 'Equivalence_Line_24: NSGA2-greedy_multi-UX to UNSGA3-random_dense-2P', 'Equivalence_Line_25: AGEMOEA2-greedy_multi-UX to AGEMOEA2-random_dense-1P', 'Equivalence_Line_26: AGEMOEA2-greedy_multi-HUX to RVEA-greedy_multi-1P', 'Equivalence_Line_27: SMSEMOA-random_dense-2P to UNSGA3-random_dense-1P', 'Equivalence_Line_28: SPEA2-greedy_multi-2P to SPEA2-random_dense-2P', 'Equivalence_Line_29: SMSEMOA-greedy_ting-HUX to RVEA-greedy_multi-2P', 'Equivalence_Line_30: SPEA2-greedy_multi-1P to NSGA3-random_dense-1P', 'Equivalence_Line_31: SMSEMOA-greedy_ting-UX to SPEA2-greedy_ting-UX', 'Equivalence_Line_32: AGEMOEA2-random_dense-UX to SPEA2-greedy_ting-HUX', 'Equivalence_Line_33: AGEMOEA2-random_dense-HUX to SPEA2-random_dense-1P', 'Equivalence_Line_34: SMSEMOA-random_dense-1P to AGEMOEA2-greedy_ting-UX', 'Equivalence_Line_35: SPEA2-greedy_multi-UX to AGEMOEA2-greedy_ting-HUX', 'Equivalence_Line_36: SPEA2-greedy_multi-HUX to SMSEMOA-greedy_ting-2P', 'Equivalence_Line_37: NSGA2-greedy_ting-UX to RVEA-greedy_multi-UX', 'Equivalence_Line_38: NSGA2-greedy_ting-HUX to RVEA-greedy_multi-HUX', 'Equivalence_Line_39: UNSGA3-greedy_ting-HUX to SMSEMOA-greedy_ting-1P', 'Equivalence_Line_40: NSGA3-greedy_ting-UX to NSGA2-random_dense-2P', 'Equivalence_Line_41: NSGA3-greedy_ting-HUX to NSGA2-random_dense-1P', 'Equivalence_Line_42: SPEA2-random_dense-UX to RVEA-random_dense-HUX', 'Equivalence_Line_43: NSGA2-random_dense-UX to RVEA-random_dense-UX', 'Equivalence_Line_44: UNSGA3-greedy_ting-UX to UNSGA3-greedy_ting-2P', 'Equivalence_Line_45: SPEA2-random_dense-HUX to SPEA2-greedy_ting-1P', 'Equivalence_Line_46: NSGA3-random_dense-2P to RVEA-random_dense-2P', 'Equivalence_Line_47: AGEMOEA2-random_dense-2P to NSGA3-greedy_ting-2P', 'Equivalence_Line_48: NSGA2-random_dense-HUX to NSGA2-greedy_ting-2P', 'Equivalence_Line_49: UNSGA3-random_dense-2P to SPEA2-greedy_ting-2P', 'Equivalence_Line_50: AGEMOEA2-random_dense-1P to RVEA-random_dense-1P', 'Equivalence_Line_51: RVEA-greedy_multi-1P to UNSGA3-greedy_ting-1P', 'Equivalence_Line_52: UNSGA3-random_dense-1P to AGEMOEA2-greedy_ting-2P', 'Equivalence_Line_53: SPEA2-random_dense-2P to NSGA3-greedy_ting-1P', 'Equivalence_Line_54: RVEA-greedy_multi-2P to NSGA2-greedy_ting-1P', 'Equivalence_Line_55: NSGA3-random_dense-1P to RVEA-greedy_ting-HUX', 'Equivalence_Line_56: SPEA2-greedy_ting-UX to RVEA-greedy_ting-UX', 'Equivalence_Line_57: SPEA2-greedy_ting-HUX to AGEMOEA2-greedy_ting-1P', 'Equivalence_Line_58: SPEA2-random_dense-1P to RVEA-greedy_ting-2P', 'Equivalence_Line_59: AGEMOEA2-greedy_ting-UX to RVEA-greedy_ting-1P']"
SPEA2-random_dense-1P,0.01231978724842,"['Equivalence_Line_1: SMSEMOA-random_dense-HUX to AGEMOEA2-greedy_multi-HUX', 'Equivalence_Line_2: SMSEMOA-random_dense-UX to SMSEMOA-random_dense-2P', 'Equivalence_Line_3: SMSEMOA-greedy_multi-1P to SPEA2-greedy_multi-2P', 'Equivalence_Line_4: SMSEMOA-greedy_multi-2P to SMSEMOA-greedy_ting-HUX', 'Equivalence_Line_5: SMSEMOA-greedy_multi-HUX to SPEA2-greedy_multi-1P', 'Equivalence_Line_6: SMSEMOA-greedy_multi-UX to SMSEMOA-greedy_ting-UX', 'Equivalence_Line_7: NSGA3-greedy_multi-1P to AGEMOEA2-random_dense-UX', 'Equivalence_Line_8: UNSGA3-greedy_multi-2P to AGEMOEA2-random_dense-HUX', 'Equivalence_Line_9: NSGA3-greedy_multi-HUX to SMSEMOA-random_dense-1P', 'Equivalence_Line_10: UNSGA3-greedy_multi-UX to SPEA2-greedy_multi-UX', 'Equivalence_Line_11: UNSGA3-greedy_multi-HUX to SPEA2-greedy_multi-HUX', 'Equivalence_Line_12: NSGA3-greedy_multi-UX to NSGA2-greedy_ting-UX', 'Equivalence_Line_13: UNSGA3-greedy_multi-1P to NSGA2-greedy_ting-HUX', 'Equivalence_Line_14: NSGA2-greedy_multi-1P to UNSGA3-greedy_ting-HUX', 'Equivalence_Line_15: NSGA3-greedy_multi-2P to NSGA3-greedy_ting-UX', 'Equivalence_Line_16: NSGA2-greedy_multi-2P to NSGA3-greedy_ting-HUX', 'Equivalence_Line_17: NSGA3-random_dense-UX to SPEA2-random_dense-UX', 'Equivalence_Line_18: AGEMOEA2-greedy_multi-1P to NSGA2-random_dense-UX', 'Equivalence_Line_19: UNSGA3-random_dense-HUX to UNSGA3-greedy_ting-UX', 'Equivalence_Line_20: UNSGA3-random_dense-UX to SPEA2-random_dense-HUX', 'Equivalence_Line_21: NSGA3-random_dense-HUX to NSGA3-random_dense-2P', 'Equivalence_Line_22: AGEMOEA2-greedy_multi-2P to AGEMOEA2-random_dense-2P', 'Equivalence_Line_23: NSGA2-greedy_multi-HUX to NSGA2-random_dense-HUX', 'Equivalence_Line_24: NSGA2-greedy_multi-UX to UNSGA3-random_dense-2P', 'Equivalence_Line_25: AGEMOEA2-greedy_multi-UX to AGEMOEA2-random_dense-1P', 'Equivalence_Line_26: AGEMOEA2-greedy_multi-HUX to RVEA-greedy_multi-1P', 'Equivalence_Line_27: SMSEMOA-random_dense-2P to UNSGA3-random_dense-1P', 'Equivalence_Line_28: SPEA2-greedy_multi-2P to SPEA2-random_dense-2P', 'Equivalence_Line_29: SMSEMOA-greedy_ting-HUX to RVEA-greedy_multi-2P', 'Equivalence_Line_30: SPEA2-greedy_multi-1P to NSGA3-random_dense-1P', 'Equivalence_Line_31: SMSEMOA-greedy_ting-UX to SPEA2-greedy_ting-UX', 'Equivalence_Line_32: AGEMOEA2-random_dense-UX to SPEA2-greedy_ting-HUX', 'Equivalence_Line_33: AGEMOEA2-random_dense-HUX to SPEA2-random_dense-1P', 'Equivalence_Line_34: SMSEMOA-random_dense-1P to AGEMOEA2-greedy_ting-UX', 'Equivalence_Line_35: SPEA2-greedy_multi-UX to AGEMOEA2-greedy_ting-HUX', 'Equivalence_Line_36: SPEA2-greedy_multi-HUX to SMSEMOA-greedy_ting-2P', 'Equivalence_Line_37: NSGA2-greedy_ting-UX to RVEA-greedy_multi-UX', 'Equivalence_Line_38: NSGA2-greedy_ting-HUX to RVEA-greedy_multi-HUX', 'Equivalence_Line_39: UNSGA3-greedy_ting-HUX to SMSEMOA-greedy_ting-1P', 'Equivalence_Line_40: NSGA3-greedy_ting-UX to NSGA2-random_dense-2P', 'Equivalence_Line_41: NSGA3-greedy_ting-HUX to NSGA2-random_dense-1P', 'Equivalence_Line_42: SPEA2-random_dense-UX to RVEA-random_dense-HUX', 'Equivalence_Line_43: NSGA2-random_dense-UX to RVEA-random_dense-UX', 'Equivalence_Line_44: UNSGA3-greedy_ting-UX to UNSGA3-greedy_ting-2P', 'Equivalence_Line_45: SPEA2-random_dense-HUX to SPEA2-greedy_ting-1P', 'Equivalence_Line_46: NSGA3-random_dense-2P to RVEA-random_dense-2P', 'Equivalence_Line_47: AGEMOEA2-random_dense-2P to NSGA3-greedy_ting-2P', 'Equivalence_Line_48: NSGA2-random_dense-HUX to NSGA2-greedy_ting-2P', 'Equivalence_Line_49: UNSGA3-random_dense-2P to SPEA2-greedy_ting-2P', 'Equivalence_Line_50: AGEMOEA2-random_dense-1P to RVEA-random_dense-1P', 'Equivalence_Line_51: RVEA-greedy_multi-1P to UNSGA3-greedy_ting-1P', 'Equivalence_Line_52: UNSGA3-random_dense-1P to AGEMOEA2-greedy_ting-2P', 'Equivalence_Line_53: SPEA2-random_dense-2P to NSGA3-greedy_ting-1P', 'Equivalence_Line_54: RVEA-greedy_multi-2P to NSGA2-greedy_ting-1P', 'Equivalence_Line_55: NSGA3-random_dense-1P to RVEA-greedy_ting-HUX', 'Equivalence_Line_56: SPEA2-greedy_ting-UX to RVEA-greedy_ting-UX', 'Equivalence_Line_57: SPEA2-greedy_ting-HUX to AGEMOEA2-greedy_ting-1P', 'Equivalence_Line_58: SPEA2-random_dense-1P to RVEA-greedy_ting-2P', 'Equivalence_Line_59: AGEMOEA2-greedy_ting-UX to RVEA-greedy_ting-1P']"
AGEMOEA2-greedy_ting-UX,0.0129887863678762,"['Equivalence_Line_1: SMSEMOA-random_dense-HUX to AGEMOEA2-greedy_multi-HUX', 'Equivalence_Line_2: SMSEMOA-random_dense-UX to SMSEMOA-random_dense-2P', 'Equivalence_Line_3: SMSEMOA-greedy_multi-1P to SPEA2-greedy_multi-2P', 'Equivalence_Line_4: SMSEMOA-greedy_multi-2P to SMSEMOA-greedy_ting-HUX', 'Equivalence_Line_5: SMSEMOA-greedy_multi-HUX to SPEA2-greedy_multi-1P', 'Equivalence_Line_6: SMSEMOA-greedy_multi-UX to SMSEMOA-greedy_ting-UX', 'Equivalence_Line_7: NSGA3-greedy_multi-1P to AGEMOEA2-random_dense-UX', 'Equivalence_Line_8: UNSGA3-greedy_multi-2P to AGEMOEA2-random_dense-HUX', 'Equivalence_Line_9: NSGA3-greedy_multi-HUX to SMSEMOA-random_dense-1P', 'Equivalence_Line_10: UNSGA3-greedy_multi-UX to SPEA2-greedy_multi-UX', 'Equivalence_Line_11: UNSGA3-greedy_multi-HUX to SPEA2-greedy_multi-HUX', 'Equivalence_Line_12: NSGA3-greedy_multi-UX to NSGA2-greedy_ting-UX', 'Equivalence_Line_13: UNSGA3-greedy_multi-1P to NSGA2-greedy_ting-HUX', 'Equivalence_Line_14: NSGA2-greedy_multi-1P to UNSGA3-greedy_ting-HUX', 'Equivalence_Line_15: NSGA3-greedy_multi-2P to NSGA3-greedy_ting-UX', 'Equivalence_Line_16: NSGA2-greedy_multi-2P to NSGA3-greedy_ting-HUX', 'Equivalence_Line_17: NSGA3-random_dense-UX to SPEA2-random_dense-UX', 'Equivalence_Line_18: AGEMOEA2-greedy_multi-1P to NSGA2-random_dense-UX', 'Equivalence_Line_19: UNSGA3-random_dense-HUX to UNSGA3-greedy_ting-UX', 'Equivalence_Line_20: UNSGA3-random_dense-UX to SPEA2-random_dense-HUX', 'Equivalence_Line_21: NSGA3-random_dense-HUX to NSGA3-random_dense-2P', 'Equivalence_Line_22: AGEMOEA2-greedy_multi-2P to AGEMOEA2-random_dense-2P', 'Equivalence_Line_23: NSGA2-greedy_multi-HUX to NSGA2-random_dense-HUX', 'Equivalence_Line_24: NSGA2-greedy_multi-UX to UNSGA3-random_dense-2P', 'Equivalence_Line_25: AGEMOEA2-greedy_multi-UX to AGEMOEA2-random_dense-1P', 'Equivalence_Line_26: AGEMOEA2-greedy_multi-HUX to RVEA-greedy_multi-1P', 'Equivalence_Line_27: SMSEMOA-random_dense-2P to UNSGA3-random_dense-1P', 'Equivalence_Line_28: SPEA2-greedy_multi-2P to SPEA2-random_dense-2P', 'Equivalence_Line_29: SMSEMOA-greedy_ting-HUX to RVEA-greedy_multi-2P', 'Equivalence_Line_30: SPEA2-greedy_multi-1P to NSGA3-random_dense-1P', 'Equivalence_Line_31: SMSEMOA-greedy_ting-UX to SPEA2-greedy_ting-UX', 'Equivalence_Line_32: AGEMOEA2-random_dense-UX to SPEA2-greedy_ting-HUX', 'Equivalence_Line_33: AGEMOEA2-random_dense-HUX to SPEA2-random_dense-1P', 'Equivalence_Line_34: SMSEMOA-random_dense-1P to AGEMOEA2-greedy_ting-UX', 'Equivalence_Line_35: SPEA2-greedy_multi-UX to AGEMOEA2-greedy_ting-HUX', 'Equivalence_Line_36: SPEA2-greedy_multi-HUX to SMSEMOA-greedy_ting-2P', 'Equivalence_Line_37: NSGA2-greedy_ting-UX to RVEA-greedy_multi-UX', 'Equivalence_Line_38: NSGA2-greedy_ting-HUX to RVEA-greedy_multi-HUX', 'Equivalence_Line_39: UNSGA3-greedy_ting-HUX to SMSEMOA-greedy_ting-1P', 'Equivalence_Line_40: NSGA3-greedy_ting-UX to NSGA2-random_dense-2P', 'Equivalence_Line_41: NSGA3-greedy_ting-HUX to NSGA2-random_dense-1P', 'Equivalence_Line_42: SPEA2-random_dense-UX to RVEA-random_dense-HUX', 'Equivalence_Line_43: NSGA2-random_dense-UX to RVEA-random_dense-UX', 'Equivalence_Line_44: UNSGA3-greedy_ting-UX to UNSGA3-greedy_ting-2P', 'Equivalence_Line_45: SPEA2-random_dense-HUX to SPEA2-greedy_ting-1P', 'Equivalence_Line_46: NSGA3-random_dense-2P to RVEA-random_dense-2P', 'Equivalence_Line_47: AGEMOEA2-random_dense-2P to NSGA3-greedy_ting-2P', 'Equivalence_Line_48: NSGA2-random_dense-HUX to NSGA2-greedy_ting-2P', 'Equivalence_Line_49: UNSGA3-random_dense-2P to SPEA2-greedy_ting-2P', 'Equivalence_Line_50: AGEMOEA2-random_dense-1P to RVEA-random_dense-1P', 'Equivalence_Line_51: RVEA-greedy_multi-1P to UNSGA3-greedy_ting-1P', 'Equivalence_Line_52: UNSGA3-random_dense-1P to AGEMOEA2-greedy_ting-2P', 'Equivalence_Line_53: SPEA2-random_dense-2P to NSGA3-greedy_ting-1P', 'Equivalence_Line_54: RVEA-greedy_multi-2P to NSGA2-greedy_ting-1P', 'Equivalence_Line_55: NSGA3-random_dense-1P to RVEA-greedy_ting-HUX', 'Equivalence_Line_56: SPEA2-greedy_ting-UX to RVEA-greedy_ting-UX', 'Equivalence_Line_57: SPEA2-greedy_ting-HUX to AGEMOEA2-greedy_ting-1P', 'Equivalence_Line_58: SPEA2-random_dense-1P to RVEA-greedy_ting-2P', 'Equivalence_Line_59: AGEMOEA2-greedy_ting-UX to RVEA-greedy_ting-1P']"
AGEMOEA2-greedy_ting-HUX,0.0130767652091711,"['Equivalence_Line_1: SMSEMOA-random_dense-HUX to AGEMOEA2-greedy_multi-HUX', 'Equivalence_Line_2: SMSEMOA-random_dense-UX to SMSEMOA-random_dense-2P', 'Equivalence_Line_3: SMSEMOA-greedy_multi-1P to SPEA2-greedy_multi-2P', 'Equivalence_Line_4: SMSEMOA-greedy_multi-2P to SMSEMOA-greedy_ting-HUX', 'Equivalence_Line_5: SMSEMOA-greedy_multi-HUX to SPEA2-greedy_multi-1P', 'Equivalence_Line_6: SMSEMOA-greedy_multi-UX to SMSEMOA-greedy_ting-UX', 'Equivalence_Line_7: NSGA3-greedy_multi-1P to AGEMOEA2-random_dense-UX', 'Equivalence_Line_8: UNSGA3-greedy_multi-2P to AGEMOEA2-random_dense-HUX', 'Equivalence_Line_9: NSGA3-greedy_multi-HUX to SMSEMOA-random_dense-1P', 'Equivalence_Line_10: UNSGA3-greedy_multi-UX to SPEA2-greedy_multi-UX', 'Equivalence_Line_11: UNSGA3-greedy_multi-HUX to SPEA2-greedy_multi-HUX', 'Equivalence_Line_12: NSGA3-greedy_multi-UX to NSGA2-greedy_ting-UX', 'Equivalence_Line_13: UNSGA3-greedy_multi-1P to NSGA2-greedy_ting-HUX', 'Equivalence_Line_14: NSGA2-greedy_multi-1P to UNSGA3-greedy_ting-HUX', 'Equivalence_Line_15: NSGA3-greedy_multi-2P to NSGA3-greedy_ting-UX', 'Equivalence_Line_16: NSGA2-greedy_multi-2P to NSGA3-greedy_ting-HUX', 'Equivalence_Line_17: NSGA3-random_dense-UX to SPEA2-random_dense-UX', 'Equivalence_Line_18: AGEMOEA2-greedy_multi-1P to NSGA2-random_dense-UX', 'Equivalence_Line_19: UNSGA3-random_dense-HUX to UNSGA3-greedy_ting-UX', 'Equivalence_Line_20: UNSGA3-random_dense-UX to SPEA2-random_dense-HUX', 'Equivalence_Line_21: NSGA3-random_dense-HUX to NSGA3-random_dense-2P', 'Equivalence_Line_22: AGEMOEA2-greedy_multi-2P to AGEMOEA2-random_dense-2P', 'Equivalence_Line_23: NSGA2-greedy_multi-HUX to NSGA2-random_dense-HUX', 'Equivalence_Line_24: NSGA2-greedy_multi-UX to UNSGA3-random_dense-2P', 'Equivalence_Line_25: AGEMOEA2-greedy_multi-UX to AGEMOEA2-random_dense-1P', 'Equivalence_Line_26: AGEMOEA2-greedy_multi-HUX to RVEA-greedy_multi-1P', 'Equivalence_Line_27: SMSEMOA-random_dense-2P to UNSGA3-random_dense-1P', 'Equivalence_Line_28: SPEA2-greedy_multi-2P to SPEA2-random_dense-2P', 'Equivalence_Line_29: SMSEMOA-greedy_ting-HUX to RVEA-greedy_multi-2P', 'Equivalence_Line_30: SPEA2-greedy_multi-1P to NSGA3-random_dense-1P', 'Equivalence_Line_31: SMSEMOA-greedy_ting-UX to SPEA2-greedy_ting-UX', 'Equivalence_Line_32: AGEMOEA2-random_dense-UX to SPEA2-greedy_ting-HUX', 'Equivalence_Line_33: AGEMOEA2-random_dense-HUX to SPEA2-random_dense-1P', 'Equivalence_Line_34: SMSEMOA-random_dense-1P to AGEMOEA2-greedy_ting-UX', 'Equivalence_Line_35: SPEA2-greedy_multi-UX to AGEMOEA2-greedy_ting-HUX', 'Equivalence_Line_36: SPEA2-greedy_multi-HUX to SMSEMOA-greedy_ting-2P', 'Equivalence_Line_37: NSGA2-greedy_ting-UX to RVEA-greedy_multi-UX', 'Equivalence_Line_38: NSGA2-greedy_ting-HUX to RVEA-greedy_multi-HUX', 'Equivalence_Line_39: UNSGA3-greedy_ting-HUX to SMSEMOA-greedy_ting-1P', 'Equivalence_Line_40: NSGA3-greedy_ting-UX to NSGA2-random_dense-2P', 'Equivalence_Line_41: NSGA3-greedy_ting-HUX to NSGA2-random_dense-1P', 'Equivalence_Line_42: SPEA2-random_dense-UX to RVEA-random_dense-HUX', 'Equivalence_Line_43: NSGA2-random_dense-UX to RVEA-random_dense-UX', 'Equivalence_Line_44: UNSGA3-greedy_ting-UX to UNSGA3-greedy_ting-2P', 'Equivalence_Line_45: SPEA2-random_dense-HUX to SPEA2-greedy_ting-1P', 'Equivalence_Line_46: NSGA3-random_dense-2P to RVEA-random_dense-2P', 'Equivalence_Line_47: AGEMOEA2-random_dense-2P to NSGA3-greedy_ting-2P', 'Equivalence_Line_48: NSGA2-random_dense-HUX to NSGA2-greedy_ting-2P', 'Equivalence_Line_49: UNSGA3-random_dense-2P to SPEA2-greedy_ting-2P', 'Equivalence_Line_50: AGEMOEA2-random_dense-1P to RVEA-random_dense-1P', 'Equivalence_Line_51: RVEA-greedy_multi-1P to UNSGA3-greedy_ting-1P', 'Equivalence_Line_52: UNSGA3-random_dense-1P to AGEMOEA2-greedy_ting-2P', 'Equivalence_Line_53: SPEA2-random_dense-2P to NSGA3-greedy_ting-1P', 'Equivalence_Line_54: RVEA-greedy_multi-2P to NSGA2-greedy_ting-1P', 'Equivalence_Line_55: NSGA3-random_dense-1P to RVEA-greedy_ting-HUX', 'Equivalence_Line_56: SPEA2-greedy_ting-UX to RVEA-greedy_ting-UX', 'Equivalence_Line_57: SPEA2-greedy_ting-HUX to AGEMOEA2-greedy_ting-1P', 'Equivalence_Line_58: SPEA2-random_dense-1P to RVEA-greedy_ting-2P', 'Equivalence_Line_59: AGEMOEA2-greedy_ting-UX to RVEA-greedy_ting-1P']"
SMSEMOA-greedy_ting-2P,0.013230648979063,"['Equivalence_Line_1: SMSEMOA-random_dense-HUX to AGEMOEA2-greedy_multi-HUX', 'Equivalence_Line_2: SMSEMOA-random_dense-UX to SMSEMOA-random_dense-2P', 'Equivalence_Line_3: SMSEMOA-greedy_multi-1P to SPEA2-greedy_multi-2P', 'Equivalence_Line_4: SMSEMOA-greedy_multi-2P to SMSEMOA-greedy_ting-HUX', 'Equivalence_Line_5: SMSEMOA-greedy_multi-HUX to SPEA2-greedy_multi-1P', 'Equivalence_Line_6: SMSEMOA-greedy_multi-UX to SMSEMOA-greedy_ting-UX', 'Equivalence_Line_7: NSGA3-greedy_multi-1P to AGEMOEA2-random_dense-UX', 'Equivalence_Line_8: UNSGA3-greedy_multi-2P to AGEMOEA2-random_dense-HUX', 'Equivalence_Line_9: NSGA3-greedy_multi-HUX to SMSEMOA-random_dense-1P', 'Equivalence_Line_10: UNSGA3-greedy_multi-UX to SPEA2-greedy_multi-UX', 'Equivalence_Line_11: UNSGA3-greedy_multi-HUX to SPEA2-greedy_multi-HUX', 'Equivalence_Line_12: NSGA3-greedy_multi-UX to NSGA2-greedy_ting-UX', 'Equivalence_Line_13: UNSGA3-greedy_multi-1P to NSGA2-greedy_ting-HUX', 'Equivalence_Line_14: NSGA2-greedy_multi-1P to UNSGA3-greedy_ting-HUX', 'Equivalence_Line_15: NSGA3-greedy_multi-2P to NSGA3-greedy_ting-UX', 'Equivalence_Line_16: NSGA2-greedy_multi-2P to NSGA3-greedy_ting-HUX', 'Equivalence_Line_17: NSGA3-random_dense-UX to SPEA2-random_dense-UX', 'Equivalence_Line_18: AGEMOEA2-greedy_multi-1P to NSGA2-random_dense-UX', 'Equivalence_Line_19: UNSGA3-random_dense-HUX to UNSGA3-greedy_ting-UX', 'Equivalence_Line_20: UNSGA3-random_dense-UX to SPEA2-random_dense-HUX', 'Equivalence_Line_21: NSGA3-random_dense-HUX to NSGA3-random_dense-2P', 'Equivalence_Line_22: AGEMOEA2-greedy_multi-2P to AGEMOEA2-random_dense-2P', 'Equivalence_Line_23: NSGA2-greedy_multi-HUX to NSGA2-random_dense-HUX', 'Equivalence_Line_24: NSGA2-greedy_multi-UX to UNSGA3-random_dense-2P', 'Equivalence_Line_25: AGEMOEA2-greedy_multi-UX to AGEMOEA2-random_dense-1P', 'Equivalence_Line_26: AGEMOEA2-greedy_multi-HUX to RVEA-greedy_multi-1P', 'Equivalence_Line_27: SMSEMOA-random_dense-2P to UNSGA3-random_dense-1P', 'Equivalence_Line_28: SPEA2-greedy_multi-2P to SPEA2-random_dense-2P', 'Equivalence_Line_29: SMSEMOA-greedy_ting-HUX to RVEA-greedy_multi-2P', 'Equivalence_Line_30: SPEA2-greedy_multi-1P to NSGA3-random_dense-1P', 'Equivalence_Line_31: SMSEMOA-greedy_ting-UX to SPEA2-greedy_ting-UX', 'Equivalence_Line_32: AGEMOEA2-random_dense-UX to SPEA2-greedy_ting-HUX', 'Equivalence_Line_33: AGEMOEA2-random_dense-HUX to SPEA2-random_dense-1P', 'Equivalence_Line_34: SMSEMOA-random_dense-1P to AGEMOEA2-greedy_ting-UX', 'Equivalence_Line_35: SPEA2-greedy_multi-UX to AGEMOEA2-greedy_ting-HUX', 'Equivalence_Line_36: SPEA2-greedy_multi-HUX to SMSEMOA-greedy_ting-2P', 'Equivalence_Line_37: NSGA2-greedy_ting-UX to RVEA-greedy_multi-UX', 'Equivalence_Line_38: NSGA2-greedy_ting-HUX to RVEA-greedy_multi-HUX', 'Equivalence_Line_39: UNSGA3-greedy_ting-HUX to SMSEMOA-greedy_ting-1P', 'Equivalence_Line_40: NSGA3-greedy_ting-UX to NSGA2-random_dense-2P', 'Equivalence_Line_41: NSGA3-greedy_ting-HUX to NSGA2-random_dense-1P', 'Equivalence_Line_42: SPEA2-random_dense-UX to RVEA-random_dense-HUX', 'Equivalence_Line_43: NSGA2-random_dense-UX to RVEA-random_dense-UX', 'Equivalence_Line_44: UNSGA3-greedy_ting-UX to UNSGA3-greedy_ting-2P', 'Equivalence_Line_45: SPEA2-random_dense-HUX to SPEA2-greedy_ting-1P', 'Equivalence_Line_46: NSGA3-random_dense-2P to RVEA-random_dense-2P', 'Equivalence_Line_47: AGEMOEA2-random_dense-2P to NSGA3-greedy_ting-2P', 'Equivalence_Line_48: NSGA2-random_dense-HUX to NSGA2-greedy_ting-2P', 'Equivalence_Line_49: UNSGA3-random_dense-2P to SPEA2-greedy_ting-2P', 'Equivalence_Line_50: AGEMOEA2-random_dense-1P to RVEA-random_dense-1P', 'Equivalence_Line_51: RVEA-greedy_multi-1P to UNSGA3-greedy_ting-1P', 'Equivalence_Line_52: UNSGA3-random_dense-1P to AGEMOEA2-greedy_ting-2P', 'Equivalence_Line_53: SPEA2-random_dense-2P to NSGA3-greedy_ting-1P', 'Equivalence_Line_54: RVEA-greedy_multi-2P to NSGA2-greedy_ting-1P', 'Equivalence_Line_55: NSGA3-random_dense-1P to RVEA-greedy_ting-HUX', 'Equivalence_Line_56: SPEA2-greedy_ting-UX to RVEA-greedy_ting-UX', 'Equivalence_Line_57: SPEA2-greedy_ting-HUX to AGEMOEA2-greedy_ting-1P', 'Equivalence_Line_58: SPEA2-random_dense-1P to RVEA-greedy_ting-2P', 'Equivalence_Line_59: AGEMOEA2-greedy_ting-UX to RVEA-greedy_ting-1P']"
RVEA-greedy_multi-UX,0.0142586281349112,"['Equivalence_Line_1: SMSEMOA-random_dense-HUX to AGEMOEA2-greedy_multi-HUX', 'Equivalence_Line_2: SMSEMOA-random_dense-UX to SMSEMOA-random_dense-2P', 'Equivalence_Line_3: SMSEMOA-greedy_multi-1P to SPEA2-greedy_multi-2P', 'Equivalence_Line_4: SMSEMOA-greedy_multi-2P to SMSEMOA-greedy_ting-HUX', 'Equivalence_Line_5: SMSEMOA-greedy_multi-HUX to SPEA2-greedy_multi-1P', 'Equivalence_Line_6: SMSEMOA-greedy_multi-UX to SMSEMOA-greedy_ting-UX', 'Equivalence_Line_7: NSGA3-greedy_multi-1P to AGEMOEA2-random_dense-UX', 'Equivalence_Line_8: UNSGA3-greedy_multi-2P to AGEMOEA2-random_dense-HUX', 'Equivalence_Line_9: NSGA3-greedy_multi-HUX to SMSEMOA-random_dense-1P', 'Equivalence_Line_10: UNSGA3-greedy_multi-UX to SPEA2-greedy_multi-UX', 'Equivalence_Line_11: UNSGA3-greedy_multi-HUX to SPEA2-greedy_multi-HUX', 'Equivalence_Line_12: NSGA3-greedy_multi-UX to NSGA2-greedy_ting-UX', 'Equivalence_Line_13: UNSGA3-greedy_multi-1P to NSGA2-greedy_ting-HUX', 'Equivalence_Line_14: NSGA2-greedy_multi-1P to UNSGA3-greedy_ting-HUX', 'Equivalence_Line_15: NSGA3-greedy_multi-2P to NSGA3-greedy_ting-UX', 'Equivalence_Line_16: NSGA2-greedy_multi-2P to NSGA3-greedy_ting-HUX', 'Equivalence_Line_17: NSGA3-random_dense-UX to SPEA2-random_dense-UX', 'Equivalence_Line_18: AGEMOEA2-greedy_multi-1P to NSGA2-random_dense-UX', 'Equivalence_Line_19: UNSGA3-random_dense-HUX to UNSGA3-greedy_ting-UX', 'Equivalence_Line_20: UNSGA3-random_dense-UX to SPEA2-random_dense-HUX', 'Equivalence_Line_21: NSGA3-random_dense-HUX to NSGA3-random_dense-2P', 'Equivalence_Line_22: AGEMOEA2-greedy_multi-2P to AGEMOEA2-random_dense-2P', 'Equivalence_Line_23: NSGA2-greedy_multi-HUX to NSGA2-random_dense-HUX', 'Equivalence_Line_24: NSGA2-greedy_multi-UX to UNSGA3-random_dense-2P', 'Equivalence_Line_25: AGEMOEA2-greedy_multi-UX to AGEMOEA2-random_dense-1P', 'Equivalence_Line_26: AGEMOEA2-greedy_multi-HUX to RVEA-greedy_multi-1P', 'Equivalence_Line_27: SMSEMOA-random_dense-2P to UNSGA3-random_dense-1P', 'Equivalence_Line_28: SPEA2-greedy_multi-2P to SPEA2-random_dense-2P', 'Equivalence_Line_29: SMSEMOA-greedy_ting-HUX to RVEA-greedy_multi-2P', 'Equivalence_Line_30: SPEA2-greedy_multi-1P to NSGA3-random_dense-1P', 'Equivalence_Line_31: SMSEMOA-greedy_ting-UX to SPEA2-greedy_ting-UX', 'Equivalence_Line_32: AGEMOEA2-random_dense-UX to SPEA2-greedy_ting-HUX', 'Equivalence_Line_33: AGEMOEA2-random_dense-HUX to SPEA2-random_dense-1P', 'Equivalence_Line_34: SMSEMOA-random_dense-1P to AGEMOEA2-greedy_ting-UX', 'Equivalence_Line_35: SPEA2-greedy_multi-UX to AGEMOEA2-greedy_ting-HUX', 'Equivalence_Line_36: SPEA2-greedy_multi-HUX to SMSEMOA-greedy_ting-2P', 'Equivalence_Line_37: NSGA2-greedy_ting-UX to RVEA-greedy_multi-UX', 'Equivalence_Line_38: NSGA2-greedy_ting-HUX to RVEA-greedy_multi-HUX', 'Equivalence_Line_39: UNSGA3-greedy_ting-HUX to SMSEMOA-greedy_ting-1P', 'Equivalence_Line_40: NSGA3-greedy_ting-UX to NSGA2-random_dense-2P', 'Equivalence_Line_41: NSGA3-greedy_ting-HUX to NSGA2-random_dense-1P', 'Equivalence_Line_42: SPEA2-random_dense-UX to RVEA-random_dense-HUX', 'Equivalence_Line_43: NSGA2-random_dense-UX to RVEA-random_dense-UX', 'Equivalence_Line_44: UNSGA3-greedy_ting-UX to UNSGA3-greedy_ting-2P', 'Equivalence_Line_45: SPEA2-random_dense-HUX to SPEA2-greedy_ting-1P', 'Equivalence_Line_46: NSGA3-random_dense-2P to RVEA-random_dense-2P', 'Equivalence_Line_47: AGEMOEA2-random_dense-2P to NSGA3-greedy_ting-2P', 'Equivalence_Line_48: NSGA2-random_dense-HUX to NSGA2-greedy_ting-2P', 'Equivalence_Line_49: UNSGA3-random_dense-2P to SPEA2-greedy_ting-2P', 'Equivalence_Line_50: AGEMOEA2-random_dense-1P to RVEA-random_dense-1P', 'Equivalence_Line_51: RVEA-greedy_multi-1P to UNSGA3-greedy_ting-1P', 'Equivalence_Line_52: UNSGA3-random_dense-1P to AGEMOEA2-greedy_ting-2P', 'Equivalence_Line_53: SPEA2-random_dense-2P to NSGA3-greedy_ting-1P', 'Equivalence_Line_54: RVEA-greedy_multi-2P to NSGA2-greedy_ting-1P', 'Equivalence_Line_55: NSGA3-random_dense-1P to RVEA-greedy_ting-HUX', 'Equivalence_Line_56: SPEA2-greedy_ting-UX to RVEA-greedy_ting-UX', 'Equivalence_Line_57: SPEA2-greedy_ting-HUX to AGEMOEA2-greedy_ting-1P', 'Equivalence_Line_58: SPEA2-random_dense-1P to RVEA-greedy_ting-2P', 'Equivalence_Line_59: AGEMOEA2-greedy_ting-UX to RVEA-greedy_ting-1P']"
RVEA-greedy_multi-HUX,0.0142642452386327,"['Equivalence_Line_1: SMSEMOA-random_dense-HUX to AGEMOEA2-greedy_multi-HUX', 'Equivalence_Line_2: SMSEMOA-random_dense-UX to SMSEMOA-random_dense-2P', 'Equivalence_Line_3: SMSEMOA-greedy_multi-1P to SPEA2-greedy_multi-2P', 'Equivalence_Line_4: SMSEMOA-greedy_multi-2P to SMSEMOA-greedy_ting-HUX', 'Equivalence_Line_5: SMSEMOA-greedy_multi-HUX to SPEA2-greedy_multi-1P', 'Equivalence_Line_6: SMSEMOA-greedy_multi-UX to SMSEMOA-greedy_ting-UX', 'Equivalence_Line_7: NSGA3-greedy_multi-1P to AGEMOEA2-random_dense-UX', 'Equivalence_Line_8: UNSGA3-greedy_multi-2P to AGEMOEA2-random_dense-HUX', 'Equivalence_Line_9: NSGA3-greedy_multi-HUX to SMSEMOA-random_dense-1P', 'Equivalence_Line_10: UNSGA3-greedy_multi-UX to SPEA2-greedy_multi-UX', 'Equivalence_Line_11: UNSGA3-greedy_multi-HUX to SPEA2-greedy_multi-HUX', 'Equivalence_Line_12: NSGA3-greedy_multi-UX to NSGA2-greedy_ting-UX', 'Equivalence_Line_13: UNSGA3-greedy_multi-1P to NSGA2-greedy_ting-HUX', 'Equivalence_Line_14: NSGA2-greedy_multi-1P to UNSGA3-greedy_ting-HUX', 'Equivalence_Line_15: NSGA3-greedy_multi-2P to NSGA3-greedy_ting-UX', 'Equivalence_Line_16: NSGA2-greedy_multi-2P to NSGA3-greedy_ting-HUX', 'Equivalence_Line_17: NSGA3-random_dense-UX to SPEA2-random_dense-UX', 'Equivalence_Line_18: AGEMOEA2-greedy_multi-1P to NSGA2-random_dense-UX', 'Equivalence_Line_19: UNSGA3-random_dense-HUX to UNSGA3-greedy_ting-UX', 'Equivalence_Line_20: UNSGA3-random_dense-UX to SPEA2-random_dense-HUX', 'Equivalence_Line_21: NSGA3-random_dense-HUX to NSGA3-random_dense-2P', 'Equivalence_Line_22: AGEMOEA2-greedy_multi-2P to AGEMOEA2-random_dense-2P', 'Equivalence_Line_23: NSGA2-greedy_multi-HUX to NSGA2-random_dense-HUX', 'Equivalence_Line_24: NSGA2-greedy_multi-UX to UNSGA3-random_dense-2P', 'Equivalence_Line_25: AGEMOEA2-greedy_multi-UX to AGEMOEA2-random_dense-1P', 'Equivalence_Line_26: AGEMOEA2-greedy_multi-HUX to RVEA-greedy_multi-1P', 'Equivalence_Line_27: SMSEMOA-random_dense-2P to UNSGA3-random_dense-1P', 'Equivalence_Line_28: SPEA2-greedy_multi-2P to SPEA2-random_dense-2P', 'Equivalence_Line_29: SMSEMOA-greedy_ting-HUX to RVEA-greedy_multi-2P', 'Equivalence_Line_30: SPEA2-greedy_multi-1P to NSGA3-random_dense-1P', 'Equivalence_Line_31: SMSEMOA-greedy_ting-UX to SPEA2-greedy_ting-UX', 'Equivalence_Line_32: AGEMOEA2-random_dense-UX to SPEA2-greedy_ting-HUX', 'Equivalence_Line_33: AGEMOEA2-random_dense-HUX to SPEA2-random_dense-1P', 'Equivalence_Line_34: SMSEMOA-random_dense-1P to AGEMOEA2-greedy_ting-UX', 'Equivalence_Line_35: SPEA2-greedy_multi-UX to AGEMOEA2-greedy_ting-HUX', 'Equivalence_Line_36: SPEA2-greedy_multi-HUX to SMSEMOA-greedy_ting-2P', 'Equivalence_Line_37: NSGA2-greedy_ting-UX to RVEA-greedy_multi-UX', 'Equivalence_Line_38: NSGA2-greedy_ting-HUX to RVEA-greedy_multi-HUX', 'Equivalence_Line_39: UNSGA3-greedy_ting-HUX to SMSEMOA-greedy_ting-1P', 'Equivalence_Line_40: NSGA3-greedy_ting-UX to NSGA2-random_dense-2P', 'Equivalence_Line_41: NSGA3-greedy_ting-HUX to NSGA2-random_dense-1P', 'Equivalence_Line_42: SPEA2-random_dense-UX to RVEA-random_dense-HUX', 'Equivalence_Line_43: NSGA2-random_dense-UX to RVEA-random_dense-UX', 'Equivalence_Line_44: UNSGA3-greedy_ting-UX to UNSGA3-greedy_ting-2P', 'Equivalence_Line_45: SPEA2-random_dense-HUX to SPEA2-greedy_ting-1P', 'Equivalence_Line_46: NSGA3-random_dense-2P to RVEA-random_dense-2P', 'Equivalence_Line_47: AGEMOEA2-random_dense-2P to NSGA3-greedy_ting-2P', 'Equivalence_Line_48: NSGA2-random_dense-HUX to NSGA2-greedy_ting-2P', 'Equivalence_Line_49: UNSGA3-random_dense-2P to SPEA2-greedy_ting-2P', 'Equivalence_Line_50: AGEMOEA2-random_dense-1P to RVEA-random_dense-1P', 'Equivalence_Line_51: RVEA-greedy_multi-1P to UNSGA3-greedy_ting-1P', 'Equivalence_Line_52: UNSGA3-random_dense-1P to AGEMOEA2-greedy_ting-2P', 'Equivalence_Line_53: SPEA2-random_dense-2P to NSGA3-greedy_ting-1P', 'Equivalence_Line_54: RVEA-greedy_multi-2P to NSGA2-greedy_ting-1P', 'Equivalence_Line_55: NSGA3-random_dense-1P to RVEA-greedy_ting-HUX', 'Equivalence_Line_56: SPEA2-greedy_ting-UX to RVEA-greedy_ting-UX', 'Equivalence_Line_57: SPEA2-greedy_ting-HUX to AGEMOEA2-greedy_ting-1P', 'Equivalence_Line_58: SPEA2-random_dense-1P to RVEA-greedy_ting-2P', 'Equivalence_Line_59: AGEMOEA2-greedy_ting-UX to RVEA-greedy_ting-1P']"
SMSEMOA-greedy_ting-1P,0.0161641618986967,"['Equivalence_Line_1: SMSEMOA-random_dense-HUX to AGEMOEA2-greedy_multi-HUX', 'Equivalence_Line_2: SMSEMOA-random_dense-UX to SMSEMOA-random_dense-2P', 'Equivalence_Line_3: SMSEMOA-greedy_multi-1P to SPEA2-greedy_multi-2P', 'Equivalence_Line_4: SMSEMOA-greedy_multi-2P to SMSEMOA-greedy_ting-HUX', 'Equivalence_Line_5: SMSEMOA-greedy_multi-HUX to SPEA2-greedy_multi-1P', 'Equivalence_Line_6: SMSEMOA-greedy_multi-UX to SMSEMOA-greedy_ting-UX', 'Equivalence_Line_7: NSGA3-greedy_multi-1P to AGEMOEA2-random_dense-UX', 'Equivalence_Line_8: UNSGA3-greedy_multi-2P to AGEMOEA2-random_dense-HUX', 'Equivalence_Line_9: NSGA3-greedy_multi-HUX to SMSEMOA-random_dense-1P', 'Equivalence_Line_10: UNSGA3-greedy_multi-UX to SPEA2-greedy_multi-UX', 'Equivalence_Line_11: UNSGA3-greedy_multi-HUX to SPEA2-greedy_multi-HUX', 'Equivalence_Line_12: NSGA3-greedy_multi-UX to NSGA2-greedy_ting-UX', 'Equivalence_Line_13: UNSGA3-greedy_multi-1P to NSGA2-greedy_ting-HUX', 'Equivalence_Line_14: NSGA2-greedy_multi-1P to UNSGA3-greedy_ting-HUX', 'Equivalence_Line_15: NSGA3-greedy_multi-2P to NSGA3-greedy_ting-UX', 'Equivalence_Line_16: NSGA2-greedy_multi-2P to NSGA3-greedy_ting-HUX', 'Equivalence_Line_17: NSGA3-random_dense-UX to SPEA2-random_dense-UX', 'Equivalence_Line_18: AGEMOEA2-greedy_multi-1P to NSGA2-random_dense-UX', 'Equivalence_Line_19: UNSGA3-random_dense-HUX to UNSGA3-greedy_ting-UX', 'Equivalence_Line_20: UNSGA3-random_dense-UX to SPEA2-random_dense-HUX', 'Equivalence_Line_21: NSGA3-random_dense-HUX to NSGA3-random_dense-2P', 'Equivalence_Line_22: AGEMOEA2-greedy_multi-2P to AGEMOEA2-random_dense-2P', 'Equivalence_Line_23: NSGA2-greedy_multi-HUX to NSGA2-random_dense-HUX', 'Equivalence_Line_24: NSGA2-greedy_multi-UX to UNSGA3-random_dense-2P', 'Equivalence_Line_25: AGEMOEA2-greedy_multi-UX to AGEMOEA2-random_dense-1P', 'Equivalence_Line_26: AGEMOEA2-greedy_multi-HUX to RVEA-greedy_multi-1P', 'Equivalence_Line_27: SMSEMOA-random_dense-2P to UNSGA3-random_dense-1P', 'Equivalence_Line_28: SPEA2-greedy_multi-2P to SPEA2-random_dense-2P', 'Equivalence_Line_29: SMSEMOA-greedy_ting-HUX to RVEA-greedy_multi-2P', 'Equivalence_Line_30: SPEA2-greedy_multi-1P to NSGA3-random_dense-1P', 'Equivalence_Line_31: SMSEMOA-greedy_ting-UX to SPEA2-greedy_ting-UX', 'Equivalence_Line_32: AGEMOEA2-random_dense-UX to SPEA2-greedy_ting-HUX', 'Equivalence_Line_33: AGEMOEA2-random_dense-HUX to SPEA2-random_dense-1P', 'Equivalence_Line_34: SMSEMOA-random_dense-1P to AGEMOEA2-greedy_ting-UX', 'Equivalence_Line_35: SPEA2-greedy_multi-UX to AGEMOEA2-greedy_ting-HUX', 'Equivalence_Line_36: SPEA2-greedy_multi-HUX to SMSEMOA-greedy_ting-2P', 'Equivalence_Line_37: NSGA2-greedy_ting-UX to RVEA-greedy_multi-UX', 'Equivalence_Line_38: NSGA2-greedy_ting-HUX to RVEA-greedy_multi-HUX', 'Equivalence_Line_39: UNSGA3-greedy_ting-HUX to SMSEMOA-greedy_ting-1P', 'Equivalence_Line_40: NSGA3-greedy_ting-UX to NSGA2-random_dense-2P', 'Equivalence_Line_41: NSGA3-greedy_ting-HUX to NSGA2-random_dense-1P', 'Equivalence_Line_42: SPEA2-random_dense-UX to RVEA-random_dense-HUX', 'Equivalence_Line_43: NSGA2-random_dense-UX to RVEA-random_dense-UX', 'Equivalence_Line_44: UNSGA3-greedy_ting-UX to UNSGA3-greedy_ting-2P', 'Equivalence_Line_45: SPEA2-random_dense-HUX to SPEA2-greedy_ting-1P', 'Equivalence_Line_46: NSGA3-random_dense-2P to RVEA-random_dense-2P', 'Equivalence_Line_47: AGEMOEA2-random_dense-2P to NSGA3-greedy_ting-2P', 'Equivalence_Line_48: NSGA2-random_dense-HUX to NSGA2-greedy_ting-2P', 'Equivalence_Line_49: UNSGA3-random_dense-2P to SPEA2-greedy_ting-2P', 'Equivalence_Line_50: AGEMOEA2-random_dense-1P to RVEA-random_dense-1P', 'Equivalence_Line_51: RVEA-greedy_multi-1P to UNSGA3-greedy_ting-1P', 'Equivalence_Line_52: UNSGA3-random_dense-1P to AGEMOEA2-greedy_ting-2P', 'Equivalence_Line_53: SPEA2-random_dense-2P to NSGA3-greedy_ting-1P', 'Equivalence_Line_54: RVEA-greedy_multi-2P to NSGA2-greedy_ting-1P', 'Equivalence_Line_55: NSGA3-random_dense-1P to RVEA-greedy_ting-HUX', 'Equivalence_Line_56: SPEA2-greedy_ting-UX to RVEA-greedy_ting-UX', 'Equivalence_Line_57: SPEA2-greedy_ting-HUX to AGEMOEA2-greedy_ting-1P', 'Equivalence_Line_58: SPEA2-random_dense-1P to RVEA-greedy_ting-2P', 'Equivalence_Line_59: AGEMOEA2-greedy_ting-UX to RVEA-greedy_ting-1P']"
NSGA2-random_dense-2P,0.0180162166201633,"['Equivalence_Line_1: SMSEMOA-random_dense-HUX to AGEMOEA2-greedy_multi-HUX', 'Equivalence_Line_2: SMSEMOA-random_dense-UX to SMSEMOA-random_dense-2P', 'Equivalence_Line_3: SMSEMOA-greedy_multi-1P to SPEA2-greedy_multi-2P', 'Equivalence_Line_4: SMSEMOA-greedy_multi-2P to SMSEMOA-greedy_ting-HUX', 'Equivalence_Line_5: SMSEMOA-greedy_multi-HUX to SPEA2-greedy_multi-1P', 'Equivalence_Line_6: SMSEMOA-greedy_multi-UX to SMSEMOA-greedy_ting-UX', 'Equivalence_Line_7: NSGA3-greedy_multi-1P to AGEMOEA2-random_dense-UX', 'Equivalence_Line_8: UNSGA3-greedy_multi-2P to AGEMOEA2-random_dense-HUX', 'Equivalence_Line_9: NSGA3-greedy_multi-HUX to SMSEMOA-random_dense-1P', 'Equivalence_Line_10: UNSGA3-greedy_multi-UX to SPEA2-greedy_multi-UX', 'Equivalence_Line_11: UNSGA3-greedy_multi-HUX to SPEA2-greedy_multi-HUX', 'Equivalence_Line_12: NSGA3-greedy_multi-UX to NSGA2-greedy_ting-UX', 'Equivalence_Line_13: UNSGA3-greedy_multi-1P to NSGA2-greedy_ting-HUX', 'Equivalence_Line_14: NSGA2-greedy_multi-1P to UNSGA3-greedy_ting-HUX', 'Equivalence_Line_15: NSGA3-greedy_multi-2P to NSGA3-greedy_ting-UX', 'Equivalence_Line_16: NSGA2-greedy_multi-2P to NSGA3-greedy_ting-HUX', 'Equivalence_Line_17: NSGA3-random_dense-UX to SPEA2-random_dense-UX', 'Equivalence_Line_18: AGEMOEA2-greedy_multi-1P to NSGA2-random_dense-UX', 'Equivalence_Line_19: UNSGA3-random_dense-HUX to UNSGA3-greedy_ting-UX', 'Equivalence_Line_20: UNSGA3-random_dense-UX to SPEA2-random_dense-HUX', 'Equivalence_Line_21: NSGA3-random_dense-HUX to NSGA3-random_dense-2P', 'Equivalence_Line_22: AGEMOEA2-greedy_multi-2P to AGEMOEA2-random_dense-2P', 'Equivalence_Line_23: NSGA2-greedy_multi-HUX to NSGA2-random_dense-HUX', 'Equivalence_Line_24: NSGA2-greedy_multi-UX to UNSGA3-random_dense-2P', 'Equivalence_Line_25: AGEMOEA2-greedy_multi-UX to AGEMOEA2-random_dense-1P', 'Equivalence_Line_26: AGEMOEA2-greedy_multi-HUX to RVEA-greedy_multi-1P', 'Equivalence_Line_27: SMSEMOA-random_dense-2P to UNSGA3-random_dense-1P', 'Equivalence_Line_28: SPEA2-greedy_multi-2P to SPEA2-random_dense-2P', 'Equivalence_Line_29: SMSEMOA-greedy_ting-HUX to RVEA-greedy_multi-2P', 'Equivalence_Line_30: SPEA2-greedy_multi-1P to NSGA3-random_dense-1P', 'Equivalence_Line_31: SMSEMOA-greedy_ting-UX to SPEA2-greedy_ting-UX', 'Equivalence_Line_32: AGEMOEA2-random_dense-UX to SPEA2-greedy_ting-HUX', 'Equivalence_Line_33: AGEMOEA2-random_dense-HUX to SPEA2-random_dense-1P', 'Equivalence_Line_34: SMSEMOA-random_dense-1P to AGEMOEA2-greedy_ting-UX', 'Equivalence_Line_35: SPEA2-greedy_multi-UX to AGEMOEA2-greedy_ting-HUX', 'Equivalence_Line_36: SPEA2-greedy_multi-HUX to SMSEMOA-greedy_ting-2P', 'Equivalence_Line_37: NSGA2-greedy_ting-UX to RVEA-greedy_multi-UX', 'Equivalence_Line_38: NSGA2-greedy_ting-HUX to RVEA-greedy_multi-HUX', 'Equivalence_Line_39: UNSGA3-greedy_ting-HUX to SMSEMOA-greedy_ting-1P', 'Equivalence_Line_40: NSGA3-greedy_ting-UX to NSGA2-random_dense-2P', 'Equivalence_Line_41: NSGA3-greedy_ting-HUX to NSGA2-random_dense-1P', 'Equivalence_Line_42: SPEA2-random_dense-UX to RVEA-random_dense-HUX', 'Equivalence_Line_43: NSGA2-random_dense-UX to RVEA-random_dense-UX', 'Equivalence_Line_44: UNSGA3-greedy_ting-UX to UNSGA3-greedy_ting-2P', 'Equivalence_Line_45: SPEA2-random_dense-HUX to SPEA2-greedy_ting-1P', 'Equivalence_Line_46: NSGA3-random_dense-2P to RVEA-random_dense-2P', 'Equivalence_Line_47: AGEMOEA2-random_dense-2P to NSGA3-greedy_ting-2P', 'Equivalence_Line_48: NSGA2-random_dense-HUX to NSGA2-greedy_ting-2P', 'Equivalence_Line_49: UNSGA3-random_dense-2P to SPEA2-greedy_ting-2P', 'Equivalence_Line_50: AGEMOEA2-random_dense-1P to RVEA-random_dense-1P', 'Equivalence_Line_51: RVEA-greedy_multi-1P to UNSGA3-greedy_ting-1P', 'Equivalence_Line_52: UNSGA3-random_dense-1P to AGEMOEA2-greedy_ting-2P', 'Equivalence_Line_53: SPEA2-random_dense-2P to NSGA3-greedy_ting-1P', 'Equivalence_Line_54: RVEA-greedy_multi-2P to NSGA2-greedy_ting-1P', 'Equivalence_Line_55: NSGA3-random_dense-1P to RVEA-greedy_ting-HUX', 'Equivalence_Line_56: SPEA2-greedy_ting-UX to RVEA-greedy_ting-UX', 'Equivalence_Line_57: SPEA2-greedy_ting-HUX to AGEMOEA2-greedy_ting-1P', 'Equivalence_Line_58: SPEA2-random_dense-1P to RVEA-greedy_ting-2P', 'Equivalence_Line_59: AGEMOEA2-greedy_ting-UX to RVEA-greedy_ting-1P']"
NSGA2-random_dense-1P,0.0199288156528123,"['Equivalence_Line_1: SMSEMOA-random_dense-HUX to AGEMOEA2-greedy_multi-HUX', 'Equivalence_Line_2: SMSEMOA-random_dense-UX to SMSEMOA-random_dense-2P', 'Equivalence_Line_3: SMSEMOA-greedy_multi-1P to SPEA2-greedy_multi-2P', 'Equivalence_Line_4: SMSEMOA-greedy_multi-2P to SMSEMOA-greedy_ting-HUX', 'Equivalence_Line_5: SMSEMOA-greedy_multi-HUX to SPEA2-greedy_multi-1P', 'Equivalence_Line_6: SMSEMOA-greedy_multi-UX to SMSEMOA-greedy_ting-UX', 'Equivalence_Line_7: NSGA3-greedy_multi-1P to AGEMOEA2-random_dense-UX', 'Equivalence_Line_8: UNSGA3-greedy_multi-2P to AGEMOEA2-random_dense-HUX', 'Equivalence_Line_9: NSGA3-greedy_multi-HUX to SMSEMOA-random_dense-1P', 'Equivalence_Line_10: UNSGA3-greedy_multi-UX to SPEA2-greedy_multi-UX', 'Equivalence_Line_11: UNSGA3-greedy_multi-HUX to SPEA2-greedy_multi-HUX', 'Equivalence_Line_12: NSGA3-greedy_multi-UX to NSGA2-greedy_ting-UX', 'Equivalence_Line_13: UNSGA3-greedy_multi-1P to NSGA2-greedy_ting-HUX', 'Equivalence_Line_14: NSGA2-greedy_multi-1P to UNSGA3-greedy_ting-HUX', 'Equivalence_Line_15: NSGA3-greedy_multi-2P to NSGA3-greedy_ting-UX', 'Equivalence_Line_16: NSGA2-greedy_multi-2P to NSGA3-greedy_ting-HUX', 'Equivalence_Line_17: NSGA3-random_dense-UX to SPEA2-random_dense-UX', 'Equivalence_Line_18: AGEMOEA2-greedy_multi-1P to NSGA2-random_dense-UX', 'Equivalence_Line_19: UNSGA3-random_dense-HUX to UNSGA3-greedy_ting-UX', 'Equivalence_Line_20: UNSGA3-random_dense-UX to SPEA2-random_dense-HUX', 'Equivalence_Line_21: NSGA3-random_dense-HUX to NSGA3-random_dense-2P', 'Equivalence_Line_22: AGEMOEA2-greedy_multi-2P to AGEMOEA2-random_dense-2P', 'Equivalence_Line_23: NSGA2-greedy_multi-HUX to NSGA2-random_dense-HUX', 'Equivalence_Line_24: NSGA2-greedy_multi-UX to UNSGA3-random_dense-2P', 'Equivalence_Line_25: AGEMOEA2-greedy_multi-UX to AGEMOEA2-random_dense-1P', 'Equivalence_Line_26: AGEMOEA2-greedy_multi-HUX to RVEA-greedy_multi-1P', 'Equivalence_Line_27: SMSEMOA-random_dense-2P to UNSGA3-random_dense-1P', 'Equivalence_Line_28: SPEA2-greedy_multi-2P to SPEA2-random_dense-2P', 'Equivalence_Line_29: SMSEMOA-greedy_ting-HUX to RVEA-greedy_multi-2P', 'Equivalence_Line_30: SPEA2-greedy_multi-1P to NSGA3-random_dense-1P', 'Equivalence_Line_31: SMSEMOA-greedy_ting-UX to SPEA2-greedy_ting-UX', 'Equivalence_Line_32: AGEMOEA2-random_dense-UX to SPEA2-greedy_ting-HUX', 'Equivalence_Line_33: AGEMOEA2-random_dense-HUX to SPEA2-random_dense-1P', 'Equivalence_Line_34: SMSEMOA-random_dense-1P to AGEMOEA2-greedy_ting-UX', 'Equivalence_Line_35: SPEA2-greedy_multi-UX to AGEMOEA2-greedy_ting-HUX', 'Equivalence_Line_36: SPEA2-greedy_multi-HUX to SMSEMOA-greedy_ting-2P', 'Equivalence_Line_37: NSGA2-greedy_ting-UX to RVEA-greedy_multi-UX', 'Equivalence_Line_38: NSGA2-greedy_ting-HUX to RVEA-greedy_multi-HUX', 'Equivalence_Line_39: UNSGA3-greedy_ting-HUX to SMSEMOA-greedy_ting-1P', 'Equivalence_Line_40: NSGA3-greedy_ting-UX to NSGA2-random_dense-2P', 'Equivalence_Line_41: NSGA3-greedy_ting-HUX to NSGA2-random_dense-1P', 'Equivalence_Line_42: SPEA2-random_dense-UX to RVEA-random_dense-HUX', 'Equivalence_Line_43: NSGA2-random_dense-UX to RVEA-random_dense-UX', 'Equivalence_Line_44: UNSGA3-greedy_ting-UX to UNSGA3-greedy_ting-2P', 'Equivalence_Line_45: SPEA2-random_dense-HUX to SPEA2-greedy_ting-1P', 'Equivalence_Line_46: NSGA3-random_dense-2P to RVEA-random_dense-2P', 'Equivalence_Line_47: AGEMOEA2-random_dense-2P to NSGA3-greedy_ting-2P', 'Equivalence_Line_48: NSGA2-random_dense-HUX to NSGA2-greedy_ting-2P', 'Equivalence_Line_49: UNSGA3-random_dense-2P to SPEA2-greedy_ting-2P', 'Equivalence_Line_50: AGEMOEA2-random_dense-1P to RVEA-random_dense-1P', 'Equivalence_Line_51: RVEA-greedy_multi-1P to UNSGA3-greedy_ting-1P', 'Equivalence_Line_52: UNSGA3-random_dense-1P to AGEMOEA2-greedy_ting-2P', 'Equivalence_Line_53: SPEA2-random_dense-2P to NSGA3-greedy_ting-1P', 'Equivalence_Line_54: RVEA-greedy_multi-2P to NSGA2-greedy_ting-1P', 'Equivalence_Line_55: NSGA3-random_dense-1P to RVEA-greedy_ting-HUX', 'Equivalence_Line_56: SPEA2-greedy_ting-UX to RVEA-greedy_ting-UX', 'Equivalence_Line_57: SPEA2-greedy_ting-HUX to AGEMOEA2-greedy_ting-1P', 'Equivalence_Line_58: SPEA2-random_dense-1P to RVEA-greedy_ting-2P', 'Equivalence_Line_59: AGEMOEA2-greedy_ting-UX to RVEA-greedy_ting-1P']"
RVEA-random_dense-HUX,0.0205134176128706,"['Equivalence_Line_1: SMSEMOA-random_dense-HUX to AGEMOEA2-greedy_multi-HUX', 'Equivalence_Line_2: SMSEMOA-random_dense-UX to SMSEMOA-random_dense-2P', 'Equivalence_Line_3: SMSEMOA-greedy_multi-1P to SPEA2-greedy_multi-2P', 'Equivalence_Line_4: SMSEMOA-greedy_multi-2P to SMSEMOA-greedy_ting-HUX', 'Equivalence_Line_5: SMSEMOA-greedy_multi-HUX to SPEA2-greedy_multi-1P', 'Equivalence_Line_6: SMSEMOA-greedy_multi-UX to SMSEMOA-greedy_ting-UX', 'Equivalence_Line_7: NSGA3-greedy_multi-1P to AGEMOEA2-random_dense-UX', 'Equivalence_Line_8: UNSGA3-greedy_multi-2P to AGEMOEA2-random_dense-HUX', 'Equivalence_Line_9: NSGA3-greedy_multi-HUX to SMSEMOA-random_dense-1P', 'Equivalence_Line_10: UNSGA3-greedy_multi-UX to SPEA2-greedy_multi-UX', 'Equivalence_Line_11: UNSGA3-greedy_multi-HUX to SPEA2-greedy_multi-HUX', 'Equivalence_Line_12: NSGA3-greedy_multi-UX to NSGA2-greedy_ting-UX', 'Equivalence_Line_13: UNSGA3-greedy_multi-1P to NSGA2-greedy_ting-HUX', 'Equivalence_Line_14: NSGA2-greedy_multi-1P to UNSGA3-greedy_ting-HUX', 'Equivalence_Line_15: NSGA3-greedy_multi-2P to NSGA3-greedy_ting-UX', 'Equivalence_Line_16: NSGA2-greedy_multi-2P to NSGA3-greedy_ting-HUX', 'Equivalence_Line_17: NSGA3-random_dense-UX to SPEA2-random_dense-UX', 'Equivalence_Line_18: AGEMOEA2-greedy_multi-1P to NSGA2-random_dense-UX', 'Equivalence_Line_19: UNSGA3-random_dense-HUX to UNSGA3-greedy_ting-UX', 'Equivalence_Line_20: UNSGA3-random_dense-UX to SPEA2-random_dense-HUX', 'Equivalence_Line_21: NSGA3-random_dense-HUX to NSGA3-random_dense-2P', 'Equivalence_Line_22: AGEMOEA2-greedy_multi-2P to AGEMOEA2-random_dense-2P', 'Equivalence_Line_23: NSGA2-greedy_multi-HUX to NSGA2-random_dense-HUX', 'Equivalence_Line_24: NSGA2-greedy_multi-UX to UNSGA3-random_dense-2P', 'Equivalence_Line_25: AGEMOEA2-greedy_multi-UX to AGEMOEA2-random_dense-1P', 'Equivalence_Line_26: AGEMOEA2-greedy_multi-HUX to RVEA-greedy_multi-1P', 'Equivalence_Line_27: SMSEMOA-random_dense-2P to UNSGA3-random_dense-1P', 'Equivalence_Line_28: SPEA2-greedy_multi-2P to SPEA2-random_dense-2P', 'Equivalence_Line_29: SMSEMOA-greedy_ting-HUX to RVEA-greedy_multi-2P', 'Equivalence_Line_30: SPEA2-greedy_multi-1P to NSGA3-random_dense-1P', 'Equivalence_Line_31: SMSEMOA-greedy_ting-UX to SPEA2-greedy_ting-UX', 'Equivalence_Line_32: AGEMOEA2-random_dense-UX to SPEA2-greedy_ting-HUX', 'Equivalence_Line_33: AGEMOEA2-random_dense-HUX to SPEA2-random_dense-1P', 'Equivalence_Line_34: SMSEMOA-random_dense-1P to AGEMOEA2-greedy_ting-UX', 'Equivalence_Line_35: SPEA2-greedy_multi-UX to AGEMOEA2-greedy_ting-HUX', 'Equivalence_Line_36: SPEA2-greedy_multi-HUX to SMSEMOA-greedy_ting-2P', 'Equivalence_Line_37: NSGA2-greedy_ting-UX to RVEA-greedy_multi-UX', 'Equivalence_Line_38: NSGA2-greedy_ting-HUX to RVEA-greedy_multi-HUX', 'Equivalence_Line_39: UNSGA3-greedy_ting-HUX to SMSEMOA-greedy_ting-1P', 'Equivalence_Line_40: NSGA3-greedy_ting-UX to NSGA2-random_dense-2P', 'Equivalence_Line_41: NSGA3-greedy_ting-HUX to NSGA2-random_dense-1P', 'Equivalence_Line_42: SPEA2-random_dense-UX to RVEA-random_dense-HUX', 'Equivalence_Line_43: NSGA2-random_dense-UX to RVEA-random_dense-UX', 'Equivalence_Line_44: UNSGA3-greedy_ting-UX to UNSGA3-greedy_ting-2P', 'Equivalence_Line_45: SPEA2-random_dense-HUX to SPEA2-greedy_ting-1P', 'Equivalence_Line_46: NSGA3-random_dense-2P to RVEA-random_dense-2P', 'Equivalence_Line_47: AGEMOEA2-random_dense-2P to NSGA3-greedy_ting-2P', 'Equivalence_Line_48: NSGA2-random_dense-HUX to NSGA2-greedy_ting-2P', 'Equivalence_Line_49: UNSGA3-random_dense-2P to SPEA2-greedy_ting-2P', 'Equivalence_Line_50: AGEMOEA2-random_dense-1P to RVEA-random_dense-1P', 'Equivalence_Line_51: RVEA-greedy_multi-1P to UNSGA3-greedy_ting-1P', 'Equivalence_Line_52: UNSGA3-random_dense-1P to AGEMOEA2-greedy_ting-2P', 'Equivalence_Line_53: SPEA2-random_dense-2P to NSGA3-greedy_ting-1P', 'Equivalence_Line_54: RVEA-greedy_multi-2P to NSGA2-greedy_ting-1P', 'Equivalence_Line_55: NSGA3-random_dense-1P to RVEA-greedy_ting-HUX', 'Equivalence_Line_56: SPEA2-greedy_ting-UX to RVEA-greedy_ting-UX', 'Equivalence_Line_57: SPEA2-greedy_ting-HUX to AGEMOEA2-greedy_ting-1P', 'Equivalence_Line_58: SPEA2-random_dense-1P to RVEA-greedy_ting-2P', 'Equivalence_Line_59: AGEMOEA2-greedy_ting-UX to RVEA-greedy_ting-1P']"
RVEA-random_dense-UX,0.0205887517866463,"['Equivalence_Line_1: SMSEMOA-random_dense-HUX to AGEMOEA2-greedy_multi-HUX', 'Equivalence_Line_2: SMSEMOA-random_dense-UX to SMSEMOA-random_dense-2P', 'Equivalence_Line_3: SMSEMOA-greedy_multi-1P to SPEA2-greedy_multi-2P', 'Equivalence_Line_4: SMSEMOA-greedy_multi-2P to SMSEMOA-greedy_ting-HUX', 'Equivalence_Line_5: SMSEMOA-greedy_multi-HUX to SPEA2-greedy_multi-1P', 'Equivalence_Line_6: SMSEMOA-greedy_multi-UX to SMSEMOA-greedy_ting-UX', 'Equivalence_Line_7: NSGA3-greedy_multi-1P to AGEMOEA2-random_dense-UX', 'Equivalence_Line_8: UNSGA3-greedy_multi-2P to AGEMOEA2-random_dense-HUX', 'Equivalence_Line_9: NSGA3-greedy_multi-HUX to SMSEMOA-random_dense-1P', 'Equivalence_Line_10: UNSGA3-greedy_multi-UX to SPEA2-greedy_multi-UX', 'Equivalence_Line_11: UNSGA3-greedy_multi-HUX to SPEA2-greedy_multi-HUX', 'Equivalence_Line_12: NSGA3-greedy_multi-UX to NSGA2-greedy_ting-UX', 'Equivalence_Line_13: UNSGA3-greedy_multi-1P to NSGA2-greedy_ting-HUX', 'Equivalence_Line_14: NSGA2-greedy_multi-1P to UNSGA3-greedy_ting-HUX', 'Equivalence_Line_15: NSGA3-greedy_multi-2P to NSGA3-greedy_ting-UX', 'Equivalence_Line_16: NSGA2-greedy_multi-2P to NSGA3-greedy_ting-HUX', 'Equivalence_Line_17: NSGA3-random_dense-UX to SPEA2-random_dense-UX', 'Equivalence_Line_18: AGEMOEA2-greedy_multi-1P to NSGA2-random_dense-UX', 'Equivalence_Line_19: UNSGA3-random_dense-HUX to UNSGA3-greedy_ting-UX', 'Equivalence_Line_20: UNSGA3-random_dense-UX to SPEA2-random_dense-HUX', 'Equivalence_Line_21: NSGA3-random_dense-HUX to NSGA3-random_dense-2P', 'Equivalence_Line_22: AGEMOEA2-greedy_multi-2P to AGEMOEA2-random_dense-2P', 'Equivalence_Line_23: NSGA2-greedy_multi-HUX to NSGA2-random_dense-HUX', 'Equivalence_Line_24: NSGA2-greedy_multi-UX to UNSGA3-random_dense-2P', 'Equivalence_Line_25: AGEMOEA2-greedy_multi-UX to AGEMOEA2-random_dense-1P', 'Equivalence_Line_26: AGEMOEA2-greedy_multi-HUX to RVEA-greedy_multi-1P', 'Equivalence_Line_27: SMSEMOA-random_dense-2P to UNSGA3-random_dense-1P', 'Equivalence_Line_28: SPEA2-greedy_multi-2P to SPEA2-random_dense-2P', 'Equivalence_Line_29: SMSEMOA-greedy_ting-HUX to RVEA-greedy_multi-2P', 'Equivalence_Line_30: SPEA2-greedy_multi-1P to NSGA3-random_dense-1P', 'Equivalence_Line_31: SMSEMOA-greedy_ting-UX to SPEA2-greedy_ting-UX', 'Equivalence_Line_32: AGEMOEA2-random_dense-UX to SPEA2-greedy_ting-HUX', 'Equivalence_Line_33: AGEMOEA2-random_dense-HUX to SPEA2-random_dense-1P', 'Equivalence_Line_34: SMSEMOA-random_dense-1P to AGEMOEA2-greedy_ting-UX', 'Equivalence_Line_35: SPEA2-greedy_multi-UX to AGEMOEA2-greedy_ting-HUX', 'Equivalence_Line_36: SPEA2-greedy_multi-HUX to SMSEMOA-greedy_ting-2P', 'Equivalence_Line_37: NSGA2-greedy_ting-UX to RVEA-greedy_multi-UX', 'Equivalence_Line_38: NSGA2-greedy_ting-HUX to RVEA-greedy_multi-HUX', 'Equivalence_Line_39: UNSGA3-greedy_ting-HUX to SMSEMOA-greedy_ting-1P', 'Equivalence_Line_40: NSGA3-greedy_ting-UX to NSGA2-random_dense-2P', 'Equivalence_Line_41: NSGA3-greedy_ting-HUX to NSGA2-random_dense-1P', 'Equivalence_Line_42: SPEA2-random_dense-UX to RVEA-random_dense-HUX', 'Equivalence_Line_43: NSGA2-random_dense-UX to RVEA-random_dense-UX', 'Equivalence_Line_44: UNSGA3-greedy_ting-UX to UNSGA3-greedy_ting-2P', 'Equivalence_Line_45: SPEA2-random_dense-HUX to SPEA2-greedy_ting-1P', 'Equivalence_Line_46: NSGA3-random_dense-2P to RVEA-random_dense-2P', 'Equivalence_Line_47: AGEMOEA2-random_dense-2P to NSGA3-greedy_ting-2P', 'Equivalence_Line_48: NSGA2-random_dense-HUX to NSGA2-greedy_ting-2P', 'Equivalence_Line_49: UNSGA3-random_dense-2P to SPEA2-greedy_ting-2P', 'Equivalence_Line_50: AGEMOEA2-random_dense-1P to RVEA-random_dense-1P', 'Equivalence_Line_51: RVEA-greedy_multi-1P to UNSGA3-greedy_ting-1P', 'Equivalence_Line_52: UNSGA3-random_dense-1P to AGEMOEA2-greedy_ting-2P', 'Equivalence_Line_53: SPEA2-random_dense-2P to NSGA3-greedy_ting-1P', 'Equivalence_Line_54: RVEA-greedy_multi-2P to NSGA2-greedy_ting-1P', 'Equivalence_Line_55: NSGA3-random_dense-1P to RVEA-greedy_ting-HUX', 'Equivalence_Line_56: SPEA2-greedy_ting-UX to RVEA-greedy_ting-UX', 'Equivalence_Line_57: SPEA2-greedy_ting-HUX to AGEMOEA2-greedy_ting-1P', 'Equivalence_Line_58: SPEA2-random_dense-1P to RVEA-greedy_ting-2P', 'Equivalence_Line_59: AGEMOEA2-greedy_ting-UX to RVEA-greedy_ting-1P']"
UNSGA3-greedy_ting-2P,0.0217302066632905,"['Equivalence_Line_1: SMSEMOA-random_dense-HUX to AGEMOEA2-greedy_multi-HUX', 'Equivalence_Line_2: SMSEMOA-random_dense-UX to SMSEMOA-random_dense-2P', 'Equivalence_Line_3: SMSEMOA-greedy_multi-1P to SPEA2-greedy_multi-2P', 'Equivalence_Line_4: SMSEMOA-greedy_multi-2P to SMSEMOA-greedy_ting-HUX', 'Equivalence_Line_5: SMSEMOA-greedy_multi-HUX to SPEA2-greedy_multi-1P', 'Equivalence_Line_6: SMSEMOA-greedy_multi-UX to SMSEMOA-greedy_ting-UX', 'Equivalence_Line_7: NSGA3-greedy_multi-1P to AGEMOEA2-random_dense-UX', 'Equivalence_Line_8: UNSGA3-greedy_multi-2P to AGEMOEA2-random_dense-HUX', 'Equivalence_Line_9: NSGA3-greedy_multi-HUX to SMSEMOA-random_dense-1P', 'Equivalence_Line_10: UNSGA3-greedy_multi-UX to SPEA2-greedy_multi-UX', 'Equivalence_Line_11: UNSGA3-greedy_multi-HUX to SPEA2-greedy_multi-HUX', 'Equivalence_Line_12: NSGA3-greedy_multi-UX to NSGA2-greedy_ting-UX', 'Equivalence_Line_13: UNSGA3-greedy_multi-1P to NSGA2-greedy_ting-HUX', 'Equivalence_Line_14: NSGA2-greedy_multi-1P to UNSGA3-greedy_ting-HUX', 'Equivalence_Line_15: NSGA3-greedy_multi-2P to NSGA3-greedy_ting-UX', 'Equivalence_Line_16: NSGA2-greedy_multi-2P to NSGA3-greedy_ting-HUX', 'Equivalence_Line_17: NSGA3-random_dense-UX to SPEA2-random_dense-UX', 'Equivalence_Line_18: AGEMOEA2-greedy_multi-1P to NSGA2-random_dense-UX', 'Equivalence_Line_19: UNSGA3-random_dense-HUX to UNSGA3-greedy_ting-UX', 'Equivalence_Line_20: UNSGA3-random_dense-UX to SPEA2-random_dense-HUX', 'Equivalence_Line_21: NSGA3-random_dense-HUX to NSGA3-random_dense-2P', 'Equivalence_Line_22: AGEMOEA2-greedy_multi-2P to AGEMOEA2-random_dense-2P', 'Equivalence_Line_23: NSGA2-greedy_multi-HUX to NSGA2-random_dense-HUX', 'Equivalence_Line_24: NSGA2-greedy_multi-UX to UNSGA3-random_dense-2P', 'Equivalence_Line_25: AGEMOEA2-greedy_multi-UX to AGEMOEA2-random_dense-1P', 'Equivalence_Line_26: AGEMOEA2-greedy_multi-HUX to RVEA-greedy_multi-1P', 'Equivalence_Line_27: SMSEMOA-random_dense-2P to UNSGA3-random_dense-1P', 'Equivalence_Line_28: SPEA2-greedy_multi-2P to SPEA2-random_dense-2P', 'Equivalence_Line_29: SMSEMOA-greedy_ting-HUX to RVEA-greedy_multi-2P', 'Equivalence_Line_30: SPEA2-greedy_multi-1P to NSGA3-random_dense-1P', 'Equivalence_Line_31: SMSEMOA-greedy_ting-UX to SPEA2-greedy_ting-UX', 'Equivalence_Line_32: AGEMOEA2-random_dense-UX to SPEA2-greedy_ting-HUX', 'Equivalence_Line_33: AGEMOEA2-random_dense-HUX to SPEA2-random_dense-1P', 'Equivalence_Line_34: SMSEMOA-random_dense-1P to AGEMOEA2-greedy_ting-UX', 'Equivalence_Line_35: SPEA2-greedy_multi-UX to AGEMOEA2-greedy_ting-HUX', 'Equivalence_Line_36: SPEA2-greedy_multi-HUX to SMSEMOA-greedy_ting-2P', 'Equivalence_Line_37: NSGA2-greedy_ting-UX to RVEA-greedy_multi-UX', 'Equivalence_Line_38: NSGA2-greedy_ting-HUX to RVEA-greedy_multi-HUX', 'Equivalence_Line_39: UNSGA3-greedy_ting-HUX to SMSEMOA-greedy_ting-1P', 'Equivalence_Line_40: NSGA3-greedy_ting-UX to NSGA2-random_dense-2P', 'Equivalence_Line_41: NSGA3-greedy_ting-HUX to NSGA2-random_dense-1P', 'Equivalence_Line_42: SPEA2-random_dense-UX to RVEA-random_dense-HUX', 'Equivalence_Line_43: NSGA2-random_dense-UX to RVEA-random_dense-UX', 'Equivalence_Line_44: UNSGA3-greedy_ting-UX to UNSGA3-greedy_ting-2P', 'Equivalence_Line_45: SPEA2-random_dense-HUX to SPEA2-greedy_ting-1P', 'Equivalence_Line_46: NSGA3-random_dense-2P to RVEA-random_dense-2P', 'Equivalence_Line_47: AGEMOEA2-random_dense-2P to NSGA3-greedy_ting-2P', 'Equivalence_Line_48: NSGA2-random_dense-HUX to NSGA2-greedy_ting-2P', 'Equivalence_Line_49: UNSGA3-random_dense-2P to SPEA2-greedy_ting-2P', 'Equivalence_Line_50: AGEMOEA2-random_dense-1P to RVEA-random_dense-1P', 'Equivalence_Line_51: RVEA-greedy_multi-1P to UNSGA3-greedy_ting-1P', 'Equivalence_Line_52: UNSGA3-random_dense-1P to AGEMOEA2-greedy_ting-2P', 'Equivalence_Line_53: SPEA2-random_dense-2P to NSGA3-greedy_ting-1P', 'Equivalence_Line_54: RVEA-greedy_multi-2P to NSGA2-greedy_ting-1P', 'Equivalence_Line_55: NSGA3-random_dense-1P to RVEA-greedy_ting-HUX', 'Equivalence_Line_56: SPEA2-greedy_ting-UX to RVEA-greedy_ting-UX', 'Equivalence_Line_57: SPEA2-greedy_ting-HUX to AGEMOEA2-greedy_ting-1P', 'Equivalence_Line_58: SPEA2-random_dense-1P to RVEA-greedy_ting-2P', 'Equivalence_Line_59: AGEMOEA2-greedy_ting-UX to RVEA-greedy_ting-1P']"
SPEA2-greedy_ting-1P,0.0226218470876883,"['Equivalence_Line_1: SMSEMOA-random_dense-HUX to AGEMOEA2-greedy_multi-HUX', 'Equivalence_Line_2: SMSEMOA-random_dense-UX to SMSEMOA-random_dense-2P', 'Equivalence_Line_3: SMSEMOA-greedy_multi-1P to SPEA2-greedy_multi-2P', 'Equivalence_Line_4: SMSEMOA-greedy_multi-2P to SMSEMOA-greedy_ting-HUX', 'Equivalence_Line_5: SMSEMOA-greedy_multi-HUX to SPEA2-greedy_multi-1P', 'Equivalence_Line_6: SMSEMOA-greedy_multi-UX to SMSEMOA-greedy_ting-UX', 'Equivalence_Line_7: NSGA3-greedy_multi-1P to AGEMOEA2-random_dense-UX', 'Equivalence_Line_8: UNSGA3-greedy_multi-2P to AGEMOEA2-random_dense-HUX', 'Equivalence_Line_9: NSGA3-greedy_multi-HUX to SMSEMOA-random_dense-1P', 'Equivalence_Line_10: UNSGA3-greedy_multi-UX to SPEA2-greedy_multi-UX', 'Equivalence_Line_11: UNSGA3-greedy_multi-HUX to SPEA2-greedy_multi-HUX', 'Equivalence_Line_12: NSGA3-greedy_multi-UX to NSGA2-greedy_ting-UX', 'Equivalence_Line_13: UNSGA3-greedy_multi-1P to NSGA2-greedy_ting-HUX', 'Equivalence_Line_14: NSGA2-greedy_multi-1P to UNSGA3-greedy_ting-HUX', 'Equivalence_Line_15: NSGA3-greedy_multi-2P to NSGA3-greedy_ting-UX', 'Equivalence_Line_16: NSGA2-greedy_multi-2P to NSGA3-greedy_ting-HUX', 'Equivalence_Line_17: NSGA3-random_dense-UX to SPEA2-random_dense-UX', 'Equivalence_Line_18: AGEMOEA2-greedy_multi-1P to NSGA2-random_dense-UX', 'Equivalence_Line_19: UNSGA3-random_dense-HUX to UNSGA3-greedy_ting-UX', 'Equivalence_Line_20: UNSGA3-random_dense-UX to SPEA2-random_dense-HUX', 'Equivalence_Line_21: NSGA3-random_dense-HUX to NSGA3-random_dense-2P', 'Equivalence_Line_22: AGEMOEA2-greedy_multi-2P to AGEMOEA2-random_dense-2P', 'Equivalence_Line_23: NSGA2-greedy_multi-HUX to NSGA2-random_dense-HUX', 'Equivalence_Line_24: NSGA2-greedy_multi-UX to UNSGA3-random_dense-2P', 'Equivalence_Line_25: AGEMOEA2-greedy_multi-UX to AGEMOEA2-random_dense-1P', 'Equivalence_Line_26: AGEMOEA2-greedy_multi-HUX to RVEA-greedy_multi-1P', 'Equivalence_Line_27: SMSEMOA-random_dense-2P to UNSGA3-random_dense-1P', 'Equivalence_Line_28: SPEA2-greedy_multi-2P to SPEA2-random_dense-2P', 'Equivalence_Line_29: SMSEMOA-greedy_ting-HUX to RVEA-greedy_multi-2P', 'Equivalence_Line_30: SPEA2-greedy_multi-1P to NSGA3-random_dense-1P', 'Equivalence_Line_31: SMSEMOA-greedy_ting-UX to SPEA2-greedy_ting-UX', 'Equivalence_Line_32: AGEMOEA2-random_dense-UX to SPEA2-greedy_ting-HUX', 'Equivalence_Line_33: AGEMOEA2-random_dense-HUX to SPEA2-random_dense-1P', 'Equivalence_Line_34: SMSEMOA-random_dense-1P to AGEMOEA2-greedy_ting-UX', 'Equivalence_Line_35: SPEA2-greedy_multi-UX to AGEMOEA2-greedy_ting-HUX', 'Equivalence_Line_36: SPEA2-greedy_multi-HUX to SMSEMOA-greedy_ting-2P', 'Equivalence_Line_37: NSGA2-greedy_ting-UX to RVEA-greedy_multi-UX', 'Equivalence_Line_38: NSGA2-greedy_ting-HUX to RVEA-greedy_multi-HUX', 'Equivalence_Line_39: UNSGA3-greedy_ting-HUX to SMSEMOA-greedy_ting-1P', 'Equivalence_Line_40: NSGA3-greedy_ting-UX to NSGA2-random_dense-2P', 'Equivalence_Line_41: NSGA3-greedy_ting-HUX to NSGA2-random_dense-1P', 'Equivalence_Line_42: SPEA2-random_dense-UX to RVEA-random_dense-HUX', 'Equivalence_Line_43: NSGA2-random_dense-UX to RVEA-random_dense-UX', 'Equivalence_Line_44: UNSGA3-greedy_ting-UX to UNSGA3-greedy_ting-2P', 'Equivalence_Line_45: SPEA2-random_dense-HUX to SPEA2-greedy_ting-1P', 'Equivalence_Line_46: NSGA3-random_dense-2P to RVEA-random_dense-2P', 'Equivalence_Line_47: AGEMOEA2-random_dense-2P to NSGA3-greedy_ting-2P', 'Equivalence_Line_48: NSGA2-random_dense-HUX to NSGA2-greedy_ting-2P', 'Equivalence_Line_49: UNSGA3-random_dense-2P to SPEA2-greedy_ting-2P', 'Equivalence_Line_50: AGEMOEA2-random_dense-1P to RVEA-random_dense-1P', 'Equivalence_Line_51: RVEA-greedy_multi-1P to UNSGA3-greedy_ting-1P', 'Equivalence_Line_52: UNSGA3-random_dense-1P to AGEMOEA2-greedy_ting-2P', 'Equivalence_Line_53: SPEA2-random_dense-2P to NSGA3-greedy_ting-1P', 'Equivalence_Line_54: RVEA-greedy_multi-2P to NSGA2-greedy_ting-1P', 'Equivalence_Line_55: NSGA3-random_dense-1P to RVEA-greedy_ting-HUX', 'Equivalence_Line_56: SPEA2-greedy_ting-UX to RVEA-greedy_ting-UX', 'Equivalence_Line_57: SPEA2-greedy_ting-HUX to AGEMOEA2-greedy_ting-1P', 'Equivalence_Line_58: SPEA2-random_dense-1P to RVEA-greedy_ting-2P', 'Equivalence_Line_59: AGEMOEA2-greedy_ting-UX to RVEA-greedy_ting-1P']"
RVEA-random_dense-2P,0.0226958105089411,"['Equivalence_Line_1: SMSEMOA-random_dense-HUX to AGEMOEA2-greedy_multi-HUX', 'Equivalence_Line_2: SMSEMOA-random_dense-UX to SMSEMOA-random_dense-2P', 'Equivalence_Line_3: SMSEMOA-greedy_multi-1P to SPEA2-greedy_multi-2P', 'Equivalence_Line_4: SMSEMOA-greedy_multi-2P to SMSEMOA-greedy_ting-HUX', 'Equivalence_Line_5: SMSEMOA-greedy_multi-HUX to SPEA2-greedy_multi-1P', 'Equivalence_Line_6: SMSEMOA-greedy_multi-UX to SMSEMOA-greedy_ting-UX', 'Equivalence_Line_7: NSGA3-greedy_multi-1P to AGEMOEA2-random_dense-UX', 'Equivalence_Line_8: UNSGA3-greedy_multi-2P to AGEMOEA2-random_dense-HUX', 'Equivalence_Line_9: NSGA3-greedy_multi-HUX to SMSEMOA-random_dense-1P', 'Equivalence_Line_10: UNSGA3-greedy_multi-UX to SPEA2-greedy_multi-UX', 'Equivalence_Line_11: UNSGA3-greedy_multi-HUX to SPEA2-greedy_multi-HUX', 'Equivalence_Line_12: NSGA3-greedy_multi-UX to NSGA2-greedy_ting-UX', 'Equivalence_Line_13: UNSGA3-greedy_multi-1P to NSGA2-greedy_ting-HUX', 'Equivalence_Line_14: NSGA2-greedy_multi-1P to UNSGA3-greedy_ting-HUX', 'Equivalence_Line_15: NSGA3-greedy_multi-2P to NSGA3-greedy_ting-UX', 'Equivalence_Line_16: NSGA2-greedy_multi-2P to NSGA3-greedy_ting-HUX', 'Equivalence_Line_17: NSGA3-random_dense-UX to SPEA2-random_dense-UX', 'Equivalence_Line_18: AGEMOEA2-greedy_multi-1P to NSGA2-random_dense-UX', 'Equivalence_Line_19: UNSGA3-random_dense-HUX to UNSGA3-greedy_ting-UX', 'Equivalence_Line_20: UNSGA3-random_dense-UX to SPEA2-random_dense-HUX', 'Equivalence_Line_21: NSGA3-random_dense-HUX to NSGA3-random_dense-2P', 'Equivalence_Line_22: AGEMOEA2-greedy_multi-2P to AGEMOEA2-random_dense-2P', 'Equivalence_Line_23: NSGA2-greedy_multi-HUX to NSGA2-random_dense-HUX', 'Equivalence_Line_24: NSGA2-greedy_multi-UX to UNSGA3-random_dense-2P', 'Equivalence_Line_25: AGEMOEA2-greedy_multi-UX to AGEMOEA2-random_dense-1P', 'Equivalence_Line_26: AGEMOEA2-greedy_multi-HUX to RVEA-greedy_multi-1P', 'Equivalence_Line_27: SMSEMOA-random_dense-2P to UNSGA3-random_dense-1P', 'Equivalence_Line_28: SPEA2-greedy_multi-2P to SPEA2-random_dense-2P', 'Equivalence_Line_29: SMSEMOA-greedy_ting-HUX to RVEA-greedy_multi-2P', 'Equivalence_Line_30: SPEA2-greedy_multi-1P to NSGA3-random_dense-1P', 'Equivalence_Line_31: SMSEMOA-greedy_ting-UX to SPEA2-greedy_ting-UX', 'Equivalence_Line_32: AGEMOEA2-random_dense-UX to SPEA2-greedy_ting-HUX', 'Equivalence_Line_33: AGEMOEA2-random_dense-HUX to SPEA2-random_dense-1P', 'Equivalence_Line_34: SMSEMOA-random_dense-1P to AGEMOEA2-greedy_ting-UX', 'Equivalence_Line_35: SPEA2-greedy_multi-UX to AGEMOEA2-greedy_ting-HUX', 'Equivalence_Line_36: SPEA2-greedy_multi-HUX to SMSEMOA-greedy_ting-2P', 'Equivalence_Line_37: NSGA2-greedy_ting-UX to RVEA-greedy_multi-UX', 'Equivalence_Line_38: NSGA2-greedy_ting-HUX to RVEA-greedy_multi-HUX', 'Equivalence_Line_39: UNSGA3-greedy_ting-HUX to SMSEMOA-greedy_ting-1P', 'Equivalence_Line_40: NSGA3-greedy_ting-UX to NSGA2-random_dense-2P', 'Equivalence_Line_41: NSGA3-greedy_ting-HUX to NSGA2-random_dense-1P', 'Equivalence_Line_42: SPEA2-random_dense-UX to RVEA-random_dense-HUX', 'Equivalence_Line_43: NSGA2-random_dense-UX to RVEA-random_dense-UX', 'Equivalence_Line_44: UNSGA3-greedy_ting-UX to UNSGA3-greedy_ting-2P', 'Equivalence_Line_45: SPEA2-random_dense-HUX to SPEA2-greedy_ting-1P', 'Equivalence_Line_46: NSGA3-random_dense-2P to RVEA-random_dense-2P', 'Equivalence_Line_47: AGEMOEA2-random_dense-2P to NSGA3-greedy_ting-2P', 'Equivalence_Line_48: NSGA2-random_dense-HUX to NSGA2-greedy_ting-2P', 'Equivalence_Line_49: UNSGA3-random_dense-2P to SPEA2-greedy_ting-2P', 'Equivalence_Line_50: AGEMOEA2-random_dense-1P to RVEA-random_dense-1P', 'Equivalence_Line_51: RVEA-greedy_multi-1P to UNSGA3-greedy_ting-1P', 'Equivalence_Line_52: UNSGA3-random_dense-1P to AGEMOEA2-greedy_ting-2P', 'Equivalence_Line_53: SPEA2-random_dense-2P to NSGA3-greedy_ting-1P', 'Equivalence_Line_54: RVEA-greedy_multi-2P to NSGA2-greedy_ting-1P', 'Equivalence_Line_55: NSGA3-random_dense-1P to RVEA-greedy_ting-HUX', 'Equivalence_Line_56: SPEA2-greedy_ting-UX to RVEA-greedy_ting-UX', 'Equivalence_Line_57: SPEA2-greedy_ting-HUX to AGEMOEA2-greedy_ting-1P', 'Equivalence_Line_58: SPEA2-random_dense-1P to RVEA-greedy_ting-2P', 'Equivalence_Line_59: AGEMOEA2-greedy_ting-UX to RVEA-greedy_ting-1P']"
NSGA3-greedy_ting-2P,0.0227429556107714,"['Equivalence_Line_1: SMSEMOA-random_dense-HUX to AGEMOEA2-greedy_multi-HUX', 'Equivalence_Line_2: SMSEMOA-random_dense-UX to SMSEMOA-random_dense-2P', 'Equivalence_Line_3: SMSEMOA-greedy_multi-1P to SPEA2-greedy_multi-2P', 'Equivalence_Line_4: SMSEMOA-greedy_multi-2P to SMSEMOA-greedy_ting-HUX', 'Equivalence_Line_5: SMSEMOA-greedy_multi-HUX to SPEA2-greedy_multi-1P', 'Equivalence_Line_6: SMSEMOA-greedy_multi-UX to SMSEMOA-greedy_ting-UX', 'Equivalence_Line_7: NSGA3-greedy_multi-1P to AGEMOEA2-random_dense-UX', 'Equivalence_Line_8: UNSGA3-greedy_multi-2P to AGEMOEA2-random_dense-HUX', 'Equivalence_Line_9: NSGA3-greedy_multi-HUX to SMSEMOA-random_dense-1P', 'Equivalence_Line_10: UNSGA3-greedy_multi-UX to SPEA2-greedy_multi-UX', 'Equivalence_Line_11: UNSGA3-greedy_multi-HUX to SPEA2-greedy_multi-HUX', 'Equivalence_Line_12: NSGA3-greedy_multi-UX to NSGA2-greedy_ting-UX', 'Equivalence_Line_13: UNSGA3-greedy_multi-1P to NSGA2-greedy_ting-HUX', 'Equivalence_Line_14: NSGA2-greedy_multi-1P to UNSGA3-greedy_ting-HUX', 'Equivalence_Line_15: NSGA3-greedy_multi-2P to NSGA3-greedy_ting-UX', 'Equivalence_Line_16: NSGA2-greedy_multi-2P to NSGA3-greedy_ting-HUX', 'Equivalence_Line_17: NSGA3-random_dense-UX to SPEA2-random_dense-UX', 'Equivalence_Line_18: AGEMOEA2-greedy_multi-1P to NSGA2-random_dense-UX', 'Equivalence_Line_19: UNSGA3-random_dense-HUX to UNSGA3-greedy_ting-UX', 'Equivalence_Line_20: UNSGA3-random_dense-UX to SPEA2-random_dense-HUX', 'Equivalence_Line_21: NSGA3-random_dense-HUX to NSGA3-random_dense-2P', 'Equivalence_Line_22: AGEMOEA2-greedy_multi-2P to AGEMOEA2-random_dense-2P', 'Equivalence_Line_23: NSGA2-greedy_multi-HUX to NSGA2-random_dense-HUX', 'Equivalence_Line_24: NSGA2-greedy_multi-UX to UNSGA3-random_dense-2P', 'Equivalence_Line_25: AGEMOEA2-greedy_multi-UX to AGEMOEA2-random_dense-1P', 'Equivalence_Line_26: AGEMOEA2-greedy_multi-HUX to RVEA-greedy_multi-1P', 'Equivalence_Line_27: SMSEMOA-random_dense-2P to UNSGA3-random_dense-1P', 'Equivalence_Line_28: SPEA2-greedy_multi-2P to SPEA2-random_dense-2P', 'Equivalence_Line_29: SMSEMOA-greedy_ting-HUX to RVEA-greedy_multi-2P', 'Equivalence_Line_30: SPEA2-greedy_multi-1P to NSGA3-random_dense-1P', 'Equivalence_Line_31: SMSEMOA-greedy_ting-UX to SPEA2-greedy_ting-UX', 'Equivalence_Line_32: AGEMOEA2-random_dense-UX to SPEA2-greedy_ting-HUX', 'Equivalence_Line_33: AGEMOEA2-random_dense-HUX to SPEA2-random_dense-1P', 'Equivalence_Line_34: SMSEMOA-random_dense-1P to AGEMOEA2-greedy_ting-UX', 'Equivalence_Line_35: SPEA2-greedy_multi-UX to AGEMOEA2-greedy_ting-HUX', 'Equivalence_Line_36: SPEA2-greedy_multi-HUX to SMSEMOA-greedy_ting-2P', 'Equivalence_Line_37: NSGA2-greedy_ting-UX to RVEA-greedy_multi-UX', 'Equivalence_Line_38: NSGA2-greedy_ting-HUX to RVEA-greedy_multi-HUX', 'Equivalence_Line_39: UNSGA3-greedy_ting-HUX to SMSEMOA-greedy_ting-1P', 'Equivalence_Line_40: NSGA3-greedy_ting-UX to NSGA2-random_dense-2P', 'Equivalence_Line_41: NSGA3-greedy_ting-HUX to NSGA2-random_dense-1P', 'Equivalence_Line_42: SPEA2-random_dense-UX to RVEA-random_dense-HUX', 'Equivalence_Line_43: NSGA2-random_dense-UX to RVEA-random_dense-UX', 'Equivalence_Line_44: UNSGA3-greedy_ting-UX to UNSGA3-greedy_ting-2P', 'Equivalence_Line_45: SPEA2-random_dense-HUX to SPEA2-greedy_ting-1P', 'Equivalence_Line_46: NSGA3-random_dense-2P to RVEA-random_dense-2P', 'Equivalence_Line_47: AGEMOEA2-random_dense-2P to NSGA3-greedy_ting-2P', 'Equivalence_Line_48: NSGA2-random_dense-HUX to NSGA2-greedy_ting-2P', 'Equivalence_Line_49: UNSGA3-random_dense-2P to SPEA2-greedy_ting-2P', 'Equivalence_Line_50: AGEMOEA2-random_dense-1P to RVEA-random_dense-1P', 'Equivalence_Line_51: RVEA-greedy_multi-1P to UNSGA3-greedy_ting-1P', 'Equivalence_Line_52: UNSGA3-random_dense-1P to AGEMOEA2-greedy_ting-2P', 'Equivalence_Line_53: SPEA2-random_dense-2P to NSGA3-greedy_ting-1P', 'Equivalence_Line_54: RVEA-greedy_multi-2P to NSGA2-greedy_ting-1P', 'Equivalence_Line_55: NSGA3-random_dense-1P to RVEA-greedy_ting-HUX', 'Equivalence_Line_56: SPEA2-greedy_ting-UX to RVEA-greedy_ting-UX', 'Equivalence_Line_57: SPEA2-greedy_ting-HUX to AGEMOEA2-greedy_ting-1P', 'Equivalence_Line_58: SPEA2-random_dense-1P to RVEA-greedy_ting-2P', 'Equivalence_Line_59: AGEMOEA2-greedy_ting-UX to RVEA-greedy_ting-1P']"
NSGA2-greedy_ting-2P,0.0228614464159587,"['Equivalence_Line_1: SMSEMOA-random_dense-HUX to AGEMOEA2-greedy_multi-HUX', 'Equivalence_Line_2: SMSEMOA-random_dense-UX to SMSEMOA-random_dense-2P', 'Equivalence_Line_3: SMSEMOA-greedy_multi-1P to SPEA2-greedy_multi-2P', 'Equivalence_Line_4: SMSEMOA-greedy_multi-2P to SMSEMOA-greedy_ting-HUX', 'Equivalence_Line_5: SMSEMOA-greedy_multi-HUX to SPEA2-greedy_multi-1P', 'Equivalence_Line_6: SMSEMOA-greedy_multi-UX to SMSEMOA-greedy_ting-UX', 'Equivalence_Line_7: NSGA3-greedy_multi-1P to AGEMOEA2-random_dense-UX', 'Equivalence_Line_8: UNSGA3-greedy_multi-2P to AGEMOEA2-random_dense-HUX', 'Equivalence_Line_9: NSGA3-greedy_multi-HUX to SMSEMOA-random_dense-1P', 'Equivalence_Line_10: UNSGA3-greedy_multi-UX to SPEA2-greedy_multi-UX', 'Equivalence_Line_11: UNSGA3-greedy_multi-HUX to SPEA2-greedy_multi-HUX', 'Equivalence_Line_12: NSGA3-greedy_multi-UX to NSGA2-greedy_ting-UX', 'Equivalence_Line_13: UNSGA3-greedy_multi-1P to NSGA2-greedy_ting-HUX', 'Equivalence_Line_14: NSGA2-greedy_multi-1P to UNSGA3-greedy_ting-HUX', 'Equivalence_Line_15: NSGA3-greedy_multi-2P to NSGA3-greedy_ting-UX', 'Equivalence_Line_16: NSGA2-greedy_multi-2P to NSGA3-greedy_ting-HUX', 'Equivalence_Line_17: NSGA3-random_dense-UX to SPEA2-random_dense-UX', 'Equivalence_Line_18: AGEMOEA2-greedy_multi-1P to NSGA2-random_dense-UX', 'Equivalence_Line_19: UNSGA3-random_dense-HUX to UNSGA3-greedy_ting-UX', 'Equivalence_Line_20: UNSGA3-random_dense-UX to SPEA2-random_dense-HUX', 'Equivalence_Line_21: NSGA3-random_dense-HUX to NSGA3-random_dense-2P', 'Equivalence_Line_22: AGEMOEA2-greedy_multi-2P to AGEMOEA2-random_dense-2P', 'Equivalence_Line_23: NSGA2-greedy_multi-HUX to NSGA2-random_dense-HUX', 'Equivalence_Line_24: NSGA2-greedy_multi-UX to UNSGA3-random_dense-2P', 'Equivalence_Line_25: AGEMOEA2-greedy_multi-UX to AGEMOEA2-random_dense-1P', 'Equivalence_Line_26: AGEMOEA2-greedy_multi-HUX to RVEA-greedy_multi-1P', 'Equivalence_Line_27: SMSEMOA-random_dense-2P to UNSGA3-random_dense-1P', 'Equivalence_Line_28: SPEA2-greedy_multi-2P to SPEA2-random_dense-2P', 'Equivalence_Line_29: SMSEMOA-greedy_ting-HUX to RVEA-greedy_multi-2P', 'Equivalence_Line_30: SPEA2-greedy_multi-1P to NSGA3-random_dense-1P', 'Equivalence_Line_31: SMSEMOA-greedy_ting-UX to SPEA2-greedy_ting-UX', 'Equivalence_Line_32: AGEMOEA2-random_dense-UX to SPEA2-greedy_ting-HUX', 'Equivalence_Line_33: AGEMOEA2-random_dense-HUX to SPEA2-random_dense-1P', 'Equivalence_Line_34: SMSEMOA-random_dense-1P to AGEMOEA2-greedy_ting-UX', 'Equivalence_Line_35: SPEA2-greedy_multi-UX to AGEMOEA2-greedy_ting-HUX', 'Equivalence_Line_36: SPEA2-greedy_multi-HUX to SMSEMOA-greedy_ting-2P', 'Equivalence_Line_37: NSGA2-greedy_ting-UX to RVEA-greedy_multi-UX', 'Equivalence_Line_38: NSGA2-greedy_ting-HUX to RVEA-greedy_multi-HUX', 'Equivalence_Line_39: UNSGA3-greedy_ting-HUX to SMSEMOA-greedy_ting-1P', 'Equivalence_Line_40: NSGA3-greedy_ting-UX to NSGA2-random_dense-2P', 'Equivalence_Line_41: NSGA3-greedy_ting-HUX to NSGA2-random_dense-1P', 'Equivalence_Line_42: SPEA2-random_dense-UX to RVEA-random_dense-HUX', 'Equivalence_Line_43: NSGA2-random_dense-UX to RVEA-random_dense-UX', 'Equivalence_Line_44: UNSGA3-greedy_ting-UX to UNSGA3-greedy_ting-2P', 'Equivalence_Line_45: SPEA2-random_dense-HUX to SPEA2-greedy_ting-1P', 'Equivalence_Line_46: NSGA3-random_dense-2P to RVEA-random_dense-2P', 'Equivalence_Line_47: AGEMOEA2-random_dense-2P to NSGA3-greedy_ting-2P', 'Equivalence_Line_48: NSGA2-random_dense-HUX to NSGA2-greedy_ting-2P', 'Equivalence_Line_49: UNSGA3-random_dense-2P to SPEA2-greedy_ting-2P', 'Equivalence_Line_50: AGEMOEA2-random_dense-1P to RVEA-random_dense-1P', 'Equivalence_Line_51: RVEA-greedy_multi-1P to UNSGA3-greedy_ting-1P', 'Equivalence_Line_52: UNSGA3-random_dense-1P to AGEMOEA2-greedy_ting-2P', 'Equivalence_Line_53: SPEA2-random_dense-2P to NSGA3-greedy_ting-1P', 'Equivalence_Line_54: RVEA-greedy_multi-2P to NSGA2-greedy_ting-1P', 'Equivalence_Line_55: NSGA3-random_dense-1P to RVEA-greedy_ting-HUX', 'Equivalence_Line_56: SPEA2-greedy_ting-UX to RVEA-greedy_ting-UX', 'Equivalence_Line_57: SPEA2-greedy_ting-HUX to AGEMOEA2-greedy_ting-1P', 'Equivalence_Line_58: SPEA2-random_dense-1P to RVEA-greedy_ting-2P', 'Equivalence_Line_59: AGEMOEA2-greedy_ting-UX to RVEA-greedy_ting-1P']"
SPEA2-greedy_ting-2P,0.0229894808270054,"['Equivalence_Line_1: SMSEMOA-random_dense-HUX to AGEMOEA2-greedy_multi-HUX', 'Equivalence_Line_2: SMSEMOA-random_dense-UX to SMSEMOA-random_dense-2P', 'Equivalence_Line_3: SMSEMOA-greedy_multi-1P to SPEA2-greedy_multi-2P', 'Equivalence_Line_4: SMSEMOA-greedy_multi-2P to SMSEMOA-greedy_ting-HUX', 'Equivalence_Line_5: SMSEMOA-greedy_multi-HUX to SPEA2-greedy_multi-1P', 'Equivalence_Line_6: SMSEMOA-greedy_multi-UX to SMSEMOA-greedy_ting-UX', 'Equivalence_Line_7: NSGA3-greedy_multi-1P to AGEMOEA2-random_dense-UX', 'Equivalence_Line_8: UNSGA3-greedy_multi-2P to AGEMOEA2-random_dense-HUX', 'Equivalence_Line_9: NSGA3-greedy_multi-HUX to SMSEMOA-random_dense-1P', 'Equivalence_Line_10: UNSGA3-greedy_multi-UX to SPEA2-greedy_multi-UX', 'Equivalence_Line_11: UNSGA3-greedy_multi-HUX to SPEA2-greedy_multi-HUX', 'Equivalence_Line_12: NSGA3-greedy_multi-UX to NSGA2-greedy_ting-UX', 'Equivalence_Line_13: UNSGA3-greedy_multi-1P to NSGA2-greedy_ting-HUX', 'Equivalence_Line_14: NSGA2-greedy_multi-1P to UNSGA3-greedy_ting-HUX', 'Equivalence_Line_15: NSGA3-greedy_multi-2P to NSGA3-greedy_ting-UX', 'Equivalence_Line_16: NSGA2-greedy_multi-2P to NSGA3-greedy_ting-HUX', 'Equivalence_Line_17: NSGA3-random_dense-UX to SPEA2-random_dense-UX', 'Equivalence_Line_18: AGEMOEA2-greedy_multi-1P to NSGA2-random_dense-UX', 'Equivalence_Line_19: UNSGA3-random_dense-HUX to UNSGA3-greedy_ting-UX', 'Equivalence_Line_20: UNSGA3-random_dense-UX to SPEA2-random_dense-HUX', 'Equivalence_Line_21: NSGA3-random_dense-HUX to NSGA3-random_dense-2P', 'Equivalence_Line_22: AGEMOEA2-greedy_multi-2P to AGEMOEA2-random_dense-2P', 'Equivalence_Line_23: NSGA2-greedy_multi-HUX to NSGA2-random_dense-HUX', 'Equivalence_Line_24: NSGA2-greedy_multi-UX to UNSGA3-random_dense-2P', 'Equivalence_Line_25: AGEMOEA2-greedy_multi-UX to AGEMOEA2-random_dense-1P', 'Equivalence_Line_26: AGEMOEA2-greedy_multi-HUX to RVEA-greedy_multi-1P', 'Equivalence_Line_27: SMSEMOA-random_dense-2P to UNSGA3-random_dense-1P', 'Equivalence_Line_28: SPEA2-greedy_multi-2P to SPEA2-random_dense-2P', 'Equivalence_Line_29: SMSEMOA-greedy_ting-HUX to RVEA-greedy_multi-2P', 'Equivalence_Line_30: SPEA2-greedy_multi-1P to NSGA3-random_dense-1P', 'Equivalence_Line_31: SMSEMOA-greedy_ting-UX to SPEA2-greedy_ting-UX', 'Equivalence_Line_32: AGEMOEA2-random_dense-UX to SPEA2-greedy_ting-HUX', 'Equivalence_Line_33: AGEMOEA2-random_dense-HUX to SPEA2-random_dense-1P', 'Equivalence_Line_34: SMSEMOA-random_dense-1P to AGEMOEA2-greedy_ting-UX', 'Equivalence_Line_35: SPEA2-greedy_multi-UX to AGEMOEA2-greedy_ting-HUX', 'Equivalence_Line_36: SPEA2-greedy_multi-HUX to SMSEMOA-greedy_ting-2P', 'Equivalence_Line_37: NSGA2-greedy_ting-UX to RVEA-greedy_multi-UX', 'Equivalence_Line_38: NSGA2-greedy_ting-HUX to RVEA-greedy_multi-HUX', 'Equivalence_Line_39: UNSGA3-greedy_ting-HUX to SMSEMOA-greedy_ting-1P', 'Equivalence_Line_40: NSGA3-greedy_ting-UX to NSGA2-random_dense-2P', 'Equivalence_Line_41: NSGA3-greedy_ting-HUX to NSGA2-random_dense-1P', 'Equivalence_Line_42: SPEA2-random_dense-UX to RVEA-random_dense-HUX', 'Equivalence_Line_43: NSGA2-random_dense-UX to RVEA-random_dense-UX', 'Equivalence_Line_44: UNSGA3-greedy_ting-UX to UNSGA3-greedy_ting-2P', 'Equivalence_Line_45: SPEA2-random_dense-HUX to SPEA2-greedy_ting-1P', 'Equivalence_Line_46: NSGA3-random_dense-2P to RVEA-random_dense-2P', 'Equivalence_Line_47: AGEMOEA2-random_dense-2P to NSGA3-greedy_ting-2P', 'Equivalence_Line_48: NSGA2-random_dense-HUX to NSGA2-greedy_ting-2P', 'Equivalence_Line_49: UNSGA3-random_dense-2P to SPEA2-greedy_ting-2P', 'Equivalence_Line_50: AGEMOEA2-random_dense-1P to RVEA-random_dense-1P', 'Equivalence_Line_51: RVEA-greedy_multi-1P to UNSGA3-greedy_ting-1P', 'Equivalence_Line_52: UNSGA3-random_dense-1P to AGEMOEA2-greedy_ting-2P', 'Equivalence_Line_53: SPEA2-random_dense-2P to NSGA3-greedy_ting-1P', 'Equivalence_Line_54: RVEA-greedy_multi-2P to NSGA2-greedy_ting-1P', 'Equivalence_Line_55: NSGA3-random_dense-1P to RVEA-greedy_ting-HUX', 'Equivalence_Line_56: SPEA2-greedy_ting-UX to RVEA-greedy_ting-UX', 'Equivalence_Line_57: SPEA2-greedy_ting-HUX to AGEMOEA2-greedy_ting-1P', 'Equivalence_Line_58: SPEA2-random_dense-1P to RVEA-greedy_ting-2P', 'Equivalence_Line_59: AGEMOEA2-greedy_ting-UX to RVEA-greedy_ting-1P']"
RVEA-random_dense-1P,0.0233686028579564,"['Equivalence_Line_1: SMSEMOA-random_dense-HUX to AGEMOEA2-greedy_multi-HUX', 'Equivalence_Line_2: SMSEMOA-random_dense-UX to SMSEMOA-random_dense-2P', 'Equivalence_Line_3: SMSEMOA-greedy_multi-1P to SPEA2-greedy_multi-2P', 'Equivalence_Line_4: SMSEMOA-greedy_multi-2P to SMSEMOA-greedy_ting-HUX', 'Equivalence_Line_5: SMSEMOA-greedy_multi-HUX to SPEA2-greedy_multi-1P', 'Equivalence_Line_6: SMSEMOA-greedy_multi-UX to SMSEMOA-greedy_ting-UX', 'Equivalence_Line_7: NSGA3-greedy_multi-1P to AGEMOEA2-random_dense-UX', 'Equivalence_Line_8: UNSGA3-greedy_multi-2P to AGEMOEA2-random_dense-HUX', 'Equivalence_Line_9: NSGA3-greedy_multi-HUX to SMSEMOA-random_dense-1P', 'Equivalence_Line_10: UNSGA3-greedy_multi-UX to SPEA2-greedy_multi-UX', 'Equivalence_Line_11: UNSGA3-greedy_multi-HUX to SPEA2-greedy_multi-HUX', 'Equivalence_Line_12: NSGA3-greedy_multi-UX to NSGA2-greedy_ting-UX', 'Equivalence_Line_13: UNSGA3-greedy_multi-1P to NSGA2-greedy_ting-HUX', 'Equivalence_Line_14: NSGA2-greedy_multi-1P to UNSGA3-greedy_ting-HUX', 'Equivalence_Line_15: NSGA3-greedy_multi-2P to NSGA3-greedy_ting-UX', 'Equivalence_Line_16: NSGA2-greedy_multi-2P to NSGA3-greedy_ting-HUX', 'Equivalence_Line_17: NSGA3-random_dense-UX to SPEA2-random_dense-UX', 'Equivalence_Line_18: AGEMOEA2-greedy_multi-1P to NSGA2-random_dense-UX', 'Equivalence_Line_19: UNSGA3-random_dense-HUX to UNSGA3-greedy_ting-UX', 'Equivalence_Line_20: UNSGA3-random_dense-UX to SPEA2-random_dense-HUX', 'Equivalence_Line_21: NSGA3-random_dense-HUX to NSGA3-random_dense-2P', 'Equivalence_Line_22: AGEMOEA2-greedy_multi-2P to AGEMOEA2-random_dense-2P', 'Equivalence_Line_23: NSGA2-greedy_multi-HUX to NSGA2-random_dense-HUX', 'Equivalence_Line_24: NSGA2-greedy_multi-UX to UNSGA3-random_dense-2P', 'Equivalence_Line_25: AGEMOEA2-greedy_multi-UX to AGEMOEA2-random_dense-1P', 'Equivalence_Line_26: AGEMOEA2-greedy_multi-HUX to RVEA-greedy_multi-1P', 'Equivalence_Line_27: SMSEMOA-random_dense-2P to UNSGA3-random_dense-1P', 'Equivalence_Line_28: SPEA2-greedy_multi-2P to SPEA2-random_dense-2P', 'Equivalence_Line_29: SMSEMOA-greedy_ting-HUX to RVEA-greedy_multi-2P', 'Equivalence_Line_30: SPEA2-greedy_multi-1P to NSGA3-random_dense-1P', 'Equivalence_Line_31: SMSEMOA-greedy_ting-UX to SPEA2-greedy_ting-UX', 'Equivalence_Line_32: AGEMOEA2-random_dense-UX to SPEA2-greedy_ting-HUX', 'Equivalence_Line_33: AGEMOEA2-random_dense-HUX to SPEA2-random_dense-1P', 'Equivalence_Line_34: SMSEMOA-random_dense-1P to AGEMOEA2-greedy_ting-UX', 'Equivalence_Line_35: SPEA2-greedy_multi-UX to AGEMOEA2-greedy_ting-HUX', 'Equivalence_Line_36: SPEA2-greedy_multi-HUX to SMSEMOA-greedy_ting-2P', 'Equivalence_Line_37: NSGA2-greedy_ting-UX to RVEA-greedy_multi-UX', 'Equivalence_Line_38: NSGA2-greedy_ting-HUX to RVEA-greedy_multi-HUX', 'Equivalence_Line_39: UNSGA3-greedy_ting-HUX to SMSEMOA-greedy_ting-1P', 'Equivalence_Line_40: NSGA3-greedy_ting-UX to NSGA2-random_dense-2P', 'Equivalence_Line_41: NSGA3-greedy_ting-HUX to NSGA2-random_dense-1P', 'Equivalence_Line_42: SPEA2-random_dense-UX to RVEA-random_dense-HUX', 'Equivalence_Line_43: NSGA2-random_dense-UX to RVEA-random_dense-UX', 'Equivalence_Line_44: UNSGA3-greedy_ting-UX to UNSGA3-greedy_ting-2P', 'Equivalence_Line_45: SPEA2-random_dense-HUX to SPEA2-greedy_ting-1P', 'Equivalence_Line_46: NSGA3-random_dense-2P to RVEA-random_dense-2P', 'Equivalence_Line_47: AGEMOEA2-random_dense-2P to NSGA3-greedy_ting-2P', 'Equivalence_Line_48: NSGA2-random_dense-HUX to NSGA2-greedy_ting-2P', 'Equivalence_Line_49: UNSGA3-random_dense-2P to SPEA2-greedy_ting-2P', 'Equivalence_Line_50: AGEMOEA2-random_dense-1P to RVEA-random_dense-1P', 'Equivalence_Line_51: RVEA-greedy_multi-1P to UNSGA3-greedy_ting-1P', 'Equivalence_Line_52: UNSGA3-random_dense-1P to AGEMOEA2-greedy_ting-2P', 'Equivalence_Line_53: SPEA2-random_dense-2P to NSGA3-greedy_ting-1P', 'Equivalence_Line_54: RVEA-greedy_multi-2P to NSGA2-greedy_ting-1P', 'Equivalence_Line_55: NSGA3-random_dense-1P to RVEA-greedy_ting-HUX', 'Equivalence_Line_56: SPEA2-greedy_ting-UX to RVEA-greedy_ting-UX', 'Equivalence_Line_57: SPEA2-greedy_ting-HUX to AGEMOEA2-greedy_ting-1P', 'Equivalence_Line_58: SPEA2-random_dense-1P to RVEA-greedy_ting-2P', 'Equivalence_Line_59: AGEMOEA2-greedy_ting-UX to RVEA-greedy_ting-1P']"
UNSGA3-greedy_ting-1P,0.0258340709950713,"['Equivalence_Line_1: SMSEMOA-random_dense-HUX to AGEMOEA2-greedy_multi-HUX', 'Equivalence_Line_2: SMSEMOA-random_dense-UX to SMSEMOA-random_dense-2P', 'Equivalence_Line_3: SMSEMOA-greedy_multi-1P to SPEA2-greedy_multi-2P', 'Equivalence_Line_4: SMSEMOA-greedy_multi-2P to SMSEMOA-greedy_ting-HUX', 'Equivalence_Line_5: SMSEMOA-greedy_multi-HUX to SPEA2-greedy_multi-1P', 'Equivalence_Line_6: SMSEMOA-greedy_multi-UX to SMSEMOA-greedy_ting-UX', 'Equivalence_Line_7: NSGA3-greedy_multi-1P to AGEMOEA2-random_dense-UX', 'Equivalence_Line_8: UNSGA3-greedy_multi-2P to AGEMOEA2-random_dense-HUX', 'Equivalence_Line_9: NSGA3-greedy_multi-HUX to SMSEMOA-random_dense-1P', 'Equivalence_Line_10: UNSGA3-greedy_multi-UX to SPEA2-greedy_multi-UX', 'Equivalence_Line_11: UNSGA3-greedy_multi-HUX to SPEA2-greedy_multi-HUX', 'Equivalence_Line_12: NSGA3-greedy_multi-UX to NSGA2-greedy_ting-UX', 'Equivalence_Line_13: UNSGA3-greedy_multi-1P to NSGA2-greedy_ting-HUX', 'Equivalence_Line_14: NSGA2-greedy_multi-1P to UNSGA3-greedy_ting-HUX', 'Equivalence_Line_15: NSGA3-greedy_multi-2P to NSGA3-greedy_ting-UX', 'Equivalence_Line_16: NSGA2-greedy_multi-2P to NSGA3-greedy_ting-HUX', 'Equivalence_Line_17: NSGA3-random_dense-UX to SPEA2-random_dense-UX', 'Equivalence_Line_18: AGEMOEA2-greedy_multi-1P to NSGA2-random_dense-UX', 'Equivalence_Line_19: UNSGA3-random_dense-HUX to UNSGA3-greedy_ting-UX', 'Equivalence_Line_20: UNSGA3-random_dense-UX to SPEA2-random_dense-HUX', 'Equivalence_Line_21: NSGA3-random_dense-HUX to NSGA3-random_dense-2P', 'Equivalence_Line_22: AGEMOEA2-greedy_multi-2P to AGEMOEA2-random_dense-2P', 'Equivalence_Line_23: NSGA2-greedy_multi-HUX to NSGA2-random_dense-HUX', 'Equivalence_Line_24: NSGA2-greedy_multi-UX to UNSGA3-random_dense-2P', 'Equivalence_Line_25: AGEMOEA2-greedy_multi-UX to AGEMOEA2-random_dense-1P', 'Equivalence_Line_26: AGEMOEA2-greedy_multi-HUX to RVEA-greedy_multi-1P', 'Equivalence_Line_27: SMSEMOA-random_dense-2P to UNSGA3-random_dense-1P', 'Equivalence_Line_28: SPEA2-greedy_multi-2P to SPEA2-random_dense-2P', 'Equivalence_Line_29: SMSEMOA-greedy_ting-HUX to RVEA-greedy_multi-2P', 'Equivalence_Line_30: SPEA2-greedy_multi-1P to NSGA3-random_dense-1P', 'Equivalence_Line_31: SMSEMOA-greedy_ting-UX to SPEA2-greedy_ting-UX', 'Equivalence_Line_32: AGEMOEA2-random_dense-UX to SPEA2-greedy_ting-HUX', 'Equivalence_Line_33: AGEMOEA2-random_dense-HUX to SPEA2-random_dense-1P', 'Equivalence_Line_34: SMSEMOA-random_dense-1P to AGEMOEA2-greedy_ting-UX', 'Equivalence_Line_35: SPEA2-greedy_multi-UX to AGEMOEA2-greedy_ting-HUX', 'Equivalence_Line_36: SPEA2-greedy_multi-HUX to SMSEMOA-greedy_ting-2P', 'Equivalence_Line_37: NSGA2-greedy_ting-UX to RVEA-greedy_multi-UX', 'Equivalence_Line_38: NSGA2-greedy_ting-HUX to RVEA-greedy_multi-HUX', 'Equivalence_Line_39: UNSGA3-greedy_ting-HUX to SMSEMOA-greedy_ting-1P', 'Equivalence_Line_40: NSGA3-greedy_ting-UX to NSGA2-random_dense-2P', 'Equivalence_Line_41: NSGA3-greedy_ting-HUX to NSGA2-random_dense-1P', 'Equivalence_Line_42: SPEA2-random_dense-UX to RVEA-random_dense-HUX', 'Equivalence_Line_43: NSGA2-random_dense-UX to RVEA-random_dense-UX', 'Equivalence_Line_44: UNSGA3-greedy_ting-UX to UNSGA3-greedy_ting-2P', 'Equivalence_Line_45: SPEA2-random_dense-HUX to SPEA2-greedy_ting-1P', 'Equivalence_Line_46: NSGA3-random_dense-2P to RVEA-random_dense-2P', 'Equivalence_Line_47: AGEMOEA2-random_dense-2P to NSGA3-greedy_ting-2P', 'Equivalence_Line_48: NSGA2-random_dense-HUX to NSGA2-greedy_ting-2P', 'Equivalence_Line_49: UNSGA3-random_dense-2P to SPEA2-greedy_ting-2P', 'Equivalence_Line_50: AGEMOEA2-random_dense-1P to RVEA-random_dense-1P', 'Equivalence_Line_51: RVEA-greedy_multi-1P to UNSGA3-greedy_ting-1P', 'Equivalence_Line_52: UNSGA3-random_dense-1P to AGEMOEA2-greedy_ting-2P', 'Equivalence_Line_53: SPEA2-random_dense-2P to NSGA3-greedy_ting-1P', 'Equivalence_Line_54: RVEA-greedy_multi-2P to NSGA2-greedy_ting-1P', 'Equivalence_Line_55: NSGA3-random_dense-1P to RVEA-greedy_ting-HUX', 'Equivalence_Line_56: SPEA2-greedy_ting-UX to RVEA-greedy_ting-UX', 'Equivalence_Line_57: SPEA2-greedy_ting-HUX to AGEMOEA2-greedy_ting-1P', 'Equivalence_Line_58: SPEA2-random_dense-1P to RVEA-greedy_ting-2P', 'Equivalence_Line_59: AGEMOEA2-greedy_ting-UX to RVEA-greedy_ting-1P']"
AGEMOEA2-greedy_ting-2P,0.0260401681108209,"['Equivalence_Line_1: SMSEMOA-random_dense-HUX to AGEMOEA2-greedy_multi-HUX', 'Equivalence_Line_2: SMSEMOA-random_dense-UX to SMSEMOA-random_dense-2P', 'Equivalence_Line_3: SMSEMOA-greedy_multi-1P to SPEA2-greedy_multi-2P', 'Equivalence_Line_4: SMSEMOA-greedy_multi-2P to SMSEMOA-greedy_ting-HUX', 'Equivalence_Line_5: SMSEMOA-greedy_multi-HUX to SPEA2-greedy_multi-1P', 'Equivalence_Line_6: SMSEMOA-greedy_multi-UX to SMSEMOA-greedy_ting-UX', 'Equivalence_Line_7: NSGA3-greedy_multi-1P to AGEMOEA2-random_dense-UX', 'Equivalence_Line_8: UNSGA3-greedy_multi-2P to AGEMOEA2-random_dense-HUX', 'Equivalence_Line_9: NSGA3-greedy_multi-HUX to SMSEMOA-random_dense-1P', 'Equivalence_Line_10: UNSGA3-greedy_multi-UX to SPEA2-greedy_multi-UX', 'Equivalence_Line_11: UNSGA3-greedy_multi-HUX to SPEA2-greedy_multi-HUX', 'Equivalence_Line_12: NSGA3-greedy_multi-UX to NSGA2-greedy_ting-UX', 'Equivalence_Line_13: UNSGA3-greedy_multi-1P to NSGA2-greedy_ting-HUX', 'Equivalence_Line_14: NSGA2-greedy_multi-1P to UNSGA3-greedy_ting-HUX', 'Equivalence_Line_15: NSGA3-greedy_multi-2P to NSGA3-greedy_ting-UX', 'Equivalence_Line_16: NSGA2-greedy_multi-2P to NSGA3-greedy_ting-HUX', 'Equivalence_Line_17: NSGA3-random_dense-UX to SPEA2-random_dense-UX', 'Equivalence_Line_18: AGEMOEA2-greedy_multi-1P to NSGA2-random_dense-UX', 'Equivalence_Line_19: UNSGA3-random_dense-HUX to UNSGA3-greedy_ting-UX', 'Equivalence_Line_20: UNSGA3-random_dense-UX to SPEA2-random_dense-HUX', 'Equivalence_Line_21: NSGA3-random_dense-HUX to NSGA3-random_dense-2P', 'Equivalence_Line_22: AGEMOEA2-greedy_multi-2P to AGEMOEA2-random_dense-2P', 'Equivalence_Line_23: NSGA2-greedy_multi-HUX to NSGA2-random_dense-HUX', 'Equivalence_Line_24: NSGA2-greedy_multi-UX to UNSGA3-random_dense-2P', 'Equivalence_Line_25: AGEMOEA2-greedy_multi-UX to AGEMOEA2-random_dense-1P', 'Equivalence_Line_26: AGEMOEA2-greedy_multi-HUX to RVEA-greedy_multi-1P', 'Equivalence_Line_27: SMSEMOA-random_dense-2P to UNSGA3-random_dense-1P', 'Equivalence_Line_28: SPEA2-greedy_multi-2P to SPEA2-random_dense-2P', 'Equivalence_Line_29: SMSEMOA-greedy_ting-HUX to RVEA-greedy_multi-2P', 'Equivalence_Line_30: SPEA2-greedy_multi-1P to NSGA3-random_dense-1P', 'Equivalence_Line_31: SMSEMOA-greedy_ting-UX to SPEA2-greedy_ting-UX', 'Equivalence_Line_32: AGEMOEA2-random_dense-UX to SPEA2-greedy_ting-HUX', 'Equivalence_Line_33: AGEMOEA2-random_dense-HUX to SPEA2-random_dense-1P', 'Equivalence_Line_34: SMSEMOA-random_dense-1P to AGEMOEA2-greedy_ting-UX', 'Equivalence_Line_35: SPEA2-greedy_multi-UX to AGEMOEA2-greedy_ting-HUX', 'Equivalence_Line_36: SPEA2-greedy_multi-HUX to SMSEMOA-greedy_ting-2P', 'Equivalence_Line_37: NSGA2-greedy_ting-UX to RVEA-greedy_multi-UX', 'Equivalence_Line_38: NSGA2-greedy_ting-HUX to RVEA-greedy_multi-HUX', 'Equivalence_Line_39: UNSGA3-greedy_ting-HUX to SMSEMOA-greedy_ting-1P', 'Equivalence_Line_40: NSGA3-greedy_ting-UX to NSGA2-random_dense-2P', 'Equivalence_Line_41: NSGA3-greedy_ting-HUX to NSGA2-random_dense-1P', 'Equivalence_Line_42: SPEA2-random_dense-UX to RVEA-random_dense-HUX', 'Equivalence_Line_43: NSGA2-random_dense-UX to RVEA-random_dense-UX', 'Equivalence_Line_44: UNSGA3-greedy_ting-UX to UNSGA3-greedy_ting-2P', 'Equivalence_Line_45: SPEA2-random_dense-HUX to SPEA2-greedy_ting-1P', 'Equivalence_Line_46: NSGA3-random_dense-2P to RVEA-random_dense-2P', 'Equivalence_Line_47: AGEMOEA2-random_dense-2P to NSGA3-greedy_ting-2P', 'Equivalence_Line_48: NSGA2-random_dense-HUX to NSGA2-greedy_ting-2P', 'Equivalence_Line_49: UNSGA3-random_dense-2P to SPEA2-greedy_ting-2P', 'Equivalence_Line_50: AGEMOEA2-random_dense-1P to RVEA-random_dense-1P', 'Equivalence_Line_51: RVEA-greedy_multi-1P to UNSGA3-greedy_ting-1P', 'Equivalence_Line_52: UNSGA3-random_dense-1P to AGEMOEA2-greedy_ting-2P', 'Equivalence_Line_53: SPEA2-random_dense-2P to NSGA3-greedy_ting-1P', 'Equivalence_Line_54: RVEA-greedy_multi-2P to NSGA2-greedy_ting-1P', 'Equivalence_Line_55: NSGA3-random_dense-1P to RVEA-greedy_ting-HUX', 'Equivalence_Line_56: SPEA2-greedy_ting-UX to RVEA-greedy_ting-UX', 'Equivalence_Line_57: SPEA2-greedy_ting-HUX to AGEMOEA2-greedy_ting-1P', 'Equivalence_Line_58: SPEA2-random_dense-1P to RVEA-greedy_ting-2P', 'Equivalence_Line_59: AGEMOEA2-greedy_ting-UX to RVEA-greedy_ting-1P']"
NSGA3-greedy_ting-1P,0.0263128473795585,"['Equivalence_Line_1: SMSEMOA-random_dense-HUX to AGEMOEA2-greedy_multi-HUX', 'Equivalence_Line_2: SMSEMOA-random_dense-UX to SMSEMOA-random_dense-2P', 'Equivalence_Line_3: SMSEMOA-greedy_multi-1P to SPEA2-greedy_multi-2P', 'Equivalence_Line_4: SMSEMOA-greedy_multi-2P to SMSEMOA-greedy_ting-HUX', 'Equivalence_Line_5: SMSEMOA-greedy_multi-HUX to SPEA2-greedy_multi-1P', 'Equivalence_Line_6: SMSEMOA-greedy_multi-UX to SMSEMOA-greedy_ting-UX', 'Equivalence_Line_7: NSGA3-greedy_multi-1P to AGEMOEA2-random_dense-UX', 'Equivalence_Line_8: UNSGA3-greedy_multi-2P to AGEMOEA2-random_dense-HUX', 'Equivalence_Line_9: NSGA3-greedy_multi-HUX to SMSEMOA-random_dense-1P', 'Equivalence_Line_10: UNSGA3-greedy_multi-UX to SPEA2-greedy_multi-UX', 'Equivalence_Line_11: UNSGA3-greedy_multi-HUX to SPEA2-greedy_multi-HUX', 'Equivalence_Line_12: NSGA3-greedy_multi-UX to NSGA2-greedy_ting-UX', 'Equivalence_Line_13: UNSGA3-greedy_multi-1P to NSGA2-greedy_ting-HUX', 'Equivalence_Line_14: NSGA2-greedy_multi-1P to UNSGA3-greedy_ting-HUX', 'Equivalence_Line_15: NSGA3-greedy_multi-2P to NSGA3-greedy_ting-UX', 'Equivalence_Line_16: NSGA2-greedy_multi-2P to NSGA3-greedy_ting-HUX', 'Equivalence_Line_17: NSGA3-random_dense-UX to SPEA2-random_dense-UX', 'Equivalence_Line_18: AGEMOEA2-greedy_multi-1P to NSGA2-random_dense-UX', 'Equivalence_Line_19: UNSGA3-random_dense-HUX to UNSGA3-greedy_ting-UX', 'Equivalence_Line_20: UNSGA3-random_dense-UX to SPEA2-random_dense-HUX', 'Equivalence_Line_21: NSGA3-random_dense-HUX to NSGA3-random_dense-2P', 'Equivalence_Line_22: AGEMOEA2-greedy_multi-2P to AGEMOEA2-random_dense-2P', 'Equivalence_Line_23: NSGA2-greedy_multi-HUX to NSGA2-random_dense-HUX', 'Equivalence_Line_24: NSGA2-greedy_multi-UX to UNSGA3-random_dense-2P', 'Equivalence_Line_25: AGEMOEA2-greedy_multi-UX to AGEMOEA2-random_dense-1P', 'Equivalence_Line_26: AGEMOEA2-greedy_multi-HUX to RVEA-greedy_multi-1P', 'Equivalence_Line_27: SMSEMOA-random_dense-2P to UNSGA3-random_dense-1P', 'Equivalence_Line_28: SPEA2-greedy_multi-2P to SPEA2-random_dense-2P', 'Equivalence_Line_29: SMSEMOA-greedy_ting-HUX to RVEA-greedy_multi-2P', 'Equivalence_Line_30: SPEA2-greedy_multi-1P to NSGA3-random_dense-1P', 'Equivalence_Line_31: SMSEMOA-greedy_ting-UX to SPEA2-greedy_ting-UX', 'Equivalence_Line_32: AGEMOEA2-random_dense-UX to SPEA2-greedy_ting-HUX', 'Equivalence_Line_33: AGEMOEA2-random_dense-HUX to SPEA2-random_dense-1P', 'Equivalence_Line_34: SMSEMOA-random_dense-1P to AGEMOEA2-greedy_ting-UX', 'Equivalence_Line_35: SPEA2-greedy_multi-UX to AGEMOEA2-greedy_ting-HUX', 'Equivalence_Line_36: SPEA2-greedy_multi-HUX to SMSEMOA-greedy_ting-2P', 'Equivalence_Line_37: NSGA2-greedy_ting-UX to RVEA-greedy_multi-UX', 'Equivalence_Line_38: NSGA2-greedy_ting-HUX to RVEA-greedy_multi-HUX', 'Equivalence_Line_39: UNSGA3-greedy_ting-HUX to SMSEMOA-greedy_ting-1P', 'Equivalence_Line_40: NSGA3-greedy_ting-UX to NSGA2-random_dense-2P', 'Equivalence_Line_41: NSGA3-greedy_ting-HUX to NSGA2-random_dense-1P', 'Equivalence_Line_42: SPEA2-random_dense-UX to RVEA-random_dense-HUX', 'Equivalence_Line_43: NSGA2-random_dense-UX to RVEA-random_dense-UX', 'Equivalence_Line_44: UNSGA3-greedy_ting-UX to UNSGA3-greedy_ting-2P', 'Equivalence_Line_45: SPEA2-random_dense-HUX to SPEA2-greedy_ting-1P', 'Equivalence_Line_46: NSGA3-random_dense-2P to RVEA-random_dense-2P', 'Equivalence_Line_47: AGEMOEA2-random_dense-2P to NSGA3-greedy_ting-2P', 'Equivalence_Line_48: NSGA2-random_dense-HUX to NSGA2-greedy_ting-2P', 'Equivalence_Line_49: UNSGA3-random_dense-2P to SPEA2-greedy_ting-2P', 'Equivalence_Line_50: AGEMOEA2-random_dense-1P to RVEA-random_dense-1P', 'Equivalence_Line_51: RVEA-greedy_multi-1P to UNSGA3-greedy_ting-1P', 'Equivalence_Line_52: UNSGA3-random_dense-1P to AGEMOEA2-greedy_ting-2P', 'Equivalence_Line_53: SPEA2-random_dense-2P to NSGA3-greedy_ting-1P', 'Equivalence_Line_54: RVEA-greedy_multi-2P to NSGA2-greedy_ting-1P', 'Equivalence_Line_55: NSGA3-random_dense-1P to RVEA-greedy_ting-HUX', 'Equivalence_Line_56: SPEA2-greedy_ting-UX to RVEA-greedy_ting-UX', 'Equivalence_Line_57: SPEA2-greedy_ting-HUX to AGEMOEA2-greedy_ting-1P', 'Equivalence_Line_58: SPEA2-random_dense-1P to RVEA-greedy_ting-2P', 'Equivalence_Line_59: AGEMOEA2-greedy_ting-UX to RVEA-greedy_ting-1P']"
NSGA2-greedy_ting-1P,0.0272525999578512,"['Equivalence_Line_1: SMSEMOA-random_dense-HUX to AGEMOEA2-greedy_multi-HUX', 'Equivalence_Line_2: SMSEMOA-random_dense-UX to SMSEMOA-random_dense-2P', 'Equivalence_Line_3: SMSEMOA-greedy_multi-1P to SPEA2-greedy_multi-2P', 'Equivalence_Line_4: SMSEMOA-greedy_multi-2P to SMSEMOA-greedy_ting-HUX', 'Equivalence_Line_5: SMSEMOA-greedy_multi-HUX to SPEA2-greedy_multi-1P', 'Equivalence_Line_6: SMSEMOA-greedy_multi-UX to SMSEMOA-greedy_ting-UX', 'Equivalence_Line_7: NSGA3-greedy_multi-1P to AGEMOEA2-random_dense-UX', 'Equivalence_Line_8: UNSGA3-greedy_multi-2P to AGEMOEA2-random_dense-HUX', 'Equivalence_Line_9: NSGA3-greedy_multi-HUX to SMSEMOA-random_dense-1P', 'Equivalence_Line_10: UNSGA3-greedy_multi-UX to SPEA2-greedy_multi-UX', 'Equivalence_Line_11: UNSGA3-greedy_multi-HUX to SPEA2-greedy_multi-HUX', 'Equivalence_Line_12: NSGA3-greedy_multi-UX to NSGA2-greedy_ting-UX', 'Equivalence_Line_13: UNSGA3-greedy_multi-1P to NSGA2-greedy_ting-HUX', 'Equivalence_Line_14: NSGA2-greedy_multi-1P to UNSGA3-greedy_ting-HUX', 'Equivalence_Line_15: NSGA3-greedy_multi-2P to NSGA3-greedy_ting-UX', 'Equivalence_Line_16: NSGA2-greedy_multi-2P to NSGA3-greedy_ting-HUX', 'Equivalence_Line_17: NSGA3-random_dense-UX to SPEA2-random_dense-UX', 'Equivalence_Line_18: AGEMOEA2-greedy_multi-1P to NSGA2-random_dense-UX', 'Equivalence_Line_19: UNSGA3-random_dense-HUX to UNSGA3-greedy_ting-UX', 'Equivalence_Line_20: UNSGA3-random_dense-UX to SPEA2-random_dense-HUX', 'Equivalence_Line_21: NSGA3-random_dense-HUX to NSGA3-random_dense-2P', 'Equivalence_Line_22: AGEMOEA2-greedy_multi-2P to AGEMOEA2-random_dense-2P', 'Equivalence_Line_23: NSGA2-greedy_multi-HUX to NSGA2-random_dense-HUX', 'Equivalence_Line_24: NSGA2-greedy_multi-UX to UNSGA3-random_dense-2P', 'Equivalence_Line_25: AGEMOEA2-greedy_multi-UX to AGEMOEA2-random_dense-1P', 'Equivalence_Line_26: AGEMOEA2-greedy_multi-HUX to RVEA-greedy_multi-1P', 'Equivalence_Line_27: SMSEMOA-random_dense-2P to UNSGA3-random_dense-1P', 'Equivalence_Line_28: SPEA2-greedy_multi-2P to SPEA2-random_dense-2P', 'Equivalence_Line_29: SMSEMOA-greedy_ting-HUX to RVEA-greedy_multi-2P', 'Equivalence_Line_30: SPEA2-greedy_multi-1P to NSGA3-random_dense-1P', 'Equivalence_Line_31: SMSEMOA-greedy_ting-UX to SPEA2-greedy_ting-UX', 'Equivalence_Line_32: AGEMOEA2-random_dense-UX to SPEA2-greedy_ting-HUX', 'Equivalence_Line_33: AGEMOEA2-random_dense-HUX to SPEA2-random_dense-1P', 'Equivalence_Line_34: SMSEMOA-random_dense-1P to AGEMOEA2-greedy_ting-UX', 'Equivalence_Line_35: SPEA2-greedy_multi-UX to AGEMOEA2-greedy_ting-HUX', 'Equivalence_Line_36: SPEA2-greedy_multi-HUX to SMSEMOA-greedy_ting-2P', 'Equivalence_Line_37: NSGA2-greedy_ting-UX to RVEA-greedy_multi-UX', 'Equivalence_Line_38: NSGA2-greedy_ting-HUX to RVEA-greedy_multi-HUX', 'Equivalence_Line_39: UNSGA3-greedy_ting-HUX to SMSEMOA-greedy_ting-1P', 'Equivalence_Line_40: NSGA3-greedy_ting-UX to NSGA2-random_dense-2P', 'Equivalence_Line_41: NSGA3-greedy_ting-HUX to NSGA2-random_dense-1P', 'Equivalence_Line_42: SPEA2-random_dense-UX to RVEA-random_dense-HUX', 'Equivalence_Line_43: NSGA2-random_dense-UX to RVEA-random_dense-UX', 'Equivalence_Line_44: UNSGA3-greedy_ting-UX to UNSGA3-greedy_ting-2P', 'Equivalence_Line_45: SPEA2-random_dense-HUX to SPEA2-greedy_ting-1P', 'Equivalence_Line_46: NSGA3-random_dense-2P to RVEA-random_dense-2P', 'Equivalence_Line_47: AGEMOEA2-random_dense-2P to NSGA3-greedy_ting-2P', 'Equivalence_Line_48: NSGA2-random_dense-HUX to NSGA2-greedy_ting-2P', 'Equivalence_Line_49: UNSGA3-random_dense-2P to SPEA2-greedy_ting-2P', 'Equivalence_Line_50: AGEMOEA2-random_dense-1P to RVEA-random_dense-1P', 'Equivalence_Line_51: RVEA-greedy_multi-1P to UNSGA3-greedy_ting-1P', 'Equivalence_Line_52: UNSGA3-random_dense-1P to AGEMOEA2-greedy_ting-2P', 'Equivalence_Line_53: SPEA2-random_dense-2P to NSGA3-greedy_ting-1P', 'Equivalence_Line_54: RVEA-greedy_multi-2P to NSGA2-greedy_ting-1P', 'Equivalence_Line_55: NSGA3-random_dense-1P to RVEA-greedy_ting-HUX', 'Equivalence_Line_56: SPEA2-greedy_ting-UX to RVEA-greedy_ting-UX', 'Equivalence_Line_57: SPEA2-greedy_ting-HUX to AGEMOEA2-greedy_ting-1P', 'Equivalence_Line_58: SPEA2-random_dense-1P to RVEA-greedy_ting-2P', 'Equivalence_Line_59: AGEMOEA2-greedy_ting-UX to RVEA-greedy_ting-1P']"
RVEA-greedy_ting-HUX,0.0274845571914322,"['Equivalence_Line_1: SMSEMOA-random_dense-HUX to AGEMOEA2-greedy_multi-HUX', 'Equivalence_Line_2: SMSEMOA-random_dense-UX to SMSEMOA-random_dense-2P', 'Equivalence_Line_3: SMSEMOA-greedy_multi-1P to SPEA2-greedy_multi-2P', 'Equivalence_Line_4: SMSEMOA-greedy_multi-2P to SMSEMOA-greedy_ting-HUX', 'Equivalence_Line_5: SMSEMOA-greedy_multi-HUX to SPEA2-greedy_multi-1P', 'Equivalence_Line_6: SMSEMOA-greedy_multi-UX to SMSEMOA-greedy_ting-UX', 'Equivalence_Line_7: NSGA3-greedy_multi-1P to AGEMOEA2-random_dense-UX', 'Equivalence_Line_8: UNSGA3-greedy_multi-2P to AGEMOEA2-random_dense-HUX', 'Equivalence_Line_9: NSGA3-greedy_multi-HUX to SMSEMOA-random_dense-1P', 'Equivalence_Line_10: UNSGA3-greedy_multi-UX to SPEA2-greedy_multi-UX', 'Equivalence_Line_11: UNSGA3-greedy_multi-HUX to SPEA2-greedy_multi-HUX', 'Equivalence_Line_12: NSGA3-greedy_multi-UX to NSGA2-greedy_ting-UX', 'Equivalence_Line_13: UNSGA3-greedy_multi-1P to NSGA2-greedy_ting-HUX', 'Equivalence_Line_14: NSGA2-greedy_multi-1P to UNSGA3-greedy_ting-HUX', 'Equivalence_Line_15: NSGA3-greedy_multi-2P to NSGA3-greedy_ting-UX', 'Equivalence_Line_16: NSGA2-greedy_multi-2P to NSGA3-greedy_ting-HUX', 'Equivalence_Line_17: NSGA3-random_dense-UX to SPEA2-random_dense-UX', 'Equivalence_Line_18: AGEMOEA2-greedy_multi-1P to NSGA2-random_dense-UX', 'Equivalence_Line_19: UNSGA3-random_dense-HUX to UNSGA3-greedy_ting-UX', 'Equivalence_Line_20: UNSGA3-random_dense-UX to SPEA2-random_dense-HUX', 'Equivalence_Line_21: NSGA3-random_dense-HUX to NSGA3-random_dense-2P', 'Equivalence_Line_22: AGEMOEA2-greedy_multi-2P to AGEMOEA2-random_dense-2P', 'Equivalence_Line_23: NSGA2-greedy_multi-HUX to NSGA2-random_dense-HUX', 'Equivalence_Line_24: NSGA2-greedy_multi-UX to UNSGA3-random_dense-2P', 'Equivalence_Line_25: AGEMOEA2-greedy_multi-UX to AGEMOEA2-random_dense-1P', 'Equivalence_Line_26: AGEMOEA2-greedy_multi-HUX to RVEA-greedy_multi-1P', 'Equivalence_Line_27: SMSEMOA-random_dense-2P to UNSGA3-random_dense-1P', 'Equivalence_Line_28: SPEA2-greedy_multi-2P to SPEA2-random_dense-2P', 'Equivalence_Line_29: SMSEMOA-greedy_ting-HUX to RVEA-greedy_multi-2P', 'Equivalence_Line_30: SPEA2-greedy_multi-1P to NSGA3-random_dense-1P', 'Equivalence_Line_31: SMSEMOA-greedy_ting-UX to SPEA2-greedy_ting-UX', 'Equivalence_Line_32: AGEMOEA2-random_dense-UX to SPEA2-greedy_ting-HUX', 'Equivalence_Line_33: AGEMOEA2-random_dense-HUX to SPEA2-random_dense-1P', 'Equivalence_Line_34: SMSEMOA-random_dense-1P to AGEMOEA2-greedy_ting-UX', 'Equivalence_Line_35: SPEA2-greedy_multi-UX to AGEMOEA2-greedy_ting-HUX', 'Equivalence_Line_36: SPEA2-greedy_multi-HUX to SMSEMOA-greedy_ting-2P', 'Equivalence_Line_37: NSGA2-greedy_ting-UX to RVEA-greedy_multi-UX', 'Equivalence_Line_38: NSGA2-greedy_ting-HUX to RVEA-greedy_multi-HUX', 'Equivalence_Line_39: UNSGA3-greedy_ting-HUX to SMSEMOA-greedy_ting-1P', 'Equivalence_Line_40: NSGA3-greedy_ting-UX to NSGA2-random_dense-2P', 'Equivalence_Line_41: NSGA3-greedy_ting-HUX to NSGA2-random_dense-1P', 'Equivalence_Line_42: SPEA2-random_dense-UX to RVEA-random_dense-HUX', 'Equivalence_Line_43: NSGA2-random_dense-UX to RVEA-random_dense-UX', 'Equivalence_Line_44: UNSGA3-greedy_ting-UX to UNSGA3-greedy_ting-2P', 'Equivalence_Line_45: SPEA2-random_dense-HUX to SPEA2-greedy_ting-1P', 'Equivalence_Line_46: NSGA3-random_dense-2P to RVEA-random_dense-2P', 'Equivalence_Line_47: AGEMOEA2-random_dense-2P to NSGA3-greedy_ting-2P', 'Equivalence_Line_48: NSGA2-random_dense-HUX to NSGA2-greedy_ting-2P', 'Equivalence_Line_49: UNSGA3-random_dense-2P to SPEA2-greedy_ting-2P', 'Equivalence_Line_50: AGEMOEA2-random_dense-1P to RVEA-random_dense-1P', 'Equivalence_Line_51: RVEA-greedy_multi-1P to UNSGA3-greedy_ting-1P', 'Equivalence_Line_52: UNSGA3-random_dense-1P to AGEMOEA2-greedy_ting-2P', 'Equivalence_Line_53: SPEA2-random_dense-2P to NSGA3-greedy_ting-1P', 'Equivalence_Line_54: RVEA-greedy_multi-2P to NSGA2-greedy_ting-1P', 'Equivalence_Line_55: NSGA3-random_dense-1P to RVEA-greedy_ting-HUX', 'Equivalence_Line_56: SPEA2-greedy_ting-UX to RVEA-greedy_ting-UX', 'Equivalence_Line_57: SPEA2-greedy_ting-HUX to AGEMOEA2-greedy_ting-1P', 'Equivalence_Line_58: SPEA2-random_dense-1P to RVEA-greedy_ting-2P', 'Equivalence_Line_59: AGEMOEA2-greedy_ting-UX to RVEA-greedy_ting-1P']"
RVEA-greedy_ting-UX,0.0279894498204574,"['Equivalence_Line_1: SMSEMOA-random_dense-HUX to AGEMOEA2-greedy_multi-HUX', 'Equivalence_Line_2: SMSEMOA-random_dense-UX to SMSEMOA-random_dense-2P', 'Equivalence_Line_3: SMSEMOA-greedy_multi-1P to SPEA2-greedy_multi-2P', 'Equivalence_Line_4: SMSEMOA-greedy_multi-2P to SMSEMOA-greedy_ting-HUX', 'Equivalence_Line_5: SMSEMOA-greedy_multi-HUX to SPEA2-greedy_multi-1P', 'Equivalence_Line_6: SMSEMOA-greedy_multi-UX to SMSEMOA-greedy_ting-UX', 'Equivalence_Line_7: NSGA3-greedy_multi-1P to AGEMOEA2-random_dense-UX', 'Equivalence_Line_8: UNSGA3-greedy_multi-2P to AGEMOEA2-random_dense-HUX', 'Equivalence_Line_9: NSGA3-greedy_multi-HUX to SMSEMOA-random_dense-1P', 'Equivalence_Line_10: UNSGA3-greedy_multi-UX to SPEA2-greedy_multi-UX', 'Equivalence_Line_11: UNSGA3-greedy_multi-HUX to SPEA2-greedy_multi-HUX', 'Equivalence_Line_12: NSGA3-greedy_multi-UX to NSGA2-greedy_ting-UX', 'Equivalence_Line_13: UNSGA3-greedy_multi-1P to NSGA2-greedy_ting-HUX', 'Equivalence_Line_14: NSGA2-greedy_multi-1P to UNSGA3-greedy_ting-HUX', 'Equivalence_Line_15: NSGA3-greedy_multi-2P to NSGA3-greedy_ting-UX', 'Equivalence_Line_16: NSGA2-greedy_multi-2P to NSGA3-greedy_ting-HUX', 'Equivalence_Line_17: NSGA3-random_dense-UX to SPEA2-random_dense-UX', 'Equivalence_Line_18: AGEMOEA2-greedy_multi-1P to NSGA2-random_dense-UX', 'Equivalence_Line_19: UNSGA3-random_dense-HUX to UNSGA3-greedy_ting-UX', 'Equivalence_Line_20: UNSGA3-random_dense-UX to SPEA2-random_dense-HUX', 'Equivalence_Line_21: NSGA3-random_dense-HUX to NSGA3-random_dense-2P', 'Equivalence_Line_22: AGEMOEA2-greedy_multi-2P to AGEMOEA2-random_dense-2P', 'Equivalence_Line_23: NSGA2-greedy_multi-HUX to NSGA2-random_dense-HUX', 'Equivalence_Line_24: NSGA2-greedy_multi-UX to UNSGA3-random_dense-2P', 'Equivalence_Line_25: AGEMOEA2-greedy_multi-UX to AGEMOEA2-random_dense-1P', 'Equivalence_Line_26: AGEMOEA2-greedy_multi-HUX to RVEA-greedy_multi-1P', 'Equivalence_Line_27: SMSEMOA-random_dense-2P to UNSGA3-random_dense-1P', 'Equivalence_Line_28: SPEA2-greedy_multi-2P to SPEA2-random_dense-2P', 'Equivalence_Line_29: SMSEMOA-greedy_ting-HUX to RVEA-greedy_multi-2P', 'Equivalence_Line_30: SPEA2-greedy_multi-1P to NSGA3-random_dense-1P', 'Equivalence_Line_31: SMSEMOA-greedy_ting-UX to SPEA2-greedy_ting-UX', 'Equivalence_Line_32: AGEMOEA2-random_dense-UX to SPEA2-greedy_ting-HUX', 'Equivalence_Line_33: AGEMOEA2-random_dense-HUX to SPEA2-random_dense-1P', 'Equivalence_Line_34: SMSEMOA-random_dense-1P to AGEMOEA2-greedy_ting-UX', 'Equivalence_Line_35: SPEA2-greedy_multi-UX to AGEMOEA2-greedy_ting-HUX', 'Equivalence_Line_36: SPEA2-greedy_multi-HUX to SMSEMOA-greedy_ting-2P', 'Equivalence_Line_37: NSGA2-greedy_ting-UX to RVEA-greedy_multi-UX', 'Equivalence_Line_38: NSGA2-greedy_ting-HUX to RVEA-greedy_multi-HUX', 'Equivalence_Line_39: UNSGA3-greedy_ting-HUX to SMSEMOA-greedy_ting-1P', 'Equivalence_Line_40: NSGA3-greedy_ting-UX to NSGA2-random_dense-2P', 'Equivalence_Line_41: NSGA3-greedy_ting-HUX to NSGA2-random_dense-1P', 'Equivalence_Line_42: SPEA2-random_dense-UX to RVEA-random_dense-HUX', 'Equivalence_Line_43: NSGA2-random_dense-UX to RVEA-random_dense-UX', 'Equivalence_Line_44: UNSGA3-greedy_ting-UX to UNSGA3-greedy_ting-2P', 'Equivalence_Line_45: SPEA2-random_dense-HUX to SPEA2-greedy_ting-1P', 'Equivalence_Line_46: NSGA3-random_dense-2P to RVEA-random_dense-2P', 'Equivalence_Line_47: AGEMOEA2-random_dense-2P to NSGA3-greedy_ting-2P', 'Equivalence_Line_48: NSGA2-random_dense-HUX to NSGA2-greedy_ting-2P', 'Equivalence_Line_49: UNSGA3-random_dense-2P to SPEA2-greedy_ting-2P', 'Equivalence_Line_50: AGEMOEA2-random_dense-1P to RVEA-random_dense-1P', 'Equivalence_Line_51: RVEA-greedy_multi-1P to UNSGA3-greedy_ting-1P', 'Equivalence_Line_52: UNSGA3-random_dense-1P to AGEMOEA2-greedy_ting-2P', 'Equivalence_Line_53: SPEA2-random_dense-2P to NSGA3-greedy_ting-1P', 'Equivalence_Line_54: RVEA-greedy_multi-2P to NSGA2-greedy_ting-1P', 'Equivalence_Line_55: NSGA3-random_dense-1P to RVEA-greedy_ting-HUX', 'Equivalence_Line_56: SPEA2-greedy_ting-UX to RVEA-greedy_ting-UX', 'Equivalence_Line_57: SPEA2-greedy_ting-HUX to AGEMOEA2-greedy_ting-1P', 'Equivalence_Line_58: SPEA2-random_dense-1P to RVEA-greedy_ting-2P', 'Equivalence_Line_59: AGEMOEA2-greedy_ting-UX to RVEA-greedy_ting-1P']"
AGEMOEA2-greedy_ting-1P,0.0288127522671918,"['Equivalence_Line_1: SMSEMOA-random_dense-HUX to AGEMOEA2-greedy_multi-HUX', 'Equivalence_Line_2: SMSEMOA-random_dense-UX to SMSEMOA-random_dense-2P', 'Equivalence_Line_3: SMSEMOA-greedy_multi-1P to SPEA2-greedy_multi-2P', 'Equivalence_Line_4: SMSEMOA-greedy_multi-2P to SMSEMOA-greedy_ting-HUX', 'Equivalence_Line_5: SMSEMOA-greedy_multi-HUX to SPEA2-greedy_multi-1P', 'Equivalence_Line_6: SMSEMOA-greedy_multi-UX to SMSEMOA-greedy_ting-UX', 'Equivalence_Line_7: NSGA3-greedy_multi-1P to AGEMOEA2-random_dense-UX', 'Equivalence_Line_8: UNSGA3-greedy_multi-2P to AGEMOEA2-random_dense-HUX', 'Equivalence_Line_9: NSGA3-greedy_multi-HUX to SMSEMOA-random_dense-1P', 'Equivalence_Line_10: UNSGA3-greedy_multi-UX to SPEA2-greedy_multi-UX', 'Equivalence_Line_11: UNSGA3-greedy_multi-HUX to SPEA2-greedy_multi-HUX', 'Equivalence_Line_12: NSGA3-greedy_multi-UX to NSGA2-greedy_ting-UX', 'Equivalence_Line_13: UNSGA3-greedy_multi-1P to NSGA2-greedy_ting-HUX', 'Equivalence_Line_14: NSGA2-greedy_multi-1P to UNSGA3-greedy_ting-HUX', 'Equivalence_Line_15: NSGA3-greedy_multi-2P to NSGA3-greedy_ting-UX', 'Equivalence_Line_16: NSGA2-greedy_multi-2P to NSGA3-greedy_ting-HUX', 'Equivalence_Line_17: NSGA3-random_dense-UX to SPEA2-random_dense-UX', 'Equivalence_Line_18: AGEMOEA2-greedy_multi-1P to NSGA2-random_dense-UX', 'Equivalence_Line_19: UNSGA3-random_dense-HUX to UNSGA3-greedy_ting-UX', 'Equivalence_Line_20: UNSGA3-random_dense-UX to SPEA2-random_dense-HUX', 'Equivalence_Line_21: NSGA3-random_dense-HUX to NSGA3-random_dense-2P', 'Equivalence_Line_22: AGEMOEA2-greedy_multi-2P to AGEMOEA2-random_dense-2P', 'Equivalence_Line_23: NSGA2-greedy_multi-HUX to NSGA2-random_dense-HUX', 'Equivalence_Line_24: NSGA2-greedy_multi-UX to UNSGA3-random_dense-2P', 'Equivalence_Line_25: AGEMOEA2-greedy_multi-UX to AGEMOEA2-random_dense-1P', 'Equivalence_Line_26: AGEMOEA2-greedy_multi-HUX to RVEA-greedy_multi-1P', 'Equivalence_Line_27: SMSEMOA-random_dense-2P to UNSGA3-random_dense-1P', 'Equivalence_Line_28: SPEA2-greedy_multi-2P to SPEA2-random_dense-2P', 'Equivalence_Line_29: SMSEMOA-greedy_ting-HUX to RVEA-greedy_multi-2P', 'Equivalence_Line_30: SPEA2-greedy_multi-1P to NSGA3-random_dense-1P', 'Equivalence_Line_31: SMSEMOA-greedy_ting-UX to SPEA2-greedy_ting-UX', 'Equivalence_Line_32: AGEMOEA2-random_dense-UX to SPEA2-greedy_ting-HUX', 'Equivalence_Line_33: AGEMOEA2-random_dense-HUX to SPEA2-random_dense-1P', 'Equivalence_Line_34: SMSEMOA-random_dense-1P to AGEMOEA2-greedy_ting-UX', 'Equivalence_Line_35: SPEA2-greedy_multi-UX to AGEMOEA2-greedy_ting-HUX', 'Equivalence_Line_36: SPEA2-greedy_multi-HUX to SMSEMOA-greedy_ting-2P', 'Equivalence_Line_37: NSGA2-greedy_ting-UX to RVEA-greedy_multi-UX', 'Equivalence_Line_38: NSGA2-greedy_ting-HUX to RVEA-greedy_multi-HUX', 'Equivalence_Line_39: UNSGA3-greedy_ting-HUX to SMSEMOA-greedy_ting-1P', 'Equivalence_Line_40: NSGA3-greedy_ting-UX to NSGA2-random_dense-2P', 'Equivalence_Line_41: NSGA3-greedy_ting-HUX to NSGA2-random_dense-1P', 'Equivalence_Line_42: SPEA2-random_dense-UX to RVEA-random_dense-HUX', 'Equivalence_Line_43: NSGA2-random_dense-UX to RVEA-random_dense-UX', 'Equivalence_Line_44: UNSGA3-greedy_ting-UX to UNSGA3-greedy_ting-2P', 'Equivalence_Line_45: SPEA2-random_dense-HUX to SPEA2-greedy_ting-1P', 'Equivalence_Line_46: NSGA3-random_dense-2P to RVEA-random_dense-2P', 'Equivalence_Line_47: AGEMOEA2-random_dense-2P to NSGA3-greedy_ting-2P', 'Equivalence_Line_48: NSGA2-random_dense-HUX to NSGA2-greedy_ting-2P', 'Equivalence_Line_49: UNSGA3-random_dense-2P to SPEA2-greedy_ting-2P', 'Equivalence_Line_50: AGEMOEA2-random_dense-1P to RVEA-random_dense-1P', 'Equivalence_Line_51: RVEA-greedy_multi-1P to UNSGA3-greedy_ting-1P', 'Equivalence_Line_52: UNSGA3-random_dense-1P to AGEMOEA2-greedy_ting-2P', 'Equivalence_Line_53: SPEA2-random_dense-2P to NSGA3-greedy_ting-1P', 'Equivalence_Line_54: RVEA-greedy_multi-2P to NSGA2-greedy_ting-1P', 'Equivalence_Line_55: NSGA3-random_dense-1P to RVEA-greedy_ting-HUX', 'Equivalence_Line_56: SPEA2-greedy_ting-UX to RVEA-greedy_ting-UX', 'Equivalence_Line_57: SPEA2-greedy_ting-HUX to AGEMOEA2-greedy_ting-1P', 'Equivalence_Line_58: SPEA2-random_dense-1P to RVEA-greedy_ting-2P', 'Equivalence_Line_59: AGEMOEA2-greedy_ting-UX to RVEA-greedy_ting-1P']"
RVEA-greedy_ting-2P,0.0534026522340432,"['Equivalence_Line_1: SMSEMOA-random_dense-HUX to AGEMOEA2-greedy_multi-HUX', 'Equivalence_Line_2: SMSEMOA-random_dense-UX to SMSEMOA-random_dense-2P', 'Equivalence_Line_3: SMSEMOA-greedy_multi-1P to SPEA2-greedy_multi-2P', 'Equivalence_Line_4: SMSEMOA-greedy_multi-2P to SMSEMOA-greedy_ting-HUX', 'Equivalence_Line_5: SMSEMOA-greedy_multi-HUX to SPEA2-greedy_multi-1P', 'Equivalence_Line_6: SMSEMOA-greedy_multi-UX to SMSEMOA-greedy_ting-UX', 'Equivalence_Line_7: NSGA3-greedy_multi-1P to AGEMOEA2-random_dense-UX', 'Equivalence_Line_8: UNSGA3-greedy_multi-2P to AGEMOEA2-random_dense-HUX', 'Equivalence_Line_9: NSGA3-greedy_multi-HUX to SMSEMOA-random_dense-1P', 'Equivalence_Line_10: UNSGA3-greedy_multi-UX to SPEA2-greedy_multi-UX', 'Equivalence_Line_11: UNSGA3-greedy_multi-HUX to SPEA2-greedy_multi-HUX', 'Equivalence_Line_12: NSGA3-greedy_multi-UX to NSGA2-greedy_ting-UX', 'Equivalence_Line_13: UNSGA3-greedy_multi-1P to NSGA2-greedy_ting-HUX', 'Equivalence_Line_14: NSGA2-greedy_multi-1P to UNSGA3-greedy_ting-HUX', 'Equivalence_Line_15: NSGA3-greedy_multi-2P to NSGA3-greedy_ting-UX', 'Equivalence_Line_16: NSGA2-greedy_multi-2P to NSGA3-greedy_ting-HUX', 'Equivalence_Line_17: NSGA3-random_dense-UX to SPEA2-random_dense-UX', 'Equivalence_Line_18: AGEMOEA2-greedy_multi-1P to NSGA2-random_dense-UX', 'Equivalence_Line_19: UNSGA3-random_dense-HUX to UNSGA3-greedy_ting-UX', 'Equivalence_Line_20: UNSGA3-random_dense-UX to SPEA2-random_dense-HUX', 'Equivalence_Line_21: NSGA3-random_dense-HUX to NSGA3-random_dense-2P', 'Equivalence_Line_22: AGEMOEA2-greedy_multi-2P to AGEMOEA2-random_dense-2P', 'Equivalence_Line_23: NSGA2-greedy_multi-HUX to NSGA2-random_dense-HUX', 'Equivalence_Line_24: NSGA2-greedy_multi-UX to UNSGA3-random_dense-2P', 'Equivalence_Line_25: AGEMOEA2-greedy_multi-UX to AGEMOEA2-random_dense-1P', 'Equivalence_Line_26: AGEMOEA2-greedy_multi-HUX to RVEA-greedy_multi-1P', 'Equivalence_Line_27: SMSEMOA-random_dense-2P to UNSGA3-random_dense-1P', 'Equivalence_Line_28: SPEA2-greedy_multi-2P to SPEA2-random_dense-2P', 'Equivalence_Line_29: SMSEMOA-greedy_ting-HUX to RVEA-greedy_multi-2P', 'Equivalence_Line_30: SPEA2-greedy_multi-1P to NSGA3-random_dense-1P', 'Equivalence_Line_31: SMSEMOA-greedy_ting-UX to SPEA2-greedy_ting-UX', 'Equivalence_Line_32: AGEMOEA2-random_dense-UX to SPEA2-greedy_ting-HUX', 'Equivalence_Line_33: AGEMOEA2-random_dense-HUX to SPEA2-random_dense-1P', 'Equivalence_Line_34: SMSEMOA-random_dense-1P to AGEMOEA2-greedy_ting-UX', 'Equivalence_Line_35: SPEA2-greedy_multi-UX to AGEMOEA2-greedy_ting-HUX', 'Equivalence_Line_36: SPEA2-greedy_multi-HUX to SMSEMOA-greedy_ting-2P', 'Equivalence_Line_37: NSGA2-greedy_ting-UX to RVEA-greedy_multi-UX', 'Equivalence_Line_38: NSGA2-greedy_ting-HUX to RVEA-greedy_multi-HUX', 'Equivalence_Line_39: UNSGA3-greedy_ting-HUX to SMSEMOA-greedy_ting-1P', 'Equivalence_Line_40: NSGA3-greedy_ting-UX to NSGA2-random_dense-2P', 'Equivalence_Line_41: NSGA3-greedy_ting-HUX to NSGA2-random_dense-1P', 'Equivalence_Line_42: SPEA2-random_dense-UX to RVEA-random_dense-HUX', 'Equivalence_Line_43: NSGA2-random_dense-UX to RVEA-random_dense-UX', 'Equivalence_Line_44: UNSGA3-greedy_ting-UX to UNSGA3-greedy_ting-2P', 'Equivalence_Line_45: SPEA2-random_dense-HUX to SPEA2-greedy_ting-1P', 'Equivalence_Line_46: NSGA3-random_dense-2P to RVEA-random_dense-2P', 'Equivalence_Line_47: AGEMOEA2-random_dense-2P to NSGA3-greedy_ting-2P', 'Equivalence_Line_48: NSGA2-random_dense-HUX to NSGA2-greedy_ting-2P', 'Equivalence_Line_49: UNSGA3-random_dense-2P to SPEA2-greedy_ting-2P', 'Equivalence_Line_50: AGEMOEA2-random_dense-1P to RVEA-random_dense-1P', 'Equivalence_Line_51: RVEA-greedy_multi-1P to UNSGA3-greedy_ting-1P', 'Equivalence_Line_52: UNSGA3-random_dense-1P to AGEMOEA2-greedy_ting-2P', 'Equivalence_Line_53: SPEA2-random_dense-2P to NSGA3-greedy_ting-1P', 'Equivalence_Line_54: RVEA-greedy_multi-2P to NSGA2-greedy_ting-1P', 'Equivalence_Line_55: NSGA3-random_dense-1P to RVEA-greedy_ting-HUX', 'Equivalence_Line_56: SPEA2-greedy_ting-UX to RVEA-greedy_ting-UX', 'Equivalence_Line_57: SPEA2-greedy_ting-HUX to AGEMOEA2-greedy_ting-1P', 'Equivalence_Line_58: SPEA2-random_dense-1P to RVEA-greedy_ting-2P', 'Equivalence_Line_59: AGEMOEA2-greedy_ting-UX to RVEA-greedy_ting-1P']"
RVEA-greedy_ting-1P,0.0662671173946854,"['Equivalence_Line_1: SMSEMOA-random_dense-HUX to AGEMOEA2-greedy_multi-HUX', 'Equivalence_Line_2: SMSEMOA-random_dense-UX to SMSEMOA-random_dense-2P', 'Equivalence_Line_3: SMSEMOA-greedy_multi-1P to SPEA2-greedy_multi-2P', 'Equivalence_Line_4: SMSEMOA-greedy_multi-2P to SMSEMOA-greedy_ting-HUX', 'Equivalence_Line_5: SMSEMOA-greedy_multi-HUX to SPEA2-greedy_multi-1P', 'Equivalence_Line_6: SMSEMOA-greedy_multi-UX to SMSEMOA-greedy_ting-UX', 'Equivalence_Line_7: NSGA3-greedy_multi-1P to AGEMOEA2-random_dense-UX', 'Equivalence_Line_8: UNSGA3-greedy_multi-2P to AGEMOEA2-random_dense-HUX', 'Equivalence_Line_9: NSGA3-greedy_multi-HUX to SMSEMOA-random_dense-1P', 'Equivalence_Line_10: UNSGA3-greedy_multi-UX to SPEA2-greedy_multi-UX', 'Equivalence_Line_11: UNSGA3-greedy_multi-HUX to SPEA2-greedy_multi-HUX', 'Equivalence_Line_12: NSGA3-greedy_multi-UX to NSGA2-greedy_ting-UX', 'Equivalence_Line_13: UNSGA3-greedy_multi-1P to NSGA2-greedy_ting-HUX', 'Equivalence_Line_14: NSGA2-greedy_multi-1P to UNSGA3-greedy_ting-HUX', 'Equivalence_Line_15: NSGA3-greedy_multi-2P to NSGA3-greedy_ting-UX', 'Equivalence_Line_16: NSGA2-greedy_multi-2P to NSGA3-greedy_ting-HUX', 'Equivalence_Line_17: NSGA3-random_dense-UX to SPEA2-random_dense-UX', 'Equivalence_Line_18: AGEMOEA2-greedy_multi-1P to NSGA2-random_dense-UX', 'Equivalence_Line_19: UNSGA3-random_dense-HUX to UNSGA3-greedy_ting-UX', 'Equivalence_Line_20: UNSGA3-random_dense-UX to SPEA2-random_dense-HUX', 'Equivalence_Line_21: NSGA3-random_dense-HUX to NSGA3-random_dense-2P', 'Equivalence_Line_22: AGEMOEA2-greedy_multi-2P to AGEMOEA2-random_dense-2P', 'Equivalence_Line_23: NSGA2-greedy_multi-HUX to NSGA2-random_dense-HUX', 'Equivalence_Line_24: NSGA2-greedy_multi-UX to UNSGA3-random_dense-2P', 'Equivalence_Line_25: AGEMOEA2-greedy_multi-UX to AGEMOEA2-random_dense-1P', 'Equivalence_Line_26: AGEMOEA2-greedy_multi-HUX to RVEA-greedy_multi-1P', 'Equivalence_Line_27: SMSEMOA-random_dense-2P to UNSGA3-random_dense-1P', 'Equivalence_Line_28: SPEA2-greedy_multi-2P to SPEA2-random_dense-2P', 'Equivalence_Line_29: SMSEMOA-greedy_ting-HUX to RVEA-greedy_multi-2P', 'Equivalence_Line_30: SPEA2-greedy_multi-1P to NSGA3-random_dense-1P', 'Equivalence_Line_31: SMSEMOA-greedy_ting-UX to SPEA2-greedy_ting-UX', 'Equivalence_Line_32: AGEMOEA2-random_dense-UX to SPEA2-greedy_ting-HUX', 'Equivalence_Line_33: AGEMOEA2-random_dense-HUX to SPEA2-random_dense-1P', 'Equivalence_Line_34: SMSEMOA-random_dense-1P to AGEMOEA2-greedy_ting-UX', 'Equivalence_Line_35: SPEA2-greedy_multi-UX to AGEMOEA2-greedy_ting-HUX', 'Equivalence_Line_36: SPEA2-greedy_multi-HUX to SMSEMOA-greedy_ting-2P', 'Equivalence_Line_37: NSGA2-greedy_ting-UX to RVEA-greedy_multi-UX', 'Equivalence_Line_38: NSGA2-greedy_ting-HUX to RVEA-greedy_multi-HUX', 'Equivalence_Line_39: UNSGA3-greedy_ting-HUX to SMSEMOA-greedy_ting-1P', 'Equivalence_Line_40: NSGA3-greedy_ting-UX to NSGA2-random_dense-2P', 'Equivalence_Line_41: NSGA3-greedy_ting-HUX to NSGA2-random_dense-1P', 'Equivalence_Line_42: SPEA2-random_dense-UX to RVEA-random_dense-HUX', 'Equivalence_Line_43: NSGA2-random_dense-UX to RVEA-random_dense-UX', 'Equivalence_Line_44: UNSGA3-greedy_ting-UX to UNSGA3-greedy_ting-2P', 'Equivalence_Line_45: SPEA2-random_dense-HUX to SPEA2-greedy_ting-1P', 'Equivalence_Line_46: NSGA3-random_dense-2P to RVEA-random_dense-2P', 'Equivalence_Line_47: AGEMOEA2-random_dense-2P to NSGA3-greedy_ting-2P', 'Equivalence_Line_48: NSGA2-random_dense-HUX to NSGA2-greedy_ting-2P', 'Equivalence_Line_49: UNSGA3-random_dense-2P to SPEA2-greedy_ting-2P', 'Equivalence_Line_50: AGEMOEA2-random_dense-1P to RVEA-random_dense-1P', 'Equivalence_Line_51: RVEA-greedy_multi-1P to UNSGA3-greedy_ting-1P', 'Equivalence_Line_52: UNSGA3-random_dense-1P to AGEMOEA2-greedy_ting-2P', 'Equivalence_Line_53: SPEA2-random_dense-2P to NSGA3-greedy_ting-1P', 'Equivalence_Line_54: RVEA-greedy_multi-2P to NSGA2-greedy_ting-1P', 'Equivalence_Line_55: NSGA3-random_dense-1P to RVEA-greedy_ting-HUX', 'Equivalence_Line_56: SPEA2-greedy_ting-UX to RVEA-greedy_ting-UX', 'Equivalence_Line_57: SPEA2-greedy_ting-HUX to AGEMOEA2-greedy_ting-1P', 'Equivalence_Line_58: SPEA2-random_dense-1P to RVEA-greedy_ting-2P', 'Equivalence_Line_59: AGEMOEA2-greedy_ting-UX to RVEA-greedy_ting-1P']"
