AGEMOEA2-greedy_multi-1P,AGEMOEA2-greedy_multi-2P,AGEMOEA2-greedy_multi-HUX,AGEMOEA2-greedy_multi-UX,AGEMOEA2-greedy_ting-1P,AGEMOEA2-greedy_ting-2P,AGEMOEA2-greedy_ting-HUX,AGEMOEA2-greedy_ting-UX,AGEMOEA2-random_dense-1P,AGEMOEA2-random_dense-2P,AGEMOEA2-random_dense-HUX,AGEMOEA2-random_dense-UX,NSGA2-greedy_multi-1P,NSGA2-greedy_multi-2P,NSGA2-greedy_multi-HUX,NSGA2-greedy_multi-UX,NSGA2-greedy_ting-1P,NSGA2-greedy_ting-2P,NSGA2-greedy_ting-HUX,NSGA2-greedy_ting-UX,NSGA2-random_dense-1P,NSGA2-random_dense-2P,NSGA2-random_dense-HUX,NSGA2-random_dense-UX,NSGA3-greedy_multi-1P,NSGA3-greedy_multi-2P,NSGA3-greedy_multi-HUX,NSGA3-greedy_multi-UX,NSGA3-greedy_ting-1P,NSGA3-greedy_ting-2P,NSGA3-greedy_ting-HUX,NSGA3-greedy_ting-UX,NSGA3-random_dense-1P,NSGA3-random_dense-2P,NSGA3-random_dense-HUX,NSGA3-random_dense-UX,RVEA-greedy_multi-1P,RVEA-greedy_multi-2P,RVEA-greedy_multi-HUX,RVEA-greedy_multi-UX,RVEA-greedy_ting-1P,RVEA-greedy_ting-2P,RVEA-greedy_ting-HUX,RVEA-greedy_ting-UX,RVEA-random_dense-1P,RVEA-random_dense-2P,RVEA-random_dense-HUX,RVEA-random_dense-UX,SMSEMOA-greedy_multi-1P,SMSEMOA-greedy_multi-2P,SMSEMOA-greedy_multi-HUX,SMSEMOA-greedy_multi-UX,SMSEMOA-greedy_ting-1P,SMSEMOA-greedy_ting-2P,SMSEMOA-greedy_ting-HUX,SMSEMOA-greedy_ting-UX,SMSEMOA-random_dense-1P,SMSEMOA-random_dense-2P,SMSEMOA-random_dense-HUX,SMSEMOA-random_dense-UX,SPEA2-greedy_multi-1P,SPEA2-greedy_multi-2P,SPEA2-greedy_multi-HUX,SPEA2-greedy_multi-UX,SPEA2-greedy_ting-1P,SPEA2-greedy_ting-2P,SPEA2-greedy_ting-HUX,SPEA2-greedy_ting-UX,SPEA2-random_dense-1P,SPEA2-random_dense-2P,SPEA2-random_dense-HUX,SPEA2-random_dense-UX,UNSGA3-greedy_multi-1P,UNSGA3-greedy_multi-2P,UNSGA3-greedy_multi-HUX,UNSGA3-greedy_multi-UX,UNSGA3-greedy_ting-1P,UNSGA3-greedy_ting-2P,UNSGA3-greedy_ting-HUX,UNSGA3-greedy_ting-UX,UNSGA3-random_dense-1P,UNSGA3-random_dense-2P,UNSGA3-random_dense-HUX,UNSGA3-random_dense-UX
1.0,1.0,1.0,1.0,1.0,1.0,1.0,1.0,1.0,1.0,0.004482457131932619,0.0018384279019202792,1.9529047438636727e-07,2.227539186602537e-07,1.00963902972926e-05,1.837826957804288e-05,1.0,1.0,1.0,0.6632815602657381,1.0,1.0,0.8439742845237022,0.6428876120461976,1.0,1.0,1.0,1.0,1.0,1.0,1.0,1.0,1.0,0.3836524929024039,1.2392267803891131e-05,1.3633732391401554e-05,0.004679055331678009,0.019341173527973928,0.0543126248076266,0.051894968325617304,9.649265466919617e-09,1.8103982497974966e-08,3.4075452808648045e-06,2.1490577493325268e-06,1.0,1.0,0.8434697179439339,1.0,1.0,1.0,1.0,1.0,1.0,0.19185478795621086,4.285813877710678e-05,0.00012583438523024678,0.005266101156236713,0.00036005371213587955,4.0277313140630135e-07,4.3687031454111344e-07,1.8407251084702026e-05,8.583790761878487e-06,0.0014017298713249668,0.0011565374021037292,0.047585259633623596,0.1533924394681202,0.008230708534568244,0.002551241553294417,1.0,1.0,0.08443172098458619,0.09133610785822623,1.0,1.0,1.0,1.0,0.4113583735772684,1.0,1.0,1.0,1.0,0.35004447531511235,1.543193325069917e-05,2.6177031226666347e-05
1.0,1.0,1.0,1.0,1.0,1.0,1.0,1.0,1.0,1.0,0.01817410861936544,0.007949963641312093,2.5245130923089647e-08,2.9005656046353525e-08,1.6016194271677177e-06,3.001065010859526e-06,1.0,1.0,0.5310784571942894,0.21797756433717516,1.0,1.0,1.0,1.0,1.0,1.0,1.0,1.0,0.5097792001373289,1.0,1.0,1.0,1.0,1.0,7.065367537654493e-05,7.735299301666769e-05,0.0010444784903197721,0.004798697086453735,0.014396690931494897,0.013709770565905095,1.0921233431306329e-09,2.1089061290709073e-09,5.097840580227659e-07,3.135839775992047e-07,1.0,1.0,1.0,1.0,1.0,1.0,1.0,1.0,1.0,0.5903864444681295,0.00022915712987205925,0.0006345814196820303,0.02113083388228528,0.001716293811510309,2.7302855545339224e-06,2.9440419123466106e-06,3.006151983850954e-06,1.3470512228227683e-06,0.0002910313461861924,0.00023694458058924107,0.012521030448331886,0.044290206529280764,0.0019066741883576141,0.0005477221210420281,1.0,1.0,0.27890158967316936,0.29955382886979653,1.0,1.0,1.0,1.0,0.12883921689199487,1.0,1.0,1.0,1.0,1.0,8.710036664920574e-05,0.000143916375235816
1.0,1.0,1.0,1.0,1.0,1.0,1.0,1.0,1.0,1.0,0.11073998520128031,0.052702990363813665,1.2215651502080922e-09,1.4156367528411984e-09,1.0229096773139502e-07,2.0122852737442187e-07,1.0,0.46091996213585085,0.10460034916755866,0.03864215769389029,1.0,1.0,1.0,1.0,1.0,1.0,1.0,1.0,0.09972309139519307,0.5957222276178726,1.0,1.0,1.0,1.0,0.0007004896060489724,0.0007623983339931414,0.0001085156995759434,0.000568035643718785,0.0019043180936389279,0.0018040689187002294,4.372860668066159e-11,8.75249095315413e-11,3.0066364210994236e-08,1.7855582905123877e-08,1.0,1.0,1.0,1.0,1.0,1.0,1.0,1.0,1.0,1.0,0.0020750096418192254,0.005307168035962392,0.12674220559556507,0.013092427267885233,3.407108780212672e-05,3.66161955257628e-05,2.0160255917441763e-07,8.507209490285665e-08,2.734799749173346e-05,2.1977035042767255e-05,0.001632621117744733,0.006567969880369959,0.0002095842832872808,5.424312119750673e-05,1.0,1.0,1.0,1.0,1.0,1.0,1.0,1.0,0.021505833603006976,0.9467325564791678,1.0,1.0,1.0,1.0,0.0008502948945351244,0.001349757792660593
1.0,1.0,1.0,1.0,1.0,1.0,1.0,1.0,1.0,1.0,0.11955421159442182,0.0571311190879391,1.061595240359756e-09,1.2302793469441365e-09,8.990878842389679e-08,1.7748976340984925e-07,1.0,0.42880859159614093,0.09666096160606602,0.03552621949913669,1.0,1.0,1.0,1.0,1.0,1.0,1.0,1.0,0.09229112570689436,0.5560466955140914,1.0,1.0,1.0,1.0,0.0007743510017365627,0.0008417360556822863,9.752668475968513e-05,0.0005144795106956157,0.0017318499455732878,0.0016403340607197509,3.7655338951477294e-11,7.565981275198666e-11,2.6346021366258393e-08,1.5641348858612036e-08,1.0,1.0,1.0,1.0,1.0,1.0,1.0,1.0,1.0,1.0,0.002277854423161144,0.005810161643819455,0.13665955387903678,0.014279335489592473,3.801284790619306e-05,4.0824652167927064e-05,1.7782099236111033e-07,7.470646645970098e-08,2.449596498985161e-05,1.9662212257060343e-05,0.001482440517100036,0.006002421669541495,0.00018905013531547396,4.86557749403065e-05,1.0,1.0,1.0,1.0,1.0,1.0,1.0,1.0,0.019742498105776347,0.887150776421281,1.0,1.0,1.0,1.0,0.0009388408560339835,0.0014855955934814148
1.0,1.0,1.0,1.0,1.0,1.0,1.0,1.0,0.060409227865708806,0.011085746075416684,2.8698670218982767e-06,9.278040819959525e-07,0.0005355349637484635,0.0005941110555538646,0.011862502202070413,0.018790802304421636,1.0,1.0,1.0,1.0,1.0,1.0,0.0031548222242514224,0.0021608971037289366,1.0,1.0,1.0,1.0,1.0,1.0,1.0,1.0,0.15590134704035735,0.0010495125045718902,1.7810359513846803e-09,2.0031470923501125e-09,1.0,1.0,1.0,1.0,4.853508102464914e-05,8.046475589452958e-05,0.005130253199646605,0.003567810492815254,1.0,1.0,0.0031510476167657024,0.005339707301297002,1.0,1.0,1.0,1.0,0.010499395689589896,0.0004033469483631002,8.273999550752997e-09,3.164239643273206e-08,3.529789299790627e-06,1.1851470241090518e-07,2.6874341718621153e-11,2.964876500390163e-11,0.018810315592582512,0.010454319317025815,0.47381782753668067,0.41164459325375735,1.0,1.0,1.0,0.7239799796812497,0.5074489320590309,0.010584647796383706,0.00013426193492914373,0.00014903081400949902,1.0,1.0,1.0,1.0,1.0,1.0,1.0,1.0,0.08450634622920063,0.0009208103643151135,2.3357055067920055e-09,4.501996587672163e-09
1.0,1.0,1.0,1.0,1.0,1.0,1.0,1.0,1.0,0.36221632794495684,0.0003501503702078639,0.00013205773345148134,4.6848686747906395e-06,5.291467804844364e-06,0.0001761562465361919,0.0003048735917171741,1.0,1.0,1.0,1.0,1.0,1.0,0.12934548800631726,0.09503215341188175,1.0,1.0,1.0,1.0,1.0,1.0,1.0,1.0,1.0,0.05264341837587574,5.601226707832826e-07,6.210130111255905e-07,0.045383446999909254,0.15996919644873048,0.39401768123009767,0.3790739096235182,2.9302103632755215e-07,5.241467225920036e-07,6.501324938281761e-05,4.2542661083492385e-05,1.0,1.0,0.12923751091101157,0.19951874118242655,1.0,1.0,1.0,1.0,0.3472008733690791,0.023770465967210535,2.165618465833182e-06,6.993955900138259e-06,0.00041846944961502927,2.2055366147454547e-05,1.3626492004859344e-08,1.4874392286494704e-08,0.00030529407191595595,0.00015158189674621716,0.015510792437429456,0.013057639152151232,0.3524200954420474,0.9746605555523001,0.07527146125542596,0.026455212671675225,1.0,0.3497734791927561,0.009429196610467995,0.010306598756787147,1.0,1.0,1.0,1.0,1.0,1.0,1.0,1.0,1.0,0.04721214358504252,7.117430409914395e-07,1.2671666396551083e-06
1.0,1.0,1.0,1.0,1.0,1.0,1.0,1.0,1.0,1.0,0.4481034702800949,0.22654562222016708,7.942773311510966e-11,9.256044969157501e-11,8.384722940314612e-09,1.7116400244059757e-08,0.9928065936370636,0.11402319512565552,0.022518705333299867,0.00755207853419892,1.0,1.0,1.0,1.0,1.0,1.0,1.0,1.0,0.021367300766279525,0.15283784851940915,0.48133947663725896,0.6143544287816103,1.0,1.0,0.004323959052430935,0.004669723201811602,1.3669310584011869e-05,7.988486305806274e-05,0.0002919709359765111,0.00027537314087421435,2.411335839299496e-12,5.001343518174593e-12,2.3088285943058944e-09,1.335111562951559e-09,1.0,1.0,1.0,1.0,1.0,1.0,1.0,1.0,1.0,1.0,0.011755444278566105,0.02779939240868504,0.5057940427385358,0.06412287519339029,0.0002556382425030889,0.0002738517536112434,1.7150511167478784e-08,6.922366431128378e-09,3.154623848754315e-06,2.503114694205354e-06,0.00024691876973619356,0.0011042059755025692,2.7487218336353262e-05,6.52609779671737e-06,1.0,1.0,1.0,1.0,1.0,1.0,1.0,1.0,0.00402287896280946,0.2546824649826156,1.0,0.8335321868086314,1.0,1.0,0.005167739311498546,0.007908887542037444
1.0,1.0,1.0,1.0,1.0,1.0,1.0,1.0,1.0,1.0,0.31171906011368444,0.15590134704035735,1.6713250239013928e-10,1.9479732169026871e-10,1.6623307143126004e-08,3.359901817858212e-08,1.0,0.16854081722919745,0.03449411846667069,0.011862502202070413,1.0,1.0,1.0,1.0,1.0,1.0,1.0,1.0,0.03280229701069387,0.22247238873556327,0.6799433978624072,0.8685661081132513,1.0,1.0,0.0026818408448457853,0.0029008410978486523,2.4154144644015816e-05,0.00013714738015957706,0.0004893290750023202,0.0004615729719699083,5.3162137167326e-12,1.0914558361342755e-11,4.665692974965753e-09,2.7128861812587886e-09,1.0,1.0,1.0,1.0,1.0,1.0,1.0,1.0,1.0,1.0,0.0074862154696246795,0.018089052953779963,0.35479150216771155,0.0424872585215443,0.00015065512004704324,0.00016129202078310362,3.366477114658654e-08,1.3735249478733486e-08,5.707181017103971e-06,4.539863130919542e-06,0.00041449614341404435,0.0018033860537410315,4.8085453604216123e-05,1.1673448491841265e-05,1.0,1.0,1.0,1.0,1.0,1.0,1.0,1.0,0.006386634606111643,0.36807146841642946,1.0,1.0,1.0,1.0,0.0032232187964713437,0.005009341989979013
1.0,1.0,1.0,1.0,0.060409227865708806,1.0,1.0,1.0,1.0,1.0,1.0,1.0,4.172718187256485e-17,5.040663671125011e-17,1.2998550376200488e-14,3.1589791854333856e-14,0.0006995685148588089,2.901309088516656e-05,2.9459320173594177e-06,6.53963939289207e-07,1.0,1.0,1.0,1.0,0.07480788230766136,0.12446802861187664,0.9281646027607041,1.0,2.7482736019998426e-06,4.390390723963846e-05,0.0002358460682158654,0.0003414531724586892,1.0,1.0,1.0,1.0,1.5212096781750434e-10,1.5177746768194576e-09,8.347656385415286e-09,7.74047741827266e-09,5.973765030424276e-19,1.441960800282573e-18,2.6246092499267002e-15,1.3342942808888083e-15,1.0,1.0,1.0,1.0,0.887150776421281,0.36859611062321473,1.0,1.0,1.0,1.0,1.0,1.0,1.0,1.0,0.5077880290494883,0.5310711337980518,3.167209494542564e-14,1.0229265436863327e-14,2.3022044545378107e-11,1.7063131172452474e-11,6.71368786163171e-09,4.8737290544910074e-08,3.782212889420151e-10,5.87110739695057e-11,1.0,1.0,1.0,1.0,0.027091369718383915,0.16316542183644353,1.0,1.0,2.767561894768995e-07,9.221532310753069e-05,0.0007486190609042625,0.0005357674164594102,1.0,1.0,1.0,1.0
1.0,1.0,1.0,1.0,0.011085746075416684,0.36221632794495684,1.0,1.0,1.0,1.0,1.0,1.0,1.024539413978293e-18,1.246974442550835e-18,4.0662376529153094e-16,1.0302194840138248e-15,8.798297123270736e-05,2.9328699789082726e-06,2.553977803694121e-07,5.134451354798401e-08,1.0,1.0,1.0,1.0,0.013962387457778594,0.024653884188820106,0.22796390264193675,0.303626825370127,2.3680241298497236e-07,4.556920157996878e-06,2.7444710480045415e-05,4.0824652167927064e-05,1.0,1.0,1.0,1.0,7.471523944281048e-12,8.40055637182363e-11,5.065782146231729e-10,4.670553776172733e-10,1.2333480530696898e-20,3.095182466263682e-20,7.676510767276408e-17,3.788087710346698e-17,1.0,1.0,1.0,1.0,0.21721149537083842,0.08149093501790623,1.0,0.7740837872572575,1.0,1.0,1.0,1.0,1.0,1.0,1.0,1.0,1.0330447240281913e-15,3.1671868840533063e-16,1.0262219662520076e-12,7.497778538549809e-13,4.023876149342949e-10,3.2797720086428503e-09,1.9452630290971118e-11,2.7356033319120703e-12,1.0,1.0,1.0,1.0,0.004644939574701001,0.033160932268514784,0.4937426212190996,0.6833966001190013,2.0552440688233158e-08,1.0080092573927028e-05,9.44919585909149e-05,6.615846740491393e-05,1.0,1.0,1.0,1.0
0.004482457131932619,0.01817410861936544,0.11073998520128031,0.11955421159442182,2.8698670218982767e-06,0.0003501503702078639,0.4481034702800949,0.31171906011368444,1.0,1.0,1.0,1.0,8.756986339287016e-26,1.1008569348434342e-25,9.398618036536711e-23,2.778372035132829e-22,5.187676944079291e-09,6.872595157666114e-11,3.2522643079423065e-12,4.5310340436045554e-13,1.0,1.0,1.0,1.0,3.909654319283001e-06,8.411765782177368e-06,0.0001828786895603125,0.0002739787631823528,2.9619802242205778e-12,1.196378156857962e-10,1.1684023212231456e-09,1.9357874708901246e-09,1.0,1.0,1.0,1.0,1.0220132788260808e-17,1.8569397370841055e-16,1.6192309473250045e-15,1.4684349481861514e-15,5.2818455490464615e-28,1.5235538809148474e-27,1.3336604559914835e-23,5.859466955698981e-24,1.0,1.0,1.0,1.0,0.0001697549261805418,4.321811506933602e-05,0.0028342151114489713,0.001057282663057775,1.0,1.0,1.0,1.0,1.0,1.0,1.0,1.0,2.7874962767520476e-22,7.004350218464862e-23,9.592039760379872e-19,6.607444850503988e-19,1.22343874201572e-15,1.560015000338895e-14,3.2066732833481185e-17,3.0818114988589352e-18,1.0,1.0,1.0,1.0,8.945758472689217e-07,1.253321440223543e-05,0.0005489475851045944,0.00088762369509134,1.4692427967689316e-13,3.267425255029111e-10,5.690558118848125e-09,3.5905484755595444e-09,1.0,1.0,1.0,1.0
0.0018384279019202792,0.007949963641312093,0.052702990363813665,0.0571311190879391,9.278040819959525e-07,0.00013205773345148134,0.22654562222016708,0.15590134704035735,1.0,1.0,1.0,1.0,1.0991151200962237e-26,1.3867921824438384e-26,1.3242883722877288e-23,4.00347491918491e-23,1.4004077522395285e-09,1.6707129925207632e-11,7.38536779030801e-13,9.813593321609737e-14,0.6675145577382233,1.0,1.0,1.0,1.2757115898929617e-06,2.8123002982902165e-06,6.728805359095555e-05,0.00010200113246165443,6.711980587333167e-13,2.9541264291528364e-11,3.0442672171247673e-10,5.096091406150604e-10,1.0,1.0,1.0,1.0,1.7792263719695918e-18,3.421047921897139e-17,3.114535947853281e-16,2.8188731790154245e-16,6.118499611797437e-29,1.7961264891397998e-28,1.8180112616815655e-24,7.8672619452603755e-25,1.0,1.0,1.0,1.0,6.236146318247434e-05,1.5195822387390862e-05,0.0011485381347119195,0.0004120563013584877,1.0,1.0,1.0,1.0,1.0,1.0,1.0,1.0,4.016877905184047e-23,9.832002065604279e-24,1.596840672504001e-19,1.092749621185129e-19,2.344509572455135e-16,3.1437790678140508e-15,5.703979281998649e-18,5.26152059422529e-19,1.0,1.0,1.0,1.0,2.793284348050149e-07,4.249505990550172e-06,0.00020987904580633973,0.0003444352346225802,3.104891163815098e-14,8.243515470966855e-11,1.538064455892419e-09,9.631793922659293e-10,1.0,1.0,1.0,1.0
1.9529047438636727e-07,2.5245130923089647e-08,1.2215651502080922e-09,1.061595240359756e-09,0.0005355349637484635,4.6848686747906395e-06,7.942773311510966e-11,1.6713250239013928e-10,4.172718187256485e-17,1.024539413978293e-18,8.756986339287016e-26,1.0991151200962237e-26,1.0,1.0,1.0,1.0,0.048682365335786335,0.47882442608641707,1.0,1.0,7.893236387297627e-12,5.241358751652279e-13,7.274688702102572e-20,3.35160086684395e-20,0.00040982070266925034,0.00020831786675044165,9.695187936539618e-06,6.190234485007219e-06,1.0,0.36808943742628586,0.1134245801557937,0.08559368502329415,3.647332420320505e-16,7.672682354650987e-21,1.7641093279513286e-31,2.1570281717866935e-31,1.0,1.0,1.0,1.0,1.0,1.0,1.0,1.0,2.238043184919831e-12,4.19461885543089e-13,7.252233557146729e-20,2.168711859628276e-19,1.050743861511177e-05,4.379455599086896e-05,3.5942127010584304e-07,1.2671666396551083e-06,9.120513602653596e-19,1.137472833761038e-21,2.49189533676144e-30,2.6024849632977766e-29,1.287013363141326e-25,2.6880659027574156e-28,1.481649414252235e-34,1.7458475149836416e-34,1.0,1.0,1.0,1.0,1.0,1.0,1.0,1.0,6.1926673594784984e-15,9.29783037676516e-19,1.3029082119817513e-22,1.5987649022118845e-22,0.0013975257284368978,0.0001441227251016887,2.7868770569068933e-06,1.5733910035825168e-06,1.0,0.22249175725544293,0.04608660414855501,0.06039808217496231,8.999219724760088e-17,5.8997287378543274e-21,2.811911347730992e-31,8.669696443685997e-31
2.227539186602537e-07,2.9005656046353525e-08,1.4156367528411984e-09,1.2302793469441365e-09,0.0005941110555538646,5.291467804844364e-06,9.256044969157501e-11,1.9479732169026871e-10,5.040663671125011e-17,1.246974442550835e-18,1.1008569348434342e-25,1.3867921824438384e-26,1.0,1.0,1.0,1.0,0.05302740924552684,0.5144407523928548,1.0,1.0,9.27597823223235e-12,6.196791550849779e-13,8.907481838681137e-20,4.108992650950889e-20,0.0004559636662181827,0.00023204743314775425,1.0923610388023822e-05,6.993955900138259e-06,1.0,0.3950919885422572,0.1230311406323156,0.09297287333011271,4.383789764401304e-16,9.442666660032702e-21,2.2676527934533533e-31,2.771819598922123e-31,1.0,1.0,1.0,1.0,1.0,1.0,1.0,1.0,2.6338787859633535e-12,4.956926036748677e-13,8.880050256404771e-20,2.6488043695045183e-19,1.1830471438845497e-05,4.904112453675017e-05,4.093455493216502e-07,1.4391569282697075e-06,1.110334172112499e-18,1.405504256109861e-21,3.19022975331918e-30,3.317872319703222e-29,1.6163395282208398e-25,3.412473174219203e-28,1.926103525974763e-34,2.2689740789817106e-34,1.0,1.0,1.0,1.0,1.0,1.0,1.0,1.0,7.400846568630922e-15,1.1322262429246483e-18,1.6127225569006357e-22,1.9811257060529617e-22,0.001545251913727502,0.00016083323983700942,3.149295485594116e-06,1.7828181249348076e-06,1.0,0.24078250453920347,0.050240688362713906,0.06572082880318339,1.0856493427425873e-16,7.26005107869884e-21,3.6107486493759557e-31,1.1118628557658967e-30
1.00963902972926e-05,1.6016194271677177e-06,1.0229096773139502e-07,8.990878842389679e-08,0.011862502202070413,0.0001761562465361919,8.384722940314612e-09,1.6623307143126004e-08,1.2998550376200488e-14,4.0662376529153094e-16,9.398618036536711e-23,1.3242883722877288e-23,1.0,1.0,1.0,1.0,0.5709493028544107,1.0,1.0,1.0,1.008058102033925e-09,8.251358790377117e-11,3.4297886769565704e-17,1.6574188491983974e-17,0.00939604927720346,0.00519087053545453,0.00033818593786179264,0.0002263015516242675,1.0,1.0,1.0,0.9230523923839503,9.813593321609737e-14,4.1634965891294945e-18,3.814341489809421e-28,4.615085312489731e-28,1.0,1.0,1.0,1.0,1.0,1.0,1.0,1.0,3.1539080090247543e-10,6.719583002475658e-11,3.421047921897139e-17,9.521308662065615e-17,0.0003628598406875864,0.0012983919161419736,1.7521789209600443e-05,5.4430253182064254e-05,3.647332420320505e-16,6.966124875680962e-19,4.702009297157532e-27,4.334412989221653e-26,1.3503067442260362e-22,3.9538161867306304e-25,4.568772177130557e-31,5.340564352641171e-31,1.0,1.0,1.0,1.0,1.0,1.0,1.0,1.0,1.3541444471157224e-12,3.7122266232772635e-16,9.087805998346482e-20,1.103562969566854e-19,0.02732758170107656,0.0037533697614242387,0.00011023385229801531,6.599637446993702e-05,1.0,1.0,0.5450098651021336,0.6825357087896036,2.6630063444210063e-14,3.249606186235223e-18,5.9353330108272965e-28,1.726951227114581e-27
1.837826957804288e-05,3.001065010859526e-06,2.0122852737442187e-07,1.7748976340984925e-07,0.018790802304421636,0.0003048735917171741,1.7116400244059757e-08,3.359901817858212e-08,3.1589791854333856e-14,1.0302194840138248e-15,2.778372035132829e-22,4.00347491918491e-23,1.0,1.0,1.0,1.0,0.8190812232801699,1.0,1.0,1.0,2.120391631111652e-09,1.7928591623265435e-10,8.909019647768071e-17,4.340473344222621e-17,0.014945735630421739,0.008352538953738945,0.0005770388261620128,0.0003894523672103724,1.0,1.0,1.0,1.0,2.330406637640486e-13,1.1075551584445857e-17,1.2662732651991883e-27,1.5291286044602747e-27,1.0,1.0,1.0,1.0,1.0,1.0,1.0,1.0,6.733182480614441e-10,1.4630271033293679e-10,8.883815977994947e-17,2.451309620735747e-16,0.0006194272244164044,0.0021616973788995057,3.1590379097927814e-05,9.604359659109944e-05,9.25212267063857e-16,1.8834651763175935e-18,1.5275936814962285e-26,1.3807078476385926e-25,3.9814605191202975e-22,1.2360841967496635e-24,1.6066814723824926e-30,1.8751314459187056e-30,1.0,1.0,1.0,1.0,1.0,1.0,1.0,1.0,3.1069871253697047e-12,9.417824728727492e-16,2.5168679499944877e-19,3.0465265303455023e-19,0.042559983075954266,0.006090786179787804,0.00019270613209032068,0.00011620151549902284,1.0,1.0,0.7818949156616166,0.9752233170142699,6.419924215732718e-14,8.675184590546136e-18,1.962282091188746e-27,5.65832457215069e-27
1.0,1.0,1.0,1.0,1.0,1.0,0.9928065936370636,1.0,0.0006995685148588089,8.798297123270736e-05,5.187676944079291e-09,1.4004077522395285e-09,0.048682365335786335,0.05302740924552684,0.5709493028544107,0.8190812232801699,1.0,1.0,1.0,1.0,0.34979254206895277,0.09532041881185092,1.936652674812003e-05,1.2347377148152075e-05,1.0,1.0,1.0,1.0,1.0,1.0,1.0,1.0,0.0022770178634049,5.22818082463765e-06,1.1024122185956351e-12,1.2586486140467972e-12,1.0,1.0,1.0,1.0,0.006787431572980231,0.010306598756787147,0.29489733062239026,0.2212370284515753,0.19282439050331882,0.08545638609330129,1.9336101505641423e-05,3.636111335835049e-05,1.0,1.0,1.0,1.0,8.238115773882157e-05,1.6990321474020111e-06,6.292066853757867e-12,2.905604071429922e-11,6.6036983191147805e-09,1.309095621415558e-10,9.756577717825317e-15,1.089427350772036e-14,0.8195752422556435,0.5174612206479678,1.0,1.0,1.0,1.0,1.0,1.0,0.010193573029291476,8.329734646589976e-05,4.631260696802996e-07,5.241467225920036e-07,1.0,1.0,1.0,1.0,1.0,1.0,1.0,1.0,0.0010670590721842492,4.482522425202896e-06,1.4989003389342815e-12,3.1435035950469783e-12
1.0,1.0,0.46091996213585085,0.42880859159614093,1.0,1.0,0.11402319512565552,0.16854081722919745,2.901309088516656e-05,2.9328699789082726e-06,6.872595157666114e-11,1.6707129925207632e-11,0.47882442608641707,0.5144407523928548,1.0,1.0,1.0,1.0,1.0,1.0,0.03354876633906669,0.007512958541485751,5.499899189458856e-07,3.3579381990868414e-07,1.0,1.0,1.0,1.0,1.0,1.0,1.0,1.0,0.0001081523440138563,1.30520324197272e-07,7.66853578867436e-15,8.844033116070155e-15,1.0,1.0,1.0,1.0,0.08723274210343859,0.1255640616327247,1.0,1.0,0.016860568587814206,0.00662949614677193,5.490027201092945e-07,1.1035949196247016e-06,1.0,1.0,1.0,1.0,2.7302855545339224e-06,3.777152539592412e-08,4.964683533390231e-14,2.5660660322504434e-13,8.907421003224323e-11,1.2955739424922835e-12,4.86930090276612e-17,5.47907187076429e-17,1.0,1.0,1.0,1.0,1.0,1.0,1.0,1.0,0.0005817053222815905,2.7616769433051365e-06,9.105818712508742e-09,1.043055490202035e-08,1.0,1.0,1.0,1.0,1.0,1.0,1.0,1.0,4.644227839318588e-05,1.0998461372970488e-07,1.0660924632239349e-14,2.3584811902177796e-14
1.0,0.5310784571942894,0.10460034916755866,0.09666096160606602,1.0,1.0,0.022518705333299867,0.03449411846667069,2.9459320173594177e-06,2.553977803694121e-07,3.2522643079423065e-12,7.38536779030801e-13,1.0,1.0,1.0,1.0,1.0,1.0,1.0,1.0,0.005868683137288901,0.0011460655738164522,4.304635553647706e-08,2.544389970444158e-08,1.0,1.0,1.0,1.0,1.0,1.0,1.0,1.0,1.1994634438646532e-05,9.312104533325505e-09,2.365777413210253e-16,2.741924728456474e-16,1.0,1.0,1.0,1.0,0.3906152328020093,0.5411423619585896,1.0,1.0,0.0027623813665540093,0.001001284547867604,4.2962870501040546e-08,9.007989649267279e-08,1.0,1.0,1.0,1.0,2.363653769992283e-07,2.512738589008847e-09,1.6631446675436745e-15,9.28690366160359e-15,4.282748790939754e-12,5.072744800762707e-14,1.2132096041140412e-18,1.3709525364971143e-18,1.0,1.0,1.0,1.0,1.0,1.0,1.0,1.0,7.269249597616018e-05,2.3918624364575737e-07,5.589814005196094e-10,6.453261882100088e-10,1.0,1.0,1.0,1.0,1.0,1.0,1.0,1.0,4.853502522178001e-06,7.793636958325409e-09,3.330470205087905e-16,7.650874363554406e-16
0.6632815602657381,0.21797756433717516,0.03864215769389029,0.03552621949913669,1.0,1.0,0.00755207853419892,0.011862502202070413,6.53963939289207e-07,5.134451354798401e-08,4.5310340436045554e-13,9.813593321609737e-14,1.0,1.0,1.0,1.0,1.0,1.0,1.0,1.0,0.001821956368211341,0.00032886326967951395,8.148811141882697e-09,4.726697866163316e-09,1.0,1.0,1.0,1.0,1.0,1.0,1.0,1.0,2.8319708579458845e-06,1.6685591990815192e-09,2.5116598574373768e-17,2.9242196029686896e-17,1.0,1.0,1.0,1.0,0.9179306386755867,1.0,1.0,1.0,0.0008280478856976676,0.00028506119835076943,8.135314566482058e-09,1.7465241556418397e-08,1.0,1.0,0.9230523923839503,1.0,4.738179381002578e-08,4.3048398767986063e-10,1.8621562381566808e-16,1.084559924903008e-15,6.001339189590221e-13,6.2351379007143145e-15,1.1258548253886588e-19,1.2769086660685374e-19,1.0,1.0,1.0,1.0,1.0,1.0,1.0,1.0,1.8473270154542695e-05,4.802703363572089e-08,9.103790094218203e-11,1.0562671068079746e-10,1.0,1.0,1.0,1.0,1.0,1.0,1.0,1.0,1.1043418957252e-06,1.3853392493363746e-09,3.5725411775616016e-17,8.383062969413048e-17
1.0,1.0,1.0,1.0,1.0,1.0,1.0,1.0,1.0,1.0,1.0,0.6675145577382233,7.893236387297627e-12,9.27597823223235e-12,1.008058102033925e-09,2.120391631111652e-09,0.34979254206895277,0.03354876633906669,0.005868683137288901,0.001821956368211341,1.0,1.0,1.0,1.0,1.0,1.0,1.0,1.0,0.00555822833219554,0.045836558936559774,0.15883669970889722,0.2080180500786279,1.0,1.0,0.0168782578692755,0.018150498700134354,2.3286988713787487e-06,1.4875195346700996e-05,5.81525013039052e-05,5.467105884437257e-05,2.1130904143690265e-13,4.500624989843343e-13,2.626553689027265e-10,1.4829224625295993e-10,1.0,1.0,1.0,1.0,1.0,1.0,1.0,1.0,1.0,1.0,0.04315704357684119,0.0957471334675872,1.0,0.20832423078006487,0.001185755826545904,0.001263190572892507,2.124846523286487e-09,8.234291093482627e-10,4.985403212385712e-07,3.9052164198258527e-07,4.877674736177295e-05,0.00023661402052396201,4.850479532964128e-06,1.0715886280520469e-06,1.0,1.0,1.0,1.0,1.0,1.0,1.0,1.0,0.0009293726740399494,0.07950885100890265,0.3665904785089317,0.28794902058150673,1.0,1.0,0.019917561783798263,0.029749168017066552
1.0,1.0,1.0,1.0,1.0,1.0,1.0,1.0,1.0,1.0,1.0,1.0,5.241358751652279e-13,6.196791550849779e-13,8.251358790377117e-11,1.7928591623265435e-10,0.09532041881185092,0.007512958541485751,0.0011460655738164522,0.00032886326967951395,1.0,1.0,1.0,1.0,1.0,1.0,1.0,1.0,0.0010807174025138087,0.010499395689589896,0.04061749568018839,0.05444406747929858,1.0,1.0,0.07105411234534502,0.07587384479796676,2.820345945771394e-07,2.005947714282819e-06,8.482525677598349e-06,7.945750468661045e-06,1.2040864829825852e-14,2.644379783207523e-14,2.0268201334029516e-11,1.1144847347601672e-11,1.0,1.0,1.0,1.0,1.0,1.0,1.0,1.0,1.0,1.0,0.16805308798080099,0.35099677145529673,1.0,0.7058860064697011,0.006063870636454053,0.006432744803828748,1.7968414858804077e-10,6.69558972785378e-11,5.533128202538755e-08,4.282974899371892e-08,7.038626906104588e-06,3.754711847988902e-05,6.118132342317162e-07,1.2435189924269586e-07,1.0,1.0,1.0,1.0,1.0,1.0,1.0,1.0,0.00016000213905731058,0.019131257001753464,0.10045604855679834,0.07780252327745575,1.0,1.0,0.08251576839524083,0.11928352968166386
0.8439742845237022,1.0,1.0,1.0,0.0031548222242514224,0.12934548800631726,1.0,1.0,1.0,1.0,1.0,1.0,7.274688702102572e-20,8.907481838681137e-20,3.4297886769565704e-17,8.909019647768071e-17,1.936652674812003e-05,5.499899189458856e-07,4.304635553647706e-08,8.148811141882697e-09,1.0,1.0,1.0,1.0,0.004041882143869192,0.007368934501865236,0.07943801768181287,0.10759052742133979,3.978876859754784e-08,8.75120861108266e-07,5.72014699053211e-06,8.655942980639797e-06,1.0,1.0,1.0,1.0,8.566855588354148e-13,1.0442893287654859e-11,6.732451787465353e-11,6.191298509321566e-11,7.755498065770276e-22,1.99366391753405e-21,6.150645727597045e-18,2.9738050819903385e-18,1.0,1.0,1.0,1.0,0.07535206840196955,0.026367729253893562,0.6057520847672505,0.29489733062239026,1.0,1.0,1.0,1.0,1.0,1.0,1.0,1.0,8.93143940689105e-17,2.650244833423893e-17,1.1015982546716149e-13,7.964678981435787e-14,5.295926249731181e-11,4.66041357530018e-10,2.299161508433473e-12,3.041365813073948e-13,1.0,1.0,1.0,1.0,0.0012446522078768645,0.010092771738219831,0.1819441358091219,0.2589463900766449,3.135774615897768e-09,2.00726371564292e-06,2.085362900084121e-05,1.4365188246292454e-05,1.0,1.0,1.0,1.0
0.6428876120461976,1.0,1.0,1.0,0.0021608971037289366,0.09503215341188175,1.0,1.0,1.0,1.0,1.0,1.0,3.35160086684395e-20,4.108992650950889e-20,1.6574188491983974e-17,4.340473344222621e-17,1.2347377148152075e-05,3.3579381990868414e-07,2.544389970444158e-08,4.726697866163316e-09,1.0,1.0,1.0,1.0,0.0027751216585333357,0.005144704792787597,0.05787578785978366,0.07893815473222313,2.3497373750289177e-08,5.351510975419487e-07,3.595525679938552e-06,5.465412588821256e-06,1.0,1.0,1.0,1.0,4.5359153386788433e-13,5.6563333278385384e-12,3.712449002467921e-11,3.40757545503335e-11,3.4474581611313738e-22,8.913080623605173e-22,2.9321695071289502e-18,1.4094955937273005e-18,1.0,1.0,1.0,1.0,0.05462670373163438,0.018785981241546863,0.46214033985329894,0.22013931444603482,1.0,1.0,1.0,1.0,1.0,1.0,1.0,1.0,4.352904495678855e-17,1.2772027867263054e-17,5.710459117812206e-14,4.119415927469461e-14,2.912311384480182e-11,2.620777863334202e-10,1.2265926091514814e-12,1.5917231319235948e-13,1.0,1.0,1.0,1.0,0.0008428329590816452,0.007065614624228719,0.1337808848942623,0.19324399112657015,1.800313434847249e-09,1.242526695935535e-06,1.3325964641365166e-05,9.130464615505776e-06,1.0,1.0,1.0,1.0
1.0,1.0,1.0,1.0,1.0,1.0,1.0,1.0,0.07480788230766136,0.013962387457778594,3.909654319283001e-06,1.2757115898929617e-06,0.00040982070266925034,0.0004559636662181827,0.00939604927720346,0.014945735630421739,1.0,1.0,1.0,1.0,1.0,1.0,0.004041882143869192,0.0027751216585333357,1.0,1.0,1.0,1.0,1.0,1.0,1.0,1.0,0.19011832991378785,0.0013538249867339936,2.5711480538557233e-09,2.889427676067176e-09,0.9368240866383253,1.0,1.0,1.0,3.641678462840188e-05,6.059900957696908e-05,0.004024257558564007,0.002778472708421621,1.0,1.0,0.004039119720358294,0.006779753482508625,1.0,1.0,1.0,1.0,0.01323200119052996,0.0005271560872516242,1.181081170022084e-08,4.4693681761090745e-08,4.8043053891000726e-06,1.6619653317472243e-07,3.99351067711274e-11,4.404509741577536e-11,0.01496156916490928,0.008273368538893485,0.39322139136830764,0.3432698691048892,1.0,1.0,1.0,0.605750685818057,0.6065297978593436,0.013351769857619421,0.00017690231971544284,0.00019643473801237286,1.0,1.0,1.0,1.0,1.0,1.0,1.0,1.0,0.10391342295537044,0.0011893507040506963,3.367941829864409e-09,6.464187520539479e-09
1.0,1.0,1.0,1.0,1.0,1.0,1.0,1.0,0.12446802861187664,0.024653884188820106,8.411765782177368e-06,2.8123002982902165e-06,0.00020831786675044165,0.00023204743314775425,0.00519087053545453,0.008352538953738945,1.0,1.0,1.0,1.0,1.0,1.0,0.007368934501865236,0.005144704792787597,1.0,1.0,1.0,1.0,1.0,1.0,1.0,1.0,0.30775141547039453,0.0025521675433370044,6.40443429093895e-09,7.174538710203473e-09,0.6003328506616155,1.0,1.0,1.0,1.7476592818446567e-05,2.9404911272750505e-05,0.0021545509987274647,0.0014792914315465515,1.0,1.0,0.007360654216551144,0.012189253125175395,1.0,1.0,1.0,1.0,0.02341239956111211,0.0010186141121939743,2.854466032734457e-08,1.0552713794754603e-07,1.0278955749664258e-05,3.804348498610284e-07,1.0627773750350037e-10,1.170691743283908e-10,0.00836183432869534,0.004559212194032849,0.24427259734714407,0.21141351278215573,1.0,1.0,0.9168542129683749,0.3836354989839982,0.9472825144078811,0.023618171312044134,0.00034967192916522926,0.00038750718264572774,1.0,1.0,1.0,1.0,1.0,1.0,1.0,1.0,0.17273588944880808,0.0022471666446392457,8.330737588182904e-09,1.574712318598948e-08
1.0,1.0,1.0,1.0,1.0,1.0,1.0,1.0,0.9281646027607041,0.22796390264193675,0.0001828786895603125,6.728805359095555e-05,9.695187936539618e-06,1.0923610388023822e-05,0.00033818593786179264,0.0005770388261620128,1.0,1.0,1.0,1.0,1.0,1.0,0.07943801768181287,0.05787578785978366,1.0,1.0,1.0,1.0,1.0,1.0,1.0,1.0,1.0,0.031253648985653644,2.5615483007131845e-07,2.844490711741729e-07,0.07547486098617101,0.2552416310762677,0.6088675340880119,0.5873559541823357,6.393751398730416e-07,1.1348486760670243e-06,0.00012757554780797766,8.406209741085104e-05,1.0,1.0,0.07936721370474503,0.12339708322970899,1.0,1.0,1.0,1.0,0.21844622171795738,0.013800786405629,1.0145203268542978e-06,3.3557085027372673e-06,0.00021966980596332814,1.0850700523219027e-05,5.804508782903428e-09,6.352888084037849e-09,0.0005778066034121542,0.0002921054584136646,0.026604254596606577,0.022524240552048727,0.5460735030873373,1.0,0.12257914776877259,0.044766543150007464,1.0,0.2201197233336847,0.0053502878282039,0.005861968763592886,1.0,1.0,1.0,1.0,1.0,1.0,1.0,1.0,1.0,0.027912701115338754,3.268556722296616e-07,5.860535422635994e-07
1.0,1.0,1.0,1.0,1.0,1.0,1.0,1.0,1.0,0.303626825370127,0.0002739787631823528,0.00010200113246165443,6.190234485007219e-06,6.993955900138259e-06,0.0002263015516242675,0.0003894523672103724,1.0,1.0,1.0,1.0,1.0,1.0,0.10759052742133979,0.07893815473222313,1.0,1.0,1.0,1.0,1.0,1.0,1.0,1.0,1.0,0.04316594199805025,4.1648241868530065e-07,4.6228968076474803e-07,0.05516627906226363,0.19187426980911124,0.4679396936654026,0.44958731121909157,3.958655791269911e-07,7.043021032011393e-07,8.418580510025821e-05,5.52336781538126e-05,1.0,1.0,0.10749834858932121,0.16651865078108385,1.0,1.0,1.0,1.0,0.2906984017273742,0.019336265061942203,1.6251198633945137e-06,5.291467804844364e-06,0.0003285635971474906,1.6846223840437926e-05,9.832227992184789e-09,1.0742952526518754e-08,0.0003899821243698974,0.00019524496847373403,0.019111445419428198,0.016125622659596123,0.4165667497562257,1.0,0.0904694556252524,0.03239795433567613,1.0,0.2928798902017064,0.0075975720624755026,0.008316236310463763,1.0,1.0,1.0,1.0,1.0,1.0,1.0,1.0,1.0,0.038708796005665215,5.29515766237467e-07,9.463459393390405e-07
1.0,0.5097792001373289,0.09972309139519307,0.09229112570689436,1.0,1.0,0.021367300766279525,0.03280229701069387,2.7482736019998426e-06,2.3680241298497236e-07,2.9619802242205778e-12,6.711980587333167e-13,1.0,1.0,1.0,1.0,1.0,1.0,1.0,1.0,0.00555822833219554,0.0010807174025138087,3.978876859754784e-08,2.3497373750289177e-08,1.0,1.0,1.0,1.0,1.0,1.0,1.0,1.0,1.1206736816118736e-05,8.582088398008892e-09,2.1258013757540704e-16,2.4650485050308014e-16,1.0,1.0,1.0,1.0,0.4072976466351129,0.5639974554637255,1.0,1.0,0.0026089294070819344,0.0009425523490066278,3.971142493894457e-08,8.336855687742629e-08,1.0,1.0,1.0,1.0,2.1929627898333067e-07,2.3108230032127834e-09,1.4996281323987341e-15,8.384408876258379e-15,3.900681258272962e-12,4.5916914558783105e-14,1.0834726738718175e-18,1.2249097718064182e-18,1.0,1.0,1.0,1.0,1.0,1.0,1.0,1.0,6.810705524071503e-05,2.220928947409936e-07,5.126577743570104e-10,5.921939927381469e-10,1.0,1.0,1.0,1.0,1.0,1.0,1.0,1.0,4.5322986160642354e-06,7.180514461548373e-09,2.9968404869203724e-16,6.882839989879801e-16
1.0,1.0,0.5957222276178726,0.5560466955140914,1.0,1.0,0.15283784851940915,0.22247238873556327,4.390390723963846e-05,4.556920157996878e-06,1.196378156857962e-10,2.9541264291528364e-11,0.36808943742628586,0.3950919885422572,1.0,1.0,1.0,1.0,1.0,1.0,0.045836558936559774,0.010499395689589896,8.75120861108266e-07,5.351510975419487e-07,1.0,1.0,1.0,1.0,1.0,1.0,1.0,1.0,0.00016091134385617768,2.107812564453697e-07,1.447008960470135e-14,1.6657678298054205e-14,1.0,1.0,1.0,1.0,0.06508441758618339,0.0937268057084532,1.0,1.0,0.023262265567063733,0.009287769814380944,8.735731801904693e-07,1.736591974315581e-06,1.0,1.0,1.0,1.0,4.24240699823164e-06,6.167191451425515e-08,9.238755310476275e-14,4.700985769092747e-13,1.548420852165868e-10,2.3432400542851208e-12,9.57841247140263e-17,1.0774911330076462e-16,1.0,1.0,1.0,1.0,1.0,1.0,1.0,1.0,0.0008484360784077526,4.292285429980171e-06,1.5135934845686767e-08,1.7307177690853668e-08,1.0,1.0,1.0,1.0,1.0,1.0,1.0,1.0,6.973780900315171e-05,1.781527926049679e-07,2.0088291841381587e-14,4.423621425221851e-14
1.0,1.0,1.0,1.0,1.0,1.0,0.48133947663725896,0.6799433978624072,0.0002358460682158654,2.7444710480045415e-05,1.1684023212231456e-09,3.0442672171247673e-10,0.1134245801557937,0.1230311406323156,1.0,1.0,1.0,1.0,1.0,1.0,0.15883669970889722,0.04061749568018839,5.72014699053211e-06,3.595525679938552e-06,1.0,1.0,1.0,1.0,1.0,1.0,1.0,1.0,0.0008084663154027633,1.4776522372714755e-06,1.9855593951031348e-13,2.275289380382426e-13,1.0,1.0,1.0,1.0,0.017453129946239907,0.026026611614324523,0.6226675011079715,0.47787700668078453,0.08451975381511713,0.036111704813305036,5.710704535909018e-06,1.097464790534027e-05,1.0,1.0,1.0,1.0,2.5644869784446527e-05,4.6043856370143104e-07,1.1816749544904933e-12,5.662086867516926e-12,1.4977472737629083e-09,2.670559559242897e-11,1.5568573072811922e-15,1.7429307355515845e-15,1.0,1.0,1.0,1.0,1.0,1.0,1.0,1.0,0.0038761345638841046,2.594098543953353e-05,1.205057549910073e-07,1.370898023211699e-07,1.0,1.0,1.0,1.0,1.0,1.0,1.0,1.0,0.00036535295856475984,1.2581678256478078e-06,2.723414578970092e-13,5.813932530478684e-13
1.0,1.0,1.0,1.0,1.0,1.0,0.6143544287816103,0.8685661081132513,0.0003414531724586892,4.0824652167927064e-05,1.9357874708901246e-09,5.096091406150604e-10,0.08559368502329415,0.09297287333011271,0.9230523923839503,1.0,1.0,1.0,1.0,1.0,0.2080180500786279,0.05444406747929858,8.655942980639797e-06,5.465412588821256e-06,1.0,1.0,1.0,1.0,1.0,1.0,1.0,1.0,0.0011485381347119195,2.2687306941079655e-06,3.5495342447192957e-13,4.06157359685907e-13,1.0,1.0,1.0,1.0,0.012759486134156641,0.019136131896555227,0.4886167486377304,0.37155974208637793,0.11202701277994033,0.048600119596301956,8.641884038655615e-06,1.64682378394212e-05,1.0,1.0,1.0,1.0,3.8145733499595624e-05,7.145689507239084e-07,2.0820645957173256e-12,9.83407822383194e-12,2.4738133965287887e-09,4.572991781136693e-11,2.893965167496232e-15,3.2380739860939306e-15,1.0,0.840328576801517,1.0,1.0,1.0,1.0,1.0,1.0,0.005383075758231639,3.8580761540347025e-05,1.9059270837523379e-07,2.1644942386306266e-07,1.0,1.0,1.0,1.0,1.0,1.0,1.0,1.0,0.000526451604415905,1.9383125666213217e-06,4.847788711173646e-13,1.028744084636124e-12
1.0,1.0,1.0,1.0,0.15590134704035735,1.0,1.0,1.0,1.0,1.0,1.0,1.0,3.647332420320505e-16,4.383789764401304e-16,9.813593321609737e-14,2.330406637640486e-13,0.0022770178634049,0.0001081523440138563,1.1994634438646532e-05,2.8319708579458845e-06,1.0,1.0,1.0,1.0,0.19011832991378785,0.30775141547039453,1.0,1.0,1.1206736816118736e-05,0.00016091134385617768,0.0008084663154027633,0.0011485381347119195,1.0,1.0,1.0,1.0,8.774855501277285e-10,8.135314566482058e-09,4.220375077564374e-08,3.917562091595591e-08,5.795586509955444e-18,1.3727410346316219e-17,2.0682921204510985e-14,1.0705086816552224e-14,1.0,1.0,1.0,1.0,1.0,0.8481883340925568,1.0,1.0,1.0,1.0,1.0,1.0,1.0,1.0,0.21276426017763686,0.2226634940037761,2.3362851604426105e-13,7.767408633544488e-14,1.4015791145347065e-10,1.048431689906135e-10,3.412674546436476e-08,2.3287171458368296e-07,2.115945556510127e-09,3.4767526383882917e-10,1.0,1.0,1.0,1.0,0.07354992346534825,0.3951077237079308,1.0,1.0,1.2341961464322053e-06,0.0003287134387798818,0.0024294047066076483,0.0017672703180782493,1.0,1.0,1.0,1.0
0.3836524929024039,1.0,1.0,1.0,0.0010495125045718902,0.05264341837587574,1.0,1.0,1.0,1.0,1.0,1.0,7.672682354650987e-21,9.442666660032702e-21,4.1634965891294945e-18,1.1075551584445857e-17,5.22818082463765e-06,1.30520324197272e-07,9.312104533325505e-09,1.6685591990815192e-09,1.0,1.0,1.0,1.0,0.0013538249867339936,0.0025521675433370044,0.031253648985653644,0.04316594199805025,8.582088398008892e-09,2.107812564453697e-07,1.4776522372714755e-06,2.2687306941079655e-06,1.0,1.0,1.0,1.0,1.3468007730697856e-13,1.7571600371934278e-12,1.1901466472122295e-11,1.0914558361342755e-11,7.417874638311407e-23,1.9394816698242102e-22,7.187231071420846e-19,3.416440056379071e-19,1.0,1.0,1.0,1.0,0.029425576735436318,0.009759530572701404,0.2701192596830145,0.12501494810702593,1.0,1.0,1.0,1.0,1.0,1.0,1.0,1.0,1.1107837962079919e-17,3.1936966624220673e-18,1.6345829222253745e-14,1.1727047191422636e-14,9.297865400901433e-12,8.744185880219342e-11,3.7184014183813084e-13,4.6372963869413826e-14,1.0,1.0,1.0,1.0,0.0003966102678205956,0.003560582576500467,0.07525858540369769,0.10899874856815181,6.231745043172402e-10,4.970948769780231e-07,5.650758698464675e-06,3.834322867009317e-06,1.0,1.0,1.0,1.0
1.2392267803891131e-05,7.065367537654493e-05,0.0007004896060489724,0.0007743510017365627,1.7810359513846803e-09,5.601226707832826e-07,0.004323959052430935,0.0026818408448457853,1.0,1.0,1.0,1.0,1.7641093279513286e-31,2.2676527934533533e-31,3.814341489809421e-28,1.2662732651991883e-27,1.1024122185956351e-12,7.66853578867436e-15,2.365777413210253e-16,2.5116598574373768e-17,0.0168782578692755,0.07105411234534502,1.0,1.0,2.5711480538557233e-09,6.40443429093895e-09,2.5615483007131845e-07,4.1648241868530065e-07,2.1258013757540704e-16,1.447008960470135e-14,1.9855593951031348e-13,3.5495342447192957e-13,1.0,1.0,1.0,1.0,1.4998456696497298e-22,3.847115009860268e-21,4.375763954028379e-20,3.918167946754235e-20,6.502102643032696e-34,2.0741943358713953e-33,4.430876723525432e-29,1.7877312322175946e-29,0.033581705802484825,0.07918121022320146,1.0,1.0,2.3461222127373163e-07,4.5145700040423525e-08,7.101147605836518e-06,2.138550881503279e-06,1.0,1.0,1.0,1.0,1.0,1.0,1.0,1.0,1.2709135789148281e-27,2.75796969646498e-28,1.0708142307593942e-23,7.073312151039151e-24,3.196622267687952e-20,5.592477901239875e-19,5.377234320323379e-22,3.946767345940782e-23,0.5215189338713945,1.0,1.0,1.0,4.4913516264843293e-10,1.0298096820922599e-08,9.666825658778134e-07,1.7280496731566807e-06,7.012222847273573e-18,4.5798278028647085e-14,1.2265926091514814e-12,7.233857829237623e-13,1.0,1.0,1.0,1.0
1.3633732391401554e-05,7.735299301666769e-05,0.0007623983339931414,0.0008417360556822863,2.0031470923501125e-09,6.210130111255905e-07,0.004669723201811602,0.0029008410978486523,1.0,1.0,1.0,1.0,2.1570281717866935e-31,2.771819598922123e-31,4.615085312489731e-28,1.5291286044602747e-27,1.2586486140467972e-12,8.844033116070155e-15,2.741924728456474e-16,2.9242196029686896e-17,0.018150498700134354,0.07587384479796676,1.0,1.0,2.889427676067176e-09,7.174538710203473e-09,2.844490711741729e-07,4.6228968076474803e-07,2.4650485050308014e-16,1.6657678298054205e-14,2.275289380382426e-13,4.06157359685907e-13,1.0,1.0,1.0,1.0,1.7797971714134105e-22,4.5465748206285884e-21,5.149935849305777e-20,4.61219668558042e-20,8.007339927710783e-34,2.550644627768557e-33,5.378311280648718e-29,2.1726412146499825e-29,0.03602193169061215,0.08441826648343198,1.0,1.0,2.6038089279245905e-07,5.032439380181216e-08,7.830957428130088e-06,2.360026030934046e-06,1.0,1.0,1.0,1.0,1.0,1.0,1.0,1.0,1.5347234204802905e-27,3.3394055777764877e-28,1.2768752801072474e-23,8.442156713089547e-24,3.7617711047131063e-20,6.554793976529209e-19,6.37232443893887e-22,4.694327488716232e-23,0.5528208848130152,1.0,1.0,1.0,5.061205289017238e-10,1.1536644260388506e-08,1.0715886280520469e-06,1.9104122987677345e-06,8.189460830157474e-18,5.2591884324608e-14,1.399657411119588e-12,8.265891725096403e-13,1.0,1.0,1.0,1.0
0.004679055331678009,0.0010444784903197721,0.0001085156995759434,9.752668475968513e-05,1.0,0.045383446999909254,1.3669310584011869e-05,2.4154144644015816e-05,1.5212096781750434e-10,7.471523944281048e-12,1.0220132788260808e-17,1.7792263719695918e-18,1.0,1.0,1.0,1.0,1.0,1.0,1.0,1.0,2.3286988713787487e-06,2.820345945771394e-07,8.566855588354148e-13,4.5359153386788433e-13,0.9368240866383253,0.6003328506616155,0.07547486098617101,0.05516627906226363,1.0,1.0,1.0,1.0,8.774855501277285e-10,1.3468007730697856e-13,1.4998456696497298e-22,1.7797971714134105e-22,1.0,1.0,1.0,1.0,1.0,1.0,1.0,1.0,8.757199337598478e-07,2.3680241298497236e-07,8.545784242839183e-13,2.0986958663780836e-12,0.07952189073952594,0.2121608079190819,0.007278534603547378,0.017985486350108493,6.794331433083072e-12,2.778025029688673e-14,1.4427501198516792e-21,1.0638224415930825e-20,1.4126378308218433e-17,7.717991780058561e-20,3.41980292574756e-25,3.940056661786996e-25,1.0,1.0,1.0,1.0,1.0,1.0,1.0,1.0,8.432068453852324e-09,6.9012187322258e-12,4.59845025183322e-15,5.463568397254713e-15,1.0,0.4725576779346345,0.031404102374901814,0.020924149463472232,1.0,1.0,1.0,1.0,2.8387080878267837e-10,1.0834182808103374e-13,2.2335321633736907e-22,5.852980492143318e-22
0.019341173527973928,0.004798697086453735,0.000568035643718785,0.0005144795106956157,1.0,0.15996919644873048,7.988486305806274e-05,0.00013714738015957706,1.5177746768194576e-09,8.40055637182363e-11,1.8569397370841055e-16,3.421047921897139e-17,1.0,1.0,1.0,1.0,1.0,1.0,1.0,1.0,1.4875195346700996e-05,2.005947714282819e-06,1.0442893287654859e-11,5.6563333278385384e-12,1.0,1.0,0.2552416310762677,0.19187426980911124,1.0,1.0,1.0,1.0,8.135314566482058e-09,1.7571600371934278e-12,3.847115009860268e-21,4.5465748206285884e-21,1.0,1.0,1.0,1.0,1.0,1.0,1.0,1.0,5.8736677539875e-06,1.6990321474020111e-06,1.0418366724961127e-11,2.479660597452166e-11,0.2691669852093433,0.6594981927076606,0.029284075220047924,0.06810130029711277,7.67285144827731e-11,3.856728698101094e-13,3.461356043735977e-20,2.398000777527518e-19,2.538265760125012e-16,1.6338016350748742e-18,1.046112417074359e-23,1.1998547240144883e-23,1.0,1.0,1.0,1.0,1.0,1.0,1.0,1.0,7.075300373388578e-08,7.791378970176414e-11,6.789517540854666e-14,8.008291672927946e-14,1.0,1.0,0.11360205011860665,0.07833996788392125,1.0,1.0,1.0,1.0,2.755495729394136e-09,1.4242259325720242e-12,5.669854728849575e-21,1.4428609983342588e-20
0.0543126248076266,0.014396690931494897,0.0019043180936389279,0.0017318499455732878,1.0,0.39401768123009767,0.0002919709359765111,0.0004893290750023202,8.347656385415286e-09,5.065782146231729e-10,1.6192309473250045e-15,3.114535947853281e-16,1.0,1.0,1.0,1.0,1.0,1.0,1.0,1.0,5.81525013039052e-05,8.482525677598349e-06,6.732451787465353e-11,3.712449002467921e-11,1.0,1.0,0.6088675340880119,0.4679396936654026,1.0,1.0,1.0,1.0,4.220375077564374e-08,1.1901466472122295e-11,4.375763954028379e-20,5.149935849305777e-20,1.0,1.0,1.0,1.0,1.0,1.0,1.0,1.0,2.385406624645397e-05,7.215985738667672e-06,6.719583002475658e-11,1.548420852165868e-10,0.6392056028042744,1.0,0.07988248500015574,0.17688657627172066,4.640195794212933e-10,2.721506414905547e-12,3.731966165397486e-19,2.4663753278565188e-18,2.1962260460707593e-15,1.6081053958313598e-17,1.3596631798143678e-22,1.5543384176317508e-22,1.0,1.0,1.0,1.0,1.0,1.0,1.0,1.0,3.405407744317482e-07,4.70450053533135e-10,5.054190813119025e-13,5.936100967406934e-13,1.0,1.0,0.28715389050159207,0.20202994807233235,1.0,1.0,1.0,1.0,1.486233108670351e-08,9.718603039451025e-12,6.387784501900702e-20,1.5892735967907705e-19
0.051894968325617304,0.013709770565905095,0.0018040689187002294,0.0016403340607197509,1.0,0.3790739096235182,0.00027537314087421435,0.0004615729719699083,7.74047741827266e-09,4.670553776172733e-10,1.4684349481861514e-15,2.8188731790154245e-16,1.0,1.0,1.0,1.0,1.0,1.0,1.0,1.0,5.467105884437257e-05,7.945750468661045e-06,6.191298509321566e-11,3.40757545503335e-11,1.0,1.0,0.5873559541823357,0.44958731121909157,1.0,1.0,1.0,1.0,3.917562091595591e-08,1.0914558361342755e-11,3.918167946754235e-20,4.61219668558042e-20,1.0,1.0,1.0,1.0,1.0,1.0,1.0,1.0,2.237804834235227e-05,6.7630532510531314e-06,6.177255692822693e-11,1.426687895595114e-10,0.6143544287816103,1.0,0.07666476790618847,0.16926541371074982,4.2791494015767795e-10,2.4908144437912693e-12,3.349553415451104e-19,2.2176341930220142e-18,1.990494486242678e-15,1.4490119209850357e-17,1.2104545905873427e-22,1.383958637890877e-22,1.0,1.0,1.0,1.0,1.0,1.0,1.0,1.0,3.173180892626772e-07,4.341686082729833e-10,4.616944960595147e-13,5.420042190768601e-13,1.0,1.0,0.2754904157678483,0.1933969265372684,1.0,1.0,1.0,1.0,1.3762782649798045e-08,8.91330220933025e-12,5.720375601025285e-20,1.4246402064396504e-19
9.649265466919617e-09,1.0921233431306329e-09,4.372860668066159e-11,3.7655338951477294e-11,4.853508102464914e-05,2.9302103632755215e-07,2.411335839299496e-12,5.3162137167326e-12,5.973765030424276e-19,1.2333480530696898e-20,5.2818455490464615e-28,6.118499611797437e-29,1.0,1.0,1.0,1.0,0.006787431572980231,0.08723274210343859,0.3906152328020093,0.9179306386755867,2.1130904143690265e-13,1.2040864829825852e-14,7.755498065770276e-22,3.4474581611313738e-22,3.641678462840188e-05,1.7476592818446567e-05,6.393751398730416e-07,3.958655791269911e-07,0.4072976466351129,0.06508441758618339,0.017453129946239907,0.012759486134156641,5.795586509955444e-18,7.417874638311407e-23,6.502102643032696e-34,8.007339927710783e-34,1.0,1.0,1.0,1.0,1.0,1.0,1.0,1.0,5.572761847230848e-14,9.515763171057403e-15,7.730371103932214e-22,2.4285229604817628e-21,6.976979641610052e-07,3.250908763052725e-06,1.8574037702268912e-08,7.179039320475086e-08,1.0914734692553885e-20,1.0141727898605252e-23,1.0131224558721735e-32,1.151714215546897e-31,7.880257119120055e-28,1.2958172793996657e-30,4.256816292097186e-37,5.0439617561855255e-37,1.0,1.0,1.0,1.0,1.0,1.0,1.0,1.0,1.1252649907283981e-16,1.1140377871623536e-20,1.0562689513863269e-24,1.309219410535839e-24,0.0001374742144354869,1.1739783337105488e-05,1.6782736100790792e-07,9.045793181195718e-08,1.0,0.03708914294014465,0.006388660905019559,0.008604910970343384,1.3360713492221943e-18,5.637966410834458e-23,1.0543659186879392e-33,3.3873656282405114e-33
1.8103982497974966e-08,2.1089061290709073e-09,8.75249095315413e-11,7.565981275198666e-11,8.046475589452958e-05,5.241467225920036e-07,5.001343518174593e-12,1.0914558361342755e-11,1.441960800282573e-18,3.095182466263682e-20,1.5235538809148474e-27,1.7961264891397998e-28,1.0,1.0,1.0,1.0,0.010306598756787147,0.1255640616327247,0.5411423619585896,1.0,4.500624989843343e-13,2.644379783207523e-14,1.99366391753405e-21,8.913080623605173e-22,6.059900957696908e-05,2.9404911272750505e-05,1.1348486760670243e-06,7.043021032011393e-07,0.5639974554637255,0.0937268057084532,0.026026611614324523,0.019136131896555227,1.3727410346316219e-17,1.9394816698242102e-22,2.0741943358713953e-33,2.550644627768557e-33,1.0,1.0,1.0,1.0,1.0,1.0,1.0,1.0,1.2041729569622384e-13,2.0921460258584035e-14,1.987266366068687e-21,6.181708656072306e-21,1.2363568412309285e-06,5.618103734465287e-06,3.4594914962550406e-08,1.3150975065133275e-07,2.742927089859558e-20,2.702521960960806e-23,3.168942248399788e-32,3.5371105754015654e-31,2.2634460764077982e-27,3.91005120427809e-30,1.4282989096646256e-36,1.6904817893757014e-36,1.0,1.0,1.0,1.0,1.0,1.0,1.0,1.0,2.5933669941695235e-16,2.7991215321899195e-20,2.8698229213207027e-24,3.55297668731957e-24,0.00022410393050709102,1.98911140739905e-05,3.020624092009718e-07,1.6538990608842167e-07,1.0,0.05445448206643236,0.009717456570138719,0.013012586328099993,3.2031511115863195e-18,1.4788489531565197e-22,3.3520806158377856e-33,1.0684108354787579e-32
3.4075452808648045e-06,5.097840580227659e-07,3.0066364210994236e-08,2.6346021366258393e-08,0.005130253199646605,6.501324938281761e-05,2.3088285943058944e-09,4.665692974965753e-09,2.6246092499267002e-15,7.676510767276408e-17,1.3336604559914835e-23,1.8180112616815655e-24,1.0,1.0,1.0,1.0,0.29489733062239026,1.0,1.0,1.0,2.626553689027265e-10,2.0268201334029516e-11,6.150645727597045e-18,2.9321695071289502e-18,0.004024257558564007,0.0021545509987274647,0.00012757554780797766,8.418580510025821e-05,1.0,1.0,0.6226675011079715,0.4886167486377304,2.0682921204510985e-14,7.187231071420846e-19,4.430876723525432e-29,5.378311280648718e-29,1.0,1.0,1.0,1.0,1.0,1.0,1.0,1.0,7.991989544579316e-11,1.640234350112852e-11,6.13263550175586e-18,1.7442521339454366e-17,0.0001374742144354869,0.0005137909488527511,6.010003293234848e-06,1.936652674812003e-05,6.868579335088002e-17,1.160309470120978e-19,5.683193581267056e-28,5.4218346027290574e-27,1.9307746968887386e-23,5.1220779149438764e-26,4.799416841981373e-32,5.623004078493341e-32,1.0,1.0,1.0,1.0,1.0,1.0,1.0,1.0,3.034768292263919e-13,6.997870611691754e-17,1.459954939429097e-20,1.7796250754705446e-20,0.012202401599392981,0.0015352999753566949,4.016783443840749e-05,2.3628052798049053e-05,1.0,1.0,0.28100089654225885,0.35789074250496616,5.469983341677495e-15,5.592477901239875e-19,6.94572698393106e-29,2.0574999576065347e-28
2.1490577493325268e-06,3.135839775992047e-07,1.7855582905123877e-08,1.5641348858612036e-08,0.003567810492815254,4.2542661083492385e-05,1.335111562951559e-09,2.7128861812587886e-09,1.3342942808888083e-15,3.788087710346698e-17,5.859466955698981e-24,7.8672619452603755e-25,1.0,1.0,1.0,1.0,0.2212370284515753,1.0,1.0,1.0,1.4829224625295993e-10,1.1144847347601672e-11,2.9738050819903385e-18,1.4094955937273005e-18,0.002778472708421621,0.0014792914315465515,8.406209741085104e-05,5.52336781538126e-05,1.0,1.0,0.47787700668078453,0.37155974208637793,1.0705086816552224e-14,3.416440056379071e-19,1.7877312322175946e-29,2.1726412146499825e-29,1.0,1.0,1.0,1.0,1.0,1.0,1.0,1.0,4.4673063521040296e-11,9.007168621856225e-12,2.9650189939189605e-18,8.511085803362554e-18,9.059621468580934e-05,0.0003452229981141469,3.815898501900638e-06,1.2449925326732804e-05,3.3895734336883403e-17,5.446272590947127e-20,2.333158161799202e-28,2.2552209789743838e-27,8.502145992615761e-24,2.1621660834068182e-26,1.8557843294800428e-32,2.1763128180535032e-32,1.0,1.0,1.0,1.0,1.0,1.0,1.0,1.0,1.6072534651106893e-13,3.450619250999874e-17,6.739292038518175e-21,8.221895687063234e-21,0.008628423732888791,0.0010517880530176477,2.605875256441878e-05,1.5228804084374702e-05,1.0,0.8772651963027706,0.2111034268427215,0.2693691266365294,2.791710758393338e-15,2.6524313692777428e-19,2.8103499854530663e-29,8.375032729954373e-29
1.0,1.0,1.0,1.0,1.0,1.0,1.0,1.0,1.0,1.0,1.0,1.0,2.238043184919831e-12,2.6338787859633535e-12,3.1539080090247543e-10,6.733182480614441e-10,0.19282439050331882,0.016860568587814206,0.0027623813665540093,0.0008280478856976676,1.0,1.0,1.0,1.0,1.0,1.0,1.0,1.0,0.0026089294070819344,0.023262265567063733,0.08451975381511713,0.11202701277994033,1.0,1.0,0.033581705802484825,0.03602193169061215,8.757199337598478e-07,5.8736677539875e-06,2.385406624645397e-05,2.237804834235227e-05,5.572761847230848e-14,1.2041729569622384e-13,7.991989544579316e-11,4.4673063521040296e-11,1.0,1.0,1.0,1.0,1.0,1.0,1.0,1.0,1.0,1.0,0.08264885921536139,0.1792743530771467,1.0,0.37578859615434074,0.002590297950215656,0.0027567065693199135,6.747709453234552e-10,2.5652675105664717e-10,1.807102135762336e-07,1.40494636043471e-07,1.9902448340967742e-05,0.00010079078545260338,1.8649345454150554e-06,3.947101020406434e-07,1.0,1.0,1.0,1.0,1.0,1.0,1.0,1.0,0.0004111241272010133,0.04142885473416454,0.20274694885529254,0.15793240469569753,1.0,1.0,0.039522142709484176,0.05810099707397924
1.0,1.0,1.0,1.0,1.0,1.0,1.0,1.0,1.0,1.0,1.0,1.0,4.19461885543089e-13,4.956926036748677e-13,6.719583002475658e-11,1.4630271033293679e-10,0.08545638609330129,0.00662949614677193,0.001001284547867604,0.00028506119835076943,1.0,1.0,1.0,1.0,1.0,1.0,1.0,1.0,0.0009425523490066278,0.009287769814380944,0.036111704813305036,0.048600119596301956,1.0,1.0,0.07918121022320146,0.08441826648343198,2.3680241298497236e-07,1.6990321474020111e-06,7.215985738667672e-06,6.7630532510531314e-06,9.515763171057403e-15,2.0921460258584035e-14,1.640234350112852e-11,9.007168621856225e-12,1.0,1.0,1.0,1.0,1.0,1.0,1.0,1.0,1.0,1.0,0.18681857115624842,0.3867273332732973,1.0,0.7774905129980774,0.006875506174765801,0.00729862634886966,1.4662916600524894e-10,5.4351280570459384e-11,4.61166263705731e-08,3.5646759709374755e-08,5.987708705102449e-06,3.216022618018185e-05,5.15781580335658e-07,1.0389674593815901e-07,1.0,1.0,1.0,1.0,1.0,1.0,1.0,1.0,0.0001381300337665904,0.01697577146060475,0.090194698729632,0.06969043138315865,1.0,1.0,0.09201130113245241,0.13244826991546765
0.8434697179439339,1.0,1.0,1.0,0.0031510476167657024,0.12923751091101157,1.0,1.0,1.0,1.0,1.0,1.0,7.252233557146729e-20,8.880050256404771e-20,3.421047921897139e-17,8.883815977994947e-17,1.9336101505641423e-05,5.490027201092945e-07,4.2962870501040546e-08,8.135314566482058e-09,1.0,1.0,1.0,1.0,0.004039119720358294,0.007360654216551144,0.07936721370474503,0.10749834858932121,3.971142493894457e-08,8.735731801904693e-07,5.710704535909018e-06,8.641884038655615e-06,1.0,1.0,1.0,1.0,8.545784242839183e-13,1.0418366724961127e-11,6.719583002475658e-11,6.177255692822693e-11,7.730371103932214e-22,1.987266366068687e-21,6.13263550175586e-18,2.9650189939189605e-18,1.0,1.0,1.0,1.0,0.07528431378864879,0.026355263702814703,0.605750685818057,0.2946795172703425,1.0,1.0,1.0,1.0,1.0,1.0,1.0,1.0,8.909019647768071e-17,2.6426258845952767e-17,1.098792219847714e-13,7.944283716625576e-14,5.2838760258432785e-11,4.65029426131711e-10,2.2936057660926473e-12,3.034768292263919e-13,1.0,1.0,1.0,1.0,0.00124307132209149,0.010081713937403328,0.18179881463258424,0.25875104116355774,3.1292624879127372e-09,2.004632186689132e-06,2.082098362528485e-05,1.4342335652139027e-05,1.0,1.0,1.0,1.0
1.0,1.0,1.0,1.0,0.005339707301297002,0.19951874118242655,1.0,1.0,1.0,1.0,1.0,1.0,2.168711859628276e-19,2.6488043695045183e-19,9.521308662065615e-17,2.451309620735747e-16,3.636111335835049e-05,1.1035949196247016e-06,9.007989649267279e-08,1.7465241556418397e-08,1.0,1.0,1.0,1.0,0.006779753482508625,0.012189253125175395,0.12339708322970899,0.16651865078108385,8.336855687742629e-08,1.736591974315581e-06,1.097464790534027e-05,1.64682378394212e-05,1.0,1.0,1.0,1.0,2.0986958663780836e-12,2.479660597452166e-11,1.548420852165868e-10,1.426687895595114e-10,2.4285229604817628e-21,6.181708656072306e-21,1.7442521339454366e-17,8.511085803362554e-18,1.0,1.0,1.0,1.0,0.11683304471510152,0.042382776166590155,0.8898640133992639,0.4425448918818496,1.0,1.0,1.0,1.0,1.0,1.0,1.0,1.0,2.458169729736294e-16,7.381713537259931e-17,2.7773270232388453e-13,2.0163743086286043e-13,1.2226180855103633e-10,1.0461837478671582e-09,5.558934189874423e-12,7.537442177078723e-13,1.0,1.0,1.0,1.0,0.0021519072072766457,0.016580205303044222,0.2760694218589726,0.38982488847166374,6.85020623249522e-09,3.916215083137102e-06,3.909721084775294e-05,2.7063155218433933e-05,1.0,1.0,1.0,1.0
1.0,1.0,1.0,1.0,1.0,1.0,1.0,1.0,0.887150776421281,0.21721149537083842,0.0001697549261805418,6.236146318247434e-05,1.050743861511177e-05,1.1830471438845497e-05,0.0003628598406875864,0.0006194272244164044,1.0,1.0,1.0,1.0,1.0,1.0,0.07535206840196955,0.05462670373163438,1.0,1.0,1.0,1.0,1.0,1.0,1.0,1.0,1.0,0.029425576735436318,2.3461222127373163e-07,2.6038089279245905e-07,0.07952189073952594,0.2691669852093433,0.6392056028042744,0.6143544287816103,6.976979641610052e-07,1.2363568412309285e-06,0.0001374742144354869,9.059621468580934e-05,1.0,1.0,0.07528431378864879,0.11683304471510152,1.0,1.0,1.0,1.0,0.20785515655364473,0.0129883124281398,9.304522942450422e-07,3.088263418778212e-06,0.00020418579574841406,1.001264585896974e-05,5.268116883441058e-09,5.7646670234101895e-09,0.0006202480770045906,0.00031425972760548834,0.028220501730007855,0.0239052024788824,0.5735329942003389,1.0,0.12922094660938857,0.047433789524231065,1.0,0.2092054650286959,0.005023472050803643,0.005497138679864166,1.0,1.0,1.0,1.0,1.0,1.0,1.0,1.0,1.0,0.026355263702814703,2.9916900238351e-07,5.372931065831151e-07
1.0,1.0,1.0,1.0,1.0,1.0,1.0,1.0,0.36859611062321473,0.08149093501790623,4.321811506933602e-05,1.5195822387390862e-05,4.379455599086896e-05,4.904112453675017e-05,0.0012983919161419736,0.0021616973788995057,1.0,1.0,1.0,1.0,1.0,1.0,0.026367729253893562,0.018785981241546863,1.0,1.0,1.0,1.0,1.0,1.0,1.0,1.0,0.8481883340925568,0.009759530572701404,4.5145700040423525e-08,5.032439380181216e-08,0.2121608079190819,0.6594981927076606,1.0,1.0,3.250908763052725e-06,5.618103734465287e-06,0.0005137909488527511,0.0003452229981141469,1.0,1.0,0.026355263702814703,0.042382776166590155,1.0,1.0,1.0,1.0,0.07787221437759974,0.0041182738556259715,1.9045258269825694e-07,6.608860986402865e-07,5.237350169670771e-05,2.257657297476895e-06,8.82679680072054e-10,9.688703262555389e-10,0.0021643508271627,0.0011321546117612044,0.08001171221738074,0.0687654679005721,1.0,1.0,0.33577518834817716,0.1297284460403765,1.0,0.07846710982745425,0.0014965386135640738,0.0016495087510592149,1.0,1.0,1.0,1.0,1.0,1.0,1.0,1.0,0.49666266575449125,0.008659000444326805,5.819315308747986e-08,1.0754942879774553e-07
1.0,1.0,1.0,1.0,1.0,1.0,1.0,1.0,1.0,1.0,0.0028342151114489713,0.0011485381347119195,3.5942127010584304e-07,4.093455493216502e-07,1.7521789209600443e-05,3.1590379097927814e-05,1.0,1.0,1.0,0.9230523923839503,1.0,1.0,0.6057520847672505,0.46214033985329894,1.0,1.0,1.0,1.0,1.0,1.0,1.0,1.0,1.0,0.2701192596830145,7.101147605836518e-06,7.830957428130088e-06,0.007278534603547378,0.029284075220047924,0.07988248500015574,0.07666476790618847,1.8574037702268912e-08,3.4594914962550406e-08,6.010003293234848e-06,3.815898501900638e-06,1.0,1.0,0.605750685818057,0.8898640133992639,1.0,1.0,1.0,1.0,1.0,0.1319646639040667,2.502670004187112e-05,7.475501360717407e-05,0.0033501663470550834,0.00021834478501233162,2.1929627898333067e-07,2.376787217409762e-07,3.1639030924509454e-05,1.4928939580839207e-05,0.00223866496487202,0.0018518471045790416,0.07062711969480638,0.22015882295730835,0.012664901084838809,0.004039119720358294,1.0,1.0,0.057481064650432616,0.06233165200989571,1.0,1.0,1.0,1.0,0.5768692448886378,1.0,1.0,1.0,1.0,0.24495868333922657,8.88558015523935e-06,1.5195822387390862e-05
1.0,1.0,1.0,1.0,1.0,1.0,1.0,1.0,1.0,0.7740837872572575,0.001057282663057775,0.0004120563013584877,1.2671666396551083e-06,1.4391569282697075e-06,5.4430253182064254e-05,9.604359659109944e-05,1.0,1.0,1.0,1.0,1.0,1.0,0.29489733062239026,0.22013931444603482,1.0,1.0,1.0,1.0,1.0,1.0,1.0,1.0,1.0,0.12501494810702593,2.138550881503279e-06,2.360026030934046e-06,0.017985486350108493,0.06810130029711277,0.17688657627172066,0.16926541371074982,7.179039320475086e-08,1.3150975065133275e-07,1.936652674812003e-05,1.2449925326732804e-05,1.0,1.0,0.2946795172703425,0.4425448918818496,1.0,1.0,1.0,1.0,0.741117285971336,0.05923900443226826,7.851805023531306e-06,2.433657392952012e-05,0.0012538886756721366,7.371677910922247e-05,5.8439975644113414e-08,6.366988881986241e-08,9.618397593705689e-05,4.6648931523039956e-05,0.005840817792271291,0.004884671562957101,0.15648446427014942,0.4621536669547111,0.030539201205524207,0.01020473976273978,1.0,0.7462750230047018,0.024534103209151784,0.02669246009989569,1.0,1.0,1.0,1.0,1.0,1.0,1.0,1.0,1.0,0.1129248753813006,2.6970263016197374e-06,4.6848686747906395e-06
1.0,1.0,1.0,1.0,0.010499395689589896,0.3472008733690791,1.0,1.0,1.0,1.0,1.0,1.0,9.120513602653596e-19,1.110334172112499e-18,3.647332420320505e-16,9.25212267063857e-16,8.238115773882157e-05,2.7302855545339224e-06,2.363653769992283e-07,4.738179381002578e-08,1.0,1.0,1.0,1.0,0.01323200119052996,0.02341239956111211,0.21844622171795738,0.2906984017273742,2.1929627898333067e-07,4.24240699823164e-06,2.5644869784446527e-05,3.8145733499595624e-05,1.0,1.0,1.0,1.0,6.794331433083072e-12,7.67285144827731e-11,4.640195794212933e-10,4.2791494015767795e-10,1.0914734692553885e-20,2.742927089859558e-20,6.868579335088002e-17,3.3895734336883403e-17,1.0,1.0,1.0,1.0,0.20785515655364473,0.07787221437759974,1.0,0.741117285971336,1.0,1.0,1.0,1.0,1.0,1.0,1.0,1.0,9.277536433174304e-16,2.839964254063534e-16,9.30161068979737e-13,6.795156281794549e-13,3.680457996762367e-10,3.011241973345279e-09,1.770880790491771e-11,2.484805005649074e-12,1.0,1.0,1.0,1.0,0.004387139272676533,0.03148312740194391,0.47349636872461265,0.6561473258137863,1.8921430799362243e-08,9.391493769890445e-06,8.845005867610974e-05,6.190814212309841e-05,1.0,1.0,1.0,1.0
0.19185478795621086,0.5903864444681295,1.0,1.0,0.0004033469483631002,0.023770465967210535,1.0,1.0,1.0,1.0,1.0,1.0,1.137472833761038e-21,1.405504256109861e-21,6.966124875680962e-19,1.8834651763175935e-18,1.6990321474020111e-06,3.777152539592412e-08,2.512738589008847e-09,4.3048398767986063e-10,1.0,1.0,1.0,1.0,0.0005271560872516242,0.0010186141121939743,0.013800786405629,0.019336265061942203,2.3108230032127834e-09,6.167191451425515e-08,4.6043856370143104e-07,7.145689507239084e-07,1.0,1.0,1.0,1.0,2.778025029688673e-14,3.856728698101094e-13,2.721506414905547e-12,2.4908144437912693e-12,1.0141727898605252e-23,2.702521960960806e-23,1.160309470120978e-19,5.446272590947127e-20,1.0,1.0,1.0,1.0,0.0129883124281398,0.0041182738556259715,0.1319646639040667,0.05923900443226826,1.0,1.0,1.0,1.0,1.0,1.0,1.0,1.0,1.889077311700399e-18,5.321585726299663e-19,3.2244905556184046e-15,2.294245555522565e-15,2.115457594974953e-12,2.097691385892219e-11,7.843982452670527e-14,9.367232590747932e-15,1.0,1.0,1.0,1.0,0.00014797964902934753,0.0014318861825528303,0.03450169429448499,0.05134728203870218,1.56540548283812e-10,1.5030679456111366e-07,1.840023615791102e-06,1.2333659517032885e-06,1.0,1.0,1.0,1.0
4.285813877710678e-05,0.00022915712987205925,0.0020750096418192254,0.002277854423161144,8.273999550752997e-09,2.165618465833182e-06,0.011755444278566105,0.0074862154696246795,1.0,1.0,1.0,1.0,2.49189533676144e-30,3.19022975331918e-30,4.702009297157532e-27,1.5275936814962285e-26,6.292066853757867e-12,4.964683533390231e-14,1.6631446675436745e-15,1.8621562381566808e-16,0.04315704357684119,0.16805308798080099,1.0,1.0,1.181081170022084e-08,2.854466032734457e-08,1.0145203268542978e-06,1.6251198633945137e-06,1.4996281323987341e-15,9.238755310476275e-14,1.1816749544904933e-12,2.0820645957173256e-12,1.0,1.0,1.0,1.0,1.4427501198516792e-21,3.461356043735977e-20,3.731966165397486e-19,3.349553415451104e-19,1.0131224558721735e-32,3.168942248399788e-32,5.683193581267056e-28,2.333158161799202e-28,0.08264885921536139,0.18681857115624842,1.0,1.0,9.304522942450422e-07,1.9045258269825694e-07,2.502670004187112e-05,7.851805023531306e-06,1.0,1.0,1.0,1.0,1.0,1.0,1.0,1.0,1.533078497964272e-26,3.417886545847345e-27,1.086932327988226e-22,7.234332322338755e-23,2.7420721138698623e-19,4.5067617547032985e-18,5.0466478126679555e-21,3.8913375785434127e-22,1.0,1.0,1.0,1.0,2.1717227374379663e-09,4.528580817541999e-08,3.654788898467904e-06,6.388894370705159e-06,5.35204548104781e-17,2.8403660670678114e-13,6.974198024921067e-12,4.168552184110614e-12,1.0,1.0,1.0,1.0
0.00012583438523024678,0.0006345814196820303,0.005307168035962392,0.005810161643819455,3.164239643273206e-08,6.993955900138259e-06,0.02779939240868504,0.018089052953779963,1.0,1.0,1.0,1.0,2.6024849632977766e-29,3.317872319703222e-29,4.334412989221653e-26,1.3807078476385926e-25,2.905604071429922e-11,2.5660660322504434e-13,9.28690366160359e-15,1.084559924903008e-15,0.0957471334675872,0.35099677145529673,1.0,1.0,4.4693681761090745e-08,1.0552713794754603e-07,3.3557085027372673e-06,5.291467804844364e-06,8.384408876258379e-15,4.700985769092747e-13,5.662086867516926e-12,9.83407822383194e-12,1.0,1.0,1.0,1.0,1.0638224415930825e-20,2.398000777527518e-19,2.4663753278565188e-18,2.2176341930220142e-18,1.151714215546897e-31,3.5371105754015654e-31,5.4218346027290574e-27,2.2552209789743838e-27,0.1792743530771467,0.3867273332732973,1.0,1.0,3.088263418778212e-06,6.608860986402865e-07,7.475501360717407e-05,2.433657392952012e-05,1.0,1.0,1.0,1.0,1.0,1.0,1.0,1.0,1.3855735702424303e-25,3.167412978457465e-26,8.379663902901441e-22,5.620100411475861e-22,1.8231008405679384e-18,2.842292892771817e-17,3.6301435886186134e-20,2.9391834204772465e-21,1.0,1.0,1.0,1.0,8.609828648520501e-09,1.6588631660569602e-07,1.161926768783096e-05,1.9933711917859774e-05,3.2007737856765164e-16,1.4030779141818599e-12,3.2136803966297284e-11,1.9433435228363823e-11,1.0,1.0,1.0,1.0
0.005266101156236713,0.02113083388228528,0.12674220559556507,0.13665955387903678,3.529789299790627e-06,0.00041846944961502927,0.5057940427385358,0.35479150216771155,1.0,1.0,1.0,1.0,1.287013363141326e-25,1.6163395282208398e-25,1.3503067442260362e-22,3.9814605191202975e-22,6.6036983191147805e-09,8.907421003224323e-11,4.282748790939754e-12,6.001339189590221e-13,1.0,1.0,1.0,1.0,4.8043053891000726e-06,1.0278955749664258e-05,0.00021966980596332814,0.0003285635971474906,3.900681258272962e-12,1.548420852165868e-10,1.4977472737629083e-09,2.4738133965287887e-09,1.0,1.0,1.0,1.0,1.4126378308218433e-17,2.538265760125012e-16,2.1962260460707593e-15,1.990494486242678e-15,7.880257119120055e-28,2.2634460764077982e-27,1.9307746968887386e-23,8.502145992615761e-24,1.0,1.0,1.0,1.0,0.00020418579574841406,5.237350169670771e-05,0.0033501663470550834,0.0012538886756721366,1.0,1.0,1.0,1.0,1.0,1.0,1.0,1.0,3.994488633936071e-22,1.0078638643248018e-22,1.3360713492221943e-18,9.224016414576603e-19,1.6611545160872658e-15,2.0976320075417942e-14,4.407183389608252e-17,4.279142135652211e-18,1.0,1.0,1.0,1.0,1.1086733482193002e-06,1.5299181065318494e-05,0.0006550741494519177,0.0010559253852163845,1.9608120552795215e-13,4.215975529945454e-10,7.229906877956821e-09,4.588701383931498e-09,1.0,1.0,1.0,1.0
0.00036005371213587955,0.001716293811510309,0.013092427267885233,0.014279335489592473,1.1851470241090518e-07,2.2055366147454547e-05,0.06412287519339029,0.0424872585215443,1.0,1.0,1.0,1.0,2.6880659027574156e-28,3.412473174219203e-28,3.9538161867306304e-25,1.2360841967496635e-24,1.309095621415558e-10,1.2955739424922835e-12,5.072744800762707e-14,6.2351379007143145e-15,0.20832423078006487,0.7058860064697011,1.0,1.0,1.6619653317472243e-07,3.804348498610284e-07,1.0850700523219027e-05,1.6846223840437926e-05,4.5916914558783105e-14,2.3432400542851208e-12,2.670559559242897e-11,4.572991781136693e-11,1.0,1.0,1.0,1.0,7.717991780058561e-20,1.6338016350748742e-18,1.6081053958313598e-17,1.4490119209850357e-17,1.2958172793996657e-30,3.91005120427809e-30,5.1220779149438764e-26,2.1621660834068182e-26,0.37578859615434074,0.7774905129980774,1.0,1.0,1.001264585896974e-05,2.257657297476895e-06,0.00021834478501233162,7.371677910922247e-05,1.0,1.0,1.0,1.0,1.0,1.0,1.0,1.0,1.2403577338132272e-24,2.9065345067897417e-25,6.398646608066008e-21,4.323471183527488e-21,1.1959317880055606e-17,1.7613796626122015e-16,2.570795753884951e-19,2.190965572372212e-20,1.0,1.0,1.0,1.0,3.349424803056117e-08,5.86461946228317e-07,3.612749297842273e-05,6.086609267728383e-05,1.8851401815721695e-15,6.828989999495092e-12,1.4447453704064486e-10,8.852680822668065e-11,1.0,1.0,1.0,1.0
4.0277313140630135e-07,2.7302855545339224e-06,3.407108780212672e-05,3.801284790619306e-05,2.6874341718621153e-11,1.3626492004859344e-08,0.0002556382425030889,0.00015065512004704324,0.5077880290494883,1.0,1.0,1.0,1.481649414252235e-34,1.926103525974763e-34,4.568772177130557e-31,1.6066814723824926e-30,9.756577717825317e-15,4.86930090276612e-17,1.2132096041140412e-18,1.1258548253886588e-19,0.001185755826545904,0.006063870636454053,1.0,1.0,3.99351067711274e-11,1.0627773750350037e-10,5.804508782903428e-09,9.832227992184789e-09,1.0834726738718175e-18,9.57841247140263e-17,1.5568573072811922e-15,2.893965167496232e-15,0.21276426017763686,1.0,1.0,1.0,3.41980292574756e-25,1.046112417074359e-23,1.3596631798143678e-22,1.2104545905873427e-22,4.256816292097186e-37,1.4282989096646256e-36,4.799416841981373e-32,1.8557843294800428e-32,0.002590297950215656,0.006875506174765801,1.0,1.0,5.268116883441058e-09,8.82679680072054e-10,2.1929627898333067e-07,5.8439975644113414e-08,1.0,1.0,1.0,1.0,1.0,1.0,1.0,1.0,1.612875517215023e-30,3.2543545621949156e-31,2.1213713995894223e-26,1.3711410295862787e-26,9.759152902320027e-23,2.0071276763039832e-21,1.3137432628777296e-24,8.3663308427574e-26,0.06046494496644387,1.0,1.0,1.0,6.092023758513746e-12,1.7796881075604593e-10,2.464853574583204e-08,4.631334545713357e-08,2.925858253314681e-20,3.259920977403939e-16,1.0923131358370256e-14,6.218522393242671e-15,0.3770531424841444,1.0,1.0,1.0
4.3687031454111344e-07,2.9440419123466106e-06,3.66161955257628e-05,4.0824652167927064e-05,2.964876500390163e-11,1.4874392286494704e-08,0.0002738517536112434,0.00016129202078310362,0.5310711337980518,1.0,1.0,1.0,1.7458475149836416e-34,2.2689740789817106e-34,5.340564352641171e-31,1.8751314459187056e-30,1.089427350772036e-14,5.47907187076429e-17,1.3709525364971143e-18,1.2769086660685374e-19,0.001263190572892507,0.006432744803828748,1.0,1.0,4.404509741577536e-11,1.170691743283908e-10,6.352888084037849e-09,1.0742952526518754e-08,1.2249097718064182e-18,1.0774911330076462e-16,1.7429307355515845e-15,3.2380739860939306e-15,0.2226634940037761,1.0,1.0,1.0,3.940056661786996e-25,1.1998547240144883e-23,1.5543384176317508e-22,1.383958637890877e-22,5.0439617561855255e-37,1.6904817893757014e-36,5.623004078493341e-32,2.1763128180535032e-32,0.0027567065693199135,0.00729862634886966,1.0,1.0,5.7646670234101895e-09,9.688703262555389e-10,2.376787217409762e-07,6.366988881986241e-08,1.0,1.0,1.0,1.0,1.0,1.0,1.0,1.0,1.8823520928405036e-30,3.8032235607716325e-31,2.4509402059591058e-26,1.583986138709761e-26,1.1164212608383183e-22,2.2884902615701023e-21,1.5113023453630377e-24,9.651437227729797e-26,0.06382894136432032,1.0,1.0,1.0,6.7414987549273024e-12,1.957322601559289e-10,2.686663087872789e-08,5.042170746376267e-08,3.324044251950102e-20,3.656300321696674e-16,1.2198859598795665e-14,6.952698838683587e-15,0.3940337405644339,1.0,1.0,1.0
1.8407251084702026e-05,3.006151983850954e-06,2.0160255917441763e-07,1.7782099236111033e-07,0.018810315592582512,0.00030529407191595595,1.7150511167478784e-08,3.366477114658654e-08,3.167209494542564e-14,1.0330447240281913e-15,2.7874962767520476e-22,4.016877905184047e-23,1.0,1.0,1.0,1.0,0.8195752422556435,1.0,1.0,1.0,2.124846523286487e-09,1.7968414858804077e-10,8.93143940689105e-17,4.352904495678855e-17,0.01496156916490928,0.00836183432869534,0.0005778066034121542,0.0003899821243698974,1.0,1.0,1.0,1.0,2.3362851604426105e-13,1.1107837962079919e-17,1.2709135789148281e-27,1.5347234204802905e-27,1.0,1.0,1.0,1.0,1.0,1.0,1.0,1.0,6.747709453234552e-10,1.4662916600524894e-10,8.909019647768071e-17,2.458169729736294e-16,0.0006202480770045906,0.0021643508271627,3.1639030924509454e-05,9.618397593705689e-05,9.277536433174304e-16,1.889077311700399e-18,1.533078497964272e-26,1.3855735702424303e-25,3.994488633936071e-22,1.2403577338132272e-24,1.612875517215023e-30,1.8823520928405036e-30,1.0,1.0,1.0,1.0,1.0,1.0,1.0,1.0,3.114469984147005e-12,9.443685270298364e-16,2.5245510495956957e-19,3.055804876939252e-19,0.04260079650467637,0.0060977400729220685,0.00019297839152094705,0.0001163698539613997,1.0,1.0,0.7823707431082992,0.9757858706636555,6.436463238781242e-14,8.700551786103082e-18,1.969447061828238e-27,5.678807591071427e-27
8.583790761878487e-06,1.3470512228227683e-06,8.507209490285665e-08,7.470646645970098e-08,0.010454319317025815,0.00015158189674621716,6.922366431128378e-09,1.3735249478733486e-08,1.0229265436863327e-14,3.1671868840533063e-16,7.004350218464862e-23,9.832002065604279e-24,1.0,1.0,1.0,1.0,0.5174612206479678,1.0,1.0,1.0,8.234291093482627e-10,6.69558972785378e-11,2.650244833423893e-17,1.2772027867263054e-17,0.008273368538893485,0.004559212194032849,0.0002921054584136646,0.00019524496847373403,1.0,1.0,1.0,0.840328576801517,7.767408633544488e-14,3.1936966624220673e-18,2.75796969646498e-28,3.3394055777764877e-28,1.0,1.0,1.0,1.0,1.0,1.0,1.0,1.0,2.5652675105664717e-10,5.4351280570459384e-11,2.6426258845952767e-17,7.381713537259931e-17,0.00031425972760548834,0.0011321546117612044,1.4928939580839207e-05,4.6648931523039956e-05,2.839964254063534e-16,5.321585726299663e-19,3.417886545847345e-27,3.167412978457465e-26,1.0078638643248018e-22,2.9065345067897417e-25,3.2543545621949156e-31,3.8032235607716325e-31,1.0,1.0,1.0,1.0,1.0,1.0,1.0,1.0,1.0814388397018278e-12,2.892521909307492e-16,6.905522839268829e-20,8.384907250623115e-20,0.024245787108349355,0.0032791878717646585,9.472059845919853e-05,5.6565036607699475e-05,1.0,1.0,0.4943961021731671,0.6190921157934265,2.0976320075417942e-14,2.4940592122042126e-18,4.297240797919041e-28,1.2541949698152177e-27
0.0014017298713249668,0.0002910313461861924,2.734799749173346e-05,2.449596498985161e-05,0.47381782753668067,0.015510792437429456,3.154623848754315e-06,5.707181017103971e-06,2.3022044545378107e-11,1.0262219662520076e-12,9.592039760379872e-19,1.596840672504001e-19,1.0,1.0,1.0,1.0,1.0,1.0,1.0,1.0,4.985403212385712e-07,5.533128202538755e-08,1.1015982546716149e-13,5.710459117812206e-14,0.39322139136830764,0.24427259734714407,0.026604254596606577,0.019111445419428198,1.0,1.0,1.0,1.0,1.4015791145347065e-10,1.6345829222253745e-14,1.0708142307593942e-23,1.2768752801072474e-23,1.0,1.0,1.0,1.0,1.0,1.0,1.0,1.0,1.807102135762336e-07,4.61166263705731e-08,1.098792219847714e-13,2.7773270232388453e-13,0.028220501730007855,0.08001171221738074,0.00223866496487202,0.005840817792271291,9.30161068979737e-13,3.2244905556184046e-15,1.086932327988226e-22,8.379663902901441e-22,1.3360713492221943e-18,6.398646608066008e-21,2.1213713995894223e-26,2.4509402059591058e-26,1.0,1.0,1.0,1.0,1.0,1.0,1.0,1.0,1.4579332848709877e-09,9.45591874320225e-13,5.059907067955696e-16,6.040292158176495e-16,0.9168542129683749,0.18878807751852827,0.010505459264383751,0.00685651743483912,1.0,1.0,1.0,1.0,4.377093370838368e-11,1.3071615655044945e-14,1.6108111703487392e-23,4.318890428659348e-23
0.0011565374021037292,0.00023694458058924107,2.1977035042767255e-05,1.9662212257060343e-05,0.41164459325375735,0.013057639152151232,2.503114694205354e-06,4.539863130919542e-06,1.7063131172452474e-11,7.497778538549809e-13,6.607444850503988e-19,1.092749621185129e-19,1.0,1.0,1.0,1.0,1.0,1.0,1.0,1.0,3.9052164198258527e-07,4.282974899371892e-08,7.964678981435787e-14,4.119415927469461e-14,0.3432698691048892,0.21141351278215573,0.022524240552048727,0.016125622659596123,1.0,1.0,1.0,1.0,1.048431689906135e-10,1.1727047191422636e-14,7.073312151039151e-24,8.442156713089547e-24,1.0,1.0,1.0,1.0,1.0,1.0,1.0,1.0,1.40494636043471e-07,3.5646759709374755e-08,7.944283716625576e-14,2.0163743086286043e-13,0.0239052024788824,0.0687654679005721,0.0018518471045790416,0.004884671562957101,6.795156281794549e-13,2.294245555522565e-15,7.234332322338755e-23,5.620100411475861e-22,9.224016414576603e-19,4.323471183527488e-21,1.3711410295862787e-26,1.583986138709761e-26,1.0,1.0,1.0,1.0,1.0,1.0,1.0,1.0,1.1040573061238865e-09,6.908418170510484e-13,3.5756961428010687e-16,4.264753559588776e-16,0.8033038013309507,0.16257845544019148,0.008824275958960194,0.005741695464494879,1.0,1.0,1.0,1.0,3.2542852153006697e-11,9.378123943317217e-15,1.0652336818829098e-23,2.8642939706837436e-23
0.047585259633623596,0.012521030448331886,0.001632621117744733,0.001482440517100036,1.0,0.3524200954420474,0.00024691876973619356,0.00041449614341404435,6.71368786163171e-09,4.023876149342949e-10,1.22343874201572e-15,2.344509572455135e-16,1.0,1.0,1.0,1.0,1.0,1.0,1.0,1.0,4.877674736177295e-05,7.038626906104588e-06,5.295926249731181e-11,2.912311384480182e-11,1.0,1.0,0.5460735030873373,0.4165667497562257,1.0,1.0,1.0,1.0,3.412674546436476e-08,9.297865400901433e-12,3.196622267687952e-20,3.7617711047131063e-20,1.0,1.0,1.0,1.0,1.0,1.0,1.0,1.0,1.9902448340967742e-05,5.987708705102449e-06,5.2838760258432785e-11,1.2226180855103633e-10,0.5735329942003389,1.0,0.07062711969480638,0.15648446427014942,3.680457996762367e-10,2.115457594974953e-12,2.7420721138698623e-19,1.8231008405679384e-18,1.6611545160872658e-15,1.1959317880055606e-17,9.759152902320027e-23,1.1164212608383183e-22,1.0,1.0,1.0,1.0,1.0,1.0,1.0,1.0,2.7850491209240287e-07,3.735745248715449e-10,3.904922904301216e-13,4.585969936965679e-13,1.0,1.0,0.2550485742746323,0.17913081694504202,1.0,1.0,1.0,1.0,1.1948035842231783e-08,7.581219752557265e-12,4.666203264051808e-20,1.163882689299352e-19
0.1533924394681202,0.044290206529280764,0.006567969880369959,0.006002421669541495,1.0,0.9746605555523001,0.0011042059755025692,0.0018033860537410315,4.8737290544910074e-08,3.2797720086428503e-09,1.560015000338895e-14,3.1437790678140508e-15,1.0,1.0,1.0,1.0,1.0,1.0,1.0,1.0,0.00023661402052396201,3.754711847988902e-05,4.66041357530018e-10,2.620777863334202e-10,1.0,1.0,1.0,1.0,1.0,1.0,1.0,1.0,2.3287171458368296e-07,8.744185880219342e-11,5.592477901239875e-19,6.554793976529209e-19,1.0,1.0,1.0,1.0,1.0,1.0,1.0,1.0,0.00010079078545260338,3.216022618018185e-05,4.65029426131711e-10,1.0461837478671582e-09,1.0,1.0,0.22015882295730835,0.4621536669547111,3.011241973345279e-09,2.097691385892219e-11,4.5067617547032985e-18,2.842292892771817e-17,2.0976320075417942e-14,1.7613796626122015e-16,2.0071276763039832e-21,2.2884902615701023e-21,1.0,1.0,1.0,1.0,1.0,1.0,1.0,1.0,1.7269072229372395e-06,3.054697596744738e-09,4.090826860775013e-12,4.782621879369602e-12,1.0,1.0,0.7235328093109431,0.5215109023347376,1.0,1.0,1.0,1.0,8.513672980074338e-08,7.192250915095776e-11,8.083546370502825e-19,1.9612471699746214e-18
0.008230708534568244,0.0019066741883576141,0.0002095842832872808,0.00018905013531547396,1.0,0.07527146125542596,2.7487218336353262e-05,4.8085453604216123e-05,3.782212889420151e-10,1.9452630290971118e-11,3.2066732833481185e-17,5.703979281998649e-18,1.0,1.0,1.0,1.0,1.0,1.0,1.0,1.0,4.850479532964128e-06,6.118132342317162e-07,2.299161508433473e-12,1.2265926091514814e-12,1.0,0.9168542129683749,0.12257914776877259,0.0904694556252524,1.0,1.0,1.0,1.0,2.115945556510127e-09,3.7184014183813084e-13,5.377234320323379e-22,6.37232443893887e-22,1.0,1.0,1.0,1.0,1.0,1.0,1.0,1.0,1.8649345454150554e-06,5.15781580335658e-07,2.2936057660926473e-12,5.558934189874423e-12,0.12922094660938857,0.33577518834817716,0.012664901084838809,0.030539201205524207,1.770880790491771e-11,7.843982452670527e-14,5.0466478126679555e-21,3.6301435886186134e-20,4.407183389608252e-17,2.570795753884951e-19,1.3137432628777296e-24,1.5113023453630377e-24,1.0,1.0,1.0,1.0,1.0,1.0,1.0,1.0,1.954288439933243e-08,1.7989241512084794e-11,1.328228764856509e-14,1.5734118554175183e-14,1.0,0.7230855332115388,0.05265363848648266,0.03543779208189402,1.0,1.0,1.0,1.0,6.960887090303526e-10,3.0014418249729805e-13,7.976291185161316e-22,2.067394005029079e-21
0.002551241553294417,0.0005477221210420281,5.424312119750673e-05,4.86557749403065e-05,0.7239799796812497,0.026455212671675225,6.52609779671737e-06,1.1673448491841265e-05,5.87110739695057e-11,2.7356033319120703e-12,3.0818114988589352e-18,5.26152059422529e-19,1.0,1.0,1.0,1.0,1.0,1.0,1.0,1.0,1.0715886280520469e-06,1.2435189924269586e-07,3.041365813073948e-13,1.5917231319235948e-13,0.605750685818057,0.3836354989839982,0.044766543150007464,0.03239795433567613,1.0,1.0,1.0,1.0,3.4767526383882917e-10,4.6372963869413826e-14,3.946767345940782e-23,4.694327488716232e-23,1.0,1.0,1.0,1.0,1.0,1.0,1.0,1.0,3.947101020406434e-07,1.0389674593815901e-07,3.034768292263919e-13,7.537442177078723e-13,0.047433789524231065,0.1297284460403765,0.004039119720358294,0.01020473976273978,2.484805005649074e-12,9.367232590747932e-15,3.8913375785434127e-22,2.9391834204772465e-21,4.279142135652211e-18,2.190965572372212e-20,8.3663308427574e-26,9.651437227729797e-26,1.0,1.0,1.0,1.0,1.0,1.0,1.0,1.0,3.475375483708982e-09,2.5245417828813707e-12,1.5060127037530893e-15,1.790736282006505e-15,1.0,0.29752692565700667,0.018150498700134354,0.011935703482439473,1.0,1.0,1.0,1.0,1.1017708549091353e-10,3.7198004230595006e-14,5.908588927568227e-23,1.5622808050698667e-22
1.0,1.0,1.0,1.0,0.5074489320590309,1.0,1.0,1.0,1.0,1.0,1.0,1.0,6.1926673594784984e-15,7.400846568630922e-15,1.3541444471157224e-12,3.1069871253697047e-12,0.010193573029291476,0.0005817053222815905,7.269249597616018e-05,1.8473270154542695e-05,1.0,1.0,1.0,1.0,0.6065297978593436,0.9472825144078811,1.0,1.0,6.810705524071503e-05,0.0008484360784077526,0.0038761345638841046,0.005383075758231639,1.0,1.0,0.5215189338713945,0.5528208848130152,8.432068453852324e-09,7.075300373388578e-08,3.405407744317482e-07,3.173180892626772e-07,1.1252649907283981e-16,2.5933669941695235e-16,3.034768292263919e-13,1.6072534651106893e-13,1.0,1.0,1.0,1.0,1.0,1.0,1.0,1.0,1.0,1.0,1.0,1.0,1.0,1.0,0.06046494496644387,0.06382894136432032,3.114469984147005e-12,1.0814388397018278e-12,1.4579332848709877e-09,1.1040573061238865e-09,2.7850491209240287e-07,1.7269072229372395e-06,1.954288439933243e-08,3.475375483708982e-09,1.0,1.0,1.0,1.0,0.25431672726951504,1.0,1.0,1.0,8.411765782177368e-06,0.0016572971381115574,0.010793431032191901,0.008043328791210091,1.0,1.0,0.5964897789407491,0.8226465177483242
1.0,1.0,1.0,1.0,0.010584647796383706,0.3497734791927561,1.0,1.0,1.0,1.0,1.0,1.0,9.29783037676516e-19,1.1322262429246483e-18,3.7122266232772635e-16,9.417824728727492e-16,8.329734646589976e-05,2.7616769433051365e-06,2.3918624364575737e-07,4.802703363572089e-08,1.0,1.0,1.0,1.0,0.013351769857619421,0.023618171312044134,0.2201197233336847,0.2928798902017064,2.220928947409936e-07,4.292285429980171e-06,2.594098543953353e-05,3.8580761540347025e-05,1.0,1.0,1.0,1.0,6.9012187322258e-12,7.791378970176414e-11,4.70450053533135e-10,4.341686082729833e-10,1.1140377871623536e-20,2.7991215321899195e-20,6.997870611691754e-17,3.450619250999874e-17,1.0,1.0,1.0,1.0,0.2092054650286959,0.07846710982745425,1.0,0.7462750230047018,1.0,1.0,1.0,1.0,1.0,1.0,1.0,1.0,9.443685270298364e-16,2.892521909307492e-16,9.45591874320225e-13,6.908418170510484e-13,3.735745248715449e-10,3.054697596744738e-09,1.7989241512084794e-11,2.5245417828813707e-12,1.0,1.0,1.0,1.0,0.004429017698088434,0.03175540496932977,0.47662010958149587,0.6603345507767799,1.918432761252724e-08,9.503276350281665e-06,8.943134272492311e-05,6.257546430820959e-05,1.0,1.0,1.0,1.0
0.08443172098458619,0.27890158967316936,1.0,1.0,0.00013426193492914373,0.009429196610467995,1.0,1.0,1.0,1.0,1.0,1.0,1.3029082119817513e-22,1.6127225569006357e-22,9.087805998346482e-20,2.5168679499944877e-19,4.631260696802996e-07,9.105818712508742e-09,5.589814005196094e-10,9.103790094218203e-11,1.0,1.0,1.0,1.0,0.00017690231971544284,0.00034967192916522926,0.0053502878282039,0.0075975720624755026,5.126577743570104e-10,1.5135934845686767e-08,1.205057549910073e-07,1.9059270837523379e-07,1.0,1.0,1.0,1.0,4.59845025183322e-15,6.789517540854666e-14,5.054190813119025e-13,4.616944960595147e-13,1.0562689513863269e-24,2.8698229213207027e-24,1.459954939429097e-20,6.739292038518175e-21,1.0,1.0,1.0,1.0,0.005023472050803643,0.0014965386135640738,0.057481064650432616,0.024534103209151784,1.0,1.0,1.0,1.0,1.0,1.0,1.0,1.0,2.5245510495956957e-19,6.905522839268829e-20,5.059907067955696e-16,3.5756961428010687e-16,3.904922904301216e-13,4.090826860775013e-12,1.328228764856509e-14,1.5060127037530893e-15,1.0,1.0,1.0,1.0,4.7361919388246364e-05,0.0005002843166034254,0.013914409004600043,0.02109274846588256,3.238210609057609e-11,3.777152539592412e-08,5.033006079614987e-07,3.329552355981446e-07,1.0,1.0,1.0,1.0
0.09133610785822623,0.29955382886979653,1.0,1.0,0.00014903081400949902,0.010306598756787147,1.0,1.0,1.0,1.0,1.0,1.0,1.5987649022118845e-22,1.9811257060529617e-22,1.103562969566854e-19,3.0465265303455023e-19,5.241467225920036e-07,1.043055490202035e-08,6.453261882100088e-10,1.0562671068079746e-10,1.0,1.0,1.0,1.0,0.00019643473801237286,0.00038750718264572774,0.005861968763592886,0.008316236310463763,5.921939927381469e-10,1.7307177690853668e-08,1.370898023211699e-07,2.1644942386306266e-07,1.0,1.0,1.0,1.0,5.463568397254713e-15,8.008291672927946e-14,5.936100967406934e-13,5.420042190768601e-13,1.309219410535839e-24,3.55297668731957e-24,1.7796250754705446e-20,8.221895687063234e-21,1.0,1.0,1.0,1.0,0.005497138679864166,0.0016495087510592149,0.06233165200989571,0.02669246009989569,1.0,1.0,1.0,1.0,1.0,1.0,1.0,1.0,3.055804876939252e-19,8.384907250623115e-20,6.040292158176495e-16,4.264753559588776e-16,4.585969936965679e-13,4.782621879369602e-12,1.5734118554175183e-14,1.790736282006505e-15,1.0,1.0,1.0,1.0,5.281049320766414e-05,0.0005526592763109461,0.015191798100699745,0.022988121888105614,3.7655338951477294e-11,4.304635553647706e-08,5.685637613567302e-07,3.7764669839376765e-07,1.0,1.0,1.0,1.0
1.0,1.0,1.0,1.0,1.0,1.0,1.0,1.0,0.027091369718383915,0.004644939574701001,8.945758472689217e-07,2.793284348050149e-07,0.0013975257284368978,0.001545251913727502,0.02732758170107656,0.042559983075954266,1.0,1.0,1.0,1.0,1.0,1.0,0.0012446522078768645,0.0008428329590816452,1.0,1.0,1.0,1.0,1.0,1.0,1.0,1.0,0.07354992346534825,0.0003966102678205956,4.4913516264843293e-10,5.061205289017238e-10,1.0,1.0,1.0,1.0,0.0001374742144354869,0.00022410393050709102,0.012202401599392981,0.008628423732888791,1.0,1.0,0.00124307132209149,0.0021519072072766457,1.0,1.0,1.0,1.0,0.004387139272676533,0.00014797964902934753,2.1717227374379663e-09,8.609828648520501e-09,1.1086733482193002e-06,3.349424803056117e-08,6.092023758513746e-12,6.7414987549273024e-12,0.04260079650467637,0.024245787108349355,0.9168542129683749,0.8033038013309507,1.0,1.0,1.0,1.0,0.25431672726951504,0.004429017698088434,4.7361919388246364e-05,5.281049320766414e-05,1.0,1.0,1.0,1.0,1.0,1.0,1.0,1.0,0.038746273536399554,0.00034664647736632446,5.927269535473734e-10,1.1615652151937497e-09
1.0,1.0,1.0,1.0,1.0,1.0,1.0,1.0,0.16316542183644353,0.033160932268514784,1.253321440223543e-05,4.249505990550172e-06,0.0001441227251016887,0.00016083323983700942,0.0037533697614242387,0.006090786179787804,1.0,1.0,1.0,1.0,1.0,1.0,0.010092771738219831,0.007065614624228719,1.0,1.0,1.0,1.0,1.0,1.0,1.0,1.0,0.3951077237079308,0.003560582576500467,1.0298096820922599e-08,1.1536644260388506e-08,0.4725576779346345,1.0,1.0,1.0,1.1739783337105488e-05,1.98911140739905e-05,0.0015352999753566949,0.0010517880530176477,1.0,1.0,0.010081713937403328,0.016580205303044222,1.0,1.0,1.0,1.0,0.03148312740194391,0.0014318861825528303,4.528580817541999e-08,1.6588631660569602e-07,1.5299181065318494e-05,5.86461946228317e-07,1.7796881075604593e-10,1.957322601559289e-10,0.0060977400729220685,0.0032791878717646585,0.18878807751852827,0.16257845544019148,1.0,1.0,0.7230855332115388,0.29752692565700667,1.0,0.03175540496932977,0.0005002843166034254,0.0005526592763109461,1.0,1.0,1.0,1.0,1.0,1.0,1.0,1.0,0.22344647545357055,0.003141966184053995,1.3406458486471625e-08,2.519543551942123e-08
1.0,1.0,1.0,1.0,1.0,1.0,1.0,1.0,1.0,0.4937426212190996,0.0005489475851045944,0.00020987904580633973,2.7868770569068933e-06,3.149295485594116e-06,0.00011023385229801531,0.00019270613209032068,1.0,1.0,1.0,1.0,1.0,1.0,0.1819441358091219,0.1337808848942623,1.0,1.0,1.0,1.0,1.0,1.0,1.0,1.0,1.0,0.07525858540369769,9.666825658778134e-07,1.0715886280520469e-06,0.031404102374901814,0.11360205011860665,0.28715389050159207,0.2754904157678483,1.6782736100790792e-07,3.020624092009718e-07,4.016783443840749e-05,2.605875256441878e-05,1.0,1.0,0.18179881463258424,0.2760694218589726,1.0,1.0,1.0,1.0,0.47349636872461265,0.03450169429448499,3.654788898467904e-06,1.161926768783096e-05,0.0006550741494519177,3.612749297842273e-05,2.464853574583204e-08,2.686663087872789e-08,0.00019297839152094705,9.472059845919853e-05,0.010505459264383751,0.008824275958960194,0.2550485742746323,0.7235328093109431,0.05265363848648266,0.018150498700134354,1.0,0.47662010958149587,0.013914409004600043,0.015191798100699745,1.0,1.0,1.0,1.0,1.0,1.0,1.0,1.0,1.0,0.067641328624464,1.2259189747242869e-06,2.159614373549368e-06
1.0,1.0,1.0,1.0,1.0,1.0,1.0,1.0,1.0,0.6833966001190013,0.00088762369509134,0.0003444352346225802,1.5733910035825168e-06,1.7828181249348076e-06,6.599637446993702e-05,0.00011620151549902284,1.0,1.0,1.0,1.0,1.0,1.0,0.2589463900766449,0.19324399112657015,1.0,1.0,1.0,1.0,1.0,1.0,1.0,1.0,1.0,0.10899874856815181,1.7280496731566807e-06,1.9104122987677345e-06,0.020924149463472232,0.07833996788392125,0.20202994807233235,0.1933969265372684,9.045793181195718e-08,1.6538990608842167e-07,2.3628052798049053e-05,1.5228804084374702e-05,1.0,1.0,0.25875104116355774,0.38982488847166374,1.0,1.0,1.0,1.0,0.6561473258137863,0.05134728203870218,6.388894370705159e-06,1.9933711917859774e-05,0.0010559253852163845,6.086609267728383e-05,4.631334545713357e-08,5.042170746376267e-08,0.0001163698539613997,5.6565036607699475e-05,0.00685651743483912,0.005741695464494879,0.17913081694504202,0.5215109023347376,0.03543779208189402,0.011935703482439473,1.0,0.6603345507767799,0.02109274846588256,0.022988121888105614,1.0,1.0,1.0,1.0,1.0,1.0,1.0,1.0,1.0,0.09814551967330759,2.1785643447599842e-06,3.805514611745633e-06
0.4113583735772684,0.12883921689199487,0.021505833603006976,0.019742498105776347,1.0,1.0,0.00402287896280946,0.006386634606111643,2.767561894768995e-07,2.0552440688233158e-08,1.4692427967689316e-13,3.104891163815098e-14,1.0,1.0,1.0,1.0,1.0,1.0,1.0,1.0,0.0009293726740399494,0.00016000213905731058,3.135774615897768e-09,1.800313434847249e-09,1.0,1.0,1.0,1.0,1.0,1.0,1.0,1.0,1.2341961464322053e-06,6.231745043172402e-10,7.012222847273573e-18,8.189460830157474e-18,1.0,1.0,1.0,1.0,1.0,1.0,1.0,1.0,0.0004111241272010133,0.0001381300337665904,3.1292624879127372e-09,6.85020623249522e-09,1.0,1.0,0.5768692448886378,1.0,1.8921430799362243e-08,1.56540548283812e-10,5.35204548104781e-17,3.2007737856765164e-16,1.9608120552795215e-13,1.8851401815721695e-15,2.925858253314681e-20,3.324044251950102e-20,1.0,1.0,1.0,1.0,1.0,1.0,1.0,1.0,8.411765782177368e-06,1.918432761252724e-08,3.238210609057609e-11,3.7655338951477294e-11,1.0,1.0,1.0,1.0,1.0,1.0,1.0,1.0,4.7065737776611025e-07,5.150722016007336e-10,1.0043365878393948e-17,2.3871151428930274e-17
1.0,1.0,0.9467325564791678,0.887150776421281,1.0,1.0,0.2546824649826156,0.36807146841642946,9.221532310753069e-05,1.0080092573927028e-05,3.267425255029111e-10,8.243515470966855e-11,0.22249175725544293,0.24078250453920347,1.0,1.0,1.0,1.0,1.0,1.0,0.07950885100890265,0.019131257001753464,2.00726371564292e-06,1.242526695935535e-06,1.0,1.0,1.0,1.0,1.0,1.0,1.0,1.0,0.0003287134387798818,4.970948769780231e-07,4.5798278028647085e-14,5.2591884324608e-14,1.0,1.0,1.0,1.0,0.03708914294014465,0.05445448206643236,1.0,0.8772651963027706,0.04142885473416454,0.01697577146060475,2.004632186689132e-06,3.916215083137102e-06,1.0,1.0,1.0,1.0,9.391493769890445e-06,1.5030679456111366e-07,2.8403660670678114e-13,1.4030779141818599e-12,4.215975529945454e-10,6.828989999495092e-12,3.259920977403939e-16,3.656300321696674e-16,1.0,1.0,1.0,1.0,1.0,1.0,1.0,1.0,0.0016572971381115574,9.503276350281665e-06,3.777152539592412e-08,4.304635553647706e-08,1.0,1.0,1.0,1.0,1.0,1.0,1.0,1.0,0.00014514748519968743,4.2140712513041815e-07,6.320232790168225e-14,1.3737319244564369e-13
1.0,1.0,1.0,1.0,1.0,1.0,1.0,1.0,0.0007486190609042625,9.44919585909149e-05,5.690558118848125e-09,1.538064455892419e-09,0.04608660414855501,0.050240688362713906,0.5450098651021336,0.7818949156616166,1.0,1.0,1.0,1.0,0.3665904785089317,0.10045604855679834,2.085362900084121e-05,1.3325964641365166e-05,1.0,1.0,1.0,1.0,1.0,1.0,1.0,1.0,0.0024294047066076483,5.650758698464675e-06,1.2265926091514814e-12,1.399657411119588e-12,1.0,1.0,1.0,1.0,0.006388660905019559,0.009717456570138719,0.28100089654225885,0.2111034268427215,0.20274694885529254,0.090194698729632,2.082098362528485e-05,3.909721084775294e-05,1.0,1.0,1.0,1.0,8.845005867610974e-05,1.840023615791102e-06,6.974198024921067e-12,3.2136803966297284e-11,7.229906877956821e-09,1.4447453704064486e-10,1.0923131358370256e-14,1.2198859598795665e-14,0.7823707431082992,0.4943961021731671,1.0,1.0,1.0,1.0,1.0,1.0,0.010793431032191901,8.943134272492311e-05,5.033006079614987e-07,5.685637613567302e-07,1.0,1.0,1.0,1.0,1.0,1.0,1.0,1.0,0.0011395899038809901,4.84242028176206e-06,1.6675039211058497e-12,3.4917924286094634e-12
1.0,1.0,1.0,1.0,1.0,1.0,0.8335321868086314,1.0,0.0005357674164594102,6.615846740491393e-05,3.5905484755595444e-09,9.631793922659293e-10,0.06039808217496231,0.06572082880318339,0.6825357087896036,0.9752233170142699,1.0,1.0,1.0,1.0,0.28794902058150673,0.07780252327745575,1.4365188246292454e-05,9.130464615505776e-06,1.0,1.0,1.0,1.0,1.0,1.0,1.0,1.0,0.0017672703180782493,3.834322867009317e-06,7.233857829237623e-13,8.265891725096403e-13,1.0,1.0,1.0,1.0,0.008604910970343384,0.013012586328099993,0.35789074250496616,0.2693691266365294,0.15793240469569753,0.06969043138315865,1.4342335652139027e-05,2.7063155218433933e-05,1.0,1.0,1.0,1.0,6.190814212309841e-05,1.2333659517032885e-06,4.168552184110614e-12,1.9433435228363823e-11,4.588701383931498e-09,8.852680822668065e-11,6.218522393242671e-15,6.952698838683587e-15,0.9757858706636555,0.6190921157934265,1.0,1.0,1.0,1.0,1.0,1.0,0.008043328791210091,6.257546430820959e-05,3.329552355981446e-07,3.7764669839376765e-07,1.0,1.0,1.0,1.0,1.0,1.0,1.0,1.0,0.0008225735887934691,3.280434239482017e-06,9.857834697543871e-13,2.079898705811079e-12
1.0,1.0,1.0,1.0,0.08450634622920063,1.0,1.0,1.0,1.0,1.0,1.0,1.0,8.999219724760088e-17,1.0856493427425873e-16,2.6630063444210063e-14,6.419924215732718e-14,0.0010670590721842492,4.644227839318588e-05,4.853502522178001e-06,1.1043418957252e-06,1.0,1.0,1.0,1.0,0.10391342295537044,0.17273588944880808,1.0,1.0,4.5322986160642354e-06,6.973780900315171e-05,0.00036535295856475984,0.000526451604415905,1.0,1.0,1.0,1.0,2.8387080878267837e-10,2.755495729394136e-09,1.486233108670351e-08,1.3762782649798045e-08,1.3360713492221943e-18,3.2031511115863195e-18,5.469983341677495e-15,2.791710758393338e-15,1.0,1.0,1.0,1.0,1.0,0.49666266575449125,1.0,1.0,1.0,1.0,1.0,1.0,1.0,1.0,0.3770531424841444,0.3940337405644339,6.436463238781242e-14,2.0976320075417942e-14,4.377093370838368e-11,3.2542852153006697e-11,1.1948035842231783e-08,8.513672980074338e-08,6.960887090303526e-10,1.1017708549091353e-10,1.0,1.0,1.0,1.0,0.038746273536399554,0.22344647545357055,1.0,1.0,4.7065737776611025e-07,0.00014514748519968743,0.0011395899038809901,0.0008225735887934691,1.0,1.0,1.0,1.0
0.35004447531511235,1.0,1.0,1.0,0.0009208103643151135,0.04721214358504252,1.0,1.0,1.0,1.0,1.0,1.0,5.8997287378543274e-21,7.26005107869884e-21,3.249606186235223e-18,8.675184590546136e-18,4.482522425202896e-06,1.0998461372970488e-07,7.793636958325409e-09,1.3853392493363746e-09,1.0,1.0,1.0,1.0,0.0011893507040506963,0.0022471666446392457,0.027912701115338754,0.038708796005665215,7.180514461548373e-09,1.781527926049679e-07,1.2581678256478078e-06,1.9383125666213217e-06,1.0,1.0,1.0,1.0,1.0834182808103374e-13,1.4242259325720242e-12,9.718603039451025e-12,8.91330220933025e-12,5.637966410834458e-23,1.4788489531565197e-22,5.592477901239875e-19,2.6524313692777428e-19,1.0,1.0,1.0,1.0,0.026355263702814703,0.008659000444326805,0.24495868333922657,0.1129248753813006,1.0,1.0,1.0,1.0,1.0,1.0,1.0,1.0,8.700551786103082e-18,2.4940592122042126e-18,1.3071615655044945e-14,9.378123943317217e-15,7.581219752557265e-12,7.192250915095776e-11,3.0014418249729805e-13,3.7198004230595006e-14,1.0,1.0,1.0,1.0,0.00034664647736632446,0.003141966184053995,0.067641328624464,0.09814551967330759,5.150722016007336e-10,4.2140712513041815e-07,4.84242028176206e-06,3.280434239482017e-06,1.0,1.0,1.0,1.0
1.543193325069917e-05,8.710036664920574e-05,0.0008502948945351244,0.0009388408560339835,2.3357055067920055e-09,7.117430409914395e-07,0.005167739311498546,0.0032232187964713437,1.0,1.0,1.0,1.0,2.811911347730992e-31,3.6107486493759557e-31,5.9353330108272965e-28,1.962282091188746e-27,1.4989003389342815e-12,1.0660924632239349e-14,3.330470205087905e-16,3.5725411775616016e-17,0.019917561783798263,0.08251576839524083,1.0,1.0,3.367941829864409e-09,8.330737588182904e-09,3.268556722296616e-07,5.29515766237467e-07,2.9968404869203724e-16,2.0088291841381587e-14,2.723414578970092e-13,4.847788711173646e-13,1.0,1.0,1.0,1.0,2.2335321633736907e-22,5.669854728849575e-21,6.387784501900702e-20,5.720375601025285e-20,1.0543659186879392e-33,3.3520806158377856e-33,6.94572698393106e-29,2.8103499854530663e-29,0.039522142709484176,0.09201130113245241,1.0,1.0,2.9916900238351e-07,5.819315308747986e-08,8.88558015523935e-06,2.6970263016197374e-06,1.0,1.0,1.0,1.0,1.0,1.0,1.0,1.0,1.969447061828238e-27,4.297240797919041e-28,1.6108111703487392e-23,1.0652336818829098e-23,4.666203264051808e-20,8.083546370502825e-19,7.976291185161316e-22,5.908588927568227e-23,0.5964897789407491,1.0,1.0,1.0,5.927269535473734e-10,1.3406458486471625e-08,1.2259189747242869e-06,2.1785643447599842e-06,1.0043365878393948e-17,6.320232790168225e-14,1.6675039211058497e-12,9.857834697543871e-13,1.0,1.0,1.0,1.0
2.6177031226666347e-05,0.000143916375235816,0.001349757792660593,0.0014855955934814148,4.501996587672163e-09,1.2671666396551083e-06,0.007908887542037444,0.005009341989979013,1.0,1.0,1.0,1.0,8.669696443685997e-31,1.1118628557658967e-30,1.726951227114581e-27,5.65832457215069e-27,3.1435035950469783e-12,2.3584811902177796e-14,7.650874363554406e-16,8.383062969413048e-17,0.029749168017066552,0.11928352968166386,1.0,1.0,6.464187520539479e-09,1.574712318598948e-08,5.860535422635994e-07,9.463459393390405e-07,6.882839989879801e-16,4.423621425221851e-14,5.813932530478684e-13,1.028744084636124e-12,1.0,1.0,1.0,1.0,5.852980492143318e-22,1.4428609983342588e-20,1.5892735967907705e-19,1.4246402064396504e-19,3.3873656282405114e-33,1.0684108354787579e-32,2.0574999576065347e-28,8.375032729954373e-29,0.05810099707397924,0.13244826991546765,1.0,1.0,5.372931065831151e-07,1.0754942879774553e-07,1.5195822387390862e-05,4.6848686747906395e-06,1.0,1.0,1.0,1.0,1.0,1.0,1.0,1.0,5.678807591071427e-27,1.2541949698152177e-27,4.318890428659348e-23,2.8642939706837436e-23,1.163882689299352e-19,1.9612471699746214e-18,2.067394005029079e-21,1.5622808050698667e-22,0.8226465177483242,1.0,1.0,1.0,1.1615652151937497e-09,2.519543551942123e-08,2.159614373549368e-06,3.805514611745633e-06,2.3871151428930274e-17,1.3737319244564369e-13,3.4917924286094634e-12,2.079898705811079e-12,1.0,1.0,1.0,1.0
