AGEMOEA2-greedy_multi-1P,AGEMOEA2-greedy_multi-2P,AGEMOEA2-greedy_multi-HUX,AGEMOEA2-greedy_multi-UX,AGEMOEA2-greedy_ting-1P,AGEMOEA2-greedy_ting-2P,AGEMOEA2-greedy_ting-HUX,AGEMOEA2-greedy_ting-UX,AGEMOEA2-random_dense-1P,AGEMOEA2-random_dense-2P,AGEMOEA2-random_dense-HUX,AGEMOEA2-random_dense-UX,NSGA2-greedy_multi-1P,NSGA2-greedy_multi-2P,NSGA2-greedy_multi-HUX,NSGA2-greedy_multi-UX,NSGA2-greedy_ting-1P,NSGA2-greedy_ting-2P,NSGA2-greedy_ting-HUX,NSGA2-greedy_ting-UX,NSGA2-random_dense-1P,NSGA2-random_dense-2P,NSGA2-random_dense-HUX,NSGA2-random_dense-UX,NSGA3-greedy_multi-1P,NSGA3-greedy_multi-2P,NSGA3-greedy_multi-HUX,NSGA3-greedy_multi-UX,NSGA3-greedy_ting-1P,NSGA3-greedy_ting-2P,NSGA3-greedy_ting-HUX,NSGA3-greedy_ting-UX,NSGA3-random_dense-1P,NSGA3-random_dense-2P,NSGA3-random_dense-HUX,NSGA3-random_dense-UX,RVEA-greedy_multi-1P,RVEA-greedy_multi-2P,RVEA-greedy_multi-HUX,RVEA-greedy_multi-UX,RVEA-greedy_ting-1P,RVEA-greedy_ting-2P,RVEA-greedy_ting-HUX,RVEA-greedy_ting-UX,RVEA-random_dense-1P,RVEA-random_dense-2P,RVEA-random_dense-HUX,RVEA-random_dense-UX,SMSEMOA-greedy_multi-1P,SMSEMOA-greedy_multi-2P,SMSEMOA-greedy_multi-HUX,SMSEMOA-greedy_multi-UX,SMSEMOA-greedy_ting-1P,SMSEMOA-greedy_ting-2P,SMSEMOA-greedy_ting-HUX,SMSEMOA-greedy_ting-UX,SMSEMOA-random_dense-1P,SMSEMOA-random_dense-2P,SMSEMOA-random_dense-HUX,SMSEMOA-random_dense-UX,SPEA2-greedy_multi-1P,SPEA2-greedy_multi-2P,SPEA2-greedy_multi-HUX,SPEA2-greedy_multi-UX,SPEA2-greedy_ting-1P,SPEA2-greedy_ting-2P,SPEA2-greedy_ting-HUX,SPEA2-greedy_ting-UX,SPEA2-random_dense-1P,SPEA2-random_dense-2P,SPEA2-random_dense-HUX,SPEA2-random_dense-UX,UNSGA3-greedy_multi-1P,UNSGA3-greedy_multi-2P,UNSGA3-greedy_multi-HUX,UNSGA3-greedy_multi-UX,UNSGA3-greedy_ting-1P,UNSGA3-greedy_ting-2P,UNSGA3-greedy_ting-HUX,UNSGA3-greedy_ting-UX,UNSGA3-random_dense-1P,UNSGA3-random_dense-2P,UNSGA3-random_dense-HUX,UNSGA3-random_dense-UX
1.0,1.0,1.0,1.0,0.00014380313676728927,3.607147632022945e-05,7.918641679293964e-05,0.00016995822462374802,5.568826013036055e-22,3.184714803466898e-20,6.798723756189133e-15,1.5739136152742194e-14,1.0,1.0,1.0,1.0,2.9961229523813713e-06,7.004098337457065e-06,0.0023374270652041303,0.002785421638642698,1.265044332270659e-21,3.937109324522104e-20,2.454124507356007e-12,5.645040604689613e-12,1.0,1.0,1.0,1.0,0.20471761802883667,0.2641011276600376,1.0,1.0,2.888129115948369e-21,9.363644956827827e-20,2.21438735613187e-11,2.2373607489506876e-11,1.0,1.0,1.0,1.0,0.0016972303913835823,0.10358669243807066,0.061067428293403114,0.0833978897783754,3.22183424826509e-19,7.36453956707715e-17,3.568115510691695e-12,9.598847173868233e-12,1.0,1.0,1.0,1.0,0.05548580826667253,0.0025423836577168515,0.2833178353034322,0.1476591443150423,1.9796583963416056e-14,5.796968298331046e-12,1.773033592111017e-07,1.7637563110216972e-07,1.0,1.0,1.0,1.0,1.0,1.0,1.0,1.0,7.417367749202426e-16,1.2800558302288878e-13,1.1391261282341828e-08,1.1537413867615792e-08,1.0,1.0,1.0,1.0,0.12573451143550865,0.21723706037818233,1.0,1.0,4.731299084366525e-21,1.1515900442157376e-19,1.809944447834774e-11,2.1975011001882896e-11
1.0,1.0,1.0,1.0,0.014623484384849044,0.004631411430187443,0.008937388096804137,0.016815091104107293,6.3590096162106096e-18,2.5147840723346193e-16,1.6168770279837804e-11,3.42474707803206e-11,0.596061775296335,0.839138450911459,1.0,1.0,0.0005824342546301759,0.001182353370802576,0.14529286179520928,0.1671229660484488,1.3418876549935815e-17,3.052511132600898e-16,3.012200736793203e-09,6.264663684511265e-09,1.0,1.0,1.0,1.0,1.0,1.0,1.0,1.0,2.840552996795244e-17,6.713773508639654e-16,2.09561695763026e-08,2.11466920651233e-08,1.0,1.0,1.0,1.0,0.11141805525696474,1.0,1.0,1.0,2.067060175850549e-15,2.7982281981855047e-13,4.194810273971734e-09,1.0015162108155583e-08,1.0,1.0,1.0,1.0,1.0,0.155298284657606,1.0,1.0,4.204593146716481e-11,6.415366361207706e-09,5.177696726006788e-05,5.1548245013745114e-05,1.0,1.0,1.0,1.0,1.0,1.0,1.0,1.0,2.2295492291778254e-12,2.2031301758654324e-10,4.923630364981095e-06,4.976083624197236e-06,1.0,1.0,1.0,1.0,1.0,1.0,1.0,1.0,4.4434905577771076e-17,8.115932619058573e-16,1.7539001867394547e-08,2.081635732354471e-08
1.0,1.0,1.0,1.0,0.2361160876426784,0.08999957250311356,0.15631408727962817,0.26447565010063745,3.0968931755337957e-15,9.413918226907615e-14,2.4939494570097497e-09,4.9537085768781485e-09,0.04451118337499228,0.06706602279227067,0.2811927291675725,0.3281808200256448,0.014673626087137615,0.027337534577924,1.0,1.0,6.2188208895250065e-15,1.1264103802345343e-13,2.9591367589098284e-07,5.737978415503679e-07,1.0,1.0,1.0,1.0,1.0,1.0,1.0,1.0,1.2465383158370587e-14,2.334500509536613e-13,1.6948948937963243e-06,1.7087419004962565e-06,1.0,1.0,1.0,1.0,1.0,1.0,1.0,1.0,6.591323665459014e-13,6.120785570795155e-11,3.9856420664244723e-07,8.755739842904836e-07,1.0,1.0,1.0,1.0,1.0,1.0,1.0,1.0,5.970851956510288e-09,5.86052185623947e-07,0.0017816403240889054,0.0017748309766982937,1.0,1.0,1.0,1.0,1.0,1.0,1.0,1.0,4.065848845502645e-10,2.7250955571936507e-08,0.0002243908193514487,0.00022659221084063826,1.0,1.0,1.0,1.0,1.0,1.0,1.0,1.0,1.888955390335476e-14,2.779318493317342e-13,1.4474801778718208e-06,1.6847524557896415e-06
1.0,1.0,1.0,1.0,0.22300438497200936,0.08420077674197603,0.14700422437267108,0.24917219820575065,2.6801880505395223e-15,8.201517469850062e-14,2.217731438563666e-09,4.411835905811358e-09,0.047692255407695755,0.07166739730164629,0.298665364594597,0.3474615262031251,0.013657530920933534,0.025475510393328595,1.0,1.0,5.388827250315288e-15,9.813459326651323e-14,2.6660513039755184e-07,5.176273195893442e-07,1.0,1.0,1.0,1.0,1.0,1.0,1.0,1.0,1.081551681351805e-14,2.040795816122449e-13,1.53512787647224e-06,1.5470774348197761e-06,1.0,1.0,1.0,1.0,1.0,1.0,1.0,1.0,5.763927691309479e-13,5.4014219789500605e-11,3.58793323265574e-07,7.907139383620926e-07,1.0,1.0,1.0,1.0,1.0,1.0,1.0,1.0,5.325953629214742e-09,5.28921027529746e-07,0.001645357087325861,0.001639044210878286,1.0,1.0,1.0,1.0,1.0,1.0,1.0,1.0,3.603845231955469e-10,2.4374218154299334e-08,0.0002055922486651283,0.00020761545917351784,1.0,1.0,1.0,1.0,1.0,1.0,1.0,1.0,1.6418292489025666e-14,2.428842006911109e-13,1.308892921801339e-06,1.5259147315959604e-06
0.00014380313676728927,0.014623484384849044,0.2361160876426784,0.22300438497200936,1.0,1.0,1.0,1.0,0.0010238728523550848,0.0068458005335068645,1.0,1.0,3.0456500266306845e-12,6.644079113997905e-12,1.1627241650298612e-10,1.5891556129334324e-10,1.0,1.0,1.0,1.0,0.0015136796719008414,0.0075609344147344005,1.0,1.0,2.4827386315412162e-08,1.633587728837805e-06,0.0005951194874943586,0.0015675904984884985,1.0,1.0,1.0,1.0,0.0022287865581487173,0.011262831894590625,1.0,1.0,5.64726139510936e-09,5.896841270151423e-07,0.0020003886398310957,0.007039201090975923,1.0,1.0,1.0,1.0,0.01972200734611003,0.20702112383815588,1.0,1.0,6.3679056449971045e-06,5.450719588764827e-06,0.00016663812776580733,0.0009118917144450054,1.0,1.0,1.0,1.0,1.0,1.0,1.0,1.0,9.350295266292402e-09,1.6551178580416827e-09,0.0009597495559669199,0.000186045931735856,1.0,1.0,1.0,1.0,0.5182897292406471,1.0,1.0,1.0,5.280871000534505e-08,5.528407438846002e-07,0.001141780850825418,0.001844455178031367,1.0,1.0,1.0,1.0,0.002803959802414027,0.012395305921426552,1.0,1.0
3.607147632022945e-05,0.004631411430187443,0.08999957250311356,0.08420077674197603,1.0,1.0,1.0,1.0,0.0034444006529107157,0.021155684372057705,1.0,1.0,3.9603455568220613e-13,8.841718964040393e-13,1.702435439651174e-11,2.3582558914086128e-11,1.0,1.0,1.0,1.0,0.005013089010249669,0.023220466233244176,1.0,1.0,4.367074779793339e-09,3.3972468315354253e-07,0.00015914076330504525,0.0004458346801579974,1.0,1.0,1.0,1.0,0.007298577909260158,0.033804430476934905,1.0,1.0,9.408266808764771e-10,1.177621094853496e-07,0.0005780067398605005,0.0021487916224896186,1.0,1.0,1.0,1.0,0.05777958993555976,0.5126123144695751,1.0,1.0,1.4018370428176178e-06,1.1917420158064707e-06,4.213854810407789e-05,0.00025012288986980987,1.0,1.0,1.0,1.0,1.0,1.0,1.0,1.0,1.591369642606512e-09,2.6572030132412775e-10,0.00026391179053730524,4.734967149551686e-05,1.0,1.0,0.8470186070690879,0.6464725070561724,1.0,1.0,1.0,1.0,9.459419032293465e-09,1.1003522467303006e-07,0.00031876536386293635,0.0005294313176295354,1.0,1.0,1.0,1.0,0.009106077222220026,0.0370530679037924,1.0,1.0
7.918641679293964e-05,0.008937388096804137,0.15631408727962817,0.14700422437267108,1.0,1.0,1.0,1.0,0.0017573929713191356,0.011311089977810591,1.0,1.0,1.2569303224235252e-12,2.7716236262441967e-12,5.0527167858243434e-11,6.956523773885837e-11,1.0,1.0,1.0,1.0,0.0025606537529831094,0.01245805529435632,1.0,1.0,1.1667053226871698e-08,8.29381266217454e-07,0.0003369581568072992,0.0009118917144450054,1.0,1.0,1.0,1.0,0.0037579018430550547,0.018337011127789026,1.0,1.0,2.604800748445783e-09,2.940580749932808e-07,0.0011700771970301934,0.0042179691310458125,1.0,1.0,1.0,1.0,0.03169560210987678,0.30848918942075665,1.0,1.0,3.3012845320457066e-06,2.820200143430279e-06,9.215553746373719e-05,0.0005249303766082207,1.0,1.0,1.0,1.0,1.0,1.0,1.0,1.0,4.352793806347111e-09,7.475739370927526e-10,0.0005528356818771781,0.00010316536253688265,1.0,1.0,1.0,1.0,0.764937105621142,1.0,1.0,1.0,2.5022868025458905e-08,2.7505116131895083e-07,0.0006623999369790442,0.0010742750628862305,1.0,1.0,1.0,1.0,0.004729218922621985,0.020135385727636436,1.0,1.0
0.00016995822462374802,0.016815091104107293,0.26447565010063745,0.24917219820575065,1.0,1.0,1.0,1.0,0.0008751817522297557,0.005911574394830537,1.0,1.0,3.9141111334734855e-12,8.501458289826068e-12,1.468910038016869e-10,2.0071872195021586e-10,1.0,1.0,1.0,1.0,0.0012945403122042887,0.0065333125957498855,1.0,1.0,3.075745683394649e-08,1.9740451765930133e-06,0.0006982128816624492,0.0018281439194523209,1.0,1.0,1.0,1.0,0.001922072824056969,0.009768008146539818,1.0,1.0,7.010033814629812e-09,7.193627711183341e-07,0.0023246443789262856,0.008150778062736438,1.0,1.0,1.0,1.0,0.017170448424387832,0.1837455943754222,1.0,1.0,7.6639141586055e-06,6.562590511101243e-06,0.00019686740238933828,0.0010640103319780045,1.0,1.0,1.0,1.0,1.0,1.0,1.0,1.0,1.1615907286680986e-08,2.0739054860437514e-09,0.0011200287467071745,0.00022015431088554606,1.0,1.0,1.0,1.0,0.4637239640427936,1.0,1.0,1.0,6.51783987277123e-08,6.735592428424314e-07,0.0013328977132974302,0.0021424937516061893,1.0,1.0,1.0,1.0,0.0024182524345873575,0.010768285129418728,1.0,1.0
5.568826013036055e-22,6.3590096162106096e-18,3.0968931755337957e-15,2.6801880505395223e-15,0.0010238728523550848,0.0034444006529107157,0.0017573929713191356,0.0008751817522297557,1.0,1.0,1.0,1.0,2.1399435153709488e-35,7.602133391244555e-35,8.513971796653394e-33,1.4387106256754673e-32,0.023979199983239823,0.012830440237208748,5.687931286480373e-05,4.631905399192192e-05,1.0,1.0,1.0,1.0,7.771403429451884e-29,1.2934594753384097e-25,8.884040584290584e-21,6.254822030336212e-20,1.1003522467303006e-07,6.893327782451537e-08,1.5403107382492117e-10,1.5517424557100206e-10,1.0,1.0,1.0,1.0,6.069621542601732e-30,2.0520349883635325e-26,1.0303531124636522e-19,1.373452120169938e-18,8.237082211584256e-05,3.426200739574378e-07,7.810771853990327e-07,4.846058066865866e-07,1.0,1.0,1.0,1.0,1.5703066014750622e-24,1.1779922495304666e-24,7.419342152419504e-22,2.0945215193513125e-20,8.998026802154235e-07,5.152063068749255e-05,6.049732389981801e-08,1.9175819039496169e-07,1.0,1.0,0.15482929320395494,0.1552808334588281,1.4455717652577245e-29,7.497617357556607e-31,2.321404185195258e-20,9.202189381953566e-22,1.1997878559156263e-10,3.7347654736168516e-11,5.441776878374797e-13,2.849529194495486e-13,1.0,1.0,0.6841010521183667,0.6797800003884652,2.856529301244895e-28,1.8240208425396698e-26,3.304988457284341e-20,8.707858835163898e-20,2.5026911044001125e-07,9.870440501796399e-08,1.1143454645124638e-10,2.688561611926637e-11,1.0,1.0,1.0,1.0
3.184714803466898e-20,2.5147840723346193e-16,9.413918226907615e-14,8.201517469850062e-14,0.0068458005335068645,0.021155684372057705,0.011311089977810591,0.005911574394830537,1.0,1.0,1.0,1.0,3.4373104420893885e-33,1.1753833358959257e-32,1.1377929854475722e-30,1.892267482939312e-30,0.12481449328523932,0.07070649536317383,0.00047850105555132053,0.0003946811126072922,1.0,1.0,1.0,1.0,7.75231054391562e-27,1.0036810405217033e-23,4.546506328271858e-19,2.96727744461998e-18,1.3726169245125409e-06,8.866975450589929e-07,2.7720355718369388e-09,2.791476192823455e-09,1.0,1.0,1.0,1.0,6.583170136629714e-28,1.6949094717216328e-24,4.778336166959923e-18,5.748912826322447e-17,0.000673735212432923,3.979816762728463e-06,8.631482807607834e-06,5.5143204704294955e-06,1.0,1.0,1.0,1.0,1.1150765490244957e-22,8.450244423513722e-23,4.1928309303442713e-20,1.0363477358652525e-18,9.88323300298097e-06,0.00043583210123420026,7.858812482300954e-07,2.3043167632974822e-06,1.0,1.0,0.6589342278553374,0.660604560552815,1.5236681997534595e-27,8.696814661248392e-29,1.1437206852792355e-18,5.155559728659807e-20,2.1833035284326858e-09,7.197947162476671e-10,1.3100682071872184e-11,7.086888116017448e-12,1.0,1.0,1.0,1.0,2.727593959659685e-26,1.5130951120835158e-24,1.6047367810418234e-18,4.068938611004278e-18,2.9621659051700835e-06,1.2405226286109e-06,2.03487810200316e-09,5.262436805297467e-10,1.0,1.0,1.0,1.0
6.798723756189133e-15,1.6168770279837804e-11,2.4939494570097497e-09,2.217731438563666e-09,1.0,1.0,1.0,1.0,1.0,1.0,1.0,1.0,2.2416691123717072e-26,6.751728254250859e-26,4.052443938004848e-24,6.3821073392554505e-24,1.0,1.0,0.17584850950956168,0.15223172834292403,1.0,1.0,1.0,1.0,1.046736489528964e-20,5.811863577307967e-18,6.881220376233444e-14,3.49315450843615e-13,0.0019294176205457614,0.0013657211162791004,1.3250208047223277e-05,1.3325224911292088e-05,1.0,1.0,1.0,1.0,1.1728729253055847e-21,1.2194566121372714e-18,5.299657870460809e-13,4.553147829189281e-12,0.22553308836417468,0.004457000560865685,0.008173050283326568,0.005741992020360242,1.0,1.0,1.0,1.0,4.801444452707138e-17,3.7639370504642576e-17,8.642967950511899e-15,1.4070511917637578e-13,0.009074098227715224,0.16374292425014753,0.0012404795232718929,0.0028889080175640335,1.0,1.0,1.0,1.0,2.474519460796741e-21,1.9394967922124237e-22,1.5331926484547277e-13,1.0331500056939737e-14,1.088386721257022e-05,4.391920356180466e-06,1.5971807668188102e-07,9.541741165534408e-08,1.0,1.0,1.0,1.0,3.1946677447483006e-20,1.103221395678818e-18,2.057688080330254e-13,4.603177911137532e-13,0.0035163668370071836,0.0017823116208311115,1.028153565302271e-05,3.3919744400607063e-06,1.0,1.0,1.0,1.0
1.5739136152742194e-14,3.42474707803206e-11,4.9537085768781485e-09,4.411835905811358e-09,1.0,1.0,1.0,1.0,1.0,1.0,1.0,1.0,6.689276644903923e-26,1.9956071914035309e-25,1.155828216738971e-23,1.812542834280451e-23,1.0,1.0,0.2510586447131754,0.22010306639236704,1.0,1.0,1.0,1.0,2.7839037811492336e-20,1.4482468674068276e-17,1.5570723211256373e-13,7.755333355510807e-13,0.00306048279271054,0.0021864269439385445,2.314984634916998e-05,2.3278568962117888e-05,1.0,1.0,1.0,1.0,3.179253278749181e-21,3.090169496013899e-18,1.1698290613669449e-12,9.805245098931607e-12,0.3209949571618123,0.007012007442858201,0.012695052676331081,0.009019773721452342,1.0,1.0,1.0,1.0,1.1749629033980495e-16,9.233588763126618e-17,1.993656010099761e-14,3.1467782605673644e-13,0.014063856312970649,0.23545510073305245,0.0019954787914938637,0.004595417798440468,1.0,1.0,1.0,1.0,6.659788120024841e-21,5.34714815874485e-22,3.425581485693228e-13,2.38475379854406e-14,1.913249450036553e-05,7.819633518617771e-06,2.9799548916136395e-07,1.8025484857438612e-07,1.0,1.0,1.0,1.0,8.377172096332872e-20,2.801011848616234e-18,4.585250246114617e-13,1.0191107827824893e-12,0.005566139639899422,0.002828809734162359,1.8090658906330493e-05,6.0737927741571225e-06,1.0,1.0,1.0,1.0
1.0,0.596061775296335,0.04451118337499228,0.047692255407695755,3.0456500266306845e-12,3.9603455568220613e-13,1.2569303224235252e-12,3.9141111334734855e-12,2.1399435153709488e-35,3.4373104420893885e-33,2.2416691123717072e-26,6.689276644903923e-26,1.0,1.0,1.0,1.0,1.0876451309829975e-14,3.683384041785995e-14,2.0869870823125542e-10,2.7380842206396147e-10,5.981102873750537e-35,4.495746057459734e-33,5.0452742133338015e-23,1.518404660708251e-22,1.0,1.0,1.0,1.0,2.730183693657628e-07,4.275710921719557e-07,7.139332055348026e-05,7.101308550792911e-05,1.6829883048540219e-34,1.3441693476345888e-32,9.360931596851446e-22,9.491593460038882e-22,1.0,1.0,1.0,1.0,1.26888390576959e-10,8.687896309236187e-08,3.6192849887082525e-08,6.04507028656058e-08,6.43743368162245e-32,6.590999245782071e-29,8.286242966567602e-23,3.075788579962718e-22,1.0,1.0,1.0,1.0,3.092606798853158e-08,2.382119939194839e-10,4.842641142080306e-07,1.5780692401227083e-07,9.030557083751857e-26,1.573567065164781e-22,1.9509530894555801e-16,1.936403369764036e-16,1.0,1.0,1.0,1.0,8.584334441938936e-05,0.00019640614122032207,0.002863554127480243,0.004167629891865098,1.2814609310322486e-27,1.0333628069701588e-24,4.424642929409158e-18,4.503219992496398e-18,1.0,1.0,1.0,1.0,1.2028672166697179e-07,3.0289453705001034e-07,9.062327138875795e-05,0.0002465573339306107,3.1234065042108503e-34,1.7493670994485506e-32,7.162792564455085e-22,9.264804733126135e-22
1.0,0.839138450911459,0.06706602279227067,0.07166739730164629,6.644079113997905e-12,8.841718964040393e-13,2.7716236262441967e-12,8.501458289826068e-12,7.602133391244555e-35,1.1753833358959257e-32,6.751728254250859e-26,1.9956071914035309e-25,1.0,1.0,1.0,1.0,2.5268058503649884e-14,8.439626677519309e-14,4.2908742076362957e-10,5.615761391995276e-10,2.1081487497376675e-34,1.5333053259891378e-32,1.4209965659531668e-22,4.230497826681246e-22,1.0,1.0,1.0,1.0,5.095639500707621e-07,7.929826003421818e-07,0.00012196869013876829,0.00012133137576392729,5.8866774817892156e-34,4.545018763194792e-32,2.5650676970451413e-21,2.6005308705482324e-21,1.0,1.0,1.0,1.0,2.62194456869344e-10,1.6552934120615243e-07,7.01058390941203e-08,1.1585964627178293e-07,2.1518893712826222e-31,2.083567119827353e-28,2.3199628478964024e-22,8.514731136405072e-22,1.0,1.0,1.0,1.0,6.012604299037924e-08,4.891024027596038e-10,8.946819857293824e-07,2.961272721360213e-07,2.686415645903072e-25,4.381440822307238e-22,4.744005441263222e-16,4.709012019639843e-16,1.0,1.0,1.0,1.0,0.00014599416029255292,0.00033022985779881925,0.00457487411234591,0.006589032711639444,3.954030910565136e-27,3.0120706003329392e-24,1.1148892844185479e-17,1.1344840086704145e-17,1.0,1.0,1.0,1.0,2.276700768155743e-07,5.648832429735263e-07,0.00015397827164932273,0.0004132549091049584,1.0877803336476956e-33,5.906579655718602e-32,1.9670035267138357e-21,2.5389772251439562e-21
1.0,1.0,0.2811927291675725,0.298665364594597,1.1627241650298612e-10,1.702435439651174e-11,5.0527167858243434e-11,1.468910038016869e-10,8.513971796653394e-33,1.1377929854475722e-30,4.052443938004848e-24,1.155828216738971e-23,1.0,1.0,1.0,1.0,5.66505389900962e-13,1.7990665834143988e-12,6.1470655693758636e-09,7.94169202297377e-09,2.2916018504926803e-32,1.4737171724825837e-30,6.581212389227589e-21,1.8875217177142715e-20,1.0,1.0,1.0,1.0,4.957510817214438e-06,7.532991028437345e-06,0.0008485343367197541,0.0008444269694061479,6.212108519640787e-32,4.2326029844263045e-30,1.0702794472479706e-19,1.0845370558205695e-19,1.0,1.0,1.0,1.0,3.8468887013726696e-09,1.7135267263509246e-06,7.678943605014644e-07,1.229057233609747e-06,1.9135838643235337e-29,1.5031027993408974e-26,1.0555155056069853e-20,3.704304377068802e-20,1.0,1.0,1.0,1.0,6.643240815463784e-07,6.9537699553924335e-09,8.44630573765827e-06,2.973443772632887e-06,1.540036324096524e-23,1.953044741246232e-20,1.2568588561176848e-14,1.2479777729558765e-14,1.0,1.0,1.0,1.0,0.0010020313480168803,0.002123701978732211,0.024508743433196735,0.03425799568545862,2.596998514115636e-25,1.593028716016429e-22,3.417745296265031e-16,3.4754456868886327e-16,1.0,1.0,1.0,1.0,2.3122079018568728e-06,5.465412588821256e-06,0.0010510592775835707,0.0025975694536539357,1.1273995036830093e-31,5.457088739620879e-30,8.294856889562625e-20,1.0601166731847303e-19
1.0,1.0,0.3281808200256448,0.3474615262031251,1.5891556129334324e-10,2.3582558914086128e-11,6.956523773885837e-11,2.0071872195021586e-10,1.4387106256754673e-32,1.892267482939312e-30,6.3821073392554505e-24,1.812542834280451e-23,1.0,1.0,1.0,1.0,7.984501966532813e-13,2.5219132882258203e-12,8.230092045131467e-09,1.063693579134792e-08,3.8620816653549387e-32,2.448099698464561e-30,1.0061701114428923e-20,2.8752379103127055e-20,1.0,1.0,1.0,1.0,6.364000043773042e-06,9.642450841863755e-06,0.0010451762712509536,0.0010406592044723147,1.043203386349885e-31,7.003992627037563e-30,1.615752263023607e-19,1.63718339993809e-19,1.0,1.0,1.0,1.0,5.16462523728892e-09,2.21187494665921e-06,9.945539683085926e-07,1.5894368429433849e-06,3.15300827787432e-29,2.4164901286915274e-26,1.6140888626274062e-20,5.620300826382558e-20,1.0,1.0,1.0,1.0,8.639937294810422e-07,9.331433660090178e-09,1.0798377072443145e-05,3.82555579269948e-06,2.4138464875228654e-23,2.9746329183931605e-20,1.805618496208851e-14,1.792923144649694e-14,1.0,1.0,1.0,1.0,0.0012319322006249173,0.0025878359671899303,0.029318483010921353,0.04111920755286641,4.1332082437068566e-25,2.4738453302866457e-22,4.988927251475145e-16,5.072761770159568e-16,1.0,1.0,1.0,1.0,2.9847627410089206e-06,7.008372079607375e-06,0.0012929029784577227,0.003180050510551351,1.8900608290977016e-31,9.025043738393957e-30,1.2524122060758232e-19,1.6004804055058698e-19
2.9961229523813713e-06,0.0005824342546301759,0.014673626087137615,0.013657530920933534,1.0,1.0,1.0,1.0,0.023979199983239823,0.12481449328523932,1.0,1.0,1.0876451309829975e-14,2.5268058503649884e-14,5.66505389900962e-13,7.984501966532813e-13,1.0,1.0,1.0,1.0,0.0337203371605717,0.1358738879562193,1.0,1.0,2.0071872195021586e-10,2.021918932566321e-08,1.4842293168592932e-05,4.4977092687303226e-05,1.0,1.0,1.0,1.0,0.047576335810160277,0.18998972271626904,1.0,1.0,3.9833069312437014e-11,6.498662583888051e-09,5.954177280814291e-05,0.000250936161810358,1.0,1.0,1.0,1.0,0.30109752760364167,1.0,1.0,1.0,9.312052642057698e-08,7.81573179505324e-08,3.5358327328261496e-06,2.4141435531714322e-05,1.0,1.0,1.0,1.0,1.0,1.0,1.0,1.0,6.922631760893701e-11,1.0412368627318758e-11,2.5580845654865123e-05,4.007369214970748e-06,1.0,1.0,0.18347289997158692,0.1358738879562193,1.0,1.0,1.0,1.0,4.5322115286558186e-10,6.046226713850922e-09,3.131940371342452e-05,5.417919243303645e-05,1.0,1.0,1.0,1.0,0.05818634287637412,0.20572481339040916,1.0,1.0
7.004098337457065e-06,0.001182353370802576,0.027337534577924,0.025475510393328595,1.0,1.0,1.0,1.0,0.012830440237208748,0.07070649536317383,1.0,1.0,3.683384041785995e-14,8.439626677519309e-14,1.7990665834143988e-12,2.5219132882258203e-12,1.0,1.0,1.0,1.0,0.0182323434464517,0.07711090310558025,1.0,1.0,5.685052813898051e-10,5.315615656912984e-08,3.340143577279233e-05,9.853904748507245e-05,1.0,1.0,1.0,1.0,0.025896544449022302,0.10952832486466237,1.0,1.0,1.1713992362060816e-10,1.7380347816373484e-08,0.0001295996942068822,0.0005284896760840497,1.0,1.0,1.0,1.0,0.17887731420369826,1.0,1.0,1.0,2.3526621479725567e-07,1.984050983223026e-07,8.244588083208284e-06,5.383552505505183e-05,1.0,1.0,1.0,1.0,1.0,1.0,1.0,1.0,2.0083300121406955e-10,3.1381130990400627e-11,5.6964789516587814e-05,9.321271928410813e-06,1.0,1.0,0.30871119592659013,0.23263209265935697,1.0,1.0,1.0,1.0,1.27287799386492e-09,1.6175171446696816e-08,6.928596542440575e-05,0.00011820571409473428,1.0,1.0,1.0,1.0,0.03184767485108977,0.11902472660365337,1.0,1.0
0.0023374270652041303,0.14529286179520928,1.0,1.0,1.0,1.0,1.0,1.0,5.687931286480373e-05,0.00047850105555132053,0.17584850950956168,0.2510586447131754,2.0869870823125542e-10,4.2908742076362957e-10,6.1470655693758636e-09,8.230092045131467e-09,1.0,1.0,1.0,1.0,8.813711331034178e-05,0.0005330194952903501,1.0,1.0,8.882681191468482e-07,4.0896344103079895e-05,0.008349594611842235,0.019958751421627154,1.0,1.0,1.0,1.0,0.00013626870073061605,0.0008303947384677096,1.0,1.0,2.2885984628573597e-07,1.6070113243734472e-05,0.02487624414234832,0.0765389082196378,1.0,1.0,1.0,1.0,0.0015474809298319076,0.022013788320398728,1.0,1.0,0.0001417138294149152,0.00012295813847912058,0.002661989283478149,0.01229025935556517,1.0,1.0,1.0,1.0,0.2775135375340711,1.0,1.0,1.0,3.6305206254201334e-07,7.357251050222492e-08,0.012844116800289273,0.002940259642510266,1.0,1.0,1.0,1.0,0.06509139615945266,0.6123160830453285,1.0,1.0,1.7570015520383483e-06,1.513177752699148e-05,0.015005509001096554,0.023089641136621698,1.0,1.0,1.0,1.0,0.00017621507447205062,0.0009207521458730837,1.0,1.0
0.002785421638642698,0.1671229660484488,1.0,1.0,1.0,1.0,1.0,1.0,4.631905399192192e-05,0.0003946811126072922,0.15223172834292403,0.22010306639236704,2.7380842206396147e-10,5.615761391995276e-10,7.94169202297377e-09,1.063693579134792e-08,1.0,1.0,1.0,1.0,7.191391007436469e-05,0.0004412066129080014,1.0,1.0,1.1167753188391978e-06,5.032600936679057e-05,0.009868394001014752,0.023424309042930906,1.0,1.0,1.0,1.0,0.00011170462283585773,0.0006904981855740407,1.0,1.0,2.896209008552043e-07,1.9857201069482763e-05,0.029126771286198987,0.08911702617451543,1.0,1.0,1.0,1.0,0.0012890131823451395,0.018737413205223843,1.0,1.0,0.00017229245296566836,0.00014990117554217016,0.003180050510551351,0.014458749450499816,1.0,1.0,1.0,1.0,0.2420688581181844,1.0,1.0,1.0,4.5968474350905753e-07,9.404699316860511e-08,0.015096467129504009,0.003506334225490838,1.0,1.0,1.0,1.0,0.05578450990424183,0.5367122430344072,1.0,1.0,2.2010741516219516e-06,1.8712717714888507e-05,0.017689130230787414,0.027080796105486027,1.0,1.0,1.0,1.0,0.00014496294920638225,0.0007684026653844018,1.0,1.0
1.265044332270659e-21,1.3418876549935815e-17,6.2188208895250065e-15,5.388827250315288e-15,0.0015136796719008414,0.005013089010249669,0.0025606537529831094,0.0012945403122042887,1.0,1.0,1.0,1.0,5.981102873750537e-35,2.1081487497376675e-34,2.2916018504926803e-32,3.8620816653549387e-32,0.0337203371605717,0.0182323434464517,8.813711331034178e-05,7.191391007436469e-05,1.0,1.0,1.0,1.0,1.974535318804165e-28,3.1254089855218023e-25,1.979517594996069e-20,1.3669952085031698e-19,1.847041013500663e-07,1.1660802797915525e-07,2.7652449208683336e-10,2.785537003224482e-10,1.0,1.0,1.0,1.0,1.56789672440844e-29,5.017128624355421e-26,2.2430521349165816e-19,2.9401354736940475e-18,0.0001268671100298394,5.671421528370423e-07,1.2774344839137007e-06,7.978575024924894e-07,1.0,1.0,1.0,1.0,3.728770471006231e-24,2.8020495565950034e-24,1.6823341058180207e-21,4.625131587301864e-20,1.4719270146335669e-06,7.983842539213839e-05,1.0256887939716817e-07,3.187759682116069e-07,1.0,1.0,0.2096177883754876,0.21008753595672433,3.7143979108798055e-29,1.963409255102642e-30,5.122086819323376e-20,2.083873970794017e-21,2.1626525551948424e-10,6.843940981234073e-11,1.0403450135621307e-12,5.486157256320641e-13,1.0,1.0,0.8985743546476068,0.8936284576256152,7.195873366363781e-28,4.463232157802458e-26,7.270217473643996e-20,1.8964214926095085e-19,4.1487708147432936e-07,1.6621384102904244e-07,2.0101933819538212e-10,4.936134835172284e-11,1.0,1.0,1.0,1.0
3.937109324522104e-20,3.052511132600898e-16,1.1264103802345343e-13,9.813459326651323e-14,0.0075609344147344005,0.023220466233244176,0.01245805529435632,0.0065333125957498855,1.0,1.0,1.0,1.0,4.495746057459734e-33,1.5333053259891378e-32,1.4737171724825837e-30,2.448099698464561e-30,0.1358738879562193,0.07711090310558025,0.0005330194952903501,0.0004412066129080014,1.0,1.0,1.0,1.0,9.883079696262487e-27,1.2617413096538051e-23,5.590844150678148e-19,3.629565673463414e-18,1.563091462478246e-06,1.0104198780794083e-06,3.2247022925393228e-09,3.247247025037323e-09,1.0,1.0,1.0,1.0,8.430024379870675e-28,2.139230771322018e-24,5.847895873726207e-18,7.003736876788946e-17,0.0007508421768064413,4.5228876970109116e-06,9.787054781053793e-06,6.262358300691684e-06,1.0,1.0,1.0,1.0,1.396055932293367e-22,1.0585324048957922e-22,5.1804083904114674e-20,1.2725502363137499e-18,1.1182098603379187e-05,0.0004867945784846626,8.962659641953104e-07,2.623682982190945e-06,1.0,1.0,0.7092060036954935,0.7109890658404673,1.9481844935453738e-27,1.1176720831968322e-28,1.4027784539910542e-18,6.371050821641374e-20,2.5425289493440623e-09,8.399615717697636e-10,1.5474236866561843e-11,8.384456580751572e-12,1.0,1.0,1.0,1.0,3.469290938551807e-26,1.909600462190791e-24,1.9704740356179385e-18,4.975184433099877e-18,3.3614791417330646e-06,1.4142958693142106e-06,2.3692909868297656e-09,6.150935054015477e-10,1.0,1.0,1.0,1.0
2.454124507356007e-12,3.012200736793203e-09,2.9591367589098284e-07,2.6660513039755184e-07,1.0,1.0,1.0,1.0,1.0,1.0,1.0,1.0,5.0452742133338015e-23,1.4209965659531668e-22,6.581212389227589e-21,1.0061701114428923e-20,1.0,1.0,1.0,1.0,1.0,1.0,1.0,1.0,9.999620537130577e-18,3.59909978051886e-15,2.0701249520495242e-11,9.177391159530468e-11,0.04696697256882593,0.03468365175096354,0.0006204876550448123,0.0006235468132002659,1.0,1.0,1.0,1.0,1.3053788459189082e-18,8.392028721924568e-16,1.3414070314919305e-10,9.451997142189284e-10,1.0,0.09684084822161827,0.16098797494411687,0.11997455601403115,1.0,1.0,1.0,1.0,2.5483557058517326e-14,2.0345839704303294e-14,3.0613991363982477e-12,3.9833069312437014e-11,0.17623371311863195,1.0,0.031927408468509416,0.0670543738648707,1.0,1.0,1.0,1.0,2.6199262815798455e-18,2.434720003681357e-19,4.304167855518967e-11,3.6161624792236787e-12,0.0005232804667424675,0.0002335384008498522,1.2112945186181539e-05,7.659266392020631e-06,1.0,1.0,1.0,1.0,2.819773198601144e-17,7.646443950214759e-16,5.638855031251933e-11,1.1816702312108803e-10,0.07934278738200462,0.043807479482640424,0.0004970209089709418,0.00018595626335358482,1.0,1.0,1.0,1.0
5.645040604689613e-12,6.264663684511265e-09,5.737978415503679e-07,5.176273195893442e-07,1.0,1.0,1.0,1.0,1.0,1.0,1.0,1.0,1.518404660708251e-22,4.230497826681246e-22,1.8875217177142715e-20,2.8752379103127055e-20,1.0,1.0,1.0,1.0,1.0,1.0,1.0,1.0,2.6520411028643772e-17,8.949031745590525e-15,4.612551849904314e-11,2.002748378513306e-10,0.07241642045199229,0.05412499670075533,0.0010447538732871607,0.001049287368155504,1.0,1.0,1.0,1.0,3.542654533752425e-18,2.1236291401747807e-15,2.8997418572980043e-10,2.010666244756258e-09,1.0,0.14583871968847484,0.23760481101799022,0.17976654749533408,1.0,1.0,1.0,1.0,6.195176939183342e-14,4.9560362895429876e-14,7.0222650054555115e-12,8.811756676208853e-11,0.258544984818957,1.0,0.049865984368703146,0.10221496354559743,1.0,1.0,1.0,1.0,7.015890009044235e-18,6.720298973372551e-19,9.514993374883668e-11,8.274515087052937e-12,0.0008841191553490989,0.0004050634384557646,2.211896617223819e-05,1.4109573310371145e-05,1.0,1.0,1.0,1.0,7.397135386136076e-17,1.9382618601896786e-15,1.2421074775691434e-10,2.5598541440776345e-10,0.12016102260599872,0.06776976449313842,0.0008429765274599738,0.0003236308982997455,1.0,1.0,1.0,1.0
1.0,1.0,1.0,1.0,2.4827386315412162e-08,4.367074779793339e-09,1.1667053226871698e-08,3.075745683394649e-08,7.771403429451884e-29,7.75231054391562e-27,1.046736489528964e-20,2.7839037811492336e-20,1.0,1.0,1.0,1.0,2.0071872195021586e-10,5.685052813898051e-10,8.882681191468482e-07,1.1167753188391978e-06,1.974535318804165e-28,9.883079696262487e-27,9.999620537130577e-18,2.6520411028643772e-17,1.0,1.0,1.0,1.0,0.00033129157370554986,0.00047914721430745305,0.0279649005972016,0.027851673338796214,5.046036995813567e-28,2.660760548927948e-26,1.3267310830131105e-16,1.343051847870396e-16,1.0,1.0,1.0,1.0,5.837202541192333e-07,0.00013003261829863322,6.378792859394852e-05,9.681176267965076e-05,1.0968288560151893e-25,5.644832887566245e-23,1.5484291030230003e-17,4.946814127159822e-17,1.0,1.0,1.0,1.0,5.6190986838067205e-05,9.917291827071416e-07,0.0005291990961306471,0.00021102854309053618,3.6363598654126675e-20,2.7363834684179138e-17,6.243348853122683e-12,6.203159328386487e-12,1.0,1.0,1.0,1.0,0.03225190074155526,0.06189376386321532,0.46982327060868645,0.6221832270717161,8.090546997423328e-22,3.174633771081756e-19,2.289851568207987e-13,2.3253093241183833e-13,1.0,1.0,1.0,1.0,0.00016939849163717042,0.0003612352381583342,0.033687563935591795,0.07377493754193928,8.837884299981862e-28,3.377922862683945e-26,1.0466062298049737e-16,1.3147251741539697e-16
1.0,1.0,1.0,1.0,1.633587728837805e-06,3.3972468315354253e-07,8.29381266217454e-07,1.9740451765930133e-06,1.2934594753384097e-25,1.0036810405217033e-23,5.811863577307967e-18,1.4482468674068276e-17,1.0,1.0,1.0,1.0,2.021918932566321e-08,5.315615656912984e-08,4.0896344103079895e-05,5.032600936679057e-05,3.1254089855218023e-25,1.2617413096538051e-23,3.59909978051886e-15,8.949031745590525e-15,1.0,1.0,1.0,1.0,0.007815563206989966,0.010788587193301174,0.36162795356011773,0.3604178813126458,7.597811492667715e-25,3.214306902201361e-23,4.002850264655226e-14,4.0485871063831625e-14,1.0,1.0,1.0,1.0,2.7960977927079308e-05,0.0034230278184937926,0.0018405889574678988,0.0026363021678249424,1.22435395396665e-22,4.3595064922913994e-20,5.427624725087102e-15,1.6015824629709292e-14,1.0,1.0,1.0,1.0,0.0016459841071595792,4.5221766703679785e-05,0.011769093272680291,0.005251406384825524,1.8594478452653123e-17,9.210709523718784e-15,8.318823433934605e-10,8.269852472599799e-10,1.0,1.0,1.0,1.0,0.4085212108657089,0.7060827937176297,1.0,1.0,5.284723258169244e-19,1.4201289504884911e-16,4.012190216771778e-11,4.069486453834255e-11,1.0,1.0,1.0,1.0,0.00433120508798434,0.008426807434452377,0.4233203103952313,0.8184618226921582,1.2908943872935011e-24,4.0279173451953064e-23,3.210622282577667e-14,3.969212592905821e-14
1.0,1.0,1.0,1.0,0.0005951194874943586,0.00015914076330504525,0.0003369581568072992,0.0006982128816624492,8.884040584290584e-21,4.546506328271858e-19,6.881220376233444e-14,1.5570723211256373e-13,1.0,1.0,1.0,1.0,1.4842293168592932e-05,3.340143577279233e-05,0.008349594611842235,0.009868394001014752,1.979517594996069e-20,5.590844150678148e-19,2.0701249520495242e-11,4.612551849904314e-11,1.0,1.0,1.0,1.0,0.542986714053951,0.698099498907326,1.0,1.0,4.418121332360579e-20,1.3014845684005699e-18,1.7241106769933114e-10,1.7413633528087578e-10,1.0,1.0,1.0,1.0,0.006112879167759934,0.28796747948531587,0.17885899328521399,0.2362947982573135,4.333276447213576e-18,8.558376009213634e-16,2.9700743904679856e-11,7.711178072492067e-11,1.0,1.0,1.0,1.0,0.16349688686993838,0.009061523537973327,0.7468630600568177,0.4012813054374018,1.947351022659063e-13,4.734075636164905e-11,9.825103212425828e-07,9.77599422996351e-07,1.0,1.0,1.0,1.0,1.0,1.0,1.0,1.0,8.074958228114933e-15,1.1842021420834287e-12,7.179123496749108e-08,7.267654391648873e-08,1.0,1.0,1.0,1.0,0.34445646785630535,0.5757560006886241,1.0,1.0,7.137759369133866e-20,1.5947002598987329e-18,1.4213499853781604e-10,1.711434137229331e-10
1.0,1.0,1.0,1.0,0.0015675904984884985,0.0004458346801579974,0.0009118917144450054,0.0018281439194523209,6.254822030336212e-20,2.96727744461998e-18,3.49315450843615e-13,7.755333355510807e-13,1.0,1.0,1.0,1.0,4.4977092687303226e-05,9.853904748507245e-05,0.019958751421627154,0.023424309042930906,1.3669952085031698e-19,3.629565673463414e-18,9.177391159530468e-11,2.002748378513306e-10,1.0,1.0,1.0,1.0,1.0,1.0,1.0,1.0,3.0057877560192966e-19,8.284328539181535e-18,7.197947162476671e-10,7.265388872557416e-10,1.0,1.0,1.0,1.0,0.014821130256969087,0.5809558705166098,0.36428820509035154,0.4787891333288645,2.6981926370648265e-17,4.809263093249703e-15,1.3046508291905368e-10,3.284376106649277e-10,1.0,1.0,1.0,1.0,0.3353202752858249,0.02155238947449301,1.0,0.7997843921956689,9.653525335300329e-13,2.050503945608911e-10,3.227205602264978e-06,3.212949164127342e-06,1.0,1.0,1.0,1.0,1.0,1.0,1.0,1.0,4.290830632734256e-14,5.658495009515567e-12,2.5668558896469073e-07,2.5965645694267e-07,1.0,1.0,1.0,1.0,0.6937119593792155,1.0,1.0,1.0,4.810287850674046e-19,1.011007947592662e-17,5.95467017056748e-10,7.149073537051991e-10
0.20471761802883667,1.0,1.0,1.0,1.0,1.0,1.0,1.0,1.1003522467303006e-07,1.3726169245125409e-06,0.0019294176205457614,0.00306048279271054,2.730183693657628e-07,5.095639500707621e-07,4.957510817214438e-06,6.364000043773042e-06,1.0,1.0,1.0,1.0,1.847041013500663e-07,1.563091462478246e-06,0.04696697256882593,0.07241642045199229,0.00033129157370554986,0.007815563206989966,0.542986714053951,1.0,1.0,1.0,1.0,1.0,3.092453060922817e-07,2.658860830326887e-06,0.14529286179520928,0.14585594450065245,0.00010545605330516267,0.0036163536325184258,1.0,1.0,1.0,1.0,1.0,1.0,5.668338651368624e-06,0.00014606614016930572,0.05713186065850921,0.09529179617327355,0.021463770145406794,0.019141373182964,0.2263238745653772,0.7347552176130723,1.0,1.0,1.0,1.0,0.003475824370012996,0.07344034909445671,1.0,1.0,0.00015595466347513473,4.055492638837116e-05,0.7611115989502629,0.24373976705318162,1.0,1.0,1.0,1.0,0.0005570778163680722,0.00971817527678916,1.0,1.0,0.0005890087584548772,0.0034444006529107157,0.858143767495802,1.0,1.0,1.0,1.0,1.0,4.2071247877041935e-07,3.018967674745545e-06,0.13129694677115913,0.14476600557511474
0.2641011276600376,1.0,1.0,1.0,1.0,1.0,1.0,1.0,6.893327782451537e-08,8.866975450589929e-07,0.0013657211162791004,0.0021864269439385445,4.275710921719557e-07,7.929826003421818e-07,7.532991028437345e-06,9.642450841863755e-06,1.0,1.0,1.0,1.0,1.1660802797915525e-07,1.0104198780794083e-06,0.03468365175096354,0.05412499670075533,0.00047914721430745305,0.010788587193301174,0.698099498907326,1.0,1.0,1.0,1.0,1.0,1.969267517548401e-07,1.731213333776707e-06,0.11002913052741321,0.11059552123110587,0.0001543438633819634,0.005048007406631038,1.0,1.0,1.0,1.0,1.0,1.0,3.716627437520268e-06,9.973041785520037e-05,0.0424400541512911,0.07155062717757799,0.029126771286198987,0.026022299228645202,0.29190117562647677,0.9354693799975944,1.0,1.0,1.0,1.0,0.002482849035263701,0.054903053660690926,1.0,1.0,0.00022712107390941176,5.99839649063238e-05,0.9676866144976194,0.3152340731109319,1.0,1.0,1.0,1.0,0.0003870196394860339,0.007025592904130545,1.0,1.0,0.0008411312333735899,0.004811443984735602,1.0,1.0,1.0,1.0,1.0,1.0,2.6859140929139265e-07,1.9685590428718743e-06,0.09947928187070389,0.10962184312107691
1.0,1.0,1.0,1.0,1.0,1.0,1.0,1.0,1.5403107382492117e-10,2.7720355718369388e-09,1.3250208047223277e-05,2.314984634916998e-05,7.139332055348026e-05,0.00012196869013876829,0.0008485343367197541,0.0010451762712509536,1.0,1.0,1.0,1.0,2.7652449208683336e-10,3.2247022925393228e-09,0.0006204876550448123,0.0010447538732871607,0.0279649005972016,0.36162795356011773,1.0,1.0,1.0,1.0,1.0,1.0,4.989278213895331e-10,5.958666936971032e-09,0.002440703681081538,0.002453754558789104,0.010881457487046348,0.19935483078845959,1.0,1.0,1.0,1.0,1.0,1.0,1.4285010670333624e-08,6.294781692572474e-07,0.0007863573246056053,0.0014564737698166143,0.8072709142061114,0.7375082922958452,1.0,1.0,1.0,1.0,1.0,1.0,2.6977462311401393e-05,0.0010607782242858636,0.484439730071504,0.4831764858281374,0.015009410831093549,0.004884441441753276,1.0,1.0,1.0,1.0,1.0,1.0,3.001199509413023e-06,9.215553746373719e-05,0.10630571897297972,0.10702243350096152,0.044964392400053066,0.19147691080780257,1.0,1.0,1.0,1.0,1.0,1.0,7.106858393902162e-10,6.894823972269208e-09,0.0021551065347024763,0.0024294536249243465
1.0,1.0,1.0,1.0,1.0,1.0,1.0,1.0,1.5517424557100206e-10,2.791476192823455e-09,1.3325224911292088e-05,2.3278568962117888e-05,7.101308550792911e-05,0.00012133137576392729,0.0008444269694061479,0.0010406592044723147,1.0,1.0,1.0,1.0,2.785537003224482e-10,3.247247025037323e-09,0.0006235468132002659,0.001049287368155504,0.027851673338796214,0.3604178813126458,1.0,1.0,1.0,1.0,1.0,1.0,5.025475742174968e-10,5.9975410528502025e-09,0.002450789538749893,0.0024651090244215655,0.010834929656982835,0.19865011168523544,1.0,1.0,1.0,1.0,1.0,1.0,1.4381749413152066e-08,6.333720339477188e-07,0.0007901954256234542,0.0014633859313218853,0.8053017436658841,0.735200916948425,1.0,1.0,1.0,1.0,1.0,1.0,2.712672262136174e-05,0.0010653753001605923,0.4850846969566506,0.484439730071504,0.014954313454131528,0.004862680313182922,1.0,1.0,1.0,1.0,1.0,1.0,3.018967674745545e-06,9.260333577481843e-05,0.10670168004940836,0.1074208005992605,0.04478753792737872,0.1907979432286479,1.0,1.0,1.0,1.0,1.0,1.0,7.155451358293403e-10,6.942253169164315e-09,0.002165143706831142,0.002440703681081538
2.888129115948369e-21,2.840552996795244e-17,1.2465383158370587e-14,1.081551681351805e-14,0.0022287865581487173,0.007298577909260158,0.0037579018430550547,0.001922072824056969,1.0,1.0,1.0,1.0,1.6829883048540219e-34,5.8866774817892156e-34,6.212108519640787e-32,1.043203386349885e-31,0.047576335810160277,0.025896544449022302,0.00013626870073061605,0.00011170462283585773,1.0,1.0,1.0,1.0,5.046036995813567e-28,7.597811492667715e-25,4.418121332360579e-20,3.0057877560192966e-19,3.092453060922817e-07,1.969267517548401e-07,4.989278213895331e-10,5.025475742174968e-10,1.0,1.0,1.0,1.0,4.0757888550979916e-29,1.2335721566344343e-25,4.9141546793915985e-19,6.278971200469033e-18,0.00019503373698589655,9.368990524395634e-07,2.0854036407796058e-06,1.3140019263472882e-06,1.0,1.0,1.0,1.0,8.890056224824493e-24,6.694327109124612e-24,3.832527231245219e-21,1.0254475036751081e-19,2.398550617822239e-06,0.00012372075591317698,1.736818249930596e-07,5.316237111667564e-07,1.0,1.0,0.2805757655896266,0.28117662301085994,9.595462145657052e-29,5.175009045025787e-30,1.1326215068880573e-19,4.73812033852562e-21,3.9052563633591457e-10,1.2562396984189697e-10,1.99533076900432e-12,1.0575734388651185e-12,1.0,1.0,1.0,1.0,1.8225264087094113e-27,1.0986021729239364e-25,1.6026850183059058e-19,4.1641692075128685e-19,6.896639517037256e-07,2.7864816706695636e-07,3.630156494094335e-10,9.097264558279865e-11,1.0,1.0,1.0,1.0
9.363644956827827e-20,6.713773508639654e-16,2.334500509536613e-13,2.040795816122449e-13,0.011262831894590625,0.033804430476934905,0.018337011127789026,0.009768008146539818,1.0,1.0,1.0,1.0,1.3441693476345888e-32,4.545018763194792e-32,4.2326029844263045e-30,7.003992627037563e-30,0.18998972271626904,0.10952832486466237,0.0008303947384677096,0.0006904981855740407,1.0,1.0,1.0,1.0,2.660760548927948e-26,3.214306902201361e-23,1.3014845684005699e-18,8.284328539181535e-18,2.658860830326887e-06,1.731213333776707e-06,5.958666936971032e-09,5.9975410528502025e-09,1.0,1.0,1.0,1.0,2.3113044182970385e-27,5.5294959376421816e-24,1.331554380934346e-17,1.5590891650908238e-16,0.0011553390840523183,7.607588445167707e-06,1.6274763757532625e-05,1.0467363587215866e-05,1.0,1.0,1.0,1.0,3.483629539882997e-22,2.647302205427241e-22,1.2276428665944578e-19,2.9401354736940475e-18,1.8589851419399696e-05,0.0007599121207423847,1.5394424801092808e-06,4.436086870442472e-06,1.0,1.0,0.9576448360457627,0.9599733524543255,5.311707740655822e-27,3.1116208744593563e-28,3.2392055298198047e-18,1.5071271182151057e-19,4.714990480531403e-09,1.5821215091990154e-09,3.044864806698623e-11,1.660225737281823e-11,1.0,1.0,1.0,1.0,9.255210995785503e-26,4.94031413193045e-24,4.516485936375987e-18,1.1344840086704145e-17,5.6777155685252794e-06,2.4051928344364603e-06,4.397413107764855e-09,1.1597852400961323e-09,1.0,1.0,1.0,1.0
2.21438735613187e-11,2.09561695763026e-08,1.6948948937963243e-06,1.53512787647224e-06,1.0,1.0,1.0,1.0,1.0,1.0,1.0,1.0,9.360931596851446e-22,2.5650676970451413e-21,1.0702794472479706e-19,1.615752263023607e-19,1.0,1.0,1.0,1.0,1.0,1.0,1.0,1.0,1.3267310830131105e-16,4.002850264655226e-14,1.7241106769933114e-10,7.197947162476671e-10,0.14529286179520928,0.11002913052741321,0.002440703681081538,0.002450789538749893,1.0,1.0,1.0,1.0,1.828093801058246e-17,9.798908434697426e-15,1.0373466846051902e-09,6.880809113026405e-09,1.0,0.27980328489096445,0.4479183452099795,0.3403271223250079,1.0,1.0,1.0,1.0,2.6704691513595187e-13,2.149471257944785e-13,2.7408006982351622e-11,3.224482267766642e-10,0.4850846969566506,1.0,0.1020536899599732,0.20104785767693406,1.0,1.0,1.0,1.0,3.591873275700964e-17,3.592842479294913e-18,3.4757123938389134e-10,3.215934819917438e-11,0.0020824897446773336,0.0009819709855259325,5.9222661738595266e-05,3.824957165791524e-05,1.0,1.0,1.0,1.0,3.6386028370805775e-16,8.959432316145884e-15,4.505209841138324e-10,9.170942404852713e-10,0.2336590711410214,0.1361954099185182,0.001986188910229886,0.0007943844424183912,1.0,1.0,1.0,1.0
2.2373607489506876e-11,2.11466920651233e-08,1.7087419004962565e-06,1.5470774348197761e-06,1.0,1.0,1.0,1.0,1.0,1.0,1.0,1.0,9.491593460038882e-22,2.6005308705482324e-21,1.0845370558205695e-19,1.63718339993809e-19,1.0,1.0,1.0,1.0,1.0,1.0,1.0,1.0,1.343051847870396e-16,4.0485871063831625e-14,1.7413633528087578e-10,7.265388872557416e-10,0.14585594450065245,0.11059552123110587,0.002453754558789104,0.0024651090244215655,1.0,1.0,1.0,1.0,1.8511132337629524e-17,9.913053438734271e-15,1.0473780397557432e-09,6.942253169164315e-09,1.0,0.2809708448473384,0.44998019976441805,0.3419304929356588,1.0,1.0,1.0,1.0,2.699252813921201e-13,2.1727186555515997e-13,2.769132207262673e-11,3.256369816216574e-10,0.48698684531306846,1.0,0.10252329034105263,0.20203836944384782,1.0,1.0,1.0,1.0,3.636748781738002e-17,3.634350474497072e-18,3.510035283364356e-10,3.249086271903729e-11,0.0020957988218180215,0.0009884579952383855,5.963104239341819e-05,3.853435463544245e-05,1.0,1.0,1.0,1.0,3.6828169537273084e-16,9.063927071374356e-15,4.5478261140348443e-10,9.259841318598944e-10,0.23479571870255578,0.13688614079742847,0.001997932556932844,0.0007996805120403851,1.0,1.0,1.0,1.0
1.0,1.0,1.0,1.0,5.64726139510936e-09,9.408266808764771e-10,2.604800748445783e-09,7.010033814629812e-09,6.069621542601732e-30,6.583170136629714e-28,1.1728729253055847e-21,3.179253278749181e-21,1.0,1.0,1.0,1.0,3.9833069312437014e-11,1.1713992362060816e-10,2.2885984628573597e-07,2.896209008552043e-07,1.56789672440844e-29,8.430024379870675e-28,1.3053788459189082e-18,3.542654533752425e-18,1.0,1.0,1.0,1.0,0.00010545605330516267,0.0001543438633819634,0.010881457487046348,0.010834929656982835,4.0757888550979916e-29,2.3113044182970385e-27,1.828093801058246e-17,1.8511132337629524e-17,1.0,1.0,1.0,1.0,1.4818388090132581e-07,3.994123678674359e-05,1.9045077979299475e-05,2.9325350358972436e-05,9.790269854470816e-27,5.6834680690849754e-24,2.0457162694532483e-18,6.684886731882541e-18,1.0,1.0,1.0,1.0,1.6682019715076096e-05,2.5668558896469073e-07,0.0001710829131124869,6.614432016980288e-05,4.181114859498754e-21,3.651042732829034e-18,1.117563873882974e-12,1.1101697489509712e-12,1.0,1.0,1.0,1.0,0.012651289996262596,0.02487624414234832,0.21645673412084868,0.287177162764268,8.601891402834036e-23,3.845162872511395e-20,3.774907005503794e-14,3.8335920350185005e-14,1.0,1.0,1.0,1.0,5.261715813176501e-05,0.0001154283294104271,0.01321337226739303,0.029851566988629445,7.215029228692706e-29,2.9481194975572365e-27,1.4347950409381595e-17,1.8111595326024733e-17
1.0,1.0,1.0,1.0,5.896841270151423e-07,1.177621094853496e-07,2.940580749932808e-07,7.193627711183341e-07,2.0520349883635325e-26,1.6949094717216328e-24,1.2194566121372714e-18,3.090169496013899e-18,1.0,1.0,1.0,1.0,6.498662583888051e-09,1.7380347816373484e-08,1.6070113243734472e-05,1.9857201069482763e-05,5.017128624355421e-26,2.139230771322018e-24,8.392028721924568e-16,2.1236291401747807e-15,1.0,1.0,1.0,1.0,0.0036163536325184258,0.005048007406631038,0.19935483078845959,0.19865011168523544,1.2335721566344343e-25,5.5294959376421816e-24,9.798908434697426e-15,9.913053438734271e-15,1.0,1.0,1.0,1.0,1.0866349528695947e-05,0.0015615629884695784,0.0008212479708711915,0.0011921876618379052,2.1438925593112045e-23,8.394893873665424e-21,1.2737551859813397e-15,3.850437739427119e-15,1.0,1.0,1.0,1.0,0.0007320168558005273,1.7828062402382164e-05,0.005532372147579323,0.0024153246980808283,3.978345930985309e-18,2.1883568322249346e-15,2.505620161865157e-10,2.4905179190416403e-10,1.0,1.0,1.0,1.0,0.22536065583468406,0.3936705616245917,1.0,1.0,1.0633843278051308e-19,3.1339060609306004e-17,1.126714395127783e-11,1.1431490406487111e-11,1.0,1.0,1.0,1.0,0.001983747743634336,0.003913257423847983,0.23362317560558976,0.4588942428645341,2.112089079314214e-25,6.944283638112871e-24,7.839977858202311e-15,9.714951360643916e-15
1.0,1.0,1.0,1.0,0.0020003886398310957,0.0005780067398605005,0.0011700771970301934,0.0023246443789262856,1.0303531124636522e-19,4.778336166959923e-18,5.299657870460809e-13,1.1698290613669449e-12,1.0,1.0,1.0,1.0,5.954177280814291e-05,0.0001295996942068822,0.02487624414234832,0.029126771286198987,2.2430521349165816e-19,5.847895873726207e-18,1.3414070314919305e-10,2.8997418572980043e-10,1.0,1.0,1.0,1.0,1.0,1.0,1.0,1.0,4.9141546793915985e-19,1.331554380934346e-17,1.0373466846051902e-09,1.0473780397557432e-09,1.0,1.0,1.0,1.0,0.018543432502199052,0.6963444716982268,0.43774394499936614,0.5735458000471056,4.307288659376484e-17,7.476498844676695e-15,1.900514531938038e-10,4.758369433321792e-10,1.0,1.0,1.0,1.0,0.40314677271972593,0.026882112320117134,1.0,0.9500039765704283,1.4537513164038281e-12,2.973710296399964e-10,4.375464636370856e-06,4.354525599912336e-06,1.0,1.0,1.0,1.0,1.0,1.0,1.0,1.0,6.590146418614786e-14,8.427084626452712e-12,3.539370264325162e-07,3.58139664565076e-07,1.0,1.0,1.0,1.0,0.8246123482911091,1.0,1.0,1.0,7.850571623287474e-19,1.6217684551320923e-17,8.598930175519649e-10,1.0299797009765563e-09
1.0,1.0,1.0,1.0,0.007039201090975923,0.0021487916224896186,0.0042179691310458125,0.008150778062736438,1.373452120169938e-18,5.748912826322447e-17,4.553147829189281e-12,9.805245098931607e-12,1.0,1.0,1.0,1.0,0.000250936161810358,0.0005284896760840497,0.0765389082196378,0.08911702617451543,2.9401354736940475e-18,7.003736876788946e-17,9.451997142189284e-10,2.010666244756258e-09,1.0,1.0,1.0,1.0,1.0,1.0,1.0,1.0,6.278971200469033e-18,1.5590891650908238e-16,6.880809113026405e-09,6.942253169164315e-09,1.0,1.0,1.0,1.0,0.05804695245818977,1.0,1.0,1.0,4.89888650243807e-16,7.285064061020274e-14,1.3273807922062524e-09,3.247247025037323e-09,1.0,1.0,1.0,1.0,1.0,0.08242263547380202,1.0,1.0,1.208859257899353e-11,2.0593754569810303e-09,2.080654049891547e-05,2.072062718500898e-05,1.0,1.0,1.0,1.0,1.0,1.0,1.0,1.0,6.017134945364503e-13,6.591135868897617e-11,1.8588623124629511e-06,1.8800071095043713e-06,1.0,1.0,1.0,1.0,1.0,1.0,1.0,1.0,9.906340195434123e-18,1.892169311014415e-16,5.748530582474791e-09,6.833788578773799e-09
0.0016972303913835823,0.11141805525696474,1.0,1.0,1.0,1.0,1.0,1.0,8.237082211584256e-05,0.000673735212432923,0.22553308836417468,0.3209949571618123,1.26888390576959e-10,2.62194456869344e-10,3.8468887013726696e-09,5.16462523728892e-09,1.0,1.0,1.0,1.0,0.0001268671100298394,0.0007508421768064413,1.0,1.0,5.837202541192333e-07,2.7960977927079308e-05,0.006112879167759934,0.014821130256969087,1.0,1.0,1.0,1.0,0.00019503373698589655,0.0011553390840523183,1.0,1.0,1.4818388090132581e-07,1.0866349528695947e-05,0.018543432502199052,0.05804695245818977,1.0,1.0,1.0,1.0,0.0021390941570596208,0.029392288269737665,1.0,1.0,9.853904748507245e-05,8.538908535681545e-05,0.001938455363106917,0.009061523537973327,1.0,1.0,1.0,1.0,0.3532970791346633,1.0,1.0,1.0,2.3702466513036668e-07,4.6942655190604236e-08,0.009491129070692435,0.002139876703887215,1.0,1.0,1.0,1.0,0.08562866612147332,0.7746120899679068,1.0,1.0,1.166799401971136e-06,1.023361322119493e-05,0.011143227816581057,0.017201760444856565,1.0,1.0,1.0,1.0,0.0002516370114328724,0.0012828904138343015,1.0,1.0
0.10358669243807066,1.0,1.0,1.0,1.0,1.0,1.0,1.0,3.426200739574378e-07,3.979816762728463e-06,0.004457000560865685,0.007012007442858201,8.687896309236187e-08,1.6552934120615243e-07,1.7135267263509246e-06,2.21187494665921e-06,1.0,1.0,1.0,1.0,5.671421528370423e-07,4.5228876970109116e-06,0.09684084822161827,0.14583871968847484,0.00013003261829863322,0.0034230278184937926,0.28796747948531587,0.5809558705166098,1.0,1.0,1.0,1.0,9.368990524395634e-07,7.607588445167707e-06,0.27980328489096445,0.2809708448473384,3.994123678674359e-05,0.0015615629884695784,0.6963444716982268,1.0,1.0,1.0,1.0,1.0,1.590671827841093e-05,0.0003714455516459328,0.11633126696917666,0.1889230901229516,0.009825982372159824,0.008727781193494832,0.11549069476143521,0.39314045422976723,1.0,1.0,1.0,1.0,0.007939478590109907,0.1476419382373805,1.0,1.0,5.9778301796231624e-05,1.4880936889455896e-05,0.40796386604147594,0.1253625346432794,1.0,1.0,1.0,1.0,0.0013380799158582654,0.021226622041076153,1.0,1.0,0.000234952823399288,0.0014831644483682556,0.46250929631361265,0.656012219362168,1.0,1.0,1.0,1.0,1.2656372422016682e-06,8.617457080430472e-06,0.2540077777529149,0.2788444069144264
0.061067428293403114,1.0,1.0,1.0,1.0,1.0,1.0,1.0,7.810771853990327e-07,8.631482807607834e-06,0.008173050283326568,0.012695052676331081,3.6192849887082525e-08,7.01058390941203e-08,7.678943605014644e-07,9.945539683085926e-07,1.0,1.0,1.0,1.0,1.2774344839137007e-06,9.787054781053793e-06,0.16098797494411687,0.23760481101799022,6.378792859394852e-05,0.0018405889574678988,0.17885899328521399,0.36428820509035154,1.0,1.0,1.0,1.0,2.0854036407796058e-06,1.6274763757532625e-05,0.4479183452099795,0.44998019976441805,1.9045077979299475e-05,0.0008212479708711915,0.43774394499936614,1.0,1.0,1.0,1.0,1.0,3.341987735026771e-05,0.00072585410487814,0.19255672347199937,0.3039556457431737,0.005377657882780261,0.004758305242874534,0.06844206332468697,0.24425522710805228,1.0,1.0,1.0,1.0,0.014295778110783376,0.24057234143201806,1.0,1.0,2.879160370337423e-05,6.942401109625892e-06,0.25364616763675835,0.07449029176431599,1.0,1.0,1.0,1.0,0.0025092413300975276,0.037229216692588045,1.0,1.0,0.00011725318060544168,0.0007804502024611796,0.28817706662603765,0.4114983042062286,1.0,1.0,1.0,1.0,2.7976607044570646e-06,1.8393852558687064e-05,0.4085113209566368,0.4464487578571553
0.0833978897783754,1.0,1.0,1.0,1.0,1.0,1.0,1.0,4.846058066865866e-07,5.5143204704294955e-06,0.005741992020360242,0.009019773721452342,6.04507028656058e-08,1.1585964627178293e-07,1.229057233609747e-06,1.5894368429433849e-06,1.0,1.0,1.0,1.0,7.978575024924894e-07,6.262358300691684e-06,0.11997455601403115,0.17976654749533408,9.681176267965076e-05,0.0026363021678249424,0.2362947982573135,0.4787891333288645,1.0,1.0,1.0,1.0,1.3140019263472882e-06,1.0467363587215866e-05,0.3403271223250079,0.3419304929356588,2.9325350358972436e-05,0.0011921876618379052,0.5735458000471056,1.0,1.0,1.0,1.0,1.0,2.1713000595275206e-05,0.0004932190753828682,0.14434229235739623,0.2311885728349276,0.007662278499149416,0.006782464540198017,0.09322707307111472,0.3222997644075751,1.0,1.0,1.0,1.0,0.010177349107525272,0.1821692368181806,1.0,1.0,4.4231404573150464e-05,1.0826803566166293e-05,0.3346362688897919,0.10136760130961123,1.0,1.0,1.0,1.0,0.001753034446962897,0.02690887073946952,1.0,1.0,0.00017580025386459223,0.0011333392739139427,0.3801060539028332,0.5394926901579444,1.0,1.0,1.0,1.0,1.7619159256593274e-06,1.1843594684504521e-05,0.3099701903301061,0.3391821877595558
3.22183424826509e-19,2.067060175850549e-15,6.591323665459014e-13,5.763927691309479e-13,0.01972200734611003,0.05777958993555976,0.03169560210987678,0.017170448424387832,1.0,1.0,1.0,1.0,6.43743368162245e-32,2.1518893712826222e-31,1.9135838643235337e-29,3.15300827787432e-29,0.30109752760364167,0.17887731420369826,0.0015474809298319076,0.0012890131823451395,1.0,1.0,1.0,1.0,1.0968288560151893e-25,1.22435395396665e-22,4.333276447213576e-18,2.6981926370648265e-17,5.668338651368624e-06,3.716627437520268e-06,1.4285010670333624e-08,1.4381749413152066e-08,1.0,1.0,1.0,1.0,9.790269854470816e-27,2.1438925593112045e-23,4.307288659376484e-17,4.89888650243807e-16,0.0021390941570596208,1.590671827841093e-05,3.341987735026771e-05,2.1713000595275206e-05,1.0,1.0,1.0,1.0,1.2871890260404594e-21,9.81327467615584e-22,4.218855398724465e-19,9.672275390706866e-18,3.8116217631225486e-05,0.0014159316144018062,3.30338618941153e-06,9.374625783652721e-06,1.0,1.0,1.0,1.0,2.2293573118352863e-26,1.3459213270022339e-27,1.0642659716965732e-17,5.164496293664012e-19,1.1341292813733328e-08,3.887875914096483e-09,7.974836317242943e-11,4.388657501478991e-11,1.0,1.0,1.0,1.0,3.761422894779185e-25,1.9179034502034168e-23,1.4807500972678396e-17,3.6763213845722594e-17,1.1922969890093762e-05,5.139939242786629e-06,1.0590204394025599e-08,2.8702571275344784e-09,1.0,1.0,1.0,1.0
7.36453956707715e-17,2.7982281981855047e-13,6.120785570795155e-11,5.4014219789500605e-11,0.20702112383815588,0.5126123144695751,0.30848918942075665,0.1837455943754222,1.0,1.0,1.0,1.0,6.590999245782071e-29,2.083567119827353e-28,1.5031027993408974e-26,2.4164901286915274e-26,1.0,1.0,0.022013788320398728,0.018737413205223843,1.0,1.0,1.0,1.0,5.644832887566245e-23,4.3595064922913994e-20,8.558376009213634e-16,4.809263093249703e-15,0.00014606614016930572,9.973041785520037e-05,6.294781692572474e-07,6.333720339477188e-07,1.0,1.0,1.0,1.0,5.6834680690849754e-24,8.394893873665424e-21,7.476498844676695e-15,7.285064061020274e-14,0.029392288269737665,0.0003714455516459328,0.00072585410487814,0.0004932190753828682,1.0,1.0,1.0,1.0,4.0218976378583173e-19,3.1124398588940826e-19,9.496057554793643e-17,1.8272888049156092e-15,0.000814366341182819,0.02037683038411367,8.980037537410826e-05,0.0002299877457220466,1.0,1.0,1.0,1.0,1.2414062729167793e-23,8.615309580056213e-25,1.9997924129167375e-15,1.1497708734475255e-16,5.099226650932399e-07,1.9118645513029681e-07,5.18778659717633e-09,2.9875940636256347e-09,1.0,1.0,1.0,1.0,1.8191465410953363e-22,7.555989532666024e-21,2.7325441386459554e-15,6.444253290038769e-15,0.00028636921745594195,0.0001338388429947895,4.79150383970799e-07,1.44760168737486e-07,1.0,1.0,1.0,1.0
3.568115510691695e-12,4.194810273971734e-09,3.9856420664244723e-07,3.58793323265574e-07,1.0,1.0,1.0,1.0,1.0,1.0,1.0,1.0,8.286242966567602e-23,2.3199628478964024e-22,1.0555155056069853e-20,1.6140888626274062e-20,1.0,1.0,1.0,1.0,1.0,1.0,1.0,1.0,1.5484291030230003e-17,5.427624725087102e-15,2.9700743904679856e-11,1.3046508291905368e-10,0.05713186065850921,0.0424400541512911,0.0007863573246056053,0.0007901954256234542,1.0,1.0,1.0,1.0,2.0457162694532483e-18,1.2737551859813397e-15,1.900514531938038e-10,1.3273807922062524e-09,1.0,0.11633126696917666,0.19255672347199937,0.14434229235739623,1.0,1.0,1.0,1.0,3.8013565939833076e-14,3.037578854591976e-14,4.450065025513727e-12,5.6889426931339746e-11,0.21006901168458464,1.0,0.0390800761489869,0.0811629854852255,1.0,1.0,1.0,1.0,4.074292434596128e-18,3.845683452365029e-19,6.150820599499265e-11,5.253332877028477e-12,0.0006638715447548708,0.00029944942335951723,1.591595536562016e-05,1.0082606124841247e-05,1.0,1.0,1.0,1.0,4.3471520613020874e-17,1.1607596063835656e-15,8.045242181232107e-11,1.6749141255991051e-10,0.09585630921840524,0.05338697723454215,0.000631132970518758,0.0002383562577421559,1.0,1.0,1.0,1.0
9.598847173868233e-12,1.0015162108155583e-08,8.755739842904836e-07,7.907139383620926e-07,1.0,1.0,1.0,1.0,1.0,1.0,1.0,1.0,3.075788579962718e-22,8.514731136405072e-22,3.704304377068802e-20,5.620300826382558e-20,1.0,1.0,1.0,1.0,1.0,1.0,1.0,1.0,4.946814127159822e-17,1.6015824629709292e-14,7.711178072492067e-11,3.284376106649277e-10,0.09529179617327355,0.07155062717757799,0.0014564737698166143,0.0014633859313218853,1.0,1.0,1.0,1.0,6.684886731882541e-18,3.850437739427119e-15,4.758369433321792e-10,3.247247025037323e-09,1.0,0.1889230901229516,0.3039556457431737,0.2311885728349276,1.0,1.0,1.0,1.0,1.0931773967470365e-13,8.760264377736933e-14,1.191495680733077e-11,1.4618533612811633e-10,0.33083460901816847,1.0,0.06611451480680311,0.13337018989868724,1.0,1.0,1.0,1.0,1.3234285550359188e-17,1.2890629981054593e-18,1.5774537223293152e-10,1.4025459947661399e-11,0.001233497695075687,0.000573611473586394,3.250214684699297e-05,2.0794684323081004e-05,1.0,1.0,1.0,1.0,1.372423826483867e-16,3.514438758821787e-15,2.0486046568889936e-10,4.200805027953311e-10,0.15607817292009812,0.08932427849446158,0.0011746544724504098,0.0004604255660274007,1.0,1.0,1.0,1.0
1.0,1.0,1.0,1.0,6.3679056449971045e-06,1.4018370428176178e-06,3.3012845320457066e-06,7.6639141586055e-06,1.5703066014750622e-24,1.1150765490244957e-22,4.801444452707138e-17,1.1749629033980495e-16,1.0,1.0,1.0,1.0,9.312052642057698e-08,2.3526621479725567e-07,0.0001417138294149152,0.00017229245296566836,3.728770471006231e-24,1.396055932293367e-22,2.5483557058517326e-14,6.195176939183342e-14,1.0,1.0,1.0,1.0,0.021463770145406794,0.029126771286198987,0.8072709142061114,0.8053017436658841,8.890056224824493e-24,3.483629539882997e-22,2.6704691513595187e-13,2.699252813921201e-13,1.0,1.0,1.0,1.0,9.853904748507245e-05,0.009825982372159824,0.005377657882780261,0.007662278499149416,1.2871890260404594e-21,4.0218976378583173e-19,3.8013565939833076e-14,1.0931773967470365e-13,1.0,1.0,1.0,1.0,0.00482898395733749,0.00015587827922493137,0.03168873461391053,0.014747205715068192,1.4997080942009844e-16,6.375742675545381e-14,4.2034663940819945e-09,4.181078938359052e-09,1.0,1.0,1.0,1.0,0.9058366908669507,1.0,1.0,1.0,4.61166996490629e-18,1.0942523053082314e-15,2.2010941736663103e-10,2.230794197012914e-10,1.0,1.0,1.0,1.0,0.012293623399193565,0.023084190262128313,0.9365866919496922,1.0,1.4931699496532464e-23,4.343866089128559e-22,2.1548972396566978e-13,2.648632135096687e-13
1.0,1.0,1.0,1.0,5.450719588764827e-06,1.1917420158064707e-06,2.820200143430279e-06,6.562590511101243e-06,1.1779922495304666e-24,8.450244423513722e-23,3.7639370504642576e-17,9.233588763126618e-17,1.0,1.0,1.0,1.0,7.81573179505324e-08,1.984050983223026e-07,0.00012295813847912058,0.00014990117554217016,2.8020495565950034e-24,1.0585324048957922e-22,2.0345839704303294e-14,4.9560362895429876e-14,1.0,1.0,1.0,1.0,0.019141373182964,0.026022299228645202,0.7375082922958452,0.735200916948425,6.694327109124612e-24,2.647302205427241e-22,2.149471257944785e-13,2.1727186555515997e-13,1.0,1.0,1.0,1.0,8.538908535681545e-05,0.008727781193494832,0.004758305242874534,0.006782464540198017,9.81327467615584e-22,3.1124398588940826e-19,3.037578854591976e-14,8.760264377736933e-14,1.0,1.0,1.0,1.0,0.004272448039920842,0.00013543165940471623,0.02829450604661545,0.01313660092856678,1.1801327189315282e-16,5.10093002762814e-14,3.490417567381285e-09,3.4704574403206076e-09,1.0,1.0,1.0,1.0,0.8271694800498263,1.0,1.0,1.0,3.602325327060686e-18,8.647992099325931e-16,1.813380557442713e-10,1.8386001681506504e-10,1.0,1.0,1.0,1.0,0.010910684152243801,0.020572959936764328,0.8560359740945683,1.0,1.1267719329606083e-23,3.3028040357963147e-22,1.7327494126053225e-13,2.1318371610210434e-13
1.0,1.0,1.0,1.0,0.00016663812776580733,4.213854810407789e-05,9.215553746373719e-05,0.00019686740238933828,7.419342152419504e-22,4.1928309303442713e-20,8.642967950511899e-15,1.993656010099761e-14,1.0,1.0,1.0,1.0,3.5358327328261496e-06,8.244588083208284e-06,0.002661989283478149,0.003180050510551351,1.6823341058180207e-21,5.1804083904114674e-20,3.0613991363982477e-12,7.0222650054555115e-12,1.0,1.0,1.0,1.0,0.2263238745653772,0.29190117562647677,1.0,1.0,3.832527231245219e-21,1.2276428665944578e-19,2.7408006982351622e-11,2.769132207262673e-11,1.0,1.0,1.0,1.0,0.001938455363106917,0.11549069476143521,0.06844206332468697,0.09322707307111472,4.218855398724465e-19,9.496057554793643e-17,4.450065025513727e-12,1.191495680733077e-11,1.0,1.0,1.0,1.0,0.06222471638781239,0.0028997135227491265,0.3137453890440242,0.1642181449239311,2.509123594338046e-14,7.210591386984246e-12,2.1206947411682974e-07,2.1096486332670475e-07,1.0,1.0,1.0,1.0,1.0,1.0,1.0,1.0,9.492996854591057e-16,1.6134053128706319e-13,1.3795081734283869e-08,1.3971370780821441e-08,1.0,1.0,1.0,1.0,0.14032047142215834,0.23990024147049252,1.0,1.0,6.270262942833243e-21,1.511753232544041e-19,2.2425533077402062e-11,2.7199767851918126e-11
1.0,1.0,1.0,1.0,0.0009118917144450054,0.00025012288986980987,0.0005249303766082207,0.0010640103319780045,2.0945215193513125e-20,1.0363477358652525e-18,1.4070511917637578e-13,3.1467782605673644e-13,1.0,1.0,1.0,1.0,2.4141435531714322e-05,5.383552505505183e-05,0.01229025935556517,0.014458749450499816,4.625131587301864e-20,1.2725502363137499e-18,3.9833069312437014e-11,8.811756676208853e-11,1.0,1.0,1.0,1.0,0.7347552176130723,0.9354693799975944,1.0,1.0,1.0254475036751081e-19,2.9401354736940475e-18,3.224482267766642e-10,3.256369816216574e-10,1.0,1.0,1.0,1.0,0.009061523537973327,0.39314045422976723,0.24425522710805228,0.3222997644075751,9.672275390706866e-18,1.8272888049156092e-15,5.6889426931339746e-11,1.4618533612811633e-10,1.0,1.0,1.0,1.0,0.22534236423779394,0.0132905652716595,0.999887983184247,0.542986714053951,3.928151644393646e-13,9.041366376765298e-11,1.6604146633782785e-06,1.6522374049306175e-06,1.0,1.0,1.0,1.0,1.0,1.0,1.0,1.0,1.680586629211603e-14,2.3553885670465454e-12,1.2597236470715362e-07,1.2750597105427817e-07,1.0,1.0,1.0,1.0,0.4685944017484933,0.7770304315086114,1.0,1.0,1.644973757031115e-19,3.592842479294913e-18,2.6630517000778054e-10,3.2010571745013956e-10
0.05548580826667253,1.0,1.0,1.0,1.0,1.0,1.0,1.0,8.998026802154235e-07,9.88323300298097e-06,0.009074098227715224,0.014063856312970649,3.092606798853158e-08,6.012604299037924e-08,6.643240815463784e-07,8.639937294810422e-07,1.0,1.0,1.0,1.0,1.4719270146335669e-06,1.1182098603379187e-05,0.17623371311863195,0.258544984818957,5.6190986838067205e-05,0.0016459841071595792,0.16349688686993838,0.3353202752858249,1.0,1.0,1.0,1.0,2.398550617822239e-06,1.8589851419399696e-05,0.4850846969566506,0.48698684531306846,1.6682019715076096e-05,0.0007320168558005273,0.40314677271972593,1.0,1.0,1.0,1.0,1.0,3.8116217631225486e-05,0.000814366341182819,0.21006901168458464,0.33083460901816847,0.00482898395733749,0.004272448039920842,0.06222471638781239,0.22534236423779394,1.0,1.0,1.0,1.0,0.015819156264260874,0.2615920736144501,1.0,1.0,2.5249335433998538e-05,6.0575221325211305e-06,0.23364116870671747,0.06783116756103007,1.0,1.0,1.0,1.0,0.0028029800795843847,0.041127534973093856,1.0,1.0,0.00010331607070319862,0.0006945078041024262,0.265029881947417,0.37882818506888233,1.0,1.0,1.0,1.0,3.212949164127342e-06,2.096448426107532e-05,0.4435297171515097,0.484439730071504
0.0025423836577168515,0.155298284657606,1.0,1.0,1.0,1.0,1.0,1.0,5.152063068749255e-05,0.00043583210123420026,0.16374292425014753,0.23545510073305245,2.382119939194839e-10,4.891024027596038e-10,6.9537699553924335e-09,9.331433660090178e-09,1.0,1.0,1.0,1.0,7.983842539213839e-05,0.0004867945784846626,1.0,1.0,9.917291827071416e-07,4.5221766703679785e-05,0.009061523537973327,0.02155238947449301,1.0,1.0,1.0,1.0,0.00012372075591317698,0.0007599121207423847,1.0,1.0,2.5668558896469073e-07,1.7828062402382164e-05,0.026882112320117134,0.08242263547380202,1.0,1.0,1.0,1.0,0.0014159316144018062,0.02037683038411367,1.0,1.0,0.00015587827922493137,0.00013543165940471623,0.0028997135227491265,0.0132905652716595,1.0,1.0,1.0,1.0,0.2592808853607291,1.0,1.0,1.0,4.0731567478586595e-07,8.292624534566634e-08,0.013923455114719353,0.0032048695520837905,1.0,1.0,1.0,1.0,0.06038497166309349,0.5739115229813301,1.0,1.0,1.960999502621133e-06,1.6775780329753655e-05,0.0162650492995959,0.024945374525597284,1.0,1.0,1.0,1.0,0.00016026891098527244,0.0008433272391523804,1.0,1.0
0.2833178353034322,1.0,1.0,1.0,1.0,1.0,1.0,1.0,6.049732389981801e-08,7.858812482300954e-07,0.0012404795232718929,0.0019954787914938637,4.842641142080306e-07,8.946819857293824e-07,8.44630573765827e-06,1.0798377072443145e-05,1.0,1.0,1.0,1.0,1.0256887939716817e-07,8.962659641953104e-07,0.031927408468509416,0.049865984368703146,0.0005291990961306471,0.011769093272680291,0.7468630600568177,1.0,1.0,1.0,1.0,1.0,1.736818249930596e-07,1.5394424801092808e-06,0.1020536899599732,0.10252329034105263,0.0001710829131124869,0.005532372147579323,1.0,1.0,1.0,1.0,1.0,1.0,3.30338618941153e-06,8.980037537410826e-05,0.0390800761489869,0.06611451480680311,0.03168873461391053,0.02829450604661545,0.3137453890440242,0.999887983184247,1.0,1.0,1.0,1.0,0.0022661145511044013,0.05058604231923886,1.0,1.0,0.00025151904405100467,6.688566735598405e-05,1.0,0.3382659678350772,1.0,1.0,1.0,1.0,0.0003493721897230408,0.006419927311294097,1.0,1.0,0.0009243949372355618,0.00526610867398354,1.0,1.0,1.0,1.0,1.0,1.0,2.3719764945345094e-07,1.7490773314760903e-06,0.09206358028082312,0.10167366533790591
0.1476591443150423,1.0,1.0,1.0,1.0,1.0,1.0,1.0,1.9175819039496169e-07,2.3043167632974822e-06,0.0028889080175640335,0.004595417798440468,1.5780692401227083e-07,2.961272721360213e-07,2.973443772632887e-06,3.82555579269948e-06,1.0,1.0,1.0,1.0,3.187759682116069e-07,2.623682982190945e-06,0.0670543738648707,0.10221496354559743,0.00021102854309053618,0.005251406384825524,0.4012813054374018,0.7997843921956689,1.0,1.0,1.0,1.0,5.316237111667564e-07,4.436086870442472e-06,0.20104785767693406,0.20203836944384782,6.614432016980288e-05,0.0024153246980808283,0.9500039765704283,1.0,1.0,1.0,1.0,1.0,9.374625783652721e-06,0.0002299877457220466,0.0811629854852255,0.13337018989868724,0.014747205715068192,0.01313660092856678,0.1642181449239311,0.542986714053951,1.0,1.0,1.0,1.0,0.005202231308271537,0.10357180777903546,1.0,1.0,9.853904748507245e-05,2.5010461004124468e-05,0.5633068696461171,0.17834478890026184,1.0,1.0,1.0,1.0,0.0008556915464538175,0.014246847322843247,1.0,1.0,0.000379501727747707,0.0022961814949252956,0.6399146869573991,0.8969362884360844,1.0,1.0,1.0,1.0,7.206463702962276e-07,5.036400628357783e-06,0.18218756185372764,0.20033775249856653
1.9796583963416056e-14,4.204593146716481e-11,5.970851956510288e-09,5.325953629214742e-09,1.0,1.0,1.0,1.0,1.0,1.0,1.0,1.0,9.030557083751857e-26,2.686415645903072e-25,1.540036324096524e-23,2.4138464875228654e-23,1.0,1.0,0.2775135375340711,0.2420688581181844,1.0,1.0,1.0,1.0,3.6363598654126675e-20,1.8594478452653123e-17,1.947351022659063e-13,9.653525335300329e-13,0.003475824370012996,0.002482849035263701,2.6977462311401393e-05,2.712672262136174e-05,1.0,1.0,1.0,1.0,4.181114859498754e-21,3.978345930985309e-18,1.4537513164038281e-12,1.208859257899353e-11,0.3532970791346633,0.007939478590109907,0.014295778110783376,0.010177349107525272,1.0,1.0,1.0,1.0,1.4997080942009844e-16,1.1801327189315282e-16,2.509123594338046e-14,3.928151644393646e-13,0.015819156264260874,0.2592808853607291,0.0022661145511044013,0.005202231308271537,1.0,1.0,1.0,1.0,8.733954685860761e-21,7.063928886930205e-22,4.273600339984711e-13,2.998722754538589e-14,2.2286543982835546e-05,9.164603821664118e-06,3.536838977710396e-07,2.143789468246131e-07,1.0,1.0,1.0,1.0,1.0897216819638561e-19,3.607075443190982e-18,5.711225925085859e-13,1.2652853139831044e-12,0.0063135989591938954,0.003214084539919614,2.106039392340258e-05,7.114432830096194e-06,1.0,1.0,1.0,1.0
5.796968298331046e-12,6.415366361207706e-09,5.86052185623947e-07,5.28921027529746e-07,1.0,1.0,1.0,1.0,1.0,1.0,1.0,1.0,1.573567065164781e-22,4.381440822307238e-22,1.953044741246232e-20,2.9746329183931605e-20,1.0,1.0,1.0,1.0,1.0,1.0,1.0,1.0,2.7363834684179138e-17,9.210709523718784e-15,4.734075636164905e-11,2.050503945608911e-10,0.07344034909445671,0.054903053660690926,0.0010607782242858636,0.0010653753001605923,1.0,1.0,1.0,1.0,3.651042732829034e-18,2.1883568322249346e-15,2.973710296399964e-10,2.0593754569810303e-09,1.0,0.1476419382373805,0.24057234143201806,0.1821692368181806,1.0,1.0,1.0,1.0,6.375742675545381e-14,5.10093002762814e-14,7.210591386984246e-12,9.041366376765298e-11,0.2615920736144501,1.0,0.05058604231923886,0.10357180777903546,1.0,1.0,1.0,1.0,7.244746104016478e-18,6.945191540199284e-19,9.762593561380925e-11,8.492894204159888e-12,0.0008994936440398056,0.0004123178062906384,2.2545061700307703e-05,1.4391306495168099e-05,1.0,1.0,1.0,1.0,7.632008675567449e-17,1.9974091627422253e-15,1.273374470956863e-10,2.6243565561613003e-10,0.12180898276722,0.06865468674304163,0.000856046335896036,0.0003294733949863875,1.0,1.0,1.0,1.0
1.773033592111017e-07,5.177696726006788e-05,0.0017816403240889054,0.001645357087325861,1.0,1.0,1.0,1.0,0.15482929320395494,0.6589342278553374,1.0,1.0,1.9509530894555801e-16,4.744005441263222e-16,1.2568588561176848e-14,1.805618496208851e-14,1.0,1.0,1.0,1.0,0.2096177883754876,0.7092060036954935,1.0,1.0,6.243348853122683e-12,8.318823433934605e-10,9.825103212425828e-07,3.227205602264978e-06,1.0,1.0,0.484439730071504,0.4850846969566506,0.2805757655896266,0.9576448360457627,1.0,1.0,1.117563873882974e-12,2.505620161865157e-10,4.375464636370856e-06,2.080654049891547e-05,1.0,1.0,1.0,1.0,1.0,1.0,1.0,1.0,4.2034663940819945e-09,3.490417567381285e-09,2.1206947411682974e-07,1.6604146633782785e-06,1.0,1.0,1.0,1.0,1.0,1.0,1.0,1.0,2.010591185608632e-12,2.702187181263846e-13,1.763077190431342e-06,2.4237705736615487e-07,0.43005705365821456,0.24578989077001778,0.02900914050163614,0.020647068851612802,1.0,1.0,1.0,1.0,1.4908809515496952e-11,2.3196545710691592e-10,2.1903242040480807e-06,3.948318655708147e-06,1.0,1.0,0.41477716247088786,0.21070259349745607,0.3346221985671336,1.0,1.0,1.0
1.7637563110216972e-07,5.1548245013745114e-05,0.0017748309766982937,0.001639044210878286,1.0,1.0,1.0,1.0,0.1552808334588281,0.660604560552815,1.0,1.0,1.936403369764036e-16,4.709012019639843e-16,1.2479777729558765e-14,1.792923144649694e-14,1.0,1.0,1.0,1.0,0.21008753595672433,0.7109890658404673,1.0,1.0,6.203159328386487e-12,8.269852472599799e-10,9.77599422996351e-07,3.212949164127342e-06,1.0,1.0,0.4831764858281374,0.484439730071504,0.28117662301085994,0.9599733524543255,1.0,1.0,1.1101697489509712e-12,2.4905179190416403e-10,4.354525599912336e-06,2.072062718500898e-05,1.0,1.0,1.0,1.0,1.0,1.0,1.0,1.0,4.181078938359052e-09,3.4704574403206076e-09,2.1096486332670475e-07,1.6522374049306175e-06,1.0,1.0,1.0,1.0,1.0,1.0,1.0,1.0,1.997410280241317e-12,2.6848231674164956e-13,1.7558435089053506e-06,2.4111898423841907e-07,0.42892182214981506,0.24510486453870498,0.028914065745822032,0.020577951949192912,1.0,1.0,1.0,1.0,1.4814233217462894e-11,2.305652572866391e-10,2.179624874436049e-06,3.929366319523857e-06,1.0,1.0,0.41367852483399237,0.210105980739001,0.3353202752858249,1.0,1.0,1.0
1.0,1.0,1.0,1.0,9.350295266292402e-09,1.591369642606512e-09,4.352793806347111e-09,1.1615907286680986e-08,1.4455717652577245e-29,1.5236681997534595e-27,2.474519460796741e-21,6.659788120024841e-21,1.0,1.0,1.0,1.0,6.922631760893701e-11,2.0083300121406955e-10,3.6305206254201334e-07,4.5968474350905753e-07,3.7143979108798055e-29,1.9481844935453738e-27,2.6199262815798455e-18,7.015890009044235e-18,1.0,1.0,1.0,1.0,0.00015595466347513473,0.00022712107390941176,0.015009410831093549,0.014954313454131528,9.595462145657052e-29,5.311707740655822e-27,3.591873275700964e-17,3.636748781738002e-17,1.0,1.0,1.0,1.0,2.3702466513036668e-07,5.9778301796231624e-05,2.879160370337423e-05,4.4231404573150464e-05,2.2293573118352863e-26,1.2414062729167793e-23,4.074292434596128e-18,1.3234285550359188e-17,1.0,1.0,1.0,1.0,2.5249335433998538e-05,4.0731567478586595e-07,0.00025151904405100467,9.853904748507245e-05,8.733954685860761e-21,7.244746104016478e-18,2.010591185608632e-12,1.997410280241317e-12,1.0,1.0,1.0,1.0,0.017436992306074574,0.03391444769830724,0.2811927291675725,0.37433120545011406,1.8449269566195668e-22,7.898822623476963e-20,6.979479258247637e-14,7.08939846552588e-14,1.0,1.0,1.0,1.0,7.861502210018925e-05,0.00017020032305925894,0.018227787647588565,0.040864205943339726,1.6928237990948713e-28,6.765090960314711e-27,2.823375125414926e-17,3.558861028126274e-17
1.0,1.0,1.0,1.0,1.6551178580416827e-09,2.6572030132412775e-10,7.475739370927526e-10,2.0739054860437514e-09,7.497617357556607e-31,8.696814661248392e-29,1.9394967922124237e-22,5.34714815874485e-22,1.0,1.0,1.0,1.0,1.0412368627318758e-11,3.1381130990400627e-11,7.357251050222492e-08,9.404699316860511e-08,1.963409255102642e-30,1.1176720831968322e-28,2.434720003681357e-19,6.720298973372551e-19,1.0,1.0,1.0,1.0,4.055492638837116e-05,5.99839649063238e-05,0.004884441441753276,0.004862680313182922,5.175009045025787e-30,3.1116208744593563e-28,3.592842479294913e-18,3.634350474497072e-18,1.0,1.0,1.0,1.0,4.6942655190604236e-08,1.4880936889455896e-05,6.942401109625892e-06,1.0826803566166293e-05,1.3459213270022339e-27,8.615309580056213e-25,3.845683452365029e-19,1.2890629981054593e-18,1.0,1.0,1.0,1.0,6.0575221325211305e-06,8.292624534566634e-08,6.688566735598405e-05,2.5010461004124468e-05,7.063928886930205e-22,6.945191540199284e-19,2.702187181263846e-13,2.6848231674164956e-13,1.0,1.0,1.0,1.0,0.005716615665852615,0.01158871966773496,0.11108532140740249,0.15102817508543967,1.360077432460719e-23,6.739292038518175e-21,8.543258089923543e-15,8.678869860718907e-15,1.0,1.0,1.0,1.0,1.976658501297077e-05,4.447217232061297e-05,0.0059867747633575216,0.014037881217735231,9.227682963785744e-30,3.983108009825379e-28,2.809316231673718e-18,3.558933237471211e-18
1.0,1.0,1.0,1.0,0.0009597495559669199,0.00026391179053730524,0.0005528356818771781,0.0011200287467071745,2.321404185195258e-20,1.1437206852792355e-18,1.5331926484547277e-13,3.425581485693228e-13,1.0,1.0,1.0,1.0,2.5580845654865123e-05,5.6964789516587814e-05,0.012844116800289273,0.015096467129504009,5.122086819323376e-20,1.4027784539910542e-18,4.304167855518967e-11,9.514993374883668e-11,1.0,1.0,1.0,1.0,0.7611115989502629,0.9676866144976194,1.0,1.0,1.1326215068880573e-19,3.2392055298198047e-18,3.4757123938389134e-10,3.510035283364356e-10,1.0,1.0,1.0,1.0,0.009491129070692435,0.40796386604147594,0.25364616763675835,0.3346362688897919,1.0642659716965732e-17,1.9997924129167375e-15,6.150820599499265e-11,1.5774537223293152e-10,1.0,1.0,1.0,1.0,0.23364116870671747,0.013923455114719353,1.0,0.5633068696461171,4.273600339984711e-13,9.762593561380925e-11,1.763077190431342e-06,1.7558435089053506e-06,1.0,1.0,1.0,1.0,1.0,1.0,1.0,1.0,1.8345895531292903e-14,2.5560571806058187e-12,1.3474139216310625e-07,1.3637919763048437e-07,1.0,1.0,1.0,1.0,0.4850814486384424,0.8053017436658841,1.0,1.0,1.8193875470976387e-19,3.9537215480397405e-18,2.871285727434158e-10,3.450498842844907e-10
1.0,1.0,1.0,1.0,0.000186045931735856,4.734967149551686e-05,0.00010316536253688265,0.00022015431088554606,9.202189381953566e-22,5.155559728659807e-20,1.0331500056939737e-14,2.38475379854406e-14,1.0,1.0,1.0,1.0,4.007369214970748e-06,9.321271928410813e-06,0.002940259642510266,0.003506334225490838,2.083873970794017e-21,6.371050821641374e-20,3.6161624792236787e-12,8.274515087052937e-12,1.0,1.0,1.0,1.0,0.24373976705318162,0.3152340731109319,1.0,1.0,4.73812033852562e-21,1.5071271182151057e-19,3.215934819917438e-11,3.249086271903729e-11,1.0,1.0,1.0,1.0,0.002139876703887215,0.1253625346432794,0.07449029176431599,0.10136760130961123,5.164496293664012e-19,1.1497708734475255e-16,5.253332877028477e-12,1.4025459947661399e-11,1.0,1.0,1.0,1.0,0.06783116756103007,0.0032048695520837905,0.3382659678350772,0.17834478890026184,2.998722754538589e-14,8.492894204159888e-12,2.4237705736615487e-07,2.4111898423841907e-07,1.0,1.0,1.0,1.0,1.0,1.0,1.0,1.0,1.1435168884701004e-15,1.9203265410071005e-13,1.5921036337953707e-08,1.612387815465696e-08,1.0,1.0,1.0,1.0,0.15189472717976515,0.25873727717764244,1.0,1.0,7.739589191455903e-21,1.8528244376760942e-19,2.63637906233382e-11,3.191568946521679e-11
1.0,1.0,1.0,1.0,1.0,1.0,1.0,1.0,1.1997878559156263e-10,2.1833035284326858e-09,1.088386721257022e-05,1.913249450036553e-05,8.584334441938936e-05,0.00014599416029255292,0.0010020313480168803,0.0012319322006249173,1.0,1.0,1.0,1.0,2.1626525551948424e-10,2.5425289493440623e-09,0.0005232804667424675,0.0008841191553490989,0.03225190074155526,0.4085212108657089,1.0,1.0,1.0,1.0,1.0,1.0,3.9052563633591457e-10,4.714990480531403e-09,0.0020824897446773336,0.0020957988218180215,0.012651289996262596,0.22536065583468406,1.0,1.0,1.0,1.0,1.0,1.0,1.1341292813733328e-08,5.099226650932399e-07,0.0006638715447548708,0.001233497695075687,0.9058366908669507,0.8271694800498263,1.0,1.0,1.0,1.0,1.0,1.0,2.2286543982835546e-05,0.0008994936440398056,0.43005705365821456,0.42892182214981506,0.017436992306074574,0.005716615665852615,1.0,1.0,1.0,1.0,1.0,1.0,2.450446427631121e-06,7.670906462786668e-05,0.09314574154210864,0.09378015050396171,0.05181433884298377,0.21692098764458298,1.0,1.0,1.0,1.0,1.0,1.0,5.561330995121682e-10,5.46772557561227e-09,0.0018398989965241735,0.002072814601505647
1.0,1.0,1.0,1.0,1.0,1.0,1.0,1.0,3.7347654736168516e-11,7.197947162476671e-10,4.391920356180466e-06,7.819633518617771e-06,0.00019640614122032207,0.00033022985779881925,0.002123701978732211,0.0025878359671899303,1.0,1.0,1.0,1.0,6.843940981234073e-11,8.399615717697636e-10,0.0002335384008498522,0.0004050634384557646,0.06189376386321532,0.7060827937176297,1.0,1.0,1.0,1.0,1.0,1.0,1.2562396984189697e-10,1.5821215091990154e-09,0.0009819709855259325,0.0009884579952383855,0.02487624414234832,0.3936705616245917,1.0,1.0,1.0,1.0,1.0,1.0,3.887875914096483e-09,1.9118645513029681e-07,0.00029944942335951723,0.000573611473586394,1.0,1.0,1.0,1.0,1.0,1.0,1.0,1.0,9.164603821664118e-06,0.0004123178062906384,0.24578989077001778,0.24510486453870498,0.03391444769830724,0.01158871966773496,1.0,1.0,1.0,1.0,1.0,1.0,9.56002201869106e-07,3.255222692197906e-05,0.049476924180894236,0.04985644825413602,0.09727396155308833,0.3788398165872535,1.0,1.0,1.0,1.0,1.0,1.0,1.8000604781517807e-10,1.8425418943537875e-09,0.0008624987490348774,0.0009772484116099256
1.0,1.0,1.0,1.0,1.0,0.8470186070690879,1.0,1.0,5.441776878374797e-13,1.3100682071872184e-11,1.5971807668188102e-07,2.9799548916136395e-07,0.002863554127480243,0.00457487411234591,0.024508743433196735,0.029318483010921353,0.18347289997158692,0.30871119592659013,1.0,1.0,1.0403450135621307e-12,1.5474236866561843e-11,1.2112945186181539e-05,2.211896617223819e-05,0.46982327060868645,1.0,1.0,1.0,1.0,1.0,1.0,1.0,1.99533076900432e-12,3.044864806698623e-11,5.9222661738595266e-05,5.963104239341819e-05,0.21645673412084868,1.0,1.0,1.0,1.0,1.0,1.0,1.0,7.974836317242943e-11,5.18778659717633e-09,1.591595536562016e-05,3.250214684699297e-05,1.0,1.0,1.0,1.0,1.0,1.0,1.0,1.0,3.536838977710396e-07,2.2545061700307703e-05,0.02900914050163614,0.028914065745822032,0.2811927291675725,0.11108532140740249,1.0,1.0,1.0,1.0,1.0,1.0,2.998724992281671e-08,1.4042809084578504e-06,0.004632915362713391,0.004673064676362456,0.698099498907326,1.0,1.0,1.0,1.0,1.0,1.0,1.0,2.939644176310546e-12,3.5811905216248785e-11,5.134291799201319e-05,5.890519072291717e-05
1.0,1.0,1.0,1.0,1.0,0.6464725070561724,1.0,1.0,2.849529194495486e-13,7.086888116017448e-12,9.541741165534408e-08,1.8025484857438612e-07,0.004167629891865098,0.006589032711639444,0.03425799568545862,0.04111920755286641,0.1358738879562193,0.23263209265935697,1.0,1.0,5.486157256320641e-13,8.384456580751572e-12,7.659266392020631e-06,1.4109573310371145e-05,0.6221832270717161,1.0,1.0,1.0,1.0,1.0,1.0,1.0,1.0575734388651185e-12,1.660225737281823e-11,3.824957165791524e-05,3.853435463544245e-05,0.287177162764268,1.0,1.0,1.0,1.0,1.0,1.0,1.0,4.388657501478991e-11,2.9875940636256347e-09,1.0082606124841247e-05,2.0794684323081004e-05,1.0,1.0,1.0,1.0,1.0,1.0,1.0,1.0,2.143789468246131e-07,1.4391306495168099e-05,0.020647068851612802,0.020577951949192912,0.37433120545011406,0.15102817508543967,1.0,1.0,1.0,1.0,1.0,1.0,1.7539001867394547e-08,8.645863556489616e-07,0.0031902940762015566,0.0032151833608339195,0.9131103512629318,1.0,1.0,1.0,1.0,1.0,1.0,1.0,1.5643380547715621e-12,1.9578553457374776e-11,3.302298379366521e-05,3.8057965143375185e-05
7.417367749202426e-16,2.2295492291778254e-12,4.065848845502645e-10,3.603845231955469e-10,0.5182897292406471,1.0,0.764937105621142,0.4637239640427936,1.0,1.0,1.0,1.0,1.2814609310322486e-27,3.954030910565136e-27,2.596998514115636e-25,4.1332082437068566e-25,1.0,1.0,0.06509139615945266,0.05578450990424183,1.0,1.0,1.0,1.0,8.090546997423328e-22,5.284723258169244e-19,8.074958228114933e-15,4.290830632734256e-14,0.0005570778163680722,0.0003870196394860339,3.001199509413023e-06,3.018967674745545e-06,1.0,1.0,1.0,1.0,8.601891402834036e-23,1.0633843278051308e-19,6.590146418614786e-14,6.017134945364503e-13,0.08562866612147332,0.0013380799158582654,0.0025092413300975276,0.001753034446962897,1.0,1.0,1.0,1.0,4.61166996490629e-18,3.602325327060686e-18,9.492996854591057e-16,1.680586629211603e-14,0.0028029800795843847,0.06038497166309349,0.0003493721897230408,0.0008556915464538175,1.0,1.0,1.0,1.0,1.8449269566195668e-22,1.360077432460719e-23,1.8345895531292903e-14,1.1435168884701004e-15,2.450446427631121e-06,9.56002201869106e-07,2.998724992281671e-08,1.7539001867394547e-08,1.0,1.0,1.0,1.0,2.5352944454778818e-21,9.601797781039235e-20,2.4842429183782976e-14,5.704254282246965e-14,0.0010497109484064516,0.0005127600017852022,2.3082592832849463e-06,7.330376077130227e-07,1.0,1.0,1.0,1.0
1.2800558302288878e-13,2.2031301758654324e-10,2.7250955571936507e-08,2.4374218154299334e-08,1.0,1.0,1.0,1.0,1.0,1.0,1.0,1.0,1.0333628069701588e-24,3.0120706003329392e-24,1.593028716016429e-22,2.4738453302866457e-22,1.0,1.0,0.6123160830453285,0.5367122430344072,1.0,1.0,1.0,1.0,3.174633771081756e-19,1.4201289504884911e-16,1.1842021420834287e-12,5.658495009515567e-12,0.00971817527678916,0.007025592904130545,9.215553746373719e-05,9.260333577481843e-05,1.0,1.0,1.0,1.0,3.845162872511395e-20,3.1339060609306004e-17,8.427084626452712e-12,6.591135868897617e-11,0.7746120899679068,0.021226622041076153,0.037229216692588045,0.02690887073946952,1.0,1.0,1.0,1.0,1.0942523053082314e-15,8.647992099325931e-16,1.6134053128706319e-13,2.3553885670465454e-12,0.041127534973093856,0.5739115229813301,0.006419927311294097,0.014246847322843247,1.0,1.0,1.0,1.0,7.898822623476963e-20,6.739292038518175e-21,2.5560571806058187e-12,1.9203265410071005e-13,7.670906462786668e-05,3.255222692197906e-05,1.4042809084578504e-06,8.645863556489616e-07,1.0,1.0,1.0,1.0,9.324685191280645e-19,2.8441804832632714e-17,3.3925911231550464e-12,7.366348084059275e-12,0.017112312912053628,0.009022395269290327,7.257779461429981e-05,2.5490415775215853e-05,1.0,1.0,1.0,1.0
1.1391261282341828e-08,4.923630364981095e-06,0.0002243908193514487,0.0002055922486651283,1.0,1.0,1.0,1.0,0.6841010521183667,1.0,1.0,1.0,4.424642929409158e-18,1.1148892844185479e-17,3.417745296265031e-16,4.988927251475145e-16,1.0,1.0,1.0,1.0,0.8985743546476068,1.0,1.0,1.0,2.289851568207987e-13,4.012190216771778e-11,7.179123496749108e-08,2.5668558896469073e-07,1.0,1.0,0.10630571897297972,0.10670168004940836,1.0,1.0,1.0,1.0,3.774907005503794e-14,1.126714395127783e-11,3.539370264325162e-07,1.8588623124629511e-06,1.0,1.0,1.0,1.0,1.0,1.0,1.0,1.0,2.2010941736663103e-10,1.813380557442713e-10,1.3795081734283869e-08,1.2597236470715362e-07,1.0,1.0,1.0,1.0,1.0,1.0,1.0,1.0,6.979479258247637e-14,8.543258089923543e-15,1.3474139216310625e-07,1.5921036337953707e-08,0.09314574154210864,0.049476924180894236,0.004632915362713391,0.0031902940762015566,1.0,1.0,1.0,1.0,5.711225925085859e-13,1.0387897049786197e-11,1.6974913023972275e-07,3.1748617840260606e-07,1.0,1.0,0.08953194506080393,0.04122876000015226,1.0,1.0,1.0,1.0
1.1537413867615792e-08,4.976083624197236e-06,0.00022659221084063826,0.00020761545917351784,1.0,1.0,1.0,1.0,0.6797800003884652,1.0,1.0,1.0,4.503219992496398e-18,1.1344840086704145e-17,3.4754456868886327e-16,5.072761770159568e-16,1.0,1.0,1.0,1.0,0.8936284576256152,1.0,1.0,1.0,2.3253093241183833e-13,4.069486453834255e-11,7.267654391648873e-08,2.5965645694267e-07,1.0,1.0,0.10702243350096152,0.1074208005992605,1.0,1.0,1.0,1.0,3.8335920350185005e-14,1.1431490406487111e-11,3.58139664565076e-07,1.8800071095043713e-06,1.0,1.0,1.0,1.0,1.0,1.0,1.0,1.0,2.230794197012914e-10,1.8386001681506504e-10,1.3971370780821441e-08,1.2750597105427817e-07,1.0,1.0,1.0,1.0,1.0,1.0,1.0,1.0,7.08939846552588e-14,8.678869860718907e-15,1.3637919763048437e-07,1.612387815465696e-08,0.09378015050396171,0.04985644825413602,0.004673064676362456,0.0032151833608339195,1.0,1.0,1.0,1.0,5.794537817705629e-13,1.0535966593501667e-11,1.7180132317191836e-07,3.2113993261207913e-07,1.0,1.0,0.09014353894589426,0.041548273187163566,1.0,1.0,1.0,1.0
1.0,1.0,1.0,1.0,5.280871000534505e-08,9.459419032293465e-09,2.5022868025458905e-08,6.51783987277123e-08,2.856529301244895e-28,2.727593959659685e-26,3.1946677447483006e-20,8.377172096332872e-20,1.0,1.0,1.0,1.0,4.5322115286558186e-10,1.27287799386492e-09,1.7570015520383483e-06,2.2010741516219516e-06,7.195873366363781e-28,3.469290938551807e-26,2.819773198601144e-17,7.397135386136076e-17,1.0,1.0,1.0,1.0,0.0005890087584548772,0.0008411312333735899,0.044964392400053066,0.04478753792737872,1.8225264087094113e-27,9.255210995785503e-26,3.6386028370805775e-16,3.6828169537273084e-16,1.0,1.0,1.0,1.0,1.166799401971136e-06,0.000234952823399288,0.00011725318060544168,0.00017580025386459223,3.761422894779185e-25,1.8191465410953363e-22,4.3471520613020874e-17,1.372423826483867e-16,1.0,1.0,1.0,1.0,0.00010331607070319862,1.960999502621133e-06,0.0009243949372355618,0.000379501727747707,1.0897216819638561e-19,7.632008675567449e-17,1.4908809515496952e-11,1.4814233217462894e-11,1.0,1.0,1.0,1.0,0.05181433884298377,0.09727396155308833,0.698099498907326,0.9131103512629318,2.5352944454778818e-21,9.324685191280645e-19,5.711225925085859e-13,5.794537817705629e-13,1.0,1.0,1.0,1.0,0.00030543129210308716,0.0006405280870908668,0.05403467879058982,0.11514668925657343,3.1754648259935326e-27,1.1719533114240118e-25,2.878386117145925e-16,3.6060786515832073e-16
1.0,1.0,1.0,1.0,5.528407438846002e-07,1.1003522467303006e-07,2.7505116131895083e-07,6.735592428424314e-07,1.8240208425396698e-26,1.5130951120835158e-24,1.103221395678818e-18,2.801011848616234e-18,1.0,1.0,1.0,1.0,6.046226713850922e-09,1.6175171446696816e-08,1.513177752699148e-05,1.8712717714888507e-05,4.463232157802458e-26,1.909600462190791e-24,7.646443950214759e-16,1.9382618601896786e-15,1.0,1.0,1.0,1.0,0.0034444006529107157,0.004811443984735602,0.19147691080780257,0.1907979432286479,1.0986021729239364e-25,4.94031413193045e-24,8.959432316145884e-15,9.063927071374356e-15,1.0,1.0,1.0,1.0,1.023361322119493e-05,0.0014831644483682556,0.0007804502024611796,0.0011333392739139427,1.9179034502034168e-23,7.555989532666024e-21,1.1607596063835656e-15,3.514438758821787e-15,1.0,1.0,1.0,1.0,0.0006945078041024262,1.6775780329753655e-05,0.00526610867398354,0.0022961814949252956,3.607075443190982e-18,1.9974091627422253e-15,2.3196545710691592e-10,2.305652572866391e-10,1.0,1.0,1.0,1.0,0.21692098764458298,0.3788398165872535,1.0,1.0,9.601797781039235e-20,2.8441804832632714e-17,1.0387897049786197e-11,1.0535966593501667e-11,1.0,1.0,1.0,1.0,0.0018869376088993476,0.003722182190039753,0.22516987718897605,0.44236244535937486,1.881918071724636e-25,6.209375379923669e-24,7.161714559811077e-15,8.88549621731277e-15
1.0,1.0,1.0,1.0,0.001141780850825418,0.00031876536386293635,0.0006623999369790442,0.0013328977132974302,3.304988457284341e-20,1.6047367810418234e-18,2.057688080330254e-13,4.585250246114617e-13,1.0,1.0,1.0,1.0,3.131940371342452e-05,6.928596542440575e-05,0.015005509001096554,0.017689130230787414,7.270217473643996e-20,1.9704740356179385e-18,5.638855031251933e-11,1.2421074775691434e-10,1.0,1.0,1.0,1.0,0.858143767495802,1.0,1.0,1.0,1.6026850183059058e-19,4.516485936375987e-18,4.505209841138324e-10,4.5478261140348443e-10,1.0,1.0,1.0,1.0,0.011143227816581057,0.46250929631361265,0.28817706662603765,0.3801060539028332,1.4807500972678396e-17,2.7325441386459554e-15,8.045242181232107e-11,2.0486046568889936e-10,1.0,1.0,1.0,1.0,0.265029881947417,0.0162650492995959,1.0,0.6399146869573991,5.711225925085859e-13,1.273374470956863e-10,2.1903242040480807e-06,2.179624874436049e-06,1.0,1.0,1.0,1.0,1.0,1.0,1.0,1.0,2.4842429183782976e-14,3.3925911231550464e-12,1.6974913023972275e-07,1.7180132317191836e-07,1.0,1.0,1.0,1.0,0.5511018695013751,0.9080533795388132,1.0,1.0,2.572588870367061e-19,5.519144202707177e-18,3.7223779299944745e-10,4.472689868902081e-10
1.0,1.0,1.0,1.0,0.001844455178031367,0.0005294313176295354,0.0010742750628862305,0.0021424937516061893,8.707858835163898e-20,4.068938611004278e-18,4.603177911137532e-13,1.0191107827824893e-12,1.0,1.0,1.0,1.0,5.417919243303645e-05,0.00011820571409473428,0.023089641136621698,0.027080796105486027,1.8964214926095085e-19,4.975184433099877e-18,1.1816702312108803e-10,2.5598541440776345e-10,1.0,1.0,1.0,1.0,1.0,1.0,1.0,1.0,4.1641692075128685e-19,1.1344840086704145e-17,9.170942404852713e-10,9.259841318598944e-10,1.0,1.0,1.0,1.0,0.017201760444856565,0.656012219362168,0.4114983042062286,0.5394926901579444,3.6763213845722594e-17,6.444253290038769e-15,1.6749141255991051e-10,4.200805027953311e-10,1.0,1.0,1.0,1.0,0.37882818506888233,0.024945374525597284,1.0,0.8969362884360844,1.2652853139831044e-12,2.6243565561613003e-10,3.948318655708147e-06,3.929366319523857e-06,1.0,1.0,1.0,1.0,1.0,1.0,1.0,1.0,5.704254282246965e-14,7.366348084059275e-12,3.1748617840260606e-07,3.2113993261207913e-07,1.0,1.0,1.0,1.0,0.7774953948236829,1.0,1.0,1.0,6.65570054406207e-19,1.3831143087328282e-17,7.596054925292018e-10,9.105653223009725e-10
0.12573451143550865,1.0,1.0,1.0,1.0,1.0,1.0,1.0,2.5026911044001125e-07,2.9621659051700835e-06,0.0035163668370071836,0.005566139639899422,1.2028672166697179e-07,2.276700768155743e-07,2.3122079018568728e-06,2.9847627410089206e-06,1.0,1.0,1.0,1.0,4.1487708147432936e-07,3.3614791417330646e-06,0.07934278738200462,0.12016102260599872,0.00016939849163717042,0.00433120508798434,0.34445646785630535,0.6937119593792155,1.0,1.0,1.0,1.0,6.896639517037256e-07,5.6777155685252794e-06,0.2336590711410214,0.23479571870255578,5.261715813176501e-05,0.001983747743634336,0.8246123482911091,1.0,1.0,1.0,1.0,1.0,1.1922969890093762e-05,0.00028636921745594195,0.09585630921840524,0.15607817292009812,0.012293623399193565,0.010910684152243801,0.14032047142215834,0.4685944017484933,1.0,1.0,1.0,1.0,0.0063135989591938954,0.12180898276722,1.0,1.0,7.861502210018925e-05,1.976658501297077e-05,0.4850814486384424,0.15189472717976515,1.0,1.0,1.0,1.0,0.0010497109484064516,0.017112312912053628,1.0,1.0,0.00030543129210308716,0.0018869376088993476,0.5511018695013751,0.7774953948236829,1.0,1.0,1.0,1.0,9.31199945747047e-07,6.437910307817004e-06,0.21261067606665232,0.23312720066051812
0.21723706037818233,1.0,1.0,1.0,1.0,1.0,1.0,1.0,9.870440501796399e-08,1.2405226286109e-06,0.0017823116208311115,0.002828809734162359,3.0289453705001034e-07,5.648832429735263e-07,5.465412588821256e-06,7.008372079607375e-06,1.0,1.0,1.0,1.0,1.6621384102904244e-07,1.4142958693142106e-06,0.043807479482640424,0.06776976449313842,0.0003612352381583342,0.008426807434452377,0.5757560006886241,1.0,1.0,1.0,1.0,1.0,2.7864816706695636e-07,2.4051928344364603e-06,0.1361954099185182,0.13688614079742847,0.0001154283294104271,0.003913257423847983,1.0,1.0,1.0,1.0,1.0,1.0,5.139939242786629e-06,0.0001338388429947895,0.05338697723454215,0.08932427849446158,0.023084190262128313,0.020572959936764328,0.23990024147049252,0.7770304315086114,1.0,1.0,1.0,1.0,0.003214084539919614,0.06865468674304163,1.0,1.0,0.00017020032305925894,4.447217232061297e-05,0.8053017436658841,0.25873727717764244,1.0,1.0,1.0,1.0,0.0005127600017852022,0.009022395269290327,1.0,1.0,0.0006405280870908668,0.003722182190039753,0.9080533795388132,1.0,1.0,1.0,1.0,1.0,3.789322357454286e-07,2.737492712011035e-06,0.12295381781154442,0.13585697853656487
1.0,1.0,1.0,1.0,1.0,1.0,1.0,1.0,1.1143454645124638e-10,2.03487810200316e-09,1.028153565302271e-05,1.8090658906330493e-05,9.062327138875795e-05,0.00015397827164932273,0.0010510592775835707,0.0012929029784577227,1.0,1.0,1.0,1.0,2.0101933819538212e-10,2.3692909868297656e-09,0.0004970209089709418,0.0008429765274599738,0.033687563935591795,0.4233203103952313,1.0,1.0,1.0,1.0,1.0,1.0,3.630156494094335e-10,4.397413107764855e-09,0.001986188910229886,0.001997932556932844,0.01321337226739303,0.23362317560558976,1.0,1.0,1.0,1.0,1.0,1.0,1.0590204394025599e-08,4.79150383970799e-07,0.000631132970518758,0.0011746544724504098,0.9365866919496922,0.8560359740945683,1.0,1.0,1.0,1.0,1.0,1.0,2.106039392340258e-05,0.000856046335896036,0.41477716247088786,0.41367852483399237,0.018227787647588565,0.0059867747633575216,1.0,1.0,1.0,1.0,1.0,1.0,2.3082592832849463e-06,7.257779461429981e-05,0.08953194506080393,0.09014353894589426,0.05403467879058982,0.22516987718897605,1.0,1.0,1.0,1.0,1.0,1.0,5.171972034583934e-10,5.104298938216702e-09,0.001755212659870061,0.0019779060892627007
1.0,1.0,1.0,1.0,1.0,1.0,1.0,1.0,2.688561611926637e-11,5.262436805297467e-10,3.3919744400607063e-06,6.0737927741571225e-06,0.0002465573339306107,0.0004132549091049584,0.0025975694536539357,0.003180050510551351,1.0,1.0,1.0,1.0,4.936134835172284e-11,6.150935054015477e-10,0.00018595626335358482,0.0003236308982997455,0.07377493754193928,0.8184618226921582,1.0,1.0,1.0,1.0,1.0,1.0,9.097264558279865e-11,1.1597852400961323e-09,0.0007943844424183912,0.0007996805120403851,0.029851566988629445,0.4588942428645341,1.0,1.0,1.0,1.0,1.0,1.0,2.8702571275344784e-09,1.44760168737486e-07,0.0002383562577421559,0.0004604255660274007,1.0,1.0,1.0,1.0,1.0,1.0,1.0,1.0,7.114432830096194e-06,0.0003294733949863875,0.21070259349745607,0.210105980739001,0.040864205943339726,0.014037881217735231,1.0,1.0,1.0,1.0,1.0,1.0,7.330376077130227e-07,2.5490415775215853e-05,0.04122876000015226,0.041548273187163566,0.11514668925657343,0.44236244535937486,1.0,1.0,1.0,1.0,1.0,1.0,1.3075701668584456e-10,1.3518696789646685e-09,0.000697292209582834,0.0007905272608819609
4.731299084366525e-21,4.4434905577771076e-17,1.888955390335476e-14,1.6418292489025666e-14,0.002803959802414027,0.009106077222220026,0.004729218922621985,0.0024182524345873575,1.0,1.0,1.0,1.0,3.1234065042108503e-34,1.0877803336476956e-33,1.1273995036830093e-31,1.8900608290977016e-31,0.05818634287637412,0.03184767485108977,0.00017621507447205062,0.00014496294920638225,1.0,1.0,1.0,1.0,8.837884299981862e-28,1.2908943872935011e-24,7.137759369133866e-20,4.810287850674046e-19,4.2071247877041935e-07,2.6859140929139265e-07,7.106858393902162e-10,7.155451358293403e-10,1.0,1.0,1.0,1.0,7.215029228692706e-29,2.112089079314214e-25,7.850571623287474e-19,9.906340195434123e-18,0.0002516370114328724,1.2656372422016682e-06,2.7976607044570646e-06,1.7619159256593274e-06,1.0,1.0,1.0,1.0,1.4931699496532464e-23,1.1267719329606083e-23,6.270262942833243e-21,1.644973757031115e-19,3.212949164127342e-06,0.00016026891098527244,2.3719764945345094e-07,7.206463702962276e-07,1.0,1.0,0.3346221985671336,0.3353202752858249,1.6928237990948713e-28,9.227682963785744e-30,1.8193875470976387e-19,7.739589191455903e-21,5.561330995121682e-10,1.8000604781517807e-10,2.939644176310546e-12,1.5643380547715621e-12,1.0,1.0,1.0,1.0,3.1754648259935326e-27,1.881918071724636e-25,2.572588870367061e-19,6.65570054406207e-19,9.31199945747047e-07,3.789322357454286e-07,5.171972034583934e-10,1.3075701668584456e-10,1.0,1.0,1.0,1.0
1.1515900442157376e-19,8.115932619058573e-16,2.779318493317342e-13,2.428842006911109e-13,0.012395305921426552,0.0370530679037924,0.020135385727636436,0.010768285129418728,1.0,1.0,1.0,1.0,1.7493670994485506e-32,5.906579655718602e-32,5.457088739620879e-30,9.025043738393957e-30,0.20572481339040916,0.11902472660365337,0.0009207521458730837,0.0007684026653844018,1.0,1.0,1.0,1.0,3.377922862683945e-26,4.0279173451953064e-23,1.5947002598987329e-18,1.011007947592662e-17,3.018967674745545e-06,1.9685590428718743e-06,6.894823972269208e-09,6.942253169164315e-09,1.0,1.0,1.0,1.0,2.9481194975572365e-27,6.944283638112871e-24,1.6217684551320923e-17,1.892169311014415e-16,0.0012828904138343015,8.617457080430472e-06,1.8393852558687064e-05,1.1843594684504521e-05,1.0,1.0,1.0,1.0,4.343866089128559e-22,3.3028040357963147e-22,1.511753232544041e-19,3.592842479294913e-18,2.096448426107532e-05,0.0008433272391523804,1.7490773314760903e-06,5.036400628357783e-06,1.0,1.0,1.0,1.0,6.765090960314711e-27,3.983108009825379e-28,3.9537215480397405e-18,1.8528244376760942e-19,5.46772557561227e-09,1.8425418943537875e-09,3.5811905216248785e-11,1.9578553457374776e-11,1.0,1.0,1.0,1.0,1.1719533114240118e-25,6.209375379923669e-24,5.519144202707177e-18,1.3831143087328282e-17,6.437910307817004e-06,2.737492712011035e-06,5.104298938216702e-09,1.3518696789646685e-09,1.0,1.0,1.0,1.0
1.809944447834774e-11,1.7539001867394547e-08,1.4474801778718208e-06,1.308892921801339e-06,1.0,1.0,1.0,1.0,1.0,1.0,1.0,1.0,7.162792564455085e-22,1.9670035267138357e-21,8.294856889562625e-20,1.2524122060758232e-19,1.0,1.0,1.0,1.0,1.0,1.0,1.0,1.0,1.0466062298049737e-16,3.210622282577667e-14,1.4213499853781604e-10,5.95467017056748e-10,0.13129694677115913,0.09947928187070389,0.0021551065347024763,0.002165143706831142,1.0,1.0,1.0,1.0,1.4347950409381595e-17,7.839977858202311e-15,8.598930175519649e-10,5.748530582474791e-09,1.0,0.2540077777529149,0.4085113209566368,0.3099701903301061,1.0,1.0,1.0,1.0,2.1548972396566978e-13,1.7327494126053225e-13,2.2425533077402062e-11,2.6630517000778054e-10,0.4435297171515097,1.0,0.09206358028082312,0.18218756185372764,1.0,1.0,1.0,1.0,2.823375125414926e-17,2.809316231673718e-18,2.871285727434158e-10,2.63637906233382e-11,0.0018398989965241735,0.0008624987490348774,5.134291799201319e-05,3.302298379366521e-05,1.0,1.0,1.0,1.0,2.878386117145925e-16,7.161714559811077e-15,3.7223779299944745e-10,7.596054925292018e-10,0.21261067606665232,0.12295381781154442,0.001755212659870061,0.000697292209582834,1.0,1.0,1.0,1.0
2.1975011001882896e-11,2.081635732354471e-08,1.6847524557896415e-06,1.5259147315959604e-06,1.0,1.0,1.0,1.0,1.0,1.0,1.0,1.0,9.264804733126135e-22,2.5389772251439562e-21,1.0601166731847303e-19,1.6004804055058698e-19,1.0,1.0,1.0,1.0,1.0,1.0,1.0,1.0,1.3147251741539697e-16,3.969212592905821e-14,1.711434137229331e-10,7.149073537051991e-10,0.14476600557511474,0.10962184312107691,0.0024294536249243465,0.002440703681081538,1.0,1.0,1.0,1.0,1.8111595326024733e-17,9.714951360643916e-15,1.0299797009765563e-09,6.833788578773799e-09,1.0,0.2788444069144264,0.4464487578571553,0.3391821877595558,1.0,1.0,1.0,1.0,2.648632135096687e-13,2.1318371610210434e-13,2.7199767851918126e-11,3.2010571745013956e-10,0.484439730071504,1.0,0.10167366533790591,0.20033775249856653,1.0,1.0,1.0,1.0,3.558861028126274e-17,3.558933237471211e-18,3.450498842844907e-10,3.191568946521679e-11,0.002072814601505647,0.0009772484116099256,5.890519072291717e-05,3.8057965143375185e-05,1.0,1.0,1.0,1.0,3.6060786515832073e-16,8.88549621731277e-15,4.472689868902081e-10,9.105653223009725e-10,0.23312720066051812,0.13585697853656487,0.0019779060892627007,0.0007905272608819609,1.0,1.0,1.0,1.0
