crossover,Average Ranking (Crossover)
HUX,1.3333333333333333
UX,2.111111111111111
2P,2.888888888888889
1P,3.6666666666666665
