init,Average Ranking (Initialization)
greedy_ting,1.8888888888888888
random_dense,1.8888888888888888
greedy_multi,2.2222222222222223
