crossover,Average Ranking (Crossover)
UX,1.6666666666666667
HUX,1.7777777777777777
2P,3.0
1P,3.5555555555555554
