algorithm,Average Ranking (Algorithm)
NSGA3,1.7777777777777777
NSGA2,1.8888888888888888
MOEAD_TCHE,2.3333333333333335
