Group,Mean,Equivalence_Lines
SMSEMOA-greedy_multi-UX,8.130785503184051e-05,"['Equivalence_Line_1: SMSEMOA-greedy_multi-UX to RVEA-greedy_multi-2P', 'Equivalence_Line_2: SMSEMOA-greedy_multi-HUX to RVEA-greedy_multi-HUX', 'Equivalence_Line_3: SMSEMOA-greedy_multi-2P to RVEA-greedy_multi-UX', 'Equivalence_Line_4: NSGA3-greedy_multi-UX to SMSEMOA-random_dense-UX', 'Equivalence_Line_5: UNSGA3-greedy_multi-UX to SMSEMOA-random_dense-HUX', 'Equivalence_Line_6: SMSEMOA-greedy_multi-1P to SMSEMOA-greedy_ting-HUX', 'Equivalence_Line_7: NSGA3-greedy_multi-HUX to SMSEMOA-greedy_ting-UX', 'Equivalence_Line_8: UNSGA3-greedy_multi-HUX to UNSGA3-random_dense-UX', 'Equivalence_Line_9: SPEA2-greedy_multi-1P to NSGA3-random_dense-HUX', 'Equivalence_Line_10: NSGA3-greedy_multi-1P to NSGA3-random_dense-UX', 'Equivalence_Line_11: SPEA2-greedy_multi-2P to UNSGA3-random_dense-HUX', 'Equivalence_Line_12: NSGA3-greedy_multi-2P to SMSEMOA-greedy_ting-2P', 'Equivalence_Line_13: UNSGA3-greedy_multi-1P to SMSEMOA-greedy_ting-1P', 'Equivalence_Line_14: UNSGA3-greedy_multi-2P to NSGA2-random_dense-HUX', 'Equivalence_Line_15: NSGA2-greedy_multi-HUX to NSGA2-random_dense-UX', 'Equivalence_Line_16: AGEMOEA2-greedy_multi-1P to NSGA3-greedy_ting-HUX', 'Equivalence_Line_17: NSGA2-greedy_multi-UX to UNSGA3-greedy_ting-HUX', 'Equivalence_Line_18: SPEA2-greedy_multi-UX to SMSEMOA-random_dense-2P', 'Equivalence_Line_19: NSGA2-greedy_multi-2P to NSGA3-greedy_ting-UX', 'Equivalence_Line_20: AGEMOEA2-greedy_multi-2P to UNSGA3-greedy_ting-UX', 'Equivalence_Line_21: NSGA2-greedy_multi-1P to RVEA-random_dense-HUX', 'Equivalence_Line_22: AGEMOEA2-greedy_multi-UX to NSGA2-greedy_ting-HUX', 'Equivalence_Line_23: AGEMOEA2-greedy_multi-HUX to NSGA2-greedy_ting-UX', 'Equivalence_Line_24: SPEA2-greedy_multi-HUX to RVEA-random_dense-UX', 'Equivalence_Line_25: RVEA-greedy_multi-1P to AGEMOEA2-random_dense-UX', 'Equivalence_Line_26: RVEA-greedy_multi-2P to AGEMOEA2-random_dense-HUX', 'Equivalence_Line_27: RVEA-greedy_multi-HUX to SPEA2-random_dense-UX', 'Equivalence_Line_28: RVEA-greedy_multi-UX to SPEA2-random_dense-HUX', 'Equivalence_Line_29: SMSEMOA-random_dense-UX to NSGA2-greedy_ting-2P', 'Equivalence_Line_30: SMSEMOA-random_dense-HUX to SMSEMOA-random_dense-1P', 'Equivalence_Line_31: SMSEMOA-greedy_ting-HUX to SPEA2-greedy_ting-HUX', 'Equivalence_Line_32: SMSEMOA-greedy_ting-UX to SPEA2-greedy_ting-UX', 'Equivalence_Line_33: UNSGA3-random_dense-UX to NSGA2-greedy_ting-1P', 'Equivalence_Line_34: NSGA3-random_dense-HUX to NSGA2-random_dense-2P', 'Equivalence_Line_35: NSGA3-random_dense-UX to AGEMOEA2-greedy_ting-HUX', 'Equivalence_Line_36: UNSGA3-random_dense-HUX to AGEMOEA2-greedy_ting-UX', 'Equivalence_Line_37: SMSEMOA-greedy_ting-2P to UNSGA3-random_dense-2P', 'Equivalence_Line_38: SMSEMOA-greedy_ting-1P to NSGA3-random_dense-2P', 'Equivalence_Line_39: NSGA2-random_dense-HUX to SPEA2-greedy_ting-2P', 'Equivalence_Line_40: NSGA2-random_dense-UX to SPEA2-random_dense-2P', 'Equivalence_Line_41: NSGA3-greedy_ting-HUX to NSGA2-random_dense-1P', 'Equivalence_Line_42: UNSGA3-greedy_ting-HUX to UNSGA3-greedy_ting-2P', 'Equivalence_Line_43: SMSEMOA-random_dense-2P to NSGA3-greedy_ting-2P', 'Equivalence_Line_44: NSGA3-greedy_ting-UX to AGEMOEA2-random_dense-2P', 'Equivalence_Line_45: UNSGA3-greedy_ting-UX to RVEA-random_dense-2P', 'Equivalence_Line_46: RVEA-random_dense-HUX to NSGA3-random_dense-1P', 'Equivalence_Line_47: NSGA2-greedy_ting-HUX to NSGA3-greedy_ting-1P', 'Equivalence_Line_48: NSGA2-greedy_ting-UX to AGEMOEA2-greedy_ting-2P', 'Equivalence_Line_49: RVEA-random_dense-UX to UNSGA3-random_dense-1P', 'Equivalence_Line_50: AGEMOEA2-random_dense-UX to UNSGA3-greedy_ting-1P', 'Equivalence_Line_51: AGEMOEA2-random_dense-HUX to AGEMOEA2-random_dense-1P', 'Equivalence_Line_52: SPEA2-random_dense-UX to SPEA2-greedy_ting-1P', 'Equivalence_Line_53: SPEA2-random_dense-HUX to SPEA2-random_dense-1P', 'Equivalence_Line_54: NSGA2-greedy_ting-2P to AGEMOEA2-greedy_ting-1P', 'Equivalence_Line_55: SMSEMOA-random_dense-1P to RVEA-random_dense-1P', 'Equivalence_Line_56: SPEA2-greedy_ting-HUX to RVEA-greedy_ting-2P', 'Equivalence_Line_57: SPEA2-greedy_ting-UX to RVEA-greedy_ting-HUX', 'Equivalence_Line_58: NSGA2-greedy_ting-1P to RVEA-greedy_ting-UX', 'Equivalence_Line_59: NSGA2-random_dense-2P to RVEA-greedy_ting-1P']"
SMSEMOA-greedy_multi-HUX,0.000102262437839,"['Equivalence_Line_1: SMSEMOA-greedy_multi-UX to RVEA-greedy_multi-2P', 'Equivalence_Line_2: SMSEMOA-greedy_multi-HUX to RVEA-greedy_multi-HUX', 'Equivalence_Line_3: SMSEMOA-greedy_multi-2P to RVEA-greedy_multi-UX', 'Equivalence_Line_4: NSGA3-greedy_multi-UX to SMSEMOA-random_dense-UX', 'Equivalence_Line_5: UNSGA3-greedy_multi-UX to SMSEMOA-random_dense-HUX', 'Equivalence_Line_6: SMSEMOA-greedy_multi-1P to SMSEMOA-greedy_ting-HUX', 'Equivalence_Line_7: NSGA3-greedy_multi-HUX to SMSEMOA-greedy_ting-UX', 'Equivalence_Line_8: UNSGA3-greedy_multi-HUX to UNSGA3-random_dense-UX', 'Equivalence_Line_9: SPEA2-greedy_multi-1P to NSGA3-random_dense-HUX', 'Equivalence_Line_10: NSGA3-greedy_multi-1P to NSGA3-random_dense-UX', 'Equivalence_Line_11: SPEA2-greedy_multi-2P to UNSGA3-random_dense-HUX', 'Equivalence_Line_12: NSGA3-greedy_multi-2P to SMSEMOA-greedy_ting-2P', 'Equivalence_Line_13: UNSGA3-greedy_multi-1P to SMSEMOA-greedy_ting-1P', 'Equivalence_Line_14: UNSGA3-greedy_multi-2P to NSGA2-random_dense-HUX', 'Equivalence_Line_15: NSGA2-greedy_multi-HUX to NSGA2-random_dense-UX', 'Equivalence_Line_16: AGEMOEA2-greedy_multi-1P to NSGA3-greedy_ting-HUX', 'Equivalence_Line_17: NSGA2-greedy_multi-UX to UNSGA3-greedy_ting-HUX', 'Equivalence_Line_18: SPEA2-greedy_multi-UX to SMSEMOA-random_dense-2P', 'Equivalence_Line_19: NSGA2-greedy_multi-2P to NSGA3-greedy_ting-UX', 'Equivalence_Line_20: AGEMOEA2-greedy_multi-2P to UNSGA3-greedy_ting-UX', 'Equivalence_Line_21: NSGA2-greedy_multi-1P to RVEA-random_dense-HUX', 'Equivalence_Line_22: AGEMOEA2-greedy_multi-UX to NSGA2-greedy_ting-HUX', 'Equivalence_Line_23: AGEMOEA2-greedy_multi-HUX to NSGA2-greedy_ting-UX', 'Equivalence_Line_24: SPEA2-greedy_multi-HUX to RVEA-random_dense-UX', 'Equivalence_Line_25: RVEA-greedy_multi-1P to AGEMOEA2-random_dense-UX', 'Equivalence_Line_26: RVEA-greedy_multi-2P to AGEMOEA2-random_dense-HUX', 'Equivalence_Line_27: RVEA-greedy_multi-HUX to SPEA2-random_dense-UX', 'Equivalence_Line_28: RVEA-greedy_multi-UX to SPEA2-random_dense-HUX', 'Equivalence_Line_29: SMSEMOA-random_dense-UX to NSGA2-greedy_ting-2P', 'Equivalence_Line_30: SMSEMOA-random_dense-HUX to SMSEMOA-random_dense-1P', 'Equivalence_Line_31: SMSEMOA-greedy_ting-HUX to SPEA2-greedy_ting-HUX', 'Equivalence_Line_32: SMSEMOA-greedy_ting-UX to SPEA2-greedy_ting-UX', 'Equivalence_Line_33: UNSGA3-random_dense-UX to NSGA2-greedy_ting-1P', 'Equivalence_Line_34: NSGA3-random_dense-HUX to NSGA2-random_dense-2P', 'Equivalence_Line_35: NSGA3-random_dense-UX to AGEMOEA2-greedy_ting-HUX', 'Equivalence_Line_36: UNSGA3-random_dense-HUX to AGEMOEA2-greedy_ting-UX', 'Equivalence_Line_37: SMSEMOA-greedy_ting-2P to UNSGA3-random_dense-2P', 'Equivalence_Line_38: SMSEMOA-greedy_ting-1P to NSGA3-random_dense-2P', 'Equivalence_Line_39: NSGA2-random_dense-HUX to SPEA2-greedy_ting-2P', 'Equivalence_Line_40: NSGA2-random_dense-UX to SPEA2-random_dense-2P', 'Equivalence_Line_41: NSGA3-greedy_ting-HUX to NSGA2-random_dense-1P', 'Equivalence_Line_42: UNSGA3-greedy_ting-HUX to UNSGA3-greedy_ting-2P', 'Equivalence_Line_43: SMSEMOA-random_dense-2P to NSGA3-greedy_ting-2P', 'Equivalence_Line_44: NSGA3-greedy_ting-UX to AGEMOEA2-random_dense-2P', 'Equivalence_Line_45: UNSGA3-greedy_ting-UX to RVEA-random_dense-2P', 'Equivalence_Line_46: RVEA-random_dense-HUX to NSGA3-random_dense-1P', 'Equivalence_Line_47: NSGA2-greedy_ting-HUX to NSGA3-greedy_ting-1P', 'Equivalence_Line_48: NSGA2-greedy_ting-UX to AGEMOEA2-greedy_ting-2P', 'Equivalence_Line_49: RVEA-random_dense-UX to UNSGA3-random_dense-1P', 'Equivalence_Line_50: AGEMOEA2-random_dense-UX to UNSGA3-greedy_ting-1P', 'Equivalence_Line_51: AGEMOEA2-random_dense-HUX to AGEMOEA2-random_dense-1P', 'Equivalence_Line_52: SPEA2-random_dense-UX to SPEA2-greedy_ting-1P', 'Equivalence_Line_53: SPEA2-random_dense-HUX to SPEA2-random_dense-1P', 'Equivalence_Line_54: NSGA2-greedy_ting-2P to AGEMOEA2-greedy_ting-1P', 'Equivalence_Line_55: SMSEMOA-random_dense-1P to RVEA-random_dense-1P', 'Equivalence_Line_56: SPEA2-greedy_ting-HUX to RVEA-greedy_ting-2P', 'Equivalence_Line_57: SPEA2-greedy_ting-UX to RVEA-greedy_ting-HUX', 'Equivalence_Line_58: NSGA2-greedy_ting-1P to RVEA-greedy_ting-UX', 'Equivalence_Line_59: NSGA2-random_dense-2P to RVEA-greedy_ting-1P']"
SMSEMOA-greedy_multi-2P,0.0002402584387061,"['Equivalence_Line_1: SMSEMOA-greedy_multi-UX to RVEA-greedy_multi-2P', 'Equivalence_Line_2: SMSEMOA-greedy_multi-HUX to RVEA-greedy_multi-HUX', 'Equivalence_Line_3: SMSEMOA-greedy_multi-2P to RVEA-greedy_multi-UX', 'Equivalence_Line_4: NSGA3-greedy_multi-UX to SMSEMOA-random_dense-UX', 'Equivalence_Line_5: UNSGA3-greedy_multi-UX to SMSEMOA-random_dense-HUX', 'Equivalence_Line_6: SMSEMOA-greedy_multi-1P to SMSEMOA-greedy_ting-HUX', 'Equivalence_Line_7: NSGA3-greedy_multi-HUX to SMSEMOA-greedy_ting-UX', 'Equivalence_Line_8: UNSGA3-greedy_multi-HUX to UNSGA3-random_dense-UX', 'Equivalence_Line_9: SPEA2-greedy_multi-1P to NSGA3-random_dense-HUX', 'Equivalence_Line_10: NSGA3-greedy_multi-1P to NSGA3-random_dense-UX', 'Equivalence_Line_11: SPEA2-greedy_multi-2P to UNSGA3-random_dense-HUX', 'Equivalence_Line_12: NSGA3-greedy_multi-2P to SMSEMOA-greedy_ting-2P', 'Equivalence_Line_13: UNSGA3-greedy_multi-1P to SMSEMOA-greedy_ting-1P', 'Equivalence_Line_14: UNSGA3-greedy_multi-2P to NSGA2-random_dense-HUX', 'Equivalence_Line_15: NSGA2-greedy_multi-HUX to NSGA2-random_dense-UX', 'Equivalence_Line_16: AGEMOEA2-greedy_multi-1P to NSGA3-greedy_ting-HUX', 'Equivalence_Line_17: NSGA2-greedy_multi-UX to UNSGA3-greedy_ting-HUX', 'Equivalence_Line_18: SPEA2-greedy_multi-UX to SMSEMOA-random_dense-2P', 'Equivalence_Line_19: NSGA2-greedy_multi-2P to NSGA3-greedy_ting-UX', 'Equivalence_Line_20: AGEMOEA2-greedy_multi-2P to UNSGA3-greedy_ting-UX', 'Equivalence_Line_21: NSGA2-greedy_multi-1P to RVEA-random_dense-HUX', 'Equivalence_Line_22: AGEMOEA2-greedy_multi-UX to NSGA2-greedy_ting-HUX', 'Equivalence_Line_23: AGEMOEA2-greedy_multi-HUX to NSGA2-greedy_ting-UX', 'Equivalence_Line_24: SPEA2-greedy_multi-HUX to RVEA-random_dense-UX', 'Equivalence_Line_25: RVEA-greedy_multi-1P to AGEMOEA2-random_dense-UX', 'Equivalence_Line_26: RVEA-greedy_multi-2P to AGEMOEA2-random_dense-HUX', 'Equivalence_Line_27: RVEA-greedy_multi-HUX to SPEA2-random_dense-UX', 'Equivalence_Line_28: RVEA-greedy_multi-UX to SPEA2-random_dense-HUX', 'Equivalence_Line_29: SMSEMOA-random_dense-UX to NSGA2-greedy_ting-2P', 'Equivalence_Line_30: SMSEMOA-random_dense-HUX to SMSEMOA-random_dense-1P', 'Equivalence_Line_31: SMSEMOA-greedy_ting-HUX to SPEA2-greedy_ting-HUX', 'Equivalence_Line_32: SMSEMOA-greedy_ting-UX to SPEA2-greedy_ting-UX', 'Equivalence_Line_33: UNSGA3-random_dense-UX to NSGA2-greedy_ting-1P', 'Equivalence_Line_34: NSGA3-random_dense-HUX to NSGA2-random_dense-2P', 'Equivalence_Line_35: NSGA3-random_dense-UX to AGEMOEA2-greedy_ting-HUX', 'Equivalence_Line_36: UNSGA3-random_dense-HUX to AGEMOEA2-greedy_ting-UX', 'Equivalence_Line_37: SMSEMOA-greedy_ting-2P to UNSGA3-random_dense-2P', 'Equivalence_Line_38: SMSEMOA-greedy_ting-1P to NSGA3-random_dense-2P', 'Equivalence_Line_39: NSGA2-random_dense-HUX to SPEA2-greedy_ting-2P', 'Equivalence_Line_40: NSGA2-random_dense-UX to SPEA2-random_dense-2P', 'Equivalence_Line_41: NSGA3-greedy_ting-HUX to NSGA2-random_dense-1P', 'Equivalence_Line_42: UNSGA3-greedy_ting-HUX to UNSGA3-greedy_ting-2P', 'Equivalence_Line_43: SMSEMOA-random_dense-2P to NSGA3-greedy_ting-2P', 'Equivalence_Line_44: NSGA3-greedy_ting-UX to AGEMOEA2-random_dense-2P', 'Equivalence_Line_45: UNSGA3-greedy_ting-UX to RVEA-random_dense-2P', 'Equivalence_Line_46: RVEA-random_dense-HUX to NSGA3-random_dense-1P', 'Equivalence_Line_47: NSGA2-greedy_ting-HUX to NSGA3-greedy_ting-1P', 'Equivalence_Line_48: NSGA2-greedy_ting-UX to AGEMOEA2-greedy_ting-2P', 'Equivalence_Line_49: RVEA-random_dense-UX to UNSGA3-random_dense-1P', 'Equivalence_Line_50: AGEMOEA2-random_dense-UX to UNSGA3-greedy_ting-1P', 'Equivalence_Line_51: AGEMOEA2-random_dense-HUX to AGEMOEA2-random_dense-1P', 'Equivalence_Line_52: SPEA2-random_dense-UX to SPEA2-greedy_ting-1P', 'Equivalence_Line_53: SPEA2-random_dense-HUX to SPEA2-random_dense-1P', 'Equivalence_Line_54: NSGA2-greedy_ting-2P to AGEMOEA2-greedy_ting-1P', 'Equivalence_Line_55: SMSEMOA-random_dense-1P to RVEA-random_dense-1P', 'Equivalence_Line_56: SPEA2-greedy_ting-HUX to RVEA-greedy_ting-2P', 'Equivalence_Line_57: SPEA2-greedy_ting-UX to RVEA-greedy_ting-HUX', 'Equivalence_Line_58: NSGA2-greedy_ting-1P to RVEA-greedy_ting-UX', 'Equivalence_Line_59: NSGA2-random_dense-2P to RVEA-greedy_ting-1P']"
NSGA3-greedy_multi-UX,0.0002439302298462,"['Equivalence_Line_1: SMSEMOA-greedy_multi-UX to RVEA-greedy_multi-2P', 'Equivalence_Line_2: SMSEMOA-greedy_multi-HUX to RVEA-greedy_multi-HUX', 'Equivalence_Line_3: SMSEMOA-greedy_multi-2P to RVEA-greedy_multi-UX', 'Equivalence_Line_4: NSGA3-greedy_multi-UX to SMSEMOA-random_dense-UX', 'Equivalence_Line_5: UNSGA3-greedy_multi-UX to SMSEMOA-random_dense-HUX', 'Equivalence_Line_6: SMSEMOA-greedy_multi-1P to SMSEMOA-greedy_ting-HUX', 'Equivalence_Line_7: NSGA3-greedy_multi-HUX to SMSEMOA-greedy_ting-UX', 'Equivalence_Line_8: UNSGA3-greedy_multi-HUX to UNSGA3-random_dense-UX', 'Equivalence_Line_9: SPEA2-greedy_multi-1P to NSGA3-random_dense-HUX', 'Equivalence_Line_10: NSGA3-greedy_multi-1P to NSGA3-random_dense-UX', 'Equivalence_Line_11: SPEA2-greedy_multi-2P to UNSGA3-random_dense-HUX', 'Equivalence_Line_12: NSGA3-greedy_multi-2P to SMSEMOA-greedy_ting-2P', 'Equivalence_Line_13: UNSGA3-greedy_multi-1P to SMSEMOA-greedy_ting-1P', 'Equivalence_Line_14: UNSGA3-greedy_multi-2P to NSGA2-random_dense-HUX', 'Equivalence_Line_15: NSGA2-greedy_multi-HUX to NSGA2-random_dense-UX', 'Equivalence_Line_16: AGEMOEA2-greedy_multi-1P to NSGA3-greedy_ting-HUX', 'Equivalence_Line_17: NSGA2-greedy_multi-UX to UNSGA3-greedy_ting-HUX', 'Equivalence_Line_18: SPEA2-greedy_multi-UX to SMSEMOA-random_dense-2P', 'Equivalence_Line_19: NSGA2-greedy_multi-2P to NSGA3-greedy_ting-UX', 'Equivalence_Line_20: AGEMOEA2-greedy_multi-2P to UNSGA3-greedy_ting-UX', 'Equivalence_Line_21: NSGA2-greedy_multi-1P to RVEA-random_dense-HUX', 'Equivalence_Line_22: AGEMOEA2-greedy_multi-UX to NSGA2-greedy_ting-HUX', 'Equivalence_Line_23: AGEMOEA2-greedy_multi-HUX to NSGA2-greedy_ting-UX', 'Equivalence_Line_24: SPEA2-greedy_multi-HUX to RVEA-random_dense-UX', 'Equivalence_Line_25: RVEA-greedy_multi-1P to AGEMOEA2-random_dense-UX', 'Equivalence_Line_26: RVEA-greedy_multi-2P to AGEMOEA2-random_dense-HUX', 'Equivalence_Line_27: RVEA-greedy_multi-HUX to SPEA2-random_dense-UX', 'Equivalence_Line_28: RVEA-greedy_multi-UX to SPEA2-random_dense-HUX', 'Equivalence_Line_29: SMSEMOA-random_dense-UX to NSGA2-greedy_ting-2P', 'Equivalence_Line_30: SMSEMOA-random_dense-HUX to SMSEMOA-random_dense-1P', 'Equivalence_Line_31: SMSEMOA-greedy_ting-HUX to SPEA2-greedy_ting-HUX', 'Equivalence_Line_32: SMSEMOA-greedy_ting-UX to SPEA2-greedy_ting-UX', 'Equivalence_Line_33: UNSGA3-random_dense-UX to NSGA2-greedy_ting-1P', 'Equivalence_Line_34: NSGA3-random_dense-HUX to NSGA2-random_dense-2P', 'Equivalence_Line_35: NSGA3-random_dense-UX to AGEMOEA2-greedy_ting-HUX', 'Equivalence_Line_36: UNSGA3-random_dense-HUX to AGEMOEA2-greedy_ting-UX', 'Equivalence_Line_37: SMSEMOA-greedy_ting-2P to UNSGA3-random_dense-2P', 'Equivalence_Line_38: SMSEMOA-greedy_ting-1P to NSGA3-random_dense-2P', 'Equivalence_Line_39: NSGA2-random_dense-HUX to SPEA2-greedy_ting-2P', 'Equivalence_Line_40: NSGA2-random_dense-UX to SPEA2-random_dense-2P', 'Equivalence_Line_41: NSGA3-greedy_ting-HUX to NSGA2-random_dense-1P', 'Equivalence_Line_42: UNSGA3-greedy_ting-HUX to UNSGA3-greedy_ting-2P', 'Equivalence_Line_43: SMSEMOA-random_dense-2P to NSGA3-greedy_ting-2P', 'Equivalence_Line_44: NSGA3-greedy_ting-UX to AGEMOEA2-random_dense-2P', 'Equivalence_Line_45: UNSGA3-greedy_ting-UX to RVEA-random_dense-2P', 'Equivalence_Line_46: RVEA-random_dense-HUX to NSGA3-random_dense-1P', 'Equivalence_Line_47: NSGA2-greedy_ting-HUX to NSGA3-greedy_ting-1P', 'Equivalence_Line_48: NSGA2-greedy_ting-UX to AGEMOEA2-greedy_ting-2P', 'Equivalence_Line_49: RVEA-random_dense-UX to UNSGA3-random_dense-1P', 'Equivalence_Line_50: AGEMOEA2-random_dense-UX to UNSGA3-greedy_ting-1P', 'Equivalence_Line_51: AGEMOEA2-random_dense-HUX to AGEMOEA2-random_dense-1P', 'Equivalence_Line_52: SPEA2-random_dense-UX to SPEA2-greedy_ting-1P', 'Equivalence_Line_53: SPEA2-random_dense-HUX to SPEA2-random_dense-1P', 'Equivalence_Line_54: NSGA2-greedy_ting-2P to AGEMOEA2-greedy_ting-1P', 'Equivalence_Line_55: SMSEMOA-random_dense-1P to RVEA-random_dense-1P', 'Equivalence_Line_56: SPEA2-greedy_ting-HUX to RVEA-greedy_ting-2P', 'Equivalence_Line_57: SPEA2-greedy_ting-UX to RVEA-greedy_ting-HUX', 'Equivalence_Line_58: NSGA2-greedy_ting-1P to RVEA-greedy_ting-UX', 'Equivalence_Line_59: NSGA2-random_dense-2P to RVEA-greedy_ting-1P']"
UNSGA3-greedy_multi-UX,0.0002671616673478,"['Equivalence_Line_1: SMSEMOA-greedy_multi-UX to RVEA-greedy_multi-2P', 'Equivalence_Line_2: SMSEMOA-greedy_multi-HUX to RVEA-greedy_multi-HUX', 'Equivalence_Line_3: SMSEMOA-greedy_multi-2P to RVEA-greedy_multi-UX', 'Equivalence_Line_4: NSGA3-greedy_multi-UX to SMSEMOA-random_dense-UX', 'Equivalence_Line_5: UNSGA3-greedy_multi-UX to SMSEMOA-random_dense-HUX', 'Equivalence_Line_6: SMSEMOA-greedy_multi-1P to SMSEMOA-greedy_ting-HUX', 'Equivalence_Line_7: NSGA3-greedy_multi-HUX to SMSEMOA-greedy_ting-UX', 'Equivalence_Line_8: UNSGA3-greedy_multi-HUX to UNSGA3-random_dense-UX', 'Equivalence_Line_9: SPEA2-greedy_multi-1P to NSGA3-random_dense-HUX', 'Equivalence_Line_10: NSGA3-greedy_multi-1P to NSGA3-random_dense-UX', 'Equivalence_Line_11: SPEA2-greedy_multi-2P to UNSGA3-random_dense-HUX', 'Equivalence_Line_12: NSGA3-greedy_multi-2P to SMSEMOA-greedy_ting-2P', 'Equivalence_Line_13: UNSGA3-greedy_multi-1P to SMSEMOA-greedy_ting-1P', 'Equivalence_Line_14: UNSGA3-greedy_multi-2P to NSGA2-random_dense-HUX', 'Equivalence_Line_15: NSGA2-greedy_multi-HUX to NSGA2-random_dense-UX', 'Equivalence_Line_16: AGEMOEA2-greedy_multi-1P to NSGA3-greedy_ting-HUX', 'Equivalence_Line_17: NSGA2-greedy_multi-UX to UNSGA3-greedy_ting-HUX', 'Equivalence_Line_18: SPEA2-greedy_multi-UX to SMSEMOA-random_dense-2P', 'Equivalence_Line_19: NSGA2-greedy_multi-2P to NSGA3-greedy_ting-UX', 'Equivalence_Line_20: AGEMOEA2-greedy_multi-2P to UNSGA3-greedy_ting-UX', 'Equivalence_Line_21: NSGA2-greedy_multi-1P to RVEA-random_dense-HUX', 'Equivalence_Line_22: AGEMOEA2-greedy_multi-UX to NSGA2-greedy_ting-HUX', 'Equivalence_Line_23: AGEMOEA2-greedy_multi-HUX to NSGA2-greedy_ting-UX', 'Equivalence_Line_24: SPEA2-greedy_multi-HUX to RVEA-random_dense-UX', 'Equivalence_Line_25: RVEA-greedy_multi-1P to AGEMOEA2-random_dense-UX', 'Equivalence_Line_26: RVEA-greedy_multi-2P to AGEMOEA2-random_dense-HUX', 'Equivalence_Line_27: RVEA-greedy_multi-HUX to SPEA2-random_dense-UX', 'Equivalence_Line_28: RVEA-greedy_multi-UX to SPEA2-random_dense-HUX', 'Equivalence_Line_29: SMSEMOA-random_dense-UX to NSGA2-greedy_ting-2P', 'Equivalence_Line_30: SMSEMOA-random_dense-HUX to SMSEMOA-random_dense-1P', 'Equivalence_Line_31: SMSEMOA-greedy_ting-HUX to SPEA2-greedy_ting-HUX', 'Equivalence_Line_32: SMSEMOA-greedy_ting-UX to SPEA2-greedy_ting-UX', 'Equivalence_Line_33: UNSGA3-random_dense-UX to NSGA2-greedy_ting-1P', 'Equivalence_Line_34: NSGA3-random_dense-HUX to NSGA2-random_dense-2P', 'Equivalence_Line_35: NSGA3-random_dense-UX to AGEMOEA2-greedy_ting-HUX', 'Equivalence_Line_36: UNSGA3-random_dense-HUX to AGEMOEA2-greedy_ting-UX', 'Equivalence_Line_37: SMSEMOA-greedy_ting-2P to UNSGA3-random_dense-2P', 'Equivalence_Line_38: SMSEMOA-greedy_ting-1P to NSGA3-random_dense-2P', 'Equivalence_Line_39: NSGA2-random_dense-HUX to SPEA2-greedy_ting-2P', 'Equivalence_Line_40: NSGA2-random_dense-UX to SPEA2-random_dense-2P', 'Equivalence_Line_41: NSGA3-greedy_ting-HUX to NSGA2-random_dense-1P', 'Equivalence_Line_42: UNSGA3-greedy_ting-HUX to UNSGA3-greedy_ting-2P', 'Equivalence_Line_43: SMSEMOA-random_dense-2P to NSGA3-greedy_ting-2P', 'Equivalence_Line_44: NSGA3-greedy_ting-UX to AGEMOEA2-random_dense-2P', 'Equivalence_Line_45: UNSGA3-greedy_ting-UX to RVEA-random_dense-2P', 'Equivalence_Line_46: RVEA-random_dense-HUX to NSGA3-random_dense-1P', 'Equivalence_Line_47: NSGA2-greedy_ting-HUX to NSGA3-greedy_ting-1P', 'Equivalence_Line_48: NSGA2-greedy_ting-UX to AGEMOEA2-greedy_ting-2P', 'Equivalence_Line_49: RVEA-random_dense-UX to UNSGA3-random_dense-1P', 'Equivalence_Line_50: AGEMOEA2-random_dense-UX to UNSGA3-greedy_ting-1P', 'Equivalence_Line_51: AGEMOEA2-random_dense-HUX to AGEMOEA2-random_dense-1P', 'Equivalence_Line_52: SPEA2-random_dense-UX to SPEA2-greedy_ting-1P', 'Equivalence_Line_53: SPEA2-random_dense-HUX to SPEA2-random_dense-1P', 'Equivalence_Line_54: NSGA2-greedy_ting-2P to AGEMOEA2-greedy_ting-1P', 'Equivalence_Line_55: SMSEMOA-random_dense-1P to RVEA-random_dense-1P', 'Equivalence_Line_56: SPEA2-greedy_ting-HUX to RVEA-greedy_ting-2P', 'Equivalence_Line_57: SPEA2-greedy_ting-UX to RVEA-greedy_ting-HUX', 'Equivalence_Line_58: NSGA2-greedy_ting-1P to RVEA-greedy_ting-UX', 'Equivalence_Line_59: NSGA2-random_dense-2P to RVEA-greedy_ting-1P']"
SMSEMOA-greedy_multi-1P,0.0002684031910558,"['Equivalence_Line_1: SMSEMOA-greedy_multi-UX to RVEA-greedy_multi-2P', 'Equivalence_Line_2: SMSEMOA-greedy_multi-HUX to RVEA-greedy_multi-HUX', 'Equivalence_Line_3: SMSEMOA-greedy_multi-2P to RVEA-greedy_multi-UX', 'Equivalence_Line_4: NSGA3-greedy_multi-UX to SMSEMOA-random_dense-UX', 'Equivalence_Line_5: UNSGA3-greedy_multi-UX to SMSEMOA-random_dense-HUX', 'Equivalence_Line_6: SMSEMOA-greedy_multi-1P to SMSEMOA-greedy_ting-HUX', 'Equivalence_Line_7: NSGA3-greedy_multi-HUX to SMSEMOA-greedy_ting-UX', 'Equivalence_Line_8: UNSGA3-greedy_multi-HUX to UNSGA3-random_dense-UX', 'Equivalence_Line_9: SPEA2-greedy_multi-1P to NSGA3-random_dense-HUX', 'Equivalence_Line_10: NSGA3-greedy_multi-1P to NSGA3-random_dense-UX', 'Equivalence_Line_11: SPEA2-greedy_multi-2P to UNSGA3-random_dense-HUX', 'Equivalence_Line_12: NSGA3-greedy_multi-2P to SMSEMOA-greedy_ting-2P', 'Equivalence_Line_13: UNSGA3-greedy_multi-1P to SMSEMOA-greedy_ting-1P', 'Equivalence_Line_14: UNSGA3-greedy_multi-2P to NSGA2-random_dense-HUX', 'Equivalence_Line_15: NSGA2-greedy_multi-HUX to NSGA2-random_dense-UX', 'Equivalence_Line_16: AGEMOEA2-greedy_multi-1P to NSGA3-greedy_ting-HUX', 'Equivalence_Line_17: NSGA2-greedy_multi-UX to UNSGA3-greedy_ting-HUX', 'Equivalence_Line_18: SPEA2-greedy_multi-UX to SMSEMOA-random_dense-2P', 'Equivalence_Line_19: NSGA2-greedy_multi-2P to NSGA3-greedy_ting-UX', 'Equivalence_Line_20: AGEMOEA2-greedy_multi-2P to UNSGA3-greedy_ting-UX', 'Equivalence_Line_21: NSGA2-greedy_multi-1P to RVEA-random_dense-HUX', 'Equivalence_Line_22: AGEMOEA2-greedy_multi-UX to NSGA2-greedy_ting-HUX', 'Equivalence_Line_23: AGEMOEA2-greedy_multi-HUX to NSGA2-greedy_ting-UX', 'Equivalence_Line_24: SPEA2-greedy_multi-HUX to RVEA-random_dense-UX', 'Equivalence_Line_25: RVEA-greedy_multi-1P to AGEMOEA2-random_dense-UX', 'Equivalence_Line_26: RVEA-greedy_multi-2P to AGEMOEA2-random_dense-HUX', 'Equivalence_Line_27: RVEA-greedy_multi-HUX to SPEA2-random_dense-UX', 'Equivalence_Line_28: RVEA-greedy_multi-UX to SPEA2-random_dense-HUX', 'Equivalence_Line_29: SMSEMOA-random_dense-UX to NSGA2-greedy_ting-2P', 'Equivalence_Line_30: SMSEMOA-random_dense-HUX to SMSEMOA-random_dense-1P', 'Equivalence_Line_31: SMSEMOA-greedy_ting-HUX to SPEA2-greedy_ting-HUX', 'Equivalence_Line_32: SMSEMOA-greedy_ting-UX to SPEA2-greedy_ting-UX', 'Equivalence_Line_33: UNSGA3-random_dense-UX to NSGA2-greedy_ting-1P', 'Equivalence_Line_34: NSGA3-random_dense-HUX to NSGA2-random_dense-2P', 'Equivalence_Line_35: NSGA3-random_dense-UX to AGEMOEA2-greedy_ting-HUX', 'Equivalence_Line_36: UNSGA3-random_dense-HUX to AGEMOEA2-greedy_ting-UX', 'Equivalence_Line_37: SMSEMOA-greedy_ting-2P to UNSGA3-random_dense-2P', 'Equivalence_Line_38: SMSEMOA-greedy_ting-1P to NSGA3-random_dense-2P', 'Equivalence_Line_39: NSGA2-random_dense-HUX to SPEA2-greedy_ting-2P', 'Equivalence_Line_40: NSGA2-random_dense-UX to SPEA2-random_dense-2P', 'Equivalence_Line_41: NSGA3-greedy_ting-HUX to NSGA2-random_dense-1P', 'Equivalence_Line_42: UNSGA3-greedy_ting-HUX to UNSGA3-greedy_ting-2P', 'Equivalence_Line_43: SMSEMOA-random_dense-2P to NSGA3-greedy_ting-2P', 'Equivalence_Line_44: NSGA3-greedy_ting-UX to AGEMOEA2-random_dense-2P', 'Equivalence_Line_45: UNSGA3-greedy_ting-UX to RVEA-random_dense-2P', 'Equivalence_Line_46: RVEA-random_dense-HUX to NSGA3-random_dense-1P', 'Equivalence_Line_47: NSGA2-greedy_ting-HUX to NSGA3-greedy_ting-1P', 'Equivalence_Line_48: NSGA2-greedy_ting-UX to AGEMOEA2-greedy_ting-2P', 'Equivalence_Line_49: RVEA-random_dense-UX to UNSGA3-random_dense-1P', 'Equivalence_Line_50: AGEMOEA2-random_dense-UX to UNSGA3-greedy_ting-1P', 'Equivalence_Line_51: AGEMOEA2-random_dense-HUX to AGEMOEA2-random_dense-1P', 'Equivalence_Line_52: SPEA2-random_dense-UX to SPEA2-greedy_ting-1P', 'Equivalence_Line_53: SPEA2-random_dense-HUX to SPEA2-random_dense-1P', 'Equivalence_Line_54: NSGA2-greedy_ting-2P to AGEMOEA2-greedy_ting-1P', 'Equivalence_Line_55: SMSEMOA-random_dense-1P to RVEA-random_dense-1P', 'Equivalence_Line_56: SPEA2-greedy_ting-HUX to RVEA-greedy_ting-2P', 'Equivalence_Line_57: SPEA2-greedy_ting-UX to RVEA-greedy_ting-HUX', 'Equivalence_Line_58: NSGA2-greedy_ting-1P to RVEA-greedy_ting-UX', 'Equivalence_Line_59: NSGA2-random_dense-2P to RVEA-greedy_ting-1P']"
NSGA3-greedy_multi-HUX,0.0002727389347482,"['Equivalence_Line_1: SMSEMOA-greedy_multi-UX to RVEA-greedy_multi-2P', 'Equivalence_Line_2: SMSEMOA-greedy_multi-HUX to RVEA-greedy_multi-HUX', 'Equivalence_Line_3: SMSEMOA-greedy_multi-2P to RVEA-greedy_multi-UX', 'Equivalence_Line_4: NSGA3-greedy_multi-UX to SMSEMOA-random_dense-UX', 'Equivalence_Line_5: UNSGA3-greedy_multi-UX to SMSEMOA-random_dense-HUX', 'Equivalence_Line_6: SMSEMOA-greedy_multi-1P to SMSEMOA-greedy_ting-HUX', 'Equivalence_Line_7: NSGA3-greedy_multi-HUX to SMSEMOA-greedy_ting-UX', 'Equivalence_Line_8: UNSGA3-greedy_multi-HUX to UNSGA3-random_dense-UX', 'Equivalence_Line_9: SPEA2-greedy_multi-1P to NSGA3-random_dense-HUX', 'Equivalence_Line_10: NSGA3-greedy_multi-1P to NSGA3-random_dense-UX', 'Equivalence_Line_11: SPEA2-greedy_multi-2P to UNSGA3-random_dense-HUX', 'Equivalence_Line_12: NSGA3-greedy_multi-2P to SMSEMOA-greedy_ting-2P', 'Equivalence_Line_13: UNSGA3-greedy_multi-1P to SMSEMOA-greedy_ting-1P', 'Equivalence_Line_14: UNSGA3-greedy_multi-2P to NSGA2-random_dense-HUX', 'Equivalence_Line_15: NSGA2-greedy_multi-HUX to NSGA2-random_dense-UX', 'Equivalence_Line_16: AGEMOEA2-greedy_multi-1P to NSGA3-greedy_ting-HUX', 'Equivalence_Line_17: NSGA2-greedy_multi-UX to UNSGA3-greedy_ting-HUX', 'Equivalence_Line_18: SPEA2-greedy_multi-UX to SMSEMOA-random_dense-2P', 'Equivalence_Line_19: NSGA2-greedy_multi-2P to NSGA3-greedy_ting-UX', 'Equivalence_Line_20: AGEMOEA2-greedy_multi-2P to UNSGA3-greedy_ting-UX', 'Equivalence_Line_21: NSGA2-greedy_multi-1P to RVEA-random_dense-HUX', 'Equivalence_Line_22: AGEMOEA2-greedy_multi-UX to NSGA2-greedy_ting-HUX', 'Equivalence_Line_23: AGEMOEA2-greedy_multi-HUX to NSGA2-greedy_ting-UX', 'Equivalence_Line_24: SPEA2-greedy_multi-HUX to RVEA-random_dense-UX', 'Equivalence_Line_25: RVEA-greedy_multi-1P to AGEMOEA2-random_dense-UX', 'Equivalence_Line_26: RVEA-greedy_multi-2P to AGEMOEA2-random_dense-HUX', 'Equivalence_Line_27: RVEA-greedy_multi-HUX to SPEA2-random_dense-UX', 'Equivalence_Line_28: RVEA-greedy_multi-UX to SPEA2-random_dense-HUX', 'Equivalence_Line_29: SMSEMOA-random_dense-UX to NSGA2-greedy_ting-2P', 'Equivalence_Line_30: SMSEMOA-random_dense-HUX to SMSEMOA-random_dense-1P', 'Equivalence_Line_31: SMSEMOA-greedy_ting-HUX to SPEA2-greedy_ting-HUX', 'Equivalence_Line_32: SMSEMOA-greedy_ting-UX to SPEA2-greedy_ting-UX', 'Equivalence_Line_33: UNSGA3-random_dense-UX to NSGA2-greedy_ting-1P', 'Equivalence_Line_34: NSGA3-random_dense-HUX to NSGA2-random_dense-2P', 'Equivalence_Line_35: NSGA3-random_dense-UX to AGEMOEA2-greedy_ting-HUX', 'Equivalence_Line_36: UNSGA3-random_dense-HUX to AGEMOEA2-greedy_ting-UX', 'Equivalence_Line_37: SMSEMOA-greedy_ting-2P to UNSGA3-random_dense-2P', 'Equivalence_Line_38: SMSEMOA-greedy_ting-1P to NSGA3-random_dense-2P', 'Equivalence_Line_39: NSGA2-random_dense-HUX to SPEA2-greedy_ting-2P', 'Equivalence_Line_40: NSGA2-random_dense-UX to SPEA2-random_dense-2P', 'Equivalence_Line_41: NSGA3-greedy_ting-HUX to NSGA2-random_dense-1P', 'Equivalence_Line_42: UNSGA3-greedy_ting-HUX to UNSGA3-greedy_ting-2P', 'Equivalence_Line_43: SMSEMOA-random_dense-2P to NSGA3-greedy_ting-2P', 'Equivalence_Line_44: NSGA3-greedy_ting-UX to AGEMOEA2-random_dense-2P', 'Equivalence_Line_45: UNSGA3-greedy_ting-UX to RVEA-random_dense-2P', 'Equivalence_Line_46: RVEA-random_dense-HUX to NSGA3-random_dense-1P', 'Equivalence_Line_47: NSGA2-greedy_ting-HUX to NSGA3-greedy_ting-1P', 'Equivalence_Line_48: NSGA2-greedy_ting-UX to AGEMOEA2-greedy_ting-2P', 'Equivalence_Line_49: RVEA-random_dense-UX to UNSGA3-random_dense-1P', 'Equivalence_Line_50: AGEMOEA2-random_dense-UX to UNSGA3-greedy_ting-1P', 'Equivalence_Line_51: AGEMOEA2-random_dense-HUX to AGEMOEA2-random_dense-1P', 'Equivalence_Line_52: SPEA2-random_dense-UX to SPEA2-greedy_ting-1P', 'Equivalence_Line_53: SPEA2-random_dense-HUX to SPEA2-random_dense-1P', 'Equivalence_Line_54: NSGA2-greedy_ting-2P to AGEMOEA2-greedy_ting-1P', 'Equivalence_Line_55: SMSEMOA-random_dense-1P to RVEA-random_dense-1P', 'Equivalence_Line_56: SPEA2-greedy_ting-HUX to RVEA-greedy_ting-2P', 'Equivalence_Line_57: SPEA2-greedy_ting-UX to RVEA-greedy_ting-HUX', 'Equivalence_Line_58: NSGA2-greedy_ting-1P to RVEA-greedy_ting-UX', 'Equivalence_Line_59: NSGA2-random_dense-2P to RVEA-greedy_ting-1P']"
UNSGA3-greedy_multi-HUX,0.00028631291601169997,"['Equivalence_Line_1: SMSEMOA-greedy_multi-UX to RVEA-greedy_multi-2P', 'Equivalence_Line_2: SMSEMOA-greedy_multi-HUX to RVEA-greedy_multi-HUX', 'Equivalence_Line_3: SMSEMOA-greedy_multi-2P to RVEA-greedy_multi-UX', 'Equivalence_Line_4: NSGA3-greedy_multi-UX to SMSEMOA-random_dense-UX', 'Equivalence_Line_5: UNSGA3-greedy_multi-UX to SMSEMOA-random_dense-HUX', 'Equivalence_Line_6: SMSEMOA-greedy_multi-1P to SMSEMOA-greedy_ting-HUX', 'Equivalence_Line_7: NSGA3-greedy_multi-HUX to SMSEMOA-greedy_ting-UX', 'Equivalence_Line_8: UNSGA3-greedy_multi-HUX to UNSGA3-random_dense-UX', 'Equivalence_Line_9: SPEA2-greedy_multi-1P to NSGA3-random_dense-HUX', 'Equivalence_Line_10: NSGA3-greedy_multi-1P to NSGA3-random_dense-UX', 'Equivalence_Line_11: SPEA2-greedy_multi-2P to UNSGA3-random_dense-HUX', 'Equivalence_Line_12: NSGA3-greedy_multi-2P to SMSEMOA-greedy_ting-2P', 'Equivalence_Line_13: UNSGA3-greedy_multi-1P to SMSEMOA-greedy_ting-1P', 'Equivalence_Line_14: UNSGA3-greedy_multi-2P to NSGA2-random_dense-HUX', 'Equivalence_Line_15: NSGA2-greedy_multi-HUX to NSGA2-random_dense-UX', 'Equivalence_Line_16: AGEMOEA2-greedy_multi-1P to NSGA3-greedy_ting-HUX', 'Equivalence_Line_17: NSGA2-greedy_multi-UX to UNSGA3-greedy_ting-HUX', 'Equivalence_Line_18: SPEA2-greedy_multi-UX to SMSEMOA-random_dense-2P', 'Equivalence_Line_19: NSGA2-greedy_multi-2P to NSGA3-greedy_ting-UX', 'Equivalence_Line_20: AGEMOEA2-greedy_multi-2P to UNSGA3-greedy_ting-UX', 'Equivalence_Line_21: NSGA2-greedy_multi-1P to RVEA-random_dense-HUX', 'Equivalence_Line_22: AGEMOEA2-greedy_multi-UX to NSGA2-greedy_ting-HUX', 'Equivalence_Line_23: AGEMOEA2-greedy_multi-HUX to NSGA2-greedy_ting-UX', 'Equivalence_Line_24: SPEA2-greedy_multi-HUX to RVEA-random_dense-UX', 'Equivalence_Line_25: RVEA-greedy_multi-1P to AGEMOEA2-random_dense-UX', 'Equivalence_Line_26: RVEA-greedy_multi-2P to AGEMOEA2-random_dense-HUX', 'Equivalence_Line_27: RVEA-greedy_multi-HUX to SPEA2-random_dense-UX', 'Equivalence_Line_28: RVEA-greedy_multi-UX to SPEA2-random_dense-HUX', 'Equivalence_Line_29: SMSEMOA-random_dense-UX to NSGA2-greedy_ting-2P', 'Equivalence_Line_30: SMSEMOA-random_dense-HUX to SMSEMOA-random_dense-1P', 'Equivalence_Line_31: SMSEMOA-greedy_ting-HUX to SPEA2-greedy_ting-HUX', 'Equivalence_Line_32: SMSEMOA-greedy_ting-UX to SPEA2-greedy_ting-UX', 'Equivalence_Line_33: UNSGA3-random_dense-UX to NSGA2-greedy_ting-1P', 'Equivalence_Line_34: NSGA3-random_dense-HUX to NSGA2-random_dense-2P', 'Equivalence_Line_35: NSGA3-random_dense-UX to AGEMOEA2-greedy_ting-HUX', 'Equivalence_Line_36: UNSGA3-random_dense-HUX to AGEMOEA2-greedy_ting-UX', 'Equivalence_Line_37: SMSEMOA-greedy_ting-2P to UNSGA3-random_dense-2P', 'Equivalence_Line_38: SMSEMOA-greedy_ting-1P to NSGA3-random_dense-2P', 'Equivalence_Line_39: NSGA2-random_dense-HUX to SPEA2-greedy_ting-2P', 'Equivalence_Line_40: NSGA2-random_dense-UX to SPEA2-random_dense-2P', 'Equivalence_Line_41: NSGA3-greedy_ting-HUX to NSGA2-random_dense-1P', 'Equivalence_Line_42: UNSGA3-greedy_ting-HUX to UNSGA3-greedy_ting-2P', 'Equivalence_Line_43: SMSEMOA-random_dense-2P to NSGA3-greedy_ting-2P', 'Equivalence_Line_44: NSGA3-greedy_ting-UX to AGEMOEA2-random_dense-2P', 'Equivalence_Line_45: UNSGA3-greedy_ting-UX to RVEA-random_dense-2P', 'Equivalence_Line_46: RVEA-random_dense-HUX to NSGA3-random_dense-1P', 'Equivalence_Line_47: NSGA2-greedy_ting-HUX to NSGA3-greedy_ting-1P', 'Equivalence_Line_48: NSGA2-greedy_ting-UX to AGEMOEA2-greedy_ting-2P', 'Equivalence_Line_49: RVEA-random_dense-UX to UNSGA3-random_dense-1P', 'Equivalence_Line_50: AGEMOEA2-random_dense-UX to UNSGA3-greedy_ting-1P', 'Equivalence_Line_51: AGEMOEA2-random_dense-HUX to AGEMOEA2-random_dense-1P', 'Equivalence_Line_52: SPEA2-random_dense-UX to SPEA2-greedy_ting-1P', 'Equivalence_Line_53: SPEA2-random_dense-HUX to SPEA2-random_dense-1P', 'Equivalence_Line_54: NSGA2-greedy_ting-2P to AGEMOEA2-greedy_ting-1P', 'Equivalence_Line_55: SMSEMOA-random_dense-1P to RVEA-random_dense-1P', 'Equivalence_Line_56: SPEA2-greedy_ting-HUX to RVEA-greedy_ting-2P', 'Equivalence_Line_57: SPEA2-greedy_ting-UX to RVEA-greedy_ting-HUX', 'Equivalence_Line_58: NSGA2-greedy_ting-1P to RVEA-greedy_ting-UX', 'Equivalence_Line_59: NSGA2-random_dense-2P to RVEA-greedy_ting-1P']"
SPEA2-greedy_multi-1P,0.0003965528156659,"['Equivalence_Line_1: SMSEMOA-greedy_multi-UX to RVEA-greedy_multi-2P', 'Equivalence_Line_2: SMSEMOA-greedy_multi-HUX to RVEA-greedy_multi-HUX', 'Equivalence_Line_3: SMSEMOA-greedy_multi-2P to RVEA-greedy_multi-UX', 'Equivalence_Line_4: NSGA3-greedy_multi-UX to SMSEMOA-random_dense-UX', 'Equivalence_Line_5: UNSGA3-greedy_multi-UX to SMSEMOA-random_dense-HUX', 'Equivalence_Line_6: SMSEMOA-greedy_multi-1P to SMSEMOA-greedy_ting-HUX', 'Equivalence_Line_7: NSGA3-greedy_multi-HUX to SMSEMOA-greedy_ting-UX', 'Equivalence_Line_8: UNSGA3-greedy_multi-HUX to UNSGA3-random_dense-UX', 'Equivalence_Line_9: SPEA2-greedy_multi-1P to NSGA3-random_dense-HUX', 'Equivalence_Line_10: NSGA3-greedy_multi-1P to NSGA3-random_dense-UX', 'Equivalence_Line_11: SPEA2-greedy_multi-2P to UNSGA3-random_dense-HUX', 'Equivalence_Line_12: NSGA3-greedy_multi-2P to SMSEMOA-greedy_ting-2P', 'Equivalence_Line_13: UNSGA3-greedy_multi-1P to SMSEMOA-greedy_ting-1P', 'Equivalence_Line_14: UNSGA3-greedy_multi-2P to NSGA2-random_dense-HUX', 'Equivalence_Line_15: NSGA2-greedy_multi-HUX to NSGA2-random_dense-UX', 'Equivalence_Line_16: AGEMOEA2-greedy_multi-1P to NSGA3-greedy_ting-HUX', 'Equivalence_Line_17: NSGA2-greedy_multi-UX to UNSGA3-greedy_ting-HUX', 'Equivalence_Line_18: SPEA2-greedy_multi-UX to SMSEMOA-random_dense-2P', 'Equivalence_Line_19: NSGA2-greedy_multi-2P to NSGA3-greedy_ting-UX', 'Equivalence_Line_20: AGEMOEA2-greedy_multi-2P to UNSGA3-greedy_ting-UX', 'Equivalence_Line_21: NSGA2-greedy_multi-1P to RVEA-random_dense-HUX', 'Equivalence_Line_22: AGEMOEA2-greedy_multi-UX to NSGA2-greedy_ting-HUX', 'Equivalence_Line_23: AGEMOEA2-greedy_multi-HUX to NSGA2-greedy_ting-UX', 'Equivalence_Line_24: SPEA2-greedy_multi-HUX to RVEA-random_dense-UX', 'Equivalence_Line_25: RVEA-greedy_multi-1P to AGEMOEA2-random_dense-UX', 'Equivalence_Line_26: RVEA-greedy_multi-2P to AGEMOEA2-random_dense-HUX', 'Equivalence_Line_27: RVEA-greedy_multi-HUX to SPEA2-random_dense-UX', 'Equivalence_Line_28: RVEA-greedy_multi-UX to SPEA2-random_dense-HUX', 'Equivalence_Line_29: SMSEMOA-random_dense-UX to NSGA2-greedy_ting-2P', 'Equivalence_Line_30: SMSEMOA-random_dense-HUX to SMSEMOA-random_dense-1P', 'Equivalence_Line_31: SMSEMOA-greedy_ting-HUX to SPEA2-greedy_ting-HUX', 'Equivalence_Line_32: SMSEMOA-greedy_ting-UX to SPEA2-greedy_ting-UX', 'Equivalence_Line_33: UNSGA3-random_dense-UX to NSGA2-greedy_ting-1P', 'Equivalence_Line_34: NSGA3-random_dense-HUX to NSGA2-random_dense-2P', 'Equivalence_Line_35: NSGA3-random_dense-UX to AGEMOEA2-greedy_ting-HUX', 'Equivalence_Line_36: UNSGA3-random_dense-HUX to AGEMOEA2-greedy_ting-UX', 'Equivalence_Line_37: SMSEMOA-greedy_ting-2P to UNSGA3-random_dense-2P', 'Equivalence_Line_38: SMSEMOA-greedy_ting-1P to NSGA3-random_dense-2P', 'Equivalence_Line_39: NSGA2-random_dense-HUX to SPEA2-greedy_ting-2P', 'Equivalence_Line_40: NSGA2-random_dense-UX to SPEA2-random_dense-2P', 'Equivalence_Line_41: NSGA3-greedy_ting-HUX to NSGA2-random_dense-1P', 'Equivalence_Line_42: UNSGA3-greedy_ting-HUX to UNSGA3-greedy_ting-2P', 'Equivalence_Line_43: SMSEMOA-random_dense-2P to NSGA3-greedy_ting-2P', 'Equivalence_Line_44: NSGA3-greedy_ting-UX to AGEMOEA2-random_dense-2P', 'Equivalence_Line_45: UNSGA3-greedy_ting-UX to RVEA-random_dense-2P', 'Equivalence_Line_46: RVEA-random_dense-HUX to NSGA3-random_dense-1P', 'Equivalence_Line_47: NSGA2-greedy_ting-HUX to NSGA3-greedy_ting-1P', 'Equivalence_Line_48: NSGA2-greedy_ting-UX to AGEMOEA2-greedy_ting-2P', 'Equivalence_Line_49: RVEA-random_dense-UX to UNSGA3-random_dense-1P', 'Equivalence_Line_50: AGEMOEA2-random_dense-UX to UNSGA3-greedy_ting-1P', 'Equivalence_Line_51: AGEMOEA2-random_dense-HUX to AGEMOEA2-random_dense-1P', 'Equivalence_Line_52: SPEA2-random_dense-UX to SPEA2-greedy_ting-1P', 'Equivalence_Line_53: SPEA2-random_dense-HUX to SPEA2-random_dense-1P', 'Equivalence_Line_54: NSGA2-greedy_ting-2P to AGEMOEA2-greedy_ting-1P', 'Equivalence_Line_55: SMSEMOA-random_dense-1P to RVEA-random_dense-1P', 'Equivalence_Line_56: SPEA2-greedy_ting-HUX to RVEA-greedy_ting-2P', 'Equivalence_Line_57: SPEA2-greedy_ting-UX to RVEA-greedy_ting-HUX', 'Equivalence_Line_58: NSGA2-greedy_ting-1P to RVEA-greedy_ting-UX', 'Equivalence_Line_59: NSGA2-random_dense-2P to RVEA-greedy_ting-1P']"
NSGA3-greedy_multi-1P,0.0004135045212839,"['Equivalence_Line_1: SMSEMOA-greedy_multi-UX to RVEA-greedy_multi-2P', 'Equivalence_Line_2: SMSEMOA-greedy_multi-HUX to RVEA-greedy_multi-HUX', 'Equivalence_Line_3: SMSEMOA-greedy_multi-2P to RVEA-greedy_multi-UX', 'Equivalence_Line_4: NSGA3-greedy_multi-UX to SMSEMOA-random_dense-UX', 'Equivalence_Line_5: UNSGA3-greedy_multi-UX to SMSEMOA-random_dense-HUX', 'Equivalence_Line_6: SMSEMOA-greedy_multi-1P to SMSEMOA-greedy_ting-HUX', 'Equivalence_Line_7: NSGA3-greedy_multi-HUX to SMSEMOA-greedy_ting-UX', 'Equivalence_Line_8: UNSGA3-greedy_multi-HUX to UNSGA3-random_dense-UX', 'Equivalence_Line_9: SPEA2-greedy_multi-1P to NSGA3-random_dense-HUX', 'Equivalence_Line_10: NSGA3-greedy_multi-1P to NSGA3-random_dense-UX', 'Equivalence_Line_11: SPEA2-greedy_multi-2P to UNSGA3-random_dense-HUX', 'Equivalence_Line_12: NSGA3-greedy_multi-2P to SMSEMOA-greedy_ting-2P', 'Equivalence_Line_13: UNSGA3-greedy_multi-1P to SMSEMOA-greedy_ting-1P', 'Equivalence_Line_14: UNSGA3-greedy_multi-2P to NSGA2-random_dense-HUX', 'Equivalence_Line_15: NSGA2-greedy_multi-HUX to NSGA2-random_dense-UX', 'Equivalence_Line_16: AGEMOEA2-greedy_multi-1P to NSGA3-greedy_ting-HUX', 'Equivalence_Line_17: NSGA2-greedy_multi-UX to UNSGA3-greedy_ting-HUX', 'Equivalence_Line_18: SPEA2-greedy_multi-UX to SMSEMOA-random_dense-2P', 'Equivalence_Line_19: NSGA2-greedy_multi-2P to NSGA3-greedy_ting-UX', 'Equivalence_Line_20: AGEMOEA2-greedy_multi-2P to UNSGA3-greedy_ting-UX', 'Equivalence_Line_21: NSGA2-greedy_multi-1P to RVEA-random_dense-HUX', 'Equivalence_Line_22: AGEMOEA2-greedy_multi-UX to NSGA2-greedy_ting-HUX', 'Equivalence_Line_23: AGEMOEA2-greedy_multi-HUX to NSGA2-greedy_ting-UX', 'Equivalence_Line_24: SPEA2-greedy_multi-HUX to RVEA-random_dense-UX', 'Equivalence_Line_25: RVEA-greedy_multi-1P to AGEMOEA2-random_dense-UX', 'Equivalence_Line_26: RVEA-greedy_multi-2P to AGEMOEA2-random_dense-HUX', 'Equivalence_Line_27: RVEA-greedy_multi-HUX to SPEA2-random_dense-UX', 'Equivalence_Line_28: RVEA-greedy_multi-UX to SPEA2-random_dense-HUX', 'Equivalence_Line_29: SMSEMOA-random_dense-UX to NSGA2-greedy_ting-2P', 'Equivalence_Line_30: SMSEMOA-random_dense-HUX to SMSEMOA-random_dense-1P', 'Equivalence_Line_31: SMSEMOA-greedy_ting-HUX to SPEA2-greedy_ting-HUX', 'Equivalence_Line_32: SMSEMOA-greedy_ting-UX to SPEA2-greedy_ting-UX', 'Equivalence_Line_33: UNSGA3-random_dense-UX to NSGA2-greedy_ting-1P', 'Equivalence_Line_34: NSGA3-random_dense-HUX to NSGA2-random_dense-2P', 'Equivalence_Line_35: NSGA3-random_dense-UX to AGEMOEA2-greedy_ting-HUX', 'Equivalence_Line_36: UNSGA3-random_dense-HUX to AGEMOEA2-greedy_ting-UX', 'Equivalence_Line_37: SMSEMOA-greedy_ting-2P to UNSGA3-random_dense-2P', 'Equivalence_Line_38: SMSEMOA-greedy_ting-1P to NSGA3-random_dense-2P', 'Equivalence_Line_39: NSGA2-random_dense-HUX to SPEA2-greedy_ting-2P', 'Equivalence_Line_40: NSGA2-random_dense-UX to SPEA2-random_dense-2P', 'Equivalence_Line_41: NSGA3-greedy_ting-HUX to NSGA2-random_dense-1P', 'Equivalence_Line_42: UNSGA3-greedy_ting-HUX to UNSGA3-greedy_ting-2P', 'Equivalence_Line_43: SMSEMOA-random_dense-2P to NSGA3-greedy_ting-2P', 'Equivalence_Line_44: NSGA3-greedy_ting-UX to AGEMOEA2-random_dense-2P', 'Equivalence_Line_45: UNSGA3-greedy_ting-UX to RVEA-random_dense-2P', 'Equivalence_Line_46: RVEA-random_dense-HUX to NSGA3-random_dense-1P', 'Equivalence_Line_47: NSGA2-greedy_ting-HUX to NSGA3-greedy_ting-1P', 'Equivalence_Line_48: NSGA2-greedy_ting-UX to AGEMOEA2-greedy_ting-2P', 'Equivalence_Line_49: RVEA-random_dense-UX to UNSGA3-random_dense-1P', 'Equivalence_Line_50: AGEMOEA2-random_dense-UX to UNSGA3-greedy_ting-1P', 'Equivalence_Line_51: AGEMOEA2-random_dense-HUX to AGEMOEA2-random_dense-1P', 'Equivalence_Line_52: SPEA2-random_dense-UX to SPEA2-greedy_ting-1P', 'Equivalence_Line_53: SPEA2-random_dense-HUX to SPEA2-random_dense-1P', 'Equivalence_Line_54: NSGA2-greedy_ting-2P to AGEMOEA2-greedy_ting-1P', 'Equivalence_Line_55: SMSEMOA-random_dense-1P to RVEA-random_dense-1P', 'Equivalence_Line_56: SPEA2-greedy_ting-HUX to RVEA-greedy_ting-2P', 'Equivalence_Line_57: SPEA2-greedy_ting-UX to RVEA-greedy_ting-HUX', 'Equivalence_Line_58: NSGA2-greedy_ting-1P to RVEA-greedy_ting-UX', 'Equivalence_Line_59: NSGA2-random_dense-2P to RVEA-greedy_ting-1P']"
SPEA2-greedy_multi-2P,0.0004169477241865,"['Equivalence_Line_1: SMSEMOA-greedy_multi-UX to RVEA-greedy_multi-2P', 'Equivalence_Line_2: SMSEMOA-greedy_multi-HUX to RVEA-greedy_multi-HUX', 'Equivalence_Line_3: SMSEMOA-greedy_multi-2P to RVEA-greedy_multi-UX', 'Equivalence_Line_4: NSGA3-greedy_multi-UX to SMSEMOA-random_dense-UX', 'Equivalence_Line_5: UNSGA3-greedy_multi-UX to SMSEMOA-random_dense-HUX', 'Equivalence_Line_6: SMSEMOA-greedy_multi-1P to SMSEMOA-greedy_ting-HUX', 'Equivalence_Line_7: NSGA3-greedy_multi-HUX to SMSEMOA-greedy_ting-UX', 'Equivalence_Line_8: UNSGA3-greedy_multi-HUX to UNSGA3-random_dense-UX', 'Equivalence_Line_9: SPEA2-greedy_multi-1P to NSGA3-random_dense-HUX', 'Equivalence_Line_10: NSGA3-greedy_multi-1P to NSGA3-random_dense-UX', 'Equivalence_Line_11: SPEA2-greedy_multi-2P to UNSGA3-random_dense-HUX', 'Equivalence_Line_12: NSGA3-greedy_multi-2P to SMSEMOA-greedy_ting-2P', 'Equivalence_Line_13: UNSGA3-greedy_multi-1P to SMSEMOA-greedy_ting-1P', 'Equivalence_Line_14: UNSGA3-greedy_multi-2P to NSGA2-random_dense-HUX', 'Equivalence_Line_15: NSGA2-greedy_multi-HUX to NSGA2-random_dense-UX', 'Equivalence_Line_16: AGEMOEA2-greedy_multi-1P to NSGA3-greedy_ting-HUX', 'Equivalence_Line_17: NSGA2-greedy_multi-UX to UNSGA3-greedy_ting-HUX', 'Equivalence_Line_18: SPEA2-greedy_multi-UX to SMSEMOA-random_dense-2P', 'Equivalence_Line_19: NSGA2-greedy_multi-2P to NSGA3-greedy_ting-UX', 'Equivalence_Line_20: AGEMOEA2-greedy_multi-2P to UNSGA3-greedy_ting-UX', 'Equivalence_Line_21: NSGA2-greedy_multi-1P to RVEA-random_dense-HUX', 'Equivalence_Line_22: AGEMOEA2-greedy_multi-UX to NSGA2-greedy_ting-HUX', 'Equivalence_Line_23: AGEMOEA2-greedy_multi-HUX to NSGA2-greedy_ting-UX', 'Equivalence_Line_24: SPEA2-greedy_multi-HUX to RVEA-random_dense-UX', 'Equivalence_Line_25: RVEA-greedy_multi-1P to AGEMOEA2-random_dense-UX', 'Equivalence_Line_26: RVEA-greedy_multi-2P to AGEMOEA2-random_dense-HUX', 'Equivalence_Line_27: RVEA-greedy_multi-HUX to SPEA2-random_dense-UX', 'Equivalence_Line_28: RVEA-greedy_multi-UX to SPEA2-random_dense-HUX', 'Equivalence_Line_29: SMSEMOA-random_dense-UX to NSGA2-greedy_ting-2P', 'Equivalence_Line_30: SMSEMOA-random_dense-HUX to SMSEMOA-random_dense-1P', 'Equivalence_Line_31: SMSEMOA-greedy_ting-HUX to SPEA2-greedy_ting-HUX', 'Equivalence_Line_32: SMSEMOA-greedy_ting-UX to SPEA2-greedy_ting-UX', 'Equivalence_Line_33: UNSGA3-random_dense-UX to NSGA2-greedy_ting-1P', 'Equivalence_Line_34: NSGA3-random_dense-HUX to NSGA2-random_dense-2P', 'Equivalence_Line_35: NSGA3-random_dense-UX to AGEMOEA2-greedy_ting-HUX', 'Equivalence_Line_36: UNSGA3-random_dense-HUX to AGEMOEA2-greedy_ting-UX', 'Equivalence_Line_37: SMSEMOA-greedy_ting-2P to UNSGA3-random_dense-2P', 'Equivalence_Line_38: SMSEMOA-greedy_ting-1P to NSGA3-random_dense-2P', 'Equivalence_Line_39: NSGA2-random_dense-HUX to SPEA2-greedy_ting-2P', 'Equivalence_Line_40: NSGA2-random_dense-UX to SPEA2-random_dense-2P', 'Equivalence_Line_41: NSGA3-greedy_ting-HUX to NSGA2-random_dense-1P', 'Equivalence_Line_42: UNSGA3-greedy_ting-HUX to UNSGA3-greedy_ting-2P', 'Equivalence_Line_43: SMSEMOA-random_dense-2P to NSGA3-greedy_ting-2P', 'Equivalence_Line_44: NSGA3-greedy_ting-UX to AGEMOEA2-random_dense-2P', 'Equivalence_Line_45: UNSGA3-greedy_ting-UX to RVEA-random_dense-2P', 'Equivalence_Line_46: RVEA-random_dense-HUX to NSGA3-random_dense-1P', 'Equivalence_Line_47: NSGA2-greedy_ting-HUX to NSGA3-greedy_ting-1P', 'Equivalence_Line_48: NSGA2-greedy_ting-UX to AGEMOEA2-greedy_ting-2P', 'Equivalence_Line_49: RVEA-random_dense-UX to UNSGA3-random_dense-1P', 'Equivalence_Line_50: AGEMOEA2-random_dense-UX to UNSGA3-greedy_ting-1P', 'Equivalence_Line_51: AGEMOEA2-random_dense-HUX to AGEMOEA2-random_dense-1P', 'Equivalence_Line_52: SPEA2-random_dense-UX to SPEA2-greedy_ting-1P', 'Equivalence_Line_53: SPEA2-random_dense-HUX to SPEA2-random_dense-1P', 'Equivalence_Line_54: NSGA2-greedy_ting-2P to AGEMOEA2-greedy_ting-1P', 'Equivalence_Line_55: SMSEMOA-random_dense-1P to RVEA-random_dense-1P', 'Equivalence_Line_56: SPEA2-greedy_ting-HUX to RVEA-greedy_ting-2P', 'Equivalence_Line_57: SPEA2-greedy_ting-UX to RVEA-greedy_ting-HUX', 'Equivalence_Line_58: NSGA2-greedy_ting-1P to RVEA-greedy_ting-UX', 'Equivalence_Line_59: NSGA2-random_dense-2P to RVEA-greedy_ting-1P']"
NSGA3-greedy_multi-2P,0.0004546132457846,"['Equivalence_Line_1: SMSEMOA-greedy_multi-UX to RVEA-greedy_multi-2P', 'Equivalence_Line_2: SMSEMOA-greedy_multi-HUX to RVEA-greedy_multi-HUX', 'Equivalence_Line_3: SMSEMOA-greedy_multi-2P to RVEA-greedy_multi-UX', 'Equivalence_Line_4: NSGA3-greedy_multi-UX to SMSEMOA-random_dense-UX', 'Equivalence_Line_5: UNSGA3-greedy_multi-UX to SMSEMOA-random_dense-HUX', 'Equivalence_Line_6: SMSEMOA-greedy_multi-1P to SMSEMOA-greedy_ting-HUX', 'Equivalence_Line_7: NSGA3-greedy_multi-HUX to SMSEMOA-greedy_ting-UX', 'Equivalence_Line_8: UNSGA3-greedy_multi-HUX to UNSGA3-random_dense-UX', 'Equivalence_Line_9: SPEA2-greedy_multi-1P to NSGA3-random_dense-HUX', 'Equivalence_Line_10: NSGA3-greedy_multi-1P to NSGA3-random_dense-UX', 'Equivalence_Line_11: SPEA2-greedy_multi-2P to UNSGA3-random_dense-HUX', 'Equivalence_Line_12: NSGA3-greedy_multi-2P to SMSEMOA-greedy_ting-2P', 'Equivalence_Line_13: UNSGA3-greedy_multi-1P to SMSEMOA-greedy_ting-1P', 'Equivalence_Line_14: UNSGA3-greedy_multi-2P to NSGA2-random_dense-HUX', 'Equivalence_Line_15: NSGA2-greedy_multi-HUX to NSGA2-random_dense-UX', 'Equivalence_Line_16: AGEMOEA2-greedy_multi-1P to NSGA3-greedy_ting-HUX', 'Equivalence_Line_17: NSGA2-greedy_multi-UX to UNSGA3-greedy_ting-HUX', 'Equivalence_Line_18: SPEA2-greedy_multi-UX to SMSEMOA-random_dense-2P', 'Equivalence_Line_19: NSGA2-greedy_multi-2P to NSGA3-greedy_ting-UX', 'Equivalence_Line_20: AGEMOEA2-greedy_multi-2P to UNSGA3-greedy_ting-UX', 'Equivalence_Line_21: NSGA2-greedy_multi-1P to RVEA-random_dense-HUX', 'Equivalence_Line_22: AGEMOEA2-greedy_multi-UX to NSGA2-greedy_ting-HUX', 'Equivalence_Line_23: AGEMOEA2-greedy_multi-HUX to NSGA2-greedy_ting-UX', 'Equivalence_Line_24: SPEA2-greedy_multi-HUX to RVEA-random_dense-UX', 'Equivalence_Line_25: RVEA-greedy_multi-1P to AGEMOEA2-random_dense-UX', 'Equivalence_Line_26: RVEA-greedy_multi-2P to AGEMOEA2-random_dense-HUX', 'Equivalence_Line_27: RVEA-greedy_multi-HUX to SPEA2-random_dense-UX', 'Equivalence_Line_28: RVEA-greedy_multi-UX to SPEA2-random_dense-HUX', 'Equivalence_Line_29: SMSEMOA-random_dense-UX to NSGA2-greedy_ting-2P', 'Equivalence_Line_30: SMSEMOA-random_dense-HUX to SMSEMOA-random_dense-1P', 'Equivalence_Line_31: SMSEMOA-greedy_ting-HUX to SPEA2-greedy_ting-HUX', 'Equivalence_Line_32: SMSEMOA-greedy_ting-UX to SPEA2-greedy_ting-UX', 'Equivalence_Line_33: UNSGA3-random_dense-UX to NSGA2-greedy_ting-1P', 'Equivalence_Line_34: NSGA3-random_dense-HUX to NSGA2-random_dense-2P', 'Equivalence_Line_35: NSGA3-random_dense-UX to AGEMOEA2-greedy_ting-HUX', 'Equivalence_Line_36: UNSGA3-random_dense-HUX to AGEMOEA2-greedy_ting-UX', 'Equivalence_Line_37: SMSEMOA-greedy_ting-2P to UNSGA3-random_dense-2P', 'Equivalence_Line_38: SMSEMOA-greedy_ting-1P to NSGA3-random_dense-2P', 'Equivalence_Line_39: NSGA2-random_dense-HUX to SPEA2-greedy_ting-2P', 'Equivalence_Line_40: NSGA2-random_dense-UX to SPEA2-random_dense-2P', 'Equivalence_Line_41: NSGA3-greedy_ting-HUX to NSGA2-random_dense-1P', 'Equivalence_Line_42: UNSGA3-greedy_ting-HUX to UNSGA3-greedy_ting-2P', 'Equivalence_Line_43: SMSEMOA-random_dense-2P to NSGA3-greedy_ting-2P', 'Equivalence_Line_44: NSGA3-greedy_ting-UX to AGEMOEA2-random_dense-2P', 'Equivalence_Line_45: UNSGA3-greedy_ting-UX to RVEA-random_dense-2P', 'Equivalence_Line_46: RVEA-random_dense-HUX to NSGA3-random_dense-1P', 'Equivalence_Line_47: NSGA2-greedy_ting-HUX to NSGA3-greedy_ting-1P', 'Equivalence_Line_48: NSGA2-greedy_ting-UX to AGEMOEA2-greedy_ting-2P', 'Equivalence_Line_49: RVEA-random_dense-UX to UNSGA3-random_dense-1P', 'Equivalence_Line_50: AGEMOEA2-random_dense-UX to UNSGA3-greedy_ting-1P', 'Equivalence_Line_51: AGEMOEA2-random_dense-HUX to AGEMOEA2-random_dense-1P', 'Equivalence_Line_52: SPEA2-random_dense-UX to SPEA2-greedy_ting-1P', 'Equivalence_Line_53: SPEA2-random_dense-HUX to SPEA2-random_dense-1P', 'Equivalence_Line_54: NSGA2-greedy_ting-2P to AGEMOEA2-greedy_ting-1P', 'Equivalence_Line_55: SMSEMOA-random_dense-1P to RVEA-random_dense-1P', 'Equivalence_Line_56: SPEA2-greedy_ting-HUX to RVEA-greedy_ting-2P', 'Equivalence_Line_57: SPEA2-greedy_ting-UX to RVEA-greedy_ting-HUX', 'Equivalence_Line_58: NSGA2-greedy_ting-1P to RVEA-greedy_ting-UX', 'Equivalence_Line_59: NSGA2-random_dense-2P to RVEA-greedy_ting-1P']"
UNSGA3-greedy_multi-1P,0.0004900487588108,"['Equivalence_Line_1: SMSEMOA-greedy_multi-UX to RVEA-greedy_multi-2P', 'Equivalence_Line_2: SMSEMOA-greedy_multi-HUX to RVEA-greedy_multi-HUX', 'Equivalence_Line_3: SMSEMOA-greedy_multi-2P to RVEA-greedy_multi-UX', 'Equivalence_Line_4: NSGA3-greedy_multi-UX to SMSEMOA-random_dense-UX', 'Equivalence_Line_5: UNSGA3-greedy_multi-UX to SMSEMOA-random_dense-HUX', 'Equivalence_Line_6: SMSEMOA-greedy_multi-1P to SMSEMOA-greedy_ting-HUX', 'Equivalence_Line_7: NSGA3-greedy_multi-HUX to SMSEMOA-greedy_ting-UX', 'Equivalence_Line_8: UNSGA3-greedy_multi-HUX to UNSGA3-random_dense-UX', 'Equivalence_Line_9: SPEA2-greedy_multi-1P to NSGA3-random_dense-HUX', 'Equivalence_Line_10: NSGA3-greedy_multi-1P to NSGA3-random_dense-UX', 'Equivalence_Line_11: SPEA2-greedy_multi-2P to UNSGA3-random_dense-HUX', 'Equivalence_Line_12: NSGA3-greedy_multi-2P to SMSEMOA-greedy_ting-2P', 'Equivalence_Line_13: UNSGA3-greedy_multi-1P to SMSEMOA-greedy_ting-1P', 'Equivalence_Line_14: UNSGA3-greedy_multi-2P to NSGA2-random_dense-HUX', 'Equivalence_Line_15: NSGA2-greedy_multi-HUX to NSGA2-random_dense-UX', 'Equivalence_Line_16: AGEMOEA2-greedy_multi-1P to NSGA3-greedy_ting-HUX', 'Equivalence_Line_17: NSGA2-greedy_multi-UX to UNSGA3-greedy_ting-HUX', 'Equivalence_Line_18: SPEA2-greedy_multi-UX to SMSEMOA-random_dense-2P', 'Equivalence_Line_19: NSGA2-greedy_multi-2P to NSGA3-greedy_ting-UX', 'Equivalence_Line_20: AGEMOEA2-greedy_multi-2P to UNSGA3-greedy_ting-UX', 'Equivalence_Line_21: NSGA2-greedy_multi-1P to RVEA-random_dense-HUX', 'Equivalence_Line_22: AGEMOEA2-greedy_multi-UX to NSGA2-greedy_ting-HUX', 'Equivalence_Line_23: AGEMOEA2-greedy_multi-HUX to NSGA2-greedy_ting-UX', 'Equivalence_Line_24: SPEA2-greedy_multi-HUX to RVEA-random_dense-UX', 'Equivalence_Line_25: RVEA-greedy_multi-1P to AGEMOEA2-random_dense-UX', 'Equivalence_Line_26: RVEA-greedy_multi-2P to AGEMOEA2-random_dense-HUX', 'Equivalence_Line_27: RVEA-greedy_multi-HUX to SPEA2-random_dense-UX', 'Equivalence_Line_28: RVEA-greedy_multi-UX to SPEA2-random_dense-HUX', 'Equivalence_Line_29: SMSEMOA-random_dense-UX to NSGA2-greedy_ting-2P', 'Equivalence_Line_30: SMSEMOA-random_dense-HUX to SMSEMOA-random_dense-1P', 'Equivalence_Line_31: SMSEMOA-greedy_ting-HUX to SPEA2-greedy_ting-HUX', 'Equivalence_Line_32: SMSEMOA-greedy_ting-UX to SPEA2-greedy_ting-UX', 'Equivalence_Line_33: UNSGA3-random_dense-UX to NSGA2-greedy_ting-1P', 'Equivalence_Line_34: NSGA3-random_dense-HUX to NSGA2-random_dense-2P', 'Equivalence_Line_35: NSGA3-random_dense-UX to AGEMOEA2-greedy_ting-HUX', 'Equivalence_Line_36: UNSGA3-random_dense-HUX to AGEMOEA2-greedy_ting-UX', 'Equivalence_Line_37: SMSEMOA-greedy_ting-2P to UNSGA3-random_dense-2P', 'Equivalence_Line_38: SMSEMOA-greedy_ting-1P to NSGA3-random_dense-2P', 'Equivalence_Line_39: NSGA2-random_dense-HUX to SPEA2-greedy_ting-2P', 'Equivalence_Line_40: NSGA2-random_dense-UX to SPEA2-random_dense-2P', 'Equivalence_Line_41: NSGA3-greedy_ting-HUX to NSGA2-random_dense-1P', 'Equivalence_Line_42: UNSGA3-greedy_ting-HUX to UNSGA3-greedy_ting-2P', 'Equivalence_Line_43: SMSEMOA-random_dense-2P to NSGA3-greedy_ting-2P', 'Equivalence_Line_44: NSGA3-greedy_ting-UX to AGEMOEA2-random_dense-2P', 'Equivalence_Line_45: UNSGA3-greedy_ting-UX to RVEA-random_dense-2P', 'Equivalence_Line_46: RVEA-random_dense-HUX to NSGA3-random_dense-1P', 'Equivalence_Line_47: NSGA2-greedy_ting-HUX to NSGA3-greedy_ting-1P', 'Equivalence_Line_48: NSGA2-greedy_ting-UX to AGEMOEA2-greedy_ting-2P', 'Equivalence_Line_49: RVEA-random_dense-UX to UNSGA3-random_dense-1P', 'Equivalence_Line_50: AGEMOEA2-random_dense-UX to UNSGA3-greedy_ting-1P', 'Equivalence_Line_51: AGEMOEA2-random_dense-HUX to AGEMOEA2-random_dense-1P', 'Equivalence_Line_52: SPEA2-random_dense-UX to SPEA2-greedy_ting-1P', 'Equivalence_Line_53: SPEA2-random_dense-HUX to SPEA2-random_dense-1P', 'Equivalence_Line_54: NSGA2-greedy_ting-2P to AGEMOEA2-greedy_ting-1P', 'Equivalence_Line_55: SMSEMOA-random_dense-1P to RVEA-random_dense-1P', 'Equivalence_Line_56: SPEA2-greedy_ting-HUX to RVEA-greedy_ting-2P', 'Equivalence_Line_57: SPEA2-greedy_ting-UX to RVEA-greedy_ting-HUX', 'Equivalence_Line_58: NSGA2-greedy_ting-1P to RVEA-greedy_ting-UX', 'Equivalence_Line_59: NSGA2-random_dense-2P to RVEA-greedy_ting-1P']"
UNSGA3-greedy_multi-2P,0.0005001593311639,"['Equivalence_Line_1: SMSEMOA-greedy_multi-UX to RVEA-greedy_multi-2P', 'Equivalence_Line_2: SMSEMOA-greedy_multi-HUX to RVEA-greedy_multi-HUX', 'Equivalence_Line_3: SMSEMOA-greedy_multi-2P to RVEA-greedy_multi-UX', 'Equivalence_Line_4: NSGA3-greedy_multi-UX to SMSEMOA-random_dense-UX', 'Equivalence_Line_5: UNSGA3-greedy_multi-UX to SMSEMOA-random_dense-HUX', 'Equivalence_Line_6: SMSEMOA-greedy_multi-1P to SMSEMOA-greedy_ting-HUX', 'Equivalence_Line_7: NSGA3-greedy_multi-HUX to SMSEMOA-greedy_ting-UX', 'Equivalence_Line_8: UNSGA3-greedy_multi-HUX to UNSGA3-random_dense-UX', 'Equivalence_Line_9: SPEA2-greedy_multi-1P to NSGA3-random_dense-HUX', 'Equivalence_Line_10: NSGA3-greedy_multi-1P to NSGA3-random_dense-UX', 'Equivalence_Line_11: SPEA2-greedy_multi-2P to UNSGA3-random_dense-HUX', 'Equivalence_Line_12: NSGA3-greedy_multi-2P to SMSEMOA-greedy_ting-2P', 'Equivalence_Line_13: UNSGA3-greedy_multi-1P to SMSEMOA-greedy_ting-1P', 'Equivalence_Line_14: UNSGA3-greedy_multi-2P to NSGA2-random_dense-HUX', 'Equivalence_Line_15: NSGA2-greedy_multi-HUX to NSGA2-random_dense-UX', 'Equivalence_Line_16: AGEMOEA2-greedy_multi-1P to NSGA3-greedy_ting-HUX', 'Equivalence_Line_17: NSGA2-greedy_multi-UX to UNSGA3-greedy_ting-HUX', 'Equivalence_Line_18: SPEA2-greedy_multi-UX to SMSEMOA-random_dense-2P', 'Equivalence_Line_19: NSGA2-greedy_multi-2P to NSGA3-greedy_ting-UX', 'Equivalence_Line_20: AGEMOEA2-greedy_multi-2P to UNSGA3-greedy_ting-UX', 'Equivalence_Line_21: NSGA2-greedy_multi-1P to RVEA-random_dense-HUX', 'Equivalence_Line_22: AGEMOEA2-greedy_multi-UX to NSGA2-greedy_ting-HUX', 'Equivalence_Line_23: AGEMOEA2-greedy_multi-HUX to NSGA2-greedy_ting-UX', 'Equivalence_Line_24: SPEA2-greedy_multi-HUX to RVEA-random_dense-UX', 'Equivalence_Line_25: RVEA-greedy_multi-1P to AGEMOEA2-random_dense-UX', 'Equivalence_Line_26: RVEA-greedy_multi-2P to AGEMOEA2-random_dense-HUX', 'Equivalence_Line_27: RVEA-greedy_multi-HUX to SPEA2-random_dense-UX', 'Equivalence_Line_28: RVEA-greedy_multi-UX to SPEA2-random_dense-HUX', 'Equivalence_Line_29: SMSEMOA-random_dense-UX to NSGA2-greedy_ting-2P', 'Equivalence_Line_30: SMSEMOA-random_dense-HUX to SMSEMOA-random_dense-1P', 'Equivalence_Line_31: SMSEMOA-greedy_ting-HUX to SPEA2-greedy_ting-HUX', 'Equivalence_Line_32: SMSEMOA-greedy_ting-UX to SPEA2-greedy_ting-UX', 'Equivalence_Line_33: UNSGA3-random_dense-UX to NSGA2-greedy_ting-1P', 'Equivalence_Line_34: NSGA3-random_dense-HUX to NSGA2-random_dense-2P', 'Equivalence_Line_35: NSGA3-random_dense-UX to AGEMOEA2-greedy_ting-HUX', 'Equivalence_Line_36: UNSGA3-random_dense-HUX to AGEMOEA2-greedy_ting-UX', 'Equivalence_Line_37: SMSEMOA-greedy_ting-2P to UNSGA3-random_dense-2P', 'Equivalence_Line_38: SMSEMOA-greedy_ting-1P to NSGA3-random_dense-2P', 'Equivalence_Line_39: NSGA2-random_dense-HUX to SPEA2-greedy_ting-2P', 'Equivalence_Line_40: NSGA2-random_dense-UX to SPEA2-random_dense-2P', 'Equivalence_Line_41: NSGA3-greedy_ting-HUX to NSGA2-random_dense-1P', 'Equivalence_Line_42: UNSGA3-greedy_ting-HUX to UNSGA3-greedy_ting-2P', 'Equivalence_Line_43: SMSEMOA-random_dense-2P to NSGA3-greedy_ting-2P', 'Equivalence_Line_44: NSGA3-greedy_ting-UX to AGEMOEA2-random_dense-2P', 'Equivalence_Line_45: UNSGA3-greedy_ting-UX to RVEA-random_dense-2P', 'Equivalence_Line_46: RVEA-random_dense-HUX to NSGA3-random_dense-1P', 'Equivalence_Line_47: NSGA2-greedy_ting-HUX to NSGA3-greedy_ting-1P', 'Equivalence_Line_48: NSGA2-greedy_ting-UX to AGEMOEA2-greedy_ting-2P', 'Equivalence_Line_49: RVEA-random_dense-UX to UNSGA3-random_dense-1P', 'Equivalence_Line_50: AGEMOEA2-random_dense-UX to UNSGA3-greedy_ting-1P', 'Equivalence_Line_51: AGEMOEA2-random_dense-HUX to AGEMOEA2-random_dense-1P', 'Equivalence_Line_52: SPEA2-random_dense-UX to SPEA2-greedy_ting-1P', 'Equivalence_Line_53: SPEA2-random_dense-HUX to SPEA2-random_dense-1P', 'Equivalence_Line_54: NSGA2-greedy_ting-2P to AGEMOEA2-greedy_ting-1P', 'Equivalence_Line_55: SMSEMOA-random_dense-1P to RVEA-random_dense-1P', 'Equivalence_Line_56: SPEA2-greedy_ting-HUX to RVEA-greedy_ting-2P', 'Equivalence_Line_57: SPEA2-greedy_ting-UX to RVEA-greedy_ting-HUX', 'Equivalence_Line_58: NSGA2-greedy_ting-1P to RVEA-greedy_ting-UX', 'Equivalence_Line_59: NSGA2-random_dense-2P to RVEA-greedy_ting-1P']"
NSGA2-greedy_multi-HUX,0.0005520915351681,"['Equivalence_Line_1: SMSEMOA-greedy_multi-UX to RVEA-greedy_multi-2P', 'Equivalence_Line_2: SMSEMOA-greedy_multi-HUX to RVEA-greedy_multi-HUX', 'Equivalence_Line_3: SMSEMOA-greedy_multi-2P to RVEA-greedy_multi-UX', 'Equivalence_Line_4: NSGA3-greedy_multi-UX to SMSEMOA-random_dense-UX', 'Equivalence_Line_5: UNSGA3-greedy_multi-UX to SMSEMOA-random_dense-HUX', 'Equivalence_Line_6: SMSEMOA-greedy_multi-1P to SMSEMOA-greedy_ting-HUX', 'Equivalence_Line_7: NSGA3-greedy_multi-HUX to SMSEMOA-greedy_ting-UX', 'Equivalence_Line_8: UNSGA3-greedy_multi-HUX to UNSGA3-random_dense-UX', 'Equivalence_Line_9: SPEA2-greedy_multi-1P to NSGA3-random_dense-HUX', 'Equivalence_Line_10: NSGA3-greedy_multi-1P to NSGA3-random_dense-UX', 'Equivalence_Line_11: SPEA2-greedy_multi-2P to UNSGA3-random_dense-HUX', 'Equivalence_Line_12: NSGA3-greedy_multi-2P to SMSEMOA-greedy_ting-2P', 'Equivalence_Line_13: UNSGA3-greedy_multi-1P to SMSEMOA-greedy_ting-1P', 'Equivalence_Line_14: UNSGA3-greedy_multi-2P to NSGA2-random_dense-HUX', 'Equivalence_Line_15: NSGA2-greedy_multi-HUX to NSGA2-random_dense-UX', 'Equivalence_Line_16: AGEMOEA2-greedy_multi-1P to NSGA3-greedy_ting-HUX', 'Equivalence_Line_17: NSGA2-greedy_multi-UX to UNSGA3-greedy_ting-HUX', 'Equivalence_Line_18: SPEA2-greedy_multi-UX to SMSEMOA-random_dense-2P', 'Equivalence_Line_19: NSGA2-greedy_multi-2P to NSGA3-greedy_ting-UX', 'Equivalence_Line_20: AGEMOEA2-greedy_multi-2P to UNSGA3-greedy_ting-UX', 'Equivalence_Line_21: NSGA2-greedy_multi-1P to RVEA-random_dense-HUX', 'Equivalence_Line_22: AGEMOEA2-greedy_multi-UX to NSGA2-greedy_ting-HUX', 'Equivalence_Line_23: AGEMOEA2-greedy_multi-HUX to NSGA2-greedy_ting-UX', 'Equivalence_Line_24: SPEA2-greedy_multi-HUX to RVEA-random_dense-UX', 'Equivalence_Line_25: RVEA-greedy_multi-1P to AGEMOEA2-random_dense-UX', 'Equivalence_Line_26: RVEA-greedy_multi-2P to AGEMOEA2-random_dense-HUX', 'Equivalence_Line_27: RVEA-greedy_multi-HUX to SPEA2-random_dense-UX', 'Equivalence_Line_28: RVEA-greedy_multi-UX to SPEA2-random_dense-HUX', 'Equivalence_Line_29: SMSEMOA-random_dense-UX to NSGA2-greedy_ting-2P', 'Equivalence_Line_30: SMSEMOA-random_dense-HUX to SMSEMOA-random_dense-1P', 'Equivalence_Line_31: SMSEMOA-greedy_ting-HUX to SPEA2-greedy_ting-HUX', 'Equivalence_Line_32: SMSEMOA-greedy_ting-UX to SPEA2-greedy_ting-UX', 'Equivalence_Line_33: UNSGA3-random_dense-UX to NSGA2-greedy_ting-1P', 'Equivalence_Line_34: NSGA3-random_dense-HUX to NSGA2-random_dense-2P', 'Equivalence_Line_35: NSGA3-random_dense-UX to AGEMOEA2-greedy_ting-HUX', 'Equivalence_Line_36: UNSGA3-random_dense-HUX to AGEMOEA2-greedy_ting-UX', 'Equivalence_Line_37: SMSEMOA-greedy_ting-2P to UNSGA3-random_dense-2P', 'Equivalence_Line_38: SMSEMOA-greedy_ting-1P to NSGA3-random_dense-2P', 'Equivalence_Line_39: NSGA2-random_dense-HUX to SPEA2-greedy_ting-2P', 'Equivalence_Line_40: NSGA2-random_dense-UX to SPEA2-random_dense-2P', 'Equivalence_Line_41: NSGA3-greedy_ting-HUX to NSGA2-random_dense-1P', 'Equivalence_Line_42: UNSGA3-greedy_ting-HUX to UNSGA3-greedy_ting-2P', 'Equivalence_Line_43: SMSEMOA-random_dense-2P to NSGA3-greedy_ting-2P', 'Equivalence_Line_44: NSGA3-greedy_ting-UX to AGEMOEA2-random_dense-2P', 'Equivalence_Line_45: UNSGA3-greedy_ting-UX to RVEA-random_dense-2P', 'Equivalence_Line_46: RVEA-random_dense-HUX to NSGA3-random_dense-1P', 'Equivalence_Line_47: NSGA2-greedy_ting-HUX to NSGA3-greedy_ting-1P', 'Equivalence_Line_48: NSGA2-greedy_ting-UX to AGEMOEA2-greedy_ting-2P', 'Equivalence_Line_49: RVEA-random_dense-UX to UNSGA3-random_dense-1P', 'Equivalence_Line_50: AGEMOEA2-random_dense-UX to UNSGA3-greedy_ting-1P', 'Equivalence_Line_51: AGEMOEA2-random_dense-HUX to AGEMOEA2-random_dense-1P', 'Equivalence_Line_52: SPEA2-random_dense-UX to SPEA2-greedy_ting-1P', 'Equivalence_Line_53: SPEA2-random_dense-HUX to SPEA2-random_dense-1P', 'Equivalence_Line_54: NSGA2-greedy_ting-2P to AGEMOEA2-greedy_ting-1P', 'Equivalence_Line_55: SMSEMOA-random_dense-1P to RVEA-random_dense-1P', 'Equivalence_Line_56: SPEA2-greedy_ting-HUX to RVEA-greedy_ting-2P', 'Equivalence_Line_57: SPEA2-greedy_ting-UX to RVEA-greedy_ting-HUX', 'Equivalence_Line_58: NSGA2-greedy_ting-1P to RVEA-greedy_ting-UX', 'Equivalence_Line_59: NSGA2-random_dense-2P to RVEA-greedy_ting-1P']"
AGEMOEA2-greedy_multi-1P,0.0005665741135517,"['Equivalence_Line_1: SMSEMOA-greedy_multi-UX to RVEA-greedy_multi-2P', 'Equivalence_Line_2: SMSEMOA-greedy_multi-HUX to RVEA-greedy_multi-HUX', 'Equivalence_Line_3: SMSEMOA-greedy_multi-2P to RVEA-greedy_multi-UX', 'Equivalence_Line_4: NSGA3-greedy_multi-UX to SMSEMOA-random_dense-UX', 'Equivalence_Line_5: UNSGA3-greedy_multi-UX to SMSEMOA-random_dense-HUX', 'Equivalence_Line_6: SMSEMOA-greedy_multi-1P to SMSEMOA-greedy_ting-HUX', 'Equivalence_Line_7: NSGA3-greedy_multi-HUX to SMSEMOA-greedy_ting-UX', 'Equivalence_Line_8: UNSGA3-greedy_multi-HUX to UNSGA3-random_dense-UX', 'Equivalence_Line_9: SPEA2-greedy_multi-1P to NSGA3-random_dense-HUX', 'Equivalence_Line_10: NSGA3-greedy_multi-1P to NSGA3-random_dense-UX', 'Equivalence_Line_11: SPEA2-greedy_multi-2P to UNSGA3-random_dense-HUX', 'Equivalence_Line_12: NSGA3-greedy_multi-2P to SMSEMOA-greedy_ting-2P', 'Equivalence_Line_13: UNSGA3-greedy_multi-1P to SMSEMOA-greedy_ting-1P', 'Equivalence_Line_14: UNSGA3-greedy_multi-2P to NSGA2-random_dense-HUX', 'Equivalence_Line_15: NSGA2-greedy_multi-HUX to NSGA2-random_dense-UX', 'Equivalence_Line_16: AGEMOEA2-greedy_multi-1P to NSGA3-greedy_ting-HUX', 'Equivalence_Line_17: NSGA2-greedy_multi-UX to UNSGA3-greedy_ting-HUX', 'Equivalence_Line_18: SPEA2-greedy_multi-UX to SMSEMOA-random_dense-2P', 'Equivalence_Line_19: NSGA2-greedy_multi-2P to NSGA3-greedy_ting-UX', 'Equivalence_Line_20: AGEMOEA2-greedy_multi-2P to UNSGA3-greedy_ting-UX', 'Equivalence_Line_21: NSGA2-greedy_multi-1P to RVEA-random_dense-HUX', 'Equivalence_Line_22: AGEMOEA2-greedy_multi-UX to NSGA2-greedy_ting-HUX', 'Equivalence_Line_23: AGEMOEA2-greedy_multi-HUX to NSGA2-greedy_ting-UX', 'Equivalence_Line_24: SPEA2-greedy_multi-HUX to RVEA-random_dense-UX', 'Equivalence_Line_25: RVEA-greedy_multi-1P to AGEMOEA2-random_dense-UX', 'Equivalence_Line_26: RVEA-greedy_multi-2P to AGEMOEA2-random_dense-HUX', 'Equivalence_Line_27: RVEA-greedy_multi-HUX to SPEA2-random_dense-UX', 'Equivalence_Line_28: RVEA-greedy_multi-UX to SPEA2-random_dense-HUX', 'Equivalence_Line_29: SMSEMOA-random_dense-UX to NSGA2-greedy_ting-2P', 'Equivalence_Line_30: SMSEMOA-random_dense-HUX to SMSEMOA-random_dense-1P', 'Equivalence_Line_31: SMSEMOA-greedy_ting-HUX to SPEA2-greedy_ting-HUX', 'Equivalence_Line_32: SMSEMOA-greedy_ting-UX to SPEA2-greedy_ting-UX', 'Equivalence_Line_33: UNSGA3-random_dense-UX to NSGA2-greedy_ting-1P', 'Equivalence_Line_34: NSGA3-random_dense-HUX to NSGA2-random_dense-2P', 'Equivalence_Line_35: NSGA3-random_dense-UX to AGEMOEA2-greedy_ting-HUX', 'Equivalence_Line_36: UNSGA3-random_dense-HUX to AGEMOEA2-greedy_ting-UX', 'Equivalence_Line_37: SMSEMOA-greedy_ting-2P to UNSGA3-random_dense-2P', 'Equivalence_Line_38: SMSEMOA-greedy_ting-1P to NSGA3-random_dense-2P', 'Equivalence_Line_39: NSGA2-random_dense-HUX to SPEA2-greedy_ting-2P', 'Equivalence_Line_40: NSGA2-random_dense-UX to SPEA2-random_dense-2P', 'Equivalence_Line_41: NSGA3-greedy_ting-HUX to NSGA2-random_dense-1P', 'Equivalence_Line_42: UNSGA3-greedy_ting-HUX to UNSGA3-greedy_ting-2P', 'Equivalence_Line_43: SMSEMOA-random_dense-2P to NSGA3-greedy_ting-2P', 'Equivalence_Line_44: NSGA3-greedy_ting-UX to AGEMOEA2-random_dense-2P', 'Equivalence_Line_45: UNSGA3-greedy_ting-UX to RVEA-random_dense-2P', 'Equivalence_Line_46: RVEA-random_dense-HUX to NSGA3-random_dense-1P', 'Equivalence_Line_47: NSGA2-greedy_ting-HUX to NSGA3-greedy_ting-1P', 'Equivalence_Line_48: NSGA2-greedy_ting-UX to AGEMOEA2-greedy_ting-2P', 'Equivalence_Line_49: RVEA-random_dense-UX to UNSGA3-random_dense-1P', 'Equivalence_Line_50: AGEMOEA2-random_dense-UX to UNSGA3-greedy_ting-1P', 'Equivalence_Line_51: AGEMOEA2-random_dense-HUX to AGEMOEA2-random_dense-1P', 'Equivalence_Line_52: SPEA2-random_dense-UX to SPEA2-greedy_ting-1P', 'Equivalence_Line_53: SPEA2-random_dense-HUX to SPEA2-random_dense-1P', 'Equivalence_Line_54: NSGA2-greedy_ting-2P to AGEMOEA2-greedy_ting-1P', 'Equivalence_Line_55: SMSEMOA-random_dense-1P to RVEA-random_dense-1P', 'Equivalence_Line_56: SPEA2-greedy_ting-HUX to RVEA-greedy_ting-2P', 'Equivalence_Line_57: SPEA2-greedy_ting-UX to RVEA-greedy_ting-HUX', 'Equivalence_Line_58: NSGA2-greedy_ting-1P to RVEA-greedy_ting-UX', 'Equivalence_Line_59: NSGA2-random_dense-2P to RVEA-greedy_ting-1P']"
NSGA2-greedy_multi-UX,0.0005753731674677,"['Equivalence_Line_1: SMSEMOA-greedy_multi-UX to RVEA-greedy_multi-2P', 'Equivalence_Line_2: SMSEMOA-greedy_multi-HUX to RVEA-greedy_multi-HUX', 'Equivalence_Line_3: SMSEMOA-greedy_multi-2P to RVEA-greedy_multi-UX', 'Equivalence_Line_4: NSGA3-greedy_multi-UX to SMSEMOA-random_dense-UX', 'Equivalence_Line_5: UNSGA3-greedy_multi-UX to SMSEMOA-random_dense-HUX', 'Equivalence_Line_6: SMSEMOA-greedy_multi-1P to SMSEMOA-greedy_ting-HUX', 'Equivalence_Line_7: NSGA3-greedy_multi-HUX to SMSEMOA-greedy_ting-UX', 'Equivalence_Line_8: UNSGA3-greedy_multi-HUX to UNSGA3-random_dense-UX', 'Equivalence_Line_9: SPEA2-greedy_multi-1P to NSGA3-random_dense-HUX', 'Equivalence_Line_10: NSGA3-greedy_multi-1P to NSGA3-random_dense-UX', 'Equivalence_Line_11: SPEA2-greedy_multi-2P to UNSGA3-random_dense-HUX', 'Equivalence_Line_12: NSGA3-greedy_multi-2P to SMSEMOA-greedy_ting-2P', 'Equivalence_Line_13: UNSGA3-greedy_multi-1P to SMSEMOA-greedy_ting-1P', 'Equivalence_Line_14: UNSGA3-greedy_multi-2P to NSGA2-random_dense-HUX', 'Equivalence_Line_15: NSGA2-greedy_multi-HUX to NSGA2-random_dense-UX', 'Equivalence_Line_16: AGEMOEA2-greedy_multi-1P to NSGA3-greedy_ting-HUX', 'Equivalence_Line_17: NSGA2-greedy_multi-UX to UNSGA3-greedy_ting-HUX', 'Equivalence_Line_18: SPEA2-greedy_multi-UX to SMSEMOA-random_dense-2P', 'Equivalence_Line_19: NSGA2-greedy_multi-2P to NSGA3-greedy_ting-UX', 'Equivalence_Line_20: AGEMOEA2-greedy_multi-2P to UNSGA3-greedy_ting-UX', 'Equivalence_Line_21: NSGA2-greedy_multi-1P to RVEA-random_dense-HUX', 'Equivalence_Line_22: AGEMOEA2-greedy_multi-UX to NSGA2-greedy_ting-HUX', 'Equivalence_Line_23: AGEMOEA2-greedy_multi-HUX to NSGA2-greedy_ting-UX', 'Equivalence_Line_24: SPEA2-greedy_multi-HUX to RVEA-random_dense-UX', 'Equivalence_Line_25: RVEA-greedy_multi-1P to AGEMOEA2-random_dense-UX', 'Equivalence_Line_26: RVEA-greedy_multi-2P to AGEMOEA2-random_dense-HUX', 'Equivalence_Line_27: RVEA-greedy_multi-HUX to SPEA2-random_dense-UX', 'Equivalence_Line_28: RVEA-greedy_multi-UX to SPEA2-random_dense-HUX', 'Equivalence_Line_29: SMSEMOA-random_dense-UX to NSGA2-greedy_ting-2P', 'Equivalence_Line_30: SMSEMOA-random_dense-HUX to SMSEMOA-random_dense-1P', 'Equivalence_Line_31: SMSEMOA-greedy_ting-HUX to SPEA2-greedy_ting-HUX', 'Equivalence_Line_32: SMSEMOA-greedy_ting-UX to SPEA2-greedy_ting-UX', 'Equivalence_Line_33: UNSGA3-random_dense-UX to NSGA2-greedy_ting-1P', 'Equivalence_Line_34: NSGA3-random_dense-HUX to NSGA2-random_dense-2P', 'Equivalence_Line_35: NSGA3-random_dense-UX to AGEMOEA2-greedy_ting-HUX', 'Equivalence_Line_36: UNSGA3-random_dense-HUX to AGEMOEA2-greedy_ting-UX', 'Equivalence_Line_37: SMSEMOA-greedy_ting-2P to UNSGA3-random_dense-2P', 'Equivalence_Line_38: SMSEMOA-greedy_ting-1P to NSGA3-random_dense-2P', 'Equivalence_Line_39: NSGA2-random_dense-HUX to SPEA2-greedy_ting-2P', 'Equivalence_Line_40: NSGA2-random_dense-UX to SPEA2-random_dense-2P', 'Equivalence_Line_41: NSGA3-greedy_ting-HUX to NSGA2-random_dense-1P', 'Equivalence_Line_42: UNSGA3-greedy_ting-HUX to UNSGA3-greedy_ting-2P', 'Equivalence_Line_43: SMSEMOA-random_dense-2P to NSGA3-greedy_ting-2P', 'Equivalence_Line_44: NSGA3-greedy_ting-UX to AGEMOEA2-random_dense-2P', 'Equivalence_Line_45: UNSGA3-greedy_ting-UX to RVEA-random_dense-2P', 'Equivalence_Line_46: RVEA-random_dense-HUX to NSGA3-random_dense-1P', 'Equivalence_Line_47: NSGA2-greedy_ting-HUX to NSGA3-greedy_ting-1P', 'Equivalence_Line_48: NSGA2-greedy_ting-UX to AGEMOEA2-greedy_ting-2P', 'Equivalence_Line_49: RVEA-random_dense-UX to UNSGA3-random_dense-1P', 'Equivalence_Line_50: AGEMOEA2-random_dense-UX to UNSGA3-greedy_ting-1P', 'Equivalence_Line_51: AGEMOEA2-random_dense-HUX to AGEMOEA2-random_dense-1P', 'Equivalence_Line_52: SPEA2-random_dense-UX to SPEA2-greedy_ting-1P', 'Equivalence_Line_53: SPEA2-random_dense-HUX to SPEA2-random_dense-1P', 'Equivalence_Line_54: NSGA2-greedy_ting-2P to AGEMOEA2-greedy_ting-1P', 'Equivalence_Line_55: SMSEMOA-random_dense-1P to RVEA-random_dense-1P', 'Equivalence_Line_56: SPEA2-greedy_ting-HUX to RVEA-greedy_ting-2P', 'Equivalence_Line_57: SPEA2-greedy_ting-UX to RVEA-greedy_ting-HUX', 'Equivalence_Line_58: NSGA2-greedy_ting-1P to RVEA-greedy_ting-UX', 'Equivalence_Line_59: NSGA2-random_dense-2P to RVEA-greedy_ting-1P']"
SPEA2-greedy_multi-UX,0.0005928794479069,"['Equivalence_Line_1: SMSEMOA-greedy_multi-UX to RVEA-greedy_multi-2P', 'Equivalence_Line_2: SMSEMOA-greedy_multi-HUX to RVEA-greedy_multi-HUX', 'Equivalence_Line_3: SMSEMOA-greedy_multi-2P to RVEA-greedy_multi-UX', 'Equivalence_Line_4: NSGA3-greedy_multi-UX to SMSEMOA-random_dense-UX', 'Equivalence_Line_5: UNSGA3-greedy_multi-UX to SMSEMOA-random_dense-HUX', 'Equivalence_Line_6: SMSEMOA-greedy_multi-1P to SMSEMOA-greedy_ting-HUX', 'Equivalence_Line_7: NSGA3-greedy_multi-HUX to SMSEMOA-greedy_ting-UX', 'Equivalence_Line_8: UNSGA3-greedy_multi-HUX to UNSGA3-random_dense-UX', 'Equivalence_Line_9: SPEA2-greedy_multi-1P to NSGA3-random_dense-HUX', 'Equivalence_Line_10: NSGA3-greedy_multi-1P to NSGA3-random_dense-UX', 'Equivalence_Line_11: SPEA2-greedy_multi-2P to UNSGA3-random_dense-HUX', 'Equivalence_Line_12: NSGA3-greedy_multi-2P to SMSEMOA-greedy_ting-2P', 'Equivalence_Line_13: UNSGA3-greedy_multi-1P to SMSEMOA-greedy_ting-1P', 'Equivalence_Line_14: UNSGA3-greedy_multi-2P to NSGA2-random_dense-HUX', 'Equivalence_Line_15: NSGA2-greedy_multi-HUX to NSGA2-random_dense-UX', 'Equivalence_Line_16: AGEMOEA2-greedy_multi-1P to NSGA3-greedy_ting-HUX', 'Equivalence_Line_17: NSGA2-greedy_multi-UX to UNSGA3-greedy_ting-HUX', 'Equivalence_Line_18: SPEA2-greedy_multi-UX to SMSEMOA-random_dense-2P', 'Equivalence_Line_19: NSGA2-greedy_multi-2P to NSGA3-greedy_ting-UX', 'Equivalence_Line_20: AGEMOEA2-greedy_multi-2P to UNSGA3-greedy_ting-UX', 'Equivalence_Line_21: NSGA2-greedy_multi-1P to RVEA-random_dense-HUX', 'Equivalence_Line_22: AGEMOEA2-greedy_multi-UX to NSGA2-greedy_ting-HUX', 'Equivalence_Line_23: AGEMOEA2-greedy_multi-HUX to NSGA2-greedy_ting-UX', 'Equivalence_Line_24: SPEA2-greedy_multi-HUX to RVEA-random_dense-UX', 'Equivalence_Line_25: RVEA-greedy_multi-1P to AGEMOEA2-random_dense-UX', 'Equivalence_Line_26: RVEA-greedy_multi-2P to AGEMOEA2-random_dense-HUX', 'Equivalence_Line_27: RVEA-greedy_multi-HUX to SPEA2-random_dense-UX', 'Equivalence_Line_28: RVEA-greedy_multi-UX to SPEA2-random_dense-HUX', 'Equivalence_Line_29: SMSEMOA-random_dense-UX to NSGA2-greedy_ting-2P', 'Equivalence_Line_30: SMSEMOA-random_dense-HUX to SMSEMOA-random_dense-1P', 'Equivalence_Line_31: SMSEMOA-greedy_ting-HUX to SPEA2-greedy_ting-HUX', 'Equivalence_Line_32: SMSEMOA-greedy_ting-UX to SPEA2-greedy_ting-UX', 'Equivalence_Line_33: UNSGA3-random_dense-UX to NSGA2-greedy_ting-1P', 'Equivalence_Line_34: NSGA3-random_dense-HUX to NSGA2-random_dense-2P', 'Equivalence_Line_35: NSGA3-random_dense-UX to AGEMOEA2-greedy_ting-HUX', 'Equivalence_Line_36: UNSGA3-random_dense-HUX to AGEMOEA2-greedy_ting-UX', 'Equivalence_Line_37: SMSEMOA-greedy_ting-2P to UNSGA3-random_dense-2P', 'Equivalence_Line_38: SMSEMOA-greedy_ting-1P to NSGA3-random_dense-2P', 'Equivalence_Line_39: NSGA2-random_dense-HUX to SPEA2-greedy_ting-2P', 'Equivalence_Line_40: NSGA2-random_dense-UX to SPEA2-random_dense-2P', 'Equivalence_Line_41: NSGA3-greedy_ting-HUX to NSGA2-random_dense-1P', 'Equivalence_Line_42: UNSGA3-greedy_ting-HUX to UNSGA3-greedy_ting-2P', 'Equivalence_Line_43: SMSEMOA-random_dense-2P to NSGA3-greedy_ting-2P', 'Equivalence_Line_44: NSGA3-greedy_ting-UX to AGEMOEA2-random_dense-2P', 'Equivalence_Line_45: UNSGA3-greedy_ting-UX to RVEA-random_dense-2P', 'Equivalence_Line_46: RVEA-random_dense-HUX to NSGA3-random_dense-1P', 'Equivalence_Line_47: NSGA2-greedy_ting-HUX to NSGA3-greedy_ting-1P', 'Equivalence_Line_48: NSGA2-greedy_ting-UX to AGEMOEA2-greedy_ting-2P', 'Equivalence_Line_49: RVEA-random_dense-UX to UNSGA3-random_dense-1P', 'Equivalence_Line_50: AGEMOEA2-random_dense-UX to UNSGA3-greedy_ting-1P', 'Equivalence_Line_51: AGEMOEA2-random_dense-HUX to AGEMOEA2-random_dense-1P', 'Equivalence_Line_52: SPEA2-random_dense-UX to SPEA2-greedy_ting-1P', 'Equivalence_Line_53: SPEA2-random_dense-HUX to SPEA2-random_dense-1P', 'Equivalence_Line_54: NSGA2-greedy_ting-2P to AGEMOEA2-greedy_ting-1P', 'Equivalence_Line_55: SMSEMOA-random_dense-1P to RVEA-random_dense-1P', 'Equivalence_Line_56: SPEA2-greedy_ting-HUX to RVEA-greedy_ting-2P', 'Equivalence_Line_57: SPEA2-greedy_ting-UX to RVEA-greedy_ting-HUX', 'Equivalence_Line_58: NSGA2-greedy_ting-1P to RVEA-greedy_ting-UX', 'Equivalence_Line_59: NSGA2-random_dense-2P to RVEA-greedy_ting-1P']"
NSGA2-greedy_multi-2P,0.0006173877038706,"['Equivalence_Line_1: SMSEMOA-greedy_multi-UX to RVEA-greedy_multi-2P', 'Equivalence_Line_2: SMSEMOA-greedy_multi-HUX to RVEA-greedy_multi-HUX', 'Equivalence_Line_3: SMSEMOA-greedy_multi-2P to RVEA-greedy_multi-UX', 'Equivalence_Line_4: NSGA3-greedy_multi-UX to SMSEMOA-random_dense-UX', 'Equivalence_Line_5: UNSGA3-greedy_multi-UX to SMSEMOA-random_dense-HUX', 'Equivalence_Line_6: SMSEMOA-greedy_multi-1P to SMSEMOA-greedy_ting-HUX', 'Equivalence_Line_7: NSGA3-greedy_multi-HUX to SMSEMOA-greedy_ting-UX', 'Equivalence_Line_8: UNSGA3-greedy_multi-HUX to UNSGA3-random_dense-UX', 'Equivalence_Line_9: SPEA2-greedy_multi-1P to NSGA3-random_dense-HUX', 'Equivalence_Line_10: NSGA3-greedy_multi-1P to NSGA3-random_dense-UX', 'Equivalence_Line_11: SPEA2-greedy_multi-2P to UNSGA3-random_dense-HUX', 'Equivalence_Line_12: NSGA3-greedy_multi-2P to SMSEMOA-greedy_ting-2P', 'Equivalence_Line_13: UNSGA3-greedy_multi-1P to SMSEMOA-greedy_ting-1P', 'Equivalence_Line_14: UNSGA3-greedy_multi-2P to NSGA2-random_dense-HUX', 'Equivalence_Line_15: NSGA2-greedy_multi-HUX to NSGA2-random_dense-UX', 'Equivalence_Line_16: AGEMOEA2-greedy_multi-1P to NSGA3-greedy_ting-HUX', 'Equivalence_Line_17: NSGA2-greedy_multi-UX to UNSGA3-greedy_ting-HUX', 'Equivalence_Line_18: SPEA2-greedy_multi-UX to SMSEMOA-random_dense-2P', 'Equivalence_Line_19: NSGA2-greedy_multi-2P to NSGA3-greedy_ting-UX', 'Equivalence_Line_20: AGEMOEA2-greedy_multi-2P to UNSGA3-greedy_ting-UX', 'Equivalence_Line_21: NSGA2-greedy_multi-1P to RVEA-random_dense-HUX', 'Equivalence_Line_22: AGEMOEA2-greedy_multi-UX to NSGA2-greedy_ting-HUX', 'Equivalence_Line_23: AGEMOEA2-greedy_multi-HUX to NSGA2-greedy_ting-UX', 'Equivalence_Line_24: SPEA2-greedy_multi-HUX to RVEA-random_dense-UX', 'Equivalence_Line_25: RVEA-greedy_multi-1P to AGEMOEA2-random_dense-UX', 'Equivalence_Line_26: RVEA-greedy_multi-2P to AGEMOEA2-random_dense-HUX', 'Equivalence_Line_27: RVEA-greedy_multi-HUX to SPEA2-random_dense-UX', 'Equivalence_Line_28: RVEA-greedy_multi-UX to SPEA2-random_dense-HUX', 'Equivalence_Line_29: SMSEMOA-random_dense-UX to NSGA2-greedy_ting-2P', 'Equivalence_Line_30: SMSEMOA-random_dense-HUX to SMSEMOA-random_dense-1P', 'Equivalence_Line_31: SMSEMOA-greedy_ting-HUX to SPEA2-greedy_ting-HUX', 'Equivalence_Line_32: SMSEMOA-greedy_ting-UX to SPEA2-greedy_ting-UX', 'Equivalence_Line_33: UNSGA3-random_dense-UX to NSGA2-greedy_ting-1P', 'Equivalence_Line_34: NSGA3-random_dense-HUX to NSGA2-random_dense-2P', 'Equivalence_Line_35: NSGA3-random_dense-UX to AGEMOEA2-greedy_ting-HUX', 'Equivalence_Line_36: UNSGA3-random_dense-HUX to AGEMOEA2-greedy_ting-UX', 'Equivalence_Line_37: SMSEMOA-greedy_ting-2P to UNSGA3-random_dense-2P', 'Equivalence_Line_38: SMSEMOA-greedy_ting-1P to NSGA3-random_dense-2P', 'Equivalence_Line_39: NSGA2-random_dense-HUX to SPEA2-greedy_ting-2P', 'Equivalence_Line_40: NSGA2-random_dense-UX to SPEA2-random_dense-2P', 'Equivalence_Line_41: NSGA3-greedy_ting-HUX to NSGA2-random_dense-1P', 'Equivalence_Line_42: UNSGA3-greedy_ting-HUX to UNSGA3-greedy_ting-2P', 'Equivalence_Line_43: SMSEMOA-random_dense-2P to NSGA3-greedy_ting-2P', 'Equivalence_Line_44: NSGA3-greedy_ting-UX to AGEMOEA2-random_dense-2P', 'Equivalence_Line_45: UNSGA3-greedy_ting-UX to RVEA-random_dense-2P', 'Equivalence_Line_46: RVEA-random_dense-HUX to NSGA3-random_dense-1P', 'Equivalence_Line_47: NSGA2-greedy_ting-HUX to NSGA3-greedy_ting-1P', 'Equivalence_Line_48: NSGA2-greedy_ting-UX to AGEMOEA2-greedy_ting-2P', 'Equivalence_Line_49: RVEA-random_dense-UX to UNSGA3-random_dense-1P', 'Equivalence_Line_50: AGEMOEA2-random_dense-UX to UNSGA3-greedy_ting-1P', 'Equivalence_Line_51: AGEMOEA2-random_dense-HUX to AGEMOEA2-random_dense-1P', 'Equivalence_Line_52: SPEA2-random_dense-UX to SPEA2-greedy_ting-1P', 'Equivalence_Line_53: SPEA2-random_dense-HUX to SPEA2-random_dense-1P', 'Equivalence_Line_54: NSGA2-greedy_ting-2P to AGEMOEA2-greedy_ting-1P', 'Equivalence_Line_55: SMSEMOA-random_dense-1P to RVEA-random_dense-1P', 'Equivalence_Line_56: SPEA2-greedy_ting-HUX to RVEA-greedy_ting-2P', 'Equivalence_Line_57: SPEA2-greedy_ting-UX to RVEA-greedy_ting-HUX', 'Equivalence_Line_58: NSGA2-greedy_ting-1P to RVEA-greedy_ting-UX', 'Equivalence_Line_59: NSGA2-random_dense-2P to RVEA-greedy_ting-1P']"
AGEMOEA2-greedy_multi-2P,0.0006354414748246,"['Equivalence_Line_1: SMSEMOA-greedy_multi-UX to RVEA-greedy_multi-2P', 'Equivalence_Line_2: SMSEMOA-greedy_multi-HUX to RVEA-greedy_multi-HUX', 'Equivalence_Line_3: SMSEMOA-greedy_multi-2P to RVEA-greedy_multi-UX', 'Equivalence_Line_4: NSGA3-greedy_multi-UX to SMSEMOA-random_dense-UX', 'Equivalence_Line_5: UNSGA3-greedy_multi-UX to SMSEMOA-random_dense-HUX', 'Equivalence_Line_6: SMSEMOA-greedy_multi-1P to SMSEMOA-greedy_ting-HUX', 'Equivalence_Line_7: NSGA3-greedy_multi-HUX to SMSEMOA-greedy_ting-UX', 'Equivalence_Line_8: UNSGA3-greedy_multi-HUX to UNSGA3-random_dense-UX', 'Equivalence_Line_9: SPEA2-greedy_multi-1P to NSGA3-random_dense-HUX', 'Equivalence_Line_10: NSGA3-greedy_multi-1P to NSGA3-random_dense-UX', 'Equivalence_Line_11: SPEA2-greedy_multi-2P to UNSGA3-random_dense-HUX', 'Equivalence_Line_12: NSGA3-greedy_multi-2P to SMSEMOA-greedy_ting-2P', 'Equivalence_Line_13: UNSGA3-greedy_multi-1P to SMSEMOA-greedy_ting-1P', 'Equivalence_Line_14: UNSGA3-greedy_multi-2P to NSGA2-random_dense-HUX', 'Equivalence_Line_15: NSGA2-greedy_multi-HUX to NSGA2-random_dense-UX', 'Equivalence_Line_16: AGEMOEA2-greedy_multi-1P to NSGA3-greedy_ting-HUX', 'Equivalence_Line_17: NSGA2-greedy_multi-UX to UNSGA3-greedy_ting-HUX', 'Equivalence_Line_18: SPEA2-greedy_multi-UX to SMSEMOA-random_dense-2P', 'Equivalence_Line_19: NSGA2-greedy_multi-2P to NSGA3-greedy_ting-UX', 'Equivalence_Line_20: AGEMOEA2-greedy_multi-2P to UNSGA3-greedy_ting-UX', 'Equivalence_Line_21: NSGA2-greedy_multi-1P to RVEA-random_dense-HUX', 'Equivalence_Line_22: AGEMOEA2-greedy_multi-UX to NSGA2-greedy_ting-HUX', 'Equivalence_Line_23: AGEMOEA2-greedy_multi-HUX to NSGA2-greedy_ting-UX', 'Equivalence_Line_24: SPEA2-greedy_multi-HUX to RVEA-random_dense-UX', 'Equivalence_Line_25: RVEA-greedy_multi-1P to AGEMOEA2-random_dense-UX', 'Equivalence_Line_26: RVEA-greedy_multi-2P to AGEMOEA2-random_dense-HUX', 'Equivalence_Line_27: RVEA-greedy_multi-HUX to SPEA2-random_dense-UX', 'Equivalence_Line_28: RVEA-greedy_multi-UX to SPEA2-random_dense-HUX', 'Equivalence_Line_29: SMSEMOA-random_dense-UX to NSGA2-greedy_ting-2P', 'Equivalence_Line_30: SMSEMOA-random_dense-HUX to SMSEMOA-random_dense-1P', 'Equivalence_Line_31: SMSEMOA-greedy_ting-HUX to SPEA2-greedy_ting-HUX', 'Equivalence_Line_32: SMSEMOA-greedy_ting-UX to SPEA2-greedy_ting-UX', 'Equivalence_Line_33: UNSGA3-random_dense-UX to NSGA2-greedy_ting-1P', 'Equivalence_Line_34: NSGA3-random_dense-HUX to NSGA2-random_dense-2P', 'Equivalence_Line_35: NSGA3-random_dense-UX to AGEMOEA2-greedy_ting-HUX', 'Equivalence_Line_36: UNSGA3-random_dense-HUX to AGEMOEA2-greedy_ting-UX', 'Equivalence_Line_37: SMSEMOA-greedy_ting-2P to UNSGA3-random_dense-2P', 'Equivalence_Line_38: SMSEMOA-greedy_ting-1P to NSGA3-random_dense-2P', 'Equivalence_Line_39: NSGA2-random_dense-HUX to SPEA2-greedy_ting-2P', 'Equivalence_Line_40: NSGA2-random_dense-UX to SPEA2-random_dense-2P', 'Equivalence_Line_41: NSGA3-greedy_ting-HUX to NSGA2-random_dense-1P', 'Equivalence_Line_42: UNSGA3-greedy_ting-HUX to UNSGA3-greedy_ting-2P', 'Equivalence_Line_43: SMSEMOA-random_dense-2P to NSGA3-greedy_ting-2P', 'Equivalence_Line_44: NSGA3-greedy_ting-UX to AGEMOEA2-random_dense-2P', 'Equivalence_Line_45: UNSGA3-greedy_ting-UX to RVEA-random_dense-2P', 'Equivalence_Line_46: RVEA-random_dense-HUX to NSGA3-random_dense-1P', 'Equivalence_Line_47: NSGA2-greedy_ting-HUX to NSGA3-greedy_ting-1P', 'Equivalence_Line_48: NSGA2-greedy_ting-UX to AGEMOEA2-greedy_ting-2P', 'Equivalence_Line_49: RVEA-random_dense-UX to UNSGA3-random_dense-1P', 'Equivalence_Line_50: AGEMOEA2-random_dense-UX to UNSGA3-greedy_ting-1P', 'Equivalence_Line_51: AGEMOEA2-random_dense-HUX to AGEMOEA2-random_dense-1P', 'Equivalence_Line_52: SPEA2-random_dense-UX to SPEA2-greedy_ting-1P', 'Equivalence_Line_53: SPEA2-random_dense-HUX to SPEA2-random_dense-1P', 'Equivalence_Line_54: NSGA2-greedy_ting-2P to AGEMOEA2-greedy_ting-1P', 'Equivalence_Line_55: SMSEMOA-random_dense-1P to RVEA-random_dense-1P', 'Equivalence_Line_56: SPEA2-greedy_ting-HUX to RVEA-greedy_ting-2P', 'Equivalence_Line_57: SPEA2-greedy_ting-UX to RVEA-greedy_ting-HUX', 'Equivalence_Line_58: NSGA2-greedy_ting-1P to RVEA-greedy_ting-UX', 'Equivalence_Line_59: NSGA2-random_dense-2P to RVEA-greedy_ting-1P']"
NSGA2-greedy_multi-1P,0.0006508418041343,"['Equivalence_Line_1: SMSEMOA-greedy_multi-UX to RVEA-greedy_multi-2P', 'Equivalence_Line_2: SMSEMOA-greedy_multi-HUX to RVEA-greedy_multi-HUX', 'Equivalence_Line_3: SMSEMOA-greedy_multi-2P to RVEA-greedy_multi-UX', 'Equivalence_Line_4: NSGA3-greedy_multi-UX to SMSEMOA-random_dense-UX', 'Equivalence_Line_5: UNSGA3-greedy_multi-UX to SMSEMOA-random_dense-HUX', 'Equivalence_Line_6: SMSEMOA-greedy_multi-1P to SMSEMOA-greedy_ting-HUX', 'Equivalence_Line_7: NSGA3-greedy_multi-HUX to SMSEMOA-greedy_ting-UX', 'Equivalence_Line_8: UNSGA3-greedy_multi-HUX to UNSGA3-random_dense-UX', 'Equivalence_Line_9: SPEA2-greedy_multi-1P to NSGA3-random_dense-HUX', 'Equivalence_Line_10: NSGA3-greedy_multi-1P to NSGA3-random_dense-UX', 'Equivalence_Line_11: SPEA2-greedy_multi-2P to UNSGA3-random_dense-HUX', 'Equivalence_Line_12: NSGA3-greedy_multi-2P to SMSEMOA-greedy_ting-2P', 'Equivalence_Line_13: UNSGA3-greedy_multi-1P to SMSEMOA-greedy_ting-1P', 'Equivalence_Line_14: UNSGA3-greedy_multi-2P to NSGA2-random_dense-HUX', 'Equivalence_Line_15: NSGA2-greedy_multi-HUX to NSGA2-random_dense-UX', 'Equivalence_Line_16: AGEMOEA2-greedy_multi-1P to NSGA3-greedy_ting-HUX', 'Equivalence_Line_17: NSGA2-greedy_multi-UX to UNSGA3-greedy_ting-HUX', 'Equivalence_Line_18: SPEA2-greedy_multi-UX to SMSEMOA-random_dense-2P', 'Equivalence_Line_19: NSGA2-greedy_multi-2P to NSGA3-greedy_ting-UX', 'Equivalence_Line_20: AGEMOEA2-greedy_multi-2P to UNSGA3-greedy_ting-UX', 'Equivalence_Line_21: NSGA2-greedy_multi-1P to RVEA-random_dense-HUX', 'Equivalence_Line_22: AGEMOEA2-greedy_multi-UX to NSGA2-greedy_ting-HUX', 'Equivalence_Line_23: AGEMOEA2-greedy_multi-HUX to NSGA2-greedy_ting-UX', 'Equivalence_Line_24: SPEA2-greedy_multi-HUX to RVEA-random_dense-UX', 'Equivalence_Line_25: RVEA-greedy_multi-1P to AGEMOEA2-random_dense-UX', 'Equivalence_Line_26: RVEA-greedy_multi-2P to AGEMOEA2-random_dense-HUX', 'Equivalence_Line_27: RVEA-greedy_multi-HUX to SPEA2-random_dense-UX', 'Equivalence_Line_28: RVEA-greedy_multi-UX to SPEA2-random_dense-HUX', 'Equivalence_Line_29: SMSEMOA-random_dense-UX to NSGA2-greedy_ting-2P', 'Equivalence_Line_30: SMSEMOA-random_dense-HUX to SMSEMOA-random_dense-1P', 'Equivalence_Line_31: SMSEMOA-greedy_ting-HUX to SPEA2-greedy_ting-HUX', 'Equivalence_Line_32: SMSEMOA-greedy_ting-UX to SPEA2-greedy_ting-UX', 'Equivalence_Line_33: UNSGA3-random_dense-UX to NSGA2-greedy_ting-1P', 'Equivalence_Line_34: NSGA3-random_dense-HUX to NSGA2-random_dense-2P', 'Equivalence_Line_35: NSGA3-random_dense-UX to AGEMOEA2-greedy_ting-HUX', 'Equivalence_Line_36: UNSGA3-random_dense-HUX to AGEMOEA2-greedy_ting-UX', 'Equivalence_Line_37: SMSEMOA-greedy_ting-2P to UNSGA3-random_dense-2P', 'Equivalence_Line_38: SMSEMOA-greedy_ting-1P to NSGA3-random_dense-2P', 'Equivalence_Line_39: NSGA2-random_dense-HUX to SPEA2-greedy_ting-2P', 'Equivalence_Line_40: NSGA2-random_dense-UX to SPEA2-random_dense-2P', 'Equivalence_Line_41: NSGA3-greedy_ting-HUX to NSGA2-random_dense-1P', 'Equivalence_Line_42: UNSGA3-greedy_ting-HUX to UNSGA3-greedy_ting-2P', 'Equivalence_Line_43: SMSEMOA-random_dense-2P to NSGA3-greedy_ting-2P', 'Equivalence_Line_44: NSGA3-greedy_ting-UX to AGEMOEA2-random_dense-2P', 'Equivalence_Line_45: UNSGA3-greedy_ting-UX to RVEA-random_dense-2P', 'Equivalence_Line_46: RVEA-random_dense-HUX to NSGA3-random_dense-1P', 'Equivalence_Line_47: NSGA2-greedy_ting-HUX to NSGA3-greedy_ting-1P', 'Equivalence_Line_48: NSGA2-greedy_ting-UX to AGEMOEA2-greedy_ting-2P', 'Equivalence_Line_49: RVEA-random_dense-UX to UNSGA3-random_dense-1P', 'Equivalence_Line_50: AGEMOEA2-random_dense-UX to UNSGA3-greedy_ting-1P', 'Equivalence_Line_51: AGEMOEA2-random_dense-HUX to AGEMOEA2-random_dense-1P', 'Equivalence_Line_52: SPEA2-random_dense-UX to SPEA2-greedy_ting-1P', 'Equivalence_Line_53: SPEA2-random_dense-HUX to SPEA2-random_dense-1P', 'Equivalence_Line_54: NSGA2-greedy_ting-2P to AGEMOEA2-greedy_ting-1P', 'Equivalence_Line_55: SMSEMOA-random_dense-1P to RVEA-random_dense-1P', 'Equivalence_Line_56: SPEA2-greedy_ting-HUX to RVEA-greedy_ting-2P', 'Equivalence_Line_57: SPEA2-greedy_ting-UX to RVEA-greedy_ting-HUX', 'Equivalence_Line_58: NSGA2-greedy_ting-1P to RVEA-greedy_ting-UX', 'Equivalence_Line_59: NSGA2-random_dense-2P to RVEA-greedy_ting-1P']"
AGEMOEA2-greedy_multi-UX,0.0006578597580474,"['Equivalence_Line_1: SMSEMOA-greedy_multi-UX to RVEA-greedy_multi-2P', 'Equivalence_Line_2: SMSEMOA-greedy_multi-HUX to RVEA-greedy_multi-HUX', 'Equivalence_Line_3: SMSEMOA-greedy_multi-2P to RVEA-greedy_multi-UX', 'Equivalence_Line_4: NSGA3-greedy_multi-UX to SMSEMOA-random_dense-UX', 'Equivalence_Line_5: UNSGA3-greedy_multi-UX to SMSEMOA-random_dense-HUX', 'Equivalence_Line_6: SMSEMOA-greedy_multi-1P to SMSEMOA-greedy_ting-HUX', 'Equivalence_Line_7: NSGA3-greedy_multi-HUX to SMSEMOA-greedy_ting-UX', 'Equivalence_Line_8: UNSGA3-greedy_multi-HUX to UNSGA3-random_dense-UX', 'Equivalence_Line_9: SPEA2-greedy_multi-1P to NSGA3-random_dense-HUX', 'Equivalence_Line_10: NSGA3-greedy_multi-1P to NSGA3-random_dense-UX', 'Equivalence_Line_11: SPEA2-greedy_multi-2P to UNSGA3-random_dense-HUX', 'Equivalence_Line_12: NSGA3-greedy_multi-2P to SMSEMOA-greedy_ting-2P', 'Equivalence_Line_13: UNSGA3-greedy_multi-1P to SMSEMOA-greedy_ting-1P', 'Equivalence_Line_14: UNSGA3-greedy_multi-2P to NSGA2-random_dense-HUX', 'Equivalence_Line_15: NSGA2-greedy_multi-HUX to NSGA2-random_dense-UX', 'Equivalence_Line_16: AGEMOEA2-greedy_multi-1P to NSGA3-greedy_ting-HUX', 'Equivalence_Line_17: NSGA2-greedy_multi-UX to UNSGA3-greedy_ting-HUX', 'Equivalence_Line_18: SPEA2-greedy_multi-UX to SMSEMOA-random_dense-2P', 'Equivalence_Line_19: NSGA2-greedy_multi-2P to NSGA3-greedy_ting-UX', 'Equivalence_Line_20: AGEMOEA2-greedy_multi-2P to UNSGA3-greedy_ting-UX', 'Equivalence_Line_21: NSGA2-greedy_multi-1P to RVEA-random_dense-HUX', 'Equivalence_Line_22: AGEMOEA2-greedy_multi-UX to NSGA2-greedy_ting-HUX', 'Equivalence_Line_23: AGEMOEA2-greedy_multi-HUX to NSGA2-greedy_ting-UX', 'Equivalence_Line_24: SPEA2-greedy_multi-HUX to RVEA-random_dense-UX', 'Equivalence_Line_25: RVEA-greedy_multi-1P to AGEMOEA2-random_dense-UX', 'Equivalence_Line_26: RVEA-greedy_multi-2P to AGEMOEA2-random_dense-HUX', 'Equivalence_Line_27: RVEA-greedy_multi-HUX to SPEA2-random_dense-UX', 'Equivalence_Line_28: RVEA-greedy_multi-UX to SPEA2-random_dense-HUX', 'Equivalence_Line_29: SMSEMOA-random_dense-UX to NSGA2-greedy_ting-2P', 'Equivalence_Line_30: SMSEMOA-random_dense-HUX to SMSEMOA-random_dense-1P', 'Equivalence_Line_31: SMSEMOA-greedy_ting-HUX to SPEA2-greedy_ting-HUX', 'Equivalence_Line_32: SMSEMOA-greedy_ting-UX to SPEA2-greedy_ting-UX', 'Equivalence_Line_33: UNSGA3-random_dense-UX to NSGA2-greedy_ting-1P', 'Equivalence_Line_34: NSGA3-random_dense-HUX to NSGA2-random_dense-2P', 'Equivalence_Line_35: NSGA3-random_dense-UX to AGEMOEA2-greedy_ting-HUX', 'Equivalence_Line_36: UNSGA3-random_dense-HUX to AGEMOEA2-greedy_ting-UX', 'Equivalence_Line_37: SMSEMOA-greedy_ting-2P to UNSGA3-random_dense-2P', 'Equivalence_Line_38: SMSEMOA-greedy_ting-1P to NSGA3-random_dense-2P', 'Equivalence_Line_39: NSGA2-random_dense-HUX to SPEA2-greedy_ting-2P', 'Equivalence_Line_40: NSGA2-random_dense-UX to SPEA2-random_dense-2P', 'Equivalence_Line_41: NSGA3-greedy_ting-HUX to NSGA2-random_dense-1P', 'Equivalence_Line_42: UNSGA3-greedy_ting-HUX to UNSGA3-greedy_ting-2P', 'Equivalence_Line_43: SMSEMOA-random_dense-2P to NSGA3-greedy_ting-2P', 'Equivalence_Line_44: NSGA3-greedy_ting-UX to AGEMOEA2-random_dense-2P', 'Equivalence_Line_45: UNSGA3-greedy_ting-UX to RVEA-random_dense-2P', 'Equivalence_Line_46: RVEA-random_dense-HUX to NSGA3-random_dense-1P', 'Equivalence_Line_47: NSGA2-greedy_ting-HUX to NSGA3-greedy_ting-1P', 'Equivalence_Line_48: NSGA2-greedy_ting-UX to AGEMOEA2-greedy_ting-2P', 'Equivalence_Line_49: RVEA-random_dense-UX to UNSGA3-random_dense-1P', 'Equivalence_Line_50: AGEMOEA2-random_dense-UX to UNSGA3-greedy_ting-1P', 'Equivalence_Line_51: AGEMOEA2-random_dense-HUX to AGEMOEA2-random_dense-1P', 'Equivalence_Line_52: SPEA2-random_dense-UX to SPEA2-greedy_ting-1P', 'Equivalence_Line_53: SPEA2-random_dense-HUX to SPEA2-random_dense-1P', 'Equivalence_Line_54: NSGA2-greedy_ting-2P to AGEMOEA2-greedy_ting-1P', 'Equivalence_Line_55: SMSEMOA-random_dense-1P to RVEA-random_dense-1P', 'Equivalence_Line_56: SPEA2-greedy_ting-HUX to RVEA-greedy_ting-2P', 'Equivalence_Line_57: SPEA2-greedy_ting-UX to RVEA-greedy_ting-HUX', 'Equivalence_Line_58: NSGA2-greedy_ting-1P to RVEA-greedy_ting-UX', 'Equivalence_Line_59: NSGA2-random_dense-2P to RVEA-greedy_ting-1P']"
AGEMOEA2-greedy_multi-HUX,0.0006697072483247,"['Equivalence_Line_1: SMSEMOA-greedy_multi-UX to RVEA-greedy_multi-2P', 'Equivalence_Line_2: SMSEMOA-greedy_multi-HUX to RVEA-greedy_multi-HUX', 'Equivalence_Line_3: SMSEMOA-greedy_multi-2P to RVEA-greedy_multi-UX', 'Equivalence_Line_4: NSGA3-greedy_multi-UX to SMSEMOA-random_dense-UX', 'Equivalence_Line_5: UNSGA3-greedy_multi-UX to SMSEMOA-random_dense-HUX', 'Equivalence_Line_6: SMSEMOA-greedy_multi-1P to SMSEMOA-greedy_ting-HUX', 'Equivalence_Line_7: NSGA3-greedy_multi-HUX to SMSEMOA-greedy_ting-UX', 'Equivalence_Line_8: UNSGA3-greedy_multi-HUX to UNSGA3-random_dense-UX', 'Equivalence_Line_9: SPEA2-greedy_multi-1P to NSGA3-random_dense-HUX', 'Equivalence_Line_10: NSGA3-greedy_multi-1P to NSGA3-random_dense-UX', 'Equivalence_Line_11: SPEA2-greedy_multi-2P to UNSGA3-random_dense-HUX', 'Equivalence_Line_12: NSGA3-greedy_multi-2P to SMSEMOA-greedy_ting-2P', 'Equivalence_Line_13: UNSGA3-greedy_multi-1P to SMSEMOA-greedy_ting-1P', 'Equivalence_Line_14: UNSGA3-greedy_multi-2P to NSGA2-random_dense-HUX', 'Equivalence_Line_15: NSGA2-greedy_multi-HUX to NSGA2-random_dense-UX', 'Equivalence_Line_16: AGEMOEA2-greedy_multi-1P to NSGA3-greedy_ting-HUX', 'Equivalence_Line_17: NSGA2-greedy_multi-UX to UNSGA3-greedy_ting-HUX', 'Equivalence_Line_18: SPEA2-greedy_multi-UX to SMSEMOA-random_dense-2P', 'Equivalence_Line_19: NSGA2-greedy_multi-2P to NSGA3-greedy_ting-UX', 'Equivalence_Line_20: AGEMOEA2-greedy_multi-2P to UNSGA3-greedy_ting-UX', 'Equivalence_Line_21: NSGA2-greedy_multi-1P to RVEA-random_dense-HUX', 'Equivalence_Line_22: AGEMOEA2-greedy_multi-UX to NSGA2-greedy_ting-HUX', 'Equivalence_Line_23: AGEMOEA2-greedy_multi-HUX to NSGA2-greedy_ting-UX', 'Equivalence_Line_24: SPEA2-greedy_multi-HUX to RVEA-random_dense-UX', 'Equivalence_Line_25: RVEA-greedy_multi-1P to AGEMOEA2-random_dense-UX', 'Equivalence_Line_26: RVEA-greedy_multi-2P to AGEMOEA2-random_dense-HUX', 'Equivalence_Line_27: RVEA-greedy_multi-HUX to SPEA2-random_dense-UX', 'Equivalence_Line_28: RVEA-greedy_multi-UX to SPEA2-random_dense-HUX', 'Equivalence_Line_29: SMSEMOA-random_dense-UX to NSGA2-greedy_ting-2P', 'Equivalence_Line_30: SMSEMOA-random_dense-HUX to SMSEMOA-random_dense-1P', 'Equivalence_Line_31: SMSEMOA-greedy_ting-HUX to SPEA2-greedy_ting-HUX', 'Equivalence_Line_32: SMSEMOA-greedy_ting-UX to SPEA2-greedy_ting-UX', 'Equivalence_Line_33: UNSGA3-random_dense-UX to NSGA2-greedy_ting-1P', 'Equivalence_Line_34: NSGA3-random_dense-HUX to NSGA2-random_dense-2P', 'Equivalence_Line_35: NSGA3-random_dense-UX to AGEMOEA2-greedy_ting-HUX', 'Equivalence_Line_36: UNSGA3-random_dense-HUX to AGEMOEA2-greedy_ting-UX', 'Equivalence_Line_37: SMSEMOA-greedy_ting-2P to UNSGA3-random_dense-2P', 'Equivalence_Line_38: SMSEMOA-greedy_ting-1P to NSGA3-random_dense-2P', 'Equivalence_Line_39: NSGA2-random_dense-HUX to SPEA2-greedy_ting-2P', 'Equivalence_Line_40: NSGA2-random_dense-UX to SPEA2-random_dense-2P', 'Equivalence_Line_41: NSGA3-greedy_ting-HUX to NSGA2-random_dense-1P', 'Equivalence_Line_42: UNSGA3-greedy_ting-HUX to UNSGA3-greedy_ting-2P', 'Equivalence_Line_43: SMSEMOA-random_dense-2P to NSGA3-greedy_ting-2P', 'Equivalence_Line_44: NSGA3-greedy_ting-UX to AGEMOEA2-random_dense-2P', 'Equivalence_Line_45: UNSGA3-greedy_ting-UX to RVEA-random_dense-2P', 'Equivalence_Line_46: RVEA-random_dense-HUX to NSGA3-random_dense-1P', 'Equivalence_Line_47: NSGA2-greedy_ting-HUX to NSGA3-greedy_ting-1P', 'Equivalence_Line_48: NSGA2-greedy_ting-UX to AGEMOEA2-greedy_ting-2P', 'Equivalence_Line_49: RVEA-random_dense-UX to UNSGA3-random_dense-1P', 'Equivalence_Line_50: AGEMOEA2-random_dense-UX to UNSGA3-greedy_ting-1P', 'Equivalence_Line_51: AGEMOEA2-random_dense-HUX to AGEMOEA2-random_dense-1P', 'Equivalence_Line_52: SPEA2-random_dense-UX to SPEA2-greedy_ting-1P', 'Equivalence_Line_53: SPEA2-random_dense-HUX to SPEA2-random_dense-1P', 'Equivalence_Line_54: NSGA2-greedy_ting-2P to AGEMOEA2-greedy_ting-1P', 'Equivalence_Line_55: SMSEMOA-random_dense-1P to RVEA-random_dense-1P', 'Equivalence_Line_56: SPEA2-greedy_ting-HUX to RVEA-greedy_ting-2P', 'Equivalence_Line_57: SPEA2-greedy_ting-UX to RVEA-greedy_ting-HUX', 'Equivalence_Line_58: NSGA2-greedy_ting-1P to RVEA-greedy_ting-UX', 'Equivalence_Line_59: NSGA2-random_dense-2P to RVEA-greedy_ting-1P']"
SPEA2-greedy_multi-HUX,0.000760137657859,"['Equivalence_Line_1: SMSEMOA-greedy_multi-UX to RVEA-greedy_multi-2P', 'Equivalence_Line_2: SMSEMOA-greedy_multi-HUX to RVEA-greedy_multi-HUX', 'Equivalence_Line_3: SMSEMOA-greedy_multi-2P to RVEA-greedy_multi-UX', 'Equivalence_Line_4: NSGA3-greedy_multi-UX to SMSEMOA-random_dense-UX', 'Equivalence_Line_5: UNSGA3-greedy_multi-UX to SMSEMOA-random_dense-HUX', 'Equivalence_Line_6: SMSEMOA-greedy_multi-1P to SMSEMOA-greedy_ting-HUX', 'Equivalence_Line_7: NSGA3-greedy_multi-HUX to SMSEMOA-greedy_ting-UX', 'Equivalence_Line_8: UNSGA3-greedy_multi-HUX to UNSGA3-random_dense-UX', 'Equivalence_Line_9: SPEA2-greedy_multi-1P to NSGA3-random_dense-HUX', 'Equivalence_Line_10: NSGA3-greedy_multi-1P to NSGA3-random_dense-UX', 'Equivalence_Line_11: SPEA2-greedy_multi-2P to UNSGA3-random_dense-HUX', 'Equivalence_Line_12: NSGA3-greedy_multi-2P to SMSEMOA-greedy_ting-2P', 'Equivalence_Line_13: UNSGA3-greedy_multi-1P to SMSEMOA-greedy_ting-1P', 'Equivalence_Line_14: UNSGA3-greedy_multi-2P to NSGA2-random_dense-HUX', 'Equivalence_Line_15: NSGA2-greedy_multi-HUX to NSGA2-random_dense-UX', 'Equivalence_Line_16: AGEMOEA2-greedy_multi-1P to NSGA3-greedy_ting-HUX', 'Equivalence_Line_17: NSGA2-greedy_multi-UX to UNSGA3-greedy_ting-HUX', 'Equivalence_Line_18: SPEA2-greedy_multi-UX to SMSEMOA-random_dense-2P', 'Equivalence_Line_19: NSGA2-greedy_multi-2P to NSGA3-greedy_ting-UX', 'Equivalence_Line_20: AGEMOEA2-greedy_multi-2P to UNSGA3-greedy_ting-UX', 'Equivalence_Line_21: NSGA2-greedy_multi-1P to RVEA-random_dense-HUX', 'Equivalence_Line_22: AGEMOEA2-greedy_multi-UX to NSGA2-greedy_ting-HUX', 'Equivalence_Line_23: AGEMOEA2-greedy_multi-HUX to NSGA2-greedy_ting-UX', 'Equivalence_Line_24: SPEA2-greedy_multi-HUX to RVEA-random_dense-UX', 'Equivalence_Line_25: RVEA-greedy_multi-1P to AGEMOEA2-random_dense-UX', 'Equivalence_Line_26: RVEA-greedy_multi-2P to AGEMOEA2-random_dense-HUX', 'Equivalence_Line_27: RVEA-greedy_multi-HUX to SPEA2-random_dense-UX', 'Equivalence_Line_28: RVEA-greedy_multi-UX to SPEA2-random_dense-HUX', 'Equivalence_Line_29: SMSEMOA-random_dense-UX to NSGA2-greedy_ting-2P', 'Equivalence_Line_30: SMSEMOA-random_dense-HUX to SMSEMOA-random_dense-1P', 'Equivalence_Line_31: SMSEMOA-greedy_ting-HUX to SPEA2-greedy_ting-HUX', 'Equivalence_Line_32: SMSEMOA-greedy_ting-UX to SPEA2-greedy_ting-UX', 'Equivalence_Line_33: UNSGA3-random_dense-UX to NSGA2-greedy_ting-1P', 'Equivalence_Line_34: NSGA3-random_dense-HUX to NSGA2-random_dense-2P', 'Equivalence_Line_35: NSGA3-random_dense-UX to AGEMOEA2-greedy_ting-HUX', 'Equivalence_Line_36: UNSGA3-random_dense-HUX to AGEMOEA2-greedy_ting-UX', 'Equivalence_Line_37: SMSEMOA-greedy_ting-2P to UNSGA3-random_dense-2P', 'Equivalence_Line_38: SMSEMOA-greedy_ting-1P to NSGA3-random_dense-2P', 'Equivalence_Line_39: NSGA2-random_dense-HUX to SPEA2-greedy_ting-2P', 'Equivalence_Line_40: NSGA2-random_dense-UX to SPEA2-random_dense-2P', 'Equivalence_Line_41: NSGA3-greedy_ting-HUX to NSGA2-random_dense-1P', 'Equivalence_Line_42: UNSGA3-greedy_ting-HUX to UNSGA3-greedy_ting-2P', 'Equivalence_Line_43: SMSEMOA-random_dense-2P to NSGA3-greedy_ting-2P', 'Equivalence_Line_44: NSGA3-greedy_ting-UX to AGEMOEA2-random_dense-2P', 'Equivalence_Line_45: UNSGA3-greedy_ting-UX to RVEA-random_dense-2P', 'Equivalence_Line_46: RVEA-random_dense-HUX to NSGA3-random_dense-1P', 'Equivalence_Line_47: NSGA2-greedy_ting-HUX to NSGA3-greedy_ting-1P', 'Equivalence_Line_48: NSGA2-greedy_ting-UX to AGEMOEA2-greedy_ting-2P', 'Equivalence_Line_49: RVEA-random_dense-UX to UNSGA3-random_dense-1P', 'Equivalence_Line_50: AGEMOEA2-random_dense-UX to UNSGA3-greedy_ting-1P', 'Equivalence_Line_51: AGEMOEA2-random_dense-HUX to AGEMOEA2-random_dense-1P', 'Equivalence_Line_52: SPEA2-random_dense-UX to SPEA2-greedy_ting-1P', 'Equivalence_Line_53: SPEA2-random_dense-HUX to SPEA2-random_dense-1P', 'Equivalence_Line_54: NSGA2-greedy_ting-2P to AGEMOEA2-greedy_ting-1P', 'Equivalence_Line_55: SMSEMOA-random_dense-1P to RVEA-random_dense-1P', 'Equivalence_Line_56: SPEA2-greedy_ting-HUX to RVEA-greedy_ting-2P', 'Equivalence_Line_57: SPEA2-greedy_ting-UX to RVEA-greedy_ting-HUX', 'Equivalence_Line_58: NSGA2-greedy_ting-1P to RVEA-greedy_ting-UX', 'Equivalence_Line_59: NSGA2-random_dense-2P to RVEA-greedy_ting-1P']"
RVEA-greedy_multi-1P,0.0008366979785885,"['Equivalence_Line_1: SMSEMOA-greedy_multi-UX to RVEA-greedy_multi-2P', 'Equivalence_Line_2: SMSEMOA-greedy_multi-HUX to RVEA-greedy_multi-HUX', 'Equivalence_Line_3: SMSEMOA-greedy_multi-2P to RVEA-greedy_multi-UX', 'Equivalence_Line_4: NSGA3-greedy_multi-UX to SMSEMOA-random_dense-UX', 'Equivalence_Line_5: UNSGA3-greedy_multi-UX to SMSEMOA-random_dense-HUX', 'Equivalence_Line_6: SMSEMOA-greedy_multi-1P to SMSEMOA-greedy_ting-HUX', 'Equivalence_Line_7: NSGA3-greedy_multi-HUX to SMSEMOA-greedy_ting-UX', 'Equivalence_Line_8: UNSGA3-greedy_multi-HUX to UNSGA3-random_dense-UX', 'Equivalence_Line_9: SPEA2-greedy_multi-1P to NSGA3-random_dense-HUX', 'Equivalence_Line_10: NSGA3-greedy_multi-1P to NSGA3-random_dense-UX', 'Equivalence_Line_11: SPEA2-greedy_multi-2P to UNSGA3-random_dense-HUX', 'Equivalence_Line_12: NSGA3-greedy_multi-2P to SMSEMOA-greedy_ting-2P', 'Equivalence_Line_13: UNSGA3-greedy_multi-1P to SMSEMOA-greedy_ting-1P', 'Equivalence_Line_14: UNSGA3-greedy_multi-2P to NSGA2-random_dense-HUX', 'Equivalence_Line_15: NSGA2-greedy_multi-HUX to NSGA2-random_dense-UX', 'Equivalence_Line_16: AGEMOEA2-greedy_multi-1P to NSGA3-greedy_ting-HUX', 'Equivalence_Line_17: NSGA2-greedy_multi-UX to UNSGA3-greedy_ting-HUX', 'Equivalence_Line_18: SPEA2-greedy_multi-UX to SMSEMOA-random_dense-2P', 'Equivalence_Line_19: NSGA2-greedy_multi-2P to NSGA3-greedy_ting-UX', 'Equivalence_Line_20: AGEMOEA2-greedy_multi-2P to UNSGA3-greedy_ting-UX', 'Equivalence_Line_21: NSGA2-greedy_multi-1P to RVEA-random_dense-HUX', 'Equivalence_Line_22: AGEMOEA2-greedy_multi-UX to NSGA2-greedy_ting-HUX', 'Equivalence_Line_23: AGEMOEA2-greedy_multi-HUX to NSGA2-greedy_ting-UX', 'Equivalence_Line_24: SPEA2-greedy_multi-HUX to RVEA-random_dense-UX', 'Equivalence_Line_25: RVEA-greedy_multi-1P to AGEMOEA2-random_dense-UX', 'Equivalence_Line_26: RVEA-greedy_multi-2P to AGEMOEA2-random_dense-HUX', 'Equivalence_Line_27: RVEA-greedy_multi-HUX to SPEA2-random_dense-UX', 'Equivalence_Line_28: RVEA-greedy_multi-UX to SPEA2-random_dense-HUX', 'Equivalence_Line_29: SMSEMOA-random_dense-UX to NSGA2-greedy_ting-2P', 'Equivalence_Line_30: SMSEMOA-random_dense-HUX to SMSEMOA-random_dense-1P', 'Equivalence_Line_31: SMSEMOA-greedy_ting-HUX to SPEA2-greedy_ting-HUX', 'Equivalence_Line_32: SMSEMOA-greedy_ting-UX to SPEA2-greedy_ting-UX', 'Equivalence_Line_33: UNSGA3-random_dense-UX to NSGA2-greedy_ting-1P', 'Equivalence_Line_34: NSGA3-random_dense-HUX to NSGA2-random_dense-2P', 'Equivalence_Line_35: NSGA3-random_dense-UX to AGEMOEA2-greedy_ting-HUX', 'Equivalence_Line_36: UNSGA3-random_dense-HUX to AGEMOEA2-greedy_ting-UX', 'Equivalence_Line_37: SMSEMOA-greedy_ting-2P to UNSGA3-random_dense-2P', 'Equivalence_Line_38: SMSEMOA-greedy_ting-1P to NSGA3-random_dense-2P', 'Equivalence_Line_39: NSGA2-random_dense-HUX to SPEA2-greedy_ting-2P', 'Equivalence_Line_40: NSGA2-random_dense-UX to SPEA2-random_dense-2P', 'Equivalence_Line_41: NSGA3-greedy_ting-HUX to NSGA2-random_dense-1P', 'Equivalence_Line_42: UNSGA3-greedy_ting-HUX to UNSGA3-greedy_ting-2P', 'Equivalence_Line_43: SMSEMOA-random_dense-2P to NSGA3-greedy_ting-2P', 'Equivalence_Line_44: NSGA3-greedy_ting-UX to AGEMOEA2-random_dense-2P', 'Equivalence_Line_45: UNSGA3-greedy_ting-UX to RVEA-random_dense-2P', 'Equivalence_Line_46: RVEA-random_dense-HUX to NSGA3-random_dense-1P', 'Equivalence_Line_47: NSGA2-greedy_ting-HUX to NSGA3-greedy_ting-1P', 'Equivalence_Line_48: NSGA2-greedy_ting-UX to AGEMOEA2-greedy_ting-2P', 'Equivalence_Line_49: RVEA-random_dense-UX to UNSGA3-random_dense-1P', 'Equivalence_Line_50: AGEMOEA2-random_dense-UX to UNSGA3-greedy_ting-1P', 'Equivalence_Line_51: AGEMOEA2-random_dense-HUX to AGEMOEA2-random_dense-1P', 'Equivalence_Line_52: SPEA2-random_dense-UX to SPEA2-greedy_ting-1P', 'Equivalence_Line_53: SPEA2-random_dense-HUX to SPEA2-random_dense-1P', 'Equivalence_Line_54: NSGA2-greedy_ting-2P to AGEMOEA2-greedy_ting-1P', 'Equivalence_Line_55: SMSEMOA-random_dense-1P to RVEA-random_dense-1P', 'Equivalence_Line_56: SPEA2-greedy_ting-HUX to RVEA-greedy_ting-2P', 'Equivalence_Line_57: SPEA2-greedy_ting-UX to RVEA-greedy_ting-HUX', 'Equivalence_Line_58: NSGA2-greedy_ting-1P to RVEA-greedy_ting-UX', 'Equivalence_Line_59: NSGA2-random_dense-2P to RVEA-greedy_ting-1P']"
RVEA-greedy_multi-2P,0.0008664302328443,"['Equivalence_Line_1: SMSEMOA-greedy_multi-UX to RVEA-greedy_multi-2P', 'Equivalence_Line_2: SMSEMOA-greedy_multi-HUX to RVEA-greedy_multi-HUX', 'Equivalence_Line_3: SMSEMOA-greedy_multi-2P to RVEA-greedy_multi-UX', 'Equivalence_Line_4: NSGA3-greedy_multi-UX to SMSEMOA-random_dense-UX', 'Equivalence_Line_5: UNSGA3-greedy_multi-UX to SMSEMOA-random_dense-HUX', 'Equivalence_Line_6: SMSEMOA-greedy_multi-1P to SMSEMOA-greedy_ting-HUX', 'Equivalence_Line_7: NSGA3-greedy_multi-HUX to SMSEMOA-greedy_ting-UX', 'Equivalence_Line_8: UNSGA3-greedy_multi-HUX to UNSGA3-random_dense-UX', 'Equivalence_Line_9: SPEA2-greedy_multi-1P to NSGA3-random_dense-HUX', 'Equivalence_Line_10: NSGA3-greedy_multi-1P to NSGA3-random_dense-UX', 'Equivalence_Line_11: SPEA2-greedy_multi-2P to UNSGA3-random_dense-HUX', 'Equivalence_Line_12: NSGA3-greedy_multi-2P to SMSEMOA-greedy_ting-2P', 'Equivalence_Line_13: UNSGA3-greedy_multi-1P to SMSEMOA-greedy_ting-1P', 'Equivalence_Line_14: UNSGA3-greedy_multi-2P to NSGA2-random_dense-HUX', 'Equivalence_Line_15: NSGA2-greedy_multi-HUX to NSGA2-random_dense-UX', 'Equivalence_Line_16: AGEMOEA2-greedy_multi-1P to NSGA3-greedy_ting-HUX', 'Equivalence_Line_17: NSGA2-greedy_multi-UX to UNSGA3-greedy_ting-HUX', 'Equivalence_Line_18: SPEA2-greedy_multi-UX to SMSEMOA-random_dense-2P', 'Equivalence_Line_19: NSGA2-greedy_multi-2P to NSGA3-greedy_ting-UX', 'Equivalence_Line_20: AGEMOEA2-greedy_multi-2P to UNSGA3-greedy_ting-UX', 'Equivalence_Line_21: NSGA2-greedy_multi-1P to RVEA-random_dense-HUX', 'Equivalence_Line_22: AGEMOEA2-greedy_multi-UX to NSGA2-greedy_ting-HUX', 'Equivalence_Line_23: AGEMOEA2-greedy_multi-HUX to NSGA2-greedy_ting-UX', 'Equivalence_Line_24: SPEA2-greedy_multi-HUX to RVEA-random_dense-UX', 'Equivalence_Line_25: RVEA-greedy_multi-1P to AGEMOEA2-random_dense-UX', 'Equivalence_Line_26: RVEA-greedy_multi-2P to AGEMOEA2-random_dense-HUX', 'Equivalence_Line_27: RVEA-greedy_multi-HUX to SPEA2-random_dense-UX', 'Equivalence_Line_28: RVEA-greedy_multi-UX to SPEA2-random_dense-HUX', 'Equivalence_Line_29: SMSEMOA-random_dense-UX to NSGA2-greedy_ting-2P', 'Equivalence_Line_30: SMSEMOA-random_dense-HUX to SMSEMOA-random_dense-1P', 'Equivalence_Line_31: SMSEMOA-greedy_ting-HUX to SPEA2-greedy_ting-HUX', 'Equivalence_Line_32: SMSEMOA-greedy_ting-UX to SPEA2-greedy_ting-UX', 'Equivalence_Line_33: UNSGA3-random_dense-UX to NSGA2-greedy_ting-1P', 'Equivalence_Line_34: NSGA3-random_dense-HUX to NSGA2-random_dense-2P', 'Equivalence_Line_35: NSGA3-random_dense-UX to AGEMOEA2-greedy_ting-HUX', 'Equivalence_Line_36: UNSGA3-random_dense-HUX to AGEMOEA2-greedy_ting-UX', 'Equivalence_Line_37: SMSEMOA-greedy_ting-2P to UNSGA3-random_dense-2P', 'Equivalence_Line_38: SMSEMOA-greedy_ting-1P to NSGA3-random_dense-2P', 'Equivalence_Line_39: NSGA2-random_dense-HUX to SPEA2-greedy_ting-2P', 'Equivalence_Line_40: NSGA2-random_dense-UX to SPEA2-random_dense-2P', 'Equivalence_Line_41: NSGA3-greedy_ting-HUX to NSGA2-random_dense-1P', 'Equivalence_Line_42: UNSGA3-greedy_ting-HUX to UNSGA3-greedy_ting-2P', 'Equivalence_Line_43: SMSEMOA-random_dense-2P to NSGA3-greedy_ting-2P', 'Equivalence_Line_44: NSGA3-greedy_ting-UX to AGEMOEA2-random_dense-2P', 'Equivalence_Line_45: UNSGA3-greedy_ting-UX to RVEA-random_dense-2P', 'Equivalence_Line_46: RVEA-random_dense-HUX to NSGA3-random_dense-1P', 'Equivalence_Line_47: NSGA2-greedy_ting-HUX to NSGA3-greedy_ting-1P', 'Equivalence_Line_48: NSGA2-greedy_ting-UX to AGEMOEA2-greedy_ting-2P', 'Equivalence_Line_49: RVEA-random_dense-UX to UNSGA3-random_dense-1P', 'Equivalence_Line_50: AGEMOEA2-random_dense-UX to UNSGA3-greedy_ting-1P', 'Equivalence_Line_51: AGEMOEA2-random_dense-HUX to AGEMOEA2-random_dense-1P', 'Equivalence_Line_52: SPEA2-random_dense-UX to SPEA2-greedy_ting-1P', 'Equivalence_Line_53: SPEA2-random_dense-HUX to SPEA2-random_dense-1P', 'Equivalence_Line_54: NSGA2-greedy_ting-2P to AGEMOEA2-greedy_ting-1P', 'Equivalence_Line_55: SMSEMOA-random_dense-1P to RVEA-random_dense-1P', 'Equivalence_Line_56: SPEA2-greedy_ting-HUX to RVEA-greedy_ting-2P', 'Equivalence_Line_57: SPEA2-greedy_ting-UX to RVEA-greedy_ting-HUX', 'Equivalence_Line_58: NSGA2-greedy_ting-1P to RVEA-greedy_ting-UX', 'Equivalence_Line_59: NSGA2-random_dense-2P to RVEA-greedy_ting-1P']"
RVEA-greedy_multi-HUX,0.0011265232578782,"['Equivalence_Line_1: SMSEMOA-greedy_multi-UX to RVEA-greedy_multi-2P', 'Equivalence_Line_2: SMSEMOA-greedy_multi-HUX to RVEA-greedy_multi-HUX', 'Equivalence_Line_3: SMSEMOA-greedy_multi-2P to RVEA-greedy_multi-UX', 'Equivalence_Line_4: NSGA3-greedy_multi-UX to SMSEMOA-random_dense-UX', 'Equivalence_Line_5: UNSGA3-greedy_multi-UX to SMSEMOA-random_dense-HUX', 'Equivalence_Line_6: SMSEMOA-greedy_multi-1P to SMSEMOA-greedy_ting-HUX', 'Equivalence_Line_7: NSGA3-greedy_multi-HUX to SMSEMOA-greedy_ting-UX', 'Equivalence_Line_8: UNSGA3-greedy_multi-HUX to UNSGA3-random_dense-UX', 'Equivalence_Line_9: SPEA2-greedy_multi-1P to NSGA3-random_dense-HUX', 'Equivalence_Line_10: NSGA3-greedy_multi-1P to NSGA3-random_dense-UX', 'Equivalence_Line_11: SPEA2-greedy_multi-2P to UNSGA3-random_dense-HUX', 'Equivalence_Line_12: NSGA3-greedy_multi-2P to SMSEMOA-greedy_ting-2P', 'Equivalence_Line_13: UNSGA3-greedy_multi-1P to SMSEMOA-greedy_ting-1P', 'Equivalence_Line_14: UNSGA3-greedy_multi-2P to NSGA2-random_dense-HUX', 'Equivalence_Line_15: NSGA2-greedy_multi-HUX to NSGA2-random_dense-UX', 'Equivalence_Line_16: AGEMOEA2-greedy_multi-1P to NSGA3-greedy_ting-HUX', 'Equivalence_Line_17: NSGA2-greedy_multi-UX to UNSGA3-greedy_ting-HUX', 'Equivalence_Line_18: SPEA2-greedy_multi-UX to SMSEMOA-random_dense-2P', 'Equivalence_Line_19: NSGA2-greedy_multi-2P to NSGA3-greedy_ting-UX', 'Equivalence_Line_20: AGEMOEA2-greedy_multi-2P to UNSGA3-greedy_ting-UX', 'Equivalence_Line_21: NSGA2-greedy_multi-1P to RVEA-random_dense-HUX', 'Equivalence_Line_22: AGEMOEA2-greedy_multi-UX to NSGA2-greedy_ting-HUX', 'Equivalence_Line_23: AGEMOEA2-greedy_multi-HUX to NSGA2-greedy_ting-UX', 'Equivalence_Line_24: SPEA2-greedy_multi-HUX to RVEA-random_dense-UX', 'Equivalence_Line_25: RVEA-greedy_multi-1P to AGEMOEA2-random_dense-UX', 'Equivalence_Line_26: RVEA-greedy_multi-2P to AGEMOEA2-random_dense-HUX', 'Equivalence_Line_27: RVEA-greedy_multi-HUX to SPEA2-random_dense-UX', 'Equivalence_Line_28: RVEA-greedy_multi-UX to SPEA2-random_dense-HUX', 'Equivalence_Line_29: SMSEMOA-random_dense-UX to NSGA2-greedy_ting-2P', 'Equivalence_Line_30: SMSEMOA-random_dense-HUX to SMSEMOA-random_dense-1P', 'Equivalence_Line_31: SMSEMOA-greedy_ting-HUX to SPEA2-greedy_ting-HUX', 'Equivalence_Line_32: SMSEMOA-greedy_ting-UX to SPEA2-greedy_ting-UX', 'Equivalence_Line_33: UNSGA3-random_dense-UX to NSGA2-greedy_ting-1P', 'Equivalence_Line_34: NSGA3-random_dense-HUX to NSGA2-random_dense-2P', 'Equivalence_Line_35: NSGA3-random_dense-UX to AGEMOEA2-greedy_ting-HUX', 'Equivalence_Line_36: UNSGA3-random_dense-HUX to AGEMOEA2-greedy_ting-UX', 'Equivalence_Line_37: SMSEMOA-greedy_ting-2P to UNSGA3-random_dense-2P', 'Equivalence_Line_38: SMSEMOA-greedy_ting-1P to NSGA3-random_dense-2P', 'Equivalence_Line_39: NSGA2-random_dense-HUX to SPEA2-greedy_ting-2P', 'Equivalence_Line_40: NSGA2-random_dense-UX to SPEA2-random_dense-2P', 'Equivalence_Line_41: NSGA3-greedy_ting-HUX to NSGA2-random_dense-1P', 'Equivalence_Line_42: UNSGA3-greedy_ting-HUX to UNSGA3-greedy_ting-2P', 'Equivalence_Line_43: SMSEMOA-random_dense-2P to NSGA3-greedy_ting-2P', 'Equivalence_Line_44: NSGA3-greedy_ting-UX to AGEMOEA2-random_dense-2P', 'Equivalence_Line_45: UNSGA3-greedy_ting-UX to RVEA-random_dense-2P', 'Equivalence_Line_46: RVEA-random_dense-HUX to NSGA3-random_dense-1P', 'Equivalence_Line_47: NSGA2-greedy_ting-HUX to NSGA3-greedy_ting-1P', 'Equivalence_Line_48: NSGA2-greedy_ting-UX to AGEMOEA2-greedy_ting-2P', 'Equivalence_Line_49: RVEA-random_dense-UX to UNSGA3-random_dense-1P', 'Equivalence_Line_50: AGEMOEA2-random_dense-UX to UNSGA3-greedy_ting-1P', 'Equivalence_Line_51: AGEMOEA2-random_dense-HUX to AGEMOEA2-random_dense-1P', 'Equivalence_Line_52: SPEA2-random_dense-UX to SPEA2-greedy_ting-1P', 'Equivalence_Line_53: SPEA2-random_dense-HUX to SPEA2-random_dense-1P', 'Equivalence_Line_54: NSGA2-greedy_ting-2P to AGEMOEA2-greedy_ting-1P', 'Equivalence_Line_55: SMSEMOA-random_dense-1P to RVEA-random_dense-1P', 'Equivalence_Line_56: SPEA2-greedy_ting-HUX to RVEA-greedy_ting-2P', 'Equivalence_Line_57: SPEA2-greedy_ting-UX to RVEA-greedy_ting-HUX', 'Equivalence_Line_58: NSGA2-greedy_ting-1P to RVEA-greedy_ting-UX', 'Equivalence_Line_59: NSGA2-random_dense-2P to RVEA-greedy_ting-1P']"
RVEA-greedy_multi-UX,0.0011320088477209,"['Equivalence_Line_1: SMSEMOA-greedy_multi-UX to RVEA-greedy_multi-2P', 'Equivalence_Line_2: SMSEMOA-greedy_multi-HUX to RVEA-greedy_multi-HUX', 'Equivalence_Line_3: SMSEMOA-greedy_multi-2P to RVEA-greedy_multi-UX', 'Equivalence_Line_4: NSGA3-greedy_multi-UX to SMSEMOA-random_dense-UX', 'Equivalence_Line_5: UNSGA3-greedy_multi-UX to SMSEMOA-random_dense-HUX', 'Equivalence_Line_6: SMSEMOA-greedy_multi-1P to SMSEMOA-greedy_ting-HUX', 'Equivalence_Line_7: NSGA3-greedy_multi-HUX to SMSEMOA-greedy_ting-UX', 'Equivalence_Line_8: UNSGA3-greedy_multi-HUX to UNSGA3-random_dense-UX', 'Equivalence_Line_9: SPEA2-greedy_multi-1P to NSGA3-random_dense-HUX', 'Equivalence_Line_10: NSGA3-greedy_multi-1P to NSGA3-random_dense-UX', 'Equivalence_Line_11: SPEA2-greedy_multi-2P to UNSGA3-random_dense-HUX', 'Equivalence_Line_12: NSGA3-greedy_multi-2P to SMSEMOA-greedy_ting-2P', 'Equivalence_Line_13: UNSGA3-greedy_multi-1P to SMSEMOA-greedy_ting-1P', 'Equivalence_Line_14: UNSGA3-greedy_multi-2P to NSGA2-random_dense-HUX', 'Equivalence_Line_15: NSGA2-greedy_multi-HUX to NSGA2-random_dense-UX', 'Equivalence_Line_16: AGEMOEA2-greedy_multi-1P to NSGA3-greedy_ting-HUX', 'Equivalence_Line_17: NSGA2-greedy_multi-UX to UNSGA3-greedy_ting-HUX', 'Equivalence_Line_18: SPEA2-greedy_multi-UX to SMSEMOA-random_dense-2P', 'Equivalence_Line_19: NSGA2-greedy_multi-2P to NSGA3-greedy_ting-UX', 'Equivalence_Line_20: AGEMOEA2-greedy_multi-2P to UNSGA3-greedy_ting-UX', 'Equivalence_Line_21: NSGA2-greedy_multi-1P to RVEA-random_dense-HUX', 'Equivalence_Line_22: AGEMOEA2-greedy_multi-UX to NSGA2-greedy_ting-HUX', 'Equivalence_Line_23: AGEMOEA2-greedy_multi-HUX to NSGA2-greedy_ting-UX', 'Equivalence_Line_24: SPEA2-greedy_multi-HUX to RVEA-random_dense-UX', 'Equivalence_Line_25: RVEA-greedy_multi-1P to AGEMOEA2-random_dense-UX', 'Equivalence_Line_26: RVEA-greedy_multi-2P to AGEMOEA2-random_dense-HUX', 'Equivalence_Line_27: RVEA-greedy_multi-HUX to SPEA2-random_dense-UX', 'Equivalence_Line_28: RVEA-greedy_multi-UX to SPEA2-random_dense-HUX', 'Equivalence_Line_29: SMSEMOA-random_dense-UX to NSGA2-greedy_ting-2P', 'Equivalence_Line_30: SMSEMOA-random_dense-HUX to SMSEMOA-random_dense-1P', 'Equivalence_Line_31: SMSEMOA-greedy_ting-HUX to SPEA2-greedy_ting-HUX', 'Equivalence_Line_32: SMSEMOA-greedy_ting-UX to SPEA2-greedy_ting-UX', 'Equivalence_Line_33: UNSGA3-random_dense-UX to NSGA2-greedy_ting-1P', 'Equivalence_Line_34: NSGA3-random_dense-HUX to NSGA2-random_dense-2P', 'Equivalence_Line_35: NSGA3-random_dense-UX to AGEMOEA2-greedy_ting-HUX', 'Equivalence_Line_36: UNSGA3-random_dense-HUX to AGEMOEA2-greedy_ting-UX', 'Equivalence_Line_37: SMSEMOA-greedy_ting-2P to UNSGA3-random_dense-2P', 'Equivalence_Line_38: SMSEMOA-greedy_ting-1P to NSGA3-random_dense-2P', 'Equivalence_Line_39: NSGA2-random_dense-HUX to SPEA2-greedy_ting-2P', 'Equivalence_Line_40: NSGA2-random_dense-UX to SPEA2-random_dense-2P', 'Equivalence_Line_41: NSGA3-greedy_ting-HUX to NSGA2-random_dense-1P', 'Equivalence_Line_42: UNSGA3-greedy_ting-HUX to UNSGA3-greedy_ting-2P', 'Equivalence_Line_43: SMSEMOA-random_dense-2P to NSGA3-greedy_ting-2P', 'Equivalence_Line_44: NSGA3-greedy_ting-UX to AGEMOEA2-random_dense-2P', 'Equivalence_Line_45: UNSGA3-greedy_ting-UX to RVEA-random_dense-2P', 'Equivalence_Line_46: RVEA-random_dense-HUX to NSGA3-random_dense-1P', 'Equivalence_Line_47: NSGA2-greedy_ting-HUX to NSGA3-greedy_ting-1P', 'Equivalence_Line_48: NSGA2-greedy_ting-UX to AGEMOEA2-greedy_ting-2P', 'Equivalence_Line_49: RVEA-random_dense-UX to UNSGA3-random_dense-1P', 'Equivalence_Line_50: AGEMOEA2-random_dense-UX to UNSGA3-greedy_ting-1P', 'Equivalence_Line_51: AGEMOEA2-random_dense-HUX to AGEMOEA2-random_dense-1P', 'Equivalence_Line_52: SPEA2-random_dense-UX to SPEA2-greedy_ting-1P', 'Equivalence_Line_53: SPEA2-random_dense-HUX to SPEA2-random_dense-1P', 'Equivalence_Line_54: NSGA2-greedy_ting-2P to AGEMOEA2-greedy_ting-1P', 'Equivalence_Line_55: SMSEMOA-random_dense-1P to RVEA-random_dense-1P', 'Equivalence_Line_56: SPEA2-greedy_ting-HUX to RVEA-greedy_ting-2P', 'Equivalence_Line_57: SPEA2-greedy_ting-UX to RVEA-greedy_ting-HUX', 'Equivalence_Line_58: NSGA2-greedy_ting-1P to RVEA-greedy_ting-UX', 'Equivalence_Line_59: NSGA2-random_dense-2P to RVEA-greedy_ting-1P']"
SMSEMOA-random_dense-UX,0.001341701840887,"['Equivalence_Line_1: SMSEMOA-greedy_multi-UX to RVEA-greedy_multi-2P', 'Equivalence_Line_2: SMSEMOA-greedy_multi-HUX to RVEA-greedy_multi-HUX', 'Equivalence_Line_3: SMSEMOA-greedy_multi-2P to RVEA-greedy_multi-UX', 'Equivalence_Line_4: NSGA3-greedy_multi-UX to SMSEMOA-random_dense-UX', 'Equivalence_Line_5: UNSGA3-greedy_multi-UX to SMSEMOA-random_dense-HUX', 'Equivalence_Line_6: SMSEMOA-greedy_multi-1P to SMSEMOA-greedy_ting-HUX', 'Equivalence_Line_7: NSGA3-greedy_multi-HUX to SMSEMOA-greedy_ting-UX', 'Equivalence_Line_8: UNSGA3-greedy_multi-HUX to UNSGA3-random_dense-UX', 'Equivalence_Line_9: SPEA2-greedy_multi-1P to NSGA3-random_dense-HUX', 'Equivalence_Line_10: NSGA3-greedy_multi-1P to NSGA3-random_dense-UX', 'Equivalence_Line_11: SPEA2-greedy_multi-2P to UNSGA3-random_dense-HUX', 'Equivalence_Line_12: NSGA3-greedy_multi-2P to SMSEMOA-greedy_ting-2P', 'Equivalence_Line_13: UNSGA3-greedy_multi-1P to SMSEMOA-greedy_ting-1P', 'Equivalence_Line_14: UNSGA3-greedy_multi-2P to NSGA2-random_dense-HUX', 'Equivalence_Line_15: NSGA2-greedy_multi-HUX to NSGA2-random_dense-UX', 'Equivalence_Line_16: AGEMOEA2-greedy_multi-1P to NSGA3-greedy_ting-HUX', 'Equivalence_Line_17: NSGA2-greedy_multi-UX to UNSGA3-greedy_ting-HUX', 'Equivalence_Line_18: SPEA2-greedy_multi-UX to SMSEMOA-random_dense-2P', 'Equivalence_Line_19: NSGA2-greedy_multi-2P to NSGA3-greedy_ting-UX', 'Equivalence_Line_20: AGEMOEA2-greedy_multi-2P to UNSGA3-greedy_ting-UX', 'Equivalence_Line_21: NSGA2-greedy_multi-1P to RVEA-random_dense-HUX', 'Equivalence_Line_22: AGEMOEA2-greedy_multi-UX to NSGA2-greedy_ting-HUX', 'Equivalence_Line_23: AGEMOEA2-greedy_multi-HUX to NSGA2-greedy_ting-UX', 'Equivalence_Line_24: SPEA2-greedy_multi-HUX to RVEA-random_dense-UX', 'Equivalence_Line_25: RVEA-greedy_multi-1P to AGEMOEA2-random_dense-UX', 'Equivalence_Line_26: RVEA-greedy_multi-2P to AGEMOEA2-random_dense-HUX', 'Equivalence_Line_27: RVEA-greedy_multi-HUX to SPEA2-random_dense-UX', 'Equivalence_Line_28: RVEA-greedy_multi-UX to SPEA2-random_dense-HUX', 'Equivalence_Line_29: SMSEMOA-random_dense-UX to NSGA2-greedy_ting-2P', 'Equivalence_Line_30: SMSEMOA-random_dense-HUX to SMSEMOA-random_dense-1P', 'Equivalence_Line_31: SMSEMOA-greedy_ting-HUX to SPEA2-greedy_ting-HUX', 'Equivalence_Line_32: SMSEMOA-greedy_ting-UX to SPEA2-greedy_ting-UX', 'Equivalence_Line_33: UNSGA3-random_dense-UX to NSGA2-greedy_ting-1P', 'Equivalence_Line_34: NSGA3-random_dense-HUX to NSGA2-random_dense-2P', 'Equivalence_Line_35: NSGA3-random_dense-UX to AGEMOEA2-greedy_ting-HUX', 'Equivalence_Line_36: UNSGA3-random_dense-HUX to AGEMOEA2-greedy_ting-UX', 'Equivalence_Line_37: SMSEMOA-greedy_ting-2P to UNSGA3-random_dense-2P', 'Equivalence_Line_38: SMSEMOA-greedy_ting-1P to NSGA3-random_dense-2P', 'Equivalence_Line_39: NSGA2-random_dense-HUX to SPEA2-greedy_ting-2P', 'Equivalence_Line_40: NSGA2-random_dense-UX to SPEA2-random_dense-2P', 'Equivalence_Line_41: NSGA3-greedy_ting-HUX to NSGA2-random_dense-1P', 'Equivalence_Line_42: UNSGA3-greedy_ting-HUX to UNSGA3-greedy_ting-2P', 'Equivalence_Line_43: SMSEMOA-random_dense-2P to NSGA3-greedy_ting-2P', 'Equivalence_Line_44: NSGA3-greedy_ting-UX to AGEMOEA2-random_dense-2P', 'Equivalence_Line_45: UNSGA3-greedy_ting-UX to RVEA-random_dense-2P', 'Equivalence_Line_46: RVEA-random_dense-HUX to NSGA3-random_dense-1P', 'Equivalence_Line_47: NSGA2-greedy_ting-HUX to NSGA3-greedy_ting-1P', 'Equivalence_Line_48: NSGA2-greedy_ting-UX to AGEMOEA2-greedy_ting-2P', 'Equivalence_Line_49: RVEA-random_dense-UX to UNSGA3-random_dense-1P', 'Equivalence_Line_50: AGEMOEA2-random_dense-UX to UNSGA3-greedy_ting-1P', 'Equivalence_Line_51: AGEMOEA2-random_dense-HUX to AGEMOEA2-random_dense-1P', 'Equivalence_Line_52: SPEA2-random_dense-UX to SPEA2-greedy_ting-1P', 'Equivalence_Line_53: SPEA2-random_dense-HUX to SPEA2-random_dense-1P', 'Equivalence_Line_54: NSGA2-greedy_ting-2P to AGEMOEA2-greedy_ting-1P', 'Equivalence_Line_55: SMSEMOA-random_dense-1P to RVEA-random_dense-1P', 'Equivalence_Line_56: SPEA2-greedy_ting-HUX to RVEA-greedy_ting-2P', 'Equivalence_Line_57: SPEA2-greedy_ting-UX to RVEA-greedy_ting-HUX', 'Equivalence_Line_58: NSGA2-greedy_ting-1P to RVEA-greedy_ting-UX', 'Equivalence_Line_59: NSGA2-random_dense-2P to RVEA-greedy_ting-1P']"
SMSEMOA-random_dense-HUX,0.0014291640454251,"['Equivalence_Line_1: SMSEMOA-greedy_multi-UX to RVEA-greedy_multi-2P', 'Equivalence_Line_2: SMSEMOA-greedy_multi-HUX to RVEA-greedy_multi-HUX', 'Equivalence_Line_3: SMSEMOA-greedy_multi-2P to RVEA-greedy_multi-UX', 'Equivalence_Line_4: NSGA3-greedy_multi-UX to SMSEMOA-random_dense-UX', 'Equivalence_Line_5: UNSGA3-greedy_multi-UX to SMSEMOA-random_dense-HUX', 'Equivalence_Line_6: SMSEMOA-greedy_multi-1P to SMSEMOA-greedy_ting-HUX', 'Equivalence_Line_7: NSGA3-greedy_multi-HUX to SMSEMOA-greedy_ting-UX', 'Equivalence_Line_8: UNSGA3-greedy_multi-HUX to UNSGA3-random_dense-UX', 'Equivalence_Line_9: SPEA2-greedy_multi-1P to NSGA3-random_dense-HUX', 'Equivalence_Line_10: NSGA3-greedy_multi-1P to NSGA3-random_dense-UX', 'Equivalence_Line_11: SPEA2-greedy_multi-2P to UNSGA3-random_dense-HUX', 'Equivalence_Line_12: NSGA3-greedy_multi-2P to SMSEMOA-greedy_ting-2P', 'Equivalence_Line_13: UNSGA3-greedy_multi-1P to SMSEMOA-greedy_ting-1P', 'Equivalence_Line_14: UNSGA3-greedy_multi-2P to NSGA2-random_dense-HUX', 'Equivalence_Line_15: NSGA2-greedy_multi-HUX to NSGA2-random_dense-UX', 'Equivalence_Line_16: AGEMOEA2-greedy_multi-1P to NSGA3-greedy_ting-HUX', 'Equivalence_Line_17: NSGA2-greedy_multi-UX to UNSGA3-greedy_ting-HUX', 'Equivalence_Line_18: SPEA2-greedy_multi-UX to SMSEMOA-random_dense-2P', 'Equivalence_Line_19: NSGA2-greedy_multi-2P to NSGA3-greedy_ting-UX', 'Equivalence_Line_20: AGEMOEA2-greedy_multi-2P to UNSGA3-greedy_ting-UX', 'Equivalence_Line_21: NSGA2-greedy_multi-1P to RVEA-random_dense-HUX', 'Equivalence_Line_22: AGEMOEA2-greedy_multi-UX to NSGA2-greedy_ting-HUX', 'Equivalence_Line_23: AGEMOEA2-greedy_multi-HUX to NSGA2-greedy_ting-UX', 'Equivalence_Line_24: SPEA2-greedy_multi-HUX to RVEA-random_dense-UX', 'Equivalence_Line_25: RVEA-greedy_multi-1P to AGEMOEA2-random_dense-UX', 'Equivalence_Line_26: RVEA-greedy_multi-2P to AGEMOEA2-random_dense-HUX', 'Equivalence_Line_27: RVEA-greedy_multi-HUX to SPEA2-random_dense-UX', 'Equivalence_Line_28: RVEA-greedy_multi-UX to SPEA2-random_dense-HUX', 'Equivalence_Line_29: SMSEMOA-random_dense-UX to NSGA2-greedy_ting-2P', 'Equivalence_Line_30: SMSEMOA-random_dense-HUX to SMSEMOA-random_dense-1P', 'Equivalence_Line_31: SMSEMOA-greedy_ting-HUX to SPEA2-greedy_ting-HUX', 'Equivalence_Line_32: SMSEMOA-greedy_ting-UX to SPEA2-greedy_ting-UX', 'Equivalence_Line_33: UNSGA3-random_dense-UX to NSGA2-greedy_ting-1P', 'Equivalence_Line_34: NSGA3-random_dense-HUX to NSGA2-random_dense-2P', 'Equivalence_Line_35: NSGA3-random_dense-UX to AGEMOEA2-greedy_ting-HUX', 'Equivalence_Line_36: UNSGA3-random_dense-HUX to AGEMOEA2-greedy_ting-UX', 'Equivalence_Line_37: SMSEMOA-greedy_ting-2P to UNSGA3-random_dense-2P', 'Equivalence_Line_38: SMSEMOA-greedy_ting-1P to NSGA3-random_dense-2P', 'Equivalence_Line_39: NSGA2-random_dense-HUX to SPEA2-greedy_ting-2P', 'Equivalence_Line_40: NSGA2-random_dense-UX to SPEA2-random_dense-2P', 'Equivalence_Line_41: NSGA3-greedy_ting-HUX to NSGA2-random_dense-1P', 'Equivalence_Line_42: UNSGA3-greedy_ting-HUX to UNSGA3-greedy_ting-2P', 'Equivalence_Line_43: SMSEMOA-random_dense-2P to NSGA3-greedy_ting-2P', 'Equivalence_Line_44: NSGA3-greedy_ting-UX to AGEMOEA2-random_dense-2P', 'Equivalence_Line_45: UNSGA3-greedy_ting-UX to RVEA-random_dense-2P', 'Equivalence_Line_46: RVEA-random_dense-HUX to NSGA3-random_dense-1P', 'Equivalence_Line_47: NSGA2-greedy_ting-HUX to NSGA3-greedy_ting-1P', 'Equivalence_Line_48: NSGA2-greedy_ting-UX to AGEMOEA2-greedy_ting-2P', 'Equivalence_Line_49: RVEA-random_dense-UX to UNSGA3-random_dense-1P', 'Equivalence_Line_50: AGEMOEA2-random_dense-UX to UNSGA3-greedy_ting-1P', 'Equivalence_Line_51: AGEMOEA2-random_dense-HUX to AGEMOEA2-random_dense-1P', 'Equivalence_Line_52: SPEA2-random_dense-UX to SPEA2-greedy_ting-1P', 'Equivalence_Line_53: SPEA2-random_dense-HUX to SPEA2-random_dense-1P', 'Equivalence_Line_54: NSGA2-greedy_ting-2P to AGEMOEA2-greedy_ting-1P', 'Equivalence_Line_55: SMSEMOA-random_dense-1P to RVEA-random_dense-1P', 'Equivalence_Line_56: SPEA2-greedy_ting-HUX to RVEA-greedy_ting-2P', 'Equivalence_Line_57: SPEA2-greedy_ting-UX to RVEA-greedy_ting-HUX', 'Equivalence_Line_58: NSGA2-greedy_ting-1P to RVEA-greedy_ting-UX', 'Equivalence_Line_59: NSGA2-random_dense-2P to RVEA-greedy_ting-1P']"
SMSEMOA-greedy_ting-HUX,0.0054863585117932,"['Equivalence_Line_1: SMSEMOA-greedy_multi-UX to RVEA-greedy_multi-2P', 'Equivalence_Line_2: SMSEMOA-greedy_multi-HUX to RVEA-greedy_multi-HUX', 'Equivalence_Line_3: SMSEMOA-greedy_multi-2P to RVEA-greedy_multi-UX', 'Equivalence_Line_4: NSGA3-greedy_multi-UX to SMSEMOA-random_dense-UX', 'Equivalence_Line_5: UNSGA3-greedy_multi-UX to SMSEMOA-random_dense-HUX', 'Equivalence_Line_6: SMSEMOA-greedy_multi-1P to SMSEMOA-greedy_ting-HUX', 'Equivalence_Line_7: NSGA3-greedy_multi-HUX to SMSEMOA-greedy_ting-UX', 'Equivalence_Line_8: UNSGA3-greedy_multi-HUX to UNSGA3-random_dense-UX', 'Equivalence_Line_9: SPEA2-greedy_multi-1P to NSGA3-random_dense-HUX', 'Equivalence_Line_10: NSGA3-greedy_multi-1P to NSGA3-random_dense-UX', 'Equivalence_Line_11: SPEA2-greedy_multi-2P to UNSGA3-random_dense-HUX', 'Equivalence_Line_12: NSGA3-greedy_multi-2P to SMSEMOA-greedy_ting-2P', 'Equivalence_Line_13: UNSGA3-greedy_multi-1P to SMSEMOA-greedy_ting-1P', 'Equivalence_Line_14: UNSGA3-greedy_multi-2P to NSGA2-random_dense-HUX', 'Equivalence_Line_15: NSGA2-greedy_multi-HUX to NSGA2-random_dense-UX', 'Equivalence_Line_16: AGEMOEA2-greedy_multi-1P to NSGA3-greedy_ting-HUX', 'Equivalence_Line_17: NSGA2-greedy_multi-UX to UNSGA3-greedy_ting-HUX', 'Equivalence_Line_18: SPEA2-greedy_multi-UX to SMSEMOA-random_dense-2P', 'Equivalence_Line_19: NSGA2-greedy_multi-2P to NSGA3-greedy_ting-UX', 'Equivalence_Line_20: AGEMOEA2-greedy_multi-2P to UNSGA3-greedy_ting-UX', 'Equivalence_Line_21: NSGA2-greedy_multi-1P to RVEA-random_dense-HUX', 'Equivalence_Line_22: AGEMOEA2-greedy_multi-UX to NSGA2-greedy_ting-HUX', 'Equivalence_Line_23: AGEMOEA2-greedy_multi-HUX to NSGA2-greedy_ting-UX', 'Equivalence_Line_24: SPEA2-greedy_multi-HUX to RVEA-random_dense-UX', 'Equivalence_Line_25: RVEA-greedy_multi-1P to AGEMOEA2-random_dense-UX', 'Equivalence_Line_26: RVEA-greedy_multi-2P to AGEMOEA2-random_dense-HUX', 'Equivalence_Line_27: RVEA-greedy_multi-HUX to SPEA2-random_dense-UX', 'Equivalence_Line_28: RVEA-greedy_multi-UX to SPEA2-random_dense-HUX', 'Equivalence_Line_29: SMSEMOA-random_dense-UX to NSGA2-greedy_ting-2P', 'Equivalence_Line_30: SMSEMOA-random_dense-HUX to SMSEMOA-random_dense-1P', 'Equivalence_Line_31: SMSEMOA-greedy_ting-HUX to SPEA2-greedy_ting-HUX', 'Equivalence_Line_32: SMSEMOA-greedy_ting-UX to SPEA2-greedy_ting-UX', 'Equivalence_Line_33: UNSGA3-random_dense-UX to NSGA2-greedy_ting-1P', 'Equivalence_Line_34: NSGA3-random_dense-HUX to NSGA2-random_dense-2P', 'Equivalence_Line_35: NSGA3-random_dense-UX to AGEMOEA2-greedy_ting-HUX', 'Equivalence_Line_36: UNSGA3-random_dense-HUX to AGEMOEA2-greedy_ting-UX', 'Equivalence_Line_37: SMSEMOA-greedy_ting-2P to UNSGA3-random_dense-2P', 'Equivalence_Line_38: SMSEMOA-greedy_ting-1P to NSGA3-random_dense-2P', 'Equivalence_Line_39: NSGA2-random_dense-HUX to SPEA2-greedy_ting-2P', 'Equivalence_Line_40: NSGA2-random_dense-UX to SPEA2-random_dense-2P', 'Equivalence_Line_41: NSGA3-greedy_ting-HUX to NSGA2-random_dense-1P', 'Equivalence_Line_42: UNSGA3-greedy_ting-HUX to UNSGA3-greedy_ting-2P', 'Equivalence_Line_43: SMSEMOA-random_dense-2P to NSGA3-greedy_ting-2P', 'Equivalence_Line_44: NSGA3-greedy_ting-UX to AGEMOEA2-random_dense-2P', 'Equivalence_Line_45: UNSGA3-greedy_ting-UX to RVEA-random_dense-2P', 'Equivalence_Line_46: RVEA-random_dense-HUX to NSGA3-random_dense-1P', 'Equivalence_Line_47: NSGA2-greedy_ting-HUX to NSGA3-greedy_ting-1P', 'Equivalence_Line_48: NSGA2-greedy_ting-UX to AGEMOEA2-greedy_ting-2P', 'Equivalence_Line_49: RVEA-random_dense-UX to UNSGA3-random_dense-1P', 'Equivalence_Line_50: AGEMOEA2-random_dense-UX to UNSGA3-greedy_ting-1P', 'Equivalence_Line_51: AGEMOEA2-random_dense-HUX to AGEMOEA2-random_dense-1P', 'Equivalence_Line_52: SPEA2-random_dense-UX to SPEA2-greedy_ting-1P', 'Equivalence_Line_53: SPEA2-random_dense-HUX to SPEA2-random_dense-1P', 'Equivalence_Line_54: NSGA2-greedy_ting-2P to AGEMOEA2-greedy_ting-1P', 'Equivalence_Line_55: SMSEMOA-random_dense-1P to RVEA-random_dense-1P', 'Equivalence_Line_56: SPEA2-greedy_ting-HUX to RVEA-greedy_ting-2P', 'Equivalence_Line_57: SPEA2-greedy_ting-UX to RVEA-greedy_ting-HUX', 'Equivalence_Line_58: NSGA2-greedy_ting-1P to RVEA-greedy_ting-UX', 'Equivalence_Line_59: NSGA2-random_dense-2P to RVEA-greedy_ting-1P']"
SMSEMOA-greedy_ting-UX,0.0057415049454126,"['Equivalence_Line_1: SMSEMOA-greedy_multi-UX to RVEA-greedy_multi-2P', 'Equivalence_Line_2: SMSEMOA-greedy_multi-HUX to RVEA-greedy_multi-HUX', 'Equivalence_Line_3: SMSEMOA-greedy_multi-2P to RVEA-greedy_multi-UX', 'Equivalence_Line_4: NSGA3-greedy_multi-UX to SMSEMOA-random_dense-UX', 'Equivalence_Line_5: UNSGA3-greedy_multi-UX to SMSEMOA-random_dense-HUX', 'Equivalence_Line_6: SMSEMOA-greedy_multi-1P to SMSEMOA-greedy_ting-HUX', 'Equivalence_Line_7: NSGA3-greedy_multi-HUX to SMSEMOA-greedy_ting-UX', 'Equivalence_Line_8: UNSGA3-greedy_multi-HUX to UNSGA3-random_dense-UX', 'Equivalence_Line_9: SPEA2-greedy_multi-1P to NSGA3-random_dense-HUX', 'Equivalence_Line_10: NSGA3-greedy_multi-1P to NSGA3-random_dense-UX', 'Equivalence_Line_11: SPEA2-greedy_multi-2P to UNSGA3-random_dense-HUX', 'Equivalence_Line_12: NSGA3-greedy_multi-2P to SMSEMOA-greedy_ting-2P', 'Equivalence_Line_13: UNSGA3-greedy_multi-1P to SMSEMOA-greedy_ting-1P', 'Equivalence_Line_14: UNSGA3-greedy_multi-2P to NSGA2-random_dense-HUX', 'Equivalence_Line_15: NSGA2-greedy_multi-HUX to NSGA2-random_dense-UX', 'Equivalence_Line_16: AGEMOEA2-greedy_multi-1P to NSGA3-greedy_ting-HUX', 'Equivalence_Line_17: NSGA2-greedy_multi-UX to UNSGA3-greedy_ting-HUX', 'Equivalence_Line_18: SPEA2-greedy_multi-UX to SMSEMOA-random_dense-2P', 'Equivalence_Line_19: NSGA2-greedy_multi-2P to NSGA3-greedy_ting-UX', 'Equivalence_Line_20: AGEMOEA2-greedy_multi-2P to UNSGA3-greedy_ting-UX', 'Equivalence_Line_21: NSGA2-greedy_multi-1P to RVEA-random_dense-HUX', 'Equivalence_Line_22: AGEMOEA2-greedy_multi-UX to NSGA2-greedy_ting-HUX', 'Equivalence_Line_23: AGEMOEA2-greedy_multi-HUX to NSGA2-greedy_ting-UX', 'Equivalence_Line_24: SPEA2-greedy_multi-HUX to RVEA-random_dense-UX', 'Equivalence_Line_25: RVEA-greedy_multi-1P to AGEMOEA2-random_dense-UX', 'Equivalence_Line_26: RVEA-greedy_multi-2P to AGEMOEA2-random_dense-HUX', 'Equivalence_Line_27: RVEA-greedy_multi-HUX to SPEA2-random_dense-UX', 'Equivalence_Line_28: RVEA-greedy_multi-UX to SPEA2-random_dense-HUX', 'Equivalence_Line_29: SMSEMOA-random_dense-UX to NSGA2-greedy_ting-2P', 'Equivalence_Line_30: SMSEMOA-random_dense-HUX to SMSEMOA-random_dense-1P', 'Equivalence_Line_31: SMSEMOA-greedy_ting-HUX to SPEA2-greedy_ting-HUX', 'Equivalence_Line_32: SMSEMOA-greedy_ting-UX to SPEA2-greedy_ting-UX', 'Equivalence_Line_33: UNSGA3-random_dense-UX to NSGA2-greedy_ting-1P', 'Equivalence_Line_34: NSGA3-random_dense-HUX to NSGA2-random_dense-2P', 'Equivalence_Line_35: NSGA3-random_dense-UX to AGEMOEA2-greedy_ting-HUX', 'Equivalence_Line_36: UNSGA3-random_dense-HUX to AGEMOEA2-greedy_ting-UX', 'Equivalence_Line_37: SMSEMOA-greedy_ting-2P to UNSGA3-random_dense-2P', 'Equivalence_Line_38: SMSEMOA-greedy_ting-1P to NSGA3-random_dense-2P', 'Equivalence_Line_39: NSGA2-random_dense-HUX to SPEA2-greedy_ting-2P', 'Equivalence_Line_40: NSGA2-random_dense-UX to SPEA2-random_dense-2P', 'Equivalence_Line_41: NSGA3-greedy_ting-HUX to NSGA2-random_dense-1P', 'Equivalence_Line_42: UNSGA3-greedy_ting-HUX to UNSGA3-greedy_ting-2P', 'Equivalence_Line_43: SMSEMOA-random_dense-2P to NSGA3-greedy_ting-2P', 'Equivalence_Line_44: NSGA3-greedy_ting-UX to AGEMOEA2-random_dense-2P', 'Equivalence_Line_45: UNSGA3-greedy_ting-UX to RVEA-random_dense-2P', 'Equivalence_Line_46: RVEA-random_dense-HUX to NSGA3-random_dense-1P', 'Equivalence_Line_47: NSGA2-greedy_ting-HUX to NSGA3-greedy_ting-1P', 'Equivalence_Line_48: NSGA2-greedy_ting-UX to AGEMOEA2-greedy_ting-2P', 'Equivalence_Line_49: RVEA-random_dense-UX to UNSGA3-random_dense-1P', 'Equivalence_Line_50: AGEMOEA2-random_dense-UX to UNSGA3-greedy_ting-1P', 'Equivalence_Line_51: AGEMOEA2-random_dense-HUX to AGEMOEA2-random_dense-1P', 'Equivalence_Line_52: SPEA2-random_dense-UX to SPEA2-greedy_ting-1P', 'Equivalence_Line_53: SPEA2-random_dense-HUX to SPEA2-random_dense-1P', 'Equivalence_Line_54: NSGA2-greedy_ting-2P to AGEMOEA2-greedy_ting-1P', 'Equivalence_Line_55: SMSEMOA-random_dense-1P to RVEA-random_dense-1P', 'Equivalence_Line_56: SPEA2-greedy_ting-HUX to RVEA-greedy_ting-2P', 'Equivalence_Line_57: SPEA2-greedy_ting-UX to RVEA-greedy_ting-HUX', 'Equivalence_Line_58: NSGA2-greedy_ting-1P to RVEA-greedy_ting-UX', 'Equivalence_Line_59: NSGA2-random_dense-2P to RVEA-greedy_ting-1P']"
UNSGA3-random_dense-UX,0.0106268748696947,"['Equivalence_Line_1: SMSEMOA-greedy_multi-UX to RVEA-greedy_multi-2P', 'Equivalence_Line_2: SMSEMOA-greedy_multi-HUX to RVEA-greedy_multi-HUX', 'Equivalence_Line_3: SMSEMOA-greedy_multi-2P to RVEA-greedy_multi-UX', 'Equivalence_Line_4: NSGA3-greedy_multi-UX to SMSEMOA-random_dense-UX', 'Equivalence_Line_5: UNSGA3-greedy_multi-UX to SMSEMOA-random_dense-HUX', 'Equivalence_Line_6: SMSEMOA-greedy_multi-1P to SMSEMOA-greedy_ting-HUX', 'Equivalence_Line_7: NSGA3-greedy_multi-HUX to SMSEMOA-greedy_ting-UX', 'Equivalence_Line_8: UNSGA3-greedy_multi-HUX to UNSGA3-random_dense-UX', 'Equivalence_Line_9: SPEA2-greedy_multi-1P to NSGA3-random_dense-HUX', 'Equivalence_Line_10: NSGA3-greedy_multi-1P to NSGA3-random_dense-UX', 'Equivalence_Line_11: SPEA2-greedy_multi-2P to UNSGA3-random_dense-HUX', 'Equivalence_Line_12: NSGA3-greedy_multi-2P to SMSEMOA-greedy_ting-2P', 'Equivalence_Line_13: UNSGA3-greedy_multi-1P to SMSEMOA-greedy_ting-1P', 'Equivalence_Line_14: UNSGA3-greedy_multi-2P to NSGA2-random_dense-HUX', 'Equivalence_Line_15: NSGA2-greedy_multi-HUX to NSGA2-random_dense-UX', 'Equivalence_Line_16: AGEMOEA2-greedy_multi-1P to NSGA3-greedy_ting-HUX', 'Equivalence_Line_17: NSGA2-greedy_multi-UX to UNSGA3-greedy_ting-HUX', 'Equivalence_Line_18: SPEA2-greedy_multi-UX to SMSEMOA-random_dense-2P', 'Equivalence_Line_19: NSGA2-greedy_multi-2P to NSGA3-greedy_ting-UX', 'Equivalence_Line_20: AGEMOEA2-greedy_multi-2P to UNSGA3-greedy_ting-UX', 'Equivalence_Line_21: NSGA2-greedy_multi-1P to RVEA-random_dense-HUX', 'Equivalence_Line_22: AGEMOEA2-greedy_multi-UX to NSGA2-greedy_ting-HUX', 'Equivalence_Line_23: AGEMOEA2-greedy_multi-HUX to NSGA2-greedy_ting-UX', 'Equivalence_Line_24: SPEA2-greedy_multi-HUX to RVEA-random_dense-UX', 'Equivalence_Line_25: RVEA-greedy_multi-1P to AGEMOEA2-random_dense-UX', 'Equivalence_Line_26: RVEA-greedy_multi-2P to AGEMOEA2-random_dense-HUX', 'Equivalence_Line_27: RVEA-greedy_multi-HUX to SPEA2-random_dense-UX', 'Equivalence_Line_28: RVEA-greedy_multi-UX to SPEA2-random_dense-HUX', 'Equivalence_Line_29: SMSEMOA-random_dense-UX to NSGA2-greedy_ting-2P', 'Equivalence_Line_30: SMSEMOA-random_dense-HUX to SMSEMOA-random_dense-1P', 'Equivalence_Line_31: SMSEMOA-greedy_ting-HUX to SPEA2-greedy_ting-HUX', 'Equivalence_Line_32: SMSEMOA-greedy_ting-UX to SPEA2-greedy_ting-UX', 'Equivalence_Line_33: UNSGA3-random_dense-UX to NSGA2-greedy_ting-1P', 'Equivalence_Line_34: NSGA3-random_dense-HUX to NSGA2-random_dense-2P', 'Equivalence_Line_35: NSGA3-random_dense-UX to AGEMOEA2-greedy_ting-HUX', 'Equivalence_Line_36: UNSGA3-random_dense-HUX to AGEMOEA2-greedy_ting-UX', 'Equivalence_Line_37: SMSEMOA-greedy_ting-2P to UNSGA3-random_dense-2P', 'Equivalence_Line_38: SMSEMOA-greedy_ting-1P to NSGA3-random_dense-2P', 'Equivalence_Line_39: NSGA2-random_dense-HUX to SPEA2-greedy_ting-2P', 'Equivalence_Line_40: NSGA2-random_dense-UX to SPEA2-random_dense-2P', 'Equivalence_Line_41: NSGA3-greedy_ting-HUX to NSGA2-random_dense-1P', 'Equivalence_Line_42: UNSGA3-greedy_ting-HUX to UNSGA3-greedy_ting-2P', 'Equivalence_Line_43: SMSEMOA-random_dense-2P to NSGA3-greedy_ting-2P', 'Equivalence_Line_44: NSGA3-greedy_ting-UX to AGEMOEA2-random_dense-2P', 'Equivalence_Line_45: UNSGA3-greedy_ting-UX to RVEA-random_dense-2P', 'Equivalence_Line_46: RVEA-random_dense-HUX to NSGA3-random_dense-1P', 'Equivalence_Line_47: NSGA2-greedy_ting-HUX to NSGA3-greedy_ting-1P', 'Equivalence_Line_48: NSGA2-greedy_ting-UX to AGEMOEA2-greedy_ting-2P', 'Equivalence_Line_49: RVEA-random_dense-UX to UNSGA3-random_dense-1P', 'Equivalence_Line_50: AGEMOEA2-random_dense-UX to UNSGA3-greedy_ting-1P', 'Equivalence_Line_51: AGEMOEA2-random_dense-HUX to AGEMOEA2-random_dense-1P', 'Equivalence_Line_52: SPEA2-random_dense-UX to SPEA2-greedy_ting-1P', 'Equivalence_Line_53: SPEA2-random_dense-HUX to SPEA2-random_dense-1P', 'Equivalence_Line_54: NSGA2-greedy_ting-2P to AGEMOEA2-greedy_ting-1P', 'Equivalence_Line_55: SMSEMOA-random_dense-1P to RVEA-random_dense-1P', 'Equivalence_Line_56: SPEA2-greedy_ting-HUX to RVEA-greedy_ting-2P', 'Equivalence_Line_57: SPEA2-greedy_ting-UX to RVEA-greedy_ting-HUX', 'Equivalence_Line_58: NSGA2-greedy_ting-1P to RVEA-greedy_ting-UX', 'Equivalence_Line_59: NSGA2-random_dense-2P to RVEA-greedy_ting-1P']"
NSGA3-random_dense-HUX,0.0106303978875219,"['Equivalence_Line_1: SMSEMOA-greedy_multi-UX to RVEA-greedy_multi-2P', 'Equivalence_Line_2: SMSEMOA-greedy_multi-HUX to RVEA-greedy_multi-HUX', 'Equivalence_Line_3: SMSEMOA-greedy_multi-2P to RVEA-greedy_multi-UX', 'Equivalence_Line_4: NSGA3-greedy_multi-UX to SMSEMOA-random_dense-UX', 'Equivalence_Line_5: UNSGA3-greedy_multi-UX to SMSEMOA-random_dense-HUX', 'Equivalence_Line_6: SMSEMOA-greedy_multi-1P to SMSEMOA-greedy_ting-HUX', 'Equivalence_Line_7: NSGA3-greedy_multi-HUX to SMSEMOA-greedy_ting-UX', 'Equivalence_Line_8: UNSGA3-greedy_multi-HUX to UNSGA3-random_dense-UX', 'Equivalence_Line_9: SPEA2-greedy_multi-1P to NSGA3-random_dense-HUX', 'Equivalence_Line_10: NSGA3-greedy_multi-1P to NSGA3-random_dense-UX', 'Equivalence_Line_11: SPEA2-greedy_multi-2P to UNSGA3-random_dense-HUX', 'Equivalence_Line_12: NSGA3-greedy_multi-2P to SMSEMOA-greedy_ting-2P', 'Equivalence_Line_13: UNSGA3-greedy_multi-1P to SMSEMOA-greedy_ting-1P', 'Equivalence_Line_14: UNSGA3-greedy_multi-2P to NSGA2-random_dense-HUX', 'Equivalence_Line_15: NSGA2-greedy_multi-HUX to NSGA2-random_dense-UX', 'Equivalence_Line_16: AGEMOEA2-greedy_multi-1P to NSGA3-greedy_ting-HUX', 'Equivalence_Line_17: NSGA2-greedy_multi-UX to UNSGA3-greedy_ting-HUX', 'Equivalence_Line_18: SPEA2-greedy_multi-UX to SMSEMOA-random_dense-2P', 'Equivalence_Line_19: NSGA2-greedy_multi-2P to NSGA3-greedy_ting-UX', 'Equivalence_Line_20: AGEMOEA2-greedy_multi-2P to UNSGA3-greedy_ting-UX', 'Equivalence_Line_21: NSGA2-greedy_multi-1P to RVEA-random_dense-HUX', 'Equivalence_Line_22: AGEMOEA2-greedy_multi-UX to NSGA2-greedy_ting-HUX', 'Equivalence_Line_23: AGEMOEA2-greedy_multi-HUX to NSGA2-greedy_ting-UX', 'Equivalence_Line_24: SPEA2-greedy_multi-HUX to RVEA-random_dense-UX', 'Equivalence_Line_25: RVEA-greedy_multi-1P to AGEMOEA2-random_dense-UX', 'Equivalence_Line_26: RVEA-greedy_multi-2P to AGEMOEA2-random_dense-HUX', 'Equivalence_Line_27: RVEA-greedy_multi-HUX to SPEA2-random_dense-UX', 'Equivalence_Line_28: RVEA-greedy_multi-UX to SPEA2-random_dense-HUX', 'Equivalence_Line_29: SMSEMOA-random_dense-UX to NSGA2-greedy_ting-2P', 'Equivalence_Line_30: SMSEMOA-random_dense-HUX to SMSEMOA-random_dense-1P', 'Equivalence_Line_31: SMSEMOA-greedy_ting-HUX to SPEA2-greedy_ting-HUX', 'Equivalence_Line_32: SMSEMOA-greedy_ting-UX to SPEA2-greedy_ting-UX', 'Equivalence_Line_33: UNSGA3-random_dense-UX to NSGA2-greedy_ting-1P', 'Equivalence_Line_34: NSGA3-random_dense-HUX to NSGA2-random_dense-2P', 'Equivalence_Line_35: NSGA3-random_dense-UX to AGEMOEA2-greedy_ting-HUX', 'Equivalence_Line_36: UNSGA3-random_dense-HUX to AGEMOEA2-greedy_ting-UX', 'Equivalence_Line_37: SMSEMOA-greedy_ting-2P to UNSGA3-random_dense-2P', 'Equivalence_Line_38: SMSEMOA-greedy_ting-1P to NSGA3-random_dense-2P', 'Equivalence_Line_39: NSGA2-random_dense-HUX to SPEA2-greedy_ting-2P', 'Equivalence_Line_40: NSGA2-random_dense-UX to SPEA2-random_dense-2P', 'Equivalence_Line_41: NSGA3-greedy_ting-HUX to NSGA2-random_dense-1P', 'Equivalence_Line_42: UNSGA3-greedy_ting-HUX to UNSGA3-greedy_ting-2P', 'Equivalence_Line_43: SMSEMOA-random_dense-2P to NSGA3-greedy_ting-2P', 'Equivalence_Line_44: NSGA3-greedy_ting-UX to AGEMOEA2-random_dense-2P', 'Equivalence_Line_45: UNSGA3-greedy_ting-UX to RVEA-random_dense-2P', 'Equivalence_Line_46: RVEA-random_dense-HUX to NSGA3-random_dense-1P', 'Equivalence_Line_47: NSGA2-greedy_ting-HUX to NSGA3-greedy_ting-1P', 'Equivalence_Line_48: NSGA2-greedy_ting-UX to AGEMOEA2-greedy_ting-2P', 'Equivalence_Line_49: RVEA-random_dense-UX to UNSGA3-random_dense-1P', 'Equivalence_Line_50: AGEMOEA2-random_dense-UX to UNSGA3-greedy_ting-1P', 'Equivalence_Line_51: AGEMOEA2-random_dense-HUX to AGEMOEA2-random_dense-1P', 'Equivalence_Line_52: SPEA2-random_dense-UX to SPEA2-greedy_ting-1P', 'Equivalence_Line_53: SPEA2-random_dense-HUX to SPEA2-random_dense-1P', 'Equivalence_Line_54: NSGA2-greedy_ting-2P to AGEMOEA2-greedy_ting-1P', 'Equivalence_Line_55: SMSEMOA-random_dense-1P to RVEA-random_dense-1P', 'Equivalence_Line_56: SPEA2-greedy_ting-HUX to RVEA-greedy_ting-2P', 'Equivalence_Line_57: SPEA2-greedy_ting-UX to RVEA-greedy_ting-HUX', 'Equivalence_Line_58: NSGA2-greedy_ting-1P to RVEA-greedy_ting-UX', 'Equivalence_Line_59: NSGA2-random_dense-2P to RVEA-greedy_ting-1P']"
NSGA3-random_dense-UX,0.0112415356815736,"['Equivalence_Line_1: SMSEMOA-greedy_multi-UX to RVEA-greedy_multi-2P', 'Equivalence_Line_2: SMSEMOA-greedy_multi-HUX to RVEA-greedy_multi-HUX', 'Equivalence_Line_3: SMSEMOA-greedy_multi-2P to RVEA-greedy_multi-UX', 'Equivalence_Line_4: NSGA3-greedy_multi-UX to SMSEMOA-random_dense-UX', 'Equivalence_Line_5: UNSGA3-greedy_multi-UX to SMSEMOA-random_dense-HUX', 'Equivalence_Line_6: SMSEMOA-greedy_multi-1P to SMSEMOA-greedy_ting-HUX', 'Equivalence_Line_7: NSGA3-greedy_multi-HUX to SMSEMOA-greedy_ting-UX', 'Equivalence_Line_8: UNSGA3-greedy_multi-HUX to UNSGA3-random_dense-UX', 'Equivalence_Line_9: SPEA2-greedy_multi-1P to NSGA3-random_dense-HUX', 'Equivalence_Line_10: NSGA3-greedy_multi-1P to NSGA3-random_dense-UX', 'Equivalence_Line_11: SPEA2-greedy_multi-2P to UNSGA3-random_dense-HUX', 'Equivalence_Line_12: NSGA3-greedy_multi-2P to SMSEMOA-greedy_ting-2P', 'Equivalence_Line_13: UNSGA3-greedy_multi-1P to SMSEMOA-greedy_ting-1P', 'Equivalence_Line_14: UNSGA3-greedy_multi-2P to NSGA2-random_dense-HUX', 'Equivalence_Line_15: NSGA2-greedy_multi-HUX to NSGA2-random_dense-UX', 'Equivalence_Line_16: AGEMOEA2-greedy_multi-1P to NSGA3-greedy_ting-HUX', 'Equivalence_Line_17: NSGA2-greedy_multi-UX to UNSGA3-greedy_ting-HUX', 'Equivalence_Line_18: SPEA2-greedy_multi-UX to SMSEMOA-random_dense-2P', 'Equivalence_Line_19: NSGA2-greedy_multi-2P to NSGA3-greedy_ting-UX', 'Equivalence_Line_20: AGEMOEA2-greedy_multi-2P to UNSGA3-greedy_ting-UX', 'Equivalence_Line_21: NSGA2-greedy_multi-1P to RVEA-random_dense-HUX', 'Equivalence_Line_22: AGEMOEA2-greedy_multi-UX to NSGA2-greedy_ting-HUX', 'Equivalence_Line_23: AGEMOEA2-greedy_multi-HUX to NSGA2-greedy_ting-UX', 'Equivalence_Line_24: SPEA2-greedy_multi-HUX to RVEA-random_dense-UX', 'Equivalence_Line_25: RVEA-greedy_multi-1P to AGEMOEA2-random_dense-UX', 'Equivalence_Line_26: RVEA-greedy_multi-2P to AGEMOEA2-random_dense-HUX', 'Equivalence_Line_27: RVEA-greedy_multi-HUX to SPEA2-random_dense-UX', 'Equivalence_Line_28: RVEA-greedy_multi-UX to SPEA2-random_dense-HUX', 'Equivalence_Line_29: SMSEMOA-random_dense-UX to NSGA2-greedy_ting-2P', 'Equivalence_Line_30: SMSEMOA-random_dense-HUX to SMSEMOA-random_dense-1P', 'Equivalence_Line_31: SMSEMOA-greedy_ting-HUX to SPEA2-greedy_ting-HUX', 'Equivalence_Line_32: SMSEMOA-greedy_ting-UX to SPEA2-greedy_ting-UX', 'Equivalence_Line_33: UNSGA3-random_dense-UX to NSGA2-greedy_ting-1P', 'Equivalence_Line_34: NSGA3-random_dense-HUX to NSGA2-random_dense-2P', 'Equivalence_Line_35: NSGA3-random_dense-UX to AGEMOEA2-greedy_ting-HUX', 'Equivalence_Line_36: UNSGA3-random_dense-HUX to AGEMOEA2-greedy_ting-UX', 'Equivalence_Line_37: SMSEMOA-greedy_ting-2P to UNSGA3-random_dense-2P', 'Equivalence_Line_38: SMSEMOA-greedy_ting-1P to NSGA3-random_dense-2P', 'Equivalence_Line_39: NSGA2-random_dense-HUX to SPEA2-greedy_ting-2P', 'Equivalence_Line_40: NSGA2-random_dense-UX to SPEA2-random_dense-2P', 'Equivalence_Line_41: NSGA3-greedy_ting-HUX to NSGA2-random_dense-1P', 'Equivalence_Line_42: UNSGA3-greedy_ting-HUX to UNSGA3-greedy_ting-2P', 'Equivalence_Line_43: SMSEMOA-random_dense-2P to NSGA3-greedy_ting-2P', 'Equivalence_Line_44: NSGA3-greedy_ting-UX to AGEMOEA2-random_dense-2P', 'Equivalence_Line_45: UNSGA3-greedy_ting-UX to RVEA-random_dense-2P', 'Equivalence_Line_46: RVEA-random_dense-HUX to NSGA3-random_dense-1P', 'Equivalence_Line_47: NSGA2-greedy_ting-HUX to NSGA3-greedy_ting-1P', 'Equivalence_Line_48: NSGA2-greedy_ting-UX to AGEMOEA2-greedy_ting-2P', 'Equivalence_Line_49: RVEA-random_dense-UX to UNSGA3-random_dense-1P', 'Equivalence_Line_50: AGEMOEA2-random_dense-UX to UNSGA3-greedy_ting-1P', 'Equivalence_Line_51: AGEMOEA2-random_dense-HUX to AGEMOEA2-random_dense-1P', 'Equivalence_Line_52: SPEA2-random_dense-UX to SPEA2-greedy_ting-1P', 'Equivalence_Line_53: SPEA2-random_dense-HUX to SPEA2-random_dense-1P', 'Equivalence_Line_54: NSGA2-greedy_ting-2P to AGEMOEA2-greedy_ting-1P', 'Equivalence_Line_55: SMSEMOA-random_dense-1P to RVEA-random_dense-1P', 'Equivalence_Line_56: SPEA2-greedy_ting-HUX to RVEA-greedy_ting-2P', 'Equivalence_Line_57: SPEA2-greedy_ting-UX to RVEA-greedy_ting-HUX', 'Equivalence_Line_58: NSGA2-greedy_ting-1P to RVEA-greedy_ting-UX', 'Equivalence_Line_59: NSGA2-random_dense-2P to RVEA-greedy_ting-1P']"
UNSGA3-random_dense-HUX,0.0112843079542149,"['Equivalence_Line_1: SMSEMOA-greedy_multi-UX to RVEA-greedy_multi-2P', 'Equivalence_Line_2: SMSEMOA-greedy_multi-HUX to RVEA-greedy_multi-HUX', 'Equivalence_Line_3: SMSEMOA-greedy_multi-2P to RVEA-greedy_multi-UX', 'Equivalence_Line_4: NSGA3-greedy_multi-UX to SMSEMOA-random_dense-UX', 'Equivalence_Line_5: UNSGA3-greedy_multi-UX to SMSEMOA-random_dense-HUX', 'Equivalence_Line_6: SMSEMOA-greedy_multi-1P to SMSEMOA-greedy_ting-HUX', 'Equivalence_Line_7: NSGA3-greedy_multi-HUX to SMSEMOA-greedy_ting-UX', 'Equivalence_Line_8: UNSGA3-greedy_multi-HUX to UNSGA3-random_dense-UX', 'Equivalence_Line_9: SPEA2-greedy_multi-1P to NSGA3-random_dense-HUX', 'Equivalence_Line_10: NSGA3-greedy_multi-1P to NSGA3-random_dense-UX', 'Equivalence_Line_11: SPEA2-greedy_multi-2P to UNSGA3-random_dense-HUX', 'Equivalence_Line_12: NSGA3-greedy_multi-2P to SMSEMOA-greedy_ting-2P', 'Equivalence_Line_13: UNSGA3-greedy_multi-1P to SMSEMOA-greedy_ting-1P', 'Equivalence_Line_14: UNSGA3-greedy_multi-2P to NSGA2-random_dense-HUX', 'Equivalence_Line_15: NSGA2-greedy_multi-HUX to NSGA2-random_dense-UX', 'Equivalence_Line_16: AGEMOEA2-greedy_multi-1P to NSGA3-greedy_ting-HUX', 'Equivalence_Line_17: NSGA2-greedy_multi-UX to UNSGA3-greedy_ting-HUX', 'Equivalence_Line_18: SPEA2-greedy_multi-UX to SMSEMOA-random_dense-2P', 'Equivalence_Line_19: NSGA2-greedy_multi-2P to NSGA3-greedy_ting-UX', 'Equivalence_Line_20: AGEMOEA2-greedy_multi-2P to UNSGA3-greedy_ting-UX', 'Equivalence_Line_21: NSGA2-greedy_multi-1P to RVEA-random_dense-HUX', 'Equivalence_Line_22: AGEMOEA2-greedy_multi-UX to NSGA2-greedy_ting-HUX', 'Equivalence_Line_23: AGEMOEA2-greedy_multi-HUX to NSGA2-greedy_ting-UX', 'Equivalence_Line_24: SPEA2-greedy_multi-HUX to RVEA-random_dense-UX', 'Equivalence_Line_25: RVEA-greedy_multi-1P to AGEMOEA2-random_dense-UX', 'Equivalence_Line_26: RVEA-greedy_multi-2P to AGEMOEA2-random_dense-HUX', 'Equivalence_Line_27: RVEA-greedy_multi-HUX to SPEA2-random_dense-UX', 'Equivalence_Line_28: RVEA-greedy_multi-UX to SPEA2-random_dense-HUX', 'Equivalence_Line_29: SMSEMOA-random_dense-UX to NSGA2-greedy_ting-2P', 'Equivalence_Line_30: SMSEMOA-random_dense-HUX to SMSEMOA-random_dense-1P', 'Equivalence_Line_31: SMSEMOA-greedy_ting-HUX to SPEA2-greedy_ting-HUX', 'Equivalence_Line_32: SMSEMOA-greedy_ting-UX to SPEA2-greedy_ting-UX', 'Equivalence_Line_33: UNSGA3-random_dense-UX to NSGA2-greedy_ting-1P', 'Equivalence_Line_34: NSGA3-random_dense-HUX to NSGA2-random_dense-2P', 'Equivalence_Line_35: NSGA3-random_dense-UX to AGEMOEA2-greedy_ting-HUX', 'Equivalence_Line_36: UNSGA3-random_dense-HUX to AGEMOEA2-greedy_ting-UX', 'Equivalence_Line_37: SMSEMOA-greedy_ting-2P to UNSGA3-random_dense-2P', 'Equivalence_Line_38: SMSEMOA-greedy_ting-1P to NSGA3-random_dense-2P', 'Equivalence_Line_39: NSGA2-random_dense-HUX to SPEA2-greedy_ting-2P', 'Equivalence_Line_40: NSGA2-random_dense-UX to SPEA2-random_dense-2P', 'Equivalence_Line_41: NSGA3-greedy_ting-HUX to NSGA2-random_dense-1P', 'Equivalence_Line_42: UNSGA3-greedy_ting-HUX to UNSGA3-greedy_ting-2P', 'Equivalence_Line_43: SMSEMOA-random_dense-2P to NSGA3-greedy_ting-2P', 'Equivalence_Line_44: NSGA3-greedy_ting-UX to AGEMOEA2-random_dense-2P', 'Equivalence_Line_45: UNSGA3-greedy_ting-UX to RVEA-random_dense-2P', 'Equivalence_Line_46: RVEA-random_dense-HUX to NSGA3-random_dense-1P', 'Equivalence_Line_47: NSGA2-greedy_ting-HUX to NSGA3-greedy_ting-1P', 'Equivalence_Line_48: NSGA2-greedy_ting-UX to AGEMOEA2-greedy_ting-2P', 'Equivalence_Line_49: RVEA-random_dense-UX to UNSGA3-random_dense-1P', 'Equivalence_Line_50: AGEMOEA2-random_dense-UX to UNSGA3-greedy_ting-1P', 'Equivalence_Line_51: AGEMOEA2-random_dense-HUX to AGEMOEA2-random_dense-1P', 'Equivalence_Line_52: SPEA2-random_dense-UX to SPEA2-greedy_ting-1P', 'Equivalence_Line_53: SPEA2-random_dense-HUX to SPEA2-random_dense-1P', 'Equivalence_Line_54: NSGA2-greedy_ting-2P to AGEMOEA2-greedy_ting-1P', 'Equivalence_Line_55: SMSEMOA-random_dense-1P to RVEA-random_dense-1P', 'Equivalence_Line_56: SPEA2-greedy_ting-HUX to RVEA-greedy_ting-2P', 'Equivalence_Line_57: SPEA2-greedy_ting-UX to RVEA-greedy_ting-HUX', 'Equivalence_Line_58: NSGA2-greedy_ting-1P to RVEA-greedy_ting-UX', 'Equivalence_Line_59: NSGA2-random_dense-2P to RVEA-greedy_ting-1P']"
SMSEMOA-greedy_ting-2P,0.0128928821730503,"['Equivalence_Line_1: SMSEMOA-greedy_multi-UX to RVEA-greedy_multi-2P', 'Equivalence_Line_2: SMSEMOA-greedy_multi-HUX to RVEA-greedy_multi-HUX', 'Equivalence_Line_3: SMSEMOA-greedy_multi-2P to RVEA-greedy_multi-UX', 'Equivalence_Line_4: NSGA3-greedy_multi-UX to SMSEMOA-random_dense-UX', 'Equivalence_Line_5: UNSGA3-greedy_multi-UX to SMSEMOA-random_dense-HUX', 'Equivalence_Line_6: SMSEMOA-greedy_multi-1P to SMSEMOA-greedy_ting-HUX', 'Equivalence_Line_7: NSGA3-greedy_multi-HUX to SMSEMOA-greedy_ting-UX', 'Equivalence_Line_8: UNSGA3-greedy_multi-HUX to UNSGA3-random_dense-UX', 'Equivalence_Line_9: SPEA2-greedy_multi-1P to NSGA3-random_dense-HUX', 'Equivalence_Line_10: NSGA3-greedy_multi-1P to NSGA3-random_dense-UX', 'Equivalence_Line_11: SPEA2-greedy_multi-2P to UNSGA3-random_dense-HUX', 'Equivalence_Line_12: NSGA3-greedy_multi-2P to SMSEMOA-greedy_ting-2P', 'Equivalence_Line_13: UNSGA3-greedy_multi-1P to SMSEMOA-greedy_ting-1P', 'Equivalence_Line_14: UNSGA3-greedy_multi-2P to NSGA2-random_dense-HUX', 'Equivalence_Line_15: NSGA2-greedy_multi-HUX to NSGA2-random_dense-UX', 'Equivalence_Line_16: AGEMOEA2-greedy_multi-1P to NSGA3-greedy_ting-HUX', 'Equivalence_Line_17: NSGA2-greedy_multi-UX to UNSGA3-greedy_ting-HUX', 'Equivalence_Line_18: SPEA2-greedy_multi-UX to SMSEMOA-random_dense-2P', 'Equivalence_Line_19: NSGA2-greedy_multi-2P to NSGA3-greedy_ting-UX', 'Equivalence_Line_20: AGEMOEA2-greedy_multi-2P to UNSGA3-greedy_ting-UX', 'Equivalence_Line_21: NSGA2-greedy_multi-1P to RVEA-random_dense-HUX', 'Equivalence_Line_22: AGEMOEA2-greedy_multi-UX to NSGA2-greedy_ting-HUX', 'Equivalence_Line_23: AGEMOEA2-greedy_multi-HUX to NSGA2-greedy_ting-UX', 'Equivalence_Line_24: SPEA2-greedy_multi-HUX to RVEA-random_dense-UX', 'Equivalence_Line_25: RVEA-greedy_multi-1P to AGEMOEA2-random_dense-UX', 'Equivalence_Line_26: RVEA-greedy_multi-2P to AGEMOEA2-random_dense-HUX', 'Equivalence_Line_27: RVEA-greedy_multi-HUX to SPEA2-random_dense-UX', 'Equivalence_Line_28: RVEA-greedy_multi-UX to SPEA2-random_dense-HUX', 'Equivalence_Line_29: SMSEMOA-random_dense-UX to NSGA2-greedy_ting-2P', 'Equivalence_Line_30: SMSEMOA-random_dense-HUX to SMSEMOA-random_dense-1P', 'Equivalence_Line_31: SMSEMOA-greedy_ting-HUX to SPEA2-greedy_ting-HUX', 'Equivalence_Line_32: SMSEMOA-greedy_ting-UX to SPEA2-greedy_ting-UX', 'Equivalence_Line_33: UNSGA3-random_dense-UX to NSGA2-greedy_ting-1P', 'Equivalence_Line_34: NSGA3-random_dense-HUX to NSGA2-random_dense-2P', 'Equivalence_Line_35: NSGA3-random_dense-UX to AGEMOEA2-greedy_ting-HUX', 'Equivalence_Line_36: UNSGA3-random_dense-HUX to AGEMOEA2-greedy_ting-UX', 'Equivalence_Line_37: SMSEMOA-greedy_ting-2P to UNSGA3-random_dense-2P', 'Equivalence_Line_38: SMSEMOA-greedy_ting-1P to NSGA3-random_dense-2P', 'Equivalence_Line_39: NSGA2-random_dense-HUX to SPEA2-greedy_ting-2P', 'Equivalence_Line_40: NSGA2-random_dense-UX to SPEA2-random_dense-2P', 'Equivalence_Line_41: NSGA3-greedy_ting-HUX to NSGA2-random_dense-1P', 'Equivalence_Line_42: UNSGA3-greedy_ting-HUX to UNSGA3-greedy_ting-2P', 'Equivalence_Line_43: SMSEMOA-random_dense-2P to NSGA3-greedy_ting-2P', 'Equivalence_Line_44: NSGA3-greedy_ting-UX to AGEMOEA2-random_dense-2P', 'Equivalence_Line_45: UNSGA3-greedy_ting-UX to RVEA-random_dense-2P', 'Equivalence_Line_46: RVEA-random_dense-HUX to NSGA3-random_dense-1P', 'Equivalence_Line_47: NSGA2-greedy_ting-HUX to NSGA3-greedy_ting-1P', 'Equivalence_Line_48: NSGA2-greedy_ting-UX to AGEMOEA2-greedy_ting-2P', 'Equivalence_Line_49: RVEA-random_dense-UX to UNSGA3-random_dense-1P', 'Equivalence_Line_50: AGEMOEA2-random_dense-UX to UNSGA3-greedy_ting-1P', 'Equivalence_Line_51: AGEMOEA2-random_dense-HUX to AGEMOEA2-random_dense-1P', 'Equivalence_Line_52: SPEA2-random_dense-UX to SPEA2-greedy_ting-1P', 'Equivalence_Line_53: SPEA2-random_dense-HUX to SPEA2-random_dense-1P', 'Equivalence_Line_54: NSGA2-greedy_ting-2P to AGEMOEA2-greedy_ting-1P', 'Equivalence_Line_55: SMSEMOA-random_dense-1P to RVEA-random_dense-1P', 'Equivalence_Line_56: SPEA2-greedy_ting-HUX to RVEA-greedy_ting-2P', 'Equivalence_Line_57: SPEA2-greedy_ting-UX to RVEA-greedy_ting-HUX', 'Equivalence_Line_58: NSGA2-greedy_ting-1P to RVEA-greedy_ting-UX', 'Equivalence_Line_59: NSGA2-random_dense-2P to RVEA-greedy_ting-1P']"
SMSEMOA-greedy_ting-1P,0.0187172816169999,"['Equivalence_Line_1: SMSEMOA-greedy_multi-UX to RVEA-greedy_multi-2P', 'Equivalence_Line_2: SMSEMOA-greedy_multi-HUX to RVEA-greedy_multi-HUX', 'Equivalence_Line_3: SMSEMOA-greedy_multi-2P to RVEA-greedy_multi-UX', 'Equivalence_Line_4: NSGA3-greedy_multi-UX to SMSEMOA-random_dense-UX', 'Equivalence_Line_5: UNSGA3-greedy_multi-UX to SMSEMOA-random_dense-HUX', 'Equivalence_Line_6: SMSEMOA-greedy_multi-1P to SMSEMOA-greedy_ting-HUX', 'Equivalence_Line_7: NSGA3-greedy_multi-HUX to SMSEMOA-greedy_ting-UX', 'Equivalence_Line_8: UNSGA3-greedy_multi-HUX to UNSGA3-random_dense-UX', 'Equivalence_Line_9: SPEA2-greedy_multi-1P to NSGA3-random_dense-HUX', 'Equivalence_Line_10: NSGA3-greedy_multi-1P to NSGA3-random_dense-UX', 'Equivalence_Line_11: SPEA2-greedy_multi-2P to UNSGA3-random_dense-HUX', 'Equivalence_Line_12: NSGA3-greedy_multi-2P to SMSEMOA-greedy_ting-2P', 'Equivalence_Line_13: UNSGA3-greedy_multi-1P to SMSEMOA-greedy_ting-1P', 'Equivalence_Line_14: UNSGA3-greedy_multi-2P to NSGA2-random_dense-HUX', 'Equivalence_Line_15: NSGA2-greedy_multi-HUX to NSGA2-random_dense-UX', 'Equivalence_Line_16: AGEMOEA2-greedy_multi-1P to NSGA3-greedy_ting-HUX', 'Equivalence_Line_17: NSGA2-greedy_multi-UX to UNSGA3-greedy_ting-HUX', 'Equivalence_Line_18: SPEA2-greedy_multi-UX to SMSEMOA-random_dense-2P', 'Equivalence_Line_19: NSGA2-greedy_multi-2P to NSGA3-greedy_ting-UX', 'Equivalence_Line_20: AGEMOEA2-greedy_multi-2P to UNSGA3-greedy_ting-UX', 'Equivalence_Line_21: NSGA2-greedy_multi-1P to RVEA-random_dense-HUX', 'Equivalence_Line_22: AGEMOEA2-greedy_multi-UX to NSGA2-greedy_ting-HUX', 'Equivalence_Line_23: AGEMOEA2-greedy_multi-HUX to NSGA2-greedy_ting-UX', 'Equivalence_Line_24: SPEA2-greedy_multi-HUX to RVEA-random_dense-UX', 'Equivalence_Line_25: RVEA-greedy_multi-1P to AGEMOEA2-random_dense-UX', 'Equivalence_Line_26: RVEA-greedy_multi-2P to AGEMOEA2-random_dense-HUX', 'Equivalence_Line_27: RVEA-greedy_multi-HUX to SPEA2-random_dense-UX', 'Equivalence_Line_28: RVEA-greedy_multi-UX to SPEA2-random_dense-HUX', 'Equivalence_Line_29: SMSEMOA-random_dense-UX to NSGA2-greedy_ting-2P', 'Equivalence_Line_30: SMSEMOA-random_dense-HUX to SMSEMOA-random_dense-1P', 'Equivalence_Line_31: SMSEMOA-greedy_ting-HUX to SPEA2-greedy_ting-HUX', 'Equivalence_Line_32: SMSEMOA-greedy_ting-UX to SPEA2-greedy_ting-UX', 'Equivalence_Line_33: UNSGA3-random_dense-UX to NSGA2-greedy_ting-1P', 'Equivalence_Line_34: NSGA3-random_dense-HUX to NSGA2-random_dense-2P', 'Equivalence_Line_35: NSGA3-random_dense-UX to AGEMOEA2-greedy_ting-HUX', 'Equivalence_Line_36: UNSGA3-random_dense-HUX to AGEMOEA2-greedy_ting-UX', 'Equivalence_Line_37: SMSEMOA-greedy_ting-2P to UNSGA3-random_dense-2P', 'Equivalence_Line_38: SMSEMOA-greedy_ting-1P to NSGA3-random_dense-2P', 'Equivalence_Line_39: NSGA2-random_dense-HUX to SPEA2-greedy_ting-2P', 'Equivalence_Line_40: NSGA2-random_dense-UX to SPEA2-random_dense-2P', 'Equivalence_Line_41: NSGA3-greedy_ting-HUX to NSGA2-random_dense-1P', 'Equivalence_Line_42: UNSGA3-greedy_ting-HUX to UNSGA3-greedy_ting-2P', 'Equivalence_Line_43: SMSEMOA-random_dense-2P to NSGA3-greedy_ting-2P', 'Equivalence_Line_44: NSGA3-greedy_ting-UX to AGEMOEA2-random_dense-2P', 'Equivalence_Line_45: UNSGA3-greedy_ting-UX to RVEA-random_dense-2P', 'Equivalence_Line_46: RVEA-random_dense-HUX to NSGA3-random_dense-1P', 'Equivalence_Line_47: NSGA2-greedy_ting-HUX to NSGA3-greedy_ting-1P', 'Equivalence_Line_48: NSGA2-greedy_ting-UX to AGEMOEA2-greedy_ting-2P', 'Equivalence_Line_49: RVEA-random_dense-UX to UNSGA3-random_dense-1P', 'Equivalence_Line_50: AGEMOEA2-random_dense-UX to UNSGA3-greedy_ting-1P', 'Equivalence_Line_51: AGEMOEA2-random_dense-HUX to AGEMOEA2-random_dense-1P', 'Equivalence_Line_52: SPEA2-random_dense-UX to SPEA2-greedy_ting-1P', 'Equivalence_Line_53: SPEA2-random_dense-HUX to SPEA2-random_dense-1P', 'Equivalence_Line_54: NSGA2-greedy_ting-2P to AGEMOEA2-greedy_ting-1P', 'Equivalence_Line_55: SMSEMOA-random_dense-1P to RVEA-random_dense-1P', 'Equivalence_Line_56: SPEA2-greedy_ting-HUX to RVEA-greedy_ting-2P', 'Equivalence_Line_57: SPEA2-greedy_ting-UX to RVEA-greedy_ting-HUX', 'Equivalence_Line_58: NSGA2-greedy_ting-1P to RVEA-greedy_ting-UX', 'Equivalence_Line_59: NSGA2-random_dense-2P to RVEA-greedy_ting-1P']"
NSGA2-random_dense-HUX,0.0189593295055474,"['Equivalence_Line_1: SMSEMOA-greedy_multi-UX to RVEA-greedy_multi-2P', 'Equivalence_Line_2: SMSEMOA-greedy_multi-HUX to RVEA-greedy_multi-HUX', 'Equivalence_Line_3: SMSEMOA-greedy_multi-2P to RVEA-greedy_multi-UX', 'Equivalence_Line_4: NSGA3-greedy_multi-UX to SMSEMOA-random_dense-UX', 'Equivalence_Line_5: UNSGA3-greedy_multi-UX to SMSEMOA-random_dense-HUX', 'Equivalence_Line_6: SMSEMOA-greedy_multi-1P to SMSEMOA-greedy_ting-HUX', 'Equivalence_Line_7: NSGA3-greedy_multi-HUX to SMSEMOA-greedy_ting-UX', 'Equivalence_Line_8: UNSGA3-greedy_multi-HUX to UNSGA3-random_dense-UX', 'Equivalence_Line_9: SPEA2-greedy_multi-1P to NSGA3-random_dense-HUX', 'Equivalence_Line_10: NSGA3-greedy_multi-1P to NSGA3-random_dense-UX', 'Equivalence_Line_11: SPEA2-greedy_multi-2P to UNSGA3-random_dense-HUX', 'Equivalence_Line_12: NSGA3-greedy_multi-2P to SMSEMOA-greedy_ting-2P', 'Equivalence_Line_13: UNSGA3-greedy_multi-1P to SMSEMOA-greedy_ting-1P', 'Equivalence_Line_14: UNSGA3-greedy_multi-2P to NSGA2-random_dense-HUX', 'Equivalence_Line_15: NSGA2-greedy_multi-HUX to NSGA2-random_dense-UX', 'Equivalence_Line_16: AGEMOEA2-greedy_multi-1P to NSGA3-greedy_ting-HUX', 'Equivalence_Line_17: NSGA2-greedy_multi-UX to UNSGA3-greedy_ting-HUX', 'Equivalence_Line_18: SPEA2-greedy_multi-UX to SMSEMOA-random_dense-2P', 'Equivalence_Line_19: NSGA2-greedy_multi-2P to NSGA3-greedy_ting-UX', 'Equivalence_Line_20: AGEMOEA2-greedy_multi-2P to UNSGA3-greedy_ting-UX', 'Equivalence_Line_21: NSGA2-greedy_multi-1P to RVEA-random_dense-HUX', 'Equivalence_Line_22: AGEMOEA2-greedy_multi-UX to NSGA2-greedy_ting-HUX', 'Equivalence_Line_23: AGEMOEA2-greedy_multi-HUX to NSGA2-greedy_ting-UX', 'Equivalence_Line_24: SPEA2-greedy_multi-HUX to RVEA-random_dense-UX', 'Equivalence_Line_25: RVEA-greedy_multi-1P to AGEMOEA2-random_dense-UX', 'Equivalence_Line_26: RVEA-greedy_multi-2P to AGEMOEA2-random_dense-HUX', 'Equivalence_Line_27: RVEA-greedy_multi-HUX to SPEA2-random_dense-UX', 'Equivalence_Line_28: RVEA-greedy_multi-UX to SPEA2-random_dense-HUX', 'Equivalence_Line_29: SMSEMOA-random_dense-UX to NSGA2-greedy_ting-2P', 'Equivalence_Line_30: SMSEMOA-random_dense-HUX to SMSEMOA-random_dense-1P', 'Equivalence_Line_31: SMSEMOA-greedy_ting-HUX to SPEA2-greedy_ting-HUX', 'Equivalence_Line_32: SMSEMOA-greedy_ting-UX to SPEA2-greedy_ting-UX', 'Equivalence_Line_33: UNSGA3-random_dense-UX to NSGA2-greedy_ting-1P', 'Equivalence_Line_34: NSGA3-random_dense-HUX to NSGA2-random_dense-2P', 'Equivalence_Line_35: NSGA3-random_dense-UX to AGEMOEA2-greedy_ting-HUX', 'Equivalence_Line_36: UNSGA3-random_dense-HUX to AGEMOEA2-greedy_ting-UX', 'Equivalence_Line_37: SMSEMOA-greedy_ting-2P to UNSGA3-random_dense-2P', 'Equivalence_Line_38: SMSEMOA-greedy_ting-1P to NSGA3-random_dense-2P', 'Equivalence_Line_39: NSGA2-random_dense-HUX to SPEA2-greedy_ting-2P', 'Equivalence_Line_40: NSGA2-random_dense-UX to SPEA2-random_dense-2P', 'Equivalence_Line_41: NSGA3-greedy_ting-HUX to NSGA2-random_dense-1P', 'Equivalence_Line_42: UNSGA3-greedy_ting-HUX to UNSGA3-greedy_ting-2P', 'Equivalence_Line_43: SMSEMOA-random_dense-2P to NSGA3-greedy_ting-2P', 'Equivalence_Line_44: NSGA3-greedy_ting-UX to AGEMOEA2-random_dense-2P', 'Equivalence_Line_45: UNSGA3-greedy_ting-UX to RVEA-random_dense-2P', 'Equivalence_Line_46: RVEA-random_dense-HUX to NSGA3-random_dense-1P', 'Equivalence_Line_47: NSGA2-greedy_ting-HUX to NSGA3-greedy_ting-1P', 'Equivalence_Line_48: NSGA2-greedy_ting-UX to AGEMOEA2-greedy_ting-2P', 'Equivalence_Line_49: RVEA-random_dense-UX to UNSGA3-random_dense-1P', 'Equivalence_Line_50: AGEMOEA2-random_dense-UX to UNSGA3-greedy_ting-1P', 'Equivalence_Line_51: AGEMOEA2-random_dense-HUX to AGEMOEA2-random_dense-1P', 'Equivalence_Line_52: SPEA2-random_dense-UX to SPEA2-greedy_ting-1P', 'Equivalence_Line_53: SPEA2-random_dense-HUX to SPEA2-random_dense-1P', 'Equivalence_Line_54: NSGA2-greedy_ting-2P to AGEMOEA2-greedy_ting-1P', 'Equivalence_Line_55: SMSEMOA-random_dense-1P to RVEA-random_dense-1P', 'Equivalence_Line_56: SPEA2-greedy_ting-HUX to RVEA-greedy_ting-2P', 'Equivalence_Line_57: SPEA2-greedy_ting-UX to RVEA-greedy_ting-HUX', 'Equivalence_Line_58: NSGA2-greedy_ting-1P to RVEA-greedy_ting-UX', 'Equivalence_Line_59: NSGA2-random_dense-2P to RVEA-greedy_ting-1P']"
NSGA2-random_dense-UX,0.0191118638511036,"['Equivalence_Line_1: SMSEMOA-greedy_multi-UX to RVEA-greedy_multi-2P', 'Equivalence_Line_2: SMSEMOA-greedy_multi-HUX to RVEA-greedy_multi-HUX', 'Equivalence_Line_3: SMSEMOA-greedy_multi-2P to RVEA-greedy_multi-UX', 'Equivalence_Line_4: NSGA3-greedy_multi-UX to SMSEMOA-random_dense-UX', 'Equivalence_Line_5: UNSGA3-greedy_multi-UX to SMSEMOA-random_dense-HUX', 'Equivalence_Line_6: SMSEMOA-greedy_multi-1P to SMSEMOA-greedy_ting-HUX', 'Equivalence_Line_7: NSGA3-greedy_multi-HUX to SMSEMOA-greedy_ting-UX', 'Equivalence_Line_8: UNSGA3-greedy_multi-HUX to UNSGA3-random_dense-UX', 'Equivalence_Line_9: SPEA2-greedy_multi-1P to NSGA3-random_dense-HUX', 'Equivalence_Line_10: NSGA3-greedy_multi-1P to NSGA3-random_dense-UX', 'Equivalence_Line_11: SPEA2-greedy_multi-2P to UNSGA3-random_dense-HUX', 'Equivalence_Line_12: NSGA3-greedy_multi-2P to SMSEMOA-greedy_ting-2P', 'Equivalence_Line_13: UNSGA3-greedy_multi-1P to SMSEMOA-greedy_ting-1P', 'Equivalence_Line_14: UNSGA3-greedy_multi-2P to NSGA2-random_dense-HUX', 'Equivalence_Line_15: NSGA2-greedy_multi-HUX to NSGA2-random_dense-UX', 'Equivalence_Line_16: AGEMOEA2-greedy_multi-1P to NSGA3-greedy_ting-HUX', 'Equivalence_Line_17: NSGA2-greedy_multi-UX to UNSGA3-greedy_ting-HUX', 'Equivalence_Line_18: SPEA2-greedy_multi-UX to SMSEMOA-random_dense-2P', 'Equivalence_Line_19: NSGA2-greedy_multi-2P to NSGA3-greedy_ting-UX', 'Equivalence_Line_20: AGEMOEA2-greedy_multi-2P to UNSGA3-greedy_ting-UX', 'Equivalence_Line_21: NSGA2-greedy_multi-1P to RVEA-random_dense-HUX', 'Equivalence_Line_22: AGEMOEA2-greedy_multi-UX to NSGA2-greedy_ting-HUX', 'Equivalence_Line_23: AGEMOEA2-greedy_multi-HUX to NSGA2-greedy_ting-UX', 'Equivalence_Line_24: SPEA2-greedy_multi-HUX to RVEA-random_dense-UX', 'Equivalence_Line_25: RVEA-greedy_multi-1P to AGEMOEA2-random_dense-UX', 'Equivalence_Line_26: RVEA-greedy_multi-2P to AGEMOEA2-random_dense-HUX', 'Equivalence_Line_27: RVEA-greedy_multi-HUX to SPEA2-random_dense-UX', 'Equivalence_Line_28: RVEA-greedy_multi-UX to SPEA2-random_dense-HUX', 'Equivalence_Line_29: SMSEMOA-random_dense-UX to NSGA2-greedy_ting-2P', 'Equivalence_Line_30: SMSEMOA-random_dense-HUX to SMSEMOA-random_dense-1P', 'Equivalence_Line_31: SMSEMOA-greedy_ting-HUX to SPEA2-greedy_ting-HUX', 'Equivalence_Line_32: SMSEMOA-greedy_ting-UX to SPEA2-greedy_ting-UX', 'Equivalence_Line_33: UNSGA3-random_dense-UX to NSGA2-greedy_ting-1P', 'Equivalence_Line_34: NSGA3-random_dense-HUX to NSGA2-random_dense-2P', 'Equivalence_Line_35: NSGA3-random_dense-UX to AGEMOEA2-greedy_ting-HUX', 'Equivalence_Line_36: UNSGA3-random_dense-HUX to AGEMOEA2-greedy_ting-UX', 'Equivalence_Line_37: SMSEMOA-greedy_ting-2P to UNSGA3-random_dense-2P', 'Equivalence_Line_38: SMSEMOA-greedy_ting-1P to NSGA3-random_dense-2P', 'Equivalence_Line_39: NSGA2-random_dense-HUX to SPEA2-greedy_ting-2P', 'Equivalence_Line_40: NSGA2-random_dense-UX to SPEA2-random_dense-2P', 'Equivalence_Line_41: NSGA3-greedy_ting-HUX to NSGA2-random_dense-1P', 'Equivalence_Line_42: UNSGA3-greedy_ting-HUX to UNSGA3-greedy_ting-2P', 'Equivalence_Line_43: SMSEMOA-random_dense-2P to NSGA3-greedy_ting-2P', 'Equivalence_Line_44: NSGA3-greedy_ting-UX to AGEMOEA2-random_dense-2P', 'Equivalence_Line_45: UNSGA3-greedy_ting-UX to RVEA-random_dense-2P', 'Equivalence_Line_46: RVEA-random_dense-HUX to NSGA3-random_dense-1P', 'Equivalence_Line_47: NSGA2-greedy_ting-HUX to NSGA3-greedy_ting-1P', 'Equivalence_Line_48: NSGA2-greedy_ting-UX to AGEMOEA2-greedy_ting-2P', 'Equivalence_Line_49: RVEA-random_dense-UX to UNSGA3-random_dense-1P', 'Equivalence_Line_50: AGEMOEA2-random_dense-UX to UNSGA3-greedy_ting-1P', 'Equivalence_Line_51: AGEMOEA2-random_dense-HUX to AGEMOEA2-random_dense-1P', 'Equivalence_Line_52: SPEA2-random_dense-UX to SPEA2-greedy_ting-1P', 'Equivalence_Line_53: SPEA2-random_dense-HUX to SPEA2-random_dense-1P', 'Equivalence_Line_54: NSGA2-greedy_ting-2P to AGEMOEA2-greedy_ting-1P', 'Equivalence_Line_55: SMSEMOA-random_dense-1P to RVEA-random_dense-1P', 'Equivalence_Line_56: SPEA2-greedy_ting-HUX to RVEA-greedy_ting-2P', 'Equivalence_Line_57: SPEA2-greedy_ting-UX to RVEA-greedy_ting-HUX', 'Equivalence_Line_58: NSGA2-greedy_ting-1P to RVEA-greedy_ting-UX', 'Equivalence_Line_59: NSGA2-random_dense-2P to RVEA-greedy_ting-1P']"
NSGA3-greedy_ting-HUX,0.0195353488318914,"['Equivalence_Line_1: SMSEMOA-greedy_multi-UX to RVEA-greedy_multi-2P', 'Equivalence_Line_2: SMSEMOA-greedy_multi-HUX to RVEA-greedy_multi-HUX', 'Equivalence_Line_3: SMSEMOA-greedy_multi-2P to RVEA-greedy_multi-UX', 'Equivalence_Line_4: NSGA3-greedy_multi-UX to SMSEMOA-random_dense-UX', 'Equivalence_Line_5: UNSGA3-greedy_multi-UX to SMSEMOA-random_dense-HUX', 'Equivalence_Line_6: SMSEMOA-greedy_multi-1P to SMSEMOA-greedy_ting-HUX', 'Equivalence_Line_7: NSGA3-greedy_multi-HUX to SMSEMOA-greedy_ting-UX', 'Equivalence_Line_8: UNSGA3-greedy_multi-HUX to UNSGA3-random_dense-UX', 'Equivalence_Line_9: SPEA2-greedy_multi-1P to NSGA3-random_dense-HUX', 'Equivalence_Line_10: NSGA3-greedy_multi-1P to NSGA3-random_dense-UX', 'Equivalence_Line_11: SPEA2-greedy_multi-2P to UNSGA3-random_dense-HUX', 'Equivalence_Line_12: NSGA3-greedy_multi-2P to SMSEMOA-greedy_ting-2P', 'Equivalence_Line_13: UNSGA3-greedy_multi-1P to SMSEMOA-greedy_ting-1P', 'Equivalence_Line_14: UNSGA3-greedy_multi-2P to NSGA2-random_dense-HUX', 'Equivalence_Line_15: NSGA2-greedy_multi-HUX to NSGA2-random_dense-UX', 'Equivalence_Line_16: AGEMOEA2-greedy_multi-1P to NSGA3-greedy_ting-HUX', 'Equivalence_Line_17: NSGA2-greedy_multi-UX to UNSGA3-greedy_ting-HUX', 'Equivalence_Line_18: SPEA2-greedy_multi-UX to SMSEMOA-random_dense-2P', 'Equivalence_Line_19: NSGA2-greedy_multi-2P to NSGA3-greedy_ting-UX', 'Equivalence_Line_20: AGEMOEA2-greedy_multi-2P to UNSGA3-greedy_ting-UX', 'Equivalence_Line_21: NSGA2-greedy_multi-1P to RVEA-random_dense-HUX', 'Equivalence_Line_22: AGEMOEA2-greedy_multi-UX to NSGA2-greedy_ting-HUX', 'Equivalence_Line_23: AGEMOEA2-greedy_multi-HUX to NSGA2-greedy_ting-UX', 'Equivalence_Line_24: SPEA2-greedy_multi-HUX to RVEA-random_dense-UX', 'Equivalence_Line_25: RVEA-greedy_multi-1P to AGEMOEA2-random_dense-UX', 'Equivalence_Line_26: RVEA-greedy_multi-2P to AGEMOEA2-random_dense-HUX', 'Equivalence_Line_27: RVEA-greedy_multi-HUX to SPEA2-random_dense-UX', 'Equivalence_Line_28: RVEA-greedy_multi-UX to SPEA2-random_dense-HUX', 'Equivalence_Line_29: SMSEMOA-random_dense-UX to NSGA2-greedy_ting-2P', 'Equivalence_Line_30: SMSEMOA-random_dense-HUX to SMSEMOA-random_dense-1P', 'Equivalence_Line_31: SMSEMOA-greedy_ting-HUX to SPEA2-greedy_ting-HUX', 'Equivalence_Line_32: SMSEMOA-greedy_ting-UX to SPEA2-greedy_ting-UX', 'Equivalence_Line_33: UNSGA3-random_dense-UX to NSGA2-greedy_ting-1P', 'Equivalence_Line_34: NSGA3-random_dense-HUX to NSGA2-random_dense-2P', 'Equivalence_Line_35: NSGA3-random_dense-UX to AGEMOEA2-greedy_ting-HUX', 'Equivalence_Line_36: UNSGA3-random_dense-HUX to AGEMOEA2-greedy_ting-UX', 'Equivalence_Line_37: SMSEMOA-greedy_ting-2P to UNSGA3-random_dense-2P', 'Equivalence_Line_38: SMSEMOA-greedy_ting-1P to NSGA3-random_dense-2P', 'Equivalence_Line_39: NSGA2-random_dense-HUX to SPEA2-greedy_ting-2P', 'Equivalence_Line_40: NSGA2-random_dense-UX to SPEA2-random_dense-2P', 'Equivalence_Line_41: NSGA3-greedy_ting-HUX to NSGA2-random_dense-1P', 'Equivalence_Line_42: UNSGA3-greedy_ting-HUX to UNSGA3-greedy_ting-2P', 'Equivalence_Line_43: SMSEMOA-random_dense-2P to NSGA3-greedy_ting-2P', 'Equivalence_Line_44: NSGA3-greedy_ting-UX to AGEMOEA2-random_dense-2P', 'Equivalence_Line_45: UNSGA3-greedy_ting-UX to RVEA-random_dense-2P', 'Equivalence_Line_46: RVEA-random_dense-HUX to NSGA3-random_dense-1P', 'Equivalence_Line_47: NSGA2-greedy_ting-HUX to NSGA3-greedy_ting-1P', 'Equivalence_Line_48: NSGA2-greedy_ting-UX to AGEMOEA2-greedy_ting-2P', 'Equivalence_Line_49: RVEA-random_dense-UX to UNSGA3-random_dense-1P', 'Equivalence_Line_50: AGEMOEA2-random_dense-UX to UNSGA3-greedy_ting-1P', 'Equivalence_Line_51: AGEMOEA2-random_dense-HUX to AGEMOEA2-random_dense-1P', 'Equivalence_Line_52: SPEA2-random_dense-UX to SPEA2-greedy_ting-1P', 'Equivalence_Line_53: SPEA2-random_dense-HUX to SPEA2-random_dense-1P', 'Equivalence_Line_54: NSGA2-greedy_ting-2P to AGEMOEA2-greedy_ting-1P', 'Equivalence_Line_55: SMSEMOA-random_dense-1P to RVEA-random_dense-1P', 'Equivalence_Line_56: SPEA2-greedy_ting-HUX to RVEA-greedy_ting-2P', 'Equivalence_Line_57: SPEA2-greedy_ting-UX to RVEA-greedy_ting-HUX', 'Equivalence_Line_58: NSGA2-greedy_ting-1P to RVEA-greedy_ting-UX', 'Equivalence_Line_59: NSGA2-random_dense-2P to RVEA-greedy_ting-1P']"
UNSGA3-greedy_ting-HUX,0.0198918007936162,"['Equivalence_Line_1: SMSEMOA-greedy_multi-UX to RVEA-greedy_multi-2P', 'Equivalence_Line_2: SMSEMOA-greedy_multi-HUX to RVEA-greedy_multi-HUX', 'Equivalence_Line_3: SMSEMOA-greedy_multi-2P to RVEA-greedy_multi-UX', 'Equivalence_Line_4: NSGA3-greedy_multi-UX to SMSEMOA-random_dense-UX', 'Equivalence_Line_5: UNSGA3-greedy_multi-UX to SMSEMOA-random_dense-HUX', 'Equivalence_Line_6: SMSEMOA-greedy_multi-1P to SMSEMOA-greedy_ting-HUX', 'Equivalence_Line_7: NSGA3-greedy_multi-HUX to SMSEMOA-greedy_ting-UX', 'Equivalence_Line_8: UNSGA3-greedy_multi-HUX to UNSGA3-random_dense-UX', 'Equivalence_Line_9: SPEA2-greedy_multi-1P to NSGA3-random_dense-HUX', 'Equivalence_Line_10: NSGA3-greedy_multi-1P to NSGA3-random_dense-UX', 'Equivalence_Line_11: SPEA2-greedy_multi-2P to UNSGA3-random_dense-HUX', 'Equivalence_Line_12: NSGA3-greedy_multi-2P to SMSEMOA-greedy_ting-2P', 'Equivalence_Line_13: UNSGA3-greedy_multi-1P to SMSEMOA-greedy_ting-1P', 'Equivalence_Line_14: UNSGA3-greedy_multi-2P to NSGA2-random_dense-HUX', 'Equivalence_Line_15: NSGA2-greedy_multi-HUX to NSGA2-random_dense-UX', 'Equivalence_Line_16: AGEMOEA2-greedy_multi-1P to NSGA3-greedy_ting-HUX', 'Equivalence_Line_17: NSGA2-greedy_multi-UX to UNSGA3-greedy_ting-HUX', 'Equivalence_Line_18: SPEA2-greedy_multi-UX to SMSEMOA-random_dense-2P', 'Equivalence_Line_19: NSGA2-greedy_multi-2P to NSGA3-greedy_ting-UX', 'Equivalence_Line_20: AGEMOEA2-greedy_multi-2P to UNSGA3-greedy_ting-UX', 'Equivalence_Line_21: NSGA2-greedy_multi-1P to RVEA-random_dense-HUX', 'Equivalence_Line_22: AGEMOEA2-greedy_multi-UX to NSGA2-greedy_ting-HUX', 'Equivalence_Line_23: AGEMOEA2-greedy_multi-HUX to NSGA2-greedy_ting-UX', 'Equivalence_Line_24: SPEA2-greedy_multi-HUX to RVEA-random_dense-UX', 'Equivalence_Line_25: RVEA-greedy_multi-1P to AGEMOEA2-random_dense-UX', 'Equivalence_Line_26: RVEA-greedy_multi-2P to AGEMOEA2-random_dense-HUX', 'Equivalence_Line_27: RVEA-greedy_multi-HUX to SPEA2-random_dense-UX', 'Equivalence_Line_28: RVEA-greedy_multi-UX to SPEA2-random_dense-HUX', 'Equivalence_Line_29: SMSEMOA-random_dense-UX to NSGA2-greedy_ting-2P', 'Equivalence_Line_30: SMSEMOA-random_dense-HUX to SMSEMOA-random_dense-1P', 'Equivalence_Line_31: SMSEMOA-greedy_ting-HUX to SPEA2-greedy_ting-HUX', 'Equivalence_Line_32: SMSEMOA-greedy_ting-UX to SPEA2-greedy_ting-UX', 'Equivalence_Line_33: UNSGA3-random_dense-UX to NSGA2-greedy_ting-1P', 'Equivalence_Line_34: NSGA3-random_dense-HUX to NSGA2-random_dense-2P', 'Equivalence_Line_35: NSGA3-random_dense-UX to AGEMOEA2-greedy_ting-HUX', 'Equivalence_Line_36: UNSGA3-random_dense-HUX to AGEMOEA2-greedy_ting-UX', 'Equivalence_Line_37: SMSEMOA-greedy_ting-2P to UNSGA3-random_dense-2P', 'Equivalence_Line_38: SMSEMOA-greedy_ting-1P to NSGA3-random_dense-2P', 'Equivalence_Line_39: NSGA2-random_dense-HUX to SPEA2-greedy_ting-2P', 'Equivalence_Line_40: NSGA2-random_dense-UX to SPEA2-random_dense-2P', 'Equivalence_Line_41: NSGA3-greedy_ting-HUX to NSGA2-random_dense-1P', 'Equivalence_Line_42: UNSGA3-greedy_ting-HUX to UNSGA3-greedy_ting-2P', 'Equivalence_Line_43: SMSEMOA-random_dense-2P to NSGA3-greedy_ting-2P', 'Equivalence_Line_44: NSGA3-greedy_ting-UX to AGEMOEA2-random_dense-2P', 'Equivalence_Line_45: UNSGA3-greedy_ting-UX to RVEA-random_dense-2P', 'Equivalence_Line_46: RVEA-random_dense-HUX to NSGA3-random_dense-1P', 'Equivalence_Line_47: NSGA2-greedy_ting-HUX to NSGA3-greedy_ting-1P', 'Equivalence_Line_48: NSGA2-greedy_ting-UX to AGEMOEA2-greedy_ting-2P', 'Equivalence_Line_49: RVEA-random_dense-UX to UNSGA3-random_dense-1P', 'Equivalence_Line_50: AGEMOEA2-random_dense-UX to UNSGA3-greedy_ting-1P', 'Equivalence_Line_51: AGEMOEA2-random_dense-HUX to AGEMOEA2-random_dense-1P', 'Equivalence_Line_52: SPEA2-random_dense-UX to SPEA2-greedy_ting-1P', 'Equivalence_Line_53: SPEA2-random_dense-HUX to SPEA2-random_dense-1P', 'Equivalence_Line_54: NSGA2-greedy_ting-2P to AGEMOEA2-greedy_ting-1P', 'Equivalence_Line_55: SMSEMOA-random_dense-1P to RVEA-random_dense-1P', 'Equivalence_Line_56: SPEA2-greedy_ting-HUX to RVEA-greedy_ting-2P', 'Equivalence_Line_57: SPEA2-greedy_ting-UX to RVEA-greedy_ting-HUX', 'Equivalence_Line_58: NSGA2-greedy_ting-1P to RVEA-greedy_ting-UX', 'Equivalence_Line_59: NSGA2-random_dense-2P to RVEA-greedy_ting-1P']"
SMSEMOA-random_dense-2P,0.0203659093670826,"['Equivalence_Line_1: SMSEMOA-greedy_multi-UX to RVEA-greedy_multi-2P', 'Equivalence_Line_2: SMSEMOA-greedy_multi-HUX to RVEA-greedy_multi-HUX', 'Equivalence_Line_3: SMSEMOA-greedy_multi-2P to RVEA-greedy_multi-UX', 'Equivalence_Line_4: NSGA3-greedy_multi-UX to SMSEMOA-random_dense-UX', 'Equivalence_Line_5: UNSGA3-greedy_multi-UX to SMSEMOA-random_dense-HUX', 'Equivalence_Line_6: SMSEMOA-greedy_multi-1P to SMSEMOA-greedy_ting-HUX', 'Equivalence_Line_7: NSGA3-greedy_multi-HUX to SMSEMOA-greedy_ting-UX', 'Equivalence_Line_8: UNSGA3-greedy_multi-HUX to UNSGA3-random_dense-UX', 'Equivalence_Line_9: SPEA2-greedy_multi-1P to NSGA3-random_dense-HUX', 'Equivalence_Line_10: NSGA3-greedy_multi-1P to NSGA3-random_dense-UX', 'Equivalence_Line_11: SPEA2-greedy_multi-2P to UNSGA3-random_dense-HUX', 'Equivalence_Line_12: NSGA3-greedy_multi-2P to SMSEMOA-greedy_ting-2P', 'Equivalence_Line_13: UNSGA3-greedy_multi-1P to SMSEMOA-greedy_ting-1P', 'Equivalence_Line_14: UNSGA3-greedy_multi-2P to NSGA2-random_dense-HUX', 'Equivalence_Line_15: NSGA2-greedy_multi-HUX to NSGA2-random_dense-UX', 'Equivalence_Line_16: AGEMOEA2-greedy_multi-1P to NSGA3-greedy_ting-HUX', 'Equivalence_Line_17: NSGA2-greedy_multi-UX to UNSGA3-greedy_ting-HUX', 'Equivalence_Line_18: SPEA2-greedy_multi-UX to SMSEMOA-random_dense-2P', 'Equivalence_Line_19: NSGA2-greedy_multi-2P to NSGA3-greedy_ting-UX', 'Equivalence_Line_20: AGEMOEA2-greedy_multi-2P to UNSGA3-greedy_ting-UX', 'Equivalence_Line_21: NSGA2-greedy_multi-1P to RVEA-random_dense-HUX', 'Equivalence_Line_22: AGEMOEA2-greedy_multi-UX to NSGA2-greedy_ting-HUX', 'Equivalence_Line_23: AGEMOEA2-greedy_multi-HUX to NSGA2-greedy_ting-UX', 'Equivalence_Line_24: SPEA2-greedy_multi-HUX to RVEA-random_dense-UX', 'Equivalence_Line_25: RVEA-greedy_multi-1P to AGEMOEA2-random_dense-UX', 'Equivalence_Line_26: RVEA-greedy_multi-2P to AGEMOEA2-random_dense-HUX', 'Equivalence_Line_27: RVEA-greedy_multi-HUX to SPEA2-random_dense-UX', 'Equivalence_Line_28: RVEA-greedy_multi-UX to SPEA2-random_dense-HUX', 'Equivalence_Line_29: SMSEMOA-random_dense-UX to NSGA2-greedy_ting-2P', 'Equivalence_Line_30: SMSEMOA-random_dense-HUX to SMSEMOA-random_dense-1P', 'Equivalence_Line_31: SMSEMOA-greedy_ting-HUX to SPEA2-greedy_ting-HUX', 'Equivalence_Line_32: SMSEMOA-greedy_ting-UX to SPEA2-greedy_ting-UX', 'Equivalence_Line_33: UNSGA3-random_dense-UX to NSGA2-greedy_ting-1P', 'Equivalence_Line_34: NSGA3-random_dense-HUX to NSGA2-random_dense-2P', 'Equivalence_Line_35: NSGA3-random_dense-UX to AGEMOEA2-greedy_ting-HUX', 'Equivalence_Line_36: UNSGA3-random_dense-HUX to AGEMOEA2-greedy_ting-UX', 'Equivalence_Line_37: SMSEMOA-greedy_ting-2P to UNSGA3-random_dense-2P', 'Equivalence_Line_38: SMSEMOA-greedy_ting-1P to NSGA3-random_dense-2P', 'Equivalence_Line_39: NSGA2-random_dense-HUX to SPEA2-greedy_ting-2P', 'Equivalence_Line_40: NSGA2-random_dense-UX to SPEA2-random_dense-2P', 'Equivalence_Line_41: NSGA3-greedy_ting-HUX to NSGA2-random_dense-1P', 'Equivalence_Line_42: UNSGA3-greedy_ting-HUX to UNSGA3-greedy_ting-2P', 'Equivalence_Line_43: SMSEMOA-random_dense-2P to NSGA3-greedy_ting-2P', 'Equivalence_Line_44: NSGA3-greedy_ting-UX to AGEMOEA2-random_dense-2P', 'Equivalence_Line_45: UNSGA3-greedy_ting-UX to RVEA-random_dense-2P', 'Equivalence_Line_46: RVEA-random_dense-HUX to NSGA3-random_dense-1P', 'Equivalence_Line_47: NSGA2-greedy_ting-HUX to NSGA3-greedy_ting-1P', 'Equivalence_Line_48: NSGA2-greedy_ting-UX to AGEMOEA2-greedy_ting-2P', 'Equivalence_Line_49: RVEA-random_dense-UX to UNSGA3-random_dense-1P', 'Equivalence_Line_50: AGEMOEA2-random_dense-UX to UNSGA3-greedy_ting-1P', 'Equivalence_Line_51: AGEMOEA2-random_dense-HUX to AGEMOEA2-random_dense-1P', 'Equivalence_Line_52: SPEA2-random_dense-UX to SPEA2-greedy_ting-1P', 'Equivalence_Line_53: SPEA2-random_dense-HUX to SPEA2-random_dense-1P', 'Equivalence_Line_54: NSGA2-greedy_ting-2P to AGEMOEA2-greedy_ting-1P', 'Equivalence_Line_55: SMSEMOA-random_dense-1P to RVEA-random_dense-1P', 'Equivalence_Line_56: SPEA2-greedy_ting-HUX to RVEA-greedy_ting-2P', 'Equivalence_Line_57: SPEA2-greedy_ting-UX to RVEA-greedy_ting-HUX', 'Equivalence_Line_58: NSGA2-greedy_ting-1P to RVEA-greedy_ting-UX', 'Equivalence_Line_59: NSGA2-random_dense-2P to RVEA-greedy_ting-1P']"
NSGA3-greedy_ting-UX,0.0205264725160273,"['Equivalence_Line_1: SMSEMOA-greedy_multi-UX to RVEA-greedy_multi-2P', 'Equivalence_Line_2: SMSEMOA-greedy_multi-HUX to RVEA-greedy_multi-HUX', 'Equivalence_Line_3: SMSEMOA-greedy_multi-2P to RVEA-greedy_multi-UX', 'Equivalence_Line_4: NSGA3-greedy_multi-UX to SMSEMOA-random_dense-UX', 'Equivalence_Line_5: UNSGA3-greedy_multi-UX to SMSEMOA-random_dense-HUX', 'Equivalence_Line_6: SMSEMOA-greedy_multi-1P to SMSEMOA-greedy_ting-HUX', 'Equivalence_Line_7: NSGA3-greedy_multi-HUX to SMSEMOA-greedy_ting-UX', 'Equivalence_Line_8: UNSGA3-greedy_multi-HUX to UNSGA3-random_dense-UX', 'Equivalence_Line_9: SPEA2-greedy_multi-1P to NSGA3-random_dense-HUX', 'Equivalence_Line_10: NSGA3-greedy_multi-1P to NSGA3-random_dense-UX', 'Equivalence_Line_11: SPEA2-greedy_multi-2P to UNSGA3-random_dense-HUX', 'Equivalence_Line_12: NSGA3-greedy_multi-2P to SMSEMOA-greedy_ting-2P', 'Equivalence_Line_13: UNSGA3-greedy_multi-1P to SMSEMOA-greedy_ting-1P', 'Equivalence_Line_14: UNSGA3-greedy_multi-2P to NSGA2-random_dense-HUX', 'Equivalence_Line_15: NSGA2-greedy_multi-HUX to NSGA2-random_dense-UX', 'Equivalence_Line_16: AGEMOEA2-greedy_multi-1P to NSGA3-greedy_ting-HUX', 'Equivalence_Line_17: NSGA2-greedy_multi-UX to UNSGA3-greedy_ting-HUX', 'Equivalence_Line_18: SPEA2-greedy_multi-UX to SMSEMOA-random_dense-2P', 'Equivalence_Line_19: NSGA2-greedy_multi-2P to NSGA3-greedy_ting-UX', 'Equivalence_Line_20: AGEMOEA2-greedy_multi-2P to UNSGA3-greedy_ting-UX', 'Equivalence_Line_21: NSGA2-greedy_multi-1P to RVEA-random_dense-HUX', 'Equivalence_Line_22: AGEMOEA2-greedy_multi-UX to NSGA2-greedy_ting-HUX', 'Equivalence_Line_23: AGEMOEA2-greedy_multi-HUX to NSGA2-greedy_ting-UX', 'Equivalence_Line_24: SPEA2-greedy_multi-HUX to RVEA-random_dense-UX', 'Equivalence_Line_25: RVEA-greedy_multi-1P to AGEMOEA2-random_dense-UX', 'Equivalence_Line_26: RVEA-greedy_multi-2P to AGEMOEA2-random_dense-HUX', 'Equivalence_Line_27: RVEA-greedy_multi-HUX to SPEA2-random_dense-UX', 'Equivalence_Line_28: RVEA-greedy_multi-UX to SPEA2-random_dense-HUX', 'Equivalence_Line_29: SMSEMOA-random_dense-UX to NSGA2-greedy_ting-2P', 'Equivalence_Line_30: SMSEMOA-random_dense-HUX to SMSEMOA-random_dense-1P', 'Equivalence_Line_31: SMSEMOA-greedy_ting-HUX to SPEA2-greedy_ting-HUX', 'Equivalence_Line_32: SMSEMOA-greedy_ting-UX to SPEA2-greedy_ting-UX', 'Equivalence_Line_33: UNSGA3-random_dense-UX to NSGA2-greedy_ting-1P', 'Equivalence_Line_34: NSGA3-random_dense-HUX to NSGA2-random_dense-2P', 'Equivalence_Line_35: NSGA3-random_dense-UX to AGEMOEA2-greedy_ting-HUX', 'Equivalence_Line_36: UNSGA3-random_dense-HUX to AGEMOEA2-greedy_ting-UX', 'Equivalence_Line_37: SMSEMOA-greedy_ting-2P to UNSGA3-random_dense-2P', 'Equivalence_Line_38: SMSEMOA-greedy_ting-1P to NSGA3-random_dense-2P', 'Equivalence_Line_39: NSGA2-random_dense-HUX to SPEA2-greedy_ting-2P', 'Equivalence_Line_40: NSGA2-random_dense-UX to SPEA2-random_dense-2P', 'Equivalence_Line_41: NSGA3-greedy_ting-HUX to NSGA2-random_dense-1P', 'Equivalence_Line_42: UNSGA3-greedy_ting-HUX to UNSGA3-greedy_ting-2P', 'Equivalence_Line_43: SMSEMOA-random_dense-2P to NSGA3-greedy_ting-2P', 'Equivalence_Line_44: NSGA3-greedy_ting-UX to AGEMOEA2-random_dense-2P', 'Equivalence_Line_45: UNSGA3-greedy_ting-UX to RVEA-random_dense-2P', 'Equivalence_Line_46: RVEA-random_dense-HUX to NSGA3-random_dense-1P', 'Equivalence_Line_47: NSGA2-greedy_ting-HUX to NSGA3-greedy_ting-1P', 'Equivalence_Line_48: NSGA2-greedy_ting-UX to AGEMOEA2-greedy_ting-2P', 'Equivalence_Line_49: RVEA-random_dense-UX to UNSGA3-random_dense-1P', 'Equivalence_Line_50: AGEMOEA2-random_dense-UX to UNSGA3-greedy_ting-1P', 'Equivalence_Line_51: AGEMOEA2-random_dense-HUX to AGEMOEA2-random_dense-1P', 'Equivalence_Line_52: SPEA2-random_dense-UX to SPEA2-greedy_ting-1P', 'Equivalence_Line_53: SPEA2-random_dense-HUX to SPEA2-random_dense-1P', 'Equivalence_Line_54: NSGA2-greedy_ting-2P to AGEMOEA2-greedy_ting-1P', 'Equivalence_Line_55: SMSEMOA-random_dense-1P to RVEA-random_dense-1P', 'Equivalence_Line_56: SPEA2-greedy_ting-HUX to RVEA-greedy_ting-2P', 'Equivalence_Line_57: SPEA2-greedy_ting-UX to RVEA-greedy_ting-HUX', 'Equivalence_Line_58: NSGA2-greedy_ting-1P to RVEA-greedy_ting-UX', 'Equivalence_Line_59: NSGA2-random_dense-2P to RVEA-greedy_ting-1P']"
UNSGA3-greedy_ting-UX,0.0207630450263258,"['Equivalence_Line_1: SMSEMOA-greedy_multi-UX to RVEA-greedy_multi-2P', 'Equivalence_Line_2: SMSEMOA-greedy_multi-HUX to RVEA-greedy_multi-HUX', 'Equivalence_Line_3: SMSEMOA-greedy_multi-2P to RVEA-greedy_multi-UX', 'Equivalence_Line_4: NSGA3-greedy_multi-UX to SMSEMOA-random_dense-UX', 'Equivalence_Line_5: UNSGA3-greedy_multi-UX to SMSEMOA-random_dense-HUX', 'Equivalence_Line_6: SMSEMOA-greedy_multi-1P to SMSEMOA-greedy_ting-HUX', 'Equivalence_Line_7: NSGA3-greedy_multi-HUX to SMSEMOA-greedy_ting-UX', 'Equivalence_Line_8: UNSGA3-greedy_multi-HUX to UNSGA3-random_dense-UX', 'Equivalence_Line_9: SPEA2-greedy_multi-1P to NSGA3-random_dense-HUX', 'Equivalence_Line_10: NSGA3-greedy_multi-1P to NSGA3-random_dense-UX', 'Equivalence_Line_11: SPEA2-greedy_multi-2P to UNSGA3-random_dense-HUX', 'Equivalence_Line_12: NSGA3-greedy_multi-2P to SMSEMOA-greedy_ting-2P', 'Equivalence_Line_13: UNSGA3-greedy_multi-1P to SMSEMOA-greedy_ting-1P', 'Equivalence_Line_14: UNSGA3-greedy_multi-2P to NSGA2-random_dense-HUX', 'Equivalence_Line_15: NSGA2-greedy_multi-HUX to NSGA2-random_dense-UX', 'Equivalence_Line_16: AGEMOEA2-greedy_multi-1P to NSGA3-greedy_ting-HUX', 'Equivalence_Line_17: NSGA2-greedy_multi-UX to UNSGA3-greedy_ting-HUX', 'Equivalence_Line_18: SPEA2-greedy_multi-UX to SMSEMOA-random_dense-2P', 'Equivalence_Line_19: NSGA2-greedy_multi-2P to NSGA3-greedy_ting-UX', 'Equivalence_Line_20: AGEMOEA2-greedy_multi-2P to UNSGA3-greedy_ting-UX', 'Equivalence_Line_21: NSGA2-greedy_multi-1P to RVEA-random_dense-HUX', 'Equivalence_Line_22: AGEMOEA2-greedy_multi-UX to NSGA2-greedy_ting-HUX', 'Equivalence_Line_23: AGEMOEA2-greedy_multi-HUX to NSGA2-greedy_ting-UX', 'Equivalence_Line_24: SPEA2-greedy_multi-HUX to RVEA-random_dense-UX', 'Equivalence_Line_25: RVEA-greedy_multi-1P to AGEMOEA2-random_dense-UX', 'Equivalence_Line_26: RVEA-greedy_multi-2P to AGEMOEA2-random_dense-HUX', 'Equivalence_Line_27: RVEA-greedy_multi-HUX to SPEA2-random_dense-UX', 'Equivalence_Line_28: RVEA-greedy_multi-UX to SPEA2-random_dense-HUX', 'Equivalence_Line_29: SMSEMOA-random_dense-UX to NSGA2-greedy_ting-2P', 'Equivalence_Line_30: SMSEMOA-random_dense-HUX to SMSEMOA-random_dense-1P', 'Equivalence_Line_31: SMSEMOA-greedy_ting-HUX to SPEA2-greedy_ting-HUX', 'Equivalence_Line_32: SMSEMOA-greedy_ting-UX to SPEA2-greedy_ting-UX', 'Equivalence_Line_33: UNSGA3-random_dense-UX to NSGA2-greedy_ting-1P', 'Equivalence_Line_34: NSGA3-random_dense-HUX to NSGA2-random_dense-2P', 'Equivalence_Line_35: NSGA3-random_dense-UX to AGEMOEA2-greedy_ting-HUX', 'Equivalence_Line_36: UNSGA3-random_dense-HUX to AGEMOEA2-greedy_ting-UX', 'Equivalence_Line_37: SMSEMOA-greedy_ting-2P to UNSGA3-random_dense-2P', 'Equivalence_Line_38: SMSEMOA-greedy_ting-1P to NSGA3-random_dense-2P', 'Equivalence_Line_39: NSGA2-random_dense-HUX to SPEA2-greedy_ting-2P', 'Equivalence_Line_40: NSGA2-random_dense-UX to SPEA2-random_dense-2P', 'Equivalence_Line_41: NSGA3-greedy_ting-HUX to NSGA2-random_dense-1P', 'Equivalence_Line_42: UNSGA3-greedy_ting-HUX to UNSGA3-greedy_ting-2P', 'Equivalence_Line_43: SMSEMOA-random_dense-2P to NSGA3-greedy_ting-2P', 'Equivalence_Line_44: NSGA3-greedy_ting-UX to AGEMOEA2-random_dense-2P', 'Equivalence_Line_45: UNSGA3-greedy_ting-UX to RVEA-random_dense-2P', 'Equivalence_Line_46: RVEA-random_dense-HUX to NSGA3-random_dense-1P', 'Equivalence_Line_47: NSGA2-greedy_ting-HUX to NSGA3-greedy_ting-1P', 'Equivalence_Line_48: NSGA2-greedy_ting-UX to AGEMOEA2-greedy_ting-2P', 'Equivalence_Line_49: RVEA-random_dense-UX to UNSGA3-random_dense-1P', 'Equivalence_Line_50: AGEMOEA2-random_dense-UX to UNSGA3-greedy_ting-1P', 'Equivalence_Line_51: AGEMOEA2-random_dense-HUX to AGEMOEA2-random_dense-1P', 'Equivalence_Line_52: SPEA2-random_dense-UX to SPEA2-greedy_ting-1P', 'Equivalence_Line_53: SPEA2-random_dense-HUX to SPEA2-random_dense-1P', 'Equivalence_Line_54: NSGA2-greedy_ting-2P to AGEMOEA2-greedy_ting-1P', 'Equivalence_Line_55: SMSEMOA-random_dense-1P to RVEA-random_dense-1P', 'Equivalence_Line_56: SPEA2-greedy_ting-HUX to RVEA-greedy_ting-2P', 'Equivalence_Line_57: SPEA2-greedy_ting-UX to RVEA-greedy_ting-HUX', 'Equivalence_Line_58: NSGA2-greedy_ting-1P to RVEA-greedy_ting-UX', 'Equivalence_Line_59: NSGA2-random_dense-2P to RVEA-greedy_ting-1P']"
RVEA-random_dense-HUX,0.0216621348349324,"['Equivalence_Line_1: SMSEMOA-greedy_multi-UX to RVEA-greedy_multi-2P', 'Equivalence_Line_2: SMSEMOA-greedy_multi-HUX to RVEA-greedy_multi-HUX', 'Equivalence_Line_3: SMSEMOA-greedy_multi-2P to RVEA-greedy_multi-UX', 'Equivalence_Line_4: NSGA3-greedy_multi-UX to SMSEMOA-random_dense-UX', 'Equivalence_Line_5: UNSGA3-greedy_multi-UX to SMSEMOA-random_dense-HUX', 'Equivalence_Line_6: SMSEMOA-greedy_multi-1P to SMSEMOA-greedy_ting-HUX', 'Equivalence_Line_7: NSGA3-greedy_multi-HUX to SMSEMOA-greedy_ting-UX', 'Equivalence_Line_8: UNSGA3-greedy_multi-HUX to UNSGA3-random_dense-UX', 'Equivalence_Line_9: SPEA2-greedy_multi-1P to NSGA3-random_dense-HUX', 'Equivalence_Line_10: NSGA3-greedy_multi-1P to NSGA3-random_dense-UX', 'Equivalence_Line_11: SPEA2-greedy_multi-2P to UNSGA3-random_dense-HUX', 'Equivalence_Line_12: NSGA3-greedy_multi-2P to SMSEMOA-greedy_ting-2P', 'Equivalence_Line_13: UNSGA3-greedy_multi-1P to SMSEMOA-greedy_ting-1P', 'Equivalence_Line_14: UNSGA3-greedy_multi-2P to NSGA2-random_dense-HUX', 'Equivalence_Line_15: NSGA2-greedy_multi-HUX to NSGA2-random_dense-UX', 'Equivalence_Line_16: AGEMOEA2-greedy_multi-1P to NSGA3-greedy_ting-HUX', 'Equivalence_Line_17: NSGA2-greedy_multi-UX to UNSGA3-greedy_ting-HUX', 'Equivalence_Line_18: SPEA2-greedy_multi-UX to SMSEMOA-random_dense-2P', 'Equivalence_Line_19: NSGA2-greedy_multi-2P to NSGA3-greedy_ting-UX', 'Equivalence_Line_20: AGEMOEA2-greedy_multi-2P to UNSGA3-greedy_ting-UX', 'Equivalence_Line_21: NSGA2-greedy_multi-1P to RVEA-random_dense-HUX', 'Equivalence_Line_22: AGEMOEA2-greedy_multi-UX to NSGA2-greedy_ting-HUX', 'Equivalence_Line_23: AGEMOEA2-greedy_multi-HUX to NSGA2-greedy_ting-UX', 'Equivalence_Line_24: SPEA2-greedy_multi-HUX to RVEA-random_dense-UX', 'Equivalence_Line_25: RVEA-greedy_multi-1P to AGEMOEA2-random_dense-UX', 'Equivalence_Line_26: RVEA-greedy_multi-2P to AGEMOEA2-random_dense-HUX', 'Equivalence_Line_27: RVEA-greedy_multi-HUX to SPEA2-random_dense-UX', 'Equivalence_Line_28: RVEA-greedy_multi-UX to SPEA2-random_dense-HUX', 'Equivalence_Line_29: SMSEMOA-random_dense-UX to NSGA2-greedy_ting-2P', 'Equivalence_Line_30: SMSEMOA-random_dense-HUX to SMSEMOA-random_dense-1P', 'Equivalence_Line_31: SMSEMOA-greedy_ting-HUX to SPEA2-greedy_ting-HUX', 'Equivalence_Line_32: SMSEMOA-greedy_ting-UX to SPEA2-greedy_ting-UX', 'Equivalence_Line_33: UNSGA3-random_dense-UX to NSGA2-greedy_ting-1P', 'Equivalence_Line_34: NSGA3-random_dense-HUX to NSGA2-random_dense-2P', 'Equivalence_Line_35: NSGA3-random_dense-UX to AGEMOEA2-greedy_ting-HUX', 'Equivalence_Line_36: UNSGA3-random_dense-HUX to AGEMOEA2-greedy_ting-UX', 'Equivalence_Line_37: SMSEMOA-greedy_ting-2P to UNSGA3-random_dense-2P', 'Equivalence_Line_38: SMSEMOA-greedy_ting-1P to NSGA3-random_dense-2P', 'Equivalence_Line_39: NSGA2-random_dense-HUX to SPEA2-greedy_ting-2P', 'Equivalence_Line_40: NSGA2-random_dense-UX to SPEA2-random_dense-2P', 'Equivalence_Line_41: NSGA3-greedy_ting-HUX to NSGA2-random_dense-1P', 'Equivalence_Line_42: UNSGA3-greedy_ting-HUX to UNSGA3-greedy_ting-2P', 'Equivalence_Line_43: SMSEMOA-random_dense-2P to NSGA3-greedy_ting-2P', 'Equivalence_Line_44: NSGA3-greedy_ting-UX to AGEMOEA2-random_dense-2P', 'Equivalence_Line_45: UNSGA3-greedy_ting-UX to RVEA-random_dense-2P', 'Equivalence_Line_46: RVEA-random_dense-HUX to NSGA3-random_dense-1P', 'Equivalence_Line_47: NSGA2-greedy_ting-HUX to NSGA3-greedy_ting-1P', 'Equivalence_Line_48: NSGA2-greedy_ting-UX to AGEMOEA2-greedy_ting-2P', 'Equivalence_Line_49: RVEA-random_dense-UX to UNSGA3-random_dense-1P', 'Equivalence_Line_50: AGEMOEA2-random_dense-UX to UNSGA3-greedy_ting-1P', 'Equivalence_Line_51: AGEMOEA2-random_dense-HUX to AGEMOEA2-random_dense-1P', 'Equivalence_Line_52: SPEA2-random_dense-UX to SPEA2-greedy_ting-1P', 'Equivalence_Line_53: SPEA2-random_dense-HUX to SPEA2-random_dense-1P', 'Equivalence_Line_54: NSGA2-greedy_ting-2P to AGEMOEA2-greedy_ting-1P', 'Equivalence_Line_55: SMSEMOA-random_dense-1P to RVEA-random_dense-1P', 'Equivalence_Line_56: SPEA2-greedy_ting-HUX to RVEA-greedy_ting-2P', 'Equivalence_Line_57: SPEA2-greedy_ting-UX to RVEA-greedy_ting-HUX', 'Equivalence_Line_58: NSGA2-greedy_ting-1P to RVEA-greedy_ting-UX', 'Equivalence_Line_59: NSGA2-random_dense-2P to RVEA-greedy_ting-1P']"
NSGA2-greedy_ting-HUX,0.0217024670891356,"['Equivalence_Line_1: SMSEMOA-greedy_multi-UX to RVEA-greedy_multi-2P', 'Equivalence_Line_2: SMSEMOA-greedy_multi-HUX to RVEA-greedy_multi-HUX', 'Equivalence_Line_3: SMSEMOA-greedy_multi-2P to RVEA-greedy_multi-UX', 'Equivalence_Line_4: NSGA3-greedy_multi-UX to SMSEMOA-random_dense-UX', 'Equivalence_Line_5: UNSGA3-greedy_multi-UX to SMSEMOA-random_dense-HUX', 'Equivalence_Line_6: SMSEMOA-greedy_multi-1P to SMSEMOA-greedy_ting-HUX', 'Equivalence_Line_7: NSGA3-greedy_multi-HUX to SMSEMOA-greedy_ting-UX', 'Equivalence_Line_8: UNSGA3-greedy_multi-HUX to UNSGA3-random_dense-UX', 'Equivalence_Line_9: SPEA2-greedy_multi-1P to NSGA3-random_dense-HUX', 'Equivalence_Line_10: NSGA3-greedy_multi-1P to NSGA3-random_dense-UX', 'Equivalence_Line_11: SPEA2-greedy_multi-2P to UNSGA3-random_dense-HUX', 'Equivalence_Line_12: NSGA3-greedy_multi-2P to SMSEMOA-greedy_ting-2P', 'Equivalence_Line_13: UNSGA3-greedy_multi-1P to SMSEMOA-greedy_ting-1P', 'Equivalence_Line_14: UNSGA3-greedy_multi-2P to NSGA2-random_dense-HUX', 'Equivalence_Line_15: NSGA2-greedy_multi-HUX to NSGA2-random_dense-UX', 'Equivalence_Line_16: AGEMOEA2-greedy_multi-1P to NSGA3-greedy_ting-HUX', 'Equivalence_Line_17: NSGA2-greedy_multi-UX to UNSGA3-greedy_ting-HUX', 'Equivalence_Line_18: SPEA2-greedy_multi-UX to SMSEMOA-random_dense-2P', 'Equivalence_Line_19: NSGA2-greedy_multi-2P to NSGA3-greedy_ting-UX', 'Equivalence_Line_20: AGEMOEA2-greedy_multi-2P to UNSGA3-greedy_ting-UX', 'Equivalence_Line_21: NSGA2-greedy_multi-1P to RVEA-random_dense-HUX', 'Equivalence_Line_22: AGEMOEA2-greedy_multi-UX to NSGA2-greedy_ting-HUX', 'Equivalence_Line_23: AGEMOEA2-greedy_multi-HUX to NSGA2-greedy_ting-UX', 'Equivalence_Line_24: SPEA2-greedy_multi-HUX to RVEA-random_dense-UX', 'Equivalence_Line_25: RVEA-greedy_multi-1P to AGEMOEA2-random_dense-UX', 'Equivalence_Line_26: RVEA-greedy_multi-2P to AGEMOEA2-random_dense-HUX', 'Equivalence_Line_27: RVEA-greedy_multi-HUX to SPEA2-random_dense-UX', 'Equivalence_Line_28: RVEA-greedy_multi-UX to SPEA2-random_dense-HUX', 'Equivalence_Line_29: SMSEMOA-random_dense-UX to NSGA2-greedy_ting-2P', 'Equivalence_Line_30: SMSEMOA-random_dense-HUX to SMSEMOA-random_dense-1P', 'Equivalence_Line_31: SMSEMOA-greedy_ting-HUX to SPEA2-greedy_ting-HUX', 'Equivalence_Line_32: SMSEMOA-greedy_ting-UX to SPEA2-greedy_ting-UX', 'Equivalence_Line_33: UNSGA3-random_dense-UX to NSGA2-greedy_ting-1P', 'Equivalence_Line_34: NSGA3-random_dense-HUX to NSGA2-random_dense-2P', 'Equivalence_Line_35: NSGA3-random_dense-UX to AGEMOEA2-greedy_ting-HUX', 'Equivalence_Line_36: UNSGA3-random_dense-HUX to AGEMOEA2-greedy_ting-UX', 'Equivalence_Line_37: SMSEMOA-greedy_ting-2P to UNSGA3-random_dense-2P', 'Equivalence_Line_38: SMSEMOA-greedy_ting-1P to NSGA3-random_dense-2P', 'Equivalence_Line_39: NSGA2-random_dense-HUX to SPEA2-greedy_ting-2P', 'Equivalence_Line_40: NSGA2-random_dense-UX to SPEA2-random_dense-2P', 'Equivalence_Line_41: NSGA3-greedy_ting-HUX to NSGA2-random_dense-1P', 'Equivalence_Line_42: UNSGA3-greedy_ting-HUX to UNSGA3-greedy_ting-2P', 'Equivalence_Line_43: SMSEMOA-random_dense-2P to NSGA3-greedy_ting-2P', 'Equivalence_Line_44: NSGA3-greedy_ting-UX to AGEMOEA2-random_dense-2P', 'Equivalence_Line_45: UNSGA3-greedy_ting-UX to RVEA-random_dense-2P', 'Equivalence_Line_46: RVEA-random_dense-HUX to NSGA3-random_dense-1P', 'Equivalence_Line_47: NSGA2-greedy_ting-HUX to NSGA3-greedy_ting-1P', 'Equivalence_Line_48: NSGA2-greedy_ting-UX to AGEMOEA2-greedy_ting-2P', 'Equivalence_Line_49: RVEA-random_dense-UX to UNSGA3-random_dense-1P', 'Equivalence_Line_50: AGEMOEA2-random_dense-UX to UNSGA3-greedy_ting-1P', 'Equivalence_Line_51: AGEMOEA2-random_dense-HUX to AGEMOEA2-random_dense-1P', 'Equivalence_Line_52: SPEA2-random_dense-UX to SPEA2-greedy_ting-1P', 'Equivalence_Line_53: SPEA2-random_dense-HUX to SPEA2-random_dense-1P', 'Equivalence_Line_54: NSGA2-greedy_ting-2P to AGEMOEA2-greedy_ting-1P', 'Equivalence_Line_55: SMSEMOA-random_dense-1P to RVEA-random_dense-1P', 'Equivalence_Line_56: SPEA2-greedy_ting-HUX to RVEA-greedy_ting-2P', 'Equivalence_Line_57: SPEA2-greedy_ting-UX to RVEA-greedy_ting-HUX', 'Equivalence_Line_58: NSGA2-greedy_ting-1P to RVEA-greedy_ting-UX', 'Equivalence_Line_59: NSGA2-random_dense-2P to RVEA-greedy_ting-1P']"
NSGA2-greedy_ting-UX,0.0218114274535586,"['Equivalence_Line_1: SMSEMOA-greedy_multi-UX to RVEA-greedy_multi-2P', 'Equivalence_Line_2: SMSEMOA-greedy_multi-HUX to RVEA-greedy_multi-HUX', 'Equivalence_Line_3: SMSEMOA-greedy_multi-2P to RVEA-greedy_multi-UX', 'Equivalence_Line_4: NSGA3-greedy_multi-UX to SMSEMOA-random_dense-UX', 'Equivalence_Line_5: UNSGA3-greedy_multi-UX to SMSEMOA-random_dense-HUX', 'Equivalence_Line_6: SMSEMOA-greedy_multi-1P to SMSEMOA-greedy_ting-HUX', 'Equivalence_Line_7: NSGA3-greedy_multi-HUX to SMSEMOA-greedy_ting-UX', 'Equivalence_Line_8: UNSGA3-greedy_multi-HUX to UNSGA3-random_dense-UX', 'Equivalence_Line_9: SPEA2-greedy_multi-1P to NSGA3-random_dense-HUX', 'Equivalence_Line_10: NSGA3-greedy_multi-1P to NSGA3-random_dense-UX', 'Equivalence_Line_11: SPEA2-greedy_multi-2P to UNSGA3-random_dense-HUX', 'Equivalence_Line_12: NSGA3-greedy_multi-2P to SMSEMOA-greedy_ting-2P', 'Equivalence_Line_13: UNSGA3-greedy_multi-1P to SMSEMOA-greedy_ting-1P', 'Equivalence_Line_14: UNSGA3-greedy_multi-2P to NSGA2-random_dense-HUX', 'Equivalence_Line_15: NSGA2-greedy_multi-HUX to NSGA2-random_dense-UX', 'Equivalence_Line_16: AGEMOEA2-greedy_multi-1P to NSGA3-greedy_ting-HUX', 'Equivalence_Line_17: NSGA2-greedy_multi-UX to UNSGA3-greedy_ting-HUX', 'Equivalence_Line_18: SPEA2-greedy_multi-UX to SMSEMOA-random_dense-2P', 'Equivalence_Line_19: NSGA2-greedy_multi-2P to NSGA3-greedy_ting-UX', 'Equivalence_Line_20: AGEMOEA2-greedy_multi-2P to UNSGA3-greedy_ting-UX', 'Equivalence_Line_21: NSGA2-greedy_multi-1P to RVEA-random_dense-HUX', 'Equivalence_Line_22: AGEMOEA2-greedy_multi-UX to NSGA2-greedy_ting-HUX', 'Equivalence_Line_23: AGEMOEA2-greedy_multi-HUX to NSGA2-greedy_ting-UX', 'Equivalence_Line_24: SPEA2-greedy_multi-HUX to RVEA-random_dense-UX', 'Equivalence_Line_25: RVEA-greedy_multi-1P to AGEMOEA2-random_dense-UX', 'Equivalence_Line_26: RVEA-greedy_multi-2P to AGEMOEA2-random_dense-HUX', 'Equivalence_Line_27: RVEA-greedy_multi-HUX to SPEA2-random_dense-UX', 'Equivalence_Line_28: RVEA-greedy_multi-UX to SPEA2-random_dense-HUX', 'Equivalence_Line_29: SMSEMOA-random_dense-UX to NSGA2-greedy_ting-2P', 'Equivalence_Line_30: SMSEMOA-random_dense-HUX to SMSEMOA-random_dense-1P', 'Equivalence_Line_31: SMSEMOA-greedy_ting-HUX to SPEA2-greedy_ting-HUX', 'Equivalence_Line_32: SMSEMOA-greedy_ting-UX to SPEA2-greedy_ting-UX', 'Equivalence_Line_33: UNSGA3-random_dense-UX to NSGA2-greedy_ting-1P', 'Equivalence_Line_34: NSGA3-random_dense-HUX to NSGA2-random_dense-2P', 'Equivalence_Line_35: NSGA3-random_dense-UX to AGEMOEA2-greedy_ting-HUX', 'Equivalence_Line_36: UNSGA3-random_dense-HUX to AGEMOEA2-greedy_ting-UX', 'Equivalence_Line_37: SMSEMOA-greedy_ting-2P to UNSGA3-random_dense-2P', 'Equivalence_Line_38: SMSEMOA-greedy_ting-1P to NSGA3-random_dense-2P', 'Equivalence_Line_39: NSGA2-random_dense-HUX to SPEA2-greedy_ting-2P', 'Equivalence_Line_40: NSGA2-random_dense-UX to SPEA2-random_dense-2P', 'Equivalence_Line_41: NSGA3-greedy_ting-HUX to NSGA2-random_dense-1P', 'Equivalence_Line_42: UNSGA3-greedy_ting-HUX to UNSGA3-greedy_ting-2P', 'Equivalence_Line_43: SMSEMOA-random_dense-2P to NSGA3-greedy_ting-2P', 'Equivalence_Line_44: NSGA3-greedy_ting-UX to AGEMOEA2-random_dense-2P', 'Equivalence_Line_45: UNSGA3-greedy_ting-UX to RVEA-random_dense-2P', 'Equivalence_Line_46: RVEA-random_dense-HUX to NSGA3-random_dense-1P', 'Equivalence_Line_47: NSGA2-greedy_ting-HUX to NSGA3-greedy_ting-1P', 'Equivalence_Line_48: NSGA2-greedy_ting-UX to AGEMOEA2-greedy_ting-2P', 'Equivalence_Line_49: RVEA-random_dense-UX to UNSGA3-random_dense-1P', 'Equivalence_Line_50: AGEMOEA2-random_dense-UX to UNSGA3-greedy_ting-1P', 'Equivalence_Line_51: AGEMOEA2-random_dense-HUX to AGEMOEA2-random_dense-1P', 'Equivalence_Line_52: SPEA2-random_dense-UX to SPEA2-greedy_ting-1P', 'Equivalence_Line_53: SPEA2-random_dense-HUX to SPEA2-random_dense-1P', 'Equivalence_Line_54: NSGA2-greedy_ting-2P to AGEMOEA2-greedy_ting-1P', 'Equivalence_Line_55: SMSEMOA-random_dense-1P to RVEA-random_dense-1P', 'Equivalence_Line_56: SPEA2-greedy_ting-HUX to RVEA-greedy_ting-2P', 'Equivalence_Line_57: SPEA2-greedy_ting-UX to RVEA-greedy_ting-HUX', 'Equivalence_Line_58: NSGA2-greedy_ting-1P to RVEA-greedy_ting-UX', 'Equivalence_Line_59: NSGA2-random_dense-2P to RVEA-greedy_ting-1P']"
RVEA-random_dense-UX,0.0226089061889194,"['Equivalence_Line_1: SMSEMOA-greedy_multi-UX to RVEA-greedy_multi-2P', 'Equivalence_Line_2: SMSEMOA-greedy_multi-HUX to RVEA-greedy_multi-HUX', 'Equivalence_Line_3: SMSEMOA-greedy_multi-2P to RVEA-greedy_multi-UX', 'Equivalence_Line_4: NSGA3-greedy_multi-UX to SMSEMOA-random_dense-UX', 'Equivalence_Line_5: UNSGA3-greedy_multi-UX to SMSEMOA-random_dense-HUX', 'Equivalence_Line_6: SMSEMOA-greedy_multi-1P to SMSEMOA-greedy_ting-HUX', 'Equivalence_Line_7: NSGA3-greedy_multi-HUX to SMSEMOA-greedy_ting-UX', 'Equivalence_Line_8: UNSGA3-greedy_multi-HUX to UNSGA3-random_dense-UX', 'Equivalence_Line_9: SPEA2-greedy_multi-1P to NSGA3-random_dense-HUX', 'Equivalence_Line_10: NSGA3-greedy_multi-1P to NSGA3-random_dense-UX', 'Equivalence_Line_11: SPEA2-greedy_multi-2P to UNSGA3-random_dense-HUX', 'Equivalence_Line_12: NSGA3-greedy_multi-2P to SMSEMOA-greedy_ting-2P', 'Equivalence_Line_13: UNSGA3-greedy_multi-1P to SMSEMOA-greedy_ting-1P', 'Equivalence_Line_14: UNSGA3-greedy_multi-2P to NSGA2-random_dense-HUX', 'Equivalence_Line_15: NSGA2-greedy_multi-HUX to NSGA2-random_dense-UX', 'Equivalence_Line_16: AGEMOEA2-greedy_multi-1P to NSGA3-greedy_ting-HUX', 'Equivalence_Line_17: NSGA2-greedy_multi-UX to UNSGA3-greedy_ting-HUX', 'Equivalence_Line_18: SPEA2-greedy_multi-UX to SMSEMOA-random_dense-2P', 'Equivalence_Line_19: NSGA2-greedy_multi-2P to NSGA3-greedy_ting-UX', 'Equivalence_Line_20: AGEMOEA2-greedy_multi-2P to UNSGA3-greedy_ting-UX', 'Equivalence_Line_21: NSGA2-greedy_multi-1P to RVEA-random_dense-HUX', 'Equivalence_Line_22: AGEMOEA2-greedy_multi-UX to NSGA2-greedy_ting-HUX', 'Equivalence_Line_23: AGEMOEA2-greedy_multi-HUX to NSGA2-greedy_ting-UX', 'Equivalence_Line_24: SPEA2-greedy_multi-HUX to RVEA-random_dense-UX', 'Equivalence_Line_25: RVEA-greedy_multi-1P to AGEMOEA2-random_dense-UX', 'Equivalence_Line_26: RVEA-greedy_multi-2P to AGEMOEA2-random_dense-HUX', 'Equivalence_Line_27: RVEA-greedy_multi-HUX to SPEA2-random_dense-UX', 'Equivalence_Line_28: RVEA-greedy_multi-UX to SPEA2-random_dense-HUX', 'Equivalence_Line_29: SMSEMOA-random_dense-UX to NSGA2-greedy_ting-2P', 'Equivalence_Line_30: SMSEMOA-random_dense-HUX to SMSEMOA-random_dense-1P', 'Equivalence_Line_31: SMSEMOA-greedy_ting-HUX to SPEA2-greedy_ting-HUX', 'Equivalence_Line_32: SMSEMOA-greedy_ting-UX to SPEA2-greedy_ting-UX', 'Equivalence_Line_33: UNSGA3-random_dense-UX to NSGA2-greedy_ting-1P', 'Equivalence_Line_34: NSGA3-random_dense-HUX to NSGA2-random_dense-2P', 'Equivalence_Line_35: NSGA3-random_dense-UX to AGEMOEA2-greedy_ting-HUX', 'Equivalence_Line_36: UNSGA3-random_dense-HUX to AGEMOEA2-greedy_ting-UX', 'Equivalence_Line_37: SMSEMOA-greedy_ting-2P to UNSGA3-random_dense-2P', 'Equivalence_Line_38: SMSEMOA-greedy_ting-1P to NSGA3-random_dense-2P', 'Equivalence_Line_39: NSGA2-random_dense-HUX to SPEA2-greedy_ting-2P', 'Equivalence_Line_40: NSGA2-random_dense-UX to SPEA2-random_dense-2P', 'Equivalence_Line_41: NSGA3-greedy_ting-HUX to NSGA2-random_dense-1P', 'Equivalence_Line_42: UNSGA3-greedy_ting-HUX to UNSGA3-greedy_ting-2P', 'Equivalence_Line_43: SMSEMOA-random_dense-2P to NSGA3-greedy_ting-2P', 'Equivalence_Line_44: NSGA3-greedy_ting-UX to AGEMOEA2-random_dense-2P', 'Equivalence_Line_45: UNSGA3-greedy_ting-UX to RVEA-random_dense-2P', 'Equivalence_Line_46: RVEA-random_dense-HUX to NSGA3-random_dense-1P', 'Equivalence_Line_47: NSGA2-greedy_ting-HUX to NSGA3-greedy_ting-1P', 'Equivalence_Line_48: NSGA2-greedy_ting-UX to AGEMOEA2-greedy_ting-2P', 'Equivalence_Line_49: RVEA-random_dense-UX to UNSGA3-random_dense-1P', 'Equivalence_Line_50: AGEMOEA2-random_dense-UX to UNSGA3-greedy_ting-1P', 'Equivalence_Line_51: AGEMOEA2-random_dense-HUX to AGEMOEA2-random_dense-1P', 'Equivalence_Line_52: SPEA2-random_dense-UX to SPEA2-greedy_ting-1P', 'Equivalence_Line_53: SPEA2-random_dense-HUX to SPEA2-random_dense-1P', 'Equivalence_Line_54: NSGA2-greedy_ting-2P to AGEMOEA2-greedy_ting-1P', 'Equivalence_Line_55: SMSEMOA-random_dense-1P to RVEA-random_dense-1P', 'Equivalence_Line_56: SPEA2-greedy_ting-HUX to RVEA-greedy_ting-2P', 'Equivalence_Line_57: SPEA2-greedy_ting-UX to RVEA-greedy_ting-HUX', 'Equivalence_Line_58: NSGA2-greedy_ting-1P to RVEA-greedy_ting-UX', 'Equivalence_Line_59: NSGA2-random_dense-2P to RVEA-greedy_ting-1P']"
AGEMOEA2-random_dense-UX,0.023696867286347,"['Equivalence_Line_1: SMSEMOA-greedy_multi-UX to RVEA-greedy_multi-2P', 'Equivalence_Line_2: SMSEMOA-greedy_multi-HUX to RVEA-greedy_multi-HUX', 'Equivalence_Line_3: SMSEMOA-greedy_multi-2P to RVEA-greedy_multi-UX', 'Equivalence_Line_4: NSGA3-greedy_multi-UX to SMSEMOA-random_dense-UX', 'Equivalence_Line_5: UNSGA3-greedy_multi-UX to SMSEMOA-random_dense-HUX', 'Equivalence_Line_6: SMSEMOA-greedy_multi-1P to SMSEMOA-greedy_ting-HUX', 'Equivalence_Line_7: NSGA3-greedy_multi-HUX to SMSEMOA-greedy_ting-UX', 'Equivalence_Line_8: UNSGA3-greedy_multi-HUX to UNSGA3-random_dense-UX', 'Equivalence_Line_9: SPEA2-greedy_multi-1P to NSGA3-random_dense-HUX', 'Equivalence_Line_10: NSGA3-greedy_multi-1P to NSGA3-random_dense-UX', 'Equivalence_Line_11: SPEA2-greedy_multi-2P to UNSGA3-random_dense-HUX', 'Equivalence_Line_12: NSGA3-greedy_multi-2P to SMSEMOA-greedy_ting-2P', 'Equivalence_Line_13: UNSGA3-greedy_multi-1P to SMSEMOA-greedy_ting-1P', 'Equivalence_Line_14: UNSGA3-greedy_multi-2P to NSGA2-random_dense-HUX', 'Equivalence_Line_15: NSGA2-greedy_multi-HUX to NSGA2-random_dense-UX', 'Equivalence_Line_16: AGEMOEA2-greedy_multi-1P to NSGA3-greedy_ting-HUX', 'Equivalence_Line_17: NSGA2-greedy_multi-UX to UNSGA3-greedy_ting-HUX', 'Equivalence_Line_18: SPEA2-greedy_multi-UX to SMSEMOA-random_dense-2P', 'Equivalence_Line_19: NSGA2-greedy_multi-2P to NSGA3-greedy_ting-UX', 'Equivalence_Line_20: AGEMOEA2-greedy_multi-2P to UNSGA3-greedy_ting-UX', 'Equivalence_Line_21: NSGA2-greedy_multi-1P to RVEA-random_dense-HUX', 'Equivalence_Line_22: AGEMOEA2-greedy_multi-UX to NSGA2-greedy_ting-HUX', 'Equivalence_Line_23: AGEMOEA2-greedy_multi-HUX to NSGA2-greedy_ting-UX', 'Equivalence_Line_24: SPEA2-greedy_multi-HUX to RVEA-random_dense-UX', 'Equivalence_Line_25: RVEA-greedy_multi-1P to AGEMOEA2-random_dense-UX', 'Equivalence_Line_26: RVEA-greedy_multi-2P to AGEMOEA2-random_dense-HUX', 'Equivalence_Line_27: RVEA-greedy_multi-HUX to SPEA2-random_dense-UX', 'Equivalence_Line_28: RVEA-greedy_multi-UX to SPEA2-random_dense-HUX', 'Equivalence_Line_29: SMSEMOA-random_dense-UX to NSGA2-greedy_ting-2P', 'Equivalence_Line_30: SMSEMOA-random_dense-HUX to SMSEMOA-random_dense-1P', 'Equivalence_Line_31: SMSEMOA-greedy_ting-HUX to SPEA2-greedy_ting-HUX', 'Equivalence_Line_32: SMSEMOA-greedy_ting-UX to SPEA2-greedy_ting-UX', 'Equivalence_Line_33: UNSGA3-random_dense-UX to NSGA2-greedy_ting-1P', 'Equivalence_Line_34: NSGA3-random_dense-HUX to NSGA2-random_dense-2P', 'Equivalence_Line_35: NSGA3-random_dense-UX to AGEMOEA2-greedy_ting-HUX', 'Equivalence_Line_36: UNSGA3-random_dense-HUX to AGEMOEA2-greedy_ting-UX', 'Equivalence_Line_37: SMSEMOA-greedy_ting-2P to UNSGA3-random_dense-2P', 'Equivalence_Line_38: SMSEMOA-greedy_ting-1P to NSGA3-random_dense-2P', 'Equivalence_Line_39: NSGA2-random_dense-HUX to SPEA2-greedy_ting-2P', 'Equivalence_Line_40: NSGA2-random_dense-UX to SPEA2-random_dense-2P', 'Equivalence_Line_41: NSGA3-greedy_ting-HUX to NSGA2-random_dense-1P', 'Equivalence_Line_42: UNSGA3-greedy_ting-HUX to UNSGA3-greedy_ting-2P', 'Equivalence_Line_43: SMSEMOA-random_dense-2P to NSGA3-greedy_ting-2P', 'Equivalence_Line_44: NSGA3-greedy_ting-UX to AGEMOEA2-random_dense-2P', 'Equivalence_Line_45: UNSGA3-greedy_ting-UX to RVEA-random_dense-2P', 'Equivalence_Line_46: RVEA-random_dense-HUX to NSGA3-random_dense-1P', 'Equivalence_Line_47: NSGA2-greedy_ting-HUX to NSGA3-greedy_ting-1P', 'Equivalence_Line_48: NSGA2-greedy_ting-UX to AGEMOEA2-greedy_ting-2P', 'Equivalence_Line_49: RVEA-random_dense-UX to UNSGA3-random_dense-1P', 'Equivalence_Line_50: AGEMOEA2-random_dense-UX to UNSGA3-greedy_ting-1P', 'Equivalence_Line_51: AGEMOEA2-random_dense-HUX to AGEMOEA2-random_dense-1P', 'Equivalence_Line_52: SPEA2-random_dense-UX to SPEA2-greedy_ting-1P', 'Equivalence_Line_53: SPEA2-random_dense-HUX to SPEA2-random_dense-1P', 'Equivalence_Line_54: NSGA2-greedy_ting-2P to AGEMOEA2-greedy_ting-1P', 'Equivalence_Line_55: SMSEMOA-random_dense-1P to RVEA-random_dense-1P', 'Equivalence_Line_56: SPEA2-greedy_ting-HUX to RVEA-greedy_ting-2P', 'Equivalence_Line_57: SPEA2-greedy_ting-UX to RVEA-greedy_ting-HUX', 'Equivalence_Line_58: NSGA2-greedy_ting-1P to RVEA-greedy_ting-UX', 'Equivalence_Line_59: NSGA2-random_dense-2P to RVEA-greedy_ting-1P']"
AGEMOEA2-random_dense-HUX,0.024329362624925,"['Equivalence_Line_1: SMSEMOA-greedy_multi-UX to RVEA-greedy_multi-2P', 'Equivalence_Line_2: SMSEMOA-greedy_multi-HUX to RVEA-greedy_multi-HUX', 'Equivalence_Line_3: SMSEMOA-greedy_multi-2P to RVEA-greedy_multi-UX', 'Equivalence_Line_4: NSGA3-greedy_multi-UX to SMSEMOA-random_dense-UX', 'Equivalence_Line_5: UNSGA3-greedy_multi-UX to SMSEMOA-random_dense-HUX', 'Equivalence_Line_6: SMSEMOA-greedy_multi-1P to SMSEMOA-greedy_ting-HUX', 'Equivalence_Line_7: NSGA3-greedy_multi-HUX to SMSEMOA-greedy_ting-UX', 'Equivalence_Line_8: UNSGA3-greedy_multi-HUX to UNSGA3-random_dense-UX', 'Equivalence_Line_9: SPEA2-greedy_multi-1P to NSGA3-random_dense-HUX', 'Equivalence_Line_10: NSGA3-greedy_multi-1P to NSGA3-random_dense-UX', 'Equivalence_Line_11: SPEA2-greedy_multi-2P to UNSGA3-random_dense-HUX', 'Equivalence_Line_12: NSGA3-greedy_multi-2P to SMSEMOA-greedy_ting-2P', 'Equivalence_Line_13: UNSGA3-greedy_multi-1P to SMSEMOA-greedy_ting-1P', 'Equivalence_Line_14: UNSGA3-greedy_multi-2P to NSGA2-random_dense-HUX', 'Equivalence_Line_15: NSGA2-greedy_multi-HUX to NSGA2-random_dense-UX', 'Equivalence_Line_16: AGEMOEA2-greedy_multi-1P to NSGA3-greedy_ting-HUX', 'Equivalence_Line_17: NSGA2-greedy_multi-UX to UNSGA3-greedy_ting-HUX', 'Equivalence_Line_18: SPEA2-greedy_multi-UX to SMSEMOA-random_dense-2P', 'Equivalence_Line_19: NSGA2-greedy_multi-2P to NSGA3-greedy_ting-UX', 'Equivalence_Line_20: AGEMOEA2-greedy_multi-2P to UNSGA3-greedy_ting-UX', 'Equivalence_Line_21: NSGA2-greedy_multi-1P to RVEA-random_dense-HUX', 'Equivalence_Line_22: AGEMOEA2-greedy_multi-UX to NSGA2-greedy_ting-HUX', 'Equivalence_Line_23: AGEMOEA2-greedy_multi-HUX to NSGA2-greedy_ting-UX', 'Equivalence_Line_24: SPEA2-greedy_multi-HUX to RVEA-random_dense-UX', 'Equivalence_Line_25: RVEA-greedy_multi-1P to AGEMOEA2-random_dense-UX', 'Equivalence_Line_26: RVEA-greedy_multi-2P to AGEMOEA2-random_dense-HUX', 'Equivalence_Line_27: RVEA-greedy_multi-HUX to SPEA2-random_dense-UX', 'Equivalence_Line_28: RVEA-greedy_multi-UX to SPEA2-random_dense-HUX', 'Equivalence_Line_29: SMSEMOA-random_dense-UX to NSGA2-greedy_ting-2P', 'Equivalence_Line_30: SMSEMOA-random_dense-HUX to SMSEMOA-random_dense-1P', 'Equivalence_Line_31: SMSEMOA-greedy_ting-HUX to SPEA2-greedy_ting-HUX', 'Equivalence_Line_32: SMSEMOA-greedy_ting-UX to SPEA2-greedy_ting-UX', 'Equivalence_Line_33: UNSGA3-random_dense-UX to NSGA2-greedy_ting-1P', 'Equivalence_Line_34: NSGA3-random_dense-HUX to NSGA2-random_dense-2P', 'Equivalence_Line_35: NSGA3-random_dense-UX to AGEMOEA2-greedy_ting-HUX', 'Equivalence_Line_36: UNSGA3-random_dense-HUX to AGEMOEA2-greedy_ting-UX', 'Equivalence_Line_37: SMSEMOA-greedy_ting-2P to UNSGA3-random_dense-2P', 'Equivalence_Line_38: SMSEMOA-greedy_ting-1P to NSGA3-random_dense-2P', 'Equivalence_Line_39: NSGA2-random_dense-HUX to SPEA2-greedy_ting-2P', 'Equivalence_Line_40: NSGA2-random_dense-UX to SPEA2-random_dense-2P', 'Equivalence_Line_41: NSGA3-greedy_ting-HUX to NSGA2-random_dense-1P', 'Equivalence_Line_42: UNSGA3-greedy_ting-HUX to UNSGA3-greedy_ting-2P', 'Equivalence_Line_43: SMSEMOA-random_dense-2P to NSGA3-greedy_ting-2P', 'Equivalence_Line_44: NSGA3-greedy_ting-UX to AGEMOEA2-random_dense-2P', 'Equivalence_Line_45: UNSGA3-greedy_ting-UX to RVEA-random_dense-2P', 'Equivalence_Line_46: RVEA-random_dense-HUX to NSGA3-random_dense-1P', 'Equivalence_Line_47: NSGA2-greedy_ting-HUX to NSGA3-greedy_ting-1P', 'Equivalence_Line_48: NSGA2-greedy_ting-UX to AGEMOEA2-greedy_ting-2P', 'Equivalence_Line_49: RVEA-random_dense-UX to UNSGA3-random_dense-1P', 'Equivalence_Line_50: AGEMOEA2-random_dense-UX to UNSGA3-greedy_ting-1P', 'Equivalence_Line_51: AGEMOEA2-random_dense-HUX to AGEMOEA2-random_dense-1P', 'Equivalence_Line_52: SPEA2-random_dense-UX to SPEA2-greedy_ting-1P', 'Equivalence_Line_53: SPEA2-random_dense-HUX to SPEA2-random_dense-1P', 'Equivalence_Line_54: NSGA2-greedy_ting-2P to AGEMOEA2-greedy_ting-1P', 'Equivalence_Line_55: SMSEMOA-random_dense-1P to RVEA-random_dense-1P', 'Equivalence_Line_56: SPEA2-greedy_ting-HUX to RVEA-greedy_ting-2P', 'Equivalence_Line_57: SPEA2-greedy_ting-UX to RVEA-greedy_ting-HUX', 'Equivalence_Line_58: NSGA2-greedy_ting-1P to RVEA-greedy_ting-UX', 'Equivalence_Line_59: NSGA2-random_dense-2P to RVEA-greedy_ting-1P']"
SPEA2-random_dense-UX,0.0255944633528811,"['Equivalence_Line_1: SMSEMOA-greedy_multi-UX to RVEA-greedy_multi-2P', 'Equivalence_Line_2: SMSEMOA-greedy_multi-HUX to RVEA-greedy_multi-HUX', 'Equivalence_Line_3: SMSEMOA-greedy_multi-2P to RVEA-greedy_multi-UX', 'Equivalence_Line_4: NSGA3-greedy_multi-UX to SMSEMOA-random_dense-UX', 'Equivalence_Line_5: UNSGA3-greedy_multi-UX to SMSEMOA-random_dense-HUX', 'Equivalence_Line_6: SMSEMOA-greedy_multi-1P to SMSEMOA-greedy_ting-HUX', 'Equivalence_Line_7: NSGA3-greedy_multi-HUX to SMSEMOA-greedy_ting-UX', 'Equivalence_Line_8: UNSGA3-greedy_multi-HUX to UNSGA3-random_dense-UX', 'Equivalence_Line_9: SPEA2-greedy_multi-1P to NSGA3-random_dense-HUX', 'Equivalence_Line_10: NSGA3-greedy_multi-1P to NSGA3-random_dense-UX', 'Equivalence_Line_11: SPEA2-greedy_multi-2P to UNSGA3-random_dense-HUX', 'Equivalence_Line_12: NSGA3-greedy_multi-2P to SMSEMOA-greedy_ting-2P', 'Equivalence_Line_13: UNSGA3-greedy_multi-1P to SMSEMOA-greedy_ting-1P', 'Equivalence_Line_14: UNSGA3-greedy_multi-2P to NSGA2-random_dense-HUX', 'Equivalence_Line_15: NSGA2-greedy_multi-HUX to NSGA2-random_dense-UX', 'Equivalence_Line_16: AGEMOEA2-greedy_multi-1P to NSGA3-greedy_ting-HUX', 'Equivalence_Line_17: NSGA2-greedy_multi-UX to UNSGA3-greedy_ting-HUX', 'Equivalence_Line_18: SPEA2-greedy_multi-UX to SMSEMOA-random_dense-2P', 'Equivalence_Line_19: NSGA2-greedy_multi-2P to NSGA3-greedy_ting-UX', 'Equivalence_Line_20: AGEMOEA2-greedy_multi-2P to UNSGA3-greedy_ting-UX', 'Equivalence_Line_21: NSGA2-greedy_multi-1P to RVEA-random_dense-HUX', 'Equivalence_Line_22: AGEMOEA2-greedy_multi-UX to NSGA2-greedy_ting-HUX', 'Equivalence_Line_23: AGEMOEA2-greedy_multi-HUX to NSGA2-greedy_ting-UX', 'Equivalence_Line_24: SPEA2-greedy_multi-HUX to RVEA-random_dense-UX', 'Equivalence_Line_25: RVEA-greedy_multi-1P to AGEMOEA2-random_dense-UX', 'Equivalence_Line_26: RVEA-greedy_multi-2P to AGEMOEA2-random_dense-HUX', 'Equivalence_Line_27: RVEA-greedy_multi-HUX to SPEA2-random_dense-UX', 'Equivalence_Line_28: RVEA-greedy_multi-UX to SPEA2-random_dense-HUX', 'Equivalence_Line_29: SMSEMOA-random_dense-UX to NSGA2-greedy_ting-2P', 'Equivalence_Line_30: SMSEMOA-random_dense-HUX to SMSEMOA-random_dense-1P', 'Equivalence_Line_31: SMSEMOA-greedy_ting-HUX to SPEA2-greedy_ting-HUX', 'Equivalence_Line_32: SMSEMOA-greedy_ting-UX to SPEA2-greedy_ting-UX', 'Equivalence_Line_33: UNSGA3-random_dense-UX to NSGA2-greedy_ting-1P', 'Equivalence_Line_34: NSGA3-random_dense-HUX to NSGA2-random_dense-2P', 'Equivalence_Line_35: NSGA3-random_dense-UX to AGEMOEA2-greedy_ting-HUX', 'Equivalence_Line_36: UNSGA3-random_dense-HUX to AGEMOEA2-greedy_ting-UX', 'Equivalence_Line_37: SMSEMOA-greedy_ting-2P to UNSGA3-random_dense-2P', 'Equivalence_Line_38: SMSEMOA-greedy_ting-1P to NSGA3-random_dense-2P', 'Equivalence_Line_39: NSGA2-random_dense-HUX to SPEA2-greedy_ting-2P', 'Equivalence_Line_40: NSGA2-random_dense-UX to SPEA2-random_dense-2P', 'Equivalence_Line_41: NSGA3-greedy_ting-HUX to NSGA2-random_dense-1P', 'Equivalence_Line_42: UNSGA3-greedy_ting-HUX to UNSGA3-greedy_ting-2P', 'Equivalence_Line_43: SMSEMOA-random_dense-2P to NSGA3-greedy_ting-2P', 'Equivalence_Line_44: NSGA3-greedy_ting-UX to AGEMOEA2-random_dense-2P', 'Equivalence_Line_45: UNSGA3-greedy_ting-UX to RVEA-random_dense-2P', 'Equivalence_Line_46: RVEA-random_dense-HUX to NSGA3-random_dense-1P', 'Equivalence_Line_47: NSGA2-greedy_ting-HUX to NSGA3-greedy_ting-1P', 'Equivalence_Line_48: NSGA2-greedy_ting-UX to AGEMOEA2-greedy_ting-2P', 'Equivalence_Line_49: RVEA-random_dense-UX to UNSGA3-random_dense-1P', 'Equivalence_Line_50: AGEMOEA2-random_dense-UX to UNSGA3-greedy_ting-1P', 'Equivalence_Line_51: AGEMOEA2-random_dense-HUX to AGEMOEA2-random_dense-1P', 'Equivalence_Line_52: SPEA2-random_dense-UX to SPEA2-greedy_ting-1P', 'Equivalence_Line_53: SPEA2-random_dense-HUX to SPEA2-random_dense-1P', 'Equivalence_Line_54: NSGA2-greedy_ting-2P to AGEMOEA2-greedy_ting-1P', 'Equivalence_Line_55: SMSEMOA-random_dense-1P to RVEA-random_dense-1P', 'Equivalence_Line_56: SPEA2-greedy_ting-HUX to RVEA-greedy_ting-2P', 'Equivalence_Line_57: SPEA2-greedy_ting-UX to RVEA-greedy_ting-HUX', 'Equivalence_Line_58: NSGA2-greedy_ting-1P to RVEA-greedy_ting-UX', 'Equivalence_Line_59: NSGA2-random_dense-2P to RVEA-greedy_ting-1P']"
SPEA2-random_dense-HUX,0.0256855954629889,"['Equivalence_Line_1: SMSEMOA-greedy_multi-UX to RVEA-greedy_multi-2P', 'Equivalence_Line_2: SMSEMOA-greedy_multi-HUX to RVEA-greedy_multi-HUX', 'Equivalence_Line_3: SMSEMOA-greedy_multi-2P to RVEA-greedy_multi-UX', 'Equivalence_Line_4: NSGA3-greedy_multi-UX to SMSEMOA-random_dense-UX', 'Equivalence_Line_5: UNSGA3-greedy_multi-UX to SMSEMOA-random_dense-HUX', 'Equivalence_Line_6: SMSEMOA-greedy_multi-1P to SMSEMOA-greedy_ting-HUX', 'Equivalence_Line_7: NSGA3-greedy_multi-HUX to SMSEMOA-greedy_ting-UX', 'Equivalence_Line_8: UNSGA3-greedy_multi-HUX to UNSGA3-random_dense-UX', 'Equivalence_Line_9: SPEA2-greedy_multi-1P to NSGA3-random_dense-HUX', 'Equivalence_Line_10: NSGA3-greedy_multi-1P to NSGA3-random_dense-UX', 'Equivalence_Line_11: SPEA2-greedy_multi-2P to UNSGA3-random_dense-HUX', 'Equivalence_Line_12: NSGA3-greedy_multi-2P to SMSEMOA-greedy_ting-2P', 'Equivalence_Line_13: UNSGA3-greedy_multi-1P to SMSEMOA-greedy_ting-1P', 'Equivalence_Line_14: UNSGA3-greedy_multi-2P to NSGA2-random_dense-HUX', 'Equivalence_Line_15: NSGA2-greedy_multi-HUX to NSGA2-random_dense-UX', 'Equivalence_Line_16: AGEMOEA2-greedy_multi-1P to NSGA3-greedy_ting-HUX', 'Equivalence_Line_17: NSGA2-greedy_multi-UX to UNSGA3-greedy_ting-HUX', 'Equivalence_Line_18: SPEA2-greedy_multi-UX to SMSEMOA-random_dense-2P', 'Equivalence_Line_19: NSGA2-greedy_multi-2P to NSGA3-greedy_ting-UX', 'Equivalence_Line_20: AGEMOEA2-greedy_multi-2P to UNSGA3-greedy_ting-UX', 'Equivalence_Line_21: NSGA2-greedy_multi-1P to RVEA-random_dense-HUX', 'Equivalence_Line_22: AGEMOEA2-greedy_multi-UX to NSGA2-greedy_ting-HUX', 'Equivalence_Line_23: AGEMOEA2-greedy_multi-HUX to NSGA2-greedy_ting-UX', 'Equivalence_Line_24: SPEA2-greedy_multi-HUX to RVEA-random_dense-UX', 'Equivalence_Line_25: RVEA-greedy_multi-1P to AGEMOEA2-random_dense-UX', 'Equivalence_Line_26: RVEA-greedy_multi-2P to AGEMOEA2-random_dense-HUX', 'Equivalence_Line_27: RVEA-greedy_multi-HUX to SPEA2-random_dense-UX', 'Equivalence_Line_28: RVEA-greedy_multi-UX to SPEA2-random_dense-HUX', 'Equivalence_Line_29: SMSEMOA-random_dense-UX to NSGA2-greedy_ting-2P', 'Equivalence_Line_30: SMSEMOA-random_dense-HUX to SMSEMOA-random_dense-1P', 'Equivalence_Line_31: SMSEMOA-greedy_ting-HUX to SPEA2-greedy_ting-HUX', 'Equivalence_Line_32: SMSEMOA-greedy_ting-UX to SPEA2-greedy_ting-UX', 'Equivalence_Line_33: UNSGA3-random_dense-UX to NSGA2-greedy_ting-1P', 'Equivalence_Line_34: NSGA3-random_dense-HUX to NSGA2-random_dense-2P', 'Equivalence_Line_35: NSGA3-random_dense-UX to AGEMOEA2-greedy_ting-HUX', 'Equivalence_Line_36: UNSGA3-random_dense-HUX to AGEMOEA2-greedy_ting-UX', 'Equivalence_Line_37: SMSEMOA-greedy_ting-2P to UNSGA3-random_dense-2P', 'Equivalence_Line_38: SMSEMOA-greedy_ting-1P to NSGA3-random_dense-2P', 'Equivalence_Line_39: NSGA2-random_dense-HUX to SPEA2-greedy_ting-2P', 'Equivalence_Line_40: NSGA2-random_dense-UX to SPEA2-random_dense-2P', 'Equivalence_Line_41: NSGA3-greedy_ting-HUX to NSGA2-random_dense-1P', 'Equivalence_Line_42: UNSGA3-greedy_ting-HUX to UNSGA3-greedy_ting-2P', 'Equivalence_Line_43: SMSEMOA-random_dense-2P to NSGA3-greedy_ting-2P', 'Equivalence_Line_44: NSGA3-greedy_ting-UX to AGEMOEA2-random_dense-2P', 'Equivalence_Line_45: UNSGA3-greedy_ting-UX to RVEA-random_dense-2P', 'Equivalence_Line_46: RVEA-random_dense-HUX to NSGA3-random_dense-1P', 'Equivalence_Line_47: NSGA2-greedy_ting-HUX to NSGA3-greedy_ting-1P', 'Equivalence_Line_48: NSGA2-greedy_ting-UX to AGEMOEA2-greedy_ting-2P', 'Equivalence_Line_49: RVEA-random_dense-UX to UNSGA3-random_dense-1P', 'Equivalence_Line_50: AGEMOEA2-random_dense-UX to UNSGA3-greedy_ting-1P', 'Equivalence_Line_51: AGEMOEA2-random_dense-HUX to AGEMOEA2-random_dense-1P', 'Equivalence_Line_52: SPEA2-random_dense-UX to SPEA2-greedy_ting-1P', 'Equivalence_Line_53: SPEA2-random_dense-HUX to SPEA2-random_dense-1P', 'Equivalence_Line_54: NSGA2-greedy_ting-2P to AGEMOEA2-greedy_ting-1P', 'Equivalence_Line_55: SMSEMOA-random_dense-1P to RVEA-random_dense-1P', 'Equivalence_Line_56: SPEA2-greedy_ting-HUX to RVEA-greedy_ting-2P', 'Equivalence_Line_57: SPEA2-greedy_ting-UX to RVEA-greedy_ting-HUX', 'Equivalence_Line_58: NSGA2-greedy_ting-1P to RVEA-greedy_ting-UX', 'Equivalence_Line_59: NSGA2-random_dense-2P to RVEA-greedy_ting-1P']"
NSGA2-greedy_ting-2P,0.0274688796231547,"['Equivalence_Line_1: SMSEMOA-greedy_multi-UX to RVEA-greedy_multi-2P', 'Equivalence_Line_2: SMSEMOA-greedy_multi-HUX to RVEA-greedy_multi-HUX', 'Equivalence_Line_3: SMSEMOA-greedy_multi-2P to RVEA-greedy_multi-UX', 'Equivalence_Line_4: NSGA3-greedy_multi-UX to SMSEMOA-random_dense-UX', 'Equivalence_Line_5: UNSGA3-greedy_multi-UX to SMSEMOA-random_dense-HUX', 'Equivalence_Line_6: SMSEMOA-greedy_multi-1P to SMSEMOA-greedy_ting-HUX', 'Equivalence_Line_7: NSGA3-greedy_multi-HUX to SMSEMOA-greedy_ting-UX', 'Equivalence_Line_8: UNSGA3-greedy_multi-HUX to UNSGA3-random_dense-UX', 'Equivalence_Line_9: SPEA2-greedy_multi-1P to NSGA3-random_dense-HUX', 'Equivalence_Line_10: NSGA3-greedy_multi-1P to NSGA3-random_dense-UX', 'Equivalence_Line_11: SPEA2-greedy_multi-2P to UNSGA3-random_dense-HUX', 'Equivalence_Line_12: NSGA3-greedy_multi-2P to SMSEMOA-greedy_ting-2P', 'Equivalence_Line_13: UNSGA3-greedy_multi-1P to SMSEMOA-greedy_ting-1P', 'Equivalence_Line_14: UNSGA3-greedy_multi-2P to NSGA2-random_dense-HUX', 'Equivalence_Line_15: NSGA2-greedy_multi-HUX to NSGA2-random_dense-UX', 'Equivalence_Line_16: AGEMOEA2-greedy_multi-1P to NSGA3-greedy_ting-HUX', 'Equivalence_Line_17: NSGA2-greedy_multi-UX to UNSGA3-greedy_ting-HUX', 'Equivalence_Line_18: SPEA2-greedy_multi-UX to SMSEMOA-random_dense-2P', 'Equivalence_Line_19: NSGA2-greedy_multi-2P to NSGA3-greedy_ting-UX', 'Equivalence_Line_20: AGEMOEA2-greedy_multi-2P to UNSGA3-greedy_ting-UX', 'Equivalence_Line_21: NSGA2-greedy_multi-1P to RVEA-random_dense-HUX', 'Equivalence_Line_22: AGEMOEA2-greedy_multi-UX to NSGA2-greedy_ting-HUX', 'Equivalence_Line_23: AGEMOEA2-greedy_multi-HUX to NSGA2-greedy_ting-UX', 'Equivalence_Line_24: SPEA2-greedy_multi-HUX to RVEA-random_dense-UX', 'Equivalence_Line_25: RVEA-greedy_multi-1P to AGEMOEA2-random_dense-UX', 'Equivalence_Line_26: RVEA-greedy_multi-2P to AGEMOEA2-random_dense-HUX', 'Equivalence_Line_27: RVEA-greedy_multi-HUX to SPEA2-random_dense-UX', 'Equivalence_Line_28: RVEA-greedy_multi-UX to SPEA2-random_dense-HUX', 'Equivalence_Line_29: SMSEMOA-random_dense-UX to NSGA2-greedy_ting-2P', 'Equivalence_Line_30: SMSEMOA-random_dense-HUX to SMSEMOA-random_dense-1P', 'Equivalence_Line_31: SMSEMOA-greedy_ting-HUX to SPEA2-greedy_ting-HUX', 'Equivalence_Line_32: SMSEMOA-greedy_ting-UX to SPEA2-greedy_ting-UX', 'Equivalence_Line_33: UNSGA3-random_dense-UX to NSGA2-greedy_ting-1P', 'Equivalence_Line_34: NSGA3-random_dense-HUX to NSGA2-random_dense-2P', 'Equivalence_Line_35: NSGA3-random_dense-UX to AGEMOEA2-greedy_ting-HUX', 'Equivalence_Line_36: UNSGA3-random_dense-HUX to AGEMOEA2-greedy_ting-UX', 'Equivalence_Line_37: SMSEMOA-greedy_ting-2P to UNSGA3-random_dense-2P', 'Equivalence_Line_38: SMSEMOA-greedy_ting-1P to NSGA3-random_dense-2P', 'Equivalence_Line_39: NSGA2-random_dense-HUX to SPEA2-greedy_ting-2P', 'Equivalence_Line_40: NSGA2-random_dense-UX to SPEA2-random_dense-2P', 'Equivalence_Line_41: NSGA3-greedy_ting-HUX to NSGA2-random_dense-1P', 'Equivalence_Line_42: UNSGA3-greedy_ting-HUX to UNSGA3-greedy_ting-2P', 'Equivalence_Line_43: SMSEMOA-random_dense-2P to NSGA3-greedy_ting-2P', 'Equivalence_Line_44: NSGA3-greedy_ting-UX to AGEMOEA2-random_dense-2P', 'Equivalence_Line_45: UNSGA3-greedy_ting-UX to RVEA-random_dense-2P', 'Equivalence_Line_46: RVEA-random_dense-HUX to NSGA3-random_dense-1P', 'Equivalence_Line_47: NSGA2-greedy_ting-HUX to NSGA3-greedy_ting-1P', 'Equivalence_Line_48: NSGA2-greedy_ting-UX to AGEMOEA2-greedy_ting-2P', 'Equivalence_Line_49: RVEA-random_dense-UX to UNSGA3-random_dense-1P', 'Equivalence_Line_50: AGEMOEA2-random_dense-UX to UNSGA3-greedy_ting-1P', 'Equivalence_Line_51: AGEMOEA2-random_dense-HUX to AGEMOEA2-random_dense-1P', 'Equivalence_Line_52: SPEA2-random_dense-UX to SPEA2-greedy_ting-1P', 'Equivalence_Line_53: SPEA2-random_dense-HUX to SPEA2-random_dense-1P', 'Equivalence_Line_54: NSGA2-greedy_ting-2P to AGEMOEA2-greedy_ting-1P', 'Equivalence_Line_55: SMSEMOA-random_dense-1P to RVEA-random_dense-1P', 'Equivalence_Line_56: SPEA2-greedy_ting-HUX to RVEA-greedy_ting-2P', 'Equivalence_Line_57: SPEA2-greedy_ting-UX to RVEA-greedy_ting-HUX', 'Equivalence_Line_58: NSGA2-greedy_ting-1P to RVEA-greedy_ting-UX', 'Equivalence_Line_59: NSGA2-random_dense-2P to RVEA-greedy_ting-1P']"
SMSEMOA-random_dense-1P,0.0296490495451644,"['Equivalence_Line_1: SMSEMOA-greedy_multi-UX to RVEA-greedy_multi-2P', 'Equivalence_Line_2: SMSEMOA-greedy_multi-HUX to RVEA-greedy_multi-HUX', 'Equivalence_Line_3: SMSEMOA-greedy_multi-2P to RVEA-greedy_multi-UX', 'Equivalence_Line_4: NSGA3-greedy_multi-UX to SMSEMOA-random_dense-UX', 'Equivalence_Line_5: UNSGA3-greedy_multi-UX to SMSEMOA-random_dense-HUX', 'Equivalence_Line_6: SMSEMOA-greedy_multi-1P to SMSEMOA-greedy_ting-HUX', 'Equivalence_Line_7: NSGA3-greedy_multi-HUX to SMSEMOA-greedy_ting-UX', 'Equivalence_Line_8: UNSGA3-greedy_multi-HUX to UNSGA3-random_dense-UX', 'Equivalence_Line_9: SPEA2-greedy_multi-1P to NSGA3-random_dense-HUX', 'Equivalence_Line_10: NSGA3-greedy_multi-1P to NSGA3-random_dense-UX', 'Equivalence_Line_11: SPEA2-greedy_multi-2P to UNSGA3-random_dense-HUX', 'Equivalence_Line_12: NSGA3-greedy_multi-2P to SMSEMOA-greedy_ting-2P', 'Equivalence_Line_13: UNSGA3-greedy_multi-1P to SMSEMOA-greedy_ting-1P', 'Equivalence_Line_14: UNSGA3-greedy_multi-2P to NSGA2-random_dense-HUX', 'Equivalence_Line_15: NSGA2-greedy_multi-HUX to NSGA2-random_dense-UX', 'Equivalence_Line_16: AGEMOEA2-greedy_multi-1P to NSGA3-greedy_ting-HUX', 'Equivalence_Line_17: NSGA2-greedy_multi-UX to UNSGA3-greedy_ting-HUX', 'Equivalence_Line_18: SPEA2-greedy_multi-UX to SMSEMOA-random_dense-2P', 'Equivalence_Line_19: NSGA2-greedy_multi-2P to NSGA3-greedy_ting-UX', 'Equivalence_Line_20: AGEMOEA2-greedy_multi-2P to UNSGA3-greedy_ting-UX', 'Equivalence_Line_21: NSGA2-greedy_multi-1P to RVEA-random_dense-HUX', 'Equivalence_Line_22: AGEMOEA2-greedy_multi-UX to NSGA2-greedy_ting-HUX', 'Equivalence_Line_23: AGEMOEA2-greedy_multi-HUX to NSGA2-greedy_ting-UX', 'Equivalence_Line_24: SPEA2-greedy_multi-HUX to RVEA-random_dense-UX', 'Equivalence_Line_25: RVEA-greedy_multi-1P to AGEMOEA2-random_dense-UX', 'Equivalence_Line_26: RVEA-greedy_multi-2P to AGEMOEA2-random_dense-HUX', 'Equivalence_Line_27: RVEA-greedy_multi-HUX to SPEA2-random_dense-UX', 'Equivalence_Line_28: RVEA-greedy_multi-UX to SPEA2-random_dense-HUX', 'Equivalence_Line_29: SMSEMOA-random_dense-UX to NSGA2-greedy_ting-2P', 'Equivalence_Line_30: SMSEMOA-random_dense-HUX to SMSEMOA-random_dense-1P', 'Equivalence_Line_31: SMSEMOA-greedy_ting-HUX to SPEA2-greedy_ting-HUX', 'Equivalence_Line_32: SMSEMOA-greedy_ting-UX to SPEA2-greedy_ting-UX', 'Equivalence_Line_33: UNSGA3-random_dense-UX to NSGA2-greedy_ting-1P', 'Equivalence_Line_34: NSGA3-random_dense-HUX to NSGA2-random_dense-2P', 'Equivalence_Line_35: NSGA3-random_dense-UX to AGEMOEA2-greedy_ting-HUX', 'Equivalence_Line_36: UNSGA3-random_dense-HUX to AGEMOEA2-greedy_ting-UX', 'Equivalence_Line_37: SMSEMOA-greedy_ting-2P to UNSGA3-random_dense-2P', 'Equivalence_Line_38: SMSEMOA-greedy_ting-1P to NSGA3-random_dense-2P', 'Equivalence_Line_39: NSGA2-random_dense-HUX to SPEA2-greedy_ting-2P', 'Equivalence_Line_40: NSGA2-random_dense-UX to SPEA2-random_dense-2P', 'Equivalence_Line_41: NSGA3-greedy_ting-HUX to NSGA2-random_dense-1P', 'Equivalence_Line_42: UNSGA3-greedy_ting-HUX to UNSGA3-greedy_ting-2P', 'Equivalence_Line_43: SMSEMOA-random_dense-2P to NSGA3-greedy_ting-2P', 'Equivalence_Line_44: NSGA3-greedy_ting-UX to AGEMOEA2-random_dense-2P', 'Equivalence_Line_45: UNSGA3-greedy_ting-UX to RVEA-random_dense-2P', 'Equivalence_Line_46: RVEA-random_dense-HUX to NSGA3-random_dense-1P', 'Equivalence_Line_47: NSGA2-greedy_ting-HUX to NSGA3-greedy_ting-1P', 'Equivalence_Line_48: NSGA2-greedy_ting-UX to AGEMOEA2-greedy_ting-2P', 'Equivalence_Line_49: RVEA-random_dense-UX to UNSGA3-random_dense-1P', 'Equivalence_Line_50: AGEMOEA2-random_dense-UX to UNSGA3-greedy_ting-1P', 'Equivalence_Line_51: AGEMOEA2-random_dense-HUX to AGEMOEA2-random_dense-1P', 'Equivalence_Line_52: SPEA2-random_dense-UX to SPEA2-greedy_ting-1P', 'Equivalence_Line_53: SPEA2-random_dense-HUX to SPEA2-random_dense-1P', 'Equivalence_Line_54: NSGA2-greedy_ting-2P to AGEMOEA2-greedy_ting-1P', 'Equivalence_Line_55: SMSEMOA-random_dense-1P to RVEA-random_dense-1P', 'Equivalence_Line_56: SPEA2-greedy_ting-HUX to RVEA-greedy_ting-2P', 'Equivalence_Line_57: SPEA2-greedy_ting-UX to RVEA-greedy_ting-HUX', 'Equivalence_Line_58: NSGA2-greedy_ting-1P to RVEA-greedy_ting-UX', 'Equivalence_Line_59: NSGA2-random_dense-2P to RVEA-greedy_ting-1P']"
SPEA2-greedy_ting-HUX,0.0300733285002252,"['Equivalence_Line_1: SMSEMOA-greedy_multi-UX to RVEA-greedy_multi-2P', 'Equivalence_Line_2: SMSEMOA-greedy_multi-HUX to RVEA-greedy_multi-HUX', 'Equivalence_Line_3: SMSEMOA-greedy_multi-2P to RVEA-greedy_multi-UX', 'Equivalence_Line_4: NSGA3-greedy_multi-UX to SMSEMOA-random_dense-UX', 'Equivalence_Line_5: UNSGA3-greedy_multi-UX to SMSEMOA-random_dense-HUX', 'Equivalence_Line_6: SMSEMOA-greedy_multi-1P to SMSEMOA-greedy_ting-HUX', 'Equivalence_Line_7: NSGA3-greedy_multi-HUX to SMSEMOA-greedy_ting-UX', 'Equivalence_Line_8: UNSGA3-greedy_multi-HUX to UNSGA3-random_dense-UX', 'Equivalence_Line_9: SPEA2-greedy_multi-1P to NSGA3-random_dense-HUX', 'Equivalence_Line_10: NSGA3-greedy_multi-1P to NSGA3-random_dense-UX', 'Equivalence_Line_11: SPEA2-greedy_multi-2P to UNSGA3-random_dense-HUX', 'Equivalence_Line_12: NSGA3-greedy_multi-2P to SMSEMOA-greedy_ting-2P', 'Equivalence_Line_13: UNSGA3-greedy_multi-1P to SMSEMOA-greedy_ting-1P', 'Equivalence_Line_14: UNSGA3-greedy_multi-2P to NSGA2-random_dense-HUX', 'Equivalence_Line_15: NSGA2-greedy_multi-HUX to NSGA2-random_dense-UX', 'Equivalence_Line_16: AGEMOEA2-greedy_multi-1P to NSGA3-greedy_ting-HUX', 'Equivalence_Line_17: NSGA2-greedy_multi-UX to UNSGA3-greedy_ting-HUX', 'Equivalence_Line_18: SPEA2-greedy_multi-UX to SMSEMOA-random_dense-2P', 'Equivalence_Line_19: NSGA2-greedy_multi-2P to NSGA3-greedy_ting-UX', 'Equivalence_Line_20: AGEMOEA2-greedy_multi-2P to UNSGA3-greedy_ting-UX', 'Equivalence_Line_21: NSGA2-greedy_multi-1P to RVEA-random_dense-HUX', 'Equivalence_Line_22: AGEMOEA2-greedy_multi-UX to NSGA2-greedy_ting-HUX', 'Equivalence_Line_23: AGEMOEA2-greedy_multi-HUX to NSGA2-greedy_ting-UX', 'Equivalence_Line_24: SPEA2-greedy_multi-HUX to RVEA-random_dense-UX', 'Equivalence_Line_25: RVEA-greedy_multi-1P to AGEMOEA2-random_dense-UX', 'Equivalence_Line_26: RVEA-greedy_multi-2P to AGEMOEA2-random_dense-HUX', 'Equivalence_Line_27: RVEA-greedy_multi-HUX to SPEA2-random_dense-UX', 'Equivalence_Line_28: RVEA-greedy_multi-UX to SPEA2-random_dense-HUX', 'Equivalence_Line_29: SMSEMOA-random_dense-UX to NSGA2-greedy_ting-2P', 'Equivalence_Line_30: SMSEMOA-random_dense-HUX to SMSEMOA-random_dense-1P', 'Equivalence_Line_31: SMSEMOA-greedy_ting-HUX to SPEA2-greedy_ting-HUX', 'Equivalence_Line_32: SMSEMOA-greedy_ting-UX to SPEA2-greedy_ting-UX', 'Equivalence_Line_33: UNSGA3-random_dense-UX to NSGA2-greedy_ting-1P', 'Equivalence_Line_34: NSGA3-random_dense-HUX to NSGA2-random_dense-2P', 'Equivalence_Line_35: NSGA3-random_dense-UX to AGEMOEA2-greedy_ting-HUX', 'Equivalence_Line_36: UNSGA3-random_dense-HUX to AGEMOEA2-greedy_ting-UX', 'Equivalence_Line_37: SMSEMOA-greedy_ting-2P to UNSGA3-random_dense-2P', 'Equivalence_Line_38: SMSEMOA-greedy_ting-1P to NSGA3-random_dense-2P', 'Equivalence_Line_39: NSGA2-random_dense-HUX to SPEA2-greedy_ting-2P', 'Equivalence_Line_40: NSGA2-random_dense-UX to SPEA2-random_dense-2P', 'Equivalence_Line_41: NSGA3-greedy_ting-HUX to NSGA2-random_dense-1P', 'Equivalence_Line_42: UNSGA3-greedy_ting-HUX to UNSGA3-greedy_ting-2P', 'Equivalence_Line_43: SMSEMOA-random_dense-2P to NSGA3-greedy_ting-2P', 'Equivalence_Line_44: NSGA3-greedy_ting-UX to AGEMOEA2-random_dense-2P', 'Equivalence_Line_45: UNSGA3-greedy_ting-UX to RVEA-random_dense-2P', 'Equivalence_Line_46: RVEA-random_dense-HUX to NSGA3-random_dense-1P', 'Equivalence_Line_47: NSGA2-greedy_ting-HUX to NSGA3-greedy_ting-1P', 'Equivalence_Line_48: NSGA2-greedy_ting-UX to AGEMOEA2-greedy_ting-2P', 'Equivalence_Line_49: RVEA-random_dense-UX to UNSGA3-random_dense-1P', 'Equivalence_Line_50: AGEMOEA2-random_dense-UX to UNSGA3-greedy_ting-1P', 'Equivalence_Line_51: AGEMOEA2-random_dense-HUX to AGEMOEA2-random_dense-1P', 'Equivalence_Line_52: SPEA2-random_dense-UX to SPEA2-greedy_ting-1P', 'Equivalence_Line_53: SPEA2-random_dense-HUX to SPEA2-random_dense-1P', 'Equivalence_Line_54: NSGA2-greedy_ting-2P to AGEMOEA2-greedy_ting-1P', 'Equivalence_Line_55: SMSEMOA-random_dense-1P to RVEA-random_dense-1P', 'Equivalence_Line_56: SPEA2-greedy_ting-HUX to RVEA-greedy_ting-2P', 'Equivalence_Line_57: SPEA2-greedy_ting-UX to RVEA-greedy_ting-HUX', 'Equivalence_Line_58: NSGA2-greedy_ting-1P to RVEA-greedy_ting-UX', 'Equivalence_Line_59: NSGA2-random_dense-2P to RVEA-greedy_ting-1P']"
SPEA2-greedy_ting-UX,0.0307629255338627,"['Equivalence_Line_1: SMSEMOA-greedy_multi-UX to RVEA-greedy_multi-2P', 'Equivalence_Line_2: SMSEMOA-greedy_multi-HUX to RVEA-greedy_multi-HUX', 'Equivalence_Line_3: SMSEMOA-greedy_multi-2P to RVEA-greedy_multi-UX', 'Equivalence_Line_4: NSGA3-greedy_multi-UX to SMSEMOA-random_dense-UX', 'Equivalence_Line_5: UNSGA3-greedy_multi-UX to SMSEMOA-random_dense-HUX', 'Equivalence_Line_6: SMSEMOA-greedy_multi-1P to SMSEMOA-greedy_ting-HUX', 'Equivalence_Line_7: NSGA3-greedy_multi-HUX to SMSEMOA-greedy_ting-UX', 'Equivalence_Line_8: UNSGA3-greedy_multi-HUX to UNSGA3-random_dense-UX', 'Equivalence_Line_9: SPEA2-greedy_multi-1P to NSGA3-random_dense-HUX', 'Equivalence_Line_10: NSGA3-greedy_multi-1P to NSGA3-random_dense-UX', 'Equivalence_Line_11: SPEA2-greedy_multi-2P to UNSGA3-random_dense-HUX', 'Equivalence_Line_12: NSGA3-greedy_multi-2P to SMSEMOA-greedy_ting-2P', 'Equivalence_Line_13: UNSGA3-greedy_multi-1P to SMSEMOA-greedy_ting-1P', 'Equivalence_Line_14: UNSGA3-greedy_multi-2P to NSGA2-random_dense-HUX', 'Equivalence_Line_15: NSGA2-greedy_multi-HUX to NSGA2-random_dense-UX', 'Equivalence_Line_16: AGEMOEA2-greedy_multi-1P to NSGA3-greedy_ting-HUX', 'Equivalence_Line_17: NSGA2-greedy_multi-UX to UNSGA3-greedy_ting-HUX', 'Equivalence_Line_18: SPEA2-greedy_multi-UX to SMSEMOA-random_dense-2P', 'Equivalence_Line_19: NSGA2-greedy_multi-2P to NSGA3-greedy_ting-UX', 'Equivalence_Line_20: AGEMOEA2-greedy_multi-2P to UNSGA3-greedy_ting-UX', 'Equivalence_Line_21: NSGA2-greedy_multi-1P to RVEA-random_dense-HUX', 'Equivalence_Line_22: AGEMOEA2-greedy_multi-UX to NSGA2-greedy_ting-HUX', 'Equivalence_Line_23: AGEMOEA2-greedy_multi-HUX to NSGA2-greedy_ting-UX', 'Equivalence_Line_24: SPEA2-greedy_multi-HUX to RVEA-random_dense-UX', 'Equivalence_Line_25: RVEA-greedy_multi-1P to AGEMOEA2-random_dense-UX', 'Equivalence_Line_26: RVEA-greedy_multi-2P to AGEMOEA2-random_dense-HUX', 'Equivalence_Line_27: RVEA-greedy_multi-HUX to SPEA2-random_dense-UX', 'Equivalence_Line_28: RVEA-greedy_multi-UX to SPEA2-random_dense-HUX', 'Equivalence_Line_29: SMSEMOA-random_dense-UX to NSGA2-greedy_ting-2P', 'Equivalence_Line_30: SMSEMOA-random_dense-HUX to SMSEMOA-random_dense-1P', 'Equivalence_Line_31: SMSEMOA-greedy_ting-HUX to SPEA2-greedy_ting-HUX', 'Equivalence_Line_32: SMSEMOA-greedy_ting-UX to SPEA2-greedy_ting-UX', 'Equivalence_Line_33: UNSGA3-random_dense-UX to NSGA2-greedy_ting-1P', 'Equivalence_Line_34: NSGA3-random_dense-HUX to NSGA2-random_dense-2P', 'Equivalence_Line_35: NSGA3-random_dense-UX to AGEMOEA2-greedy_ting-HUX', 'Equivalence_Line_36: UNSGA3-random_dense-HUX to AGEMOEA2-greedy_ting-UX', 'Equivalence_Line_37: SMSEMOA-greedy_ting-2P to UNSGA3-random_dense-2P', 'Equivalence_Line_38: SMSEMOA-greedy_ting-1P to NSGA3-random_dense-2P', 'Equivalence_Line_39: NSGA2-random_dense-HUX to SPEA2-greedy_ting-2P', 'Equivalence_Line_40: NSGA2-random_dense-UX to SPEA2-random_dense-2P', 'Equivalence_Line_41: NSGA3-greedy_ting-HUX to NSGA2-random_dense-1P', 'Equivalence_Line_42: UNSGA3-greedy_ting-HUX to UNSGA3-greedy_ting-2P', 'Equivalence_Line_43: SMSEMOA-random_dense-2P to NSGA3-greedy_ting-2P', 'Equivalence_Line_44: NSGA3-greedy_ting-UX to AGEMOEA2-random_dense-2P', 'Equivalence_Line_45: UNSGA3-greedy_ting-UX to RVEA-random_dense-2P', 'Equivalence_Line_46: RVEA-random_dense-HUX to NSGA3-random_dense-1P', 'Equivalence_Line_47: NSGA2-greedy_ting-HUX to NSGA3-greedy_ting-1P', 'Equivalence_Line_48: NSGA2-greedy_ting-UX to AGEMOEA2-greedy_ting-2P', 'Equivalence_Line_49: RVEA-random_dense-UX to UNSGA3-random_dense-1P', 'Equivalence_Line_50: AGEMOEA2-random_dense-UX to UNSGA3-greedy_ting-1P', 'Equivalence_Line_51: AGEMOEA2-random_dense-HUX to AGEMOEA2-random_dense-1P', 'Equivalence_Line_52: SPEA2-random_dense-UX to SPEA2-greedy_ting-1P', 'Equivalence_Line_53: SPEA2-random_dense-HUX to SPEA2-random_dense-1P', 'Equivalence_Line_54: NSGA2-greedy_ting-2P to AGEMOEA2-greedy_ting-1P', 'Equivalence_Line_55: SMSEMOA-random_dense-1P to RVEA-random_dense-1P', 'Equivalence_Line_56: SPEA2-greedy_ting-HUX to RVEA-greedy_ting-2P', 'Equivalence_Line_57: SPEA2-greedy_ting-UX to RVEA-greedy_ting-HUX', 'Equivalence_Line_58: NSGA2-greedy_ting-1P to RVEA-greedy_ting-UX', 'Equivalence_Line_59: NSGA2-random_dense-2P to RVEA-greedy_ting-1P']"
NSGA2-greedy_ting-1P,0.0315611494171766,"['Equivalence_Line_1: SMSEMOA-greedy_multi-UX to RVEA-greedy_multi-2P', 'Equivalence_Line_2: SMSEMOA-greedy_multi-HUX to RVEA-greedy_multi-HUX', 'Equivalence_Line_3: SMSEMOA-greedy_multi-2P to RVEA-greedy_multi-UX', 'Equivalence_Line_4: NSGA3-greedy_multi-UX to SMSEMOA-random_dense-UX', 'Equivalence_Line_5: UNSGA3-greedy_multi-UX to SMSEMOA-random_dense-HUX', 'Equivalence_Line_6: SMSEMOA-greedy_multi-1P to SMSEMOA-greedy_ting-HUX', 'Equivalence_Line_7: NSGA3-greedy_multi-HUX to SMSEMOA-greedy_ting-UX', 'Equivalence_Line_8: UNSGA3-greedy_multi-HUX to UNSGA3-random_dense-UX', 'Equivalence_Line_9: SPEA2-greedy_multi-1P to NSGA3-random_dense-HUX', 'Equivalence_Line_10: NSGA3-greedy_multi-1P to NSGA3-random_dense-UX', 'Equivalence_Line_11: SPEA2-greedy_multi-2P to UNSGA3-random_dense-HUX', 'Equivalence_Line_12: NSGA3-greedy_multi-2P to SMSEMOA-greedy_ting-2P', 'Equivalence_Line_13: UNSGA3-greedy_multi-1P to SMSEMOA-greedy_ting-1P', 'Equivalence_Line_14: UNSGA3-greedy_multi-2P to NSGA2-random_dense-HUX', 'Equivalence_Line_15: NSGA2-greedy_multi-HUX to NSGA2-random_dense-UX', 'Equivalence_Line_16: AGEMOEA2-greedy_multi-1P to NSGA3-greedy_ting-HUX', 'Equivalence_Line_17: NSGA2-greedy_multi-UX to UNSGA3-greedy_ting-HUX', 'Equivalence_Line_18: SPEA2-greedy_multi-UX to SMSEMOA-random_dense-2P', 'Equivalence_Line_19: NSGA2-greedy_multi-2P to NSGA3-greedy_ting-UX', 'Equivalence_Line_20: AGEMOEA2-greedy_multi-2P to UNSGA3-greedy_ting-UX', 'Equivalence_Line_21: NSGA2-greedy_multi-1P to RVEA-random_dense-HUX', 'Equivalence_Line_22: AGEMOEA2-greedy_multi-UX to NSGA2-greedy_ting-HUX', 'Equivalence_Line_23: AGEMOEA2-greedy_multi-HUX to NSGA2-greedy_ting-UX', 'Equivalence_Line_24: SPEA2-greedy_multi-HUX to RVEA-random_dense-UX', 'Equivalence_Line_25: RVEA-greedy_multi-1P to AGEMOEA2-random_dense-UX', 'Equivalence_Line_26: RVEA-greedy_multi-2P to AGEMOEA2-random_dense-HUX', 'Equivalence_Line_27: RVEA-greedy_multi-HUX to SPEA2-random_dense-UX', 'Equivalence_Line_28: RVEA-greedy_multi-UX to SPEA2-random_dense-HUX', 'Equivalence_Line_29: SMSEMOA-random_dense-UX to NSGA2-greedy_ting-2P', 'Equivalence_Line_30: SMSEMOA-random_dense-HUX to SMSEMOA-random_dense-1P', 'Equivalence_Line_31: SMSEMOA-greedy_ting-HUX to SPEA2-greedy_ting-HUX', 'Equivalence_Line_32: SMSEMOA-greedy_ting-UX to SPEA2-greedy_ting-UX', 'Equivalence_Line_33: UNSGA3-random_dense-UX to NSGA2-greedy_ting-1P', 'Equivalence_Line_34: NSGA3-random_dense-HUX to NSGA2-random_dense-2P', 'Equivalence_Line_35: NSGA3-random_dense-UX to AGEMOEA2-greedy_ting-HUX', 'Equivalence_Line_36: UNSGA3-random_dense-HUX to AGEMOEA2-greedy_ting-UX', 'Equivalence_Line_37: SMSEMOA-greedy_ting-2P to UNSGA3-random_dense-2P', 'Equivalence_Line_38: SMSEMOA-greedy_ting-1P to NSGA3-random_dense-2P', 'Equivalence_Line_39: NSGA2-random_dense-HUX to SPEA2-greedy_ting-2P', 'Equivalence_Line_40: NSGA2-random_dense-UX to SPEA2-random_dense-2P', 'Equivalence_Line_41: NSGA3-greedy_ting-HUX to NSGA2-random_dense-1P', 'Equivalence_Line_42: UNSGA3-greedy_ting-HUX to UNSGA3-greedy_ting-2P', 'Equivalence_Line_43: SMSEMOA-random_dense-2P to NSGA3-greedy_ting-2P', 'Equivalence_Line_44: NSGA3-greedy_ting-UX to AGEMOEA2-random_dense-2P', 'Equivalence_Line_45: UNSGA3-greedy_ting-UX to RVEA-random_dense-2P', 'Equivalence_Line_46: RVEA-random_dense-HUX to NSGA3-random_dense-1P', 'Equivalence_Line_47: NSGA2-greedy_ting-HUX to NSGA3-greedy_ting-1P', 'Equivalence_Line_48: NSGA2-greedy_ting-UX to AGEMOEA2-greedy_ting-2P', 'Equivalence_Line_49: RVEA-random_dense-UX to UNSGA3-random_dense-1P', 'Equivalence_Line_50: AGEMOEA2-random_dense-UX to UNSGA3-greedy_ting-1P', 'Equivalence_Line_51: AGEMOEA2-random_dense-HUX to AGEMOEA2-random_dense-1P', 'Equivalence_Line_52: SPEA2-random_dense-UX to SPEA2-greedy_ting-1P', 'Equivalence_Line_53: SPEA2-random_dense-HUX to SPEA2-random_dense-1P', 'Equivalence_Line_54: NSGA2-greedy_ting-2P to AGEMOEA2-greedy_ting-1P', 'Equivalence_Line_55: SMSEMOA-random_dense-1P to RVEA-random_dense-1P', 'Equivalence_Line_56: SPEA2-greedy_ting-HUX to RVEA-greedy_ting-2P', 'Equivalence_Line_57: SPEA2-greedy_ting-UX to RVEA-greedy_ting-HUX', 'Equivalence_Line_58: NSGA2-greedy_ting-1P to RVEA-greedy_ting-UX', 'Equivalence_Line_59: NSGA2-random_dense-2P to RVEA-greedy_ting-1P']"
NSGA2-random_dense-2P,0.0350175521409077,"['Equivalence_Line_1: SMSEMOA-greedy_multi-UX to RVEA-greedy_multi-2P', 'Equivalence_Line_2: SMSEMOA-greedy_multi-HUX to RVEA-greedy_multi-HUX', 'Equivalence_Line_3: SMSEMOA-greedy_multi-2P to RVEA-greedy_multi-UX', 'Equivalence_Line_4: NSGA3-greedy_multi-UX to SMSEMOA-random_dense-UX', 'Equivalence_Line_5: UNSGA3-greedy_multi-UX to SMSEMOA-random_dense-HUX', 'Equivalence_Line_6: SMSEMOA-greedy_multi-1P to SMSEMOA-greedy_ting-HUX', 'Equivalence_Line_7: NSGA3-greedy_multi-HUX to SMSEMOA-greedy_ting-UX', 'Equivalence_Line_8: UNSGA3-greedy_multi-HUX to UNSGA3-random_dense-UX', 'Equivalence_Line_9: SPEA2-greedy_multi-1P to NSGA3-random_dense-HUX', 'Equivalence_Line_10: NSGA3-greedy_multi-1P to NSGA3-random_dense-UX', 'Equivalence_Line_11: SPEA2-greedy_multi-2P to UNSGA3-random_dense-HUX', 'Equivalence_Line_12: NSGA3-greedy_multi-2P to SMSEMOA-greedy_ting-2P', 'Equivalence_Line_13: UNSGA3-greedy_multi-1P to SMSEMOA-greedy_ting-1P', 'Equivalence_Line_14: UNSGA3-greedy_multi-2P to NSGA2-random_dense-HUX', 'Equivalence_Line_15: NSGA2-greedy_multi-HUX to NSGA2-random_dense-UX', 'Equivalence_Line_16: AGEMOEA2-greedy_multi-1P to NSGA3-greedy_ting-HUX', 'Equivalence_Line_17: NSGA2-greedy_multi-UX to UNSGA3-greedy_ting-HUX', 'Equivalence_Line_18: SPEA2-greedy_multi-UX to SMSEMOA-random_dense-2P', 'Equivalence_Line_19: NSGA2-greedy_multi-2P to NSGA3-greedy_ting-UX', 'Equivalence_Line_20: AGEMOEA2-greedy_multi-2P to UNSGA3-greedy_ting-UX', 'Equivalence_Line_21: NSGA2-greedy_multi-1P to RVEA-random_dense-HUX', 'Equivalence_Line_22: AGEMOEA2-greedy_multi-UX to NSGA2-greedy_ting-HUX', 'Equivalence_Line_23: AGEMOEA2-greedy_multi-HUX to NSGA2-greedy_ting-UX', 'Equivalence_Line_24: SPEA2-greedy_multi-HUX to RVEA-random_dense-UX', 'Equivalence_Line_25: RVEA-greedy_multi-1P to AGEMOEA2-random_dense-UX', 'Equivalence_Line_26: RVEA-greedy_multi-2P to AGEMOEA2-random_dense-HUX', 'Equivalence_Line_27: RVEA-greedy_multi-HUX to SPEA2-random_dense-UX', 'Equivalence_Line_28: RVEA-greedy_multi-UX to SPEA2-random_dense-HUX', 'Equivalence_Line_29: SMSEMOA-random_dense-UX to NSGA2-greedy_ting-2P', 'Equivalence_Line_30: SMSEMOA-random_dense-HUX to SMSEMOA-random_dense-1P', 'Equivalence_Line_31: SMSEMOA-greedy_ting-HUX to SPEA2-greedy_ting-HUX', 'Equivalence_Line_32: SMSEMOA-greedy_ting-UX to SPEA2-greedy_ting-UX', 'Equivalence_Line_33: UNSGA3-random_dense-UX to NSGA2-greedy_ting-1P', 'Equivalence_Line_34: NSGA3-random_dense-HUX to NSGA2-random_dense-2P', 'Equivalence_Line_35: NSGA3-random_dense-UX to AGEMOEA2-greedy_ting-HUX', 'Equivalence_Line_36: UNSGA3-random_dense-HUX to AGEMOEA2-greedy_ting-UX', 'Equivalence_Line_37: SMSEMOA-greedy_ting-2P to UNSGA3-random_dense-2P', 'Equivalence_Line_38: SMSEMOA-greedy_ting-1P to NSGA3-random_dense-2P', 'Equivalence_Line_39: NSGA2-random_dense-HUX to SPEA2-greedy_ting-2P', 'Equivalence_Line_40: NSGA2-random_dense-UX to SPEA2-random_dense-2P', 'Equivalence_Line_41: NSGA3-greedy_ting-HUX to NSGA2-random_dense-1P', 'Equivalence_Line_42: UNSGA3-greedy_ting-HUX to UNSGA3-greedy_ting-2P', 'Equivalence_Line_43: SMSEMOA-random_dense-2P to NSGA3-greedy_ting-2P', 'Equivalence_Line_44: NSGA3-greedy_ting-UX to AGEMOEA2-random_dense-2P', 'Equivalence_Line_45: UNSGA3-greedy_ting-UX to RVEA-random_dense-2P', 'Equivalence_Line_46: RVEA-random_dense-HUX to NSGA3-random_dense-1P', 'Equivalence_Line_47: NSGA2-greedy_ting-HUX to NSGA3-greedy_ting-1P', 'Equivalence_Line_48: NSGA2-greedy_ting-UX to AGEMOEA2-greedy_ting-2P', 'Equivalence_Line_49: RVEA-random_dense-UX to UNSGA3-random_dense-1P', 'Equivalence_Line_50: AGEMOEA2-random_dense-UX to UNSGA3-greedy_ting-1P', 'Equivalence_Line_51: AGEMOEA2-random_dense-HUX to AGEMOEA2-random_dense-1P', 'Equivalence_Line_52: SPEA2-random_dense-UX to SPEA2-greedy_ting-1P', 'Equivalence_Line_53: SPEA2-random_dense-HUX to SPEA2-random_dense-1P', 'Equivalence_Line_54: NSGA2-greedy_ting-2P to AGEMOEA2-greedy_ting-1P', 'Equivalence_Line_55: SMSEMOA-random_dense-1P to RVEA-random_dense-1P', 'Equivalence_Line_56: SPEA2-greedy_ting-HUX to RVEA-greedy_ting-2P', 'Equivalence_Line_57: SPEA2-greedy_ting-UX to RVEA-greedy_ting-HUX', 'Equivalence_Line_58: NSGA2-greedy_ting-1P to RVEA-greedy_ting-UX', 'Equivalence_Line_59: NSGA2-random_dense-2P to RVEA-greedy_ting-1P']"
AGEMOEA2-greedy_ting-HUX,0.0356193595898611,"['Equivalence_Line_1: SMSEMOA-greedy_multi-UX to RVEA-greedy_multi-2P', 'Equivalence_Line_2: SMSEMOA-greedy_multi-HUX to RVEA-greedy_multi-HUX', 'Equivalence_Line_3: SMSEMOA-greedy_multi-2P to RVEA-greedy_multi-UX', 'Equivalence_Line_4: NSGA3-greedy_multi-UX to SMSEMOA-random_dense-UX', 'Equivalence_Line_5: UNSGA3-greedy_multi-UX to SMSEMOA-random_dense-HUX', 'Equivalence_Line_6: SMSEMOA-greedy_multi-1P to SMSEMOA-greedy_ting-HUX', 'Equivalence_Line_7: NSGA3-greedy_multi-HUX to SMSEMOA-greedy_ting-UX', 'Equivalence_Line_8: UNSGA3-greedy_multi-HUX to UNSGA3-random_dense-UX', 'Equivalence_Line_9: SPEA2-greedy_multi-1P to NSGA3-random_dense-HUX', 'Equivalence_Line_10: NSGA3-greedy_multi-1P to NSGA3-random_dense-UX', 'Equivalence_Line_11: SPEA2-greedy_multi-2P to UNSGA3-random_dense-HUX', 'Equivalence_Line_12: NSGA3-greedy_multi-2P to SMSEMOA-greedy_ting-2P', 'Equivalence_Line_13: UNSGA3-greedy_multi-1P to SMSEMOA-greedy_ting-1P', 'Equivalence_Line_14: UNSGA3-greedy_multi-2P to NSGA2-random_dense-HUX', 'Equivalence_Line_15: NSGA2-greedy_multi-HUX to NSGA2-random_dense-UX', 'Equivalence_Line_16: AGEMOEA2-greedy_multi-1P to NSGA3-greedy_ting-HUX', 'Equivalence_Line_17: NSGA2-greedy_multi-UX to UNSGA3-greedy_ting-HUX', 'Equivalence_Line_18: SPEA2-greedy_multi-UX to SMSEMOA-random_dense-2P', 'Equivalence_Line_19: NSGA2-greedy_multi-2P to NSGA3-greedy_ting-UX', 'Equivalence_Line_20: AGEMOEA2-greedy_multi-2P to UNSGA3-greedy_ting-UX', 'Equivalence_Line_21: NSGA2-greedy_multi-1P to RVEA-random_dense-HUX', 'Equivalence_Line_22: AGEMOEA2-greedy_multi-UX to NSGA2-greedy_ting-HUX', 'Equivalence_Line_23: AGEMOEA2-greedy_multi-HUX to NSGA2-greedy_ting-UX', 'Equivalence_Line_24: SPEA2-greedy_multi-HUX to RVEA-random_dense-UX', 'Equivalence_Line_25: RVEA-greedy_multi-1P to AGEMOEA2-random_dense-UX', 'Equivalence_Line_26: RVEA-greedy_multi-2P to AGEMOEA2-random_dense-HUX', 'Equivalence_Line_27: RVEA-greedy_multi-HUX to SPEA2-random_dense-UX', 'Equivalence_Line_28: RVEA-greedy_multi-UX to SPEA2-random_dense-HUX', 'Equivalence_Line_29: SMSEMOA-random_dense-UX to NSGA2-greedy_ting-2P', 'Equivalence_Line_30: SMSEMOA-random_dense-HUX to SMSEMOA-random_dense-1P', 'Equivalence_Line_31: SMSEMOA-greedy_ting-HUX to SPEA2-greedy_ting-HUX', 'Equivalence_Line_32: SMSEMOA-greedy_ting-UX to SPEA2-greedy_ting-UX', 'Equivalence_Line_33: UNSGA3-random_dense-UX to NSGA2-greedy_ting-1P', 'Equivalence_Line_34: NSGA3-random_dense-HUX to NSGA2-random_dense-2P', 'Equivalence_Line_35: NSGA3-random_dense-UX to AGEMOEA2-greedy_ting-HUX', 'Equivalence_Line_36: UNSGA3-random_dense-HUX to AGEMOEA2-greedy_ting-UX', 'Equivalence_Line_37: SMSEMOA-greedy_ting-2P to UNSGA3-random_dense-2P', 'Equivalence_Line_38: SMSEMOA-greedy_ting-1P to NSGA3-random_dense-2P', 'Equivalence_Line_39: NSGA2-random_dense-HUX to SPEA2-greedy_ting-2P', 'Equivalence_Line_40: NSGA2-random_dense-UX to SPEA2-random_dense-2P', 'Equivalence_Line_41: NSGA3-greedy_ting-HUX to NSGA2-random_dense-1P', 'Equivalence_Line_42: UNSGA3-greedy_ting-HUX to UNSGA3-greedy_ting-2P', 'Equivalence_Line_43: SMSEMOA-random_dense-2P to NSGA3-greedy_ting-2P', 'Equivalence_Line_44: NSGA3-greedy_ting-UX to AGEMOEA2-random_dense-2P', 'Equivalence_Line_45: UNSGA3-greedy_ting-UX to RVEA-random_dense-2P', 'Equivalence_Line_46: RVEA-random_dense-HUX to NSGA3-random_dense-1P', 'Equivalence_Line_47: NSGA2-greedy_ting-HUX to NSGA3-greedy_ting-1P', 'Equivalence_Line_48: NSGA2-greedy_ting-UX to AGEMOEA2-greedy_ting-2P', 'Equivalence_Line_49: RVEA-random_dense-UX to UNSGA3-random_dense-1P', 'Equivalence_Line_50: AGEMOEA2-random_dense-UX to UNSGA3-greedy_ting-1P', 'Equivalence_Line_51: AGEMOEA2-random_dense-HUX to AGEMOEA2-random_dense-1P', 'Equivalence_Line_52: SPEA2-random_dense-UX to SPEA2-greedy_ting-1P', 'Equivalence_Line_53: SPEA2-random_dense-HUX to SPEA2-random_dense-1P', 'Equivalence_Line_54: NSGA2-greedy_ting-2P to AGEMOEA2-greedy_ting-1P', 'Equivalence_Line_55: SMSEMOA-random_dense-1P to RVEA-random_dense-1P', 'Equivalence_Line_56: SPEA2-greedy_ting-HUX to RVEA-greedy_ting-2P', 'Equivalence_Line_57: SPEA2-greedy_ting-UX to RVEA-greedy_ting-HUX', 'Equivalence_Line_58: NSGA2-greedy_ting-1P to RVEA-greedy_ting-UX', 'Equivalence_Line_59: NSGA2-random_dense-2P to RVEA-greedy_ting-1P']"
AGEMOEA2-greedy_ting-UX,0.0358303832712463,"['Equivalence_Line_1: SMSEMOA-greedy_multi-UX to RVEA-greedy_multi-2P', 'Equivalence_Line_2: SMSEMOA-greedy_multi-HUX to RVEA-greedy_multi-HUX', 'Equivalence_Line_3: SMSEMOA-greedy_multi-2P to RVEA-greedy_multi-UX', 'Equivalence_Line_4: NSGA3-greedy_multi-UX to SMSEMOA-random_dense-UX', 'Equivalence_Line_5: UNSGA3-greedy_multi-UX to SMSEMOA-random_dense-HUX', 'Equivalence_Line_6: SMSEMOA-greedy_multi-1P to SMSEMOA-greedy_ting-HUX', 'Equivalence_Line_7: NSGA3-greedy_multi-HUX to SMSEMOA-greedy_ting-UX', 'Equivalence_Line_8: UNSGA3-greedy_multi-HUX to UNSGA3-random_dense-UX', 'Equivalence_Line_9: SPEA2-greedy_multi-1P to NSGA3-random_dense-HUX', 'Equivalence_Line_10: NSGA3-greedy_multi-1P to NSGA3-random_dense-UX', 'Equivalence_Line_11: SPEA2-greedy_multi-2P to UNSGA3-random_dense-HUX', 'Equivalence_Line_12: NSGA3-greedy_multi-2P to SMSEMOA-greedy_ting-2P', 'Equivalence_Line_13: UNSGA3-greedy_multi-1P to SMSEMOA-greedy_ting-1P', 'Equivalence_Line_14: UNSGA3-greedy_multi-2P to NSGA2-random_dense-HUX', 'Equivalence_Line_15: NSGA2-greedy_multi-HUX to NSGA2-random_dense-UX', 'Equivalence_Line_16: AGEMOEA2-greedy_multi-1P to NSGA3-greedy_ting-HUX', 'Equivalence_Line_17: NSGA2-greedy_multi-UX to UNSGA3-greedy_ting-HUX', 'Equivalence_Line_18: SPEA2-greedy_multi-UX to SMSEMOA-random_dense-2P', 'Equivalence_Line_19: NSGA2-greedy_multi-2P to NSGA3-greedy_ting-UX', 'Equivalence_Line_20: AGEMOEA2-greedy_multi-2P to UNSGA3-greedy_ting-UX', 'Equivalence_Line_21: NSGA2-greedy_multi-1P to RVEA-random_dense-HUX', 'Equivalence_Line_22: AGEMOEA2-greedy_multi-UX to NSGA2-greedy_ting-HUX', 'Equivalence_Line_23: AGEMOEA2-greedy_multi-HUX to NSGA2-greedy_ting-UX', 'Equivalence_Line_24: SPEA2-greedy_multi-HUX to RVEA-random_dense-UX', 'Equivalence_Line_25: RVEA-greedy_multi-1P to AGEMOEA2-random_dense-UX', 'Equivalence_Line_26: RVEA-greedy_multi-2P to AGEMOEA2-random_dense-HUX', 'Equivalence_Line_27: RVEA-greedy_multi-HUX to SPEA2-random_dense-UX', 'Equivalence_Line_28: RVEA-greedy_multi-UX to SPEA2-random_dense-HUX', 'Equivalence_Line_29: SMSEMOA-random_dense-UX to NSGA2-greedy_ting-2P', 'Equivalence_Line_30: SMSEMOA-random_dense-HUX to SMSEMOA-random_dense-1P', 'Equivalence_Line_31: SMSEMOA-greedy_ting-HUX to SPEA2-greedy_ting-HUX', 'Equivalence_Line_32: SMSEMOA-greedy_ting-UX to SPEA2-greedy_ting-UX', 'Equivalence_Line_33: UNSGA3-random_dense-UX to NSGA2-greedy_ting-1P', 'Equivalence_Line_34: NSGA3-random_dense-HUX to NSGA2-random_dense-2P', 'Equivalence_Line_35: NSGA3-random_dense-UX to AGEMOEA2-greedy_ting-HUX', 'Equivalence_Line_36: UNSGA3-random_dense-HUX to AGEMOEA2-greedy_ting-UX', 'Equivalence_Line_37: SMSEMOA-greedy_ting-2P to UNSGA3-random_dense-2P', 'Equivalence_Line_38: SMSEMOA-greedy_ting-1P to NSGA3-random_dense-2P', 'Equivalence_Line_39: NSGA2-random_dense-HUX to SPEA2-greedy_ting-2P', 'Equivalence_Line_40: NSGA2-random_dense-UX to SPEA2-random_dense-2P', 'Equivalence_Line_41: NSGA3-greedy_ting-HUX to NSGA2-random_dense-1P', 'Equivalence_Line_42: UNSGA3-greedy_ting-HUX to UNSGA3-greedy_ting-2P', 'Equivalence_Line_43: SMSEMOA-random_dense-2P to NSGA3-greedy_ting-2P', 'Equivalence_Line_44: NSGA3-greedy_ting-UX to AGEMOEA2-random_dense-2P', 'Equivalence_Line_45: UNSGA3-greedy_ting-UX to RVEA-random_dense-2P', 'Equivalence_Line_46: RVEA-random_dense-HUX to NSGA3-random_dense-1P', 'Equivalence_Line_47: NSGA2-greedy_ting-HUX to NSGA3-greedy_ting-1P', 'Equivalence_Line_48: NSGA2-greedy_ting-UX to AGEMOEA2-greedy_ting-2P', 'Equivalence_Line_49: RVEA-random_dense-UX to UNSGA3-random_dense-1P', 'Equivalence_Line_50: AGEMOEA2-random_dense-UX to UNSGA3-greedy_ting-1P', 'Equivalence_Line_51: AGEMOEA2-random_dense-HUX to AGEMOEA2-random_dense-1P', 'Equivalence_Line_52: SPEA2-random_dense-UX to SPEA2-greedy_ting-1P', 'Equivalence_Line_53: SPEA2-random_dense-HUX to SPEA2-random_dense-1P', 'Equivalence_Line_54: NSGA2-greedy_ting-2P to AGEMOEA2-greedy_ting-1P', 'Equivalence_Line_55: SMSEMOA-random_dense-1P to RVEA-random_dense-1P', 'Equivalence_Line_56: SPEA2-greedy_ting-HUX to RVEA-greedy_ting-2P', 'Equivalence_Line_57: SPEA2-greedy_ting-UX to RVEA-greedy_ting-HUX', 'Equivalence_Line_58: NSGA2-greedy_ting-1P to RVEA-greedy_ting-UX', 'Equivalence_Line_59: NSGA2-random_dense-2P to RVEA-greedy_ting-1P']"
UNSGA3-random_dense-2P,0.0399139393260884,"['Equivalence_Line_1: SMSEMOA-greedy_multi-UX to RVEA-greedy_multi-2P', 'Equivalence_Line_2: SMSEMOA-greedy_multi-HUX to RVEA-greedy_multi-HUX', 'Equivalence_Line_3: SMSEMOA-greedy_multi-2P to RVEA-greedy_multi-UX', 'Equivalence_Line_4: NSGA3-greedy_multi-UX to SMSEMOA-random_dense-UX', 'Equivalence_Line_5: UNSGA3-greedy_multi-UX to SMSEMOA-random_dense-HUX', 'Equivalence_Line_6: SMSEMOA-greedy_multi-1P to SMSEMOA-greedy_ting-HUX', 'Equivalence_Line_7: NSGA3-greedy_multi-HUX to SMSEMOA-greedy_ting-UX', 'Equivalence_Line_8: UNSGA3-greedy_multi-HUX to UNSGA3-random_dense-UX', 'Equivalence_Line_9: SPEA2-greedy_multi-1P to NSGA3-random_dense-HUX', 'Equivalence_Line_10: NSGA3-greedy_multi-1P to NSGA3-random_dense-UX', 'Equivalence_Line_11: SPEA2-greedy_multi-2P to UNSGA3-random_dense-HUX', 'Equivalence_Line_12: NSGA3-greedy_multi-2P to SMSEMOA-greedy_ting-2P', 'Equivalence_Line_13: UNSGA3-greedy_multi-1P to SMSEMOA-greedy_ting-1P', 'Equivalence_Line_14: UNSGA3-greedy_multi-2P to NSGA2-random_dense-HUX', 'Equivalence_Line_15: NSGA2-greedy_multi-HUX to NSGA2-random_dense-UX', 'Equivalence_Line_16: AGEMOEA2-greedy_multi-1P to NSGA3-greedy_ting-HUX', 'Equivalence_Line_17: NSGA2-greedy_multi-UX to UNSGA3-greedy_ting-HUX', 'Equivalence_Line_18: SPEA2-greedy_multi-UX to SMSEMOA-random_dense-2P', 'Equivalence_Line_19: NSGA2-greedy_multi-2P to NSGA3-greedy_ting-UX', 'Equivalence_Line_20: AGEMOEA2-greedy_multi-2P to UNSGA3-greedy_ting-UX', 'Equivalence_Line_21: NSGA2-greedy_multi-1P to RVEA-random_dense-HUX', 'Equivalence_Line_22: AGEMOEA2-greedy_multi-UX to NSGA2-greedy_ting-HUX', 'Equivalence_Line_23: AGEMOEA2-greedy_multi-HUX to NSGA2-greedy_ting-UX', 'Equivalence_Line_24: SPEA2-greedy_multi-HUX to RVEA-random_dense-UX', 'Equivalence_Line_25: RVEA-greedy_multi-1P to AGEMOEA2-random_dense-UX', 'Equivalence_Line_26: RVEA-greedy_multi-2P to AGEMOEA2-random_dense-HUX', 'Equivalence_Line_27: RVEA-greedy_multi-HUX to SPEA2-random_dense-UX', 'Equivalence_Line_28: RVEA-greedy_multi-UX to SPEA2-random_dense-HUX', 'Equivalence_Line_29: SMSEMOA-random_dense-UX to NSGA2-greedy_ting-2P', 'Equivalence_Line_30: SMSEMOA-random_dense-HUX to SMSEMOA-random_dense-1P', 'Equivalence_Line_31: SMSEMOA-greedy_ting-HUX to SPEA2-greedy_ting-HUX', 'Equivalence_Line_32: SMSEMOA-greedy_ting-UX to SPEA2-greedy_ting-UX', 'Equivalence_Line_33: UNSGA3-random_dense-UX to NSGA2-greedy_ting-1P', 'Equivalence_Line_34: NSGA3-random_dense-HUX to NSGA2-random_dense-2P', 'Equivalence_Line_35: NSGA3-random_dense-UX to AGEMOEA2-greedy_ting-HUX', 'Equivalence_Line_36: UNSGA3-random_dense-HUX to AGEMOEA2-greedy_ting-UX', 'Equivalence_Line_37: SMSEMOA-greedy_ting-2P to UNSGA3-random_dense-2P', 'Equivalence_Line_38: SMSEMOA-greedy_ting-1P to NSGA3-random_dense-2P', 'Equivalence_Line_39: NSGA2-random_dense-HUX to SPEA2-greedy_ting-2P', 'Equivalence_Line_40: NSGA2-random_dense-UX to SPEA2-random_dense-2P', 'Equivalence_Line_41: NSGA3-greedy_ting-HUX to NSGA2-random_dense-1P', 'Equivalence_Line_42: UNSGA3-greedy_ting-HUX to UNSGA3-greedy_ting-2P', 'Equivalence_Line_43: SMSEMOA-random_dense-2P to NSGA3-greedy_ting-2P', 'Equivalence_Line_44: NSGA3-greedy_ting-UX to AGEMOEA2-random_dense-2P', 'Equivalence_Line_45: UNSGA3-greedy_ting-UX to RVEA-random_dense-2P', 'Equivalence_Line_46: RVEA-random_dense-HUX to NSGA3-random_dense-1P', 'Equivalence_Line_47: NSGA2-greedy_ting-HUX to NSGA3-greedy_ting-1P', 'Equivalence_Line_48: NSGA2-greedy_ting-UX to AGEMOEA2-greedy_ting-2P', 'Equivalence_Line_49: RVEA-random_dense-UX to UNSGA3-random_dense-1P', 'Equivalence_Line_50: AGEMOEA2-random_dense-UX to UNSGA3-greedy_ting-1P', 'Equivalence_Line_51: AGEMOEA2-random_dense-HUX to AGEMOEA2-random_dense-1P', 'Equivalence_Line_52: SPEA2-random_dense-UX to SPEA2-greedy_ting-1P', 'Equivalence_Line_53: SPEA2-random_dense-HUX to SPEA2-random_dense-1P', 'Equivalence_Line_54: NSGA2-greedy_ting-2P to AGEMOEA2-greedy_ting-1P', 'Equivalence_Line_55: SMSEMOA-random_dense-1P to RVEA-random_dense-1P', 'Equivalence_Line_56: SPEA2-greedy_ting-HUX to RVEA-greedy_ting-2P', 'Equivalence_Line_57: SPEA2-greedy_ting-UX to RVEA-greedy_ting-HUX', 'Equivalence_Line_58: NSGA2-greedy_ting-1P to RVEA-greedy_ting-UX', 'Equivalence_Line_59: NSGA2-random_dense-2P to RVEA-greedy_ting-1P']"
NSGA3-random_dense-2P,0.0402490097824296,"['Equivalence_Line_1: SMSEMOA-greedy_multi-UX to RVEA-greedy_multi-2P', 'Equivalence_Line_2: SMSEMOA-greedy_multi-HUX to RVEA-greedy_multi-HUX', 'Equivalence_Line_3: SMSEMOA-greedy_multi-2P to RVEA-greedy_multi-UX', 'Equivalence_Line_4: NSGA3-greedy_multi-UX to SMSEMOA-random_dense-UX', 'Equivalence_Line_5: UNSGA3-greedy_multi-UX to SMSEMOA-random_dense-HUX', 'Equivalence_Line_6: SMSEMOA-greedy_multi-1P to SMSEMOA-greedy_ting-HUX', 'Equivalence_Line_7: NSGA3-greedy_multi-HUX to SMSEMOA-greedy_ting-UX', 'Equivalence_Line_8: UNSGA3-greedy_multi-HUX to UNSGA3-random_dense-UX', 'Equivalence_Line_9: SPEA2-greedy_multi-1P to NSGA3-random_dense-HUX', 'Equivalence_Line_10: NSGA3-greedy_multi-1P to NSGA3-random_dense-UX', 'Equivalence_Line_11: SPEA2-greedy_multi-2P to UNSGA3-random_dense-HUX', 'Equivalence_Line_12: NSGA3-greedy_multi-2P to SMSEMOA-greedy_ting-2P', 'Equivalence_Line_13: UNSGA3-greedy_multi-1P to SMSEMOA-greedy_ting-1P', 'Equivalence_Line_14: UNSGA3-greedy_multi-2P to NSGA2-random_dense-HUX', 'Equivalence_Line_15: NSGA2-greedy_multi-HUX to NSGA2-random_dense-UX', 'Equivalence_Line_16: AGEMOEA2-greedy_multi-1P to NSGA3-greedy_ting-HUX', 'Equivalence_Line_17: NSGA2-greedy_multi-UX to UNSGA3-greedy_ting-HUX', 'Equivalence_Line_18: SPEA2-greedy_multi-UX to SMSEMOA-random_dense-2P', 'Equivalence_Line_19: NSGA2-greedy_multi-2P to NSGA3-greedy_ting-UX', 'Equivalence_Line_20: AGEMOEA2-greedy_multi-2P to UNSGA3-greedy_ting-UX', 'Equivalence_Line_21: NSGA2-greedy_multi-1P to RVEA-random_dense-HUX', 'Equivalence_Line_22: AGEMOEA2-greedy_multi-UX to NSGA2-greedy_ting-HUX', 'Equivalence_Line_23: AGEMOEA2-greedy_multi-HUX to NSGA2-greedy_ting-UX', 'Equivalence_Line_24: SPEA2-greedy_multi-HUX to RVEA-random_dense-UX', 'Equivalence_Line_25: RVEA-greedy_multi-1P to AGEMOEA2-random_dense-UX', 'Equivalence_Line_26: RVEA-greedy_multi-2P to AGEMOEA2-random_dense-HUX', 'Equivalence_Line_27: RVEA-greedy_multi-HUX to SPEA2-random_dense-UX', 'Equivalence_Line_28: RVEA-greedy_multi-UX to SPEA2-random_dense-HUX', 'Equivalence_Line_29: SMSEMOA-random_dense-UX to NSGA2-greedy_ting-2P', 'Equivalence_Line_30: SMSEMOA-random_dense-HUX to SMSEMOA-random_dense-1P', 'Equivalence_Line_31: SMSEMOA-greedy_ting-HUX to SPEA2-greedy_ting-HUX', 'Equivalence_Line_32: SMSEMOA-greedy_ting-UX to SPEA2-greedy_ting-UX', 'Equivalence_Line_33: UNSGA3-random_dense-UX to NSGA2-greedy_ting-1P', 'Equivalence_Line_34: NSGA3-random_dense-HUX to NSGA2-random_dense-2P', 'Equivalence_Line_35: NSGA3-random_dense-UX to AGEMOEA2-greedy_ting-HUX', 'Equivalence_Line_36: UNSGA3-random_dense-HUX to AGEMOEA2-greedy_ting-UX', 'Equivalence_Line_37: SMSEMOA-greedy_ting-2P to UNSGA3-random_dense-2P', 'Equivalence_Line_38: SMSEMOA-greedy_ting-1P to NSGA3-random_dense-2P', 'Equivalence_Line_39: NSGA2-random_dense-HUX to SPEA2-greedy_ting-2P', 'Equivalence_Line_40: NSGA2-random_dense-UX to SPEA2-random_dense-2P', 'Equivalence_Line_41: NSGA3-greedy_ting-HUX to NSGA2-random_dense-1P', 'Equivalence_Line_42: UNSGA3-greedy_ting-HUX to UNSGA3-greedy_ting-2P', 'Equivalence_Line_43: SMSEMOA-random_dense-2P to NSGA3-greedy_ting-2P', 'Equivalence_Line_44: NSGA3-greedy_ting-UX to AGEMOEA2-random_dense-2P', 'Equivalence_Line_45: UNSGA3-greedy_ting-UX to RVEA-random_dense-2P', 'Equivalence_Line_46: RVEA-random_dense-HUX to NSGA3-random_dense-1P', 'Equivalence_Line_47: NSGA2-greedy_ting-HUX to NSGA3-greedy_ting-1P', 'Equivalence_Line_48: NSGA2-greedy_ting-UX to AGEMOEA2-greedy_ting-2P', 'Equivalence_Line_49: RVEA-random_dense-UX to UNSGA3-random_dense-1P', 'Equivalence_Line_50: AGEMOEA2-random_dense-UX to UNSGA3-greedy_ting-1P', 'Equivalence_Line_51: AGEMOEA2-random_dense-HUX to AGEMOEA2-random_dense-1P', 'Equivalence_Line_52: SPEA2-random_dense-UX to SPEA2-greedy_ting-1P', 'Equivalence_Line_53: SPEA2-random_dense-HUX to SPEA2-random_dense-1P', 'Equivalence_Line_54: NSGA2-greedy_ting-2P to AGEMOEA2-greedy_ting-1P', 'Equivalence_Line_55: SMSEMOA-random_dense-1P to RVEA-random_dense-1P', 'Equivalence_Line_56: SPEA2-greedy_ting-HUX to RVEA-greedy_ting-2P', 'Equivalence_Line_57: SPEA2-greedy_ting-UX to RVEA-greedy_ting-HUX', 'Equivalence_Line_58: NSGA2-greedy_ting-1P to RVEA-greedy_ting-UX', 'Equivalence_Line_59: NSGA2-random_dense-2P to RVEA-greedy_ting-1P']"
SPEA2-greedy_ting-2P,0.0403255412530716,"['Equivalence_Line_1: SMSEMOA-greedy_multi-UX to RVEA-greedy_multi-2P', 'Equivalence_Line_2: SMSEMOA-greedy_multi-HUX to RVEA-greedy_multi-HUX', 'Equivalence_Line_3: SMSEMOA-greedy_multi-2P to RVEA-greedy_multi-UX', 'Equivalence_Line_4: NSGA3-greedy_multi-UX to SMSEMOA-random_dense-UX', 'Equivalence_Line_5: UNSGA3-greedy_multi-UX to SMSEMOA-random_dense-HUX', 'Equivalence_Line_6: SMSEMOA-greedy_multi-1P to SMSEMOA-greedy_ting-HUX', 'Equivalence_Line_7: NSGA3-greedy_multi-HUX to SMSEMOA-greedy_ting-UX', 'Equivalence_Line_8: UNSGA3-greedy_multi-HUX to UNSGA3-random_dense-UX', 'Equivalence_Line_9: SPEA2-greedy_multi-1P to NSGA3-random_dense-HUX', 'Equivalence_Line_10: NSGA3-greedy_multi-1P to NSGA3-random_dense-UX', 'Equivalence_Line_11: SPEA2-greedy_multi-2P to UNSGA3-random_dense-HUX', 'Equivalence_Line_12: NSGA3-greedy_multi-2P to SMSEMOA-greedy_ting-2P', 'Equivalence_Line_13: UNSGA3-greedy_multi-1P to SMSEMOA-greedy_ting-1P', 'Equivalence_Line_14: UNSGA3-greedy_multi-2P to NSGA2-random_dense-HUX', 'Equivalence_Line_15: NSGA2-greedy_multi-HUX to NSGA2-random_dense-UX', 'Equivalence_Line_16: AGEMOEA2-greedy_multi-1P to NSGA3-greedy_ting-HUX', 'Equivalence_Line_17: NSGA2-greedy_multi-UX to UNSGA3-greedy_ting-HUX', 'Equivalence_Line_18: SPEA2-greedy_multi-UX to SMSEMOA-random_dense-2P', 'Equivalence_Line_19: NSGA2-greedy_multi-2P to NSGA3-greedy_ting-UX', 'Equivalence_Line_20: AGEMOEA2-greedy_multi-2P to UNSGA3-greedy_ting-UX', 'Equivalence_Line_21: NSGA2-greedy_multi-1P to RVEA-random_dense-HUX', 'Equivalence_Line_22: AGEMOEA2-greedy_multi-UX to NSGA2-greedy_ting-HUX', 'Equivalence_Line_23: AGEMOEA2-greedy_multi-HUX to NSGA2-greedy_ting-UX', 'Equivalence_Line_24: SPEA2-greedy_multi-HUX to RVEA-random_dense-UX', 'Equivalence_Line_25: RVEA-greedy_multi-1P to AGEMOEA2-random_dense-UX', 'Equivalence_Line_26: RVEA-greedy_multi-2P to AGEMOEA2-random_dense-HUX', 'Equivalence_Line_27: RVEA-greedy_multi-HUX to SPEA2-random_dense-UX', 'Equivalence_Line_28: RVEA-greedy_multi-UX to SPEA2-random_dense-HUX', 'Equivalence_Line_29: SMSEMOA-random_dense-UX to NSGA2-greedy_ting-2P', 'Equivalence_Line_30: SMSEMOA-random_dense-HUX to SMSEMOA-random_dense-1P', 'Equivalence_Line_31: SMSEMOA-greedy_ting-HUX to SPEA2-greedy_ting-HUX', 'Equivalence_Line_32: SMSEMOA-greedy_ting-UX to SPEA2-greedy_ting-UX', 'Equivalence_Line_33: UNSGA3-random_dense-UX to NSGA2-greedy_ting-1P', 'Equivalence_Line_34: NSGA3-random_dense-HUX to NSGA2-random_dense-2P', 'Equivalence_Line_35: NSGA3-random_dense-UX to AGEMOEA2-greedy_ting-HUX', 'Equivalence_Line_36: UNSGA3-random_dense-HUX to AGEMOEA2-greedy_ting-UX', 'Equivalence_Line_37: SMSEMOA-greedy_ting-2P to UNSGA3-random_dense-2P', 'Equivalence_Line_38: SMSEMOA-greedy_ting-1P to NSGA3-random_dense-2P', 'Equivalence_Line_39: NSGA2-random_dense-HUX to SPEA2-greedy_ting-2P', 'Equivalence_Line_40: NSGA2-random_dense-UX to SPEA2-random_dense-2P', 'Equivalence_Line_41: NSGA3-greedy_ting-HUX to NSGA2-random_dense-1P', 'Equivalence_Line_42: UNSGA3-greedy_ting-HUX to UNSGA3-greedy_ting-2P', 'Equivalence_Line_43: SMSEMOA-random_dense-2P to NSGA3-greedy_ting-2P', 'Equivalence_Line_44: NSGA3-greedy_ting-UX to AGEMOEA2-random_dense-2P', 'Equivalence_Line_45: UNSGA3-greedy_ting-UX to RVEA-random_dense-2P', 'Equivalence_Line_46: RVEA-random_dense-HUX to NSGA3-random_dense-1P', 'Equivalence_Line_47: NSGA2-greedy_ting-HUX to NSGA3-greedy_ting-1P', 'Equivalence_Line_48: NSGA2-greedy_ting-UX to AGEMOEA2-greedy_ting-2P', 'Equivalence_Line_49: RVEA-random_dense-UX to UNSGA3-random_dense-1P', 'Equivalence_Line_50: AGEMOEA2-random_dense-UX to UNSGA3-greedy_ting-1P', 'Equivalence_Line_51: AGEMOEA2-random_dense-HUX to AGEMOEA2-random_dense-1P', 'Equivalence_Line_52: SPEA2-random_dense-UX to SPEA2-greedy_ting-1P', 'Equivalence_Line_53: SPEA2-random_dense-HUX to SPEA2-random_dense-1P', 'Equivalence_Line_54: NSGA2-greedy_ting-2P to AGEMOEA2-greedy_ting-1P', 'Equivalence_Line_55: SMSEMOA-random_dense-1P to RVEA-random_dense-1P', 'Equivalence_Line_56: SPEA2-greedy_ting-HUX to RVEA-greedy_ting-2P', 'Equivalence_Line_57: SPEA2-greedy_ting-UX to RVEA-greedy_ting-HUX', 'Equivalence_Line_58: NSGA2-greedy_ting-1P to RVEA-greedy_ting-UX', 'Equivalence_Line_59: NSGA2-random_dense-2P to RVEA-greedy_ting-1P']"
SPEA2-random_dense-2P,0.0410238024570182,"['Equivalence_Line_1: SMSEMOA-greedy_multi-UX to RVEA-greedy_multi-2P', 'Equivalence_Line_2: SMSEMOA-greedy_multi-HUX to RVEA-greedy_multi-HUX', 'Equivalence_Line_3: SMSEMOA-greedy_multi-2P to RVEA-greedy_multi-UX', 'Equivalence_Line_4: NSGA3-greedy_multi-UX to SMSEMOA-random_dense-UX', 'Equivalence_Line_5: UNSGA3-greedy_multi-UX to SMSEMOA-random_dense-HUX', 'Equivalence_Line_6: SMSEMOA-greedy_multi-1P to SMSEMOA-greedy_ting-HUX', 'Equivalence_Line_7: NSGA3-greedy_multi-HUX to SMSEMOA-greedy_ting-UX', 'Equivalence_Line_8: UNSGA3-greedy_multi-HUX to UNSGA3-random_dense-UX', 'Equivalence_Line_9: SPEA2-greedy_multi-1P to NSGA3-random_dense-HUX', 'Equivalence_Line_10: NSGA3-greedy_multi-1P to NSGA3-random_dense-UX', 'Equivalence_Line_11: SPEA2-greedy_multi-2P to UNSGA3-random_dense-HUX', 'Equivalence_Line_12: NSGA3-greedy_multi-2P to SMSEMOA-greedy_ting-2P', 'Equivalence_Line_13: UNSGA3-greedy_multi-1P to SMSEMOA-greedy_ting-1P', 'Equivalence_Line_14: UNSGA3-greedy_multi-2P to NSGA2-random_dense-HUX', 'Equivalence_Line_15: NSGA2-greedy_multi-HUX to NSGA2-random_dense-UX', 'Equivalence_Line_16: AGEMOEA2-greedy_multi-1P to NSGA3-greedy_ting-HUX', 'Equivalence_Line_17: NSGA2-greedy_multi-UX to UNSGA3-greedy_ting-HUX', 'Equivalence_Line_18: SPEA2-greedy_multi-UX to SMSEMOA-random_dense-2P', 'Equivalence_Line_19: NSGA2-greedy_multi-2P to NSGA3-greedy_ting-UX', 'Equivalence_Line_20: AGEMOEA2-greedy_multi-2P to UNSGA3-greedy_ting-UX', 'Equivalence_Line_21: NSGA2-greedy_multi-1P to RVEA-random_dense-HUX', 'Equivalence_Line_22: AGEMOEA2-greedy_multi-UX to NSGA2-greedy_ting-HUX', 'Equivalence_Line_23: AGEMOEA2-greedy_multi-HUX to NSGA2-greedy_ting-UX', 'Equivalence_Line_24: SPEA2-greedy_multi-HUX to RVEA-random_dense-UX', 'Equivalence_Line_25: RVEA-greedy_multi-1P to AGEMOEA2-random_dense-UX', 'Equivalence_Line_26: RVEA-greedy_multi-2P to AGEMOEA2-random_dense-HUX', 'Equivalence_Line_27: RVEA-greedy_multi-HUX to SPEA2-random_dense-UX', 'Equivalence_Line_28: RVEA-greedy_multi-UX to SPEA2-random_dense-HUX', 'Equivalence_Line_29: SMSEMOA-random_dense-UX to NSGA2-greedy_ting-2P', 'Equivalence_Line_30: SMSEMOA-random_dense-HUX to SMSEMOA-random_dense-1P', 'Equivalence_Line_31: SMSEMOA-greedy_ting-HUX to SPEA2-greedy_ting-HUX', 'Equivalence_Line_32: SMSEMOA-greedy_ting-UX to SPEA2-greedy_ting-UX', 'Equivalence_Line_33: UNSGA3-random_dense-UX to NSGA2-greedy_ting-1P', 'Equivalence_Line_34: NSGA3-random_dense-HUX to NSGA2-random_dense-2P', 'Equivalence_Line_35: NSGA3-random_dense-UX to AGEMOEA2-greedy_ting-HUX', 'Equivalence_Line_36: UNSGA3-random_dense-HUX to AGEMOEA2-greedy_ting-UX', 'Equivalence_Line_37: SMSEMOA-greedy_ting-2P to UNSGA3-random_dense-2P', 'Equivalence_Line_38: SMSEMOA-greedy_ting-1P to NSGA3-random_dense-2P', 'Equivalence_Line_39: NSGA2-random_dense-HUX to SPEA2-greedy_ting-2P', 'Equivalence_Line_40: NSGA2-random_dense-UX to SPEA2-random_dense-2P', 'Equivalence_Line_41: NSGA3-greedy_ting-HUX to NSGA2-random_dense-1P', 'Equivalence_Line_42: UNSGA3-greedy_ting-HUX to UNSGA3-greedy_ting-2P', 'Equivalence_Line_43: SMSEMOA-random_dense-2P to NSGA3-greedy_ting-2P', 'Equivalence_Line_44: NSGA3-greedy_ting-UX to AGEMOEA2-random_dense-2P', 'Equivalence_Line_45: UNSGA3-greedy_ting-UX to RVEA-random_dense-2P', 'Equivalence_Line_46: RVEA-random_dense-HUX to NSGA3-random_dense-1P', 'Equivalence_Line_47: NSGA2-greedy_ting-HUX to NSGA3-greedy_ting-1P', 'Equivalence_Line_48: NSGA2-greedy_ting-UX to AGEMOEA2-greedy_ting-2P', 'Equivalence_Line_49: RVEA-random_dense-UX to UNSGA3-random_dense-1P', 'Equivalence_Line_50: AGEMOEA2-random_dense-UX to UNSGA3-greedy_ting-1P', 'Equivalence_Line_51: AGEMOEA2-random_dense-HUX to AGEMOEA2-random_dense-1P', 'Equivalence_Line_52: SPEA2-random_dense-UX to SPEA2-greedy_ting-1P', 'Equivalence_Line_53: SPEA2-random_dense-HUX to SPEA2-random_dense-1P', 'Equivalence_Line_54: NSGA2-greedy_ting-2P to AGEMOEA2-greedy_ting-1P', 'Equivalence_Line_55: SMSEMOA-random_dense-1P to RVEA-random_dense-1P', 'Equivalence_Line_56: SPEA2-greedy_ting-HUX to RVEA-greedy_ting-2P', 'Equivalence_Line_57: SPEA2-greedy_ting-UX to RVEA-greedy_ting-HUX', 'Equivalence_Line_58: NSGA2-greedy_ting-1P to RVEA-greedy_ting-UX', 'Equivalence_Line_59: NSGA2-random_dense-2P to RVEA-greedy_ting-1P']"
NSGA2-random_dense-1P,0.0414170840984604,"['Equivalence_Line_1: SMSEMOA-greedy_multi-UX to RVEA-greedy_multi-2P', 'Equivalence_Line_2: SMSEMOA-greedy_multi-HUX to RVEA-greedy_multi-HUX', 'Equivalence_Line_3: SMSEMOA-greedy_multi-2P to RVEA-greedy_multi-UX', 'Equivalence_Line_4: NSGA3-greedy_multi-UX to SMSEMOA-random_dense-UX', 'Equivalence_Line_5: UNSGA3-greedy_multi-UX to SMSEMOA-random_dense-HUX', 'Equivalence_Line_6: SMSEMOA-greedy_multi-1P to SMSEMOA-greedy_ting-HUX', 'Equivalence_Line_7: NSGA3-greedy_multi-HUX to SMSEMOA-greedy_ting-UX', 'Equivalence_Line_8: UNSGA3-greedy_multi-HUX to UNSGA3-random_dense-UX', 'Equivalence_Line_9: SPEA2-greedy_multi-1P to NSGA3-random_dense-HUX', 'Equivalence_Line_10: NSGA3-greedy_multi-1P to NSGA3-random_dense-UX', 'Equivalence_Line_11: SPEA2-greedy_multi-2P to UNSGA3-random_dense-HUX', 'Equivalence_Line_12: NSGA3-greedy_multi-2P to SMSEMOA-greedy_ting-2P', 'Equivalence_Line_13: UNSGA3-greedy_multi-1P to SMSEMOA-greedy_ting-1P', 'Equivalence_Line_14: UNSGA3-greedy_multi-2P to NSGA2-random_dense-HUX', 'Equivalence_Line_15: NSGA2-greedy_multi-HUX to NSGA2-random_dense-UX', 'Equivalence_Line_16: AGEMOEA2-greedy_multi-1P to NSGA3-greedy_ting-HUX', 'Equivalence_Line_17: NSGA2-greedy_multi-UX to UNSGA3-greedy_ting-HUX', 'Equivalence_Line_18: SPEA2-greedy_multi-UX to SMSEMOA-random_dense-2P', 'Equivalence_Line_19: NSGA2-greedy_multi-2P to NSGA3-greedy_ting-UX', 'Equivalence_Line_20: AGEMOEA2-greedy_multi-2P to UNSGA3-greedy_ting-UX', 'Equivalence_Line_21: NSGA2-greedy_multi-1P to RVEA-random_dense-HUX', 'Equivalence_Line_22: AGEMOEA2-greedy_multi-UX to NSGA2-greedy_ting-HUX', 'Equivalence_Line_23: AGEMOEA2-greedy_multi-HUX to NSGA2-greedy_ting-UX', 'Equivalence_Line_24: SPEA2-greedy_multi-HUX to RVEA-random_dense-UX', 'Equivalence_Line_25: RVEA-greedy_multi-1P to AGEMOEA2-random_dense-UX', 'Equivalence_Line_26: RVEA-greedy_multi-2P to AGEMOEA2-random_dense-HUX', 'Equivalence_Line_27: RVEA-greedy_multi-HUX to SPEA2-random_dense-UX', 'Equivalence_Line_28: RVEA-greedy_multi-UX to SPEA2-random_dense-HUX', 'Equivalence_Line_29: SMSEMOA-random_dense-UX to NSGA2-greedy_ting-2P', 'Equivalence_Line_30: SMSEMOA-random_dense-HUX to SMSEMOA-random_dense-1P', 'Equivalence_Line_31: SMSEMOA-greedy_ting-HUX to SPEA2-greedy_ting-HUX', 'Equivalence_Line_32: SMSEMOA-greedy_ting-UX to SPEA2-greedy_ting-UX', 'Equivalence_Line_33: UNSGA3-random_dense-UX to NSGA2-greedy_ting-1P', 'Equivalence_Line_34: NSGA3-random_dense-HUX to NSGA2-random_dense-2P', 'Equivalence_Line_35: NSGA3-random_dense-UX to AGEMOEA2-greedy_ting-HUX', 'Equivalence_Line_36: UNSGA3-random_dense-HUX to AGEMOEA2-greedy_ting-UX', 'Equivalence_Line_37: SMSEMOA-greedy_ting-2P to UNSGA3-random_dense-2P', 'Equivalence_Line_38: SMSEMOA-greedy_ting-1P to NSGA3-random_dense-2P', 'Equivalence_Line_39: NSGA2-random_dense-HUX to SPEA2-greedy_ting-2P', 'Equivalence_Line_40: NSGA2-random_dense-UX to SPEA2-random_dense-2P', 'Equivalence_Line_41: NSGA3-greedy_ting-HUX to NSGA2-random_dense-1P', 'Equivalence_Line_42: UNSGA3-greedy_ting-HUX to UNSGA3-greedy_ting-2P', 'Equivalence_Line_43: SMSEMOA-random_dense-2P to NSGA3-greedy_ting-2P', 'Equivalence_Line_44: NSGA3-greedy_ting-UX to AGEMOEA2-random_dense-2P', 'Equivalence_Line_45: UNSGA3-greedy_ting-UX to RVEA-random_dense-2P', 'Equivalence_Line_46: RVEA-random_dense-HUX to NSGA3-random_dense-1P', 'Equivalence_Line_47: NSGA2-greedy_ting-HUX to NSGA3-greedy_ting-1P', 'Equivalence_Line_48: NSGA2-greedy_ting-UX to AGEMOEA2-greedy_ting-2P', 'Equivalence_Line_49: RVEA-random_dense-UX to UNSGA3-random_dense-1P', 'Equivalence_Line_50: AGEMOEA2-random_dense-UX to UNSGA3-greedy_ting-1P', 'Equivalence_Line_51: AGEMOEA2-random_dense-HUX to AGEMOEA2-random_dense-1P', 'Equivalence_Line_52: SPEA2-random_dense-UX to SPEA2-greedy_ting-1P', 'Equivalence_Line_53: SPEA2-random_dense-HUX to SPEA2-random_dense-1P', 'Equivalence_Line_54: NSGA2-greedy_ting-2P to AGEMOEA2-greedy_ting-1P', 'Equivalence_Line_55: SMSEMOA-random_dense-1P to RVEA-random_dense-1P', 'Equivalence_Line_56: SPEA2-greedy_ting-HUX to RVEA-greedy_ting-2P', 'Equivalence_Line_57: SPEA2-greedy_ting-UX to RVEA-greedy_ting-HUX', 'Equivalence_Line_58: NSGA2-greedy_ting-1P to RVEA-greedy_ting-UX', 'Equivalence_Line_59: NSGA2-random_dense-2P to RVEA-greedy_ting-1P']"
UNSGA3-greedy_ting-2P,0.0423166708092799,"['Equivalence_Line_1: SMSEMOA-greedy_multi-UX to RVEA-greedy_multi-2P', 'Equivalence_Line_2: SMSEMOA-greedy_multi-HUX to RVEA-greedy_multi-HUX', 'Equivalence_Line_3: SMSEMOA-greedy_multi-2P to RVEA-greedy_multi-UX', 'Equivalence_Line_4: NSGA3-greedy_multi-UX to SMSEMOA-random_dense-UX', 'Equivalence_Line_5: UNSGA3-greedy_multi-UX to SMSEMOA-random_dense-HUX', 'Equivalence_Line_6: SMSEMOA-greedy_multi-1P to SMSEMOA-greedy_ting-HUX', 'Equivalence_Line_7: NSGA3-greedy_multi-HUX to SMSEMOA-greedy_ting-UX', 'Equivalence_Line_8: UNSGA3-greedy_multi-HUX to UNSGA3-random_dense-UX', 'Equivalence_Line_9: SPEA2-greedy_multi-1P to NSGA3-random_dense-HUX', 'Equivalence_Line_10: NSGA3-greedy_multi-1P to NSGA3-random_dense-UX', 'Equivalence_Line_11: SPEA2-greedy_multi-2P to UNSGA3-random_dense-HUX', 'Equivalence_Line_12: NSGA3-greedy_multi-2P to SMSEMOA-greedy_ting-2P', 'Equivalence_Line_13: UNSGA3-greedy_multi-1P to SMSEMOA-greedy_ting-1P', 'Equivalence_Line_14: UNSGA3-greedy_multi-2P to NSGA2-random_dense-HUX', 'Equivalence_Line_15: NSGA2-greedy_multi-HUX to NSGA2-random_dense-UX', 'Equivalence_Line_16: AGEMOEA2-greedy_multi-1P to NSGA3-greedy_ting-HUX', 'Equivalence_Line_17: NSGA2-greedy_multi-UX to UNSGA3-greedy_ting-HUX', 'Equivalence_Line_18: SPEA2-greedy_multi-UX to SMSEMOA-random_dense-2P', 'Equivalence_Line_19: NSGA2-greedy_multi-2P to NSGA3-greedy_ting-UX', 'Equivalence_Line_20: AGEMOEA2-greedy_multi-2P to UNSGA3-greedy_ting-UX', 'Equivalence_Line_21: NSGA2-greedy_multi-1P to RVEA-random_dense-HUX', 'Equivalence_Line_22: AGEMOEA2-greedy_multi-UX to NSGA2-greedy_ting-HUX', 'Equivalence_Line_23: AGEMOEA2-greedy_multi-HUX to NSGA2-greedy_ting-UX', 'Equivalence_Line_24: SPEA2-greedy_multi-HUX to RVEA-random_dense-UX', 'Equivalence_Line_25: RVEA-greedy_multi-1P to AGEMOEA2-random_dense-UX', 'Equivalence_Line_26: RVEA-greedy_multi-2P to AGEMOEA2-random_dense-HUX', 'Equivalence_Line_27: RVEA-greedy_multi-HUX to SPEA2-random_dense-UX', 'Equivalence_Line_28: RVEA-greedy_multi-UX to SPEA2-random_dense-HUX', 'Equivalence_Line_29: SMSEMOA-random_dense-UX to NSGA2-greedy_ting-2P', 'Equivalence_Line_30: SMSEMOA-random_dense-HUX to SMSEMOA-random_dense-1P', 'Equivalence_Line_31: SMSEMOA-greedy_ting-HUX to SPEA2-greedy_ting-HUX', 'Equivalence_Line_32: SMSEMOA-greedy_ting-UX to SPEA2-greedy_ting-UX', 'Equivalence_Line_33: UNSGA3-random_dense-UX to NSGA2-greedy_ting-1P', 'Equivalence_Line_34: NSGA3-random_dense-HUX to NSGA2-random_dense-2P', 'Equivalence_Line_35: NSGA3-random_dense-UX to AGEMOEA2-greedy_ting-HUX', 'Equivalence_Line_36: UNSGA3-random_dense-HUX to AGEMOEA2-greedy_ting-UX', 'Equivalence_Line_37: SMSEMOA-greedy_ting-2P to UNSGA3-random_dense-2P', 'Equivalence_Line_38: SMSEMOA-greedy_ting-1P to NSGA3-random_dense-2P', 'Equivalence_Line_39: NSGA2-random_dense-HUX to SPEA2-greedy_ting-2P', 'Equivalence_Line_40: NSGA2-random_dense-UX to SPEA2-random_dense-2P', 'Equivalence_Line_41: NSGA3-greedy_ting-HUX to NSGA2-random_dense-1P', 'Equivalence_Line_42: UNSGA3-greedy_ting-HUX to UNSGA3-greedy_ting-2P', 'Equivalence_Line_43: SMSEMOA-random_dense-2P to NSGA3-greedy_ting-2P', 'Equivalence_Line_44: NSGA3-greedy_ting-UX to AGEMOEA2-random_dense-2P', 'Equivalence_Line_45: UNSGA3-greedy_ting-UX to RVEA-random_dense-2P', 'Equivalence_Line_46: RVEA-random_dense-HUX to NSGA3-random_dense-1P', 'Equivalence_Line_47: NSGA2-greedy_ting-HUX to NSGA3-greedy_ting-1P', 'Equivalence_Line_48: NSGA2-greedy_ting-UX to AGEMOEA2-greedy_ting-2P', 'Equivalence_Line_49: RVEA-random_dense-UX to UNSGA3-random_dense-1P', 'Equivalence_Line_50: AGEMOEA2-random_dense-UX to UNSGA3-greedy_ting-1P', 'Equivalence_Line_51: AGEMOEA2-random_dense-HUX to AGEMOEA2-random_dense-1P', 'Equivalence_Line_52: SPEA2-random_dense-UX to SPEA2-greedy_ting-1P', 'Equivalence_Line_53: SPEA2-random_dense-HUX to SPEA2-random_dense-1P', 'Equivalence_Line_54: NSGA2-greedy_ting-2P to AGEMOEA2-greedy_ting-1P', 'Equivalence_Line_55: SMSEMOA-random_dense-1P to RVEA-random_dense-1P', 'Equivalence_Line_56: SPEA2-greedy_ting-HUX to RVEA-greedy_ting-2P', 'Equivalence_Line_57: SPEA2-greedy_ting-UX to RVEA-greedy_ting-HUX', 'Equivalence_Line_58: NSGA2-greedy_ting-1P to RVEA-greedy_ting-UX', 'Equivalence_Line_59: NSGA2-random_dense-2P to RVEA-greedy_ting-1P']"
NSGA3-greedy_ting-2P,0.0429681087727731,"['Equivalence_Line_1: SMSEMOA-greedy_multi-UX to RVEA-greedy_multi-2P', 'Equivalence_Line_2: SMSEMOA-greedy_multi-HUX to RVEA-greedy_multi-HUX', 'Equivalence_Line_3: SMSEMOA-greedy_multi-2P to RVEA-greedy_multi-UX', 'Equivalence_Line_4: NSGA3-greedy_multi-UX to SMSEMOA-random_dense-UX', 'Equivalence_Line_5: UNSGA3-greedy_multi-UX to SMSEMOA-random_dense-HUX', 'Equivalence_Line_6: SMSEMOA-greedy_multi-1P to SMSEMOA-greedy_ting-HUX', 'Equivalence_Line_7: NSGA3-greedy_multi-HUX to SMSEMOA-greedy_ting-UX', 'Equivalence_Line_8: UNSGA3-greedy_multi-HUX to UNSGA3-random_dense-UX', 'Equivalence_Line_9: SPEA2-greedy_multi-1P to NSGA3-random_dense-HUX', 'Equivalence_Line_10: NSGA3-greedy_multi-1P to NSGA3-random_dense-UX', 'Equivalence_Line_11: SPEA2-greedy_multi-2P to UNSGA3-random_dense-HUX', 'Equivalence_Line_12: NSGA3-greedy_multi-2P to SMSEMOA-greedy_ting-2P', 'Equivalence_Line_13: UNSGA3-greedy_multi-1P to SMSEMOA-greedy_ting-1P', 'Equivalence_Line_14: UNSGA3-greedy_multi-2P to NSGA2-random_dense-HUX', 'Equivalence_Line_15: NSGA2-greedy_multi-HUX to NSGA2-random_dense-UX', 'Equivalence_Line_16: AGEMOEA2-greedy_multi-1P to NSGA3-greedy_ting-HUX', 'Equivalence_Line_17: NSGA2-greedy_multi-UX to UNSGA3-greedy_ting-HUX', 'Equivalence_Line_18: SPEA2-greedy_multi-UX to SMSEMOA-random_dense-2P', 'Equivalence_Line_19: NSGA2-greedy_multi-2P to NSGA3-greedy_ting-UX', 'Equivalence_Line_20: AGEMOEA2-greedy_multi-2P to UNSGA3-greedy_ting-UX', 'Equivalence_Line_21: NSGA2-greedy_multi-1P to RVEA-random_dense-HUX', 'Equivalence_Line_22: AGEMOEA2-greedy_multi-UX to NSGA2-greedy_ting-HUX', 'Equivalence_Line_23: AGEMOEA2-greedy_multi-HUX to NSGA2-greedy_ting-UX', 'Equivalence_Line_24: SPEA2-greedy_multi-HUX to RVEA-random_dense-UX', 'Equivalence_Line_25: RVEA-greedy_multi-1P to AGEMOEA2-random_dense-UX', 'Equivalence_Line_26: RVEA-greedy_multi-2P to AGEMOEA2-random_dense-HUX', 'Equivalence_Line_27: RVEA-greedy_multi-HUX to SPEA2-random_dense-UX', 'Equivalence_Line_28: RVEA-greedy_multi-UX to SPEA2-random_dense-HUX', 'Equivalence_Line_29: SMSEMOA-random_dense-UX to NSGA2-greedy_ting-2P', 'Equivalence_Line_30: SMSEMOA-random_dense-HUX to SMSEMOA-random_dense-1P', 'Equivalence_Line_31: SMSEMOA-greedy_ting-HUX to SPEA2-greedy_ting-HUX', 'Equivalence_Line_32: SMSEMOA-greedy_ting-UX to SPEA2-greedy_ting-UX', 'Equivalence_Line_33: UNSGA3-random_dense-UX to NSGA2-greedy_ting-1P', 'Equivalence_Line_34: NSGA3-random_dense-HUX to NSGA2-random_dense-2P', 'Equivalence_Line_35: NSGA3-random_dense-UX to AGEMOEA2-greedy_ting-HUX', 'Equivalence_Line_36: UNSGA3-random_dense-HUX to AGEMOEA2-greedy_ting-UX', 'Equivalence_Line_37: SMSEMOA-greedy_ting-2P to UNSGA3-random_dense-2P', 'Equivalence_Line_38: SMSEMOA-greedy_ting-1P to NSGA3-random_dense-2P', 'Equivalence_Line_39: NSGA2-random_dense-HUX to SPEA2-greedy_ting-2P', 'Equivalence_Line_40: NSGA2-random_dense-UX to SPEA2-random_dense-2P', 'Equivalence_Line_41: NSGA3-greedy_ting-HUX to NSGA2-random_dense-1P', 'Equivalence_Line_42: UNSGA3-greedy_ting-HUX to UNSGA3-greedy_ting-2P', 'Equivalence_Line_43: SMSEMOA-random_dense-2P to NSGA3-greedy_ting-2P', 'Equivalence_Line_44: NSGA3-greedy_ting-UX to AGEMOEA2-random_dense-2P', 'Equivalence_Line_45: UNSGA3-greedy_ting-UX to RVEA-random_dense-2P', 'Equivalence_Line_46: RVEA-random_dense-HUX to NSGA3-random_dense-1P', 'Equivalence_Line_47: NSGA2-greedy_ting-HUX to NSGA3-greedy_ting-1P', 'Equivalence_Line_48: NSGA2-greedy_ting-UX to AGEMOEA2-greedy_ting-2P', 'Equivalence_Line_49: RVEA-random_dense-UX to UNSGA3-random_dense-1P', 'Equivalence_Line_50: AGEMOEA2-random_dense-UX to UNSGA3-greedy_ting-1P', 'Equivalence_Line_51: AGEMOEA2-random_dense-HUX to AGEMOEA2-random_dense-1P', 'Equivalence_Line_52: SPEA2-random_dense-UX to SPEA2-greedy_ting-1P', 'Equivalence_Line_53: SPEA2-random_dense-HUX to SPEA2-random_dense-1P', 'Equivalence_Line_54: NSGA2-greedy_ting-2P to AGEMOEA2-greedy_ting-1P', 'Equivalence_Line_55: SMSEMOA-random_dense-1P to RVEA-random_dense-1P', 'Equivalence_Line_56: SPEA2-greedy_ting-HUX to RVEA-greedy_ting-2P', 'Equivalence_Line_57: SPEA2-greedy_ting-UX to RVEA-greedy_ting-HUX', 'Equivalence_Line_58: NSGA2-greedy_ting-1P to RVEA-greedy_ting-UX', 'Equivalence_Line_59: NSGA2-random_dense-2P to RVEA-greedy_ting-1P']"
AGEMOEA2-random_dense-2P,0.0437960593985979,"['Equivalence_Line_1: SMSEMOA-greedy_multi-UX to RVEA-greedy_multi-2P', 'Equivalence_Line_2: SMSEMOA-greedy_multi-HUX to RVEA-greedy_multi-HUX', 'Equivalence_Line_3: SMSEMOA-greedy_multi-2P to RVEA-greedy_multi-UX', 'Equivalence_Line_4: NSGA3-greedy_multi-UX to SMSEMOA-random_dense-UX', 'Equivalence_Line_5: UNSGA3-greedy_multi-UX to SMSEMOA-random_dense-HUX', 'Equivalence_Line_6: SMSEMOA-greedy_multi-1P to SMSEMOA-greedy_ting-HUX', 'Equivalence_Line_7: NSGA3-greedy_multi-HUX to SMSEMOA-greedy_ting-UX', 'Equivalence_Line_8: UNSGA3-greedy_multi-HUX to UNSGA3-random_dense-UX', 'Equivalence_Line_9: SPEA2-greedy_multi-1P to NSGA3-random_dense-HUX', 'Equivalence_Line_10: NSGA3-greedy_multi-1P to NSGA3-random_dense-UX', 'Equivalence_Line_11: SPEA2-greedy_multi-2P to UNSGA3-random_dense-HUX', 'Equivalence_Line_12: NSGA3-greedy_multi-2P to SMSEMOA-greedy_ting-2P', 'Equivalence_Line_13: UNSGA3-greedy_multi-1P to SMSEMOA-greedy_ting-1P', 'Equivalence_Line_14: UNSGA3-greedy_multi-2P to NSGA2-random_dense-HUX', 'Equivalence_Line_15: NSGA2-greedy_multi-HUX to NSGA2-random_dense-UX', 'Equivalence_Line_16: AGEMOEA2-greedy_multi-1P to NSGA3-greedy_ting-HUX', 'Equivalence_Line_17: NSGA2-greedy_multi-UX to UNSGA3-greedy_ting-HUX', 'Equivalence_Line_18: SPEA2-greedy_multi-UX to SMSEMOA-random_dense-2P', 'Equivalence_Line_19: NSGA2-greedy_multi-2P to NSGA3-greedy_ting-UX', 'Equivalence_Line_20: AGEMOEA2-greedy_multi-2P to UNSGA3-greedy_ting-UX', 'Equivalence_Line_21: NSGA2-greedy_multi-1P to RVEA-random_dense-HUX', 'Equivalence_Line_22: AGEMOEA2-greedy_multi-UX to NSGA2-greedy_ting-HUX', 'Equivalence_Line_23: AGEMOEA2-greedy_multi-HUX to NSGA2-greedy_ting-UX', 'Equivalence_Line_24: SPEA2-greedy_multi-HUX to RVEA-random_dense-UX', 'Equivalence_Line_25: RVEA-greedy_multi-1P to AGEMOEA2-random_dense-UX', 'Equivalence_Line_26: RVEA-greedy_multi-2P to AGEMOEA2-random_dense-HUX', 'Equivalence_Line_27: RVEA-greedy_multi-HUX to SPEA2-random_dense-UX', 'Equivalence_Line_28: RVEA-greedy_multi-UX to SPEA2-random_dense-HUX', 'Equivalence_Line_29: SMSEMOA-random_dense-UX to NSGA2-greedy_ting-2P', 'Equivalence_Line_30: SMSEMOA-random_dense-HUX to SMSEMOA-random_dense-1P', 'Equivalence_Line_31: SMSEMOA-greedy_ting-HUX to SPEA2-greedy_ting-HUX', 'Equivalence_Line_32: SMSEMOA-greedy_ting-UX to SPEA2-greedy_ting-UX', 'Equivalence_Line_33: UNSGA3-random_dense-UX to NSGA2-greedy_ting-1P', 'Equivalence_Line_34: NSGA3-random_dense-HUX to NSGA2-random_dense-2P', 'Equivalence_Line_35: NSGA3-random_dense-UX to AGEMOEA2-greedy_ting-HUX', 'Equivalence_Line_36: UNSGA3-random_dense-HUX to AGEMOEA2-greedy_ting-UX', 'Equivalence_Line_37: SMSEMOA-greedy_ting-2P to UNSGA3-random_dense-2P', 'Equivalence_Line_38: SMSEMOA-greedy_ting-1P to NSGA3-random_dense-2P', 'Equivalence_Line_39: NSGA2-random_dense-HUX to SPEA2-greedy_ting-2P', 'Equivalence_Line_40: NSGA2-random_dense-UX to SPEA2-random_dense-2P', 'Equivalence_Line_41: NSGA3-greedy_ting-HUX to NSGA2-random_dense-1P', 'Equivalence_Line_42: UNSGA3-greedy_ting-HUX to UNSGA3-greedy_ting-2P', 'Equivalence_Line_43: SMSEMOA-random_dense-2P to NSGA3-greedy_ting-2P', 'Equivalence_Line_44: NSGA3-greedy_ting-UX to AGEMOEA2-random_dense-2P', 'Equivalence_Line_45: UNSGA3-greedy_ting-UX to RVEA-random_dense-2P', 'Equivalence_Line_46: RVEA-random_dense-HUX to NSGA3-random_dense-1P', 'Equivalence_Line_47: NSGA2-greedy_ting-HUX to NSGA3-greedy_ting-1P', 'Equivalence_Line_48: NSGA2-greedy_ting-UX to AGEMOEA2-greedy_ting-2P', 'Equivalence_Line_49: RVEA-random_dense-UX to UNSGA3-random_dense-1P', 'Equivalence_Line_50: AGEMOEA2-random_dense-UX to UNSGA3-greedy_ting-1P', 'Equivalence_Line_51: AGEMOEA2-random_dense-HUX to AGEMOEA2-random_dense-1P', 'Equivalence_Line_52: SPEA2-random_dense-UX to SPEA2-greedy_ting-1P', 'Equivalence_Line_53: SPEA2-random_dense-HUX to SPEA2-random_dense-1P', 'Equivalence_Line_54: NSGA2-greedy_ting-2P to AGEMOEA2-greedy_ting-1P', 'Equivalence_Line_55: SMSEMOA-random_dense-1P to RVEA-random_dense-1P', 'Equivalence_Line_56: SPEA2-greedy_ting-HUX to RVEA-greedy_ting-2P', 'Equivalence_Line_57: SPEA2-greedy_ting-UX to RVEA-greedy_ting-HUX', 'Equivalence_Line_58: NSGA2-greedy_ting-1P to RVEA-greedy_ting-UX', 'Equivalence_Line_59: NSGA2-random_dense-2P to RVEA-greedy_ting-1P']"
RVEA-random_dense-2P,0.0465701214492853,"['Equivalence_Line_1: SMSEMOA-greedy_multi-UX to RVEA-greedy_multi-2P', 'Equivalence_Line_2: SMSEMOA-greedy_multi-HUX to RVEA-greedy_multi-HUX', 'Equivalence_Line_3: SMSEMOA-greedy_multi-2P to RVEA-greedy_multi-UX', 'Equivalence_Line_4: NSGA3-greedy_multi-UX to SMSEMOA-random_dense-UX', 'Equivalence_Line_5: UNSGA3-greedy_multi-UX to SMSEMOA-random_dense-HUX', 'Equivalence_Line_6: SMSEMOA-greedy_multi-1P to SMSEMOA-greedy_ting-HUX', 'Equivalence_Line_7: NSGA3-greedy_multi-HUX to SMSEMOA-greedy_ting-UX', 'Equivalence_Line_8: UNSGA3-greedy_multi-HUX to UNSGA3-random_dense-UX', 'Equivalence_Line_9: SPEA2-greedy_multi-1P to NSGA3-random_dense-HUX', 'Equivalence_Line_10: NSGA3-greedy_multi-1P to NSGA3-random_dense-UX', 'Equivalence_Line_11: SPEA2-greedy_multi-2P to UNSGA3-random_dense-HUX', 'Equivalence_Line_12: NSGA3-greedy_multi-2P to SMSEMOA-greedy_ting-2P', 'Equivalence_Line_13: UNSGA3-greedy_multi-1P to SMSEMOA-greedy_ting-1P', 'Equivalence_Line_14: UNSGA3-greedy_multi-2P to NSGA2-random_dense-HUX', 'Equivalence_Line_15: NSGA2-greedy_multi-HUX to NSGA2-random_dense-UX', 'Equivalence_Line_16: AGEMOEA2-greedy_multi-1P to NSGA3-greedy_ting-HUX', 'Equivalence_Line_17: NSGA2-greedy_multi-UX to UNSGA3-greedy_ting-HUX', 'Equivalence_Line_18: SPEA2-greedy_multi-UX to SMSEMOA-random_dense-2P', 'Equivalence_Line_19: NSGA2-greedy_multi-2P to NSGA3-greedy_ting-UX', 'Equivalence_Line_20: AGEMOEA2-greedy_multi-2P to UNSGA3-greedy_ting-UX', 'Equivalence_Line_21: NSGA2-greedy_multi-1P to RVEA-random_dense-HUX', 'Equivalence_Line_22: AGEMOEA2-greedy_multi-UX to NSGA2-greedy_ting-HUX', 'Equivalence_Line_23: AGEMOEA2-greedy_multi-HUX to NSGA2-greedy_ting-UX', 'Equivalence_Line_24: SPEA2-greedy_multi-HUX to RVEA-random_dense-UX', 'Equivalence_Line_25: RVEA-greedy_multi-1P to AGEMOEA2-random_dense-UX', 'Equivalence_Line_26: RVEA-greedy_multi-2P to AGEMOEA2-random_dense-HUX', 'Equivalence_Line_27: RVEA-greedy_multi-HUX to SPEA2-random_dense-UX', 'Equivalence_Line_28: RVEA-greedy_multi-UX to SPEA2-random_dense-HUX', 'Equivalence_Line_29: SMSEMOA-random_dense-UX to NSGA2-greedy_ting-2P', 'Equivalence_Line_30: SMSEMOA-random_dense-HUX to SMSEMOA-random_dense-1P', 'Equivalence_Line_31: SMSEMOA-greedy_ting-HUX to SPEA2-greedy_ting-HUX', 'Equivalence_Line_32: SMSEMOA-greedy_ting-UX to SPEA2-greedy_ting-UX', 'Equivalence_Line_33: UNSGA3-random_dense-UX to NSGA2-greedy_ting-1P', 'Equivalence_Line_34: NSGA3-random_dense-HUX to NSGA2-random_dense-2P', 'Equivalence_Line_35: NSGA3-random_dense-UX to AGEMOEA2-greedy_ting-HUX', 'Equivalence_Line_36: UNSGA3-random_dense-HUX to AGEMOEA2-greedy_ting-UX', 'Equivalence_Line_37: SMSEMOA-greedy_ting-2P to UNSGA3-random_dense-2P', 'Equivalence_Line_38: SMSEMOA-greedy_ting-1P to NSGA3-random_dense-2P', 'Equivalence_Line_39: NSGA2-random_dense-HUX to SPEA2-greedy_ting-2P', 'Equivalence_Line_40: NSGA2-random_dense-UX to SPEA2-random_dense-2P', 'Equivalence_Line_41: NSGA3-greedy_ting-HUX to NSGA2-random_dense-1P', 'Equivalence_Line_42: UNSGA3-greedy_ting-HUX to UNSGA3-greedy_ting-2P', 'Equivalence_Line_43: SMSEMOA-random_dense-2P to NSGA3-greedy_ting-2P', 'Equivalence_Line_44: NSGA3-greedy_ting-UX to AGEMOEA2-random_dense-2P', 'Equivalence_Line_45: UNSGA3-greedy_ting-UX to RVEA-random_dense-2P', 'Equivalence_Line_46: RVEA-random_dense-HUX to NSGA3-random_dense-1P', 'Equivalence_Line_47: NSGA2-greedy_ting-HUX to NSGA3-greedy_ting-1P', 'Equivalence_Line_48: NSGA2-greedy_ting-UX to AGEMOEA2-greedy_ting-2P', 'Equivalence_Line_49: RVEA-random_dense-UX to UNSGA3-random_dense-1P', 'Equivalence_Line_50: AGEMOEA2-random_dense-UX to UNSGA3-greedy_ting-1P', 'Equivalence_Line_51: AGEMOEA2-random_dense-HUX to AGEMOEA2-random_dense-1P', 'Equivalence_Line_52: SPEA2-random_dense-UX to SPEA2-greedy_ting-1P', 'Equivalence_Line_53: SPEA2-random_dense-HUX to SPEA2-random_dense-1P', 'Equivalence_Line_54: NSGA2-greedy_ting-2P to AGEMOEA2-greedy_ting-1P', 'Equivalence_Line_55: SMSEMOA-random_dense-1P to RVEA-random_dense-1P', 'Equivalence_Line_56: SPEA2-greedy_ting-HUX to RVEA-greedy_ting-2P', 'Equivalence_Line_57: SPEA2-greedy_ting-UX to RVEA-greedy_ting-HUX', 'Equivalence_Line_58: NSGA2-greedy_ting-1P to RVEA-greedy_ting-UX', 'Equivalence_Line_59: NSGA2-random_dense-2P to RVEA-greedy_ting-1P']"
NSGA3-random_dense-1P,0.0475342879902407,"['Equivalence_Line_1: SMSEMOA-greedy_multi-UX to RVEA-greedy_multi-2P', 'Equivalence_Line_2: SMSEMOA-greedy_multi-HUX to RVEA-greedy_multi-HUX', 'Equivalence_Line_3: SMSEMOA-greedy_multi-2P to RVEA-greedy_multi-UX', 'Equivalence_Line_4: NSGA3-greedy_multi-UX to SMSEMOA-random_dense-UX', 'Equivalence_Line_5: UNSGA3-greedy_multi-UX to SMSEMOA-random_dense-HUX', 'Equivalence_Line_6: SMSEMOA-greedy_multi-1P to SMSEMOA-greedy_ting-HUX', 'Equivalence_Line_7: NSGA3-greedy_multi-HUX to SMSEMOA-greedy_ting-UX', 'Equivalence_Line_8: UNSGA3-greedy_multi-HUX to UNSGA3-random_dense-UX', 'Equivalence_Line_9: SPEA2-greedy_multi-1P to NSGA3-random_dense-HUX', 'Equivalence_Line_10: NSGA3-greedy_multi-1P to NSGA3-random_dense-UX', 'Equivalence_Line_11: SPEA2-greedy_multi-2P to UNSGA3-random_dense-HUX', 'Equivalence_Line_12: NSGA3-greedy_multi-2P to SMSEMOA-greedy_ting-2P', 'Equivalence_Line_13: UNSGA3-greedy_multi-1P to SMSEMOA-greedy_ting-1P', 'Equivalence_Line_14: UNSGA3-greedy_multi-2P to NSGA2-random_dense-HUX', 'Equivalence_Line_15: NSGA2-greedy_multi-HUX to NSGA2-random_dense-UX', 'Equivalence_Line_16: AGEMOEA2-greedy_multi-1P to NSGA3-greedy_ting-HUX', 'Equivalence_Line_17: NSGA2-greedy_multi-UX to UNSGA3-greedy_ting-HUX', 'Equivalence_Line_18: SPEA2-greedy_multi-UX to SMSEMOA-random_dense-2P', 'Equivalence_Line_19: NSGA2-greedy_multi-2P to NSGA3-greedy_ting-UX', 'Equivalence_Line_20: AGEMOEA2-greedy_multi-2P to UNSGA3-greedy_ting-UX', 'Equivalence_Line_21: NSGA2-greedy_multi-1P to RVEA-random_dense-HUX', 'Equivalence_Line_22: AGEMOEA2-greedy_multi-UX to NSGA2-greedy_ting-HUX', 'Equivalence_Line_23: AGEMOEA2-greedy_multi-HUX to NSGA2-greedy_ting-UX', 'Equivalence_Line_24: SPEA2-greedy_multi-HUX to RVEA-random_dense-UX', 'Equivalence_Line_25: RVEA-greedy_multi-1P to AGEMOEA2-random_dense-UX', 'Equivalence_Line_26: RVEA-greedy_multi-2P to AGEMOEA2-random_dense-HUX', 'Equivalence_Line_27: RVEA-greedy_multi-HUX to SPEA2-random_dense-UX', 'Equivalence_Line_28: RVEA-greedy_multi-UX to SPEA2-random_dense-HUX', 'Equivalence_Line_29: SMSEMOA-random_dense-UX to NSGA2-greedy_ting-2P', 'Equivalence_Line_30: SMSEMOA-random_dense-HUX to SMSEMOA-random_dense-1P', 'Equivalence_Line_31: SMSEMOA-greedy_ting-HUX to SPEA2-greedy_ting-HUX', 'Equivalence_Line_32: SMSEMOA-greedy_ting-UX to SPEA2-greedy_ting-UX', 'Equivalence_Line_33: UNSGA3-random_dense-UX to NSGA2-greedy_ting-1P', 'Equivalence_Line_34: NSGA3-random_dense-HUX to NSGA2-random_dense-2P', 'Equivalence_Line_35: NSGA3-random_dense-UX to AGEMOEA2-greedy_ting-HUX', 'Equivalence_Line_36: UNSGA3-random_dense-HUX to AGEMOEA2-greedy_ting-UX', 'Equivalence_Line_37: SMSEMOA-greedy_ting-2P to UNSGA3-random_dense-2P', 'Equivalence_Line_38: SMSEMOA-greedy_ting-1P to NSGA3-random_dense-2P', 'Equivalence_Line_39: NSGA2-random_dense-HUX to SPEA2-greedy_ting-2P', 'Equivalence_Line_40: NSGA2-random_dense-UX to SPEA2-random_dense-2P', 'Equivalence_Line_41: NSGA3-greedy_ting-HUX to NSGA2-random_dense-1P', 'Equivalence_Line_42: UNSGA3-greedy_ting-HUX to UNSGA3-greedy_ting-2P', 'Equivalence_Line_43: SMSEMOA-random_dense-2P to NSGA3-greedy_ting-2P', 'Equivalence_Line_44: NSGA3-greedy_ting-UX to AGEMOEA2-random_dense-2P', 'Equivalence_Line_45: UNSGA3-greedy_ting-UX to RVEA-random_dense-2P', 'Equivalence_Line_46: RVEA-random_dense-HUX to NSGA3-random_dense-1P', 'Equivalence_Line_47: NSGA2-greedy_ting-HUX to NSGA3-greedy_ting-1P', 'Equivalence_Line_48: NSGA2-greedy_ting-UX to AGEMOEA2-greedy_ting-2P', 'Equivalence_Line_49: RVEA-random_dense-UX to UNSGA3-random_dense-1P', 'Equivalence_Line_50: AGEMOEA2-random_dense-UX to UNSGA3-greedy_ting-1P', 'Equivalence_Line_51: AGEMOEA2-random_dense-HUX to AGEMOEA2-random_dense-1P', 'Equivalence_Line_52: SPEA2-random_dense-UX to SPEA2-greedy_ting-1P', 'Equivalence_Line_53: SPEA2-random_dense-HUX to SPEA2-random_dense-1P', 'Equivalence_Line_54: NSGA2-greedy_ting-2P to AGEMOEA2-greedy_ting-1P', 'Equivalence_Line_55: SMSEMOA-random_dense-1P to RVEA-random_dense-1P', 'Equivalence_Line_56: SPEA2-greedy_ting-HUX to RVEA-greedy_ting-2P', 'Equivalence_Line_57: SPEA2-greedy_ting-UX to RVEA-greedy_ting-HUX', 'Equivalence_Line_58: NSGA2-greedy_ting-1P to RVEA-greedy_ting-UX', 'Equivalence_Line_59: NSGA2-random_dense-2P to RVEA-greedy_ting-1P']"
NSGA3-greedy_ting-1P,0.0480209335472345,"['Equivalence_Line_1: SMSEMOA-greedy_multi-UX to RVEA-greedy_multi-2P', 'Equivalence_Line_2: SMSEMOA-greedy_multi-HUX to RVEA-greedy_multi-HUX', 'Equivalence_Line_3: SMSEMOA-greedy_multi-2P to RVEA-greedy_multi-UX', 'Equivalence_Line_4: NSGA3-greedy_multi-UX to SMSEMOA-random_dense-UX', 'Equivalence_Line_5: UNSGA3-greedy_multi-UX to SMSEMOA-random_dense-HUX', 'Equivalence_Line_6: SMSEMOA-greedy_multi-1P to SMSEMOA-greedy_ting-HUX', 'Equivalence_Line_7: NSGA3-greedy_multi-HUX to SMSEMOA-greedy_ting-UX', 'Equivalence_Line_8: UNSGA3-greedy_multi-HUX to UNSGA3-random_dense-UX', 'Equivalence_Line_9: SPEA2-greedy_multi-1P to NSGA3-random_dense-HUX', 'Equivalence_Line_10: NSGA3-greedy_multi-1P to NSGA3-random_dense-UX', 'Equivalence_Line_11: SPEA2-greedy_multi-2P to UNSGA3-random_dense-HUX', 'Equivalence_Line_12: NSGA3-greedy_multi-2P to SMSEMOA-greedy_ting-2P', 'Equivalence_Line_13: UNSGA3-greedy_multi-1P to SMSEMOA-greedy_ting-1P', 'Equivalence_Line_14: UNSGA3-greedy_multi-2P to NSGA2-random_dense-HUX', 'Equivalence_Line_15: NSGA2-greedy_multi-HUX to NSGA2-random_dense-UX', 'Equivalence_Line_16: AGEMOEA2-greedy_multi-1P to NSGA3-greedy_ting-HUX', 'Equivalence_Line_17: NSGA2-greedy_multi-UX to UNSGA3-greedy_ting-HUX', 'Equivalence_Line_18: SPEA2-greedy_multi-UX to SMSEMOA-random_dense-2P', 'Equivalence_Line_19: NSGA2-greedy_multi-2P to NSGA3-greedy_ting-UX', 'Equivalence_Line_20: AGEMOEA2-greedy_multi-2P to UNSGA3-greedy_ting-UX', 'Equivalence_Line_21: NSGA2-greedy_multi-1P to RVEA-random_dense-HUX', 'Equivalence_Line_22: AGEMOEA2-greedy_multi-UX to NSGA2-greedy_ting-HUX', 'Equivalence_Line_23: AGEMOEA2-greedy_multi-HUX to NSGA2-greedy_ting-UX', 'Equivalence_Line_24: SPEA2-greedy_multi-HUX to RVEA-random_dense-UX', 'Equivalence_Line_25: RVEA-greedy_multi-1P to AGEMOEA2-random_dense-UX', 'Equivalence_Line_26: RVEA-greedy_multi-2P to AGEMOEA2-random_dense-HUX', 'Equivalence_Line_27: RVEA-greedy_multi-HUX to SPEA2-random_dense-UX', 'Equivalence_Line_28: RVEA-greedy_multi-UX to SPEA2-random_dense-HUX', 'Equivalence_Line_29: SMSEMOA-random_dense-UX to NSGA2-greedy_ting-2P', 'Equivalence_Line_30: SMSEMOA-random_dense-HUX to SMSEMOA-random_dense-1P', 'Equivalence_Line_31: SMSEMOA-greedy_ting-HUX to SPEA2-greedy_ting-HUX', 'Equivalence_Line_32: SMSEMOA-greedy_ting-UX to SPEA2-greedy_ting-UX', 'Equivalence_Line_33: UNSGA3-random_dense-UX to NSGA2-greedy_ting-1P', 'Equivalence_Line_34: NSGA3-random_dense-HUX to NSGA2-random_dense-2P', 'Equivalence_Line_35: NSGA3-random_dense-UX to AGEMOEA2-greedy_ting-HUX', 'Equivalence_Line_36: UNSGA3-random_dense-HUX to AGEMOEA2-greedy_ting-UX', 'Equivalence_Line_37: SMSEMOA-greedy_ting-2P to UNSGA3-random_dense-2P', 'Equivalence_Line_38: SMSEMOA-greedy_ting-1P to NSGA3-random_dense-2P', 'Equivalence_Line_39: NSGA2-random_dense-HUX to SPEA2-greedy_ting-2P', 'Equivalence_Line_40: NSGA2-random_dense-UX to SPEA2-random_dense-2P', 'Equivalence_Line_41: NSGA3-greedy_ting-HUX to NSGA2-random_dense-1P', 'Equivalence_Line_42: UNSGA3-greedy_ting-HUX to UNSGA3-greedy_ting-2P', 'Equivalence_Line_43: SMSEMOA-random_dense-2P to NSGA3-greedy_ting-2P', 'Equivalence_Line_44: NSGA3-greedy_ting-UX to AGEMOEA2-random_dense-2P', 'Equivalence_Line_45: UNSGA3-greedy_ting-UX to RVEA-random_dense-2P', 'Equivalence_Line_46: RVEA-random_dense-HUX to NSGA3-random_dense-1P', 'Equivalence_Line_47: NSGA2-greedy_ting-HUX to NSGA3-greedy_ting-1P', 'Equivalence_Line_48: NSGA2-greedy_ting-UX to AGEMOEA2-greedy_ting-2P', 'Equivalence_Line_49: RVEA-random_dense-UX to UNSGA3-random_dense-1P', 'Equivalence_Line_50: AGEMOEA2-random_dense-UX to UNSGA3-greedy_ting-1P', 'Equivalence_Line_51: AGEMOEA2-random_dense-HUX to AGEMOEA2-random_dense-1P', 'Equivalence_Line_52: SPEA2-random_dense-UX to SPEA2-greedy_ting-1P', 'Equivalence_Line_53: SPEA2-random_dense-HUX to SPEA2-random_dense-1P', 'Equivalence_Line_54: NSGA2-greedy_ting-2P to AGEMOEA2-greedy_ting-1P', 'Equivalence_Line_55: SMSEMOA-random_dense-1P to RVEA-random_dense-1P', 'Equivalence_Line_56: SPEA2-greedy_ting-HUX to RVEA-greedy_ting-2P', 'Equivalence_Line_57: SPEA2-greedy_ting-UX to RVEA-greedy_ting-HUX', 'Equivalence_Line_58: NSGA2-greedy_ting-1P to RVEA-greedy_ting-UX', 'Equivalence_Line_59: NSGA2-random_dense-2P to RVEA-greedy_ting-1P']"
AGEMOEA2-greedy_ting-2P,0.0480781668854524,"['Equivalence_Line_1: SMSEMOA-greedy_multi-UX to RVEA-greedy_multi-2P', 'Equivalence_Line_2: SMSEMOA-greedy_multi-HUX to RVEA-greedy_multi-HUX', 'Equivalence_Line_3: SMSEMOA-greedy_multi-2P to RVEA-greedy_multi-UX', 'Equivalence_Line_4: NSGA3-greedy_multi-UX to SMSEMOA-random_dense-UX', 'Equivalence_Line_5: UNSGA3-greedy_multi-UX to SMSEMOA-random_dense-HUX', 'Equivalence_Line_6: SMSEMOA-greedy_multi-1P to SMSEMOA-greedy_ting-HUX', 'Equivalence_Line_7: NSGA3-greedy_multi-HUX to SMSEMOA-greedy_ting-UX', 'Equivalence_Line_8: UNSGA3-greedy_multi-HUX to UNSGA3-random_dense-UX', 'Equivalence_Line_9: SPEA2-greedy_multi-1P to NSGA3-random_dense-HUX', 'Equivalence_Line_10: NSGA3-greedy_multi-1P to NSGA3-random_dense-UX', 'Equivalence_Line_11: SPEA2-greedy_multi-2P to UNSGA3-random_dense-HUX', 'Equivalence_Line_12: NSGA3-greedy_multi-2P to SMSEMOA-greedy_ting-2P', 'Equivalence_Line_13: UNSGA3-greedy_multi-1P to SMSEMOA-greedy_ting-1P', 'Equivalence_Line_14: UNSGA3-greedy_multi-2P to NSGA2-random_dense-HUX', 'Equivalence_Line_15: NSGA2-greedy_multi-HUX to NSGA2-random_dense-UX', 'Equivalence_Line_16: AGEMOEA2-greedy_multi-1P to NSGA3-greedy_ting-HUX', 'Equivalence_Line_17: NSGA2-greedy_multi-UX to UNSGA3-greedy_ting-HUX', 'Equivalence_Line_18: SPEA2-greedy_multi-UX to SMSEMOA-random_dense-2P', 'Equivalence_Line_19: NSGA2-greedy_multi-2P to NSGA3-greedy_ting-UX', 'Equivalence_Line_20: AGEMOEA2-greedy_multi-2P to UNSGA3-greedy_ting-UX', 'Equivalence_Line_21: NSGA2-greedy_multi-1P to RVEA-random_dense-HUX', 'Equivalence_Line_22: AGEMOEA2-greedy_multi-UX to NSGA2-greedy_ting-HUX', 'Equivalence_Line_23: AGEMOEA2-greedy_multi-HUX to NSGA2-greedy_ting-UX', 'Equivalence_Line_24: SPEA2-greedy_multi-HUX to RVEA-random_dense-UX', 'Equivalence_Line_25: RVEA-greedy_multi-1P to AGEMOEA2-random_dense-UX', 'Equivalence_Line_26: RVEA-greedy_multi-2P to AGEMOEA2-random_dense-HUX', 'Equivalence_Line_27: RVEA-greedy_multi-HUX to SPEA2-random_dense-UX', 'Equivalence_Line_28: RVEA-greedy_multi-UX to SPEA2-random_dense-HUX', 'Equivalence_Line_29: SMSEMOA-random_dense-UX to NSGA2-greedy_ting-2P', 'Equivalence_Line_30: SMSEMOA-random_dense-HUX to SMSEMOA-random_dense-1P', 'Equivalence_Line_31: SMSEMOA-greedy_ting-HUX to SPEA2-greedy_ting-HUX', 'Equivalence_Line_32: SMSEMOA-greedy_ting-UX to SPEA2-greedy_ting-UX', 'Equivalence_Line_33: UNSGA3-random_dense-UX to NSGA2-greedy_ting-1P', 'Equivalence_Line_34: NSGA3-random_dense-HUX to NSGA2-random_dense-2P', 'Equivalence_Line_35: NSGA3-random_dense-UX to AGEMOEA2-greedy_ting-HUX', 'Equivalence_Line_36: UNSGA3-random_dense-HUX to AGEMOEA2-greedy_ting-UX', 'Equivalence_Line_37: SMSEMOA-greedy_ting-2P to UNSGA3-random_dense-2P', 'Equivalence_Line_38: SMSEMOA-greedy_ting-1P to NSGA3-random_dense-2P', 'Equivalence_Line_39: NSGA2-random_dense-HUX to SPEA2-greedy_ting-2P', 'Equivalence_Line_40: NSGA2-random_dense-UX to SPEA2-random_dense-2P', 'Equivalence_Line_41: NSGA3-greedy_ting-HUX to NSGA2-random_dense-1P', 'Equivalence_Line_42: UNSGA3-greedy_ting-HUX to UNSGA3-greedy_ting-2P', 'Equivalence_Line_43: SMSEMOA-random_dense-2P to NSGA3-greedy_ting-2P', 'Equivalence_Line_44: NSGA3-greedy_ting-UX to AGEMOEA2-random_dense-2P', 'Equivalence_Line_45: UNSGA3-greedy_ting-UX to RVEA-random_dense-2P', 'Equivalence_Line_46: RVEA-random_dense-HUX to NSGA3-random_dense-1P', 'Equivalence_Line_47: NSGA2-greedy_ting-HUX to NSGA3-greedy_ting-1P', 'Equivalence_Line_48: NSGA2-greedy_ting-UX to AGEMOEA2-greedy_ting-2P', 'Equivalence_Line_49: RVEA-random_dense-UX to UNSGA3-random_dense-1P', 'Equivalence_Line_50: AGEMOEA2-random_dense-UX to UNSGA3-greedy_ting-1P', 'Equivalence_Line_51: AGEMOEA2-random_dense-HUX to AGEMOEA2-random_dense-1P', 'Equivalence_Line_52: SPEA2-random_dense-UX to SPEA2-greedy_ting-1P', 'Equivalence_Line_53: SPEA2-random_dense-HUX to SPEA2-random_dense-1P', 'Equivalence_Line_54: NSGA2-greedy_ting-2P to AGEMOEA2-greedy_ting-1P', 'Equivalence_Line_55: SMSEMOA-random_dense-1P to RVEA-random_dense-1P', 'Equivalence_Line_56: SPEA2-greedy_ting-HUX to RVEA-greedy_ting-2P', 'Equivalence_Line_57: SPEA2-greedy_ting-UX to RVEA-greedy_ting-HUX', 'Equivalence_Line_58: NSGA2-greedy_ting-1P to RVEA-greedy_ting-UX', 'Equivalence_Line_59: NSGA2-random_dense-2P to RVEA-greedy_ting-1P']"
UNSGA3-random_dense-1P,0.048863861826833006,"['Equivalence_Line_1: SMSEMOA-greedy_multi-UX to RVEA-greedy_multi-2P', 'Equivalence_Line_2: SMSEMOA-greedy_multi-HUX to RVEA-greedy_multi-HUX', 'Equivalence_Line_3: SMSEMOA-greedy_multi-2P to RVEA-greedy_multi-UX', 'Equivalence_Line_4: NSGA3-greedy_multi-UX to SMSEMOA-random_dense-UX', 'Equivalence_Line_5: UNSGA3-greedy_multi-UX to SMSEMOA-random_dense-HUX', 'Equivalence_Line_6: SMSEMOA-greedy_multi-1P to SMSEMOA-greedy_ting-HUX', 'Equivalence_Line_7: NSGA3-greedy_multi-HUX to SMSEMOA-greedy_ting-UX', 'Equivalence_Line_8: UNSGA3-greedy_multi-HUX to UNSGA3-random_dense-UX', 'Equivalence_Line_9: SPEA2-greedy_multi-1P to NSGA3-random_dense-HUX', 'Equivalence_Line_10: NSGA3-greedy_multi-1P to NSGA3-random_dense-UX', 'Equivalence_Line_11: SPEA2-greedy_multi-2P to UNSGA3-random_dense-HUX', 'Equivalence_Line_12: NSGA3-greedy_multi-2P to SMSEMOA-greedy_ting-2P', 'Equivalence_Line_13: UNSGA3-greedy_multi-1P to SMSEMOA-greedy_ting-1P', 'Equivalence_Line_14: UNSGA3-greedy_multi-2P to NSGA2-random_dense-HUX', 'Equivalence_Line_15: NSGA2-greedy_multi-HUX to NSGA2-random_dense-UX', 'Equivalence_Line_16: AGEMOEA2-greedy_multi-1P to NSGA3-greedy_ting-HUX', 'Equivalence_Line_17: NSGA2-greedy_multi-UX to UNSGA3-greedy_ting-HUX', 'Equivalence_Line_18: SPEA2-greedy_multi-UX to SMSEMOA-random_dense-2P', 'Equivalence_Line_19: NSGA2-greedy_multi-2P to NSGA3-greedy_ting-UX', 'Equivalence_Line_20: AGEMOEA2-greedy_multi-2P to UNSGA3-greedy_ting-UX', 'Equivalence_Line_21: NSGA2-greedy_multi-1P to RVEA-random_dense-HUX', 'Equivalence_Line_22: AGEMOEA2-greedy_multi-UX to NSGA2-greedy_ting-HUX', 'Equivalence_Line_23: AGEMOEA2-greedy_multi-HUX to NSGA2-greedy_ting-UX', 'Equivalence_Line_24: SPEA2-greedy_multi-HUX to RVEA-random_dense-UX', 'Equivalence_Line_25: RVEA-greedy_multi-1P to AGEMOEA2-random_dense-UX', 'Equivalence_Line_26: RVEA-greedy_multi-2P to AGEMOEA2-random_dense-HUX', 'Equivalence_Line_27: RVEA-greedy_multi-HUX to SPEA2-random_dense-UX', 'Equivalence_Line_28: RVEA-greedy_multi-UX to SPEA2-random_dense-HUX', 'Equivalence_Line_29: SMSEMOA-random_dense-UX to NSGA2-greedy_ting-2P', 'Equivalence_Line_30: SMSEMOA-random_dense-HUX to SMSEMOA-random_dense-1P', 'Equivalence_Line_31: SMSEMOA-greedy_ting-HUX to SPEA2-greedy_ting-HUX', 'Equivalence_Line_32: SMSEMOA-greedy_ting-UX to SPEA2-greedy_ting-UX', 'Equivalence_Line_33: UNSGA3-random_dense-UX to NSGA2-greedy_ting-1P', 'Equivalence_Line_34: NSGA3-random_dense-HUX to NSGA2-random_dense-2P', 'Equivalence_Line_35: NSGA3-random_dense-UX to AGEMOEA2-greedy_ting-HUX', 'Equivalence_Line_36: UNSGA3-random_dense-HUX to AGEMOEA2-greedy_ting-UX', 'Equivalence_Line_37: SMSEMOA-greedy_ting-2P to UNSGA3-random_dense-2P', 'Equivalence_Line_38: SMSEMOA-greedy_ting-1P to NSGA3-random_dense-2P', 'Equivalence_Line_39: NSGA2-random_dense-HUX to SPEA2-greedy_ting-2P', 'Equivalence_Line_40: NSGA2-random_dense-UX to SPEA2-random_dense-2P', 'Equivalence_Line_41: NSGA3-greedy_ting-HUX to NSGA2-random_dense-1P', 'Equivalence_Line_42: UNSGA3-greedy_ting-HUX to UNSGA3-greedy_ting-2P', 'Equivalence_Line_43: SMSEMOA-random_dense-2P to NSGA3-greedy_ting-2P', 'Equivalence_Line_44: NSGA3-greedy_ting-UX to AGEMOEA2-random_dense-2P', 'Equivalence_Line_45: UNSGA3-greedy_ting-UX to RVEA-random_dense-2P', 'Equivalence_Line_46: RVEA-random_dense-HUX to NSGA3-random_dense-1P', 'Equivalence_Line_47: NSGA2-greedy_ting-HUX to NSGA3-greedy_ting-1P', 'Equivalence_Line_48: NSGA2-greedy_ting-UX to AGEMOEA2-greedy_ting-2P', 'Equivalence_Line_49: RVEA-random_dense-UX to UNSGA3-random_dense-1P', 'Equivalence_Line_50: AGEMOEA2-random_dense-UX to UNSGA3-greedy_ting-1P', 'Equivalence_Line_51: AGEMOEA2-random_dense-HUX to AGEMOEA2-random_dense-1P', 'Equivalence_Line_52: SPEA2-random_dense-UX to SPEA2-greedy_ting-1P', 'Equivalence_Line_53: SPEA2-random_dense-HUX to SPEA2-random_dense-1P', 'Equivalence_Line_54: NSGA2-greedy_ting-2P to AGEMOEA2-greedy_ting-1P', 'Equivalence_Line_55: SMSEMOA-random_dense-1P to RVEA-random_dense-1P', 'Equivalence_Line_56: SPEA2-greedy_ting-HUX to RVEA-greedy_ting-2P', 'Equivalence_Line_57: SPEA2-greedy_ting-UX to RVEA-greedy_ting-HUX', 'Equivalence_Line_58: NSGA2-greedy_ting-1P to RVEA-greedy_ting-UX', 'Equivalence_Line_59: NSGA2-random_dense-2P to RVEA-greedy_ting-1P']"
UNSGA3-greedy_ting-1P,0.0489016847927068,"['Equivalence_Line_1: SMSEMOA-greedy_multi-UX to RVEA-greedy_multi-2P', 'Equivalence_Line_2: SMSEMOA-greedy_multi-HUX to RVEA-greedy_multi-HUX', 'Equivalence_Line_3: SMSEMOA-greedy_multi-2P to RVEA-greedy_multi-UX', 'Equivalence_Line_4: NSGA3-greedy_multi-UX to SMSEMOA-random_dense-UX', 'Equivalence_Line_5: UNSGA3-greedy_multi-UX to SMSEMOA-random_dense-HUX', 'Equivalence_Line_6: SMSEMOA-greedy_multi-1P to SMSEMOA-greedy_ting-HUX', 'Equivalence_Line_7: NSGA3-greedy_multi-HUX to SMSEMOA-greedy_ting-UX', 'Equivalence_Line_8: UNSGA3-greedy_multi-HUX to UNSGA3-random_dense-UX', 'Equivalence_Line_9: SPEA2-greedy_multi-1P to NSGA3-random_dense-HUX', 'Equivalence_Line_10: NSGA3-greedy_multi-1P to NSGA3-random_dense-UX', 'Equivalence_Line_11: SPEA2-greedy_multi-2P to UNSGA3-random_dense-HUX', 'Equivalence_Line_12: NSGA3-greedy_multi-2P to SMSEMOA-greedy_ting-2P', 'Equivalence_Line_13: UNSGA3-greedy_multi-1P to SMSEMOA-greedy_ting-1P', 'Equivalence_Line_14: UNSGA3-greedy_multi-2P to NSGA2-random_dense-HUX', 'Equivalence_Line_15: NSGA2-greedy_multi-HUX to NSGA2-random_dense-UX', 'Equivalence_Line_16: AGEMOEA2-greedy_multi-1P to NSGA3-greedy_ting-HUX', 'Equivalence_Line_17: NSGA2-greedy_multi-UX to UNSGA3-greedy_ting-HUX', 'Equivalence_Line_18: SPEA2-greedy_multi-UX to SMSEMOA-random_dense-2P', 'Equivalence_Line_19: NSGA2-greedy_multi-2P to NSGA3-greedy_ting-UX', 'Equivalence_Line_20: AGEMOEA2-greedy_multi-2P to UNSGA3-greedy_ting-UX', 'Equivalence_Line_21: NSGA2-greedy_multi-1P to RVEA-random_dense-HUX', 'Equivalence_Line_22: AGEMOEA2-greedy_multi-UX to NSGA2-greedy_ting-HUX', 'Equivalence_Line_23: AGEMOEA2-greedy_multi-HUX to NSGA2-greedy_ting-UX', 'Equivalence_Line_24: SPEA2-greedy_multi-HUX to RVEA-random_dense-UX', 'Equivalence_Line_25: RVEA-greedy_multi-1P to AGEMOEA2-random_dense-UX', 'Equivalence_Line_26: RVEA-greedy_multi-2P to AGEMOEA2-random_dense-HUX', 'Equivalence_Line_27: RVEA-greedy_multi-HUX to SPEA2-random_dense-UX', 'Equivalence_Line_28: RVEA-greedy_multi-UX to SPEA2-random_dense-HUX', 'Equivalence_Line_29: SMSEMOA-random_dense-UX to NSGA2-greedy_ting-2P', 'Equivalence_Line_30: SMSEMOA-random_dense-HUX to SMSEMOA-random_dense-1P', 'Equivalence_Line_31: SMSEMOA-greedy_ting-HUX to SPEA2-greedy_ting-HUX', 'Equivalence_Line_32: SMSEMOA-greedy_ting-UX to SPEA2-greedy_ting-UX', 'Equivalence_Line_33: UNSGA3-random_dense-UX to NSGA2-greedy_ting-1P', 'Equivalence_Line_34: NSGA3-random_dense-HUX to NSGA2-random_dense-2P', 'Equivalence_Line_35: NSGA3-random_dense-UX to AGEMOEA2-greedy_ting-HUX', 'Equivalence_Line_36: UNSGA3-random_dense-HUX to AGEMOEA2-greedy_ting-UX', 'Equivalence_Line_37: SMSEMOA-greedy_ting-2P to UNSGA3-random_dense-2P', 'Equivalence_Line_38: SMSEMOA-greedy_ting-1P to NSGA3-random_dense-2P', 'Equivalence_Line_39: NSGA2-random_dense-HUX to SPEA2-greedy_ting-2P', 'Equivalence_Line_40: NSGA2-random_dense-UX to SPEA2-random_dense-2P', 'Equivalence_Line_41: NSGA3-greedy_ting-HUX to NSGA2-random_dense-1P', 'Equivalence_Line_42: UNSGA3-greedy_ting-HUX to UNSGA3-greedy_ting-2P', 'Equivalence_Line_43: SMSEMOA-random_dense-2P to NSGA3-greedy_ting-2P', 'Equivalence_Line_44: NSGA3-greedy_ting-UX to AGEMOEA2-random_dense-2P', 'Equivalence_Line_45: UNSGA3-greedy_ting-UX to RVEA-random_dense-2P', 'Equivalence_Line_46: RVEA-random_dense-HUX to NSGA3-random_dense-1P', 'Equivalence_Line_47: NSGA2-greedy_ting-HUX to NSGA3-greedy_ting-1P', 'Equivalence_Line_48: NSGA2-greedy_ting-UX to AGEMOEA2-greedy_ting-2P', 'Equivalence_Line_49: RVEA-random_dense-UX to UNSGA3-random_dense-1P', 'Equivalence_Line_50: AGEMOEA2-random_dense-UX to UNSGA3-greedy_ting-1P', 'Equivalence_Line_51: AGEMOEA2-random_dense-HUX to AGEMOEA2-random_dense-1P', 'Equivalence_Line_52: SPEA2-random_dense-UX to SPEA2-greedy_ting-1P', 'Equivalence_Line_53: SPEA2-random_dense-HUX to SPEA2-random_dense-1P', 'Equivalence_Line_54: NSGA2-greedy_ting-2P to AGEMOEA2-greedy_ting-1P', 'Equivalence_Line_55: SMSEMOA-random_dense-1P to RVEA-random_dense-1P', 'Equivalence_Line_56: SPEA2-greedy_ting-HUX to RVEA-greedy_ting-2P', 'Equivalence_Line_57: SPEA2-greedy_ting-UX to RVEA-greedy_ting-HUX', 'Equivalence_Line_58: NSGA2-greedy_ting-1P to RVEA-greedy_ting-UX', 'Equivalence_Line_59: NSGA2-random_dense-2P to RVEA-greedy_ting-1P']"
AGEMOEA2-random_dense-1P,0.0497543672532333,"['Equivalence_Line_1: SMSEMOA-greedy_multi-UX to RVEA-greedy_multi-2P', 'Equivalence_Line_2: SMSEMOA-greedy_multi-HUX to RVEA-greedy_multi-HUX', 'Equivalence_Line_3: SMSEMOA-greedy_multi-2P to RVEA-greedy_multi-UX', 'Equivalence_Line_4: NSGA3-greedy_multi-UX to SMSEMOA-random_dense-UX', 'Equivalence_Line_5: UNSGA3-greedy_multi-UX to SMSEMOA-random_dense-HUX', 'Equivalence_Line_6: SMSEMOA-greedy_multi-1P to SMSEMOA-greedy_ting-HUX', 'Equivalence_Line_7: NSGA3-greedy_multi-HUX to SMSEMOA-greedy_ting-UX', 'Equivalence_Line_8: UNSGA3-greedy_multi-HUX to UNSGA3-random_dense-UX', 'Equivalence_Line_9: SPEA2-greedy_multi-1P to NSGA3-random_dense-HUX', 'Equivalence_Line_10: NSGA3-greedy_multi-1P to NSGA3-random_dense-UX', 'Equivalence_Line_11: SPEA2-greedy_multi-2P to UNSGA3-random_dense-HUX', 'Equivalence_Line_12: NSGA3-greedy_multi-2P to SMSEMOA-greedy_ting-2P', 'Equivalence_Line_13: UNSGA3-greedy_multi-1P to SMSEMOA-greedy_ting-1P', 'Equivalence_Line_14: UNSGA3-greedy_multi-2P to NSGA2-random_dense-HUX', 'Equivalence_Line_15: NSGA2-greedy_multi-HUX to NSGA2-random_dense-UX', 'Equivalence_Line_16: AGEMOEA2-greedy_multi-1P to NSGA3-greedy_ting-HUX', 'Equivalence_Line_17: NSGA2-greedy_multi-UX to UNSGA3-greedy_ting-HUX', 'Equivalence_Line_18: SPEA2-greedy_multi-UX to SMSEMOA-random_dense-2P', 'Equivalence_Line_19: NSGA2-greedy_multi-2P to NSGA3-greedy_ting-UX', 'Equivalence_Line_20: AGEMOEA2-greedy_multi-2P to UNSGA3-greedy_ting-UX', 'Equivalence_Line_21: NSGA2-greedy_multi-1P to RVEA-random_dense-HUX', 'Equivalence_Line_22: AGEMOEA2-greedy_multi-UX to NSGA2-greedy_ting-HUX', 'Equivalence_Line_23: AGEMOEA2-greedy_multi-HUX to NSGA2-greedy_ting-UX', 'Equivalence_Line_24: SPEA2-greedy_multi-HUX to RVEA-random_dense-UX', 'Equivalence_Line_25: RVEA-greedy_multi-1P to AGEMOEA2-random_dense-UX', 'Equivalence_Line_26: RVEA-greedy_multi-2P to AGEMOEA2-random_dense-HUX', 'Equivalence_Line_27: RVEA-greedy_multi-HUX to SPEA2-random_dense-UX', 'Equivalence_Line_28: RVEA-greedy_multi-UX to SPEA2-random_dense-HUX', 'Equivalence_Line_29: SMSEMOA-random_dense-UX to NSGA2-greedy_ting-2P', 'Equivalence_Line_30: SMSEMOA-random_dense-HUX to SMSEMOA-random_dense-1P', 'Equivalence_Line_31: SMSEMOA-greedy_ting-HUX to SPEA2-greedy_ting-HUX', 'Equivalence_Line_32: SMSEMOA-greedy_ting-UX to SPEA2-greedy_ting-UX', 'Equivalence_Line_33: UNSGA3-random_dense-UX to NSGA2-greedy_ting-1P', 'Equivalence_Line_34: NSGA3-random_dense-HUX to NSGA2-random_dense-2P', 'Equivalence_Line_35: NSGA3-random_dense-UX to AGEMOEA2-greedy_ting-HUX', 'Equivalence_Line_36: UNSGA3-random_dense-HUX to AGEMOEA2-greedy_ting-UX', 'Equivalence_Line_37: SMSEMOA-greedy_ting-2P to UNSGA3-random_dense-2P', 'Equivalence_Line_38: SMSEMOA-greedy_ting-1P to NSGA3-random_dense-2P', 'Equivalence_Line_39: NSGA2-random_dense-HUX to SPEA2-greedy_ting-2P', 'Equivalence_Line_40: NSGA2-random_dense-UX to SPEA2-random_dense-2P', 'Equivalence_Line_41: NSGA3-greedy_ting-HUX to NSGA2-random_dense-1P', 'Equivalence_Line_42: UNSGA3-greedy_ting-HUX to UNSGA3-greedy_ting-2P', 'Equivalence_Line_43: SMSEMOA-random_dense-2P to NSGA3-greedy_ting-2P', 'Equivalence_Line_44: NSGA3-greedy_ting-UX to AGEMOEA2-random_dense-2P', 'Equivalence_Line_45: UNSGA3-greedy_ting-UX to RVEA-random_dense-2P', 'Equivalence_Line_46: RVEA-random_dense-HUX to NSGA3-random_dense-1P', 'Equivalence_Line_47: NSGA2-greedy_ting-HUX to NSGA3-greedy_ting-1P', 'Equivalence_Line_48: NSGA2-greedy_ting-UX to AGEMOEA2-greedy_ting-2P', 'Equivalence_Line_49: RVEA-random_dense-UX to UNSGA3-random_dense-1P', 'Equivalence_Line_50: AGEMOEA2-random_dense-UX to UNSGA3-greedy_ting-1P', 'Equivalence_Line_51: AGEMOEA2-random_dense-HUX to AGEMOEA2-random_dense-1P', 'Equivalence_Line_52: SPEA2-random_dense-UX to SPEA2-greedy_ting-1P', 'Equivalence_Line_53: SPEA2-random_dense-HUX to SPEA2-random_dense-1P', 'Equivalence_Line_54: NSGA2-greedy_ting-2P to AGEMOEA2-greedy_ting-1P', 'Equivalence_Line_55: SMSEMOA-random_dense-1P to RVEA-random_dense-1P', 'Equivalence_Line_56: SPEA2-greedy_ting-HUX to RVEA-greedy_ting-2P', 'Equivalence_Line_57: SPEA2-greedy_ting-UX to RVEA-greedy_ting-HUX', 'Equivalence_Line_58: NSGA2-greedy_ting-1P to RVEA-greedy_ting-UX', 'Equivalence_Line_59: NSGA2-random_dense-2P to RVEA-greedy_ting-1P']"
SPEA2-greedy_ting-1P,0.04983310859906919,"['Equivalence_Line_1: SMSEMOA-greedy_multi-UX to RVEA-greedy_multi-2P', 'Equivalence_Line_2: SMSEMOA-greedy_multi-HUX to RVEA-greedy_multi-HUX', 'Equivalence_Line_3: SMSEMOA-greedy_multi-2P to RVEA-greedy_multi-UX', 'Equivalence_Line_4: NSGA3-greedy_multi-UX to SMSEMOA-random_dense-UX', 'Equivalence_Line_5: UNSGA3-greedy_multi-UX to SMSEMOA-random_dense-HUX', 'Equivalence_Line_6: SMSEMOA-greedy_multi-1P to SMSEMOA-greedy_ting-HUX', 'Equivalence_Line_7: NSGA3-greedy_multi-HUX to SMSEMOA-greedy_ting-UX', 'Equivalence_Line_8: UNSGA3-greedy_multi-HUX to UNSGA3-random_dense-UX', 'Equivalence_Line_9: SPEA2-greedy_multi-1P to NSGA3-random_dense-HUX', 'Equivalence_Line_10: NSGA3-greedy_multi-1P to NSGA3-random_dense-UX', 'Equivalence_Line_11: SPEA2-greedy_multi-2P to UNSGA3-random_dense-HUX', 'Equivalence_Line_12: NSGA3-greedy_multi-2P to SMSEMOA-greedy_ting-2P', 'Equivalence_Line_13: UNSGA3-greedy_multi-1P to SMSEMOA-greedy_ting-1P', 'Equivalence_Line_14: UNSGA3-greedy_multi-2P to NSGA2-random_dense-HUX', 'Equivalence_Line_15: NSGA2-greedy_multi-HUX to NSGA2-random_dense-UX', 'Equivalence_Line_16: AGEMOEA2-greedy_multi-1P to NSGA3-greedy_ting-HUX', 'Equivalence_Line_17: NSGA2-greedy_multi-UX to UNSGA3-greedy_ting-HUX', 'Equivalence_Line_18: SPEA2-greedy_multi-UX to SMSEMOA-random_dense-2P', 'Equivalence_Line_19: NSGA2-greedy_multi-2P to NSGA3-greedy_ting-UX', 'Equivalence_Line_20: AGEMOEA2-greedy_multi-2P to UNSGA3-greedy_ting-UX', 'Equivalence_Line_21: NSGA2-greedy_multi-1P to RVEA-random_dense-HUX', 'Equivalence_Line_22: AGEMOEA2-greedy_multi-UX to NSGA2-greedy_ting-HUX', 'Equivalence_Line_23: AGEMOEA2-greedy_multi-HUX to NSGA2-greedy_ting-UX', 'Equivalence_Line_24: SPEA2-greedy_multi-HUX to RVEA-random_dense-UX', 'Equivalence_Line_25: RVEA-greedy_multi-1P to AGEMOEA2-random_dense-UX', 'Equivalence_Line_26: RVEA-greedy_multi-2P to AGEMOEA2-random_dense-HUX', 'Equivalence_Line_27: RVEA-greedy_multi-HUX to SPEA2-random_dense-UX', 'Equivalence_Line_28: RVEA-greedy_multi-UX to SPEA2-random_dense-HUX', 'Equivalence_Line_29: SMSEMOA-random_dense-UX to NSGA2-greedy_ting-2P', 'Equivalence_Line_30: SMSEMOA-random_dense-HUX to SMSEMOA-random_dense-1P', 'Equivalence_Line_31: SMSEMOA-greedy_ting-HUX to SPEA2-greedy_ting-HUX', 'Equivalence_Line_32: SMSEMOA-greedy_ting-UX to SPEA2-greedy_ting-UX', 'Equivalence_Line_33: UNSGA3-random_dense-UX to NSGA2-greedy_ting-1P', 'Equivalence_Line_34: NSGA3-random_dense-HUX to NSGA2-random_dense-2P', 'Equivalence_Line_35: NSGA3-random_dense-UX to AGEMOEA2-greedy_ting-HUX', 'Equivalence_Line_36: UNSGA3-random_dense-HUX to AGEMOEA2-greedy_ting-UX', 'Equivalence_Line_37: SMSEMOA-greedy_ting-2P to UNSGA3-random_dense-2P', 'Equivalence_Line_38: SMSEMOA-greedy_ting-1P to NSGA3-random_dense-2P', 'Equivalence_Line_39: NSGA2-random_dense-HUX to SPEA2-greedy_ting-2P', 'Equivalence_Line_40: NSGA2-random_dense-UX to SPEA2-random_dense-2P', 'Equivalence_Line_41: NSGA3-greedy_ting-HUX to NSGA2-random_dense-1P', 'Equivalence_Line_42: UNSGA3-greedy_ting-HUX to UNSGA3-greedy_ting-2P', 'Equivalence_Line_43: SMSEMOA-random_dense-2P to NSGA3-greedy_ting-2P', 'Equivalence_Line_44: NSGA3-greedy_ting-UX to AGEMOEA2-random_dense-2P', 'Equivalence_Line_45: UNSGA3-greedy_ting-UX to RVEA-random_dense-2P', 'Equivalence_Line_46: RVEA-random_dense-HUX to NSGA3-random_dense-1P', 'Equivalence_Line_47: NSGA2-greedy_ting-HUX to NSGA3-greedy_ting-1P', 'Equivalence_Line_48: NSGA2-greedy_ting-UX to AGEMOEA2-greedy_ting-2P', 'Equivalence_Line_49: RVEA-random_dense-UX to UNSGA3-random_dense-1P', 'Equivalence_Line_50: AGEMOEA2-random_dense-UX to UNSGA3-greedy_ting-1P', 'Equivalence_Line_51: AGEMOEA2-random_dense-HUX to AGEMOEA2-random_dense-1P', 'Equivalence_Line_52: SPEA2-random_dense-UX to SPEA2-greedy_ting-1P', 'Equivalence_Line_53: SPEA2-random_dense-HUX to SPEA2-random_dense-1P', 'Equivalence_Line_54: NSGA2-greedy_ting-2P to AGEMOEA2-greedy_ting-1P', 'Equivalence_Line_55: SMSEMOA-random_dense-1P to RVEA-random_dense-1P', 'Equivalence_Line_56: SPEA2-greedy_ting-HUX to RVEA-greedy_ting-2P', 'Equivalence_Line_57: SPEA2-greedy_ting-UX to RVEA-greedy_ting-HUX', 'Equivalence_Line_58: NSGA2-greedy_ting-1P to RVEA-greedy_ting-UX', 'Equivalence_Line_59: NSGA2-random_dense-2P to RVEA-greedy_ting-1P']"
SPEA2-random_dense-1P,0.0511633534327401,"['Equivalence_Line_1: SMSEMOA-greedy_multi-UX to RVEA-greedy_multi-2P', 'Equivalence_Line_2: SMSEMOA-greedy_multi-HUX to RVEA-greedy_multi-HUX', 'Equivalence_Line_3: SMSEMOA-greedy_multi-2P to RVEA-greedy_multi-UX', 'Equivalence_Line_4: NSGA3-greedy_multi-UX to SMSEMOA-random_dense-UX', 'Equivalence_Line_5: UNSGA3-greedy_multi-UX to SMSEMOA-random_dense-HUX', 'Equivalence_Line_6: SMSEMOA-greedy_multi-1P to SMSEMOA-greedy_ting-HUX', 'Equivalence_Line_7: NSGA3-greedy_multi-HUX to SMSEMOA-greedy_ting-UX', 'Equivalence_Line_8: UNSGA3-greedy_multi-HUX to UNSGA3-random_dense-UX', 'Equivalence_Line_9: SPEA2-greedy_multi-1P to NSGA3-random_dense-HUX', 'Equivalence_Line_10: NSGA3-greedy_multi-1P to NSGA3-random_dense-UX', 'Equivalence_Line_11: SPEA2-greedy_multi-2P to UNSGA3-random_dense-HUX', 'Equivalence_Line_12: NSGA3-greedy_multi-2P to SMSEMOA-greedy_ting-2P', 'Equivalence_Line_13: UNSGA3-greedy_multi-1P to SMSEMOA-greedy_ting-1P', 'Equivalence_Line_14: UNSGA3-greedy_multi-2P to NSGA2-random_dense-HUX', 'Equivalence_Line_15: NSGA2-greedy_multi-HUX to NSGA2-random_dense-UX', 'Equivalence_Line_16: AGEMOEA2-greedy_multi-1P to NSGA3-greedy_ting-HUX', 'Equivalence_Line_17: NSGA2-greedy_multi-UX to UNSGA3-greedy_ting-HUX', 'Equivalence_Line_18: SPEA2-greedy_multi-UX to SMSEMOA-random_dense-2P', 'Equivalence_Line_19: NSGA2-greedy_multi-2P to NSGA3-greedy_ting-UX', 'Equivalence_Line_20: AGEMOEA2-greedy_multi-2P to UNSGA3-greedy_ting-UX', 'Equivalence_Line_21: NSGA2-greedy_multi-1P to RVEA-random_dense-HUX', 'Equivalence_Line_22: AGEMOEA2-greedy_multi-UX to NSGA2-greedy_ting-HUX', 'Equivalence_Line_23: AGEMOEA2-greedy_multi-HUX to NSGA2-greedy_ting-UX', 'Equivalence_Line_24: SPEA2-greedy_multi-HUX to RVEA-random_dense-UX', 'Equivalence_Line_25: RVEA-greedy_multi-1P to AGEMOEA2-random_dense-UX', 'Equivalence_Line_26: RVEA-greedy_multi-2P to AGEMOEA2-random_dense-HUX', 'Equivalence_Line_27: RVEA-greedy_multi-HUX to SPEA2-random_dense-UX', 'Equivalence_Line_28: RVEA-greedy_multi-UX to SPEA2-random_dense-HUX', 'Equivalence_Line_29: SMSEMOA-random_dense-UX to NSGA2-greedy_ting-2P', 'Equivalence_Line_30: SMSEMOA-random_dense-HUX to SMSEMOA-random_dense-1P', 'Equivalence_Line_31: SMSEMOA-greedy_ting-HUX to SPEA2-greedy_ting-HUX', 'Equivalence_Line_32: SMSEMOA-greedy_ting-UX to SPEA2-greedy_ting-UX', 'Equivalence_Line_33: UNSGA3-random_dense-UX to NSGA2-greedy_ting-1P', 'Equivalence_Line_34: NSGA3-random_dense-HUX to NSGA2-random_dense-2P', 'Equivalence_Line_35: NSGA3-random_dense-UX to AGEMOEA2-greedy_ting-HUX', 'Equivalence_Line_36: UNSGA3-random_dense-HUX to AGEMOEA2-greedy_ting-UX', 'Equivalence_Line_37: SMSEMOA-greedy_ting-2P to UNSGA3-random_dense-2P', 'Equivalence_Line_38: SMSEMOA-greedy_ting-1P to NSGA3-random_dense-2P', 'Equivalence_Line_39: NSGA2-random_dense-HUX to SPEA2-greedy_ting-2P', 'Equivalence_Line_40: NSGA2-random_dense-UX to SPEA2-random_dense-2P', 'Equivalence_Line_41: NSGA3-greedy_ting-HUX to NSGA2-random_dense-1P', 'Equivalence_Line_42: UNSGA3-greedy_ting-HUX to UNSGA3-greedy_ting-2P', 'Equivalence_Line_43: SMSEMOA-random_dense-2P to NSGA3-greedy_ting-2P', 'Equivalence_Line_44: NSGA3-greedy_ting-UX to AGEMOEA2-random_dense-2P', 'Equivalence_Line_45: UNSGA3-greedy_ting-UX to RVEA-random_dense-2P', 'Equivalence_Line_46: RVEA-random_dense-HUX to NSGA3-random_dense-1P', 'Equivalence_Line_47: NSGA2-greedy_ting-HUX to NSGA3-greedy_ting-1P', 'Equivalence_Line_48: NSGA2-greedy_ting-UX to AGEMOEA2-greedy_ting-2P', 'Equivalence_Line_49: RVEA-random_dense-UX to UNSGA3-random_dense-1P', 'Equivalence_Line_50: AGEMOEA2-random_dense-UX to UNSGA3-greedy_ting-1P', 'Equivalence_Line_51: AGEMOEA2-random_dense-HUX to AGEMOEA2-random_dense-1P', 'Equivalence_Line_52: SPEA2-random_dense-UX to SPEA2-greedy_ting-1P', 'Equivalence_Line_53: SPEA2-random_dense-HUX to SPEA2-random_dense-1P', 'Equivalence_Line_54: NSGA2-greedy_ting-2P to AGEMOEA2-greedy_ting-1P', 'Equivalence_Line_55: SMSEMOA-random_dense-1P to RVEA-random_dense-1P', 'Equivalence_Line_56: SPEA2-greedy_ting-HUX to RVEA-greedy_ting-2P', 'Equivalence_Line_57: SPEA2-greedy_ting-UX to RVEA-greedy_ting-HUX', 'Equivalence_Line_58: NSGA2-greedy_ting-1P to RVEA-greedy_ting-UX', 'Equivalence_Line_59: NSGA2-random_dense-2P to RVEA-greedy_ting-1P']"
AGEMOEA2-greedy_ting-1P,0.0517583404519068,"['Equivalence_Line_1: SMSEMOA-greedy_multi-UX to RVEA-greedy_multi-2P', 'Equivalence_Line_2: SMSEMOA-greedy_multi-HUX to RVEA-greedy_multi-HUX', 'Equivalence_Line_3: SMSEMOA-greedy_multi-2P to RVEA-greedy_multi-UX', 'Equivalence_Line_4: NSGA3-greedy_multi-UX to SMSEMOA-random_dense-UX', 'Equivalence_Line_5: UNSGA3-greedy_multi-UX to SMSEMOA-random_dense-HUX', 'Equivalence_Line_6: SMSEMOA-greedy_multi-1P to SMSEMOA-greedy_ting-HUX', 'Equivalence_Line_7: NSGA3-greedy_multi-HUX to SMSEMOA-greedy_ting-UX', 'Equivalence_Line_8: UNSGA3-greedy_multi-HUX to UNSGA3-random_dense-UX', 'Equivalence_Line_9: SPEA2-greedy_multi-1P to NSGA3-random_dense-HUX', 'Equivalence_Line_10: NSGA3-greedy_multi-1P to NSGA3-random_dense-UX', 'Equivalence_Line_11: SPEA2-greedy_multi-2P to UNSGA3-random_dense-HUX', 'Equivalence_Line_12: NSGA3-greedy_multi-2P to SMSEMOA-greedy_ting-2P', 'Equivalence_Line_13: UNSGA3-greedy_multi-1P to SMSEMOA-greedy_ting-1P', 'Equivalence_Line_14: UNSGA3-greedy_multi-2P to NSGA2-random_dense-HUX', 'Equivalence_Line_15: NSGA2-greedy_multi-HUX to NSGA2-random_dense-UX', 'Equivalence_Line_16: AGEMOEA2-greedy_multi-1P to NSGA3-greedy_ting-HUX', 'Equivalence_Line_17: NSGA2-greedy_multi-UX to UNSGA3-greedy_ting-HUX', 'Equivalence_Line_18: SPEA2-greedy_multi-UX to SMSEMOA-random_dense-2P', 'Equivalence_Line_19: NSGA2-greedy_multi-2P to NSGA3-greedy_ting-UX', 'Equivalence_Line_20: AGEMOEA2-greedy_multi-2P to UNSGA3-greedy_ting-UX', 'Equivalence_Line_21: NSGA2-greedy_multi-1P to RVEA-random_dense-HUX', 'Equivalence_Line_22: AGEMOEA2-greedy_multi-UX to NSGA2-greedy_ting-HUX', 'Equivalence_Line_23: AGEMOEA2-greedy_multi-HUX to NSGA2-greedy_ting-UX', 'Equivalence_Line_24: SPEA2-greedy_multi-HUX to RVEA-random_dense-UX', 'Equivalence_Line_25: RVEA-greedy_multi-1P to AGEMOEA2-random_dense-UX', 'Equivalence_Line_26: RVEA-greedy_multi-2P to AGEMOEA2-random_dense-HUX', 'Equivalence_Line_27: RVEA-greedy_multi-HUX to SPEA2-random_dense-UX', 'Equivalence_Line_28: RVEA-greedy_multi-UX to SPEA2-random_dense-HUX', 'Equivalence_Line_29: SMSEMOA-random_dense-UX to NSGA2-greedy_ting-2P', 'Equivalence_Line_30: SMSEMOA-random_dense-HUX to SMSEMOA-random_dense-1P', 'Equivalence_Line_31: SMSEMOA-greedy_ting-HUX to SPEA2-greedy_ting-HUX', 'Equivalence_Line_32: SMSEMOA-greedy_ting-UX to SPEA2-greedy_ting-UX', 'Equivalence_Line_33: UNSGA3-random_dense-UX to NSGA2-greedy_ting-1P', 'Equivalence_Line_34: NSGA3-random_dense-HUX to NSGA2-random_dense-2P', 'Equivalence_Line_35: NSGA3-random_dense-UX to AGEMOEA2-greedy_ting-HUX', 'Equivalence_Line_36: UNSGA3-random_dense-HUX to AGEMOEA2-greedy_ting-UX', 'Equivalence_Line_37: SMSEMOA-greedy_ting-2P to UNSGA3-random_dense-2P', 'Equivalence_Line_38: SMSEMOA-greedy_ting-1P to NSGA3-random_dense-2P', 'Equivalence_Line_39: NSGA2-random_dense-HUX to SPEA2-greedy_ting-2P', 'Equivalence_Line_40: NSGA2-random_dense-UX to SPEA2-random_dense-2P', 'Equivalence_Line_41: NSGA3-greedy_ting-HUX to NSGA2-random_dense-1P', 'Equivalence_Line_42: UNSGA3-greedy_ting-HUX to UNSGA3-greedy_ting-2P', 'Equivalence_Line_43: SMSEMOA-random_dense-2P to NSGA3-greedy_ting-2P', 'Equivalence_Line_44: NSGA3-greedy_ting-UX to AGEMOEA2-random_dense-2P', 'Equivalence_Line_45: UNSGA3-greedy_ting-UX to RVEA-random_dense-2P', 'Equivalence_Line_46: RVEA-random_dense-HUX to NSGA3-random_dense-1P', 'Equivalence_Line_47: NSGA2-greedy_ting-HUX to NSGA3-greedy_ting-1P', 'Equivalence_Line_48: NSGA2-greedy_ting-UX to AGEMOEA2-greedy_ting-2P', 'Equivalence_Line_49: RVEA-random_dense-UX to UNSGA3-random_dense-1P', 'Equivalence_Line_50: AGEMOEA2-random_dense-UX to UNSGA3-greedy_ting-1P', 'Equivalence_Line_51: AGEMOEA2-random_dense-HUX to AGEMOEA2-random_dense-1P', 'Equivalence_Line_52: SPEA2-random_dense-UX to SPEA2-greedy_ting-1P', 'Equivalence_Line_53: SPEA2-random_dense-HUX to SPEA2-random_dense-1P', 'Equivalence_Line_54: NSGA2-greedy_ting-2P to AGEMOEA2-greedy_ting-1P', 'Equivalence_Line_55: SMSEMOA-random_dense-1P to RVEA-random_dense-1P', 'Equivalence_Line_56: SPEA2-greedy_ting-HUX to RVEA-greedy_ting-2P', 'Equivalence_Line_57: SPEA2-greedy_ting-UX to RVEA-greedy_ting-HUX', 'Equivalence_Line_58: NSGA2-greedy_ting-1P to RVEA-greedy_ting-UX', 'Equivalence_Line_59: NSGA2-random_dense-2P to RVEA-greedy_ting-1P']"
RVEA-random_dense-1P,0.0520408942892965,"['Equivalence_Line_1: SMSEMOA-greedy_multi-UX to RVEA-greedy_multi-2P', 'Equivalence_Line_2: SMSEMOA-greedy_multi-HUX to RVEA-greedy_multi-HUX', 'Equivalence_Line_3: SMSEMOA-greedy_multi-2P to RVEA-greedy_multi-UX', 'Equivalence_Line_4: NSGA3-greedy_multi-UX to SMSEMOA-random_dense-UX', 'Equivalence_Line_5: UNSGA3-greedy_multi-UX to SMSEMOA-random_dense-HUX', 'Equivalence_Line_6: SMSEMOA-greedy_multi-1P to SMSEMOA-greedy_ting-HUX', 'Equivalence_Line_7: NSGA3-greedy_multi-HUX to SMSEMOA-greedy_ting-UX', 'Equivalence_Line_8: UNSGA3-greedy_multi-HUX to UNSGA3-random_dense-UX', 'Equivalence_Line_9: SPEA2-greedy_multi-1P to NSGA3-random_dense-HUX', 'Equivalence_Line_10: NSGA3-greedy_multi-1P to NSGA3-random_dense-UX', 'Equivalence_Line_11: SPEA2-greedy_multi-2P to UNSGA3-random_dense-HUX', 'Equivalence_Line_12: NSGA3-greedy_multi-2P to SMSEMOA-greedy_ting-2P', 'Equivalence_Line_13: UNSGA3-greedy_multi-1P to SMSEMOA-greedy_ting-1P', 'Equivalence_Line_14: UNSGA3-greedy_multi-2P to NSGA2-random_dense-HUX', 'Equivalence_Line_15: NSGA2-greedy_multi-HUX to NSGA2-random_dense-UX', 'Equivalence_Line_16: AGEMOEA2-greedy_multi-1P to NSGA3-greedy_ting-HUX', 'Equivalence_Line_17: NSGA2-greedy_multi-UX to UNSGA3-greedy_ting-HUX', 'Equivalence_Line_18: SPEA2-greedy_multi-UX to SMSEMOA-random_dense-2P', 'Equivalence_Line_19: NSGA2-greedy_multi-2P to NSGA3-greedy_ting-UX', 'Equivalence_Line_20: AGEMOEA2-greedy_multi-2P to UNSGA3-greedy_ting-UX', 'Equivalence_Line_21: NSGA2-greedy_multi-1P to RVEA-random_dense-HUX', 'Equivalence_Line_22: AGEMOEA2-greedy_multi-UX to NSGA2-greedy_ting-HUX', 'Equivalence_Line_23: AGEMOEA2-greedy_multi-HUX to NSGA2-greedy_ting-UX', 'Equivalence_Line_24: SPEA2-greedy_multi-HUX to RVEA-random_dense-UX', 'Equivalence_Line_25: RVEA-greedy_multi-1P to AGEMOEA2-random_dense-UX', 'Equivalence_Line_26: RVEA-greedy_multi-2P to AGEMOEA2-random_dense-HUX', 'Equivalence_Line_27: RVEA-greedy_multi-HUX to SPEA2-random_dense-UX', 'Equivalence_Line_28: RVEA-greedy_multi-UX to SPEA2-random_dense-HUX', 'Equivalence_Line_29: SMSEMOA-random_dense-UX to NSGA2-greedy_ting-2P', 'Equivalence_Line_30: SMSEMOA-random_dense-HUX to SMSEMOA-random_dense-1P', 'Equivalence_Line_31: SMSEMOA-greedy_ting-HUX to SPEA2-greedy_ting-HUX', 'Equivalence_Line_32: SMSEMOA-greedy_ting-UX to SPEA2-greedy_ting-UX', 'Equivalence_Line_33: UNSGA3-random_dense-UX to NSGA2-greedy_ting-1P', 'Equivalence_Line_34: NSGA3-random_dense-HUX to NSGA2-random_dense-2P', 'Equivalence_Line_35: NSGA3-random_dense-UX to AGEMOEA2-greedy_ting-HUX', 'Equivalence_Line_36: UNSGA3-random_dense-HUX to AGEMOEA2-greedy_ting-UX', 'Equivalence_Line_37: SMSEMOA-greedy_ting-2P to UNSGA3-random_dense-2P', 'Equivalence_Line_38: SMSEMOA-greedy_ting-1P to NSGA3-random_dense-2P', 'Equivalence_Line_39: NSGA2-random_dense-HUX to SPEA2-greedy_ting-2P', 'Equivalence_Line_40: NSGA2-random_dense-UX to SPEA2-random_dense-2P', 'Equivalence_Line_41: NSGA3-greedy_ting-HUX to NSGA2-random_dense-1P', 'Equivalence_Line_42: UNSGA3-greedy_ting-HUX to UNSGA3-greedy_ting-2P', 'Equivalence_Line_43: SMSEMOA-random_dense-2P to NSGA3-greedy_ting-2P', 'Equivalence_Line_44: NSGA3-greedy_ting-UX to AGEMOEA2-random_dense-2P', 'Equivalence_Line_45: UNSGA3-greedy_ting-UX to RVEA-random_dense-2P', 'Equivalence_Line_46: RVEA-random_dense-HUX to NSGA3-random_dense-1P', 'Equivalence_Line_47: NSGA2-greedy_ting-HUX to NSGA3-greedy_ting-1P', 'Equivalence_Line_48: NSGA2-greedy_ting-UX to AGEMOEA2-greedy_ting-2P', 'Equivalence_Line_49: RVEA-random_dense-UX to UNSGA3-random_dense-1P', 'Equivalence_Line_50: AGEMOEA2-random_dense-UX to UNSGA3-greedy_ting-1P', 'Equivalence_Line_51: AGEMOEA2-random_dense-HUX to AGEMOEA2-random_dense-1P', 'Equivalence_Line_52: SPEA2-random_dense-UX to SPEA2-greedy_ting-1P', 'Equivalence_Line_53: SPEA2-random_dense-HUX to SPEA2-random_dense-1P', 'Equivalence_Line_54: NSGA2-greedy_ting-2P to AGEMOEA2-greedy_ting-1P', 'Equivalence_Line_55: SMSEMOA-random_dense-1P to RVEA-random_dense-1P', 'Equivalence_Line_56: SPEA2-greedy_ting-HUX to RVEA-greedy_ting-2P', 'Equivalence_Line_57: SPEA2-greedy_ting-UX to RVEA-greedy_ting-HUX', 'Equivalence_Line_58: NSGA2-greedy_ting-1P to RVEA-greedy_ting-UX', 'Equivalence_Line_59: NSGA2-random_dense-2P to RVEA-greedy_ting-1P']"
RVEA-greedy_ting-2P,0.0555798012830377,"['Equivalence_Line_1: SMSEMOA-greedy_multi-UX to RVEA-greedy_multi-2P', 'Equivalence_Line_2: SMSEMOA-greedy_multi-HUX to RVEA-greedy_multi-HUX', 'Equivalence_Line_3: SMSEMOA-greedy_multi-2P to RVEA-greedy_multi-UX', 'Equivalence_Line_4: NSGA3-greedy_multi-UX to SMSEMOA-random_dense-UX', 'Equivalence_Line_5: UNSGA3-greedy_multi-UX to SMSEMOA-random_dense-HUX', 'Equivalence_Line_6: SMSEMOA-greedy_multi-1P to SMSEMOA-greedy_ting-HUX', 'Equivalence_Line_7: NSGA3-greedy_multi-HUX to SMSEMOA-greedy_ting-UX', 'Equivalence_Line_8: UNSGA3-greedy_multi-HUX to UNSGA3-random_dense-UX', 'Equivalence_Line_9: SPEA2-greedy_multi-1P to NSGA3-random_dense-HUX', 'Equivalence_Line_10: NSGA3-greedy_multi-1P to NSGA3-random_dense-UX', 'Equivalence_Line_11: SPEA2-greedy_multi-2P to UNSGA3-random_dense-HUX', 'Equivalence_Line_12: NSGA3-greedy_multi-2P to SMSEMOA-greedy_ting-2P', 'Equivalence_Line_13: UNSGA3-greedy_multi-1P to SMSEMOA-greedy_ting-1P', 'Equivalence_Line_14: UNSGA3-greedy_multi-2P to NSGA2-random_dense-HUX', 'Equivalence_Line_15: NSGA2-greedy_multi-HUX to NSGA2-random_dense-UX', 'Equivalence_Line_16: AGEMOEA2-greedy_multi-1P to NSGA3-greedy_ting-HUX', 'Equivalence_Line_17: NSGA2-greedy_multi-UX to UNSGA3-greedy_ting-HUX', 'Equivalence_Line_18: SPEA2-greedy_multi-UX to SMSEMOA-random_dense-2P', 'Equivalence_Line_19: NSGA2-greedy_multi-2P to NSGA3-greedy_ting-UX', 'Equivalence_Line_20: AGEMOEA2-greedy_multi-2P to UNSGA3-greedy_ting-UX', 'Equivalence_Line_21: NSGA2-greedy_multi-1P to RVEA-random_dense-HUX', 'Equivalence_Line_22: AGEMOEA2-greedy_multi-UX to NSGA2-greedy_ting-HUX', 'Equivalence_Line_23: AGEMOEA2-greedy_multi-HUX to NSGA2-greedy_ting-UX', 'Equivalence_Line_24: SPEA2-greedy_multi-HUX to RVEA-random_dense-UX', 'Equivalence_Line_25: RVEA-greedy_multi-1P to AGEMOEA2-random_dense-UX', 'Equivalence_Line_26: RVEA-greedy_multi-2P to AGEMOEA2-random_dense-HUX', 'Equivalence_Line_27: RVEA-greedy_multi-HUX to SPEA2-random_dense-UX', 'Equivalence_Line_28: RVEA-greedy_multi-UX to SPEA2-random_dense-HUX', 'Equivalence_Line_29: SMSEMOA-random_dense-UX to NSGA2-greedy_ting-2P', 'Equivalence_Line_30: SMSEMOA-random_dense-HUX to SMSEMOA-random_dense-1P', 'Equivalence_Line_31: SMSEMOA-greedy_ting-HUX to SPEA2-greedy_ting-HUX', 'Equivalence_Line_32: SMSEMOA-greedy_ting-UX to SPEA2-greedy_ting-UX', 'Equivalence_Line_33: UNSGA3-random_dense-UX to NSGA2-greedy_ting-1P', 'Equivalence_Line_34: NSGA3-random_dense-HUX to NSGA2-random_dense-2P', 'Equivalence_Line_35: NSGA3-random_dense-UX to AGEMOEA2-greedy_ting-HUX', 'Equivalence_Line_36: UNSGA3-random_dense-HUX to AGEMOEA2-greedy_ting-UX', 'Equivalence_Line_37: SMSEMOA-greedy_ting-2P to UNSGA3-random_dense-2P', 'Equivalence_Line_38: SMSEMOA-greedy_ting-1P to NSGA3-random_dense-2P', 'Equivalence_Line_39: NSGA2-random_dense-HUX to SPEA2-greedy_ting-2P', 'Equivalence_Line_40: NSGA2-random_dense-UX to SPEA2-random_dense-2P', 'Equivalence_Line_41: NSGA3-greedy_ting-HUX to NSGA2-random_dense-1P', 'Equivalence_Line_42: UNSGA3-greedy_ting-HUX to UNSGA3-greedy_ting-2P', 'Equivalence_Line_43: SMSEMOA-random_dense-2P to NSGA3-greedy_ting-2P', 'Equivalence_Line_44: NSGA3-greedy_ting-UX to AGEMOEA2-random_dense-2P', 'Equivalence_Line_45: UNSGA3-greedy_ting-UX to RVEA-random_dense-2P', 'Equivalence_Line_46: RVEA-random_dense-HUX to NSGA3-random_dense-1P', 'Equivalence_Line_47: NSGA2-greedy_ting-HUX to NSGA3-greedy_ting-1P', 'Equivalence_Line_48: NSGA2-greedy_ting-UX to AGEMOEA2-greedy_ting-2P', 'Equivalence_Line_49: RVEA-random_dense-UX to UNSGA3-random_dense-1P', 'Equivalence_Line_50: AGEMOEA2-random_dense-UX to UNSGA3-greedy_ting-1P', 'Equivalence_Line_51: AGEMOEA2-random_dense-HUX to AGEMOEA2-random_dense-1P', 'Equivalence_Line_52: SPEA2-random_dense-UX to SPEA2-greedy_ting-1P', 'Equivalence_Line_53: SPEA2-random_dense-HUX to SPEA2-random_dense-1P', 'Equivalence_Line_54: NSGA2-greedy_ting-2P to AGEMOEA2-greedy_ting-1P', 'Equivalence_Line_55: SMSEMOA-random_dense-1P to RVEA-random_dense-1P', 'Equivalence_Line_56: SPEA2-greedy_ting-HUX to RVEA-greedy_ting-2P', 'Equivalence_Line_57: SPEA2-greedy_ting-UX to RVEA-greedy_ting-HUX', 'Equivalence_Line_58: NSGA2-greedy_ting-1P to RVEA-greedy_ting-UX', 'Equivalence_Line_59: NSGA2-random_dense-2P to RVEA-greedy_ting-1P']"
RVEA-greedy_ting-HUX,0.0569163135256093,"['Equivalence_Line_1: SMSEMOA-greedy_multi-UX to RVEA-greedy_multi-2P', 'Equivalence_Line_2: SMSEMOA-greedy_multi-HUX to RVEA-greedy_multi-HUX', 'Equivalence_Line_3: SMSEMOA-greedy_multi-2P to RVEA-greedy_multi-UX', 'Equivalence_Line_4: NSGA3-greedy_multi-UX to SMSEMOA-random_dense-UX', 'Equivalence_Line_5: UNSGA3-greedy_multi-UX to SMSEMOA-random_dense-HUX', 'Equivalence_Line_6: SMSEMOA-greedy_multi-1P to SMSEMOA-greedy_ting-HUX', 'Equivalence_Line_7: NSGA3-greedy_multi-HUX to SMSEMOA-greedy_ting-UX', 'Equivalence_Line_8: UNSGA3-greedy_multi-HUX to UNSGA3-random_dense-UX', 'Equivalence_Line_9: SPEA2-greedy_multi-1P to NSGA3-random_dense-HUX', 'Equivalence_Line_10: NSGA3-greedy_multi-1P to NSGA3-random_dense-UX', 'Equivalence_Line_11: SPEA2-greedy_multi-2P to UNSGA3-random_dense-HUX', 'Equivalence_Line_12: NSGA3-greedy_multi-2P to SMSEMOA-greedy_ting-2P', 'Equivalence_Line_13: UNSGA3-greedy_multi-1P to SMSEMOA-greedy_ting-1P', 'Equivalence_Line_14: UNSGA3-greedy_multi-2P to NSGA2-random_dense-HUX', 'Equivalence_Line_15: NSGA2-greedy_multi-HUX to NSGA2-random_dense-UX', 'Equivalence_Line_16: AGEMOEA2-greedy_multi-1P to NSGA3-greedy_ting-HUX', 'Equivalence_Line_17: NSGA2-greedy_multi-UX to UNSGA3-greedy_ting-HUX', 'Equivalence_Line_18: SPEA2-greedy_multi-UX to SMSEMOA-random_dense-2P', 'Equivalence_Line_19: NSGA2-greedy_multi-2P to NSGA3-greedy_ting-UX', 'Equivalence_Line_20: AGEMOEA2-greedy_multi-2P to UNSGA3-greedy_ting-UX', 'Equivalence_Line_21: NSGA2-greedy_multi-1P to RVEA-random_dense-HUX', 'Equivalence_Line_22: AGEMOEA2-greedy_multi-UX to NSGA2-greedy_ting-HUX', 'Equivalence_Line_23: AGEMOEA2-greedy_multi-HUX to NSGA2-greedy_ting-UX', 'Equivalence_Line_24: SPEA2-greedy_multi-HUX to RVEA-random_dense-UX', 'Equivalence_Line_25: RVEA-greedy_multi-1P to AGEMOEA2-random_dense-UX', 'Equivalence_Line_26: RVEA-greedy_multi-2P to AGEMOEA2-random_dense-HUX', 'Equivalence_Line_27: RVEA-greedy_multi-HUX to SPEA2-random_dense-UX', 'Equivalence_Line_28: RVEA-greedy_multi-UX to SPEA2-random_dense-HUX', 'Equivalence_Line_29: SMSEMOA-random_dense-UX to NSGA2-greedy_ting-2P', 'Equivalence_Line_30: SMSEMOA-random_dense-HUX to SMSEMOA-random_dense-1P', 'Equivalence_Line_31: SMSEMOA-greedy_ting-HUX to SPEA2-greedy_ting-HUX', 'Equivalence_Line_32: SMSEMOA-greedy_ting-UX to SPEA2-greedy_ting-UX', 'Equivalence_Line_33: UNSGA3-random_dense-UX to NSGA2-greedy_ting-1P', 'Equivalence_Line_34: NSGA3-random_dense-HUX to NSGA2-random_dense-2P', 'Equivalence_Line_35: NSGA3-random_dense-UX to AGEMOEA2-greedy_ting-HUX', 'Equivalence_Line_36: UNSGA3-random_dense-HUX to AGEMOEA2-greedy_ting-UX', 'Equivalence_Line_37: SMSEMOA-greedy_ting-2P to UNSGA3-random_dense-2P', 'Equivalence_Line_38: SMSEMOA-greedy_ting-1P to NSGA3-random_dense-2P', 'Equivalence_Line_39: NSGA2-random_dense-HUX to SPEA2-greedy_ting-2P', 'Equivalence_Line_40: NSGA2-random_dense-UX to SPEA2-random_dense-2P', 'Equivalence_Line_41: NSGA3-greedy_ting-HUX to NSGA2-random_dense-1P', 'Equivalence_Line_42: UNSGA3-greedy_ting-HUX to UNSGA3-greedy_ting-2P', 'Equivalence_Line_43: SMSEMOA-random_dense-2P to NSGA3-greedy_ting-2P', 'Equivalence_Line_44: NSGA3-greedy_ting-UX to AGEMOEA2-random_dense-2P', 'Equivalence_Line_45: UNSGA3-greedy_ting-UX to RVEA-random_dense-2P', 'Equivalence_Line_46: RVEA-random_dense-HUX to NSGA3-random_dense-1P', 'Equivalence_Line_47: NSGA2-greedy_ting-HUX to NSGA3-greedy_ting-1P', 'Equivalence_Line_48: NSGA2-greedy_ting-UX to AGEMOEA2-greedy_ting-2P', 'Equivalence_Line_49: RVEA-random_dense-UX to UNSGA3-random_dense-1P', 'Equivalence_Line_50: AGEMOEA2-random_dense-UX to UNSGA3-greedy_ting-1P', 'Equivalence_Line_51: AGEMOEA2-random_dense-HUX to AGEMOEA2-random_dense-1P', 'Equivalence_Line_52: SPEA2-random_dense-UX to SPEA2-greedy_ting-1P', 'Equivalence_Line_53: SPEA2-random_dense-HUX to SPEA2-random_dense-1P', 'Equivalence_Line_54: NSGA2-greedy_ting-2P to AGEMOEA2-greedy_ting-1P', 'Equivalence_Line_55: SMSEMOA-random_dense-1P to RVEA-random_dense-1P', 'Equivalence_Line_56: SPEA2-greedy_ting-HUX to RVEA-greedy_ting-2P', 'Equivalence_Line_57: SPEA2-greedy_ting-UX to RVEA-greedy_ting-HUX', 'Equivalence_Line_58: NSGA2-greedy_ting-1P to RVEA-greedy_ting-UX', 'Equivalence_Line_59: NSGA2-random_dense-2P to RVEA-greedy_ting-1P']"
RVEA-greedy_ting-UX,0.0589984704002932,"['Equivalence_Line_1: SMSEMOA-greedy_multi-UX to RVEA-greedy_multi-2P', 'Equivalence_Line_2: SMSEMOA-greedy_multi-HUX to RVEA-greedy_multi-HUX', 'Equivalence_Line_3: SMSEMOA-greedy_multi-2P to RVEA-greedy_multi-UX', 'Equivalence_Line_4: NSGA3-greedy_multi-UX to SMSEMOA-random_dense-UX', 'Equivalence_Line_5: UNSGA3-greedy_multi-UX to SMSEMOA-random_dense-HUX', 'Equivalence_Line_6: SMSEMOA-greedy_multi-1P to SMSEMOA-greedy_ting-HUX', 'Equivalence_Line_7: NSGA3-greedy_multi-HUX to SMSEMOA-greedy_ting-UX', 'Equivalence_Line_8: UNSGA3-greedy_multi-HUX to UNSGA3-random_dense-UX', 'Equivalence_Line_9: SPEA2-greedy_multi-1P to NSGA3-random_dense-HUX', 'Equivalence_Line_10: NSGA3-greedy_multi-1P to NSGA3-random_dense-UX', 'Equivalence_Line_11: SPEA2-greedy_multi-2P to UNSGA3-random_dense-HUX', 'Equivalence_Line_12: NSGA3-greedy_multi-2P to SMSEMOA-greedy_ting-2P', 'Equivalence_Line_13: UNSGA3-greedy_multi-1P to SMSEMOA-greedy_ting-1P', 'Equivalence_Line_14: UNSGA3-greedy_multi-2P to NSGA2-random_dense-HUX', 'Equivalence_Line_15: NSGA2-greedy_multi-HUX to NSGA2-random_dense-UX', 'Equivalence_Line_16: AGEMOEA2-greedy_multi-1P to NSGA3-greedy_ting-HUX', 'Equivalence_Line_17: NSGA2-greedy_multi-UX to UNSGA3-greedy_ting-HUX', 'Equivalence_Line_18: SPEA2-greedy_multi-UX to SMSEMOA-random_dense-2P', 'Equivalence_Line_19: NSGA2-greedy_multi-2P to NSGA3-greedy_ting-UX', 'Equivalence_Line_20: AGEMOEA2-greedy_multi-2P to UNSGA3-greedy_ting-UX', 'Equivalence_Line_21: NSGA2-greedy_multi-1P to RVEA-random_dense-HUX', 'Equivalence_Line_22: AGEMOEA2-greedy_multi-UX to NSGA2-greedy_ting-HUX', 'Equivalence_Line_23: AGEMOEA2-greedy_multi-HUX to NSGA2-greedy_ting-UX', 'Equivalence_Line_24: SPEA2-greedy_multi-HUX to RVEA-random_dense-UX', 'Equivalence_Line_25: RVEA-greedy_multi-1P to AGEMOEA2-random_dense-UX', 'Equivalence_Line_26: RVEA-greedy_multi-2P to AGEMOEA2-random_dense-HUX', 'Equivalence_Line_27: RVEA-greedy_multi-HUX to SPEA2-random_dense-UX', 'Equivalence_Line_28: RVEA-greedy_multi-UX to SPEA2-random_dense-HUX', 'Equivalence_Line_29: SMSEMOA-random_dense-UX to NSGA2-greedy_ting-2P', 'Equivalence_Line_30: SMSEMOA-random_dense-HUX to SMSEMOA-random_dense-1P', 'Equivalence_Line_31: SMSEMOA-greedy_ting-HUX to SPEA2-greedy_ting-HUX', 'Equivalence_Line_32: SMSEMOA-greedy_ting-UX to SPEA2-greedy_ting-UX', 'Equivalence_Line_33: UNSGA3-random_dense-UX to NSGA2-greedy_ting-1P', 'Equivalence_Line_34: NSGA3-random_dense-HUX to NSGA2-random_dense-2P', 'Equivalence_Line_35: NSGA3-random_dense-UX to AGEMOEA2-greedy_ting-HUX', 'Equivalence_Line_36: UNSGA3-random_dense-HUX to AGEMOEA2-greedy_ting-UX', 'Equivalence_Line_37: SMSEMOA-greedy_ting-2P to UNSGA3-random_dense-2P', 'Equivalence_Line_38: SMSEMOA-greedy_ting-1P to NSGA3-random_dense-2P', 'Equivalence_Line_39: NSGA2-random_dense-HUX to SPEA2-greedy_ting-2P', 'Equivalence_Line_40: NSGA2-random_dense-UX to SPEA2-random_dense-2P', 'Equivalence_Line_41: NSGA3-greedy_ting-HUX to NSGA2-random_dense-1P', 'Equivalence_Line_42: UNSGA3-greedy_ting-HUX to UNSGA3-greedy_ting-2P', 'Equivalence_Line_43: SMSEMOA-random_dense-2P to NSGA3-greedy_ting-2P', 'Equivalence_Line_44: NSGA3-greedy_ting-UX to AGEMOEA2-random_dense-2P', 'Equivalence_Line_45: UNSGA3-greedy_ting-UX to RVEA-random_dense-2P', 'Equivalence_Line_46: RVEA-random_dense-HUX to NSGA3-random_dense-1P', 'Equivalence_Line_47: NSGA2-greedy_ting-HUX to NSGA3-greedy_ting-1P', 'Equivalence_Line_48: NSGA2-greedy_ting-UX to AGEMOEA2-greedy_ting-2P', 'Equivalence_Line_49: RVEA-random_dense-UX to UNSGA3-random_dense-1P', 'Equivalence_Line_50: AGEMOEA2-random_dense-UX to UNSGA3-greedy_ting-1P', 'Equivalence_Line_51: AGEMOEA2-random_dense-HUX to AGEMOEA2-random_dense-1P', 'Equivalence_Line_52: SPEA2-random_dense-UX to SPEA2-greedy_ting-1P', 'Equivalence_Line_53: SPEA2-random_dense-HUX to SPEA2-random_dense-1P', 'Equivalence_Line_54: NSGA2-greedy_ting-2P to AGEMOEA2-greedy_ting-1P', 'Equivalence_Line_55: SMSEMOA-random_dense-1P to RVEA-random_dense-1P', 'Equivalence_Line_56: SPEA2-greedy_ting-HUX to RVEA-greedy_ting-2P', 'Equivalence_Line_57: SPEA2-greedy_ting-UX to RVEA-greedy_ting-HUX', 'Equivalence_Line_58: NSGA2-greedy_ting-1P to RVEA-greedy_ting-UX', 'Equivalence_Line_59: NSGA2-random_dense-2P to RVEA-greedy_ting-1P']"
RVEA-greedy_ting-1P,0.0623496816447299,"['Equivalence_Line_1: SMSEMOA-greedy_multi-UX to RVEA-greedy_multi-2P', 'Equivalence_Line_2: SMSEMOA-greedy_multi-HUX to RVEA-greedy_multi-HUX', 'Equivalence_Line_3: SMSEMOA-greedy_multi-2P to RVEA-greedy_multi-UX', 'Equivalence_Line_4: NSGA3-greedy_multi-UX to SMSEMOA-random_dense-UX', 'Equivalence_Line_5: UNSGA3-greedy_multi-UX to SMSEMOA-random_dense-HUX', 'Equivalence_Line_6: SMSEMOA-greedy_multi-1P to SMSEMOA-greedy_ting-HUX', 'Equivalence_Line_7: NSGA3-greedy_multi-HUX to SMSEMOA-greedy_ting-UX', 'Equivalence_Line_8: UNSGA3-greedy_multi-HUX to UNSGA3-random_dense-UX', 'Equivalence_Line_9: SPEA2-greedy_multi-1P to NSGA3-random_dense-HUX', 'Equivalence_Line_10: NSGA3-greedy_multi-1P to NSGA3-random_dense-UX', 'Equivalence_Line_11: SPEA2-greedy_multi-2P to UNSGA3-random_dense-HUX', 'Equivalence_Line_12: NSGA3-greedy_multi-2P to SMSEMOA-greedy_ting-2P', 'Equivalence_Line_13: UNSGA3-greedy_multi-1P to SMSEMOA-greedy_ting-1P', 'Equivalence_Line_14: UNSGA3-greedy_multi-2P to NSGA2-random_dense-HUX', 'Equivalence_Line_15: NSGA2-greedy_multi-HUX to NSGA2-random_dense-UX', 'Equivalence_Line_16: AGEMOEA2-greedy_multi-1P to NSGA3-greedy_ting-HUX', 'Equivalence_Line_17: NSGA2-greedy_multi-UX to UNSGA3-greedy_ting-HUX', 'Equivalence_Line_18: SPEA2-greedy_multi-UX to SMSEMOA-random_dense-2P', 'Equivalence_Line_19: NSGA2-greedy_multi-2P to NSGA3-greedy_ting-UX', 'Equivalence_Line_20: AGEMOEA2-greedy_multi-2P to UNSGA3-greedy_ting-UX', 'Equivalence_Line_21: NSGA2-greedy_multi-1P to RVEA-random_dense-HUX', 'Equivalence_Line_22: AGEMOEA2-greedy_multi-UX to NSGA2-greedy_ting-HUX', 'Equivalence_Line_23: AGEMOEA2-greedy_multi-HUX to NSGA2-greedy_ting-UX', 'Equivalence_Line_24: SPEA2-greedy_multi-HUX to RVEA-random_dense-UX', 'Equivalence_Line_25: RVEA-greedy_multi-1P to AGEMOEA2-random_dense-UX', 'Equivalence_Line_26: RVEA-greedy_multi-2P to AGEMOEA2-random_dense-HUX', 'Equivalence_Line_27: RVEA-greedy_multi-HUX to SPEA2-random_dense-UX', 'Equivalence_Line_28: RVEA-greedy_multi-UX to SPEA2-random_dense-HUX', 'Equivalence_Line_29: SMSEMOA-random_dense-UX to NSGA2-greedy_ting-2P', 'Equivalence_Line_30: SMSEMOA-random_dense-HUX to SMSEMOA-random_dense-1P', 'Equivalence_Line_31: SMSEMOA-greedy_ting-HUX to SPEA2-greedy_ting-HUX', 'Equivalence_Line_32: SMSEMOA-greedy_ting-UX to SPEA2-greedy_ting-UX', 'Equivalence_Line_33: UNSGA3-random_dense-UX to NSGA2-greedy_ting-1P', 'Equivalence_Line_34: NSGA3-random_dense-HUX to NSGA2-random_dense-2P', 'Equivalence_Line_35: NSGA3-random_dense-UX to AGEMOEA2-greedy_ting-HUX', 'Equivalence_Line_36: UNSGA3-random_dense-HUX to AGEMOEA2-greedy_ting-UX', 'Equivalence_Line_37: SMSEMOA-greedy_ting-2P to UNSGA3-random_dense-2P', 'Equivalence_Line_38: SMSEMOA-greedy_ting-1P to NSGA3-random_dense-2P', 'Equivalence_Line_39: NSGA2-random_dense-HUX to SPEA2-greedy_ting-2P', 'Equivalence_Line_40: NSGA2-random_dense-UX to SPEA2-random_dense-2P', 'Equivalence_Line_41: NSGA3-greedy_ting-HUX to NSGA2-random_dense-1P', 'Equivalence_Line_42: UNSGA3-greedy_ting-HUX to UNSGA3-greedy_ting-2P', 'Equivalence_Line_43: SMSEMOA-random_dense-2P to NSGA3-greedy_ting-2P', 'Equivalence_Line_44: NSGA3-greedy_ting-UX to AGEMOEA2-random_dense-2P', 'Equivalence_Line_45: UNSGA3-greedy_ting-UX to RVEA-random_dense-2P', 'Equivalence_Line_46: RVEA-random_dense-HUX to NSGA3-random_dense-1P', 'Equivalence_Line_47: NSGA2-greedy_ting-HUX to NSGA3-greedy_ting-1P', 'Equivalence_Line_48: NSGA2-greedy_ting-UX to AGEMOEA2-greedy_ting-2P', 'Equivalence_Line_49: RVEA-random_dense-UX to UNSGA3-random_dense-1P', 'Equivalence_Line_50: AGEMOEA2-random_dense-UX to UNSGA3-greedy_ting-1P', 'Equivalence_Line_51: AGEMOEA2-random_dense-HUX to AGEMOEA2-random_dense-1P', 'Equivalence_Line_52: SPEA2-random_dense-UX to SPEA2-greedy_ting-1P', 'Equivalence_Line_53: SPEA2-random_dense-HUX to SPEA2-random_dense-1P', 'Equivalence_Line_54: NSGA2-greedy_ting-2P to AGEMOEA2-greedy_ting-1P', 'Equivalence_Line_55: SMSEMOA-random_dense-1P to RVEA-random_dense-1P', 'Equivalence_Line_56: SPEA2-greedy_ting-HUX to RVEA-greedy_ting-2P', 'Equivalence_Line_57: SPEA2-greedy_ting-UX to RVEA-greedy_ting-HUX', 'Equivalence_Line_58: NSGA2-greedy_ting-1P to RVEA-greedy_ting-UX', 'Equivalence_Line_59: NSGA2-random_dense-2P to RVEA-greedy_ting-1P']"
