algorithm,Average Ranking (Algorithm)
NSGA3,1.1111111111111112
NSGA2,2.111111111111111
MOEAD_TCHE,2.7777777777777777
