crossover,Average Ranking (Crossover)
UX,1.2222222222222223
HUX,1.7777777777777777
2P,3.111111111111111
1P,3.888888888888889
