crossover,Average Ranking (Crossover)
UX,1.4444444444444444
HUX,2.111111111111111
2P,3.0
1P,3.4444444444444446
