init,Average Ranking (Initialization)
random_dense,1.7777777777777777
greedy_ting,1.8888888888888888
greedy_multi,2.3333333333333335
