Group,Mean,Equivalence_Lines
AGEMOEA2-random_dense-1P,115.16826800087352,"['Equivalence_Line_1: AGEMOEA2-random_dense-1P to SMSEMOA-random_dense-UX', 'Equivalence_Line_2: UNSGA3-random_dense-1P to NSGA2-greedy_ting-1P', 'Equivalence_Line_3: AGEMOEA2-random_dense-2P to NSGA2-greedy_ting-2P', 'Equivalence_Line_4: RVEA-random_dense-1P to AGEMOEA2-greedy_ting-2P', 'Equivalence_Line_5: RVEA-random_dense-2P to AGEMOEA2-greedy_ting-UX', 'Equivalence_Line_6: SPEA2-random_dense-1P to NSGA2-greedy_ting-UX', 'Equivalence_Line_7: NSGA2-random_dense-HUX to SMSEMOA-greedy_ting-UX', 'Equivalence_Line_8: RVEA-random_dense-HUX to UNSGA3-greedy_ting-2P', 'Equivalence_Line_9: NSGA2-random_dense-UX to NSGA3-greedy_ting-2P', 'Equivalence_Line_10: SMSEMOA-random_dense-2P to SMSEMOA-greedy_ting-HUX', 'Equivalence_Line_11: SPEA2-random_dense-HUX to SPEA2-greedy_ting-1P', 'Equivalence_Line_12: SMSEMOA-random_dense-HUX to UNSGA3-greedy_ting-UX', 'Equivalence_Line_13: NSGA2-greedy_ting-1P to SPEA2-greedy_ting-UX', 'Equivalence_Line_14: AGEMOEA2-greedy_ting-2P to AGEMOEA2-greedy_multi-UX', 'Equivalence_Line_15: SMSEMOA-greedy_ting-2P to RVEA-greedy_multi-UX', 'Equivalence_Line_16: SMSEMOA-greedy_ting-1P to AGEMOEA2-greedy_multi-1P', 'Equivalence_Line_17: NSGA3-greedy_ting-UX to RVEA-greedy_multi-2P', 'Equivalence_Line_18: UNSGA3-greedy_ting-HUX to UNSGA3-greedy_multi-1P', 'Equivalence_Line_19: SPEA2-greedy_ting-2P to NSGA3-greedy_multi-1P', 'Equivalence_Line_20: SPEA2-greedy_ting-HUX to SPEA2-greedy_multi-2P', 'Equivalence_Line_21: AGEMOEA2-greedy_multi-HUX to NSGA2-greedy_multi-2P', 'Equivalence_Line_22: AGEMOEA2-greedy_multi-2P to NSGA2-greedy_multi-1P']"
NSGA2-random_dense-1P,114.80922255655315,"['Equivalence_Line_1: AGEMOEA2-random_dense-1P to SMSEMOA-random_dense-UX', 'Equivalence_Line_2: UNSGA3-random_dense-1P to NSGA2-greedy_ting-1P', 'Equivalence_Line_3: AGEMOEA2-random_dense-2P to NSGA2-greedy_ting-2P', 'Equivalence_Line_4: RVEA-random_dense-1P to AGEMOEA2-greedy_ting-2P', 'Equivalence_Line_5: RVEA-random_dense-2P to AGEMOEA2-greedy_ting-UX', 'Equivalence_Line_6: SPEA2-random_dense-1P to NSGA2-greedy_ting-UX', 'Equivalence_Line_7: NSGA2-random_dense-HUX to SMSEMOA-greedy_ting-UX', 'Equivalence_Line_8: RVEA-random_dense-HUX to UNSGA3-greedy_ting-2P', 'Equivalence_Line_9: NSGA2-random_dense-UX to NSGA3-greedy_ting-2P', 'Equivalence_Line_10: SMSEMOA-random_dense-2P to SMSEMOA-greedy_ting-HUX', 'Equivalence_Line_11: SPEA2-random_dense-HUX to SPEA2-greedy_ting-1P', 'Equivalence_Line_12: SMSEMOA-random_dense-HUX to UNSGA3-greedy_ting-UX', 'Equivalence_Line_13: NSGA2-greedy_ting-1P to SPEA2-greedy_ting-UX', 'Equivalence_Line_14: AGEMOEA2-greedy_ting-2P to AGEMOEA2-greedy_multi-UX', 'Equivalence_Line_15: SMSEMOA-greedy_ting-2P to RVEA-greedy_multi-UX', 'Equivalence_Line_16: SMSEMOA-greedy_ting-1P to AGEMOEA2-greedy_multi-1P', 'Equivalence_Line_17: NSGA3-greedy_ting-UX to RVEA-greedy_multi-2P', 'Equivalence_Line_18: UNSGA3-greedy_ting-HUX to UNSGA3-greedy_multi-1P', 'Equivalence_Line_19: SPEA2-greedy_ting-2P to NSGA3-greedy_multi-1P', 'Equivalence_Line_20: SPEA2-greedy_ting-HUX to SPEA2-greedy_multi-2P', 'Equivalence_Line_21: AGEMOEA2-greedy_multi-HUX to NSGA2-greedy_multi-2P', 'Equivalence_Line_22: AGEMOEA2-greedy_multi-2P to NSGA2-greedy_multi-1P']"
NSGA3-random_dense-1P,114.08813483504113,"['Equivalence_Line_1: AGEMOEA2-random_dense-1P to SMSEMOA-random_dense-UX', 'Equivalence_Line_2: UNSGA3-random_dense-1P to NSGA2-greedy_ting-1P', 'Equivalence_Line_3: AGEMOEA2-random_dense-2P to NSGA2-greedy_ting-2P', 'Equivalence_Line_4: RVEA-random_dense-1P to AGEMOEA2-greedy_ting-2P', 'Equivalence_Line_5: RVEA-random_dense-2P to AGEMOEA2-greedy_ting-UX', 'Equivalence_Line_6: SPEA2-random_dense-1P to NSGA2-greedy_ting-UX', 'Equivalence_Line_7: NSGA2-random_dense-HUX to SMSEMOA-greedy_ting-UX', 'Equivalence_Line_8: RVEA-random_dense-HUX to UNSGA3-greedy_ting-2P', 'Equivalence_Line_9: NSGA2-random_dense-UX to NSGA3-greedy_ting-2P', 'Equivalence_Line_10: SMSEMOA-random_dense-2P to SMSEMOA-greedy_ting-HUX', 'Equivalence_Line_11: SPEA2-random_dense-HUX to SPEA2-greedy_ting-1P', 'Equivalence_Line_12: SMSEMOA-random_dense-HUX to UNSGA3-greedy_ting-UX', 'Equivalence_Line_13: NSGA2-greedy_ting-1P to SPEA2-greedy_ting-UX', 'Equivalence_Line_14: AGEMOEA2-greedy_ting-2P to AGEMOEA2-greedy_multi-UX', 'Equivalence_Line_15: SMSEMOA-greedy_ting-2P to RVEA-greedy_multi-UX', 'Equivalence_Line_16: SMSEMOA-greedy_ting-1P to AGEMOEA2-greedy_multi-1P', 'Equivalence_Line_17: NSGA3-greedy_ting-UX to RVEA-greedy_multi-2P', 'Equivalence_Line_18: UNSGA3-greedy_ting-HUX to UNSGA3-greedy_multi-1P', 'Equivalence_Line_19: SPEA2-greedy_ting-2P to NSGA3-greedy_multi-1P', 'Equivalence_Line_20: SPEA2-greedy_ting-HUX to SPEA2-greedy_multi-2P', 'Equivalence_Line_21: AGEMOEA2-greedy_multi-HUX to NSGA2-greedy_multi-2P', 'Equivalence_Line_22: AGEMOEA2-greedy_multi-2P to NSGA2-greedy_multi-1P']"
UNSGA3-random_dense-1P,113.79582462407973,"['Equivalence_Line_1: AGEMOEA2-random_dense-1P to SMSEMOA-random_dense-UX', 'Equivalence_Line_2: UNSGA3-random_dense-1P to NSGA2-greedy_ting-1P', 'Equivalence_Line_3: AGEMOEA2-random_dense-2P to NSGA2-greedy_ting-2P', 'Equivalence_Line_4: RVEA-random_dense-1P to AGEMOEA2-greedy_ting-2P', 'Equivalence_Line_5: RVEA-random_dense-2P to AGEMOEA2-greedy_ting-UX', 'Equivalence_Line_6: SPEA2-random_dense-1P to NSGA2-greedy_ting-UX', 'Equivalence_Line_7: NSGA2-random_dense-HUX to SMSEMOA-greedy_ting-UX', 'Equivalence_Line_8: RVEA-random_dense-HUX to UNSGA3-greedy_ting-2P', 'Equivalence_Line_9: NSGA2-random_dense-UX to NSGA3-greedy_ting-2P', 'Equivalence_Line_10: SMSEMOA-random_dense-2P to SMSEMOA-greedy_ting-HUX', 'Equivalence_Line_11: SPEA2-random_dense-HUX to SPEA2-greedy_ting-1P', 'Equivalence_Line_12: SMSEMOA-random_dense-HUX to UNSGA3-greedy_ting-UX', 'Equivalence_Line_13: NSGA2-greedy_ting-1P to SPEA2-greedy_ting-UX', 'Equivalence_Line_14: AGEMOEA2-greedy_ting-2P to AGEMOEA2-greedy_multi-UX', 'Equivalence_Line_15: SMSEMOA-greedy_ting-2P to RVEA-greedy_multi-UX', 'Equivalence_Line_16: SMSEMOA-greedy_ting-1P to AGEMOEA2-greedy_multi-1P', 'Equivalence_Line_17: NSGA3-greedy_ting-UX to RVEA-greedy_multi-2P', 'Equivalence_Line_18: UNSGA3-greedy_ting-HUX to UNSGA3-greedy_multi-1P', 'Equivalence_Line_19: SPEA2-greedy_ting-2P to NSGA3-greedy_multi-1P', 'Equivalence_Line_20: SPEA2-greedy_ting-HUX to SPEA2-greedy_multi-2P', 'Equivalence_Line_21: AGEMOEA2-greedy_multi-HUX to NSGA2-greedy_multi-2P', 'Equivalence_Line_22: AGEMOEA2-greedy_multi-2P to NSGA2-greedy_multi-1P']"
AGEMOEA2-random_dense-2P,112.45284471438467,"['Equivalence_Line_1: AGEMOEA2-random_dense-1P to SMSEMOA-random_dense-UX', 'Equivalence_Line_2: UNSGA3-random_dense-1P to NSGA2-greedy_ting-1P', 'Equivalence_Line_3: AGEMOEA2-random_dense-2P to NSGA2-greedy_ting-2P', 'Equivalence_Line_4: RVEA-random_dense-1P to AGEMOEA2-greedy_ting-2P', 'Equivalence_Line_5: RVEA-random_dense-2P to AGEMOEA2-greedy_ting-UX', 'Equivalence_Line_6: SPEA2-random_dense-1P to NSGA2-greedy_ting-UX', 'Equivalence_Line_7: NSGA2-random_dense-HUX to SMSEMOA-greedy_ting-UX', 'Equivalence_Line_8: RVEA-random_dense-HUX to UNSGA3-greedy_ting-2P', 'Equivalence_Line_9: NSGA2-random_dense-UX to NSGA3-greedy_ting-2P', 'Equivalence_Line_10: SMSEMOA-random_dense-2P to SMSEMOA-greedy_ting-HUX', 'Equivalence_Line_11: SPEA2-random_dense-HUX to SPEA2-greedy_ting-1P', 'Equivalence_Line_12: SMSEMOA-random_dense-HUX to UNSGA3-greedy_ting-UX', 'Equivalence_Line_13: NSGA2-greedy_ting-1P to SPEA2-greedy_ting-UX', 'Equivalence_Line_14: AGEMOEA2-greedy_ting-2P to AGEMOEA2-greedy_multi-UX', 'Equivalence_Line_15: SMSEMOA-greedy_ting-2P to RVEA-greedy_multi-UX', 'Equivalence_Line_16: SMSEMOA-greedy_ting-1P to AGEMOEA2-greedy_multi-1P', 'Equivalence_Line_17: NSGA3-greedy_ting-UX to RVEA-greedy_multi-2P', 'Equivalence_Line_18: UNSGA3-greedy_ting-HUX to UNSGA3-greedy_multi-1P', 'Equivalence_Line_19: SPEA2-greedy_ting-2P to NSGA3-greedy_multi-1P', 'Equivalence_Line_20: SPEA2-greedy_ting-HUX to SPEA2-greedy_multi-2P', 'Equivalence_Line_21: AGEMOEA2-greedy_multi-HUX to NSGA2-greedy_multi-2P', 'Equivalence_Line_22: AGEMOEA2-greedy_multi-2P to NSGA2-greedy_multi-1P']"
NSGA2-random_dense-2P,112.40837310996028,"['Equivalence_Line_1: AGEMOEA2-random_dense-1P to SMSEMOA-random_dense-UX', 'Equivalence_Line_2: UNSGA3-random_dense-1P to NSGA2-greedy_ting-1P', 'Equivalence_Line_3: AGEMOEA2-random_dense-2P to NSGA2-greedy_ting-2P', 'Equivalence_Line_4: RVEA-random_dense-1P to AGEMOEA2-greedy_ting-2P', 'Equivalence_Line_5: RVEA-random_dense-2P to AGEMOEA2-greedy_ting-UX', 'Equivalence_Line_6: SPEA2-random_dense-1P to NSGA2-greedy_ting-UX', 'Equivalence_Line_7: NSGA2-random_dense-HUX to SMSEMOA-greedy_ting-UX', 'Equivalence_Line_8: RVEA-random_dense-HUX to UNSGA3-greedy_ting-2P', 'Equivalence_Line_9: NSGA2-random_dense-UX to NSGA3-greedy_ting-2P', 'Equivalence_Line_10: SMSEMOA-random_dense-2P to SMSEMOA-greedy_ting-HUX', 'Equivalence_Line_11: SPEA2-random_dense-HUX to SPEA2-greedy_ting-1P', 'Equivalence_Line_12: SMSEMOA-random_dense-HUX to UNSGA3-greedy_ting-UX', 'Equivalence_Line_13: NSGA2-greedy_ting-1P to SPEA2-greedy_ting-UX', 'Equivalence_Line_14: AGEMOEA2-greedy_ting-2P to AGEMOEA2-greedy_multi-UX', 'Equivalence_Line_15: SMSEMOA-greedy_ting-2P to RVEA-greedy_multi-UX', 'Equivalence_Line_16: SMSEMOA-greedy_ting-1P to AGEMOEA2-greedy_multi-1P', 'Equivalence_Line_17: NSGA3-greedy_ting-UX to RVEA-greedy_multi-2P', 'Equivalence_Line_18: UNSGA3-greedy_ting-HUX to UNSGA3-greedy_multi-1P', 'Equivalence_Line_19: SPEA2-greedy_ting-2P to NSGA3-greedy_multi-1P', 'Equivalence_Line_20: SPEA2-greedy_ting-HUX to SPEA2-greedy_multi-2P', 'Equivalence_Line_21: AGEMOEA2-greedy_multi-HUX to NSGA2-greedy_multi-2P', 'Equivalence_Line_22: AGEMOEA2-greedy_multi-2P to NSGA2-greedy_multi-1P']"
NSGA3-random_dense-2P,111.62349652507409,"['Equivalence_Line_1: AGEMOEA2-random_dense-1P to SMSEMOA-random_dense-UX', 'Equivalence_Line_2: UNSGA3-random_dense-1P to NSGA2-greedy_ting-1P', 'Equivalence_Line_3: AGEMOEA2-random_dense-2P to NSGA2-greedy_ting-2P', 'Equivalence_Line_4: RVEA-random_dense-1P to AGEMOEA2-greedy_ting-2P', 'Equivalence_Line_5: RVEA-random_dense-2P to AGEMOEA2-greedy_ting-UX', 'Equivalence_Line_6: SPEA2-random_dense-1P to NSGA2-greedy_ting-UX', 'Equivalence_Line_7: NSGA2-random_dense-HUX to SMSEMOA-greedy_ting-UX', 'Equivalence_Line_8: RVEA-random_dense-HUX to UNSGA3-greedy_ting-2P', 'Equivalence_Line_9: NSGA2-random_dense-UX to NSGA3-greedy_ting-2P', 'Equivalence_Line_10: SMSEMOA-random_dense-2P to SMSEMOA-greedy_ting-HUX', 'Equivalence_Line_11: SPEA2-random_dense-HUX to SPEA2-greedy_ting-1P', 'Equivalence_Line_12: SMSEMOA-random_dense-HUX to UNSGA3-greedy_ting-UX', 'Equivalence_Line_13: NSGA2-greedy_ting-1P to SPEA2-greedy_ting-UX', 'Equivalence_Line_14: AGEMOEA2-greedy_ting-2P to AGEMOEA2-greedy_multi-UX', 'Equivalence_Line_15: SMSEMOA-greedy_ting-2P to RVEA-greedy_multi-UX', 'Equivalence_Line_16: SMSEMOA-greedy_ting-1P to AGEMOEA2-greedy_multi-1P', 'Equivalence_Line_17: NSGA3-greedy_ting-UX to RVEA-greedy_multi-2P', 'Equivalence_Line_18: UNSGA3-greedy_ting-HUX to UNSGA3-greedy_multi-1P', 'Equivalence_Line_19: SPEA2-greedy_ting-2P to NSGA3-greedy_multi-1P', 'Equivalence_Line_20: SPEA2-greedy_ting-HUX to SPEA2-greedy_multi-2P', 'Equivalence_Line_21: AGEMOEA2-greedy_multi-HUX to NSGA2-greedy_multi-2P', 'Equivalence_Line_22: AGEMOEA2-greedy_multi-2P to NSGA2-greedy_multi-1P']"
UNSGA3-random_dense-2P,111.57926944697769,"['Equivalence_Line_1: AGEMOEA2-random_dense-1P to SMSEMOA-random_dense-UX', 'Equivalence_Line_2: UNSGA3-random_dense-1P to NSGA2-greedy_ting-1P', 'Equivalence_Line_3: AGEMOEA2-random_dense-2P to NSGA2-greedy_ting-2P', 'Equivalence_Line_4: RVEA-random_dense-1P to AGEMOEA2-greedy_ting-2P', 'Equivalence_Line_5: RVEA-random_dense-2P to AGEMOEA2-greedy_ting-UX', 'Equivalence_Line_6: SPEA2-random_dense-1P to NSGA2-greedy_ting-UX', 'Equivalence_Line_7: NSGA2-random_dense-HUX to SMSEMOA-greedy_ting-UX', 'Equivalence_Line_8: RVEA-random_dense-HUX to UNSGA3-greedy_ting-2P', 'Equivalence_Line_9: NSGA2-random_dense-UX to NSGA3-greedy_ting-2P', 'Equivalence_Line_10: SMSEMOA-random_dense-2P to SMSEMOA-greedy_ting-HUX', 'Equivalence_Line_11: SPEA2-random_dense-HUX to SPEA2-greedy_ting-1P', 'Equivalence_Line_12: SMSEMOA-random_dense-HUX to UNSGA3-greedy_ting-UX', 'Equivalence_Line_13: NSGA2-greedy_ting-1P to SPEA2-greedy_ting-UX', 'Equivalence_Line_14: AGEMOEA2-greedy_ting-2P to AGEMOEA2-greedy_multi-UX', 'Equivalence_Line_15: SMSEMOA-greedy_ting-2P to RVEA-greedy_multi-UX', 'Equivalence_Line_16: SMSEMOA-greedy_ting-1P to AGEMOEA2-greedy_multi-1P', 'Equivalence_Line_17: NSGA3-greedy_ting-UX to RVEA-greedy_multi-2P', 'Equivalence_Line_18: UNSGA3-greedy_ting-HUX to UNSGA3-greedy_multi-1P', 'Equivalence_Line_19: SPEA2-greedy_ting-2P to NSGA3-greedy_multi-1P', 'Equivalence_Line_20: SPEA2-greedy_ting-HUX to SPEA2-greedy_multi-2P', 'Equivalence_Line_21: AGEMOEA2-greedy_multi-HUX to NSGA2-greedy_multi-2P', 'Equivalence_Line_22: AGEMOEA2-greedy_multi-2P to NSGA2-greedy_multi-1P']"
RVEA-random_dense-1P,110.93182781438816,"['Equivalence_Line_1: AGEMOEA2-random_dense-1P to SMSEMOA-random_dense-UX', 'Equivalence_Line_2: UNSGA3-random_dense-1P to NSGA2-greedy_ting-1P', 'Equivalence_Line_3: AGEMOEA2-random_dense-2P to NSGA2-greedy_ting-2P', 'Equivalence_Line_4: RVEA-random_dense-1P to AGEMOEA2-greedy_ting-2P', 'Equivalence_Line_5: RVEA-random_dense-2P to AGEMOEA2-greedy_ting-UX', 'Equivalence_Line_6: SPEA2-random_dense-1P to NSGA2-greedy_ting-UX', 'Equivalence_Line_7: NSGA2-random_dense-HUX to SMSEMOA-greedy_ting-UX', 'Equivalence_Line_8: RVEA-random_dense-HUX to UNSGA3-greedy_ting-2P', 'Equivalence_Line_9: NSGA2-random_dense-UX to NSGA3-greedy_ting-2P', 'Equivalence_Line_10: SMSEMOA-random_dense-2P to SMSEMOA-greedy_ting-HUX', 'Equivalence_Line_11: SPEA2-random_dense-HUX to SPEA2-greedy_ting-1P', 'Equivalence_Line_12: SMSEMOA-random_dense-HUX to UNSGA3-greedy_ting-UX', 'Equivalence_Line_13: NSGA2-greedy_ting-1P to SPEA2-greedy_ting-UX', 'Equivalence_Line_14: AGEMOEA2-greedy_ting-2P to AGEMOEA2-greedy_multi-UX', 'Equivalence_Line_15: SMSEMOA-greedy_ting-2P to RVEA-greedy_multi-UX', 'Equivalence_Line_16: SMSEMOA-greedy_ting-1P to AGEMOEA2-greedy_multi-1P', 'Equivalence_Line_17: NSGA3-greedy_ting-UX to RVEA-greedy_multi-2P', 'Equivalence_Line_18: UNSGA3-greedy_ting-HUX to UNSGA3-greedy_multi-1P', 'Equivalence_Line_19: SPEA2-greedy_ting-2P to NSGA3-greedy_multi-1P', 'Equivalence_Line_20: SPEA2-greedy_ting-HUX to SPEA2-greedy_multi-2P', 'Equivalence_Line_21: AGEMOEA2-greedy_multi-HUX to NSGA2-greedy_multi-2P', 'Equivalence_Line_22: AGEMOEA2-greedy_multi-2P to NSGA2-greedy_multi-1P']"
RVEA-random_dense-2P,107.12229772942813,"['Equivalence_Line_1: AGEMOEA2-random_dense-1P to SMSEMOA-random_dense-UX', 'Equivalence_Line_2: UNSGA3-random_dense-1P to NSGA2-greedy_ting-1P', 'Equivalence_Line_3: AGEMOEA2-random_dense-2P to NSGA2-greedy_ting-2P', 'Equivalence_Line_4: RVEA-random_dense-1P to AGEMOEA2-greedy_ting-2P', 'Equivalence_Line_5: RVEA-random_dense-2P to AGEMOEA2-greedy_ting-UX', 'Equivalence_Line_6: SPEA2-random_dense-1P to NSGA2-greedy_ting-UX', 'Equivalence_Line_7: NSGA2-random_dense-HUX to SMSEMOA-greedy_ting-UX', 'Equivalence_Line_8: RVEA-random_dense-HUX to UNSGA3-greedy_ting-2P', 'Equivalence_Line_9: NSGA2-random_dense-UX to NSGA3-greedy_ting-2P', 'Equivalence_Line_10: SMSEMOA-random_dense-2P to SMSEMOA-greedy_ting-HUX', 'Equivalence_Line_11: SPEA2-random_dense-HUX to SPEA2-greedy_ting-1P', 'Equivalence_Line_12: SMSEMOA-random_dense-HUX to UNSGA3-greedy_ting-UX', 'Equivalence_Line_13: NSGA2-greedy_ting-1P to SPEA2-greedy_ting-UX', 'Equivalence_Line_14: AGEMOEA2-greedy_ting-2P to AGEMOEA2-greedy_multi-UX', 'Equivalence_Line_15: SMSEMOA-greedy_ting-2P to RVEA-greedy_multi-UX', 'Equivalence_Line_16: SMSEMOA-greedy_ting-1P to AGEMOEA2-greedy_multi-1P', 'Equivalence_Line_17: NSGA3-greedy_ting-UX to RVEA-greedy_multi-2P', 'Equivalence_Line_18: UNSGA3-greedy_ting-HUX to UNSGA3-greedy_multi-1P', 'Equivalence_Line_19: SPEA2-greedy_ting-2P to NSGA3-greedy_multi-1P', 'Equivalence_Line_20: SPEA2-greedy_ting-HUX to SPEA2-greedy_multi-2P', 'Equivalence_Line_21: AGEMOEA2-greedy_multi-HUX to NSGA2-greedy_multi-2P', 'Equivalence_Line_22: AGEMOEA2-greedy_multi-2P to NSGA2-greedy_multi-1P']"
SPEA2-random_dense-1P,105.61525875605749,"['Equivalence_Line_1: AGEMOEA2-random_dense-1P to SMSEMOA-random_dense-UX', 'Equivalence_Line_2: UNSGA3-random_dense-1P to NSGA2-greedy_ting-1P', 'Equivalence_Line_3: AGEMOEA2-random_dense-2P to NSGA2-greedy_ting-2P', 'Equivalence_Line_4: RVEA-random_dense-1P to AGEMOEA2-greedy_ting-2P', 'Equivalence_Line_5: RVEA-random_dense-2P to AGEMOEA2-greedy_ting-UX', 'Equivalence_Line_6: SPEA2-random_dense-1P to NSGA2-greedy_ting-UX', 'Equivalence_Line_7: NSGA2-random_dense-HUX to SMSEMOA-greedy_ting-UX', 'Equivalence_Line_8: RVEA-random_dense-HUX to UNSGA3-greedy_ting-2P', 'Equivalence_Line_9: NSGA2-random_dense-UX to NSGA3-greedy_ting-2P', 'Equivalence_Line_10: SMSEMOA-random_dense-2P to SMSEMOA-greedy_ting-HUX', 'Equivalence_Line_11: SPEA2-random_dense-HUX to SPEA2-greedy_ting-1P', 'Equivalence_Line_12: SMSEMOA-random_dense-HUX to UNSGA3-greedy_ting-UX', 'Equivalence_Line_13: NSGA2-greedy_ting-1P to SPEA2-greedy_ting-UX', 'Equivalence_Line_14: AGEMOEA2-greedy_ting-2P to AGEMOEA2-greedy_multi-UX', 'Equivalence_Line_15: SMSEMOA-greedy_ting-2P to RVEA-greedy_multi-UX', 'Equivalence_Line_16: SMSEMOA-greedy_ting-1P to AGEMOEA2-greedy_multi-1P', 'Equivalence_Line_17: NSGA3-greedy_ting-UX to RVEA-greedy_multi-2P', 'Equivalence_Line_18: UNSGA3-greedy_ting-HUX to UNSGA3-greedy_multi-1P', 'Equivalence_Line_19: SPEA2-greedy_ting-2P to NSGA3-greedy_multi-1P', 'Equivalence_Line_20: SPEA2-greedy_ting-HUX to SPEA2-greedy_multi-2P', 'Equivalence_Line_21: AGEMOEA2-greedy_multi-HUX to NSGA2-greedy_multi-2P', 'Equivalence_Line_22: AGEMOEA2-greedy_multi-2P to NSGA2-greedy_multi-1P']"
AGEMOEA2-random_dense-HUX,104.23370900147667,"['Equivalence_Line_1: AGEMOEA2-random_dense-1P to SMSEMOA-random_dense-UX', 'Equivalence_Line_2: UNSGA3-random_dense-1P to NSGA2-greedy_ting-1P', 'Equivalence_Line_3: AGEMOEA2-random_dense-2P to NSGA2-greedy_ting-2P', 'Equivalence_Line_4: RVEA-random_dense-1P to AGEMOEA2-greedy_ting-2P', 'Equivalence_Line_5: RVEA-random_dense-2P to AGEMOEA2-greedy_ting-UX', 'Equivalence_Line_6: SPEA2-random_dense-1P to NSGA2-greedy_ting-UX', 'Equivalence_Line_7: NSGA2-random_dense-HUX to SMSEMOA-greedy_ting-UX', 'Equivalence_Line_8: RVEA-random_dense-HUX to UNSGA3-greedy_ting-2P', 'Equivalence_Line_9: NSGA2-random_dense-UX to NSGA3-greedy_ting-2P', 'Equivalence_Line_10: SMSEMOA-random_dense-2P to SMSEMOA-greedy_ting-HUX', 'Equivalence_Line_11: SPEA2-random_dense-HUX to SPEA2-greedy_ting-1P', 'Equivalence_Line_12: SMSEMOA-random_dense-HUX to UNSGA3-greedy_ting-UX', 'Equivalence_Line_13: NSGA2-greedy_ting-1P to SPEA2-greedy_ting-UX', 'Equivalence_Line_14: AGEMOEA2-greedy_ting-2P to AGEMOEA2-greedy_multi-UX', 'Equivalence_Line_15: SMSEMOA-greedy_ting-2P to RVEA-greedy_multi-UX', 'Equivalence_Line_16: SMSEMOA-greedy_ting-1P to AGEMOEA2-greedy_multi-1P', 'Equivalence_Line_17: NSGA3-greedy_ting-UX to RVEA-greedy_multi-2P', 'Equivalence_Line_18: UNSGA3-greedy_ting-HUX to UNSGA3-greedy_multi-1P', 'Equivalence_Line_19: SPEA2-greedy_ting-2P to NSGA3-greedy_multi-1P', 'Equivalence_Line_20: SPEA2-greedy_ting-HUX to SPEA2-greedy_multi-2P', 'Equivalence_Line_21: AGEMOEA2-greedy_multi-HUX to NSGA2-greedy_multi-2P', 'Equivalence_Line_22: AGEMOEA2-greedy_multi-2P to NSGA2-greedy_multi-1P']"
AGEMOEA2-random_dense-UX,103.68490113038415,"['Equivalence_Line_1: AGEMOEA2-random_dense-1P to SMSEMOA-random_dense-UX', 'Equivalence_Line_2: UNSGA3-random_dense-1P to NSGA2-greedy_ting-1P', 'Equivalence_Line_3: AGEMOEA2-random_dense-2P to NSGA2-greedy_ting-2P', 'Equivalence_Line_4: RVEA-random_dense-1P to AGEMOEA2-greedy_ting-2P', 'Equivalence_Line_5: RVEA-random_dense-2P to AGEMOEA2-greedy_ting-UX', 'Equivalence_Line_6: SPEA2-random_dense-1P to NSGA2-greedy_ting-UX', 'Equivalence_Line_7: NSGA2-random_dense-HUX to SMSEMOA-greedy_ting-UX', 'Equivalence_Line_8: RVEA-random_dense-HUX to UNSGA3-greedy_ting-2P', 'Equivalence_Line_9: NSGA2-random_dense-UX to NSGA3-greedy_ting-2P', 'Equivalence_Line_10: SMSEMOA-random_dense-2P to SMSEMOA-greedy_ting-HUX', 'Equivalence_Line_11: SPEA2-random_dense-HUX to SPEA2-greedy_ting-1P', 'Equivalence_Line_12: SMSEMOA-random_dense-HUX to UNSGA3-greedy_ting-UX', 'Equivalence_Line_13: NSGA2-greedy_ting-1P to SPEA2-greedy_ting-UX', 'Equivalence_Line_14: AGEMOEA2-greedy_ting-2P to AGEMOEA2-greedy_multi-UX', 'Equivalence_Line_15: SMSEMOA-greedy_ting-2P to RVEA-greedy_multi-UX', 'Equivalence_Line_16: SMSEMOA-greedy_ting-1P to AGEMOEA2-greedy_multi-1P', 'Equivalence_Line_17: NSGA3-greedy_ting-UX to RVEA-greedy_multi-2P', 'Equivalence_Line_18: UNSGA3-greedy_ting-HUX to UNSGA3-greedy_multi-1P', 'Equivalence_Line_19: SPEA2-greedy_ting-2P to NSGA3-greedy_multi-1P', 'Equivalence_Line_20: SPEA2-greedy_ting-HUX to SPEA2-greedy_multi-2P', 'Equivalence_Line_21: AGEMOEA2-greedy_multi-HUX to NSGA2-greedy_multi-2P', 'Equivalence_Line_22: AGEMOEA2-greedy_multi-2P to NSGA2-greedy_multi-1P']"
SMSEMOA-random_dense-1P,103.54159922559784,"['Equivalence_Line_1: AGEMOEA2-random_dense-1P to SMSEMOA-random_dense-UX', 'Equivalence_Line_2: UNSGA3-random_dense-1P to NSGA2-greedy_ting-1P', 'Equivalence_Line_3: AGEMOEA2-random_dense-2P to NSGA2-greedy_ting-2P', 'Equivalence_Line_4: RVEA-random_dense-1P to AGEMOEA2-greedy_ting-2P', 'Equivalence_Line_5: RVEA-random_dense-2P to AGEMOEA2-greedy_ting-UX', 'Equivalence_Line_6: SPEA2-random_dense-1P to NSGA2-greedy_ting-UX', 'Equivalence_Line_7: NSGA2-random_dense-HUX to SMSEMOA-greedy_ting-UX', 'Equivalence_Line_8: RVEA-random_dense-HUX to UNSGA3-greedy_ting-2P', 'Equivalence_Line_9: NSGA2-random_dense-UX to NSGA3-greedy_ting-2P', 'Equivalence_Line_10: SMSEMOA-random_dense-2P to SMSEMOA-greedy_ting-HUX', 'Equivalence_Line_11: SPEA2-random_dense-HUX to SPEA2-greedy_ting-1P', 'Equivalence_Line_12: SMSEMOA-random_dense-HUX to UNSGA3-greedy_ting-UX', 'Equivalence_Line_13: NSGA2-greedy_ting-1P to SPEA2-greedy_ting-UX', 'Equivalence_Line_14: AGEMOEA2-greedy_ting-2P to AGEMOEA2-greedy_multi-UX', 'Equivalence_Line_15: SMSEMOA-greedy_ting-2P to RVEA-greedy_multi-UX', 'Equivalence_Line_16: SMSEMOA-greedy_ting-1P to AGEMOEA2-greedy_multi-1P', 'Equivalence_Line_17: NSGA3-greedy_ting-UX to RVEA-greedy_multi-2P', 'Equivalence_Line_18: UNSGA3-greedy_ting-HUX to UNSGA3-greedy_multi-1P', 'Equivalence_Line_19: SPEA2-greedy_ting-2P to NSGA3-greedy_multi-1P', 'Equivalence_Line_20: SPEA2-greedy_ting-HUX to SPEA2-greedy_multi-2P', 'Equivalence_Line_21: AGEMOEA2-greedy_multi-HUX to NSGA2-greedy_multi-2P', 'Equivalence_Line_22: AGEMOEA2-greedy_multi-2P to NSGA2-greedy_multi-1P']"
SPEA2-random_dense-2P,102.4909281992887,"['Equivalence_Line_1: AGEMOEA2-random_dense-1P to SMSEMOA-random_dense-UX', 'Equivalence_Line_2: UNSGA3-random_dense-1P to NSGA2-greedy_ting-1P', 'Equivalence_Line_3: AGEMOEA2-random_dense-2P to NSGA2-greedy_ting-2P', 'Equivalence_Line_4: RVEA-random_dense-1P to AGEMOEA2-greedy_ting-2P', 'Equivalence_Line_5: RVEA-random_dense-2P to AGEMOEA2-greedy_ting-UX', 'Equivalence_Line_6: SPEA2-random_dense-1P to NSGA2-greedy_ting-UX', 'Equivalence_Line_7: NSGA2-random_dense-HUX to SMSEMOA-greedy_ting-UX', 'Equivalence_Line_8: RVEA-random_dense-HUX to UNSGA3-greedy_ting-2P', 'Equivalence_Line_9: NSGA2-random_dense-UX to NSGA3-greedy_ting-2P', 'Equivalence_Line_10: SMSEMOA-random_dense-2P to SMSEMOA-greedy_ting-HUX', 'Equivalence_Line_11: SPEA2-random_dense-HUX to SPEA2-greedy_ting-1P', 'Equivalence_Line_12: SMSEMOA-random_dense-HUX to UNSGA3-greedy_ting-UX', 'Equivalence_Line_13: NSGA2-greedy_ting-1P to SPEA2-greedy_ting-UX', 'Equivalence_Line_14: AGEMOEA2-greedy_ting-2P to AGEMOEA2-greedy_multi-UX', 'Equivalence_Line_15: SMSEMOA-greedy_ting-2P to RVEA-greedy_multi-UX', 'Equivalence_Line_16: SMSEMOA-greedy_ting-1P to AGEMOEA2-greedy_multi-1P', 'Equivalence_Line_17: NSGA3-greedy_ting-UX to RVEA-greedy_multi-2P', 'Equivalence_Line_18: UNSGA3-greedy_ting-HUX to UNSGA3-greedy_multi-1P', 'Equivalence_Line_19: SPEA2-greedy_ting-2P to NSGA3-greedy_multi-1P', 'Equivalence_Line_20: SPEA2-greedy_ting-HUX to SPEA2-greedy_multi-2P', 'Equivalence_Line_21: AGEMOEA2-greedy_multi-HUX to NSGA2-greedy_multi-2P', 'Equivalence_Line_22: AGEMOEA2-greedy_multi-2P to NSGA2-greedy_multi-1P']"
NSGA2-random_dense-HUX,100.54396630165763,"['Equivalence_Line_1: AGEMOEA2-random_dense-1P to SMSEMOA-random_dense-UX', 'Equivalence_Line_2: UNSGA3-random_dense-1P to NSGA2-greedy_ting-1P', 'Equivalence_Line_3: AGEMOEA2-random_dense-2P to NSGA2-greedy_ting-2P', 'Equivalence_Line_4: RVEA-random_dense-1P to AGEMOEA2-greedy_ting-2P', 'Equivalence_Line_5: RVEA-random_dense-2P to AGEMOEA2-greedy_ting-UX', 'Equivalence_Line_6: SPEA2-random_dense-1P to NSGA2-greedy_ting-UX', 'Equivalence_Line_7: NSGA2-random_dense-HUX to SMSEMOA-greedy_ting-UX', 'Equivalence_Line_8: RVEA-random_dense-HUX to UNSGA3-greedy_ting-2P', 'Equivalence_Line_9: NSGA2-random_dense-UX to NSGA3-greedy_ting-2P', 'Equivalence_Line_10: SMSEMOA-random_dense-2P to SMSEMOA-greedy_ting-HUX', 'Equivalence_Line_11: SPEA2-random_dense-HUX to SPEA2-greedy_ting-1P', 'Equivalence_Line_12: SMSEMOA-random_dense-HUX to UNSGA3-greedy_ting-UX', 'Equivalence_Line_13: NSGA2-greedy_ting-1P to SPEA2-greedy_ting-UX', 'Equivalence_Line_14: AGEMOEA2-greedy_ting-2P to AGEMOEA2-greedy_multi-UX', 'Equivalence_Line_15: SMSEMOA-greedy_ting-2P to RVEA-greedy_multi-UX', 'Equivalence_Line_16: SMSEMOA-greedy_ting-1P to AGEMOEA2-greedy_multi-1P', 'Equivalence_Line_17: NSGA3-greedy_ting-UX to RVEA-greedy_multi-2P', 'Equivalence_Line_18: UNSGA3-greedy_ting-HUX to UNSGA3-greedy_multi-1P', 'Equivalence_Line_19: SPEA2-greedy_ting-2P to NSGA3-greedy_multi-1P', 'Equivalence_Line_20: SPEA2-greedy_ting-HUX to SPEA2-greedy_multi-2P', 'Equivalence_Line_21: AGEMOEA2-greedy_multi-HUX to NSGA2-greedy_multi-2P', 'Equivalence_Line_22: AGEMOEA2-greedy_multi-2P to NSGA2-greedy_multi-1P']"
RVEA-random_dense-HUX,100.34159860241573,"['Equivalence_Line_1: AGEMOEA2-random_dense-1P to SMSEMOA-random_dense-UX', 'Equivalence_Line_2: UNSGA3-random_dense-1P to NSGA2-greedy_ting-1P', 'Equivalence_Line_3: AGEMOEA2-random_dense-2P to NSGA2-greedy_ting-2P', 'Equivalence_Line_4: RVEA-random_dense-1P to AGEMOEA2-greedy_ting-2P', 'Equivalence_Line_5: RVEA-random_dense-2P to AGEMOEA2-greedy_ting-UX', 'Equivalence_Line_6: SPEA2-random_dense-1P to NSGA2-greedy_ting-UX', 'Equivalence_Line_7: NSGA2-random_dense-HUX to SMSEMOA-greedy_ting-UX', 'Equivalence_Line_8: RVEA-random_dense-HUX to UNSGA3-greedy_ting-2P', 'Equivalence_Line_9: NSGA2-random_dense-UX to NSGA3-greedy_ting-2P', 'Equivalence_Line_10: SMSEMOA-random_dense-2P to SMSEMOA-greedy_ting-HUX', 'Equivalence_Line_11: SPEA2-random_dense-HUX to SPEA2-greedy_ting-1P', 'Equivalence_Line_12: SMSEMOA-random_dense-HUX to UNSGA3-greedy_ting-UX', 'Equivalence_Line_13: NSGA2-greedy_ting-1P to SPEA2-greedy_ting-UX', 'Equivalence_Line_14: AGEMOEA2-greedy_ting-2P to AGEMOEA2-greedy_multi-UX', 'Equivalence_Line_15: SMSEMOA-greedy_ting-2P to RVEA-greedy_multi-UX', 'Equivalence_Line_16: SMSEMOA-greedy_ting-1P to AGEMOEA2-greedy_multi-1P', 'Equivalence_Line_17: NSGA3-greedy_ting-UX to RVEA-greedy_multi-2P', 'Equivalence_Line_18: UNSGA3-greedy_ting-HUX to UNSGA3-greedy_multi-1P', 'Equivalence_Line_19: SPEA2-greedy_ting-2P to NSGA3-greedy_multi-1P', 'Equivalence_Line_20: SPEA2-greedy_ting-HUX to SPEA2-greedy_multi-2P', 'Equivalence_Line_21: AGEMOEA2-greedy_multi-HUX to NSGA2-greedy_multi-2P', 'Equivalence_Line_22: AGEMOEA2-greedy_multi-2P to NSGA2-greedy_multi-1P']"
NSGA2-random_dense-UX,99.99814089765188,"['Equivalence_Line_1: AGEMOEA2-random_dense-1P to SMSEMOA-random_dense-UX', 'Equivalence_Line_2: UNSGA3-random_dense-1P to NSGA2-greedy_ting-1P', 'Equivalence_Line_3: AGEMOEA2-random_dense-2P to NSGA2-greedy_ting-2P', 'Equivalence_Line_4: RVEA-random_dense-1P to AGEMOEA2-greedy_ting-2P', 'Equivalence_Line_5: RVEA-random_dense-2P to AGEMOEA2-greedy_ting-UX', 'Equivalence_Line_6: SPEA2-random_dense-1P to NSGA2-greedy_ting-UX', 'Equivalence_Line_7: NSGA2-random_dense-HUX to SMSEMOA-greedy_ting-UX', 'Equivalence_Line_8: RVEA-random_dense-HUX to UNSGA3-greedy_ting-2P', 'Equivalence_Line_9: NSGA2-random_dense-UX to NSGA3-greedy_ting-2P', 'Equivalence_Line_10: SMSEMOA-random_dense-2P to SMSEMOA-greedy_ting-HUX', 'Equivalence_Line_11: SPEA2-random_dense-HUX to SPEA2-greedy_ting-1P', 'Equivalence_Line_12: SMSEMOA-random_dense-HUX to UNSGA3-greedy_ting-UX', 'Equivalence_Line_13: NSGA2-greedy_ting-1P to SPEA2-greedy_ting-UX', 'Equivalence_Line_14: AGEMOEA2-greedy_ting-2P to AGEMOEA2-greedy_multi-UX', 'Equivalence_Line_15: SMSEMOA-greedy_ting-2P to RVEA-greedy_multi-UX', 'Equivalence_Line_16: SMSEMOA-greedy_ting-1P to AGEMOEA2-greedy_multi-1P', 'Equivalence_Line_17: NSGA3-greedy_ting-UX to RVEA-greedy_multi-2P', 'Equivalence_Line_18: UNSGA3-greedy_ting-HUX to UNSGA3-greedy_multi-1P', 'Equivalence_Line_19: SPEA2-greedy_ting-2P to NSGA3-greedy_multi-1P', 'Equivalence_Line_20: SPEA2-greedy_ting-HUX to SPEA2-greedy_multi-2P', 'Equivalence_Line_21: AGEMOEA2-greedy_multi-HUX to NSGA2-greedy_multi-2P', 'Equivalence_Line_22: AGEMOEA2-greedy_multi-2P to NSGA2-greedy_multi-1P']"
SMSEMOA-random_dense-2P,99.85693853017335,"['Equivalence_Line_1: AGEMOEA2-random_dense-1P to SMSEMOA-random_dense-UX', 'Equivalence_Line_2: UNSGA3-random_dense-1P to NSGA2-greedy_ting-1P', 'Equivalence_Line_3: AGEMOEA2-random_dense-2P to NSGA2-greedy_ting-2P', 'Equivalence_Line_4: RVEA-random_dense-1P to AGEMOEA2-greedy_ting-2P', 'Equivalence_Line_5: RVEA-random_dense-2P to AGEMOEA2-greedy_ting-UX', 'Equivalence_Line_6: SPEA2-random_dense-1P to NSGA2-greedy_ting-UX', 'Equivalence_Line_7: NSGA2-random_dense-HUX to SMSEMOA-greedy_ting-UX', 'Equivalence_Line_8: RVEA-random_dense-HUX to UNSGA3-greedy_ting-2P', 'Equivalence_Line_9: NSGA2-random_dense-UX to NSGA3-greedy_ting-2P', 'Equivalence_Line_10: SMSEMOA-random_dense-2P to SMSEMOA-greedy_ting-HUX', 'Equivalence_Line_11: SPEA2-random_dense-HUX to SPEA2-greedy_ting-1P', 'Equivalence_Line_12: SMSEMOA-random_dense-HUX to UNSGA3-greedy_ting-UX', 'Equivalence_Line_13: NSGA2-greedy_ting-1P to SPEA2-greedy_ting-UX', 'Equivalence_Line_14: AGEMOEA2-greedy_ting-2P to AGEMOEA2-greedy_multi-UX', 'Equivalence_Line_15: SMSEMOA-greedy_ting-2P to RVEA-greedy_multi-UX', 'Equivalence_Line_16: SMSEMOA-greedy_ting-1P to AGEMOEA2-greedy_multi-1P', 'Equivalence_Line_17: NSGA3-greedy_ting-UX to RVEA-greedy_multi-2P', 'Equivalence_Line_18: UNSGA3-greedy_ting-HUX to UNSGA3-greedy_multi-1P', 'Equivalence_Line_19: SPEA2-greedy_ting-2P to NSGA3-greedy_multi-1P', 'Equivalence_Line_20: SPEA2-greedy_ting-HUX to SPEA2-greedy_multi-2P', 'Equivalence_Line_21: AGEMOEA2-greedy_multi-HUX to NSGA2-greedy_multi-2P', 'Equivalence_Line_22: AGEMOEA2-greedy_multi-2P to NSGA2-greedy_multi-1P']"
RVEA-random_dense-UX,99.48264825840775,"['Equivalence_Line_1: AGEMOEA2-random_dense-1P to SMSEMOA-random_dense-UX', 'Equivalence_Line_2: UNSGA3-random_dense-1P to NSGA2-greedy_ting-1P', 'Equivalence_Line_3: AGEMOEA2-random_dense-2P to NSGA2-greedy_ting-2P', 'Equivalence_Line_4: RVEA-random_dense-1P to AGEMOEA2-greedy_ting-2P', 'Equivalence_Line_5: RVEA-random_dense-2P to AGEMOEA2-greedy_ting-UX', 'Equivalence_Line_6: SPEA2-random_dense-1P to NSGA2-greedy_ting-UX', 'Equivalence_Line_7: NSGA2-random_dense-HUX to SMSEMOA-greedy_ting-UX', 'Equivalence_Line_8: RVEA-random_dense-HUX to UNSGA3-greedy_ting-2P', 'Equivalence_Line_9: NSGA2-random_dense-UX to NSGA3-greedy_ting-2P', 'Equivalence_Line_10: SMSEMOA-random_dense-2P to SMSEMOA-greedy_ting-HUX', 'Equivalence_Line_11: SPEA2-random_dense-HUX to SPEA2-greedy_ting-1P', 'Equivalence_Line_12: SMSEMOA-random_dense-HUX to UNSGA3-greedy_ting-UX', 'Equivalence_Line_13: NSGA2-greedy_ting-1P to SPEA2-greedy_ting-UX', 'Equivalence_Line_14: AGEMOEA2-greedy_ting-2P to AGEMOEA2-greedy_multi-UX', 'Equivalence_Line_15: SMSEMOA-greedy_ting-2P to RVEA-greedy_multi-UX', 'Equivalence_Line_16: SMSEMOA-greedy_ting-1P to AGEMOEA2-greedy_multi-1P', 'Equivalence_Line_17: NSGA3-greedy_ting-UX to RVEA-greedy_multi-2P', 'Equivalence_Line_18: UNSGA3-greedy_ting-HUX to UNSGA3-greedy_multi-1P', 'Equivalence_Line_19: SPEA2-greedy_ting-2P to NSGA3-greedy_multi-1P', 'Equivalence_Line_20: SPEA2-greedy_ting-HUX to SPEA2-greedy_multi-2P', 'Equivalence_Line_21: AGEMOEA2-greedy_multi-HUX to NSGA2-greedy_multi-2P', 'Equivalence_Line_22: AGEMOEA2-greedy_multi-2P to NSGA2-greedy_multi-1P']"
UNSGA3-random_dense-HUX,99.31184985011208,"['Equivalence_Line_1: AGEMOEA2-random_dense-1P to SMSEMOA-random_dense-UX', 'Equivalence_Line_2: UNSGA3-random_dense-1P to NSGA2-greedy_ting-1P', 'Equivalence_Line_3: AGEMOEA2-random_dense-2P to NSGA2-greedy_ting-2P', 'Equivalence_Line_4: RVEA-random_dense-1P to AGEMOEA2-greedy_ting-2P', 'Equivalence_Line_5: RVEA-random_dense-2P to AGEMOEA2-greedy_ting-UX', 'Equivalence_Line_6: SPEA2-random_dense-1P to NSGA2-greedy_ting-UX', 'Equivalence_Line_7: NSGA2-random_dense-HUX to SMSEMOA-greedy_ting-UX', 'Equivalence_Line_8: RVEA-random_dense-HUX to UNSGA3-greedy_ting-2P', 'Equivalence_Line_9: NSGA2-random_dense-UX to NSGA3-greedy_ting-2P', 'Equivalence_Line_10: SMSEMOA-random_dense-2P to SMSEMOA-greedy_ting-HUX', 'Equivalence_Line_11: SPEA2-random_dense-HUX to SPEA2-greedy_ting-1P', 'Equivalence_Line_12: SMSEMOA-random_dense-HUX to UNSGA3-greedy_ting-UX', 'Equivalence_Line_13: NSGA2-greedy_ting-1P to SPEA2-greedy_ting-UX', 'Equivalence_Line_14: AGEMOEA2-greedy_ting-2P to AGEMOEA2-greedy_multi-UX', 'Equivalence_Line_15: SMSEMOA-greedy_ting-2P to RVEA-greedy_multi-UX', 'Equivalence_Line_16: SMSEMOA-greedy_ting-1P to AGEMOEA2-greedy_multi-1P', 'Equivalence_Line_17: NSGA3-greedy_ting-UX to RVEA-greedy_multi-2P', 'Equivalence_Line_18: UNSGA3-greedy_ting-HUX to UNSGA3-greedy_multi-1P', 'Equivalence_Line_19: SPEA2-greedy_ting-2P to NSGA3-greedy_multi-1P', 'Equivalence_Line_20: SPEA2-greedy_ting-HUX to SPEA2-greedy_multi-2P', 'Equivalence_Line_21: AGEMOEA2-greedy_multi-HUX to NSGA2-greedy_multi-2P', 'Equivalence_Line_22: AGEMOEA2-greedy_multi-2P to NSGA2-greedy_multi-1P']"
NSGA3-random_dense-UX,99.0782568261292,"['Equivalence_Line_1: AGEMOEA2-random_dense-1P to SMSEMOA-random_dense-UX', 'Equivalence_Line_2: UNSGA3-random_dense-1P to NSGA2-greedy_ting-1P', 'Equivalence_Line_3: AGEMOEA2-random_dense-2P to NSGA2-greedy_ting-2P', 'Equivalence_Line_4: RVEA-random_dense-1P to AGEMOEA2-greedy_ting-2P', 'Equivalence_Line_5: RVEA-random_dense-2P to AGEMOEA2-greedy_ting-UX', 'Equivalence_Line_6: SPEA2-random_dense-1P to NSGA2-greedy_ting-UX', 'Equivalence_Line_7: NSGA2-random_dense-HUX to SMSEMOA-greedy_ting-UX', 'Equivalence_Line_8: RVEA-random_dense-HUX to UNSGA3-greedy_ting-2P', 'Equivalence_Line_9: NSGA2-random_dense-UX to NSGA3-greedy_ting-2P', 'Equivalence_Line_10: SMSEMOA-random_dense-2P to SMSEMOA-greedy_ting-HUX', 'Equivalence_Line_11: SPEA2-random_dense-HUX to SPEA2-greedy_ting-1P', 'Equivalence_Line_12: SMSEMOA-random_dense-HUX to UNSGA3-greedy_ting-UX', 'Equivalence_Line_13: NSGA2-greedy_ting-1P to SPEA2-greedy_ting-UX', 'Equivalence_Line_14: AGEMOEA2-greedy_ting-2P to AGEMOEA2-greedy_multi-UX', 'Equivalence_Line_15: SMSEMOA-greedy_ting-2P to RVEA-greedy_multi-UX', 'Equivalence_Line_16: SMSEMOA-greedy_ting-1P to AGEMOEA2-greedy_multi-1P', 'Equivalence_Line_17: NSGA3-greedy_ting-UX to RVEA-greedy_multi-2P', 'Equivalence_Line_18: UNSGA3-greedy_ting-HUX to UNSGA3-greedy_multi-1P', 'Equivalence_Line_19: SPEA2-greedy_ting-2P to NSGA3-greedy_multi-1P', 'Equivalence_Line_20: SPEA2-greedy_ting-HUX to SPEA2-greedy_multi-2P', 'Equivalence_Line_21: AGEMOEA2-greedy_multi-HUX to NSGA2-greedy_multi-2P', 'Equivalence_Line_22: AGEMOEA2-greedy_multi-2P to NSGA2-greedy_multi-1P']"
NSGA3-random_dense-HUX,99.05566047655547,"['Equivalence_Line_1: AGEMOEA2-random_dense-1P to SMSEMOA-random_dense-UX', 'Equivalence_Line_2: UNSGA3-random_dense-1P to NSGA2-greedy_ting-1P', 'Equivalence_Line_3: AGEMOEA2-random_dense-2P to NSGA2-greedy_ting-2P', 'Equivalence_Line_4: RVEA-random_dense-1P to AGEMOEA2-greedy_ting-2P', 'Equivalence_Line_5: RVEA-random_dense-2P to AGEMOEA2-greedy_ting-UX', 'Equivalence_Line_6: SPEA2-random_dense-1P to NSGA2-greedy_ting-UX', 'Equivalence_Line_7: NSGA2-random_dense-HUX to SMSEMOA-greedy_ting-UX', 'Equivalence_Line_8: RVEA-random_dense-HUX to UNSGA3-greedy_ting-2P', 'Equivalence_Line_9: NSGA2-random_dense-UX to NSGA3-greedy_ting-2P', 'Equivalence_Line_10: SMSEMOA-random_dense-2P to SMSEMOA-greedy_ting-HUX', 'Equivalence_Line_11: SPEA2-random_dense-HUX to SPEA2-greedy_ting-1P', 'Equivalence_Line_12: SMSEMOA-random_dense-HUX to UNSGA3-greedy_ting-UX', 'Equivalence_Line_13: NSGA2-greedy_ting-1P to SPEA2-greedy_ting-UX', 'Equivalence_Line_14: AGEMOEA2-greedy_ting-2P to AGEMOEA2-greedy_multi-UX', 'Equivalence_Line_15: SMSEMOA-greedy_ting-2P to RVEA-greedy_multi-UX', 'Equivalence_Line_16: SMSEMOA-greedy_ting-1P to AGEMOEA2-greedy_multi-1P', 'Equivalence_Line_17: NSGA3-greedy_ting-UX to RVEA-greedy_multi-2P', 'Equivalence_Line_18: UNSGA3-greedy_ting-HUX to UNSGA3-greedy_multi-1P', 'Equivalence_Line_19: SPEA2-greedy_ting-2P to NSGA3-greedy_multi-1P', 'Equivalence_Line_20: SPEA2-greedy_ting-HUX to SPEA2-greedy_multi-2P', 'Equivalence_Line_21: AGEMOEA2-greedy_multi-HUX to NSGA2-greedy_multi-2P', 'Equivalence_Line_22: AGEMOEA2-greedy_multi-2P to NSGA2-greedy_multi-1P']"
UNSGA3-random_dense-UX,98.92588779851415,"['Equivalence_Line_1: AGEMOEA2-random_dense-1P to SMSEMOA-random_dense-UX', 'Equivalence_Line_2: UNSGA3-random_dense-1P to NSGA2-greedy_ting-1P', 'Equivalence_Line_3: AGEMOEA2-random_dense-2P to NSGA2-greedy_ting-2P', 'Equivalence_Line_4: RVEA-random_dense-1P to AGEMOEA2-greedy_ting-2P', 'Equivalence_Line_5: RVEA-random_dense-2P to AGEMOEA2-greedy_ting-UX', 'Equivalence_Line_6: SPEA2-random_dense-1P to NSGA2-greedy_ting-UX', 'Equivalence_Line_7: NSGA2-random_dense-HUX to SMSEMOA-greedy_ting-UX', 'Equivalence_Line_8: RVEA-random_dense-HUX to UNSGA3-greedy_ting-2P', 'Equivalence_Line_9: NSGA2-random_dense-UX to NSGA3-greedy_ting-2P', 'Equivalence_Line_10: SMSEMOA-random_dense-2P to SMSEMOA-greedy_ting-HUX', 'Equivalence_Line_11: SPEA2-random_dense-HUX to SPEA2-greedy_ting-1P', 'Equivalence_Line_12: SMSEMOA-random_dense-HUX to UNSGA3-greedy_ting-UX', 'Equivalence_Line_13: NSGA2-greedy_ting-1P to SPEA2-greedy_ting-UX', 'Equivalence_Line_14: AGEMOEA2-greedy_ting-2P to AGEMOEA2-greedy_multi-UX', 'Equivalence_Line_15: SMSEMOA-greedy_ting-2P to RVEA-greedy_multi-UX', 'Equivalence_Line_16: SMSEMOA-greedy_ting-1P to AGEMOEA2-greedy_multi-1P', 'Equivalence_Line_17: NSGA3-greedy_ting-UX to RVEA-greedy_multi-2P', 'Equivalence_Line_18: UNSGA3-greedy_ting-HUX to UNSGA3-greedy_multi-1P', 'Equivalence_Line_19: SPEA2-greedy_ting-2P to NSGA3-greedy_multi-1P', 'Equivalence_Line_20: SPEA2-greedy_ting-HUX to SPEA2-greedy_multi-2P', 'Equivalence_Line_21: AGEMOEA2-greedy_multi-HUX to NSGA2-greedy_multi-2P', 'Equivalence_Line_22: AGEMOEA2-greedy_multi-2P to NSGA2-greedy_multi-1P']"
SPEA2-random_dense-HUX,91.3873433632828,"['Equivalence_Line_1: AGEMOEA2-random_dense-1P to SMSEMOA-random_dense-UX', 'Equivalence_Line_2: UNSGA3-random_dense-1P to NSGA2-greedy_ting-1P', 'Equivalence_Line_3: AGEMOEA2-random_dense-2P to NSGA2-greedy_ting-2P', 'Equivalence_Line_4: RVEA-random_dense-1P to AGEMOEA2-greedy_ting-2P', 'Equivalence_Line_5: RVEA-random_dense-2P to AGEMOEA2-greedy_ting-UX', 'Equivalence_Line_6: SPEA2-random_dense-1P to NSGA2-greedy_ting-UX', 'Equivalence_Line_7: NSGA2-random_dense-HUX to SMSEMOA-greedy_ting-UX', 'Equivalence_Line_8: RVEA-random_dense-HUX to UNSGA3-greedy_ting-2P', 'Equivalence_Line_9: NSGA2-random_dense-UX to NSGA3-greedy_ting-2P', 'Equivalence_Line_10: SMSEMOA-random_dense-2P to SMSEMOA-greedy_ting-HUX', 'Equivalence_Line_11: SPEA2-random_dense-HUX to SPEA2-greedy_ting-1P', 'Equivalence_Line_12: SMSEMOA-random_dense-HUX to UNSGA3-greedy_ting-UX', 'Equivalence_Line_13: NSGA2-greedy_ting-1P to SPEA2-greedy_ting-UX', 'Equivalence_Line_14: AGEMOEA2-greedy_ting-2P to AGEMOEA2-greedy_multi-UX', 'Equivalence_Line_15: SMSEMOA-greedy_ting-2P to RVEA-greedy_multi-UX', 'Equivalence_Line_16: SMSEMOA-greedy_ting-1P to AGEMOEA2-greedy_multi-1P', 'Equivalence_Line_17: NSGA3-greedy_ting-UX to RVEA-greedy_multi-2P', 'Equivalence_Line_18: UNSGA3-greedy_ting-HUX to UNSGA3-greedy_multi-1P', 'Equivalence_Line_19: SPEA2-greedy_ting-2P to NSGA3-greedy_multi-1P', 'Equivalence_Line_20: SPEA2-greedy_ting-HUX to SPEA2-greedy_multi-2P', 'Equivalence_Line_21: AGEMOEA2-greedy_multi-HUX to NSGA2-greedy_multi-2P', 'Equivalence_Line_22: AGEMOEA2-greedy_multi-2P to NSGA2-greedy_multi-1P']"
SPEA2-random_dense-UX,90.77541427486949,"['Equivalence_Line_1: AGEMOEA2-random_dense-1P to SMSEMOA-random_dense-UX', 'Equivalence_Line_2: UNSGA3-random_dense-1P to NSGA2-greedy_ting-1P', 'Equivalence_Line_3: AGEMOEA2-random_dense-2P to NSGA2-greedy_ting-2P', 'Equivalence_Line_4: RVEA-random_dense-1P to AGEMOEA2-greedy_ting-2P', 'Equivalence_Line_5: RVEA-random_dense-2P to AGEMOEA2-greedy_ting-UX', 'Equivalence_Line_6: SPEA2-random_dense-1P to NSGA2-greedy_ting-UX', 'Equivalence_Line_7: NSGA2-random_dense-HUX to SMSEMOA-greedy_ting-UX', 'Equivalence_Line_8: RVEA-random_dense-HUX to UNSGA3-greedy_ting-2P', 'Equivalence_Line_9: NSGA2-random_dense-UX to NSGA3-greedy_ting-2P', 'Equivalence_Line_10: SMSEMOA-random_dense-2P to SMSEMOA-greedy_ting-HUX', 'Equivalence_Line_11: SPEA2-random_dense-HUX to SPEA2-greedy_ting-1P', 'Equivalence_Line_12: SMSEMOA-random_dense-HUX to UNSGA3-greedy_ting-UX', 'Equivalence_Line_13: NSGA2-greedy_ting-1P to SPEA2-greedy_ting-UX', 'Equivalence_Line_14: AGEMOEA2-greedy_ting-2P to AGEMOEA2-greedy_multi-UX', 'Equivalence_Line_15: SMSEMOA-greedy_ting-2P to RVEA-greedy_multi-UX', 'Equivalence_Line_16: SMSEMOA-greedy_ting-1P to AGEMOEA2-greedy_multi-1P', 'Equivalence_Line_17: NSGA3-greedy_ting-UX to RVEA-greedy_multi-2P', 'Equivalence_Line_18: UNSGA3-greedy_ting-HUX to UNSGA3-greedy_multi-1P', 'Equivalence_Line_19: SPEA2-greedy_ting-2P to NSGA3-greedy_multi-1P', 'Equivalence_Line_20: SPEA2-greedy_ting-HUX to SPEA2-greedy_multi-2P', 'Equivalence_Line_21: AGEMOEA2-greedy_multi-HUX to NSGA2-greedy_multi-2P', 'Equivalence_Line_22: AGEMOEA2-greedy_multi-2P to NSGA2-greedy_multi-1P']"
SMSEMOA-random_dense-HUX,81.4246962917362,"['Equivalence_Line_1: AGEMOEA2-random_dense-1P to SMSEMOA-random_dense-UX', 'Equivalence_Line_2: UNSGA3-random_dense-1P to NSGA2-greedy_ting-1P', 'Equivalence_Line_3: AGEMOEA2-random_dense-2P to NSGA2-greedy_ting-2P', 'Equivalence_Line_4: RVEA-random_dense-1P to AGEMOEA2-greedy_ting-2P', 'Equivalence_Line_5: RVEA-random_dense-2P to AGEMOEA2-greedy_ting-UX', 'Equivalence_Line_6: SPEA2-random_dense-1P to NSGA2-greedy_ting-UX', 'Equivalence_Line_7: NSGA2-random_dense-HUX to SMSEMOA-greedy_ting-UX', 'Equivalence_Line_8: RVEA-random_dense-HUX to UNSGA3-greedy_ting-2P', 'Equivalence_Line_9: NSGA2-random_dense-UX to NSGA3-greedy_ting-2P', 'Equivalence_Line_10: SMSEMOA-random_dense-2P to SMSEMOA-greedy_ting-HUX', 'Equivalence_Line_11: SPEA2-random_dense-HUX to SPEA2-greedy_ting-1P', 'Equivalence_Line_12: SMSEMOA-random_dense-HUX to UNSGA3-greedy_ting-UX', 'Equivalence_Line_13: NSGA2-greedy_ting-1P to SPEA2-greedy_ting-UX', 'Equivalence_Line_14: AGEMOEA2-greedy_ting-2P to AGEMOEA2-greedy_multi-UX', 'Equivalence_Line_15: SMSEMOA-greedy_ting-2P to RVEA-greedy_multi-UX', 'Equivalence_Line_16: SMSEMOA-greedy_ting-1P to AGEMOEA2-greedy_multi-1P', 'Equivalence_Line_17: NSGA3-greedy_ting-UX to RVEA-greedy_multi-2P', 'Equivalence_Line_18: UNSGA3-greedy_ting-HUX to UNSGA3-greedy_multi-1P', 'Equivalence_Line_19: SPEA2-greedy_ting-2P to NSGA3-greedy_multi-1P', 'Equivalence_Line_20: SPEA2-greedy_ting-HUX to SPEA2-greedy_multi-2P', 'Equivalence_Line_21: AGEMOEA2-greedy_multi-HUX to NSGA2-greedy_multi-2P', 'Equivalence_Line_22: AGEMOEA2-greedy_multi-2P to NSGA2-greedy_multi-1P']"
SMSEMOA-random_dense-UX,81.3566004650064,"['Equivalence_Line_1: AGEMOEA2-random_dense-1P to SMSEMOA-random_dense-UX', 'Equivalence_Line_2: UNSGA3-random_dense-1P to NSGA2-greedy_ting-1P', 'Equivalence_Line_3: AGEMOEA2-random_dense-2P to NSGA2-greedy_ting-2P', 'Equivalence_Line_4: RVEA-random_dense-1P to AGEMOEA2-greedy_ting-2P', 'Equivalence_Line_5: RVEA-random_dense-2P to AGEMOEA2-greedy_ting-UX', 'Equivalence_Line_6: SPEA2-random_dense-1P to NSGA2-greedy_ting-UX', 'Equivalence_Line_7: NSGA2-random_dense-HUX to SMSEMOA-greedy_ting-UX', 'Equivalence_Line_8: RVEA-random_dense-HUX to UNSGA3-greedy_ting-2P', 'Equivalence_Line_9: NSGA2-random_dense-UX to NSGA3-greedy_ting-2P', 'Equivalence_Line_10: SMSEMOA-random_dense-2P to SMSEMOA-greedy_ting-HUX', 'Equivalence_Line_11: SPEA2-random_dense-HUX to SPEA2-greedy_ting-1P', 'Equivalence_Line_12: SMSEMOA-random_dense-HUX to UNSGA3-greedy_ting-UX', 'Equivalence_Line_13: NSGA2-greedy_ting-1P to SPEA2-greedy_ting-UX', 'Equivalence_Line_14: AGEMOEA2-greedy_ting-2P to AGEMOEA2-greedy_multi-UX', 'Equivalence_Line_15: SMSEMOA-greedy_ting-2P to RVEA-greedy_multi-UX', 'Equivalence_Line_16: SMSEMOA-greedy_ting-1P to AGEMOEA2-greedy_multi-1P', 'Equivalence_Line_17: NSGA3-greedy_ting-UX to RVEA-greedy_multi-2P', 'Equivalence_Line_18: UNSGA3-greedy_ting-HUX to UNSGA3-greedy_multi-1P', 'Equivalence_Line_19: SPEA2-greedy_ting-2P to NSGA3-greedy_multi-1P', 'Equivalence_Line_20: SPEA2-greedy_ting-HUX to SPEA2-greedy_multi-2P', 'Equivalence_Line_21: AGEMOEA2-greedy_multi-HUX to NSGA2-greedy_multi-2P', 'Equivalence_Line_22: AGEMOEA2-greedy_multi-2P to NSGA2-greedy_multi-1P']"
NSGA2-greedy_ting-1P,57.46775950595737,"['Equivalence_Line_1: AGEMOEA2-random_dense-1P to SMSEMOA-random_dense-UX', 'Equivalence_Line_2: UNSGA3-random_dense-1P to NSGA2-greedy_ting-1P', 'Equivalence_Line_3: AGEMOEA2-random_dense-2P to NSGA2-greedy_ting-2P', 'Equivalence_Line_4: RVEA-random_dense-1P to AGEMOEA2-greedy_ting-2P', 'Equivalence_Line_5: RVEA-random_dense-2P to AGEMOEA2-greedy_ting-UX', 'Equivalence_Line_6: SPEA2-random_dense-1P to NSGA2-greedy_ting-UX', 'Equivalence_Line_7: NSGA2-random_dense-HUX to SMSEMOA-greedy_ting-UX', 'Equivalence_Line_8: RVEA-random_dense-HUX to UNSGA3-greedy_ting-2P', 'Equivalence_Line_9: NSGA2-random_dense-UX to NSGA3-greedy_ting-2P', 'Equivalence_Line_10: SMSEMOA-random_dense-2P to SMSEMOA-greedy_ting-HUX', 'Equivalence_Line_11: SPEA2-random_dense-HUX to SPEA2-greedy_ting-1P', 'Equivalence_Line_12: SMSEMOA-random_dense-HUX to UNSGA3-greedy_ting-UX', 'Equivalence_Line_13: NSGA2-greedy_ting-1P to SPEA2-greedy_ting-UX', 'Equivalence_Line_14: AGEMOEA2-greedy_ting-2P to AGEMOEA2-greedy_multi-UX', 'Equivalence_Line_15: SMSEMOA-greedy_ting-2P to RVEA-greedy_multi-UX', 'Equivalence_Line_16: SMSEMOA-greedy_ting-1P to AGEMOEA2-greedy_multi-1P', 'Equivalence_Line_17: NSGA3-greedy_ting-UX to RVEA-greedy_multi-2P', 'Equivalence_Line_18: UNSGA3-greedy_ting-HUX to UNSGA3-greedy_multi-1P', 'Equivalence_Line_19: SPEA2-greedy_ting-2P to NSGA3-greedy_multi-1P', 'Equivalence_Line_20: SPEA2-greedy_ting-HUX to SPEA2-greedy_multi-2P', 'Equivalence_Line_21: AGEMOEA2-greedy_multi-HUX to NSGA2-greedy_multi-2P', 'Equivalence_Line_22: AGEMOEA2-greedy_multi-2P to NSGA2-greedy_multi-1P']"
NSGA2-greedy_ting-2P,54.90677380690538,"['Equivalence_Line_1: AGEMOEA2-random_dense-1P to SMSEMOA-random_dense-UX', 'Equivalence_Line_2: UNSGA3-random_dense-1P to NSGA2-greedy_ting-1P', 'Equivalence_Line_3: AGEMOEA2-random_dense-2P to NSGA2-greedy_ting-2P', 'Equivalence_Line_4: RVEA-random_dense-1P to AGEMOEA2-greedy_ting-2P', 'Equivalence_Line_5: RVEA-random_dense-2P to AGEMOEA2-greedy_ting-UX', 'Equivalence_Line_6: SPEA2-random_dense-1P to NSGA2-greedy_ting-UX', 'Equivalence_Line_7: NSGA2-random_dense-HUX to SMSEMOA-greedy_ting-UX', 'Equivalence_Line_8: RVEA-random_dense-HUX to UNSGA3-greedy_ting-2P', 'Equivalence_Line_9: NSGA2-random_dense-UX to NSGA3-greedy_ting-2P', 'Equivalence_Line_10: SMSEMOA-random_dense-2P to SMSEMOA-greedy_ting-HUX', 'Equivalence_Line_11: SPEA2-random_dense-HUX to SPEA2-greedy_ting-1P', 'Equivalence_Line_12: SMSEMOA-random_dense-HUX to UNSGA3-greedy_ting-UX', 'Equivalence_Line_13: NSGA2-greedy_ting-1P to SPEA2-greedy_ting-UX', 'Equivalence_Line_14: AGEMOEA2-greedy_ting-2P to AGEMOEA2-greedy_multi-UX', 'Equivalence_Line_15: SMSEMOA-greedy_ting-2P to RVEA-greedy_multi-UX', 'Equivalence_Line_16: SMSEMOA-greedy_ting-1P to AGEMOEA2-greedy_multi-1P', 'Equivalence_Line_17: NSGA3-greedy_ting-UX to RVEA-greedy_multi-2P', 'Equivalence_Line_18: UNSGA3-greedy_ting-HUX to UNSGA3-greedy_multi-1P', 'Equivalence_Line_19: SPEA2-greedy_ting-2P to NSGA3-greedy_multi-1P', 'Equivalence_Line_20: SPEA2-greedy_ting-HUX to SPEA2-greedy_multi-2P', 'Equivalence_Line_21: AGEMOEA2-greedy_multi-HUX to NSGA2-greedy_multi-2P', 'Equivalence_Line_22: AGEMOEA2-greedy_multi-2P to NSGA2-greedy_multi-1P']"
AGEMOEA2-greedy_ting-2P,52.05305516713187,"['Equivalence_Line_1: AGEMOEA2-random_dense-1P to SMSEMOA-random_dense-UX', 'Equivalence_Line_2: UNSGA3-random_dense-1P to NSGA2-greedy_ting-1P', 'Equivalence_Line_3: AGEMOEA2-random_dense-2P to NSGA2-greedy_ting-2P', 'Equivalence_Line_4: RVEA-random_dense-1P to AGEMOEA2-greedy_ting-2P', 'Equivalence_Line_5: RVEA-random_dense-2P to AGEMOEA2-greedy_ting-UX', 'Equivalence_Line_6: SPEA2-random_dense-1P to NSGA2-greedy_ting-UX', 'Equivalence_Line_7: NSGA2-random_dense-HUX to SMSEMOA-greedy_ting-UX', 'Equivalence_Line_8: RVEA-random_dense-HUX to UNSGA3-greedy_ting-2P', 'Equivalence_Line_9: NSGA2-random_dense-UX to NSGA3-greedy_ting-2P', 'Equivalence_Line_10: SMSEMOA-random_dense-2P to SMSEMOA-greedy_ting-HUX', 'Equivalence_Line_11: SPEA2-random_dense-HUX to SPEA2-greedy_ting-1P', 'Equivalence_Line_12: SMSEMOA-random_dense-HUX to UNSGA3-greedy_ting-UX', 'Equivalence_Line_13: NSGA2-greedy_ting-1P to SPEA2-greedy_ting-UX', 'Equivalence_Line_14: AGEMOEA2-greedy_ting-2P to AGEMOEA2-greedy_multi-UX', 'Equivalence_Line_15: SMSEMOA-greedy_ting-2P to RVEA-greedy_multi-UX', 'Equivalence_Line_16: SMSEMOA-greedy_ting-1P to AGEMOEA2-greedy_multi-1P', 'Equivalence_Line_17: NSGA3-greedy_ting-UX to RVEA-greedy_multi-2P', 'Equivalence_Line_18: UNSGA3-greedy_ting-HUX to UNSGA3-greedy_multi-1P', 'Equivalence_Line_19: SPEA2-greedy_ting-2P to NSGA3-greedy_multi-1P', 'Equivalence_Line_20: SPEA2-greedy_ting-HUX to SPEA2-greedy_multi-2P', 'Equivalence_Line_21: AGEMOEA2-greedy_multi-HUX to NSGA2-greedy_multi-2P', 'Equivalence_Line_22: AGEMOEA2-greedy_multi-2P to NSGA2-greedy_multi-1P']"
AGEMOEA2-greedy_ting-1P,50.991661383171014,"['Equivalence_Line_1: AGEMOEA2-random_dense-1P to SMSEMOA-random_dense-UX', 'Equivalence_Line_2: UNSGA3-random_dense-1P to NSGA2-greedy_ting-1P', 'Equivalence_Line_3: AGEMOEA2-random_dense-2P to NSGA2-greedy_ting-2P', 'Equivalence_Line_4: RVEA-random_dense-1P to AGEMOEA2-greedy_ting-2P', 'Equivalence_Line_5: RVEA-random_dense-2P to AGEMOEA2-greedy_ting-UX', 'Equivalence_Line_6: SPEA2-random_dense-1P to NSGA2-greedy_ting-UX', 'Equivalence_Line_7: NSGA2-random_dense-HUX to SMSEMOA-greedy_ting-UX', 'Equivalence_Line_8: RVEA-random_dense-HUX to UNSGA3-greedy_ting-2P', 'Equivalence_Line_9: NSGA2-random_dense-UX to NSGA3-greedy_ting-2P', 'Equivalence_Line_10: SMSEMOA-random_dense-2P to SMSEMOA-greedy_ting-HUX', 'Equivalence_Line_11: SPEA2-random_dense-HUX to SPEA2-greedy_ting-1P', 'Equivalence_Line_12: SMSEMOA-random_dense-HUX to UNSGA3-greedy_ting-UX', 'Equivalence_Line_13: NSGA2-greedy_ting-1P to SPEA2-greedy_ting-UX', 'Equivalence_Line_14: AGEMOEA2-greedy_ting-2P to AGEMOEA2-greedy_multi-UX', 'Equivalence_Line_15: SMSEMOA-greedy_ting-2P to RVEA-greedy_multi-UX', 'Equivalence_Line_16: SMSEMOA-greedy_ting-1P to AGEMOEA2-greedy_multi-1P', 'Equivalence_Line_17: NSGA3-greedy_ting-UX to RVEA-greedy_multi-2P', 'Equivalence_Line_18: UNSGA3-greedy_ting-HUX to UNSGA3-greedy_multi-1P', 'Equivalence_Line_19: SPEA2-greedy_ting-2P to NSGA3-greedy_multi-1P', 'Equivalence_Line_20: SPEA2-greedy_ting-HUX to SPEA2-greedy_multi-2P', 'Equivalence_Line_21: AGEMOEA2-greedy_multi-HUX to NSGA2-greedy_multi-2P', 'Equivalence_Line_22: AGEMOEA2-greedy_multi-2P to NSGA2-greedy_multi-1P']"
AGEMOEA2-greedy_ting-HUX,50.494265926249454,"['Equivalence_Line_1: AGEMOEA2-random_dense-1P to SMSEMOA-random_dense-UX', 'Equivalence_Line_2: UNSGA3-random_dense-1P to NSGA2-greedy_ting-1P', 'Equivalence_Line_3: AGEMOEA2-random_dense-2P to NSGA2-greedy_ting-2P', 'Equivalence_Line_4: RVEA-random_dense-1P to AGEMOEA2-greedy_ting-2P', 'Equivalence_Line_5: RVEA-random_dense-2P to AGEMOEA2-greedy_ting-UX', 'Equivalence_Line_6: SPEA2-random_dense-1P to NSGA2-greedy_ting-UX', 'Equivalence_Line_7: NSGA2-random_dense-HUX to SMSEMOA-greedy_ting-UX', 'Equivalence_Line_8: RVEA-random_dense-HUX to UNSGA3-greedy_ting-2P', 'Equivalence_Line_9: NSGA2-random_dense-UX to NSGA3-greedy_ting-2P', 'Equivalence_Line_10: SMSEMOA-random_dense-2P to SMSEMOA-greedy_ting-HUX', 'Equivalence_Line_11: SPEA2-random_dense-HUX to SPEA2-greedy_ting-1P', 'Equivalence_Line_12: SMSEMOA-random_dense-HUX to UNSGA3-greedy_ting-UX', 'Equivalence_Line_13: NSGA2-greedy_ting-1P to SPEA2-greedy_ting-UX', 'Equivalence_Line_14: AGEMOEA2-greedy_ting-2P to AGEMOEA2-greedy_multi-UX', 'Equivalence_Line_15: SMSEMOA-greedy_ting-2P to RVEA-greedy_multi-UX', 'Equivalence_Line_16: SMSEMOA-greedy_ting-1P to AGEMOEA2-greedy_multi-1P', 'Equivalence_Line_17: NSGA3-greedy_ting-UX to RVEA-greedy_multi-2P', 'Equivalence_Line_18: UNSGA3-greedy_ting-HUX to UNSGA3-greedy_multi-1P', 'Equivalence_Line_19: SPEA2-greedy_ting-2P to NSGA3-greedy_multi-1P', 'Equivalence_Line_20: SPEA2-greedy_ting-HUX to SPEA2-greedy_multi-2P', 'Equivalence_Line_21: AGEMOEA2-greedy_multi-HUX to NSGA2-greedy_multi-2P', 'Equivalence_Line_22: AGEMOEA2-greedy_multi-2P to NSGA2-greedy_multi-1P']"
SMSEMOA-greedy_ting-2P,50.17003063527671,"['Equivalence_Line_1: AGEMOEA2-random_dense-1P to SMSEMOA-random_dense-UX', 'Equivalence_Line_2: UNSGA3-random_dense-1P to NSGA2-greedy_ting-1P', 'Equivalence_Line_3: AGEMOEA2-random_dense-2P to NSGA2-greedy_ting-2P', 'Equivalence_Line_4: RVEA-random_dense-1P to AGEMOEA2-greedy_ting-2P', 'Equivalence_Line_5: RVEA-random_dense-2P to AGEMOEA2-greedy_ting-UX', 'Equivalence_Line_6: SPEA2-random_dense-1P to NSGA2-greedy_ting-UX', 'Equivalence_Line_7: NSGA2-random_dense-HUX to SMSEMOA-greedy_ting-UX', 'Equivalence_Line_8: RVEA-random_dense-HUX to UNSGA3-greedy_ting-2P', 'Equivalence_Line_9: NSGA2-random_dense-UX to NSGA3-greedy_ting-2P', 'Equivalence_Line_10: SMSEMOA-random_dense-2P to SMSEMOA-greedy_ting-HUX', 'Equivalence_Line_11: SPEA2-random_dense-HUX to SPEA2-greedy_ting-1P', 'Equivalence_Line_12: SMSEMOA-random_dense-HUX to UNSGA3-greedy_ting-UX', 'Equivalence_Line_13: NSGA2-greedy_ting-1P to SPEA2-greedy_ting-UX', 'Equivalence_Line_14: AGEMOEA2-greedy_ting-2P to AGEMOEA2-greedy_multi-UX', 'Equivalence_Line_15: SMSEMOA-greedy_ting-2P to RVEA-greedy_multi-UX', 'Equivalence_Line_16: SMSEMOA-greedy_ting-1P to AGEMOEA2-greedy_multi-1P', 'Equivalence_Line_17: NSGA3-greedy_ting-UX to RVEA-greedy_multi-2P', 'Equivalence_Line_18: UNSGA3-greedy_ting-HUX to UNSGA3-greedy_multi-1P', 'Equivalence_Line_19: SPEA2-greedy_ting-2P to NSGA3-greedy_multi-1P', 'Equivalence_Line_20: SPEA2-greedy_ting-HUX to SPEA2-greedy_multi-2P', 'Equivalence_Line_21: AGEMOEA2-greedy_multi-HUX to NSGA2-greedy_multi-2P', 'Equivalence_Line_22: AGEMOEA2-greedy_multi-2P to NSGA2-greedy_multi-1P']"
AGEMOEA2-greedy_ting-UX,49.39678927226971,"['Equivalence_Line_1: AGEMOEA2-random_dense-1P to SMSEMOA-random_dense-UX', 'Equivalence_Line_2: UNSGA3-random_dense-1P to NSGA2-greedy_ting-1P', 'Equivalence_Line_3: AGEMOEA2-random_dense-2P to NSGA2-greedy_ting-2P', 'Equivalence_Line_4: RVEA-random_dense-1P to AGEMOEA2-greedy_ting-2P', 'Equivalence_Line_5: RVEA-random_dense-2P to AGEMOEA2-greedy_ting-UX', 'Equivalence_Line_6: SPEA2-random_dense-1P to NSGA2-greedy_ting-UX', 'Equivalence_Line_7: NSGA2-random_dense-HUX to SMSEMOA-greedy_ting-UX', 'Equivalence_Line_8: RVEA-random_dense-HUX to UNSGA3-greedy_ting-2P', 'Equivalence_Line_9: NSGA2-random_dense-UX to NSGA3-greedy_ting-2P', 'Equivalence_Line_10: SMSEMOA-random_dense-2P to SMSEMOA-greedy_ting-HUX', 'Equivalence_Line_11: SPEA2-random_dense-HUX to SPEA2-greedy_ting-1P', 'Equivalence_Line_12: SMSEMOA-random_dense-HUX to UNSGA3-greedy_ting-UX', 'Equivalence_Line_13: NSGA2-greedy_ting-1P to SPEA2-greedy_ting-UX', 'Equivalence_Line_14: AGEMOEA2-greedy_ting-2P to AGEMOEA2-greedy_multi-UX', 'Equivalence_Line_15: SMSEMOA-greedy_ting-2P to RVEA-greedy_multi-UX', 'Equivalence_Line_16: SMSEMOA-greedy_ting-1P to AGEMOEA2-greedy_multi-1P', 'Equivalence_Line_17: NSGA3-greedy_ting-UX to RVEA-greedy_multi-2P', 'Equivalence_Line_18: UNSGA3-greedy_ting-HUX to UNSGA3-greedy_multi-1P', 'Equivalence_Line_19: SPEA2-greedy_ting-2P to NSGA3-greedy_multi-1P', 'Equivalence_Line_20: SPEA2-greedy_ting-HUX to SPEA2-greedy_multi-2P', 'Equivalence_Line_21: AGEMOEA2-greedy_multi-HUX to NSGA2-greedy_multi-2P', 'Equivalence_Line_22: AGEMOEA2-greedy_multi-2P to NSGA2-greedy_multi-1P']"
RVEA-greedy_ting-1P,47.17633267500853,"['Equivalence_Line_1: AGEMOEA2-random_dense-1P to SMSEMOA-random_dense-UX', 'Equivalence_Line_2: UNSGA3-random_dense-1P to NSGA2-greedy_ting-1P', 'Equivalence_Line_3: AGEMOEA2-random_dense-2P to NSGA2-greedy_ting-2P', 'Equivalence_Line_4: RVEA-random_dense-1P to AGEMOEA2-greedy_ting-2P', 'Equivalence_Line_5: RVEA-random_dense-2P to AGEMOEA2-greedy_ting-UX', 'Equivalence_Line_6: SPEA2-random_dense-1P to NSGA2-greedy_ting-UX', 'Equivalence_Line_7: NSGA2-random_dense-HUX to SMSEMOA-greedy_ting-UX', 'Equivalence_Line_8: RVEA-random_dense-HUX to UNSGA3-greedy_ting-2P', 'Equivalence_Line_9: NSGA2-random_dense-UX to NSGA3-greedy_ting-2P', 'Equivalence_Line_10: SMSEMOA-random_dense-2P to SMSEMOA-greedy_ting-HUX', 'Equivalence_Line_11: SPEA2-random_dense-HUX to SPEA2-greedy_ting-1P', 'Equivalence_Line_12: SMSEMOA-random_dense-HUX to UNSGA3-greedy_ting-UX', 'Equivalence_Line_13: NSGA2-greedy_ting-1P to SPEA2-greedy_ting-UX', 'Equivalence_Line_14: AGEMOEA2-greedy_ting-2P to AGEMOEA2-greedy_multi-UX', 'Equivalence_Line_15: SMSEMOA-greedy_ting-2P to RVEA-greedy_multi-UX', 'Equivalence_Line_16: SMSEMOA-greedy_ting-1P to AGEMOEA2-greedy_multi-1P', 'Equivalence_Line_17: NSGA3-greedy_ting-UX to RVEA-greedy_multi-2P', 'Equivalence_Line_18: UNSGA3-greedy_ting-HUX to UNSGA3-greedy_multi-1P', 'Equivalence_Line_19: SPEA2-greedy_ting-2P to NSGA3-greedy_multi-1P', 'Equivalence_Line_20: SPEA2-greedy_ting-HUX to SPEA2-greedy_multi-2P', 'Equivalence_Line_21: AGEMOEA2-greedy_multi-HUX to NSGA2-greedy_multi-2P', 'Equivalence_Line_22: AGEMOEA2-greedy_multi-2P to NSGA2-greedy_multi-1P']"
NSGA2-greedy_ting-HUX,46.61422183398848,"['Equivalence_Line_1: AGEMOEA2-random_dense-1P to SMSEMOA-random_dense-UX', 'Equivalence_Line_2: UNSGA3-random_dense-1P to NSGA2-greedy_ting-1P', 'Equivalence_Line_3: AGEMOEA2-random_dense-2P to NSGA2-greedy_ting-2P', 'Equivalence_Line_4: RVEA-random_dense-1P to AGEMOEA2-greedy_ting-2P', 'Equivalence_Line_5: RVEA-random_dense-2P to AGEMOEA2-greedy_ting-UX', 'Equivalence_Line_6: SPEA2-random_dense-1P to NSGA2-greedy_ting-UX', 'Equivalence_Line_7: NSGA2-random_dense-HUX to SMSEMOA-greedy_ting-UX', 'Equivalence_Line_8: RVEA-random_dense-HUX to UNSGA3-greedy_ting-2P', 'Equivalence_Line_9: NSGA2-random_dense-UX to NSGA3-greedy_ting-2P', 'Equivalence_Line_10: SMSEMOA-random_dense-2P to SMSEMOA-greedy_ting-HUX', 'Equivalence_Line_11: SPEA2-random_dense-HUX to SPEA2-greedy_ting-1P', 'Equivalence_Line_12: SMSEMOA-random_dense-HUX to UNSGA3-greedy_ting-UX', 'Equivalence_Line_13: NSGA2-greedy_ting-1P to SPEA2-greedy_ting-UX', 'Equivalence_Line_14: AGEMOEA2-greedy_ting-2P to AGEMOEA2-greedy_multi-UX', 'Equivalence_Line_15: SMSEMOA-greedy_ting-2P to RVEA-greedy_multi-UX', 'Equivalence_Line_16: SMSEMOA-greedy_ting-1P to AGEMOEA2-greedy_multi-1P', 'Equivalence_Line_17: NSGA3-greedy_ting-UX to RVEA-greedy_multi-2P', 'Equivalence_Line_18: UNSGA3-greedy_ting-HUX to UNSGA3-greedy_multi-1P', 'Equivalence_Line_19: SPEA2-greedy_ting-2P to NSGA3-greedy_multi-1P', 'Equivalence_Line_20: SPEA2-greedy_ting-HUX to SPEA2-greedy_multi-2P', 'Equivalence_Line_21: AGEMOEA2-greedy_multi-HUX to NSGA2-greedy_multi-2P', 'Equivalence_Line_22: AGEMOEA2-greedy_multi-2P to NSGA2-greedy_multi-1P']"
NSGA2-greedy_ting-UX,46.430558198664755,"['Equivalence_Line_1: AGEMOEA2-random_dense-1P to SMSEMOA-random_dense-UX', 'Equivalence_Line_2: UNSGA3-random_dense-1P to NSGA2-greedy_ting-1P', 'Equivalence_Line_3: AGEMOEA2-random_dense-2P to NSGA2-greedy_ting-2P', 'Equivalence_Line_4: RVEA-random_dense-1P to AGEMOEA2-greedy_ting-2P', 'Equivalence_Line_5: RVEA-random_dense-2P to AGEMOEA2-greedy_ting-UX', 'Equivalence_Line_6: SPEA2-random_dense-1P to NSGA2-greedy_ting-UX', 'Equivalence_Line_7: NSGA2-random_dense-HUX to SMSEMOA-greedy_ting-UX', 'Equivalence_Line_8: RVEA-random_dense-HUX to UNSGA3-greedy_ting-2P', 'Equivalence_Line_9: NSGA2-random_dense-UX to NSGA3-greedy_ting-2P', 'Equivalence_Line_10: SMSEMOA-random_dense-2P to SMSEMOA-greedy_ting-HUX', 'Equivalence_Line_11: SPEA2-random_dense-HUX to SPEA2-greedy_ting-1P', 'Equivalence_Line_12: SMSEMOA-random_dense-HUX to UNSGA3-greedy_ting-UX', 'Equivalence_Line_13: NSGA2-greedy_ting-1P to SPEA2-greedy_ting-UX', 'Equivalence_Line_14: AGEMOEA2-greedy_ting-2P to AGEMOEA2-greedy_multi-UX', 'Equivalence_Line_15: SMSEMOA-greedy_ting-2P to RVEA-greedy_multi-UX', 'Equivalence_Line_16: SMSEMOA-greedy_ting-1P to AGEMOEA2-greedy_multi-1P', 'Equivalence_Line_17: NSGA3-greedy_ting-UX to RVEA-greedy_multi-2P', 'Equivalence_Line_18: UNSGA3-greedy_ting-HUX to UNSGA3-greedy_multi-1P', 'Equivalence_Line_19: SPEA2-greedy_ting-2P to NSGA3-greedy_multi-1P', 'Equivalence_Line_20: SPEA2-greedy_ting-HUX to SPEA2-greedy_multi-2P', 'Equivalence_Line_21: AGEMOEA2-greedy_multi-HUX to NSGA2-greedy_multi-2P', 'Equivalence_Line_22: AGEMOEA2-greedy_multi-2P to NSGA2-greedy_multi-1P']"
SMSEMOA-greedy_ting-1P,45.84817381511955,"['Equivalence_Line_1: AGEMOEA2-random_dense-1P to SMSEMOA-random_dense-UX', 'Equivalence_Line_2: UNSGA3-random_dense-1P to NSGA2-greedy_ting-1P', 'Equivalence_Line_3: AGEMOEA2-random_dense-2P to NSGA2-greedy_ting-2P', 'Equivalence_Line_4: RVEA-random_dense-1P to AGEMOEA2-greedy_ting-2P', 'Equivalence_Line_5: RVEA-random_dense-2P to AGEMOEA2-greedy_ting-UX', 'Equivalence_Line_6: SPEA2-random_dense-1P to NSGA2-greedy_ting-UX', 'Equivalence_Line_7: NSGA2-random_dense-HUX to SMSEMOA-greedy_ting-UX', 'Equivalence_Line_8: RVEA-random_dense-HUX to UNSGA3-greedy_ting-2P', 'Equivalence_Line_9: NSGA2-random_dense-UX to NSGA3-greedy_ting-2P', 'Equivalence_Line_10: SMSEMOA-random_dense-2P to SMSEMOA-greedy_ting-HUX', 'Equivalence_Line_11: SPEA2-random_dense-HUX to SPEA2-greedy_ting-1P', 'Equivalence_Line_12: SMSEMOA-random_dense-HUX to UNSGA3-greedy_ting-UX', 'Equivalence_Line_13: NSGA2-greedy_ting-1P to SPEA2-greedy_ting-UX', 'Equivalence_Line_14: AGEMOEA2-greedy_ting-2P to AGEMOEA2-greedy_multi-UX', 'Equivalence_Line_15: SMSEMOA-greedy_ting-2P to RVEA-greedy_multi-UX', 'Equivalence_Line_16: SMSEMOA-greedy_ting-1P to AGEMOEA2-greedy_multi-1P', 'Equivalence_Line_17: NSGA3-greedy_ting-UX to RVEA-greedy_multi-2P', 'Equivalence_Line_18: UNSGA3-greedy_ting-HUX to UNSGA3-greedy_multi-1P', 'Equivalence_Line_19: SPEA2-greedy_ting-2P to NSGA3-greedy_multi-1P', 'Equivalence_Line_20: SPEA2-greedy_ting-HUX to SPEA2-greedy_multi-2P', 'Equivalence_Line_21: AGEMOEA2-greedy_multi-HUX to NSGA2-greedy_multi-2P', 'Equivalence_Line_22: AGEMOEA2-greedy_multi-2P to NSGA2-greedy_multi-1P']"
RVEA-greedy_ting-HUX,42.90872806464499,"['Equivalence_Line_1: AGEMOEA2-random_dense-1P to SMSEMOA-random_dense-UX', 'Equivalence_Line_2: UNSGA3-random_dense-1P to NSGA2-greedy_ting-1P', 'Equivalence_Line_3: AGEMOEA2-random_dense-2P to NSGA2-greedy_ting-2P', 'Equivalence_Line_4: RVEA-random_dense-1P to AGEMOEA2-greedy_ting-2P', 'Equivalence_Line_5: RVEA-random_dense-2P to AGEMOEA2-greedy_ting-UX', 'Equivalence_Line_6: SPEA2-random_dense-1P to NSGA2-greedy_ting-UX', 'Equivalence_Line_7: NSGA2-random_dense-HUX to SMSEMOA-greedy_ting-UX', 'Equivalence_Line_8: RVEA-random_dense-HUX to UNSGA3-greedy_ting-2P', 'Equivalence_Line_9: NSGA2-random_dense-UX to NSGA3-greedy_ting-2P', 'Equivalence_Line_10: SMSEMOA-random_dense-2P to SMSEMOA-greedy_ting-HUX', 'Equivalence_Line_11: SPEA2-random_dense-HUX to SPEA2-greedy_ting-1P', 'Equivalence_Line_12: SMSEMOA-random_dense-HUX to UNSGA3-greedy_ting-UX', 'Equivalence_Line_13: NSGA2-greedy_ting-1P to SPEA2-greedy_ting-UX', 'Equivalence_Line_14: AGEMOEA2-greedy_ting-2P to AGEMOEA2-greedy_multi-UX', 'Equivalence_Line_15: SMSEMOA-greedy_ting-2P to RVEA-greedy_multi-UX', 'Equivalence_Line_16: SMSEMOA-greedy_ting-1P to AGEMOEA2-greedy_multi-1P', 'Equivalence_Line_17: NSGA3-greedy_ting-UX to RVEA-greedy_multi-2P', 'Equivalence_Line_18: UNSGA3-greedy_ting-HUX to UNSGA3-greedy_multi-1P', 'Equivalence_Line_19: SPEA2-greedy_ting-2P to NSGA3-greedy_multi-1P', 'Equivalence_Line_20: SPEA2-greedy_ting-HUX to SPEA2-greedy_multi-2P', 'Equivalence_Line_21: AGEMOEA2-greedy_multi-HUX to NSGA2-greedy_multi-2P', 'Equivalence_Line_22: AGEMOEA2-greedy_multi-2P to NSGA2-greedy_multi-1P']"
RVEA-greedy_ting-UX,42.49768498226185,"['Equivalence_Line_1: AGEMOEA2-random_dense-1P to SMSEMOA-random_dense-UX', 'Equivalence_Line_2: UNSGA3-random_dense-1P to NSGA2-greedy_ting-1P', 'Equivalence_Line_3: AGEMOEA2-random_dense-2P to NSGA2-greedy_ting-2P', 'Equivalence_Line_4: RVEA-random_dense-1P to AGEMOEA2-greedy_ting-2P', 'Equivalence_Line_5: RVEA-random_dense-2P to AGEMOEA2-greedy_ting-UX', 'Equivalence_Line_6: SPEA2-random_dense-1P to NSGA2-greedy_ting-UX', 'Equivalence_Line_7: NSGA2-random_dense-HUX to SMSEMOA-greedy_ting-UX', 'Equivalence_Line_8: RVEA-random_dense-HUX to UNSGA3-greedy_ting-2P', 'Equivalence_Line_9: NSGA2-random_dense-UX to NSGA3-greedy_ting-2P', 'Equivalence_Line_10: SMSEMOA-random_dense-2P to SMSEMOA-greedy_ting-HUX', 'Equivalence_Line_11: SPEA2-random_dense-HUX to SPEA2-greedy_ting-1P', 'Equivalence_Line_12: SMSEMOA-random_dense-HUX to UNSGA3-greedy_ting-UX', 'Equivalence_Line_13: NSGA2-greedy_ting-1P to SPEA2-greedy_ting-UX', 'Equivalence_Line_14: AGEMOEA2-greedy_ting-2P to AGEMOEA2-greedy_multi-UX', 'Equivalence_Line_15: SMSEMOA-greedy_ting-2P to RVEA-greedy_multi-UX', 'Equivalence_Line_16: SMSEMOA-greedy_ting-1P to AGEMOEA2-greedy_multi-1P', 'Equivalence_Line_17: NSGA3-greedy_ting-UX to RVEA-greedy_multi-2P', 'Equivalence_Line_18: UNSGA3-greedy_ting-HUX to UNSGA3-greedy_multi-1P', 'Equivalence_Line_19: SPEA2-greedy_ting-2P to NSGA3-greedy_multi-1P', 'Equivalence_Line_20: SPEA2-greedy_ting-HUX to SPEA2-greedy_multi-2P', 'Equivalence_Line_21: AGEMOEA2-greedy_multi-HUX to NSGA2-greedy_multi-2P', 'Equivalence_Line_22: AGEMOEA2-greedy_multi-2P to NSGA2-greedy_multi-1P']"
RVEA-greedy_ting-2P,42.25911040222293,"['Equivalence_Line_1: AGEMOEA2-random_dense-1P to SMSEMOA-random_dense-UX', 'Equivalence_Line_2: UNSGA3-random_dense-1P to NSGA2-greedy_ting-1P', 'Equivalence_Line_3: AGEMOEA2-random_dense-2P to NSGA2-greedy_ting-2P', 'Equivalence_Line_4: RVEA-random_dense-1P to AGEMOEA2-greedy_ting-2P', 'Equivalence_Line_5: RVEA-random_dense-2P to AGEMOEA2-greedy_ting-UX', 'Equivalence_Line_6: SPEA2-random_dense-1P to NSGA2-greedy_ting-UX', 'Equivalence_Line_7: NSGA2-random_dense-HUX to SMSEMOA-greedy_ting-UX', 'Equivalence_Line_8: RVEA-random_dense-HUX to UNSGA3-greedy_ting-2P', 'Equivalence_Line_9: NSGA2-random_dense-UX to NSGA3-greedy_ting-2P', 'Equivalence_Line_10: SMSEMOA-random_dense-2P to SMSEMOA-greedy_ting-HUX', 'Equivalence_Line_11: SPEA2-random_dense-HUX to SPEA2-greedy_ting-1P', 'Equivalence_Line_12: SMSEMOA-random_dense-HUX to UNSGA3-greedy_ting-UX', 'Equivalence_Line_13: NSGA2-greedy_ting-1P to SPEA2-greedy_ting-UX', 'Equivalence_Line_14: AGEMOEA2-greedy_ting-2P to AGEMOEA2-greedy_multi-UX', 'Equivalence_Line_15: SMSEMOA-greedy_ting-2P to RVEA-greedy_multi-UX', 'Equivalence_Line_16: SMSEMOA-greedy_ting-1P to AGEMOEA2-greedy_multi-1P', 'Equivalence_Line_17: NSGA3-greedy_ting-UX to RVEA-greedy_multi-2P', 'Equivalence_Line_18: UNSGA3-greedy_ting-HUX to UNSGA3-greedy_multi-1P', 'Equivalence_Line_19: SPEA2-greedy_ting-2P to NSGA3-greedy_multi-1P', 'Equivalence_Line_20: SPEA2-greedy_ting-HUX to SPEA2-greedy_multi-2P', 'Equivalence_Line_21: AGEMOEA2-greedy_multi-HUX to NSGA2-greedy_multi-2P', 'Equivalence_Line_22: AGEMOEA2-greedy_multi-2P to NSGA2-greedy_multi-1P']"
UNSGA3-greedy_ting-1P,42.072027232056435,"['Equivalence_Line_1: AGEMOEA2-random_dense-1P to SMSEMOA-random_dense-UX', 'Equivalence_Line_2: UNSGA3-random_dense-1P to NSGA2-greedy_ting-1P', 'Equivalence_Line_3: AGEMOEA2-random_dense-2P to NSGA2-greedy_ting-2P', 'Equivalence_Line_4: RVEA-random_dense-1P to AGEMOEA2-greedy_ting-2P', 'Equivalence_Line_5: RVEA-random_dense-2P to AGEMOEA2-greedy_ting-UX', 'Equivalence_Line_6: SPEA2-random_dense-1P to NSGA2-greedy_ting-UX', 'Equivalence_Line_7: NSGA2-random_dense-HUX to SMSEMOA-greedy_ting-UX', 'Equivalence_Line_8: RVEA-random_dense-HUX to UNSGA3-greedy_ting-2P', 'Equivalence_Line_9: NSGA2-random_dense-UX to NSGA3-greedy_ting-2P', 'Equivalence_Line_10: SMSEMOA-random_dense-2P to SMSEMOA-greedy_ting-HUX', 'Equivalence_Line_11: SPEA2-random_dense-HUX to SPEA2-greedy_ting-1P', 'Equivalence_Line_12: SMSEMOA-random_dense-HUX to UNSGA3-greedy_ting-UX', 'Equivalence_Line_13: NSGA2-greedy_ting-1P to SPEA2-greedy_ting-UX', 'Equivalence_Line_14: AGEMOEA2-greedy_ting-2P to AGEMOEA2-greedy_multi-UX', 'Equivalence_Line_15: SMSEMOA-greedy_ting-2P to RVEA-greedy_multi-UX', 'Equivalence_Line_16: SMSEMOA-greedy_ting-1P to AGEMOEA2-greedy_multi-1P', 'Equivalence_Line_17: NSGA3-greedy_ting-UX to RVEA-greedy_multi-2P', 'Equivalence_Line_18: UNSGA3-greedy_ting-HUX to UNSGA3-greedy_multi-1P', 'Equivalence_Line_19: SPEA2-greedy_ting-2P to NSGA3-greedy_multi-1P', 'Equivalence_Line_20: SPEA2-greedy_ting-HUX to SPEA2-greedy_multi-2P', 'Equivalence_Line_21: AGEMOEA2-greedy_multi-HUX to NSGA2-greedy_multi-2P', 'Equivalence_Line_22: AGEMOEA2-greedy_multi-2P to NSGA2-greedy_multi-1P']"
SMSEMOA-greedy_ting-UX,41.93990401613944,"['Equivalence_Line_1: AGEMOEA2-random_dense-1P to SMSEMOA-random_dense-UX', 'Equivalence_Line_2: UNSGA3-random_dense-1P to NSGA2-greedy_ting-1P', 'Equivalence_Line_3: AGEMOEA2-random_dense-2P to NSGA2-greedy_ting-2P', 'Equivalence_Line_4: RVEA-random_dense-1P to AGEMOEA2-greedy_ting-2P', 'Equivalence_Line_5: RVEA-random_dense-2P to AGEMOEA2-greedy_ting-UX', 'Equivalence_Line_6: SPEA2-random_dense-1P to NSGA2-greedy_ting-UX', 'Equivalence_Line_7: NSGA2-random_dense-HUX to SMSEMOA-greedy_ting-UX', 'Equivalence_Line_8: RVEA-random_dense-HUX to UNSGA3-greedy_ting-2P', 'Equivalence_Line_9: NSGA2-random_dense-UX to NSGA3-greedy_ting-2P', 'Equivalence_Line_10: SMSEMOA-random_dense-2P to SMSEMOA-greedy_ting-HUX', 'Equivalence_Line_11: SPEA2-random_dense-HUX to SPEA2-greedy_ting-1P', 'Equivalence_Line_12: SMSEMOA-random_dense-HUX to UNSGA3-greedy_ting-UX', 'Equivalence_Line_13: NSGA2-greedy_ting-1P to SPEA2-greedy_ting-UX', 'Equivalence_Line_14: AGEMOEA2-greedy_ting-2P to AGEMOEA2-greedy_multi-UX', 'Equivalence_Line_15: SMSEMOA-greedy_ting-2P to RVEA-greedy_multi-UX', 'Equivalence_Line_16: SMSEMOA-greedy_ting-1P to AGEMOEA2-greedy_multi-1P', 'Equivalence_Line_17: NSGA3-greedy_ting-UX to RVEA-greedy_multi-2P', 'Equivalence_Line_18: UNSGA3-greedy_ting-HUX to UNSGA3-greedy_multi-1P', 'Equivalence_Line_19: SPEA2-greedy_ting-2P to NSGA3-greedy_multi-1P', 'Equivalence_Line_20: SPEA2-greedy_ting-HUX to SPEA2-greedy_multi-2P', 'Equivalence_Line_21: AGEMOEA2-greedy_multi-HUX to NSGA2-greedy_multi-2P', 'Equivalence_Line_22: AGEMOEA2-greedy_multi-2P to NSGA2-greedy_multi-1P']"
NSGA3-greedy_ting-1P,41.409480180711135,"['Equivalence_Line_1: AGEMOEA2-random_dense-1P to SMSEMOA-random_dense-UX', 'Equivalence_Line_2: UNSGA3-random_dense-1P to NSGA2-greedy_ting-1P', 'Equivalence_Line_3: AGEMOEA2-random_dense-2P to NSGA2-greedy_ting-2P', 'Equivalence_Line_4: RVEA-random_dense-1P to AGEMOEA2-greedy_ting-2P', 'Equivalence_Line_5: RVEA-random_dense-2P to AGEMOEA2-greedy_ting-UX', 'Equivalence_Line_6: SPEA2-random_dense-1P to NSGA2-greedy_ting-UX', 'Equivalence_Line_7: NSGA2-random_dense-HUX to SMSEMOA-greedy_ting-UX', 'Equivalence_Line_8: RVEA-random_dense-HUX to UNSGA3-greedy_ting-2P', 'Equivalence_Line_9: NSGA2-random_dense-UX to NSGA3-greedy_ting-2P', 'Equivalence_Line_10: SMSEMOA-random_dense-2P to SMSEMOA-greedy_ting-HUX', 'Equivalence_Line_11: SPEA2-random_dense-HUX to SPEA2-greedy_ting-1P', 'Equivalence_Line_12: SMSEMOA-random_dense-HUX to UNSGA3-greedy_ting-UX', 'Equivalence_Line_13: NSGA2-greedy_ting-1P to SPEA2-greedy_ting-UX', 'Equivalence_Line_14: AGEMOEA2-greedy_ting-2P to AGEMOEA2-greedy_multi-UX', 'Equivalence_Line_15: SMSEMOA-greedy_ting-2P to RVEA-greedy_multi-UX', 'Equivalence_Line_16: SMSEMOA-greedy_ting-1P to AGEMOEA2-greedy_multi-1P', 'Equivalence_Line_17: NSGA3-greedy_ting-UX to RVEA-greedy_multi-2P', 'Equivalence_Line_18: UNSGA3-greedy_ting-HUX to UNSGA3-greedy_multi-1P', 'Equivalence_Line_19: SPEA2-greedy_ting-2P to NSGA3-greedy_multi-1P', 'Equivalence_Line_20: SPEA2-greedy_ting-HUX to SPEA2-greedy_multi-2P', 'Equivalence_Line_21: AGEMOEA2-greedy_multi-HUX to NSGA2-greedy_multi-2P', 'Equivalence_Line_22: AGEMOEA2-greedy_multi-2P to NSGA2-greedy_multi-1P']"
UNSGA3-greedy_ting-2P,41.28815153303017,"['Equivalence_Line_1: AGEMOEA2-random_dense-1P to SMSEMOA-random_dense-UX', 'Equivalence_Line_2: UNSGA3-random_dense-1P to NSGA2-greedy_ting-1P', 'Equivalence_Line_3: AGEMOEA2-random_dense-2P to NSGA2-greedy_ting-2P', 'Equivalence_Line_4: RVEA-random_dense-1P to AGEMOEA2-greedy_ting-2P', 'Equivalence_Line_5: RVEA-random_dense-2P to AGEMOEA2-greedy_ting-UX', 'Equivalence_Line_6: SPEA2-random_dense-1P to NSGA2-greedy_ting-UX', 'Equivalence_Line_7: NSGA2-random_dense-HUX to SMSEMOA-greedy_ting-UX', 'Equivalence_Line_8: RVEA-random_dense-HUX to UNSGA3-greedy_ting-2P', 'Equivalence_Line_9: NSGA2-random_dense-UX to NSGA3-greedy_ting-2P', 'Equivalence_Line_10: SMSEMOA-random_dense-2P to SMSEMOA-greedy_ting-HUX', 'Equivalence_Line_11: SPEA2-random_dense-HUX to SPEA2-greedy_ting-1P', 'Equivalence_Line_12: SMSEMOA-random_dense-HUX to UNSGA3-greedy_ting-UX', 'Equivalence_Line_13: NSGA2-greedy_ting-1P to SPEA2-greedy_ting-UX', 'Equivalence_Line_14: AGEMOEA2-greedy_ting-2P to AGEMOEA2-greedy_multi-UX', 'Equivalence_Line_15: SMSEMOA-greedy_ting-2P to RVEA-greedy_multi-UX', 'Equivalence_Line_16: SMSEMOA-greedy_ting-1P to AGEMOEA2-greedy_multi-1P', 'Equivalence_Line_17: NSGA3-greedy_ting-UX to RVEA-greedy_multi-2P', 'Equivalence_Line_18: UNSGA3-greedy_ting-HUX to UNSGA3-greedy_multi-1P', 'Equivalence_Line_19: SPEA2-greedy_ting-2P to NSGA3-greedy_multi-1P', 'Equivalence_Line_20: SPEA2-greedy_ting-HUX to SPEA2-greedy_multi-2P', 'Equivalence_Line_21: AGEMOEA2-greedy_multi-HUX to NSGA2-greedy_multi-2P', 'Equivalence_Line_22: AGEMOEA2-greedy_multi-2P to NSGA2-greedy_multi-1P']"
NSGA3-greedy_ting-2P,41.043034299277636,"['Equivalence_Line_1: AGEMOEA2-random_dense-1P to SMSEMOA-random_dense-UX', 'Equivalence_Line_2: UNSGA3-random_dense-1P to NSGA2-greedy_ting-1P', 'Equivalence_Line_3: AGEMOEA2-random_dense-2P to NSGA2-greedy_ting-2P', 'Equivalence_Line_4: RVEA-random_dense-1P to AGEMOEA2-greedy_ting-2P', 'Equivalence_Line_5: RVEA-random_dense-2P to AGEMOEA2-greedy_ting-UX', 'Equivalence_Line_6: SPEA2-random_dense-1P to NSGA2-greedy_ting-UX', 'Equivalence_Line_7: NSGA2-random_dense-HUX to SMSEMOA-greedy_ting-UX', 'Equivalence_Line_8: RVEA-random_dense-HUX to UNSGA3-greedy_ting-2P', 'Equivalence_Line_9: NSGA2-random_dense-UX to NSGA3-greedy_ting-2P', 'Equivalence_Line_10: SMSEMOA-random_dense-2P to SMSEMOA-greedy_ting-HUX', 'Equivalence_Line_11: SPEA2-random_dense-HUX to SPEA2-greedy_ting-1P', 'Equivalence_Line_12: SMSEMOA-random_dense-HUX to UNSGA3-greedy_ting-UX', 'Equivalence_Line_13: NSGA2-greedy_ting-1P to SPEA2-greedy_ting-UX', 'Equivalence_Line_14: AGEMOEA2-greedy_ting-2P to AGEMOEA2-greedy_multi-UX', 'Equivalence_Line_15: SMSEMOA-greedy_ting-2P to RVEA-greedy_multi-UX', 'Equivalence_Line_16: SMSEMOA-greedy_ting-1P to AGEMOEA2-greedy_multi-1P', 'Equivalence_Line_17: NSGA3-greedy_ting-UX to RVEA-greedy_multi-2P', 'Equivalence_Line_18: UNSGA3-greedy_ting-HUX to UNSGA3-greedy_multi-1P', 'Equivalence_Line_19: SPEA2-greedy_ting-2P to NSGA3-greedy_multi-1P', 'Equivalence_Line_20: SPEA2-greedy_ting-HUX to SPEA2-greedy_multi-2P', 'Equivalence_Line_21: AGEMOEA2-greedy_multi-HUX to NSGA2-greedy_multi-2P', 'Equivalence_Line_22: AGEMOEA2-greedy_multi-2P to NSGA2-greedy_multi-1P']"
SMSEMOA-greedy_ting-HUX,41.0242961096899,"['Equivalence_Line_1: AGEMOEA2-random_dense-1P to SMSEMOA-random_dense-UX', 'Equivalence_Line_2: UNSGA3-random_dense-1P to NSGA2-greedy_ting-1P', 'Equivalence_Line_3: AGEMOEA2-random_dense-2P to NSGA2-greedy_ting-2P', 'Equivalence_Line_4: RVEA-random_dense-1P to AGEMOEA2-greedy_ting-2P', 'Equivalence_Line_5: RVEA-random_dense-2P to AGEMOEA2-greedy_ting-UX', 'Equivalence_Line_6: SPEA2-random_dense-1P to NSGA2-greedy_ting-UX', 'Equivalence_Line_7: NSGA2-random_dense-HUX to SMSEMOA-greedy_ting-UX', 'Equivalence_Line_8: RVEA-random_dense-HUX to UNSGA3-greedy_ting-2P', 'Equivalence_Line_9: NSGA2-random_dense-UX to NSGA3-greedy_ting-2P', 'Equivalence_Line_10: SMSEMOA-random_dense-2P to SMSEMOA-greedy_ting-HUX', 'Equivalence_Line_11: SPEA2-random_dense-HUX to SPEA2-greedy_ting-1P', 'Equivalence_Line_12: SMSEMOA-random_dense-HUX to UNSGA3-greedy_ting-UX', 'Equivalence_Line_13: NSGA2-greedy_ting-1P to SPEA2-greedy_ting-UX', 'Equivalence_Line_14: AGEMOEA2-greedy_ting-2P to AGEMOEA2-greedy_multi-UX', 'Equivalence_Line_15: SMSEMOA-greedy_ting-2P to RVEA-greedy_multi-UX', 'Equivalence_Line_16: SMSEMOA-greedy_ting-1P to AGEMOEA2-greedy_multi-1P', 'Equivalence_Line_17: NSGA3-greedy_ting-UX to RVEA-greedy_multi-2P', 'Equivalence_Line_18: UNSGA3-greedy_ting-HUX to UNSGA3-greedy_multi-1P', 'Equivalence_Line_19: SPEA2-greedy_ting-2P to NSGA3-greedy_multi-1P', 'Equivalence_Line_20: SPEA2-greedy_ting-HUX to SPEA2-greedy_multi-2P', 'Equivalence_Line_21: AGEMOEA2-greedy_multi-HUX to NSGA2-greedy_multi-2P', 'Equivalence_Line_22: AGEMOEA2-greedy_multi-2P to NSGA2-greedy_multi-1P']"
NSGA3-greedy_ting-UX,36.66089049985359,"['Equivalence_Line_1: AGEMOEA2-random_dense-1P to SMSEMOA-random_dense-UX', 'Equivalence_Line_2: UNSGA3-random_dense-1P to NSGA2-greedy_ting-1P', 'Equivalence_Line_3: AGEMOEA2-random_dense-2P to NSGA2-greedy_ting-2P', 'Equivalence_Line_4: RVEA-random_dense-1P to AGEMOEA2-greedy_ting-2P', 'Equivalence_Line_5: RVEA-random_dense-2P to AGEMOEA2-greedy_ting-UX', 'Equivalence_Line_6: SPEA2-random_dense-1P to NSGA2-greedy_ting-UX', 'Equivalence_Line_7: NSGA2-random_dense-HUX to SMSEMOA-greedy_ting-UX', 'Equivalence_Line_8: RVEA-random_dense-HUX to UNSGA3-greedy_ting-2P', 'Equivalence_Line_9: NSGA2-random_dense-UX to NSGA3-greedy_ting-2P', 'Equivalence_Line_10: SMSEMOA-random_dense-2P to SMSEMOA-greedy_ting-HUX', 'Equivalence_Line_11: SPEA2-random_dense-HUX to SPEA2-greedy_ting-1P', 'Equivalence_Line_12: SMSEMOA-random_dense-HUX to UNSGA3-greedy_ting-UX', 'Equivalence_Line_13: NSGA2-greedy_ting-1P to SPEA2-greedy_ting-UX', 'Equivalence_Line_14: AGEMOEA2-greedy_ting-2P to AGEMOEA2-greedy_multi-UX', 'Equivalence_Line_15: SMSEMOA-greedy_ting-2P to RVEA-greedy_multi-UX', 'Equivalence_Line_16: SMSEMOA-greedy_ting-1P to AGEMOEA2-greedy_multi-1P', 'Equivalence_Line_17: NSGA3-greedy_ting-UX to RVEA-greedy_multi-2P', 'Equivalence_Line_18: UNSGA3-greedy_ting-HUX to UNSGA3-greedy_multi-1P', 'Equivalence_Line_19: SPEA2-greedy_ting-2P to NSGA3-greedy_multi-1P', 'Equivalence_Line_20: SPEA2-greedy_ting-HUX to SPEA2-greedy_multi-2P', 'Equivalence_Line_21: AGEMOEA2-greedy_multi-HUX to NSGA2-greedy_multi-2P', 'Equivalence_Line_22: AGEMOEA2-greedy_multi-2P to NSGA2-greedy_multi-1P']"
NSGA3-greedy_ting-HUX,36.48595385948594,"['Equivalence_Line_1: AGEMOEA2-random_dense-1P to SMSEMOA-random_dense-UX', 'Equivalence_Line_2: UNSGA3-random_dense-1P to NSGA2-greedy_ting-1P', 'Equivalence_Line_3: AGEMOEA2-random_dense-2P to NSGA2-greedy_ting-2P', 'Equivalence_Line_4: RVEA-random_dense-1P to AGEMOEA2-greedy_ting-2P', 'Equivalence_Line_5: RVEA-random_dense-2P to AGEMOEA2-greedy_ting-UX', 'Equivalence_Line_6: SPEA2-random_dense-1P to NSGA2-greedy_ting-UX', 'Equivalence_Line_7: NSGA2-random_dense-HUX to SMSEMOA-greedy_ting-UX', 'Equivalence_Line_8: RVEA-random_dense-HUX to UNSGA3-greedy_ting-2P', 'Equivalence_Line_9: NSGA2-random_dense-UX to NSGA3-greedy_ting-2P', 'Equivalence_Line_10: SMSEMOA-random_dense-2P to SMSEMOA-greedy_ting-HUX', 'Equivalence_Line_11: SPEA2-random_dense-HUX to SPEA2-greedy_ting-1P', 'Equivalence_Line_12: SMSEMOA-random_dense-HUX to UNSGA3-greedy_ting-UX', 'Equivalence_Line_13: NSGA2-greedy_ting-1P to SPEA2-greedy_ting-UX', 'Equivalence_Line_14: AGEMOEA2-greedy_ting-2P to AGEMOEA2-greedy_multi-UX', 'Equivalence_Line_15: SMSEMOA-greedy_ting-2P to RVEA-greedy_multi-UX', 'Equivalence_Line_16: SMSEMOA-greedy_ting-1P to AGEMOEA2-greedy_multi-1P', 'Equivalence_Line_17: NSGA3-greedy_ting-UX to RVEA-greedy_multi-2P', 'Equivalence_Line_18: UNSGA3-greedy_ting-HUX to UNSGA3-greedy_multi-1P', 'Equivalence_Line_19: SPEA2-greedy_ting-2P to NSGA3-greedy_multi-1P', 'Equivalence_Line_20: SPEA2-greedy_ting-HUX to SPEA2-greedy_multi-2P', 'Equivalence_Line_21: AGEMOEA2-greedy_multi-HUX to NSGA2-greedy_multi-2P', 'Equivalence_Line_22: AGEMOEA2-greedy_multi-2P to NSGA2-greedy_multi-1P']"
UNSGA3-greedy_ting-HUX,36.22942572253574,"['Equivalence_Line_1: AGEMOEA2-random_dense-1P to SMSEMOA-random_dense-UX', 'Equivalence_Line_2: UNSGA3-random_dense-1P to NSGA2-greedy_ting-1P', 'Equivalence_Line_3: AGEMOEA2-random_dense-2P to NSGA2-greedy_ting-2P', 'Equivalence_Line_4: RVEA-random_dense-1P to AGEMOEA2-greedy_ting-2P', 'Equivalence_Line_5: RVEA-random_dense-2P to AGEMOEA2-greedy_ting-UX', 'Equivalence_Line_6: SPEA2-random_dense-1P to NSGA2-greedy_ting-UX', 'Equivalence_Line_7: NSGA2-random_dense-HUX to SMSEMOA-greedy_ting-UX', 'Equivalence_Line_8: RVEA-random_dense-HUX to UNSGA3-greedy_ting-2P', 'Equivalence_Line_9: NSGA2-random_dense-UX to NSGA3-greedy_ting-2P', 'Equivalence_Line_10: SMSEMOA-random_dense-2P to SMSEMOA-greedy_ting-HUX', 'Equivalence_Line_11: SPEA2-random_dense-HUX to SPEA2-greedy_ting-1P', 'Equivalence_Line_12: SMSEMOA-random_dense-HUX to UNSGA3-greedy_ting-UX', 'Equivalence_Line_13: NSGA2-greedy_ting-1P to SPEA2-greedy_ting-UX', 'Equivalence_Line_14: AGEMOEA2-greedy_ting-2P to AGEMOEA2-greedy_multi-UX', 'Equivalence_Line_15: SMSEMOA-greedy_ting-2P to RVEA-greedy_multi-UX', 'Equivalence_Line_16: SMSEMOA-greedy_ting-1P to AGEMOEA2-greedy_multi-1P', 'Equivalence_Line_17: NSGA3-greedy_ting-UX to RVEA-greedy_multi-2P', 'Equivalence_Line_18: UNSGA3-greedy_ting-HUX to UNSGA3-greedy_multi-1P', 'Equivalence_Line_19: SPEA2-greedy_ting-2P to NSGA3-greedy_multi-1P', 'Equivalence_Line_20: SPEA2-greedy_ting-HUX to SPEA2-greedy_multi-2P', 'Equivalence_Line_21: AGEMOEA2-greedy_multi-HUX to NSGA2-greedy_multi-2P', 'Equivalence_Line_22: AGEMOEA2-greedy_multi-2P to NSGA2-greedy_multi-1P']"
SPEA2-greedy_ting-1P,36.07952387637528,"['Equivalence_Line_1: AGEMOEA2-random_dense-1P to SMSEMOA-random_dense-UX', 'Equivalence_Line_2: UNSGA3-random_dense-1P to NSGA2-greedy_ting-1P', 'Equivalence_Line_3: AGEMOEA2-random_dense-2P to NSGA2-greedy_ting-2P', 'Equivalence_Line_4: RVEA-random_dense-1P to AGEMOEA2-greedy_ting-2P', 'Equivalence_Line_5: RVEA-random_dense-2P to AGEMOEA2-greedy_ting-UX', 'Equivalence_Line_6: SPEA2-random_dense-1P to NSGA2-greedy_ting-UX', 'Equivalence_Line_7: NSGA2-random_dense-HUX to SMSEMOA-greedy_ting-UX', 'Equivalence_Line_8: RVEA-random_dense-HUX to UNSGA3-greedy_ting-2P', 'Equivalence_Line_9: NSGA2-random_dense-UX to NSGA3-greedy_ting-2P', 'Equivalence_Line_10: SMSEMOA-random_dense-2P to SMSEMOA-greedy_ting-HUX', 'Equivalence_Line_11: SPEA2-random_dense-HUX to SPEA2-greedy_ting-1P', 'Equivalence_Line_12: SMSEMOA-random_dense-HUX to UNSGA3-greedy_ting-UX', 'Equivalence_Line_13: NSGA2-greedy_ting-1P to SPEA2-greedy_ting-UX', 'Equivalence_Line_14: AGEMOEA2-greedy_ting-2P to AGEMOEA2-greedy_multi-UX', 'Equivalence_Line_15: SMSEMOA-greedy_ting-2P to RVEA-greedy_multi-UX', 'Equivalence_Line_16: SMSEMOA-greedy_ting-1P to AGEMOEA2-greedy_multi-1P', 'Equivalence_Line_17: NSGA3-greedy_ting-UX to RVEA-greedy_multi-2P', 'Equivalence_Line_18: UNSGA3-greedy_ting-HUX to UNSGA3-greedy_multi-1P', 'Equivalence_Line_19: SPEA2-greedy_ting-2P to NSGA3-greedy_multi-1P', 'Equivalence_Line_20: SPEA2-greedy_ting-HUX to SPEA2-greedy_multi-2P', 'Equivalence_Line_21: AGEMOEA2-greedy_multi-HUX to NSGA2-greedy_multi-2P', 'Equivalence_Line_22: AGEMOEA2-greedy_multi-2P to NSGA2-greedy_multi-1P']"
SPEA2-greedy_ting-2P,35.30287860589422,"['Equivalence_Line_1: AGEMOEA2-random_dense-1P to SMSEMOA-random_dense-UX', 'Equivalence_Line_2: UNSGA3-random_dense-1P to NSGA2-greedy_ting-1P', 'Equivalence_Line_3: AGEMOEA2-random_dense-2P to NSGA2-greedy_ting-2P', 'Equivalence_Line_4: RVEA-random_dense-1P to AGEMOEA2-greedy_ting-2P', 'Equivalence_Line_5: RVEA-random_dense-2P to AGEMOEA2-greedy_ting-UX', 'Equivalence_Line_6: SPEA2-random_dense-1P to NSGA2-greedy_ting-UX', 'Equivalence_Line_7: NSGA2-random_dense-HUX to SMSEMOA-greedy_ting-UX', 'Equivalence_Line_8: RVEA-random_dense-HUX to UNSGA3-greedy_ting-2P', 'Equivalence_Line_9: NSGA2-random_dense-UX to NSGA3-greedy_ting-2P', 'Equivalence_Line_10: SMSEMOA-random_dense-2P to SMSEMOA-greedy_ting-HUX', 'Equivalence_Line_11: SPEA2-random_dense-HUX to SPEA2-greedy_ting-1P', 'Equivalence_Line_12: SMSEMOA-random_dense-HUX to UNSGA3-greedy_ting-UX', 'Equivalence_Line_13: NSGA2-greedy_ting-1P to SPEA2-greedy_ting-UX', 'Equivalence_Line_14: AGEMOEA2-greedy_ting-2P to AGEMOEA2-greedy_multi-UX', 'Equivalence_Line_15: SMSEMOA-greedy_ting-2P to RVEA-greedy_multi-UX', 'Equivalence_Line_16: SMSEMOA-greedy_ting-1P to AGEMOEA2-greedy_multi-1P', 'Equivalence_Line_17: NSGA3-greedy_ting-UX to RVEA-greedy_multi-2P', 'Equivalence_Line_18: UNSGA3-greedy_ting-HUX to UNSGA3-greedy_multi-1P', 'Equivalence_Line_19: SPEA2-greedy_ting-2P to NSGA3-greedy_multi-1P', 'Equivalence_Line_20: SPEA2-greedy_ting-HUX to SPEA2-greedy_multi-2P', 'Equivalence_Line_21: AGEMOEA2-greedy_multi-HUX to NSGA2-greedy_multi-2P', 'Equivalence_Line_22: AGEMOEA2-greedy_multi-2P to NSGA2-greedy_multi-1P']"
UNSGA3-greedy_ting-UX,35.270304510247556,"['Equivalence_Line_1: AGEMOEA2-random_dense-1P to SMSEMOA-random_dense-UX', 'Equivalence_Line_2: UNSGA3-random_dense-1P to NSGA2-greedy_ting-1P', 'Equivalence_Line_3: AGEMOEA2-random_dense-2P to NSGA2-greedy_ting-2P', 'Equivalence_Line_4: RVEA-random_dense-1P to AGEMOEA2-greedy_ting-2P', 'Equivalence_Line_5: RVEA-random_dense-2P to AGEMOEA2-greedy_ting-UX', 'Equivalence_Line_6: SPEA2-random_dense-1P to NSGA2-greedy_ting-UX', 'Equivalence_Line_7: NSGA2-random_dense-HUX to SMSEMOA-greedy_ting-UX', 'Equivalence_Line_8: RVEA-random_dense-HUX to UNSGA3-greedy_ting-2P', 'Equivalence_Line_9: NSGA2-random_dense-UX to NSGA3-greedy_ting-2P', 'Equivalence_Line_10: SMSEMOA-random_dense-2P to SMSEMOA-greedy_ting-HUX', 'Equivalence_Line_11: SPEA2-random_dense-HUX to SPEA2-greedy_ting-1P', 'Equivalence_Line_12: SMSEMOA-random_dense-HUX to UNSGA3-greedy_ting-UX', 'Equivalence_Line_13: NSGA2-greedy_ting-1P to SPEA2-greedy_ting-UX', 'Equivalence_Line_14: AGEMOEA2-greedy_ting-2P to AGEMOEA2-greedy_multi-UX', 'Equivalence_Line_15: SMSEMOA-greedy_ting-2P to RVEA-greedy_multi-UX', 'Equivalence_Line_16: SMSEMOA-greedy_ting-1P to AGEMOEA2-greedy_multi-1P', 'Equivalence_Line_17: NSGA3-greedy_ting-UX to RVEA-greedy_multi-2P', 'Equivalence_Line_18: UNSGA3-greedy_ting-HUX to UNSGA3-greedy_multi-1P', 'Equivalence_Line_19: SPEA2-greedy_ting-2P to NSGA3-greedy_multi-1P', 'Equivalence_Line_20: SPEA2-greedy_ting-HUX to SPEA2-greedy_multi-2P', 'Equivalence_Line_21: AGEMOEA2-greedy_multi-HUX to NSGA2-greedy_multi-2P', 'Equivalence_Line_22: AGEMOEA2-greedy_multi-2P to NSGA2-greedy_multi-1P']"
SPEA2-greedy_ting-HUX,32.13757370374992,"['Equivalence_Line_1: AGEMOEA2-random_dense-1P to SMSEMOA-random_dense-UX', 'Equivalence_Line_2: UNSGA3-random_dense-1P to NSGA2-greedy_ting-1P', 'Equivalence_Line_3: AGEMOEA2-random_dense-2P to NSGA2-greedy_ting-2P', 'Equivalence_Line_4: RVEA-random_dense-1P to AGEMOEA2-greedy_ting-2P', 'Equivalence_Line_5: RVEA-random_dense-2P to AGEMOEA2-greedy_ting-UX', 'Equivalence_Line_6: SPEA2-random_dense-1P to NSGA2-greedy_ting-UX', 'Equivalence_Line_7: NSGA2-random_dense-HUX to SMSEMOA-greedy_ting-UX', 'Equivalence_Line_8: RVEA-random_dense-HUX to UNSGA3-greedy_ting-2P', 'Equivalence_Line_9: NSGA2-random_dense-UX to NSGA3-greedy_ting-2P', 'Equivalence_Line_10: SMSEMOA-random_dense-2P to SMSEMOA-greedy_ting-HUX', 'Equivalence_Line_11: SPEA2-random_dense-HUX to SPEA2-greedy_ting-1P', 'Equivalence_Line_12: SMSEMOA-random_dense-HUX to UNSGA3-greedy_ting-UX', 'Equivalence_Line_13: NSGA2-greedy_ting-1P to SPEA2-greedy_ting-UX', 'Equivalence_Line_14: AGEMOEA2-greedy_ting-2P to AGEMOEA2-greedy_multi-UX', 'Equivalence_Line_15: SMSEMOA-greedy_ting-2P to RVEA-greedy_multi-UX', 'Equivalence_Line_16: SMSEMOA-greedy_ting-1P to AGEMOEA2-greedy_multi-1P', 'Equivalence_Line_17: NSGA3-greedy_ting-UX to RVEA-greedy_multi-2P', 'Equivalence_Line_18: UNSGA3-greedy_ting-HUX to UNSGA3-greedy_multi-1P', 'Equivalence_Line_19: SPEA2-greedy_ting-2P to NSGA3-greedy_multi-1P', 'Equivalence_Line_20: SPEA2-greedy_ting-HUX to SPEA2-greedy_multi-2P', 'Equivalence_Line_21: AGEMOEA2-greedy_multi-HUX to NSGA2-greedy_multi-2P', 'Equivalence_Line_22: AGEMOEA2-greedy_multi-2P to NSGA2-greedy_multi-1P']"
SPEA2-greedy_ting-UX,31.473118149580916,"['Equivalence_Line_1: AGEMOEA2-random_dense-1P to SMSEMOA-random_dense-UX', 'Equivalence_Line_2: UNSGA3-random_dense-1P to NSGA2-greedy_ting-1P', 'Equivalence_Line_3: AGEMOEA2-random_dense-2P to NSGA2-greedy_ting-2P', 'Equivalence_Line_4: RVEA-random_dense-1P to AGEMOEA2-greedy_ting-2P', 'Equivalence_Line_5: RVEA-random_dense-2P to AGEMOEA2-greedy_ting-UX', 'Equivalence_Line_6: SPEA2-random_dense-1P to NSGA2-greedy_ting-UX', 'Equivalence_Line_7: NSGA2-random_dense-HUX to SMSEMOA-greedy_ting-UX', 'Equivalence_Line_8: RVEA-random_dense-HUX to UNSGA3-greedy_ting-2P', 'Equivalence_Line_9: NSGA2-random_dense-UX to NSGA3-greedy_ting-2P', 'Equivalence_Line_10: SMSEMOA-random_dense-2P to SMSEMOA-greedy_ting-HUX', 'Equivalence_Line_11: SPEA2-random_dense-HUX to SPEA2-greedy_ting-1P', 'Equivalence_Line_12: SMSEMOA-random_dense-HUX to UNSGA3-greedy_ting-UX', 'Equivalence_Line_13: NSGA2-greedy_ting-1P to SPEA2-greedy_ting-UX', 'Equivalence_Line_14: AGEMOEA2-greedy_ting-2P to AGEMOEA2-greedy_multi-UX', 'Equivalence_Line_15: SMSEMOA-greedy_ting-2P to RVEA-greedy_multi-UX', 'Equivalence_Line_16: SMSEMOA-greedy_ting-1P to AGEMOEA2-greedy_multi-1P', 'Equivalence_Line_17: NSGA3-greedy_ting-UX to RVEA-greedy_multi-2P', 'Equivalence_Line_18: UNSGA3-greedy_ting-HUX to UNSGA3-greedy_multi-1P', 'Equivalence_Line_19: SPEA2-greedy_ting-2P to NSGA3-greedy_multi-1P', 'Equivalence_Line_20: SPEA2-greedy_ting-HUX to SPEA2-greedy_multi-2P', 'Equivalence_Line_21: AGEMOEA2-greedy_multi-HUX to NSGA2-greedy_multi-2P', 'Equivalence_Line_22: AGEMOEA2-greedy_multi-2P to NSGA2-greedy_multi-1P']"
AGEMOEA2-greedy_multi-HUX,12.673334510594234,"['Equivalence_Line_1: AGEMOEA2-random_dense-1P to SMSEMOA-random_dense-UX', 'Equivalence_Line_2: UNSGA3-random_dense-1P to NSGA2-greedy_ting-1P', 'Equivalence_Line_3: AGEMOEA2-random_dense-2P to NSGA2-greedy_ting-2P', 'Equivalence_Line_4: RVEA-random_dense-1P to AGEMOEA2-greedy_ting-2P', 'Equivalence_Line_5: RVEA-random_dense-2P to AGEMOEA2-greedy_ting-UX', 'Equivalence_Line_6: SPEA2-random_dense-1P to NSGA2-greedy_ting-UX', 'Equivalence_Line_7: NSGA2-random_dense-HUX to SMSEMOA-greedy_ting-UX', 'Equivalence_Line_8: RVEA-random_dense-HUX to UNSGA3-greedy_ting-2P', 'Equivalence_Line_9: NSGA2-random_dense-UX to NSGA3-greedy_ting-2P', 'Equivalence_Line_10: SMSEMOA-random_dense-2P to SMSEMOA-greedy_ting-HUX', 'Equivalence_Line_11: SPEA2-random_dense-HUX to SPEA2-greedy_ting-1P', 'Equivalence_Line_12: SMSEMOA-random_dense-HUX to UNSGA3-greedy_ting-UX', 'Equivalence_Line_13: NSGA2-greedy_ting-1P to SPEA2-greedy_ting-UX', 'Equivalence_Line_14: AGEMOEA2-greedy_ting-2P to AGEMOEA2-greedy_multi-UX', 'Equivalence_Line_15: SMSEMOA-greedy_ting-2P to RVEA-greedy_multi-UX', 'Equivalence_Line_16: SMSEMOA-greedy_ting-1P to AGEMOEA2-greedy_multi-1P', 'Equivalence_Line_17: NSGA3-greedy_ting-UX to RVEA-greedy_multi-2P', 'Equivalence_Line_18: UNSGA3-greedy_ting-HUX to UNSGA3-greedy_multi-1P', 'Equivalence_Line_19: SPEA2-greedy_ting-2P to NSGA3-greedy_multi-1P', 'Equivalence_Line_20: SPEA2-greedy_ting-HUX to SPEA2-greedy_multi-2P', 'Equivalence_Line_21: AGEMOEA2-greedy_multi-HUX to NSGA2-greedy_multi-2P', 'Equivalence_Line_22: AGEMOEA2-greedy_multi-2P to NSGA2-greedy_multi-1P']"
AGEMOEA2-greedy_multi-UX,12.6588858583057,"['Equivalence_Line_1: AGEMOEA2-random_dense-1P to SMSEMOA-random_dense-UX', 'Equivalence_Line_2: UNSGA3-random_dense-1P to NSGA2-greedy_ting-1P', 'Equivalence_Line_3: AGEMOEA2-random_dense-2P to NSGA2-greedy_ting-2P', 'Equivalence_Line_4: RVEA-random_dense-1P to AGEMOEA2-greedy_ting-2P', 'Equivalence_Line_5: RVEA-random_dense-2P to AGEMOEA2-greedy_ting-UX', 'Equivalence_Line_6: SPEA2-random_dense-1P to NSGA2-greedy_ting-UX', 'Equivalence_Line_7: NSGA2-random_dense-HUX to SMSEMOA-greedy_ting-UX', 'Equivalence_Line_8: RVEA-random_dense-HUX to UNSGA3-greedy_ting-2P', 'Equivalence_Line_9: NSGA2-random_dense-UX to NSGA3-greedy_ting-2P', 'Equivalence_Line_10: SMSEMOA-random_dense-2P to SMSEMOA-greedy_ting-HUX', 'Equivalence_Line_11: SPEA2-random_dense-HUX to SPEA2-greedy_ting-1P', 'Equivalence_Line_12: SMSEMOA-random_dense-HUX to UNSGA3-greedy_ting-UX', 'Equivalence_Line_13: NSGA2-greedy_ting-1P to SPEA2-greedy_ting-UX', 'Equivalence_Line_14: AGEMOEA2-greedy_ting-2P to AGEMOEA2-greedy_multi-UX', 'Equivalence_Line_15: SMSEMOA-greedy_ting-2P to RVEA-greedy_multi-UX', 'Equivalence_Line_16: SMSEMOA-greedy_ting-1P to AGEMOEA2-greedy_multi-1P', 'Equivalence_Line_17: NSGA3-greedy_ting-UX to RVEA-greedy_multi-2P', 'Equivalence_Line_18: UNSGA3-greedy_ting-HUX to UNSGA3-greedy_multi-1P', 'Equivalence_Line_19: SPEA2-greedy_ting-2P to NSGA3-greedy_multi-1P', 'Equivalence_Line_20: SPEA2-greedy_ting-HUX to SPEA2-greedy_multi-2P', 'Equivalence_Line_21: AGEMOEA2-greedy_multi-HUX to NSGA2-greedy_multi-2P', 'Equivalence_Line_22: AGEMOEA2-greedy_multi-2P to NSGA2-greedy_multi-1P']"
AGEMOEA2-greedy_multi-2P,11.410624259062832,"['Equivalence_Line_1: AGEMOEA2-random_dense-1P to SMSEMOA-random_dense-UX', 'Equivalence_Line_2: UNSGA3-random_dense-1P to NSGA2-greedy_ting-1P', 'Equivalence_Line_3: AGEMOEA2-random_dense-2P to NSGA2-greedy_ting-2P', 'Equivalence_Line_4: RVEA-random_dense-1P to AGEMOEA2-greedy_ting-2P', 'Equivalence_Line_5: RVEA-random_dense-2P to AGEMOEA2-greedy_ting-UX', 'Equivalence_Line_6: SPEA2-random_dense-1P to NSGA2-greedy_ting-UX', 'Equivalence_Line_7: NSGA2-random_dense-HUX to SMSEMOA-greedy_ting-UX', 'Equivalence_Line_8: RVEA-random_dense-HUX to UNSGA3-greedy_ting-2P', 'Equivalence_Line_9: NSGA2-random_dense-UX to NSGA3-greedy_ting-2P', 'Equivalence_Line_10: SMSEMOA-random_dense-2P to SMSEMOA-greedy_ting-HUX', 'Equivalence_Line_11: SPEA2-random_dense-HUX to SPEA2-greedy_ting-1P', 'Equivalence_Line_12: SMSEMOA-random_dense-HUX to UNSGA3-greedy_ting-UX', 'Equivalence_Line_13: NSGA2-greedy_ting-1P to SPEA2-greedy_ting-UX', 'Equivalence_Line_14: AGEMOEA2-greedy_ting-2P to AGEMOEA2-greedy_multi-UX', 'Equivalence_Line_15: SMSEMOA-greedy_ting-2P to RVEA-greedy_multi-UX', 'Equivalence_Line_16: SMSEMOA-greedy_ting-1P to AGEMOEA2-greedy_multi-1P', 'Equivalence_Line_17: NSGA3-greedy_ting-UX to RVEA-greedy_multi-2P', 'Equivalence_Line_18: UNSGA3-greedy_ting-HUX to UNSGA3-greedy_multi-1P', 'Equivalence_Line_19: SPEA2-greedy_ting-2P to NSGA3-greedy_multi-1P', 'Equivalence_Line_20: SPEA2-greedy_ting-HUX to SPEA2-greedy_multi-2P', 'Equivalence_Line_21: AGEMOEA2-greedy_multi-HUX to NSGA2-greedy_multi-2P', 'Equivalence_Line_22: AGEMOEA2-greedy_multi-2P to NSGA2-greedy_multi-1P']"
RVEA-greedy_multi-UX,11.254173389983274,"['Equivalence_Line_1: AGEMOEA2-random_dense-1P to SMSEMOA-random_dense-UX', 'Equivalence_Line_2: UNSGA3-random_dense-1P to NSGA2-greedy_ting-1P', 'Equivalence_Line_3: AGEMOEA2-random_dense-2P to NSGA2-greedy_ting-2P', 'Equivalence_Line_4: RVEA-random_dense-1P to AGEMOEA2-greedy_ting-2P', 'Equivalence_Line_5: RVEA-random_dense-2P to AGEMOEA2-greedy_ting-UX', 'Equivalence_Line_6: SPEA2-random_dense-1P to NSGA2-greedy_ting-UX', 'Equivalence_Line_7: NSGA2-random_dense-HUX to SMSEMOA-greedy_ting-UX', 'Equivalence_Line_8: RVEA-random_dense-HUX to UNSGA3-greedy_ting-2P', 'Equivalence_Line_9: NSGA2-random_dense-UX to NSGA3-greedy_ting-2P', 'Equivalence_Line_10: SMSEMOA-random_dense-2P to SMSEMOA-greedy_ting-HUX', 'Equivalence_Line_11: SPEA2-random_dense-HUX to SPEA2-greedy_ting-1P', 'Equivalence_Line_12: SMSEMOA-random_dense-HUX to UNSGA3-greedy_ting-UX', 'Equivalence_Line_13: NSGA2-greedy_ting-1P to SPEA2-greedy_ting-UX', 'Equivalence_Line_14: AGEMOEA2-greedy_ting-2P to AGEMOEA2-greedy_multi-UX', 'Equivalence_Line_15: SMSEMOA-greedy_ting-2P to RVEA-greedy_multi-UX', 'Equivalence_Line_16: SMSEMOA-greedy_ting-1P to AGEMOEA2-greedy_multi-1P', 'Equivalence_Line_17: NSGA3-greedy_ting-UX to RVEA-greedy_multi-2P', 'Equivalence_Line_18: UNSGA3-greedy_ting-HUX to UNSGA3-greedy_multi-1P', 'Equivalence_Line_19: SPEA2-greedy_ting-2P to NSGA3-greedy_multi-1P', 'Equivalence_Line_20: SPEA2-greedy_ting-HUX to SPEA2-greedy_multi-2P', 'Equivalence_Line_21: AGEMOEA2-greedy_multi-HUX to NSGA2-greedy_multi-2P', 'Equivalence_Line_22: AGEMOEA2-greedy_multi-2P to NSGA2-greedy_multi-1P']"
UNSGA3-greedy_multi-UX,11.063261184781403,"['Equivalence_Line_1: AGEMOEA2-random_dense-1P to SMSEMOA-random_dense-UX', 'Equivalence_Line_2: UNSGA3-random_dense-1P to NSGA2-greedy_ting-1P', 'Equivalence_Line_3: AGEMOEA2-random_dense-2P to NSGA2-greedy_ting-2P', 'Equivalence_Line_4: RVEA-random_dense-1P to AGEMOEA2-greedy_ting-2P', 'Equivalence_Line_5: RVEA-random_dense-2P to AGEMOEA2-greedy_ting-UX', 'Equivalence_Line_6: SPEA2-random_dense-1P to NSGA2-greedy_ting-UX', 'Equivalence_Line_7: NSGA2-random_dense-HUX to SMSEMOA-greedy_ting-UX', 'Equivalence_Line_8: RVEA-random_dense-HUX to UNSGA3-greedy_ting-2P', 'Equivalence_Line_9: NSGA2-random_dense-UX to NSGA3-greedy_ting-2P', 'Equivalence_Line_10: SMSEMOA-random_dense-2P to SMSEMOA-greedy_ting-HUX', 'Equivalence_Line_11: SPEA2-random_dense-HUX to SPEA2-greedy_ting-1P', 'Equivalence_Line_12: SMSEMOA-random_dense-HUX to UNSGA3-greedy_ting-UX', 'Equivalence_Line_13: NSGA2-greedy_ting-1P to SPEA2-greedy_ting-UX', 'Equivalence_Line_14: AGEMOEA2-greedy_ting-2P to AGEMOEA2-greedy_multi-UX', 'Equivalence_Line_15: SMSEMOA-greedy_ting-2P to RVEA-greedy_multi-UX', 'Equivalence_Line_16: SMSEMOA-greedy_ting-1P to AGEMOEA2-greedy_multi-1P', 'Equivalence_Line_17: NSGA3-greedy_ting-UX to RVEA-greedy_multi-2P', 'Equivalence_Line_18: UNSGA3-greedy_ting-HUX to UNSGA3-greedy_multi-1P', 'Equivalence_Line_19: SPEA2-greedy_ting-2P to NSGA3-greedy_multi-1P', 'Equivalence_Line_20: SPEA2-greedy_ting-HUX to SPEA2-greedy_multi-2P', 'Equivalence_Line_21: AGEMOEA2-greedy_multi-HUX to NSGA2-greedy_multi-2P', 'Equivalence_Line_22: AGEMOEA2-greedy_multi-2P to NSGA2-greedy_multi-1P']"
RVEA-greedy_multi-HUX,11.053549859466937,"['Equivalence_Line_1: AGEMOEA2-random_dense-1P to SMSEMOA-random_dense-UX', 'Equivalence_Line_2: UNSGA3-random_dense-1P to NSGA2-greedy_ting-1P', 'Equivalence_Line_3: AGEMOEA2-random_dense-2P to NSGA2-greedy_ting-2P', 'Equivalence_Line_4: RVEA-random_dense-1P to AGEMOEA2-greedy_ting-2P', 'Equivalence_Line_5: RVEA-random_dense-2P to AGEMOEA2-greedy_ting-UX', 'Equivalence_Line_6: SPEA2-random_dense-1P to NSGA2-greedy_ting-UX', 'Equivalence_Line_7: NSGA2-random_dense-HUX to SMSEMOA-greedy_ting-UX', 'Equivalence_Line_8: RVEA-random_dense-HUX to UNSGA3-greedy_ting-2P', 'Equivalence_Line_9: NSGA2-random_dense-UX to NSGA3-greedy_ting-2P', 'Equivalence_Line_10: SMSEMOA-random_dense-2P to SMSEMOA-greedy_ting-HUX', 'Equivalence_Line_11: SPEA2-random_dense-HUX to SPEA2-greedy_ting-1P', 'Equivalence_Line_12: SMSEMOA-random_dense-HUX to UNSGA3-greedy_ting-UX', 'Equivalence_Line_13: NSGA2-greedy_ting-1P to SPEA2-greedy_ting-UX', 'Equivalence_Line_14: AGEMOEA2-greedy_ting-2P to AGEMOEA2-greedy_multi-UX', 'Equivalence_Line_15: SMSEMOA-greedy_ting-2P to RVEA-greedy_multi-UX', 'Equivalence_Line_16: SMSEMOA-greedy_ting-1P to AGEMOEA2-greedy_multi-1P', 'Equivalence_Line_17: NSGA3-greedy_ting-UX to RVEA-greedy_multi-2P', 'Equivalence_Line_18: UNSGA3-greedy_ting-HUX to UNSGA3-greedy_multi-1P', 'Equivalence_Line_19: SPEA2-greedy_ting-2P to NSGA3-greedy_multi-1P', 'Equivalence_Line_20: SPEA2-greedy_ting-HUX to SPEA2-greedy_multi-2P', 'Equivalence_Line_21: AGEMOEA2-greedy_multi-HUX to NSGA2-greedy_multi-2P', 'Equivalence_Line_22: AGEMOEA2-greedy_multi-2P to NSGA2-greedy_multi-1P']"
NSGA3-greedy_multi-UX,11.03258652583566,"['Equivalence_Line_1: AGEMOEA2-random_dense-1P to SMSEMOA-random_dense-UX', 'Equivalence_Line_2: UNSGA3-random_dense-1P to NSGA2-greedy_ting-1P', 'Equivalence_Line_3: AGEMOEA2-random_dense-2P to NSGA2-greedy_ting-2P', 'Equivalence_Line_4: RVEA-random_dense-1P to AGEMOEA2-greedy_ting-2P', 'Equivalence_Line_5: RVEA-random_dense-2P to AGEMOEA2-greedy_ting-UX', 'Equivalence_Line_6: SPEA2-random_dense-1P to NSGA2-greedy_ting-UX', 'Equivalence_Line_7: NSGA2-random_dense-HUX to SMSEMOA-greedy_ting-UX', 'Equivalence_Line_8: RVEA-random_dense-HUX to UNSGA3-greedy_ting-2P', 'Equivalence_Line_9: NSGA2-random_dense-UX to NSGA3-greedy_ting-2P', 'Equivalence_Line_10: SMSEMOA-random_dense-2P to SMSEMOA-greedy_ting-HUX', 'Equivalence_Line_11: SPEA2-random_dense-HUX to SPEA2-greedy_ting-1P', 'Equivalence_Line_12: SMSEMOA-random_dense-HUX to UNSGA3-greedy_ting-UX', 'Equivalence_Line_13: NSGA2-greedy_ting-1P to SPEA2-greedy_ting-UX', 'Equivalence_Line_14: AGEMOEA2-greedy_ting-2P to AGEMOEA2-greedy_multi-UX', 'Equivalence_Line_15: SMSEMOA-greedy_ting-2P to RVEA-greedy_multi-UX', 'Equivalence_Line_16: SMSEMOA-greedy_ting-1P to AGEMOEA2-greedy_multi-1P', 'Equivalence_Line_17: NSGA3-greedy_ting-UX to RVEA-greedy_multi-2P', 'Equivalence_Line_18: UNSGA3-greedy_ting-HUX to UNSGA3-greedy_multi-1P', 'Equivalence_Line_19: SPEA2-greedy_ting-2P to NSGA3-greedy_multi-1P', 'Equivalence_Line_20: SPEA2-greedy_ting-HUX to SPEA2-greedy_multi-2P', 'Equivalence_Line_21: AGEMOEA2-greedy_multi-HUX to NSGA2-greedy_multi-2P', 'Equivalence_Line_22: AGEMOEA2-greedy_multi-2P to NSGA2-greedy_multi-1P']"
SMSEMOA-greedy_multi-UX,10.989791259443107,"['Equivalence_Line_1: AGEMOEA2-random_dense-1P to SMSEMOA-random_dense-UX', 'Equivalence_Line_2: UNSGA3-random_dense-1P to NSGA2-greedy_ting-1P', 'Equivalence_Line_3: AGEMOEA2-random_dense-2P to NSGA2-greedy_ting-2P', 'Equivalence_Line_4: RVEA-random_dense-1P to AGEMOEA2-greedy_ting-2P', 'Equivalence_Line_5: RVEA-random_dense-2P to AGEMOEA2-greedy_ting-UX', 'Equivalence_Line_6: SPEA2-random_dense-1P to NSGA2-greedy_ting-UX', 'Equivalence_Line_7: NSGA2-random_dense-HUX to SMSEMOA-greedy_ting-UX', 'Equivalence_Line_8: RVEA-random_dense-HUX to UNSGA3-greedy_ting-2P', 'Equivalence_Line_9: NSGA2-random_dense-UX to NSGA3-greedy_ting-2P', 'Equivalence_Line_10: SMSEMOA-random_dense-2P to SMSEMOA-greedy_ting-HUX', 'Equivalence_Line_11: SPEA2-random_dense-HUX to SPEA2-greedy_ting-1P', 'Equivalence_Line_12: SMSEMOA-random_dense-HUX to UNSGA3-greedy_ting-UX', 'Equivalence_Line_13: NSGA2-greedy_ting-1P to SPEA2-greedy_ting-UX', 'Equivalence_Line_14: AGEMOEA2-greedy_ting-2P to AGEMOEA2-greedy_multi-UX', 'Equivalence_Line_15: SMSEMOA-greedy_ting-2P to RVEA-greedy_multi-UX', 'Equivalence_Line_16: SMSEMOA-greedy_ting-1P to AGEMOEA2-greedy_multi-1P', 'Equivalence_Line_17: NSGA3-greedy_ting-UX to RVEA-greedy_multi-2P', 'Equivalence_Line_18: UNSGA3-greedy_ting-HUX to UNSGA3-greedy_multi-1P', 'Equivalence_Line_19: SPEA2-greedy_ting-2P to NSGA3-greedy_multi-1P', 'Equivalence_Line_20: SPEA2-greedy_ting-HUX to SPEA2-greedy_multi-2P', 'Equivalence_Line_21: AGEMOEA2-greedy_multi-HUX to NSGA2-greedy_multi-2P', 'Equivalence_Line_22: AGEMOEA2-greedy_multi-2P to NSGA2-greedy_multi-1P']"
UNSGA3-greedy_multi-HUX,10.971505329160047,"['Equivalence_Line_1: AGEMOEA2-random_dense-1P to SMSEMOA-random_dense-UX', 'Equivalence_Line_2: UNSGA3-random_dense-1P to NSGA2-greedy_ting-1P', 'Equivalence_Line_3: AGEMOEA2-random_dense-2P to NSGA2-greedy_ting-2P', 'Equivalence_Line_4: RVEA-random_dense-1P to AGEMOEA2-greedy_ting-2P', 'Equivalence_Line_5: RVEA-random_dense-2P to AGEMOEA2-greedy_ting-UX', 'Equivalence_Line_6: SPEA2-random_dense-1P to NSGA2-greedy_ting-UX', 'Equivalence_Line_7: NSGA2-random_dense-HUX to SMSEMOA-greedy_ting-UX', 'Equivalence_Line_8: RVEA-random_dense-HUX to UNSGA3-greedy_ting-2P', 'Equivalence_Line_9: NSGA2-random_dense-UX to NSGA3-greedy_ting-2P', 'Equivalence_Line_10: SMSEMOA-random_dense-2P to SMSEMOA-greedy_ting-HUX', 'Equivalence_Line_11: SPEA2-random_dense-HUX to SPEA2-greedy_ting-1P', 'Equivalence_Line_12: SMSEMOA-random_dense-HUX to UNSGA3-greedy_ting-UX', 'Equivalence_Line_13: NSGA2-greedy_ting-1P to SPEA2-greedy_ting-UX', 'Equivalence_Line_14: AGEMOEA2-greedy_ting-2P to AGEMOEA2-greedy_multi-UX', 'Equivalence_Line_15: SMSEMOA-greedy_ting-2P to RVEA-greedy_multi-UX', 'Equivalence_Line_16: SMSEMOA-greedy_ting-1P to AGEMOEA2-greedy_multi-1P', 'Equivalence_Line_17: NSGA3-greedy_ting-UX to RVEA-greedy_multi-2P', 'Equivalence_Line_18: UNSGA3-greedy_ting-HUX to UNSGA3-greedy_multi-1P', 'Equivalence_Line_19: SPEA2-greedy_ting-2P to NSGA3-greedy_multi-1P', 'Equivalence_Line_20: SPEA2-greedy_ting-HUX to SPEA2-greedy_multi-2P', 'Equivalence_Line_21: AGEMOEA2-greedy_multi-HUX to NSGA2-greedy_multi-2P', 'Equivalence_Line_22: AGEMOEA2-greedy_multi-2P to NSGA2-greedy_multi-1P']"
SPEA2-greedy_multi-HUX,10.930643081466693,"['Equivalence_Line_1: AGEMOEA2-random_dense-1P to SMSEMOA-random_dense-UX', 'Equivalence_Line_2: UNSGA3-random_dense-1P to NSGA2-greedy_ting-1P', 'Equivalence_Line_3: AGEMOEA2-random_dense-2P to NSGA2-greedy_ting-2P', 'Equivalence_Line_4: RVEA-random_dense-1P to AGEMOEA2-greedy_ting-2P', 'Equivalence_Line_5: RVEA-random_dense-2P to AGEMOEA2-greedy_ting-UX', 'Equivalence_Line_6: SPEA2-random_dense-1P to NSGA2-greedy_ting-UX', 'Equivalence_Line_7: NSGA2-random_dense-HUX to SMSEMOA-greedy_ting-UX', 'Equivalence_Line_8: RVEA-random_dense-HUX to UNSGA3-greedy_ting-2P', 'Equivalence_Line_9: NSGA2-random_dense-UX to NSGA3-greedy_ting-2P', 'Equivalence_Line_10: SMSEMOA-random_dense-2P to SMSEMOA-greedy_ting-HUX', 'Equivalence_Line_11: SPEA2-random_dense-HUX to SPEA2-greedy_ting-1P', 'Equivalence_Line_12: SMSEMOA-random_dense-HUX to UNSGA3-greedy_ting-UX', 'Equivalence_Line_13: NSGA2-greedy_ting-1P to SPEA2-greedy_ting-UX', 'Equivalence_Line_14: AGEMOEA2-greedy_ting-2P to AGEMOEA2-greedy_multi-UX', 'Equivalence_Line_15: SMSEMOA-greedy_ting-2P to RVEA-greedy_multi-UX', 'Equivalence_Line_16: SMSEMOA-greedy_ting-1P to AGEMOEA2-greedy_multi-1P', 'Equivalence_Line_17: NSGA3-greedy_ting-UX to RVEA-greedy_multi-2P', 'Equivalence_Line_18: UNSGA3-greedy_ting-HUX to UNSGA3-greedy_multi-1P', 'Equivalence_Line_19: SPEA2-greedy_ting-2P to NSGA3-greedy_multi-1P', 'Equivalence_Line_20: SPEA2-greedy_ting-HUX to SPEA2-greedy_multi-2P', 'Equivalence_Line_21: AGEMOEA2-greedy_multi-HUX to NSGA2-greedy_multi-2P', 'Equivalence_Line_22: AGEMOEA2-greedy_multi-2P to NSGA2-greedy_multi-1P']"
NSGA3-greedy_multi-HUX,10.854455973817158,"['Equivalence_Line_1: AGEMOEA2-random_dense-1P to SMSEMOA-random_dense-UX', 'Equivalence_Line_2: UNSGA3-random_dense-1P to NSGA2-greedy_ting-1P', 'Equivalence_Line_3: AGEMOEA2-random_dense-2P to NSGA2-greedy_ting-2P', 'Equivalence_Line_4: RVEA-random_dense-1P to AGEMOEA2-greedy_ting-2P', 'Equivalence_Line_5: RVEA-random_dense-2P to AGEMOEA2-greedy_ting-UX', 'Equivalence_Line_6: SPEA2-random_dense-1P to NSGA2-greedy_ting-UX', 'Equivalence_Line_7: NSGA2-random_dense-HUX to SMSEMOA-greedy_ting-UX', 'Equivalence_Line_8: RVEA-random_dense-HUX to UNSGA3-greedy_ting-2P', 'Equivalence_Line_9: NSGA2-random_dense-UX to NSGA3-greedy_ting-2P', 'Equivalence_Line_10: SMSEMOA-random_dense-2P to SMSEMOA-greedy_ting-HUX', 'Equivalence_Line_11: SPEA2-random_dense-HUX to SPEA2-greedy_ting-1P', 'Equivalence_Line_12: SMSEMOA-random_dense-HUX to UNSGA3-greedy_ting-UX', 'Equivalence_Line_13: NSGA2-greedy_ting-1P to SPEA2-greedy_ting-UX', 'Equivalence_Line_14: AGEMOEA2-greedy_ting-2P to AGEMOEA2-greedy_multi-UX', 'Equivalence_Line_15: SMSEMOA-greedy_ting-2P to RVEA-greedy_multi-UX', 'Equivalence_Line_16: SMSEMOA-greedy_ting-1P to AGEMOEA2-greedy_multi-1P', 'Equivalence_Line_17: NSGA3-greedy_ting-UX to RVEA-greedy_multi-2P', 'Equivalence_Line_18: UNSGA3-greedy_ting-HUX to UNSGA3-greedy_multi-1P', 'Equivalence_Line_19: SPEA2-greedy_ting-2P to NSGA3-greedy_multi-1P', 'Equivalence_Line_20: SPEA2-greedy_ting-HUX to SPEA2-greedy_multi-2P', 'Equivalence_Line_21: AGEMOEA2-greedy_multi-HUX to NSGA2-greedy_multi-2P', 'Equivalence_Line_22: AGEMOEA2-greedy_multi-2P to NSGA2-greedy_multi-1P']"
SPEA2-greedy_multi-UX,10.68886631413656,"['Equivalence_Line_1: AGEMOEA2-random_dense-1P to SMSEMOA-random_dense-UX', 'Equivalence_Line_2: UNSGA3-random_dense-1P to NSGA2-greedy_ting-1P', 'Equivalence_Line_3: AGEMOEA2-random_dense-2P to NSGA2-greedy_ting-2P', 'Equivalence_Line_4: RVEA-random_dense-1P to AGEMOEA2-greedy_ting-2P', 'Equivalence_Line_5: RVEA-random_dense-2P to AGEMOEA2-greedy_ting-UX', 'Equivalence_Line_6: SPEA2-random_dense-1P to NSGA2-greedy_ting-UX', 'Equivalence_Line_7: NSGA2-random_dense-HUX to SMSEMOA-greedy_ting-UX', 'Equivalence_Line_8: RVEA-random_dense-HUX to UNSGA3-greedy_ting-2P', 'Equivalence_Line_9: NSGA2-random_dense-UX to NSGA3-greedy_ting-2P', 'Equivalence_Line_10: SMSEMOA-random_dense-2P to SMSEMOA-greedy_ting-HUX', 'Equivalence_Line_11: SPEA2-random_dense-HUX to SPEA2-greedy_ting-1P', 'Equivalence_Line_12: SMSEMOA-random_dense-HUX to UNSGA3-greedy_ting-UX', 'Equivalence_Line_13: NSGA2-greedy_ting-1P to SPEA2-greedy_ting-UX', 'Equivalence_Line_14: AGEMOEA2-greedy_ting-2P to AGEMOEA2-greedy_multi-UX', 'Equivalence_Line_15: SMSEMOA-greedy_ting-2P to RVEA-greedy_multi-UX', 'Equivalence_Line_16: SMSEMOA-greedy_ting-1P to AGEMOEA2-greedy_multi-1P', 'Equivalence_Line_17: NSGA3-greedy_ting-UX to RVEA-greedy_multi-2P', 'Equivalence_Line_18: UNSGA3-greedy_ting-HUX to UNSGA3-greedy_multi-1P', 'Equivalence_Line_19: SPEA2-greedy_ting-2P to NSGA3-greedy_multi-1P', 'Equivalence_Line_20: SPEA2-greedy_ting-HUX to SPEA2-greedy_multi-2P', 'Equivalence_Line_21: AGEMOEA2-greedy_multi-HUX to NSGA2-greedy_multi-2P', 'Equivalence_Line_22: AGEMOEA2-greedy_multi-2P to NSGA2-greedy_multi-1P']"
SMSEMOA-greedy_multi-HUX,10.664244383465753,"['Equivalence_Line_1: AGEMOEA2-random_dense-1P to SMSEMOA-random_dense-UX', 'Equivalence_Line_2: UNSGA3-random_dense-1P to NSGA2-greedy_ting-1P', 'Equivalence_Line_3: AGEMOEA2-random_dense-2P to NSGA2-greedy_ting-2P', 'Equivalence_Line_4: RVEA-random_dense-1P to AGEMOEA2-greedy_ting-2P', 'Equivalence_Line_5: RVEA-random_dense-2P to AGEMOEA2-greedy_ting-UX', 'Equivalence_Line_6: SPEA2-random_dense-1P to NSGA2-greedy_ting-UX', 'Equivalence_Line_7: NSGA2-random_dense-HUX to SMSEMOA-greedy_ting-UX', 'Equivalence_Line_8: RVEA-random_dense-HUX to UNSGA3-greedy_ting-2P', 'Equivalence_Line_9: NSGA2-random_dense-UX to NSGA3-greedy_ting-2P', 'Equivalence_Line_10: SMSEMOA-random_dense-2P to SMSEMOA-greedy_ting-HUX', 'Equivalence_Line_11: SPEA2-random_dense-HUX to SPEA2-greedy_ting-1P', 'Equivalence_Line_12: SMSEMOA-random_dense-HUX to UNSGA3-greedy_ting-UX', 'Equivalence_Line_13: NSGA2-greedy_ting-1P to SPEA2-greedy_ting-UX', 'Equivalence_Line_14: AGEMOEA2-greedy_ting-2P to AGEMOEA2-greedy_multi-UX', 'Equivalence_Line_15: SMSEMOA-greedy_ting-2P to RVEA-greedy_multi-UX', 'Equivalence_Line_16: SMSEMOA-greedy_ting-1P to AGEMOEA2-greedy_multi-1P', 'Equivalence_Line_17: NSGA3-greedy_ting-UX to RVEA-greedy_multi-2P', 'Equivalence_Line_18: UNSGA3-greedy_ting-HUX to UNSGA3-greedy_multi-1P', 'Equivalence_Line_19: SPEA2-greedy_ting-2P to NSGA3-greedy_multi-1P', 'Equivalence_Line_20: SPEA2-greedy_ting-HUX to SPEA2-greedy_multi-2P', 'Equivalence_Line_21: AGEMOEA2-greedy_multi-HUX to NSGA2-greedy_multi-2P', 'Equivalence_Line_22: AGEMOEA2-greedy_multi-2P to NSGA2-greedy_multi-1P']"
AGEMOEA2-greedy_multi-1P,10.66091802346668,"['Equivalence_Line_1: AGEMOEA2-random_dense-1P to SMSEMOA-random_dense-UX', 'Equivalence_Line_2: UNSGA3-random_dense-1P to NSGA2-greedy_ting-1P', 'Equivalence_Line_3: AGEMOEA2-random_dense-2P to NSGA2-greedy_ting-2P', 'Equivalence_Line_4: RVEA-random_dense-1P to AGEMOEA2-greedy_ting-2P', 'Equivalence_Line_5: RVEA-random_dense-2P to AGEMOEA2-greedy_ting-UX', 'Equivalence_Line_6: SPEA2-random_dense-1P to NSGA2-greedy_ting-UX', 'Equivalence_Line_7: NSGA2-random_dense-HUX to SMSEMOA-greedy_ting-UX', 'Equivalence_Line_8: RVEA-random_dense-HUX to UNSGA3-greedy_ting-2P', 'Equivalence_Line_9: NSGA2-random_dense-UX to NSGA3-greedy_ting-2P', 'Equivalence_Line_10: SMSEMOA-random_dense-2P to SMSEMOA-greedy_ting-HUX', 'Equivalence_Line_11: SPEA2-random_dense-HUX to SPEA2-greedy_ting-1P', 'Equivalence_Line_12: SMSEMOA-random_dense-HUX to UNSGA3-greedy_ting-UX', 'Equivalence_Line_13: NSGA2-greedy_ting-1P to SPEA2-greedy_ting-UX', 'Equivalence_Line_14: AGEMOEA2-greedy_ting-2P to AGEMOEA2-greedy_multi-UX', 'Equivalence_Line_15: SMSEMOA-greedy_ting-2P to RVEA-greedy_multi-UX', 'Equivalence_Line_16: SMSEMOA-greedy_ting-1P to AGEMOEA2-greedy_multi-1P', 'Equivalence_Line_17: NSGA3-greedy_ting-UX to RVEA-greedy_multi-2P', 'Equivalence_Line_18: UNSGA3-greedy_ting-HUX to UNSGA3-greedy_multi-1P', 'Equivalence_Line_19: SPEA2-greedy_ting-2P to NSGA3-greedy_multi-1P', 'Equivalence_Line_20: SPEA2-greedy_ting-HUX to SPEA2-greedy_multi-2P', 'Equivalence_Line_21: AGEMOEA2-greedy_multi-HUX to NSGA2-greedy_multi-2P', 'Equivalence_Line_22: AGEMOEA2-greedy_multi-2P to NSGA2-greedy_multi-1P']"
SMSEMOA-greedy_multi-1P,10.223229506638829,"['Equivalence_Line_1: AGEMOEA2-random_dense-1P to SMSEMOA-random_dense-UX', 'Equivalence_Line_2: UNSGA3-random_dense-1P to NSGA2-greedy_ting-1P', 'Equivalence_Line_3: AGEMOEA2-random_dense-2P to NSGA2-greedy_ting-2P', 'Equivalence_Line_4: RVEA-random_dense-1P to AGEMOEA2-greedy_ting-2P', 'Equivalence_Line_5: RVEA-random_dense-2P to AGEMOEA2-greedy_ting-UX', 'Equivalence_Line_6: SPEA2-random_dense-1P to NSGA2-greedy_ting-UX', 'Equivalence_Line_7: NSGA2-random_dense-HUX to SMSEMOA-greedy_ting-UX', 'Equivalence_Line_8: RVEA-random_dense-HUX to UNSGA3-greedy_ting-2P', 'Equivalence_Line_9: NSGA2-random_dense-UX to NSGA3-greedy_ting-2P', 'Equivalence_Line_10: SMSEMOA-random_dense-2P to SMSEMOA-greedy_ting-HUX', 'Equivalence_Line_11: SPEA2-random_dense-HUX to SPEA2-greedy_ting-1P', 'Equivalence_Line_12: SMSEMOA-random_dense-HUX to UNSGA3-greedy_ting-UX', 'Equivalence_Line_13: NSGA2-greedy_ting-1P to SPEA2-greedy_ting-UX', 'Equivalence_Line_14: AGEMOEA2-greedy_ting-2P to AGEMOEA2-greedy_multi-UX', 'Equivalence_Line_15: SMSEMOA-greedy_ting-2P to RVEA-greedy_multi-UX', 'Equivalence_Line_16: SMSEMOA-greedy_ting-1P to AGEMOEA2-greedy_multi-1P', 'Equivalence_Line_17: NSGA3-greedy_ting-UX to RVEA-greedy_multi-2P', 'Equivalence_Line_18: UNSGA3-greedy_ting-HUX to UNSGA3-greedy_multi-1P', 'Equivalence_Line_19: SPEA2-greedy_ting-2P to NSGA3-greedy_multi-1P', 'Equivalence_Line_20: SPEA2-greedy_ting-HUX to SPEA2-greedy_multi-2P', 'Equivalence_Line_21: AGEMOEA2-greedy_multi-HUX to NSGA2-greedy_multi-2P', 'Equivalence_Line_22: AGEMOEA2-greedy_multi-2P to NSGA2-greedy_multi-1P']"
SMSEMOA-greedy_multi-2P,10.205409853973306,"['Equivalence_Line_1: AGEMOEA2-random_dense-1P to SMSEMOA-random_dense-UX', 'Equivalence_Line_2: UNSGA3-random_dense-1P to NSGA2-greedy_ting-1P', 'Equivalence_Line_3: AGEMOEA2-random_dense-2P to NSGA2-greedy_ting-2P', 'Equivalence_Line_4: RVEA-random_dense-1P to AGEMOEA2-greedy_ting-2P', 'Equivalence_Line_5: RVEA-random_dense-2P to AGEMOEA2-greedy_ting-UX', 'Equivalence_Line_6: SPEA2-random_dense-1P to NSGA2-greedy_ting-UX', 'Equivalence_Line_7: NSGA2-random_dense-HUX to SMSEMOA-greedy_ting-UX', 'Equivalence_Line_8: RVEA-random_dense-HUX to UNSGA3-greedy_ting-2P', 'Equivalence_Line_9: NSGA2-random_dense-UX to NSGA3-greedy_ting-2P', 'Equivalence_Line_10: SMSEMOA-random_dense-2P to SMSEMOA-greedy_ting-HUX', 'Equivalence_Line_11: SPEA2-random_dense-HUX to SPEA2-greedy_ting-1P', 'Equivalence_Line_12: SMSEMOA-random_dense-HUX to UNSGA3-greedy_ting-UX', 'Equivalence_Line_13: NSGA2-greedy_ting-1P to SPEA2-greedy_ting-UX', 'Equivalence_Line_14: AGEMOEA2-greedy_ting-2P to AGEMOEA2-greedy_multi-UX', 'Equivalence_Line_15: SMSEMOA-greedy_ting-2P to RVEA-greedy_multi-UX', 'Equivalence_Line_16: SMSEMOA-greedy_ting-1P to AGEMOEA2-greedy_multi-1P', 'Equivalence_Line_17: NSGA3-greedy_ting-UX to RVEA-greedy_multi-2P', 'Equivalence_Line_18: UNSGA3-greedy_ting-HUX to UNSGA3-greedy_multi-1P', 'Equivalence_Line_19: SPEA2-greedy_ting-2P to NSGA3-greedy_multi-1P', 'Equivalence_Line_20: SPEA2-greedy_ting-HUX to SPEA2-greedy_multi-2P', 'Equivalence_Line_21: AGEMOEA2-greedy_multi-HUX to NSGA2-greedy_multi-2P', 'Equivalence_Line_22: AGEMOEA2-greedy_multi-2P to NSGA2-greedy_multi-1P']"
NSGA3-greedy_multi-2P,10.061699020635304,"['Equivalence_Line_1: AGEMOEA2-random_dense-1P to SMSEMOA-random_dense-UX', 'Equivalence_Line_2: UNSGA3-random_dense-1P to NSGA2-greedy_ting-1P', 'Equivalence_Line_3: AGEMOEA2-random_dense-2P to NSGA2-greedy_ting-2P', 'Equivalence_Line_4: RVEA-random_dense-1P to AGEMOEA2-greedy_ting-2P', 'Equivalence_Line_5: RVEA-random_dense-2P to AGEMOEA2-greedy_ting-UX', 'Equivalence_Line_6: SPEA2-random_dense-1P to NSGA2-greedy_ting-UX', 'Equivalence_Line_7: NSGA2-random_dense-HUX to SMSEMOA-greedy_ting-UX', 'Equivalence_Line_8: RVEA-random_dense-HUX to UNSGA3-greedy_ting-2P', 'Equivalence_Line_9: NSGA2-random_dense-UX to NSGA3-greedy_ting-2P', 'Equivalence_Line_10: SMSEMOA-random_dense-2P to SMSEMOA-greedy_ting-HUX', 'Equivalence_Line_11: SPEA2-random_dense-HUX to SPEA2-greedy_ting-1P', 'Equivalence_Line_12: SMSEMOA-random_dense-HUX to UNSGA3-greedy_ting-UX', 'Equivalence_Line_13: NSGA2-greedy_ting-1P to SPEA2-greedy_ting-UX', 'Equivalence_Line_14: AGEMOEA2-greedy_ting-2P to AGEMOEA2-greedy_multi-UX', 'Equivalence_Line_15: SMSEMOA-greedy_ting-2P to RVEA-greedy_multi-UX', 'Equivalence_Line_16: SMSEMOA-greedy_ting-1P to AGEMOEA2-greedy_multi-1P', 'Equivalence_Line_17: NSGA3-greedy_ting-UX to RVEA-greedy_multi-2P', 'Equivalence_Line_18: UNSGA3-greedy_ting-HUX to UNSGA3-greedy_multi-1P', 'Equivalence_Line_19: SPEA2-greedy_ting-2P to NSGA3-greedy_multi-1P', 'Equivalence_Line_20: SPEA2-greedy_ting-HUX to SPEA2-greedy_multi-2P', 'Equivalence_Line_21: AGEMOEA2-greedy_multi-HUX to NSGA2-greedy_multi-2P', 'Equivalence_Line_22: AGEMOEA2-greedy_multi-2P to NSGA2-greedy_multi-1P']"
UNSGA3-greedy_multi-2P,9.917824746559212,"['Equivalence_Line_1: AGEMOEA2-random_dense-1P to SMSEMOA-random_dense-UX', 'Equivalence_Line_2: UNSGA3-random_dense-1P to NSGA2-greedy_ting-1P', 'Equivalence_Line_3: AGEMOEA2-random_dense-2P to NSGA2-greedy_ting-2P', 'Equivalence_Line_4: RVEA-random_dense-1P to AGEMOEA2-greedy_ting-2P', 'Equivalence_Line_5: RVEA-random_dense-2P to AGEMOEA2-greedy_ting-UX', 'Equivalence_Line_6: SPEA2-random_dense-1P to NSGA2-greedy_ting-UX', 'Equivalence_Line_7: NSGA2-random_dense-HUX to SMSEMOA-greedy_ting-UX', 'Equivalence_Line_8: RVEA-random_dense-HUX to UNSGA3-greedy_ting-2P', 'Equivalence_Line_9: NSGA2-random_dense-UX to NSGA3-greedy_ting-2P', 'Equivalence_Line_10: SMSEMOA-random_dense-2P to SMSEMOA-greedy_ting-HUX', 'Equivalence_Line_11: SPEA2-random_dense-HUX to SPEA2-greedy_ting-1P', 'Equivalence_Line_12: SMSEMOA-random_dense-HUX to UNSGA3-greedy_ting-UX', 'Equivalence_Line_13: NSGA2-greedy_ting-1P to SPEA2-greedy_ting-UX', 'Equivalence_Line_14: AGEMOEA2-greedy_ting-2P to AGEMOEA2-greedy_multi-UX', 'Equivalence_Line_15: SMSEMOA-greedy_ting-2P to RVEA-greedy_multi-UX', 'Equivalence_Line_16: SMSEMOA-greedy_ting-1P to AGEMOEA2-greedy_multi-1P', 'Equivalence_Line_17: NSGA3-greedy_ting-UX to RVEA-greedy_multi-2P', 'Equivalence_Line_18: UNSGA3-greedy_ting-HUX to UNSGA3-greedy_multi-1P', 'Equivalence_Line_19: SPEA2-greedy_ting-2P to NSGA3-greedy_multi-1P', 'Equivalence_Line_20: SPEA2-greedy_ting-HUX to SPEA2-greedy_multi-2P', 'Equivalence_Line_21: AGEMOEA2-greedy_multi-HUX to NSGA2-greedy_multi-2P', 'Equivalence_Line_22: AGEMOEA2-greedy_multi-2P to NSGA2-greedy_multi-1P']"
RVEA-greedy_multi-2P,9.898793704342967,"['Equivalence_Line_1: AGEMOEA2-random_dense-1P to SMSEMOA-random_dense-UX', 'Equivalence_Line_2: UNSGA3-random_dense-1P to NSGA2-greedy_ting-1P', 'Equivalence_Line_3: AGEMOEA2-random_dense-2P to NSGA2-greedy_ting-2P', 'Equivalence_Line_4: RVEA-random_dense-1P to AGEMOEA2-greedy_ting-2P', 'Equivalence_Line_5: RVEA-random_dense-2P to AGEMOEA2-greedy_ting-UX', 'Equivalence_Line_6: SPEA2-random_dense-1P to NSGA2-greedy_ting-UX', 'Equivalence_Line_7: NSGA2-random_dense-HUX to SMSEMOA-greedy_ting-UX', 'Equivalence_Line_8: RVEA-random_dense-HUX to UNSGA3-greedy_ting-2P', 'Equivalence_Line_9: NSGA2-random_dense-UX to NSGA3-greedy_ting-2P', 'Equivalence_Line_10: SMSEMOA-random_dense-2P to SMSEMOA-greedy_ting-HUX', 'Equivalence_Line_11: SPEA2-random_dense-HUX to SPEA2-greedy_ting-1P', 'Equivalence_Line_12: SMSEMOA-random_dense-HUX to UNSGA3-greedy_ting-UX', 'Equivalence_Line_13: NSGA2-greedy_ting-1P to SPEA2-greedy_ting-UX', 'Equivalence_Line_14: AGEMOEA2-greedy_ting-2P to AGEMOEA2-greedy_multi-UX', 'Equivalence_Line_15: SMSEMOA-greedy_ting-2P to RVEA-greedy_multi-UX', 'Equivalence_Line_16: SMSEMOA-greedy_ting-1P to AGEMOEA2-greedy_multi-1P', 'Equivalence_Line_17: NSGA3-greedy_ting-UX to RVEA-greedy_multi-2P', 'Equivalence_Line_18: UNSGA3-greedy_ting-HUX to UNSGA3-greedy_multi-1P', 'Equivalence_Line_19: SPEA2-greedy_ting-2P to NSGA3-greedy_multi-1P', 'Equivalence_Line_20: SPEA2-greedy_ting-HUX to SPEA2-greedy_multi-2P', 'Equivalence_Line_21: AGEMOEA2-greedy_multi-HUX to NSGA2-greedy_multi-2P', 'Equivalence_Line_22: AGEMOEA2-greedy_multi-2P to NSGA2-greedy_multi-1P']"
UNSGA3-greedy_multi-1P,9.570397600760982,"['Equivalence_Line_1: AGEMOEA2-random_dense-1P to SMSEMOA-random_dense-UX', 'Equivalence_Line_2: UNSGA3-random_dense-1P to NSGA2-greedy_ting-1P', 'Equivalence_Line_3: AGEMOEA2-random_dense-2P to NSGA2-greedy_ting-2P', 'Equivalence_Line_4: RVEA-random_dense-1P to AGEMOEA2-greedy_ting-2P', 'Equivalence_Line_5: RVEA-random_dense-2P to AGEMOEA2-greedy_ting-UX', 'Equivalence_Line_6: SPEA2-random_dense-1P to NSGA2-greedy_ting-UX', 'Equivalence_Line_7: NSGA2-random_dense-HUX to SMSEMOA-greedy_ting-UX', 'Equivalence_Line_8: RVEA-random_dense-HUX to UNSGA3-greedy_ting-2P', 'Equivalence_Line_9: NSGA2-random_dense-UX to NSGA3-greedy_ting-2P', 'Equivalence_Line_10: SMSEMOA-random_dense-2P to SMSEMOA-greedy_ting-HUX', 'Equivalence_Line_11: SPEA2-random_dense-HUX to SPEA2-greedy_ting-1P', 'Equivalence_Line_12: SMSEMOA-random_dense-HUX to UNSGA3-greedy_ting-UX', 'Equivalence_Line_13: NSGA2-greedy_ting-1P to SPEA2-greedy_ting-UX', 'Equivalence_Line_14: AGEMOEA2-greedy_ting-2P to AGEMOEA2-greedy_multi-UX', 'Equivalence_Line_15: SMSEMOA-greedy_ting-2P to RVEA-greedy_multi-UX', 'Equivalence_Line_16: SMSEMOA-greedy_ting-1P to AGEMOEA2-greedy_multi-1P', 'Equivalence_Line_17: NSGA3-greedy_ting-UX to RVEA-greedy_multi-2P', 'Equivalence_Line_18: UNSGA3-greedy_ting-HUX to UNSGA3-greedy_multi-1P', 'Equivalence_Line_19: SPEA2-greedy_ting-2P to NSGA3-greedy_multi-1P', 'Equivalence_Line_20: SPEA2-greedy_ting-HUX to SPEA2-greedy_multi-2P', 'Equivalence_Line_21: AGEMOEA2-greedy_multi-HUX to NSGA2-greedy_multi-2P', 'Equivalence_Line_22: AGEMOEA2-greedy_multi-2P to NSGA2-greedy_multi-1P']"
NSGA3-greedy_multi-1P,9.473009885077559,"['Equivalence_Line_1: AGEMOEA2-random_dense-1P to SMSEMOA-random_dense-UX', 'Equivalence_Line_2: UNSGA3-random_dense-1P to NSGA2-greedy_ting-1P', 'Equivalence_Line_3: AGEMOEA2-random_dense-2P to NSGA2-greedy_ting-2P', 'Equivalence_Line_4: RVEA-random_dense-1P to AGEMOEA2-greedy_ting-2P', 'Equivalence_Line_5: RVEA-random_dense-2P to AGEMOEA2-greedy_ting-UX', 'Equivalence_Line_6: SPEA2-random_dense-1P to NSGA2-greedy_ting-UX', 'Equivalence_Line_7: NSGA2-random_dense-HUX to SMSEMOA-greedy_ting-UX', 'Equivalence_Line_8: RVEA-random_dense-HUX to UNSGA3-greedy_ting-2P', 'Equivalence_Line_9: NSGA2-random_dense-UX to NSGA3-greedy_ting-2P', 'Equivalence_Line_10: SMSEMOA-random_dense-2P to SMSEMOA-greedy_ting-HUX', 'Equivalence_Line_11: SPEA2-random_dense-HUX to SPEA2-greedy_ting-1P', 'Equivalence_Line_12: SMSEMOA-random_dense-HUX to UNSGA3-greedy_ting-UX', 'Equivalence_Line_13: NSGA2-greedy_ting-1P to SPEA2-greedy_ting-UX', 'Equivalence_Line_14: AGEMOEA2-greedy_ting-2P to AGEMOEA2-greedy_multi-UX', 'Equivalence_Line_15: SMSEMOA-greedy_ting-2P to RVEA-greedy_multi-UX', 'Equivalence_Line_16: SMSEMOA-greedy_ting-1P to AGEMOEA2-greedy_multi-1P', 'Equivalence_Line_17: NSGA3-greedy_ting-UX to RVEA-greedy_multi-2P', 'Equivalence_Line_18: UNSGA3-greedy_ting-HUX to UNSGA3-greedy_multi-1P', 'Equivalence_Line_19: SPEA2-greedy_ting-2P to NSGA3-greedy_multi-1P', 'Equivalence_Line_20: SPEA2-greedy_ting-HUX to SPEA2-greedy_multi-2P', 'Equivalence_Line_21: AGEMOEA2-greedy_multi-HUX to NSGA2-greedy_multi-2P', 'Equivalence_Line_22: AGEMOEA2-greedy_multi-2P to NSGA2-greedy_multi-1P']"
SPEA2-greedy_multi-1P,9.305619293483913,"['Equivalence_Line_1: AGEMOEA2-random_dense-1P to SMSEMOA-random_dense-UX', 'Equivalence_Line_2: UNSGA3-random_dense-1P to NSGA2-greedy_ting-1P', 'Equivalence_Line_3: AGEMOEA2-random_dense-2P to NSGA2-greedy_ting-2P', 'Equivalence_Line_4: RVEA-random_dense-1P to AGEMOEA2-greedy_ting-2P', 'Equivalence_Line_5: RVEA-random_dense-2P to AGEMOEA2-greedy_ting-UX', 'Equivalence_Line_6: SPEA2-random_dense-1P to NSGA2-greedy_ting-UX', 'Equivalence_Line_7: NSGA2-random_dense-HUX to SMSEMOA-greedy_ting-UX', 'Equivalence_Line_8: RVEA-random_dense-HUX to UNSGA3-greedy_ting-2P', 'Equivalence_Line_9: NSGA2-random_dense-UX to NSGA3-greedy_ting-2P', 'Equivalence_Line_10: SMSEMOA-random_dense-2P to SMSEMOA-greedy_ting-HUX', 'Equivalence_Line_11: SPEA2-random_dense-HUX to SPEA2-greedy_ting-1P', 'Equivalence_Line_12: SMSEMOA-random_dense-HUX to UNSGA3-greedy_ting-UX', 'Equivalence_Line_13: NSGA2-greedy_ting-1P to SPEA2-greedy_ting-UX', 'Equivalence_Line_14: AGEMOEA2-greedy_ting-2P to AGEMOEA2-greedy_multi-UX', 'Equivalence_Line_15: SMSEMOA-greedy_ting-2P to RVEA-greedy_multi-UX', 'Equivalence_Line_16: SMSEMOA-greedy_ting-1P to AGEMOEA2-greedy_multi-1P', 'Equivalence_Line_17: NSGA3-greedy_ting-UX to RVEA-greedy_multi-2P', 'Equivalence_Line_18: UNSGA3-greedy_ting-HUX to UNSGA3-greedy_multi-1P', 'Equivalence_Line_19: SPEA2-greedy_ting-2P to NSGA3-greedy_multi-1P', 'Equivalence_Line_20: SPEA2-greedy_ting-HUX to SPEA2-greedy_multi-2P', 'Equivalence_Line_21: AGEMOEA2-greedy_multi-HUX to NSGA2-greedy_multi-2P', 'Equivalence_Line_22: AGEMOEA2-greedy_multi-2P to NSGA2-greedy_multi-1P']"
RVEA-greedy_multi-1P,9.205352700041594,"['Equivalence_Line_1: AGEMOEA2-random_dense-1P to SMSEMOA-random_dense-UX', 'Equivalence_Line_2: UNSGA3-random_dense-1P to NSGA2-greedy_ting-1P', 'Equivalence_Line_3: AGEMOEA2-random_dense-2P to NSGA2-greedy_ting-2P', 'Equivalence_Line_4: RVEA-random_dense-1P to AGEMOEA2-greedy_ting-2P', 'Equivalence_Line_5: RVEA-random_dense-2P to AGEMOEA2-greedy_ting-UX', 'Equivalence_Line_6: SPEA2-random_dense-1P to NSGA2-greedy_ting-UX', 'Equivalence_Line_7: NSGA2-random_dense-HUX to SMSEMOA-greedy_ting-UX', 'Equivalence_Line_8: RVEA-random_dense-HUX to UNSGA3-greedy_ting-2P', 'Equivalence_Line_9: NSGA2-random_dense-UX to NSGA3-greedy_ting-2P', 'Equivalence_Line_10: SMSEMOA-random_dense-2P to SMSEMOA-greedy_ting-HUX', 'Equivalence_Line_11: SPEA2-random_dense-HUX to SPEA2-greedy_ting-1P', 'Equivalence_Line_12: SMSEMOA-random_dense-HUX to UNSGA3-greedy_ting-UX', 'Equivalence_Line_13: NSGA2-greedy_ting-1P to SPEA2-greedy_ting-UX', 'Equivalence_Line_14: AGEMOEA2-greedy_ting-2P to AGEMOEA2-greedy_multi-UX', 'Equivalence_Line_15: SMSEMOA-greedy_ting-2P to RVEA-greedy_multi-UX', 'Equivalence_Line_16: SMSEMOA-greedy_ting-1P to AGEMOEA2-greedy_multi-1P', 'Equivalence_Line_17: NSGA3-greedy_ting-UX to RVEA-greedy_multi-2P', 'Equivalence_Line_18: UNSGA3-greedy_ting-HUX to UNSGA3-greedy_multi-1P', 'Equivalence_Line_19: SPEA2-greedy_ting-2P to NSGA3-greedy_multi-1P', 'Equivalence_Line_20: SPEA2-greedy_ting-HUX to SPEA2-greedy_multi-2P', 'Equivalence_Line_21: AGEMOEA2-greedy_multi-HUX to NSGA2-greedy_multi-2P', 'Equivalence_Line_22: AGEMOEA2-greedy_multi-2P to NSGA2-greedy_multi-1P']"
SPEA2-greedy_multi-2P,8.96905625402966,"['Equivalence_Line_1: AGEMOEA2-random_dense-1P to SMSEMOA-random_dense-UX', 'Equivalence_Line_2: UNSGA3-random_dense-1P to NSGA2-greedy_ting-1P', 'Equivalence_Line_3: AGEMOEA2-random_dense-2P to NSGA2-greedy_ting-2P', 'Equivalence_Line_4: RVEA-random_dense-1P to AGEMOEA2-greedy_ting-2P', 'Equivalence_Line_5: RVEA-random_dense-2P to AGEMOEA2-greedy_ting-UX', 'Equivalence_Line_6: SPEA2-random_dense-1P to NSGA2-greedy_ting-UX', 'Equivalence_Line_7: NSGA2-random_dense-HUX to SMSEMOA-greedy_ting-UX', 'Equivalence_Line_8: RVEA-random_dense-HUX to UNSGA3-greedy_ting-2P', 'Equivalence_Line_9: NSGA2-random_dense-UX to NSGA3-greedy_ting-2P', 'Equivalence_Line_10: SMSEMOA-random_dense-2P to SMSEMOA-greedy_ting-HUX', 'Equivalence_Line_11: SPEA2-random_dense-HUX to SPEA2-greedy_ting-1P', 'Equivalence_Line_12: SMSEMOA-random_dense-HUX to UNSGA3-greedy_ting-UX', 'Equivalence_Line_13: NSGA2-greedy_ting-1P to SPEA2-greedy_ting-UX', 'Equivalence_Line_14: AGEMOEA2-greedy_ting-2P to AGEMOEA2-greedy_multi-UX', 'Equivalence_Line_15: SMSEMOA-greedy_ting-2P to RVEA-greedy_multi-UX', 'Equivalence_Line_16: SMSEMOA-greedy_ting-1P to AGEMOEA2-greedy_multi-1P', 'Equivalence_Line_17: NSGA3-greedy_ting-UX to RVEA-greedy_multi-2P', 'Equivalence_Line_18: UNSGA3-greedy_ting-HUX to UNSGA3-greedy_multi-1P', 'Equivalence_Line_19: SPEA2-greedy_ting-2P to NSGA3-greedy_multi-1P', 'Equivalence_Line_20: SPEA2-greedy_ting-HUX to SPEA2-greedy_multi-2P', 'Equivalence_Line_21: AGEMOEA2-greedy_multi-HUX to NSGA2-greedy_multi-2P', 'Equivalence_Line_22: AGEMOEA2-greedy_multi-2P to NSGA2-greedy_multi-1P']"
NSGA2-greedy_multi-UX,8.382776835207615,"['Equivalence_Line_1: AGEMOEA2-random_dense-1P to SMSEMOA-random_dense-UX', 'Equivalence_Line_2: UNSGA3-random_dense-1P to NSGA2-greedy_ting-1P', 'Equivalence_Line_3: AGEMOEA2-random_dense-2P to NSGA2-greedy_ting-2P', 'Equivalence_Line_4: RVEA-random_dense-1P to AGEMOEA2-greedy_ting-2P', 'Equivalence_Line_5: RVEA-random_dense-2P to AGEMOEA2-greedy_ting-UX', 'Equivalence_Line_6: SPEA2-random_dense-1P to NSGA2-greedy_ting-UX', 'Equivalence_Line_7: NSGA2-random_dense-HUX to SMSEMOA-greedy_ting-UX', 'Equivalence_Line_8: RVEA-random_dense-HUX to UNSGA3-greedy_ting-2P', 'Equivalence_Line_9: NSGA2-random_dense-UX to NSGA3-greedy_ting-2P', 'Equivalence_Line_10: SMSEMOA-random_dense-2P to SMSEMOA-greedy_ting-HUX', 'Equivalence_Line_11: SPEA2-random_dense-HUX to SPEA2-greedy_ting-1P', 'Equivalence_Line_12: SMSEMOA-random_dense-HUX to UNSGA3-greedy_ting-UX', 'Equivalence_Line_13: NSGA2-greedy_ting-1P to SPEA2-greedy_ting-UX', 'Equivalence_Line_14: AGEMOEA2-greedy_ting-2P to AGEMOEA2-greedy_multi-UX', 'Equivalence_Line_15: SMSEMOA-greedy_ting-2P to RVEA-greedy_multi-UX', 'Equivalence_Line_16: SMSEMOA-greedy_ting-1P to AGEMOEA2-greedy_multi-1P', 'Equivalence_Line_17: NSGA3-greedy_ting-UX to RVEA-greedy_multi-2P', 'Equivalence_Line_18: UNSGA3-greedy_ting-HUX to UNSGA3-greedy_multi-1P', 'Equivalence_Line_19: SPEA2-greedy_ting-2P to NSGA3-greedy_multi-1P', 'Equivalence_Line_20: SPEA2-greedy_ting-HUX to SPEA2-greedy_multi-2P', 'Equivalence_Line_21: AGEMOEA2-greedy_multi-HUX to NSGA2-greedy_multi-2P', 'Equivalence_Line_22: AGEMOEA2-greedy_multi-2P to NSGA2-greedy_multi-1P']"
NSGA2-greedy_multi-HUX,8.34790880830709,"['Equivalence_Line_1: AGEMOEA2-random_dense-1P to SMSEMOA-random_dense-UX', 'Equivalence_Line_2: UNSGA3-random_dense-1P to NSGA2-greedy_ting-1P', 'Equivalence_Line_3: AGEMOEA2-random_dense-2P to NSGA2-greedy_ting-2P', 'Equivalence_Line_4: RVEA-random_dense-1P to AGEMOEA2-greedy_ting-2P', 'Equivalence_Line_5: RVEA-random_dense-2P to AGEMOEA2-greedy_ting-UX', 'Equivalence_Line_6: SPEA2-random_dense-1P to NSGA2-greedy_ting-UX', 'Equivalence_Line_7: NSGA2-random_dense-HUX to SMSEMOA-greedy_ting-UX', 'Equivalence_Line_8: RVEA-random_dense-HUX to UNSGA3-greedy_ting-2P', 'Equivalence_Line_9: NSGA2-random_dense-UX to NSGA3-greedy_ting-2P', 'Equivalence_Line_10: SMSEMOA-random_dense-2P to SMSEMOA-greedy_ting-HUX', 'Equivalence_Line_11: SPEA2-random_dense-HUX to SPEA2-greedy_ting-1P', 'Equivalence_Line_12: SMSEMOA-random_dense-HUX to UNSGA3-greedy_ting-UX', 'Equivalence_Line_13: NSGA2-greedy_ting-1P to SPEA2-greedy_ting-UX', 'Equivalence_Line_14: AGEMOEA2-greedy_ting-2P to AGEMOEA2-greedy_multi-UX', 'Equivalence_Line_15: SMSEMOA-greedy_ting-2P to RVEA-greedy_multi-UX', 'Equivalence_Line_16: SMSEMOA-greedy_ting-1P to AGEMOEA2-greedy_multi-1P', 'Equivalence_Line_17: NSGA3-greedy_ting-UX to RVEA-greedy_multi-2P', 'Equivalence_Line_18: UNSGA3-greedy_ting-HUX to UNSGA3-greedy_multi-1P', 'Equivalence_Line_19: SPEA2-greedy_ting-2P to NSGA3-greedy_multi-1P', 'Equivalence_Line_20: SPEA2-greedy_ting-HUX to SPEA2-greedy_multi-2P', 'Equivalence_Line_21: AGEMOEA2-greedy_multi-HUX to NSGA2-greedy_multi-2P', 'Equivalence_Line_22: AGEMOEA2-greedy_multi-2P to NSGA2-greedy_multi-1P']"
NSGA2-greedy_multi-2P,7.3040781075188805,"['Equivalence_Line_1: AGEMOEA2-random_dense-1P to SMSEMOA-random_dense-UX', 'Equivalence_Line_2: UNSGA3-random_dense-1P to NSGA2-greedy_ting-1P', 'Equivalence_Line_3: AGEMOEA2-random_dense-2P to NSGA2-greedy_ting-2P', 'Equivalence_Line_4: RVEA-random_dense-1P to AGEMOEA2-greedy_ting-2P', 'Equivalence_Line_5: RVEA-random_dense-2P to AGEMOEA2-greedy_ting-UX', 'Equivalence_Line_6: SPEA2-random_dense-1P to NSGA2-greedy_ting-UX', 'Equivalence_Line_7: NSGA2-random_dense-HUX to SMSEMOA-greedy_ting-UX', 'Equivalence_Line_8: RVEA-random_dense-HUX to UNSGA3-greedy_ting-2P', 'Equivalence_Line_9: NSGA2-random_dense-UX to NSGA3-greedy_ting-2P', 'Equivalence_Line_10: SMSEMOA-random_dense-2P to SMSEMOA-greedy_ting-HUX', 'Equivalence_Line_11: SPEA2-random_dense-HUX to SPEA2-greedy_ting-1P', 'Equivalence_Line_12: SMSEMOA-random_dense-HUX to UNSGA3-greedy_ting-UX', 'Equivalence_Line_13: NSGA2-greedy_ting-1P to SPEA2-greedy_ting-UX', 'Equivalence_Line_14: AGEMOEA2-greedy_ting-2P to AGEMOEA2-greedy_multi-UX', 'Equivalence_Line_15: SMSEMOA-greedy_ting-2P to RVEA-greedy_multi-UX', 'Equivalence_Line_16: SMSEMOA-greedy_ting-1P to AGEMOEA2-greedy_multi-1P', 'Equivalence_Line_17: NSGA3-greedy_ting-UX to RVEA-greedy_multi-2P', 'Equivalence_Line_18: UNSGA3-greedy_ting-HUX to UNSGA3-greedy_multi-1P', 'Equivalence_Line_19: SPEA2-greedy_ting-2P to NSGA3-greedy_multi-1P', 'Equivalence_Line_20: SPEA2-greedy_ting-HUX to SPEA2-greedy_multi-2P', 'Equivalence_Line_21: AGEMOEA2-greedy_multi-HUX to NSGA2-greedy_multi-2P', 'Equivalence_Line_22: AGEMOEA2-greedy_multi-2P to NSGA2-greedy_multi-1P']"
NSGA2-greedy_multi-1P,6.952973659112156,"['Equivalence_Line_1: AGEMOEA2-random_dense-1P to SMSEMOA-random_dense-UX', 'Equivalence_Line_2: UNSGA3-random_dense-1P to NSGA2-greedy_ting-1P', 'Equivalence_Line_3: AGEMOEA2-random_dense-2P to NSGA2-greedy_ting-2P', 'Equivalence_Line_4: RVEA-random_dense-1P to AGEMOEA2-greedy_ting-2P', 'Equivalence_Line_5: RVEA-random_dense-2P to AGEMOEA2-greedy_ting-UX', 'Equivalence_Line_6: SPEA2-random_dense-1P to NSGA2-greedy_ting-UX', 'Equivalence_Line_7: NSGA2-random_dense-HUX to SMSEMOA-greedy_ting-UX', 'Equivalence_Line_8: RVEA-random_dense-HUX to UNSGA3-greedy_ting-2P', 'Equivalence_Line_9: NSGA2-random_dense-UX to NSGA3-greedy_ting-2P', 'Equivalence_Line_10: SMSEMOA-random_dense-2P to SMSEMOA-greedy_ting-HUX', 'Equivalence_Line_11: SPEA2-random_dense-HUX to SPEA2-greedy_ting-1P', 'Equivalence_Line_12: SMSEMOA-random_dense-HUX to UNSGA3-greedy_ting-UX', 'Equivalence_Line_13: NSGA2-greedy_ting-1P to SPEA2-greedy_ting-UX', 'Equivalence_Line_14: AGEMOEA2-greedy_ting-2P to AGEMOEA2-greedy_multi-UX', 'Equivalence_Line_15: SMSEMOA-greedy_ting-2P to RVEA-greedy_multi-UX', 'Equivalence_Line_16: SMSEMOA-greedy_ting-1P to AGEMOEA2-greedy_multi-1P', 'Equivalence_Line_17: NSGA3-greedy_ting-UX to RVEA-greedy_multi-2P', 'Equivalence_Line_18: UNSGA3-greedy_ting-HUX to UNSGA3-greedy_multi-1P', 'Equivalence_Line_19: SPEA2-greedy_ting-2P to NSGA3-greedy_multi-1P', 'Equivalence_Line_20: SPEA2-greedy_ting-HUX to SPEA2-greedy_multi-2P', 'Equivalence_Line_21: AGEMOEA2-greedy_multi-HUX to NSGA2-greedy_multi-2P', 'Equivalence_Line_22: AGEMOEA2-greedy_multi-2P to NSGA2-greedy_multi-1P']"
