Group,Mean,Equivalence_Lines
AGEMOEA2-greedy_ting-UX,0.40700318304711586,"['Equivalence_Line_1: AGEMOEA2-greedy_ting-UX to NSGA3-greedy_ting-1P', 'Equivalence_Line_2: NSGA2-random_dense-HUX to SPEA2-greedy_ting-HUX', 'Equivalence_Line_3: AGEMOEA2-greedy_ting-1P to SMSEMOA-random_dense-HUX', 'Equivalence_Line_4: NSGA2-greedy_ting-2P to AGEMOEA2-random_dense-2P', 'Equivalence_Line_5: NSGA3-random_dense-HUX to NSGA3-random_dense-2P', 'Equivalence_Line_6: SMSEMOA-greedy_ting-2P to AGEMOEA2-random_dense-1P', 'Equivalence_Line_7: SPEA2-random_dense-HUX to SPEA2-greedy_ting-2P', 'Equivalence_Line_8: NSGA3-greedy_ting-2P to SMSEMOA-random_dense-1P', 'Equivalence_Line_9: SMSEMOA-greedy_ting-HUX to RVEA-random_dense-UX', 'Equivalence_Line_10: NSGA3-greedy_ting-1P to RVEA-greedy_ting-UX', 'Equivalence_Line_11: SPEA2-greedy_ting-UX to RVEA-random_dense-1P', 'Equivalence_Line_12: SMSEMOA-random_dense-UX to SPEA2-greedy_multi-HUX', 'Equivalence_Line_13: NSGA2-random_dense-2P to SPEA2-greedy_multi-UX', 'Equivalence_Line_14: AGEMOEA2-random_dense-2P to AGEMOEA2-greedy_multi-HUX', 'Equivalence_Line_15: UNSGA3-random_dense-2P to UNSGA3-greedy_multi-UX', 'Equivalence_Line_16: NSGA3-random_dense-2P to NSGA3-greedy_multi-UX', 'Equivalence_Line_17: SPEA2-random_dense-2P to AGEMOEA2-greedy_multi-2P', 'Equivalence_Line_18: UNSGA3-random_dense-1P to AGEMOEA2-greedy_multi-1P', 'Equivalence_Line_19: SMSEMOA-random_dense-1P to SPEA2-greedy_multi-1P', 'Equivalence_Line_20: RVEA-random_dense-HUX to NSGA3-greedy_multi-1P', 'Equivalence_Line_21: RVEA-random_dense-2P to SMSEMOA-greedy_multi-1P', 'Equivalence_Line_22: RVEA-random_dense-1P to SMSEMOA-greedy_multi-2P', 'Equivalence_Line_23: SPEA2-greedy_multi-HUX to RVEA-greedy_multi-1P']"
AGEMOEA2-greedy_ting-HUX,0.4065520621381501,"['Equivalence_Line_1: AGEMOEA2-greedy_ting-UX to NSGA3-greedy_ting-1P', 'Equivalence_Line_2: NSGA2-random_dense-HUX to SPEA2-greedy_ting-HUX', 'Equivalence_Line_3: AGEMOEA2-greedy_ting-1P to SMSEMOA-random_dense-HUX', 'Equivalence_Line_4: NSGA2-greedy_ting-2P to AGEMOEA2-random_dense-2P', 'Equivalence_Line_5: NSGA3-random_dense-HUX to NSGA3-random_dense-2P', 'Equivalence_Line_6: SMSEMOA-greedy_ting-2P to AGEMOEA2-random_dense-1P', 'Equivalence_Line_7: SPEA2-random_dense-HUX to SPEA2-greedy_ting-2P', 'Equivalence_Line_8: NSGA3-greedy_ting-2P to SMSEMOA-random_dense-1P', 'Equivalence_Line_9: SMSEMOA-greedy_ting-HUX to RVEA-random_dense-UX', 'Equivalence_Line_10: NSGA3-greedy_ting-1P to RVEA-greedy_ting-UX', 'Equivalence_Line_11: SPEA2-greedy_ting-UX to RVEA-random_dense-1P', 'Equivalence_Line_12: SMSEMOA-random_dense-UX to SPEA2-greedy_multi-HUX', 'Equivalence_Line_13: NSGA2-random_dense-2P to SPEA2-greedy_multi-UX', 'Equivalence_Line_14: AGEMOEA2-random_dense-2P to AGEMOEA2-greedy_multi-HUX', 'Equivalence_Line_15: UNSGA3-random_dense-2P to UNSGA3-greedy_multi-UX', 'Equivalence_Line_16: NSGA3-random_dense-2P to NSGA3-greedy_multi-UX', 'Equivalence_Line_17: SPEA2-random_dense-2P to AGEMOEA2-greedy_multi-2P', 'Equivalence_Line_18: UNSGA3-random_dense-1P to AGEMOEA2-greedy_multi-1P', 'Equivalence_Line_19: SMSEMOA-random_dense-1P to SPEA2-greedy_multi-1P', 'Equivalence_Line_20: RVEA-random_dense-HUX to NSGA3-greedy_multi-1P', 'Equivalence_Line_21: RVEA-random_dense-2P to SMSEMOA-greedy_multi-1P', 'Equivalence_Line_22: RVEA-random_dense-1P to SMSEMOA-greedy_multi-2P', 'Equivalence_Line_23: SPEA2-greedy_multi-HUX to RVEA-greedy_multi-1P']"
NSGA2-random_dense-HUX,0.4012592210547539,"['Equivalence_Line_1: AGEMOEA2-greedy_ting-UX to NSGA3-greedy_ting-1P', 'Equivalence_Line_2: NSGA2-random_dense-HUX to SPEA2-greedy_ting-HUX', 'Equivalence_Line_3: AGEMOEA2-greedy_ting-1P to SMSEMOA-random_dense-HUX', 'Equivalence_Line_4: NSGA2-greedy_ting-2P to AGEMOEA2-random_dense-2P', 'Equivalence_Line_5: NSGA3-random_dense-HUX to NSGA3-random_dense-2P', 'Equivalence_Line_6: SMSEMOA-greedy_ting-2P to AGEMOEA2-random_dense-1P', 'Equivalence_Line_7: SPEA2-random_dense-HUX to SPEA2-greedy_ting-2P', 'Equivalence_Line_8: NSGA3-greedy_ting-2P to SMSEMOA-random_dense-1P', 'Equivalence_Line_9: SMSEMOA-greedy_ting-HUX to RVEA-random_dense-UX', 'Equivalence_Line_10: NSGA3-greedy_ting-1P to RVEA-greedy_ting-UX', 'Equivalence_Line_11: SPEA2-greedy_ting-UX to RVEA-random_dense-1P', 'Equivalence_Line_12: SMSEMOA-random_dense-UX to SPEA2-greedy_multi-HUX', 'Equivalence_Line_13: NSGA2-random_dense-2P to SPEA2-greedy_multi-UX', 'Equivalence_Line_14: AGEMOEA2-random_dense-2P to AGEMOEA2-greedy_multi-HUX', 'Equivalence_Line_15: UNSGA3-random_dense-2P to UNSGA3-greedy_multi-UX', 'Equivalence_Line_16: NSGA3-random_dense-2P to NSGA3-greedy_multi-UX', 'Equivalence_Line_17: SPEA2-random_dense-2P to AGEMOEA2-greedy_multi-2P', 'Equivalence_Line_18: UNSGA3-random_dense-1P to AGEMOEA2-greedy_multi-1P', 'Equivalence_Line_19: SMSEMOA-random_dense-1P to SPEA2-greedy_multi-1P', 'Equivalence_Line_20: RVEA-random_dense-HUX to NSGA3-greedy_multi-1P', 'Equivalence_Line_21: RVEA-random_dense-2P to SMSEMOA-greedy_multi-1P', 'Equivalence_Line_22: RVEA-random_dense-1P to SMSEMOA-greedy_multi-2P', 'Equivalence_Line_23: SPEA2-greedy_multi-HUX to RVEA-greedy_multi-1P']"
NSGA2-random_dense-UX,0.3997844734731531,"['Equivalence_Line_1: AGEMOEA2-greedy_ting-UX to NSGA3-greedy_ting-1P', 'Equivalence_Line_2: NSGA2-random_dense-HUX to SPEA2-greedy_ting-HUX', 'Equivalence_Line_3: AGEMOEA2-greedy_ting-1P to SMSEMOA-random_dense-HUX', 'Equivalence_Line_4: NSGA2-greedy_ting-2P to AGEMOEA2-random_dense-2P', 'Equivalence_Line_5: NSGA3-random_dense-HUX to NSGA3-random_dense-2P', 'Equivalence_Line_6: SMSEMOA-greedy_ting-2P to AGEMOEA2-random_dense-1P', 'Equivalence_Line_7: SPEA2-random_dense-HUX to SPEA2-greedy_ting-2P', 'Equivalence_Line_8: NSGA3-greedy_ting-2P to SMSEMOA-random_dense-1P', 'Equivalence_Line_9: SMSEMOA-greedy_ting-HUX to RVEA-random_dense-UX', 'Equivalence_Line_10: NSGA3-greedy_ting-1P to RVEA-greedy_ting-UX', 'Equivalence_Line_11: SPEA2-greedy_ting-UX to RVEA-random_dense-1P', 'Equivalence_Line_12: SMSEMOA-random_dense-UX to SPEA2-greedy_multi-HUX', 'Equivalence_Line_13: NSGA2-random_dense-2P to SPEA2-greedy_multi-UX', 'Equivalence_Line_14: AGEMOEA2-random_dense-2P to AGEMOEA2-greedy_multi-HUX', 'Equivalence_Line_15: UNSGA3-random_dense-2P to UNSGA3-greedy_multi-UX', 'Equivalence_Line_16: NSGA3-random_dense-2P to NSGA3-greedy_multi-UX', 'Equivalence_Line_17: SPEA2-random_dense-2P to AGEMOEA2-greedy_multi-2P', 'Equivalence_Line_18: UNSGA3-random_dense-1P to AGEMOEA2-greedy_multi-1P', 'Equivalence_Line_19: SMSEMOA-random_dense-1P to SPEA2-greedy_multi-1P', 'Equivalence_Line_20: RVEA-random_dense-HUX to NSGA3-greedy_multi-1P', 'Equivalence_Line_21: RVEA-random_dense-2P to SMSEMOA-greedy_multi-1P', 'Equivalence_Line_22: RVEA-random_dense-1P to SMSEMOA-greedy_multi-2P', 'Equivalence_Line_23: SPEA2-greedy_multi-HUX to RVEA-greedy_multi-1P']"
AGEMOEA2-greedy_ting-2P,0.39878519561706977,"['Equivalence_Line_1: AGEMOEA2-greedy_ting-UX to NSGA3-greedy_ting-1P', 'Equivalence_Line_2: NSGA2-random_dense-HUX to SPEA2-greedy_ting-HUX', 'Equivalence_Line_3: AGEMOEA2-greedy_ting-1P to SMSEMOA-random_dense-HUX', 'Equivalence_Line_4: NSGA2-greedy_ting-2P to AGEMOEA2-random_dense-2P', 'Equivalence_Line_5: NSGA3-random_dense-HUX to NSGA3-random_dense-2P', 'Equivalence_Line_6: SMSEMOA-greedy_ting-2P to AGEMOEA2-random_dense-1P', 'Equivalence_Line_7: SPEA2-random_dense-HUX to SPEA2-greedy_ting-2P', 'Equivalence_Line_8: NSGA3-greedy_ting-2P to SMSEMOA-random_dense-1P', 'Equivalence_Line_9: SMSEMOA-greedy_ting-HUX to RVEA-random_dense-UX', 'Equivalence_Line_10: NSGA3-greedy_ting-1P to RVEA-greedy_ting-UX', 'Equivalence_Line_11: SPEA2-greedy_ting-UX to RVEA-random_dense-1P', 'Equivalence_Line_12: SMSEMOA-random_dense-UX to SPEA2-greedy_multi-HUX', 'Equivalence_Line_13: NSGA2-random_dense-2P to SPEA2-greedy_multi-UX', 'Equivalence_Line_14: AGEMOEA2-random_dense-2P to AGEMOEA2-greedy_multi-HUX', 'Equivalence_Line_15: UNSGA3-random_dense-2P to UNSGA3-greedy_multi-UX', 'Equivalence_Line_16: NSGA3-random_dense-2P to NSGA3-greedy_multi-UX', 'Equivalence_Line_17: SPEA2-random_dense-2P to AGEMOEA2-greedy_multi-2P', 'Equivalence_Line_18: UNSGA3-random_dense-1P to AGEMOEA2-greedy_multi-1P', 'Equivalence_Line_19: SMSEMOA-random_dense-1P to SPEA2-greedy_multi-1P', 'Equivalence_Line_20: RVEA-random_dense-HUX to NSGA3-greedy_multi-1P', 'Equivalence_Line_21: RVEA-random_dense-2P to SMSEMOA-greedy_multi-1P', 'Equivalence_Line_22: RVEA-random_dense-1P to SMSEMOA-greedy_multi-2P', 'Equivalence_Line_23: SPEA2-greedy_multi-HUX to RVEA-greedy_multi-1P']"
AGEMOEA2-greedy_ting-1P,0.3862154480880588,"['Equivalence_Line_1: AGEMOEA2-greedy_ting-UX to NSGA3-greedy_ting-1P', 'Equivalence_Line_2: NSGA2-random_dense-HUX to SPEA2-greedy_ting-HUX', 'Equivalence_Line_3: AGEMOEA2-greedy_ting-1P to SMSEMOA-random_dense-HUX', 'Equivalence_Line_4: NSGA2-greedy_ting-2P to AGEMOEA2-random_dense-2P', 'Equivalence_Line_5: NSGA3-random_dense-HUX to NSGA3-random_dense-2P', 'Equivalence_Line_6: SMSEMOA-greedy_ting-2P to AGEMOEA2-random_dense-1P', 'Equivalence_Line_7: SPEA2-random_dense-HUX to SPEA2-greedy_ting-2P', 'Equivalence_Line_8: NSGA3-greedy_ting-2P to SMSEMOA-random_dense-1P', 'Equivalence_Line_9: SMSEMOA-greedy_ting-HUX to RVEA-random_dense-UX', 'Equivalence_Line_10: NSGA3-greedy_ting-1P to RVEA-greedy_ting-UX', 'Equivalence_Line_11: SPEA2-greedy_ting-UX to RVEA-random_dense-1P', 'Equivalence_Line_12: SMSEMOA-random_dense-UX to SPEA2-greedy_multi-HUX', 'Equivalence_Line_13: NSGA2-random_dense-2P to SPEA2-greedy_multi-UX', 'Equivalence_Line_14: AGEMOEA2-random_dense-2P to AGEMOEA2-greedy_multi-HUX', 'Equivalence_Line_15: UNSGA3-random_dense-2P to UNSGA3-greedy_multi-UX', 'Equivalence_Line_16: NSGA3-random_dense-2P to NSGA3-greedy_multi-UX', 'Equivalence_Line_17: SPEA2-random_dense-2P to AGEMOEA2-greedy_multi-2P', 'Equivalence_Line_18: UNSGA3-random_dense-1P to AGEMOEA2-greedy_multi-1P', 'Equivalence_Line_19: SMSEMOA-random_dense-1P to SPEA2-greedy_multi-1P', 'Equivalence_Line_20: RVEA-random_dense-HUX to NSGA3-greedy_multi-1P', 'Equivalence_Line_21: RVEA-random_dense-2P to SMSEMOA-greedy_multi-1P', 'Equivalence_Line_22: RVEA-random_dense-1P to SMSEMOA-greedy_multi-2P', 'Equivalence_Line_23: SPEA2-greedy_multi-HUX to RVEA-greedy_multi-1P']"
NSGA2-greedy_ting-2P,0.38156761087050534,"['Equivalence_Line_1: AGEMOEA2-greedy_ting-UX to NSGA3-greedy_ting-1P', 'Equivalence_Line_2: NSGA2-random_dense-HUX to SPEA2-greedy_ting-HUX', 'Equivalence_Line_3: AGEMOEA2-greedy_ting-1P to SMSEMOA-random_dense-HUX', 'Equivalence_Line_4: NSGA2-greedy_ting-2P to AGEMOEA2-random_dense-2P', 'Equivalence_Line_5: NSGA3-random_dense-HUX to NSGA3-random_dense-2P', 'Equivalence_Line_6: SMSEMOA-greedy_ting-2P to AGEMOEA2-random_dense-1P', 'Equivalence_Line_7: SPEA2-random_dense-HUX to SPEA2-greedy_ting-2P', 'Equivalence_Line_8: NSGA3-greedy_ting-2P to SMSEMOA-random_dense-1P', 'Equivalence_Line_9: SMSEMOA-greedy_ting-HUX to RVEA-random_dense-UX', 'Equivalence_Line_10: NSGA3-greedy_ting-1P to RVEA-greedy_ting-UX', 'Equivalence_Line_11: SPEA2-greedy_ting-UX to RVEA-random_dense-1P', 'Equivalence_Line_12: SMSEMOA-random_dense-UX to SPEA2-greedy_multi-HUX', 'Equivalence_Line_13: NSGA2-random_dense-2P to SPEA2-greedy_multi-UX', 'Equivalence_Line_14: AGEMOEA2-random_dense-2P to AGEMOEA2-greedy_multi-HUX', 'Equivalence_Line_15: UNSGA3-random_dense-2P to UNSGA3-greedy_multi-UX', 'Equivalence_Line_16: NSGA3-random_dense-2P to NSGA3-greedy_multi-UX', 'Equivalence_Line_17: SPEA2-random_dense-2P to AGEMOEA2-greedy_multi-2P', 'Equivalence_Line_18: UNSGA3-random_dense-1P to AGEMOEA2-greedy_multi-1P', 'Equivalence_Line_19: SMSEMOA-random_dense-1P to SPEA2-greedy_multi-1P', 'Equivalence_Line_20: RVEA-random_dense-HUX to NSGA3-greedy_multi-1P', 'Equivalence_Line_21: RVEA-random_dense-2P to SMSEMOA-greedy_multi-1P', 'Equivalence_Line_22: RVEA-random_dense-1P to SMSEMOA-greedy_multi-2P', 'Equivalence_Line_23: SPEA2-greedy_multi-HUX to RVEA-greedy_multi-1P']"
AGEMOEA2-random_dense-HUX,0.38133164953515325,"['Equivalence_Line_1: AGEMOEA2-greedy_ting-UX to NSGA3-greedy_ting-1P', 'Equivalence_Line_2: NSGA2-random_dense-HUX to SPEA2-greedy_ting-HUX', 'Equivalence_Line_3: AGEMOEA2-greedy_ting-1P to SMSEMOA-random_dense-HUX', 'Equivalence_Line_4: NSGA2-greedy_ting-2P to AGEMOEA2-random_dense-2P', 'Equivalence_Line_5: NSGA3-random_dense-HUX to NSGA3-random_dense-2P', 'Equivalence_Line_6: SMSEMOA-greedy_ting-2P to AGEMOEA2-random_dense-1P', 'Equivalence_Line_7: SPEA2-random_dense-HUX to SPEA2-greedy_ting-2P', 'Equivalence_Line_8: NSGA3-greedy_ting-2P to SMSEMOA-random_dense-1P', 'Equivalence_Line_9: SMSEMOA-greedy_ting-HUX to RVEA-random_dense-UX', 'Equivalence_Line_10: NSGA3-greedy_ting-1P to RVEA-greedy_ting-UX', 'Equivalence_Line_11: SPEA2-greedy_ting-UX to RVEA-random_dense-1P', 'Equivalence_Line_12: SMSEMOA-random_dense-UX to SPEA2-greedy_multi-HUX', 'Equivalence_Line_13: NSGA2-random_dense-2P to SPEA2-greedy_multi-UX', 'Equivalence_Line_14: AGEMOEA2-random_dense-2P to AGEMOEA2-greedy_multi-HUX', 'Equivalence_Line_15: UNSGA3-random_dense-2P to UNSGA3-greedy_multi-UX', 'Equivalence_Line_16: NSGA3-random_dense-2P to NSGA3-greedy_multi-UX', 'Equivalence_Line_17: SPEA2-random_dense-2P to AGEMOEA2-greedy_multi-2P', 'Equivalence_Line_18: UNSGA3-random_dense-1P to AGEMOEA2-greedy_multi-1P', 'Equivalence_Line_19: SMSEMOA-random_dense-1P to SPEA2-greedy_multi-1P', 'Equivalence_Line_20: RVEA-random_dense-HUX to NSGA3-greedy_multi-1P', 'Equivalence_Line_21: RVEA-random_dense-2P to SMSEMOA-greedy_multi-1P', 'Equivalence_Line_22: RVEA-random_dense-1P to SMSEMOA-greedy_multi-2P', 'Equivalence_Line_23: SPEA2-greedy_multi-HUX to RVEA-greedy_multi-1P']"
NSGA2-greedy_ting-1P,0.38079233592976636,"['Equivalence_Line_1: AGEMOEA2-greedy_ting-UX to NSGA3-greedy_ting-1P', 'Equivalence_Line_2: NSGA2-random_dense-HUX to SPEA2-greedy_ting-HUX', 'Equivalence_Line_3: AGEMOEA2-greedy_ting-1P to SMSEMOA-random_dense-HUX', 'Equivalence_Line_4: NSGA2-greedy_ting-2P to AGEMOEA2-random_dense-2P', 'Equivalence_Line_5: NSGA3-random_dense-HUX to NSGA3-random_dense-2P', 'Equivalence_Line_6: SMSEMOA-greedy_ting-2P to AGEMOEA2-random_dense-1P', 'Equivalence_Line_7: SPEA2-random_dense-HUX to SPEA2-greedy_ting-2P', 'Equivalence_Line_8: NSGA3-greedy_ting-2P to SMSEMOA-random_dense-1P', 'Equivalence_Line_9: SMSEMOA-greedy_ting-HUX to RVEA-random_dense-UX', 'Equivalence_Line_10: NSGA3-greedy_ting-1P to RVEA-greedy_ting-UX', 'Equivalence_Line_11: SPEA2-greedy_ting-UX to RVEA-random_dense-1P', 'Equivalence_Line_12: SMSEMOA-random_dense-UX to SPEA2-greedy_multi-HUX', 'Equivalence_Line_13: NSGA2-random_dense-2P to SPEA2-greedy_multi-UX', 'Equivalence_Line_14: AGEMOEA2-random_dense-2P to AGEMOEA2-greedy_multi-HUX', 'Equivalence_Line_15: UNSGA3-random_dense-2P to UNSGA3-greedy_multi-UX', 'Equivalence_Line_16: NSGA3-random_dense-2P to NSGA3-greedy_multi-UX', 'Equivalence_Line_17: SPEA2-random_dense-2P to AGEMOEA2-greedy_multi-2P', 'Equivalence_Line_18: UNSGA3-random_dense-1P to AGEMOEA2-greedy_multi-1P', 'Equivalence_Line_19: SMSEMOA-random_dense-1P to SPEA2-greedy_multi-1P', 'Equivalence_Line_20: RVEA-random_dense-HUX to NSGA3-greedy_multi-1P', 'Equivalence_Line_21: RVEA-random_dense-2P to SMSEMOA-greedy_multi-1P', 'Equivalence_Line_22: RVEA-random_dense-1P to SMSEMOA-greedy_multi-2P', 'Equivalence_Line_23: SPEA2-greedy_multi-HUX to RVEA-greedy_multi-1P']"
AGEMOEA2-random_dense-UX,0.3803180320081784,"['Equivalence_Line_1: AGEMOEA2-greedy_ting-UX to NSGA3-greedy_ting-1P', 'Equivalence_Line_2: NSGA2-random_dense-HUX to SPEA2-greedy_ting-HUX', 'Equivalence_Line_3: AGEMOEA2-greedy_ting-1P to SMSEMOA-random_dense-HUX', 'Equivalence_Line_4: NSGA2-greedy_ting-2P to AGEMOEA2-random_dense-2P', 'Equivalence_Line_5: NSGA3-random_dense-HUX to NSGA3-random_dense-2P', 'Equivalence_Line_6: SMSEMOA-greedy_ting-2P to AGEMOEA2-random_dense-1P', 'Equivalence_Line_7: SPEA2-random_dense-HUX to SPEA2-greedy_ting-2P', 'Equivalence_Line_8: NSGA3-greedy_ting-2P to SMSEMOA-random_dense-1P', 'Equivalence_Line_9: SMSEMOA-greedy_ting-HUX to RVEA-random_dense-UX', 'Equivalence_Line_10: NSGA3-greedy_ting-1P to RVEA-greedy_ting-UX', 'Equivalence_Line_11: SPEA2-greedy_ting-UX to RVEA-random_dense-1P', 'Equivalence_Line_12: SMSEMOA-random_dense-UX to SPEA2-greedy_multi-HUX', 'Equivalence_Line_13: NSGA2-random_dense-2P to SPEA2-greedy_multi-UX', 'Equivalence_Line_14: AGEMOEA2-random_dense-2P to AGEMOEA2-greedy_multi-HUX', 'Equivalence_Line_15: UNSGA3-random_dense-2P to UNSGA3-greedy_multi-UX', 'Equivalence_Line_16: NSGA3-random_dense-2P to NSGA3-greedy_multi-UX', 'Equivalence_Line_17: SPEA2-random_dense-2P to AGEMOEA2-greedy_multi-2P', 'Equivalence_Line_18: UNSGA3-random_dense-1P to AGEMOEA2-greedy_multi-1P', 'Equivalence_Line_19: SMSEMOA-random_dense-1P to SPEA2-greedy_multi-1P', 'Equivalence_Line_20: RVEA-random_dense-HUX to NSGA3-greedy_multi-1P', 'Equivalence_Line_21: RVEA-random_dense-2P to SMSEMOA-greedy_multi-1P', 'Equivalence_Line_22: RVEA-random_dense-1P to SMSEMOA-greedy_multi-2P', 'Equivalence_Line_23: SPEA2-greedy_multi-HUX to RVEA-greedy_multi-1P']"
NSGA3-random_dense-HUX,0.3764379011473494,"['Equivalence_Line_1: AGEMOEA2-greedy_ting-UX to NSGA3-greedy_ting-1P', 'Equivalence_Line_2: NSGA2-random_dense-HUX to SPEA2-greedy_ting-HUX', 'Equivalence_Line_3: AGEMOEA2-greedy_ting-1P to SMSEMOA-random_dense-HUX', 'Equivalence_Line_4: NSGA2-greedy_ting-2P to AGEMOEA2-random_dense-2P', 'Equivalence_Line_5: NSGA3-random_dense-HUX to NSGA3-random_dense-2P', 'Equivalence_Line_6: SMSEMOA-greedy_ting-2P to AGEMOEA2-random_dense-1P', 'Equivalence_Line_7: SPEA2-random_dense-HUX to SPEA2-greedy_ting-2P', 'Equivalence_Line_8: NSGA3-greedy_ting-2P to SMSEMOA-random_dense-1P', 'Equivalence_Line_9: SMSEMOA-greedy_ting-HUX to RVEA-random_dense-UX', 'Equivalence_Line_10: NSGA3-greedy_ting-1P to RVEA-greedy_ting-UX', 'Equivalence_Line_11: SPEA2-greedy_ting-UX to RVEA-random_dense-1P', 'Equivalence_Line_12: SMSEMOA-random_dense-UX to SPEA2-greedy_multi-HUX', 'Equivalence_Line_13: NSGA2-random_dense-2P to SPEA2-greedy_multi-UX', 'Equivalence_Line_14: AGEMOEA2-random_dense-2P to AGEMOEA2-greedy_multi-HUX', 'Equivalence_Line_15: UNSGA3-random_dense-2P to UNSGA3-greedy_multi-UX', 'Equivalence_Line_16: NSGA3-random_dense-2P to NSGA3-greedy_multi-UX', 'Equivalence_Line_17: SPEA2-random_dense-2P to AGEMOEA2-greedy_multi-2P', 'Equivalence_Line_18: UNSGA3-random_dense-1P to AGEMOEA2-greedy_multi-1P', 'Equivalence_Line_19: SMSEMOA-random_dense-1P to SPEA2-greedy_multi-1P', 'Equivalence_Line_20: RVEA-random_dense-HUX to NSGA3-greedy_multi-1P', 'Equivalence_Line_21: RVEA-random_dense-2P to SMSEMOA-greedy_multi-1P', 'Equivalence_Line_22: RVEA-random_dense-1P to SMSEMOA-greedy_multi-2P', 'Equivalence_Line_23: SPEA2-greedy_multi-HUX to RVEA-greedy_multi-1P']"
UNSGA3-random_dense-HUX,0.3763528852195753,"['Equivalence_Line_1: AGEMOEA2-greedy_ting-UX to NSGA3-greedy_ting-1P', 'Equivalence_Line_2: NSGA2-random_dense-HUX to SPEA2-greedy_ting-HUX', 'Equivalence_Line_3: AGEMOEA2-greedy_ting-1P to SMSEMOA-random_dense-HUX', 'Equivalence_Line_4: NSGA2-greedy_ting-2P to AGEMOEA2-random_dense-2P', 'Equivalence_Line_5: NSGA3-random_dense-HUX to NSGA3-random_dense-2P', 'Equivalence_Line_6: SMSEMOA-greedy_ting-2P to AGEMOEA2-random_dense-1P', 'Equivalence_Line_7: SPEA2-random_dense-HUX to SPEA2-greedy_ting-2P', 'Equivalence_Line_8: NSGA3-greedy_ting-2P to SMSEMOA-random_dense-1P', 'Equivalence_Line_9: SMSEMOA-greedy_ting-HUX to RVEA-random_dense-UX', 'Equivalence_Line_10: NSGA3-greedy_ting-1P to RVEA-greedy_ting-UX', 'Equivalence_Line_11: SPEA2-greedy_ting-UX to RVEA-random_dense-1P', 'Equivalence_Line_12: SMSEMOA-random_dense-UX to SPEA2-greedy_multi-HUX', 'Equivalence_Line_13: NSGA2-random_dense-2P to SPEA2-greedy_multi-UX', 'Equivalence_Line_14: AGEMOEA2-random_dense-2P to AGEMOEA2-greedy_multi-HUX', 'Equivalence_Line_15: UNSGA3-random_dense-2P to UNSGA3-greedy_multi-UX', 'Equivalence_Line_16: NSGA3-random_dense-2P to NSGA3-greedy_multi-UX', 'Equivalence_Line_17: SPEA2-random_dense-2P to AGEMOEA2-greedy_multi-2P', 'Equivalence_Line_18: UNSGA3-random_dense-1P to AGEMOEA2-greedy_multi-1P', 'Equivalence_Line_19: SMSEMOA-random_dense-1P to SPEA2-greedy_multi-1P', 'Equivalence_Line_20: RVEA-random_dense-HUX to NSGA3-greedy_multi-1P', 'Equivalence_Line_21: RVEA-random_dense-2P to SMSEMOA-greedy_multi-1P', 'Equivalence_Line_22: RVEA-random_dense-1P to SMSEMOA-greedy_multi-2P', 'Equivalence_Line_23: SPEA2-greedy_multi-HUX to RVEA-greedy_multi-1P']"
UNSGA3-random_dense-UX,0.3761850841604907,"['Equivalence_Line_1: AGEMOEA2-greedy_ting-UX to NSGA3-greedy_ting-1P', 'Equivalence_Line_2: NSGA2-random_dense-HUX to SPEA2-greedy_ting-HUX', 'Equivalence_Line_3: AGEMOEA2-greedy_ting-1P to SMSEMOA-random_dense-HUX', 'Equivalence_Line_4: NSGA2-greedy_ting-2P to AGEMOEA2-random_dense-2P', 'Equivalence_Line_5: NSGA3-random_dense-HUX to NSGA3-random_dense-2P', 'Equivalence_Line_6: SMSEMOA-greedy_ting-2P to AGEMOEA2-random_dense-1P', 'Equivalence_Line_7: SPEA2-random_dense-HUX to SPEA2-greedy_ting-2P', 'Equivalence_Line_8: NSGA3-greedy_ting-2P to SMSEMOA-random_dense-1P', 'Equivalence_Line_9: SMSEMOA-greedy_ting-HUX to RVEA-random_dense-UX', 'Equivalence_Line_10: NSGA3-greedy_ting-1P to RVEA-greedy_ting-UX', 'Equivalence_Line_11: SPEA2-greedy_ting-UX to RVEA-random_dense-1P', 'Equivalence_Line_12: SMSEMOA-random_dense-UX to SPEA2-greedy_multi-HUX', 'Equivalence_Line_13: NSGA2-random_dense-2P to SPEA2-greedy_multi-UX', 'Equivalence_Line_14: AGEMOEA2-random_dense-2P to AGEMOEA2-greedy_multi-HUX', 'Equivalence_Line_15: UNSGA3-random_dense-2P to UNSGA3-greedy_multi-UX', 'Equivalence_Line_16: NSGA3-random_dense-2P to NSGA3-greedy_multi-UX', 'Equivalence_Line_17: SPEA2-random_dense-2P to AGEMOEA2-greedy_multi-2P', 'Equivalence_Line_18: UNSGA3-random_dense-1P to AGEMOEA2-greedy_multi-1P', 'Equivalence_Line_19: SMSEMOA-random_dense-1P to SPEA2-greedy_multi-1P', 'Equivalence_Line_20: RVEA-random_dense-HUX to NSGA3-greedy_multi-1P', 'Equivalence_Line_21: RVEA-random_dense-2P to SMSEMOA-greedy_multi-1P', 'Equivalence_Line_22: RVEA-random_dense-1P to SMSEMOA-greedy_multi-2P', 'Equivalence_Line_23: SPEA2-greedy_multi-HUX to RVEA-greedy_multi-1P']"
NSGA2-greedy_ting-HUX,0.37606747687574477,"['Equivalence_Line_1: AGEMOEA2-greedy_ting-UX to NSGA3-greedy_ting-1P', 'Equivalence_Line_2: NSGA2-random_dense-HUX to SPEA2-greedy_ting-HUX', 'Equivalence_Line_3: AGEMOEA2-greedy_ting-1P to SMSEMOA-random_dense-HUX', 'Equivalence_Line_4: NSGA2-greedy_ting-2P to AGEMOEA2-random_dense-2P', 'Equivalence_Line_5: NSGA3-random_dense-HUX to NSGA3-random_dense-2P', 'Equivalence_Line_6: SMSEMOA-greedy_ting-2P to AGEMOEA2-random_dense-1P', 'Equivalence_Line_7: SPEA2-random_dense-HUX to SPEA2-greedy_ting-2P', 'Equivalence_Line_8: NSGA3-greedy_ting-2P to SMSEMOA-random_dense-1P', 'Equivalence_Line_9: SMSEMOA-greedy_ting-HUX to RVEA-random_dense-UX', 'Equivalence_Line_10: NSGA3-greedy_ting-1P to RVEA-greedy_ting-UX', 'Equivalence_Line_11: SPEA2-greedy_ting-UX to RVEA-random_dense-1P', 'Equivalence_Line_12: SMSEMOA-random_dense-UX to SPEA2-greedy_multi-HUX', 'Equivalence_Line_13: NSGA2-random_dense-2P to SPEA2-greedy_multi-UX', 'Equivalence_Line_14: AGEMOEA2-random_dense-2P to AGEMOEA2-greedy_multi-HUX', 'Equivalence_Line_15: UNSGA3-random_dense-2P to UNSGA3-greedy_multi-UX', 'Equivalence_Line_16: NSGA3-random_dense-2P to NSGA3-greedy_multi-UX', 'Equivalence_Line_17: SPEA2-random_dense-2P to AGEMOEA2-greedy_multi-2P', 'Equivalence_Line_18: UNSGA3-random_dense-1P to AGEMOEA2-greedy_multi-1P', 'Equivalence_Line_19: SMSEMOA-random_dense-1P to SPEA2-greedy_multi-1P', 'Equivalence_Line_20: RVEA-random_dense-HUX to NSGA3-greedy_multi-1P', 'Equivalence_Line_21: RVEA-random_dense-2P to SMSEMOA-greedy_multi-1P', 'Equivalence_Line_22: RVEA-random_dense-1P to SMSEMOA-greedy_multi-2P', 'Equivalence_Line_23: SPEA2-greedy_multi-HUX to RVEA-greedy_multi-1P']"
NSGA2-greedy_ting-UX,0.37516046053645563,"['Equivalence_Line_1: AGEMOEA2-greedy_ting-UX to NSGA3-greedy_ting-1P', 'Equivalence_Line_2: NSGA2-random_dense-HUX to SPEA2-greedy_ting-HUX', 'Equivalence_Line_3: AGEMOEA2-greedy_ting-1P to SMSEMOA-random_dense-HUX', 'Equivalence_Line_4: NSGA2-greedy_ting-2P to AGEMOEA2-random_dense-2P', 'Equivalence_Line_5: NSGA3-random_dense-HUX to NSGA3-random_dense-2P', 'Equivalence_Line_6: SMSEMOA-greedy_ting-2P to AGEMOEA2-random_dense-1P', 'Equivalence_Line_7: SPEA2-random_dense-HUX to SPEA2-greedy_ting-2P', 'Equivalence_Line_8: NSGA3-greedy_ting-2P to SMSEMOA-random_dense-1P', 'Equivalence_Line_9: SMSEMOA-greedy_ting-HUX to RVEA-random_dense-UX', 'Equivalence_Line_10: NSGA3-greedy_ting-1P to RVEA-greedy_ting-UX', 'Equivalence_Line_11: SPEA2-greedy_ting-UX to RVEA-random_dense-1P', 'Equivalence_Line_12: SMSEMOA-random_dense-UX to SPEA2-greedy_multi-HUX', 'Equivalence_Line_13: NSGA2-random_dense-2P to SPEA2-greedy_multi-UX', 'Equivalence_Line_14: AGEMOEA2-random_dense-2P to AGEMOEA2-greedy_multi-HUX', 'Equivalence_Line_15: UNSGA3-random_dense-2P to UNSGA3-greedy_multi-UX', 'Equivalence_Line_16: NSGA3-random_dense-2P to NSGA3-greedy_multi-UX', 'Equivalence_Line_17: SPEA2-random_dense-2P to AGEMOEA2-greedy_multi-2P', 'Equivalence_Line_18: UNSGA3-random_dense-1P to AGEMOEA2-greedy_multi-1P', 'Equivalence_Line_19: SMSEMOA-random_dense-1P to SPEA2-greedy_multi-1P', 'Equivalence_Line_20: RVEA-random_dense-HUX to NSGA3-greedy_multi-1P', 'Equivalence_Line_21: RVEA-random_dense-2P to SMSEMOA-greedy_multi-1P', 'Equivalence_Line_22: RVEA-random_dense-1P to SMSEMOA-greedy_multi-2P', 'Equivalence_Line_23: SPEA2-greedy_multi-HUX to RVEA-greedy_multi-1P']"
NSGA3-random_dense-UX,0.37514505919018304,"['Equivalence_Line_1: AGEMOEA2-greedy_ting-UX to NSGA3-greedy_ting-1P', 'Equivalence_Line_2: NSGA2-random_dense-HUX to SPEA2-greedy_ting-HUX', 'Equivalence_Line_3: AGEMOEA2-greedy_ting-1P to SMSEMOA-random_dense-HUX', 'Equivalence_Line_4: NSGA2-greedy_ting-2P to AGEMOEA2-random_dense-2P', 'Equivalence_Line_5: NSGA3-random_dense-HUX to NSGA3-random_dense-2P', 'Equivalence_Line_6: SMSEMOA-greedy_ting-2P to AGEMOEA2-random_dense-1P', 'Equivalence_Line_7: SPEA2-random_dense-HUX to SPEA2-greedy_ting-2P', 'Equivalence_Line_8: NSGA3-greedy_ting-2P to SMSEMOA-random_dense-1P', 'Equivalence_Line_9: SMSEMOA-greedy_ting-HUX to RVEA-random_dense-UX', 'Equivalence_Line_10: NSGA3-greedy_ting-1P to RVEA-greedy_ting-UX', 'Equivalence_Line_11: SPEA2-greedy_ting-UX to RVEA-random_dense-1P', 'Equivalence_Line_12: SMSEMOA-random_dense-UX to SPEA2-greedy_multi-HUX', 'Equivalence_Line_13: NSGA2-random_dense-2P to SPEA2-greedy_multi-UX', 'Equivalence_Line_14: AGEMOEA2-random_dense-2P to AGEMOEA2-greedy_multi-HUX', 'Equivalence_Line_15: UNSGA3-random_dense-2P to UNSGA3-greedy_multi-UX', 'Equivalence_Line_16: NSGA3-random_dense-2P to NSGA3-greedy_multi-UX', 'Equivalence_Line_17: SPEA2-random_dense-2P to AGEMOEA2-greedy_multi-2P', 'Equivalence_Line_18: UNSGA3-random_dense-1P to AGEMOEA2-greedy_multi-1P', 'Equivalence_Line_19: SMSEMOA-random_dense-1P to SPEA2-greedy_multi-1P', 'Equivalence_Line_20: RVEA-random_dense-HUX to NSGA3-greedy_multi-1P', 'Equivalence_Line_21: RVEA-random_dense-2P to SMSEMOA-greedy_multi-1P', 'Equivalence_Line_22: RVEA-random_dense-1P to SMSEMOA-greedy_multi-2P', 'Equivalence_Line_23: SPEA2-greedy_multi-HUX to RVEA-greedy_multi-1P']"
SMSEMOA-greedy_ting-2P,0.3714841601397859,"['Equivalence_Line_1: AGEMOEA2-greedy_ting-UX to NSGA3-greedy_ting-1P', 'Equivalence_Line_2: NSGA2-random_dense-HUX to SPEA2-greedy_ting-HUX', 'Equivalence_Line_3: AGEMOEA2-greedy_ting-1P to SMSEMOA-random_dense-HUX', 'Equivalence_Line_4: NSGA2-greedy_ting-2P to AGEMOEA2-random_dense-2P', 'Equivalence_Line_5: NSGA3-random_dense-HUX to NSGA3-random_dense-2P', 'Equivalence_Line_6: SMSEMOA-greedy_ting-2P to AGEMOEA2-random_dense-1P', 'Equivalence_Line_7: SPEA2-random_dense-HUX to SPEA2-greedy_ting-2P', 'Equivalence_Line_8: NSGA3-greedy_ting-2P to SMSEMOA-random_dense-1P', 'Equivalence_Line_9: SMSEMOA-greedy_ting-HUX to RVEA-random_dense-UX', 'Equivalence_Line_10: NSGA3-greedy_ting-1P to RVEA-greedy_ting-UX', 'Equivalence_Line_11: SPEA2-greedy_ting-UX to RVEA-random_dense-1P', 'Equivalence_Line_12: SMSEMOA-random_dense-UX to SPEA2-greedy_multi-HUX', 'Equivalence_Line_13: NSGA2-random_dense-2P to SPEA2-greedy_multi-UX', 'Equivalence_Line_14: AGEMOEA2-random_dense-2P to AGEMOEA2-greedy_multi-HUX', 'Equivalence_Line_15: UNSGA3-random_dense-2P to UNSGA3-greedy_multi-UX', 'Equivalence_Line_16: NSGA3-random_dense-2P to NSGA3-greedy_multi-UX', 'Equivalence_Line_17: SPEA2-random_dense-2P to AGEMOEA2-greedy_multi-2P', 'Equivalence_Line_18: UNSGA3-random_dense-1P to AGEMOEA2-greedy_multi-1P', 'Equivalence_Line_19: SMSEMOA-random_dense-1P to SPEA2-greedy_multi-1P', 'Equivalence_Line_20: RVEA-random_dense-HUX to NSGA3-greedy_multi-1P', 'Equivalence_Line_21: RVEA-random_dense-2P to SMSEMOA-greedy_multi-1P', 'Equivalence_Line_22: RVEA-random_dense-1P to SMSEMOA-greedy_multi-2P', 'Equivalence_Line_23: SPEA2-greedy_multi-HUX to RVEA-greedy_multi-1P']"
SPEA2-random_dense-HUX,0.3666463573426409,"['Equivalence_Line_1: AGEMOEA2-greedy_ting-UX to NSGA3-greedy_ting-1P', 'Equivalence_Line_2: NSGA2-random_dense-HUX to SPEA2-greedy_ting-HUX', 'Equivalence_Line_3: AGEMOEA2-greedy_ting-1P to SMSEMOA-random_dense-HUX', 'Equivalence_Line_4: NSGA2-greedy_ting-2P to AGEMOEA2-random_dense-2P', 'Equivalence_Line_5: NSGA3-random_dense-HUX to NSGA3-random_dense-2P', 'Equivalence_Line_6: SMSEMOA-greedy_ting-2P to AGEMOEA2-random_dense-1P', 'Equivalence_Line_7: SPEA2-random_dense-HUX to SPEA2-greedy_ting-2P', 'Equivalence_Line_8: NSGA3-greedy_ting-2P to SMSEMOA-random_dense-1P', 'Equivalence_Line_9: SMSEMOA-greedy_ting-HUX to RVEA-random_dense-UX', 'Equivalence_Line_10: NSGA3-greedy_ting-1P to RVEA-greedy_ting-UX', 'Equivalence_Line_11: SPEA2-greedy_ting-UX to RVEA-random_dense-1P', 'Equivalence_Line_12: SMSEMOA-random_dense-UX to SPEA2-greedy_multi-HUX', 'Equivalence_Line_13: NSGA2-random_dense-2P to SPEA2-greedy_multi-UX', 'Equivalence_Line_14: AGEMOEA2-random_dense-2P to AGEMOEA2-greedy_multi-HUX', 'Equivalence_Line_15: UNSGA3-random_dense-2P to UNSGA3-greedy_multi-UX', 'Equivalence_Line_16: NSGA3-random_dense-2P to NSGA3-greedy_multi-UX', 'Equivalence_Line_17: SPEA2-random_dense-2P to AGEMOEA2-greedy_multi-2P', 'Equivalence_Line_18: UNSGA3-random_dense-1P to AGEMOEA2-greedy_multi-1P', 'Equivalence_Line_19: SMSEMOA-random_dense-1P to SPEA2-greedy_multi-1P', 'Equivalence_Line_20: RVEA-random_dense-HUX to NSGA3-greedy_multi-1P', 'Equivalence_Line_21: RVEA-random_dense-2P to SMSEMOA-greedy_multi-1P', 'Equivalence_Line_22: RVEA-random_dense-1P to SMSEMOA-greedy_multi-2P', 'Equivalence_Line_23: SPEA2-greedy_multi-HUX to RVEA-greedy_multi-1P']"
SPEA2-random_dense-UX,0.36576554090457575,"['Equivalence_Line_1: AGEMOEA2-greedy_ting-UX to NSGA3-greedy_ting-1P', 'Equivalence_Line_2: NSGA2-random_dense-HUX to SPEA2-greedy_ting-HUX', 'Equivalence_Line_3: AGEMOEA2-greedy_ting-1P to SMSEMOA-random_dense-HUX', 'Equivalence_Line_4: NSGA2-greedy_ting-2P to AGEMOEA2-random_dense-2P', 'Equivalence_Line_5: NSGA3-random_dense-HUX to NSGA3-random_dense-2P', 'Equivalence_Line_6: SMSEMOA-greedy_ting-2P to AGEMOEA2-random_dense-1P', 'Equivalence_Line_7: SPEA2-random_dense-HUX to SPEA2-greedy_ting-2P', 'Equivalence_Line_8: NSGA3-greedy_ting-2P to SMSEMOA-random_dense-1P', 'Equivalence_Line_9: SMSEMOA-greedy_ting-HUX to RVEA-random_dense-UX', 'Equivalence_Line_10: NSGA3-greedy_ting-1P to RVEA-greedy_ting-UX', 'Equivalence_Line_11: SPEA2-greedy_ting-UX to RVEA-random_dense-1P', 'Equivalence_Line_12: SMSEMOA-random_dense-UX to SPEA2-greedy_multi-HUX', 'Equivalence_Line_13: NSGA2-random_dense-2P to SPEA2-greedy_multi-UX', 'Equivalence_Line_14: AGEMOEA2-random_dense-2P to AGEMOEA2-greedy_multi-HUX', 'Equivalence_Line_15: UNSGA3-random_dense-2P to UNSGA3-greedy_multi-UX', 'Equivalence_Line_16: NSGA3-random_dense-2P to NSGA3-greedy_multi-UX', 'Equivalence_Line_17: SPEA2-random_dense-2P to AGEMOEA2-greedy_multi-2P', 'Equivalence_Line_18: UNSGA3-random_dense-1P to AGEMOEA2-greedy_multi-1P', 'Equivalence_Line_19: SMSEMOA-random_dense-1P to SPEA2-greedy_multi-1P', 'Equivalence_Line_20: RVEA-random_dense-HUX to NSGA3-greedy_multi-1P', 'Equivalence_Line_21: RVEA-random_dense-2P to SMSEMOA-greedy_multi-1P', 'Equivalence_Line_22: RVEA-random_dense-1P to SMSEMOA-greedy_multi-2P', 'Equivalence_Line_23: SPEA2-greedy_multi-HUX to RVEA-greedy_multi-1P']"
NSGA3-greedy_ting-2P,0.3618556459361586,"['Equivalence_Line_1: AGEMOEA2-greedy_ting-UX to NSGA3-greedy_ting-1P', 'Equivalence_Line_2: NSGA2-random_dense-HUX to SPEA2-greedy_ting-HUX', 'Equivalence_Line_3: AGEMOEA2-greedy_ting-1P to SMSEMOA-random_dense-HUX', 'Equivalence_Line_4: NSGA2-greedy_ting-2P to AGEMOEA2-random_dense-2P', 'Equivalence_Line_5: NSGA3-random_dense-HUX to NSGA3-random_dense-2P', 'Equivalence_Line_6: SMSEMOA-greedy_ting-2P to AGEMOEA2-random_dense-1P', 'Equivalence_Line_7: SPEA2-random_dense-HUX to SPEA2-greedy_ting-2P', 'Equivalence_Line_8: NSGA3-greedy_ting-2P to SMSEMOA-random_dense-1P', 'Equivalence_Line_9: SMSEMOA-greedy_ting-HUX to RVEA-random_dense-UX', 'Equivalence_Line_10: NSGA3-greedy_ting-1P to RVEA-greedy_ting-UX', 'Equivalence_Line_11: SPEA2-greedy_ting-UX to RVEA-random_dense-1P', 'Equivalence_Line_12: SMSEMOA-random_dense-UX to SPEA2-greedy_multi-HUX', 'Equivalence_Line_13: NSGA2-random_dense-2P to SPEA2-greedy_multi-UX', 'Equivalence_Line_14: AGEMOEA2-random_dense-2P to AGEMOEA2-greedy_multi-HUX', 'Equivalence_Line_15: UNSGA3-random_dense-2P to UNSGA3-greedy_multi-UX', 'Equivalence_Line_16: NSGA3-random_dense-2P to NSGA3-greedy_multi-UX', 'Equivalence_Line_17: SPEA2-random_dense-2P to AGEMOEA2-greedy_multi-2P', 'Equivalence_Line_18: UNSGA3-random_dense-1P to AGEMOEA2-greedy_multi-1P', 'Equivalence_Line_19: SMSEMOA-random_dense-1P to SPEA2-greedy_multi-1P', 'Equivalence_Line_20: RVEA-random_dense-HUX to NSGA3-greedy_multi-1P', 'Equivalence_Line_21: RVEA-random_dense-2P to SMSEMOA-greedy_multi-1P', 'Equivalence_Line_22: RVEA-random_dense-1P to SMSEMOA-greedy_multi-2P', 'Equivalence_Line_23: SPEA2-greedy_multi-HUX to RVEA-greedy_multi-1P']"
UNSGA3-greedy_ting-HUX,0.36176186563671003,"['Equivalence_Line_1: AGEMOEA2-greedy_ting-UX to NSGA3-greedy_ting-1P', 'Equivalence_Line_2: NSGA2-random_dense-HUX to SPEA2-greedy_ting-HUX', 'Equivalence_Line_3: AGEMOEA2-greedy_ting-1P to SMSEMOA-random_dense-HUX', 'Equivalence_Line_4: NSGA2-greedy_ting-2P to AGEMOEA2-random_dense-2P', 'Equivalence_Line_5: NSGA3-random_dense-HUX to NSGA3-random_dense-2P', 'Equivalence_Line_6: SMSEMOA-greedy_ting-2P to AGEMOEA2-random_dense-1P', 'Equivalence_Line_7: SPEA2-random_dense-HUX to SPEA2-greedy_ting-2P', 'Equivalence_Line_8: NSGA3-greedy_ting-2P to SMSEMOA-random_dense-1P', 'Equivalence_Line_9: SMSEMOA-greedy_ting-HUX to RVEA-random_dense-UX', 'Equivalence_Line_10: NSGA3-greedy_ting-1P to RVEA-greedy_ting-UX', 'Equivalence_Line_11: SPEA2-greedy_ting-UX to RVEA-random_dense-1P', 'Equivalence_Line_12: SMSEMOA-random_dense-UX to SPEA2-greedy_multi-HUX', 'Equivalence_Line_13: NSGA2-random_dense-2P to SPEA2-greedy_multi-UX', 'Equivalence_Line_14: AGEMOEA2-random_dense-2P to AGEMOEA2-greedy_multi-HUX', 'Equivalence_Line_15: UNSGA3-random_dense-2P to UNSGA3-greedy_multi-UX', 'Equivalence_Line_16: NSGA3-random_dense-2P to NSGA3-greedy_multi-UX', 'Equivalence_Line_17: SPEA2-random_dense-2P to AGEMOEA2-greedy_multi-2P', 'Equivalence_Line_18: UNSGA3-random_dense-1P to AGEMOEA2-greedy_multi-1P', 'Equivalence_Line_19: SMSEMOA-random_dense-1P to SPEA2-greedy_multi-1P', 'Equivalence_Line_20: RVEA-random_dense-HUX to NSGA3-greedy_multi-1P', 'Equivalence_Line_21: RVEA-random_dense-2P to SMSEMOA-greedy_multi-1P', 'Equivalence_Line_22: RVEA-random_dense-1P to SMSEMOA-greedy_multi-2P', 'Equivalence_Line_23: SPEA2-greedy_multi-HUX to RVEA-greedy_multi-1P']"
UNSGA3-greedy_ting-2P,0.36119486575420556,"['Equivalence_Line_1: AGEMOEA2-greedy_ting-UX to NSGA3-greedy_ting-1P', 'Equivalence_Line_2: NSGA2-random_dense-HUX to SPEA2-greedy_ting-HUX', 'Equivalence_Line_3: AGEMOEA2-greedy_ting-1P to SMSEMOA-random_dense-HUX', 'Equivalence_Line_4: NSGA2-greedy_ting-2P to AGEMOEA2-random_dense-2P', 'Equivalence_Line_5: NSGA3-random_dense-HUX to NSGA3-random_dense-2P', 'Equivalence_Line_6: SMSEMOA-greedy_ting-2P to AGEMOEA2-random_dense-1P', 'Equivalence_Line_7: SPEA2-random_dense-HUX to SPEA2-greedy_ting-2P', 'Equivalence_Line_8: NSGA3-greedy_ting-2P to SMSEMOA-random_dense-1P', 'Equivalence_Line_9: SMSEMOA-greedy_ting-HUX to RVEA-random_dense-UX', 'Equivalence_Line_10: NSGA3-greedy_ting-1P to RVEA-greedy_ting-UX', 'Equivalence_Line_11: SPEA2-greedy_ting-UX to RVEA-random_dense-1P', 'Equivalence_Line_12: SMSEMOA-random_dense-UX to SPEA2-greedy_multi-HUX', 'Equivalence_Line_13: NSGA2-random_dense-2P to SPEA2-greedy_multi-UX', 'Equivalence_Line_14: AGEMOEA2-random_dense-2P to AGEMOEA2-greedy_multi-HUX', 'Equivalence_Line_15: UNSGA3-random_dense-2P to UNSGA3-greedy_multi-UX', 'Equivalence_Line_16: NSGA3-random_dense-2P to NSGA3-greedy_multi-UX', 'Equivalence_Line_17: SPEA2-random_dense-2P to AGEMOEA2-greedy_multi-2P', 'Equivalence_Line_18: UNSGA3-random_dense-1P to AGEMOEA2-greedy_multi-1P', 'Equivalence_Line_19: SMSEMOA-random_dense-1P to SPEA2-greedy_multi-1P', 'Equivalence_Line_20: RVEA-random_dense-HUX to NSGA3-greedy_multi-1P', 'Equivalence_Line_21: RVEA-random_dense-2P to SMSEMOA-greedy_multi-1P', 'Equivalence_Line_22: RVEA-random_dense-1P to SMSEMOA-greedy_multi-2P', 'Equivalence_Line_23: SPEA2-greedy_multi-HUX to RVEA-greedy_multi-1P']"
SMSEMOA-greedy_ting-1P,0.35987595504767805,"['Equivalence_Line_1: AGEMOEA2-greedy_ting-UX to NSGA3-greedy_ting-1P', 'Equivalence_Line_2: NSGA2-random_dense-HUX to SPEA2-greedy_ting-HUX', 'Equivalence_Line_3: AGEMOEA2-greedy_ting-1P to SMSEMOA-random_dense-HUX', 'Equivalence_Line_4: NSGA2-greedy_ting-2P to AGEMOEA2-random_dense-2P', 'Equivalence_Line_5: NSGA3-random_dense-HUX to NSGA3-random_dense-2P', 'Equivalence_Line_6: SMSEMOA-greedy_ting-2P to AGEMOEA2-random_dense-1P', 'Equivalence_Line_7: SPEA2-random_dense-HUX to SPEA2-greedy_ting-2P', 'Equivalence_Line_8: NSGA3-greedy_ting-2P to SMSEMOA-random_dense-1P', 'Equivalence_Line_9: SMSEMOA-greedy_ting-HUX to RVEA-random_dense-UX', 'Equivalence_Line_10: NSGA3-greedy_ting-1P to RVEA-greedy_ting-UX', 'Equivalence_Line_11: SPEA2-greedy_ting-UX to RVEA-random_dense-1P', 'Equivalence_Line_12: SMSEMOA-random_dense-UX to SPEA2-greedy_multi-HUX', 'Equivalence_Line_13: NSGA2-random_dense-2P to SPEA2-greedy_multi-UX', 'Equivalence_Line_14: AGEMOEA2-random_dense-2P to AGEMOEA2-greedy_multi-HUX', 'Equivalence_Line_15: UNSGA3-random_dense-2P to UNSGA3-greedy_multi-UX', 'Equivalence_Line_16: NSGA3-random_dense-2P to NSGA3-greedy_multi-UX', 'Equivalence_Line_17: SPEA2-random_dense-2P to AGEMOEA2-greedy_multi-2P', 'Equivalence_Line_18: UNSGA3-random_dense-1P to AGEMOEA2-greedy_multi-1P', 'Equivalence_Line_19: SMSEMOA-random_dense-1P to SPEA2-greedy_multi-1P', 'Equivalence_Line_20: RVEA-random_dense-HUX to NSGA3-greedy_multi-1P', 'Equivalence_Line_21: RVEA-random_dense-2P to SMSEMOA-greedy_multi-1P', 'Equivalence_Line_22: RVEA-random_dense-1P to SMSEMOA-greedy_multi-2P', 'Equivalence_Line_23: SPEA2-greedy_multi-HUX to RVEA-greedy_multi-1P']"
NSGA3-greedy_ting-UX,0.3587307264726825,"['Equivalence_Line_1: AGEMOEA2-greedy_ting-UX to NSGA3-greedy_ting-1P', 'Equivalence_Line_2: NSGA2-random_dense-HUX to SPEA2-greedy_ting-HUX', 'Equivalence_Line_3: AGEMOEA2-greedy_ting-1P to SMSEMOA-random_dense-HUX', 'Equivalence_Line_4: NSGA2-greedy_ting-2P to AGEMOEA2-random_dense-2P', 'Equivalence_Line_5: NSGA3-random_dense-HUX to NSGA3-random_dense-2P', 'Equivalence_Line_6: SMSEMOA-greedy_ting-2P to AGEMOEA2-random_dense-1P', 'Equivalence_Line_7: SPEA2-random_dense-HUX to SPEA2-greedy_ting-2P', 'Equivalence_Line_8: NSGA3-greedy_ting-2P to SMSEMOA-random_dense-1P', 'Equivalence_Line_9: SMSEMOA-greedy_ting-HUX to RVEA-random_dense-UX', 'Equivalence_Line_10: NSGA3-greedy_ting-1P to RVEA-greedy_ting-UX', 'Equivalence_Line_11: SPEA2-greedy_ting-UX to RVEA-random_dense-1P', 'Equivalence_Line_12: SMSEMOA-random_dense-UX to SPEA2-greedy_multi-HUX', 'Equivalence_Line_13: NSGA2-random_dense-2P to SPEA2-greedy_multi-UX', 'Equivalence_Line_14: AGEMOEA2-random_dense-2P to AGEMOEA2-greedy_multi-HUX', 'Equivalence_Line_15: UNSGA3-random_dense-2P to UNSGA3-greedy_multi-UX', 'Equivalence_Line_16: NSGA3-random_dense-2P to NSGA3-greedy_multi-UX', 'Equivalence_Line_17: SPEA2-random_dense-2P to AGEMOEA2-greedy_multi-2P', 'Equivalence_Line_18: UNSGA3-random_dense-1P to AGEMOEA2-greedy_multi-1P', 'Equivalence_Line_19: SMSEMOA-random_dense-1P to SPEA2-greedy_multi-1P', 'Equivalence_Line_20: RVEA-random_dense-HUX to NSGA3-greedy_multi-1P', 'Equivalence_Line_21: RVEA-random_dense-2P to SMSEMOA-greedy_multi-1P', 'Equivalence_Line_22: RVEA-random_dense-1P to SMSEMOA-greedy_multi-2P', 'Equivalence_Line_23: SPEA2-greedy_multi-HUX to RVEA-greedy_multi-1P']"
NSGA3-greedy_ting-HUX,0.35862128683469696,"['Equivalence_Line_1: AGEMOEA2-greedy_ting-UX to NSGA3-greedy_ting-1P', 'Equivalence_Line_2: NSGA2-random_dense-HUX to SPEA2-greedy_ting-HUX', 'Equivalence_Line_3: AGEMOEA2-greedy_ting-1P to SMSEMOA-random_dense-HUX', 'Equivalence_Line_4: NSGA2-greedy_ting-2P to AGEMOEA2-random_dense-2P', 'Equivalence_Line_5: NSGA3-random_dense-HUX to NSGA3-random_dense-2P', 'Equivalence_Line_6: SMSEMOA-greedy_ting-2P to AGEMOEA2-random_dense-1P', 'Equivalence_Line_7: SPEA2-random_dense-HUX to SPEA2-greedy_ting-2P', 'Equivalence_Line_8: NSGA3-greedy_ting-2P to SMSEMOA-random_dense-1P', 'Equivalence_Line_9: SMSEMOA-greedy_ting-HUX to RVEA-random_dense-UX', 'Equivalence_Line_10: NSGA3-greedy_ting-1P to RVEA-greedy_ting-UX', 'Equivalence_Line_11: SPEA2-greedy_ting-UX to RVEA-random_dense-1P', 'Equivalence_Line_12: SMSEMOA-random_dense-UX to SPEA2-greedy_multi-HUX', 'Equivalence_Line_13: NSGA2-random_dense-2P to SPEA2-greedy_multi-UX', 'Equivalence_Line_14: AGEMOEA2-random_dense-2P to AGEMOEA2-greedy_multi-HUX', 'Equivalence_Line_15: UNSGA3-random_dense-2P to UNSGA3-greedy_multi-UX', 'Equivalence_Line_16: NSGA3-random_dense-2P to NSGA3-greedy_multi-UX', 'Equivalence_Line_17: SPEA2-random_dense-2P to AGEMOEA2-greedy_multi-2P', 'Equivalence_Line_18: UNSGA3-random_dense-1P to AGEMOEA2-greedy_multi-1P', 'Equivalence_Line_19: SMSEMOA-random_dense-1P to SPEA2-greedy_multi-1P', 'Equivalence_Line_20: RVEA-random_dense-HUX to NSGA3-greedy_multi-1P', 'Equivalence_Line_21: RVEA-random_dense-2P to SMSEMOA-greedy_multi-1P', 'Equivalence_Line_22: RVEA-random_dense-1P to SMSEMOA-greedy_multi-2P', 'Equivalence_Line_23: SPEA2-greedy_multi-HUX to RVEA-greedy_multi-1P']"
UNSGA3-greedy_ting-UX,0.3583538047214869,"['Equivalence_Line_1: AGEMOEA2-greedy_ting-UX to NSGA3-greedy_ting-1P', 'Equivalence_Line_2: NSGA2-random_dense-HUX to SPEA2-greedy_ting-HUX', 'Equivalence_Line_3: AGEMOEA2-greedy_ting-1P to SMSEMOA-random_dense-HUX', 'Equivalence_Line_4: NSGA2-greedy_ting-2P to AGEMOEA2-random_dense-2P', 'Equivalence_Line_5: NSGA3-random_dense-HUX to NSGA3-random_dense-2P', 'Equivalence_Line_6: SMSEMOA-greedy_ting-2P to AGEMOEA2-random_dense-1P', 'Equivalence_Line_7: SPEA2-random_dense-HUX to SPEA2-greedy_ting-2P', 'Equivalence_Line_8: NSGA3-greedy_ting-2P to SMSEMOA-random_dense-1P', 'Equivalence_Line_9: SMSEMOA-greedy_ting-HUX to RVEA-random_dense-UX', 'Equivalence_Line_10: NSGA3-greedy_ting-1P to RVEA-greedy_ting-UX', 'Equivalence_Line_11: SPEA2-greedy_ting-UX to RVEA-random_dense-1P', 'Equivalence_Line_12: SMSEMOA-random_dense-UX to SPEA2-greedy_multi-HUX', 'Equivalence_Line_13: NSGA2-random_dense-2P to SPEA2-greedy_multi-UX', 'Equivalence_Line_14: AGEMOEA2-random_dense-2P to AGEMOEA2-greedy_multi-HUX', 'Equivalence_Line_15: UNSGA3-random_dense-2P to UNSGA3-greedy_multi-UX', 'Equivalence_Line_16: NSGA3-random_dense-2P to NSGA3-greedy_multi-UX', 'Equivalence_Line_17: SPEA2-random_dense-2P to AGEMOEA2-greedy_multi-2P', 'Equivalence_Line_18: UNSGA3-random_dense-1P to AGEMOEA2-greedy_multi-1P', 'Equivalence_Line_19: SMSEMOA-random_dense-1P to SPEA2-greedy_multi-1P', 'Equivalence_Line_20: RVEA-random_dense-HUX to NSGA3-greedy_multi-1P', 'Equivalence_Line_21: RVEA-random_dense-2P to SMSEMOA-greedy_multi-1P', 'Equivalence_Line_22: RVEA-random_dense-1P to SMSEMOA-greedy_multi-2P', 'Equivalence_Line_23: SPEA2-greedy_multi-HUX to RVEA-greedy_multi-1P']"
SMSEMOA-greedy_ting-HUX,0.3579201547508046,"['Equivalence_Line_1: AGEMOEA2-greedy_ting-UX to NSGA3-greedy_ting-1P', 'Equivalence_Line_2: NSGA2-random_dense-HUX to SPEA2-greedy_ting-HUX', 'Equivalence_Line_3: AGEMOEA2-greedy_ting-1P to SMSEMOA-random_dense-HUX', 'Equivalence_Line_4: NSGA2-greedy_ting-2P to AGEMOEA2-random_dense-2P', 'Equivalence_Line_5: NSGA3-random_dense-HUX to NSGA3-random_dense-2P', 'Equivalence_Line_6: SMSEMOA-greedy_ting-2P to AGEMOEA2-random_dense-1P', 'Equivalence_Line_7: SPEA2-random_dense-HUX to SPEA2-greedy_ting-2P', 'Equivalence_Line_8: NSGA3-greedy_ting-2P to SMSEMOA-random_dense-1P', 'Equivalence_Line_9: SMSEMOA-greedy_ting-HUX to RVEA-random_dense-UX', 'Equivalence_Line_10: NSGA3-greedy_ting-1P to RVEA-greedy_ting-UX', 'Equivalence_Line_11: SPEA2-greedy_ting-UX to RVEA-random_dense-1P', 'Equivalence_Line_12: SMSEMOA-random_dense-UX to SPEA2-greedy_multi-HUX', 'Equivalence_Line_13: NSGA2-random_dense-2P to SPEA2-greedy_multi-UX', 'Equivalence_Line_14: AGEMOEA2-random_dense-2P to AGEMOEA2-greedy_multi-HUX', 'Equivalence_Line_15: UNSGA3-random_dense-2P to UNSGA3-greedy_multi-UX', 'Equivalence_Line_16: NSGA3-random_dense-2P to NSGA3-greedy_multi-UX', 'Equivalence_Line_17: SPEA2-random_dense-2P to AGEMOEA2-greedy_multi-2P', 'Equivalence_Line_18: UNSGA3-random_dense-1P to AGEMOEA2-greedy_multi-1P', 'Equivalence_Line_19: SMSEMOA-random_dense-1P to SPEA2-greedy_multi-1P', 'Equivalence_Line_20: RVEA-random_dense-HUX to NSGA3-greedy_multi-1P', 'Equivalence_Line_21: RVEA-random_dense-2P to SMSEMOA-greedy_multi-1P', 'Equivalence_Line_22: RVEA-random_dense-1P to SMSEMOA-greedy_multi-2P', 'Equivalence_Line_23: SPEA2-greedy_multi-HUX to RVEA-greedy_multi-1P']"
SMSEMOA-greedy_ting-UX,0.3576525654447197,"['Equivalence_Line_1: AGEMOEA2-greedy_ting-UX to NSGA3-greedy_ting-1P', 'Equivalence_Line_2: NSGA2-random_dense-HUX to SPEA2-greedy_ting-HUX', 'Equivalence_Line_3: AGEMOEA2-greedy_ting-1P to SMSEMOA-random_dense-HUX', 'Equivalence_Line_4: NSGA2-greedy_ting-2P to AGEMOEA2-random_dense-2P', 'Equivalence_Line_5: NSGA3-random_dense-HUX to NSGA3-random_dense-2P', 'Equivalence_Line_6: SMSEMOA-greedy_ting-2P to AGEMOEA2-random_dense-1P', 'Equivalence_Line_7: SPEA2-random_dense-HUX to SPEA2-greedy_ting-2P', 'Equivalence_Line_8: NSGA3-greedy_ting-2P to SMSEMOA-random_dense-1P', 'Equivalence_Line_9: SMSEMOA-greedy_ting-HUX to RVEA-random_dense-UX', 'Equivalence_Line_10: NSGA3-greedy_ting-1P to RVEA-greedy_ting-UX', 'Equivalence_Line_11: SPEA2-greedy_ting-UX to RVEA-random_dense-1P', 'Equivalence_Line_12: SMSEMOA-random_dense-UX to SPEA2-greedy_multi-HUX', 'Equivalence_Line_13: NSGA2-random_dense-2P to SPEA2-greedy_multi-UX', 'Equivalence_Line_14: AGEMOEA2-random_dense-2P to AGEMOEA2-greedy_multi-HUX', 'Equivalence_Line_15: UNSGA3-random_dense-2P to UNSGA3-greedy_multi-UX', 'Equivalence_Line_16: NSGA3-random_dense-2P to NSGA3-greedy_multi-UX', 'Equivalence_Line_17: SPEA2-random_dense-2P to AGEMOEA2-greedy_multi-2P', 'Equivalence_Line_18: UNSGA3-random_dense-1P to AGEMOEA2-greedy_multi-1P', 'Equivalence_Line_19: SMSEMOA-random_dense-1P to SPEA2-greedy_multi-1P', 'Equivalence_Line_20: RVEA-random_dense-HUX to NSGA3-greedy_multi-1P', 'Equivalence_Line_21: RVEA-random_dense-2P to SMSEMOA-greedy_multi-1P', 'Equivalence_Line_22: RVEA-random_dense-1P to SMSEMOA-greedy_multi-2P', 'Equivalence_Line_23: SPEA2-greedy_multi-HUX to RVEA-greedy_multi-1P']"
NSGA3-greedy_ting-1P,0.3537231578622037,"['Equivalence_Line_1: AGEMOEA2-greedy_ting-UX to NSGA3-greedy_ting-1P', 'Equivalence_Line_2: NSGA2-random_dense-HUX to SPEA2-greedy_ting-HUX', 'Equivalence_Line_3: AGEMOEA2-greedy_ting-1P to SMSEMOA-random_dense-HUX', 'Equivalence_Line_4: NSGA2-greedy_ting-2P to AGEMOEA2-random_dense-2P', 'Equivalence_Line_5: NSGA3-random_dense-HUX to NSGA3-random_dense-2P', 'Equivalence_Line_6: SMSEMOA-greedy_ting-2P to AGEMOEA2-random_dense-1P', 'Equivalence_Line_7: SPEA2-random_dense-HUX to SPEA2-greedy_ting-2P', 'Equivalence_Line_8: NSGA3-greedy_ting-2P to SMSEMOA-random_dense-1P', 'Equivalence_Line_9: SMSEMOA-greedy_ting-HUX to RVEA-random_dense-UX', 'Equivalence_Line_10: NSGA3-greedy_ting-1P to RVEA-greedy_ting-UX', 'Equivalence_Line_11: SPEA2-greedy_ting-UX to RVEA-random_dense-1P', 'Equivalence_Line_12: SMSEMOA-random_dense-UX to SPEA2-greedy_multi-HUX', 'Equivalence_Line_13: NSGA2-random_dense-2P to SPEA2-greedy_multi-UX', 'Equivalence_Line_14: AGEMOEA2-random_dense-2P to AGEMOEA2-greedy_multi-HUX', 'Equivalence_Line_15: UNSGA3-random_dense-2P to UNSGA3-greedy_multi-UX', 'Equivalence_Line_16: NSGA3-random_dense-2P to NSGA3-greedy_multi-UX', 'Equivalence_Line_17: SPEA2-random_dense-2P to AGEMOEA2-greedy_multi-2P', 'Equivalence_Line_18: UNSGA3-random_dense-1P to AGEMOEA2-greedy_multi-1P', 'Equivalence_Line_19: SMSEMOA-random_dense-1P to SPEA2-greedy_multi-1P', 'Equivalence_Line_20: RVEA-random_dense-HUX to NSGA3-greedy_multi-1P', 'Equivalence_Line_21: RVEA-random_dense-2P to SMSEMOA-greedy_multi-1P', 'Equivalence_Line_22: RVEA-random_dense-1P to SMSEMOA-greedy_multi-2P', 'Equivalence_Line_23: SPEA2-greedy_multi-HUX to RVEA-greedy_multi-1P']"
UNSGA3-greedy_ting-1P,0.35232186484602007,"['Equivalence_Line_1: AGEMOEA2-greedy_ting-UX to NSGA3-greedy_ting-1P', 'Equivalence_Line_2: NSGA2-random_dense-HUX to SPEA2-greedy_ting-HUX', 'Equivalence_Line_3: AGEMOEA2-greedy_ting-1P to SMSEMOA-random_dense-HUX', 'Equivalence_Line_4: NSGA2-greedy_ting-2P to AGEMOEA2-random_dense-2P', 'Equivalence_Line_5: NSGA3-random_dense-HUX to NSGA3-random_dense-2P', 'Equivalence_Line_6: SMSEMOA-greedy_ting-2P to AGEMOEA2-random_dense-1P', 'Equivalence_Line_7: SPEA2-random_dense-HUX to SPEA2-greedy_ting-2P', 'Equivalence_Line_8: NSGA3-greedy_ting-2P to SMSEMOA-random_dense-1P', 'Equivalence_Line_9: SMSEMOA-greedy_ting-HUX to RVEA-random_dense-UX', 'Equivalence_Line_10: NSGA3-greedy_ting-1P to RVEA-greedy_ting-UX', 'Equivalence_Line_11: SPEA2-greedy_ting-UX to RVEA-random_dense-1P', 'Equivalence_Line_12: SMSEMOA-random_dense-UX to SPEA2-greedy_multi-HUX', 'Equivalence_Line_13: NSGA2-random_dense-2P to SPEA2-greedy_multi-UX', 'Equivalence_Line_14: AGEMOEA2-random_dense-2P to AGEMOEA2-greedy_multi-HUX', 'Equivalence_Line_15: UNSGA3-random_dense-2P to UNSGA3-greedy_multi-UX', 'Equivalence_Line_16: NSGA3-random_dense-2P to NSGA3-greedy_multi-UX', 'Equivalence_Line_17: SPEA2-random_dense-2P to AGEMOEA2-greedy_multi-2P', 'Equivalence_Line_18: UNSGA3-random_dense-1P to AGEMOEA2-greedy_multi-1P', 'Equivalence_Line_19: SMSEMOA-random_dense-1P to SPEA2-greedy_multi-1P', 'Equivalence_Line_20: RVEA-random_dense-HUX to NSGA3-greedy_multi-1P', 'Equivalence_Line_21: RVEA-random_dense-2P to SMSEMOA-greedy_multi-1P', 'Equivalence_Line_22: RVEA-random_dense-1P to SMSEMOA-greedy_multi-2P', 'Equivalence_Line_23: SPEA2-greedy_multi-HUX to RVEA-greedy_multi-1P']"
SPEA2-greedy_ting-HUX,0.35080547085155384,"['Equivalence_Line_1: AGEMOEA2-greedy_ting-UX to NSGA3-greedy_ting-1P', 'Equivalence_Line_2: NSGA2-random_dense-HUX to SPEA2-greedy_ting-HUX', 'Equivalence_Line_3: AGEMOEA2-greedy_ting-1P to SMSEMOA-random_dense-HUX', 'Equivalence_Line_4: NSGA2-greedy_ting-2P to AGEMOEA2-random_dense-2P', 'Equivalence_Line_5: NSGA3-random_dense-HUX to NSGA3-random_dense-2P', 'Equivalence_Line_6: SMSEMOA-greedy_ting-2P to AGEMOEA2-random_dense-1P', 'Equivalence_Line_7: SPEA2-random_dense-HUX to SPEA2-greedy_ting-2P', 'Equivalence_Line_8: NSGA3-greedy_ting-2P to SMSEMOA-random_dense-1P', 'Equivalence_Line_9: SMSEMOA-greedy_ting-HUX to RVEA-random_dense-UX', 'Equivalence_Line_10: NSGA3-greedy_ting-1P to RVEA-greedy_ting-UX', 'Equivalence_Line_11: SPEA2-greedy_ting-UX to RVEA-random_dense-1P', 'Equivalence_Line_12: SMSEMOA-random_dense-UX to SPEA2-greedy_multi-HUX', 'Equivalence_Line_13: NSGA2-random_dense-2P to SPEA2-greedy_multi-UX', 'Equivalence_Line_14: AGEMOEA2-random_dense-2P to AGEMOEA2-greedy_multi-HUX', 'Equivalence_Line_15: UNSGA3-random_dense-2P to UNSGA3-greedy_multi-UX', 'Equivalence_Line_16: NSGA3-random_dense-2P to NSGA3-greedy_multi-UX', 'Equivalence_Line_17: SPEA2-random_dense-2P to AGEMOEA2-greedy_multi-2P', 'Equivalence_Line_18: UNSGA3-random_dense-1P to AGEMOEA2-greedy_multi-1P', 'Equivalence_Line_19: SMSEMOA-random_dense-1P to SPEA2-greedy_multi-1P', 'Equivalence_Line_20: RVEA-random_dense-HUX to NSGA3-greedy_multi-1P', 'Equivalence_Line_21: RVEA-random_dense-2P to SMSEMOA-greedy_multi-1P', 'Equivalence_Line_22: RVEA-random_dense-1P to SMSEMOA-greedy_multi-2P', 'Equivalence_Line_23: SPEA2-greedy_multi-HUX to RVEA-greedy_multi-1P']"
SPEA2-greedy_ting-UX,0.34820549916034393,"['Equivalence_Line_1: AGEMOEA2-greedy_ting-UX to NSGA3-greedy_ting-1P', 'Equivalence_Line_2: NSGA2-random_dense-HUX to SPEA2-greedy_ting-HUX', 'Equivalence_Line_3: AGEMOEA2-greedy_ting-1P to SMSEMOA-random_dense-HUX', 'Equivalence_Line_4: NSGA2-greedy_ting-2P to AGEMOEA2-random_dense-2P', 'Equivalence_Line_5: NSGA3-random_dense-HUX to NSGA3-random_dense-2P', 'Equivalence_Line_6: SMSEMOA-greedy_ting-2P to AGEMOEA2-random_dense-1P', 'Equivalence_Line_7: SPEA2-random_dense-HUX to SPEA2-greedy_ting-2P', 'Equivalence_Line_8: NSGA3-greedy_ting-2P to SMSEMOA-random_dense-1P', 'Equivalence_Line_9: SMSEMOA-greedy_ting-HUX to RVEA-random_dense-UX', 'Equivalence_Line_10: NSGA3-greedy_ting-1P to RVEA-greedy_ting-UX', 'Equivalence_Line_11: SPEA2-greedy_ting-UX to RVEA-random_dense-1P', 'Equivalence_Line_12: SMSEMOA-random_dense-UX to SPEA2-greedy_multi-HUX', 'Equivalence_Line_13: NSGA2-random_dense-2P to SPEA2-greedy_multi-UX', 'Equivalence_Line_14: AGEMOEA2-random_dense-2P to AGEMOEA2-greedy_multi-HUX', 'Equivalence_Line_15: UNSGA3-random_dense-2P to UNSGA3-greedy_multi-UX', 'Equivalence_Line_16: NSGA3-random_dense-2P to NSGA3-greedy_multi-UX', 'Equivalence_Line_17: SPEA2-random_dense-2P to AGEMOEA2-greedy_multi-2P', 'Equivalence_Line_18: UNSGA3-random_dense-1P to AGEMOEA2-greedy_multi-1P', 'Equivalence_Line_19: SMSEMOA-random_dense-1P to SPEA2-greedy_multi-1P', 'Equivalence_Line_20: RVEA-random_dense-HUX to NSGA3-greedy_multi-1P', 'Equivalence_Line_21: RVEA-random_dense-2P to SMSEMOA-greedy_multi-1P', 'Equivalence_Line_22: RVEA-random_dense-1P to SMSEMOA-greedy_multi-2P', 'Equivalence_Line_23: SPEA2-greedy_multi-HUX to RVEA-greedy_multi-1P']"
SMSEMOA-random_dense-HUX,0.3421933968101124,"['Equivalence_Line_1: AGEMOEA2-greedy_ting-UX to NSGA3-greedy_ting-1P', 'Equivalence_Line_2: NSGA2-random_dense-HUX to SPEA2-greedy_ting-HUX', 'Equivalence_Line_3: AGEMOEA2-greedy_ting-1P to SMSEMOA-random_dense-HUX', 'Equivalence_Line_4: NSGA2-greedy_ting-2P to AGEMOEA2-random_dense-2P', 'Equivalence_Line_5: NSGA3-random_dense-HUX to NSGA3-random_dense-2P', 'Equivalence_Line_6: SMSEMOA-greedy_ting-2P to AGEMOEA2-random_dense-1P', 'Equivalence_Line_7: SPEA2-random_dense-HUX to SPEA2-greedy_ting-2P', 'Equivalence_Line_8: NSGA3-greedy_ting-2P to SMSEMOA-random_dense-1P', 'Equivalence_Line_9: SMSEMOA-greedy_ting-HUX to RVEA-random_dense-UX', 'Equivalence_Line_10: NSGA3-greedy_ting-1P to RVEA-greedy_ting-UX', 'Equivalence_Line_11: SPEA2-greedy_ting-UX to RVEA-random_dense-1P', 'Equivalence_Line_12: SMSEMOA-random_dense-UX to SPEA2-greedy_multi-HUX', 'Equivalence_Line_13: NSGA2-random_dense-2P to SPEA2-greedy_multi-UX', 'Equivalence_Line_14: AGEMOEA2-random_dense-2P to AGEMOEA2-greedy_multi-HUX', 'Equivalence_Line_15: UNSGA3-random_dense-2P to UNSGA3-greedy_multi-UX', 'Equivalence_Line_16: NSGA3-random_dense-2P to NSGA3-greedy_multi-UX', 'Equivalence_Line_17: SPEA2-random_dense-2P to AGEMOEA2-greedy_multi-2P', 'Equivalence_Line_18: UNSGA3-random_dense-1P to AGEMOEA2-greedy_multi-1P', 'Equivalence_Line_19: SMSEMOA-random_dense-1P to SPEA2-greedy_multi-1P', 'Equivalence_Line_20: RVEA-random_dense-HUX to NSGA3-greedy_multi-1P', 'Equivalence_Line_21: RVEA-random_dense-2P to SMSEMOA-greedy_multi-1P', 'Equivalence_Line_22: RVEA-random_dense-1P to SMSEMOA-greedy_multi-2P', 'Equivalence_Line_23: SPEA2-greedy_multi-HUX to RVEA-greedy_multi-1P']"
SMSEMOA-random_dense-UX,0.3413191250458169,"['Equivalence_Line_1: AGEMOEA2-greedy_ting-UX to NSGA3-greedy_ting-1P', 'Equivalence_Line_2: NSGA2-random_dense-HUX to SPEA2-greedy_ting-HUX', 'Equivalence_Line_3: AGEMOEA2-greedy_ting-1P to SMSEMOA-random_dense-HUX', 'Equivalence_Line_4: NSGA2-greedy_ting-2P to AGEMOEA2-random_dense-2P', 'Equivalence_Line_5: NSGA3-random_dense-HUX to NSGA3-random_dense-2P', 'Equivalence_Line_6: SMSEMOA-greedy_ting-2P to AGEMOEA2-random_dense-1P', 'Equivalence_Line_7: SPEA2-random_dense-HUX to SPEA2-greedy_ting-2P', 'Equivalence_Line_8: NSGA3-greedy_ting-2P to SMSEMOA-random_dense-1P', 'Equivalence_Line_9: SMSEMOA-greedy_ting-HUX to RVEA-random_dense-UX', 'Equivalence_Line_10: NSGA3-greedy_ting-1P to RVEA-greedy_ting-UX', 'Equivalence_Line_11: SPEA2-greedy_ting-UX to RVEA-random_dense-1P', 'Equivalence_Line_12: SMSEMOA-random_dense-UX to SPEA2-greedy_multi-HUX', 'Equivalence_Line_13: NSGA2-random_dense-2P to SPEA2-greedy_multi-UX', 'Equivalence_Line_14: AGEMOEA2-random_dense-2P to AGEMOEA2-greedy_multi-HUX', 'Equivalence_Line_15: UNSGA3-random_dense-2P to UNSGA3-greedy_multi-UX', 'Equivalence_Line_16: NSGA3-random_dense-2P to NSGA3-greedy_multi-UX', 'Equivalence_Line_17: SPEA2-random_dense-2P to AGEMOEA2-greedy_multi-2P', 'Equivalence_Line_18: UNSGA3-random_dense-1P to AGEMOEA2-greedy_multi-1P', 'Equivalence_Line_19: SMSEMOA-random_dense-1P to SPEA2-greedy_multi-1P', 'Equivalence_Line_20: RVEA-random_dense-HUX to NSGA3-greedy_multi-1P', 'Equivalence_Line_21: RVEA-random_dense-2P to SMSEMOA-greedy_multi-1P', 'Equivalence_Line_22: RVEA-random_dense-1P to SMSEMOA-greedy_multi-2P', 'Equivalence_Line_23: SPEA2-greedy_multi-HUX to RVEA-greedy_multi-1P']"
NSGA2-random_dense-2P,0.34021475714104876,"['Equivalence_Line_1: AGEMOEA2-greedy_ting-UX to NSGA3-greedy_ting-1P', 'Equivalence_Line_2: NSGA2-random_dense-HUX to SPEA2-greedy_ting-HUX', 'Equivalence_Line_3: AGEMOEA2-greedy_ting-1P to SMSEMOA-random_dense-HUX', 'Equivalence_Line_4: NSGA2-greedy_ting-2P to AGEMOEA2-random_dense-2P', 'Equivalence_Line_5: NSGA3-random_dense-HUX to NSGA3-random_dense-2P', 'Equivalence_Line_6: SMSEMOA-greedy_ting-2P to AGEMOEA2-random_dense-1P', 'Equivalence_Line_7: SPEA2-random_dense-HUX to SPEA2-greedy_ting-2P', 'Equivalence_Line_8: NSGA3-greedy_ting-2P to SMSEMOA-random_dense-1P', 'Equivalence_Line_9: SMSEMOA-greedy_ting-HUX to RVEA-random_dense-UX', 'Equivalence_Line_10: NSGA3-greedy_ting-1P to RVEA-greedy_ting-UX', 'Equivalence_Line_11: SPEA2-greedy_ting-UX to RVEA-random_dense-1P', 'Equivalence_Line_12: SMSEMOA-random_dense-UX to SPEA2-greedy_multi-HUX', 'Equivalence_Line_13: NSGA2-random_dense-2P to SPEA2-greedy_multi-UX', 'Equivalence_Line_14: AGEMOEA2-random_dense-2P to AGEMOEA2-greedy_multi-HUX', 'Equivalence_Line_15: UNSGA3-random_dense-2P to UNSGA3-greedy_multi-UX', 'Equivalence_Line_16: NSGA3-random_dense-2P to NSGA3-greedy_multi-UX', 'Equivalence_Line_17: SPEA2-random_dense-2P to AGEMOEA2-greedy_multi-2P', 'Equivalence_Line_18: UNSGA3-random_dense-1P to AGEMOEA2-greedy_multi-1P', 'Equivalence_Line_19: SMSEMOA-random_dense-1P to SPEA2-greedy_multi-1P', 'Equivalence_Line_20: RVEA-random_dense-HUX to NSGA3-greedy_multi-1P', 'Equivalence_Line_21: RVEA-random_dense-2P to SMSEMOA-greedy_multi-1P', 'Equivalence_Line_22: RVEA-random_dense-1P to SMSEMOA-greedy_multi-2P', 'Equivalence_Line_23: SPEA2-greedy_multi-HUX to RVEA-greedy_multi-1P']"
AGEMOEA2-random_dense-2P,0.3365383352995329,"['Equivalence_Line_1: AGEMOEA2-greedy_ting-UX to NSGA3-greedy_ting-1P', 'Equivalence_Line_2: NSGA2-random_dense-HUX to SPEA2-greedy_ting-HUX', 'Equivalence_Line_3: AGEMOEA2-greedy_ting-1P to SMSEMOA-random_dense-HUX', 'Equivalence_Line_4: NSGA2-greedy_ting-2P to AGEMOEA2-random_dense-2P', 'Equivalence_Line_5: NSGA3-random_dense-HUX to NSGA3-random_dense-2P', 'Equivalence_Line_6: SMSEMOA-greedy_ting-2P to AGEMOEA2-random_dense-1P', 'Equivalence_Line_7: SPEA2-random_dense-HUX to SPEA2-greedy_ting-2P', 'Equivalence_Line_8: NSGA3-greedy_ting-2P to SMSEMOA-random_dense-1P', 'Equivalence_Line_9: SMSEMOA-greedy_ting-HUX to RVEA-random_dense-UX', 'Equivalence_Line_10: NSGA3-greedy_ting-1P to RVEA-greedy_ting-UX', 'Equivalence_Line_11: SPEA2-greedy_ting-UX to RVEA-random_dense-1P', 'Equivalence_Line_12: SMSEMOA-random_dense-UX to SPEA2-greedy_multi-HUX', 'Equivalence_Line_13: NSGA2-random_dense-2P to SPEA2-greedy_multi-UX', 'Equivalence_Line_14: AGEMOEA2-random_dense-2P to AGEMOEA2-greedy_multi-HUX', 'Equivalence_Line_15: UNSGA3-random_dense-2P to UNSGA3-greedy_multi-UX', 'Equivalence_Line_16: NSGA3-random_dense-2P to NSGA3-greedy_multi-UX', 'Equivalence_Line_17: SPEA2-random_dense-2P to AGEMOEA2-greedy_multi-2P', 'Equivalence_Line_18: UNSGA3-random_dense-1P to AGEMOEA2-greedy_multi-1P', 'Equivalence_Line_19: SMSEMOA-random_dense-1P to SPEA2-greedy_multi-1P', 'Equivalence_Line_20: RVEA-random_dense-HUX to NSGA3-greedy_multi-1P', 'Equivalence_Line_21: RVEA-random_dense-2P to SMSEMOA-greedy_multi-1P', 'Equivalence_Line_22: RVEA-random_dense-1P to SMSEMOA-greedy_multi-2P', 'Equivalence_Line_23: SPEA2-greedy_multi-HUX to RVEA-greedy_multi-1P']"
UNSGA3-random_dense-2P,0.328261162210889,"['Equivalence_Line_1: AGEMOEA2-greedy_ting-UX to NSGA3-greedy_ting-1P', 'Equivalence_Line_2: NSGA2-random_dense-HUX to SPEA2-greedy_ting-HUX', 'Equivalence_Line_3: AGEMOEA2-greedy_ting-1P to SMSEMOA-random_dense-HUX', 'Equivalence_Line_4: NSGA2-greedy_ting-2P to AGEMOEA2-random_dense-2P', 'Equivalence_Line_5: NSGA3-random_dense-HUX to NSGA3-random_dense-2P', 'Equivalence_Line_6: SMSEMOA-greedy_ting-2P to AGEMOEA2-random_dense-1P', 'Equivalence_Line_7: SPEA2-random_dense-HUX to SPEA2-greedy_ting-2P', 'Equivalence_Line_8: NSGA3-greedy_ting-2P to SMSEMOA-random_dense-1P', 'Equivalence_Line_9: SMSEMOA-greedy_ting-HUX to RVEA-random_dense-UX', 'Equivalence_Line_10: NSGA3-greedy_ting-1P to RVEA-greedy_ting-UX', 'Equivalence_Line_11: SPEA2-greedy_ting-UX to RVEA-random_dense-1P', 'Equivalence_Line_12: SMSEMOA-random_dense-UX to SPEA2-greedy_multi-HUX', 'Equivalence_Line_13: NSGA2-random_dense-2P to SPEA2-greedy_multi-UX', 'Equivalence_Line_14: AGEMOEA2-random_dense-2P to AGEMOEA2-greedy_multi-HUX', 'Equivalence_Line_15: UNSGA3-random_dense-2P to UNSGA3-greedy_multi-UX', 'Equivalence_Line_16: NSGA3-random_dense-2P to NSGA3-greedy_multi-UX', 'Equivalence_Line_17: SPEA2-random_dense-2P to AGEMOEA2-greedy_multi-2P', 'Equivalence_Line_18: UNSGA3-random_dense-1P to AGEMOEA2-greedy_multi-1P', 'Equivalence_Line_19: SMSEMOA-random_dense-1P to SPEA2-greedy_multi-1P', 'Equivalence_Line_20: RVEA-random_dense-HUX to NSGA3-greedy_multi-1P', 'Equivalence_Line_21: RVEA-random_dense-2P to SMSEMOA-greedy_multi-1P', 'Equivalence_Line_22: RVEA-random_dense-1P to SMSEMOA-greedy_multi-2P', 'Equivalence_Line_23: SPEA2-greedy_multi-HUX to RVEA-greedy_multi-1P']"
NSGA3-random_dense-2P,0.3241966323688053,"['Equivalence_Line_1: AGEMOEA2-greedy_ting-UX to NSGA3-greedy_ting-1P', 'Equivalence_Line_2: NSGA2-random_dense-HUX to SPEA2-greedy_ting-HUX', 'Equivalence_Line_3: AGEMOEA2-greedy_ting-1P to SMSEMOA-random_dense-HUX', 'Equivalence_Line_4: NSGA2-greedy_ting-2P to AGEMOEA2-random_dense-2P', 'Equivalence_Line_5: NSGA3-random_dense-HUX to NSGA3-random_dense-2P', 'Equivalence_Line_6: SMSEMOA-greedy_ting-2P to AGEMOEA2-random_dense-1P', 'Equivalence_Line_7: SPEA2-random_dense-HUX to SPEA2-greedy_ting-2P', 'Equivalence_Line_8: NSGA3-greedy_ting-2P to SMSEMOA-random_dense-1P', 'Equivalence_Line_9: SMSEMOA-greedy_ting-HUX to RVEA-random_dense-UX', 'Equivalence_Line_10: NSGA3-greedy_ting-1P to RVEA-greedy_ting-UX', 'Equivalence_Line_11: SPEA2-greedy_ting-UX to RVEA-random_dense-1P', 'Equivalence_Line_12: SMSEMOA-random_dense-UX to SPEA2-greedy_multi-HUX', 'Equivalence_Line_13: NSGA2-random_dense-2P to SPEA2-greedy_multi-UX', 'Equivalence_Line_14: AGEMOEA2-random_dense-2P to AGEMOEA2-greedy_multi-HUX', 'Equivalence_Line_15: UNSGA3-random_dense-2P to UNSGA3-greedy_multi-UX', 'Equivalence_Line_16: NSGA3-random_dense-2P to NSGA3-greedy_multi-UX', 'Equivalence_Line_17: SPEA2-random_dense-2P to AGEMOEA2-greedy_multi-2P', 'Equivalence_Line_18: UNSGA3-random_dense-1P to AGEMOEA2-greedy_multi-1P', 'Equivalence_Line_19: SMSEMOA-random_dense-1P to SPEA2-greedy_multi-1P', 'Equivalence_Line_20: RVEA-random_dense-HUX to NSGA3-greedy_multi-1P', 'Equivalence_Line_21: RVEA-random_dense-2P to SMSEMOA-greedy_multi-1P', 'Equivalence_Line_22: RVEA-random_dense-1P to SMSEMOA-greedy_multi-2P', 'Equivalence_Line_23: SPEA2-greedy_multi-HUX to RVEA-greedy_multi-1P']"
SPEA2-random_dense-2P,0.31954236250904566,"['Equivalence_Line_1: AGEMOEA2-greedy_ting-UX to NSGA3-greedy_ting-1P', 'Equivalence_Line_2: NSGA2-random_dense-HUX to SPEA2-greedy_ting-HUX', 'Equivalence_Line_3: AGEMOEA2-greedy_ting-1P to SMSEMOA-random_dense-HUX', 'Equivalence_Line_4: NSGA2-greedy_ting-2P to AGEMOEA2-random_dense-2P', 'Equivalence_Line_5: NSGA3-random_dense-HUX to NSGA3-random_dense-2P', 'Equivalence_Line_6: SMSEMOA-greedy_ting-2P to AGEMOEA2-random_dense-1P', 'Equivalence_Line_7: SPEA2-random_dense-HUX to SPEA2-greedy_ting-2P', 'Equivalence_Line_8: NSGA3-greedy_ting-2P to SMSEMOA-random_dense-1P', 'Equivalence_Line_9: SMSEMOA-greedy_ting-HUX to RVEA-random_dense-UX', 'Equivalence_Line_10: NSGA3-greedy_ting-1P to RVEA-greedy_ting-UX', 'Equivalence_Line_11: SPEA2-greedy_ting-UX to RVEA-random_dense-1P', 'Equivalence_Line_12: SMSEMOA-random_dense-UX to SPEA2-greedy_multi-HUX', 'Equivalence_Line_13: NSGA2-random_dense-2P to SPEA2-greedy_multi-UX', 'Equivalence_Line_14: AGEMOEA2-random_dense-2P to AGEMOEA2-greedy_multi-HUX', 'Equivalence_Line_15: UNSGA3-random_dense-2P to UNSGA3-greedy_multi-UX', 'Equivalence_Line_16: NSGA3-random_dense-2P to NSGA3-greedy_multi-UX', 'Equivalence_Line_17: SPEA2-random_dense-2P to AGEMOEA2-greedy_multi-2P', 'Equivalence_Line_18: UNSGA3-random_dense-1P to AGEMOEA2-greedy_multi-1P', 'Equivalence_Line_19: SMSEMOA-random_dense-1P to SPEA2-greedy_multi-1P', 'Equivalence_Line_20: RVEA-random_dense-HUX to NSGA3-greedy_multi-1P', 'Equivalence_Line_21: RVEA-random_dense-2P to SMSEMOA-greedy_multi-1P', 'Equivalence_Line_22: RVEA-random_dense-1P to SMSEMOA-greedy_multi-2P', 'Equivalence_Line_23: SPEA2-greedy_multi-HUX to RVEA-greedy_multi-1P']"
NSGA2-random_dense-1P,0.31927616744216014,"['Equivalence_Line_1: AGEMOEA2-greedy_ting-UX to NSGA3-greedy_ting-1P', 'Equivalence_Line_2: NSGA2-random_dense-HUX to SPEA2-greedy_ting-HUX', 'Equivalence_Line_3: AGEMOEA2-greedy_ting-1P to SMSEMOA-random_dense-HUX', 'Equivalence_Line_4: NSGA2-greedy_ting-2P to AGEMOEA2-random_dense-2P', 'Equivalence_Line_5: NSGA3-random_dense-HUX to NSGA3-random_dense-2P', 'Equivalence_Line_6: SMSEMOA-greedy_ting-2P to AGEMOEA2-random_dense-1P', 'Equivalence_Line_7: SPEA2-random_dense-HUX to SPEA2-greedy_ting-2P', 'Equivalence_Line_8: NSGA3-greedy_ting-2P to SMSEMOA-random_dense-1P', 'Equivalence_Line_9: SMSEMOA-greedy_ting-HUX to RVEA-random_dense-UX', 'Equivalence_Line_10: NSGA3-greedy_ting-1P to RVEA-greedy_ting-UX', 'Equivalence_Line_11: SPEA2-greedy_ting-UX to RVEA-random_dense-1P', 'Equivalence_Line_12: SMSEMOA-random_dense-UX to SPEA2-greedy_multi-HUX', 'Equivalence_Line_13: NSGA2-random_dense-2P to SPEA2-greedy_multi-UX', 'Equivalence_Line_14: AGEMOEA2-random_dense-2P to AGEMOEA2-greedy_multi-HUX', 'Equivalence_Line_15: UNSGA3-random_dense-2P to UNSGA3-greedy_multi-UX', 'Equivalence_Line_16: NSGA3-random_dense-2P to NSGA3-greedy_multi-UX', 'Equivalence_Line_17: SPEA2-random_dense-2P to AGEMOEA2-greedy_multi-2P', 'Equivalence_Line_18: UNSGA3-random_dense-1P to AGEMOEA2-greedy_multi-1P', 'Equivalence_Line_19: SMSEMOA-random_dense-1P to SPEA2-greedy_multi-1P', 'Equivalence_Line_20: RVEA-random_dense-HUX to NSGA3-greedy_multi-1P', 'Equivalence_Line_21: RVEA-random_dense-2P to SMSEMOA-greedy_multi-1P', 'Equivalence_Line_22: RVEA-random_dense-1P to SMSEMOA-greedy_multi-2P', 'Equivalence_Line_23: SPEA2-greedy_multi-HUX to RVEA-greedy_multi-1P']"
SPEA2-greedy_ting-1P,0.3177807371718517,"['Equivalence_Line_1: AGEMOEA2-greedy_ting-UX to NSGA3-greedy_ting-1P', 'Equivalence_Line_2: NSGA2-random_dense-HUX to SPEA2-greedy_ting-HUX', 'Equivalence_Line_3: AGEMOEA2-greedy_ting-1P to SMSEMOA-random_dense-HUX', 'Equivalence_Line_4: NSGA2-greedy_ting-2P to AGEMOEA2-random_dense-2P', 'Equivalence_Line_5: NSGA3-random_dense-HUX to NSGA3-random_dense-2P', 'Equivalence_Line_6: SMSEMOA-greedy_ting-2P to AGEMOEA2-random_dense-1P', 'Equivalence_Line_7: SPEA2-random_dense-HUX to SPEA2-greedy_ting-2P', 'Equivalence_Line_8: NSGA3-greedy_ting-2P to SMSEMOA-random_dense-1P', 'Equivalence_Line_9: SMSEMOA-greedy_ting-HUX to RVEA-random_dense-UX', 'Equivalence_Line_10: NSGA3-greedy_ting-1P to RVEA-greedy_ting-UX', 'Equivalence_Line_11: SPEA2-greedy_ting-UX to RVEA-random_dense-1P', 'Equivalence_Line_12: SMSEMOA-random_dense-UX to SPEA2-greedy_multi-HUX', 'Equivalence_Line_13: NSGA2-random_dense-2P to SPEA2-greedy_multi-UX', 'Equivalence_Line_14: AGEMOEA2-random_dense-2P to AGEMOEA2-greedy_multi-HUX', 'Equivalence_Line_15: UNSGA3-random_dense-2P to UNSGA3-greedy_multi-UX', 'Equivalence_Line_16: NSGA3-random_dense-2P to NSGA3-greedy_multi-UX', 'Equivalence_Line_17: SPEA2-random_dense-2P to AGEMOEA2-greedy_multi-2P', 'Equivalence_Line_18: UNSGA3-random_dense-1P to AGEMOEA2-greedy_multi-1P', 'Equivalence_Line_19: SMSEMOA-random_dense-1P to SPEA2-greedy_multi-1P', 'Equivalence_Line_20: RVEA-random_dense-HUX to NSGA3-greedy_multi-1P', 'Equivalence_Line_21: RVEA-random_dense-2P to SMSEMOA-greedy_multi-1P', 'Equivalence_Line_22: RVEA-random_dense-1P to SMSEMOA-greedy_multi-2P', 'Equivalence_Line_23: SPEA2-greedy_multi-HUX to RVEA-greedy_multi-1P']"
AGEMOEA2-random_dense-1P,0.3141825841494137,"['Equivalence_Line_1: AGEMOEA2-greedy_ting-UX to NSGA3-greedy_ting-1P', 'Equivalence_Line_2: NSGA2-random_dense-HUX to SPEA2-greedy_ting-HUX', 'Equivalence_Line_3: AGEMOEA2-greedy_ting-1P to SMSEMOA-random_dense-HUX', 'Equivalence_Line_4: NSGA2-greedy_ting-2P to AGEMOEA2-random_dense-2P', 'Equivalence_Line_5: NSGA3-random_dense-HUX to NSGA3-random_dense-2P', 'Equivalence_Line_6: SMSEMOA-greedy_ting-2P to AGEMOEA2-random_dense-1P', 'Equivalence_Line_7: SPEA2-random_dense-HUX to SPEA2-greedy_ting-2P', 'Equivalence_Line_8: NSGA3-greedy_ting-2P to SMSEMOA-random_dense-1P', 'Equivalence_Line_9: SMSEMOA-greedy_ting-HUX to RVEA-random_dense-UX', 'Equivalence_Line_10: NSGA3-greedy_ting-1P to RVEA-greedy_ting-UX', 'Equivalence_Line_11: SPEA2-greedy_ting-UX to RVEA-random_dense-1P', 'Equivalence_Line_12: SMSEMOA-random_dense-UX to SPEA2-greedy_multi-HUX', 'Equivalence_Line_13: NSGA2-random_dense-2P to SPEA2-greedy_multi-UX', 'Equivalence_Line_14: AGEMOEA2-random_dense-2P to AGEMOEA2-greedy_multi-HUX', 'Equivalence_Line_15: UNSGA3-random_dense-2P to UNSGA3-greedy_multi-UX', 'Equivalence_Line_16: NSGA3-random_dense-2P to NSGA3-greedy_multi-UX', 'Equivalence_Line_17: SPEA2-random_dense-2P to AGEMOEA2-greedy_multi-2P', 'Equivalence_Line_18: UNSGA3-random_dense-1P to AGEMOEA2-greedy_multi-1P', 'Equivalence_Line_19: SMSEMOA-random_dense-1P to SPEA2-greedy_multi-1P', 'Equivalence_Line_20: RVEA-random_dense-HUX to NSGA3-greedy_multi-1P', 'Equivalence_Line_21: RVEA-random_dense-2P to SMSEMOA-greedy_multi-1P', 'Equivalence_Line_22: RVEA-random_dense-1P to SMSEMOA-greedy_multi-2P', 'Equivalence_Line_23: SPEA2-greedy_multi-HUX to RVEA-greedy_multi-1P']"
SMSEMOA-random_dense-2P,0.30895619590685774,"['Equivalence_Line_1: AGEMOEA2-greedy_ting-UX to NSGA3-greedy_ting-1P', 'Equivalence_Line_2: NSGA2-random_dense-HUX to SPEA2-greedy_ting-HUX', 'Equivalence_Line_3: AGEMOEA2-greedy_ting-1P to SMSEMOA-random_dense-HUX', 'Equivalence_Line_4: NSGA2-greedy_ting-2P to AGEMOEA2-random_dense-2P', 'Equivalence_Line_5: NSGA3-random_dense-HUX to NSGA3-random_dense-2P', 'Equivalence_Line_6: SMSEMOA-greedy_ting-2P to AGEMOEA2-random_dense-1P', 'Equivalence_Line_7: SPEA2-random_dense-HUX to SPEA2-greedy_ting-2P', 'Equivalence_Line_8: NSGA3-greedy_ting-2P to SMSEMOA-random_dense-1P', 'Equivalence_Line_9: SMSEMOA-greedy_ting-HUX to RVEA-random_dense-UX', 'Equivalence_Line_10: NSGA3-greedy_ting-1P to RVEA-greedy_ting-UX', 'Equivalence_Line_11: SPEA2-greedy_ting-UX to RVEA-random_dense-1P', 'Equivalence_Line_12: SMSEMOA-random_dense-UX to SPEA2-greedy_multi-HUX', 'Equivalence_Line_13: NSGA2-random_dense-2P to SPEA2-greedy_multi-UX', 'Equivalence_Line_14: AGEMOEA2-random_dense-2P to AGEMOEA2-greedy_multi-HUX', 'Equivalence_Line_15: UNSGA3-random_dense-2P to UNSGA3-greedy_multi-UX', 'Equivalence_Line_16: NSGA3-random_dense-2P to NSGA3-greedy_multi-UX', 'Equivalence_Line_17: SPEA2-random_dense-2P to AGEMOEA2-greedy_multi-2P', 'Equivalence_Line_18: UNSGA3-random_dense-1P to AGEMOEA2-greedy_multi-1P', 'Equivalence_Line_19: SMSEMOA-random_dense-1P to SPEA2-greedy_multi-1P', 'Equivalence_Line_20: RVEA-random_dense-HUX to NSGA3-greedy_multi-1P', 'Equivalence_Line_21: RVEA-random_dense-2P to SMSEMOA-greedy_multi-1P', 'Equivalence_Line_22: RVEA-random_dense-1P to SMSEMOA-greedy_multi-2P', 'Equivalence_Line_23: SPEA2-greedy_multi-HUX to RVEA-greedy_multi-1P']"
UNSGA3-random_dense-1P,0.30836076704620635,"['Equivalence_Line_1: AGEMOEA2-greedy_ting-UX to NSGA3-greedy_ting-1P', 'Equivalence_Line_2: NSGA2-random_dense-HUX to SPEA2-greedy_ting-HUX', 'Equivalence_Line_3: AGEMOEA2-greedy_ting-1P to SMSEMOA-random_dense-HUX', 'Equivalence_Line_4: NSGA2-greedy_ting-2P to AGEMOEA2-random_dense-2P', 'Equivalence_Line_5: NSGA3-random_dense-HUX to NSGA3-random_dense-2P', 'Equivalence_Line_6: SMSEMOA-greedy_ting-2P to AGEMOEA2-random_dense-1P', 'Equivalence_Line_7: SPEA2-random_dense-HUX to SPEA2-greedy_ting-2P', 'Equivalence_Line_8: NSGA3-greedy_ting-2P to SMSEMOA-random_dense-1P', 'Equivalence_Line_9: SMSEMOA-greedy_ting-HUX to RVEA-random_dense-UX', 'Equivalence_Line_10: NSGA3-greedy_ting-1P to RVEA-greedy_ting-UX', 'Equivalence_Line_11: SPEA2-greedy_ting-UX to RVEA-random_dense-1P', 'Equivalence_Line_12: SMSEMOA-random_dense-UX to SPEA2-greedy_multi-HUX', 'Equivalence_Line_13: NSGA2-random_dense-2P to SPEA2-greedy_multi-UX', 'Equivalence_Line_14: AGEMOEA2-random_dense-2P to AGEMOEA2-greedy_multi-HUX', 'Equivalence_Line_15: UNSGA3-random_dense-2P to UNSGA3-greedy_multi-UX', 'Equivalence_Line_16: NSGA3-random_dense-2P to NSGA3-greedy_multi-UX', 'Equivalence_Line_17: SPEA2-random_dense-2P to AGEMOEA2-greedy_multi-2P', 'Equivalence_Line_18: UNSGA3-random_dense-1P to AGEMOEA2-greedy_multi-1P', 'Equivalence_Line_19: SMSEMOA-random_dense-1P to SPEA2-greedy_multi-1P', 'Equivalence_Line_20: RVEA-random_dense-HUX to NSGA3-greedy_multi-1P', 'Equivalence_Line_21: RVEA-random_dense-2P to SMSEMOA-greedy_multi-1P', 'Equivalence_Line_22: RVEA-random_dense-1P to SMSEMOA-greedy_multi-2P', 'Equivalence_Line_23: SPEA2-greedy_multi-HUX to RVEA-greedy_multi-1P']"
SPEA2-random_dense-1P,0.3081613654990226,"['Equivalence_Line_1: AGEMOEA2-greedy_ting-UX to NSGA3-greedy_ting-1P', 'Equivalence_Line_2: NSGA2-random_dense-HUX to SPEA2-greedy_ting-HUX', 'Equivalence_Line_3: AGEMOEA2-greedy_ting-1P to SMSEMOA-random_dense-HUX', 'Equivalence_Line_4: NSGA2-greedy_ting-2P to AGEMOEA2-random_dense-2P', 'Equivalence_Line_5: NSGA3-random_dense-HUX to NSGA3-random_dense-2P', 'Equivalence_Line_6: SMSEMOA-greedy_ting-2P to AGEMOEA2-random_dense-1P', 'Equivalence_Line_7: SPEA2-random_dense-HUX to SPEA2-greedy_ting-2P', 'Equivalence_Line_8: NSGA3-greedy_ting-2P to SMSEMOA-random_dense-1P', 'Equivalence_Line_9: SMSEMOA-greedy_ting-HUX to RVEA-random_dense-UX', 'Equivalence_Line_10: NSGA3-greedy_ting-1P to RVEA-greedy_ting-UX', 'Equivalence_Line_11: SPEA2-greedy_ting-UX to RVEA-random_dense-1P', 'Equivalence_Line_12: SMSEMOA-random_dense-UX to SPEA2-greedy_multi-HUX', 'Equivalence_Line_13: NSGA2-random_dense-2P to SPEA2-greedy_multi-UX', 'Equivalence_Line_14: AGEMOEA2-random_dense-2P to AGEMOEA2-greedy_multi-HUX', 'Equivalence_Line_15: UNSGA3-random_dense-2P to UNSGA3-greedy_multi-UX', 'Equivalence_Line_16: NSGA3-random_dense-2P to NSGA3-greedy_multi-UX', 'Equivalence_Line_17: SPEA2-random_dense-2P to AGEMOEA2-greedy_multi-2P', 'Equivalence_Line_18: UNSGA3-random_dense-1P to AGEMOEA2-greedy_multi-1P', 'Equivalence_Line_19: SMSEMOA-random_dense-1P to SPEA2-greedy_multi-1P', 'Equivalence_Line_20: RVEA-random_dense-HUX to NSGA3-greedy_multi-1P', 'Equivalence_Line_21: RVEA-random_dense-2P to SMSEMOA-greedy_multi-1P', 'Equivalence_Line_22: RVEA-random_dense-1P to SMSEMOA-greedy_multi-2P', 'Equivalence_Line_23: SPEA2-greedy_multi-HUX to RVEA-greedy_multi-1P']"
NSGA3-random_dense-1P,0.3075113915033271,"['Equivalence_Line_1: AGEMOEA2-greedy_ting-UX to NSGA3-greedy_ting-1P', 'Equivalence_Line_2: NSGA2-random_dense-HUX to SPEA2-greedy_ting-HUX', 'Equivalence_Line_3: AGEMOEA2-greedy_ting-1P to SMSEMOA-random_dense-HUX', 'Equivalence_Line_4: NSGA2-greedy_ting-2P to AGEMOEA2-random_dense-2P', 'Equivalence_Line_5: NSGA3-random_dense-HUX to NSGA3-random_dense-2P', 'Equivalence_Line_6: SMSEMOA-greedy_ting-2P to AGEMOEA2-random_dense-1P', 'Equivalence_Line_7: SPEA2-random_dense-HUX to SPEA2-greedy_ting-2P', 'Equivalence_Line_8: NSGA3-greedy_ting-2P to SMSEMOA-random_dense-1P', 'Equivalence_Line_9: SMSEMOA-greedy_ting-HUX to RVEA-random_dense-UX', 'Equivalence_Line_10: NSGA3-greedy_ting-1P to RVEA-greedy_ting-UX', 'Equivalence_Line_11: SPEA2-greedy_ting-UX to RVEA-random_dense-1P', 'Equivalence_Line_12: SMSEMOA-random_dense-UX to SPEA2-greedy_multi-HUX', 'Equivalence_Line_13: NSGA2-random_dense-2P to SPEA2-greedy_multi-UX', 'Equivalence_Line_14: AGEMOEA2-random_dense-2P to AGEMOEA2-greedy_multi-HUX', 'Equivalence_Line_15: UNSGA3-random_dense-2P to UNSGA3-greedy_multi-UX', 'Equivalence_Line_16: NSGA3-random_dense-2P to NSGA3-greedy_multi-UX', 'Equivalence_Line_17: SPEA2-random_dense-2P to AGEMOEA2-greedy_multi-2P', 'Equivalence_Line_18: UNSGA3-random_dense-1P to AGEMOEA2-greedy_multi-1P', 'Equivalence_Line_19: SMSEMOA-random_dense-1P to SPEA2-greedy_multi-1P', 'Equivalence_Line_20: RVEA-random_dense-HUX to NSGA3-greedy_multi-1P', 'Equivalence_Line_21: RVEA-random_dense-2P to SMSEMOA-greedy_multi-1P', 'Equivalence_Line_22: RVEA-random_dense-1P to SMSEMOA-greedy_multi-2P', 'Equivalence_Line_23: SPEA2-greedy_multi-HUX to RVEA-greedy_multi-1P']"
SPEA2-greedy_ting-2P,0.30718955772007583,"['Equivalence_Line_1: AGEMOEA2-greedy_ting-UX to NSGA3-greedy_ting-1P', 'Equivalence_Line_2: NSGA2-random_dense-HUX to SPEA2-greedy_ting-HUX', 'Equivalence_Line_3: AGEMOEA2-greedy_ting-1P to SMSEMOA-random_dense-HUX', 'Equivalence_Line_4: NSGA2-greedy_ting-2P to AGEMOEA2-random_dense-2P', 'Equivalence_Line_5: NSGA3-random_dense-HUX to NSGA3-random_dense-2P', 'Equivalence_Line_6: SMSEMOA-greedy_ting-2P to AGEMOEA2-random_dense-1P', 'Equivalence_Line_7: SPEA2-random_dense-HUX to SPEA2-greedy_ting-2P', 'Equivalence_Line_8: NSGA3-greedy_ting-2P to SMSEMOA-random_dense-1P', 'Equivalence_Line_9: SMSEMOA-greedy_ting-HUX to RVEA-random_dense-UX', 'Equivalence_Line_10: NSGA3-greedy_ting-1P to RVEA-greedy_ting-UX', 'Equivalence_Line_11: SPEA2-greedy_ting-UX to RVEA-random_dense-1P', 'Equivalence_Line_12: SMSEMOA-random_dense-UX to SPEA2-greedy_multi-HUX', 'Equivalence_Line_13: NSGA2-random_dense-2P to SPEA2-greedy_multi-UX', 'Equivalence_Line_14: AGEMOEA2-random_dense-2P to AGEMOEA2-greedy_multi-HUX', 'Equivalence_Line_15: UNSGA3-random_dense-2P to UNSGA3-greedy_multi-UX', 'Equivalence_Line_16: NSGA3-random_dense-2P to NSGA3-greedy_multi-UX', 'Equivalence_Line_17: SPEA2-random_dense-2P to AGEMOEA2-greedy_multi-2P', 'Equivalence_Line_18: UNSGA3-random_dense-1P to AGEMOEA2-greedy_multi-1P', 'Equivalence_Line_19: SMSEMOA-random_dense-1P to SPEA2-greedy_multi-1P', 'Equivalence_Line_20: RVEA-random_dense-HUX to NSGA3-greedy_multi-1P', 'Equivalence_Line_21: RVEA-random_dense-2P to SMSEMOA-greedy_multi-1P', 'Equivalence_Line_22: RVEA-random_dense-1P to SMSEMOA-greedy_multi-2P', 'Equivalence_Line_23: SPEA2-greedy_multi-HUX to RVEA-greedy_multi-1P']"
SMSEMOA-random_dense-1P,0.2940907295238519,"['Equivalence_Line_1: AGEMOEA2-greedy_ting-UX to NSGA3-greedy_ting-1P', 'Equivalence_Line_2: NSGA2-random_dense-HUX to SPEA2-greedy_ting-HUX', 'Equivalence_Line_3: AGEMOEA2-greedy_ting-1P to SMSEMOA-random_dense-HUX', 'Equivalence_Line_4: NSGA2-greedy_ting-2P to AGEMOEA2-random_dense-2P', 'Equivalence_Line_5: NSGA3-random_dense-HUX to NSGA3-random_dense-2P', 'Equivalence_Line_6: SMSEMOA-greedy_ting-2P to AGEMOEA2-random_dense-1P', 'Equivalence_Line_7: SPEA2-random_dense-HUX to SPEA2-greedy_ting-2P', 'Equivalence_Line_8: NSGA3-greedy_ting-2P to SMSEMOA-random_dense-1P', 'Equivalence_Line_9: SMSEMOA-greedy_ting-HUX to RVEA-random_dense-UX', 'Equivalence_Line_10: NSGA3-greedy_ting-1P to RVEA-greedy_ting-UX', 'Equivalence_Line_11: SPEA2-greedy_ting-UX to RVEA-random_dense-1P', 'Equivalence_Line_12: SMSEMOA-random_dense-UX to SPEA2-greedy_multi-HUX', 'Equivalence_Line_13: NSGA2-random_dense-2P to SPEA2-greedy_multi-UX', 'Equivalence_Line_14: AGEMOEA2-random_dense-2P to AGEMOEA2-greedy_multi-HUX', 'Equivalence_Line_15: UNSGA3-random_dense-2P to UNSGA3-greedy_multi-UX', 'Equivalence_Line_16: NSGA3-random_dense-2P to NSGA3-greedy_multi-UX', 'Equivalence_Line_17: SPEA2-random_dense-2P to AGEMOEA2-greedy_multi-2P', 'Equivalence_Line_18: UNSGA3-random_dense-1P to AGEMOEA2-greedy_multi-1P', 'Equivalence_Line_19: SMSEMOA-random_dense-1P to SPEA2-greedy_multi-1P', 'Equivalence_Line_20: RVEA-random_dense-HUX to NSGA3-greedy_multi-1P', 'Equivalence_Line_21: RVEA-random_dense-2P to SMSEMOA-greedy_multi-1P', 'Equivalence_Line_22: RVEA-random_dense-1P to SMSEMOA-greedy_multi-2P', 'Equivalence_Line_23: SPEA2-greedy_multi-HUX to RVEA-greedy_multi-1P']"
RVEA-random_dense-HUX,0.2746595797725136,"['Equivalence_Line_1: AGEMOEA2-greedy_ting-UX to NSGA3-greedy_ting-1P', 'Equivalence_Line_2: NSGA2-random_dense-HUX to SPEA2-greedy_ting-HUX', 'Equivalence_Line_3: AGEMOEA2-greedy_ting-1P to SMSEMOA-random_dense-HUX', 'Equivalence_Line_4: NSGA2-greedy_ting-2P to AGEMOEA2-random_dense-2P', 'Equivalence_Line_5: NSGA3-random_dense-HUX to NSGA3-random_dense-2P', 'Equivalence_Line_6: SMSEMOA-greedy_ting-2P to AGEMOEA2-random_dense-1P', 'Equivalence_Line_7: SPEA2-random_dense-HUX to SPEA2-greedy_ting-2P', 'Equivalence_Line_8: NSGA3-greedy_ting-2P to SMSEMOA-random_dense-1P', 'Equivalence_Line_9: SMSEMOA-greedy_ting-HUX to RVEA-random_dense-UX', 'Equivalence_Line_10: NSGA3-greedy_ting-1P to RVEA-greedy_ting-UX', 'Equivalence_Line_11: SPEA2-greedy_ting-UX to RVEA-random_dense-1P', 'Equivalence_Line_12: SMSEMOA-random_dense-UX to SPEA2-greedy_multi-HUX', 'Equivalence_Line_13: NSGA2-random_dense-2P to SPEA2-greedy_multi-UX', 'Equivalence_Line_14: AGEMOEA2-random_dense-2P to AGEMOEA2-greedy_multi-HUX', 'Equivalence_Line_15: UNSGA3-random_dense-2P to UNSGA3-greedy_multi-UX', 'Equivalence_Line_16: NSGA3-random_dense-2P to NSGA3-greedy_multi-UX', 'Equivalence_Line_17: SPEA2-random_dense-2P to AGEMOEA2-greedy_multi-2P', 'Equivalence_Line_18: UNSGA3-random_dense-1P to AGEMOEA2-greedy_multi-1P', 'Equivalence_Line_19: SMSEMOA-random_dense-1P to SPEA2-greedy_multi-1P', 'Equivalence_Line_20: RVEA-random_dense-HUX to NSGA3-greedy_multi-1P', 'Equivalence_Line_21: RVEA-random_dense-2P to SMSEMOA-greedy_multi-1P', 'Equivalence_Line_22: RVEA-random_dense-1P to SMSEMOA-greedy_multi-2P', 'Equivalence_Line_23: SPEA2-greedy_multi-HUX to RVEA-greedy_multi-1P']"
RVEA-random_dense-UX,0.2734943814569034,"['Equivalence_Line_1: AGEMOEA2-greedy_ting-UX to NSGA3-greedy_ting-1P', 'Equivalence_Line_2: NSGA2-random_dense-HUX to SPEA2-greedy_ting-HUX', 'Equivalence_Line_3: AGEMOEA2-greedy_ting-1P to SMSEMOA-random_dense-HUX', 'Equivalence_Line_4: NSGA2-greedy_ting-2P to AGEMOEA2-random_dense-2P', 'Equivalence_Line_5: NSGA3-random_dense-HUX to NSGA3-random_dense-2P', 'Equivalence_Line_6: SMSEMOA-greedy_ting-2P to AGEMOEA2-random_dense-1P', 'Equivalence_Line_7: SPEA2-random_dense-HUX to SPEA2-greedy_ting-2P', 'Equivalence_Line_8: NSGA3-greedy_ting-2P to SMSEMOA-random_dense-1P', 'Equivalence_Line_9: SMSEMOA-greedy_ting-HUX to RVEA-random_dense-UX', 'Equivalence_Line_10: NSGA3-greedy_ting-1P to RVEA-greedy_ting-UX', 'Equivalence_Line_11: SPEA2-greedy_ting-UX to RVEA-random_dense-1P', 'Equivalence_Line_12: SMSEMOA-random_dense-UX to SPEA2-greedy_multi-HUX', 'Equivalence_Line_13: NSGA2-random_dense-2P to SPEA2-greedy_multi-UX', 'Equivalence_Line_14: AGEMOEA2-random_dense-2P to AGEMOEA2-greedy_multi-HUX', 'Equivalence_Line_15: UNSGA3-random_dense-2P to UNSGA3-greedy_multi-UX', 'Equivalence_Line_16: NSGA3-random_dense-2P to NSGA3-greedy_multi-UX', 'Equivalence_Line_17: SPEA2-random_dense-2P to AGEMOEA2-greedy_multi-2P', 'Equivalence_Line_18: UNSGA3-random_dense-1P to AGEMOEA2-greedy_multi-1P', 'Equivalence_Line_19: SMSEMOA-random_dense-1P to SPEA2-greedy_multi-1P', 'Equivalence_Line_20: RVEA-random_dense-HUX to NSGA3-greedy_multi-1P', 'Equivalence_Line_21: RVEA-random_dense-2P to SMSEMOA-greedy_multi-1P', 'Equivalence_Line_22: RVEA-random_dense-1P to SMSEMOA-greedy_multi-2P', 'Equivalence_Line_23: SPEA2-greedy_multi-HUX to RVEA-greedy_multi-1P']"
RVEA-greedy_ting-2P,0.27001061358478856,"['Equivalence_Line_1: AGEMOEA2-greedy_ting-UX to NSGA3-greedy_ting-1P', 'Equivalence_Line_2: NSGA2-random_dense-HUX to SPEA2-greedy_ting-HUX', 'Equivalence_Line_3: AGEMOEA2-greedy_ting-1P to SMSEMOA-random_dense-HUX', 'Equivalence_Line_4: NSGA2-greedy_ting-2P to AGEMOEA2-random_dense-2P', 'Equivalence_Line_5: NSGA3-random_dense-HUX to NSGA3-random_dense-2P', 'Equivalence_Line_6: SMSEMOA-greedy_ting-2P to AGEMOEA2-random_dense-1P', 'Equivalence_Line_7: SPEA2-random_dense-HUX to SPEA2-greedy_ting-2P', 'Equivalence_Line_8: NSGA3-greedy_ting-2P to SMSEMOA-random_dense-1P', 'Equivalence_Line_9: SMSEMOA-greedy_ting-HUX to RVEA-random_dense-UX', 'Equivalence_Line_10: NSGA3-greedy_ting-1P to RVEA-greedy_ting-UX', 'Equivalence_Line_11: SPEA2-greedy_ting-UX to RVEA-random_dense-1P', 'Equivalence_Line_12: SMSEMOA-random_dense-UX to SPEA2-greedy_multi-HUX', 'Equivalence_Line_13: NSGA2-random_dense-2P to SPEA2-greedy_multi-UX', 'Equivalence_Line_14: AGEMOEA2-random_dense-2P to AGEMOEA2-greedy_multi-HUX', 'Equivalence_Line_15: UNSGA3-random_dense-2P to UNSGA3-greedy_multi-UX', 'Equivalence_Line_16: NSGA3-random_dense-2P to NSGA3-greedy_multi-UX', 'Equivalence_Line_17: SPEA2-random_dense-2P to AGEMOEA2-greedy_multi-2P', 'Equivalence_Line_18: UNSGA3-random_dense-1P to AGEMOEA2-greedy_multi-1P', 'Equivalence_Line_19: SMSEMOA-random_dense-1P to SPEA2-greedy_multi-1P', 'Equivalence_Line_20: RVEA-random_dense-HUX to NSGA3-greedy_multi-1P', 'Equivalence_Line_21: RVEA-random_dense-2P to SMSEMOA-greedy_multi-1P', 'Equivalence_Line_22: RVEA-random_dense-1P to SMSEMOA-greedy_multi-2P', 'Equivalence_Line_23: SPEA2-greedy_multi-HUX to RVEA-greedy_multi-1P']"
RVEA-greedy_ting-1P,0.26907282891452566,"['Equivalence_Line_1: AGEMOEA2-greedy_ting-UX to NSGA3-greedy_ting-1P', 'Equivalence_Line_2: NSGA2-random_dense-HUX to SPEA2-greedy_ting-HUX', 'Equivalence_Line_3: AGEMOEA2-greedy_ting-1P to SMSEMOA-random_dense-HUX', 'Equivalence_Line_4: NSGA2-greedy_ting-2P to AGEMOEA2-random_dense-2P', 'Equivalence_Line_5: NSGA3-random_dense-HUX to NSGA3-random_dense-2P', 'Equivalence_Line_6: SMSEMOA-greedy_ting-2P to AGEMOEA2-random_dense-1P', 'Equivalence_Line_7: SPEA2-random_dense-HUX to SPEA2-greedy_ting-2P', 'Equivalence_Line_8: NSGA3-greedy_ting-2P to SMSEMOA-random_dense-1P', 'Equivalence_Line_9: SMSEMOA-greedy_ting-HUX to RVEA-random_dense-UX', 'Equivalence_Line_10: NSGA3-greedy_ting-1P to RVEA-greedy_ting-UX', 'Equivalence_Line_11: SPEA2-greedy_ting-UX to RVEA-random_dense-1P', 'Equivalence_Line_12: SMSEMOA-random_dense-UX to SPEA2-greedy_multi-HUX', 'Equivalence_Line_13: NSGA2-random_dense-2P to SPEA2-greedy_multi-UX', 'Equivalence_Line_14: AGEMOEA2-random_dense-2P to AGEMOEA2-greedy_multi-HUX', 'Equivalence_Line_15: UNSGA3-random_dense-2P to UNSGA3-greedy_multi-UX', 'Equivalence_Line_16: NSGA3-random_dense-2P to NSGA3-greedy_multi-UX', 'Equivalence_Line_17: SPEA2-random_dense-2P to AGEMOEA2-greedy_multi-2P', 'Equivalence_Line_18: UNSGA3-random_dense-1P to AGEMOEA2-greedy_multi-1P', 'Equivalence_Line_19: SMSEMOA-random_dense-1P to SPEA2-greedy_multi-1P', 'Equivalence_Line_20: RVEA-random_dense-HUX to NSGA3-greedy_multi-1P', 'Equivalence_Line_21: RVEA-random_dense-2P to SMSEMOA-greedy_multi-1P', 'Equivalence_Line_22: RVEA-random_dense-1P to SMSEMOA-greedy_multi-2P', 'Equivalence_Line_23: SPEA2-greedy_multi-HUX to RVEA-greedy_multi-1P']"
RVEA-greedy_ting-HUX,0.2683988163972087,"['Equivalence_Line_1: AGEMOEA2-greedy_ting-UX to NSGA3-greedy_ting-1P', 'Equivalence_Line_2: NSGA2-random_dense-HUX to SPEA2-greedy_ting-HUX', 'Equivalence_Line_3: AGEMOEA2-greedy_ting-1P to SMSEMOA-random_dense-HUX', 'Equivalence_Line_4: NSGA2-greedy_ting-2P to AGEMOEA2-random_dense-2P', 'Equivalence_Line_5: NSGA3-random_dense-HUX to NSGA3-random_dense-2P', 'Equivalence_Line_6: SMSEMOA-greedy_ting-2P to AGEMOEA2-random_dense-1P', 'Equivalence_Line_7: SPEA2-random_dense-HUX to SPEA2-greedy_ting-2P', 'Equivalence_Line_8: NSGA3-greedy_ting-2P to SMSEMOA-random_dense-1P', 'Equivalence_Line_9: SMSEMOA-greedy_ting-HUX to RVEA-random_dense-UX', 'Equivalence_Line_10: NSGA3-greedy_ting-1P to RVEA-greedy_ting-UX', 'Equivalence_Line_11: SPEA2-greedy_ting-UX to RVEA-random_dense-1P', 'Equivalence_Line_12: SMSEMOA-random_dense-UX to SPEA2-greedy_multi-HUX', 'Equivalence_Line_13: NSGA2-random_dense-2P to SPEA2-greedy_multi-UX', 'Equivalence_Line_14: AGEMOEA2-random_dense-2P to AGEMOEA2-greedy_multi-HUX', 'Equivalence_Line_15: UNSGA3-random_dense-2P to UNSGA3-greedy_multi-UX', 'Equivalence_Line_16: NSGA3-random_dense-2P to NSGA3-greedy_multi-UX', 'Equivalence_Line_17: SPEA2-random_dense-2P to AGEMOEA2-greedy_multi-2P', 'Equivalence_Line_18: UNSGA3-random_dense-1P to AGEMOEA2-greedy_multi-1P', 'Equivalence_Line_19: SMSEMOA-random_dense-1P to SPEA2-greedy_multi-1P', 'Equivalence_Line_20: RVEA-random_dense-HUX to NSGA3-greedy_multi-1P', 'Equivalence_Line_21: RVEA-random_dense-2P to SMSEMOA-greedy_multi-1P', 'Equivalence_Line_22: RVEA-random_dense-1P to SMSEMOA-greedy_multi-2P', 'Equivalence_Line_23: SPEA2-greedy_multi-HUX to RVEA-greedy_multi-1P']"
RVEA-greedy_ting-UX,0.26582429556271336,"['Equivalence_Line_1: AGEMOEA2-greedy_ting-UX to NSGA3-greedy_ting-1P', 'Equivalence_Line_2: NSGA2-random_dense-HUX to SPEA2-greedy_ting-HUX', 'Equivalence_Line_3: AGEMOEA2-greedy_ting-1P to SMSEMOA-random_dense-HUX', 'Equivalence_Line_4: NSGA2-greedy_ting-2P to AGEMOEA2-random_dense-2P', 'Equivalence_Line_5: NSGA3-random_dense-HUX to NSGA3-random_dense-2P', 'Equivalence_Line_6: SMSEMOA-greedy_ting-2P to AGEMOEA2-random_dense-1P', 'Equivalence_Line_7: SPEA2-random_dense-HUX to SPEA2-greedy_ting-2P', 'Equivalence_Line_8: NSGA3-greedy_ting-2P to SMSEMOA-random_dense-1P', 'Equivalence_Line_9: SMSEMOA-greedy_ting-HUX to RVEA-random_dense-UX', 'Equivalence_Line_10: NSGA3-greedy_ting-1P to RVEA-greedy_ting-UX', 'Equivalence_Line_11: SPEA2-greedy_ting-UX to RVEA-random_dense-1P', 'Equivalence_Line_12: SMSEMOA-random_dense-UX to SPEA2-greedy_multi-HUX', 'Equivalence_Line_13: NSGA2-random_dense-2P to SPEA2-greedy_multi-UX', 'Equivalence_Line_14: AGEMOEA2-random_dense-2P to AGEMOEA2-greedy_multi-HUX', 'Equivalence_Line_15: UNSGA3-random_dense-2P to UNSGA3-greedy_multi-UX', 'Equivalence_Line_16: NSGA3-random_dense-2P to NSGA3-greedy_multi-UX', 'Equivalence_Line_17: SPEA2-random_dense-2P to AGEMOEA2-greedy_multi-2P', 'Equivalence_Line_18: UNSGA3-random_dense-1P to AGEMOEA2-greedy_multi-1P', 'Equivalence_Line_19: SMSEMOA-random_dense-1P to SPEA2-greedy_multi-1P', 'Equivalence_Line_20: RVEA-random_dense-HUX to NSGA3-greedy_multi-1P', 'Equivalence_Line_21: RVEA-random_dense-2P to SMSEMOA-greedy_multi-1P', 'Equivalence_Line_22: RVEA-random_dense-1P to SMSEMOA-greedy_multi-2P', 'Equivalence_Line_23: SPEA2-greedy_multi-HUX to RVEA-greedy_multi-1P']"
RVEA-random_dense-2P,0.2502324435865012,"['Equivalence_Line_1: AGEMOEA2-greedy_ting-UX to NSGA3-greedy_ting-1P', 'Equivalence_Line_2: NSGA2-random_dense-HUX to SPEA2-greedy_ting-HUX', 'Equivalence_Line_3: AGEMOEA2-greedy_ting-1P to SMSEMOA-random_dense-HUX', 'Equivalence_Line_4: NSGA2-greedy_ting-2P to AGEMOEA2-random_dense-2P', 'Equivalence_Line_5: NSGA3-random_dense-HUX to NSGA3-random_dense-2P', 'Equivalence_Line_6: SMSEMOA-greedy_ting-2P to AGEMOEA2-random_dense-1P', 'Equivalence_Line_7: SPEA2-random_dense-HUX to SPEA2-greedy_ting-2P', 'Equivalence_Line_8: NSGA3-greedy_ting-2P to SMSEMOA-random_dense-1P', 'Equivalence_Line_9: SMSEMOA-greedy_ting-HUX to RVEA-random_dense-UX', 'Equivalence_Line_10: NSGA3-greedy_ting-1P to RVEA-greedy_ting-UX', 'Equivalence_Line_11: SPEA2-greedy_ting-UX to RVEA-random_dense-1P', 'Equivalence_Line_12: SMSEMOA-random_dense-UX to SPEA2-greedy_multi-HUX', 'Equivalence_Line_13: NSGA2-random_dense-2P to SPEA2-greedy_multi-UX', 'Equivalence_Line_14: AGEMOEA2-random_dense-2P to AGEMOEA2-greedy_multi-HUX', 'Equivalence_Line_15: UNSGA3-random_dense-2P to UNSGA3-greedy_multi-UX', 'Equivalence_Line_16: NSGA3-random_dense-2P to NSGA3-greedy_multi-UX', 'Equivalence_Line_17: SPEA2-random_dense-2P to AGEMOEA2-greedy_multi-2P', 'Equivalence_Line_18: UNSGA3-random_dense-1P to AGEMOEA2-greedy_multi-1P', 'Equivalence_Line_19: SMSEMOA-random_dense-1P to SPEA2-greedy_multi-1P', 'Equivalence_Line_20: RVEA-random_dense-HUX to NSGA3-greedy_multi-1P', 'Equivalence_Line_21: RVEA-random_dense-2P to SMSEMOA-greedy_multi-1P', 'Equivalence_Line_22: RVEA-random_dense-1P to SMSEMOA-greedy_multi-2P', 'Equivalence_Line_23: SPEA2-greedy_multi-HUX to RVEA-greedy_multi-1P']"
RVEA-random_dense-1P,0.24873235129610388,"['Equivalence_Line_1: AGEMOEA2-greedy_ting-UX to NSGA3-greedy_ting-1P', 'Equivalence_Line_2: NSGA2-random_dense-HUX to SPEA2-greedy_ting-HUX', 'Equivalence_Line_3: AGEMOEA2-greedy_ting-1P to SMSEMOA-random_dense-HUX', 'Equivalence_Line_4: NSGA2-greedy_ting-2P to AGEMOEA2-random_dense-2P', 'Equivalence_Line_5: NSGA3-random_dense-HUX to NSGA3-random_dense-2P', 'Equivalence_Line_6: SMSEMOA-greedy_ting-2P to AGEMOEA2-random_dense-1P', 'Equivalence_Line_7: SPEA2-random_dense-HUX to SPEA2-greedy_ting-2P', 'Equivalence_Line_8: NSGA3-greedy_ting-2P to SMSEMOA-random_dense-1P', 'Equivalence_Line_9: SMSEMOA-greedy_ting-HUX to RVEA-random_dense-UX', 'Equivalence_Line_10: NSGA3-greedy_ting-1P to RVEA-greedy_ting-UX', 'Equivalence_Line_11: SPEA2-greedy_ting-UX to RVEA-random_dense-1P', 'Equivalence_Line_12: SMSEMOA-random_dense-UX to SPEA2-greedy_multi-HUX', 'Equivalence_Line_13: NSGA2-random_dense-2P to SPEA2-greedy_multi-UX', 'Equivalence_Line_14: AGEMOEA2-random_dense-2P to AGEMOEA2-greedy_multi-HUX', 'Equivalence_Line_15: UNSGA3-random_dense-2P to UNSGA3-greedy_multi-UX', 'Equivalence_Line_16: NSGA3-random_dense-2P to NSGA3-greedy_multi-UX', 'Equivalence_Line_17: SPEA2-random_dense-2P to AGEMOEA2-greedy_multi-2P', 'Equivalence_Line_18: UNSGA3-random_dense-1P to AGEMOEA2-greedy_multi-1P', 'Equivalence_Line_19: SMSEMOA-random_dense-1P to SPEA2-greedy_multi-1P', 'Equivalence_Line_20: RVEA-random_dense-HUX to NSGA3-greedy_multi-1P', 'Equivalence_Line_21: RVEA-random_dense-2P to SMSEMOA-greedy_multi-1P', 'Equivalence_Line_22: RVEA-random_dense-1P to SMSEMOA-greedy_multi-2P', 'Equivalence_Line_23: SPEA2-greedy_multi-HUX to RVEA-greedy_multi-1P']"
SPEA2-greedy_multi-HUX,0.13768418087127487,"['Equivalence_Line_1: AGEMOEA2-greedy_ting-UX to NSGA3-greedy_ting-1P', 'Equivalence_Line_2: NSGA2-random_dense-HUX to SPEA2-greedy_ting-HUX', 'Equivalence_Line_3: AGEMOEA2-greedy_ting-1P to SMSEMOA-random_dense-HUX', 'Equivalence_Line_4: NSGA2-greedy_ting-2P to AGEMOEA2-random_dense-2P', 'Equivalence_Line_5: NSGA3-random_dense-HUX to NSGA3-random_dense-2P', 'Equivalence_Line_6: SMSEMOA-greedy_ting-2P to AGEMOEA2-random_dense-1P', 'Equivalence_Line_7: SPEA2-random_dense-HUX to SPEA2-greedy_ting-2P', 'Equivalence_Line_8: NSGA3-greedy_ting-2P to SMSEMOA-random_dense-1P', 'Equivalence_Line_9: SMSEMOA-greedy_ting-HUX to RVEA-random_dense-UX', 'Equivalence_Line_10: NSGA3-greedy_ting-1P to RVEA-greedy_ting-UX', 'Equivalence_Line_11: SPEA2-greedy_ting-UX to RVEA-random_dense-1P', 'Equivalence_Line_12: SMSEMOA-random_dense-UX to SPEA2-greedy_multi-HUX', 'Equivalence_Line_13: NSGA2-random_dense-2P to SPEA2-greedy_multi-UX', 'Equivalence_Line_14: AGEMOEA2-random_dense-2P to AGEMOEA2-greedy_multi-HUX', 'Equivalence_Line_15: UNSGA3-random_dense-2P to UNSGA3-greedy_multi-UX', 'Equivalence_Line_16: NSGA3-random_dense-2P to NSGA3-greedy_multi-UX', 'Equivalence_Line_17: SPEA2-random_dense-2P to AGEMOEA2-greedy_multi-2P', 'Equivalence_Line_18: UNSGA3-random_dense-1P to AGEMOEA2-greedy_multi-1P', 'Equivalence_Line_19: SMSEMOA-random_dense-1P to SPEA2-greedy_multi-1P', 'Equivalence_Line_20: RVEA-random_dense-HUX to NSGA3-greedy_multi-1P', 'Equivalence_Line_21: RVEA-random_dense-2P to SMSEMOA-greedy_multi-1P', 'Equivalence_Line_22: RVEA-random_dense-1P to SMSEMOA-greedy_multi-2P', 'Equivalence_Line_23: SPEA2-greedy_multi-HUX to RVEA-greedy_multi-1P']"
SPEA2-greedy_multi-UX,0.136733396322897,"['Equivalence_Line_1: AGEMOEA2-greedy_ting-UX to NSGA3-greedy_ting-1P', 'Equivalence_Line_2: NSGA2-random_dense-HUX to SPEA2-greedy_ting-HUX', 'Equivalence_Line_3: AGEMOEA2-greedy_ting-1P to SMSEMOA-random_dense-HUX', 'Equivalence_Line_4: NSGA2-greedy_ting-2P to AGEMOEA2-random_dense-2P', 'Equivalence_Line_5: NSGA3-random_dense-HUX to NSGA3-random_dense-2P', 'Equivalence_Line_6: SMSEMOA-greedy_ting-2P to AGEMOEA2-random_dense-1P', 'Equivalence_Line_7: SPEA2-random_dense-HUX to SPEA2-greedy_ting-2P', 'Equivalence_Line_8: NSGA3-greedy_ting-2P to SMSEMOA-random_dense-1P', 'Equivalence_Line_9: SMSEMOA-greedy_ting-HUX to RVEA-random_dense-UX', 'Equivalence_Line_10: NSGA3-greedy_ting-1P to RVEA-greedy_ting-UX', 'Equivalence_Line_11: SPEA2-greedy_ting-UX to RVEA-random_dense-1P', 'Equivalence_Line_12: SMSEMOA-random_dense-UX to SPEA2-greedy_multi-HUX', 'Equivalence_Line_13: NSGA2-random_dense-2P to SPEA2-greedy_multi-UX', 'Equivalence_Line_14: AGEMOEA2-random_dense-2P to AGEMOEA2-greedy_multi-HUX', 'Equivalence_Line_15: UNSGA3-random_dense-2P to UNSGA3-greedy_multi-UX', 'Equivalence_Line_16: NSGA3-random_dense-2P to NSGA3-greedy_multi-UX', 'Equivalence_Line_17: SPEA2-random_dense-2P to AGEMOEA2-greedy_multi-2P', 'Equivalence_Line_18: UNSGA3-random_dense-1P to AGEMOEA2-greedy_multi-1P', 'Equivalence_Line_19: SMSEMOA-random_dense-1P to SPEA2-greedy_multi-1P', 'Equivalence_Line_20: RVEA-random_dense-HUX to NSGA3-greedy_multi-1P', 'Equivalence_Line_21: RVEA-random_dense-2P to SMSEMOA-greedy_multi-1P', 'Equivalence_Line_22: RVEA-random_dense-1P to SMSEMOA-greedy_multi-2P', 'Equivalence_Line_23: SPEA2-greedy_multi-HUX to RVEA-greedy_multi-1P']"
AGEMOEA2-greedy_multi-UX,0.1347213995399298,"['Equivalence_Line_1: AGEMOEA2-greedy_ting-UX to NSGA3-greedy_ting-1P', 'Equivalence_Line_2: NSGA2-random_dense-HUX to SPEA2-greedy_ting-HUX', 'Equivalence_Line_3: AGEMOEA2-greedy_ting-1P to SMSEMOA-random_dense-HUX', 'Equivalence_Line_4: NSGA2-greedy_ting-2P to AGEMOEA2-random_dense-2P', 'Equivalence_Line_5: NSGA3-random_dense-HUX to NSGA3-random_dense-2P', 'Equivalence_Line_6: SMSEMOA-greedy_ting-2P to AGEMOEA2-random_dense-1P', 'Equivalence_Line_7: SPEA2-random_dense-HUX to SPEA2-greedy_ting-2P', 'Equivalence_Line_8: NSGA3-greedy_ting-2P to SMSEMOA-random_dense-1P', 'Equivalence_Line_9: SMSEMOA-greedy_ting-HUX to RVEA-random_dense-UX', 'Equivalence_Line_10: NSGA3-greedy_ting-1P to RVEA-greedy_ting-UX', 'Equivalence_Line_11: SPEA2-greedy_ting-UX to RVEA-random_dense-1P', 'Equivalence_Line_12: SMSEMOA-random_dense-UX to SPEA2-greedy_multi-HUX', 'Equivalence_Line_13: NSGA2-random_dense-2P to SPEA2-greedy_multi-UX', 'Equivalence_Line_14: AGEMOEA2-random_dense-2P to AGEMOEA2-greedy_multi-HUX', 'Equivalence_Line_15: UNSGA3-random_dense-2P to UNSGA3-greedy_multi-UX', 'Equivalence_Line_16: NSGA3-random_dense-2P to NSGA3-greedy_multi-UX', 'Equivalence_Line_17: SPEA2-random_dense-2P to AGEMOEA2-greedy_multi-2P', 'Equivalence_Line_18: UNSGA3-random_dense-1P to AGEMOEA2-greedy_multi-1P', 'Equivalence_Line_19: SMSEMOA-random_dense-1P to SPEA2-greedy_multi-1P', 'Equivalence_Line_20: RVEA-random_dense-HUX to NSGA3-greedy_multi-1P', 'Equivalence_Line_21: RVEA-random_dense-2P to SMSEMOA-greedy_multi-1P', 'Equivalence_Line_22: RVEA-random_dense-1P to SMSEMOA-greedy_multi-2P', 'Equivalence_Line_23: SPEA2-greedy_multi-HUX to RVEA-greedy_multi-1P']"
AGEMOEA2-greedy_multi-HUX,0.1332289028979227,"['Equivalence_Line_1: AGEMOEA2-greedy_ting-UX to NSGA3-greedy_ting-1P', 'Equivalence_Line_2: NSGA2-random_dense-HUX to SPEA2-greedy_ting-HUX', 'Equivalence_Line_3: AGEMOEA2-greedy_ting-1P to SMSEMOA-random_dense-HUX', 'Equivalence_Line_4: NSGA2-greedy_ting-2P to AGEMOEA2-random_dense-2P', 'Equivalence_Line_5: NSGA3-random_dense-HUX to NSGA3-random_dense-2P', 'Equivalence_Line_6: SMSEMOA-greedy_ting-2P to AGEMOEA2-random_dense-1P', 'Equivalence_Line_7: SPEA2-random_dense-HUX to SPEA2-greedy_ting-2P', 'Equivalence_Line_8: NSGA3-greedy_ting-2P to SMSEMOA-random_dense-1P', 'Equivalence_Line_9: SMSEMOA-greedy_ting-HUX to RVEA-random_dense-UX', 'Equivalence_Line_10: NSGA3-greedy_ting-1P to RVEA-greedy_ting-UX', 'Equivalence_Line_11: SPEA2-greedy_ting-UX to RVEA-random_dense-1P', 'Equivalence_Line_12: SMSEMOA-random_dense-UX to SPEA2-greedy_multi-HUX', 'Equivalence_Line_13: NSGA2-random_dense-2P to SPEA2-greedy_multi-UX', 'Equivalence_Line_14: AGEMOEA2-random_dense-2P to AGEMOEA2-greedy_multi-HUX', 'Equivalence_Line_15: UNSGA3-random_dense-2P to UNSGA3-greedy_multi-UX', 'Equivalence_Line_16: NSGA3-random_dense-2P to NSGA3-greedy_multi-UX', 'Equivalence_Line_17: SPEA2-random_dense-2P to AGEMOEA2-greedy_multi-2P', 'Equivalence_Line_18: UNSGA3-random_dense-1P to AGEMOEA2-greedy_multi-1P', 'Equivalence_Line_19: SMSEMOA-random_dense-1P to SPEA2-greedy_multi-1P', 'Equivalence_Line_20: RVEA-random_dense-HUX to NSGA3-greedy_multi-1P', 'Equivalence_Line_21: RVEA-random_dense-2P to SMSEMOA-greedy_multi-1P', 'Equivalence_Line_22: RVEA-random_dense-1P to SMSEMOA-greedy_multi-2P', 'Equivalence_Line_23: SPEA2-greedy_multi-HUX to RVEA-greedy_multi-1P']"
UNSGA3-greedy_multi-UX,0.1294237401040538,"['Equivalence_Line_1: AGEMOEA2-greedy_ting-UX to NSGA3-greedy_ting-1P', 'Equivalence_Line_2: NSGA2-random_dense-HUX to SPEA2-greedy_ting-HUX', 'Equivalence_Line_3: AGEMOEA2-greedy_ting-1P to SMSEMOA-random_dense-HUX', 'Equivalence_Line_4: NSGA2-greedy_ting-2P to AGEMOEA2-random_dense-2P', 'Equivalence_Line_5: NSGA3-random_dense-HUX to NSGA3-random_dense-2P', 'Equivalence_Line_6: SMSEMOA-greedy_ting-2P to AGEMOEA2-random_dense-1P', 'Equivalence_Line_7: SPEA2-random_dense-HUX to SPEA2-greedy_ting-2P', 'Equivalence_Line_8: NSGA3-greedy_ting-2P to SMSEMOA-random_dense-1P', 'Equivalence_Line_9: SMSEMOA-greedy_ting-HUX to RVEA-random_dense-UX', 'Equivalence_Line_10: NSGA3-greedy_ting-1P to RVEA-greedy_ting-UX', 'Equivalence_Line_11: SPEA2-greedy_ting-UX to RVEA-random_dense-1P', 'Equivalence_Line_12: SMSEMOA-random_dense-UX to SPEA2-greedy_multi-HUX', 'Equivalence_Line_13: NSGA2-random_dense-2P to SPEA2-greedy_multi-UX', 'Equivalence_Line_14: AGEMOEA2-random_dense-2P to AGEMOEA2-greedy_multi-HUX', 'Equivalence_Line_15: UNSGA3-random_dense-2P to UNSGA3-greedy_multi-UX', 'Equivalence_Line_16: NSGA3-random_dense-2P to NSGA3-greedy_multi-UX', 'Equivalence_Line_17: SPEA2-random_dense-2P to AGEMOEA2-greedy_multi-2P', 'Equivalence_Line_18: UNSGA3-random_dense-1P to AGEMOEA2-greedy_multi-1P', 'Equivalence_Line_19: SMSEMOA-random_dense-1P to SPEA2-greedy_multi-1P', 'Equivalence_Line_20: RVEA-random_dense-HUX to NSGA3-greedy_multi-1P', 'Equivalence_Line_21: RVEA-random_dense-2P to SMSEMOA-greedy_multi-1P', 'Equivalence_Line_22: RVEA-random_dense-1P to SMSEMOA-greedy_multi-2P', 'Equivalence_Line_23: SPEA2-greedy_multi-HUX to RVEA-greedy_multi-1P']"
NSGA2-greedy_multi-HUX,0.12905114442230925,"['Equivalence_Line_1: AGEMOEA2-greedy_ting-UX to NSGA3-greedy_ting-1P', 'Equivalence_Line_2: NSGA2-random_dense-HUX to SPEA2-greedy_ting-HUX', 'Equivalence_Line_3: AGEMOEA2-greedy_ting-1P to SMSEMOA-random_dense-HUX', 'Equivalence_Line_4: NSGA2-greedy_ting-2P to AGEMOEA2-random_dense-2P', 'Equivalence_Line_5: NSGA3-random_dense-HUX to NSGA3-random_dense-2P', 'Equivalence_Line_6: SMSEMOA-greedy_ting-2P to AGEMOEA2-random_dense-1P', 'Equivalence_Line_7: SPEA2-random_dense-HUX to SPEA2-greedy_ting-2P', 'Equivalence_Line_8: NSGA3-greedy_ting-2P to SMSEMOA-random_dense-1P', 'Equivalence_Line_9: SMSEMOA-greedy_ting-HUX to RVEA-random_dense-UX', 'Equivalence_Line_10: NSGA3-greedy_ting-1P to RVEA-greedy_ting-UX', 'Equivalence_Line_11: SPEA2-greedy_ting-UX to RVEA-random_dense-1P', 'Equivalence_Line_12: SMSEMOA-random_dense-UX to SPEA2-greedy_multi-HUX', 'Equivalence_Line_13: NSGA2-random_dense-2P to SPEA2-greedy_multi-UX', 'Equivalence_Line_14: AGEMOEA2-random_dense-2P to AGEMOEA2-greedy_multi-HUX', 'Equivalence_Line_15: UNSGA3-random_dense-2P to UNSGA3-greedy_multi-UX', 'Equivalence_Line_16: NSGA3-random_dense-2P to NSGA3-greedy_multi-UX', 'Equivalence_Line_17: SPEA2-random_dense-2P to AGEMOEA2-greedy_multi-2P', 'Equivalence_Line_18: UNSGA3-random_dense-1P to AGEMOEA2-greedy_multi-1P', 'Equivalence_Line_19: SMSEMOA-random_dense-1P to SPEA2-greedy_multi-1P', 'Equivalence_Line_20: RVEA-random_dense-HUX to NSGA3-greedy_multi-1P', 'Equivalence_Line_21: RVEA-random_dense-2P to SMSEMOA-greedy_multi-1P', 'Equivalence_Line_22: RVEA-random_dense-1P to SMSEMOA-greedy_multi-2P', 'Equivalence_Line_23: SPEA2-greedy_multi-HUX to RVEA-greedy_multi-1P']"
NSGA2-greedy_multi-UX,0.12901078638684269,"['Equivalence_Line_1: AGEMOEA2-greedy_ting-UX to NSGA3-greedy_ting-1P', 'Equivalence_Line_2: NSGA2-random_dense-HUX to SPEA2-greedy_ting-HUX', 'Equivalence_Line_3: AGEMOEA2-greedy_ting-1P to SMSEMOA-random_dense-HUX', 'Equivalence_Line_4: NSGA2-greedy_ting-2P to AGEMOEA2-random_dense-2P', 'Equivalence_Line_5: NSGA3-random_dense-HUX to NSGA3-random_dense-2P', 'Equivalence_Line_6: SMSEMOA-greedy_ting-2P to AGEMOEA2-random_dense-1P', 'Equivalence_Line_7: SPEA2-random_dense-HUX to SPEA2-greedy_ting-2P', 'Equivalence_Line_8: NSGA3-greedy_ting-2P to SMSEMOA-random_dense-1P', 'Equivalence_Line_9: SMSEMOA-greedy_ting-HUX to RVEA-random_dense-UX', 'Equivalence_Line_10: NSGA3-greedy_ting-1P to RVEA-greedy_ting-UX', 'Equivalence_Line_11: SPEA2-greedy_ting-UX to RVEA-random_dense-1P', 'Equivalence_Line_12: SMSEMOA-random_dense-UX to SPEA2-greedy_multi-HUX', 'Equivalence_Line_13: NSGA2-random_dense-2P to SPEA2-greedy_multi-UX', 'Equivalence_Line_14: AGEMOEA2-random_dense-2P to AGEMOEA2-greedy_multi-HUX', 'Equivalence_Line_15: UNSGA3-random_dense-2P to UNSGA3-greedy_multi-UX', 'Equivalence_Line_16: NSGA3-random_dense-2P to NSGA3-greedy_multi-UX', 'Equivalence_Line_17: SPEA2-random_dense-2P to AGEMOEA2-greedy_multi-2P', 'Equivalence_Line_18: UNSGA3-random_dense-1P to AGEMOEA2-greedy_multi-1P', 'Equivalence_Line_19: SMSEMOA-random_dense-1P to SPEA2-greedy_multi-1P', 'Equivalence_Line_20: RVEA-random_dense-HUX to NSGA3-greedy_multi-1P', 'Equivalence_Line_21: RVEA-random_dense-2P to SMSEMOA-greedy_multi-1P', 'Equivalence_Line_22: RVEA-random_dense-1P to SMSEMOA-greedy_multi-2P', 'Equivalence_Line_23: SPEA2-greedy_multi-HUX to RVEA-greedy_multi-1P']"
UNSGA3-greedy_multi-HUX,0.12875259387910656,"['Equivalence_Line_1: AGEMOEA2-greedy_ting-UX to NSGA3-greedy_ting-1P', 'Equivalence_Line_2: NSGA2-random_dense-HUX to SPEA2-greedy_ting-HUX', 'Equivalence_Line_3: AGEMOEA2-greedy_ting-1P to SMSEMOA-random_dense-HUX', 'Equivalence_Line_4: NSGA2-greedy_ting-2P to AGEMOEA2-random_dense-2P', 'Equivalence_Line_5: NSGA3-random_dense-HUX to NSGA3-random_dense-2P', 'Equivalence_Line_6: SMSEMOA-greedy_ting-2P to AGEMOEA2-random_dense-1P', 'Equivalence_Line_7: SPEA2-random_dense-HUX to SPEA2-greedy_ting-2P', 'Equivalence_Line_8: NSGA3-greedy_ting-2P to SMSEMOA-random_dense-1P', 'Equivalence_Line_9: SMSEMOA-greedy_ting-HUX to RVEA-random_dense-UX', 'Equivalence_Line_10: NSGA3-greedy_ting-1P to RVEA-greedy_ting-UX', 'Equivalence_Line_11: SPEA2-greedy_ting-UX to RVEA-random_dense-1P', 'Equivalence_Line_12: SMSEMOA-random_dense-UX to SPEA2-greedy_multi-HUX', 'Equivalence_Line_13: NSGA2-random_dense-2P to SPEA2-greedy_multi-UX', 'Equivalence_Line_14: AGEMOEA2-random_dense-2P to AGEMOEA2-greedy_multi-HUX', 'Equivalence_Line_15: UNSGA3-random_dense-2P to UNSGA3-greedy_multi-UX', 'Equivalence_Line_16: NSGA3-random_dense-2P to NSGA3-greedy_multi-UX', 'Equivalence_Line_17: SPEA2-random_dense-2P to AGEMOEA2-greedy_multi-2P', 'Equivalence_Line_18: UNSGA3-random_dense-1P to AGEMOEA2-greedy_multi-1P', 'Equivalence_Line_19: SMSEMOA-random_dense-1P to SPEA2-greedy_multi-1P', 'Equivalence_Line_20: RVEA-random_dense-HUX to NSGA3-greedy_multi-1P', 'Equivalence_Line_21: RVEA-random_dense-2P to SMSEMOA-greedy_multi-1P', 'Equivalence_Line_22: RVEA-random_dense-1P to SMSEMOA-greedy_multi-2P', 'Equivalence_Line_23: SPEA2-greedy_multi-HUX to RVEA-greedy_multi-1P']"
NSGA3-greedy_multi-UX,0.1280835806490056,"['Equivalence_Line_1: AGEMOEA2-greedy_ting-UX to NSGA3-greedy_ting-1P', 'Equivalence_Line_2: NSGA2-random_dense-HUX to SPEA2-greedy_ting-HUX', 'Equivalence_Line_3: AGEMOEA2-greedy_ting-1P to SMSEMOA-random_dense-HUX', 'Equivalence_Line_4: NSGA2-greedy_ting-2P to AGEMOEA2-random_dense-2P', 'Equivalence_Line_5: NSGA3-random_dense-HUX to NSGA3-random_dense-2P', 'Equivalence_Line_6: SMSEMOA-greedy_ting-2P to AGEMOEA2-random_dense-1P', 'Equivalence_Line_7: SPEA2-random_dense-HUX to SPEA2-greedy_ting-2P', 'Equivalence_Line_8: NSGA3-greedy_ting-2P to SMSEMOA-random_dense-1P', 'Equivalence_Line_9: SMSEMOA-greedy_ting-HUX to RVEA-random_dense-UX', 'Equivalence_Line_10: NSGA3-greedy_ting-1P to RVEA-greedy_ting-UX', 'Equivalence_Line_11: SPEA2-greedy_ting-UX to RVEA-random_dense-1P', 'Equivalence_Line_12: SMSEMOA-random_dense-UX to SPEA2-greedy_multi-HUX', 'Equivalence_Line_13: NSGA2-random_dense-2P to SPEA2-greedy_multi-UX', 'Equivalence_Line_14: AGEMOEA2-random_dense-2P to AGEMOEA2-greedy_multi-HUX', 'Equivalence_Line_15: UNSGA3-random_dense-2P to UNSGA3-greedy_multi-UX', 'Equivalence_Line_16: NSGA3-random_dense-2P to NSGA3-greedy_multi-UX', 'Equivalence_Line_17: SPEA2-random_dense-2P to AGEMOEA2-greedy_multi-2P', 'Equivalence_Line_18: UNSGA3-random_dense-1P to AGEMOEA2-greedy_multi-1P', 'Equivalence_Line_19: SMSEMOA-random_dense-1P to SPEA2-greedy_multi-1P', 'Equivalence_Line_20: RVEA-random_dense-HUX to NSGA3-greedy_multi-1P', 'Equivalence_Line_21: RVEA-random_dense-2P to SMSEMOA-greedy_multi-1P', 'Equivalence_Line_22: RVEA-random_dense-1P to SMSEMOA-greedy_multi-2P', 'Equivalence_Line_23: SPEA2-greedy_multi-HUX to RVEA-greedy_multi-1P']"
NSGA3-greedy_multi-HUX,0.12736552213368577,"['Equivalence_Line_1: AGEMOEA2-greedy_ting-UX to NSGA3-greedy_ting-1P', 'Equivalence_Line_2: NSGA2-random_dense-HUX to SPEA2-greedy_ting-HUX', 'Equivalence_Line_3: AGEMOEA2-greedy_ting-1P to SMSEMOA-random_dense-HUX', 'Equivalence_Line_4: NSGA2-greedy_ting-2P to AGEMOEA2-random_dense-2P', 'Equivalence_Line_5: NSGA3-random_dense-HUX to NSGA3-random_dense-2P', 'Equivalence_Line_6: SMSEMOA-greedy_ting-2P to AGEMOEA2-random_dense-1P', 'Equivalence_Line_7: SPEA2-random_dense-HUX to SPEA2-greedy_ting-2P', 'Equivalence_Line_8: NSGA3-greedy_ting-2P to SMSEMOA-random_dense-1P', 'Equivalence_Line_9: SMSEMOA-greedy_ting-HUX to RVEA-random_dense-UX', 'Equivalence_Line_10: NSGA3-greedy_ting-1P to RVEA-greedy_ting-UX', 'Equivalence_Line_11: SPEA2-greedy_ting-UX to RVEA-random_dense-1P', 'Equivalence_Line_12: SMSEMOA-random_dense-UX to SPEA2-greedy_multi-HUX', 'Equivalence_Line_13: NSGA2-random_dense-2P to SPEA2-greedy_multi-UX', 'Equivalence_Line_14: AGEMOEA2-random_dense-2P to AGEMOEA2-greedy_multi-HUX', 'Equivalence_Line_15: UNSGA3-random_dense-2P to UNSGA3-greedy_multi-UX', 'Equivalence_Line_16: NSGA3-random_dense-2P to NSGA3-greedy_multi-UX', 'Equivalence_Line_17: SPEA2-random_dense-2P to AGEMOEA2-greedy_multi-2P', 'Equivalence_Line_18: UNSGA3-random_dense-1P to AGEMOEA2-greedy_multi-1P', 'Equivalence_Line_19: SMSEMOA-random_dense-1P to SPEA2-greedy_multi-1P', 'Equivalence_Line_20: RVEA-random_dense-HUX to NSGA3-greedy_multi-1P', 'Equivalence_Line_21: RVEA-random_dense-2P to SMSEMOA-greedy_multi-1P', 'Equivalence_Line_22: RVEA-random_dense-1P to SMSEMOA-greedy_multi-2P', 'Equivalence_Line_23: SPEA2-greedy_multi-HUX to RVEA-greedy_multi-1P']"
AGEMOEA2-greedy_multi-2P,0.12558199463251302,"['Equivalence_Line_1: AGEMOEA2-greedy_ting-UX to NSGA3-greedy_ting-1P', 'Equivalence_Line_2: NSGA2-random_dense-HUX to SPEA2-greedy_ting-HUX', 'Equivalence_Line_3: AGEMOEA2-greedy_ting-1P to SMSEMOA-random_dense-HUX', 'Equivalence_Line_4: NSGA2-greedy_ting-2P to AGEMOEA2-random_dense-2P', 'Equivalence_Line_5: NSGA3-random_dense-HUX to NSGA3-random_dense-2P', 'Equivalence_Line_6: SMSEMOA-greedy_ting-2P to AGEMOEA2-random_dense-1P', 'Equivalence_Line_7: SPEA2-random_dense-HUX to SPEA2-greedy_ting-2P', 'Equivalence_Line_8: NSGA3-greedy_ting-2P to SMSEMOA-random_dense-1P', 'Equivalence_Line_9: SMSEMOA-greedy_ting-HUX to RVEA-random_dense-UX', 'Equivalence_Line_10: NSGA3-greedy_ting-1P to RVEA-greedy_ting-UX', 'Equivalence_Line_11: SPEA2-greedy_ting-UX to RVEA-random_dense-1P', 'Equivalence_Line_12: SMSEMOA-random_dense-UX to SPEA2-greedy_multi-HUX', 'Equivalence_Line_13: NSGA2-random_dense-2P to SPEA2-greedy_multi-UX', 'Equivalence_Line_14: AGEMOEA2-random_dense-2P to AGEMOEA2-greedy_multi-HUX', 'Equivalence_Line_15: UNSGA3-random_dense-2P to UNSGA3-greedy_multi-UX', 'Equivalence_Line_16: NSGA3-random_dense-2P to NSGA3-greedy_multi-UX', 'Equivalence_Line_17: SPEA2-random_dense-2P to AGEMOEA2-greedy_multi-2P', 'Equivalence_Line_18: UNSGA3-random_dense-1P to AGEMOEA2-greedy_multi-1P', 'Equivalence_Line_19: SMSEMOA-random_dense-1P to SPEA2-greedy_multi-1P', 'Equivalence_Line_20: RVEA-random_dense-HUX to NSGA3-greedy_multi-1P', 'Equivalence_Line_21: RVEA-random_dense-2P to SMSEMOA-greedy_multi-1P', 'Equivalence_Line_22: RVEA-random_dense-1P to SMSEMOA-greedy_multi-2P', 'Equivalence_Line_23: SPEA2-greedy_multi-HUX to RVEA-greedy_multi-1P']"
RVEA-greedy_multi-UX,0.12056253131400897,"['Equivalence_Line_1: AGEMOEA2-greedy_ting-UX to NSGA3-greedy_ting-1P', 'Equivalence_Line_2: NSGA2-random_dense-HUX to SPEA2-greedy_ting-HUX', 'Equivalence_Line_3: AGEMOEA2-greedy_ting-1P to SMSEMOA-random_dense-HUX', 'Equivalence_Line_4: NSGA2-greedy_ting-2P to AGEMOEA2-random_dense-2P', 'Equivalence_Line_5: NSGA3-random_dense-HUX to NSGA3-random_dense-2P', 'Equivalence_Line_6: SMSEMOA-greedy_ting-2P to AGEMOEA2-random_dense-1P', 'Equivalence_Line_7: SPEA2-random_dense-HUX to SPEA2-greedy_ting-2P', 'Equivalence_Line_8: NSGA3-greedy_ting-2P to SMSEMOA-random_dense-1P', 'Equivalence_Line_9: SMSEMOA-greedy_ting-HUX to RVEA-random_dense-UX', 'Equivalence_Line_10: NSGA3-greedy_ting-1P to RVEA-greedy_ting-UX', 'Equivalence_Line_11: SPEA2-greedy_ting-UX to RVEA-random_dense-1P', 'Equivalence_Line_12: SMSEMOA-random_dense-UX to SPEA2-greedy_multi-HUX', 'Equivalence_Line_13: NSGA2-random_dense-2P to SPEA2-greedy_multi-UX', 'Equivalence_Line_14: AGEMOEA2-random_dense-2P to AGEMOEA2-greedy_multi-HUX', 'Equivalence_Line_15: UNSGA3-random_dense-2P to UNSGA3-greedy_multi-UX', 'Equivalence_Line_16: NSGA3-random_dense-2P to NSGA3-greedy_multi-UX', 'Equivalence_Line_17: SPEA2-random_dense-2P to AGEMOEA2-greedy_multi-2P', 'Equivalence_Line_18: UNSGA3-random_dense-1P to AGEMOEA2-greedy_multi-1P', 'Equivalence_Line_19: SMSEMOA-random_dense-1P to SPEA2-greedy_multi-1P', 'Equivalence_Line_20: RVEA-random_dense-HUX to NSGA3-greedy_multi-1P', 'Equivalence_Line_21: RVEA-random_dense-2P to SMSEMOA-greedy_multi-1P', 'Equivalence_Line_22: RVEA-random_dense-1P to SMSEMOA-greedy_multi-2P', 'Equivalence_Line_23: SPEA2-greedy_multi-HUX to RVEA-greedy_multi-1P']"
NSGA3-greedy_multi-2P,0.12046776579450842,"['Equivalence_Line_1: AGEMOEA2-greedy_ting-UX to NSGA3-greedy_ting-1P', 'Equivalence_Line_2: NSGA2-random_dense-HUX to SPEA2-greedy_ting-HUX', 'Equivalence_Line_3: AGEMOEA2-greedy_ting-1P to SMSEMOA-random_dense-HUX', 'Equivalence_Line_4: NSGA2-greedy_ting-2P to AGEMOEA2-random_dense-2P', 'Equivalence_Line_5: NSGA3-random_dense-HUX to NSGA3-random_dense-2P', 'Equivalence_Line_6: SMSEMOA-greedy_ting-2P to AGEMOEA2-random_dense-1P', 'Equivalence_Line_7: SPEA2-random_dense-HUX to SPEA2-greedy_ting-2P', 'Equivalence_Line_8: NSGA3-greedy_ting-2P to SMSEMOA-random_dense-1P', 'Equivalence_Line_9: SMSEMOA-greedy_ting-HUX to RVEA-random_dense-UX', 'Equivalence_Line_10: NSGA3-greedy_ting-1P to RVEA-greedy_ting-UX', 'Equivalence_Line_11: SPEA2-greedy_ting-UX to RVEA-random_dense-1P', 'Equivalence_Line_12: SMSEMOA-random_dense-UX to SPEA2-greedy_multi-HUX', 'Equivalence_Line_13: NSGA2-random_dense-2P to SPEA2-greedy_multi-UX', 'Equivalence_Line_14: AGEMOEA2-random_dense-2P to AGEMOEA2-greedy_multi-HUX', 'Equivalence_Line_15: UNSGA3-random_dense-2P to UNSGA3-greedy_multi-UX', 'Equivalence_Line_16: NSGA3-random_dense-2P to NSGA3-greedy_multi-UX', 'Equivalence_Line_17: SPEA2-random_dense-2P to AGEMOEA2-greedy_multi-2P', 'Equivalence_Line_18: UNSGA3-random_dense-1P to AGEMOEA2-greedy_multi-1P', 'Equivalence_Line_19: SMSEMOA-random_dense-1P to SPEA2-greedy_multi-1P', 'Equivalence_Line_20: RVEA-random_dense-HUX to NSGA3-greedy_multi-1P', 'Equivalence_Line_21: RVEA-random_dense-2P to SMSEMOA-greedy_multi-1P', 'Equivalence_Line_22: RVEA-random_dense-1P to SMSEMOA-greedy_multi-2P', 'Equivalence_Line_23: SPEA2-greedy_multi-HUX to RVEA-greedy_multi-1P']"
AGEMOEA2-greedy_multi-1P,0.12040182407456343,"['Equivalence_Line_1: AGEMOEA2-greedy_ting-UX to NSGA3-greedy_ting-1P', 'Equivalence_Line_2: NSGA2-random_dense-HUX to SPEA2-greedy_ting-HUX', 'Equivalence_Line_3: AGEMOEA2-greedy_ting-1P to SMSEMOA-random_dense-HUX', 'Equivalence_Line_4: NSGA2-greedy_ting-2P to AGEMOEA2-random_dense-2P', 'Equivalence_Line_5: NSGA3-random_dense-HUX to NSGA3-random_dense-2P', 'Equivalence_Line_6: SMSEMOA-greedy_ting-2P to AGEMOEA2-random_dense-1P', 'Equivalence_Line_7: SPEA2-random_dense-HUX to SPEA2-greedy_ting-2P', 'Equivalence_Line_8: NSGA3-greedy_ting-2P to SMSEMOA-random_dense-1P', 'Equivalence_Line_9: SMSEMOA-greedy_ting-HUX to RVEA-random_dense-UX', 'Equivalence_Line_10: NSGA3-greedy_ting-1P to RVEA-greedy_ting-UX', 'Equivalence_Line_11: SPEA2-greedy_ting-UX to RVEA-random_dense-1P', 'Equivalence_Line_12: SMSEMOA-random_dense-UX to SPEA2-greedy_multi-HUX', 'Equivalence_Line_13: NSGA2-random_dense-2P to SPEA2-greedy_multi-UX', 'Equivalence_Line_14: AGEMOEA2-random_dense-2P to AGEMOEA2-greedy_multi-HUX', 'Equivalence_Line_15: UNSGA3-random_dense-2P to UNSGA3-greedy_multi-UX', 'Equivalence_Line_16: NSGA3-random_dense-2P to NSGA3-greedy_multi-UX', 'Equivalence_Line_17: SPEA2-random_dense-2P to AGEMOEA2-greedy_multi-2P', 'Equivalence_Line_18: UNSGA3-random_dense-1P to AGEMOEA2-greedy_multi-1P', 'Equivalence_Line_19: SMSEMOA-random_dense-1P to SPEA2-greedy_multi-1P', 'Equivalence_Line_20: RVEA-random_dense-HUX to NSGA3-greedy_multi-1P', 'Equivalence_Line_21: RVEA-random_dense-2P to SMSEMOA-greedy_multi-1P', 'Equivalence_Line_22: RVEA-random_dense-1P to SMSEMOA-greedy_multi-2P', 'Equivalence_Line_23: SPEA2-greedy_multi-HUX to RVEA-greedy_multi-1P']"
RVEA-greedy_multi-HUX,0.12036562458520456,"['Equivalence_Line_1: AGEMOEA2-greedy_ting-UX to NSGA3-greedy_ting-1P', 'Equivalence_Line_2: NSGA2-random_dense-HUX to SPEA2-greedy_ting-HUX', 'Equivalence_Line_3: AGEMOEA2-greedy_ting-1P to SMSEMOA-random_dense-HUX', 'Equivalence_Line_4: NSGA2-greedy_ting-2P to AGEMOEA2-random_dense-2P', 'Equivalence_Line_5: NSGA3-random_dense-HUX to NSGA3-random_dense-2P', 'Equivalence_Line_6: SMSEMOA-greedy_ting-2P to AGEMOEA2-random_dense-1P', 'Equivalence_Line_7: SPEA2-random_dense-HUX to SPEA2-greedy_ting-2P', 'Equivalence_Line_8: NSGA3-greedy_ting-2P to SMSEMOA-random_dense-1P', 'Equivalence_Line_9: SMSEMOA-greedy_ting-HUX to RVEA-random_dense-UX', 'Equivalence_Line_10: NSGA3-greedy_ting-1P to RVEA-greedy_ting-UX', 'Equivalence_Line_11: SPEA2-greedy_ting-UX to RVEA-random_dense-1P', 'Equivalence_Line_12: SMSEMOA-random_dense-UX to SPEA2-greedy_multi-HUX', 'Equivalence_Line_13: NSGA2-random_dense-2P to SPEA2-greedy_multi-UX', 'Equivalence_Line_14: AGEMOEA2-random_dense-2P to AGEMOEA2-greedy_multi-HUX', 'Equivalence_Line_15: UNSGA3-random_dense-2P to UNSGA3-greedy_multi-UX', 'Equivalence_Line_16: NSGA3-random_dense-2P to NSGA3-greedy_multi-UX', 'Equivalence_Line_17: SPEA2-random_dense-2P to AGEMOEA2-greedy_multi-2P', 'Equivalence_Line_18: UNSGA3-random_dense-1P to AGEMOEA2-greedy_multi-1P', 'Equivalence_Line_19: SMSEMOA-random_dense-1P to SPEA2-greedy_multi-1P', 'Equivalence_Line_20: RVEA-random_dense-HUX to NSGA3-greedy_multi-1P', 'Equivalence_Line_21: RVEA-random_dense-2P to SMSEMOA-greedy_multi-1P', 'Equivalence_Line_22: RVEA-random_dense-1P to SMSEMOA-greedy_multi-2P', 'Equivalence_Line_23: SPEA2-greedy_multi-HUX to RVEA-greedy_multi-1P']"
SPEA2-greedy_multi-2P,0.12001914702598883,"['Equivalence_Line_1: AGEMOEA2-greedy_ting-UX to NSGA3-greedy_ting-1P', 'Equivalence_Line_2: NSGA2-random_dense-HUX to SPEA2-greedy_ting-HUX', 'Equivalence_Line_3: AGEMOEA2-greedy_ting-1P to SMSEMOA-random_dense-HUX', 'Equivalence_Line_4: NSGA2-greedy_ting-2P to AGEMOEA2-random_dense-2P', 'Equivalence_Line_5: NSGA3-random_dense-HUX to NSGA3-random_dense-2P', 'Equivalence_Line_6: SMSEMOA-greedy_ting-2P to AGEMOEA2-random_dense-1P', 'Equivalence_Line_7: SPEA2-random_dense-HUX to SPEA2-greedy_ting-2P', 'Equivalence_Line_8: NSGA3-greedy_ting-2P to SMSEMOA-random_dense-1P', 'Equivalence_Line_9: SMSEMOA-greedy_ting-HUX to RVEA-random_dense-UX', 'Equivalence_Line_10: NSGA3-greedy_ting-1P to RVEA-greedy_ting-UX', 'Equivalence_Line_11: SPEA2-greedy_ting-UX to RVEA-random_dense-1P', 'Equivalence_Line_12: SMSEMOA-random_dense-UX to SPEA2-greedy_multi-HUX', 'Equivalence_Line_13: NSGA2-random_dense-2P to SPEA2-greedy_multi-UX', 'Equivalence_Line_14: AGEMOEA2-random_dense-2P to AGEMOEA2-greedy_multi-HUX', 'Equivalence_Line_15: UNSGA3-random_dense-2P to UNSGA3-greedy_multi-UX', 'Equivalence_Line_16: NSGA3-random_dense-2P to NSGA3-greedy_multi-UX', 'Equivalence_Line_17: SPEA2-random_dense-2P to AGEMOEA2-greedy_multi-2P', 'Equivalence_Line_18: UNSGA3-random_dense-1P to AGEMOEA2-greedy_multi-1P', 'Equivalence_Line_19: SMSEMOA-random_dense-1P to SPEA2-greedy_multi-1P', 'Equivalence_Line_20: RVEA-random_dense-HUX to NSGA3-greedy_multi-1P', 'Equivalence_Line_21: RVEA-random_dense-2P to SMSEMOA-greedy_multi-1P', 'Equivalence_Line_22: RVEA-random_dense-1P to SMSEMOA-greedy_multi-2P', 'Equivalence_Line_23: SPEA2-greedy_multi-HUX to RVEA-greedy_multi-1P']"
UNSGA3-greedy_multi-2P,0.11925887032365114,"['Equivalence_Line_1: AGEMOEA2-greedy_ting-UX to NSGA3-greedy_ting-1P', 'Equivalence_Line_2: NSGA2-random_dense-HUX to SPEA2-greedy_ting-HUX', 'Equivalence_Line_3: AGEMOEA2-greedy_ting-1P to SMSEMOA-random_dense-HUX', 'Equivalence_Line_4: NSGA2-greedy_ting-2P to AGEMOEA2-random_dense-2P', 'Equivalence_Line_5: NSGA3-random_dense-HUX to NSGA3-random_dense-2P', 'Equivalence_Line_6: SMSEMOA-greedy_ting-2P to AGEMOEA2-random_dense-1P', 'Equivalence_Line_7: SPEA2-random_dense-HUX to SPEA2-greedy_ting-2P', 'Equivalence_Line_8: NSGA3-greedy_ting-2P to SMSEMOA-random_dense-1P', 'Equivalence_Line_9: SMSEMOA-greedy_ting-HUX to RVEA-random_dense-UX', 'Equivalence_Line_10: NSGA3-greedy_ting-1P to RVEA-greedy_ting-UX', 'Equivalence_Line_11: SPEA2-greedy_ting-UX to RVEA-random_dense-1P', 'Equivalence_Line_12: SMSEMOA-random_dense-UX to SPEA2-greedy_multi-HUX', 'Equivalence_Line_13: NSGA2-random_dense-2P to SPEA2-greedy_multi-UX', 'Equivalence_Line_14: AGEMOEA2-random_dense-2P to AGEMOEA2-greedy_multi-HUX', 'Equivalence_Line_15: UNSGA3-random_dense-2P to UNSGA3-greedy_multi-UX', 'Equivalence_Line_16: NSGA3-random_dense-2P to NSGA3-greedy_multi-UX', 'Equivalence_Line_17: SPEA2-random_dense-2P to AGEMOEA2-greedy_multi-2P', 'Equivalence_Line_18: UNSGA3-random_dense-1P to AGEMOEA2-greedy_multi-1P', 'Equivalence_Line_19: SMSEMOA-random_dense-1P to SPEA2-greedy_multi-1P', 'Equivalence_Line_20: RVEA-random_dense-HUX to NSGA3-greedy_multi-1P', 'Equivalence_Line_21: RVEA-random_dense-2P to SMSEMOA-greedy_multi-1P', 'Equivalence_Line_22: RVEA-random_dense-1P to SMSEMOA-greedy_multi-2P', 'Equivalence_Line_23: SPEA2-greedy_multi-HUX to RVEA-greedy_multi-1P']"
SPEA2-greedy_multi-1P,0.11923252569256558,"['Equivalence_Line_1: AGEMOEA2-greedy_ting-UX to NSGA3-greedy_ting-1P', 'Equivalence_Line_2: NSGA2-random_dense-HUX to SPEA2-greedy_ting-HUX', 'Equivalence_Line_3: AGEMOEA2-greedy_ting-1P to SMSEMOA-random_dense-HUX', 'Equivalence_Line_4: NSGA2-greedy_ting-2P to AGEMOEA2-random_dense-2P', 'Equivalence_Line_5: NSGA3-random_dense-HUX to NSGA3-random_dense-2P', 'Equivalence_Line_6: SMSEMOA-greedy_ting-2P to AGEMOEA2-random_dense-1P', 'Equivalence_Line_7: SPEA2-random_dense-HUX to SPEA2-greedy_ting-2P', 'Equivalence_Line_8: NSGA3-greedy_ting-2P to SMSEMOA-random_dense-1P', 'Equivalence_Line_9: SMSEMOA-greedy_ting-HUX to RVEA-random_dense-UX', 'Equivalence_Line_10: NSGA3-greedy_ting-1P to RVEA-greedy_ting-UX', 'Equivalence_Line_11: SPEA2-greedy_ting-UX to RVEA-random_dense-1P', 'Equivalence_Line_12: SMSEMOA-random_dense-UX to SPEA2-greedy_multi-HUX', 'Equivalence_Line_13: NSGA2-random_dense-2P to SPEA2-greedy_multi-UX', 'Equivalence_Line_14: AGEMOEA2-random_dense-2P to AGEMOEA2-greedy_multi-HUX', 'Equivalence_Line_15: UNSGA3-random_dense-2P to UNSGA3-greedy_multi-UX', 'Equivalence_Line_16: NSGA3-random_dense-2P to NSGA3-greedy_multi-UX', 'Equivalence_Line_17: SPEA2-random_dense-2P to AGEMOEA2-greedy_multi-2P', 'Equivalence_Line_18: UNSGA3-random_dense-1P to AGEMOEA2-greedy_multi-1P', 'Equivalence_Line_19: SMSEMOA-random_dense-1P to SPEA2-greedy_multi-1P', 'Equivalence_Line_20: RVEA-random_dense-HUX to NSGA3-greedy_multi-1P', 'Equivalence_Line_21: RVEA-random_dense-2P to SMSEMOA-greedy_multi-1P', 'Equivalence_Line_22: RVEA-random_dense-1P to SMSEMOA-greedy_multi-2P', 'Equivalence_Line_23: SPEA2-greedy_multi-HUX to RVEA-greedy_multi-1P']"
NSGA2-greedy_multi-2P,0.11652670814351701,"['Equivalence_Line_1: AGEMOEA2-greedy_ting-UX to NSGA3-greedy_ting-1P', 'Equivalence_Line_2: NSGA2-random_dense-HUX to SPEA2-greedy_ting-HUX', 'Equivalence_Line_3: AGEMOEA2-greedy_ting-1P to SMSEMOA-random_dense-HUX', 'Equivalence_Line_4: NSGA2-greedy_ting-2P to AGEMOEA2-random_dense-2P', 'Equivalence_Line_5: NSGA3-random_dense-HUX to NSGA3-random_dense-2P', 'Equivalence_Line_6: SMSEMOA-greedy_ting-2P to AGEMOEA2-random_dense-1P', 'Equivalence_Line_7: SPEA2-random_dense-HUX to SPEA2-greedy_ting-2P', 'Equivalence_Line_8: NSGA3-greedy_ting-2P to SMSEMOA-random_dense-1P', 'Equivalence_Line_9: SMSEMOA-greedy_ting-HUX to RVEA-random_dense-UX', 'Equivalence_Line_10: NSGA3-greedy_ting-1P to RVEA-greedy_ting-UX', 'Equivalence_Line_11: SPEA2-greedy_ting-UX to RVEA-random_dense-1P', 'Equivalence_Line_12: SMSEMOA-random_dense-UX to SPEA2-greedy_multi-HUX', 'Equivalence_Line_13: NSGA2-random_dense-2P to SPEA2-greedy_multi-UX', 'Equivalence_Line_14: AGEMOEA2-random_dense-2P to AGEMOEA2-greedy_multi-HUX', 'Equivalence_Line_15: UNSGA3-random_dense-2P to UNSGA3-greedy_multi-UX', 'Equivalence_Line_16: NSGA3-random_dense-2P to NSGA3-greedy_multi-UX', 'Equivalence_Line_17: SPEA2-random_dense-2P to AGEMOEA2-greedy_multi-2P', 'Equivalence_Line_18: UNSGA3-random_dense-1P to AGEMOEA2-greedy_multi-1P', 'Equivalence_Line_19: SMSEMOA-random_dense-1P to SPEA2-greedy_multi-1P', 'Equivalence_Line_20: RVEA-random_dense-HUX to NSGA3-greedy_multi-1P', 'Equivalence_Line_21: RVEA-random_dense-2P to SMSEMOA-greedy_multi-1P', 'Equivalence_Line_22: RVEA-random_dense-1P to SMSEMOA-greedy_multi-2P', 'Equivalence_Line_23: SPEA2-greedy_multi-HUX to RVEA-greedy_multi-1P']"
UNSGA3-greedy_multi-1P,0.11626313147049057,"['Equivalence_Line_1: AGEMOEA2-greedy_ting-UX to NSGA3-greedy_ting-1P', 'Equivalence_Line_2: NSGA2-random_dense-HUX to SPEA2-greedy_ting-HUX', 'Equivalence_Line_3: AGEMOEA2-greedy_ting-1P to SMSEMOA-random_dense-HUX', 'Equivalence_Line_4: NSGA2-greedy_ting-2P to AGEMOEA2-random_dense-2P', 'Equivalence_Line_5: NSGA3-random_dense-HUX to NSGA3-random_dense-2P', 'Equivalence_Line_6: SMSEMOA-greedy_ting-2P to AGEMOEA2-random_dense-1P', 'Equivalence_Line_7: SPEA2-random_dense-HUX to SPEA2-greedy_ting-2P', 'Equivalence_Line_8: NSGA3-greedy_ting-2P to SMSEMOA-random_dense-1P', 'Equivalence_Line_9: SMSEMOA-greedy_ting-HUX to RVEA-random_dense-UX', 'Equivalence_Line_10: NSGA3-greedy_ting-1P to RVEA-greedy_ting-UX', 'Equivalence_Line_11: SPEA2-greedy_ting-UX to RVEA-random_dense-1P', 'Equivalence_Line_12: SMSEMOA-random_dense-UX to SPEA2-greedy_multi-HUX', 'Equivalence_Line_13: NSGA2-random_dense-2P to SPEA2-greedy_multi-UX', 'Equivalence_Line_14: AGEMOEA2-random_dense-2P to AGEMOEA2-greedy_multi-HUX', 'Equivalence_Line_15: UNSGA3-random_dense-2P to UNSGA3-greedy_multi-UX', 'Equivalence_Line_16: NSGA3-random_dense-2P to NSGA3-greedy_multi-UX', 'Equivalence_Line_17: SPEA2-random_dense-2P to AGEMOEA2-greedy_multi-2P', 'Equivalence_Line_18: UNSGA3-random_dense-1P to AGEMOEA2-greedy_multi-1P', 'Equivalence_Line_19: SMSEMOA-random_dense-1P to SPEA2-greedy_multi-1P', 'Equivalence_Line_20: RVEA-random_dense-HUX to NSGA3-greedy_multi-1P', 'Equivalence_Line_21: RVEA-random_dense-2P to SMSEMOA-greedy_multi-1P', 'Equivalence_Line_22: RVEA-random_dense-1P to SMSEMOA-greedy_multi-2P', 'Equivalence_Line_23: SPEA2-greedy_multi-HUX to RVEA-greedy_multi-1P']"
NSGA3-greedy_multi-1P,0.11573375689176374,"['Equivalence_Line_1: AGEMOEA2-greedy_ting-UX to NSGA3-greedy_ting-1P', 'Equivalence_Line_2: NSGA2-random_dense-HUX to SPEA2-greedy_ting-HUX', 'Equivalence_Line_3: AGEMOEA2-greedy_ting-1P to SMSEMOA-random_dense-HUX', 'Equivalence_Line_4: NSGA2-greedy_ting-2P to AGEMOEA2-random_dense-2P', 'Equivalence_Line_5: NSGA3-random_dense-HUX to NSGA3-random_dense-2P', 'Equivalence_Line_6: SMSEMOA-greedy_ting-2P to AGEMOEA2-random_dense-1P', 'Equivalence_Line_7: SPEA2-random_dense-HUX to SPEA2-greedy_ting-2P', 'Equivalence_Line_8: NSGA3-greedy_ting-2P to SMSEMOA-random_dense-1P', 'Equivalence_Line_9: SMSEMOA-greedy_ting-HUX to RVEA-random_dense-UX', 'Equivalence_Line_10: NSGA3-greedy_ting-1P to RVEA-greedy_ting-UX', 'Equivalence_Line_11: SPEA2-greedy_ting-UX to RVEA-random_dense-1P', 'Equivalence_Line_12: SMSEMOA-random_dense-UX to SPEA2-greedy_multi-HUX', 'Equivalence_Line_13: NSGA2-random_dense-2P to SPEA2-greedy_multi-UX', 'Equivalence_Line_14: AGEMOEA2-random_dense-2P to AGEMOEA2-greedy_multi-HUX', 'Equivalence_Line_15: UNSGA3-random_dense-2P to UNSGA3-greedy_multi-UX', 'Equivalence_Line_16: NSGA3-random_dense-2P to NSGA3-greedy_multi-UX', 'Equivalence_Line_17: SPEA2-random_dense-2P to AGEMOEA2-greedy_multi-2P', 'Equivalence_Line_18: UNSGA3-random_dense-1P to AGEMOEA2-greedy_multi-1P', 'Equivalence_Line_19: SMSEMOA-random_dense-1P to SPEA2-greedy_multi-1P', 'Equivalence_Line_20: RVEA-random_dense-HUX to NSGA3-greedy_multi-1P', 'Equivalence_Line_21: RVEA-random_dense-2P to SMSEMOA-greedy_multi-1P', 'Equivalence_Line_22: RVEA-random_dense-1P to SMSEMOA-greedy_multi-2P', 'Equivalence_Line_23: SPEA2-greedy_multi-HUX to RVEA-greedy_multi-1P']"
SMSEMOA-greedy_multi-UX,0.11230382493722377,"['Equivalence_Line_1: AGEMOEA2-greedy_ting-UX to NSGA3-greedy_ting-1P', 'Equivalence_Line_2: NSGA2-random_dense-HUX to SPEA2-greedy_ting-HUX', 'Equivalence_Line_3: AGEMOEA2-greedy_ting-1P to SMSEMOA-random_dense-HUX', 'Equivalence_Line_4: NSGA2-greedy_ting-2P to AGEMOEA2-random_dense-2P', 'Equivalence_Line_5: NSGA3-random_dense-HUX to NSGA3-random_dense-2P', 'Equivalence_Line_6: SMSEMOA-greedy_ting-2P to AGEMOEA2-random_dense-1P', 'Equivalence_Line_7: SPEA2-random_dense-HUX to SPEA2-greedy_ting-2P', 'Equivalence_Line_8: NSGA3-greedy_ting-2P to SMSEMOA-random_dense-1P', 'Equivalence_Line_9: SMSEMOA-greedy_ting-HUX to RVEA-random_dense-UX', 'Equivalence_Line_10: NSGA3-greedy_ting-1P to RVEA-greedy_ting-UX', 'Equivalence_Line_11: SPEA2-greedy_ting-UX to RVEA-random_dense-1P', 'Equivalence_Line_12: SMSEMOA-random_dense-UX to SPEA2-greedy_multi-HUX', 'Equivalence_Line_13: NSGA2-random_dense-2P to SPEA2-greedy_multi-UX', 'Equivalence_Line_14: AGEMOEA2-random_dense-2P to AGEMOEA2-greedy_multi-HUX', 'Equivalence_Line_15: UNSGA3-random_dense-2P to UNSGA3-greedy_multi-UX', 'Equivalence_Line_16: NSGA3-random_dense-2P to NSGA3-greedy_multi-UX', 'Equivalence_Line_17: SPEA2-random_dense-2P to AGEMOEA2-greedy_multi-2P', 'Equivalence_Line_18: UNSGA3-random_dense-1P to AGEMOEA2-greedy_multi-1P', 'Equivalence_Line_19: SMSEMOA-random_dense-1P to SPEA2-greedy_multi-1P', 'Equivalence_Line_20: RVEA-random_dense-HUX to NSGA3-greedy_multi-1P', 'Equivalence_Line_21: RVEA-random_dense-2P to SMSEMOA-greedy_multi-1P', 'Equivalence_Line_22: RVEA-random_dense-1P to SMSEMOA-greedy_multi-2P', 'Equivalence_Line_23: SPEA2-greedy_multi-HUX to RVEA-greedy_multi-1P']"
NSGA2-greedy_multi-1P,0.11209187157246314,"['Equivalence_Line_1: AGEMOEA2-greedy_ting-UX to NSGA3-greedy_ting-1P', 'Equivalence_Line_2: NSGA2-random_dense-HUX to SPEA2-greedy_ting-HUX', 'Equivalence_Line_3: AGEMOEA2-greedy_ting-1P to SMSEMOA-random_dense-HUX', 'Equivalence_Line_4: NSGA2-greedy_ting-2P to AGEMOEA2-random_dense-2P', 'Equivalence_Line_5: NSGA3-random_dense-HUX to NSGA3-random_dense-2P', 'Equivalence_Line_6: SMSEMOA-greedy_ting-2P to AGEMOEA2-random_dense-1P', 'Equivalence_Line_7: SPEA2-random_dense-HUX to SPEA2-greedy_ting-2P', 'Equivalence_Line_8: NSGA3-greedy_ting-2P to SMSEMOA-random_dense-1P', 'Equivalence_Line_9: SMSEMOA-greedy_ting-HUX to RVEA-random_dense-UX', 'Equivalence_Line_10: NSGA3-greedy_ting-1P to RVEA-greedy_ting-UX', 'Equivalence_Line_11: SPEA2-greedy_ting-UX to RVEA-random_dense-1P', 'Equivalence_Line_12: SMSEMOA-random_dense-UX to SPEA2-greedy_multi-HUX', 'Equivalence_Line_13: NSGA2-random_dense-2P to SPEA2-greedy_multi-UX', 'Equivalence_Line_14: AGEMOEA2-random_dense-2P to AGEMOEA2-greedy_multi-HUX', 'Equivalence_Line_15: UNSGA3-random_dense-2P to UNSGA3-greedy_multi-UX', 'Equivalence_Line_16: NSGA3-random_dense-2P to NSGA3-greedy_multi-UX', 'Equivalence_Line_17: SPEA2-random_dense-2P to AGEMOEA2-greedy_multi-2P', 'Equivalence_Line_18: UNSGA3-random_dense-1P to AGEMOEA2-greedy_multi-1P', 'Equivalence_Line_19: SMSEMOA-random_dense-1P to SPEA2-greedy_multi-1P', 'Equivalence_Line_20: RVEA-random_dense-HUX to NSGA3-greedy_multi-1P', 'Equivalence_Line_21: RVEA-random_dense-2P to SMSEMOA-greedy_multi-1P', 'Equivalence_Line_22: RVEA-random_dense-1P to SMSEMOA-greedy_multi-2P', 'Equivalence_Line_23: SPEA2-greedy_multi-HUX to RVEA-greedy_multi-1P']"
SMSEMOA-greedy_multi-HUX,0.11163064146378746,"['Equivalence_Line_1: AGEMOEA2-greedy_ting-UX to NSGA3-greedy_ting-1P', 'Equivalence_Line_2: NSGA2-random_dense-HUX to SPEA2-greedy_ting-HUX', 'Equivalence_Line_3: AGEMOEA2-greedy_ting-1P to SMSEMOA-random_dense-HUX', 'Equivalence_Line_4: NSGA2-greedy_ting-2P to AGEMOEA2-random_dense-2P', 'Equivalence_Line_5: NSGA3-random_dense-HUX to NSGA3-random_dense-2P', 'Equivalence_Line_6: SMSEMOA-greedy_ting-2P to AGEMOEA2-random_dense-1P', 'Equivalence_Line_7: SPEA2-random_dense-HUX to SPEA2-greedy_ting-2P', 'Equivalence_Line_8: NSGA3-greedy_ting-2P to SMSEMOA-random_dense-1P', 'Equivalence_Line_9: SMSEMOA-greedy_ting-HUX to RVEA-random_dense-UX', 'Equivalence_Line_10: NSGA3-greedy_ting-1P to RVEA-greedy_ting-UX', 'Equivalence_Line_11: SPEA2-greedy_ting-UX to RVEA-random_dense-1P', 'Equivalence_Line_12: SMSEMOA-random_dense-UX to SPEA2-greedy_multi-HUX', 'Equivalence_Line_13: NSGA2-random_dense-2P to SPEA2-greedy_multi-UX', 'Equivalence_Line_14: AGEMOEA2-random_dense-2P to AGEMOEA2-greedy_multi-HUX', 'Equivalence_Line_15: UNSGA3-random_dense-2P to UNSGA3-greedy_multi-UX', 'Equivalence_Line_16: NSGA3-random_dense-2P to NSGA3-greedy_multi-UX', 'Equivalence_Line_17: SPEA2-random_dense-2P to AGEMOEA2-greedy_multi-2P', 'Equivalence_Line_18: UNSGA3-random_dense-1P to AGEMOEA2-greedy_multi-1P', 'Equivalence_Line_19: SMSEMOA-random_dense-1P to SPEA2-greedy_multi-1P', 'Equivalence_Line_20: RVEA-random_dense-HUX to NSGA3-greedy_multi-1P', 'Equivalence_Line_21: RVEA-random_dense-2P to SMSEMOA-greedy_multi-1P', 'Equivalence_Line_22: RVEA-random_dense-1P to SMSEMOA-greedy_multi-2P', 'Equivalence_Line_23: SPEA2-greedy_multi-HUX to RVEA-greedy_multi-1P']"
RVEA-greedy_multi-2P,0.11114492880629386,"['Equivalence_Line_1: AGEMOEA2-greedy_ting-UX to NSGA3-greedy_ting-1P', 'Equivalence_Line_2: NSGA2-random_dense-HUX to SPEA2-greedy_ting-HUX', 'Equivalence_Line_3: AGEMOEA2-greedy_ting-1P to SMSEMOA-random_dense-HUX', 'Equivalence_Line_4: NSGA2-greedy_ting-2P to AGEMOEA2-random_dense-2P', 'Equivalence_Line_5: NSGA3-random_dense-HUX to NSGA3-random_dense-2P', 'Equivalence_Line_6: SMSEMOA-greedy_ting-2P to AGEMOEA2-random_dense-1P', 'Equivalence_Line_7: SPEA2-random_dense-HUX to SPEA2-greedy_ting-2P', 'Equivalence_Line_8: NSGA3-greedy_ting-2P to SMSEMOA-random_dense-1P', 'Equivalence_Line_9: SMSEMOA-greedy_ting-HUX to RVEA-random_dense-UX', 'Equivalence_Line_10: NSGA3-greedy_ting-1P to RVEA-greedy_ting-UX', 'Equivalence_Line_11: SPEA2-greedy_ting-UX to RVEA-random_dense-1P', 'Equivalence_Line_12: SMSEMOA-random_dense-UX to SPEA2-greedy_multi-HUX', 'Equivalence_Line_13: NSGA2-random_dense-2P to SPEA2-greedy_multi-UX', 'Equivalence_Line_14: AGEMOEA2-random_dense-2P to AGEMOEA2-greedy_multi-HUX', 'Equivalence_Line_15: UNSGA3-random_dense-2P to UNSGA3-greedy_multi-UX', 'Equivalence_Line_16: NSGA3-random_dense-2P to NSGA3-greedy_multi-UX', 'Equivalence_Line_17: SPEA2-random_dense-2P to AGEMOEA2-greedy_multi-2P', 'Equivalence_Line_18: UNSGA3-random_dense-1P to AGEMOEA2-greedy_multi-1P', 'Equivalence_Line_19: SMSEMOA-random_dense-1P to SPEA2-greedy_multi-1P', 'Equivalence_Line_20: RVEA-random_dense-HUX to NSGA3-greedy_multi-1P', 'Equivalence_Line_21: RVEA-random_dense-2P to SMSEMOA-greedy_multi-1P', 'Equivalence_Line_22: RVEA-random_dense-1P to SMSEMOA-greedy_multi-2P', 'Equivalence_Line_23: SPEA2-greedy_multi-HUX to RVEA-greedy_multi-1P']"
SMSEMOA-greedy_multi-1P,0.10912229401661658,"['Equivalence_Line_1: AGEMOEA2-greedy_ting-UX to NSGA3-greedy_ting-1P', 'Equivalence_Line_2: NSGA2-random_dense-HUX to SPEA2-greedy_ting-HUX', 'Equivalence_Line_3: AGEMOEA2-greedy_ting-1P to SMSEMOA-random_dense-HUX', 'Equivalence_Line_4: NSGA2-greedy_ting-2P to AGEMOEA2-random_dense-2P', 'Equivalence_Line_5: NSGA3-random_dense-HUX to NSGA3-random_dense-2P', 'Equivalence_Line_6: SMSEMOA-greedy_ting-2P to AGEMOEA2-random_dense-1P', 'Equivalence_Line_7: SPEA2-random_dense-HUX to SPEA2-greedy_ting-2P', 'Equivalence_Line_8: NSGA3-greedy_ting-2P to SMSEMOA-random_dense-1P', 'Equivalence_Line_9: SMSEMOA-greedy_ting-HUX to RVEA-random_dense-UX', 'Equivalence_Line_10: NSGA3-greedy_ting-1P to RVEA-greedy_ting-UX', 'Equivalence_Line_11: SPEA2-greedy_ting-UX to RVEA-random_dense-1P', 'Equivalence_Line_12: SMSEMOA-random_dense-UX to SPEA2-greedy_multi-HUX', 'Equivalence_Line_13: NSGA2-random_dense-2P to SPEA2-greedy_multi-UX', 'Equivalence_Line_14: AGEMOEA2-random_dense-2P to AGEMOEA2-greedy_multi-HUX', 'Equivalence_Line_15: UNSGA3-random_dense-2P to UNSGA3-greedy_multi-UX', 'Equivalence_Line_16: NSGA3-random_dense-2P to NSGA3-greedy_multi-UX', 'Equivalence_Line_17: SPEA2-random_dense-2P to AGEMOEA2-greedy_multi-2P', 'Equivalence_Line_18: UNSGA3-random_dense-1P to AGEMOEA2-greedy_multi-1P', 'Equivalence_Line_19: SMSEMOA-random_dense-1P to SPEA2-greedy_multi-1P', 'Equivalence_Line_20: RVEA-random_dense-HUX to NSGA3-greedy_multi-1P', 'Equivalence_Line_21: RVEA-random_dense-2P to SMSEMOA-greedy_multi-1P', 'Equivalence_Line_22: RVEA-random_dense-1P to SMSEMOA-greedy_multi-2P', 'Equivalence_Line_23: SPEA2-greedy_multi-HUX to RVEA-greedy_multi-1P']"
SMSEMOA-greedy_multi-2P,0.10867829452745077,"['Equivalence_Line_1: AGEMOEA2-greedy_ting-UX to NSGA3-greedy_ting-1P', 'Equivalence_Line_2: NSGA2-random_dense-HUX to SPEA2-greedy_ting-HUX', 'Equivalence_Line_3: AGEMOEA2-greedy_ting-1P to SMSEMOA-random_dense-HUX', 'Equivalence_Line_4: NSGA2-greedy_ting-2P to AGEMOEA2-random_dense-2P', 'Equivalence_Line_5: NSGA3-random_dense-HUX to NSGA3-random_dense-2P', 'Equivalence_Line_6: SMSEMOA-greedy_ting-2P to AGEMOEA2-random_dense-1P', 'Equivalence_Line_7: SPEA2-random_dense-HUX to SPEA2-greedy_ting-2P', 'Equivalence_Line_8: NSGA3-greedy_ting-2P to SMSEMOA-random_dense-1P', 'Equivalence_Line_9: SMSEMOA-greedy_ting-HUX to RVEA-random_dense-UX', 'Equivalence_Line_10: NSGA3-greedy_ting-1P to RVEA-greedy_ting-UX', 'Equivalence_Line_11: SPEA2-greedy_ting-UX to RVEA-random_dense-1P', 'Equivalence_Line_12: SMSEMOA-random_dense-UX to SPEA2-greedy_multi-HUX', 'Equivalence_Line_13: NSGA2-random_dense-2P to SPEA2-greedy_multi-UX', 'Equivalence_Line_14: AGEMOEA2-random_dense-2P to AGEMOEA2-greedy_multi-HUX', 'Equivalence_Line_15: UNSGA3-random_dense-2P to UNSGA3-greedy_multi-UX', 'Equivalence_Line_16: NSGA3-random_dense-2P to NSGA3-greedy_multi-UX', 'Equivalence_Line_17: SPEA2-random_dense-2P to AGEMOEA2-greedy_multi-2P', 'Equivalence_Line_18: UNSGA3-random_dense-1P to AGEMOEA2-greedy_multi-1P', 'Equivalence_Line_19: SMSEMOA-random_dense-1P to SPEA2-greedy_multi-1P', 'Equivalence_Line_20: RVEA-random_dense-HUX to NSGA3-greedy_multi-1P', 'Equivalence_Line_21: RVEA-random_dense-2P to SMSEMOA-greedy_multi-1P', 'Equivalence_Line_22: RVEA-random_dense-1P to SMSEMOA-greedy_multi-2P', 'Equivalence_Line_23: SPEA2-greedy_multi-HUX to RVEA-greedy_multi-1P']"
RVEA-greedy_multi-1P,0.10683952497531521,"['Equivalence_Line_1: AGEMOEA2-greedy_ting-UX to NSGA3-greedy_ting-1P', 'Equivalence_Line_2: NSGA2-random_dense-HUX to SPEA2-greedy_ting-HUX', 'Equivalence_Line_3: AGEMOEA2-greedy_ting-1P to SMSEMOA-random_dense-HUX', 'Equivalence_Line_4: NSGA2-greedy_ting-2P to AGEMOEA2-random_dense-2P', 'Equivalence_Line_5: NSGA3-random_dense-HUX to NSGA3-random_dense-2P', 'Equivalence_Line_6: SMSEMOA-greedy_ting-2P to AGEMOEA2-random_dense-1P', 'Equivalence_Line_7: SPEA2-random_dense-HUX to SPEA2-greedy_ting-2P', 'Equivalence_Line_8: NSGA3-greedy_ting-2P to SMSEMOA-random_dense-1P', 'Equivalence_Line_9: SMSEMOA-greedy_ting-HUX to RVEA-random_dense-UX', 'Equivalence_Line_10: NSGA3-greedy_ting-1P to RVEA-greedy_ting-UX', 'Equivalence_Line_11: SPEA2-greedy_ting-UX to RVEA-random_dense-1P', 'Equivalence_Line_12: SMSEMOA-random_dense-UX to SPEA2-greedy_multi-HUX', 'Equivalence_Line_13: NSGA2-random_dense-2P to SPEA2-greedy_multi-UX', 'Equivalence_Line_14: AGEMOEA2-random_dense-2P to AGEMOEA2-greedy_multi-HUX', 'Equivalence_Line_15: UNSGA3-random_dense-2P to UNSGA3-greedy_multi-UX', 'Equivalence_Line_16: NSGA3-random_dense-2P to NSGA3-greedy_multi-UX', 'Equivalence_Line_17: SPEA2-random_dense-2P to AGEMOEA2-greedy_multi-2P', 'Equivalence_Line_18: UNSGA3-random_dense-1P to AGEMOEA2-greedy_multi-1P', 'Equivalence_Line_19: SMSEMOA-random_dense-1P to SPEA2-greedy_multi-1P', 'Equivalence_Line_20: RVEA-random_dense-HUX to NSGA3-greedy_multi-1P', 'Equivalence_Line_21: RVEA-random_dense-2P to SMSEMOA-greedy_multi-1P', 'Equivalence_Line_22: RVEA-random_dense-1P to SMSEMOA-greedy_multi-2P', 'Equivalence_Line_23: SPEA2-greedy_multi-HUX to RVEA-greedy_multi-1P']"
