Group,Mean,Equivalence_Lines
NSGA2-greedy_ting-UX,0.8281731684439344,"['Equivalence_Line_1: NSGA2-greedy_ting-UX to RVEA-greedy_ting-HUX', 'Equivalence_Line_2: NSGA2-greedy_ting-2P to RVEA-greedy_ting-UX', 'Equivalence_Line_3: AGEMOEA2-greedy_ting-2P to SPEA2-greedy_ting-2P', 'Equivalence_Line_4: AGEMOEA2-greedy_ting-1P to AGEMOEA2-random_dense-HUX', 'Equivalence_Line_5: SMSEMOA-greedy_ting-2P to AGEMOEA2-random_dense-UX', 'Equivalence_Line_6: AGEMOEA2-greedy_ting-UX to UNSGA3-random_dense-HUX', 'Equivalence_Line_7: AGEMOEA2-greedy_ting-HUX to NSGA3-random_dense-UX', 'Equivalence_Line_8: SMSEMOA-greedy_ting-1P to SPEA2-random_dense-HUX', 'Equivalence_Line_9: SMSEMOA-greedy_ting-HUX to NSGA2-random_dense-2P', 'Equivalence_Line_10: UNSGA3-greedy_ting-2P to SMSEMOA-random_dense-HUX', 'Equivalence_Line_11: UNSGA3-greedy_ting-1P to SMSEMOA-random_dense-UX', 'Equivalence_Line_12: NSGA3-greedy_ting-UX to AGEMOEA2-random_dense-2P', 'Equivalence_Line_13: SPEA2-greedy_ting-HUX to SPEA2-random_dense-2P', 'Equivalence_Line_14: NSGA2-random_dense-HUX to AGEMOEA2-random_dense-1P', 'Equivalence_Line_15: NSGA2-random_dense-UX to SMSEMOA-random_dense-2P', 'Equivalence_Line_16: RVEA-greedy_ting-2P to SMSEMOA-random_dense-1P', 'Equivalence_Line_17: RVEA-greedy_ting-HUX to RVEA-random_dense-UX', 'Equivalence_Line_18: AGEMOEA2-random_dense-HUX to SPEA2-greedy_multi-HUX', 'Equivalence_Line_19: AGEMOEA2-random_dense-UX to SPEA2-greedy_multi-UX', 'Equivalence_Line_20: NSGA3-random_dense-HUX to AGEMOEA2-greedy_multi-UX', 'Equivalence_Line_21: SPEA2-random_dense-HUX to AGEMOEA2-greedy_multi-HUX', 'Equivalence_Line_22: SPEA2-random_dense-UX to NSGA2-greedy_multi-UX', 'Equivalence_Line_23: NSGA2-random_dense-2P to NSGA3-greedy_multi-UX', 'Equivalence_Line_24: SMSEMOA-random_dense-HUX to AGEMOEA2-greedy_multi-2P', 'Equivalence_Line_25: NSGA2-random_dense-1P to SPEA2-greedy_multi-2P', 'Equivalence_Line_26: UNSGA3-random_dense-2P to NSGA2-greedy_multi-2P', 'Equivalence_Line_27: NSGA3-random_dense-2P to NSGA3-greedy_multi-2P', 'Equivalence_Line_28: SPEA2-random_dense-2P to UNSGA3-greedy_multi-2P', 'Equivalence_Line_29: UNSGA3-random_dense-1P to NSGA2-greedy_multi-1P', 'Equivalence_Line_30: SMSEMOA-random_dense-1P to SMSEMOA-greedy_multi-UX', 'Equivalence_Line_31: RVEA-random_dense-HUX to SMSEMOA-greedy_multi-HUX', 'Equivalence_Line_32: SPEA2-greedy_multi-HUX to RVEA-greedy_multi-2P', 'Equivalence_Line_33: RVEA-random_dense-2P to RVEA-greedy_multi-1P']"
NSGA2-greedy_ting-HUX,0.830428986872021,"['Equivalence_Line_1: NSGA2-greedy_ting-UX to RVEA-greedy_ting-HUX', 'Equivalence_Line_2: NSGA2-greedy_ting-2P to RVEA-greedy_ting-UX', 'Equivalence_Line_3: AGEMOEA2-greedy_ting-2P to SPEA2-greedy_ting-2P', 'Equivalence_Line_4: AGEMOEA2-greedy_ting-1P to AGEMOEA2-random_dense-HUX', 'Equivalence_Line_5: SMSEMOA-greedy_ting-2P to AGEMOEA2-random_dense-UX', 'Equivalence_Line_6: AGEMOEA2-greedy_ting-UX to UNSGA3-random_dense-HUX', 'Equivalence_Line_7: AGEMOEA2-greedy_ting-HUX to NSGA3-random_dense-UX', 'Equivalence_Line_8: SMSEMOA-greedy_ting-1P to SPEA2-random_dense-HUX', 'Equivalence_Line_9: SMSEMOA-greedy_ting-HUX to NSGA2-random_dense-2P', 'Equivalence_Line_10: UNSGA3-greedy_ting-2P to SMSEMOA-random_dense-HUX', 'Equivalence_Line_11: UNSGA3-greedy_ting-1P to SMSEMOA-random_dense-UX', 'Equivalence_Line_12: NSGA3-greedy_ting-UX to AGEMOEA2-random_dense-2P', 'Equivalence_Line_13: SPEA2-greedy_ting-HUX to SPEA2-random_dense-2P', 'Equivalence_Line_14: NSGA2-random_dense-HUX to AGEMOEA2-random_dense-1P', 'Equivalence_Line_15: NSGA2-random_dense-UX to SMSEMOA-random_dense-2P', 'Equivalence_Line_16: RVEA-greedy_ting-2P to SMSEMOA-random_dense-1P', 'Equivalence_Line_17: RVEA-greedy_ting-HUX to RVEA-random_dense-UX', 'Equivalence_Line_18: AGEMOEA2-random_dense-HUX to SPEA2-greedy_multi-HUX', 'Equivalence_Line_19: AGEMOEA2-random_dense-UX to SPEA2-greedy_multi-UX', 'Equivalence_Line_20: NSGA3-random_dense-HUX to AGEMOEA2-greedy_multi-UX', 'Equivalence_Line_21: SPEA2-random_dense-HUX to AGEMOEA2-greedy_multi-HUX', 'Equivalence_Line_22: SPEA2-random_dense-UX to NSGA2-greedy_multi-UX', 'Equivalence_Line_23: NSGA2-random_dense-2P to NSGA3-greedy_multi-UX', 'Equivalence_Line_24: SMSEMOA-random_dense-HUX to AGEMOEA2-greedy_multi-2P', 'Equivalence_Line_25: NSGA2-random_dense-1P to SPEA2-greedy_multi-2P', 'Equivalence_Line_26: UNSGA3-random_dense-2P to NSGA2-greedy_multi-2P', 'Equivalence_Line_27: NSGA3-random_dense-2P to NSGA3-greedy_multi-2P', 'Equivalence_Line_28: SPEA2-random_dense-2P to UNSGA3-greedy_multi-2P', 'Equivalence_Line_29: UNSGA3-random_dense-1P to NSGA2-greedy_multi-1P', 'Equivalence_Line_30: SMSEMOA-random_dense-1P to SMSEMOA-greedy_multi-UX', 'Equivalence_Line_31: RVEA-random_dense-HUX to SMSEMOA-greedy_multi-HUX', 'Equivalence_Line_32: SPEA2-greedy_multi-HUX to RVEA-greedy_multi-2P', 'Equivalence_Line_33: RVEA-random_dense-2P to RVEA-greedy_multi-1P']"
NSGA2-greedy_ting-2P,0.8376821647955789,"['Equivalence_Line_1: NSGA2-greedy_ting-UX to RVEA-greedy_ting-HUX', 'Equivalence_Line_2: NSGA2-greedy_ting-2P to RVEA-greedy_ting-UX', 'Equivalence_Line_3: AGEMOEA2-greedy_ting-2P to SPEA2-greedy_ting-2P', 'Equivalence_Line_4: AGEMOEA2-greedy_ting-1P to AGEMOEA2-random_dense-HUX', 'Equivalence_Line_5: SMSEMOA-greedy_ting-2P to AGEMOEA2-random_dense-UX', 'Equivalence_Line_6: AGEMOEA2-greedy_ting-UX to UNSGA3-random_dense-HUX', 'Equivalence_Line_7: AGEMOEA2-greedy_ting-HUX to NSGA3-random_dense-UX', 'Equivalence_Line_8: SMSEMOA-greedy_ting-1P to SPEA2-random_dense-HUX', 'Equivalence_Line_9: SMSEMOA-greedy_ting-HUX to NSGA2-random_dense-2P', 'Equivalence_Line_10: UNSGA3-greedy_ting-2P to SMSEMOA-random_dense-HUX', 'Equivalence_Line_11: UNSGA3-greedy_ting-1P to SMSEMOA-random_dense-UX', 'Equivalence_Line_12: NSGA3-greedy_ting-UX to AGEMOEA2-random_dense-2P', 'Equivalence_Line_13: SPEA2-greedy_ting-HUX to SPEA2-random_dense-2P', 'Equivalence_Line_14: NSGA2-random_dense-HUX to AGEMOEA2-random_dense-1P', 'Equivalence_Line_15: NSGA2-random_dense-UX to SMSEMOA-random_dense-2P', 'Equivalence_Line_16: RVEA-greedy_ting-2P to SMSEMOA-random_dense-1P', 'Equivalence_Line_17: RVEA-greedy_ting-HUX to RVEA-random_dense-UX', 'Equivalence_Line_18: AGEMOEA2-random_dense-HUX to SPEA2-greedy_multi-HUX', 'Equivalence_Line_19: AGEMOEA2-random_dense-UX to SPEA2-greedy_multi-UX', 'Equivalence_Line_20: NSGA3-random_dense-HUX to AGEMOEA2-greedy_multi-UX', 'Equivalence_Line_21: SPEA2-random_dense-HUX to AGEMOEA2-greedy_multi-HUX', 'Equivalence_Line_22: SPEA2-random_dense-UX to NSGA2-greedy_multi-UX', 'Equivalence_Line_23: NSGA2-random_dense-2P to NSGA3-greedy_multi-UX', 'Equivalence_Line_24: SMSEMOA-random_dense-HUX to AGEMOEA2-greedy_multi-2P', 'Equivalence_Line_25: NSGA2-random_dense-1P to SPEA2-greedy_multi-2P', 'Equivalence_Line_26: UNSGA3-random_dense-2P to NSGA2-greedy_multi-2P', 'Equivalence_Line_27: NSGA3-random_dense-2P to NSGA3-greedy_multi-2P', 'Equivalence_Line_28: SPEA2-random_dense-2P to UNSGA3-greedy_multi-2P', 'Equivalence_Line_29: UNSGA3-random_dense-1P to NSGA2-greedy_multi-1P', 'Equivalence_Line_30: SMSEMOA-random_dense-1P to SMSEMOA-greedy_multi-UX', 'Equivalence_Line_31: RVEA-random_dense-HUX to SMSEMOA-greedy_multi-HUX', 'Equivalence_Line_32: SPEA2-greedy_multi-HUX to RVEA-greedy_multi-2P', 'Equivalence_Line_33: RVEA-random_dense-2P to RVEA-greedy_multi-1P']"
NSGA2-greedy_ting-1P,0.838369724204725,"['Equivalence_Line_1: NSGA2-greedy_ting-UX to RVEA-greedy_ting-HUX', 'Equivalence_Line_2: NSGA2-greedy_ting-2P to RVEA-greedy_ting-UX', 'Equivalence_Line_3: AGEMOEA2-greedy_ting-2P to SPEA2-greedy_ting-2P', 'Equivalence_Line_4: AGEMOEA2-greedy_ting-1P to AGEMOEA2-random_dense-HUX', 'Equivalence_Line_5: SMSEMOA-greedy_ting-2P to AGEMOEA2-random_dense-UX', 'Equivalence_Line_6: AGEMOEA2-greedy_ting-UX to UNSGA3-random_dense-HUX', 'Equivalence_Line_7: AGEMOEA2-greedy_ting-HUX to NSGA3-random_dense-UX', 'Equivalence_Line_8: SMSEMOA-greedy_ting-1P to SPEA2-random_dense-HUX', 'Equivalence_Line_9: SMSEMOA-greedy_ting-HUX to NSGA2-random_dense-2P', 'Equivalence_Line_10: UNSGA3-greedy_ting-2P to SMSEMOA-random_dense-HUX', 'Equivalence_Line_11: UNSGA3-greedy_ting-1P to SMSEMOA-random_dense-UX', 'Equivalence_Line_12: NSGA3-greedy_ting-UX to AGEMOEA2-random_dense-2P', 'Equivalence_Line_13: SPEA2-greedy_ting-HUX to SPEA2-random_dense-2P', 'Equivalence_Line_14: NSGA2-random_dense-HUX to AGEMOEA2-random_dense-1P', 'Equivalence_Line_15: NSGA2-random_dense-UX to SMSEMOA-random_dense-2P', 'Equivalence_Line_16: RVEA-greedy_ting-2P to SMSEMOA-random_dense-1P', 'Equivalence_Line_17: RVEA-greedy_ting-HUX to RVEA-random_dense-UX', 'Equivalence_Line_18: AGEMOEA2-random_dense-HUX to SPEA2-greedy_multi-HUX', 'Equivalence_Line_19: AGEMOEA2-random_dense-UX to SPEA2-greedy_multi-UX', 'Equivalence_Line_20: NSGA3-random_dense-HUX to AGEMOEA2-greedy_multi-UX', 'Equivalence_Line_21: SPEA2-random_dense-HUX to AGEMOEA2-greedy_multi-HUX', 'Equivalence_Line_22: SPEA2-random_dense-UX to NSGA2-greedy_multi-UX', 'Equivalence_Line_23: NSGA2-random_dense-2P to NSGA3-greedy_multi-UX', 'Equivalence_Line_24: SMSEMOA-random_dense-HUX to AGEMOEA2-greedy_multi-2P', 'Equivalence_Line_25: NSGA2-random_dense-1P to SPEA2-greedy_multi-2P', 'Equivalence_Line_26: UNSGA3-random_dense-2P to NSGA2-greedy_multi-2P', 'Equivalence_Line_27: NSGA3-random_dense-2P to NSGA3-greedy_multi-2P', 'Equivalence_Line_28: SPEA2-random_dense-2P to UNSGA3-greedy_multi-2P', 'Equivalence_Line_29: UNSGA3-random_dense-1P to NSGA2-greedy_multi-1P', 'Equivalence_Line_30: SMSEMOA-random_dense-1P to SMSEMOA-greedy_multi-UX', 'Equivalence_Line_31: RVEA-random_dense-HUX to SMSEMOA-greedy_multi-HUX', 'Equivalence_Line_32: SPEA2-greedy_multi-HUX to RVEA-greedy_multi-2P', 'Equivalence_Line_33: RVEA-random_dense-2P to RVEA-greedy_multi-1P']"
AGEMOEA2-greedy_ting-2P,0.8427928661894273,"['Equivalence_Line_1: NSGA2-greedy_ting-UX to RVEA-greedy_ting-HUX', 'Equivalence_Line_2: NSGA2-greedy_ting-2P to RVEA-greedy_ting-UX', 'Equivalence_Line_3: AGEMOEA2-greedy_ting-2P to SPEA2-greedy_ting-2P', 'Equivalence_Line_4: AGEMOEA2-greedy_ting-1P to AGEMOEA2-random_dense-HUX', 'Equivalence_Line_5: SMSEMOA-greedy_ting-2P to AGEMOEA2-random_dense-UX', 'Equivalence_Line_6: AGEMOEA2-greedy_ting-UX to UNSGA3-random_dense-HUX', 'Equivalence_Line_7: AGEMOEA2-greedy_ting-HUX to NSGA3-random_dense-UX', 'Equivalence_Line_8: SMSEMOA-greedy_ting-1P to SPEA2-random_dense-HUX', 'Equivalence_Line_9: SMSEMOA-greedy_ting-HUX to NSGA2-random_dense-2P', 'Equivalence_Line_10: UNSGA3-greedy_ting-2P to SMSEMOA-random_dense-HUX', 'Equivalence_Line_11: UNSGA3-greedy_ting-1P to SMSEMOA-random_dense-UX', 'Equivalence_Line_12: NSGA3-greedy_ting-UX to AGEMOEA2-random_dense-2P', 'Equivalence_Line_13: SPEA2-greedy_ting-HUX to SPEA2-random_dense-2P', 'Equivalence_Line_14: NSGA2-random_dense-HUX to AGEMOEA2-random_dense-1P', 'Equivalence_Line_15: NSGA2-random_dense-UX to SMSEMOA-random_dense-2P', 'Equivalence_Line_16: RVEA-greedy_ting-2P to SMSEMOA-random_dense-1P', 'Equivalence_Line_17: RVEA-greedy_ting-HUX to RVEA-random_dense-UX', 'Equivalence_Line_18: AGEMOEA2-random_dense-HUX to SPEA2-greedy_multi-HUX', 'Equivalence_Line_19: AGEMOEA2-random_dense-UX to SPEA2-greedy_multi-UX', 'Equivalence_Line_20: NSGA3-random_dense-HUX to AGEMOEA2-greedy_multi-UX', 'Equivalence_Line_21: SPEA2-random_dense-HUX to AGEMOEA2-greedy_multi-HUX', 'Equivalence_Line_22: SPEA2-random_dense-UX to NSGA2-greedy_multi-UX', 'Equivalence_Line_23: NSGA2-random_dense-2P to NSGA3-greedy_multi-UX', 'Equivalence_Line_24: SMSEMOA-random_dense-HUX to AGEMOEA2-greedy_multi-2P', 'Equivalence_Line_25: NSGA2-random_dense-1P to SPEA2-greedy_multi-2P', 'Equivalence_Line_26: UNSGA3-random_dense-2P to NSGA2-greedy_multi-2P', 'Equivalence_Line_27: NSGA3-random_dense-2P to NSGA3-greedy_multi-2P', 'Equivalence_Line_28: SPEA2-random_dense-2P to UNSGA3-greedy_multi-2P', 'Equivalence_Line_29: UNSGA3-random_dense-1P to NSGA2-greedy_multi-1P', 'Equivalence_Line_30: SMSEMOA-random_dense-1P to SMSEMOA-greedy_multi-UX', 'Equivalence_Line_31: RVEA-random_dense-HUX to SMSEMOA-greedy_multi-HUX', 'Equivalence_Line_32: SPEA2-greedy_multi-HUX to RVEA-greedy_multi-2P', 'Equivalence_Line_33: RVEA-random_dense-2P to RVEA-greedy_multi-1P']"
AGEMOEA2-greedy_ting-1P,0.8485846806459343,"['Equivalence_Line_1: NSGA2-greedy_ting-UX to RVEA-greedy_ting-HUX', 'Equivalence_Line_2: NSGA2-greedy_ting-2P to RVEA-greedy_ting-UX', 'Equivalence_Line_3: AGEMOEA2-greedy_ting-2P to SPEA2-greedy_ting-2P', 'Equivalence_Line_4: AGEMOEA2-greedy_ting-1P to AGEMOEA2-random_dense-HUX', 'Equivalence_Line_5: SMSEMOA-greedy_ting-2P to AGEMOEA2-random_dense-UX', 'Equivalence_Line_6: AGEMOEA2-greedy_ting-UX to UNSGA3-random_dense-HUX', 'Equivalence_Line_7: AGEMOEA2-greedy_ting-HUX to NSGA3-random_dense-UX', 'Equivalence_Line_8: SMSEMOA-greedy_ting-1P to SPEA2-random_dense-HUX', 'Equivalence_Line_9: SMSEMOA-greedy_ting-HUX to NSGA2-random_dense-2P', 'Equivalence_Line_10: UNSGA3-greedy_ting-2P to SMSEMOA-random_dense-HUX', 'Equivalence_Line_11: UNSGA3-greedy_ting-1P to SMSEMOA-random_dense-UX', 'Equivalence_Line_12: NSGA3-greedy_ting-UX to AGEMOEA2-random_dense-2P', 'Equivalence_Line_13: SPEA2-greedy_ting-HUX to SPEA2-random_dense-2P', 'Equivalence_Line_14: NSGA2-random_dense-HUX to AGEMOEA2-random_dense-1P', 'Equivalence_Line_15: NSGA2-random_dense-UX to SMSEMOA-random_dense-2P', 'Equivalence_Line_16: RVEA-greedy_ting-2P to SMSEMOA-random_dense-1P', 'Equivalence_Line_17: RVEA-greedy_ting-HUX to RVEA-random_dense-UX', 'Equivalence_Line_18: AGEMOEA2-random_dense-HUX to SPEA2-greedy_multi-HUX', 'Equivalence_Line_19: AGEMOEA2-random_dense-UX to SPEA2-greedy_multi-UX', 'Equivalence_Line_20: NSGA3-random_dense-HUX to AGEMOEA2-greedy_multi-UX', 'Equivalence_Line_21: SPEA2-random_dense-HUX to AGEMOEA2-greedy_multi-HUX', 'Equivalence_Line_22: SPEA2-random_dense-UX to NSGA2-greedy_multi-UX', 'Equivalence_Line_23: NSGA2-random_dense-2P to NSGA3-greedy_multi-UX', 'Equivalence_Line_24: SMSEMOA-random_dense-HUX to AGEMOEA2-greedy_multi-2P', 'Equivalence_Line_25: NSGA2-random_dense-1P to SPEA2-greedy_multi-2P', 'Equivalence_Line_26: UNSGA3-random_dense-2P to NSGA2-greedy_multi-2P', 'Equivalence_Line_27: NSGA3-random_dense-2P to NSGA3-greedy_multi-2P', 'Equivalence_Line_28: SPEA2-random_dense-2P to UNSGA3-greedy_multi-2P', 'Equivalence_Line_29: UNSGA3-random_dense-1P to NSGA2-greedy_multi-1P', 'Equivalence_Line_30: SMSEMOA-random_dense-1P to SMSEMOA-greedy_multi-UX', 'Equivalence_Line_31: RVEA-random_dense-HUX to SMSEMOA-greedy_multi-HUX', 'Equivalence_Line_32: SPEA2-greedy_multi-HUX to RVEA-greedy_multi-2P', 'Equivalence_Line_33: RVEA-random_dense-2P to RVEA-greedy_multi-1P']"
SMSEMOA-greedy_ting-2P,0.8575173797197998,"['Equivalence_Line_1: NSGA2-greedy_ting-UX to RVEA-greedy_ting-HUX', 'Equivalence_Line_2: NSGA2-greedy_ting-2P to RVEA-greedy_ting-UX', 'Equivalence_Line_3: AGEMOEA2-greedy_ting-2P to SPEA2-greedy_ting-2P', 'Equivalence_Line_4: AGEMOEA2-greedy_ting-1P to AGEMOEA2-random_dense-HUX', 'Equivalence_Line_5: SMSEMOA-greedy_ting-2P to AGEMOEA2-random_dense-UX', 'Equivalence_Line_6: AGEMOEA2-greedy_ting-UX to UNSGA3-random_dense-HUX', 'Equivalence_Line_7: AGEMOEA2-greedy_ting-HUX to NSGA3-random_dense-UX', 'Equivalence_Line_8: SMSEMOA-greedy_ting-1P to SPEA2-random_dense-HUX', 'Equivalence_Line_9: SMSEMOA-greedy_ting-HUX to NSGA2-random_dense-2P', 'Equivalence_Line_10: UNSGA3-greedy_ting-2P to SMSEMOA-random_dense-HUX', 'Equivalence_Line_11: UNSGA3-greedy_ting-1P to SMSEMOA-random_dense-UX', 'Equivalence_Line_12: NSGA3-greedy_ting-UX to AGEMOEA2-random_dense-2P', 'Equivalence_Line_13: SPEA2-greedy_ting-HUX to SPEA2-random_dense-2P', 'Equivalence_Line_14: NSGA2-random_dense-HUX to AGEMOEA2-random_dense-1P', 'Equivalence_Line_15: NSGA2-random_dense-UX to SMSEMOA-random_dense-2P', 'Equivalence_Line_16: RVEA-greedy_ting-2P to SMSEMOA-random_dense-1P', 'Equivalence_Line_17: RVEA-greedy_ting-HUX to RVEA-random_dense-UX', 'Equivalence_Line_18: AGEMOEA2-random_dense-HUX to SPEA2-greedy_multi-HUX', 'Equivalence_Line_19: AGEMOEA2-random_dense-UX to SPEA2-greedy_multi-UX', 'Equivalence_Line_20: NSGA3-random_dense-HUX to AGEMOEA2-greedy_multi-UX', 'Equivalence_Line_21: SPEA2-random_dense-HUX to AGEMOEA2-greedy_multi-HUX', 'Equivalence_Line_22: SPEA2-random_dense-UX to NSGA2-greedy_multi-UX', 'Equivalence_Line_23: NSGA2-random_dense-2P to NSGA3-greedy_multi-UX', 'Equivalence_Line_24: SMSEMOA-random_dense-HUX to AGEMOEA2-greedy_multi-2P', 'Equivalence_Line_25: NSGA2-random_dense-1P to SPEA2-greedy_multi-2P', 'Equivalence_Line_26: UNSGA3-random_dense-2P to NSGA2-greedy_multi-2P', 'Equivalence_Line_27: NSGA3-random_dense-2P to NSGA3-greedy_multi-2P', 'Equivalence_Line_28: SPEA2-random_dense-2P to UNSGA3-greedy_multi-2P', 'Equivalence_Line_29: UNSGA3-random_dense-1P to NSGA2-greedy_multi-1P', 'Equivalence_Line_30: SMSEMOA-random_dense-1P to SMSEMOA-greedy_multi-UX', 'Equivalence_Line_31: RVEA-random_dense-HUX to SMSEMOA-greedy_multi-HUX', 'Equivalence_Line_32: SPEA2-greedy_multi-HUX to RVEA-greedy_multi-2P', 'Equivalence_Line_33: RVEA-random_dense-2P to RVEA-greedy_multi-1P']"
AGEMOEA2-greedy_ting-UX,0.8602582250237419,"['Equivalence_Line_1: NSGA2-greedy_ting-UX to RVEA-greedy_ting-HUX', 'Equivalence_Line_2: NSGA2-greedy_ting-2P to RVEA-greedy_ting-UX', 'Equivalence_Line_3: AGEMOEA2-greedy_ting-2P to SPEA2-greedy_ting-2P', 'Equivalence_Line_4: AGEMOEA2-greedy_ting-1P to AGEMOEA2-random_dense-HUX', 'Equivalence_Line_5: SMSEMOA-greedy_ting-2P to AGEMOEA2-random_dense-UX', 'Equivalence_Line_6: AGEMOEA2-greedy_ting-UX to UNSGA3-random_dense-HUX', 'Equivalence_Line_7: AGEMOEA2-greedy_ting-HUX to NSGA3-random_dense-UX', 'Equivalence_Line_8: SMSEMOA-greedy_ting-1P to SPEA2-random_dense-HUX', 'Equivalence_Line_9: SMSEMOA-greedy_ting-HUX to NSGA2-random_dense-2P', 'Equivalence_Line_10: UNSGA3-greedy_ting-2P to SMSEMOA-random_dense-HUX', 'Equivalence_Line_11: UNSGA3-greedy_ting-1P to SMSEMOA-random_dense-UX', 'Equivalence_Line_12: NSGA3-greedy_ting-UX to AGEMOEA2-random_dense-2P', 'Equivalence_Line_13: SPEA2-greedy_ting-HUX to SPEA2-random_dense-2P', 'Equivalence_Line_14: NSGA2-random_dense-HUX to AGEMOEA2-random_dense-1P', 'Equivalence_Line_15: NSGA2-random_dense-UX to SMSEMOA-random_dense-2P', 'Equivalence_Line_16: RVEA-greedy_ting-2P to SMSEMOA-random_dense-1P', 'Equivalence_Line_17: RVEA-greedy_ting-HUX to RVEA-random_dense-UX', 'Equivalence_Line_18: AGEMOEA2-random_dense-HUX to SPEA2-greedy_multi-HUX', 'Equivalence_Line_19: AGEMOEA2-random_dense-UX to SPEA2-greedy_multi-UX', 'Equivalence_Line_20: NSGA3-random_dense-HUX to AGEMOEA2-greedy_multi-UX', 'Equivalence_Line_21: SPEA2-random_dense-HUX to AGEMOEA2-greedy_multi-HUX', 'Equivalence_Line_22: SPEA2-random_dense-UX to NSGA2-greedy_multi-UX', 'Equivalence_Line_23: NSGA2-random_dense-2P to NSGA3-greedy_multi-UX', 'Equivalence_Line_24: SMSEMOA-random_dense-HUX to AGEMOEA2-greedy_multi-2P', 'Equivalence_Line_25: NSGA2-random_dense-1P to SPEA2-greedy_multi-2P', 'Equivalence_Line_26: UNSGA3-random_dense-2P to NSGA2-greedy_multi-2P', 'Equivalence_Line_27: NSGA3-random_dense-2P to NSGA3-greedy_multi-2P', 'Equivalence_Line_28: SPEA2-random_dense-2P to UNSGA3-greedy_multi-2P', 'Equivalence_Line_29: UNSGA3-random_dense-1P to NSGA2-greedy_multi-1P', 'Equivalence_Line_30: SMSEMOA-random_dense-1P to SMSEMOA-greedy_multi-UX', 'Equivalence_Line_31: RVEA-random_dense-HUX to SMSEMOA-greedy_multi-HUX', 'Equivalence_Line_32: SPEA2-greedy_multi-HUX to RVEA-greedy_multi-2P', 'Equivalence_Line_33: RVEA-random_dense-2P to RVEA-greedy_multi-1P']"
AGEMOEA2-greedy_ting-HUX,0.8612209567116849,"['Equivalence_Line_1: NSGA2-greedy_ting-UX to RVEA-greedy_ting-HUX', 'Equivalence_Line_2: NSGA2-greedy_ting-2P to RVEA-greedy_ting-UX', 'Equivalence_Line_3: AGEMOEA2-greedy_ting-2P to SPEA2-greedy_ting-2P', 'Equivalence_Line_4: AGEMOEA2-greedy_ting-1P to AGEMOEA2-random_dense-HUX', 'Equivalence_Line_5: SMSEMOA-greedy_ting-2P to AGEMOEA2-random_dense-UX', 'Equivalence_Line_6: AGEMOEA2-greedy_ting-UX to UNSGA3-random_dense-HUX', 'Equivalence_Line_7: AGEMOEA2-greedy_ting-HUX to NSGA3-random_dense-UX', 'Equivalence_Line_8: SMSEMOA-greedy_ting-1P to SPEA2-random_dense-HUX', 'Equivalence_Line_9: SMSEMOA-greedy_ting-HUX to NSGA2-random_dense-2P', 'Equivalence_Line_10: UNSGA3-greedy_ting-2P to SMSEMOA-random_dense-HUX', 'Equivalence_Line_11: UNSGA3-greedy_ting-1P to SMSEMOA-random_dense-UX', 'Equivalence_Line_12: NSGA3-greedy_ting-UX to AGEMOEA2-random_dense-2P', 'Equivalence_Line_13: SPEA2-greedy_ting-HUX to SPEA2-random_dense-2P', 'Equivalence_Line_14: NSGA2-random_dense-HUX to AGEMOEA2-random_dense-1P', 'Equivalence_Line_15: NSGA2-random_dense-UX to SMSEMOA-random_dense-2P', 'Equivalence_Line_16: RVEA-greedy_ting-2P to SMSEMOA-random_dense-1P', 'Equivalence_Line_17: RVEA-greedy_ting-HUX to RVEA-random_dense-UX', 'Equivalence_Line_18: AGEMOEA2-random_dense-HUX to SPEA2-greedy_multi-HUX', 'Equivalence_Line_19: AGEMOEA2-random_dense-UX to SPEA2-greedy_multi-UX', 'Equivalence_Line_20: NSGA3-random_dense-HUX to AGEMOEA2-greedy_multi-UX', 'Equivalence_Line_21: SPEA2-random_dense-HUX to AGEMOEA2-greedy_multi-HUX', 'Equivalence_Line_22: SPEA2-random_dense-UX to NSGA2-greedy_multi-UX', 'Equivalence_Line_23: NSGA2-random_dense-2P to NSGA3-greedy_multi-UX', 'Equivalence_Line_24: SMSEMOA-random_dense-HUX to AGEMOEA2-greedy_multi-2P', 'Equivalence_Line_25: NSGA2-random_dense-1P to SPEA2-greedy_multi-2P', 'Equivalence_Line_26: UNSGA3-random_dense-2P to NSGA2-greedy_multi-2P', 'Equivalence_Line_27: NSGA3-random_dense-2P to NSGA3-greedy_multi-2P', 'Equivalence_Line_28: SPEA2-random_dense-2P to UNSGA3-greedy_multi-2P', 'Equivalence_Line_29: UNSGA3-random_dense-1P to NSGA2-greedy_multi-1P', 'Equivalence_Line_30: SMSEMOA-random_dense-1P to SMSEMOA-greedy_multi-UX', 'Equivalence_Line_31: RVEA-random_dense-HUX to SMSEMOA-greedy_multi-HUX', 'Equivalence_Line_32: SPEA2-greedy_multi-HUX to RVEA-greedy_multi-2P', 'Equivalence_Line_33: RVEA-random_dense-2P to RVEA-greedy_multi-1P']"
SMSEMOA-greedy_ting-1P,0.8641520752980775,"['Equivalence_Line_1: NSGA2-greedy_ting-UX to RVEA-greedy_ting-HUX', 'Equivalence_Line_2: NSGA2-greedy_ting-2P to RVEA-greedy_ting-UX', 'Equivalence_Line_3: AGEMOEA2-greedy_ting-2P to SPEA2-greedy_ting-2P', 'Equivalence_Line_4: AGEMOEA2-greedy_ting-1P to AGEMOEA2-random_dense-HUX', 'Equivalence_Line_5: SMSEMOA-greedy_ting-2P to AGEMOEA2-random_dense-UX', 'Equivalence_Line_6: AGEMOEA2-greedy_ting-UX to UNSGA3-random_dense-HUX', 'Equivalence_Line_7: AGEMOEA2-greedy_ting-HUX to NSGA3-random_dense-UX', 'Equivalence_Line_8: SMSEMOA-greedy_ting-1P to SPEA2-random_dense-HUX', 'Equivalence_Line_9: SMSEMOA-greedy_ting-HUX to NSGA2-random_dense-2P', 'Equivalence_Line_10: UNSGA3-greedy_ting-2P to SMSEMOA-random_dense-HUX', 'Equivalence_Line_11: UNSGA3-greedy_ting-1P to SMSEMOA-random_dense-UX', 'Equivalence_Line_12: NSGA3-greedy_ting-UX to AGEMOEA2-random_dense-2P', 'Equivalence_Line_13: SPEA2-greedy_ting-HUX to SPEA2-random_dense-2P', 'Equivalence_Line_14: NSGA2-random_dense-HUX to AGEMOEA2-random_dense-1P', 'Equivalence_Line_15: NSGA2-random_dense-UX to SMSEMOA-random_dense-2P', 'Equivalence_Line_16: RVEA-greedy_ting-2P to SMSEMOA-random_dense-1P', 'Equivalence_Line_17: RVEA-greedy_ting-HUX to RVEA-random_dense-UX', 'Equivalence_Line_18: AGEMOEA2-random_dense-HUX to SPEA2-greedy_multi-HUX', 'Equivalence_Line_19: AGEMOEA2-random_dense-UX to SPEA2-greedy_multi-UX', 'Equivalence_Line_20: NSGA3-random_dense-HUX to AGEMOEA2-greedy_multi-UX', 'Equivalence_Line_21: SPEA2-random_dense-HUX to AGEMOEA2-greedy_multi-HUX', 'Equivalence_Line_22: SPEA2-random_dense-UX to NSGA2-greedy_multi-UX', 'Equivalence_Line_23: NSGA2-random_dense-2P to NSGA3-greedy_multi-UX', 'Equivalence_Line_24: SMSEMOA-random_dense-HUX to AGEMOEA2-greedy_multi-2P', 'Equivalence_Line_25: NSGA2-random_dense-1P to SPEA2-greedy_multi-2P', 'Equivalence_Line_26: UNSGA3-random_dense-2P to NSGA2-greedy_multi-2P', 'Equivalence_Line_27: NSGA3-random_dense-2P to NSGA3-greedy_multi-2P', 'Equivalence_Line_28: SPEA2-random_dense-2P to UNSGA3-greedy_multi-2P', 'Equivalence_Line_29: UNSGA3-random_dense-1P to NSGA2-greedy_multi-1P', 'Equivalence_Line_30: SMSEMOA-random_dense-1P to SMSEMOA-greedy_multi-UX', 'Equivalence_Line_31: RVEA-random_dense-HUX to SMSEMOA-greedy_multi-HUX', 'Equivalence_Line_32: SPEA2-greedy_multi-HUX to RVEA-greedy_multi-2P', 'Equivalence_Line_33: RVEA-random_dense-2P to RVEA-greedy_multi-1P']"
SMSEMOA-greedy_ting-HUX,0.8796457023384143,"['Equivalence_Line_1: NSGA2-greedy_ting-UX to RVEA-greedy_ting-HUX', 'Equivalence_Line_2: NSGA2-greedy_ting-2P to RVEA-greedy_ting-UX', 'Equivalence_Line_3: AGEMOEA2-greedy_ting-2P to SPEA2-greedy_ting-2P', 'Equivalence_Line_4: AGEMOEA2-greedy_ting-1P to AGEMOEA2-random_dense-HUX', 'Equivalence_Line_5: SMSEMOA-greedy_ting-2P to AGEMOEA2-random_dense-UX', 'Equivalence_Line_6: AGEMOEA2-greedy_ting-UX to UNSGA3-random_dense-HUX', 'Equivalence_Line_7: AGEMOEA2-greedy_ting-HUX to NSGA3-random_dense-UX', 'Equivalence_Line_8: SMSEMOA-greedy_ting-1P to SPEA2-random_dense-HUX', 'Equivalence_Line_9: SMSEMOA-greedy_ting-HUX to NSGA2-random_dense-2P', 'Equivalence_Line_10: UNSGA3-greedy_ting-2P to SMSEMOA-random_dense-HUX', 'Equivalence_Line_11: UNSGA3-greedy_ting-1P to SMSEMOA-random_dense-UX', 'Equivalence_Line_12: NSGA3-greedy_ting-UX to AGEMOEA2-random_dense-2P', 'Equivalence_Line_13: SPEA2-greedy_ting-HUX to SPEA2-random_dense-2P', 'Equivalence_Line_14: NSGA2-random_dense-HUX to AGEMOEA2-random_dense-1P', 'Equivalence_Line_15: NSGA2-random_dense-UX to SMSEMOA-random_dense-2P', 'Equivalence_Line_16: RVEA-greedy_ting-2P to SMSEMOA-random_dense-1P', 'Equivalence_Line_17: RVEA-greedy_ting-HUX to RVEA-random_dense-UX', 'Equivalence_Line_18: AGEMOEA2-random_dense-HUX to SPEA2-greedy_multi-HUX', 'Equivalence_Line_19: AGEMOEA2-random_dense-UX to SPEA2-greedy_multi-UX', 'Equivalence_Line_20: NSGA3-random_dense-HUX to AGEMOEA2-greedy_multi-UX', 'Equivalence_Line_21: SPEA2-random_dense-HUX to AGEMOEA2-greedy_multi-HUX', 'Equivalence_Line_22: SPEA2-random_dense-UX to NSGA2-greedy_multi-UX', 'Equivalence_Line_23: NSGA2-random_dense-2P to NSGA3-greedy_multi-UX', 'Equivalence_Line_24: SMSEMOA-random_dense-HUX to AGEMOEA2-greedy_multi-2P', 'Equivalence_Line_25: NSGA2-random_dense-1P to SPEA2-greedy_multi-2P', 'Equivalence_Line_26: UNSGA3-random_dense-2P to NSGA2-greedy_multi-2P', 'Equivalence_Line_27: NSGA3-random_dense-2P to NSGA3-greedy_multi-2P', 'Equivalence_Line_28: SPEA2-random_dense-2P to UNSGA3-greedy_multi-2P', 'Equivalence_Line_29: UNSGA3-random_dense-1P to NSGA2-greedy_multi-1P', 'Equivalence_Line_30: SMSEMOA-random_dense-1P to SMSEMOA-greedy_multi-UX', 'Equivalence_Line_31: RVEA-random_dense-HUX to SMSEMOA-greedy_multi-HUX', 'Equivalence_Line_32: SPEA2-greedy_multi-HUX to RVEA-greedy_multi-2P', 'Equivalence_Line_33: RVEA-random_dense-2P to RVEA-greedy_multi-1P']"
NSGA3-greedy_ting-1P,0.8817376169188349,"['Equivalence_Line_1: NSGA2-greedy_ting-UX to RVEA-greedy_ting-HUX', 'Equivalence_Line_2: NSGA2-greedy_ting-2P to RVEA-greedy_ting-UX', 'Equivalence_Line_3: AGEMOEA2-greedy_ting-2P to SPEA2-greedy_ting-2P', 'Equivalence_Line_4: AGEMOEA2-greedy_ting-1P to AGEMOEA2-random_dense-HUX', 'Equivalence_Line_5: SMSEMOA-greedy_ting-2P to AGEMOEA2-random_dense-UX', 'Equivalence_Line_6: AGEMOEA2-greedy_ting-UX to UNSGA3-random_dense-HUX', 'Equivalence_Line_7: AGEMOEA2-greedy_ting-HUX to NSGA3-random_dense-UX', 'Equivalence_Line_8: SMSEMOA-greedy_ting-1P to SPEA2-random_dense-HUX', 'Equivalence_Line_9: SMSEMOA-greedy_ting-HUX to NSGA2-random_dense-2P', 'Equivalence_Line_10: UNSGA3-greedy_ting-2P to SMSEMOA-random_dense-HUX', 'Equivalence_Line_11: UNSGA3-greedy_ting-1P to SMSEMOA-random_dense-UX', 'Equivalence_Line_12: NSGA3-greedy_ting-UX to AGEMOEA2-random_dense-2P', 'Equivalence_Line_13: SPEA2-greedy_ting-HUX to SPEA2-random_dense-2P', 'Equivalence_Line_14: NSGA2-random_dense-HUX to AGEMOEA2-random_dense-1P', 'Equivalence_Line_15: NSGA2-random_dense-UX to SMSEMOA-random_dense-2P', 'Equivalence_Line_16: RVEA-greedy_ting-2P to SMSEMOA-random_dense-1P', 'Equivalence_Line_17: RVEA-greedy_ting-HUX to RVEA-random_dense-UX', 'Equivalence_Line_18: AGEMOEA2-random_dense-HUX to SPEA2-greedy_multi-HUX', 'Equivalence_Line_19: AGEMOEA2-random_dense-UX to SPEA2-greedy_multi-UX', 'Equivalence_Line_20: NSGA3-random_dense-HUX to AGEMOEA2-greedy_multi-UX', 'Equivalence_Line_21: SPEA2-random_dense-HUX to AGEMOEA2-greedy_multi-HUX', 'Equivalence_Line_22: SPEA2-random_dense-UX to NSGA2-greedy_multi-UX', 'Equivalence_Line_23: NSGA2-random_dense-2P to NSGA3-greedy_multi-UX', 'Equivalence_Line_24: SMSEMOA-random_dense-HUX to AGEMOEA2-greedy_multi-2P', 'Equivalence_Line_25: NSGA2-random_dense-1P to SPEA2-greedy_multi-2P', 'Equivalence_Line_26: UNSGA3-random_dense-2P to NSGA2-greedy_multi-2P', 'Equivalence_Line_27: NSGA3-random_dense-2P to NSGA3-greedy_multi-2P', 'Equivalence_Line_28: SPEA2-random_dense-2P to UNSGA3-greedy_multi-2P', 'Equivalence_Line_29: UNSGA3-random_dense-1P to NSGA2-greedy_multi-1P', 'Equivalence_Line_30: SMSEMOA-random_dense-1P to SMSEMOA-greedy_multi-UX', 'Equivalence_Line_31: RVEA-random_dense-HUX to SMSEMOA-greedy_multi-HUX', 'Equivalence_Line_32: SPEA2-greedy_multi-HUX to RVEA-greedy_multi-2P', 'Equivalence_Line_33: RVEA-random_dense-2P to RVEA-greedy_multi-1P']"
SMSEMOA-greedy_ting-UX,0.8822898893076886,"['Equivalence_Line_1: NSGA2-greedy_ting-UX to RVEA-greedy_ting-HUX', 'Equivalence_Line_2: NSGA2-greedy_ting-2P to RVEA-greedy_ting-UX', 'Equivalence_Line_3: AGEMOEA2-greedy_ting-2P to SPEA2-greedy_ting-2P', 'Equivalence_Line_4: AGEMOEA2-greedy_ting-1P to AGEMOEA2-random_dense-HUX', 'Equivalence_Line_5: SMSEMOA-greedy_ting-2P to AGEMOEA2-random_dense-UX', 'Equivalence_Line_6: AGEMOEA2-greedy_ting-UX to UNSGA3-random_dense-HUX', 'Equivalence_Line_7: AGEMOEA2-greedy_ting-HUX to NSGA3-random_dense-UX', 'Equivalence_Line_8: SMSEMOA-greedy_ting-1P to SPEA2-random_dense-HUX', 'Equivalence_Line_9: SMSEMOA-greedy_ting-HUX to NSGA2-random_dense-2P', 'Equivalence_Line_10: UNSGA3-greedy_ting-2P to SMSEMOA-random_dense-HUX', 'Equivalence_Line_11: UNSGA3-greedy_ting-1P to SMSEMOA-random_dense-UX', 'Equivalence_Line_12: NSGA3-greedy_ting-UX to AGEMOEA2-random_dense-2P', 'Equivalence_Line_13: SPEA2-greedy_ting-HUX to SPEA2-random_dense-2P', 'Equivalence_Line_14: NSGA2-random_dense-HUX to AGEMOEA2-random_dense-1P', 'Equivalence_Line_15: NSGA2-random_dense-UX to SMSEMOA-random_dense-2P', 'Equivalence_Line_16: RVEA-greedy_ting-2P to SMSEMOA-random_dense-1P', 'Equivalence_Line_17: RVEA-greedy_ting-HUX to RVEA-random_dense-UX', 'Equivalence_Line_18: AGEMOEA2-random_dense-HUX to SPEA2-greedy_multi-HUX', 'Equivalence_Line_19: AGEMOEA2-random_dense-UX to SPEA2-greedy_multi-UX', 'Equivalence_Line_20: NSGA3-random_dense-HUX to AGEMOEA2-greedy_multi-UX', 'Equivalence_Line_21: SPEA2-random_dense-HUX to AGEMOEA2-greedy_multi-HUX', 'Equivalence_Line_22: SPEA2-random_dense-UX to NSGA2-greedy_multi-UX', 'Equivalence_Line_23: NSGA2-random_dense-2P to NSGA3-greedy_multi-UX', 'Equivalence_Line_24: SMSEMOA-random_dense-HUX to AGEMOEA2-greedy_multi-2P', 'Equivalence_Line_25: NSGA2-random_dense-1P to SPEA2-greedy_multi-2P', 'Equivalence_Line_26: UNSGA3-random_dense-2P to NSGA2-greedy_multi-2P', 'Equivalence_Line_27: NSGA3-random_dense-2P to NSGA3-greedy_multi-2P', 'Equivalence_Line_28: SPEA2-random_dense-2P to UNSGA3-greedy_multi-2P', 'Equivalence_Line_29: UNSGA3-random_dense-1P to NSGA2-greedy_multi-1P', 'Equivalence_Line_30: SMSEMOA-random_dense-1P to SMSEMOA-greedy_multi-UX', 'Equivalence_Line_31: RVEA-random_dense-HUX to SMSEMOA-greedy_multi-HUX', 'Equivalence_Line_32: SPEA2-greedy_multi-HUX to RVEA-greedy_multi-2P', 'Equivalence_Line_33: RVEA-random_dense-2P to RVEA-greedy_multi-1P']"
NSGA3-greedy_ting-2P,0.8855949055074807,"['Equivalence_Line_1: NSGA2-greedy_ting-UX to RVEA-greedy_ting-HUX', 'Equivalence_Line_2: NSGA2-greedy_ting-2P to RVEA-greedy_ting-UX', 'Equivalence_Line_3: AGEMOEA2-greedy_ting-2P to SPEA2-greedy_ting-2P', 'Equivalence_Line_4: AGEMOEA2-greedy_ting-1P to AGEMOEA2-random_dense-HUX', 'Equivalence_Line_5: SMSEMOA-greedy_ting-2P to AGEMOEA2-random_dense-UX', 'Equivalence_Line_6: AGEMOEA2-greedy_ting-UX to UNSGA3-random_dense-HUX', 'Equivalence_Line_7: AGEMOEA2-greedy_ting-HUX to NSGA3-random_dense-UX', 'Equivalence_Line_8: SMSEMOA-greedy_ting-1P to SPEA2-random_dense-HUX', 'Equivalence_Line_9: SMSEMOA-greedy_ting-HUX to NSGA2-random_dense-2P', 'Equivalence_Line_10: UNSGA3-greedy_ting-2P to SMSEMOA-random_dense-HUX', 'Equivalence_Line_11: UNSGA3-greedy_ting-1P to SMSEMOA-random_dense-UX', 'Equivalence_Line_12: NSGA3-greedy_ting-UX to AGEMOEA2-random_dense-2P', 'Equivalence_Line_13: SPEA2-greedy_ting-HUX to SPEA2-random_dense-2P', 'Equivalence_Line_14: NSGA2-random_dense-HUX to AGEMOEA2-random_dense-1P', 'Equivalence_Line_15: NSGA2-random_dense-UX to SMSEMOA-random_dense-2P', 'Equivalence_Line_16: RVEA-greedy_ting-2P to SMSEMOA-random_dense-1P', 'Equivalence_Line_17: RVEA-greedy_ting-HUX to RVEA-random_dense-UX', 'Equivalence_Line_18: AGEMOEA2-random_dense-HUX to SPEA2-greedy_multi-HUX', 'Equivalence_Line_19: AGEMOEA2-random_dense-UX to SPEA2-greedy_multi-UX', 'Equivalence_Line_20: NSGA3-random_dense-HUX to AGEMOEA2-greedy_multi-UX', 'Equivalence_Line_21: SPEA2-random_dense-HUX to AGEMOEA2-greedy_multi-HUX', 'Equivalence_Line_22: SPEA2-random_dense-UX to NSGA2-greedy_multi-UX', 'Equivalence_Line_23: NSGA2-random_dense-2P to NSGA3-greedy_multi-UX', 'Equivalence_Line_24: SMSEMOA-random_dense-HUX to AGEMOEA2-greedy_multi-2P', 'Equivalence_Line_25: NSGA2-random_dense-1P to SPEA2-greedy_multi-2P', 'Equivalence_Line_26: UNSGA3-random_dense-2P to NSGA2-greedy_multi-2P', 'Equivalence_Line_27: NSGA3-random_dense-2P to NSGA3-greedy_multi-2P', 'Equivalence_Line_28: SPEA2-random_dense-2P to UNSGA3-greedy_multi-2P', 'Equivalence_Line_29: UNSGA3-random_dense-1P to NSGA2-greedy_multi-1P', 'Equivalence_Line_30: SMSEMOA-random_dense-1P to SMSEMOA-greedy_multi-UX', 'Equivalence_Line_31: RVEA-random_dense-HUX to SMSEMOA-greedy_multi-HUX', 'Equivalence_Line_32: SPEA2-greedy_multi-HUX to RVEA-greedy_multi-2P', 'Equivalence_Line_33: RVEA-random_dense-2P to RVEA-greedy_multi-1P']"
UNSGA3-greedy_ting-2P,0.8867737133272754,"['Equivalence_Line_1: NSGA2-greedy_ting-UX to RVEA-greedy_ting-HUX', 'Equivalence_Line_2: NSGA2-greedy_ting-2P to RVEA-greedy_ting-UX', 'Equivalence_Line_3: AGEMOEA2-greedy_ting-2P to SPEA2-greedy_ting-2P', 'Equivalence_Line_4: AGEMOEA2-greedy_ting-1P to AGEMOEA2-random_dense-HUX', 'Equivalence_Line_5: SMSEMOA-greedy_ting-2P to AGEMOEA2-random_dense-UX', 'Equivalence_Line_6: AGEMOEA2-greedy_ting-UX to UNSGA3-random_dense-HUX', 'Equivalence_Line_7: AGEMOEA2-greedy_ting-HUX to NSGA3-random_dense-UX', 'Equivalence_Line_8: SMSEMOA-greedy_ting-1P to SPEA2-random_dense-HUX', 'Equivalence_Line_9: SMSEMOA-greedy_ting-HUX to NSGA2-random_dense-2P', 'Equivalence_Line_10: UNSGA3-greedy_ting-2P to SMSEMOA-random_dense-HUX', 'Equivalence_Line_11: UNSGA3-greedy_ting-1P to SMSEMOA-random_dense-UX', 'Equivalence_Line_12: NSGA3-greedy_ting-UX to AGEMOEA2-random_dense-2P', 'Equivalence_Line_13: SPEA2-greedy_ting-HUX to SPEA2-random_dense-2P', 'Equivalence_Line_14: NSGA2-random_dense-HUX to AGEMOEA2-random_dense-1P', 'Equivalence_Line_15: NSGA2-random_dense-UX to SMSEMOA-random_dense-2P', 'Equivalence_Line_16: RVEA-greedy_ting-2P to SMSEMOA-random_dense-1P', 'Equivalence_Line_17: RVEA-greedy_ting-HUX to RVEA-random_dense-UX', 'Equivalence_Line_18: AGEMOEA2-random_dense-HUX to SPEA2-greedy_multi-HUX', 'Equivalence_Line_19: AGEMOEA2-random_dense-UX to SPEA2-greedy_multi-UX', 'Equivalence_Line_20: NSGA3-random_dense-HUX to AGEMOEA2-greedy_multi-UX', 'Equivalence_Line_21: SPEA2-random_dense-HUX to AGEMOEA2-greedy_multi-HUX', 'Equivalence_Line_22: SPEA2-random_dense-UX to NSGA2-greedy_multi-UX', 'Equivalence_Line_23: NSGA2-random_dense-2P to NSGA3-greedy_multi-UX', 'Equivalence_Line_24: SMSEMOA-random_dense-HUX to AGEMOEA2-greedy_multi-2P', 'Equivalence_Line_25: NSGA2-random_dense-1P to SPEA2-greedy_multi-2P', 'Equivalence_Line_26: UNSGA3-random_dense-2P to NSGA2-greedy_multi-2P', 'Equivalence_Line_27: NSGA3-random_dense-2P to NSGA3-greedy_multi-2P', 'Equivalence_Line_28: SPEA2-random_dense-2P to UNSGA3-greedy_multi-2P', 'Equivalence_Line_29: UNSGA3-random_dense-1P to NSGA2-greedy_multi-1P', 'Equivalence_Line_30: SMSEMOA-random_dense-1P to SMSEMOA-greedy_multi-UX', 'Equivalence_Line_31: RVEA-random_dense-HUX to SMSEMOA-greedy_multi-HUX', 'Equivalence_Line_32: SPEA2-greedy_multi-HUX to RVEA-greedy_multi-2P', 'Equivalence_Line_33: RVEA-random_dense-2P to RVEA-greedy_multi-1P']"
UNSGA3-greedy_ting-1P,0.891721099717612,"['Equivalence_Line_1: NSGA2-greedy_ting-UX to RVEA-greedy_ting-HUX', 'Equivalence_Line_2: NSGA2-greedy_ting-2P to RVEA-greedy_ting-UX', 'Equivalence_Line_3: AGEMOEA2-greedy_ting-2P to SPEA2-greedy_ting-2P', 'Equivalence_Line_4: AGEMOEA2-greedy_ting-1P to AGEMOEA2-random_dense-HUX', 'Equivalence_Line_5: SMSEMOA-greedy_ting-2P to AGEMOEA2-random_dense-UX', 'Equivalence_Line_6: AGEMOEA2-greedy_ting-UX to UNSGA3-random_dense-HUX', 'Equivalence_Line_7: AGEMOEA2-greedy_ting-HUX to NSGA3-random_dense-UX', 'Equivalence_Line_8: SMSEMOA-greedy_ting-1P to SPEA2-random_dense-HUX', 'Equivalence_Line_9: SMSEMOA-greedy_ting-HUX to NSGA2-random_dense-2P', 'Equivalence_Line_10: UNSGA3-greedy_ting-2P to SMSEMOA-random_dense-HUX', 'Equivalence_Line_11: UNSGA3-greedy_ting-1P to SMSEMOA-random_dense-UX', 'Equivalence_Line_12: NSGA3-greedy_ting-UX to AGEMOEA2-random_dense-2P', 'Equivalence_Line_13: SPEA2-greedy_ting-HUX to SPEA2-random_dense-2P', 'Equivalence_Line_14: NSGA2-random_dense-HUX to AGEMOEA2-random_dense-1P', 'Equivalence_Line_15: NSGA2-random_dense-UX to SMSEMOA-random_dense-2P', 'Equivalence_Line_16: RVEA-greedy_ting-2P to SMSEMOA-random_dense-1P', 'Equivalence_Line_17: RVEA-greedy_ting-HUX to RVEA-random_dense-UX', 'Equivalence_Line_18: AGEMOEA2-random_dense-HUX to SPEA2-greedy_multi-HUX', 'Equivalence_Line_19: AGEMOEA2-random_dense-UX to SPEA2-greedy_multi-UX', 'Equivalence_Line_20: NSGA3-random_dense-HUX to AGEMOEA2-greedy_multi-UX', 'Equivalence_Line_21: SPEA2-random_dense-HUX to AGEMOEA2-greedy_multi-HUX', 'Equivalence_Line_22: SPEA2-random_dense-UX to NSGA2-greedy_multi-UX', 'Equivalence_Line_23: NSGA2-random_dense-2P to NSGA3-greedy_multi-UX', 'Equivalence_Line_24: SMSEMOA-random_dense-HUX to AGEMOEA2-greedy_multi-2P', 'Equivalence_Line_25: NSGA2-random_dense-1P to SPEA2-greedy_multi-2P', 'Equivalence_Line_26: UNSGA3-random_dense-2P to NSGA2-greedy_multi-2P', 'Equivalence_Line_27: NSGA3-random_dense-2P to NSGA3-greedy_multi-2P', 'Equivalence_Line_28: SPEA2-random_dense-2P to UNSGA3-greedy_multi-2P', 'Equivalence_Line_29: UNSGA3-random_dense-1P to NSGA2-greedy_multi-1P', 'Equivalence_Line_30: SMSEMOA-random_dense-1P to SMSEMOA-greedy_multi-UX', 'Equivalence_Line_31: RVEA-random_dense-HUX to SMSEMOA-greedy_multi-HUX', 'Equivalence_Line_32: SPEA2-greedy_multi-HUX to RVEA-greedy_multi-2P', 'Equivalence_Line_33: RVEA-random_dense-2P to RVEA-greedy_multi-1P']"
UNSGA3-greedy_ting-HUX,0.8963759665410149,"['Equivalence_Line_1: NSGA2-greedy_ting-UX to RVEA-greedy_ting-HUX', 'Equivalence_Line_2: NSGA2-greedy_ting-2P to RVEA-greedy_ting-UX', 'Equivalence_Line_3: AGEMOEA2-greedy_ting-2P to SPEA2-greedy_ting-2P', 'Equivalence_Line_4: AGEMOEA2-greedy_ting-1P to AGEMOEA2-random_dense-HUX', 'Equivalence_Line_5: SMSEMOA-greedy_ting-2P to AGEMOEA2-random_dense-UX', 'Equivalence_Line_6: AGEMOEA2-greedy_ting-UX to UNSGA3-random_dense-HUX', 'Equivalence_Line_7: AGEMOEA2-greedy_ting-HUX to NSGA3-random_dense-UX', 'Equivalence_Line_8: SMSEMOA-greedy_ting-1P to SPEA2-random_dense-HUX', 'Equivalence_Line_9: SMSEMOA-greedy_ting-HUX to NSGA2-random_dense-2P', 'Equivalence_Line_10: UNSGA3-greedy_ting-2P to SMSEMOA-random_dense-HUX', 'Equivalence_Line_11: UNSGA3-greedy_ting-1P to SMSEMOA-random_dense-UX', 'Equivalence_Line_12: NSGA3-greedy_ting-UX to AGEMOEA2-random_dense-2P', 'Equivalence_Line_13: SPEA2-greedy_ting-HUX to SPEA2-random_dense-2P', 'Equivalence_Line_14: NSGA2-random_dense-HUX to AGEMOEA2-random_dense-1P', 'Equivalence_Line_15: NSGA2-random_dense-UX to SMSEMOA-random_dense-2P', 'Equivalence_Line_16: RVEA-greedy_ting-2P to SMSEMOA-random_dense-1P', 'Equivalence_Line_17: RVEA-greedy_ting-HUX to RVEA-random_dense-UX', 'Equivalence_Line_18: AGEMOEA2-random_dense-HUX to SPEA2-greedy_multi-HUX', 'Equivalence_Line_19: AGEMOEA2-random_dense-UX to SPEA2-greedy_multi-UX', 'Equivalence_Line_20: NSGA3-random_dense-HUX to AGEMOEA2-greedy_multi-UX', 'Equivalence_Line_21: SPEA2-random_dense-HUX to AGEMOEA2-greedy_multi-HUX', 'Equivalence_Line_22: SPEA2-random_dense-UX to NSGA2-greedy_multi-UX', 'Equivalence_Line_23: NSGA2-random_dense-2P to NSGA3-greedy_multi-UX', 'Equivalence_Line_24: SMSEMOA-random_dense-HUX to AGEMOEA2-greedy_multi-2P', 'Equivalence_Line_25: NSGA2-random_dense-1P to SPEA2-greedy_multi-2P', 'Equivalence_Line_26: UNSGA3-random_dense-2P to NSGA2-greedy_multi-2P', 'Equivalence_Line_27: NSGA3-random_dense-2P to NSGA3-greedy_multi-2P', 'Equivalence_Line_28: SPEA2-random_dense-2P to UNSGA3-greedy_multi-2P', 'Equivalence_Line_29: UNSGA3-random_dense-1P to NSGA2-greedy_multi-1P', 'Equivalence_Line_30: SMSEMOA-random_dense-1P to SMSEMOA-greedy_multi-UX', 'Equivalence_Line_31: RVEA-random_dense-HUX to SMSEMOA-greedy_multi-HUX', 'Equivalence_Line_32: SPEA2-greedy_multi-HUX to RVEA-greedy_multi-2P', 'Equivalence_Line_33: RVEA-random_dense-2P to RVEA-greedy_multi-1P']"
NSGA3-greedy_ting-UX,0.8980584776591377,"['Equivalence_Line_1: NSGA2-greedy_ting-UX to RVEA-greedy_ting-HUX', 'Equivalence_Line_2: NSGA2-greedy_ting-2P to RVEA-greedy_ting-UX', 'Equivalence_Line_3: AGEMOEA2-greedy_ting-2P to SPEA2-greedy_ting-2P', 'Equivalence_Line_4: AGEMOEA2-greedy_ting-1P to AGEMOEA2-random_dense-HUX', 'Equivalence_Line_5: SMSEMOA-greedy_ting-2P to AGEMOEA2-random_dense-UX', 'Equivalence_Line_6: AGEMOEA2-greedy_ting-UX to UNSGA3-random_dense-HUX', 'Equivalence_Line_7: AGEMOEA2-greedy_ting-HUX to NSGA3-random_dense-UX', 'Equivalence_Line_8: SMSEMOA-greedy_ting-1P to SPEA2-random_dense-HUX', 'Equivalence_Line_9: SMSEMOA-greedy_ting-HUX to NSGA2-random_dense-2P', 'Equivalence_Line_10: UNSGA3-greedy_ting-2P to SMSEMOA-random_dense-HUX', 'Equivalence_Line_11: UNSGA3-greedy_ting-1P to SMSEMOA-random_dense-UX', 'Equivalence_Line_12: NSGA3-greedy_ting-UX to AGEMOEA2-random_dense-2P', 'Equivalence_Line_13: SPEA2-greedy_ting-HUX to SPEA2-random_dense-2P', 'Equivalence_Line_14: NSGA2-random_dense-HUX to AGEMOEA2-random_dense-1P', 'Equivalence_Line_15: NSGA2-random_dense-UX to SMSEMOA-random_dense-2P', 'Equivalence_Line_16: RVEA-greedy_ting-2P to SMSEMOA-random_dense-1P', 'Equivalence_Line_17: RVEA-greedy_ting-HUX to RVEA-random_dense-UX', 'Equivalence_Line_18: AGEMOEA2-random_dense-HUX to SPEA2-greedy_multi-HUX', 'Equivalence_Line_19: AGEMOEA2-random_dense-UX to SPEA2-greedy_multi-UX', 'Equivalence_Line_20: NSGA3-random_dense-HUX to AGEMOEA2-greedy_multi-UX', 'Equivalence_Line_21: SPEA2-random_dense-HUX to AGEMOEA2-greedy_multi-HUX', 'Equivalence_Line_22: SPEA2-random_dense-UX to NSGA2-greedy_multi-UX', 'Equivalence_Line_23: NSGA2-random_dense-2P to NSGA3-greedy_multi-UX', 'Equivalence_Line_24: SMSEMOA-random_dense-HUX to AGEMOEA2-greedy_multi-2P', 'Equivalence_Line_25: NSGA2-random_dense-1P to SPEA2-greedy_multi-2P', 'Equivalence_Line_26: UNSGA3-random_dense-2P to NSGA2-greedy_multi-2P', 'Equivalence_Line_27: NSGA3-random_dense-2P to NSGA3-greedy_multi-2P', 'Equivalence_Line_28: SPEA2-random_dense-2P to UNSGA3-greedy_multi-2P', 'Equivalence_Line_29: UNSGA3-random_dense-1P to NSGA2-greedy_multi-1P', 'Equivalence_Line_30: SMSEMOA-random_dense-1P to SMSEMOA-greedy_multi-UX', 'Equivalence_Line_31: RVEA-random_dense-HUX to SMSEMOA-greedy_multi-HUX', 'Equivalence_Line_32: SPEA2-greedy_multi-HUX to RVEA-greedy_multi-2P', 'Equivalence_Line_33: RVEA-random_dense-2P to RVEA-greedy_multi-1P']"
NSGA3-greedy_ting-HUX,0.8992284675255969,"['Equivalence_Line_1: NSGA2-greedy_ting-UX to RVEA-greedy_ting-HUX', 'Equivalence_Line_2: NSGA2-greedy_ting-2P to RVEA-greedy_ting-UX', 'Equivalence_Line_3: AGEMOEA2-greedy_ting-2P to SPEA2-greedy_ting-2P', 'Equivalence_Line_4: AGEMOEA2-greedy_ting-1P to AGEMOEA2-random_dense-HUX', 'Equivalence_Line_5: SMSEMOA-greedy_ting-2P to AGEMOEA2-random_dense-UX', 'Equivalence_Line_6: AGEMOEA2-greedy_ting-UX to UNSGA3-random_dense-HUX', 'Equivalence_Line_7: AGEMOEA2-greedy_ting-HUX to NSGA3-random_dense-UX', 'Equivalence_Line_8: SMSEMOA-greedy_ting-1P to SPEA2-random_dense-HUX', 'Equivalence_Line_9: SMSEMOA-greedy_ting-HUX to NSGA2-random_dense-2P', 'Equivalence_Line_10: UNSGA3-greedy_ting-2P to SMSEMOA-random_dense-HUX', 'Equivalence_Line_11: UNSGA3-greedy_ting-1P to SMSEMOA-random_dense-UX', 'Equivalence_Line_12: NSGA3-greedy_ting-UX to AGEMOEA2-random_dense-2P', 'Equivalence_Line_13: SPEA2-greedy_ting-HUX to SPEA2-random_dense-2P', 'Equivalence_Line_14: NSGA2-random_dense-HUX to AGEMOEA2-random_dense-1P', 'Equivalence_Line_15: NSGA2-random_dense-UX to SMSEMOA-random_dense-2P', 'Equivalence_Line_16: RVEA-greedy_ting-2P to SMSEMOA-random_dense-1P', 'Equivalence_Line_17: RVEA-greedy_ting-HUX to RVEA-random_dense-UX', 'Equivalence_Line_18: AGEMOEA2-random_dense-HUX to SPEA2-greedy_multi-HUX', 'Equivalence_Line_19: AGEMOEA2-random_dense-UX to SPEA2-greedy_multi-UX', 'Equivalence_Line_20: NSGA3-random_dense-HUX to AGEMOEA2-greedy_multi-UX', 'Equivalence_Line_21: SPEA2-random_dense-HUX to AGEMOEA2-greedy_multi-HUX', 'Equivalence_Line_22: SPEA2-random_dense-UX to NSGA2-greedy_multi-UX', 'Equivalence_Line_23: NSGA2-random_dense-2P to NSGA3-greedy_multi-UX', 'Equivalence_Line_24: SMSEMOA-random_dense-HUX to AGEMOEA2-greedy_multi-2P', 'Equivalence_Line_25: NSGA2-random_dense-1P to SPEA2-greedy_multi-2P', 'Equivalence_Line_26: UNSGA3-random_dense-2P to NSGA2-greedy_multi-2P', 'Equivalence_Line_27: NSGA3-random_dense-2P to NSGA3-greedy_multi-2P', 'Equivalence_Line_28: SPEA2-random_dense-2P to UNSGA3-greedy_multi-2P', 'Equivalence_Line_29: UNSGA3-random_dense-1P to NSGA2-greedy_multi-1P', 'Equivalence_Line_30: SMSEMOA-random_dense-1P to SMSEMOA-greedy_multi-UX', 'Equivalence_Line_31: RVEA-random_dense-HUX to SMSEMOA-greedy_multi-HUX', 'Equivalence_Line_32: SPEA2-greedy_multi-HUX to RVEA-greedy_multi-2P', 'Equivalence_Line_33: RVEA-random_dense-2P to RVEA-greedy_multi-1P']"
UNSGA3-greedy_ting-UX,0.9044225475028329,"['Equivalence_Line_1: NSGA2-greedy_ting-UX to RVEA-greedy_ting-HUX', 'Equivalence_Line_2: NSGA2-greedy_ting-2P to RVEA-greedy_ting-UX', 'Equivalence_Line_3: AGEMOEA2-greedy_ting-2P to SPEA2-greedy_ting-2P', 'Equivalence_Line_4: AGEMOEA2-greedy_ting-1P to AGEMOEA2-random_dense-HUX', 'Equivalence_Line_5: SMSEMOA-greedy_ting-2P to AGEMOEA2-random_dense-UX', 'Equivalence_Line_6: AGEMOEA2-greedy_ting-UX to UNSGA3-random_dense-HUX', 'Equivalence_Line_7: AGEMOEA2-greedy_ting-HUX to NSGA3-random_dense-UX', 'Equivalence_Line_8: SMSEMOA-greedy_ting-1P to SPEA2-random_dense-HUX', 'Equivalence_Line_9: SMSEMOA-greedy_ting-HUX to NSGA2-random_dense-2P', 'Equivalence_Line_10: UNSGA3-greedy_ting-2P to SMSEMOA-random_dense-HUX', 'Equivalence_Line_11: UNSGA3-greedy_ting-1P to SMSEMOA-random_dense-UX', 'Equivalence_Line_12: NSGA3-greedy_ting-UX to AGEMOEA2-random_dense-2P', 'Equivalence_Line_13: SPEA2-greedy_ting-HUX to SPEA2-random_dense-2P', 'Equivalence_Line_14: NSGA2-random_dense-HUX to AGEMOEA2-random_dense-1P', 'Equivalence_Line_15: NSGA2-random_dense-UX to SMSEMOA-random_dense-2P', 'Equivalence_Line_16: RVEA-greedy_ting-2P to SMSEMOA-random_dense-1P', 'Equivalence_Line_17: RVEA-greedy_ting-HUX to RVEA-random_dense-UX', 'Equivalence_Line_18: AGEMOEA2-random_dense-HUX to SPEA2-greedy_multi-HUX', 'Equivalence_Line_19: AGEMOEA2-random_dense-UX to SPEA2-greedy_multi-UX', 'Equivalence_Line_20: NSGA3-random_dense-HUX to AGEMOEA2-greedy_multi-UX', 'Equivalence_Line_21: SPEA2-random_dense-HUX to AGEMOEA2-greedy_multi-HUX', 'Equivalence_Line_22: SPEA2-random_dense-UX to NSGA2-greedy_multi-UX', 'Equivalence_Line_23: NSGA2-random_dense-2P to NSGA3-greedy_multi-UX', 'Equivalence_Line_24: SMSEMOA-random_dense-HUX to AGEMOEA2-greedy_multi-2P', 'Equivalence_Line_25: NSGA2-random_dense-1P to SPEA2-greedy_multi-2P', 'Equivalence_Line_26: UNSGA3-random_dense-2P to NSGA2-greedy_multi-2P', 'Equivalence_Line_27: NSGA3-random_dense-2P to NSGA3-greedy_multi-2P', 'Equivalence_Line_28: SPEA2-random_dense-2P to UNSGA3-greedy_multi-2P', 'Equivalence_Line_29: UNSGA3-random_dense-1P to NSGA2-greedy_multi-1P', 'Equivalence_Line_30: SMSEMOA-random_dense-1P to SMSEMOA-greedy_multi-UX', 'Equivalence_Line_31: RVEA-random_dense-HUX to SMSEMOA-greedy_multi-HUX', 'Equivalence_Line_32: SPEA2-greedy_multi-HUX to RVEA-greedy_multi-2P', 'Equivalence_Line_33: RVEA-random_dense-2P to RVEA-greedy_multi-1P']"
SPEA2-greedy_ting-HUX,0.9430654375534698,"['Equivalence_Line_1: NSGA2-greedy_ting-UX to RVEA-greedy_ting-HUX', 'Equivalence_Line_2: NSGA2-greedy_ting-2P to RVEA-greedy_ting-UX', 'Equivalence_Line_3: AGEMOEA2-greedy_ting-2P to SPEA2-greedy_ting-2P', 'Equivalence_Line_4: AGEMOEA2-greedy_ting-1P to AGEMOEA2-random_dense-HUX', 'Equivalence_Line_5: SMSEMOA-greedy_ting-2P to AGEMOEA2-random_dense-UX', 'Equivalence_Line_6: AGEMOEA2-greedy_ting-UX to UNSGA3-random_dense-HUX', 'Equivalence_Line_7: AGEMOEA2-greedy_ting-HUX to NSGA3-random_dense-UX', 'Equivalence_Line_8: SMSEMOA-greedy_ting-1P to SPEA2-random_dense-HUX', 'Equivalence_Line_9: SMSEMOA-greedy_ting-HUX to NSGA2-random_dense-2P', 'Equivalence_Line_10: UNSGA3-greedy_ting-2P to SMSEMOA-random_dense-HUX', 'Equivalence_Line_11: UNSGA3-greedy_ting-1P to SMSEMOA-random_dense-UX', 'Equivalence_Line_12: NSGA3-greedy_ting-UX to AGEMOEA2-random_dense-2P', 'Equivalence_Line_13: SPEA2-greedy_ting-HUX to SPEA2-random_dense-2P', 'Equivalence_Line_14: NSGA2-random_dense-HUX to AGEMOEA2-random_dense-1P', 'Equivalence_Line_15: NSGA2-random_dense-UX to SMSEMOA-random_dense-2P', 'Equivalence_Line_16: RVEA-greedy_ting-2P to SMSEMOA-random_dense-1P', 'Equivalence_Line_17: RVEA-greedy_ting-HUX to RVEA-random_dense-UX', 'Equivalence_Line_18: AGEMOEA2-random_dense-HUX to SPEA2-greedy_multi-HUX', 'Equivalence_Line_19: AGEMOEA2-random_dense-UX to SPEA2-greedy_multi-UX', 'Equivalence_Line_20: NSGA3-random_dense-HUX to AGEMOEA2-greedy_multi-UX', 'Equivalence_Line_21: SPEA2-random_dense-HUX to AGEMOEA2-greedy_multi-HUX', 'Equivalence_Line_22: SPEA2-random_dense-UX to NSGA2-greedy_multi-UX', 'Equivalence_Line_23: NSGA2-random_dense-2P to NSGA3-greedy_multi-UX', 'Equivalence_Line_24: SMSEMOA-random_dense-HUX to AGEMOEA2-greedy_multi-2P', 'Equivalence_Line_25: NSGA2-random_dense-1P to SPEA2-greedy_multi-2P', 'Equivalence_Line_26: UNSGA3-random_dense-2P to NSGA2-greedy_multi-2P', 'Equivalence_Line_27: NSGA3-random_dense-2P to NSGA3-greedy_multi-2P', 'Equivalence_Line_28: SPEA2-random_dense-2P to UNSGA3-greedy_multi-2P', 'Equivalence_Line_29: UNSGA3-random_dense-1P to NSGA2-greedy_multi-1P', 'Equivalence_Line_30: SMSEMOA-random_dense-1P to SMSEMOA-greedy_multi-UX', 'Equivalence_Line_31: RVEA-random_dense-HUX to SMSEMOA-greedy_multi-HUX', 'Equivalence_Line_32: SPEA2-greedy_multi-HUX to RVEA-greedy_multi-2P', 'Equivalence_Line_33: RVEA-random_dense-2P to RVEA-greedy_multi-1P']"
SPEA2-greedy_ting-UX,0.9457761993253951,"['Equivalence_Line_1: NSGA2-greedy_ting-UX to RVEA-greedy_ting-HUX', 'Equivalence_Line_2: NSGA2-greedy_ting-2P to RVEA-greedy_ting-UX', 'Equivalence_Line_3: AGEMOEA2-greedy_ting-2P to SPEA2-greedy_ting-2P', 'Equivalence_Line_4: AGEMOEA2-greedy_ting-1P to AGEMOEA2-random_dense-HUX', 'Equivalence_Line_5: SMSEMOA-greedy_ting-2P to AGEMOEA2-random_dense-UX', 'Equivalence_Line_6: AGEMOEA2-greedy_ting-UX to UNSGA3-random_dense-HUX', 'Equivalence_Line_7: AGEMOEA2-greedy_ting-HUX to NSGA3-random_dense-UX', 'Equivalence_Line_8: SMSEMOA-greedy_ting-1P to SPEA2-random_dense-HUX', 'Equivalence_Line_9: SMSEMOA-greedy_ting-HUX to NSGA2-random_dense-2P', 'Equivalence_Line_10: UNSGA3-greedy_ting-2P to SMSEMOA-random_dense-HUX', 'Equivalence_Line_11: UNSGA3-greedy_ting-1P to SMSEMOA-random_dense-UX', 'Equivalence_Line_12: NSGA3-greedy_ting-UX to AGEMOEA2-random_dense-2P', 'Equivalence_Line_13: SPEA2-greedy_ting-HUX to SPEA2-random_dense-2P', 'Equivalence_Line_14: NSGA2-random_dense-HUX to AGEMOEA2-random_dense-1P', 'Equivalence_Line_15: NSGA2-random_dense-UX to SMSEMOA-random_dense-2P', 'Equivalence_Line_16: RVEA-greedy_ting-2P to SMSEMOA-random_dense-1P', 'Equivalence_Line_17: RVEA-greedy_ting-HUX to RVEA-random_dense-UX', 'Equivalence_Line_18: AGEMOEA2-random_dense-HUX to SPEA2-greedy_multi-HUX', 'Equivalence_Line_19: AGEMOEA2-random_dense-UX to SPEA2-greedy_multi-UX', 'Equivalence_Line_20: NSGA3-random_dense-HUX to AGEMOEA2-greedy_multi-UX', 'Equivalence_Line_21: SPEA2-random_dense-HUX to AGEMOEA2-greedy_multi-HUX', 'Equivalence_Line_22: SPEA2-random_dense-UX to NSGA2-greedy_multi-UX', 'Equivalence_Line_23: NSGA2-random_dense-2P to NSGA3-greedy_multi-UX', 'Equivalence_Line_24: SMSEMOA-random_dense-HUX to AGEMOEA2-greedy_multi-2P', 'Equivalence_Line_25: NSGA2-random_dense-1P to SPEA2-greedy_multi-2P', 'Equivalence_Line_26: UNSGA3-random_dense-2P to NSGA2-greedy_multi-2P', 'Equivalence_Line_27: NSGA3-random_dense-2P to NSGA3-greedy_multi-2P', 'Equivalence_Line_28: SPEA2-random_dense-2P to UNSGA3-greedy_multi-2P', 'Equivalence_Line_29: UNSGA3-random_dense-1P to NSGA2-greedy_multi-1P', 'Equivalence_Line_30: SMSEMOA-random_dense-1P to SMSEMOA-greedy_multi-UX', 'Equivalence_Line_31: RVEA-random_dense-HUX to SMSEMOA-greedy_multi-HUX', 'Equivalence_Line_32: SPEA2-greedy_multi-HUX to RVEA-greedy_multi-2P', 'Equivalence_Line_33: RVEA-random_dense-2P to RVEA-greedy_multi-1P']"
NSGA2-random_dense-HUX,0.9639333595048812,"['Equivalence_Line_1: NSGA2-greedy_ting-UX to RVEA-greedy_ting-HUX', 'Equivalence_Line_2: NSGA2-greedy_ting-2P to RVEA-greedy_ting-UX', 'Equivalence_Line_3: AGEMOEA2-greedy_ting-2P to SPEA2-greedy_ting-2P', 'Equivalence_Line_4: AGEMOEA2-greedy_ting-1P to AGEMOEA2-random_dense-HUX', 'Equivalence_Line_5: SMSEMOA-greedy_ting-2P to AGEMOEA2-random_dense-UX', 'Equivalence_Line_6: AGEMOEA2-greedy_ting-UX to UNSGA3-random_dense-HUX', 'Equivalence_Line_7: AGEMOEA2-greedy_ting-HUX to NSGA3-random_dense-UX', 'Equivalence_Line_8: SMSEMOA-greedy_ting-1P to SPEA2-random_dense-HUX', 'Equivalence_Line_9: SMSEMOA-greedy_ting-HUX to NSGA2-random_dense-2P', 'Equivalence_Line_10: UNSGA3-greedy_ting-2P to SMSEMOA-random_dense-HUX', 'Equivalence_Line_11: UNSGA3-greedy_ting-1P to SMSEMOA-random_dense-UX', 'Equivalence_Line_12: NSGA3-greedy_ting-UX to AGEMOEA2-random_dense-2P', 'Equivalence_Line_13: SPEA2-greedy_ting-HUX to SPEA2-random_dense-2P', 'Equivalence_Line_14: NSGA2-random_dense-HUX to AGEMOEA2-random_dense-1P', 'Equivalence_Line_15: NSGA2-random_dense-UX to SMSEMOA-random_dense-2P', 'Equivalence_Line_16: RVEA-greedy_ting-2P to SMSEMOA-random_dense-1P', 'Equivalence_Line_17: RVEA-greedy_ting-HUX to RVEA-random_dense-UX', 'Equivalence_Line_18: AGEMOEA2-random_dense-HUX to SPEA2-greedy_multi-HUX', 'Equivalence_Line_19: AGEMOEA2-random_dense-UX to SPEA2-greedy_multi-UX', 'Equivalence_Line_20: NSGA3-random_dense-HUX to AGEMOEA2-greedy_multi-UX', 'Equivalence_Line_21: SPEA2-random_dense-HUX to AGEMOEA2-greedy_multi-HUX', 'Equivalence_Line_22: SPEA2-random_dense-UX to NSGA2-greedy_multi-UX', 'Equivalence_Line_23: NSGA2-random_dense-2P to NSGA3-greedy_multi-UX', 'Equivalence_Line_24: SMSEMOA-random_dense-HUX to AGEMOEA2-greedy_multi-2P', 'Equivalence_Line_25: NSGA2-random_dense-1P to SPEA2-greedy_multi-2P', 'Equivalence_Line_26: UNSGA3-random_dense-2P to NSGA2-greedy_multi-2P', 'Equivalence_Line_27: NSGA3-random_dense-2P to NSGA3-greedy_multi-2P', 'Equivalence_Line_28: SPEA2-random_dense-2P to UNSGA3-greedy_multi-2P', 'Equivalence_Line_29: UNSGA3-random_dense-1P to NSGA2-greedy_multi-1P', 'Equivalence_Line_30: SMSEMOA-random_dense-1P to SMSEMOA-greedy_multi-UX', 'Equivalence_Line_31: RVEA-random_dense-HUX to SMSEMOA-greedy_multi-HUX', 'Equivalence_Line_32: SPEA2-greedy_multi-HUX to RVEA-greedy_multi-2P', 'Equivalence_Line_33: RVEA-random_dense-2P to RVEA-greedy_multi-1P']"
NSGA2-random_dense-UX,0.9757766958702084,"['Equivalence_Line_1: NSGA2-greedy_ting-UX to RVEA-greedy_ting-HUX', 'Equivalence_Line_2: NSGA2-greedy_ting-2P to RVEA-greedy_ting-UX', 'Equivalence_Line_3: AGEMOEA2-greedy_ting-2P to SPEA2-greedy_ting-2P', 'Equivalence_Line_4: AGEMOEA2-greedy_ting-1P to AGEMOEA2-random_dense-HUX', 'Equivalence_Line_5: SMSEMOA-greedy_ting-2P to AGEMOEA2-random_dense-UX', 'Equivalence_Line_6: AGEMOEA2-greedy_ting-UX to UNSGA3-random_dense-HUX', 'Equivalence_Line_7: AGEMOEA2-greedy_ting-HUX to NSGA3-random_dense-UX', 'Equivalence_Line_8: SMSEMOA-greedy_ting-1P to SPEA2-random_dense-HUX', 'Equivalence_Line_9: SMSEMOA-greedy_ting-HUX to NSGA2-random_dense-2P', 'Equivalence_Line_10: UNSGA3-greedy_ting-2P to SMSEMOA-random_dense-HUX', 'Equivalence_Line_11: UNSGA3-greedy_ting-1P to SMSEMOA-random_dense-UX', 'Equivalence_Line_12: NSGA3-greedy_ting-UX to AGEMOEA2-random_dense-2P', 'Equivalence_Line_13: SPEA2-greedy_ting-HUX to SPEA2-random_dense-2P', 'Equivalence_Line_14: NSGA2-random_dense-HUX to AGEMOEA2-random_dense-1P', 'Equivalence_Line_15: NSGA2-random_dense-UX to SMSEMOA-random_dense-2P', 'Equivalence_Line_16: RVEA-greedy_ting-2P to SMSEMOA-random_dense-1P', 'Equivalence_Line_17: RVEA-greedy_ting-HUX to RVEA-random_dense-UX', 'Equivalence_Line_18: AGEMOEA2-random_dense-HUX to SPEA2-greedy_multi-HUX', 'Equivalence_Line_19: AGEMOEA2-random_dense-UX to SPEA2-greedy_multi-UX', 'Equivalence_Line_20: NSGA3-random_dense-HUX to AGEMOEA2-greedy_multi-UX', 'Equivalence_Line_21: SPEA2-random_dense-HUX to AGEMOEA2-greedy_multi-HUX', 'Equivalence_Line_22: SPEA2-random_dense-UX to NSGA2-greedy_multi-UX', 'Equivalence_Line_23: NSGA2-random_dense-2P to NSGA3-greedy_multi-UX', 'Equivalence_Line_24: SMSEMOA-random_dense-HUX to AGEMOEA2-greedy_multi-2P', 'Equivalence_Line_25: NSGA2-random_dense-1P to SPEA2-greedy_multi-2P', 'Equivalence_Line_26: UNSGA3-random_dense-2P to NSGA2-greedy_multi-2P', 'Equivalence_Line_27: NSGA3-random_dense-2P to NSGA3-greedy_multi-2P', 'Equivalence_Line_28: SPEA2-random_dense-2P to UNSGA3-greedy_multi-2P', 'Equivalence_Line_29: UNSGA3-random_dense-1P to NSGA2-greedy_multi-1P', 'Equivalence_Line_30: SMSEMOA-random_dense-1P to SMSEMOA-greedy_multi-UX', 'Equivalence_Line_31: RVEA-random_dense-HUX to SMSEMOA-greedy_multi-HUX', 'Equivalence_Line_32: SPEA2-greedy_multi-HUX to RVEA-greedy_multi-2P', 'Equivalence_Line_33: RVEA-random_dense-2P to RVEA-greedy_multi-1P']"
RVEA-greedy_ting-1P,1.022731105631355,"['Equivalence_Line_1: NSGA2-greedy_ting-UX to RVEA-greedy_ting-HUX', 'Equivalence_Line_2: NSGA2-greedy_ting-2P to RVEA-greedy_ting-UX', 'Equivalence_Line_3: AGEMOEA2-greedy_ting-2P to SPEA2-greedy_ting-2P', 'Equivalence_Line_4: AGEMOEA2-greedy_ting-1P to AGEMOEA2-random_dense-HUX', 'Equivalence_Line_5: SMSEMOA-greedy_ting-2P to AGEMOEA2-random_dense-UX', 'Equivalence_Line_6: AGEMOEA2-greedy_ting-UX to UNSGA3-random_dense-HUX', 'Equivalence_Line_7: AGEMOEA2-greedy_ting-HUX to NSGA3-random_dense-UX', 'Equivalence_Line_8: SMSEMOA-greedy_ting-1P to SPEA2-random_dense-HUX', 'Equivalence_Line_9: SMSEMOA-greedy_ting-HUX to NSGA2-random_dense-2P', 'Equivalence_Line_10: UNSGA3-greedy_ting-2P to SMSEMOA-random_dense-HUX', 'Equivalence_Line_11: UNSGA3-greedy_ting-1P to SMSEMOA-random_dense-UX', 'Equivalence_Line_12: NSGA3-greedy_ting-UX to AGEMOEA2-random_dense-2P', 'Equivalence_Line_13: SPEA2-greedy_ting-HUX to SPEA2-random_dense-2P', 'Equivalence_Line_14: NSGA2-random_dense-HUX to AGEMOEA2-random_dense-1P', 'Equivalence_Line_15: NSGA2-random_dense-UX to SMSEMOA-random_dense-2P', 'Equivalence_Line_16: RVEA-greedy_ting-2P to SMSEMOA-random_dense-1P', 'Equivalence_Line_17: RVEA-greedy_ting-HUX to RVEA-random_dense-UX', 'Equivalence_Line_18: AGEMOEA2-random_dense-HUX to SPEA2-greedy_multi-HUX', 'Equivalence_Line_19: AGEMOEA2-random_dense-UX to SPEA2-greedy_multi-UX', 'Equivalence_Line_20: NSGA3-random_dense-HUX to AGEMOEA2-greedy_multi-UX', 'Equivalence_Line_21: SPEA2-random_dense-HUX to AGEMOEA2-greedy_multi-HUX', 'Equivalence_Line_22: SPEA2-random_dense-UX to NSGA2-greedy_multi-UX', 'Equivalence_Line_23: NSGA2-random_dense-2P to NSGA3-greedy_multi-UX', 'Equivalence_Line_24: SMSEMOA-random_dense-HUX to AGEMOEA2-greedy_multi-2P', 'Equivalence_Line_25: NSGA2-random_dense-1P to SPEA2-greedy_multi-2P', 'Equivalence_Line_26: UNSGA3-random_dense-2P to NSGA2-greedy_multi-2P', 'Equivalence_Line_27: NSGA3-random_dense-2P to NSGA3-greedy_multi-2P', 'Equivalence_Line_28: SPEA2-random_dense-2P to UNSGA3-greedy_multi-2P', 'Equivalence_Line_29: UNSGA3-random_dense-1P to NSGA2-greedy_multi-1P', 'Equivalence_Line_30: SMSEMOA-random_dense-1P to SMSEMOA-greedy_multi-UX', 'Equivalence_Line_31: RVEA-random_dense-HUX to SMSEMOA-greedy_multi-HUX', 'Equivalence_Line_32: SPEA2-greedy_multi-HUX to RVEA-greedy_multi-2P', 'Equivalence_Line_33: RVEA-random_dense-2P to RVEA-greedy_multi-1P']"
RVEA-greedy_ting-2P,1.0420957224217309,"['Equivalence_Line_1: NSGA2-greedy_ting-UX to RVEA-greedy_ting-HUX', 'Equivalence_Line_2: NSGA2-greedy_ting-2P to RVEA-greedy_ting-UX', 'Equivalence_Line_3: AGEMOEA2-greedy_ting-2P to SPEA2-greedy_ting-2P', 'Equivalence_Line_4: AGEMOEA2-greedy_ting-1P to AGEMOEA2-random_dense-HUX', 'Equivalence_Line_5: SMSEMOA-greedy_ting-2P to AGEMOEA2-random_dense-UX', 'Equivalence_Line_6: AGEMOEA2-greedy_ting-UX to UNSGA3-random_dense-HUX', 'Equivalence_Line_7: AGEMOEA2-greedy_ting-HUX to NSGA3-random_dense-UX', 'Equivalence_Line_8: SMSEMOA-greedy_ting-1P to SPEA2-random_dense-HUX', 'Equivalence_Line_9: SMSEMOA-greedy_ting-HUX to NSGA2-random_dense-2P', 'Equivalence_Line_10: UNSGA3-greedy_ting-2P to SMSEMOA-random_dense-HUX', 'Equivalence_Line_11: UNSGA3-greedy_ting-1P to SMSEMOA-random_dense-UX', 'Equivalence_Line_12: NSGA3-greedy_ting-UX to AGEMOEA2-random_dense-2P', 'Equivalence_Line_13: SPEA2-greedy_ting-HUX to SPEA2-random_dense-2P', 'Equivalence_Line_14: NSGA2-random_dense-HUX to AGEMOEA2-random_dense-1P', 'Equivalence_Line_15: NSGA2-random_dense-UX to SMSEMOA-random_dense-2P', 'Equivalence_Line_16: RVEA-greedy_ting-2P to SMSEMOA-random_dense-1P', 'Equivalence_Line_17: RVEA-greedy_ting-HUX to RVEA-random_dense-UX', 'Equivalence_Line_18: AGEMOEA2-random_dense-HUX to SPEA2-greedy_multi-HUX', 'Equivalence_Line_19: AGEMOEA2-random_dense-UX to SPEA2-greedy_multi-UX', 'Equivalence_Line_20: NSGA3-random_dense-HUX to AGEMOEA2-greedy_multi-UX', 'Equivalence_Line_21: SPEA2-random_dense-HUX to AGEMOEA2-greedy_multi-HUX', 'Equivalence_Line_22: SPEA2-random_dense-UX to NSGA2-greedy_multi-UX', 'Equivalence_Line_23: NSGA2-random_dense-2P to NSGA3-greedy_multi-UX', 'Equivalence_Line_24: SMSEMOA-random_dense-HUX to AGEMOEA2-greedy_multi-2P', 'Equivalence_Line_25: NSGA2-random_dense-1P to SPEA2-greedy_multi-2P', 'Equivalence_Line_26: UNSGA3-random_dense-2P to NSGA2-greedy_multi-2P', 'Equivalence_Line_27: NSGA3-random_dense-2P to NSGA3-greedy_multi-2P', 'Equivalence_Line_28: SPEA2-random_dense-2P to UNSGA3-greedy_multi-2P', 'Equivalence_Line_29: UNSGA3-random_dense-1P to NSGA2-greedy_multi-1P', 'Equivalence_Line_30: SMSEMOA-random_dense-1P to SMSEMOA-greedy_multi-UX', 'Equivalence_Line_31: RVEA-random_dense-HUX to SMSEMOA-greedy_multi-HUX', 'Equivalence_Line_32: SPEA2-greedy_multi-HUX to RVEA-greedy_multi-2P', 'Equivalence_Line_33: RVEA-random_dense-2P to RVEA-greedy_multi-1P']"
SPEA2-greedy_ting-1P,1.0426377041376087,"['Equivalence_Line_1: NSGA2-greedy_ting-UX to RVEA-greedy_ting-HUX', 'Equivalence_Line_2: NSGA2-greedy_ting-2P to RVEA-greedy_ting-UX', 'Equivalence_Line_3: AGEMOEA2-greedy_ting-2P to SPEA2-greedy_ting-2P', 'Equivalence_Line_4: AGEMOEA2-greedy_ting-1P to AGEMOEA2-random_dense-HUX', 'Equivalence_Line_5: SMSEMOA-greedy_ting-2P to AGEMOEA2-random_dense-UX', 'Equivalence_Line_6: AGEMOEA2-greedy_ting-UX to UNSGA3-random_dense-HUX', 'Equivalence_Line_7: AGEMOEA2-greedy_ting-HUX to NSGA3-random_dense-UX', 'Equivalence_Line_8: SMSEMOA-greedy_ting-1P to SPEA2-random_dense-HUX', 'Equivalence_Line_9: SMSEMOA-greedy_ting-HUX to NSGA2-random_dense-2P', 'Equivalence_Line_10: UNSGA3-greedy_ting-2P to SMSEMOA-random_dense-HUX', 'Equivalence_Line_11: UNSGA3-greedy_ting-1P to SMSEMOA-random_dense-UX', 'Equivalence_Line_12: NSGA3-greedy_ting-UX to AGEMOEA2-random_dense-2P', 'Equivalence_Line_13: SPEA2-greedy_ting-HUX to SPEA2-random_dense-2P', 'Equivalence_Line_14: NSGA2-random_dense-HUX to AGEMOEA2-random_dense-1P', 'Equivalence_Line_15: NSGA2-random_dense-UX to SMSEMOA-random_dense-2P', 'Equivalence_Line_16: RVEA-greedy_ting-2P to SMSEMOA-random_dense-1P', 'Equivalence_Line_17: RVEA-greedy_ting-HUX to RVEA-random_dense-UX', 'Equivalence_Line_18: AGEMOEA2-random_dense-HUX to SPEA2-greedy_multi-HUX', 'Equivalence_Line_19: AGEMOEA2-random_dense-UX to SPEA2-greedy_multi-UX', 'Equivalence_Line_20: NSGA3-random_dense-HUX to AGEMOEA2-greedy_multi-UX', 'Equivalence_Line_21: SPEA2-random_dense-HUX to AGEMOEA2-greedy_multi-HUX', 'Equivalence_Line_22: SPEA2-random_dense-UX to NSGA2-greedy_multi-UX', 'Equivalence_Line_23: NSGA2-random_dense-2P to NSGA3-greedy_multi-UX', 'Equivalence_Line_24: SMSEMOA-random_dense-HUX to AGEMOEA2-greedy_multi-2P', 'Equivalence_Line_25: NSGA2-random_dense-1P to SPEA2-greedy_multi-2P', 'Equivalence_Line_26: UNSGA3-random_dense-2P to NSGA2-greedy_multi-2P', 'Equivalence_Line_27: NSGA3-random_dense-2P to NSGA3-greedy_multi-2P', 'Equivalence_Line_28: SPEA2-random_dense-2P to UNSGA3-greedy_multi-2P', 'Equivalence_Line_29: UNSGA3-random_dense-1P to NSGA2-greedy_multi-1P', 'Equivalence_Line_30: SMSEMOA-random_dense-1P to SMSEMOA-greedy_multi-UX', 'Equivalence_Line_31: RVEA-random_dense-HUX to SMSEMOA-greedy_multi-HUX', 'Equivalence_Line_32: SPEA2-greedy_multi-HUX to RVEA-greedy_multi-2P', 'Equivalence_Line_33: RVEA-random_dense-2P to RVEA-greedy_multi-1P']"
RVEA-greedy_ting-HUX,1.0614312021918926,"['Equivalence_Line_1: NSGA2-greedy_ting-UX to RVEA-greedy_ting-HUX', 'Equivalence_Line_2: NSGA2-greedy_ting-2P to RVEA-greedy_ting-UX', 'Equivalence_Line_3: AGEMOEA2-greedy_ting-2P to SPEA2-greedy_ting-2P', 'Equivalence_Line_4: AGEMOEA2-greedy_ting-1P to AGEMOEA2-random_dense-HUX', 'Equivalence_Line_5: SMSEMOA-greedy_ting-2P to AGEMOEA2-random_dense-UX', 'Equivalence_Line_6: AGEMOEA2-greedy_ting-UX to UNSGA3-random_dense-HUX', 'Equivalence_Line_7: AGEMOEA2-greedy_ting-HUX to NSGA3-random_dense-UX', 'Equivalence_Line_8: SMSEMOA-greedy_ting-1P to SPEA2-random_dense-HUX', 'Equivalence_Line_9: SMSEMOA-greedy_ting-HUX to NSGA2-random_dense-2P', 'Equivalence_Line_10: UNSGA3-greedy_ting-2P to SMSEMOA-random_dense-HUX', 'Equivalence_Line_11: UNSGA3-greedy_ting-1P to SMSEMOA-random_dense-UX', 'Equivalence_Line_12: NSGA3-greedy_ting-UX to AGEMOEA2-random_dense-2P', 'Equivalence_Line_13: SPEA2-greedy_ting-HUX to SPEA2-random_dense-2P', 'Equivalence_Line_14: NSGA2-random_dense-HUX to AGEMOEA2-random_dense-1P', 'Equivalence_Line_15: NSGA2-random_dense-UX to SMSEMOA-random_dense-2P', 'Equivalence_Line_16: RVEA-greedy_ting-2P to SMSEMOA-random_dense-1P', 'Equivalence_Line_17: RVEA-greedy_ting-HUX to RVEA-random_dense-UX', 'Equivalence_Line_18: AGEMOEA2-random_dense-HUX to SPEA2-greedy_multi-HUX', 'Equivalence_Line_19: AGEMOEA2-random_dense-UX to SPEA2-greedy_multi-UX', 'Equivalence_Line_20: NSGA3-random_dense-HUX to AGEMOEA2-greedy_multi-UX', 'Equivalence_Line_21: SPEA2-random_dense-HUX to AGEMOEA2-greedy_multi-HUX', 'Equivalence_Line_22: SPEA2-random_dense-UX to NSGA2-greedy_multi-UX', 'Equivalence_Line_23: NSGA2-random_dense-2P to NSGA3-greedy_multi-UX', 'Equivalence_Line_24: SMSEMOA-random_dense-HUX to AGEMOEA2-greedy_multi-2P', 'Equivalence_Line_25: NSGA2-random_dense-1P to SPEA2-greedy_multi-2P', 'Equivalence_Line_26: UNSGA3-random_dense-2P to NSGA2-greedy_multi-2P', 'Equivalence_Line_27: NSGA3-random_dense-2P to NSGA3-greedy_multi-2P', 'Equivalence_Line_28: SPEA2-random_dense-2P to UNSGA3-greedy_multi-2P', 'Equivalence_Line_29: UNSGA3-random_dense-1P to NSGA2-greedy_multi-1P', 'Equivalence_Line_30: SMSEMOA-random_dense-1P to SMSEMOA-greedy_multi-UX', 'Equivalence_Line_31: RVEA-random_dense-HUX to SMSEMOA-greedy_multi-HUX', 'Equivalence_Line_32: SPEA2-greedy_multi-HUX to RVEA-greedy_multi-2P', 'Equivalence_Line_33: RVEA-random_dense-2P to RVEA-greedy_multi-1P']"
RVEA-greedy_ting-UX,1.0752502017925412,"['Equivalence_Line_1: NSGA2-greedy_ting-UX to RVEA-greedy_ting-HUX', 'Equivalence_Line_2: NSGA2-greedy_ting-2P to RVEA-greedy_ting-UX', 'Equivalence_Line_3: AGEMOEA2-greedy_ting-2P to SPEA2-greedy_ting-2P', 'Equivalence_Line_4: AGEMOEA2-greedy_ting-1P to AGEMOEA2-random_dense-HUX', 'Equivalence_Line_5: SMSEMOA-greedy_ting-2P to AGEMOEA2-random_dense-UX', 'Equivalence_Line_6: AGEMOEA2-greedy_ting-UX to UNSGA3-random_dense-HUX', 'Equivalence_Line_7: AGEMOEA2-greedy_ting-HUX to NSGA3-random_dense-UX', 'Equivalence_Line_8: SMSEMOA-greedy_ting-1P to SPEA2-random_dense-HUX', 'Equivalence_Line_9: SMSEMOA-greedy_ting-HUX to NSGA2-random_dense-2P', 'Equivalence_Line_10: UNSGA3-greedy_ting-2P to SMSEMOA-random_dense-HUX', 'Equivalence_Line_11: UNSGA3-greedy_ting-1P to SMSEMOA-random_dense-UX', 'Equivalence_Line_12: NSGA3-greedy_ting-UX to AGEMOEA2-random_dense-2P', 'Equivalence_Line_13: SPEA2-greedy_ting-HUX to SPEA2-random_dense-2P', 'Equivalence_Line_14: NSGA2-random_dense-HUX to AGEMOEA2-random_dense-1P', 'Equivalence_Line_15: NSGA2-random_dense-UX to SMSEMOA-random_dense-2P', 'Equivalence_Line_16: RVEA-greedy_ting-2P to SMSEMOA-random_dense-1P', 'Equivalence_Line_17: RVEA-greedy_ting-HUX to RVEA-random_dense-UX', 'Equivalence_Line_18: AGEMOEA2-random_dense-HUX to SPEA2-greedy_multi-HUX', 'Equivalence_Line_19: AGEMOEA2-random_dense-UX to SPEA2-greedy_multi-UX', 'Equivalence_Line_20: NSGA3-random_dense-HUX to AGEMOEA2-greedy_multi-UX', 'Equivalence_Line_21: SPEA2-random_dense-HUX to AGEMOEA2-greedy_multi-HUX', 'Equivalence_Line_22: SPEA2-random_dense-UX to NSGA2-greedy_multi-UX', 'Equivalence_Line_23: NSGA2-random_dense-2P to NSGA3-greedy_multi-UX', 'Equivalence_Line_24: SMSEMOA-random_dense-HUX to AGEMOEA2-greedy_multi-2P', 'Equivalence_Line_25: NSGA2-random_dense-1P to SPEA2-greedy_multi-2P', 'Equivalence_Line_26: UNSGA3-random_dense-2P to NSGA2-greedy_multi-2P', 'Equivalence_Line_27: NSGA3-random_dense-2P to NSGA3-greedy_multi-2P', 'Equivalence_Line_28: SPEA2-random_dense-2P to UNSGA3-greedy_multi-2P', 'Equivalence_Line_29: UNSGA3-random_dense-1P to NSGA2-greedy_multi-1P', 'Equivalence_Line_30: SMSEMOA-random_dense-1P to SMSEMOA-greedy_multi-UX', 'Equivalence_Line_31: RVEA-random_dense-HUX to SMSEMOA-greedy_multi-HUX', 'Equivalence_Line_32: SPEA2-greedy_multi-HUX to RVEA-greedy_multi-2P', 'Equivalence_Line_33: RVEA-random_dense-2P to RVEA-greedy_multi-1P']"
SPEA2-greedy_ting-2P,1.0775074500215847,"['Equivalence_Line_1: NSGA2-greedy_ting-UX to RVEA-greedy_ting-HUX', 'Equivalence_Line_2: NSGA2-greedy_ting-2P to RVEA-greedy_ting-UX', 'Equivalence_Line_3: AGEMOEA2-greedy_ting-2P to SPEA2-greedy_ting-2P', 'Equivalence_Line_4: AGEMOEA2-greedy_ting-1P to AGEMOEA2-random_dense-HUX', 'Equivalence_Line_5: SMSEMOA-greedy_ting-2P to AGEMOEA2-random_dense-UX', 'Equivalence_Line_6: AGEMOEA2-greedy_ting-UX to UNSGA3-random_dense-HUX', 'Equivalence_Line_7: AGEMOEA2-greedy_ting-HUX to NSGA3-random_dense-UX', 'Equivalence_Line_8: SMSEMOA-greedy_ting-1P to SPEA2-random_dense-HUX', 'Equivalence_Line_9: SMSEMOA-greedy_ting-HUX to NSGA2-random_dense-2P', 'Equivalence_Line_10: UNSGA3-greedy_ting-2P to SMSEMOA-random_dense-HUX', 'Equivalence_Line_11: UNSGA3-greedy_ting-1P to SMSEMOA-random_dense-UX', 'Equivalence_Line_12: NSGA3-greedy_ting-UX to AGEMOEA2-random_dense-2P', 'Equivalence_Line_13: SPEA2-greedy_ting-HUX to SPEA2-random_dense-2P', 'Equivalence_Line_14: NSGA2-random_dense-HUX to AGEMOEA2-random_dense-1P', 'Equivalence_Line_15: NSGA2-random_dense-UX to SMSEMOA-random_dense-2P', 'Equivalence_Line_16: RVEA-greedy_ting-2P to SMSEMOA-random_dense-1P', 'Equivalence_Line_17: RVEA-greedy_ting-HUX to RVEA-random_dense-UX', 'Equivalence_Line_18: AGEMOEA2-random_dense-HUX to SPEA2-greedy_multi-HUX', 'Equivalence_Line_19: AGEMOEA2-random_dense-UX to SPEA2-greedy_multi-UX', 'Equivalence_Line_20: NSGA3-random_dense-HUX to AGEMOEA2-greedy_multi-UX', 'Equivalence_Line_21: SPEA2-random_dense-HUX to AGEMOEA2-greedy_multi-HUX', 'Equivalence_Line_22: SPEA2-random_dense-UX to NSGA2-greedy_multi-UX', 'Equivalence_Line_23: NSGA2-random_dense-2P to NSGA3-greedy_multi-UX', 'Equivalence_Line_24: SMSEMOA-random_dense-HUX to AGEMOEA2-greedy_multi-2P', 'Equivalence_Line_25: NSGA2-random_dense-1P to SPEA2-greedy_multi-2P', 'Equivalence_Line_26: UNSGA3-random_dense-2P to NSGA2-greedy_multi-2P', 'Equivalence_Line_27: NSGA3-random_dense-2P to NSGA3-greedy_multi-2P', 'Equivalence_Line_28: SPEA2-random_dense-2P to UNSGA3-greedy_multi-2P', 'Equivalence_Line_29: UNSGA3-random_dense-1P to NSGA2-greedy_multi-1P', 'Equivalence_Line_30: SMSEMOA-random_dense-1P to SMSEMOA-greedy_multi-UX', 'Equivalence_Line_31: RVEA-random_dense-HUX to SMSEMOA-greedy_multi-HUX', 'Equivalence_Line_32: SPEA2-greedy_multi-HUX to RVEA-greedy_multi-2P', 'Equivalence_Line_33: RVEA-random_dense-2P to RVEA-greedy_multi-1P']"
AGEMOEA2-random_dense-HUX,1.090813035757868,"['Equivalence_Line_1: NSGA2-greedy_ting-UX to RVEA-greedy_ting-HUX', 'Equivalence_Line_2: NSGA2-greedy_ting-2P to RVEA-greedy_ting-UX', 'Equivalence_Line_3: AGEMOEA2-greedy_ting-2P to SPEA2-greedy_ting-2P', 'Equivalence_Line_4: AGEMOEA2-greedy_ting-1P to AGEMOEA2-random_dense-HUX', 'Equivalence_Line_5: SMSEMOA-greedy_ting-2P to AGEMOEA2-random_dense-UX', 'Equivalence_Line_6: AGEMOEA2-greedy_ting-UX to UNSGA3-random_dense-HUX', 'Equivalence_Line_7: AGEMOEA2-greedy_ting-HUX to NSGA3-random_dense-UX', 'Equivalence_Line_8: SMSEMOA-greedy_ting-1P to SPEA2-random_dense-HUX', 'Equivalence_Line_9: SMSEMOA-greedy_ting-HUX to NSGA2-random_dense-2P', 'Equivalence_Line_10: UNSGA3-greedy_ting-2P to SMSEMOA-random_dense-HUX', 'Equivalence_Line_11: UNSGA3-greedy_ting-1P to SMSEMOA-random_dense-UX', 'Equivalence_Line_12: NSGA3-greedy_ting-UX to AGEMOEA2-random_dense-2P', 'Equivalence_Line_13: SPEA2-greedy_ting-HUX to SPEA2-random_dense-2P', 'Equivalence_Line_14: NSGA2-random_dense-HUX to AGEMOEA2-random_dense-1P', 'Equivalence_Line_15: NSGA2-random_dense-UX to SMSEMOA-random_dense-2P', 'Equivalence_Line_16: RVEA-greedy_ting-2P to SMSEMOA-random_dense-1P', 'Equivalence_Line_17: RVEA-greedy_ting-HUX to RVEA-random_dense-UX', 'Equivalence_Line_18: AGEMOEA2-random_dense-HUX to SPEA2-greedy_multi-HUX', 'Equivalence_Line_19: AGEMOEA2-random_dense-UX to SPEA2-greedy_multi-UX', 'Equivalence_Line_20: NSGA3-random_dense-HUX to AGEMOEA2-greedy_multi-UX', 'Equivalence_Line_21: SPEA2-random_dense-HUX to AGEMOEA2-greedy_multi-HUX', 'Equivalence_Line_22: SPEA2-random_dense-UX to NSGA2-greedy_multi-UX', 'Equivalence_Line_23: NSGA2-random_dense-2P to NSGA3-greedy_multi-UX', 'Equivalence_Line_24: SMSEMOA-random_dense-HUX to AGEMOEA2-greedy_multi-2P', 'Equivalence_Line_25: NSGA2-random_dense-1P to SPEA2-greedy_multi-2P', 'Equivalence_Line_26: UNSGA3-random_dense-2P to NSGA2-greedy_multi-2P', 'Equivalence_Line_27: NSGA3-random_dense-2P to NSGA3-greedy_multi-2P', 'Equivalence_Line_28: SPEA2-random_dense-2P to UNSGA3-greedy_multi-2P', 'Equivalence_Line_29: UNSGA3-random_dense-1P to NSGA2-greedy_multi-1P', 'Equivalence_Line_30: SMSEMOA-random_dense-1P to SMSEMOA-greedy_multi-UX', 'Equivalence_Line_31: RVEA-random_dense-HUX to SMSEMOA-greedy_multi-HUX', 'Equivalence_Line_32: SPEA2-greedy_multi-HUX to RVEA-greedy_multi-2P', 'Equivalence_Line_33: RVEA-random_dense-2P to RVEA-greedy_multi-1P']"
AGEMOEA2-random_dense-UX,1.0950080597887992,"['Equivalence_Line_1: NSGA2-greedy_ting-UX to RVEA-greedy_ting-HUX', 'Equivalence_Line_2: NSGA2-greedy_ting-2P to RVEA-greedy_ting-UX', 'Equivalence_Line_3: AGEMOEA2-greedy_ting-2P to SPEA2-greedy_ting-2P', 'Equivalence_Line_4: AGEMOEA2-greedy_ting-1P to AGEMOEA2-random_dense-HUX', 'Equivalence_Line_5: SMSEMOA-greedy_ting-2P to AGEMOEA2-random_dense-UX', 'Equivalence_Line_6: AGEMOEA2-greedy_ting-UX to UNSGA3-random_dense-HUX', 'Equivalence_Line_7: AGEMOEA2-greedy_ting-HUX to NSGA3-random_dense-UX', 'Equivalence_Line_8: SMSEMOA-greedy_ting-1P to SPEA2-random_dense-HUX', 'Equivalence_Line_9: SMSEMOA-greedy_ting-HUX to NSGA2-random_dense-2P', 'Equivalence_Line_10: UNSGA3-greedy_ting-2P to SMSEMOA-random_dense-HUX', 'Equivalence_Line_11: UNSGA3-greedy_ting-1P to SMSEMOA-random_dense-UX', 'Equivalence_Line_12: NSGA3-greedy_ting-UX to AGEMOEA2-random_dense-2P', 'Equivalence_Line_13: SPEA2-greedy_ting-HUX to SPEA2-random_dense-2P', 'Equivalence_Line_14: NSGA2-random_dense-HUX to AGEMOEA2-random_dense-1P', 'Equivalence_Line_15: NSGA2-random_dense-UX to SMSEMOA-random_dense-2P', 'Equivalence_Line_16: RVEA-greedy_ting-2P to SMSEMOA-random_dense-1P', 'Equivalence_Line_17: RVEA-greedy_ting-HUX to RVEA-random_dense-UX', 'Equivalence_Line_18: AGEMOEA2-random_dense-HUX to SPEA2-greedy_multi-HUX', 'Equivalence_Line_19: AGEMOEA2-random_dense-UX to SPEA2-greedy_multi-UX', 'Equivalence_Line_20: NSGA3-random_dense-HUX to AGEMOEA2-greedy_multi-UX', 'Equivalence_Line_21: SPEA2-random_dense-HUX to AGEMOEA2-greedy_multi-HUX', 'Equivalence_Line_22: SPEA2-random_dense-UX to NSGA2-greedy_multi-UX', 'Equivalence_Line_23: NSGA2-random_dense-2P to NSGA3-greedy_multi-UX', 'Equivalence_Line_24: SMSEMOA-random_dense-HUX to AGEMOEA2-greedy_multi-2P', 'Equivalence_Line_25: NSGA2-random_dense-1P to SPEA2-greedy_multi-2P', 'Equivalence_Line_26: UNSGA3-random_dense-2P to NSGA2-greedy_multi-2P', 'Equivalence_Line_27: NSGA3-random_dense-2P to NSGA3-greedy_multi-2P', 'Equivalence_Line_28: SPEA2-random_dense-2P to UNSGA3-greedy_multi-2P', 'Equivalence_Line_29: UNSGA3-random_dense-1P to NSGA2-greedy_multi-1P', 'Equivalence_Line_30: SMSEMOA-random_dense-1P to SMSEMOA-greedy_multi-UX', 'Equivalence_Line_31: RVEA-random_dense-HUX to SMSEMOA-greedy_multi-HUX', 'Equivalence_Line_32: SPEA2-greedy_multi-HUX to RVEA-greedy_multi-2P', 'Equivalence_Line_33: RVEA-random_dense-2P to RVEA-greedy_multi-1P']"
UNSGA3-random_dense-UX,1.1058459652590278,"['Equivalence_Line_1: NSGA2-greedy_ting-UX to RVEA-greedy_ting-HUX', 'Equivalence_Line_2: NSGA2-greedy_ting-2P to RVEA-greedy_ting-UX', 'Equivalence_Line_3: AGEMOEA2-greedy_ting-2P to SPEA2-greedy_ting-2P', 'Equivalence_Line_4: AGEMOEA2-greedy_ting-1P to AGEMOEA2-random_dense-HUX', 'Equivalence_Line_5: SMSEMOA-greedy_ting-2P to AGEMOEA2-random_dense-UX', 'Equivalence_Line_6: AGEMOEA2-greedy_ting-UX to UNSGA3-random_dense-HUX', 'Equivalence_Line_7: AGEMOEA2-greedy_ting-HUX to NSGA3-random_dense-UX', 'Equivalence_Line_8: SMSEMOA-greedy_ting-1P to SPEA2-random_dense-HUX', 'Equivalence_Line_9: SMSEMOA-greedy_ting-HUX to NSGA2-random_dense-2P', 'Equivalence_Line_10: UNSGA3-greedy_ting-2P to SMSEMOA-random_dense-HUX', 'Equivalence_Line_11: UNSGA3-greedy_ting-1P to SMSEMOA-random_dense-UX', 'Equivalence_Line_12: NSGA3-greedy_ting-UX to AGEMOEA2-random_dense-2P', 'Equivalence_Line_13: SPEA2-greedy_ting-HUX to SPEA2-random_dense-2P', 'Equivalence_Line_14: NSGA2-random_dense-HUX to AGEMOEA2-random_dense-1P', 'Equivalence_Line_15: NSGA2-random_dense-UX to SMSEMOA-random_dense-2P', 'Equivalence_Line_16: RVEA-greedy_ting-2P to SMSEMOA-random_dense-1P', 'Equivalence_Line_17: RVEA-greedy_ting-HUX to RVEA-random_dense-UX', 'Equivalence_Line_18: AGEMOEA2-random_dense-HUX to SPEA2-greedy_multi-HUX', 'Equivalence_Line_19: AGEMOEA2-random_dense-UX to SPEA2-greedy_multi-UX', 'Equivalence_Line_20: NSGA3-random_dense-HUX to AGEMOEA2-greedy_multi-UX', 'Equivalence_Line_21: SPEA2-random_dense-HUX to AGEMOEA2-greedy_multi-HUX', 'Equivalence_Line_22: SPEA2-random_dense-UX to NSGA2-greedy_multi-UX', 'Equivalence_Line_23: NSGA2-random_dense-2P to NSGA3-greedy_multi-UX', 'Equivalence_Line_24: SMSEMOA-random_dense-HUX to AGEMOEA2-greedy_multi-2P', 'Equivalence_Line_25: NSGA2-random_dense-1P to SPEA2-greedy_multi-2P', 'Equivalence_Line_26: UNSGA3-random_dense-2P to NSGA2-greedy_multi-2P', 'Equivalence_Line_27: NSGA3-random_dense-2P to NSGA3-greedy_multi-2P', 'Equivalence_Line_28: SPEA2-random_dense-2P to UNSGA3-greedy_multi-2P', 'Equivalence_Line_29: UNSGA3-random_dense-1P to NSGA2-greedy_multi-1P', 'Equivalence_Line_30: SMSEMOA-random_dense-1P to SMSEMOA-greedy_multi-UX', 'Equivalence_Line_31: RVEA-random_dense-HUX to SMSEMOA-greedy_multi-HUX', 'Equivalence_Line_32: SPEA2-greedy_multi-HUX to RVEA-greedy_multi-2P', 'Equivalence_Line_33: RVEA-random_dense-2P to RVEA-greedy_multi-1P']"
NSGA3-random_dense-HUX,1.1072459741147676,"['Equivalence_Line_1: NSGA2-greedy_ting-UX to RVEA-greedy_ting-HUX', 'Equivalence_Line_2: NSGA2-greedy_ting-2P to RVEA-greedy_ting-UX', 'Equivalence_Line_3: AGEMOEA2-greedy_ting-2P to SPEA2-greedy_ting-2P', 'Equivalence_Line_4: AGEMOEA2-greedy_ting-1P to AGEMOEA2-random_dense-HUX', 'Equivalence_Line_5: SMSEMOA-greedy_ting-2P to AGEMOEA2-random_dense-UX', 'Equivalence_Line_6: AGEMOEA2-greedy_ting-UX to UNSGA3-random_dense-HUX', 'Equivalence_Line_7: AGEMOEA2-greedy_ting-HUX to NSGA3-random_dense-UX', 'Equivalence_Line_8: SMSEMOA-greedy_ting-1P to SPEA2-random_dense-HUX', 'Equivalence_Line_9: SMSEMOA-greedy_ting-HUX to NSGA2-random_dense-2P', 'Equivalence_Line_10: UNSGA3-greedy_ting-2P to SMSEMOA-random_dense-HUX', 'Equivalence_Line_11: UNSGA3-greedy_ting-1P to SMSEMOA-random_dense-UX', 'Equivalence_Line_12: NSGA3-greedy_ting-UX to AGEMOEA2-random_dense-2P', 'Equivalence_Line_13: SPEA2-greedy_ting-HUX to SPEA2-random_dense-2P', 'Equivalence_Line_14: NSGA2-random_dense-HUX to AGEMOEA2-random_dense-1P', 'Equivalence_Line_15: NSGA2-random_dense-UX to SMSEMOA-random_dense-2P', 'Equivalence_Line_16: RVEA-greedy_ting-2P to SMSEMOA-random_dense-1P', 'Equivalence_Line_17: RVEA-greedy_ting-HUX to RVEA-random_dense-UX', 'Equivalence_Line_18: AGEMOEA2-random_dense-HUX to SPEA2-greedy_multi-HUX', 'Equivalence_Line_19: AGEMOEA2-random_dense-UX to SPEA2-greedy_multi-UX', 'Equivalence_Line_20: NSGA3-random_dense-HUX to AGEMOEA2-greedy_multi-UX', 'Equivalence_Line_21: SPEA2-random_dense-HUX to AGEMOEA2-greedy_multi-HUX', 'Equivalence_Line_22: SPEA2-random_dense-UX to NSGA2-greedy_multi-UX', 'Equivalence_Line_23: NSGA2-random_dense-2P to NSGA3-greedy_multi-UX', 'Equivalence_Line_24: SMSEMOA-random_dense-HUX to AGEMOEA2-greedy_multi-2P', 'Equivalence_Line_25: NSGA2-random_dense-1P to SPEA2-greedy_multi-2P', 'Equivalence_Line_26: UNSGA3-random_dense-2P to NSGA2-greedy_multi-2P', 'Equivalence_Line_27: NSGA3-random_dense-2P to NSGA3-greedy_multi-2P', 'Equivalence_Line_28: SPEA2-random_dense-2P to UNSGA3-greedy_multi-2P', 'Equivalence_Line_29: UNSGA3-random_dense-1P to NSGA2-greedy_multi-1P', 'Equivalence_Line_30: SMSEMOA-random_dense-1P to SMSEMOA-greedy_multi-UX', 'Equivalence_Line_31: RVEA-random_dense-HUX to SMSEMOA-greedy_multi-HUX', 'Equivalence_Line_32: SPEA2-greedy_multi-HUX to RVEA-greedy_multi-2P', 'Equivalence_Line_33: RVEA-random_dense-2P to RVEA-greedy_multi-1P']"
UNSGA3-random_dense-HUX,1.1081159310605433,"['Equivalence_Line_1: NSGA2-greedy_ting-UX to RVEA-greedy_ting-HUX', 'Equivalence_Line_2: NSGA2-greedy_ting-2P to RVEA-greedy_ting-UX', 'Equivalence_Line_3: AGEMOEA2-greedy_ting-2P to SPEA2-greedy_ting-2P', 'Equivalence_Line_4: AGEMOEA2-greedy_ting-1P to AGEMOEA2-random_dense-HUX', 'Equivalence_Line_5: SMSEMOA-greedy_ting-2P to AGEMOEA2-random_dense-UX', 'Equivalence_Line_6: AGEMOEA2-greedy_ting-UX to UNSGA3-random_dense-HUX', 'Equivalence_Line_7: AGEMOEA2-greedy_ting-HUX to NSGA3-random_dense-UX', 'Equivalence_Line_8: SMSEMOA-greedy_ting-1P to SPEA2-random_dense-HUX', 'Equivalence_Line_9: SMSEMOA-greedy_ting-HUX to NSGA2-random_dense-2P', 'Equivalence_Line_10: UNSGA3-greedy_ting-2P to SMSEMOA-random_dense-HUX', 'Equivalence_Line_11: UNSGA3-greedy_ting-1P to SMSEMOA-random_dense-UX', 'Equivalence_Line_12: NSGA3-greedy_ting-UX to AGEMOEA2-random_dense-2P', 'Equivalence_Line_13: SPEA2-greedy_ting-HUX to SPEA2-random_dense-2P', 'Equivalence_Line_14: NSGA2-random_dense-HUX to AGEMOEA2-random_dense-1P', 'Equivalence_Line_15: NSGA2-random_dense-UX to SMSEMOA-random_dense-2P', 'Equivalence_Line_16: RVEA-greedy_ting-2P to SMSEMOA-random_dense-1P', 'Equivalence_Line_17: RVEA-greedy_ting-HUX to RVEA-random_dense-UX', 'Equivalence_Line_18: AGEMOEA2-random_dense-HUX to SPEA2-greedy_multi-HUX', 'Equivalence_Line_19: AGEMOEA2-random_dense-UX to SPEA2-greedy_multi-UX', 'Equivalence_Line_20: NSGA3-random_dense-HUX to AGEMOEA2-greedy_multi-UX', 'Equivalence_Line_21: SPEA2-random_dense-HUX to AGEMOEA2-greedy_multi-HUX', 'Equivalence_Line_22: SPEA2-random_dense-UX to NSGA2-greedy_multi-UX', 'Equivalence_Line_23: NSGA2-random_dense-2P to NSGA3-greedy_multi-UX', 'Equivalence_Line_24: SMSEMOA-random_dense-HUX to AGEMOEA2-greedy_multi-2P', 'Equivalence_Line_25: NSGA2-random_dense-1P to SPEA2-greedy_multi-2P', 'Equivalence_Line_26: UNSGA3-random_dense-2P to NSGA2-greedy_multi-2P', 'Equivalence_Line_27: NSGA3-random_dense-2P to NSGA3-greedy_multi-2P', 'Equivalence_Line_28: SPEA2-random_dense-2P to UNSGA3-greedy_multi-2P', 'Equivalence_Line_29: UNSGA3-random_dense-1P to NSGA2-greedy_multi-1P', 'Equivalence_Line_30: SMSEMOA-random_dense-1P to SMSEMOA-greedy_multi-UX', 'Equivalence_Line_31: RVEA-random_dense-HUX to SMSEMOA-greedy_multi-HUX', 'Equivalence_Line_32: SPEA2-greedy_multi-HUX to RVEA-greedy_multi-2P', 'Equivalence_Line_33: RVEA-random_dense-2P to RVEA-greedy_multi-1P']"
NSGA3-random_dense-UX,1.1097379973991714,"['Equivalence_Line_1: NSGA2-greedy_ting-UX to RVEA-greedy_ting-HUX', 'Equivalence_Line_2: NSGA2-greedy_ting-2P to RVEA-greedy_ting-UX', 'Equivalence_Line_3: AGEMOEA2-greedy_ting-2P to SPEA2-greedy_ting-2P', 'Equivalence_Line_4: AGEMOEA2-greedy_ting-1P to AGEMOEA2-random_dense-HUX', 'Equivalence_Line_5: SMSEMOA-greedy_ting-2P to AGEMOEA2-random_dense-UX', 'Equivalence_Line_6: AGEMOEA2-greedy_ting-UX to UNSGA3-random_dense-HUX', 'Equivalence_Line_7: AGEMOEA2-greedy_ting-HUX to NSGA3-random_dense-UX', 'Equivalence_Line_8: SMSEMOA-greedy_ting-1P to SPEA2-random_dense-HUX', 'Equivalence_Line_9: SMSEMOA-greedy_ting-HUX to NSGA2-random_dense-2P', 'Equivalence_Line_10: UNSGA3-greedy_ting-2P to SMSEMOA-random_dense-HUX', 'Equivalence_Line_11: UNSGA3-greedy_ting-1P to SMSEMOA-random_dense-UX', 'Equivalence_Line_12: NSGA3-greedy_ting-UX to AGEMOEA2-random_dense-2P', 'Equivalence_Line_13: SPEA2-greedy_ting-HUX to SPEA2-random_dense-2P', 'Equivalence_Line_14: NSGA2-random_dense-HUX to AGEMOEA2-random_dense-1P', 'Equivalence_Line_15: NSGA2-random_dense-UX to SMSEMOA-random_dense-2P', 'Equivalence_Line_16: RVEA-greedy_ting-2P to SMSEMOA-random_dense-1P', 'Equivalence_Line_17: RVEA-greedy_ting-HUX to RVEA-random_dense-UX', 'Equivalence_Line_18: AGEMOEA2-random_dense-HUX to SPEA2-greedy_multi-HUX', 'Equivalence_Line_19: AGEMOEA2-random_dense-UX to SPEA2-greedy_multi-UX', 'Equivalence_Line_20: NSGA3-random_dense-HUX to AGEMOEA2-greedy_multi-UX', 'Equivalence_Line_21: SPEA2-random_dense-HUX to AGEMOEA2-greedy_multi-HUX', 'Equivalence_Line_22: SPEA2-random_dense-UX to NSGA2-greedy_multi-UX', 'Equivalence_Line_23: NSGA2-random_dense-2P to NSGA3-greedy_multi-UX', 'Equivalence_Line_24: SMSEMOA-random_dense-HUX to AGEMOEA2-greedy_multi-2P', 'Equivalence_Line_25: NSGA2-random_dense-1P to SPEA2-greedy_multi-2P', 'Equivalence_Line_26: UNSGA3-random_dense-2P to NSGA2-greedy_multi-2P', 'Equivalence_Line_27: NSGA3-random_dense-2P to NSGA3-greedy_multi-2P', 'Equivalence_Line_28: SPEA2-random_dense-2P to UNSGA3-greedy_multi-2P', 'Equivalence_Line_29: UNSGA3-random_dense-1P to NSGA2-greedy_multi-1P', 'Equivalence_Line_30: SMSEMOA-random_dense-1P to SMSEMOA-greedy_multi-UX', 'Equivalence_Line_31: RVEA-random_dense-HUX to SMSEMOA-greedy_multi-HUX', 'Equivalence_Line_32: SPEA2-greedy_multi-HUX to RVEA-greedy_multi-2P', 'Equivalence_Line_33: RVEA-random_dense-2P to RVEA-greedy_multi-1P']"
SPEA2-random_dense-HUX,1.117445665022791,"['Equivalence_Line_1: NSGA2-greedy_ting-UX to RVEA-greedy_ting-HUX', 'Equivalence_Line_2: NSGA2-greedy_ting-2P to RVEA-greedy_ting-UX', 'Equivalence_Line_3: AGEMOEA2-greedy_ting-2P to SPEA2-greedy_ting-2P', 'Equivalence_Line_4: AGEMOEA2-greedy_ting-1P to AGEMOEA2-random_dense-HUX', 'Equivalence_Line_5: SMSEMOA-greedy_ting-2P to AGEMOEA2-random_dense-UX', 'Equivalence_Line_6: AGEMOEA2-greedy_ting-UX to UNSGA3-random_dense-HUX', 'Equivalence_Line_7: AGEMOEA2-greedy_ting-HUX to NSGA3-random_dense-UX', 'Equivalence_Line_8: SMSEMOA-greedy_ting-1P to SPEA2-random_dense-HUX', 'Equivalence_Line_9: SMSEMOA-greedy_ting-HUX to NSGA2-random_dense-2P', 'Equivalence_Line_10: UNSGA3-greedy_ting-2P to SMSEMOA-random_dense-HUX', 'Equivalence_Line_11: UNSGA3-greedy_ting-1P to SMSEMOA-random_dense-UX', 'Equivalence_Line_12: NSGA3-greedy_ting-UX to AGEMOEA2-random_dense-2P', 'Equivalence_Line_13: SPEA2-greedy_ting-HUX to SPEA2-random_dense-2P', 'Equivalence_Line_14: NSGA2-random_dense-HUX to AGEMOEA2-random_dense-1P', 'Equivalence_Line_15: NSGA2-random_dense-UX to SMSEMOA-random_dense-2P', 'Equivalence_Line_16: RVEA-greedy_ting-2P to SMSEMOA-random_dense-1P', 'Equivalence_Line_17: RVEA-greedy_ting-HUX to RVEA-random_dense-UX', 'Equivalence_Line_18: AGEMOEA2-random_dense-HUX to SPEA2-greedy_multi-HUX', 'Equivalence_Line_19: AGEMOEA2-random_dense-UX to SPEA2-greedy_multi-UX', 'Equivalence_Line_20: NSGA3-random_dense-HUX to AGEMOEA2-greedy_multi-UX', 'Equivalence_Line_21: SPEA2-random_dense-HUX to AGEMOEA2-greedy_multi-HUX', 'Equivalence_Line_22: SPEA2-random_dense-UX to NSGA2-greedy_multi-UX', 'Equivalence_Line_23: NSGA2-random_dense-2P to NSGA3-greedy_multi-UX', 'Equivalence_Line_24: SMSEMOA-random_dense-HUX to AGEMOEA2-greedy_multi-2P', 'Equivalence_Line_25: NSGA2-random_dense-1P to SPEA2-greedy_multi-2P', 'Equivalence_Line_26: UNSGA3-random_dense-2P to NSGA2-greedy_multi-2P', 'Equivalence_Line_27: NSGA3-random_dense-2P to NSGA3-greedy_multi-2P', 'Equivalence_Line_28: SPEA2-random_dense-2P to UNSGA3-greedy_multi-2P', 'Equivalence_Line_29: UNSGA3-random_dense-1P to NSGA2-greedy_multi-1P', 'Equivalence_Line_30: SMSEMOA-random_dense-1P to SMSEMOA-greedy_multi-UX', 'Equivalence_Line_31: RVEA-random_dense-HUX to SMSEMOA-greedy_multi-HUX', 'Equivalence_Line_32: SPEA2-greedy_multi-HUX to RVEA-greedy_multi-2P', 'Equivalence_Line_33: RVEA-random_dense-2P to RVEA-greedy_multi-1P']"
SPEA2-random_dense-UX,1.1207750751785852,"['Equivalence_Line_1: NSGA2-greedy_ting-UX to RVEA-greedy_ting-HUX', 'Equivalence_Line_2: NSGA2-greedy_ting-2P to RVEA-greedy_ting-UX', 'Equivalence_Line_3: AGEMOEA2-greedy_ting-2P to SPEA2-greedy_ting-2P', 'Equivalence_Line_4: AGEMOEA2-greedy_ting-1P to AGEMOEA2-random_dense-HUX', 'Equivalence_Line_5: SMSEMOA-greedy_ting-2P to AGEMOEA2-random_dense-UX', 'Equivalence_Line_6: AGEMOEA2-greedy_ting-UX to UNSGA3-random_dense-HUX', 'Equivalence_Line_7: AGEMOEA2-greedy_ting-HUX to NSGA3-random_dense-UX', 'Equivalence_Line_8: SMSEMOA-greedy_ting-1P to SPEA2-random_dense-HUX', 'Equivalence_Line_9: SMSEMOA-greedy_ting-HUX to NSGA2-random_dense-2P', 'Equivalence_Line_10: UNSGA3-greedy_ting-2P to SMSEMOA-random_dense-HUX', 'Equivalence_Line_11: UNSGA3-greedy_ting-1P to SMSEMOA-random_dense-UX', 'Equivalence_Line_12: NSGA3-greedy_ting-UX to AGEMOEA2-random_dense-2P', 'Equivalence_Line_13: SPEA2-greedy_ting-HUX to SPEA2-random_dense-2P', 'Equivalence_Line_14: NSGA2-random_dense-HUX to AGEMOEA2-random_dense-1P', 'Equivalence_Line_15: NSGA2-random_dense-UX to SMSEMOA-random_dense-2P', 'Equivalence_Line_16: RVEA-greedy_ting-2P to SMSEMOA-random_dense-1P', 'Equivalence_Line_17: RVEA-greedy_ting-HUX to RVEA-random_dense-UX', 'Equivalence_Line_18: AGEMOEA2-random_dense-HUX to SPEA2-greedy_multi-HUX', 'Equivalence_Line_19: AGEMOEA2-random_dense-UX to SPEA2-greedy_multi-UX', 'Equivalence_Line_20: NSGA3-random_dense-HUX to AGEMOEA2-greedy_multi-UX', 'Equivalence_Line_21: SPEA2-random_dense-HUX to AGEMOEA2-greedy_multi-HUX', 'Equivalence_Line_22: SPEA2-random_dense-UX to NSGA2-greedy_multi-UX', 'Equivalence_Line_23: NSGA2-random_dense-2P to NSGA3-greedy_multi-UX', 'Equivalence_Line_24: SMSEMOA-random_dense-HUX to AGEMOEA2-greedy_multi-2P', 'Equivalence_Line_25: NSGA2-random_dense-1P to SPEA2-greedy_multi-2P', 'Equivalence_Line_26: UNSGA3-random_dense-2P to NSGA2-greedy_multi-2P', 'Equivalence_Line_27: NSGA3-random_dense-2P to NSGA3-greedy_multi-2P', 'Equivalence_Line_28: SPEA2-random_dense-2P to UNSGA3-greedy_multi-2P', 'Equivalence_Line_29: UNSGA3-random_dense-1P to NSGA2-greedy_multi-1P', 'Equivalence_Line_30: SMSEMOA-random_dense-1P to SMSEMOA-greedy_multi-UX', 'Equivalence_Line_31: RVEA-random_dense-HUX to SMSEMOA-greedy_multi-HUX', 'Equivalence_Line_32: SPEA2-greedy_multi-HUX to RVEA-greedy_multi-2P', 'Equivalence_Line_33: RVEA-random_dense-2P to RVEA-greedy_multi-1P']"
NSGA2-random_dense-2P,1.1520407931533099,"['Equivalence_Line_1: NSGA2-greedy_ting-UX to RVEA-greedy_ting-HUX', 'Equivalence_Line_2: NSGA2-greedy_ting-2P to RVEA-greedy_ting-UX', 'Equivalence_Line_3: AGEMOEA2-greedy_ting-2P to SPEA2-greedy_ting-2P', 'Equivalence_Line_4: AGEMOEA2-greedy_ting-1P to AGEMOEA2-random_dense-HUX', 'Equivalence_Line_5: SMSEMOA-greedy_ting-2P to AGEMOEA2-random_dense-UX', 'Equivalence_Line_6: AGEMOEA2-greedy_ting-UX to UNSGA3-random_dense-HUX', 'Equivalence_Line_7: AGEMOEA2-greedy_ting-HUX to NSGA3-random_dense-UX', 'Equivalence_Line_8: SMSEMOA-greedy_ting-1P to SPEA2-random_dense-HUX', 'Equivalence_Line_9: SMSEMOA-greedy_ting-HUX to NSGA2-random_dense-2P', 'Equivalence_Line_10: UNSGA3-greedy_ting-2P to SMSEMOA-random_dense-HUX', 'Equivalence_Line_11: UNSGA3-greedy_ting-1P to SMSEMOA-random_dense-UX', 'Equivalence_Line_12: NSGA3-greedy_ting-UX to AGEMOEA2-random_dense-2P', 'Equivalence_Line_13: SPEA2-greedy_ting-HUX to SPEA2-random_dense-2P', 'Equivalence_Line_14: NSGA2-random_dense-HUX to AGEMOEA2-random_dense-1P', 'Equivalence_Line_15: NSGA2-random_dense-UX to SMSEMOA-random_dense-2P', 'Equivalence_Line_16: RVEA-greedy_ting-2P to SMSEMOA-random_dense-1P', 'Equivalence_Line_17: RVEA-greedy_ting-HUX to RVEA-random_dense-UX', 'Equivalence_Line_18: AGEMOEA2-random_dense-HUX to SPEA2-greedy_multi-HUX', 'Equivalence_Line_19: AGEMOEA2-random_dense-UX to SPEA2-greedy_multi-UX', 'Equivalence_Line_20: NSGA3-random_dense-HUX to AGEMOEA2-greedy_multi-UX', 'Equivalence_Line_21: SPEA2-random_dense-HUX to AGEMOEA2-greedy_multi-HUX', 'Equivalence_Line_22: SPEA2-random_dense-UX to NSGA2-greedy_multi-UX', 'Equivalence_Line_23: NSGA2-random_dense-2P to NSGA3-greedy_multi-UX', 'Equivalence_Line_24: SMSEMOA-random_dense-HUX to AGEMOEA2-greedy_multi-2P', 'Equivalence_Line_25: NSGA2-random_dense-1P to SPEA2-greedy_multi-2P', 'Equivalence_Line_26: UNSGA3-random_dense-2P to NSGA2-greedy_multi-2P', 'Equivalence_Line_27: NSGA3-random_dense-2P to NSGA3-greedy_multi-2P', 'Equivalence_Line_28: SPEA2-random_dense-2P to UNSGA3-greedy_multi-2P', 'Equivalence_Line_29: UNSGA3-random_dense-1P to NSGA2-greedy_multi-1P', 'Equivalence_Line_30: SMSEMOA-random_dense-1P to SMSEMOA-greedy_multi-UX', 'Equivalence_Line_31: RVEA-random_dense-HUX to SMSEMOA-greedy_multi-HUX', 'Equivalence_Line_32: SPEA2-greedy_multi-HUX to RVEA-greedy_multi-2P', 'Equivalence_Line_33: RVEA-random_dense-2P to RVEA-greedy_multi-1P']"
SMSEMOA-random_dense-HUX,1.1752070584871859,"['Equivalence_Line_1: NSGA2-greedy_ting-UX to RVEA-greedy_ting-HUX', 'Equivalence_Line_2: NSGA2-greedy_ting-2P to RVEA-greedy_ting-UX', 'Equivalence_Line_3: AGEMOEA2-greedy_ting-2P to SPEA2-greedy_ting-2P', 'Equivalence_Line_4: AGEMOEA2-greedy_ting-1P to AGEMOEA2-random_dense-HUX', 'Equivalence_Line_5: SMSEMOA-greedy_ting-2P to AGEMOEA2-random_dense-UX', 'Equivalence_Line_6: AGEMOEA2-greedy_ting-UX to UNSGA3-random_dense-HUX', 'Equivalence_Line_7: AGEMOEA2-greedy_ting-HUX to NSGA3-random_dense-UX', 'Equivalence_Line_8: SMSEMOA-greedy_ting-1P to SPEA2-random_dense-HUX', 'Equivalence_Line_9: SMSEMOA-greedy_ting-HUX to NSGA2-random_dense-2P', 'Equivalence_Line_10: UNSGA3-greedy_ting-2P to SMSEMOA-random_dense-HUX', 'Equivalence_Line_11: UNSGA3-greedy_ting-1P to SMSEMOA-random_dense-UX', 'Equivalence_Line_12: NSGA3-greedy_ting-UX to AGEMOEA2-random_dense-2P', 'Equivalence_Line_13: SPEA2-greedy_ting-HUX to SPEA2-random_dense-2P', 'Equivalence_Line_14: NSGA2-random_dense-HUX to AGEMOEA2-random_dense-1P', 'Equivalence_Line_15: NSGA2-random_dense-UX to SMSEMOA-random_dense-2P', 'Equivalence_Line_16: RVEA-greedy_ting-2P to SMSEMOA-random_dense-1P', 'Equivalence_Line_17: RVEA-greedy_ting-HUX to RVEA-random_dense-UX', 'Equivalence_Line_18: AGEMOEA2-random_dense-HUX to SPEA2-greedy_multi-HUX', 'Equivalence_Line_19: AGEMOEA2-random_dense-UX to SPEA2-greedy_multi-UX', 'Equivalence_Line_20: NSGA3-random_dense-HUX to AGEMOEA2-greedy_multi-UX', 'Equivalence_Line_21: SPEA2-random_dense-HUX to AGEMOEA2-greedy_multi-HUX', 'Equivalence_Line_22: SPEA2-random_dense-UX to NSGA2-greedy_multi-UX', 'Equivalence_Line_23: NSGA2-random_dense-2P to NSGA3-greedy_multi-UX', 'Equivalence_Line_24: SMSEMOA-random_dense-HUX to AGEMOEA2-greedy_multi-2P', 'Equivalence_Line_25: NSGA2-random_dense-1P to SPEA2-greedy_multi-2P', 'Equivalence_Line_26: UNSGA3-random_dense-2P to NSGA2-greedy_multi-2P', 'Equivalence_Line_27: NSGA3-random_dense-2P to NSGA3-greedy_multi-2P', 'Equivalence_Line_28: SPEA2-random_dense-2P to UNSGA3-greedy_multi-2P', 'Equivalence_Line_29: UNSGA3-random_dense-1P to NSGA2-greedy_multi-1P', 'Equivalence_Line_30: SMSEMOA-random_dense-1P to SMSEMOA-greedy_multi-UX', 'Equivalence_Line_31: RVEA-random_dense-HUX to SMSEMOA-greedy_multi-HUX', 'Equivalence_Line_32: SPEA2-greedy_multi-HUX to RVEA-greedy_multi-2P', 'Equivalence_Line_33: RVEA-random_dense-2P to RVEA-greedy_multi-1P']"
SMSEMOA-random_dense-UX,1.17667983577165,"['Equivalence_Line_1: NSGA2-greedy_ting-UX to RVEA-greedy_ting-HUX', 'Equivalence_Line_2: NSGA2-greedy_ting-2P to RVEA-greedy_ting-UX', 'Equivalence_Line_3: AGEMOEA2-greedy_ting-2P to SPEA2-greedy_ting-2P', 'Equivalence_Line_4: AGEMOEA2-greedy_ting-1P to AGEMOEA2-random_dense-HUX', 'Equivalence_Line_5: SMSEMOA-greedy_ting-2P to AGEMOEA2-random_dense-UX', 'Equivalence_Line_6: AGEMOEA2-greedy_ting-UX to UNSGA3-random_dense-HUX', 'Equivalence_Line_7: AGEMOEA2-greedy_ting-HUX to NSGA3-random_dense-UX', 'Equivalence_Line_8: SMSEMOA-greedy_ting-1P to SPEA2-random_dense-HUX', 'Equivalence_Line_9: SMSEMOA-greedy_ting-HUX to NSGA2-random_dense-2P', 'Equivalence_Line_10: UNSGA3-greedy_ting-2P to SMSEMOA-random_dense-HUX', 'Equivalence_Line_11: UNSGA3-greedy_ting-1P to SMSEMOA-random_dense-UX', 'Equivalence_Line_12: NSGA3-greedy_ting-UX to AGEMOEA2-random_dense-2P', 'Equivalence_Line_13: SPEA2-greedy_ting-HUX to SPEA2-random_dense-2P', 'Equivalence_Line_14: NSGA2-random_dense-HUX to AGEMOEA2-random_dense-1P', 'Equivalence_Line_15: NSGA2-random_dense-UX to SMSEMOA-random_dense-2P', 'Equivalence_Line_16: RVEA-greedy_ting-2P to SMSEMOA-random_dense-1P', 'Equivalence_Line_17: RVEA-greedy_ting-HUX to RVEA-random_dense-UX', 'Equivalence_Line_18: AGEMOEA2-random_dense-HUX to SPEA2-greedy_multi-HUX', 'Equivalence_Line_19: AGEMOEA2-random_dense-UX to SPEA2-greedy_multi-UX', 'Equivalence_Line_20: NSGA3-random_dense-HUX to AGEMOEA2-greedy_multi-UX', 'Equivalence_Line_21: SPEA2-random_dense-HUX to AGEMOEA2-greedy_multi-HUX', 'Equivalence_Line_22: SPEA2-random_dense-UX to NSGA2-greedy_multi-UX', 'Equivalence_Line_23: NSGA2-random_dense-2P to NSGA3-greedy_multi-UX', 'Equivalence_Line_24: SMSEMOA-random_dense-HUX to AGEMOEA2-greedy_multi-2P', 'Equivalence_Line_25: NSGA2-random_dense-1P to SPEA2-greedy_multi-2P', 'Equivalence_Line_26: UNSGA3-random_dense-2P to NSGA2-greedy_multi-2P', 'Equivalence_Line_27: NSGA3-random_dense-2P to NSGA3-greedy_multi-2P', 'Equivalence_Line_28: SPEA2-random_dense-2P to UNSGA3-greedy_multi-2P', 'Equivalence_Line_29: UNSGA3-random_dense-1P to NSGA2-greedy_multi-1P', 'Equivalence_Line_30: SMSEMOA-random_dense-1P to SMSEMOA-greedy_multi-UX', 'Equivalence_Line_31: RVEA-random_dense-HUX to SMSEMOA-greedy_multi-HUX', 'Equivalence_Line_32: SPEA2-greedy_multi-HUX to RVEA-greedy_multi-2P', 'Equivalence_Line_33: RVEA-random_dense-2P to RVEA-greedy_multi-1P']"
AGEMOEA2-random_dense-2P,1.1987389016558943,"['Equivalence_Line_1: NSGA2-greedy_ting-UX to RVEA-greedy_ting-HUX', 'Equivalence_Line_2: NSGA2-greedy_ting-2P to RVEA-greedy_ting-UX', 'Equivalence_Line_3: AGEMOEA2-greedy_ting-2P to SPEA2-greedy_ting-2P', 'Equivalence_Line_4: AGEMOEA2-greedy_ting-1P to AGEMOEA2-random_dense-HUX', 'Equivalence_Line_5: SMSEMOA-greedy_ting-2P to AGEMOEA2-random_dense-UX', 'Equivalence_Line_6: AGEMOEA2-greedy_ting-UX to UNSGA3-random_dense-HUX', 'Equivalence_Line_7: AGEMOEA2-greedy_ting-HUX to NSGA3-random_dense-UX', 'Equivalence_Line_8: SMSEMOA-greedy_ting-1P to SPEA2-random_dense-HUX', 'Equivalence_Line_9: SMSEMOA-greedy_ting-HUX to NSGA2-random_dense-2P', 'Equivalence_Line_10: UNSGA3-greedy_ting-2P to SMSEMOA-random_dense-HUX', 'Equivalence_Line_11: UNSGA3-greedy_ting-1P to SMSEMOA-random_dense-UX', 'Equivalence_Line_12: NSGA3-greedy_ting-UX to AGEMOEA2-random_dense-2P', 'Equivalence_Line_13: SPEA2-greedy_ting-HUX to SPEA2-random_dense-2P', 'Equivalence_Line_14: NSGA2-random_dense-HUX to AGEMOEA2-random_dense-1P', 'Equivalence_Line_15: NSGA2-random_dense-UX to SMSEMOA-random_dense-2P', 'Equivalence_Line_16: RVEA-greedy_ting-2P to SMSEMOA-random_dense-1P', 'Equivalence_Line_17: RVEA-greedy_ting-HUX to RVEA-random_dense-UX', 'Equivalence_Line_18: AGEMOEA2-random_dense-HUX to SPEA2-greedy_multi-HUX', 'Equivalence_Line_19: AGEMOEA2-random_dense-UX to SPEA2-greedy_multi-UX', 'Equivalence_Line_20: NSGA3-random_dense-HUX to AGEMOEA2-greedy_multi-UX', 'Equivalence_Line_21: SPEA2-random_dense-HUX to AGEMOEA2-greedy_multi-HUX', 'Equivalence_Line_22: SPEA2-random_dense-UX to NSGA2-greedy_multi-UX', 'Equivalence_Line_23: NSGA2-random_dense-2P to NSGA3-greedy_multi-UX', 'Equivalence_Line_24: SMSEMOA-random_dense-HUX to AGEMOEA2-greedy_multi-2P', 'Equivalence_Line_25: NSGA2-random_dense-1P to SPEA2-greedy_multi-2P', 'Equivalence_Line_26: UNSGA3-random_dense-2P to NSGA2-greedy_multi-2P', 'Equivalence_Line_27: NSGA3-random_dense-2P to NSGA3-greedy_multi-2P', 'Equivalence_Line_28: SPEA2-random_dense-2P to UNSGA3-greedy_multi-2P', 'Equivalence_Line_29: UNSGA3-random_dense-1P to NSGA2-greedy_multi-1P', 'Equivalence_Line_30: SMSEMOA-random_dense-1P to SMSEMOA-greedy_multi-UX', 'Equivalence_Line_31: RVEA-random_dense-HUX to SMSEMOA-greedy_multi-HUX', 'Equivalence_Line_32: SPEA2-greedy_multi-HUX to RVEA-greedy_multi-2P', 'Equivalence_Line_33: RVEA-random_dense-2P to RVEA-greedy_multi-1P']"
NSGA2-random_dense-1P,1.2146116974152037,"['Equivalence_Line_1: NSGA2-greedy_ting-UX to RVEA-greedy_ting-HUX', 'Equivalence_Line_2: NSGA2-greedy_ting-2P to RVEA-greedy_ting-UX', 'Equivalence_Line_3: AGEMOEA2-greedy_ting-2P to SPEA2-greedy_ting-2P', 'Equivalence_Line_4: AGEMOEA2-greedy_ting-1P to AGEMOEA2-random_dense-HUX', 'Equivalence_Line_5: SMSEMOA-greedy_ting-2P to AGEMOEA2-random_dense-UX', 'Equivalence_Line_6: AGEMOEA2-greedy_ting-UX to UNSGA3-random_dense-HUX', 'Equivalence_Line_7: AGEMOEA2-greedy_ting-HUX to NSGA3-random_dense-UX', 'Equivalence_Line_8: SMSEMOA-greedy_ting-1P to SPEA2-random_dense-HUX', 'Equivalence_Line_9: SMSEMOA-greedy_ting-HUX to NSGA2-random_dense-2P', 'Equivalence_Line_10: UNSGA3-greedy_ting-2P to SMSEMOA-random_dense-HUX', 'Equivalence_Line_11: UNSGA3-greedy_ting-1P to SMSEMOA-random_dense-UX', 'Equivalence_Line_12: NSGA3-greedy_ting-UX to AGEMOEA2-random_dense-2P', 'Equivalence_Line_13: SPEA2-greedy_ting-HUX to SPEA2-random_dense-2P', 'Equivalence_Line_14: NSGA2-random_dense-HUX to AGEMOEA2-random_dense-1P', 'Equivalence_Line_15: NSGA2-random_dense-UX to SMSEMOA-random_dense-2P', 'Equivalence_Line_16: RVEA-greedy_ting-2P to SMSEMOA-random_dense-1P', 'Equivalence_Line_17: RVEA-greedy_ting-HUX to RVEA-random_dense-UX', 'Equivalence_Line_18: AGEMOEA2-random_dense-HUX to SPEA2-greedy_multi-HUX', 'Equivalence_Line_19: AGEMOEA2-random_dense-UX to SPEA2-greedy_multi-UX', 'Equivalence_Line_20: NSGA3-random_dense-HUX to AGEMOEA2-greedy_multi-UX', 'Equivalence_Line_21: SPEA2-random_dense-HUX to AGEMOEA2-greedy_multi-HUX', 'Equivalence_Line_22: SPEA2-random_dense-UX to NSGA2-greedy_multi-UX', 'Equivalence_Line_23: NSGA2-random_dense-2P to NSGA3-greedy_multi-UX', 'Equivalence_Line_24: SMSEMOA-random_dense-HUX to AGEMOEA2-greedy_multi-2P', 'Equivalence_Line_25: NSGA2-random_dense-1P to SPEA2-greedy_multi-2P', 'Equivalence_Line_26: UNSGA3-random_dense-2P to NSGA2-greedy_multi-2P', 'Equivalence_Line_27: NSGA3-random_dense-2P to NSGA3-greedy_multi-2P', 'Equivalence_Line_28: SPEA2-random_dense-2P to UNSGA3-greedy_multi-2P', 'Equivalence_Line_29: UNSGA3-random_dense-1P to NSGA2-greedy_multi-1P', 'Equivalence_Line_30: SMSEMOA-random_dense-1P to SMSEMOA-greedy_multi-UX', 'Equivalence_Line_31: RVEA-random_dense-HUX to SMSEMOA-greedy_multi-HUX', 'Equivalence_Line_32: SPEA2-greedy_multi-HUX to RVEA-greedy_multi-2P', 'Equivalence_Line_33: RVEA-random_dense-2P to RVEA-greedy_multi-1P']"
UNSGA3-random_dense-2P,1.2243446415635406,"['Equivalence_Line_1: NSGA2-greedy_ting-UX to RVEA-greedy_ting-HUX', 'Equivalence_Line_2: NSGA2-greedy_ting-2P to RVEA-greedy_ting-UX', 'Equivalence_Line_3: AGEMOEA2-greedy_ting-2P to SPEA2-greedy_ting-2P', 'Equivalence_Line_4: AGEMOEA2-greedy_ting-1P to AGEMOEA2-random_dense-HUX', 'Equivalence_Line_5: SMSEMOA-greedy_ting-2P to AGEMOEA2-random_dense-UX', 'Equivalence_Line_6: AGEMOEA2-greedy_ting-UX to UNSGA3-random_dense-HUX', 'Equivalence_Line_7: AGEMOEA2-greedy_ting-HUX to NSGA3-random_dense-UX', 'Equivalence_Line_8: SMSEMOA-greedy_ting-1P to SPEA2-random_dense-HUX', 'Equivalence_Line_9: SMSEMOA-greedy_ting-HUX to NSGA2-random_dense-2P', 'Equivalence_Line_10: UNSGA3-greedy_ting-2P to SMSEMOA-random_dense-HUX', 'Equivalence_Line_11: UNSGA3-greedy_ting-1P to SMSEMOA-random_dense-UX', 'Equivalence_Line_12: NSGA3-greedy_ting-UX to AGEMOEA2-random_dense-2P', 'Equivalence_Line_13: SPEA2-greedy_ting-HUX to SPEA2-random_dense-2P', 'Equivalence_Line_14: NSGA2-random_dense-HUX to AGEMOEA2-random_dense-1P', 'Equivalence_Line_15: NSGA2-random_dense-UX to SMSEMOA-random_dense-2P', 'Equivalence_Line_16: RVEA-greedy_ting-2P to SMSEMOA-random_dense-1P', 'Equivalence_Line_17: RVEA-greedy_ting-HUX to RVEA-random_dense-UX', 'Equivalence_Line_18: AGEMOEA2-random_dense-HUX to SPEA2-greedy_multi-HUX', 'Equivalence_Line_19: AGEMOEA2-random_dense-UX to SPEA2-greedy_multi-UX', 'Equivalence_Line_20: NSGA3-random_dense-HUX to AGEMOEA2-greedy_multi-UX', 'Equivalence_Line_21: SPEA2-random_dense-HUX to AGEMOEA2-greedy_multi-HUX', 'Equivalence_Line_22: SPEA2-random_dense-UX to NSGA2-greedy_multi-UX', 'Equivalence_Line_23: NSGA2-random_dense-2P to NSGA3-greedy_multi-UX', 'Equivalence_Line_24: SMSEMOA-random_dense-HUX to AGEMOEA2-greedy_multi-2P', 'Equivalence_Line_25: NSGA2-random_dense-1P to SPEA2-greedy_multi-2P', 'Equivalence_Line_26: UNSGA3-random_dense-2P to NSGA2-greedy_multi-2P', 'Equivalence_Line_27: NSGA3-random_dense-2P to NSGA3-greedy_multi-2P', 'Equivalence_Line_28: SPEA2-random_dense-2P to UNSGA3-greedy_multi-2P', 'Equivalence_Line_29: UNSGA3-random_dense-1P to NSGA2-greedy_multi-1P', 'Equivalence_Line_30: SMSEMOA-random_dense-1P to SMSEMOA-greedy_multi-UX', 'Equivalence_Line_31: RVEA-random_dense-HUX to SMSEMOA-greedy_multi-HUX', 'Equivalence_Line_32: SPEA2-greedy_multi-HUX to RVEA-greedy_multi-2P', 'Equivalence_Line_33: RVEA-random_dense-2P to RVEA-greedy_multi-1P']"
NSGA3-random_dense-2P,1.2358154963394785,"['Equivalence_Line_1: NSGA2-greedy_ting-UX to RVEA-greedy_ting-HUX', 'Equivalence_Line_2: NSGA2-greedy_ting-2P to RVEA-greedy_ting-UX', 'Equivalence_Line_3: AGEMOEA2-greedy_ting-2P to SPEA2-greedy_ting-2P', 'Equivalence_Line_4: AGEMOEA2-greedy_ting-1P to AGEMOEA2-random_dense-HUX', 'Equivalence_Line_5: SMSEMOA-greedy_ting-2P to AGEMOEA2-random_dense-UX', 'Equivalence_Line_6: AGEMOEA2-greedy_ting-UX to UNSGA3-random_dense-HUX', 'Equivalence_Line_7: AGEMOEA2-greedy_ting-HUX to NSGA3-random_dense-UX', 'Equivalence_Line_8: SMSEMOA-greedy_ting-1P to SPEA2-random_dense-HUX', 'Equivalence_Line_9: SMSEMOA-greedy_ting-HUX to NSGA2-random_dense-2P', 'Equivalence_Line_10: UNSGA3-greedy_ting-2P to SMSEMOA-random_dense-HUX', 'Equivalence_Line_11: UNSGA3-greedy_ting-1P to SMSEMOA-random_dense-UX', 'Equivalence_Line_12: NSGA3-greedy_ting-UX to AGEMOEA2-random_dense-2P', 'Equivalence_Line_13: SPEA2-greedy_ting-HUX to SPEA2-random_dense-2P', 'Equivalence_Line_14: NSGA2-random_dense-HUX to AGEMOEA2-random_dense-1P', 'Equivalence_Line_15: NSGA2-random_dense-UX to SMSEMOA-random_dense-2P', 'Equivalence_Line_16: RVEA-greedy_ting-2P to SMSEMOA-random_dense-1P', 'Equivalence_Line_17: RVEA-greedy_ting-HUX to RVEA-random_dense-UX', 'Equivalence_Line_18: AGEMOEA2-random_dense-HUX to SPEA2-greedy_multi-HUX', 'Equivalence_Line_19: AGEMOEA2-random_dense-UX to SPEA2-greedy_multi-UX', 'Equivalence_Line_20: NSGA3-random_dense-HUX to AGEMOEA2-greedy_multi-UX', 'Equivalence_Line_21: SPEA2-random_dense-HUX to AGEMOEA2-greedy_multi-HUX', 'Equivalence_Line_22: SPEA2-random_dense-UX to NSGA2-greedy_multi-UX', 'Equivalence_Line_23: NSGA2-random_dense-2P to NSGA3-greedy_multi-UX', 'Equivalence_Line_24: SMSEMOA-random_dense-HUX to AGEMOEA2-greedy_multi-2P', 'Equivalence_Line_25: NSGA2-random_dense-1P to SPEA2-greedy_multi-2P', 'Equivalence_Line_26: UNSGA3-random_dense-2P to NSGA2-greedy_multi-2P', 'Equivalence_Line_27: NSGA3-random_dense-2P to NSGA3-greedy_multi-2P', 'Equivalence_Line_28: SPEA2-random_dense-2P to UNSGA3-greedy_multi-2P', 'Equivalence_Line_29: UNSGA3-random_dense-1P to NSGA2-greedy_multi-1P', 'Equivalence_Line_30: SMSEMOA-random_dense-1P to SMSEMOA-greedy_multi-UX', 'Equivalence_Line_31: RVEA-random_dense-HUX to SMSEMOA-greedy_multi-HUX', 'Equivalence_Line_32: SPEA2-greedy_multi-HUX to RVEA-greedy_multi-2P', 'Equivalence_Line_33: RVEA-random_dense-2P to RVEA-greedy_multi-1P']"
SPEA2-random_dense-2P,1.2497884069233816,"['Equivalence_Line_1: NSGA2-greedy_ting-UX to RVEA-greedy_ting-HUX', 'Equivalence_Line_2: NSGA2-greedy_ting-2P to RVEA-greedy_ting-UX', 'Equivalence_Line_3: AGEMOEA2-greedy_ting-2P to SPEA2-greedy_ting-2P', 'Equivalence_Line_4: AGEMOEA2-greedy_ting-1P to AGEMOEA2-random_dense-HUX', 'Equivalence_Line_5: SMSEMOA-greedy_ting-2P to AGEMOEA2-random_dense-UX', 'Equivalence_Line_6: AGEMOEA2-greedy_ting-UX to UNSGA3-random_dense-HUX', 'Equivalence_Line_7: AGEMOEA2-greedy_ting-HUX to NSGA3-random_dense-UX', 'Equivalence_Line_8: SMSEMOA-greedy_ting-1P to SPEA2-random_dense-HUX', 'Equivalence_Line_9: SMSEMOA-greedy_ting-HUX to NSGA2-random_dense-2P', 'Equivalence_Line_10: UNSGA3-greedy_ting-2P to SMSEMOA-random_dense-HUX', 'Equivalence_Line_11: UNSGA3-greedy_ting-1P to SMSEMOA-random_dense-UX', 'Equivalence_Line_12: NSGA3-greedy_ting-UX to AGEMOEA2-random_dense-2P', 'Equivalence_Line_13: SPEA2-greedy_ting-HUX to SPEA2-random_dense-2P', 'Equivalence_Line_14: NSGA2-random_dense-HUX to AGEMOEA2-random_dense-1P', 'Equivalence_Line_15: NSGA2-random_dense-UX to SMSEMOA-random_dense-2P', 'Equivalence_Line_16: RVEA-greedy_ting-2P to SMSEMOA-random_dense-1P', 'Equivalence_Line_17: RVEA-greedy_ting-HUX to RVEA-random_dense-UX', 'Equivalence_Line_18: AGEMOEA2-random_dense-HUX to SPEA2-greedy_multi-HUX', 'Equivalence_Line_19: AGEMOEA2-random_dense-UX to SPEA2-greedy_multi-UX', 'Equivalence_Line_20: NSGA3-random_dense-HUX to AGEMOEA2-greedy_multi-UX', 'Equivalence_Line_21: SPEA2-random_dense-HUX to AGEMOEA2-greedy_multi-HUX', 'Equivalence_Line_22: SPEA2-random_dense-UX to NSGA2-greedy_multi-UX', 'Equivalence_Line_23: NSGA2-random_dense-2P to NSGA3-greedy_multi-UX', 'Equivalence_Line_24: SMSEMOA-random_dense-HUX to AGEMOEA2-greedy_multi-2P', 'Equivalence_Line_25: NSGA2-random_dense-1P to SPEA2-greedy_multi-2P', 'Equivalence_Line_26: UNSGA3-random_dense-2P to NSGA2-greedy_multi-2P', 'Equivalence_Line_27: NSGA3-random_dense-2P to NSGA3-greedy_multi-2P', 'Equivalence_Line_28: SPEA2-random_dense-2P to UNSGA3-greedy_multi-2P', 'Equivalence_Line_29: UNSGA3-random_dense-1P to NSGA2-greedy_multi-1P', 'Equivalence_Line_30: SMSEMOA-random_dense-1P to SMSEMOA-greedy_multi-UX', 'Equivalence_Line_31: RVEA-random_dense-HUX to SMSEMOA-greedy_multi-HUX', 'Equivalence_Line_32: SPEA2-greedy_multi-HUX to RVEA-greedy_multi-2P', 'Equivalence_Line_33: RVEA-random_dense-2P to RVEA-greedy_multi-1P']"
AGEMOEA2-random_dense-1P,1.2574195890181128,"['Equivalence_Line_1: NSGA2-greedy_ting-UX to RVEA-greedy_ting-HUX', 'Equivalence_Line_2: NSGA2-greedy_ting-2P to RVEA-greedy_ting-UX', 'Equivalence_Line_3: AGEMOEA2-greedy_ting-2P to SPEA2-greedy_ting-2P', 'Equivalence_Line_4: AGEMOEA2-greedy_ting-1P to AGEMOEA2-random_dense-HUX', 'Equivalence_Line_5: SMSEMOA-greedy_ting-2P to AGEMOEA2-random_dense-UX', 'Equivalence_Line_6: AGEMOEA2-greedy_ting-UX to UNSGA3-random_dense-HUX', 'Equivalence_Line_7: AGEMOEA2-greedy_ting-HUX to NSGA3-random_dense-UX', 'Equivalence_Line_8: SMSEMOA-greedy_ting-1P to SPEA2-random_dense-HUX', 'Equivalence_Line_9: SMSEMOA-greedy_ting-HUX to NSGA2-random_dense-2P', 'Equivalence_Line_10: UNSGA3-greedy_ting-2P to SMSEMOA-random_dense-HUX', 'Equivalence_Line_11: UNSGA3-greedy_ting-1P to SMSEMOA-random_dense-UX', 'Equivalence_Line_12: NSGA3-greedy_ting-UX to AGEMOEA2-random_dense-2P', 'Equivalence_Line_13: SPEA2-greedy_ting-HUX to SPEA2-random_dense-2P', 'Equivalence_Line_14: NSGA2-random_dense-HUX to AGEMOEA2-random_dense-1P', 'Equivalence_Line_15: NSGA2-random_dense-UX to SMSEMOA-random_dense-2P', 'Equivalence_Line_16: RVEA-greedy_ting-2P to SMSEMOA-random_dense-1P', 'Equivalence_Line_17: RVEA-greedy_ting-HUX to RVEA-random_dense-UX', 'Equivalence_Line_18: AGEMOEA2-random_dense-HUX to SPEA2-greedy_multi-HUX', 'Equivalence_Line_19: AGEMOEA2-random_dense-UX to SPEA2-greedy_multi-UX', 'Equivalence_Line_20: NSGA3-random_dense-HUX to AGEMOEA2-greedy_multi-UX', 'Equivalence_Line_21: SPEA2-random_dense-HUX to AGEMOEA2-greedy_multi-HUX', 'Equivalence_Line_22: SPEA2-random_dense-UX to NSGA2-greedy_multi-UX', 'Equivalence_Line_23: NSGA2-random_dense-2P to NSGA3-greedy_multi-UX', 'Equivalence_Line_24: SMSEMOA-random_dense-HUX to AGEMOEA2-greedy_multi-2P', 'Equivalence_Line_25: NSGA2-random_dense-1P to SPEA2-greedy_multi-2P', 'Equivalence_Line_26: UNSGA3-random_dense-2P to NSGA2-greedy_multi-2P', 'Equivalence_Line_27: NSGA3-random_dense-2P to NSGA3-greedy_multi-2P', 'Equivalence_Line_28: SPEA2-random_dense-2P to UNSGA3-greedy_multi-2P', 'Equivalence_Line_29: UNSGA3-random_dense-1P to NSGA2-greedy_multi-1P', 'Equivalence_Line_30: SMSEMOA-random_dense-1P to SMSEMOA-greedy_multi-UX', 'Equivalence_Line_31: RVEA-random_dense-HUX to SMSEMOA-greedy_multi-HUX', 'Equivalence_Line_32: SPEA2-greedy_multi-HUX to RVEA-greedy_multi-2P', 'Equivalence_Line_33: RVEA-random_dense-2P to RVEA-greedy_multi-1P']"
UNSGA3-random_dense-1P,1.2722244785409407,"['Equivalence_Line_1: NSGA2-greedy_ting-UX to RVEA-greedy_ting-HUX', 'Equivalence_Line_2: NSGA2-greedy_ting-2P to RVEA-greedy_ting-UX', 'Equivalence_Line_3: AGEMOEA2-greedy_ting-2P to SPEA2-greedy_ting-2P', 'Equivalence_Line_4: AGEMOEA2-greedy_ting-1P to AGEMOEA2-random_dense-HUX', 'Equivalence_Line_5: SMSEMOA-greedy_ting-2P to AGEMOEA2-random_dense-UX', 'Equivalence_Line_6: AGEMOEA2-greedy_ting-UX to UNSGA3-random_dense-HUX', 'Equivalence_Line_7: AGEMOEA2-greedy_ting-HUX to NSGA3-random_dense-UX', 'Equivalence_Line_8: SMSEMOA-greedy_ting-1P to SPEA2-random_dense-HUX', 'Equivalence_Line_9: SMSEMOA-greedy_ting-HUX to NSGA2-random_dense-2P', 'Equivalence_Line_10: UNSGA3-greedy_ting-2P to SMSEMOA-random_dense-HUX', 'Equivalence_Line_11: UNSGA3-greedy_ting-1P to SMSEMOA-random_dense-UX', 'Equivalence_Line_12: NSGA3-greedy_ting-UX to AGEMOEA2-random_dense-2P', 'Equivalence_Line_13: SPEA2-greedy_ting-HUX to SPEA2-random_dense-2P', 'Equivalence_Line_14: NSGA2-random_dense-HUX to AGEMOEA2-random_dense-1P', 'Equivalence_Line_15: NSGA2-random_dense-UX to SMSEMOA-random_dense-2P', 'Equivalence_Line_16: RVEA-greedy_ting-2P to SMSEMOA-random_dense-1P', 'Equivalence_Line_17: RVEA-greedy_ting-HUX to RVEA-random_dense-UX', 'Equivalence_Line_18: AGEMOEA2-random_dense-HUX to SPEA2-greedy_multi-HUX', 'Equivalence_Line_19: AGEMOEA2-random_dense-UX to SPEA2-greedy_multi-UX', 'Equivalence_Line_20: NSGA3-random_dense-HUX to AGEMOEA2-greedy_multi-UX', 'Equivalence_Line_21: SPEA2-random_dense-HUX to AGEMOEA2-greedy_multi-HUX', 'Equivalence_Line_22: SPEA2-random_dense-UX to NSGA2-greedy_multi-UX', 'Equivalence_Line_23: NSGA2-random_dense-2P to NSGA3-greedy_multi-UX', 'Equivalence_Line_24: SMSEMOA-random_dense-HUX to AGEMOEA2-greedy_multi-2P', 'Equivalence_Line_25: NSGA2-random_dense-1P to SPEA2-greedy_multi-2P', 'Equivalence_Line_26: UNSGA3-random_dense-2P to NSGA2-greedy_multi-2P', 'Equivalence_Line_27: NSGA3-random_dense-2P to NSGA3-greedy_multi-2P', 'Equivalence_Line_28: SPEA2-random_dense-2P to UNSGA3-greedy_multi-2P', 'Equivalence_Line_29: UNSGA3-random_dense-1P to NSGA2-greedy_multi-1P', 'Equivalence_Line_30: SMSEMOA-random_dense-1P to SMSEMOA-greedy_multi-UX', 'Equivalence_Line_31: RVEA-random_dense-HUX to SMSEMOA-greedy_multi-HUX', 'Equivalence_Line_32: SPEA2-greedy_multi-HUX to RVEA-greedy_multi-2P', 'Equivalence_Line_33: RVEA-random_dense-2P to RVEA-greedy_multi-1P']"
SPEA2-random_dense-1P,1.2725418815060248,"['Equivalence_Line_1: NSGA2-greedy_ting-UX to RVEA-greedy_ting-HUX', 'Equivalence_Line_2: NSGA2-greedy_ting-2P to RVEA-greedy_ting-UX', 'Equivalence_Line_3: AGEMOEA2-greedy_ting-2P to SPEA2-greedy_ting-2P', 'Equivalence_Line_4: AGEMOEA2-greedy_ting-1P to AGEMOEA2-random_dense-HUX', 'Equivalence_Line_5: SMSEMOA-greedy_ting-2P to AGEMOEA2-random_dense-UX', 'Equivalence_Line_6: AGEMOEA2-greedy_ting-UX to UNSGA3-random_dense-HUX', 'Equivalence_Line_7: AGEMOEA2-greedy_ting-HUX to NSGA3-random_dense-UX', 'Equivalence_Line_8: SMSEMOA-greedy_ting-1P to SPEA2-random_dense-HUX', 'Equivalence_Line_9: SMSEMOA-greedy_ting-HUX to NSGA2-random_dense-2P', 'Equivalence_Line_10: UNSGA3-greedy_ting-2P to SMSEMOA-random_dense-HUX', 'Equivalence_Line_11: UNSGA3-greedy_ting-1P to SMSEMOA-random_dense-UX', 'Equivalence_Line_12: NSGA3-greedy_ting-UX to AGEMOEA2-random_dense-2P', 'Equivalence_Line_13: SPEA2-greedy_ting-HUX to SPEA2-random_dense-2P', 'Equivalence_Line_14: NSGA2-random_dense-HUX to AGEMOEA2-random_dense-1P', 'Equivalence_Line_15: NSGA2-random_dense-UX to SMSEMOA-random_dense-2P', 'Equivalence_Line_16: RVEA-greedy_ting-2P to SMSEMOA-random_dense-1P', 'Equivalence_Line_17: RVEA-greedy_ting-HUX to RVEA-random_dense-UX', 'Equivalence_Line_18: AGEMOEA2-random_dense-HUX to SPEA2-greedy_multi-HUX', 'Equivalence_Line_19: AGEMOEA2-random_dense-UX to SPEA2-greedy_multi-UX', 'Equivalence_Line_20: NSGA3-random_dense-HUX to AGEMOEA2-greedy_multi-UX', 'Equivalence_Line_21: SPEA2-random_dense-HUX to AGEMOEA2-greedy_multi-HUX', 'Equivalence_Line_22: SPEA2-random_dense-UX to NSGA2-greedy_multi-UX', 'Equivalence_Line_23: NSGA2-random_dense-2P to NSGA3-greedy_multi-UX', 'Equivalence_Line_24: SMSEMOA-random_dense-HUX to AGEMOEA2-greedy_multi-2P', 'Equivalence_Line_25: NSGA2-random_dense-1P to SPEA2-greedy_multi-2P', 'Equivalence_Line_26: UNSGA3-random_dense-2P to NSGA2-greedy_multi-2P', 'Equivalence_Line_27: NSGA3-random_dense-2P to NSGA3-greedy_multi-2P', 'Equivalence_Line_28: SPEA2-random_dense-2P to UNSGA3-greedy_multi-2P', 'Equivalence_Line_29: UNSGA3-random_dense-1P to NSGA2-greedy_multi-1P', 'Equivalence_Line_30: SMSEMOA-random_dense-1P to SMSEMOA-greedy_multi-UX', 'Equivalence_Line_31: RVEA-random_dense-HUX to SMSEMOA-greedy_multi-HUX', 'Equivalence_Line_32: SPEA2-greedy_multi-HUX to RVEA-greedy_multi-2P', 'Equivalence_Line_33: RVEA-random_dense-2P to RVEA-greedy_multi-1P']"
NSGA3-random_dense-1P,1.2737142282842369,"['Equivalence_Line_1: NSGA2-greedy_ting-UX to RVEA-greedy_ting-HUX', 'Equivalence_Line_2: NSGA2-greedy_ting-2P to RVEA-greedy_ting-UX', 'Equivalence_Line_3: AGEMOEA2-greedy_ting-2P to SPEA2-greedy_ting-2P', 'Equivalence_Line_4: AGEMOEA2-greedy_ting-1P to AGEMOEA2-random_dense-HUX', 'Equivalence_Line_5: SMSEMOA-greedy_ting-2P to AGEMOEA2-random_dense-UX', 'Equivalence_Line_6: AGEMOEA2-greedy_ting-UX to UNSGA3-random_dense-HUX', 'Equivalence_Line_7: AGEMOEA2-greedy_ting-HUX to NSGA3-random_dense-UX', 'Equivalence_Line_8: SMSEMOA-greedy_ting-1P to SPEA2-random_dense-HUX', 'Equivalence_Line_9: SMSEMOA-greedy_ting-HUX to NSGA2-random_dense-2P', 'Equivalence_Line_10: UNSGA3-greedy_ting-2P to SMSEMOA-random_dense-HUX', 'Equivalence_Line_11: UNSGA3-greedy_ting-1P to SMSEMOA-random_dense-UX', 'Equivalence_Line_12: NSGA3-greedy_ting-UX to AGEMOEA2-random_dense-2P', 'Equivalence_Line_13: SPEA2-greedy_ting-HUX to SPEA2-random_dense-2P', 'Equivalence_Line_14: NSGA2-random_dense-HUX to AGEMOEA2-random_dense-1P', 'Equivalence_Line_15: NSGA2-random_dense-UX to SMSEMOA-random_dense-2P', 'Equivalence_Line_16: RVEA-greedy_ting-2P to SMSEMOA-random_dense-1P', 'Equivalence_Line_17: RVEA-greedy_ting-HUX to RVEA-random_dense-UX', 'Equivalence_Line_18: AGEMOEA2-random_dense-HUX to SPEA2-greedy_multi-HUX', 'Equivalence_Line_19: AGEMOEA2-random_dense-UX to SPEA2-greedy_multi-UX', 'Equivalence_Line_20: NSGA3-random_dense-HUX to AGEMOEA2-greedy_multi-UX', 'Equivalence_Line_21: SPEA2-random_dense-HUX to AGEMOEA2-greedy_multi-HUX', 'Equivalence_Line_22: SPEA2-random_dense-UX to NSGA2-greedy_multi-UX', 'Equivalence_Line_23: NSGA2-random_dense-2P to NSGA3-greedy_multi-UX', 'Equivalence_Line_24: SMSEMOA-random_dense-HUX to AGEMOEA2-greedy_multi-2P', 'Equivalence_Line_25: NSGA2-random_dense-1P to SPEA2-greedy_multi-2P', 'Equivalence_Line_26: UNSGA3-random_dense-2P to NSGA2-greedy_multi-2P', 'Equivalence_Line_27: NSGA3-random_dense-2P to NSGA3-greedy_multi-2P', 'Equivalence_Line_28: SPEA2-random_dense-2P to UNSGA3-greedy_multi-2P', 'Equivalence_Line_29: UNSGA3-random_dense-1P to NSGA2-greedy_multi-1P', 'Equivalence_Line_30: SMSEMOA-random_dense-1P to SMSEMOA-greedy_multi-UX', 'Equivalence_Line_31: RVEA-random_dense-HUX to SMSEMOA-greedy_multi-HUX', 'Equivalence_Line_32: SPEA2-greedy_multi-HUX to RVEA-greedy_multi-2P', 'Equivalence_Line_33: RVEA-random_dense-2P to RVEA-greedy_multi-1P']"
SMSEMOA-random_dense-2P,1.2740595243316901,"['Equivalence_Line_1: NSGA2-greedy_ting-UX to RVEA-greedy_ting-HUX', 'Equivalence_Line_2: NSGA2-greedy_ting-2P to RVEA-greedy_ting-UX', 'Equivalence_Line_3: AGEMOEA2-greedy_ting-2P to SPEA2-greedy_ting-2P', 'Equivalence_Line_4: AGEMOEA2-greedy_ting-1P to AGEMOEA2-random_dense-HUX', 'Equivalence_Line_5: SMSEMOA-greedy_ting-2P to AGEMOEA2-random_dense-UX', 'Equivalence_Line_6: AGEMOEA2-greedy_ting-UX to UNSGA3-random_dense-HUX', 'Equivalence_Line_7: AGEMOEA2-greedy_ting-HUX to NSGA3-random_dense-UX', 'Equivalence_Line_8: SMSEMOA-greedy_ting-1P to SPEA2-random_dense-HUX', 'Equivalence_Line_9: SMSEMOA-greedy_ting-HUX to NSGA2-random_dense-2P', 'Equivalence_Line_10: UNSGA3-greedy_ting-2P to SMSEMOA-random_dense-HUX', 'Equivalence_Line_11: UNSGA3-greedy_ting-1P to SMSEMOA-random_dense-UX', 'Equivalence_Line_12: NSGA3-greedy_ting-UX to AGEMOEA2-random_dense-2P', 'Equivalence_Line_13: SPEA2-greedy_ting-HUX to SPEA2-random_dense-2P', 'Equivalence_Line_14: NSGA2-random_dense-HUX to AGEMOEA2-random_dense-1P', 'Equivalence_Line_15: NSGA2-random_dense-UX to SMSEMOA-random_dense-2P', 'Equivalence_Line_16: RVEA-greedy_ting-2P to SMSEMOA-random_dense-1P', 'Equivalence_Line_17: RVEA-greedy_ting-HUX to RVEA-random_dense-UX', 'Equivalence_Line_18: AGEMOEA2-random_dense-HUX to SPEA2-greedy_multi-HUX', 'Equivalence_Line_19: AGEMOEA2-random_dense-UX to SPEA2-greedy_multi-UX', 'Equivalence_Line_20: NSGA3-random_dense-HUX to AGEMOEA2-greedy_multi-UX', 'Equivalence_Line_21: SPEA2-random_dense-HUX to AGEMOEA2-greedy_multi-HUX', 'Equivalence_Line_22: SPEA2-random_dense-UX to NSGA2-greedy_multi-UX', 'Equivalence_Line_23: NSGA2-random_dense-2P to NSGA3-greedy_multi-UX', 'Equivalence_Line_24: SMSEMOA-random_dense-HUX to AGEMOEA2-greedy_multi-2P', 'Equivalence_Line_25: NSGA2-random_dense-1P to SPEA2-greedy_multi-2P', 'Equivalence_Line_26: UNSGA3-random_dense-2P to NSGA2-greedy_multi-2P', 'Equivalence_Line_27: NSGA3-random_dense-2P to NSGA3-greedy_multi-2P', 'Equivalence_Line_28: SPEA2-random_dense-2P to UNSGA3-greedy_multi-2P', 'Equivalence_Line_29: UNSGA3-random_dense-1P to NSGA2-greedy_multi-1P', 'Equivalence_Line_30: SMSEMOA-random_dense-1P to SMSEMOA-greedy_multi-UX', 'Equivalence_Line_31: RVEA-random_dense-HUX to SMSEMOA-greedy_multi-HUX', 'Equivalence_Line_32: SPEA2-greedy_multi-HUX to RVEA-greedy_multi-2P', 'Equivalence_Line_33: RVEA-random_dense-2P to RVEA-greedy_multi-1P']"
SMSEMOA-random_dense-1P,1.3118582725954846,"['Equivalence_Line_1: NSGA2-greedy_ting-UX to RVEA-greedy_ting-HUX', 'Equivalence_Line_2: NSGA2-greedy_ting-2P to RVEA-greedy_ting-UX', 'Equivalence_Line_3: AGEMOEA2-greedy_ting-2P to SPEA2-greedy_ting-2P', 'Equivalence_Line_4: AGEMOEA2-greedy_ting-1P to AGEMOEA2-random_dense-HUX', 'Equivalence_Line_5: SMSEMOA-greedy_ting-2P to AGEMOEA2-random_dense-UX', 'Equivalence_Line_6: AGEMOEA2-greedy_ting-UX to UNSGA3-random_dense-HUX', 'Equivalence_Line_7: AGEMOEA2-greedy_ting-HUX to NSGA3-random_dense-UX', 'Equivalence_Line_8: SMSEMOA-greedy_ting-1P to SPEA2-random_dense-HUX', 'Equivalence_Line_9: SMSEMOA-greedy_ting-HUX to NSGA2-random_dense-2P', 'Equivalence_Line_10: UNSGA3-greedy_ting-2P to SMSEMOA-random_dense-HUX', 'Equivalence_Line_11: UNSGA3-greedy_ting-1P to SMSEMOA-random_dense-UX', 'Equivalence_Line_12: NSGA3-greedy_ting-UX to AGEMOEA2-random_dense-2P', 'Equivalence_Line_13: SPEA2-greedy_ting-HUX to SPEA2-random_dense-2P', 'Equivalence_Line_14: NSGA2-random_dense-HUX to AGEMOEA2-random_dense-1P', 'Equivalence_Line_15: NSGA2-random_dense-UX to SMSEMOA-random_dense-2P', 'Equivalence_Line_16: RVEA-greedy_ting-2P to SMSEMOA-random_dense-1P', 'Equivalence_Line_17: RVEA-greedy_ting-HUX to RVEA-random_dense-UX', 'Equivalence_Line_18: AGEMOEA2-random_dense-HUX to SPEA2-greedy_multi-HUX', 'Equivalence_Line_19: AGEMOEA2-random_dense-UX to SPEA2-greedy_multi-UX', 'Equivalence_Line_20: NSGA3-random_dense-HUX to AGEMOEA2-greedy_multi-UX', 'Equivalence_Line_21: SPEA2-random_dense-HUX to AGEMOEA2-greedy_multi-HUX', 'Equivalence_Line_22: SPEA2-random_dense-UX to NSGA2-greedy_multi-UX', 'Equivalence_Line_23: NSGA2-random_dense-2P to NSGA3-greedy_multi-UX', 'Equivalence_Line_24: SMSEMOA-random_dense-HUX to AGEMOEA2-greedy_multi-2P', 'Equivalence_Line_25: NSGA2-random_dense-1P to SPEA2-greedy_multi-2P', 'Equivalence_Line_26: UNSGA3-random_dense-2P to NSGA2-greedy_multi-2P', 'Equivalence_Line_27: NSGA3-random_dense-2P to NSGA3-greedy_multi-2P', 'Equivalence_Line_28: SPEA2-random_dense-2P to UNSGA3-greedy_multi-2P', 'Equivalence_Line_29: UNSGA3-random_dense-1P to NSGA2-greedy_multi-1P', 'Equivalence_Line_30: SMSEMOA-random_dense-1P to SMSEMOA-greedy_multi-UX', 'Equivalence_Line_31: RVEA-random_dense-HUX to SMSEMOA-greedy_multi-HUX', 'Equivalence_Line_32: SPEA2-greedy_multi-HUX to RVEA-greedy_multi-2P', 'Equivalence_Line_33: RVEA-random_dense-2P to RVEA-greedy_multi-1P']"
RVEA-random_dense-HUX,1.3601341215368437,"['Equivalence_Line_1: NSGA2-greedy_ting-UX to RVEA-greedy_ting-HUX', 'Equivalence_Line_2: NSGA2-greedy_ting-2P to RVEA-greedy_ting-UX', 'Equivalence_Line_3: AGEMOEA2-greedy_ting-2P to SPEA2-greedy_ting-2P', 'Equivalence_Line_4: AGEMOEA2-greedy_ting-1P to AGEMOEA2-random_dense-HUX', 'Equivalence_Line_5: SMSEMOA-greedy_ting-2P to AGEMOEA2-random_dense-UX', 'Equivalence_Line_6: AGEMOEA2-greedy_ting-UX to UNSGA3-random_dense-HUX', 'Equivalence_Line_7: AGEMOEA2-greedy_ting-HUX to NSGA3-random_dense-UX', 'Equivalence_Line_8: SMSEMOA-greedy_ting-1P to SPEA2-random_dense-HUX', 'Equivalence_Line_9: SMSEMOA-greedy_ting-HUX to NSGA2-random_dense-2P', 'Equivalence_Line_10: UNSGA3-greedy_ting-2P to SMSEMOA-random_dense-HUX', 'Equivalence_Line_11: UNSGA3-greedy_ting-1P to SMSEMOA-random_dense-UX', 'Equivalence_Line_12: NSGA3-greedy_ting-UX to AGEMOEA2-random_dense-2P', 'Equivalence_Line_13: SPEA2-greedy_ting-HUX to SPEA2-random_dense-2P', 'Equivalence_Line_14: NSGA2-random_dense-HUX to AGEMOEA2-random_dense-1P', 'Equivalence_Line_15: NSGA2-random_dense-UX to SMSEMOA-random_dense-2P', 'Equivalence_Line_16: RVEA-greedy_ting-2P to SMSEMOA-random_dense-1P', 'Equivalence_Line_17: RVEA-greedy_ting-HUX to RVEA-random_dense-UX', 'Equivalence_Line_18: AGEMOEA2-random_dense-HUX to SPEA2-greedy_multi-HUX', 'Equivalence_Line_19: AGEMOEA2-random_dense-UX to SPEA2-greedy_multi-UX', 'Equivalence_Line_20: NSGA3-random_dense-HUX to AGEMOEA2-greedy_multi-UX', 'Equivalence_Line_21: SPEA2-random_dense-HUX to AGEMOEA2-greedy_multi-HUX', 'Equivalence_Line_22: SPEA2-random_dense-UX to NSGA2-greedy_multi-UX', 'Equivalence_Line_23: NSGA2-random_dense-2P to NSGA3-greedy_multi-UX', 'Equivalence_Line_24: SMSEMOA-random_dense-HUX to AGEMOEA2-greedy_multi-2P', 'Equivalence_Line_25: NSGA2-random_dense-1P to SPEA2-greedy_multi-2P', 'Equivalence_Line_26: UNSGA3-random_dense-2P to NSGA2-greedy_multi-2P', 'Equivalence_Line_27: NSGA3-random_dense-2P to NSGA3-greedy_multi-2P', 'Equivalence_Line_28: SPEA2-random_dense-2P to UNSGA3-greedy_multi-2P', 'Equivalence_Line_29: UNSGA3-random_dense-1P to NSGA2-greedy_multi-1P', 'Equivalence_Line_30: SMSEMOA-random_dense-1P to SMSEMOA-greedy_multi-UX', 'Equivalence_Line_31: RVEA-random_dense-HUX to SMSEMOA-greedy_multi-HUX', 'Equivalence_Line_32: SPEA2-greedy_multi-HUX to RVEA-greedy_multi-2P', 'Equivalence_Line_33: RVEA-random_dense-2P to RVEA-greedy_multi-1P']"
RVEA-random_dense-UX,1.361373985006672,"['Equivalence_Line_1: NSGA2-greedy_ting-UX to RVEA-greedy_ting-HUX', 'Equivalence_Line_2: NSGA2-greedy_ting-2P to RVEA-greedy_ting-UX', 'Equivalence_Line_3: AGEMOEA2-greedy_ting-2P to SPEA2-greedy_ting-2P', 'Equivalence_Line_4: AGEMOEA2-greedy_ting-1P to AGEMOEA2-random_dense-HUX', 'Equivalence_Line_5: SMSEMOA-greedy_ting-2P to AGEMOEA2-random_dense-UX', 'Equivalence_Line_6: AGEMOEA2-greedy_ting-UX to UNSGA3-random_dense-HUX', 'Equivalence_Line_7: AGEMOEA2-greedy_ting-HUX to NSGA3-random_dense-UX', 'Equivalence_Line_8: SMSEMOA-greedy_ting-1P to SPEA2-random_dense-HUX', 'Equivalence_Line_9: SMSEMOA-greedy_ting-HUX to NSGA2-random_dense-2P', 'Equivalence_Line_10: UNSGA3-greedy_ting-2P to SMSEMOA-random_dense-HUX', 'Equivalence_Line_11: UNSGA3-greedy_ting-1P to SMSEMOA-random_dense-UX', 'Equivalence_Line_12: NSGA3-greedy_ting-UX to AGEMOEA2-random_dense-2P', 'Equivalence_Line_13: SPEA2-greedy_ting-HUX to SPEA2-random_dense-2P', 'Equivalence_Line_14: NSGA2-random_dense-HUX to AGEMOEA2-random_dense-1P', 'Equivalence_Line_15: NSGA2-random_dense-UX to SMSEMOA-random_dense-2P', 'Equivalence_Line_16: RVEA-greedy_ting-2P to SMSEMOA-random_dense-1P', 'Equivalence_Line_17: RVEA-greedy_ting-HUX to RVEA-random_dense-UX', 'Equivalence_Line_18: AGEMOEA2-random_dense-HUX to SPEA2-greedy_multi-HUX', 'Equivalence_Line_19: AGEMOEA2-random_dense-UX to SPEA2-greedy_multi-UX', 'Equivalence_Line_20: NSGA3-random_dense-HUX to AGEMOEA2-greedy_multi-UX', 'Equivalence_Line_21: SPEA2-random_dense-HUX to AGEMOEA2-greedy_multi-HUX', 'Equivalence_Line_22: SPEA2-random_dense-UX to NSGA2-greedy_multi-UX', 'Equivalence_Line_23: NSGA2-random_dense-2P to NSGA3-greedy_multi-UX', 'Equivalence_Line_24: SMSEMOA-random_dense-HUX to AGEMOEA2-greedy_multi-2P', 'Equivalence_Line_25: NSGA2-random_dense-1P to SPEA2-greedy_multi-2P', 'Equivalence_Line_26: UNSGA3-random_dense-2P to NSGA2-greedy_multi-2P', 'Equivalence_Line_27: NSGA3-random_dense-2P to NSGA3-greedy_multi-2P', 'Equivalence_Line_28: SPEA2-random_dense-2P to UNSGA3-greedy_multi-2P', 'Equivalence_Line_29: UNSGA3-random_dense-1P to NSGA2-greedy_multi-1P', 'Equivalence_Line_30: SMSEMOA-random_dense-1P to SMSEMOA-greedy_multi-UX', 'Equivalence_Line_31: RVEA-random_dense-HUX to SMSEMOA-greedy_multi-HUX', 'Equivalence_Line_32: SPEA2-greedy_multi-HUX to RVEA-greedy_multi-2P', 'Equivalence_Line_33: RVEA-random_dense-2P to RVEA-greedy_multi-1P']"
SPEA2-greedy_multi-HUX,1.4234264986067893,"['Equivalence_Line_1: NSGA2-greedy_ting-UX to RVEA-greedy_ting-HUX', 'Equivalence_Line_2: NSGA2-greedy_ting-2P to RVEA-greedy_ting-UX', 'Equivalence_Line_3: AGEMOEA2-greedy_ting-2P to SPEA2-greedy_ting-2P', 'Equivalence_Line_4: AGEMOEA2-greedy_ting-1P to AGEMOEA2-random_dense-HUX', 'Equivalence_Line_5: SMSEMOA-greedy_ting-2P to AGEMOEA2-random_dense-UX', 'Equivalence_Line_6: AGEMOEA2-greedy_ting-UX to UNSGA3-random_dense-HUX', 'Equivalence_Line_7: AGEMOEA2-greedy_ting-HUX to NSGA3-random_dense-UX', 'Equivalence_Line_8: SMSEMOA-greedy_ting-1P to SPEA2-random_dense-HUX', 'Equivalence_Line_9: SMSEMOA-greedy_ting-HUX to NSGA2-random_dense-2P', 'Equivalence_Line_10: UNSGA3-greedy_ting-2P to SMSEMOA-random_dense-HUX', 'Equivalence_Line_11: UNSGA3-greedy_ting-1P to SMSEMOA-random_dense-UX', 'Equivalence_Line_12: NSGA3-greedy_ting-UX to AGEMOEA2-random_dense-2P', 'Equivalence_Line_13: SPEA2-greedy_ting-HUX to SPEA2-random_dense-2P', 'Equivalence_Line_14: NSGA2-random_dense-HUX to AGEMOEA2-random_dense-1P', 'Equivalence_Line_15: NSGA2-random_dense-UX to SMSEMOA-random_dense-2P', 'Equivalence_Line_16: RVEA-greedy_ting-2P to SMSEMOA-random_dense-1P', 'Equivalence_Line_17: RVEA-greedy_ting-HUX to RVEA-random_dense-UX', 'Equivalence_Line_18: AGEMOEA2-random_dense-HUX to SPEA2-greedy_multi-HUX', 'Equivalence_Line_19: AGEMOEA2-random_dense-UX to SPEA2-greedy_multi-UX', 'Equivalence_Line_20: NSGA3-random_dense-HUX to AGEMOEA2-greedy_multi-UX', 'Equivalence_Line_21: SPEA2-random_dense-HUX to AGEMOEA2-greedy_multi-HUX', 'Equivalence_Line_22: SPEA2-random_dense-UX to NSGA2-greedy_multi-UX', 'Equivalence_Line_23: NSGA2-random_dense-2P to NSGA3-greedy_multi-UX', 'Equivalence_Line_24: SMSEMOA-random_dense-HUX to AGEMOEA2-greedy_multi-2P', 'Equivalence_Line_25: NSGA2-random_dense-1P to SPEA2-greedy_multi-2P', 'Equivalence_Line_26: UNSGA3-random_dense-2P to NSGA2-greedy_multi-2P', 'Equivalence_Line_27: NSGA3-random_dense-2P to NSGA3-greedy_multi-2P', 'Equivalence_Line_28: SPEA2-random_dense-2P to UNSGA3-greedy_multi-2P', 'Equivalence_Line_29: UNSGA3-random_dense-1P to NSGA2-greedy_multi-1P', 'Equivalence_Line_30: SMSEMOA-random_dense-1P to SMSEMOA-greedy_multi-UX', 'Equivalence_Line_31: RVEA-random_dense-HUX to SMSEMOA-greedy_multi-HUX', 'Equivalence_Line_32: SPEA2-greedy_multi-HUX to RVEA-greedy_multi-2P', 'Equivalence_Line_33: RVEA-random_dense-2P to RVEA-greedy_multi-1P']"
SPEA2-greedy_multi-UX,1.4246744030297587,"['Equivalence_Line_1: NSGA2-greedy_ting-UX to RVEA-greedy_ting-HUX', 'Equivalence_Line_2: NSGA2-greedy_ting-2P to RVEA-greedy_ting-UX', 'Equivalence_Line_3: AGEMOEA2-greedy_ting-2P to SPEA2-greedy_ting-2P', 'Equivalence_Line_4: AGEMOEA2-greedy_ting-1P to AGEMOEA2-random_dense-HUX', 'Equivalence_Line_5: SMSEMOA-greedy_ting-2P to AGEMOEA2-random_dense-UX', 'Equivalence_Line_6: AGEMOEA2-greedy_ting-UX to UNSGA3-random_dense-HUX', 'Equivalence_Line_7: AGEMOEA2-greedy_ting-HUX to NSGA3-random_dense-UX', 'Equivalence_Line_8: SMSEMOA-greedy_ting-1P to SPEA2-random_dense-HUX', 'Equivalence_Line_9: SMSEMOA-greedy_ting-HUX to NSGA2-random_dense-2P', 'Equivalence_Line_10: UNSGA3-greedy_ting-2P to SMSEMOA-random_dense-HUX', 'Equivalence_Line_11: UNSGA3-greedy_ting-1P to SMSEMOA-random_dense-UX', 'Equivalence_Line_12: NSGA3-greedy_ting-UX to AGEMOEA2-random_dense-2P', 'Equivalence_Line_13: SPEA2-greedy_ting-HUX to SPEA2-random_dense-2P', 'Equivalence_Line_14: NSGA2-random_dense-HUX to AGEMOEA2-random_dense-1P', 'Equivalence_Line_15: NSGA2-random_dense-UX to SMSEMOA-random_dense-2P', 'Equivalence_Line_16: RVEA-greedy_ting-2P to SMSEMOA-random_dense-1P', 'Equivalence_Line_17: RVEA-greedy_ting-HUX to RVEA-random_dense-UX', 'Equivalence_Line_18: AGEMOEA2-random_dense-HUX to SPEA2-greedy_multi-HUX', 'Equivalence_Line_19: AGEMOEA2-random_dense-UX to SPEA2-greedy_multi-UX', 'Equivalence_Line_20: NSGA3-random_dense-HUX to AGEMOEA2-greedy_multi-UX', 'Equivalence_Line_21: SPEA2-random_dense-HUX to AGEMOEA2-greedy_multi-HUX', 'Equivalence_Line_22: SPEA2-random_dense-UX to NSGA2-greedy_multi-UX', 'Equivalence_Line_23: NSGA2-random_dense-2P to NSGA3-greedy_multi-UX', 'Equivalence_Line_24: SMSEMOA-random_dense-HUX to AGEMOEA2-greedy_multi-2P', 'Equivalence_Line_25: NSGA2-random_dense-1P to SPEA2-greedy_multi-2P', 'Equivalence_Line_26: UNSGA3-random_dense-2P to NSGA2-greedy_multi-2P', 'Equivalence_Line_27: NSGA3-random_dense-2P to NSGA3-greedy_multi-2P', 'Equivalence_Line_28: SPEA2-random_dense-2P to UNSGA3-greedy_multi-2P', 'Equivalence_Line_29: UNSGA3-random_dense-1P to NSGA2-greedy_multi-1P', 'Equivalence_Line_30: SMSEMOA-random_dense-1P to SMSEMOA-greedy_multi-UX', 'Equivalence_Line_31: RVEA-random_dense-HUX to SMSEMOA-greedy_multi-HUX', 'Equivalence_Line_32: SPEA2-greedy_multi-HUX to RVEA-greedy_multi-2P', 'Equivalence_Line_33: RVEA-random_dense-2P to RVEA-greedy_multi-1P']"
RVEA-random_dense-2P,1.4275142746251217,"['Equivalence_Line_1: NSGA2-greedy_ting-UX to RVEA-greedy_ting-HUX', 'Equivalence_Line_2: NSGA2-greedy_ting-2P to RVEA-greedy_ting-UX', 'Equivalence_Line_3: AGEMOEA2-greedy_ting-2P to SPEA2-greedy_ting-2P', 'Equivalence_Line_4: AGEMOEA2-greedy_ting-1P to AGEMOEA2-random_dense-HUX', 'Equivalence_Line_5: SMSEMOA-greedy_ting-2P to AGEMOEA2-random_dense-UX', 'Equivalence_Line_6: AGEMOEA2-greedy_ting-UX to UNSGA3-random_dense-HUX', 'Equivalence_Line_7: AGEMOEA2-greedy_ting-HUX to NSGA3-random_dense-UX', 'Equivalence_Line_8: SMSEMOA-greedy_ting-1P to SPEA2-random_dense-HUX', 'Equivalence_Line_9: SMSEMOA-greedy_ting-HUX to NSGA2-random_dense-2P', 'Equivalence_Line_10: UNSGA3-greedy_ting-2P to SMSEMOA-random_dense-HUX', 'Equivalence_Line_11: UNSGA3-greedy_ting-1P to SMSEMOA-random_dense-UX', 'Equivalence_Line_12: NSGA3-greedy_ting-UX to AGEMOEA2-random_dense-2P', 'Equivalence_Line_13: SPEA2-greedy_ting-HUX to SPEA2-random_dense-2P', 'Equivalence_Line_14: NSGA2-random_dense-HUX to AGEMOEA2-random_dense-1P', 'Equivalence_Line_15: NSGA2-random_dense-UX to SMSEMOA-random_dense-2P', 'Equivalence_Line_16: RVEA-greedy_ting-2P to SMSEMOA-random_dense-1P', 'Equivalence_Line_17: RVEA-greedy_ting-HUX to RVEA-random_dense-UX', 'Equivalence_Line_18: AGEMOEA2-random_dense-HUX to SPEA2-greedy_multi-HUX', 'Equivalence_Line_19: AGEMOEA2-random_dense-UX to SPEA2-greedy_multi-UX', 'Equivalence_Line_20: NSGA3-random_dense-HUX to AGEMOEA2-greedy_multi-UX', 'Equivalence_Line_21: SPEA2-random_dense-HUX to AGEMOEA2-greedy_multi-HUX', 'Equivalence_Line_22: SPEA2-random_dense-UX to NSGA2-greedy_multi-UX', 'Equivalence_Line_23: NSGA2-random_dense-2P to NSGA3-greedy_multi-UX', 'Equivalence_Line_24: SMSEMOA-random_dense-HUX to AGEMOEA2-greedy_multi-2P', 'Equivalence_Line_25: NSGA2-random_dense-1P to SPEA2-greedy_multi-2P', 'Equivalence_Line_26: UNSGA3-random_dense-2P to NSGA2-greedy_multi-2P', 'Equivalence_Line_27: NSGA3-random_dense-2P to NSGA3-greedy_multi-2P', 'Equivalence_Line_28: SPEA2-random_dense-2P to UNSGA3-greedy_multi-2P', 'Equivalence_Line_29: UNSGA3-random_dense-1P to NSGA2-greedy_multi-1P', 'Equivalence_Line_30: SMSEMOA-random_dense-1P to SMSEMOA-greedy_multi-UX', 'Equivalence_Line_31: RVEA-random_dense-HUX to SMSEMOA-greedy_multi-HUX', 'Equivalence_Line_32: SPEA2-greedy_multi-HUX to RVEA-greedy_multi-2P', 'Equivalence_Line_33: RVEA-random_dense-2P to RVEA-greedy_multi-1P']"
AGEMOEA2-greedy_multi-UX,1.4312943928051014,"['Equivalence_Line_1: NSGA2-greedy_ting-UX to RVEA-greedy_ting-HUX', 'Equivalence_Line_2: NSGA2-greedy_ting-2P to RVEA-greedy_ting-UX', 'Equivalence_Line_3: AGEMOEA2-greedy_ting-2P to SPEA2-greedy_ting-2P', 'Equivalence_Line_4: AGEMOEA2-greedy_ting-1P to AGEMOEA2-random_dense-HUX', 'Equivalence_Line_5: SMSEMOA-greedy_ting-2P to AGEMOEA2-random_dense-UX', 'Equivalence_Line_6: AGEMOEA2-greedy_ting-UX to UNSGA3-random_dense-HUX', 'Equivalence_Line_7: AGEMOEA2-greedy_ting-HUX to NSGA3-random_dense-UX', 'Equivalence_Line_8: SMSEMOA-greedy_ting-1P to SPEA2-random_dense-HUX', 'Equivalence_Line_9: SMSEMOA-greedy_ting-HUX to NSGA2-random_dense-2P', 'Equivalence_Line_10: UNSGA3-greedy_ting-2P to SMSEMOA-random_dense-HUX', 'Equivalence_Line_11: UNSGA3-greedy_ting-1P to SMSEMOA-random_dense-UX', 'Equivalence_Line_12: NSGA3-greedy_ting-UX to AGEMOEA2-random_dense-2P', 'Equivalence_Line_13: SPEA2-greedy_ting-HUX to SPEA2-random_dense-2P', 'Equivalence_Line_14: NSGA2-random_dense-HUX to AGEMOEA2-random_dense-1P', 'Equivalence_Line_15: NSGA2-random_dense-UX to SMSEMOA-random_dense-2P', 'Equivalence_Line_16: RVEA-greedy_ting-2P to SMSEMOA-random_dense-1P', 'Equivalence_Line_17: RVEA-greedy_ting-HUX to RVEA-random_dense-UX', 'Equivalence_Line_18: AGEMOEA2-random_dense-HUX to SPEA2-greedy_multi-HUX', 'Equivalence_Line_19: AGEMOEA2-random_dense-UX to SPEA2-greedy_multi-UX', 'Equivalence_Line_20: NSGA3-random_dense-HUX to AGEMOEA2-greedy_multi-UX', 'Equivalence_Line_21: SPEA2-random_dense-HUX to AGEMOEA2-greedy_multi-HUX', 'Equivalence_Line_22: SPEA2-random_dense-UX to NSGA2-greedy_multi-UX', 'Equivalence_Line_23: NSGA2-random_dense-2P to NSGA3-greedy_multi-UX', 'Equivalence_Line_24: SMSEMOA-random_dense-HUX to AGEMOEA2-greedy_multi-2P', 'Equivalence_Line_25: NSGA2-random_dense-1P to SPEA2-greedy_multi-2P', 'Equivalence_Line_26: UNSGA3-random_dense-2P to NSGA2-greedy_multi-2P', 'Equivalence_Line_27: NSGA3-random_dense-2P to NSGA3-greedy_multi-2P', 'Equivalence_Line_28: SPEA2-random_dense-2P to UNSGA3-greedy_multi-2P', 'Equivalence_Line_29: UNSGA3-random_dense-1P to NSGA2-greedy_multi-1P', 'Equivalence_Line_30: SMSEMOA-random_dense-1P to SMSEMOA-greedy_multi-UX', 'Equivalence_Line_31: RVEA-random_dense-HUX to SMSEMOA-greedy_multi-HUX', 'Equivalence_Line_32: SPEA2-greedy_multi-HUX to RVEA-greedy_multi-2P', 'Equivalence_Line_33: RVEA-random_dense-2P to RVEA-greedy_multi-1P']"
RVEA-random_dense-1P,1.4324467658615683,"['Equivalence_Line_1: NSGA2-greedy_ting-UX to RVEA-greedy_ting-HUX', 'Equivalence_Line_2: NSGA2-greedy_ting-2P to RVEA-greedy_ting-UX', 'Equivalence_Line_3: AGEMOEA2-greedy_ting-2P to SPEA2-greedy_ting-2P', 'Equivalence_Line_4: AGEMOEA2-greedy_ting-1P to AGEMOEA2-random_dense-HUX', 'Equivalence_Line_5: SMSEMOA-greedy_ting-2P to AGEMOEA2-random_dense-UX', 'Equivalence_Line_6: AGEMOEA2-greedy_ting-UX to UNSGA3-random_dense-HUX', 'Equivalence_Line_7: AGEMOEA2-greedy_ting-HUX to NSGA3-random_dense-UX', 'Equivalence_Line_8: SMSEMOA-greedy_ting-1P to SPEA2-random_dense-HUX', 'Equivalence_Line_9: SMSEMOA-greedy_ting-HUX to NSGA2-random_dense-2P', 'Equivalence_Line_10: UNSGA3-greedy_ting-2P to SMSEMOA-random_dense-HUX', 'Equivalence_Line_11: UNSGA3-greedy_ting-1P to SMSEMOA-random_dense-UX', 'Equivalence_Line_12: NSGA3-greedy_ting-UX to AGEMOEA2-random_dense-2P', 'Equivalence_Line_13: SPEA2-greedy_ting-HUX to SPEA2-random_dense-2P', 'Equivalence_Line_14: NSGA2-random_dense-HUX to AGEMOEA2-random_dense-1P', 'Equivalence_Line_15: NSGA2-random_dense-UX to SMSEMOA-random_dense-2P', 'Equivalence_Line_16: RVEA-greedy_ting-2P to SMSEMOA-random_dense-1P', 'Equivalence_Line_17: RVEA-greedy_ting-HUX to RVEA-random_dense-UX', 'Equivalence_Line_18: AGEMOEA2-random_dense-HUX to SPEA2-greedy_multi-HUX', 'Equivalence_Line_19: AGEMOEA2-random_dense-UX to SPEA2-greedy_multi-UX', 'Equivalence_Line_20: NSGA3-random_dense-HUX to AGEMOEA2-greedy_multi-UX', 'Equivalence_Line_21: SPEA2-random_dense-HUX to AGEMOEA2-greedy_multi-HUX', 'Equivalence_Line_22: SPEA2-random_dense-UX to NSGA2-greedy_multi-UX', 'Equivalence_Line_23: NSGA2-random_dense-2P to NSGA3-greedy_multi-UX', 'Equivalence_Line_24: SMSEMOA-random_dense-HUX to AGEMOEA2-greedy_multi-2P', 'Equivalence_Line_25: NSGA2-random_dense-1P to SPEA2-greedy_multi-2P', 'Equivalence_Line_26: UNSGA3-random_dense-2P to NSGA2-greedy_multi-2P', 'Equivalence_Line_27: NSGA3-random_dense-2P to NSGA3-greedy_multi-2P', 'Equivalence_Line_28: SPEA2-random_dense-2P to UNSGA3-greedy_multi-2P', 'Equivalence_Line_29: UNSGA3-random_dense-1P to NSGA2-greedy_multi-1P', 'Equivalence_Line_30: SMSEMOA-random_dense-1P to SMSEMOA-greedy_multi-UX', 'Equivalence_Line_31: RVEA-random_dense-HUX to SMSEMOA-greedy_multi-HUX', 'Equivalence_Line_32: SPEA2-greedy_multi-HUX to RVEA-greedy_multi-2P', 'Equivalence_Line_33: RVEA-random_dense-2P to RVEA-greedy_multi-1P']"
NSGA2-greedy_multi-HUX,1.4330557552951275,"['Equivalence_Line_1: NSGA2-greedy_ting-UX to RVEA-greedy_ting-HUX', 'Equivalence_Line_2: NSGA2-greedy_ting-2P to RVEA-greedy_ting-UX', 'Equivalence_Line_3: AGEMOEA2-greedy_ting-2P to SPEA2-greedy_ting-2P', 'Equivalence_Line_4: AGEMOEA2-greedy_ting-1P to AGEMOEA2-random_dense-HUX', 'Equivalence_Line_5: SMSEMOA-greedy_ting-2P to AGEMOEA2-random_dense-UX', 'Equivalence_Line_6: AGEMOEA2-greedy_ting-UX to UNSGA3-random_dense-HUX', 'Equivalence_Line_7: AGEMOEA2-greedy_ting-HUX to NSGA3-random_dense-UX', 'Equivalence_Line_8: SMSEMOA-greedy_ting-1P to SPEA2-random_dense-HUX', 'Equivalence_Line_9: SMSEMOA-greedy_ting-HUX to NSGA2-random_dense-2P', 'Equivalence_Line_10: UNSGA3-greedy_ting-2P to SMSEMOA-random_dense-HUX', 'Equivalence_Line_11: UNSGA3-greedy_ting-1P to SMSEMOA-random_dense-UX', 'Equivalence_Line_12: NSGA3-greedy_ting-UX to AGEMOEA2-random_dense-2P', 'Equivalence_Line_13: SPEA2-greedy_ting-HUX to SPEA2-random_dense-2P', 'Equivalence_Line_14: NSGA2-random_dense-HUX to AGEMOEA2-random_dense-1P', 'Equivalence_Line_15: NSGA2-random_dense-UX to SMSEMOA-random_dense-2P', 'Equivalence_Line_16: RVEA-greedy_ting-2P to SMSEMOA-random_dense-1P', 'Equivalence_Line_17: RVEA-greedy_ting-HUX to RVEA-random_dense-UX', 'Equivalence_Line_18: AGEMOEA2-random_dense-HUX to SPEA2-greedy_multi-HUX', 'Equivalence_Line_19: AGEMOEA2-random_dense-UX to SPEA2-greedy_multi-UX', 'Equivalence_Line_20: NSGA3-random_dense-HUX to AGEMOEA2-greedy_multi-UX', 'Equivalence_Line_21: SPEA2-random_dense-HUX to AGEMOEA2-greedy_multi-HUX', 'Equivalence_Line_22: SPEA2-random_dense-UX to NSGA2-greedy_multi-UX', 'Equivalence_Line_23: NSGA2-random_dense-2P to NSGA3-greedy_multi-UX', 'Equivalence_Line_24: SMSEMOA-random_dense-HUX to AGEMOEA2-greedy_multi-2P', 'Equivalence_Line_25: NSGA2-random_dense-1P to SPEA2-greedy_multi-2P', 'Equivalence_Line_26: UNSGA3-random_dense-2P to NSGA2-greedy_multi-2P', 'Equivalence_Line_27: NSGA3-random_dense-2P to NSGA3-greedy_multi-2P', 'Equivalence_Line_28: SPEA2-random_dense-2P to UNSGA3-greedy_multi-2P', 'Equivalence_Line_29: UNSGA3-random_dense-1P to NSGA2-greedy_multi-1P', 'Equivalence_Line_30: SMSEMOA-random_dense-1P to SMSEMOA-greedy_multi-UX', 'Equivalence_Line_31: RVEA-random_dense-HUX to SMSEMOA-greedy_multi-HUX', 'Equivalence_Line_32: SPEA2-greedy_multi-HUX to RVEA-greedy_multi-2P', 'Equivalence_Line_33: RVEA-random_dense-2P to RVEA-greedy_multi-1P']"
AGEMOEA2-greedy_multi-HUX,1.433224905792724,"['Equivalence_Line_1: NSGA2-greedy_ting-UX to RVEA-greedy_ting-HUX', 'Equivalence_Line_2: NSGA2-greedy_ting-2P to RVEA-greedy_ting-UX', 'Equivalence_Line_3: AGEMOEA2-greedy_ting-2P to SPEA2-greedy_ting-2P', 'Equivalence_Line_4: AGEMOEA2-greedy_ting-1P to AGEMOEA2-random_dense-HUX', 'Equivalence_Line_5: SMSEMOA-greedy_ting-2P to AGEMOEA2-random_dense-UX', 'Equivalence_Line_6: AGEMOEA2-greedy_ting-UX to UNSGA3-random_dense-HUX', 'Equivalence_Line_7: AGEMOEA2-greedy_ting-HUX to NSGA3-random_dense-UX', 'Equivalence_Line_8: SMSEMOA-greedy_ting-1P to SPEA2-random_dense-HUX', 'Equivalence_Line_9: SMSEMOA-greedy_ting-HUX to NSGA2-random_dense-2P', 'Equivalence_Line_10: UNSGA3-greedy_ting-2P to SMSEMOA-random_dense-HUX', 'Equivalence_Line_11: UNSGA3-greedy_ting-1P to SMSEMOA-random_dense-UX', 'Equivalence_Line_12: NSGA3-greedy_ting-UX to AGEMOEA2-random_dense-2P', 'Equivalence_Line_13: SPEA2-greedy_ting-HUX to SPEA2-random_dense-2P', 'Equivalence_Line_14: NSGA2-random_dense-HUX to AGEMOEA2-random_dense-1P', 'Equivalence_Line_15: NSGA2-random_dense-UX to SMSEMOA-random_dense-2P', 'Equivalence_Line_16: RVEA-greedy_ting-2P to SMSEMOA-random_dense-1P', 'Equivalence_Line_17: RVEA-greedy_ting-HUX to RVEA-random_dense-UX', 'Equivalence_Line_18: AGEMOEA2-random_dense-HUX to SPEA2-greedy_multi-HUX', 'Equivalence_Line_19: AGEMOEA2-random_dense-UX to SPEA2-greedy_multi-UX', 'Equivalence_Line_20: NSGA3-random_dense-HUX to AGEMOEA2-greedy_multi-UX', 'Equivalence_Line_21: SPEA2-random_dense-HUX to AGEMOEA2-greedy_multi-HUX', 'Equivalence_Line_22: SPEA2-random_dense-UX to NSGA2-greedy_multi-UX', 'Equivalence_Line_23: NSGA2-random_dense-2P to NSGA3-greedy_multi-UX', 'Equivalence_Line_24: SMSEMOA-random_dense-HUX to AGEMOEA2-greedy_multi-2P', 'Equivalence_Line_25: NSGA2-random_dense-1P to SPEA2-greedy_multi-2P', 'Equivalence_Line_26: UNSGA3-random_dense-2P to NSGA2-greedy_multi-2P', 'Equivalence_Line_27: NSGA3-random_dense-2P to NSGA3-greedy_multi-2P', 'Equivalence_Line_28: SPEA2-random_dense-2P to UNSGA3-greedy_multi-2P', 'Equivalence_Line_29: UNSGA3-random_dense-1P to NSGA2-greedy_multi-1P', 'Equivalence_Line_30: SMSEMOA-random_dense-1P to SMSEMOA-greedy_multi-UX', 'Equivalence_Line_31: RVEA-random_dense-HUX to SMSEMOA-greedy_multi-HUX', 'Equivalence_Line_32: SPEA2-greedy_multi-HUX to RVEA-greedy_multi-2P', 'Equivalence_Line_33: RVEA-random_dense-2P to RVEA-greedy_multi-1P']"
NSGA2-greedy_multi-UX,1.4336761269284144,"['Equivalence_Line_1: NSGA2-greedy_ting-UX to RVEA-greedy_ting-HUX', 'Equivalence_Line_2: NSGA2-greedy_ting-2P to RVEA-greedy_ting-UX', 'Equivalence_Line_3: AGEMOEA2-greedy_ting-2P to SPEA2-greedy_ting-2P', 'Equivalence_Line_4: AGEMOEA2-greedy_ting-1P to AGEMOEA2-random_dense-HUX', 'Equivalence_Line_5: SMSEMOA-greedy_ting-2P to AGEMOEA2-random_dense-UX', 'Equivalence_Line_6: AGEMOEA2-greedy_ting-UX to UNSGA3-random_dense-HUX', 'Equivalence_Line_7: AGEMOEA2-greedy_ting-HUX to NSGA3-random_dense-UX', 'Equivalence_Line_8: SMSEMOA-greedy_ting-1P to SPEA2-random_dense-HUX', 'Equivalence_Line_9: SMSEMOA-greedy_ting-HUX to NSGA2-random_dense-2P', 'Equivalence_Line_10: UNSGA3-greedy_ting-2P to SMSEMOA-random_dense-HUX', 'Equivalence_Line_11: UNSGA3-greedy_ting-1P to SMSEMOA-random_dense-UX', 'Equivalence_Line_12: NSGA3-greedy_ting-UX to AGEMOEA2-random_dense-2P', 'Equivalence_Line_13: SPEA2-greedy_ting-HUX to SPEA2-random_dense-2P', 'Equivalence_Line_14: NSGA2-random_dense-HUX to AGEMOEA2-random_dense-1P', 'Equivalence_Line_15: NSGA2-random_dense-UX to SMSEMOA-random_dense-2P', 'Equivalence_Line_16: RVEA-greedy_ting-2P to SMSEMOA-random_dense-1P', 'Equivalence_Line_17: RVEA-greedy_ting-HUX to RVEA-random_dense-UX', 'Equivalence_Line_18: AGEMOEA2-random_dense-HUX to SPEA2-greedy_multi-HUX', 'Equivalence_Line_19: AGEMOEA2-random_dense-UX to SPEA2-greedy_multi-UX', 'Equivalence_Line_20: NSGA3-random_dense-HUX to AGEMOEA2-greedy_multi-UX', 'Equivalence_Line_21: SPEA2-random_dense-HUX to AGEMOEA2-greedy_multi-HUX', 'Equivalence_Line_22: SPEA2-random_dense-UX to NSGA2-greedy_multi-UX', 'Equivalence_Line_23: NSGA2-random_dense-2P to NSGA3-greedy_multi-UX', 'Equivalence_Line_24: SMSEMOA-random_dense-HUX to AGEMOEA2-greedy_multi-2P', 'Equivalence_Line_25: NSGA2-random_dense-1P to SPEA2-greedy_multi-2P', 'Equivalence_Line_26: UNSGA3-random_dense-2P to NSGA2-greedy_multi-2P', 'Equivalence_Line_27: NSGA3-random_dense-2P to NSGA3-greedy_multi-2P', 'Equivalence_Line_28: SPEA2-random_dense-2P to UNSGA3-greedy_multi-2P', 'Equivalence_Line_29: UNSGA3-random_dense-1P to NSGA2-greedy_multi-1P', 'Equivalence_Line_30: SMSEMOA-random_dense-1P to SMSEMOA-greedy_multi-UX', 'Equivalence_Line_31: RVEA-random_dense-HUX to SMSEMOA-greedy_multi-HUX', 'Equivalence_Line_32: SPEA2-greedy_multi-HUX to RVEA-greedy_multi-2P', 'Equivalence_Line_33: RVEA-random_dense-2P to RVEA-greedy_multi-1P']"
UNSGA3-greedy_multi-UX,1.4394512106673023,"['Equivalence_Line_1: NSGA2-greedy_ting-UX to RVEA-greedy_ting-HUX', 'Equivalence_Line_2: NSGA2-greedy_ting-2P to RVEA-greedy_ting-UX', 'Equivalence_Line_3: AGEMOEA2-greedy_ting-2P to SPEA2-greedy_ting-2P', 'Equivalence_Line_4: AGEMOEA2-greedy_ting-1P to AGEMOEA2-random_dense-HUX', 'Equivalence_Line_5: SMSEMOA-greedy_ting-2P to AGEMOEA2-random_dense-UX', 'Equivalence_Line_6: AGEMOEA2-greedy_ting-UX to UNSGA3-random_dense-HUX', 'Equivalence_Line_7: AGEMOEA2-greedy_ting-HUX to NSGA3-random_dense-UX', 'Equivalence_Line_8: SMSEMOA-greedy_ting-1P to SPEA2-random_dense-HUX', 'Equivalence_Line_9: SMSEMOA-greedy_ting-HUX to NSGA2-random_dense-2P', 'Equivalence_Line_10: UNSGA3-greedy_ting-2P to SMSEMOA-random_dense-HUX', 'Equivalence_Line_11: UNSGA3-greedy_ting-1P to SMSEMOA-random_dense-UX', 'Equivalence_Line_12: NSGA3-greedy_ting-UX to AGEMOEA2-random_dense-2P', 'Equivalence_Line_13: SPEA2-greedy_ting-HUX to SPEA2-random_dense-2P', 'Equivalence_Line_14: NSGA2-random_dense-HUX to AGEMOEA2-random_dense-1P', 'Equivalence_Line_15: NSGA2-random_dense-UX to SMSEMOA-random_dense-2P', 'Equivalence_Line_16: RVEA-greedy_ting-2P to SMSEMOA-random_dense-1P', 'Equivalence_Line_17: RVEA-greedy_ting-HUX to RVEA-random_dense-UX', 'Equivalence_Line_18: AGEMOEA2-random_dense-HUX to SPEA2-greedy_multi-HUX', 'Equivalence_Line_19: AGEMOEA2-random_dense-UX to SPEA2-greedy_multi-UX', 'Equivalence_Line_20: NSGA3-random_dense-HUX to AGEMOEA2-greedy_multi-UX', 'Equivalence_Line_21: SPEA2-random_dense-HUX to AGEMOEA2-greedy_multi-HUX', 'Equivalence_Line_22: SPEA2-random_dense-UX to NSGA2-greedy_multi-UX', 'Equivalence_Line_23: NSGA2-random_dense-2P to NSGA3-greedy_multi-UX', 'Equivalence_Line_24: SMSEMOA-random_dense-HUX to AGEMOEA2-greedy_multi-2P', 'Equivalence_Line_25: NSGA2-random_dense-1P to SPEA2-greedy_multi-2P', 'Equivalence_Line_26: UNSGA3-random_dense-2P to NSGA2-greedy_multi-2P', 'Equivalence_Line_27: NSGA3-random_dense-2P to NSGA3-greedy_multi-2P', 'Equivalence_Line_28: SPEA2-random_dense-2P to UNSGA3-greedy_multi-2P', 'Equivalence_Line_29: UNSGA3-random_dense-1P to NSGA2-greedy_multi-1P', 'Equivalence_Line_30: SMSEMOA-random_dense-1P to SMSEMOA-greedy_multi-UX', 'Equivalence_Line_31: RVEA-random_dense-HUX to SMSEMOA-greedy_multi-HUX', 'Equivalence_Line_32: SPEA2-greedy_multi-HUX to RVEA-greedy_multi-2P', 'Equivalence_Line_33: RVEA-random_dense-2P to RVEA-greedy_multi-1P']"
UNSGA3-greedy_multi-HUX,1.4406065829419972,"['Equivalence_Line_1: NSGA2-greedy_ting-UX to RVEA-greedy_ting-HUX', 'Equivalence_Line_2: NSGA2-greedy_ting-2P to RVEA-greedy_ting-UX', 'Equivalence_Line_3: AGEMOEA2-greedy_ting-2P to SPEA2-greedy_ting-2P', 'Equivalence_Line_4: AGEMOEA2-greedy_ting-1P to AGEMOEA2-random_dense-HUX', 'Equivalence_Line_5: SMSEMOA-greedy_ting-2P to AGEMOEA2-random_dense-UX', 'Equivalence_Line_6: AGEMOEA2-greedy_ting-UX to UNSGA3-random_dense-HUX', 'Equivalence_Line_7: AGEMOEA2-greedy_ting-HUX to NSGA3-random_dense-UX', 'Equivalence_Line_8: SMSEMOA-greedy_ting-1P to SPEA2-random_dense-HUX', 'Equivalence_Line_9: SMSEMOA-greedy_ting-HUX to NSGA2-random_dense-2P', 'Equivalence_Line_10: UNSGA3-greedy_ting-2P to SMSEMOA-random_dense-HUX', 'Equivalence_Line_11: UNSGA3-greedy_ting-1P to SMSEMOA-random_dense-UX', 'Equivalence_Line_12: NSGA3-greedy_ting-UX to AGEMOEA2-random_dense-2P', 'Equivalence_Line_13: SPEA2-greedy_ting-HUX to SPEA2-random_dense-2P', 'Equivalence_Line_14: NSGA2-random_dense-HUX to AGEMOEA2-random_dense-1P', 'Equivalence_Line_15: NSGA2-random_dense-UX to SMSEMOA-random_dense-2P', 'Equivalence_Line_16: RVEA-greedy_ting-2P to SMSEMOA-random_dense-1P', 'Equivalence_Line_17: RVEA-greedy_ting-HUX to RVEA-random_dense-UX', 'Equivalence_Line_18: AGEMOEA2-random_dense-HUX to SPEA2-greedy_multi-HUX', 'Equivalence_Line_19: AGEMOEA2-random_dense-UX to SPEA2-greedy_multi-UX', 'Equivalence_Line_20: NSGA3-random_dense-HUX to AGEMOEA2-greedy_multi-UX', 'Equivalence_Line_21: SPEA2-random_dense-HUX to AGEMOEA2-greedy_multi-HUX', 'Equivalence_Line_22: SPEA2-random_dense-UX to NSGA2-greedy_multi-UX', 'Equivalence_Line_23: NSGA2-random_dense-2P to NSGA3-greedy_multi-UX', 'Equivalence_Line_24: SMSEMOA-random_dense-HUX to AGEMOEA2-greedy_multi-2P', 'Equivalence_Line_25: NSGA2-random_dense-1P to SPEA2-greedy_multi-2P', 'Equivalence_Line_26: UNSGA3-random_dense-2P to NSGA2-greedy_multi-2P', 'Equivalence_Line_27: NSGA3-random_dense-2P to NSGA3-greedy_multi-2P', 'Equivalence_Line_28: SPEA2-random_dense-2P to UNSGA3-greedy_multi-2P', 'Equivalence_Line_29: UNSGA3-random_dense-1P to NSGA2-greedy_multi-1P', 'Equivalence_Line_30: SMSEMOA-random_dense-1P to SMSEMOA-greedy_multi-UX', 'Equivalence_Line_31: RVEA-random_dense-HUX to SMSEMOA-greedy_multi-HUX', 'Equivalence_Line_32: SPEA2-greedy_multi-HUX to RVEA-greedy_multi-2P', 'Equivalence_Line_33: RVEA-random_dense-2P to RVEA-greedy_multi-1P']"
NSGA3-greedy_multi-UX,1.4414885361984235,"['Equivalence_Line_1: NSGA2-greedy_ting-UX to RVEA-greedy_ting-HUX', 'Equivalence_Line_2: NSGA2-greedy_ting-2P to RVEA-greedy_ting-UX', 'Equivalence_Line_3: AGEMOEA2-greedy_ting-2P to SPEA2-greedy_ting-2P', 'Equivalence_Line_4: AGEMOEA2-greedy_ting-1P to AGEMOEA2-random_dense-HUX', 'Equivalence_Line_5: SMSEMOA-greedy_ting-2P to AGEMOEA2-random_dense-UX', 'Equivalence_Line_6: AGEMOEA2-greedy_ting-UX to UNSGA3-random_dense-HUX', 'Equivalence_Line_7: AGEMOEA2-greedy_ting-HUX to NSGA3-random_dense-UX', 'Equivalence_Line_8: SMSEMOA-greedy_ting-1P to SPEA2-random_dense-HUX', 'Equivalence_Line_9: SMSEMOA-greedy_ting-HUX to NSGA2-random_dense-2P', 'Equivalence_Line_10: UNSGA3-greedy_ting-2P to SMSEMOA-random_dense-HUX', 'Equivalence_Line_11: UNSGA3-greedy_ting-1P to SMSEMOA-random_dense-UX', 'Equivalence_Line_12: NSGA3-greedy_ting-UX to AGEMOEA2-random_dense-2P', 'Equivalence_Line_13: SPEA2-greedy_ting-HUX to SPEA2-random_dense-2P', 'Equivalence_Line_14: NSGA2-random_dense-HUX to AGEMOEA2-random_dense-1P', 'Equivalence_Line_15: NSGA2-random_dense-UX to SMSEMOA-random_dense-2P', 'Equivalence_Line_16: RVEA-greedy_ting-2P to SMSEMOA-random_dense-1P', 'Equivalence_Line_17: RVEA-greedy_ting-HUX to RVEA-random_dense-UX', 'Equivalence_Line_18: AGEMOEA2-random_dense-HUX to SPEA2-greedy_multi-HUX', 'Equivalence_Line_19: AGEMOEA2-random_dense-UX to SPEA2-greedy_multi-UX', 'Equivalence_Line_20: NSGA3-random_dense-HUX to AGEMOEA2-greedy_multi-UX', 'Equivalence_Line_21: SPEA2-random_dense-HUX to AGEMOEA2-greedy_multi-HUX', 'Equivalence_Line_22: SPEA2-random_dense-UX to NSGA2-greedy_multi-UX', 'Equivalence_Line_23: NSGA2-random_dense-2P to NSGA3-greedy_multi-UX', 'Equivalence_Line_24: SMSEMOA-random_dense-HUX to AGEMOEA2-greedy_multi-2P', 'Equivalence_Line_25: NSGA2-random_dense-1P to SPEA2-greedy_multi-2P', 'Equivalence_Line_26: UNSGA3-random_dense-2P to NSGA2-greedy_multi-2P', 'Equivalence_Line_27: NSGA3-random_dense-2P to NSGA3-greedy_multi-2P', 'Equivalence_Line_28: SPEA2-random_dense-2P to UNSGA3-greedy_multi-2P', 'Equivalence_Line_29: UNSGA3-random_dense-1P to NSGA2-greedy_multi-1P', 'Equivalence_Line_30: SMSEMOA-random_dense-1P to SMSEMOA-greedy_multi-UX', 'Equivalence_Line_31: RVEA-random_dense-HUX to SMSEMOA-greedy_multi-HUX', 'Equivalence_Line_32: SPEA2-greedy_multi-HUX to RVEA-greedy_multi-2P', 'Equivalence_Line_33: RVEA-random_dense-2P to RVEA-greedy_multi-1P']"
NSGA3-greedy_multi-HUX,1.4426427402409099,"['Equivalence_Line_1: NSGA2-greedy_ting-UX to RVEA-greedy_ting-HUX', 'Equivalence_Line_2: NSGA2-greedy_ting-2P to RVEA-greedy_ting-UX', 'Equivalence_Line_3: AGEMOEA2-greedy_ting-2P to SPEA2-greedy_ting-2P', 'Equivalence_Line_4: AGEMOEA2-greedy_ting-1P to AGEMOEA2-random_dense-HUX', 'Equivalence_Line_5: SMSEMOA-greedy_ting-2P to AGEMOEA2-random_dense-UX', 'Equivalence_Line_6: AGEMOEA2-greedy_ting-UX to UNSGA3-random_dense-HUX', 'Equivalence_Line_7: AGEMOEA2-greedy_ting-HUX to NSGA3-random_dense-UX', 'Equivalence_Line_8: SMSEMOA-greedy_ting-1P to SPEA2-random_dense-HUX', 'Equivalence_Line_9: SMSEMOA-greedy_ting-HUX to NSGA2-random_dense-2P', 'Equivalence_Line_10: UNSGA3-greedy_ting-2P to SMSEMOA-random_dense-HUX', 'Equivalence_Line_11: UNSGA3-greedy_ting-1P to SMSEMOA-random_dense-UX', 'Equivalence_Line_12: NSGA3-greedy_ting-UX to AGEMOEA2-random_dense-2P', 'Equivalence_Line_13: SPEA2-greedy_ting-HUX to SPEA2-random_dense-2P', 'Equivalence_Line_14: NSGA2-random_dense-HUX to AGEMOEA2-random_dense-1P', 'Equivalence_Line_15: NSGA2-random_dense-UX to SMSEMOA-random_dense-2P', 'Equivalence_Line_16: RVEA-greedy_ting-2P to SMSEMOA-random_dense-1P', 'Equivalence_Line_17: RVEA-greedy_ting-HUX to RVEA-random_dense-UX', 'Equivalence_Line_18: AGEMOEA2-random_dense-HUX to SPEA2-greedy_multi-HUX', 'Equivalence_Line_19: AGEMOEA2-random_dense-UX to SPEA2-greedy_multi-UX', 'Equivalence_Line_20: NSGA3-random_dense-HUX to AGEMOEA2-greedy_multi-UX', 'Equivalence_Line_21: SPEA2-random_dense-HUX to AGEMOEA2-greedy_multi-HUX', 'Equivalence_Line_22: SPEA2-random_dense-UX to NSGA2-greedy_multi-UX', 'Equivalence_Line_23: NSGA2-random_dense-2P to NSGA3-greedy_multi-UX', 'Equivalence_Line_24: SMSEMOA-random_dense-HUX to AGEMOEA2-greedy_multi-2P', 'Equivalence_Line_25: NSGA2-random_dense-1P to SPEA2-greedy_multi-2P', 'Equivalence_Line_26: UNSGA3-random_dense-2P to NSGA2-greedy_multi-2P', 'Equivalence_Line_27: NSGA3-random_dense-2P to NSGA3-greedy_multi-2P', 'Equivalence_Line_28: SPEA2-random_dense-2P to UNSGA3-greedy_multi-2P', 'Equivalence_Line_29: UNSGA3-random_dense-1P to NSGA2-greedy_multi-1P', 'Equivalence_Line_30: SMSEMOA-random_dense-1P to SMSEMOA-greedy_multi-UX', 'Equivalence_Line_31: RVEA-random_dense-HUX to SMSEMOA-greedy_multi-HUX', 'Equivalence_Line_32: SPEA2-greedy_multi-HUX to RVEA-greedy_multi-2P', 'Equivalence_Line_33: RVEA-random_dense-2P to RVEA-greedy_multi-1P']"
AGEMOEA2-greedy_multi-2P,1.44472683360206,"['Equivalence_Line_1: NSGA2-greedy_ting-UX to RVEA-greedy_ting-HUX', 'Equivalence_Line_2: NSGA2-greedy_ting-2P to RVEA-greedy_ting-UX', 'Equivalence_Line_3: AGEMOEA2-greedy_ting-2P to SPEA2-greedy_ting-2P', 'Equivalence_Line_4: AGEMOEA2-greedy_ting-1P to AGEMOEA2-random_dense-HUX', 'Equivalence_Line_5: SMSEMOA-greedy_ting-2P to AGEMOEA2-random_dense-UX', 'Equivalence_Line_6: AGEMOEA2-greedy_ting-UX to UNSGA3-random_dense-HUX', 'Equivalence_Line_7: AGEMOEA2-greedy_ting-HUX to NSGA3-random_dense-UX', 'Equivalence_Line_8: SMSEMOA-greedy_ting-1P to SPEA2-random_dense-HUX', 'Equivalence_Line_9: SMSEMOA-greedy_ting-HUX to NSGA2-random_dense-2P', 'Equivalence_Line_10: UNSGA3-greedy_ting-2P to SMSEMOA-random_dense-HUX', 'Equivalence_Line_11: UNSGA3-greedy_ting-1P to SMSEMOA-random_dense-UX', 'Equivalence_Line_12: NSGA3-greedy_ting-UX to AGEMOEA2-random_dense-2P', 'Equivalence_Line_13: SPEA2-greedy_ting-HUX to SPEA2-random_dense-2P', 'Equivalence_Line_14: NSGA2-random_dense-HUX to AGEMOEA2-random_dense-1P', 'Equivalence_Line_15: NSGA2-random_dense-UX to SMSEMOA-random_dense-2P', 'Equivalence_Line_16: RVEA-greedy_ting-2P to SMSEMOA-random_dense-1P', 'Equivalence_Line_17: RVEA-greedy_ting-HUX to RVEA-random_dense-UX', 'Equivalence_Line_18: AGEMOEA2-random_dense-HUX to SPEA2-greedy_multi-HUX', 'Equivalence_Line_19: AGEMOEA2-random_dense-UX to SPEA2-greedy_multi-UX', 'Equivalence_Line_20: NSGA3-random_dense-HUX to AGEMOEA2-greedy_multi-UX', 'Equivalence_Line_21: SPEA2-random_dense-HUX to AGEMOEA2-greedy_multi-HUX', 'Equivalence_Line_22: SPEA2-random_dense-UX to NSGA2-greedy_multi-UX', 'Equivalence_Line_23: NSGA2-random_dense-2P to NSGA3-greedy_multi-UX', 'Equivalence_Line_24: SMSEMOA-random_dense-HUX to AGEMOEA2-greedy_multi-2P', 'Equivalence_Line_25: NSGA2-random_dense-1P to SPEA2-greedy_multi-2P', 'Equivalence_Line_26: UNSGA3-random_dense-2P to NSGA2-greedy_multi-2P', 'Equivalence_Line_27: NSGA3-random_dense-2P to NSGA3-greedy_multi-2P', 'Equivalence_Line_28: SPEA2-random_dense-2P to UNSGA3-greedy_multi-2P', 'Equivalence_Line_29: UNSGA3-random_dense-1P to NSGA2-greedy_multi-1P', 'Equivalence_Line_30: SMSEMOA-random_dense-1P to SMSEMOA-greedy_multi-UX', 'Equivalence_Line_31: RVEA-random_dense-HUX to SMSEMOA-greedy_multi-HUX', 'Equivalence_Line_32: SPEA2-greedy_multi-HUX to RVEA-greedy_multi-2P', 'Equivalence_Line_33: RVEA-random_dense-2P to RVEA-greedy_multi-1P']"
SPEA2-greedy_multi-2P,1.4504347293130417,"['Equivalence_Line_1: NSGA2-greedy_ting-UX to RVEA-greedy_ting-HUX', 'Equivalence_Line_2: NSGA2-greedy_ting-2P to RVEA-greedy_ting-UX', 'Equivalence_Line_3: AGEMOEA2-greedy_ting-2P to SPEA2-greedy_ting-2P', 'Equivalence_Line_4: AGEMOEA2-greedy_ting-1P to AGEMOEA2-random_dense-HUX', 'Equivalence_Line_5: SMSEMOA-greedy_ting-2P to AGEMOEA2-random_dense-UX', 'Equivalence_Line_6: AGEMOEA2-greedy_ting-UX to UNSGA3-random_dense-HUX', 'Equivalence_Line_7: AGEMOEA2-greedy_ting-HUX to NSGA3-random_dense-UX', 'Equivalence_Line_8: SMSEMOA-greedy_ting-1P to SPEA2-random_dense-HUX', 'Equivalence_Line_9: SMSEMOA-greedy_ting-HUX to NSGA2-random_dense-2P', 'Equivalence_Line_10: UNSGA3-greedy_ting-2P to SMSEMOA-random_dense-HUX', 'Equivalence_Line_11: UNSGA3-greedy_ting-1P to SMSEMOA-random_dense-UX', 'Equivalence_Line_12: NSGA3-greedy_ting-UX to AGEMOEA2-random_dense-2P', 'Equivalence_Line_13: SPEA2-greedy_ting-HUX to SPEA2-random_dense-2P', 'Equivalence_Line_14: NSGA2-random_dense-HUX to AGEMOEA2-random_dense-1P', 'Equivalence_Line_15: NSGA2-random_dense-UX to SMSEMOA-random_dense-2P', 'Equivalence_Line_16: RVEA-greedy_ting-2P to SMSEMOA-random_dense-1P', 'Equivalence_Line_17: RVEA-greedy_ting-HUX to RVEA-random_dense-UX', 'Equivalence_Line_18: AGEMOEA2-random_dense-HUX to SPEA2-greedy_multi-HUX', 'Equivalence_Line_19: AGEMOEA2-random_dense-UX to SPEA2-greedy_multi-UX', 'Equivalence_Line_20: NSGA3-random_dense-HUX to AGEMOEA2-greedy_multi-UX', 'Equivalence_Line_21: SPEA2-random_dense-HUX to AGEMOEA2-greedy_multi-HUX', 'Equivalence_Line_22: SPEA2-random_dense-UX to NSGA2-greedy_multi-UX', 'Equivalence_Line_23: NSGA2-random_dense-2P to NSGA3-greedy_multi-UX', 'Equivalence_Line_24: SMSEMOA-random_dense-HUX to AGEMOEA2-greedy_multi-2P', 'Equivalence_Line_25: NSGA2-random_dense-1P to SPEA2-greedy_multi-2P', 'Equivalence_Line_26: UNSGA3-random_dense-2P to NSGA2-greedy_multi-2P', 'Equivalence_Line_27: NSGA3-random_dense-2P to NSGA3-greedy_multi-2P', 'Equivalence_Line_28: SPEA2-random_dense-2P to UNSGA3-greedy_multi-2P', 'Equivalence_Line_29: UNSGA3-random_dense-1P to NSGA2-greedy_multi-1P', 'Equivalence_Line_30: SMSEMOA-random_dense-1P to SMSEMOA-greedy_multi-UX', 'Equivalence_Line_31: RVEA-random_dense-HUX to SMSEMOA-greedy_multi-HUX', 'Equivalence_Line_32: SPEA2-greedy_multi-HUX to RVEA-greedy_multi-2P', 'Equivalence_Line_33: RVEA-random_dense-2P to RVEA-greedy_multi-1P']"
SPEA2-greedy_multi-1P,1.4511833245394317,"['Equivalence_Line_1: NSGA2-greedy_ting-UX to RVEA-greedy_ting-HUX', 'Equivalence_Line_2: NSGA2-greedy_ting-2P to RVEA-greedy_ting-UX', 'Equivalence_Line_3: AGEMOEA2-greedy_ting-2P to SPEA2-greedy_ting-2P', 'Equivalence_Line_4: AGEMOEA2-greedy_ting-1P to AGEMOEA2-random_dense-HUX', 'Equivalence_Line_5: SMSEMOA-greedy_ting-2P to AGEMOEA2-random_dense-UX', 'Equivalence_Line_6: AGEMOEA2-greedy_ting-UX to UNSGA3-random_dense-HUX', 'Equivalence_Line_7: AGEMOEA2-greedy_ting-HUX to NSGA3-random_dense-UX', 'Equivalence_Line_8: SMSEMOA-greedy_ting-1P to SPEA2-random_dense-HUX', 'Equivalence_Line_9: SMSEMOA-greedy_ting-HUX to NSGA2-random_dense-2P', 'Equivalence_Line_10: UNSGA3-greedy_ting-2P to SMSEMOA-random_dense-HUX', 'Equivalence_Line_11: UNSGA3-greedy_ting-1P to SMSEMOA-random_dense-UX', 'Equivalence_Line_12: NSGA3-greedy_ting-UX to AGEMOEA2-random_dense-2P', 'Equivalence_Line_13: SPEA2-greedy_ting-HUX to SPEA2-random_dense-2P', 'Equivalence_Line_14: NSGA2-random_dense-HUX to AGEMOEA2-random_dense-1P', 'Equivalence_Line_15: NSGA2-random_dense-UX to SMSEMOA-random_dense-2P', 'Equivalence_Line_16: RVEA-greedy_ting-2P to SMSEMOA-random_dense-1P', 'Equivalence_Line_17: RVEA-greedy_ting-HUX to RVEA-random_dense-UX', 'Equivalence_Line_18: AGEMOEA2-random_dense-HUX to SPEA2-greedy_multi-HUX', 'Equivalence_Line_19: AGEMOEA2-random_dense-UX to SPEA2-greedy_multi-UX', 'Equivalence_Line_20: NSGA3-random_dense-HUX to AGEMOEA2-greedy_multi-UX', 'Equivalence_Line_21: SPEA2-random_dense-HUX to AGEMOEA2-greedy_multi-HUX', 'Equivalence_Line_22: SPEA2-random_dense-UX to NSGA2-greedy_multi-UX', 'Equivalence_Line_23: NSGA2-random_dense-2P to NSGA3-greedy_multi-UX', 'Equivalence_Line_24: SMSEMOA-random_dense-HUX to AGEMOEA2-greedy_multi-2P', 'Equivalence_Line_25: NSGA2-random_dense-1P to SPEA2-greedy_multi-2P', 'Equivalence_Line_26: UNSGA3-random_dense-2P to NSGA2-greedy_multi-2P', 'Equivalence_Line_27: NSGA3-random_dense-2P to NSGA3-greedy_multi-2P', 'Equivalence_Line_28: SPEA2-random_dense-2P to UNSGA3-greedy_multi-2P', 'Equivalence_Line_29: UNSGA3-random_dense-1P to NSGA2-greedy_multi-1P', 'Equivalence_Line_30: SMSEMOA-random_dense-1P to SMSEMOA-greedy_multi-UX', 'Equivalence_Line_31: RVEA-random_dense-HUX to SMSEMOA-greedy_multi-HUX', 'Equivalence_Line_32: SPEA2-greedy_multi-HUX to RVEA-greedy_multi-2P', 'Equivalence_Line_33: RVEA-random_dense-2P to RVEA-greedy_multi-1P']"
NSGA2-greedy_multi-2P,1.4514812628793476,"['Equivalence_Line_1: NSGA2-greedy_ting-UX to RVEA-greedy_ting-HUX', 'Equivalence_Line_2: NSGA2-greedy_ting-2P to RVEA-greedy_ting-UX', 'Equivalence_Line_3: AGEMOEA2-greedy_ting-2P to SPEA2-greedy_ting-2P', 'Equivalence_Line_4: AGEMOEA2-greedy_ting-1P to AGEMOEA2-random_dense-HUX', 'Equivalence_Line_5: SMSEMOA-greedy_ting-2P to AGEMOEA2-random_dense-UX', 'Equivalence_Line_6: AGEMOEA2-greedy_ting-UX to UNSGA3-random_dense-HUX', 'Equivalence_Line_7: AGEMOEA2-greedy_ting-HUX to NSGA3-random_dense-UX', 'Equivalence_Line_8: SMSEMOA-greedy_ting-1P to SPEA2-random_dense-HUX', 'Equivalence_Line_9: SMSEMOA-greedy_ting-HUX to NSGA2-random_dense-2P', 'Equivalence_Line_10: UNSGA3-greedy_ting-2P to SMSEMOA-random_dense-HUX', 'Equivalence_Line_11: UNSGA3-greedy_ting-1P to SMSEMOA-random_dense-UX', 'Equivalence_Line_12: NSGA3-greedy_ting-UX to AGEMOEA2-random_dense-2P', 'Equivalence_Line_13: SPEA2-greedy_ting-HUX to SPEA2-random_dense-2P', 'Equivalence_Line_14: NSGA2-random_dense-HUX to AGEMOEA2-random_dense-1P', 'Equivalence_Line_15: NSGA2-random_dense-UX to SMSEMOA-random_dense-2P', 'Equivalence_Line_16: RVEA-greedy_ting-2P to SMSEMOA-random_dense-1P', 'Equivalence_Line_17: RVEA-greedy_ting-HUX to RVEA-random_dense-UX', 'Equivalence_Line_18: AGEMOEA2-random_dense-HUX to SPEA2-greedy_multi-HUX', 'Equivalence_Line_19: AGEMOEA2-random_dense-UX to SPEA2-greedy_multi-UX', 'Equivalence_Line_20: NSGA3-random_dense-HUX to AGEMOEA2-greedy_multi-UX', 'Equivalence_Line_21: SPEA2-random_dense-HUX to AGEMOEA2-greedy_multi-HUX', 'Equivalence_Line_22: SPEA2-random_dense-UX to NSGA2-greedy_multi-UX', 'Equivalence_Line_23: NSGA2-random_dense-2P to NSGA3-greedy_multi-UX', 'Equivalence_Line_24: SMSEMOA-random_dense-HUX to AGEMOEA2-greedy_multi-2P', 'Equivalence_Line_25: NSGA2-random_dense-1P to SPEA2-greedy_multi-2P', 'Equivalence_Line_26: UNSGA3-random_dense-2P to NSGA2-greedy_multi-2P', 'Equivalence_Line_27: NSGA3-random_dense-2P to NSGA3-greedy_multi-2P', 'Equivalence_Line_28: SPEA2-random_dense-2P to UNSGA3-greedy_multi-2P', 'Equivalence_Line_29: UNSGA3-random_dense-1P to NSGA2-greedy_multi-1P', 'Equivalence_Line_30: SMSEMOA-random_dense-1P to SMSEMOA-greedy_multi-UX', 'Equivalence_Line_31: RVEA-random_dense-HUX to SMSEMOA-greedy_multi-HUX', 'Equivalence_Line_32: SPEA2-greedy_multi-HUX to RVEA-greedy_multi-2P', 'Equivalence_Line_33: RVEA-random_dense-2P to RVEA-greedy_multi-1P']"
AGEMOEA2-greedy_multi-1P,1.4527157891003752,"['Equivalence_Line_1: NSGA2-greedy_ting-UX to RVEA-greedy_ting-HUX', 'Equivalence_Line_2: NSGA2-greedy_ting-2P to RVEA-greedy_ting-UX', 'Equivalence_Line_3: AGEMOEA2-greedy_ting-2P to SPEA2-greedy_ting-2P', 'Equivalence_Line_4: AGEMOEA2-greedy_ting-1P to AGEMOEA2-random_dense-HUX', 'Equivalence_Line_5: SMSEMOA-greedy_ting-2P to AGEMOEA2-random_dense-UX', 'Equivalence_Line_6: AGEMOEA2-greedy_ting-UX to UNSGA3-random_dense-HUX', 'Equivalence_Line_7: AGEMOEA2-greedy_ting-HUX to NSGA3-random_dense-UX', 'Equivalence_Line_8: SMSEMOA-greedy_ting-1P to SPEA2-random_dense-HUX', 'Equivalence_Line_9: SMSEMOA-greedy_ting-HUX to NSGA2-random_dense-2P', 'Equivalence_Line_10: UNSGA3-greedy_ting-2P to SMSEMOA-random_dense-HUX', 'Equivalence_Line_11: UNSGA3-greedy_ting-1P to SMSEMOA-random_dense-UX', 'Equivalence_Line_12: NSGA3-greedy_ting-UX to AGEMOEA2-random_dense-2P', 'Equivalence_Line_13: SPEA2-greedy_ting-HUX to SPEA2-random_dense-2P', 'Equivalence_Line_14: NSGA2-random_dense-HUX to AGEMOEA2-random_dense-1P', 'Equivalence_Line_15: NSGA2-random_dense-UX to SMSEMOA-random_dense-2P', 'Equivalence_Line_16: RVEA-greedy_ting-2P to SMSEMOA-random_dense-1P', 'Equivalence_Line_17: RVEA-greedy_ting-HUX to RVEA-random_dense-UX', 'Equivalence_Line_18: AGEMOEA2-random_dense-HUX to SPEA2-greedy_multi-HUX', 'Equivalence_Line_19: AGEMOEA2-random_dense-UX to SPEA2-greedy_multi-UX', 'Equivalence_Line_20: NSGA3-random_dense-HUX to AGEMOEA2-greedy_multi-UX', 'Equivalence_Line_21: SPEA2-random_dense-HUX to AGEMOEA2-greedy_multi-HUX', 'Equivalence_Line_22: SPEA2-random_dense-UX to NSGA2-greedy_multi-UX', 'Equivalence_Line_23: NSGA2-random_dense-2P to NSGA3-greedy_multi-UX', 'Equivalence_Line_24: SMSEMOA-random_dense-HUX to AGEMOEA2-greedy_multi-2P', 'Equivalence_Line_25: NSGA2-random_dense-1P to SPEA2-greedy_multi-2P', 'Equivalence_Line_26: UNSGA3-random_dense-2P to NSGA2-greedy_multi-2P', 'Equivalence_Line_27: NSGA3-random_dense-2P to NSGA3-greedy_multi-2P', 'Equivalence_Line_28: SPEA2-random_dense-2P to UNSGA3-greedy_multi-2P', 'Equivalence_Line_29: UNSGA3-random_dense-1P to NSGA2-greedy_multi-1P', 'Equivalence_Line_30: SMSEMOA-random_dense-1P to SMSEMOA-greedy_multi-UX', 'Equivalence_Line_31: RVEA-random_dense-HUX to SMSEMOA-greedy_multi-HUX', 'Equivalence_Line_32: SPEA2-greedy_multi-HUX to RVEA-greedy_multi-2P', 'Equivalence_Line_33: RVEA-random_dense-2P to RVEA-greedy_multi-1P']"
NSGA3-greedy_multi-2P,1.4529397535618906,"['Equivalence_Line_1: NSGA2-greedy_ting-UX to RVEA-greedy_ting-HUX', 'Equivalence_Line_2: NSGA2-greedy_ting-2P to RVEA-greedy_ting-UX', 'Equivalence_Line_3: AGEMOEA2-greedy_ting-2P to SPEA2-greedy_ting-2P', 'Equivalence_Line_4: AGEMOEA2-greedy_ting-1P to AGEMOEA2-random_dense-HUX', 'Equivalence_Line_5: SMSEMOA-greedy_ting-2P to AGEMOEA2-random_dense-UX', 'Equivalence_Line_6: AGEMOEA2-greedy_ting-UX to UNSGA3-random_dense-HUX', 'Equivalence_Line_7: AGEMOEA2-greedy_ting-HUX to NSGA3-random_dense-UX', 'Equivalence_Line_8: SMSEMOA-greedy_ting-1P to SPEA2-random_dense-HUX', 'Equivalence_Line_9: SMSEMOA-greedy_ting-HUX to NSGA2-random_dense-2P', 'Equivalence_Line_10: UNSGA3-greedy_ting-2P to SMSEMOA-random_dense-HUX', 'Equivalence_Line_11: UNSGA3-greedy_ting-1P to SMSEMOA-random_dense-UX', 'Equivalence_Line_12: NSGA3-greedy_ting-UX to AGEMOEA2-random_dense-2P', 'Equivalence_Line_13: SPEA2-greedy_ting-HUX to SPEA2-random_dense-2P', 'Equivalence_Line_14: NSGA2-random_dense-HUX to AGEMOEA2-random_dense-1P', 'Equivalence_Line_15: NSGA2-random_dense-UX to SMSEMOA-random_dense-2P', 'Equivalence_Line_16: RVEA-greedy_ting-2P to SMSEMOA-random_dense-1P', 'Equivalence_Line_17: RVEA-greedy_ting-HUX to RVEA-random_dense-UX', 'Equivalence_Line_18: AGEMOEA2-random_dense-HUX to SPEA2-greedy_multi-HUX', 'Equivalence_Line_19: AGEMOEA2-random_dense-UX to SPEA2-greedy_multi-UX', 'Equivalence_Line_20: NSGA3-random_dense-HUX to AGEMOEA2-greedy_multi-UX', 'Equivalence_Line_21: SPEA2-random_dense-HUX to AGEMOEA2-greedy_multi-HUX', 'Equivalence_Line_22: SPEA2-random_dense-UX to NSGA2-greedy_multi-UX', 'Equivalence_Line_23: NSGA2-random_dense-2P to NSGA3-greedy_multi-UX', 'Equivalence_Line_24: SMSEMOA-random_dense-HUX to AGEMOEA2-greedy_multi-2P', 'Equivalence_Line_25: NSGA2-random_dense-1P to SPEA2-greedy_multi-2P', 'Equivalence_Line_26: UNSGA3-random_dense-2P to NSGA2-greedy_multi-2P', 'Equivalence_Line_27: NSGA3-random_dense-2P to NSGA3-greedy_multi-2P', 'Equivalence_Line_28: SPEA2-random_dense-2P to UNSGA3-greedy_multi-2P', 'Equivalence_Line_29: UNSGA3-random_dense-1P to NSGA2-greedy_multi-1P', 'Equivalence_Line_30: SMSEMOA-random_dense-1P to SMSEMOA-greedy_multi-UX', 'Equivalence_Line_31: RVEA-random_dense-HUX to SMSEMOA-greedy_multi-HUX', 'Equivalence_Line_32: SPEA2-greedy_multi-HUX to RVEA-greedy_multi-2P', 'Equivalence_Line_33: RVEA-random_dense-2P to RVEA-greedy_multi-1P']"
UNSGA3-greedy_multi-2P,1.4555253126733612,"['Equivalence_Line_1: NSGA2-greedy_ting-UX to RVEA-greedy_ting-HUX', 'Equivalence_Line_2: NSGA2-greedy_ting-2P to RVEA-greedy_ting-UX', 'Equivalence_Line_3: AGEMOEA2-greedy_ting-2P to SPEA2-greedy_ting-2P', 'Equivalence_Line_4: AGEMOEA2-greedy_ting-1P to AGEMOEA2-random_dense-HUX', 'Equivalence_Line_5: SMSEMOA-greedy_ting-2P to AGEMOEA2-random_dense-UX', 'Equivalence_Line_6: AGEMOEA2-greedy_ting-UX to UNSGA3-random_dense-HUX', 'Equivalence_Line_7: AGEMOEA2-greedy_ting-HUX to NSGA3-random_dense-UX', 'Equivalence_Line_8: SMSEMOA-greedy_ting-1P to SPEA2-random_dense-HUX', 'Equivalence_Line_9: SMSEMOA-greedy_ting-HUX to NSGA2-random_dense-2P', 'Equivalence_Line_10: UNSGA3-greedy_ting-2P to SMSEMOA-random_dense-HUX', 'Equivalence_Line_11: UNSGA3-greedy_ting-1P to SMSEMOA-random_dense-UX', 'Equivalence_Line_12: NSGA3-greedy_ting-UX to AGEMOEA2-random_dense-2P', 'Equivalence_Line_13: SPEA2-greedy_ting-HUX to SPEA2-random_dense-2P', 'Equivalence_Line_14: NSGA2-random_dense-HUX to AGEMOEA2-random_dense-1P', 'Equivalence_Line_15: NSGA2-random_dense-UX to SMSEMOA-random_dense-2P', 'Equivalence_Line_16: RVEA-greedy_ting-2P to SMSEMOA-random_dense-1P', 'Equivalence_Line_17: RVEA-greedy_ting-HUX to RVEA-random_dense-UX', 'Equivalence_Line_18: AGEMOEA2-random_dense-HUX to SPEA2-greedy_multi-HUX', 'Equivalence_Line_19: AGEMOEA2-random_dense-UX to SPEA2-greedy_multi-UX', 'Equivalence_Line_20: NSGA3-random_dense-HUX to AGEMOEA2-greedy_multi-UX', 'Equivalence_Line_21: SPEA2-random_dense-HUX to AGEMOEA2-greedy_multi-HUX', 'Equivalence_Line_22: SPEA2-random_dense-UX to NSGA2-greedy_multi-UX', 'Equivalence_Line_23: NSGA2-random_dense-2P to NSGA3-greedy_multi-UX', 'Equivalence_Line_24: SMSEMOA-random_dense-HUX to AGEMOEA2-greedy_multi-2P', 'Equivalence_Line_25: NSGA2-random_dense-1P to SPEA2-greedy_multi-2P', 'Equivalence_Line_26: UNSGA3-random_dense-2P to NSGA2-greedy_multi-2P', 'Equivalence_Line_27: NSGA3-random_dense-2P to NSGA3-greedy_multi-2P', 'Equivalence_Line_28: SPEA2-random_dense-2P to UNSGA3-greedy_multi-2P', 'Equivalence_Line_29: UNSGA3-random_dense-1P to NSGA2-greedy_multi-1P', 'Equivalence_Line_30: SMSEMOA-random_dense-1P to SMSEMOA-greedy_multi-UX', 'Equivalence_Line_31: RVEA-random_dense-HUX to SMSEMOA-greedy_multi-HUX', 'Equivalence_Line_32: SPEA2-greedy_multi-HUX to RVEA-greedy_multi-2P', 'Equivalence_Line_33: RVEA-random_dense-2P to RVEA-greedy_multi-1P']"
NSGA2-greedy_multi-1P,1.4593487601925397,"['Equivalence_Line_1: NSGA2-greedy_ting-UX to RVEA-greedy_ting-HUX', 'Equivalence_Line_2: NSGA2-greedy_ting-2P to RVEA-greedy_ting-UX', 'Equivalence_Line_3: AGEMOEA2-greedy_ting-2P to SPEA2-greedy_ting-2P', 'Equivalence_Line_4: AGEMOEA2-greedy_ting-1P to AGEMOEA2-random_dense-HUX', 'Equivalence_Line_5: SMSEMOA-greedy_ting-2P to AGEMOEA2-random_dense-UX', 'Equivalence_Line_6: AGEMOEA2-greedy_ting-UX to UNSGA3-random_dense-HUX', 'Equivalence_Line_7: AGEMOEA2-greedy_ting-HUX to NSGA3-random_dense-UX', 'Equivalence_Line_8: SMSEMOA-greedy_ting-1P to SPEA2-random_dense-HUX', 'Equivalence_Line_9: SMSEMOA-greedy_ting-HUX to NSGA2-random_dense-2P', 'Equivalence_Line_10: UNSGA3-greedy_ting-2P to SMSEMOA-random_dense-HUX', 'Equivalence_Line_11: UNSGA3-greedy_ting-1P to SMSEMOA-random_dense-UX', 'Equivalence_Line_12: NSGA3-greedy_ting-UX to AGEMOEA2-random_dense-2P', 'Equivalence_Line_13: SPEA2-greedy_ting-HUX to SPEA2-random_dense-2P', 'Equivalence_Line_14: NSGA2-random_dense-HUX to AGEMOEA2-random_dense-1P', 'Equivalence_Line_15: NSGA2-random_dense-UX to SMSEMOA-random_dense-2P', 'Equivalence_Line_16: RVEA-greedy_ting-2P to SMSEMOA-random_dense-1P', 'Equivalence_Line_17: RVEA-greedy_ting-HUX to RVEA-random_dense-UX', 'Equivalence_Line_18: AGEMOEA2-random_dense-HUX to SPEA2-greedy_multi-HUX', 'Equivalence_Line_19: AGEMOEA2-random_dense-UX to SPEA2-greedy_multi-UX', 'Equivalence_Line_20: NSGA3-random_dense-HUX to AGEMOEA2-greedy_multi-UX', 'Equivalence_Line_21: SPEA2-random_dense-HUX to AGEMOEA2-greedy_multi-HUX', 'Equivalence_Line_22: SPEA2-random_dense-UX to NSGA2-greedy_multi-UX', 'Equivalence_Line_23: NSGA2-random_dense-2P to NSGA3-greedy_multi-UX', 'Equivalence_Line_24: SMSEMOA-random_dense-HUX to AGEMOEA2-greedy_multi-2P', 'Equivalence_Line_25: NSGA2-random_dense-1P to SPEA2-greedy_multi-2P', 'Equivalence_Line_26: UNSGA3-random_dense-2P to NSGA2-greedy_multi-2P', 'Equivalence_Line_27: NSGA3-random_dense-2P to NSGA3-greedy_multi-2P', 'Equivalence_Line_28: SPEA2-random_dense-2P to UNSGA3-greedy_multi-2P', 'Equivalence_Line_29: UNSGA3-random_dense-1P to NSGA2-greedy_multi-1P', 'Equivalence_Line_30: SMSEMOA-random_dense-1P to SMSEMOA-greedy_multi-UX', 'Equivalence_Line_31: RVEA-random_dense-HUX to SMSEMOA-greedy_multi-HUX', 'Equivalence_Line_32: SPEA2-greedy_multi-HUX to RVEA-greedy_multi-2P', 'Equivalence_Line_33: RVEA-random_dense-2P to RVEA-greedy_multi-1P']"
UNSGA3-greedy_multi-1P,1.4601780539163225,"['Equivalence_Line_1: NSGA2-greedy_ting-UX to RVEA-greedy_ting-HUX', 'Equivalence_Line_2: NSGA2-greedy_ting-2P to RVEA-greedy_ting-UX', 'Equivalence_Line_3: AGEMOEA2-greedy_ting-2P to SPEA2-greedy_ting-2P', 'Equivalence_Line_4: AGEMOEA2-greedy_ting-1P to AGEMOEA2-random_dense-HUX', 'Equivalence_Line_5: SMSEMOA-greedy_ting-2P to AGEMOEA2-random_dense-UX', 'Equivalence_Line_6: AGEMOEA2-greedy_ting-UX to UNSGA3-random_dense-HUX', 'Equivalence_Line_7: AGEMOEA2-greedy_ting-HUX to NSGA3-random_dense-UX', 'Equivalence_Line_8: SMSEMOA-greedy_ting-1P to SPEA2-random_dense-HUX', 'Equivalence_Line_9: SMSEMOA-greedy_ting-HUX to NSGA2-random_dense-2P', 'Equivalence_Line_10: UNSGA3-greedy_ting-2P to SMSEMOA-random_dense-HUX', 'Equivalence_Line_11: UNSGA3-greedy_ting-1P to SMSEMOA-random_dense-UX', 'Equivalence_Line_12: NSGA3-greedy_ting-UX to AGEMOEA2-random_dense-2P', 'Equivalence_Line_13: SPEA2-greedy_ting-HUX to SPEA2-random_dense-2P', 'Equivalence_Line_14: NSGA2-random_dense-HUX to AGEMOEA2-random_dense-1P', 'Equivalence_Line_15: NSGA2-random_dense-UX to SMSEMOA-random_dense-2P', 'Equivalence_Line_16: RVEA-greedy_ting-2P to SMSEMOA-random_dense-1P', 'Equivalence_Line_17: RVEA-greedy_ting-HUX to RVEA-random_dense-UX', 'Equivalence_Line_18: AGEMOEA2-random_dense-HUX to SPEA2-greedy_multi-HUX', 'Equivalence_Line_19: AGEMOEA2-random_dense-UX to SPEA2-greedy_multi-UX', 'Equivalence_Line_20: NSGA3-random_dense-HUX to AGEMOEA2-greedy_multi-UX', 'Equivalence_Line_21: SPEA2-random_dense-HUX to AGEMOEA2-greedy_multi-HUX', 'Equivalence_Line_22: SPEA2-random_dense-UX to NSGA2-greedy_multi-UX', 'Equivalence_Line_23: NSGA2-random_dense-2P to NSGA3-greedy_multi-UX', 'Equivalence_Line_24: SMSEMOA-random_dense-HUX to AGEMOEA2-greedy_multi-2P', 'Equivalence_Line_25: NSGA2-random_dense-1P to SPEA2-greedy_multi-2P', 'Equivalence_Line_26: UNSGA3-random_dense-2P to NSGA2-greedy_multi-2P', 'Equivalence_Line_27: NSGA3-random_dense-2P to NSGA3-greedy_multi-2P', 'Equivalence_Line_28: SPEA2-random_dense-2P to UNSGA3-greedy_multi-2P', 'Equivalence_Line_29: UNSGA3-random_dense-1P to NSGA2-greedy_multi-1P', 'Equivalence_Line_30: SMSEMOA-random_dense-1P to SMSEMOA-greedy_multi-UX', 'Equivalence_Line_31: RVEA-random_dense-HUX to SMSEMOA-greedy_multi-HUX', 'Equivalence_Line_32: SPEA2-greedy_multi-HUX to RVEA-greedy_multi-2P', 'Equivalence_Line_33: RVEA-random_dense-2P to RVEA-greedy_multi-1P']"
NSGA3-greedy_multi-1P,1.4611344980505743,"['Equivalence_Line_1: NSGA2-greedy_ting-UX to RVEA-greedy_ting-HUX', 'Equivalence_Line_2: NSGA2-greedy_ting-2P to RVEA-greedy_ting-UX', 'Equivalence_Line_3: AGEMOEA2-greedy_ting-2P to SPEA2-greedy_ting-2P', 'Equivalence_Line_4: AGEMOEA2-greedy_ting-1P to AGEMOEA2-random_dense-HUX', 'Equivalence_Line_5: SMSEMOA-greedy_ting-2P to AGEMOEA2-random_dense-UX', 'Equivalence_Line_6: AGEMOEA2-greedy_ting-UX to UNSGA3-random_dense-HUX', 'Equivalence_Line_7: AGEMOEA2-greedy_ting-HUX to NSGA3-random_dense-UX', 'Equivalence_Line_8: SMSEMOA-greedy_ting-1P to SPEA2-random_dense-HUX', 'Equivalence_Line_9: SMSEMOA-greedy_ting-HUX to NSGA2-random_dense-2P', 'Equivalence_Line_10: UNSGA3-greedy_ting-2P to SMSEMOA-random_dense-HUX', 'Equivalence_Line_11: UNSGA3-greedy_ting-1P to SMSEMOA-random_dense-UX', 'Equivalence_Line_12: NSGA3-greedy_ting-UX to AGEMOEA2-random_dense-2P', 'Equivalence_Line_13: SPEA2-greedy_ting-HUX to SPEA2-random_dense-2P', 'Equivalence_Line_14: NSGA2-random_dense-HUX to AGEMOEA2-random_dense-1P', 'Equivalence_Line_15: NSGA2-random_dense-UX to SMSEMOA-random_dense-2P', 'Equivalence_Line_16: RVEA-greedy_ting-2P to SMSEMOA-random_dense-1P', 'Equivalence_Line_17: RVEA-greedy_ting-HUX to RVEA-random_dense-UX', 'Equivalence_Line_18: AGEMOEA2-random_dense-HUX to SPEA2-greedy_multi-HUX', 'Equivalence_Line_19: AGEMOEA2-random_dense-UX to SPEA2-greedy_multi-UX', 'Equivalence_Line_20: NSGA3-random_dense-HUX to AGEMOEA2-greedy_multi-UX', 'Equivalence_Line_21: SPEA2-random_dense-HUX to AGEMOEA2-greedy_multi-HUX', 'Equivalence_Line_22: SPEA2-random_dense-UX to NSGA2-greedy_multi-UX', 'Equivalence_Line_23: NSGA2-random_dense-2P to NSGA3-greedy_multi-UX', 'Equivalence_Line_24: SMSEMOA-random_dense-HUX to AGEMOEA2-greedy_multi-2P', 'Equivalence_Line_25: NSGA2-random_dense-1P to SPEA2-greedy_multi-2P', 'Equivalence_Line_26: UNSGA3-random_dense-2P to NSGA2-greedy_multi-2P', 'Equivalence_Line_27: NSGA3-random_dense-2P to NSGA3-greedy_multi-2P', 'Equivalence_Line_28: SPEA2-random_dense-2P to UNSGA3-greedy_multi-2P', 'Equivalence_Line_29: UNSGA3-random_dense-1P to NSGA2-greedy_multi-1P', 'Equivalence_Line_30: SMSEMOA-random_dense-1P to SMSEMOA-greedy_multi-UX', 'Equivalence_Line_31: RVEA-random_dense-HUX to SMSEMOA-greedy_multi-HUX', 'Equivalence_Line_32: SPEA2-greedy_multi-HUX to RVEA-greedy_multi-2P', 'Equivalence_Line_33: RVEA-random_dense-2P to RVEA-greedy_multi-1P']"
RVEA-greedy_multi-UX,1.463673966301921,"['Equivalence_Line_1: NSGA2-greedy_ting-UX to RVEA-greedy_ting-HUX', 'Equivalence_Line_2: NSGA2-greedy_ting-2P to RVEA-greedy_ting-UX', 'Equivalence_Line_3: AGEMOEA2-greedy_ting-2P to SPEA2-greedy_ting-2P', 'Equivalence_Line_4: AGEMOEA2-greedy_ting-1P to AGEMOEA2-random_dense-HUX', 'Equivalence_Line_5: SMSEMOA-greedy_ting-2P to AGEMOEA2-random_dense-UX', 'Equivalence_Line_6: AGEMOEA2-greedy_ting-UX to UNSGA3-random_dense-HUX', 'Equivalence_Line_7: AGEMOEA2-greedy_ting-HUX to NSGA3-random_dense-UX', 'Equivalence_Line_8: SMSEMOA-greedy_ting-1P to SPEA2-random_dense-HUX', 'Equivalence_Line_9: SMSEMOA-greedy_ting-HUX to NSGA2-random_dense-2P', 'Equivalence_Line_10: UNSGA3-greedy_ting-2P to SMSEMOA-random_dense-HUX', 'Equivalence_Line_11: UNSGA3-greedy_ting-1P to SMSEMOA-random_dense-UX', 'Equivalence_Line_12: NSGA3-greedy_ting-UX to AGEMOEA2-random_dense-2P', 'Equivalence_Line_13: SPEA2-greedy_ting-HUX to SPEA2-random_dense-2P', 'Equivalence_Line_14: NSGA2-random_dense-HUX to AGEMOEA2-random_dense-1P', 'Equivalence_Line_15: NSGA2-random_dense-UX to SMSEMOA-random_dense-2P', 'Equivalence_Line_16: RVEA-greedy_ting-2P to SMSEMOA-random_dense-1P', 'Equivalence_Line_17: RVEA-greedy_ting-HUX to RVEA-random_dense-UX', 'Equivalence_Line_18: AGEMOEA2-random_dense-HUX to SPEA2-greedy_multi-HUX', 'Equivalence_Line_19: AGEMOEA2-random_dense-UX to SPEA2-greedy_multi-UX', 'Equivalence_Line_20: NSGA3-random_dense-HUX to AGEMOEA2-greedy_multi-UX', 'Equivalence_Line_21: SPEA2-random_dense-HUX to AGEMOEA2-greedy_multi-HUX', 'Equivalence_Line_22: SPEA2-random_dense-UX to NSGA2-greedy_multi-UX', 'Equivalence_Line_23: NSGA2-random_dense-2P to NSGA3-greedy_multi-UX', 'Equivalence_Line_24: SMSEMOA-random_dense-HUX to AGEMOEA2-greedy_multi-2P', 'Equivalence_Line_25: NSGA2-random_dense-1P to SPEA2-greedy_multi-2P', 'Equivalence_Line_26: UNSGA3-random_dense-2P to NSGA2-greedy_multi-2P', 'Equivalence_Line_27: NSGA3-random_dense-2P to NSGA3-greedy_multi-2P', 'Equivalence_Line_28: SPEA2-random_dense-2P to UNSGA3-greedy_multi-2P', 'Equivalence_Line_29: UNSGA3-random_dense-1P to NSGA2-greedy_multi-1P', 'Equivalence_Line_30: SMSEMOA-random_dense-1P to SMSEMOA-greedy_multi-UX', 'Equivalence_Line_31: RVEA-random_dense-HUX to SMSEMOA-greedy_multi-HUX', 'Equivalence_Line_32: SPEA2-greedy_multi-HUX to RVEA-greedy_multi-2P', 'Equivalence_Line_33: RVEA-random_dense-2P to RVEA-greedy_multi-1P']"
RVEA-greedy_multi-HUX,1.4638738767239714,"['Equivalence_Line_1: NSGA2-greedy_ting-UX to RVEA-greedy_ting-HUX', 'Equivalence_Line_2: NSGA2-greedy_ting-2P to RVEA-greedy_ting-UX', 'Equivalence_Line_3: AGEMOEA2-greedy_ting-2P to SPEA2-greedy_ting-2P', 'Equivalence_Line_4: AGEMOEA2-greedy_ting-1P to AGEMOEA2-random_dense-HUX', 'Equivalence_Line_5: SMSEMOA-greedy_ting-2P to AGEMOEA2-random_dense-UX', 'Equivalence_Line_6: AGEMOEA2-greedy_ting-UX to UNSGA3-random_dense-HUX', 'Equivalence_Line_7: AGEMOEA2-greedy_ting-HUX to NSGA3-random_dense-UX', 'Equivalence_Line_8: SMSEMOA-greedy_ting-1P to SPEA2-random_dense-HUX', 'Equivalence_Line_9: SMSEMOA-greedy_ting-HUX to NSGA2-random_dense-2P', 'Equivalence_Line_10: UNSGA3-greedy_ting-2P to SMSEMOA-random_dense-HUX', 'Equivalence_Line_11: UNSGA3-greedy_ting-1P to SMSEMOA-random_dense-UX', 'Equivalence_Line_12: NSGA3-greedy_ting-UX to AGEMOEA2-random_dense-2P', 'Equivalence_Line_13: SPEA2-greedy_ting-HUX to SPEA2-random_dense-2P', 'Equivalence_Line_14: NSGA2-random_dense-HUX to AGEMOEA2-random_dense-1P', 'Equivalence_Line_15: NSGA2-random_dense-UX to SMSEMOA-random_dense-2P', 'Equivalence_Line_16: RVEA-greedy_ting-2P to SMSEMOA-random_dense-1P', 'Equivalence_Line_17: RVEA-greedy_ting-HUX to RVEA-random_dense-UX', 'Equivalence_Line_18: AGEMOEA2-random_dense-HUX to SPEA2-greedy_multi-HUX', 'Equivalence_Line_19: AGEMOEA2-random_dense-UX to SPEA2-greedy_multi-UX', 'Equivalence_Line_20: NSGA3-random_dense-HUX to AGEMOEA2-greedy_multi-UX', 'Equivalence_Line_21: SPEA2-random_dense-HUX to AGEMOEA2-greedy_multi-HUX', 'Equivalence_Line_22: SPEA2-random_dense-UX to NSGA2-greedy_multi-UX', 'Equivalence_Line_23: NSGA2-random_dense-2P to NSGA3-greedy_multi-UX', 'Equivalence_Line_24: SMSEMOA-random_dense-HUX to AGEMOEA2-greedy_multi-2P', 'Equivalence_Line_25: NSGA2-random_dense-1P to SPEA2-greedy_multi-2P', 'Equivalence_Line_26: UNSGA3-random_dense-2P to NSGA2-greedy_multi-2P', 'Equivalence_Line_27: NSGA3-random_dense-2P to NSGA3-greedy_multi-2P', 'Equivalence_Line_28: SPEA2-random_dense-2P to UNSGA3-greedy_multi-2P', 'Equivalence_Line_29: UNSGA3-random_dense-1P to NSGA2-greedy_multi-1P', 'Equivalence_Line_30: SMSEMOA-random_dense-1P to SMSEMOA-greedy_multi-UX', 'Equivalence_Line_31: RVEA-random_dense-HUX to SMSEMOA-greedy_multi-HUX', 'Equivalence_Line_32: SPEA2-greedy_multi-HUX to RVEA-greedy_multi-2P', 'Equivalence_Line_33: RVEA-random_dense-2P to RVEA-greedy_multi-1P']"
SMSEMOA-greedy_multi-UX,1.4643529456546163,"['Equivalence_Line_1: NSGA2-greedy_ting-UX to RVEA-greedy_ting-HUX', 'Equivalence_Line_2: NSGA2-greedy_ting-2P to RVEA-greedy_ting-UX', 'Equivalence_Line_3: AGEMOEA2-greedy_ting-2P to SPEA2-greedy_ting-2P', 'Equivalence_Line_4: AGEMOEA2-greedy_ting-1P to AGEMOEA2-random_dense-HUX', 'Equivalence_Line_5: SMSEMOA-greedy_ting-2P to AGEMOEA2-random_dense-UX', 'Equivalence_Line_6: AGEMOEA2-greedy_ting-UX to UNSGA3-random_dense-HUX', 'Equivalence_Line_7: AGEMOEA2-greedy_ting-HUX to NSGA3-random_dense-UX', 'Equivalence_Line_8: SMSEMOA-greedy_ting-1P to SPEA2-random_dense-HUX', 'Equivalence_Line_9: SMSEMOA-greedy_ting-HUX to NSGA2-random_dense-2P', 'Equivalence_Line_10: UNSGA3-greedy_ting-2P to SMSEMOA-random_dense-HUX', 'Equivalence_Line_11: UNSGA3-greedy_ting-1P to SMSEMOA-random_dense-UX', 'Equivalence_Line_12: NSGA3-greedy_ting-UX to AGEMOEA2-random_dense-2P', 'Equivalence_Line_13: SPEA2-greedy_ting-HUX to SPEA2-random_dense-2P', 'Equivalence_Line_14: NSGA2-random_dense-HUX to AGEMOEA2-random_dense-1P', 'Equivalence_Line_15: NSGA2-random_dense-UX to SMSEMOA-random_dense-2P', 'Equivalence_Line_16: RVEA-greedy_ting-2P to SMSEMOA-random_dense-1P', 'Equivalence_Line_17: RVEA-greedy_ting-HUX to RVEA-random_dense-UX', 'Equivalence_Line_18: AGEMOEA2-random_dense-HUX to SPEA2-greedy_multi-HUX', 'Equivalence_Line_19: AGEMOEA2-random_dense-UX to SPEA2-greedy_multi-UX', 'Equivalence_Line_20: NSGA3-random_dense-HUX to AGEMOEA2-greedy_multi-UX', 'Equivalence_Line_21: SPEA2-random_dense-HUX to AGEMOEA2-greedy_multi-HUX', 'Equivalence_Line_22: SPEA2-random_dense-UX to NSGA2-greedy_multi-UX', 'Equivalence_Line_23: NSGA2-random_dense-2P to NSGA3-greedy_multi-UX', 'Equivalence_Line_24: SMSEMOA-random_dense-HUX to AGEMOEA2-greedy_multi-2P', 'Equivalence_Line_25: NSGA2-random_dense-1P to SPEA2-greedy_multi-2P', 'Equivalence_Line_26: UNSGA3-random_dense-2P to NSGA2-greedy_multi-2P', 'Equivalence_Line_27: NSGA3-random_dense-2P to NSGA3-greedy_multi-2P', 'Equivalence_Line_28: SPEA2-random_dense-2P to UNSGA3-greedy_multi-2P', 'Equivalence_Line_29: UNSGA3-random_dense-1P to NSGA2-greedy_multi-1P', 'Equivalence_Line_30: SMSEMOA-random_dense-1P to SMSEMOA-greedy_multi-UX', 'Equivalence_Line_31: RVEA-random_dense-HUX to SMSEMOA-greedy_multi-HUX', 'Equivalence_Line_32: SPEA2-greedy_multi-HUX to RVEA-greedy_multi-2P', 'Equivalence_Line_33: RVEA-random_dense-2P to RVEA-greedy_multi-1P']"
SMSEMOA-greedy_multi-HUX,1.465460744149966,"['Equivalence_Line_1: NSGA2-greedy_ting-UX to RVEA-greedy_ting-HUX', 'Equivalence_Line_2: NSGA2-greedy_ting-2P to RVEA-greedy_ting-UX', 'Equivalence_Line_3: AGEMOEA2-greedy_ting-2P to SPEA2-greedy_ting-2P', 'Equivalence_Line_4: AGEMOEA2-greedy_ting-1P to AGEMOEA2-random_dense-HUX', 'Equivalence_Line_5: SMSEMOA-greedy_ting-2P to AGEMOEA2-random_dense-UX', 'Equivalence_Line_6: AGEMOEA2-greedy_ting-UX to UNSGA3-random_dense-HUX', 'Equivalence_Line_7: AGEMOEA2-greedy_ting-HUX to NSGA3-random_dense-UX', 'Equivalence_Line_8: SMSEMOA-greedy_ting-1P to SPEA2-random_dense-HUX', 'Equivalence_Line_9: SMSEMOA-greedy_ting-HUX to NSGA2-random_dense-2P', 'Equivalence_Line_10: UNSGA3-greedy_ting-2P to SMSEMOA-random_dense-HUX', 'Equivalence_Line_11: UNSGA3-greedy_ting-1P to SMSEMOA-random_dense-UX', 'Equivalence_Line_12: NSGA3-greedy_ting-UX to AGEMOEA2-random_dense-2P', 'Equivalence_Line_13: SPEA2-greedy_ting-HUX to SPEA2-random_dense-2P', 'Equivalence_Line_14: NSGA2-random_dense-HUX to AGEMOEA2-random_dense-1P', 'Equivalence_Line_15: NSGA2-random_dense-UX to SMSEMOA-random_dense-2P', 'Equivalence_Line_16: RVEA-greedy_ting-2P to SMSEMOA-random_dense-1P', 'Equivalence_Line_17: RVEA-greedy_ting-HUX to RVEA-random_dense-UX', 'Equivalence_Line_18: AGEMOEA2-random_dense-HUX to SPEA2-greedy_multi-HUX', 'Equivalence_Line_19: AGEMOEA2-random_dense-UX to SPEA2-greedy_multi-UX', 'Equivalence_Line_20: NSGA3-random_dense-HUX to AGEMOEA2-greedy_multi-UX', 'Equivalence_Line_21: SPEA2-random_dense-HUX to AGEMOEA2-greedy_multi-HUX', 'Equivalence_Line_22: SPEA2-random_dense-UX to NSGA2-greedy_multi-UX', 'Equivalence_Line_23: NSGA2-random_dense-2P to NSGA3-greedy_multi-UX', 'Equivalence_Line_24: SMSEMOA-random_dense-HUX to AGEMOEA2-greedy_multi-2P', 'Equivalence_Line_25: NSGA2-random_dense-1P to SPEA2-greedy_multi-2P', 'Equivalence_Line_26: UNSGA3-random_dense-2P to NSGA2-greedy_multi-2P', 'Equivalence_Line_27: NSGA3-random_dense-2P to NSGA3-greedy_multi-2P', 'Equivalence_Line_28: SPEA2-random_dense-2P to UNSGA3-greedy_multi-2P', 'Equivalence_Line_29: UNSGA3-random_dense-1P to NSGA2-greedy_multi-1P', 'Equivalence_Line_30: SMSEMOA-random_dense-1P to SMSEMOA-greedy_multi-UX', 'Equivalence_Line_31: RVEA-random_dense-HUX to SMSEMOA-greedy_multi-HUX', 'Equivalence_Line_32: SPEA2-greedy_multi-HUX to RVEA-greedy_multi-2P', 'Equivalence_Line_33: RVEA-random_dense-2P to RVEA-greedy_multi-1P']"
SMSEMOA-greedy_multi-1P,1.4690256320532356,"['Equivalence_Line_1: NSGA2-greedy_ting-UX to RVEA-greedy_ting-HUX', 'Equivalence_Line_2: NSGA2-greedy_ting-2P to RVEA-greedy_ting-UX', 'Equivalence_Line_3: AGEMOEA2-greedy_ting-2P to SPEA2-greedy_ting-2P', 'Equivalence_Line_4: AGEMOEA2-greedy_ting-1P to AGEMOEA2-random_dense-HUX', 'Equivalence_Line_5: SMSEMOA-greedy_ting-2P to AGEMOEA2-random_dense-UX', 'Equivalence_Line_6: AGEMOEA2-greedy_ting-UX to UNSGA3-random_dense-HUX', 'Equivalence_Line_7: AGEMOEA2-greedy_ting-HUX to NSGA3-random_dense-UX', 'Equivalence_Line_8: SMSEMOA-greedy_ting-1P to SPEA2-random_dense-HUX', 'Equivalence_Line_9: SMSEMOA-greedy_ting-HUX to NSGA2-random_dense-2P', 'Equivalence_Line_10: UNSGA3-greedy_ting-2P to SMSEMOA-random_dense-HUX', 'Equivalence_Line_11: UNSGA3-greedy_ting-1P to SMSEMOA-random_dense-UX', 'Equivalence_Line_12: NSGA3-greedy_ting-UX to AGEMOEA2-random_dense-2P', 'Equivalence_Line_13: SPEA2-greedy_ting-HUX to SPEA2-random_dense-2P', 'Equivalence_Line_14: NSGA2-random_dense-HUX to AGEMOEA2-random_dense-1P', 'Equivalence_Line_15: NSGA2-random_dense-UX to SMSEMOA-random_dense-2P', 'Equivalence_Line_16: RVEA-greedy_ting-2P to SMSEMOA-random_dense-1P', 'Equivalence_Line_17: RVEA-greedy_ting-HUX to RVEA-random_dense-UX', 'Equivalence_Line_18: AGEMOEA2-random_dense-HUX to SPEA2-greedy_multi-HUX', 'Equivalence_Line_19: AGEMOEA2-random_dense-UX to SPEA2-greedy_multi-UX', 'Equivalence_Line_20: NSGA3-random_dense-HUX to AGEMOEA2-greedy_multi-UX', 'Equivalence_Line_21: SPEA2-random_dense-HUX to AGEMOEA2-greedy_multi-HUX', 'Equivalence_Line_22: SPEA2-random_dense-UX to NSGA2-greedy_multi-UX', 'Equivalence_Line_23: NSGA2-random_dense-2P to NSGA3-greedy_multi-UX', 'Equivalence_Line_24: SMSEMOA-random_dense-HUX to AGEMOEA2-greedy_multi-2P', 'Equivalence_Line_25: NSGA2-random_dense-1P to SPEA2-greedy_multi-2P', 'Equivalence_Line_26: UNSGA3-random_dense-2P to NSGA2-greedy_multi-2P', 'Equivalence_Line_27: NSGA3-random_dense-2P to NSGA3-greedy_multi-2P', 'Equivalence_Line_28: SPEA2-random_dense-2P to UNSGA3-greedy_multi-2P', 'Equivalence_Line_29: UNSGA3-random_dense-1P to NSGA2-greedy_multi-1P', 'Equivalence_Line_30: SMSEMOA-random_dense-1P to SMSEMOA-greedy_multi-UX', 'Equivalence_Line_31: RVEA-random_dense-HUX to SMSEMOA-greedy_multi-HUX', 'Equivalence_Line_32: SPEA2-greedy_multi-HUX to RVEA-greedy_multi-2P', 'Equivalence_Line_33: RVEA-random_dense-2P to RVEA-greedy_multi-1P']"
SMSEMOA-greedy_multi-2P,1.4698649186039163,"['Equivalence_Line_1: NSGA2-greedy_ting-UX to RVEA-greedy_ting-HUX', 'Equivalence_Line_2: NSGA2-greedy_ting-2P to RVEA-greedy_ting-UX', 'Equivalence_Line_3: AGEMOEA2-greedy_ting-2P to SPEA2-greedy_ting-2P', 'Equivalence_Line_4: AGEMOEA2-greedy_ting-1P to AGEMOEA2-random_dense-HUX', 'Equivalence_Line_5: SMSEMOA-greedy_ting-2P to AGEMOEA2-random_dense-UX', 'Equivalence_Line_6: AGEMOEA2-greedy_ting-UX to UNSGA3-random_dense-HUX', 'Equivalence_Line_7: AGEMOEA2-greedy_ting-HUX to NSGA3-random_dense-UX', 'Equivalence_Line_8: SMSEMOA-greedy_ting-1P to SPEA2-random_dense-HUX', 'Equivalence_Line_9: SMSEMOA-greedy_ting-HUX to NSGA2-random_dense-2P', 'Equivalence_Line_10: UNSGA3-greedy_ting-2P to SMSEMOA-random_dense-HUX', 'Equivalence_Line_11: UNSGA3-greedy_ting-1P to SMSEMOA-random_dense-UX', 'Equivalence_Line_12: NSGA3-greedy_ting-UX to AGEMOEA2-random_dense-2P', 'Equivalence_Line_13: SPEA2-greedy_ting-HUX to SPEA2-random_dense-2P', 'Equivalence_Line_14: NSGA2-random_dense-HUX to AGEMOEA2-random_dense-1P', 'Equivalence_Line_15: NSGA2-random_dense-UX to SMSEMOA-random_dense-2P', 'Equivalence_Line_16: RVEA-greedy_ting-2P to SMSEMOA-random_dense-1P', 'Equivalence_Line_17: RVEA-greedy_ting-HUX to RVEA-random_dense-UX', 'Equivalence_Line_18: AGEMOEA2-random_dense-HUX to SPEA2-greedy_multi-HUX', 'Equivalence_Line_19: AGEMOEA2-random_dense-UX to SPEA2-greedy_multi-UX', 'Equivalence_Line_20: NSGA3-random_dense-HUX to AGEMOEA2-greedy_multi-UX', 'Equivalence_Line_21: SPEA2-random_dense-HUX to AGEMOEA2-greedy_multi-HUX', 'Equivalence_Line_22: SPEA2-random_dense-UX to NSGA2-greedy_multi-UX', 'Equivalence_Line_23: NSGA2-random_dense-2P to NSGA3-greedy_multi-UX', 'Equivalence_Line_24: SMSEMOA-random_dense-HUX to AGEMOEA2-greedy_multi-2P', 'Equivalence_Line_25: NSGA2-random_dense-1P to SPEA2-greedy_multi-2P', 'Equivalence_Line_26: UNSGA3-random_dense-2P to NSGA2-greedy_multi-2P', 'Equivalence_Line_27: NSGA3-random_dense-2P to NSGA3-greedy_multi-2P', 'Equivalence_Line_28: SPEA2-random_dense-2P to UNSGA3-greedy_multi-2P', 'Equivalence_Line_29: UNSGA3-random_dense-1P to NSGA2-greedy_multi-1P', 'Equivalence_Line_30: SMSEMOA-random_dense-1P to SMSEMOA-greedy_multi-UX', 'Equivalence_Line_31: RVEA-random_dense-HUX to SMSEMOA-greedy_multi-HUX', 'Equivalence_Line_32: SPEA2-greedy_multi-HUX to RVEA-greedy_multi-2P', 'Equivalence_Line_33: RVEA-random_dense-2P to RVEA-greedy_multi-1P']"
RVEA-greedy_multi-2P,1.478133384160803,"['Equivalence_Line_1: NSGA2-greedy_ting-UX to RVEA-greedy_ting-HUX', 'Equivalence_Line_2: NSGA2-greedy_ting-2P to RVEA-greedy_ting-UX', 'Equivalence_Line_3: AGEMOEA2-greedy_ting-2P to SPEA2-greedy_ting-2P', 'Equivalence_Line_4: AGEMOEA2-greedy_ting-1P to AGEMOEA2-random_dense-HUX', 'Equivalence_Line_5: SMSEMOA-greedy_ting-2P to AGEMOEA2-random_dense-UX', 'Equivalence_Line_6: AGEMOEA2-greedy_ting-UX to UNSGA3-random_dense-HUX', 'Equivalence_Line_7: AGEMOEA2-greedy_ting-HUX to NSGA3-random_dense-UX', 'Equivalence_Line_8: SMSEMOA-greedy_ting-1P to SPEA2-random_dense-HUX', 'Equivalence_Line_9: SMSEMOA-greedy_ting-HUX to NSGA2-random_dense-2P', 'Equivalence_Line_10: UNSGA3-greedy_ting-2P to SMSEMOA-random_dense-HUX', 'Equivalence_Line_11: UNSGA3-greedy_ting-1P to SMSEMOA-random_dense-UX', 'Equivalence_Line_12: NSGA3-greedy_ting-UX to AGEMOEA2-random_dense-2P', 'Equivalence_Line_13: SPEA2-greedy_ting-HUX to SPEA2-random_dense-2P', 'Equivalence_Line_14: NSGA2-random_dense-HUX to AGEMOEA2-random_dense-1P', 'Equivalence_Line_15: NSGA2-random_dense-UX to SMSEMOA-random_dense-2P', 'Equivalence_Line_16: RVEA-greedy_ting-2P to SMSEMOA-random_dense-1P', 'Equivalence_Line_17: RVEA-greedy_ting-HUX to RVEA-random_dense-UX', 'Equivalence_Line_18: AGEMOEA2-random_dense-HUX to SPEA2-greedy_multi-HUX', 'Equivalence_Line_19: AGEMOEA2-random_dense-UX to SPEA2-greedy_multi-UX', 'Equivalence_Line_20: NSGA3-random_dense-HUX to AGEMOEA2-greedy_multi-UX', 'Equivalence_Line_21: SPEA2-random_dense-HUX to AGEMOEA2-greedy_multi-HUX', 'Equivalence_Line_22: SPEA2-random_dense-UX to NSGA2-greedy_multi-UX', 'Equivalence_Line_23: NSGA2-random_dense-2P to NSGA3-greedy_multi-UX', 'Equivalence_Line_24: SMSEMOA-random_dense-HUX to AGEMOEA2-greedy_multi-2P', 'Equivalence_Line_25: NSGA2-random_dense-1P to SPEA2-greedy_multi-2P', 'Equivalence_Line_26: UNSGA3-random_dense-2P to NSGA2-greedy_multi-2P', 'Equivalence_Line_27: NSGA3-random_dense-2P to NSGA3-greedy_multi-2P', 'Equivalence_Line_28: SPEA2-random_dense-2P to UNSGA3-greedy_multi-2P', 'Equivalence_Line_29: UNSGA3-random_dense-1P to NSGA2-greedy_multi-1P', 'Equivalence_Line_30: SMSEMOA-random_dense-1P to SMSEMOA-greedy_multi-UX', 'Equivalence_Line_31: RVEA-random_dense-HUX to SMSEMOA-greedy_multi-HUX', 'Equivalence_Line_32: SPEA2-greedy_multi-HUX to RVEA-greedy_multi-2P', 'Equivalence_Line_33: RVEA-random_dense-2P to RVEA-greedy_multi-1P']"
RVEA-greedy_multi-1P,1.485422806601957,"['Equivalence_Line_1: NSGA2-greedy_ting-UX to RVEA-greedy_ting-HUX', 'Equivalence_Line_2: NSGA2-greedy_ting-2P to RVEA-greedy_ting-UX', 'Equivalence_Line_3: AGEMOEA2-greedy_ting-2P to SPEA2-greedy_ting-2P', 'Equivalence_Line_4: AGEMOEA2-greedy_ting-1P to AGEMOEA2-random_dense-HUX', 'Equivalence_Line_5: SMSEMOA-greedy_ting-2P to AGEMOEA2-random_dense-UX', 'Equivalence_Line_6: AGEMOEA2-greedy_ting-UX to UNSGA3-random_dense-HUX', 'Equivalence_Line_7: AGEMOEA2-greedy_ting-HUX to NSGA3-random_dense-UX', 'Equivalence_Line_8: SMSEMOA-greedy_ting-1P to SPEA2-random_dense-HUX', 'Equivalence_Line_9: SMSEMOA-greedy_ting-HUX to NSGA2-random_dense-2P', 'Equivalence_Line_10: UNSGA3-greedy_ting-2P to SMSEMOA-random_dense-HUX', 'Equivalence_Line_11: UNSGA3-greedy_ting-1P to SMSEMOA-random_dense-UX', 'Equivalence_Line_12: NSGA3-greedy_ting-UX to AGEMOEA2-random_dense-2P', 'Equivalence_Line_13: SPEA2-greedy_ting-HUX to SPEA2-random_dense-2P', 'Equivalence_Line_14: NSGA2-random_dense-HUX to AGEMOEA2-random_dense-1P', 'Equivalence_Line_15: NSGA2-random_dense-UX to SMSEMOA-random_dense-2P', 'Equivalence_Line_16: RVEA-greedy_ting-2P to SMSEMOA-random_dense-1P', 'Equivalence_Line_17: RVEA-greedy_ting-HUX to RVEA-random_dense-UX', 'Equivalence_Line_18: AGEMOEA2-random_dense-HUX to SPEA2-greedy_multi-HUX', 'Equivalence_Line_19: AGEMOEA2-random_dense-UX to SPEA2-greedy_multi-UX', 'Equivalence_Line_20: NSGA3-random_dense-HUX to AGEMOEA2-greedy_multi-UX', 'Equivalence_Line_21: SPEA2-random_dense-HUX to AGEMOEA2-greedy_multi-HUX', 'Equivalence_Line_22: SPEA2-random_dense-UX to NSGA2-greedy_multi-UX', 'Equivalence_Line_23: NSGA2-random_dense-2P to NSGA3-greedy_multi-UX', 'Equivalence_Line_24: SMSEMOA-random_dense-HUX to AGEMOEA2-greedy_multi-2P', 'Equivalence_Line_25: NSGA2-random_dense-1P to SPEA2-greedy_multi-2P', 'Equivalence_Line_26: UNSGA3-random_dense-2P to NSGA2-greedy_multi-2P', 'Equivalence_Line_27: NSGA3-random_dense-2P to NSGA3-greedy_multi-2P', 'Equivalence_Line_28: SPEA2-random_dense-2P to UNSGA3-greedy_multi-2P', 'Equivalence_Line_29: UNSGA3-random_dense-1P to NSGA2-greedy_multi-1P', 'Equivalence_Line_30: SMSEMOA-random_dense-1P to SMSEMOA-greedy_multi-UX', 'Equivalence_Line_31: RVEA-random_dense-HUX to SMSEMOA-greedy_multi-HUX', 'Equivalence_Line_32: SPEA2-greedy_multi-HUX to RVEA-greedy_multi-2P', 'Equivalence_Line_33: RVEA-random_dense-2P to RVEA-greedy_multi-1P']"
