Group,Mean,Equivalence_Lines
AGEMOEA2-greedy_multi-UX,0.2866087159868418,"['Equivalence_Line_1: AGEMOEA2-greedy_multi-UX to SPEA2-random_dense-HUX', 'Equivalence_Line_2: NSGA3-greedy_multi-UX to NSGA2-greedy_multi-UX', 'Equivalence_Line_3: UNSGA3-greedy_multi-2P to SMSEMOA-greedy_multi-HUX', 'Equivalence_Line_4: NSGA3-greedy_multi-2P to SMSEMOA-random_dense-2P', 'Equivalence_Line_5: NSGA3-random_dense-HUX to NSGA2-greedy_multi-HUX', 'Equivalence_Line_6: NSGA3-random_dense-UX to SMSEMOA-greedy_multi-2P', 'Equivalence_Line_7: AGEMOEA2-random_dense-UX to AGEMOEA2-random_dense-2P', 'Equivalence_Line_8: AGEMOEA2-random_dense-HUX to UNSGA3-random_dense-2P', 'Equivalence_Line_9: SMSEMOA-greedy_ting-1P to NSGA3-greedy_ting-UX', 'Equivalence_Line_10: AGEMOEA2-greedy_ting-HUX to SPEA2-greedy_ting-UX', 'Equivalence_Line_11: SPEA2-random_dense-UX to AGEMOEA2-greedy_ting-2P', 'Equivalence_Line_12: NSGA2-random_dense-HUX to NSGA3-random_dense-1P', 'Equivalence_Line_13: NSGA2-greedy_multi-UX to SPEA2-greedy_ting-2P', 'Equivalence_Line_14: SMSEMOA-greedy_multi-1P to NSGA2-greedy_multi-1P', 'Equivalence_Line_15: NSGA2-greedy_multi-HUX to NSGA2-greedy_ting-UX', 'Equivalence_Line_16: RVEA-greedy_multi-2P to UNSGA3-greedy_ting-2P', 'Equivalence_Line_17: SPEA2-random_dense-2P to NSGA3-greedy_ting-2P', 'Equivalence_Line_18: RVEA-greedy_multi-UX to NSGA3-greedy_ting-1P', 'Equivalence_Line_19: UNSGA3-greedy_ting-UX to UNSGA3-greedy_ting-1P', 'Equivalence_Line_20: AGEMOEA2-greedy_ting-2P to RVEA-random_dense-1P', 'Equivalence_Line_21: AGEMOEA2-random_dense-1P to RVEA-greedy_ting-UX', 'Equivalence_Line_22: SPEA2-random_dense-1P to RVEA-greedy_ting-1P']"
AGEMOEA2-greedy_multi-HUX,0.2865599458862192,"['Equivalence_Line_1: AGEMOEA2-greedy_multi-UX to SPEA2-random_dense-HUX', 'Equivalence_Line_2: NSGA3-greedy_multi-UX to NSGA2-greedy_multi-UX', 'Equivalence_Line_3: UNSGA3-greedy_multi-2P to SMSEMOA-greedy_multi-HUX', 'Equivalence_Line_4: NSGA3-greedy_multi-2P to SMSEMOA-random_dense-2P', 'Equivalence_Line_5: NSGA3-random_dense-HUX to NSGA2-greedy_multi-HUX', 'Equivalence_Line_6: NSGA3-random_dense-UX to SMSEMOA-greedy_multi-2P', 'Equivalence_Line_7: AGEMOEA2-random_dense-UX to AGEMOEA2-random_dense-2P', 'Equivalence_Line_8: AGEMOEA2-random_dense-HUX to UNSGA3-random_dense-2P', 'Equivalence_Line_9: SMSEMOA-greedy_ting-1P to NSGA3-greedy_ting-UX', 'Equivalence_Line_10: AGEMOEA2-greedy_ting-HUX to SPEA2-greedy_ting-UX', 'Equivalence_Line_11: SPEA2-random_dense-UX to AGEMOEA2-greedy_ting-2P', 'Equivalence_Line_12: NSGA2-random_dense-HUX to NSGA3-random_dense-1P', 'Equivalence_Line_13: NSGA2-greedy_multi-UX to SPEA2-greedy_ting-2P', 'Equivalence_Line_14: SMSEMOA-greedy_multi-1P to NSGA2-greedy_multi-1P', 'Equivalence_Line_15: NSGA2-greedy_multi-HUX to NSGA2-greedy_ting-UX', 'Equivalence_Line_16: RVEA-greedy_multi-2P to UNSGA3-greedy_ting-2P', 'Equivalence_Line_17: SPEA2-random_dense-2P to NSGA3-greedy_ting-2P', 'Equivalence_Line_18: RVEA-greedy_multi-UX to NSGA3-greedy_ting-1P', 'Equivalence_Line_19: UNSGA3-greedy_ting-UX to UNSGA3-greedy_ting-1P', 'Equivalence_Line_20: AGEMOEA2-greedy_ting-2P to RVEA-random_dense-1P', 'Equivalence_Line_21: AGEMOEA2-random_dense-1P to RVEA-greedy_ting-UX', 'Equivalence_Line_22: SPEA2-random_dense-1P to RVEA-greedy_ting-1P']"
SMSEMOA-greedy_ting-HUX,0.2863748293752522,"['Equivalence_Line_1: AGEMOEA2-greedy_multi-UX to SPEA2-random_dense-HUX', 'Equivalence_Line_2: NSGA3-greedy_multi-UX to NSGA2-greedy_multi-UX', 'Equivalence_Line_3: UNSGA3-greedy_multi-2P to SMSEMOA-greedy_multi-HUX', 'Equivalence_Line_4: NSGA3-greedy_multi-2P to SMSEMOA-random_dense-2P', 'Equivalence_Line_5: NSGA3-random_dense-HUX to NSGA2-greedy_multi-HUX', 'Equivalence_Line_6: NSGA3-random_dense-UX to SMSEMOA-greedy_multi-2P', 'Equivalence_Line_7: AGEMOEA2-random_dense-UX to AGEMOEA2-random_dense-2P', 'Equivalence_Line_8: AGEMOEA2-random_dense-HUX to UNSGA3-random_dense-2P', 'Equivalence_Line_9: SMSEMOA-greedy_ting-1P to NSGA3-greedy_ting-UX', 'Equivalence_Line_10: AGEMOEA2-greedy_ting-HUX to SPEA2-greedy_ting-UX', 'Equivalence_Line_11: SPEA2-random_dense-UX to AGEMOEA2-greedy_ting-2P', 'Equivalence_Line_12: NSGA2-random_dense-HUX to NSGA3-random_dense-1P', 'Equivalence_Line_13: NSGA2-greedy_multi-UX to SPEA2-greedy_ting-2P', 'Equivalence_Line_14: SMSEMOA-greedy_multi-1P to NSGA2-greedy_multi-1P', 'Equivalence_Line_15: NSGA2-greedy_multi-HUX to NSGA2-greedy_ting-UX', 'Equivalence_Line_16: RVEA-greedy_multi-2P to UNSGA3-greedy_ting-2P', 'Equivalence_Line_17: SPEA2-random_dense-2P to NSGA3-greedy_ting-2P', 'Equivalence_Line_18: RVEA-greedy_multi-UX to NSGA3-greedy_ting-1P', 'Equivalence_Line_19: UNSGA3-greedy_ting-UX to UNSGA3-greedy_ting-1P', 'Equivalence_Line_20: AGEMOEA2-greedy_ting-2P to RVEA-random_dense-1P', 'Equivalence_Line_21: AGEMOEA2-random_dense-1P to RVEA-greedy_ting-UX', 'Equivalence_Line_22: SPEA2-random_dense-1P to RVEA-greedy_ting-1P']"
AGEMOEA2-greedy_multi-2P,0.2842762756742711,"['Equivalence_Line_1: AGEMOEA2-greedy_multi-UX to SPEA2-random_dense-HUX', 'Equivalence_Line_2: NSGA3-greedy_multi-UX to NSGA2-greedy_multi-UX', 'Equivalence_Line_3: UNSGA3-greedy_multi-2P to SMSEMOA-greedy_multi-HUX', 'Equivalence_Line_4: NSGA3-greedy_multi-2P to SMSEMOA-random_dense-2P', 'Equivalence_Line_5: NSGA3-random_dense-HUX to NSGA2-greedy_multi-HUX', 'Equivalence_Line_6: NSGA3-random_dense-UX to SMSEMOA-greedy_multi-2P', 'Equivalence_Line_7: AGEMOEA2-random_dense-UX to AGEMOEA2-random_dense-2P', 'Equivalence_Line_8: AGEMOEA2-random_dense-HUX to UNSGA3-random_dense-2P', 'Equivalence_Line_9: SMSEMOA-greedy_ting-1P to NSGA3-greedy_ting-UX', 'Equivalence_Line_10: AGEMOEA2-greedy_ting-HUX to SPEA2-greedy_ting-UX', 'Equivalence_Line_11: SPEA2-random_dense-UX to AGEMOEA2-greedy_ting-2P', 'Equivalence_Line_12: NSGA2-random_dense-HUX to NSGA3-random_dense-1P', 'Equivalence_Line_13: NSGA2-greedy_multi-UX to SPEA2-greedy_ting-2P', 'Equivalence_Line_14: SMSEMOA-greedy_multi-1P to NSGA2-greedy_multi-1P', 'Equivalence_Line_15: NSGA2-greedy_multi-HUX to NSGA2-greedy_ting-UX', 'Equivalence_Line_16: RVEA-greedy_multi-2P to UNSGA3-greedy_ting-2P', 'Equivalence_Line_17: SPEA2-random_dense-2P to NSGA3-greedy_ting-2P', 'Equivalence_Line_18: RVEA-greedy_multi-UX to NSGA3-greedy_ting-1P', 'Equivalence_Line_19: UNSGA3-greedy_ting-UX to UNSGA3-greedy_ting-1P', 'Equivalence_Line_20: AGEMOEA2-greedy_ting-2P to RVEA-random_dense-1P', 'Equivalence_Line_21: AGEMOEA2-random_dense-1P to RVEA-greedy_ting-UX', 'Equivalence_Line_22: SPEA2-random_dense-1P to RVEA-greedy_ting-1P']"
SMSEMOA-greedy_ting-UX,0.28407690720649414,"['Equivalence_Line_1: AGEMOEA2-greedy_multi-UX to SPEA2-random_dense-HUX', 'Equivalence_Line_2: NSGA3-greedy_multi-UX to NSGA2-greedy_multi-UX', 'Equivalence_Line_3: UNSGA3-greedy_multi-2P to SMSEMOA-greedy_multi-HUX', 'Equivalence_Line_4: NSGA3-greedy_multi-2P to SMSEMOA-random_dense-2P', 'Equivalence_Line_5: NSGA3-random_dense-HUX to NSGA2-greedy_multi-HUX', 'Equivalence_Line_6: NSGA3-random_dense-UX to SMSEMOA-greedy_multi-2P', 'Equivalence_Line_7: AGEMOEA2-random_dense-UX to AGEMOEA2-random_dense-2P', 'Equivalence_Line_8: AGEMOEA2-random_dense-HUX to UNSGA3-random_dense-2P', 'Equivalence_Line_9: SMSEMOA-greedy_ting-1P to NSGA3-greedy_ting-UX', 'Equivalence_Line_10: AGEMOEA2-greedy_ting-HUX to SPEA2-greedy_ting-UX', 'Equivalence_Line_11: SPEA2-random_dense-UX to AGEMOEA2-greedy_ting-2P', 'Equivalence_Line_12: NSGA2-random_dense-HUX to NSGA3-random_dense-1P', 'Equivalence_Line_13: NSGA2-greedy_multi-UX to SPEA2-greedy_ting-2P', 'Equivalence_Line_14: SMSEMOA-greedy_multi-1P to NSGA2-greedy_multi-1P', 'Equivalence_Line_15: NSGA2-greedy_multi-HUX to NSGA2-greedy_ting-UX', 'Equivalence_Line_16: RVEA-greedy_multi-2P to UNSGA3-greedy_ting-2P', 'Equivalence_Line_17: SPEA2-random_dense-2P to NSGA3-greedy_ting-2P', 'Equivalence_Line_18: RVEA-greedy_multi-UX to NSGA3-greedy_ting-1P', 'Equivalence_Line_19: UNSGA3-greedy_ting-UX to UNSGA3-greedy_ting-1P', 'Equivalence_Line_20: AGEMOEA2-greedy_ting-2P to RVEA-random_dense-1P', 'Equivalence_Line_21: AGEMOEA2-random_dense-1P to RVEA-greedy_ting-UX', 'Equivalence_Line_22: SPEA2-random_dense-1P to RVEA-greedy_ting-1P']"
AGEMOEA2-greedy_multi-1P,0.28253448379484475,"['Equivalence_Line_1: AGEMOEA2-greedy_multi-UX to SPEA2-random_dense-HUX', 'Equivalence_Line_2: NSGA3-greedy_multi-UX to NSGA2-greedy_multi-UX', 'Equivalence_Line_3: UNSGA3-greedy_multi-2P to SMSEMOA-greedy_multi-HUX', 'Equivalence_Line_4: NSGA3-greedy_multi-2P to SMSEMOA-random_dense-2P', 'Equivalence_Line_5: NSGA3-random_dense-HUX to NSGA2-greedy_multi-HUX', 'Equivalence_Line_6: NSGA3-random_dense-UX to SMSEMOA-greedy_multi-2P', 'Equivalence_Line_7: AGEMOEA2-random_dense-UX to AGEMOEA2-random_dense-2P', 'Equivalence_Line_8: AGEMOEA2-random_dense-HUX to UNSGA3-random_dense-2P', 'Equivalence_Line_9: SMSEMOA-greedy_ting-1P to NSGA3-greedy_ting-UX', 'Equivalence_Line_10: AGEMOEA2-greedy_ting-HUX to SPEA2-greedy_ting-UX', 'Equivalence_Line_11: SPEA2-random_dense-UX to AGEMOEA2-greedy_ting-2P', 'Equivalence_Line_12: NSGA2-random_dense-HUX to NSGA3-random_dense-1P', 'Equivalence_Line_13: NSGA2-greedy_multi-UX to SPEA2-greedy_ting-2P', 'Equivalence_Line_14: SMSEMOA-greedy_multi-1P to NSGA2-greedy_multi-1P', 'Equivalence_Line_15: NSGA2-greedy_multi-HUX to NSGA2-greedy_ting-UX', 'Equivalence_Line_16: RVEA-greedy_multi-2P to UNSGA3-greedy_ting-2P', 'Equivalence_Line_17: SPEA2-random_dense-2P to NSGA3-greedy_ting-2P', 'Equivalence_Line_18: RVEA-greedy_multi-UX to NSGA3-greedy_ting-1P', 'Equivalence_Line_19: UNSGA3-greedy_ting-UX to UNSGA3-greedy_ting-1P', 'Equivalence_Line_20: AGEMOEA2-greedy_ting-2P to RVEA-random_dense-1P', 'Equivalence_Line_21: AGEMOEA2-random_dense-1P to RVEA-greedy_ting-UX', 'Equivalence_Line_22: SPEA2-random_dense-1P to RVEA-greedy_ting-1P']"
UNSGA3-greedy_multi-HUX,0.2820327902914832,"['Equivalence_Line_1: AGEMOEA2-greedy_multi-UX to SPEA2-random_dense-HUX', 'Equivalence_Line_2: NSGA3-greedy_multi-UX to NSGA2-greedy_multi-UX', 'Equivalence_Line_3: UNSGA3-greedy_multi-2P to SMSEMOA-greedy_multi-HUX', 'Equivalence_Line_4: NSGA3-greedy_multi-2P to SMSEMOA-random_dense-2P', 'Equivalence_Line_5: NSGA3-random_dense-HUX to NSGA2-greedy_multi-HUX', 'Equivalence_Line_6: NSGA3-random_dense-UX to SMSEMOA-greedy_multi-2P', 'Equivalence_Line_7: AGEMOEA2-random_dense-UX to AGEMOEA2-random_dense-2P', 'Equivalence_Line_8: AGEMOEA2-random_dense-HUX to UNSGA3-random_dense-2P', 'Equivalence_Line_9: SMSEMOA-greedy_ting-1P to NSGA3-greedy_ting-UX', 'Equivalence_Line_10: AGEMOEA2-greedy_ting-HUX to SPEA2-greedy_ting-UX', 'Equivalence_Line_11: SPEA2-random_dense-UX to AGEMOEA2-greedy_ting-2P', 'Equivalence_Line_12: NSGA2-random_dense-HUX to NSGA3-random_dense-1P', 'Equivalence_Line_13: NSGA2-greedy_multi-UX to SPEA2-greedy_ting-2P', 'Equivalence_Line_14: SMSEMOA-greedy_multi-1P to NSGA2-greedy_multi-1P', 'Equivalence_Line_15: NSGA2-greedy_multi-HUX to NSGA2-greedy_ting-UX', 'Equivalence_Line_16: RVEA-greedy_multi-2P to UNSGA3-greedy_ting-2P', 'Equivalence_Line_17: SPEA2-random_dense-2P to NSGA3-greedy_ting-2P', 'Equivalence_Line_18: RVEA-greedy_multi-UX to NSGA3-greedy_ting-1P', 'Equivalence_Line_19: UNSGA3-greedy_ting-UX to UNSGA3-greedy_ting-1P', 'Equivalence_Line_20: AGEMOEA2-greedy_ting-2P to RVEA-random_dense-1P', 'Equivalence_Line_21: AGEMOEA2-random_dense-1P to RVEA-greedy_ting-UX', 'Equivalence_Line_22: SPEA2-random_dense-1P to RVEA-greedy_ting-1P']"
NSGA3-greedy_multi-UX,0.2807903063908903,"['Equivalence_Line_1: AGEMOEA2-greedy_multi-UX to SPEA2-random_dense-HUX', 'Equivalence_Line_2: NSGA3-greedy_multi-UX to NSGA2-greedy_multi-UX', 'Equivalence_Line_3: UNSGA3-greedy_multi-2P to SMSEMOA-greedy_multi-HUX', 'Equivalence_Line_4: NSGA3-greedy_multi-2P to SMSEMOA-random_dense-2P', 'Equivalence_Line_5: NSGA3-random_dense-HUX to NSGA2-greedy_multi-HUX', 'Equivalence_Line_6: NSGA3-random_dense-UX to SMSEMOA-greedy_multi-2P', 'Equivalence_Line_7: AGEMOEA2-random_dense-UX to AGEMOEA2-random_dense-2P', 'Equivalence_Line_8: AGEMOEA2-random_dense-HUX to UNSGA3-random_dense-2P', 'Equivalence_Line_9: SMSEMOA-greedy_ting-1P to NSGA3-greedy_ting-UX', 'Equivalence_Line_10: AGEMOEA2-greedy_ting-HUX to SPEA2-greedy_ting-UX', 'Equivalence_Line_11: SPEA2-random_dense-UX to AGEMOEA2-greedy_ting-2P', 'Equivalence_Line_12: NSGA2-random_dense-HUX to NSGA3-random_dense-1P', 'Equivalence_Line_13: NSGA2-greedy_multi-UX to SPEA2-greedy_ting-2P', 'Equivalence_Line_14: SMSEMOA-greedy_multi-1P to NSGA2-greedy_multi-1P', 'Equivalence_Line_15: NSGA2-greedy_multi-HUX to NSGA2-greedy_ting-UX', 'Equivalence_Line_16: RVEA-greedy_multi-2P to UNSGA3-greedy_ting-2P', 'Equivalence_Line_17: SPEA2-random_dense-2P to NSGA3-greedy_ting-2P', 'Equivalence_Line_18: RVEA-greedy_multi-UX to NSGA3-greedy_ting-1P', 'Equivalence_Line_19: UNSGA3-greedy_ting-UX to UNSGA3-greedy_ting-1P', 'Equivalence_Line_20: AGEMOEA2-greedy_ting-2P to RVEA-random_dense-1P', 'Equivalence_Line_21: AGEMOEA2-random_dense-1P to RVEA-greedy_ting-UX', 'Equivalence_Line_22: SPEA2-random_dense-1P to RVEA-greedy_ting-1P']"
UNSGA3-greedy_multi-UX,0.2804337014409291,"['Equivalence_Line_1: AGEMOEA2-greedy_multi-UX to SPEA2-random_dense-HUX', 'Equivalence_Line_2: NSGA3-greedy_multi-UX to NSGA2-greedy_multi-UX', 'Equivalence_Line_3: UNSGA3-greedy_multi-2P to SMSEMOA-greedy_multi-HUX', 'Equivalence_Line_4: NSGA3-greedy_multi-2P to SMSEMOA-random_dense-2P', 'Equivalence_Line_5: NSGA3-random_dense-HUX to NSGA2-greedy_multi-HUX', 'Equivalence_Line_6: NSGA3-random_dense-UX to SMSEMOA-greedy_multi-2P', 'Equivalence_Line_7: AGEMOEA2-random_dense-UX to AGEMOEA2-random_dense-2P', 'Equivalence_Line_8: AGEMOEA2-random_dense-HUX to UNSGA3-random_dense-2P', 'Equivalence_Line_9: SMSEMOA-greedy_ting-1P to NSGA3-greedy_ting-UX', 'Equivalence_Line_10: AGEMOEA2-greedy_ting-HUX to SPEA2-greedy_ting-UX', 'Equivalence_Line_11: SPEA2-random_dense-UX to AGEMOEA2-greedy_ting-2P', 'Equivalence_Line_12: NSGA2-random_dense-HUX to NSGA3-random_dense-1P', 'Equivalence_Line_13: NSGA2-greedy_multi-UX to SPEA2-greedy_ting-2P', 'Equivalence_Line_14: SMSEMOA-greedy_multi-1P to NSGA2-greedy_multi-1P', 'Equivalence_Line_15: NSGA2-greedy_multi-HUX to NSGA2-greedy_ting-UX', 'Equivalence_Line_16: RVEA-greedy_multi-2P to UNSGA3-greedy_ting-2P', 'Equivalence_Line_17: SPEA2-random_dense-2P to NSGA3-greedy_ting-2P', 'Equivalence_Line_18: RVEA-greedy_multi-UX to NSGA3-greedy_ting-1P', 'Equivalence_Line_19: UNSGA3-greedy_ting-UX to UNSGA3-greedy_ting-1P', 'Equivalence_Line_20: AGEMOEA2-greedy_ting-2P to RVEA-random_dense-1P', 'Equivalence_Line_21: AGEMOEA2-random_dense-1P to RVEA-greedy_ting-UX', 'Equivalence_Line_22: SPEA2-random_dense-1P to RVEA-greedy_ting-1P']"
NSGA3-greedy_multi-HUX,0.28016871214012995,"['Equivalence_Line_1: AGEMOEA2-greedy_multi-UX to SPEA2-random_dense-HUX', 'Equivalence_Line_2: NSGA3-greedy_multi-UX to NSGA2-greedy_multi-UX', 'Equivalence_Line_3: UNSGA3-greedy_multi-2P to SMSEMOA-greedy_multi-HUX', 'Equivalence_Line_4: NSGA3-greedy_multi-2P to SMSEMOA-random_dense-2P', 'Equivalence_Line_5: NSGA3-random_dense-HUX to NSGA2-greedy_multi-HUX', 'Equivalence_Line_6: NSGA3-random_dense-UX to SMSEMOA-greedy_multi-2P', 'Equivalence_Line_7: AGEMOEA2-random_dense-UX to AGEMOEA2-random_dense-2P', 'Equivalence_Line_8: AGEMOEA2-random_dense-HUX to UNSGA3-random_dense-2P', 'Equivalence_Line_9: SMSEMOA-greedy_ting-1P to NSGA3-greedy_ting-UX', 'Equivalence_Line_10: AGEMOEA2-greedy_ting-HUX to SPEA2-greedy_ting-UX', 'Equivalence_Line_11: SPEA2-random_dense-UX to AGEMOEA2-greedy_ting-2P', 'Equivalence_Line_12: NSGA2-random_dense-HUX to NSGA3-random_dense-1P', 'Equivalence_Line_13: NSGA2-greedy_multi-UX to SPEA2-greedy_ting-2P', 'Equivalence_Line_14: SMSEMOA-greedy_multi-1P to NSGA2-greedy_multi-1P', 'Equivalence_Line_15: NSGA2-greedy_multi-HUX to NSGA2-greedy_ting-UX', 'Equivalence_Line_16: RVEA-greedy_multi-2P to UNSGA3-greedy_ting-2P', 'Equivalence_Line_17: SPEA2-random_dense-2P to NSGA3-greedy_ting-2P', 'Equivalence_Line_18: RVEA-greedy_multi-UX to NSGA3-greedy_ting-1P', 'Equivalence_Line_19: UNSGA3-greedy_ting-UX to UNSGA3-greedy_ting-1P', 'Equivalence_Line_20: AGEMOEA2-greedy_ting-2P to RVEA-random_dense-1P', 'Equivalence_Line_21: AGEMOEA2-random_dense-1P to RVEA-greedy_ting-UX', 'Equivalence_Line_22: SPEA2-random_dense-1P to RVEA-greedy_ting-1P']"
UNSGA3-greedy_multi-2P,0.27941201851029973,"['Equivalence_Line_1: AGEMOEA2-greedy_multi-UX to SPEA2-random_dense-HUX', 'Equivalence_Line_2: NSGA3-greedy_multi-UX to NSGA2-greedy_multi-UX', 'Equivalence_Line_3: UNSGA3-greedy_multi-2P to SMSEMOA-greedy_multi-HUX', 'Equivalence_Line_4: NSGA3-greedy_multi-2P to SMSEMOA-random_dense-2P', 'Equivalence_Line_5: NSGA3-random_dense-HUX to NSGA2-greedy_multi-HUX', 'Equivalence_Line_6: NSGA3-random_dense-UX to SMSEMOA-greedy_multi-2P', 'Equivalence_Line_7: AGEMOEA2-random_dense-UX to AGEMOEA2-random_dense-2P', 'Equivalence_Line_8: AGEMOEA2-random_dense-HUX to UNSGA3-random_dense-2P', 'Equivalence_Line_9: SMSEMOA-greedy_ting-1P to NSGA3-greedy_ting-UX', 'Equivalence_Line_10: AGEMOEA2-greedy_ting-HUX to SPEA2-greedy_ting-UX', 'Equivalence_Line_11: SPEA2-random_dense-UX to AGEMOEA2-greedy_ting-2P', 'Equivalence_Line_12: NSGA2-random_dense-HUX to NSGA3-random_dense-1P', 'Equivalence_Line_13: NSGA2-greedy_multi-UX to SPEA2-greedy_ting-2P', 'Equivalence_Line_14: SMSEMOA-greedy_multi-1P to NSGA2-greedy_multi-1P', 'Equivalence_Line_15: NSGA2-greedy_multi-HUX to NSGA2-greedy_ting-UX', 'Equivalence_Line_16: RVEA-greedy_multi-2P to UNSGA3-greedy_ting-2P', 'Equivalence_Line_17: SPEA2-random_dense-2P to NSGA3-greedy_ting-2P', 'Equivalence_Line_18: RVEA-greedy_multi-UX to NSGA3-greedy_ting-1P', 'Equivalence_Line_19: UNSGA3-greedy_ting-UX to UNSGA3-greedy_ting-1P', 'Equivalence_Line_20: AGEMOEA2-greedy_ting-2P to RVEA-random_dense-1P', 'Equivalence_Line_21: AGEMOEA2-random_dense-1P to RVEA-greedy_ting-UX', 'Equivalence_Line_22: SPEA2-random_dense-1P to RVEA-greedy_ting-1P']"
SMSEMOA-random_dense-HUX,0.2787721656436931,"['Equivalence_Line_1: AGEMOEA2-greedy_multi-UX to SPEA2-random_dense-HUX', 'Equivalence_Line_2: NSGA3-greedy_multi-UX to NSGA2-greedy_multi-UX', 'Equivalence_Line_3: UNSGA3-greedy_multi-2P to SMSEMOA-greedy_multi-HUX', 'Equivalence_Line_4: NSGA3-greedy_multi-2P to SMSEMOA-random_dense-2P', 'Equivalence_Line_5: NSGA3-random_dense-HUX to NSGA2-greedy_multi-HUX', 'Equivalence_Line_6: NSGA3-random_dense-UX to SMSEMOA-greedy_multi-2P', 'Equivalence_Line_7: AGEMOEA2-random_dense-UX to AGEMOEA2-random_dense-2P', 'Equivalence_Line_8: AGEMOEA2-random_dense-HUX to UNSGA3-random_dense-2P', 'Equivalence_Line_9: SMSEMOA-greedy_ting-1P to NSGA3-greedy_ting-UX', 'Equivalence_Line_10: AGEMOEA2-greedy_ting-HUX to SPEA2-greedy_ting-UX', 'Equivalence_Line_11: SPEA2-random_dense-UX to AGEMOEA2-greedy_ting-2P', 'Equivalence_Line_12: NSGA2-random_dense-HUX to NSGA3-random_dense-1P', 'Equivalence_Line_13: NSGA2-greedy_multi-UX to SPEA2-greedy_ting-2P', 'Equivalence_Line_14: SMSEMOA-greedy_multi-1P to NSGA2-greedy_multi-1P', 'Equivalence_Line_15: NSGA2-greedy_multi-HUX to NSGA2-greedy_ting-UX', 'Equivalence_Line_16: RVEA-greedy_multi-2P to UNSGA3-greedy_ting-2P', 'Equivalence_Line_17: SPEA2-random_dense-2P to NSGA3-greedy_ting-2P', 'Equivalence_Line_18: RVEA-greedy_multi-UX to NSGA3-greedy_ting-1P', 'Equivalence_Line_19: UNSGA3-greedy_ting-UX to UNSGA3-greedy_ting-1P', 'Equivalence_Line_20: AGEMOEA2-greedy_ting-2P to RVEA-random_dense-1P', 'Equivalence_Line_21: AGEMOEA2-random_dense-1P to RVEA-greedy_ting-UX', 'Equivalence_Line_22: SPEA2-random_dense-1P to RVEA-greedy_ting-1P']"
NSGA3-greedy_multi-2P,0.27866840681652977,"['Equivalence_Line_1: AGEMOEA2-greedy_multi-UX to SPEA2-random_dense-HUX', 'Equivalence_Line_2: NSGA3-greedy_multi-UX to NSGA2-greedy_multi-UX', 'Equivalence_Line_3: UNSGA3-greedy_multi-2P to SMSEMOA-greedy_multi-HUX', 'Equivalence_Line_4: NSGA3-greedy_multi-2P to SMSEMOA-random_dense-2P', 'Equivalence_Line_5: NSGA3-random_dense-HUX to NSGA2-greedy_multi-HUX', 'Equivalence_Line_6: NSGA3-random_dense-UX to SMSEMOA-greedy_multi-2P', 'Equivalence_Line_7: AGEMOEA2-random_dense-UX to AGEMOEA2-random_dense-2P', 'Equivalence_Line_8: AGEMOEA2-random_dense-HUX to UNSGA3-random_dense-2P', 'Equivalence_Line_9: SMSEMOA-greedy_ting-1P to NSGA3-greedy_ting-UX', 'Equivalence_Line_10: AGEMOEA2-greedy_ting-HUX to SPEA2-greedy_ting-UX', 'Equivalence_Line_11: SPEA2-random_dense-UX to AGEMOEA2-greedy_ting-2P', 'Equivalence_Line_12: NSGA2-random_dense-HUX to NSGA3-random_dense-1P', 'Equivalence_Line_13: NSGA2-greedy_multi-UX to SPEA2-greedy_ting-2P', 'Equivalence_Line_14: SMSEMOA-greedy_multi-1P to NSGA2-greedy_multi-1P', 'Equivalence_Line_15: NSGA2-greedy_multi-HUX to NSGA2-greedy_ting-UX', 'Equivalence_Line_16: RVEA-greedy_multi-2P to UNSGA3-greedy_ting-2P', 'Equivalence_Line_17: SPEA2-random_dense-2P to NSGA3-greedy_ting-2P', 'Equivalence_Line_18: RVEA-greedy_multi-UX to NSGA3-greedy_ting-1P', 'Equivalence_Line_19: UNSGA3-greedy_ting-UX to UNSGA3-greedy_ting-1P', 'Equivalence_Line_20: AGEMOEA2-greedy_ting-2P to RVEA-random_dense-1P', 'Equivalence_Line_21: AGEMOEA2-random_dense-1P to RVEA-greedy_ting-UX', 'Equivalence_Line_22: SPEA2-random_dense-1P to RVEA-greedy_ting-1P']"
SMSEMOA-random_dense-UX,0.27853989351920916,"['Equivalence_Line_1: AGEMOEA2-greedy_multi-UX to SPEA2-random_dense-HUX', 'Equivalence_Line_2: NSGA3-greedy_multi-UX to NSGA2-greedy_multi-UX', 'Equivalence_Line_3: UNSGA3-greedy_multi-2P to SMSEMOA-greedy_multi-HUX', 'Equivalence_Line_4: NSGA3-greedy_multi-2P to SMSEMOA-random_dense-2P', 'Equivalence_Line_5: NSGA3-random_dense-HUX to NSGA2-greedy_multi-HUX', 'Equivalence_Line_6: NSGA3-random_dense-UX to SMSEMOA-greedy_multi-2P', 'Equivalence_Line_7: AGEMOEA2-random_dense-UX to AGEMOEA2-random_dense-2P', 'Equivalence_Line_8: AGEMOEA2-random_dense-HUX to UNSGA3-random_dense-2P', 'Equivalence_Line_9: SMSEMOA-greedy_ting-1P to NSGA3-greedy_ting-UX', 'Equivalence_Line_10: AGEMOEA2-greedy_ting-HUX to SPEA2-greedy_ting-UX', 'Equivalence_Line_11: SPEA2-random_dense-UX to AGEMOEA2-greedy_ting-2P', 'Equivalence_Line_12: NSGA2-random_dense-HUX to NSGA3-random_dense-1P', 'Equivalence_Line_13: NSGA2-greedy_multi-UX to SPEA2-greedy_ting-2P', 'Equivalence_Line_14: SMSEMOA-greedy_multi-1P to NSGA2-greedy_multi-1P', 'Equivalence_Line_15: NSGA2-greedy_multi-HUX to NSGA2-greedy_ting-UX', 'Equivalence_Line_16: RVEA-greedy_multi-2P to UNSGA3-greedy_ting-2P', 'Equivalence_Line_17: SPEA2-random_dense-2P to NSGA3-greedy_ting-2P', 'Equivalence_Line_18: RVEA-greedy_multi-UX to NSGA3-greedy_ting-1P', 'Equivalence_Line_19: UNSGA3-greedy_ting-UX to UNSGA3-greedy_ting-1P', 'Equivalence_Line_20: AGEMOEA2-greedy_ting-2P to RVEA-random_dense-1P', 'Equivalence_Line_21: AGEMOEA2-random_dense-1P to RVEA-greedy_ting-UX', 'Equivalence_Line_22: SPEA2-random_dense-1P to RVEA-greedy_ting-1P']"
NSGA3-random_dense-HUX,0.27704969970745974,"['Equivalence_Line_1: AGEMOEA2-greedy_multi-UX to SPEA2-random_dense-HUX', 'Equivalence_Line_2: NSGA3-greedy_multi-UX to NSGA2-greedy_multi-UX', 'Equivalence_Line_3: UNSGA3-greedy_multi-2P to SMSEMOA-greedy_multi-HUX', 'Equivalence_Line_4: NSGA3-greedy_multi-2P to SMSEMOA-random_dense-2P', 'Equivalence_Line_5: NSGA3-random_dense-HUX to NSGA2-greedy_multi-HUX', 'Equivalence_Line_6: NSGA3-random_dense-UX to SMSEMOA-greedy_multi-2P', 'Equivalence_Line_7: AGEMOEA2-random_dense-UX to AGEMOEA2-random_dense-2P', 'Equivalence_Line_8: AGEMOEA2-random_dense-HUX to UNSGA3-random_dense-2P', 'Equivalence_Line_9: SMSEMOA-greedy_ting-1P to NSGA3-greedy_ting-UX', 'Equivalence_Line_10: AGEMOEA2-greedy_ting-HUX to SPEA2-greedy_ting-UX', 'Equivalence_Line_11: SPEA2-random_dense-UX to AGEMOEA2-greedy_ting-2P', 'Equivalence_Line_12: NSGA2-random_dense-HUX to NSGA3-random_dense-1P', 'Equivalence_Line_13: NSGA2-greedy_multi-UX to SPEA2-greedy_ting-2P', 'Equivalence_Line_14: SMSEMOA-greedy_multi-1P to NSGA2-greedy_multi-1P', 'Equivalence_Line_15: NSGA2-greedy_multi-HUX to NSGA2-greedy_ting-UX', 'Equivalence_Line_16: RVEA-greedy_multi-2P to UNSGA3-greedy_ting-2P', 'Equivalence_Line_17: SPEA2-random_dense-2P to NSGA3-greedy_ting-2P', 'Equivalence_Line_18: RVEA-greedy_multi-UX to NSGA3-greedy_ting-1P', 'Equivalence_Line_19: UNSGA3-greedy_ting-UX to UNSGA3-greedy_ting-1P', 'Equivalence_Line_20: AGEMOEA2-greedy_ting-2P to RVEA-random_dense-1P', 'Equivalence_Line_21: AGEMOEA2-random_dense-1P to RVEA-greedy_ting-UX', 'Equivalence_Line_22: SPEA2-random_dense-1P to RVEA-greedy_ting-1P']"
NSGA3-random_dense-UX,0.27643847873530064,"['Equivalence_Line_1: AGEMOEA2-greedy_multi-UX to SPEA2-random_dense-HUX', 'Equivalence_Line_2: NSGA3-greedy_multi-UX to NSGA2-greedy_multi-UX', 'Equivalence_Line_3: UNSGA3-greedy_multi-2P to SMSEMOA-greedy_multi-HUX', 'Equivalence_Line_4: NSGA3-greedy_multi-2P to SMSEMOA-random_dense-2P', 'Equivalence_Line_5: NSGA3-random_dense-HUX to NSGA2-greedy_multi-HUX', 'Equivalence_Line_6: NSGA3-random_dense-UX to SMSEMOA-greedy_multi-2P', 'Equivalence_Line_7: AGEMOEA2-random_dense-UX to AGEMOEA2-random_dense-2P', 'Equivalence_Line_8: AGEMOEA2-random_dense-HUX to UNSGA3-random_dense-2P', 'Equivalence_Line_9: SMSEMOA-greedy_ting-1P to NSGA3-greedy_ting-UX', 'Equivalence_Line_10: AGEMOEA2-greedy_ting-HUX to SPEA2-greedy_ting-UX', 'Equivalence_Line_11: SPEA2-random_dense-UX to AGEMOEA2-greedy_ting-2P', 'Equivalence_Line_12: NSGA2-random_dense-HUX to NSGA3-random_dense-1P', 'Equivalence_Line_13: NSGA2-greedy_multi-UX to SPEA2-greedy_ting-2P', 'Equivalence_Line_14: SMSEMOA-greedy_multi-1P to NSGA2-greedy_multi-1P', 'Equivalence_Line_15: NSGA2-greedy_multi-HUX to NSGA2-greedy_ting-UX', 'Equivalence_Line_16: RVEA-greedy_multi-2P to UNSGA3-greedy_ting-2P', 'Equivalence_Line_17: SPEA2-random_dense-2P to NSGA3-greedy_ting-2P', 'Equivalence_Line_18: RVEA-greedy_multi-UX to NSGA3-greedy_ting-1P', 'Equivalence_Line_19: UNSGA3-greedy_ting-UX to UNSGA3-greedy_ting-1P', 'Equivalence_Line_20: AGEMOEA2-greedy_ting-2P to RVEA-random_dense-1P', 'Equivalence_Line_21: AGEMOEA2-random_dense-1P to RVEA-greedy_ting-UX', 'Equivalence_Line_22: SPEA2-random_dense-1P to RVEA-greedy_ting-1P']"
UNSGA3-random_dense-HUX,0.27635933039123517,"['Equivalence_Line_1: AGEMOEA2-greedy_multi-UX to SPEA2-random_dense-HUX', 'Equivalence_Line_2: NSGA3-greedy_multi-UX to NSGA2-greedy_multi-UX', 'Equivalence_Line_3: UNSGA3-greedy_multi-2P to SMSEMOA-greedy_multi-HUX', 'Equivalence_Line_4: NSGA3-greedy_multi-2P to SMSEMOA-random_dense-2P', 'Equivalence_Line_5: NSGA3-random_dense-HUX to NSGA2-greedy_multi-HUX', 'Equivalence_Line_6: NSGA3-random_dense-UX to SMSEMOA-greedy_multi-2P', 'Equivalence_Line_7: AGEMOEA2-random_dense-UX to AGEMOEA2-random_dense-2P', 'Equivalence_Line_8: AGEMOEA2-random_dense-HUX to UNSGA3-random_dense-2P', 'Equivalence_Line_9: SMSEMOA-greedy_ting-1P to NSGA3-greedy_ting-UX', 'Equivalence_Line_10: AGEMOEA2-greedy_ting-HUX to SPEA2-greedy_ting-UX', 'Equivalence_Line_11: SPEA2-random_dense-UX to AGEMOEA2-greedy_ting-2P', 'Equivalence_Line_12: NSGA2-random_dense-HUX to NSGA3-random_dense-1P', 'Equivalence_Line_13: NSGA2-greedy_multi-UX to SPEA2-greedy_ting-2P', 'Equivalence_Line_14: SMSEMOA-greedy_multi-1P to NSGA2-greedy_multi-1P', 'Equivalence_Line_15: NSGA2-greedy_multi-HUX to NSGA2-greedy_ting-UX', 'Equivalence_Line_16: RVEA-greedy_multi-2P to UNSGA3-greedy_ting-2P', 'Equivalence_Line_17: SPEA2-random_dense-2P to NSGA3-greedy_ting-2P', 'Equivalence_Line_18: RVEA-greedy_multi-UX to NSGA3-greedy_ting-1P', 'Equivalence_Line_19: UNSGA3-greedy_ting-UX to UNSGA3-greedy_ting-1P', 'Equivalence_Line_20: AGEMOEA2-greedy_ting-2P to RVEA-random_dense-1P', 'Equivalence_Line_21: AGEMOEA2-random_dense-1P to RVEA-greedy_ting-UX', 'Equivalence_Line_22: SPEA2-random_dense-1P to RVEA-greedy_ting-1P']"
UNSGA3-random_dense-UX,0.2763469817414756,"['Equivalence_Line_1: AGEMOEA2-greedy_multi-UX to SPEA2-random_dense-HUX', 'Equivalence_Line_2: NSGA3-greedy_multi-UX to NSGA2-greedy_multi-UX', 'Equivalence_Line_3: UNSGA3-greedy_multi-2P to SMSEMOA-greedy_multi-HUX', 'Equivalence_Line_4: NSGA3-greedy_multi-2P to SMSEMOA-random_dense-2P', 'Equivalence_Line_5: NSGA3-random_dense-HUX to NSGA2-greedy_multi-HUX', 'Equivalence_Line_6: NSGA3-random_dense-UX to SMSEMOA-greedy_multi-2P', 'Equivalence_Line_7: AGEMOEA2-random_dense-UX to AGEMOEA2-random_dense-2P', 'Equivalence_Line_8: AGEMOEA2-random_dense-HUX to UNSGA3-random_dense-2P', 'Equivalence_Line_9: SMSEMOA-greedy_ting-1P to NSGA3-greedy_ting-UX', 'Equivalence_Line_10: AGEMOEA2-greedy_ting-HUX to SPEA2-greedy_ting-UX', 'Equivalence_Line_11: SPEA2-random_dense-UX to AGEMOEA2-greedy_ting-2P', 'Equivalence_Line_12: NSGA2-random_dense-HUX to NSGA3-random_dense-1P', 'Equivalence_Line_13: NSGA2-greedy_multi-UX to SPEA2-greedy_ting-2P', 'Equivalence_Line_14: SMSEMOA-greedy_multi-1P to NSGA2-greedy_multi-1P', 'Equivalence_Line_15: NSGA2-greedy_multi-HUX to NSGA2-greedy_ting-UX', 'Equivalence_Line_16: RVEA-greedy_multi-2P to UNSGA3-greedy_ting-2P', 'Equivalence_Line_17: SPEA2-random_dense-2P to NSGA3-greedy_ting-2P', 'Equivalence_Line_18: RVEA-greedy_multi-UX to NSGA3-greedy_ting-1P', 'Equivalence_Line_19: UNSGA3-greedy_ting-UX to UNSGA3-greedy_ting-1P', 'Equivalence_Line_20: AGEMOEA2-greedy_ting-2P to RVEA-random_dense-1P', 'Equivalence_Line_21: AGEMOEA2-random_dense-1P to RVEA-greedy_ting-UX', 'Equivalence_Line_22: SPEA2-random_dense-1P to RVEA-greedy_ting-1P']"
NSGA3-greedy_multi-1P,0.27605177166876155,"['Equivalence_Line_1: AGEMOEA2-greedy_multi-UX to SPEA2-random_dense-HUX', 'Equivalence_Line_2: NSGA3-greedy_multi-UX to NSGA2-greedy_multi-UX', 'Equivalence_Line_3: UNSGA3-greedy_multi-2P to SMSEMOA-greedy_multi-HUX', 'Equivalence_Line_4: NSGA3-greedy_multi-2P to SMSEMOA-random_dense-2P', 'Equivalence_Line_5: NSGA3-random_dense-HUX to NSGA2-greedy_multi-HUX', 'Equivalence_Line_6: NSGA3-random_dense-UX to SMSEMOA-greedy_multi-2P', 'Equivalence_Line_7: AGEMOEA2-random_dense-UX to AGEMOEA2-random_dense-2P', 'Equivalence_Line_8: AGEMOEA2-random_dense-HUX to UNSGA3-random_dense-2P', 'Equivalence_Line_9: SMSEMOA-greedy_ting-1P to NSGA3-greedy_ting-UX', 'Equivalence_Line_10: AGEMOEA2-greedy_ting-HUX to SPEA2-greedy_ting-UX', 'Equivalence_Line_11: SPEA2-random_dense-UX to AGEMOEA2-greedy_ting-2P', 'Equivalence_Line_12: NSGA2-random_dense-HUX to NSGA3-random_dense-1P', 'Equivalence_Line_13: NSGA2-greedy_multi-UX to SPEA2-greedy_ting-2P', 'Equivalence_Line_14: SMSEMOA-greedy_multi-1P to NSGA2-greedy_multi-1P', 'Equivalence_Line_15: NSGA2-greedy_multi-HUX to NSGA2-greedy_ting-UX', 'Equivalence_Line_16: RVEA-greedy_multi-2P to UNSGA3-greedy_ting-2P', 'Equivalence_Line_17: SPEA2-random_dense-2P to NSGA3-greedy_ting-2P', 'Equivalence_Line_18: RVEA-greedy_multi-UX to NSGA3-greedy_ting-1P', 'Equivalence_Line_19: UNSGA3-greedy_ting-UX to UNSGA3-greedy_ting-1P', 'Equivalence_Line_20: AGEMOEA2-greedy_ting-2P to RVEA-random_dense-1P', 'Equivalence_Line_21: AGEMOEA2-random_dense-1P to RVEA-greedy_ting-UX', 'Equivalence_Line_22: SPEA2-random_dense-1P to RVEA-greedy_ting-1P']"
SPEA2-greedy_multi-UX,0.27551027963437424,"['Equivalence_Line_1: AGEMOEA2-greedy_multi-UX to SPEA2-random_dense-HUX', 'Equivalence_Line_2: NSGA3-greedy_multi-UX to NSGA2-greedy_multi-UX', 'Equivalence_Line_3: UNSGA3-greedy_multi-2P to SMSEMOA-greedy_multi-HUX', 'Equivalence_Line_4: NSGA3-greedy_multi-2P to SMSEMOA-random_dense-2P', 'Equivalence_Line_5: NSGA3-random_dense-HUX to NSGA2-greedy_multi-HUX', 'Equivalence_Line_6: NSGA3-random_dense-UX to SMSEMOA-greedy_multi-2P', 'Equivalence_Line_7: AGEMOEA2-random_dense-UX to AGEMOEA2-random_dense-2P', 'Equivalence_Line_8: AGEMOEA2-random_dense-HUX to UNSGA3-random_dense-2P', 'Equivalence_Line_9: SMSEMOA-greedy_ting-1P to NSGA3-greedy_ting-UX', 'Equivalence_Line_10: AGEMOEA2-greedy_ting-HUX to SPEA2-greedy_ting-UX', 'Equivalence_Line_11: SPEA2-random_dense-UX to AGEMOEA2-greedy_ting-2P', 'Equivalence_Line_12: NSGA2-random_dense-HUX to NSGA3-random_dense-1P', 'Equivalence_Line_13: NSGA2-greedy_multi-UX to SPEA2-greedy_ting-2P', 'Equivalence_Line_14: SMSEMOA-greedy_multi-1P to NSGA2-greedy_multi-1P', 'Equivalence_Line_15: NSGA2-greedy_multi-HUX to NSGA2-greedy_ting-UX', 'Equivalence_Line_16: RVEA-greedy_multi-2P to UNSGA3-greedy_ting-2P', 'Equivalence_Line_17: SPEA2-random_dense-2P to NSGA3-greedy_ting-2P', 'Equivalence_Line_18: RVEA-greedy_multi-UX to NSGA3-greedy_ting-1P', 'Equivalence_Line_19: UNSGA3-greedy_ting-UX to UNSGA3-greedy_ting-1P', 'Equivalence_Line_20: AGEMOEA2-greedy_ting-2P to RVEA-random_dense-1P', 'Equivalence_Line_21: AGEMOEA2-random_dense-1P to RVEA-greedy_ting-UX', 'Equivalence_Line_22: SPEA2-random_dense-1P to RVEA-greedy_ting-1P']"
SPEA2-greedy_multi-HUX,0.27522023365490667,"['Equivalence_Line_1: AGEMOEA2-greedy_multi-UX to SPEA2-random_dense-HUX', 'Equivalence_Line_2: NSGA3-greedy_multi-UX to NSGA2-greedy_multi-UX', 'Equivalence_Line_3: UNSGA3-greedy_multi-2P to SMSEMOA-greedy_multi-HUX', 'Equivalence_Line_4: NSGA3-greedy_multi-2P to SMSEMOA-random_dense-2P', 'Equivalence_Line_5: NSGA3-random_dense-HUX to NSGA2-greedy_multi-HUX', 'Equivalence_Line_6: NSGA3-random_dense-UX to SMSEMOA-greedy_multi-2P', 'Equivalence_Line_7: AGEMOEA2-random_dense-UX to AGEMOEA2-random_dense-2P', 'Equivalence_Line_8: AGEMOEA2-random_dense-HUX to UNSGA3-random_dense-2P', 'Equivalence_Line_9: SMSEMOA-greedy_ting-1P to NSGA3-greedy_ting-UX', 'Equivalence_Line_10: AGEMOEA2-greedy_ting-HUX to SPEA2-greedy_ting-UX', 'Equivalence_Line_11: SPEA2-random_dense-UX to AGEMOEA2-greedy_ting-2P', 'Equivalence_Line_12: NSGA2-random_dense-HUX to NSGA3-random_dense-1P', 'Equivalence_Line_13: NSGA2-greedy_multi-UX to SPEA2-greedy_ting-2P', 'Equivalence_Line_14: SMSEMOA-greedy_multi-1P to NSGA2-greedy_multi-1P', 'Equivalence_Line_15: NSGA2-greedy_multi-HUX to NSGA2-greedy_ting-UX', 'Equivalence_Line_16: RVEA-greedy_multi-2P to UNSGA3-greedy_ting-2P', 'Equivalence_Line_17: SPEA2-random_dense-2P to NSGA3-greedy_ting-2P', 'Equivalence_Line_18: RVEA-greedy_multi-UX to NSGA3-greedy_ting-1P', 'Equivalence_Line_19: UNSGA3-greedy_ting-UX to UNSGA3-greedy_ting-1P', 'Equivalence_Line_20: AGEMOEA2-greedy_ting-2P to RVEA-random_dense-1P', 'Equivalence_Line_21: AGEMOEA2-random_dense-1P to RVEA-greedy_ting-UX', 'Equivalence_Line_22: SPEA2-random_dense-1P to RVEA-greedy_ting-1P']"
AGEMOEA2-random_dense-UX,0.27305170000480594,"['Equivalence_Line_1: AGEMOEA2-greedy_multi-UX to SPEA2-random_dense-HUX', 'Equivalence_Line_2: NSGA3-greedy_multi-UX to NSGA2-greedy_multi-UX', 'Equivalence_Line_3: UNSGA3-greedy_multi-2P to SMSEMOA-greedy_multi-HUX', 'Equivalence_Line_4: NSGA3-greedy_multi-2P to SMSEMOA-random_dense-2P', 'Equivalence_Line_5: NSGA3-random_dense-HUX to NSGA2-greedy_multi-HUX', 'Equivalence_Line_6: NSGA3-random_dense-UX to SMSEMOA-greedy_multi-2P', 'Equivalence_Line_7: AGEMOEA2-random_dense-UX to AGEMOEA2-random_dense-2P', 'Equivalence_Line_8: AGEMOEA2-random_dense-HUX to UNSGA3-random_dense-2P', 'Equivalence_Line_9: SMSEMOA-greedy_ting-1P to NSGA3-greedy_ting-UX', 'Equivalence_Line_10: AGEMOEA2-greedy_ting-HUX to SPEA2-greedy_ting-UX', 'Equivalence_Line_11: SPEA2-random_dense-UX to AGEMOEA2-greedy_ting-2P', 'Equivalence_Line_12: NSGA2-random_dense-HUX to NSGA3-random_dense-1P', 'Equivalence_Line_13: NSGA2-greedy_multi-UX to SPEA2-greedy_ting-2P', 'Equivalence_Line_14: SMSEMOA-greedy_multi-1P to NSGA2-greedy_multi-1P', 'Equivalence_Line_15: NSGA2-greedy_multi-HUX to NSGA2-greedy_ting-UX', 'Equivalence_Line_16: RVEA-greedy_multi-2P to UNSGA3-greedy_ting-2P', 'Equivalence_Line_17: SPEA2-random_dense-2P to NSGA3-greedy_ting-2P', 'Equivalence_Line_18: RVEA-greedy_multi-UX to NSGA3-greedy_ting-1P', 'Equivalence_Line_19: UNSGA3-greedy_ting-UX to UNSGA3-greedy_ting-1P', 'Equivalence_Line_20: AGEMOEA2-greedy_ting-2P to RVEA-random_dense-1P', 'Equivalence_Line_21: AGEMOEA2-random_dense-1P to RVEA-greedy_ting-UX', 'Equivalence_Line_22: SPEA2-random_dense-1P to RVEA-greedy_ting-1P']"
UNSGA3-greedy_multi-1P,0.27233571120698896,"['Equivalence_Line_1: AGEMOEA2-greedy_multi-UX to SPEA2-random_dense-HUX', 'Equivalence_Line_2: NSGA3-greedy_multi-UX to NSGA2-greedy_multi-UX', 'Equivalence_Line_3: UNSGA3-greedy_multi-2P to SMSEMOA-greedy_multi-HUX', 'Equivalence_Line_4: NSGA3-greedy_multi-2P to SMSEMOA-random_dense-2P', 'Equivalence_Line_5: NSGA3-random_dense-HUX to NSGA2-greedy_multi-HUX', 'Equivalence_Line_6: NSGA3-random_dense-UX to SMSEMOA-greedy_multi-2P', 'Equivalence_Line_7: AGEMOEA2-random_dense-UX to AGEMOEA2-random_dense-2P', 'Equivalence_Line_8: AGEMOEA2-random_dense-HUX to UNSGA3-random_dense-2P', 'Equivalence_Line_9: SMSEMOA-greedy_ting-1P to NSGA3-greedy_ting-UX', 'Equivalence_Line_10: AGEMOEA2-greedy_ting-HUX to SPEA2-greedy_ting-UX', 'Equivalence_Line_11: SPEA2-random_dense-UX to AGEMOEA2-greedy_ting-2P', 'Equivalence_Line_12: NSGA2-random_dense-HUX to NSGA3-random_dense-1P', 'Equivalence_Line_13: NSGA2-greedy_multi-UX to SPEA2-greedy_ting-2P', 'Equivalence_Line_14: SMSEMOA-greedy_multi-1P to NSGA2-greedy_multi-1P', 'Equivalence_Line_15: NSGA2-greedy_multi-HUX to NSGA2-greedy_ting-UX', 'Equivalence_Line_16: RVEA-greedy_multi-2P to UNSGA3-greedy_ting-2P', 'Equivalence_Line_17: SPEA2-random_dense-2P to NSGA3-greedy_ting-2P', 'Equivalence_Line_18: RVEA-greedy_multi-UX to NSGA3-greedy_ting-1P', 'Equivalence_Line_19: UNSGA3-greedy_ting-UX to UNSGA3-greedy_ting-1P', 'Equivalence_Line_20: AGEMOEA2-greedy_ting-2P to RVEA-random_dense-1P', 'Equivalence_Line_21: AGEMOEA2-random_dense-1P to RVEA-greedy_ting-UX', 'Equivalence_Line_22: SPEA2-random_dense-1P to RVEA-greedy_ting-1P']"
AGEMOEA2-random_dense-HUX,0.27189822307449446,"['Equivalence_Line_1: AGEMOEA2-greedy_multi-UX to SPEA2-random_dense-HUX', 'Equivalence_Line_2: NSGA3-greedy_multi-UX to NSGA2-greedy_multi-UX', 'Equivalence_Line_3: UNSGA3-greedy_multi-2P to SMSEMOA-greedy_multi-HUX', 'Equivalence_Line_4: NSGA3-greedy_multi-2P to SMSEMOA-random_dense-2P', 'Equivalence_Line_5: NSGA3-random_dense-HUX to NSGA2-greedy_multi-HUX', 'Equivalence_Line_6: NSGA3-random_dense-UX to SMSEMOA-greedy_multi-2P', 'Equivalence_Line_7: AGEMOEA2-random_dense-UX to AGEMOEA2-random_dense-2P', 'Equivalence_Line_8: AGEMOEA2-random_dense-HUX to UNSGA3-random_dense-2P', 'Equivalence_Line_9: SMSEMOA-greedy_ting-1P to NSGA3-greedy_ting-UX', 'Equivalence_Line_10: AGEMOEA2-greedy_ting-HUX to SPEA2-greedy_ting-UX', 'Equivalence_Line_11: SPEA2-random_dense-UX to AGEMOEA2-greedy_ting-2P', 'Equivalence_Line_12: NSGA2-random_dense-HUX to NSGA3-random_dense-1P', 'Equivalence_Line_13: NSGA2-greedy_multi-UX to SPEA2-greedy_ting-2P', 'Equivalence_Line_14: SMSEMOA-greedy_multi-1P to NSGA2-greedy_multi-1P', 'Equivalence_Line_15: NSGA2-greedy_multi-HUX to NSGA2-greedy_ting-UX', 'Equivalence_Line_16: RVEA-greedy_multi-2P to UNSGA3-greedy_ting-2P', 'Equivalence_Line_17: SPEA2-random_dense-2P to NSGA3-greedy_ting-2P', 'Equivalence_Line_18: RVEA-greedy_multi-UX to NSGA3-greedy_ting-1P', 'Equivalence_Line_19: UNSGA3-greedy_ting-UX to UNSGA3-greedy_ting-1P', 'Equivalence_Line_20: AGEMOEA2-greedy_ting-2P to RVEA-random_dense-1P', 'Equivalence_Line_21: AGEMOEA2-random_dense-1P to RVEA-greedy_ting-UX', 'Equivalence_Line_22: SPEA2-random_dense-1P to RVEA-greedy_ting-1P']"
SMSEMOA-greedy_ting-2P,0.2718386141893367,"['Equivalence_Line_1: AGEMOEA2-greedy_multi-UX to SPEA2-random_dense-HUX', 'Equivalence_Line_2: NSGA3-greedy_multi-UX to NSGA2-greedy_multi-UX', 'Equivalence_Line_3: UNSGA3-greedy_multi-2P to SMSEMOA-greedy_multi-HUX', 'Equivalence_Line_4: NSGA3-greedy_multi-2P to SMSEMOA-random_dense-2P', 'Equivalence_Line_5: NSGA3-random_dense-HUX to NSGA2-greedy_multi-HUX', 'Equivalence_Line_6: NSGA3-random_dense-UX to SMSEMOA-greedy_multi-2P', 'Equivalence_Line_7: AGEMOEA2-random_dense-UX to AGEMOEA2-random_dense-2P', 'Equivalence_Line_8: AGEMOEA2-random_dense-HUX to UNSGA3-random_dense-2P', 'Equivalence_Line_9: SMSEMOA-greedy_ting-1P to NSGA3-greedy_ting-UX', 'Equivalence_Line_10: AGEMOEA2-greedy_ting-HUX to SPEA2-greedy_ting-UX', 'Equivalence_Line_11: SPEA2-random_dense-UX to AGEMOEA2-greedy_ting-2P', 'Equivalence_Line_12: NSGA2-random_dense-HUX to NSGA3-random_dense-1P', 'Equivalence_Line_13: NSGA2-greedy_multi-UX to SPEA2-greedy_ting-2P', 'Equivalence_Line_14: SMSEMOA-greedy_multi-1P to NSGA2-greedy_multi-1P', 'Equivalence_Line_15: NSGA2-greedy_multi-HUX to NSGA2-greedy_ting-UX', 'Equivalence_Line_16: RVEA-greedy_multi-2P to UNSGA3-greedy_ting-2P', 'Equivalence_Line_17: SPEA2-random_dense-2P to NSGA3-greedy_ting-2P', 'Equivalence_Line_18: RVEA-greedy_multi-UX to NSGA3-greedy_ting-1P', 'Equivalence_Line_19: UNSGA3-greedy_ting-UX to UNSGA3-greedy_ting-1P', 'Equivalence_Line_20: AGEMOEA2-greedy_ting-2P to RVEA-random_dense-1P', 'Equivalence_Line_21: AGEMOEA2-random_dense-1P to RVEA-greedy_ting-UX', 'Equivalence_Line_22: SPEA2-random_dense-1P to RVEA-greedy_ting-1P']"
SMSEMOA-greedy_ting-1P,0.26761955065705545,"['Equivalence_Line_1: AGEMOEA2-greedy_multi-UX to SPEA2-random_dense-HUX', 'Equivalence_Line_2: NSGA3-greedy_multi-UX to NSGA2-greedy_multi-UX', 'Equivalence_Line_3: UNSGA3-greedy_multi-2P to SMSEMOA-greedy_multi-HUX', 'Equivalence_Line_4: NSGA3-greedy_multi-2P to SMSEMOA-random_dense-2P', 'Equivalence_Line_5: NSGA3-random_dense-HUX to NSGA2-greedy_multi-HUX', 'Equivalence_Line_6: NSGA3-random_dense-UX to SMSEMOA-greedy_multi-2P', 'Equivalence_Line_7: AGEMOEA2-random_dense-UX to AGEMOEA2-random_dense-2P', 'Equivalence_Line_8: AGEMOEA2-random_dense-HUX to UNSGA3-random_dense-2P', 'Equivalence_Line_9: SMSEMOA-greedy_ting-1P to NSGA3-greedy_ting-UX', 'Equivalence_Line_10: AGEMOEA2-greedy_ting-HUX to SPEA2-greedy_ting-UX', 'Equivalence_Line_11: SPEA2-random_dense-UX to AGEMOEA2-greedy_ting-2P', 'Equivalence_Line_12: NSGA2-random_dense-HUX to NSGA3-random_dense-1P', 'Equivalence_Line_13: NSGA2-greedy_multi-UX to SPEA2-greedy_ting-2P', 'Equivalence_Line_14: SMSEMOA-greedy_multi-1P to NSGA2-greedy_multi-1P', 'Equivalence_Line_15: NSGA2-greedy_multi-HUX to NSGA2-greedy_ting-UX', 'Equivalence_Line_16: RVEA-greedy_multi-2P to UNSGA3-greedy_ting-2P', 'Equivalence_Line_17: SPEA2-random_dense-2P to NSGA3-greedy_ting-2P', 'Equivalence_Line_18: RVEA-greedy_multi-UX to NSGA3-greedy_ting-1P', 'Equivalence_Line_19: UNSGA3-greedy_ting-UX to UNSGA3-greedy_ting-1P', 'Equivalence_Line_20: AGEMOEA2-greedy_ting-2P to RVEA-random_dense-1P', 'Equivalence_Line_21: AGEMOEA2-random_dense-1P to RVEA-greedy_ting-UX', 'Equivalence_Line_22: SPEA2-random_dense-1P to RVEA-greedy_ting-1P']"
AGEMOEA2-greedy_ting-HUX,0.26757345501442026,"['Equivalence_Line_1: AGEMOEA2-greedy_multi-UX to SPEA2-random_dense-HUX', 'Equivalence_Line_2: NSGA3-greedy_multi-UX to NSGA2-greedy_multi-UX', 'Equivalence_Line_3: UNSGA3-greedy_multi-2P to SMSEMOA-greedy_multi-HUX', 'Equivalence_Line_4: NSGA3-greedy_multi-2P to SMSEMOA-random_dense-2P', 'Equivalence_Line_5: NSGA3-random_dense-HUX to NSGA2-greedy_multi-HUX', 'Equivalence_Line_6: NSGA3-random_dense-UX to SMSEMOA-greedy_multi-2P', 'Equivalence_Line_7: AGEMOEA2-random_dense-UX to AGEMOEA2-random_dense-2P', 'Equivalence_Line_8: AGEMOEA2-random_dense-HUX to UNSGA3-random_dense-2P', 'Equivalence_Line_9: SMSEMOA-greedy_ting-1P to NSGA3-greedy_ting-UX', 'Equivalence_Line_10: AGEMOEA2-greedy_ting-HUX to SPEA2-greedy_ting-UX', 'Equivalence_Line_11: SPEA2-random_dense-UX to AGEMOEA2-greedy_ting-2P', 'Equivalence_Line_12: NSGA2-random_dense-HUX to NSGA3-random_dense-1P', 'Equivalence_Line_13: NSGA2-greedy_multi-UX to SPEA2-greedy_ting-2P', 'Equivalence_Line_14: SMSEMOA-greedy_multi-1P to NSGA2-greedy_multi-1P', 'Equivalence_Line_15: NSGA2-greedy_multi-HUX to NSGA2-greedy_ting-UX', 'Equivalence_Line_16: RVEA-greedy_multi-2P to UNSGA3-greedy_ting-2P', 'Equivalence_Line_17: SPEA2-random_dense-2P to NSGA3-greedy_ting-2P', 'Equivalence_Line_18: RVEA-greedy_multi-UX to NSGA3-greedy_ting-1P', 'Equivalence_Line_19: UNSGA3-greedy_ting-UX to UNSGA3-greedy_ting-1P', 'Equivalence_Line_20: AGEMOEA2-greedy_ting-2P to RVEA-random_dense-1P', 'Equivalence_Line_21: AGEMOEA2-random_dense-1P to RVEA-greedy_ting-UX', 'Equivalence_Line_22: SPEA2-random_dense-1P to RVEA-greedy_ting-1P']"
AGEMOEA2-greedy_ting-UX,0.2670884114144645,"['Equivalence_Line_1: AGEMOEA2-greedy_multi-UX to SPEA2-random_dense-HUX', 'Equivalence_Line_2: NSGA3-greedy_multi-UX to NSGA2-greedy_multi-UX', 'Equivalence_Line_3: UNSGA3-greedy_multi-2P to SMSEMOA-greedy_multi-HUX', 'Equivalence_Line_4: NSGA3-greedy_multi-2P to SMSEMOA-random_dense-2P', 'Equivalence_Line_5: NSGA3-random_dense-HUX to NSGA2-greedy_multi-HUX', 'Equivalence_Line_6: NSGA3-random_dense-UX to SMSEMOA-greedy_multi-2P', 'Equivalence_Line_7: AGEMOEA2-random_dense-UX to AGEMOEA2-random_dense-2P', 'Equivalence_Line_8: AGEMOEA2-random_dense-HUX to UNSGA3-random_dense-2P', 'Equivalence_Line_9: SMSEMOA-greedy_ting-1P to NSGA3-greedy_ting-UX', 'Equivalence_Line_10: AGEMOEA2-greedy_ting-HUX to SPEA2-greedy_ting-UX', 'Equivalence_Line_11: SPEA2-random_dense-UX to AGEMOEA2-greedy_ting-2P', 'Equivalence_Line_12: NSGA2-random_dense-HUX to NSGA3-random_dense-1P', 'Equivalence_Line_13: NSGA2-greedy_multi-UX to SPEA2-greedy_ting-2P', 'Equivalence_Line_14: SMSEMOA-greedy_multi-1P to NSGA2-greedy_multi-1P', 'Equivalence_Line_15: NSGA2-greedy_multi-HUX to NSGA2-greedy_ting-UX', 'Equivalence_Line_16: RVEA-greedy_multi-2P to UNSGA3-greedy_ting-2P', 'Equivalence_Line_17: SPEA2-random_dense-2P to NSGA3-greedy_ting-2P', 'Equivalence_Line_18: RVEA-greedy_multi-UX to NSGA3-greedy_ting-1P', 'Equivalence_Line_19: UNSGA3-greedy_ting-UX to UNSGA3-greedy_ting-1P', 'Equivalence_Line_20: AGEMOEA2-greedy_ting-2P to RVEA-random_dense-1P', 'Equivalence_Line_21: AGEMOEA2-random_dense-1P to RVEA-greedy_ting-UX', 'Equivalence_Line_22: SPEA2-random_dense-1P to RVEA-greedy_ting-1P']"
SPEA2-greedy_multi-1P,0.2669581472291139,"['Equivalence_Line_1: AGEMOEA2-greedy_multi-UX to SPEA2-random_dense-HUX', 'Equivalence_Line_2: NSGA3-greedy_multi-UX to NSGA2-greedy_multi-UX', 'Equivalence_Line_3: UNSGA3-greedy_multi-2P to SMSEMOA-greedy_multi-HUX', 'Equivalence_Line_4: NSGA3-greedy_multi-2P to SMSEMOA-random_dense-2P', 'Equivalence_Line_5: NSGA3-random_dense-HUX to NSGA2-greedy_multi-HUX', 'Equivalence_Line_6: NSGA3-random_dense-UX to SMSEMOA-greedy_multi-2P', 'Equivalence_Line_7: AGEMOEA2-random_dense-UX to AGEMOEA2-random_dense-2P', 'Equivalence_Line_8: AGEMOEA2-random_dense-HUX to UNSGA3-random_dense-2P', 'Equivalence_Line_9: SMSEMOA-greedy_ting-1P to NSGA3-greedy_ting-UX', 'Equivalence_Line_10: AGEMOEA2-greedy_ting-HUX to SPEA2-greedy_ting-UX', 'Equivalence_Line_11: SPEA2-random_dense-UX to AGEMOEA2-greedy_ting-2P', 'Equivalence_Line_12: NSGA2-random_dense-HUX to NSGA3-random_dense-1P', 'Equivalence_Line_13: NSGA2-greedy_multi-UX to SPEA2-greedy_ting-2P', 'Equivalence_Line_14: SMSEMOA-greedy_multi-1P to NSGA2-greedy_multi-1P', 'Equivalence_Line_15: NSGA2-greedy_multi-HUX to NSGA2-greedy_ting-UX', 'Equivalence_Line_16: RVEA-greedy_multi-2P to UNSGA3-greedy_ting-2P', 'Equivalence_Line_17: SPEA2-random_dense-2P to NSGA3-greedy_ting-2P', 'Equivalence_Line_18: RVEA-greedy_multi-UX to NSGA3-greedy_ting-1P', 'Equivalence_Line_19: UNSGA3-greedy_ting-UX to UNSGA3-greedy_ting-1P', 'Equivalence_Line_20: AGEMOEA2-greedy_ting-2P to RVEA-random_dense-1P', 'Equivalence_Line_21: AGEMOEA2-random_dense-1P to RVEA-greedy_ting-UX', 'Equivalence_Line_22: SPEA2-random_dense-1P to RVEA-greedy_ting-1P']"
SPEA2-random_dense-UX,0.26629032989592916,"['Equivalence_Line_1: AGEMOEA2-greedy_multi-UX to SPEA2-random_dense-HUX', 'Equivalence_Line_2: NSGA3-greedy_multi-UX to NSGA2-greedy_multi-UX', 'Equivalence_Line_3: UNSGA3-greedy_multi-2P to SMSEMOA-greedy_multi-HUX', 'Equivalence_Line_4: NSGA3-greedy_multi-2P to SMSEMOA-random_dense-2P', 'Equivalence_Line_5: NSGA3-random_dense-HUX to NSGA2-greedy_multi-HUX', 'Equivalence_Line_6: NSGA3-random_dense-UX to SMSEMOA-greedy_multi-2P', 'Equivalence_Line_7: AGEMOEA2-random_dense-UX to AGEMOEA2-random_dense-2P', 'Equivalence_Line_8: AGEMOEA2-random_dense-HUX to UNSGA3-random_dense-2P', 'Equivalence_Line_9: SMSEMOA-greedy_ting-1P to NSGA3-greedy_ting-UX', 'Equivalence_Line_10: AGEMOEA2-greedy_ting-HUX to SPEA2-greedy_ting-UX', 'Equivalence_Line_11: SPEA2-random_dense-UX to AGEMOEA2-greedy_ting-2P', 'Equivalence_Line_12: NSGA2-random_dense-HUX to NSGA3-random_dense-1P', 'Equivalence_Line_13: NSGA2-greedy_multi-UX to SPEA2-greedy_ting-2P', 'Equivalence_Line_14: SMSEMOA-greedy_multi-1P to NSGA2-greedy_multi-1P', 'Equivalence_Line_15: NSGA2-greedy_multi-HUX to NSGA2-greedy_ting-UX', 'Equivalence_Line_16: RVEA-greedy_multi-2P to UNSGA3-greedy_ting-2P', 'Equivalence_Line_17: SPEA2-random_dense-2P to NSGA3-greedy_ting-2P', 'Equivalence_Line_18: RVEA-greedy_multi-UX to NSGA3-greedy_ting-1P', 'Equivalence_Line_19: UNSGA3-greedy_ting-UX to UNSGA3-greedy_ting-1P', 'Equivalence_Line_20: AGEMOEA2-greedy_ting-2P to RVEA-random_dense-1P', 'Equivalence_Line_21: AGEMOEA2-random_dense-1P to RVEA-greedy_ting-UX', 'Equivalence_Line_22: SPEA2-random_dense-1P to RVEA-greedy_ting-1P']"
SPEA2-greedy_multi-2P,0.2651053827184762,"['Equivalence_Line_1: AGEMOEA2-greedy_multi-UX to SPEA2-random_dense-HUX', 'Equivalence_Line_2: NSGA3-greedy_multi-UX to NSGA2-greedy_multi-UX', 'Equivalence_Line_3: UNSGA3-greedy_multi-2P to SMSEMOA-greedy_multi-HUX', 'Equivalence_Line_4: NSGA3-greedy_multi-2P to SMSEMOA-random_dense-2P', 'Equivalence_Line_5: NSGA3-random_dense-HUX to NSGA2-greedy_multi-HUX', 'Equivalence_Line_6: NSGA3-random_dense-UX to SMSEMOA-greedy_multi-2P', 'Equivalence_Line_7: AGEMOEA2-random_dense-UX to AGEMOEA2-random_dense-2P', 'Equivalence_Line_8: AGEMOEA2-random_dense-HUX to UNSGA3-random_dense-2P', 'Equivalence_Line_9: SMSEMOA-greedy_ting-1P to NSGA3-greedy_ting-UX', 'Equivalence_Line_10: AGEMOEA2-greedy_ting-HUX to SPEA2-greedy_ting-UX', 'Equivalence_Line_11: SPEA2-random_dense-UX to AGEMOEA2-greedy_ting-2P', 'Equivalence_Line_12: NSGA2-random_dense-HUX to NSGA3-random_dense-1P', 'Equivalence_Line_13: NSGA2-greedy_multi-UX to SPEA2-greedy_ting-2P', 'Equivalence_Line_14: SMSEMOA-greedy_multi-1P to NSGA2-greedy_multi-1P', 'Equivalence_Line_15: NSGA2-greedy_multi-HUX to NSGA2-greedy_ting-UX', 'Equivalence_Line_16: RVEA-greedy_multi-2P to UNSGA3-greedy_ting-2P', 'Equivalence_Line_17: SPEA2-random_dense-2P to NSGA3-greedy_ting-2P', 'Equivalence_Line_18: RVEA-greedy_multi-UX to NSGA3-greedy_ting-1P', 'Equivalence_Line_19: UNSGA3-greedy_ting-UX to UNSGA3-greedy_ting-1P', 'Equivalence_Line_20: AGEMOEA2-greedy_ting-2P to RVEA-random_dense-1P', 'Equivalence_Line_21: AGEMOEA2-random_dense-1P to RVEA-greedy_ting-UX', 'Equivalence_Line_22: SPEA2-random_dense-1P to RVEA-greedy_ting-1P']"
SPEA2-random_dense-HUX,0.26451810926224656,"['Equivalence_Line_1: AGEMOEA2-greedy_multi-UX to SPEA2-random_dense-HUX', 'Equivalence_Line_2: NSGA3-greedy_multi-UX to NSGA2-greedy_multi-UX', 'Equivalence_Line_3: UNSGA3-greedy_multi-2P to SMSEMOA-greedy_multi-HUX', 'Equivalence_Line_4: NSGA3-greedy_multi-2P to SMSEMOA-random_dense-2P', 'Equivalence_Line_5: NSGA3-random_dense-HUX to NSGA2-greedy_multi-HUX', 'Equivalence_Line_6: NSGA3-random_dense-UX to SMSEMOA-greedy_multi-2P', 'Equivalence_Line_7: AGEMOEA2-random_dense-UX to AGEMOEA2-random_dense-2P', 'Equivalence_Line_8: AGEMOEA2-random_dense-HUX to UNSGA3-random_dense-2P', 'Equivalence_Line_9: SMSEMOA-greedy_ting-1P to NSGA3-greedy_ting-UX', 'Equivalence_Line_10: AGEMOEA2-greedy_ting-HUX to SPEA2-greedy_ting-UX', 'Equivalence_Line_11: SPEA2-random_dense-UX to AGEMOEA2-greedy_ting-2P', 'Equivalence_Line_12: NSGA2-random_dense-HUX to NSGA3-random_dense-1P', 'Equivalence_Line_13: NSGA2-greedy_multi-UX to SPEA2-greedy_ting-2P', 'Equivalence_Line_14: SMSEMOA-greedy_multi-1P to NSGA2-greedy_multi-1P', 'Equivalence_Line_15: NSGA2-greedy_multi-HUX to NSGA2-greedy_ting-UX', 'Equivalence_Line_16: RVEA-greedy_multi-2P to UNSGA3-greedy_ting-2P', 'Equivalence_Line_17: SPEA2-random_dense-2P to NSGA3-greedy_ting-2P', 'Equivalence_Line_18: RVEA-greedy_multi-UX to NSGA3-greedy_ting-1P', 'Equivalence_Line_19: UNSGA3-greedy_ting-UX to UNSGA3-greedy_ting-1P', 'Equivalence_Line_20: AGEMOEA2-greedy_ting-2P to RVEA-random_dense-1P', 'Equivalence_Line_21: AGEMOEA2-random_dense-1P to RVEA-greedy_ting-UX', 'Equivalence_Line_22: SPEA2-random_dense-1P to RVEA-greedy_ting-1P']"
NSGA2-random_dense-HUX,0.2587374970924382,"['Equivalence_Line_1: AGEMOEA2-greedy_multi-UX to SPEA2-random_dense-HUX', 'Equivalence_Line_2: NSGA3-greedy_multi-UX to NSGA2-greedy_multi-UX', 'Equivalence_Line_3: UNSGA3-greedy_multi-2P to SMSEMOA-greedy_multi-HUX', 'Equivalence_Line_4: NSGA3-greedy_multi-2P to SMSEMOA-random_dense-2P', 'Equivalence_Line_5: NSGA3-random_dense-HUX to NSGA2-greedy_multi-HUX', 'Equivalence_Line_6: NSGA3-random_dense-UX to SMSEMOA-greedy_multi-2P', 'Equivalence_Line_7: AGEMOEA2-random_dense-UX to AGEMOEA2-random_dense-2P', 'Equivalence_Line_8: AGEMOEA2-random_dense-HUX to UNSGA3-random_dense-2P', 'Equivalence_Line_9: SMSEMOA-greedy_ting-1P to NSGA3-greedy_ting-UX', 'Equivalence_Line_10: AGEMOEA2-greedy_ting-HUX to SPEA2-greedy_ting-UX', 'Equivalence_Line_11: SPEA2-random_dense-UX to AGEMOEA2-greedy_ting-2P', 'Equivalence_Line_12: NSGA2-random_dense-HUX to NSGA3-random_dense-1P', 'Equivalence_Line_13: NSGA2-greedy_multi-UX to SPEA2-greedy_ting-2P', 'Equivalence_Line_14: SMSEMOA-greedy_multi-1P to NSGA2-greedy_multi-1P', 'Equivalence_Line_15: NSGA2-greedy_multi-HUX to NSGA2-greedy_ting-UX', 'Equivalence_Line_16: RVEA-greedy_multi-2P to UNSGA3-greedy_ting-2P', 'Equivalence_Line_17: SPEA2-random_dense-2P to NSGA3-greedy_ting-2P', 'Equivalence_Line_18: RVEA-greedy_multi-UX to NSGA3-greedy_ting-1P', 'Equivalence_Line_19: UNSGA3-greedy_ting-UX to UNSGA3-greedy_ting-1P', 'Equivalence_Line_20: AGEMOEA2-greedy_ting-2P to RVEA-random_dense-1P', 'Equivalence_Line_21: AGEMOEA2-random_dense-1P to RVEA-greedy_ting-UX', 'Equivalence_Line_22: SPEA2-random_dense-1P to RVEA-greedy_ting-1P']"
NSGA2-random_dense-UX,0.25854361007044874,"['Equivalence_Line_1: AGEMOEA2-greedy_multi-UX to SPEA2-random_dense-HUX', 'Equivalence_Line_2: NSGA3-greedy_multi-UX to NSGA2-greedy_multi-UX', 'Equivalence_Line_3: UNSGA3-greedy_multi-2P to SMSEMOA-greedy_multi-HUX', 'Equivalence_Line_4: NSGA3-greedy_multi-2P to SMSEMOA-random_dense-2P', 'Equivalence_Line_5: NSGA3-random_dense-HUX to NSGA2-greedy_multi-HUX', 'Equivalence_Line_6: NSGA3-random_dense-UX to SMSEMOA-greedy_multi-2P', 'Equivalence_Line_7: AGEMOEA2-random_dense-UX to AGEMOEA2-random_dense-2P', 'Equivalence_Line_8: AGEMOEA2-random_dense-HUX to UNSGA3-random_dense-2P', 'Equivalence_Line_9: SMSEMOA-greedy_ting-1P to NSGA3-greedy_ting-UX', 'Equivalence_Line_10: AGEMOEA2-greedy_ting-HUX to SPEA2-greedy_ting-UX', 'Equivalence_Line_11: SPEA2-random_dense-UX to AGEMOEA2-greedy_ting-2P', 'Equivalence_Line_12: NSGA2-random_dense-HUX to NSGA3-random_dense-1P', 'Equivalence_Line_13: NSGA2-greedy_multi-UX to SPEA2-greedy_ting-2P', 'Equivalence_Line_14: SMSEMOA-greedy_multi-1P to NSGA2-greedy_multi-1P', 'Equivalence_Line_15: NSGA2-greedy_multi-HUX to NSGA2-greedy_ting-UX', 'Equivalence_Line_16: RVEA-greedy_multi-2P to UNSGA3-greedy_ting-2P', 'Equivalence_Line_17: SPEA2-random_dense-2P to NSGA3-greedy_ting-2P', 'Equivalence_Line_18: RVEA-greedy_multi-UX to NSGA3-greedy_ting-1P', 'Equivalence_Line_19: UNSGA3-greedy_ting-UX to UNSGA3-greedy_ting-1P', 'Equivalence_Line_20: AGEMOEA2-greedy_ting-2P to RVEA-random_dense-1P', 'Equivalence_Line_21: AGEMOEA2-random_dense-1P to RVEA-greedy_ting-UX', 'Equivalence_Line_22: SPEA2-random_dense-1P to RVEA-greedy_ting-1P']"
NSGA2-greedy_multi-UX,0.25816536268530776,"['Equivalence_Line_1: AGEMOEA2-greedy_multi-UX to SPEA2-random_dense-HUX', 'Equivalence_Line_2: NSGA3-greedy_multi-UX to NSGA2-greedy_multi-UX', 'Equivalence_Line_3: UNSGA3-greedy_multi-2P to SMSEMOA-greedy_multi-HUX', 'Equivalence_Line_4: NSGA3-greedy_multi-2P to SMSEMOA-random_dense-2P', 'Equivalence_Line_5: NSGA3-random_dense-HUX to NSGA2-greedy_multi-HUX', 'Equivalence_Line_6: NSGA3-random_dense-UX to SMSEMOA-greedy_multi-2P', 'Equivalence_Line_7: AGEMOEA2-random_dense-UX to AGEMOEA2-random_dense-2P', 'Equivalence_Line_8: AGEMOEA2-random_dense-HUX to UNSGA3-random_dense-2P', 'Equivalence_Line_9: SMSEMOA-greedy_ting-1P to NSGA3-greedy_ting-UX', 'Equivalence_Line_10: AGEMOEA2-greedy_ting-HUX to SPEA2-greedy_ting-UX', 'Equivalence_Line_11: SPEA2-random_dense-UX to AGEMOEA2-greedy_ting-2P', 'Equivalence_Line_12: NSGA2-random_dense-HUX to NSGA3-random_dense-1P', 'Equivalence_Line_13: NSGA2-greedy_multi-UX to SPEA2-greedy_ting-2P', 'Equivalence_Line_14: SMSEMOA-greedy_multi-1P to NSGA2-greedy_multi-1P', 'Equivalence_Line_15: NSGA2-greedy_multi-HUX to NSGA2-greedy_ting-UX', 'Equivalence_Line_16: RVEA-greedy_multi-2P to UNSGA3-greedy_ting-2P', 'Equivalence_Line_17: SPEA2-random_dense-2P to NSGA3-greedy_ting-2P', 'Equivalence_Line_18: RVEA-greedy_multi-UX to NSGA3-greedy_ting-1P', 'Equivalence_Line_19: UNSGA3-greedy_ting-UX to UNSGA3-greedy_ting-1P', 'Equivalence_Line_20: AGEMOEA2-greedy_ting-2P to RVEA-random_dense-1P', 'Equivalence_Line_21: AGEMOEA2-random_dense-1P to RVEA-greedy_ting-UX', 'Equivalence_Line_22: SPEA2-random_dense-1P to RVEA-greedy_ting-1P']"
SMSEMOA-greedy_multi-1P,0.2561139169901001,"['Equivalence_Line_1: AGEMOEA2-greedy_multi-UX to SPEA2-random_dense-HUX', 'Equivalence_Line_2: NSGA3-greedy_multi-UX to NSGA2-greedy_multi-UX', 'Equivalence_Line_3: UNSGA3-greedy_multi-2P to SMSEMOA-greedy_multi-HUX', 'Equivalence_Line_4: NSGA3-greedy_multi-2P to SMSEMOA-random_dense-2P', 'Equivalence_Line_5: NSGA3-random_dense-HUX to NSGA2-greedy_multi-HUX', 'Equivalence_Line_6: NSGA3-random_dense-UX to SMSEMOA-greedy_multi-2P', 'Equivalence_Line_7: AGEMOEA2-random_dense-UX to AGEMOEA2-random_dense-2P', 'Equivalence_Line_8: AGEMOEA2-random_dense-HUX to UNSGA3-random_dense-2P', 'Equivalence_Line_9: SMSEMOA-greedy_ting-1P to NSGA3-greedy_ting-UX', 'Equivalence_Line_10: AGEMOEA2-greedy_ting-HUX to SPEA2-greedy_ting-UX', 'Equivalence_Line_11: SPEA2-random_dense-UX to AGEMOEA2-greedy_ting-2P', 'Equivalence_Line_12: NSGA2-random_dense-HUX to NSGA3-random_dense-1P', 'Equivalence_Line_13: NSGA2-greedy_multi-UX to SPEA2-greedy_ting-2P', 'Equivalence_Line_14: SMSEMOA-greedy_multi-1P to NSGA2-greedy_multi-1P', 'Equivalence_Line_15: NSGA2-greedy_multi-HUX to NSGA2-greedy_ting-UX', 'Equivalence_Line_16: RVEA-greedy_multi-2P to UNSGA3-greedy_ting-2P', 'Equivalence_Line_17: SPEA2-random_dense-2P to NSGA3-greedy_ting-2P', 'Equivalence_Line_18: RVEA-greedy_multi-UX to NSGA3-greedy_ting-1P', 'Equivalence_Line_19: UNSGA3-greedy_ting-UX to UNSGA3-greedy_ting-1P', 'Equivalence_Line_20: AGEMOEA2-greedy_ting-2P to RVEA-random_dense-1P', 'Equivalence_Line_21: AGEMOEA2-random_dense-1P to RVEA-greedy_ting-UX', 'Equivalence_Line_22: SPEA2-random_dense-1P to RVEA-greedy_ting-1P']"
SMSEMOA-greedy_multi-UX,0.2560724918275851,"['Equivalence_Line_1: AGEMOEA2-greedy_multi-UX to SPEA2-random_dense-HUX', 'Equivalence_Line_2: NSGA3-greedy_multi-UX to NSGA2-greedy_multi-UX', 'Equivalence_Line_3: UNSGA3-greedy_multi-2P to SMSEMOA-greedy_multi-HUX', 'Equivalence_Line_4: NSGA3-greedy_multi-2P to SMSEMOA-random_dense-2P', 'Equivalence_Line_5: NSGA3-random_dense-HUX to NSGA2-greedy_multi-HUX', 'Equivalence_Line_6: NSGA3-random_dense-UX to SMSEMOA-greedy_multi-2P', 'Equivalence_Line_7: AGEMOEA2-random_dense-UX to AGEMOEA2-random_dense-2P', 'Equivalence_Line_8: AGEMOEA2-random_dense-HUX to UNSGA3-random_dense-2P', 'Equivalence_Line_9: SMSEMOA-greedy_ting-1P to NSGA3-greedy_ting-UX', 'Equivalence_Line_10: AGEMOEA2-greedy_ting-HUX to SPEA2-greedy_ting-UX', 'Equivalence_Line_11: SPEA2-random_dense-UX to AGEMOEA2-greedy_ting-2P', 'Equivalence_Line_12: NSGA2-random_dense-HUX to NSGA3-random_dense-1P', 'Equivalence_Line_13: NSGA2-greedy_multi-UX to SPEA2-greedy_ting-2P', 'Equivalence_Line_14: SMSEMOA-greedy_multi-1P to NSGA2-greedy_multi-1P', 'Equivalence_Line_15: NSGA2-greedy_multi-HUX to NSGA2-greedy_ting-UX', 'Equivalence_Line_16: RVEA-greedy_multi-2P to UNSGA3-greedy_ting-2P', 'Equivalence_Line_17: SPEA2-random_dense-2P to NSGA3-greedy_ting-2P', 'Equivalence_Line_18: RVEA-greedy_multi-UX to NSGA3-greedy_ting-1P', 'Equivalence_Line_19: UNSGA3-greedy_ting-UX to UNSGA3-greedy_ting-1P', 'Equivalence_Line_20: AGEMOEA2-greedy_ting-2P to RVEA-random_dense-1P', 'Equivalence_Line_21: AGEMOEA2-random_dense-1P to RVEA-greedy_ting-UX', 'Equivalence_Line_22: SPEA2-random_dense-1P to RVEA-greedy_ting-1P']"
SMSEMOA-greedy_multi-HUX,0.2559847564944548,"['Equivalence_Line_1: AGEMOEA2-greedy_multi-UX to SPEA2-random_dense-HUX', 'Equivalence_Line_2: NSGA3-greedy_multi-UX to NSGA2-greedy_multi-UX', 'Equivalence_Line_3: UNSGA3-greedy_multi-2P to SMSEMOA-greedy_multi-HUX', 'Equivalence_Line_4: NSGA3-greedy_multi-2P to SMSEMOA-random_dense-2P', 'Equivalence_Line_5: NSGA3-random_dense-HUX to NSGA2-greedy_multi-HUX', 'Equivalence_Line_6: NSGA3-random_dense-UX to SMSEMOA-greedy_multi-2P', 'Equivalence_Line_7: AGEMOEA2-random_dense-UX to AGEMOEA2-random_dense-2P', 'Equivalence_Line_8: AGEMOEA2-random_dense-HUX to UNSGA3-random_dense-2P', 'Equivalence_Line_9: SMSEMOA-greedy_ting-1P to NSGA3-greedy_ting-UX', 'Equivalence_Line_10: AGEMOEA2-greedy_ting-HUX to SPEA2-greedy_ting-UX', 'Equivalence_Line_11: SPEA2-random_dense-UX to AGEMOEA2-greedy_ting-2P', 'Equivalence_Line_12: NSGA2-random_dense-HUX to NSGA3-random_dense-1P', 'Equivalence_Line_13: NSGA2-greedy_multi-UX to SPEA2-greedy_ting-2P', 'Equivalence_Line_14: SMSEMOA-greedy_multi-1P to NSGA2-greedy_multi-1P', 'Equivalence_Line_15: NSGA2-greedy_multi-HUX to NSGA2-greedy_ting-UX', 'Equivalence_Line_16: RVEA-greedy_multi-2P to UNSGA3-greedy_ting-2P', 'Equivalence_Line_17: SPEA2-random_dense-2P to NSGA3-greedy_ting-2P', 'Equivalence_Line_18: RVEA-greedy_multi-UX to NSGA3-greedy_ting-1P', 'Equivalence_Line_19: UNSGA3-greedy_ting-UX to UNSGA3-greedy_ting-1P', 'Equivalence_Line_20: AGEMOEA2-greedy_ting-2P to RVEA-random_dense-1P', 'Equivalence_Line_21: AGEMOEA2-random_dense-1P to RVEA-greedy_ting-UX', 'Equivalence_Line_22: SPEA2-random_dense-1P to RVEA-greedy_ting-1P']"
SMSEMOA-random_dense-2P,0.2550731535359001,"['Equivalence_Line_1: AGEMOEA2-greedy_multi-UX to SPEA2-random_dense-HUX', 'Equivalence_Line_2: NSGA3-greedy_multi-UX to NSGA2-greedy_multi-UX', 'Equivalence_Line_3: UNSGA3-greedy_multi-2P to SMSEMOA-greedy_multi-HUX', 'Equivalence_Line_4: NSGA3-greedy_multi-2P to SMSEMOA-random_dense-2P', 'Equivalence_Line_5: NSGA3-random_dense-HUX to NSGA2-greedy_multi-HUX', 'Equivalence_Line_6: NSGA3-random_dense-UX to SMSEMOA-greedy_multi-2P', 'Equivalence_Line_7: AGEMOEA2-random_dense-UX to AGEMOEA2-random_dense-2P', 'Equivalence_Line_8: AGEMOEA2-random_dense-HUX to UNSGA3-random_dense-2P', 'Equivalence_Line_9: SMSEMOA-greedy_ting-1P to NSGA3-greedy_ting-UX', 'Equivalence_Line_10: AGEMOEA2-greedy_ting-HUX to SPEA2-greedy_ting-UX', 'Equivalence_Line_11: SPEA2-random_dense-UX to AGEMOEA2-greedy_ting-2P', 'Equivalence_Line_12: NSGA2-random_dense-HUX to NSGA3-random_dense-1P', 'Equivalence_Line_13: NSGA2-greedy_multi-UX to SPEA2-greedy_ting-2P', 'Equivalence_Line_14: SMSEMOA-greedy_multi-1P to NSGA2-greedy_multi-1P', 'Equivalence_Line_15: NSGA2-greedy_multi-HUX to NSGA2-greedy_ting-UX', 'Equivalence_Line_16: RVEA-greedy_multi-2P to UNSGA3-greedy_ting-2P', 'Equivalence_Line_17: SPEA2-random_dense-2P to NSGA3-greedy_ting-2P', 'Equivalence_Line_18: RVEA-greedy_multi-UX to NSGA3-greedy_ting-1P', 'Equivalence_Line_19: UNSGA3-greedy_ting-UX to UNSGA3-greedy_ting-1P', 'Equivalence_Line_20: AGEMOEA2-greedy_ting-2P to RVEA-random_dense-1P', 'Equivalence_Line_21: AGEMOEA2-random_dense-1P to RVEA-greedy_ting-UX', 'Equivalence_Line_22: SPEA2-random_dense-1P to RVEA-greedy_ting-1P']"
NSGA2-greedy_multi-HUX,0.25469531703219456,"['Equivalence_Line_1: AGEMOEA2-greedy_multi-UX to SPEA2-random_dense-HUX', 'Equivalence_Line_2: NSGA3-greedy_multi-UX to NSGA2-greedy_multi-UX', 'Equivalence_Line_3: UNSGA3-greedy_multi-2P to SMSEMOA-greedy_multi-HUX', 'Equivalence_Line_4: NSGA3-greedy_multi-2P to SMSEMOA-random_dense-2P', 'Equivalence_Line_5: NSGA3-random_dense-HUX to NSGA2-greedy_multi-HUX', 'Equivalence_Line_6: NSGA3-random_dense-UX to SMSEMOA-greedy_multi-2P', 'Equivalence_Line_7: AGEMOEA2-random_dense-UX to AGEMOEA2-random_dense-2P', 'Equivalence_Line_8: AGEMOEA2-random_dense-HUX to UNSGA3-random_dense-2P', 'Equivalence_Line_9: SMSEMOA-greedy_ting-1P to NSGA3-greedy_ting-UX', 'Equivalence_Line_10: AGEMOEA2-greedy_ting-HUX to SPEA2-greedy_ting-UX', 'Equivalence_Line_11: SPEA2-random_dense-UX to AGEMOEA2-greedy_ting-2P', 'Equivalence_Line_12: NSGA2-random_dense-HUX to NSGA3-random_dense-1P', 'Equivalence_Line_13: NSGA2-greedy_multi-UX to SPEA2-greedy_ting-2P', 'Equivalence_Line_14: SMSEMOA-greedy_multi-1P to NSGA2-greedy_multi-1P', 'Equivalence_Line_15: NSGA2-greedy_multi-HUX to NSGA2-greedy_ting-UX', 'Equivalence_Line_16: RVEA-greedy_multi-2P to UNSGA3-greedy_ting-2P', 'Equivalence_Line_17: SPEA2-random_dense-2P to NSGA3-greedy_ting-2P', 'Equivalence_Line_18: RVEA-greedy_multi-UX to NSGA3-greedy_ting-1P', 'Equivalence_Line_19: UNSGA3-greedy_ting-UX to UNSGA3-greedy_ting-1P', 'Equivalence_Line_20: AGEMOEA2-greedy_ting-2P to RVEA-random_dense-1P', 'Equivalence_Line_21: AGEMOEA2-random_dense-1P to RVEA-greedy_ting-UX', 'Equivalence_Line_22: SPEA2-random_dense-1P to RVEA-greedy_ting-1P']"
SMSEMOA-greedy_multi-2P,0.25367498369771424,"['Equivalence_Line_1: AGEMOEA2-greedy_multi-UX to SPEA2-random_dense-HUX', 'Equivalence_Line_2: NSGA3-greedy_multi-UX to NSGA2-greedy_multi-UX', 'Equivalence_Line_3: UNSGA3-greedy_multi-2P to SMSEMOA-greedy_multi-HUX', 'Equivalence_Line_4: NSGA3-greedy_multi-2P to SMSEMOA-random_dense-2P', 'Equivalence_Line_5: NSGA3-random_dense-HUX to NSGA2-greedy_multi-HUX', 'Equivalence_Line_6: NSGA3-random_dense-UX to SMSEMOA-greedy_multi-2P', 'Equivalence_Line_7: AGEMOEA2-random_dense-UX to AGEMOEA2-random_dense-2P', 'Equivalence_Line_8: AGEMOEA2-random_dense-HUX to UNSGA3-random_dense-2P', 'Equivalence_Line_9: SMSEMOA-greedy_ting-1P to NSGA3-greedy_ting-UX', 'Equivalence_Line_10: AGEMOEA2-greedy_ting-HUX to SPEA2-greedy_ting-UX', 'Equivalence_Line_11: SPEA2-random_dense-UX to AGEMOEA2-greedy_ting-2P', 'Equivalence_Line_12: NSGA2-random_dense-HUX to NSGA3-random_dense-1P', 'Equivalence_Line_13: NSGA2-greedy_multi-UX to SPEA2-greedy_ting-2P', 'Equivalence_Line_14: SMSEMOA-greedy_multi-1P to NSGA2-greedy_multi-1P', 'Equivalence_Line_15: NSGA2-greedy_multi-HUX to NSGA2-greedy_ting-UX', 'Equivalence_Line_16: RVEA-greedy_multi-2P to UNSGA3-greedy_ting-2P', 'Equivalence_Line_17: SPEA2-random_dense-2P to NSGA3-greedy_ting-2P', 'Equivalence_Line_18: RVEA-greedy_multi-UX to NSGA3-greedy_ting-1P', 'Equivalence_Line_19: UNSGA3-greedy_ting-UX to UNSGA3-greedy_ting-1P', 'Equivalence_Line_20: AGEMOEA2-greedy_ting-2P to RVEA-random_dense-1P', 'Equivalence_Line_21: AGEMOEA2-random_dense-1P to RVEA-greedy_ting-UX', 'Equivalence_Line_22: SPEA2-random_dense-1P to RVEA-greedy_ting-1P']"
RVEA-greedy_multi-2P,0.25165049016224117,"['Equivalence_Line_1: AGEMOEA2-greedy_multi-UX to SPEA2-random_dense-HUX', 'Equivalence_Line_2: NSGA3-greedy_multi-UX to NSGA2-greedy_multi-UX', 'Equivalence_Line_3: UNSGA3-greedy_multi-2P to SMSEMOA-greedy_multi-HUX', 'Equivalence_Line_4: NSGA3-greedy_multi-2P to SMSEMOA-random_dense-2P', 'Equivalence_Line_5: NSGA3-random_dense-HUX to NSGA2-greedy_multi-HUX', 'Equivalence_Line_6: NSGA3-random_dense-UX to SMSEMOA-greedy_multi-2P', 'Equivalence_Line_7: AGEMOEA2-random_dense-UX to AGEMOEA2-random_dense-2P', 'Equivalence_Line_8: AGEMOEA2-random_dense-HUX to UNSGA3-random_dense-2P', 'Equivalence_Line_9: SMSEMOA-greedy_ting-1P to NSGA3-greedy_ting-UX', 'Equivalence_Line_10: AGEMOEA2-greedy_ting-HUX to SPEA2-greedy_ting-UX', 'Equivalence_Line_11: SPEA2-random_dense-UX to AGEMOEA2-greedy_ting-2P', 'Equivalence_Line_12: NSGA2-random_dense-HUX to NSGA3-random_dense-1P', 'Equivalence_Line_13: NSGA2-greedy_multi-UX to SPEA2-greedy_ting-2P', 'Equivalence_Line_14: SMSEMOA-greedy_multi-1P to NSGA2-greedy_multi-1P', 'Equivalence_Line_15: NSGA2-greedy_multi-HUX to NSGA2-greedy_ting-UX', 'Equivalence_Line_16: RVEA-greedy_multi-2P to UNSGA3-greedy_ting-2P', 'Equivalence_Line_17: SPEA2-random_dense-2P to NSGA3-greedy_ting-2P', 'Equivalence_Line_18: RVEA-greedy_multi-UX to NSGA3-greedy_ting-1P', 'Equivalence_Line_19: UNSGA3-greedy_ting-UX to UNSGA3-greedy_ting-1P', 'Equivalence_Line_20: AGEMOEA2-greedy_ting-2P to RVEA-random_dense-1P', 'Equivalence_Line_21: AGEMOEA2-random_dense-1P to RVEA-greedy_ting-UX', 'Equivalence_Line_22: SPEA2-random_dense-1P to RVEA-greedy_ting-1P']"
SPEA2-random_dense-2P,0.24996242199077048,"['Equivalence_Line_1: AGEMOEA2-greedy_multi-UX to SPEA2-random_dense-HUX', 'Equivalence_Line_2: NSGA3-greedy_multi-UX to NSGA2-greedy_multi-UX', 'Equivalence_Line_3: UNSGA3-greedy_multi-2P to SMSEMOA-greedy_multi-HUX', 'Equivalence_Line_4: NSGA3-greedy_multi-2P to SMSEMOA-random_dense-2P', 'Equivalence_Line_5: NSGA3-random_dense-HUX to NSGA2-greedy_multi-HUX', 'Equivalence_Line_6: NSGA3-random_dense-UX to SMSEMOA-greedy_multi-2P', 'Equivalence_Line_7: AGEMOEA2-random_dense-UX to AGEMOEA2-random_dense-2P', 'Equivalence_Line_8: AGEMOEA2-random_dense-HUX to UNSGA3-random_dense-2P', 'Equivalence_Line_9: SMSEMOA-greedy_ting-1P to NSGA3-greedy_ting-UX', 'Equivalence_Line_10: AGEMOEA2-greedy_ting-HUX to SPEA2-greedy_ting-UX', 'Equivalence_Line_11: SPEA2-random_dense-UX to AGEMOEA2-greedy_ting-2P', 'Equivalence_Line_12: NSGA2-random_dense-HUX to NSGA3-random_dense-1P', 'Equivalence_Line_13: NSGA2-greedy_multi-UX to SPEA2-greedy_ting-2P', 'Equivalence_Line_14: SMSEMOA-greedy_multi-1P to NSGA2-greedy_multi-1P', 'Equivalence_Line_15: NSGA2-greedy_multi-HUX to NSGA2-greedy_ting-UX', 'Equivalence_Line_16: RVEA-greedy_multi-2P to UNSGA3-greedy_ting-2P', 'Equivalence_Line_17: SPEA2-random_dense-2P to NSGA3-greedy_ting-2P', 'Equivalence_Line_18: RVEA-greedy_multi-UX to NSGA3-greedy_ting-1P', 'Equivalence_Line_19: UNSGA3-greedy_ting-UX to UNSGA3-greedy_ting-1P', 'Equivalence_Line_20: AGEMOEA2-greedy_ting-2P to RVEA-random_dense-1P', 'Equivalence_Line_21: AGEMOEA2-random_dense-1P to RVEA-greedy_ting-UX', 'Equivalence_Line_22: SPEA2-random_dense-1P to RVEA-greedy_ting-1P']"
RVEA-greedy_multi-UX,0.2495411217823705,"['Equivalence_Line_1: AGEMOEA2-greedy_multi-UX to SPEA2-random_dense-HUX', 'Equivalence_Line_2: NSGA3-greedy_multi-UX to NSGA2-greedy_multi-UX', 'Equivalence_Line_3: UNSGA3-greedy_multi-2P to SMSEMOA-greedy_multi-HUX', 'Equivalence_Line_4: NSGA3-greedy_multi-2P to SMSEMOA-random_dense-2P', 'Equivalence_Line_5: NSGA3-random_dense-HUX to NSGA2-greedy_multi-HUX', 'Equivalence_Line_6: NSGA3-random_dense-UX to SMSEMOA-greedy_multi-2P', 'Equivalence_Line_7: AGEMOEA2-random_dense-UX to AGEMOEA2-random_dense-2P', 'Equivalence_Line_8: AGEMOEA2-random_dense-HUX to UNSGA3-random_dense-2P', 'Equivalence_Line_9: SMSEMOA-greedy_ting-1P to NSGA3-greedy_ting-UX', 'Equivalence_Line_10: AGEMOEA2-greedy_ting-HUX to SPEA2-greedy_ting-UX', 'Equivalence_Line_11: SPEA2-random_dense-UX to AGEMOEA2-greedy_ting-2P', 'Equivalence_Line_12: NSGA2-random_dense-HUX to NSGA3-random_dense-1P', 'Equivalence_Line_13: NSGA2-greedy_multi-UX to SPEA2-greedy_ting-2P', 'Equivalence_Line_14: SMSEMOA-greedy_multi-1P to NSGA2-greedy_multi-1P', 'Equivalence_Line_15: NSGA2-greedy_multi-HUX to NSGA2-greedy_ting-UX', 'Equivalence_Line_16: RVEA-greedy_multi-2P to UNSGA3-greedy_ting-2P', 'Equivalence_Line_17: SPEA2-random_dense-2P to NSGA3-greedy_ting-2P', 'Equivalence_Line_18: RVEA-greedy_multi-UX to NSGA3-greedy_ting-1P', 'Equivalence_Line_19: UNSGA3-greedy_ting-UX to UNSGA3-greedy_ting-1P', 'Equivalence_Line_20: AGEMOEA2-greedy_ting-2P to RVEA-random_dense-1P', 'Equivalence_Line_21: AGEMOEA2-random_dense-1P to RVEA-greedy_ting-UX', 'Equivalence_Line_22: SPEA2-random_dense-1P to RVEA-greedy_ting-1P']"
RVEA-greedy_multi-HUX,0.2493251221453843,"['Equivalence_Line_1: AGEMOEA2-greedy_multi-UX to SPEA2-random_dense-HUX', 'Equivalence_Line_2: NSGA3-greedy_multi-UX to NSGA2-greedy_multi-UX', 'Equivalence_Line_3: UNSGA3-greedy_multi-2P to SMSEMOA-greedy_multi-HUX', 'Equivalence_Line_4: NSGA3-greedy_multi-2P to SMSEMOA-random_dense-2P', 'Equivalence_Line_5: NSGA3-random_dense-HUX to NSGA2-greedy_multi-HUX', 'Equivalence_Line_6: NSGA3-random_dense-UX to SMSEMOA-greedy_multi-2P', 'Equivalence_Line_7: AGEMOEA2-random_dense-UX to AGEMOEA2-random_dense-2P', 'Equivalence_Line_8: AGEMOEA2-random_dense-HUX to UNSGA3-random_dense-2P', 'Equivalence_Line_9: SMSEMOA-greedy_ting-1P to NSGA3-greedy_ting-UX', 'Equivalence_Line_10: AGEMOEA2-greedy_ting-HUX to SPEA2-greedy_ting-UX', 'Equivalence_Line_11: SPEA2-random_dense-UX to AGEMOEA2-greedy_ting-2P', 'Equivalence_Line_12: NSGA2-random_dense-HUX to NSGA3-random_dense-1P', 'Equivalence_Line_13: NSGA2-greedy_multi-UX to SPEA2-greedy_ting-2P', 'Equivalence_Line_14: SMSEMOA-greedy_multi-1P to NSGA2-greedy_multi-1P', 'Equivalence_Line_15: NSGA2-greedy_multi-HUX to NSGA2-greedy_ting-UX', 'Equivalence_Line_16: RVEA-greedy_multi-2P to UNSGA3-greedy_ting-2P', 'Equivalence_Line_17: SPEA2-random_dense-2P to NSGA3-greedy_ting-2P', 'Equivalence_Line_18: RVEA-greedy_multi-UX to NSGA3-greedy_ting-1P', 'Equivalence_Line_19: UNSGA3-greedy_ting-UX to UNSGA3-greedy_ting-1P', 'Equivalence_Line_20: AGEMOEA2-greedy_ting-2P to RVEA-random_dense-1P', 'Equivalence_Line_21: AGEMOEA2-random_dense-1P to RVEA-greedy_ting-UX', 'Equivalence_Line_22: SPEA2-random_dense-1P to RVEA-greedy_ting-1P']"
UNSGA3-greedy_ting-HUX,0.2491099059946545,"['Equivalence_Line_1: AGEMOEA2-greedy_multi-UX to SPEA2-random_dense-HUX', 'Equivalence_Line_2: NSGA3-greedy_multi-UX to NSGA2-greedy_multi-UX', 'Equivalence_Line_3: UNSGA3-greedy_multi-2P to SMSEMOA-greedy_multi-HUX', 'Equivalence_Line_4: NSGA3-greedy_multi-2P to SMSEMOA-random_dense-2P', 'Equivalence_Line_5: NSGA3-random_dense-HUX to NSGA2-greedy_multi-HUX', 'Equivalence_Line_6: NSGA3-random_dense-UX to SMSEMOA-greedy_multi-2P', 'Equivalence_Line_7: AGEMOEA2-random_dense-UX to AGEMOEA2-random_dense-2P', 'Equivalence_Line_8: AGEMOEA2-random_dense-HUX to UNSGA3-random_dense-2P', 'Equivalence_Line_9: SMSEMOA-greedy_ting-1P to NSGA3-greedy_ting-UX', 'Equivalence_Line_10: AGEMOEA2-greedy_ting-HUX to SPEA2-greedy_ting-UX', 'Equivalence_Line_11: SPEA2-random_dense-UX to AGEMOEA2-greedy_ting-2P', 'Equivalence_Line_12: NSGA2-random_dense-HUX to NSGA3-random_dense-1P', 'Equivalence_Line_13: NSGA2-greedy_multi-UX to SPEA2-greedy_ting-2P', 'Equivalence_Line_14: SMSEMOA-greedy_multi-1P to NSGA2-greedy_multi-1P', 'Equivalence_Line_15: NSGA2-greedy_multi-HUX to NSGA2-greedy_ting-UX', 'Equivalence_Line_16: RVEA-greedy_multi-2P to UNSGA3-greedy_ting-2P', 'Equivalence_Line_17: SPEA2-random_dense-2P to NSGA3-greedy_ting-2P', 'Equivalence_Line_18: RVEA-greedy_multi-UX to NSGA3-greedy_ting-1P', 'Equivalence_Line_19: UNSGA3-greedy_ting-UX to UNSGA3-greedy_ting-1P', 'Equivalence_Line_20: AGEMOEA2-greedy_ting-2P to RVEA-random_dense-1P', 'Equivalence_Line_21: AGEMOEA2-random_dense-1P to RVEA-greedy_ting-UX', 'Equivalence_Line_22: SPEA2-random_dense-1P to RVEA-greedy_ting-1P']"
AGEMOEA2-random_dense-2P,0.24895429405125682,"['Equivalence_Line_1: AGEMOEA2-greedy_multi-UX to SPEA2-random_dense-HUX', 'Equivalence_Line_2: NSGA3-greedy_multi-UX to NSGA2-greedy_multi-UX', 'Equivalence_Line_3: UNSGA3-greedy_multi-2P to SMSEMOA-greedy_multi-HUX', 'Equivalence_Line_4: NSGA3-greedy_multi-2P to SMSEMOA-random_dense-2P', 'Equivalence_Line_5: NSGA3-random_dense-HUX to NSGA2-greedy_multi-HUX', 'Equivalence_Line_6: NSGA3-random_dense-UX to SMSEMOA-greedy_multi-2P', 'Equivalence_Line_7: AGEMOEA2-random_dense-UX to AGEMOEA2-random_dense-2P', 'Equivalence_Line_8: AGEMOEA2-random_dense-HUX to UNSGA3-random_dense-2P', 'Equivalence_Line_9: SMSEMOA-greedy_ting-1P to NSGA3-greedy_ting-UX', 'Equivalence_Line_10: AGEMOEA2-greedy_ting-HUX to SPEA2-greedy_ting-UX', 'Equivalence_Line_11: SPEA2-random_dense-UX to AGEMOEA2-greedy_ting-2P', 'Equivalence_Line_12: NSGA2-random_dense-HUX to NSGA3-random_dense-1P', 'Equivalence_Line_13: NSGA2-greedy_multi-UX to SPEA2-greedy_ting-2P', 'Equivalence_Line_14: SMSEMOA-greedy_multi-1P to NSGA2-greedy_multi-1P', 'Equivalence_Line_15: NSGA2-greedy_multi-HUX to NSGA2-greedy_ting-UX', 'Equivalence_Line_16: RVEA-greedy_multi-2P to UNSGA3-greedy_ting-2P', 'Equivalence_Line_17: SPEA2-random_dense-2P to NSGA3-greedy_ting-2P', 'Equivalence_Line_18: RVEA-greedy_multi-UX to NSGA3-greedy_ting-1P', 'Equivalence_Line_19: UNSGA3-greedy_ting-UX to UNSGA3-greedy_ting-1P', 'Equivalence_Line_20: AGEMOEA2-greedy_ting-2P to RVEA-random_dense-1P', 'Equivalence_Line_21: AGEMOEA2-random_dense-1P to RVEA-greedy_ting-UX', 'Equivalence_Line_22: SPEA2-random_dense-1P to RVEA-greedy_ting-1P']"
UNSGA3-random_dense-2P,0.24794388724282748,"['Equivalence_Line_1: AGEMOEA2-greedy_multi-UX to SPEA2-random_dense-HUX', 'Equivalence_Line_2: NSGA3-greedy_multi-UX to NSGA2-greedy_multi-UX', 'Equivalence_Line_3: UNSGA3-greedy_multi-2P to SMSEMOA-greedy_multi-HUX', 'Equivalence_Line_4: NSGA3-greedy_multi-2P to SMSEMOA-random_dense-2P', 'Equivalence_Line_5: NSGA3-random_dense-HUX to NSGA2-greedy_multi-HUX', 'Equivalence_Line_6: NSGA3-random_dense-UX to SMSEMOA-greedy_multi-2P', 'Equivalence_Line_7: AGEMOEA2-random_dense-UX to AGEMOEA2-random_dense-2P', 'Equivalence_Line_8: AGEMOEA2-random_dense-HUX to UNSGA3-random_dense-2P', 'Equivalence_Line_9: SMSEMOA-greedy_ting-1P to NSGA3-greedy_ting-UX', 'Equivalence_Line_10: AGEMOEA2-greedy_ting-HUX to SPEA2-greedy_ting-UX', 'Equivalence_Line_11: SPEA2-random_dense-UX to AGEMOEA2-greedy_ting-2P', 'Equivalence_Line_12: NSGA2-random_dense-HUX to NSGA3-random_dense-1P', 'Equivalence_Line_13: NSGA2-greedy_multi-UX to SPEA2-greedy_ting-2P', 'Equivalence_Line_14: SMSEMOA-greedy_multi-1P to NSGA2-greedy_multi-1P', 'Equivalence_Line_15: NSGA2-greedy_multi-HUX to NSGA2-greedy_ting-UX', 'Equivalence_Line_16: RVEA-greedy_multi-2P to UNSGA3-greedy_ting-2P', 'Equivalence_Line_17: SPEA2-random_dense-2P to NSGA3-greedy_ting-2P', 'Equivalence_Line_18: RVEA-greedy_multi-UX to NSGA3-greedy_ting-1P', 'Equivalence_Line_19: UNSGA3-greedy_ting-UX to UNSGA3-greedy_ting-1P', 'Equivalence_Line_20: AGEMOEA2-greedy_ting-2P to RVEA-random_dense-1P', 'Equivalence_Line_21: AGEMOEA2-random_dense-1P to RVEA-greedy_ting-UX', 'Equivalence_Line_22: SPEA2-random_dense-1P to RVEA-greedy_ting-1P']"
RVEA-greedy_multi-1P,0.24778684417714814,"['Equivalence_Line_1: AGEMOEA2-greedy_multi-UX to SPEA2-random_dense-HUX', 'Equivalence_Line_2: NSGA3-greedy_multi-UX to NSGA2-greedy_multi-UX', 'Equivalence_Line_3: UNSGA3-greedy_multi-2P to SMSEMOA-greedy_multi-HUX', 'Equivalence_Line_4: NSGA3-greedy_multi-2P to SMSEMOA-random_dense-2P', 'Equivalence_Line_5: NSGA3-random_dense-HUX to NSGA2-greedy_multi-HUX', 'Equivalence_Line_6: NSGA3-random_dense-UX to SMSEMOA-greedy_multi-2P', 'Equivalence_Line_7: AGEMOEA2-random_dense-UX to AGEMOEA2-random_dense-2P', 'Equivalence_Line_8: AGEMOEA2-random_dense-HUX to UNSGA3-random_dense-2P', 'Equivalence_Line_9: SMSEMOA-greedy_ting-1P to NSGA3-greedy_ting-UX', 'Equivalence_Line_10: AGEMOEA2-greedy_ting-HUX to SPEA2-greedy_ting-UX', 'Equivalence_Line_11: SPEA2-random_dense-UX to AGEMOEA2-greedy_ting-2P', 'Equivalence_Line_12: NSGA2-random_dense-HUX to NSGA3-random_dense-1P', 'Equivalence_Line_13: NSGA2-greedy_multi-UX to SPEA2-greedy_ting-2P', 'Equivalence_Line_14: SMSEMOA-greedy_multi-1P to NSGA2-greedy_multi-1P', 'Equivalence_Line_15: NSGA2-greedy_multi-HUX to NSGA2-greedy_ting-UX', 'Equivalence_Line_16: RVEA-greedy_multi-2P to UNSGA3-greedy_ting-2P', 'Equivalence_Line_17: SPEA2-random_dense-2P to NSGA3-greedy_ting-2P', 'Equivalence_Line_18: RVEA-greedy_multi-UX to NSGA3-greedy_ting-1P', 'Equivalence_Line_19: UNSGA3-greedy_ting-UX to UNSGA3-greedy_ting-1P', 'Equivalence_Line_20: AGEMOEA2-greedy_ting-2P to RVEA-random_dense-1P', 'Equivalence_Line_21: AGEMOEA2-random_dense-1P to RVEA-greedy_ting-UX', 'Equivalence_Line_22: SPEA2-random_dense-1P to RVEA-greedy_ting-1P']"
SPEA2-greedy_ting-HUX,0.24777855202821897,"['Equivalence_Line_1: AGEMOEA2-greedy_multi-UX to SPEA2-random_dense-HUX', 'Equivalence_Line_2: NSGA3-greedy_multi-UX to NSGA2-greedy_multi-UX', 'Equivalence_Line_3: UNSGA3-greedy_multi-2P to SMSEMOA-greedy_multi-HUX', 'Equivalence_Line_4: NSGA3-greedy_multi-2P to SMSEMOA-random_dense-2P', 'Equivalence_Line_5: NSGA3-random_dense-HUX to NSGA2-greedy_multi-HUX', 'Equivalence_Line_6: NSGA3-random_dense-UX to SMSEMOA-greedy_multi-2P', 'Equivalence_Line_7: AGEMOEA2-random_dense-UX to AGEMOEA2-random_dense-2P', 'Equivalence_Line_8: AGEMOEA2-random_dense-HUX to UNSGA3-random_dense-2P', 'Equivalence_Line_9: SMSEMOA-greedy_ting-1P to NSGA3-greedy_ting-UX', 'Equivalence_Line_10: AGEMOEA2-greedy_ting-HUX to SPEA2-greedy_ting-UX', 'Equivalence_Line_11: SPEA2-random_dense-UX to AGEMOEA2-greedy_ting-2P', 'Equivalence_Line_12: NSGA2-random_dense-HUX to NSGA3-random_dense-1P', 'Equivalence_Line_13: NSGA2-greedy_multi-UX to SPEA2-greedy_ting-2P', 'Equivalence_Line_14: SMSEMOA-greedy_multi-1P to NSGA2-greedy_multi-1P', 'Equivalence_Line_15: NSGA2-greedy_multi-HUX to NSGA2-greedy_ting-UX', 'Equivalence_Line_16: RVEA-greedy_multi-2P to UNSGA3-greedy_ting-2P', 'Equivalence_Line_17: SPEA2-random_dense-2P to NSGA3-greedy_ting-2P', 'Equivalence_Line_18: RVEA-greedy_multi-UX to NSGA3-greedy_ting-1P', 'Equivalence_Line_19: UNSGA3-greedy_ting-UX to UNSGA3-greedy_ting-1P', 'Equivalence_Line_20: AGEMOEA2-greedy_ting-2P to RVEA-random_dense-1P', 'Equivalence_Line_21: AGEMOEA2-random_dense-1P to RVEA-greedy_ting-UX', 'Equivalence_Line_22: SPEA2-random_dense-1P to RVEA-greedy_ting-1P']"
NSGA3-random_dense-2P,0.24768314352199908,"['Equivalence_Line_1: AGEMOEA2-greedy_multi-UX to SPEA2-random_dense-HUX', 'Equivalence_Line_2: NSGA3-greedy_multi-UX to NSGA2-greedy_multi-UX', 'Equivalence_Line_3: UNSGA3-greedy_multi-2P to SMSEMOA-greedy_multi-HUX', 'Equivalence_Line_4: NSGA3-greedy_multi-2P to SMSEMOA-random_dense-2P', 'Equivalence_Line_5: NSGA3-random_dense-HUX to NSGA2-greedy_multi-HUX', 'Equivalence_Line_6: NSGA3-random_dense-UX to SMSEMOA-greedy_multi-2P', 'Equivalence_Line_7: AGEMOEA2-random_dense-UX to AGEMOEA2-random_dense-2P', 'Equivalence_Line_8: AGEMOEA2-random_dense-HUX to UNSGA3-random_dense-2P', 'Equivalence_Line_9: SMSEMOA-greedy_ting-1P to NSGA3-greedy_ting-UX', 'Equivalence_Line_10: AGEMOEA2-greedy_ting-HUX to SPEA2-greedy_ting-UX', 'Equivalence_Line_11: SPEA2-random_dense-UX to AGEMOEA2-greedy_ting-2P', 'Equivalence_Line_12: NSGA2-random_dense-HUX to NSGA3-random_dense-1P', 'Equivalence_Line_13: NSGA2-greedy_multi-UX to SPEA2-greedy_ting-2P', 'Equivalence_Line_14: SMSEMOA-greedy_multi-1P to NSGA2-greedy_multi-1P', 'Equivalence_Line_15: NSGA2-greedy_multi-HUX to NSGA2-greedy_ting-UX', 'Equivalence_Line_16: RVEA-greedy_multi-2P to UNSGA3-greedy_ting-2P', 'Equivalence_Line_17: SPEA2-random_dense-2P to NSGA3-greedy_ting-2P', 'Equivalence_Line_18: RVEA-greedy_multi-UX to NSGA3-greedy_ting-1P', 'Equivalence_Line_19: UNSGA3-greedy_ting-UX to UNSGA3-greedy_ting-1P', 'Equivalence_Line_20: AGEMOEA2-greedy_ting-2P to RVEA-random_dense-1P', 'Equivalence_Line_21: AGEMOEA2-random_dense-1P to RVEA-greedy_ting-UX', 'Equivalence_Line_22: SPEA2-random_dense-1P to RVEA-greedy_ting-1P']"
UNSGA3-greedy_ting-UX,0.2461474185715682,"['Equivalence_Line_1: AGEMOEA2-greedy_multi-UX to SPEA2-random_dense-HUX', 'Equivalence_Line_2: NSGA3-greedy_multi-UX to NSGA2-greedy_multi-UX', 'Equivalence_Line_3: UNSGA3-greedy_multi-2P to SMSEMOA-greedy_multi-HUX', 'Equivalence_Line_4: NSGA3-greedy_multi-2P to SMSEMOA-random_dense-2P', 'Equivalence_Line_5: NSGA3-random_dense-HUX to NSGA2-greedy_multi-HUX', 'Equivalence_Line_6: NSGA3-random_dense-UX to SMSEMOA-greedy_multi-2P', 'Equivalence_Line_7: AGEMOEA2-random_dense-UX to AGEMOEA2-random_dense-2P', 'Equivalence_Line_8: AGEMOEA2-random_dense-HUX to UNSGA3-random_dense-2P', 'Equivalence_Line_9: SMSEMOA-greedy_ting-1P to NSGA3-greedy_ting-UX', 'Equivalence_Line_10: AGEMOEA2-greedy_ting-HUX to SPEA2-greedy_ting-UX', 'Equivalence_Line_11: SPEA2-random_dense-UX to AGEMOEA2-greedy_ting-2P', 'Equivalence_Line_12: NSGA2-random_dense-HUX to NSGA3-random_dense-1P', 'Equivalence_Line_13: NSGA2-greedy_multi-UX to SPEA2-greedy_ting-2P', 'Equivalence_Line_14: SMSEMOA-greedy_multi-1P to NSGA2-greedy_multi-1P', 'Equivalence_Line_15: NSGA2-greedy_multi-HUX to NSGA2-greedy_ting-UX', 'Equivalence_Line_16: RVEA-greedy_multi-2P to UNSGA3-greedy_ting-2P', 'Equivalence_Line_17: SPEA2-random_dense-2P to NSGA3-greedy_ting-2P', 'Equivalence_Line_18: RVEA-greedy_multi-UX to NSGA3-greedy_ting-1P', 'Equivalence_Line_19: UNSGA3-greedy_ting-UX to UNSGA3-greedy_ting-1P', 'Equivalence_Line_20: AGEMOEA2-greedy_ting-2P to RVEA-random_dense-1P', 'Equivalence_Line_21: AGEMOEA2-random_dense-1P to RVEA-greedy_ting-UX', 'Equivalence_Line_22: SPEA2-random_dense-1P to RVEA-greedy_ting-1P']"
NSGA3-greedy_ting-HUX,0.2459081649115344,"['Equivalence_Line_1: AGEMOEA2-greedy_multi-UX to SPEA2-random_dense-HUX', 'Equivalence_Line_2: NSGA3-greedy_multi-UX to NSGA2-greedy_multi-UX', 'Equivalence_Line_3: UNSGA3-greedy_multi-2P to SMSEMOA-greedy_multi-HUX', 'Equivalence_Line_4: NSGA3-greedy_multi-2P to SMSEMOA-random_dense-2P', 'Equivalence_Line_5: NSGA3-random_dense-HUX to NSGA2-greedy_multi-HUX', 'Equivalence_Line_6: NSGA3-random_dense-UX to SMSEMOA-greedy_multi-2P', 'Equivalence_Line_7: AGEMOEA2-random_dense-UX to AGEMOEA2-random_dense-2P', 'Equivalence_Line_8: AGEMOEA2-random_dense-HUX to UNSGA3-random_dense-2P', 'Equivalence_Line_9: SMSEMOA-greedy_ting-1P to NSGA3-greedy_ting-UX', 'Equivalence_Line_10: AGEMOEA2-greedy_ting-HUX to SPEA2-greedy_ting-UX', 'Equivalence_Line_11: SPEA2-random_dense-UX to AGEMOEA2-greedy_ting-2P', 'Equivalence_Line_12: NSGA2-random_dense-HUX to NSGA3-random_dense-1P', 'Equivalence_Line_13: NSGA2-greedy_multi-UX to SPEA2-greedy_ting-2P', 'Equivalence_Line_14: SMSEMOA-greedy_multi-1P to NSGA2-greedy_multi-1P', 'Equivalence_Line_15: NSGA2-greedy_multi-HUX to NSGA2-greedy_ting-UX', 'Equivalence_Line_16: RVEA-greedy_multi-2P to UNSGA3-greedy_ting-2P', 'Equivalence_Line_17: SPEA2-random_dense-2P to NSGA3-greedy_ting-2P', 'Equivalence_Line_18: RVEA-greedy_multi-UX to NSGA3-greedy_ting-1P', 'Equivalence_Line_19: UNSGA3-greedy_ting-UX to UNSGA3-greedy_ting-1P', 'Equivalence_Line_20: AGEMOEA2-greedy_ting-2P to RVEA-random_dense-1P', 'Equivalence_Line_21: AGEMOEA2-random_dense-1P to RVEA-greedy_ting-UX', 'Equivalence_Line_22: SPEA2-random_dense-1P to RVEA-greedy_ting-1P']"
SMSEMOA-random_dense-1P,0.24575745058817913,"['Equivalence_Line_1: AGEMOEA2-greedy_multi-UX to SPEA2-random_dense-HUX', 'Equivalence_Line_2: NSGA3-greedy_multi-UX to NSGA2-greedy_multi-UX', 'Equivalence_Line_3: UNSGA3-greedy_multi-2P to SMSEMOA-greedy_multi-HUX', 'Equivalence_Line_4: NSGA3-greedy_multi-2P to SMSEMOA-random_dense-2P', 'Equivalence_Line_5: NSGA3-random_dense-HUX to NSGA2-greedy_multi-HUX', 'Equivalence_Line_6: NSGA3-random_dense-UX to SMSEMOA-greedy_multi-2P', 'Equivalence_Line_7: AGEMOEA2-random_dense-UX to AGEMOEA2-random_dense-2P', 'Equivalence_Line_8: AGEMOEA2-random_dense-HUX to UNSGA3-random_dense-2P', 'Equivalence_Line_9: SMSEMOA-greedy_ting-1P to NSGA3-greedy_ting-UX', 'Equivalence_Line_10: AGEMOEA2-greedy_ting-HUX to SPEA2-greedy_ting-UX', 'Equivalence_Line_11: SPEA2-random_dense-UX to AGEMOEA2-greedy_ting-2P', 'Equivalence_Line_12: NSGA2-random_dense-HUX to NSGA3-random_dense-1P', 'Equivalence_Line_13: NSGA2-greedy_multi-UX to SPEA2-greedy_ting-2P', 'Equivalence_Line_14: SMSEMOA-greedy_multi-1P to NSGA2-greedy_multi-1P', 'Equivalence_Line_15: NSGA2-greedy_multi-HUX to NSGA2-greedy_ting-UX', 'Equivalence_Line_16: RVEA-greedy_multi-2P to UNSGA3-greedy_ting-2P', 'Equivalence_Line_17: SPEA2-random_dense-2P to NSGA3-greedy_ting-2P', 'Equivalence_Line_18: RVEA-greedy_multi-UX to NSGA3-greedy_ting-1P', 'Equivalence_Line_19: UNSGA3-greedy_ting-UX to UNSGA3-greedy_ting-1P', 'Equivalence_Line_20: AGEMOEA2-greedy_ting-2P to RVEA-random_dense-1P', 'Equivalence_Line_21: AGEMOEA2-random_dense-1P to RVEA-greedy_ting-UX', 'Equivalence_Line_22: SPEA2-random_dense-1P to RVEA-greedy_ting-1P']"
NSGA3-greedy_ting-UX,0.24546725664965535,"['Equivalence_Line_1: AGEMOEA2-greedy_multi-UX to SPEA2-random_dense-HUX', 'Equivalence_Line_2: NSGA3-greedy_multi-UX to NSGA2-greedy_multi-UX', 'Equivalence_Line_3: UNSGA3-greedy_multi-2P to SMSEMOA-greedy_multi-HUX', 'Equivalence_Line_4: NSGA3-greedy_multi-2P to SMSEMOA-random_dense-2P', 'Equivalence_Line_5: NSGA3-random_dense-HUX to NSGA2-greedy_multi-HUX', 'Equivalence_Line_6: NSGA3-random_dense-UX to SMSEMOA-greedy_multi-2P', 'Equivalence_Line_7: AGEMOEA2-random_dense-UX to AGEMOEA2-random_dense-2P', 'Equivalence_Line_8: AGEMOEA2-random_dense-HUX to UNSGA3-random_dense-2P', 'Equivalence_Line_9: SMSEMOA-greedy_ting-1P to NSGA3-greedy_ting-UX', 'Equivalence_Line_10: AGEMOEA2-greedy_ting-HUX to SPEA2-greedy_ting-UX', 'Equivalence_Line_11: SPEA2-random_dense-UX to AGEMOEA2-greedy_ting-2P', 'Equivalence_Line_12: NSGA2-random_dense-HUX to NSGA3-random_dense-1P', 'Equivalence_Line_13: NSGA2-greedy_multi-UX to SPEA2-greedy_ting-2P', 'Equivalence_Line_14: SMSEMOA-greedy_multi-1P to NSGA2-greedy_multi-1P', 'Equivalence_Line_15: NSGA2-greedy_multi-HUX to NSGA2-greedy_ting-UX', 'Equivalence_Line_16: RVEA-greedy_multi-2P to UNSGA3-greedy_ting-2P', 'Equivalence_Line_17: SPEA2-random_dense-2P to NSGA3-greedy_ting-2P', 'Equivalence_Line_18: RVEA-greedy_multi-UX to NSGA3-greedy_ting-1P', 'Equivalence_Line_19: UNSGA3-greedy_ting-UX to UNSGA3-greedy_ting-1P', 'Equivalence_Line_20: AGEMOEA2-greedy_ting-2P to RVEA-random_dense-1P', 'Equivalence_Line_21: AGEMOEA2-random_dense-1P to RVEA-greedy_ting-UX', 'Equivalence_Line_22: SPEA2-random_dense-1P to RVEA-greedy_ting-1P']"
SPEA2-greedy_ting-UX,0.24451849901124179,"['Equivalence_Line_1: AGEMOEA2-greedy_multi-UX to SPEA2-random_dense-HUX', 'Equivalence_Line_2: NSGA3-greedy_multi-UX to NSGA2-greedy_multi-UX', 'Equivalence_Line_3: UNSGA3-greedy_multi-2P to SMSEMOA-greedy_multi-HUX', 'Equivalence_Line_4: NSGA3-greedy_multi-2P to SMSEMOA-random_dense-2P', 'Equivalence_Line_5: NSGA3-random_dense-HUX to NSGA2-greedy_multi-HUX', 'Equivalence_Line_6: NSGA3-random_dense-UX to SMSEMOA-greedy_multi-2P', 'Equivalence_Line_7: AGEMOEA2-random_dense-UX to AGEMOEA2-random_dense-2P', 'Equivalence_Line_8: AGEMOEA2-random_dense-HUX to UNSGA3-random_dense-2P', 'Equivalence_Line_9: SMSEMOA-greedy_ting-1P to NSGA3-greedy_ting-UX', 'Equivalence_Line_10: AGEMOEA2-greedy_ting-HUX to SPEA2-greedy_ting-UX', 'Equivalence_Line_11: SPEA2-random_dense-UX to AGEMOEA2-greedy_ting-2P', 'Equivalence_Line_12: NSGA2-random_dense-HUX to NSGA3-random_dense-1P', 'Equivalence_Line_13: NSGA2-greedy_multi-UX to SPEA2-greedy_ting-2P', 'Equivalence_Line_14: SMSEMOA-greedy_multi-1P to NSGA2-greedy_multi-1P', 'Equivalence_Line_15: NSGA2-greedy_multi-HUX to NSGA2-greedy_ting-UX', 'Equivalence_Line_16: RVEA-greedy_multi-2P to UNSGA3-greedy_ting-2P', 'Equivalence_Line_17: SPEA2-random_dense-2P to NSGA3-greedy_ting-2P', 'Equivalence_Line_18: RVEA-greedy_multi-UX to NSGA3-greedy_ting-1P', 'Equivalence_Line_19: UNSGA3-greedy_ting-UX to UNSGA3-greedy_ting-1P', 'Equivalence_Line_20: AGEMOEA2-greedy_ting-2P to RVEA-random_dense-1P', 'Equivalence_Line_21: AGEMOEA2-random_dense-1P to RVEA-greedy_ting-UX', 'Equivalence_Line_22: SPEA2-random_dense-1P to RVEA-greedy_ting-1P']"
AGEMOEA2-greedy_ting-2P,0.2432887569371163,"['Equivalence_Line_1: AGEMOEA2-greedy_multi-UX to SPEA2-random_dense-HUX', 'Equivalence_Line_2: NSGA3-greedy_multi-UX to NSGA2-greedy_multi-UX', 'Equivalence_Line_3: UNSGA3-greedy_multi-2P to SMSEMOA-greedy_multi-HUX', 'Equivalence_Line_4: NSGA3-greedy_multi-2P to SMSEMOA-random_dense-2P', 'Equivalence_Line_5: NSGA3-random_dense-HUX to NSGA2-greedy_multi-HUX', 'Equivalence_Line_6: NSGA3-random_dense-UX to SMSEMOA-greedy_multi-2P', 'Equivalence_Line_7: AGEMOEA2-random_dense-UX to AGEMOEA2-random_dense-2P', 'Equivalence_Line_8: AGEMOEA2-random_dense-HUX to UNSGA3-random_dense-2P', 'Equivalence_Line_9: SMSEMOA-greedy_ting-1P to NSGA3-greedy_ting-UX', 'Equivalence_Line_10: AGEMOEA2-greedy_ting-HUX to SPEA2-greedy_ting-UX', 'Equivalence_Line_11: SPEA2-random_dense-UX to AGEMOEA2-greedy_ting-2P', 'Equivalence_Line_12: NSGA2-random_dense-HUX to NSGA3-random_dense-1P', 'Equivalence_Line_13: NSGA2-greedy_multi-UX to SPEA2-greedy_ting-2P', 'Equivalence_Line_14: SMSEMOA-greedy_multi-1P to NSGA2-greedy_multi-1P', 'Equivalence_Line_15: NSGA2-greedy_multi-HUX to NSGA2-greedy_ting-UX', 'Equivalence_Line_16: RVEA-greedy_multi-2P to UNSGA3-greedy_ting-2P', 'Equivalence_Line_17: SPEA2-random_dense-2P to NSGA3-greedy_ting-2P', 'Equivalence_Line_18: RVEA-greedy_multi-UX to NSGA3-greedy_ting-1P', 'Equivalence_Line_19: UNSGA3-greedy_ting-UX to UNSGA3-greedy_ting-1P', 'Equivalence_Line_20: AGEMOEA2-greedy_ting-2P to RVEA-random_dense-1P', 'Equivalence_Line_21: AGEMOEA2-random_dense-1P to RVEA-greedy_ting-UX', 'Equivalence_Line_22: SPEA2-random_dense-1P to RVEA-greedy_ting-1P']"
AGEMOEA2-random_dense-1P,0.2414201262605705,"['Equivalence_Line_1: AGEMOEA2-greedy_multi-UX to SPEA2-random_dense-HUX', 'Equivalence_Line_2: NSGA3-greedy_multi-UX to NSGA2-greedy_multi-UX', 'Equivalence_Line_3: UNSGA3-greedy_multi-2P to SMSEMOA-greedy_multi-HUX', 'Equivalence_Line_4: NSGA3-greedy_multi-2P to SMSEMOA-random_dense-2P', 'Equivalence_Line_5: NSGA3-random_dense-HUX to NSGA2-greedy_multi-HUX', 'Equivalence_Line_6: NSGA3-random_dense-UX to SMSEMOA-greedy_multi-2P', 'Equivalence_Line_7: AGEMOEA2-random_dense-UX to AGEMOEA2-random_dense-2P', 'Equivalence_Line_8: AGEMOEA2-random_dense-HUX to UNSGA3-random_dense-2P', 'Equivalence_Line_9: SMSEMOA-greedy_ting-1P to NSGA3-greedy_ting-UX', 'Equivalence_Line_10: AGEMOEA2-greedy_ting-HUX to SPEA2-greedy_ting-UX', 'Equivalence_Line_11: SPEA2-random_dense-UX to AGEMOEA2-greedy_ting-2P', 'Equivalence_Line_12: NSGA2-random_dense-HUX to NSGA3-random_dense-1P', 'Equivalence_Line_13: NSGA2-greedy_multi-UX to SPEA2-greedy_ting-2P', 'Equivalence_Line_14: SMSEMOA-greedy_multi-1P to NSGA2-greedy_multi-1P', 'Equivalence_Line_15: NSGA2-greedy_multi-HUX to NSGA2-greedy_ting-UX', 'Equivalence_Line_16: RVEA-greedy_multi-2P to UNSGA3-greedy_ting-2P', 'Equivalence_Line_17: SPEA2-random_dense-2P to NSGA3-greedy_ting-2P', 'Equivalence_Line_18: RVEA-greedy_multi-UX to NSGA3-greedy_ting-1P', 'Equivalence_Line_19: UNSGA3-greedy_ting-UX to UNSGA3-greedy_ting-1P', 'Equivalence_Line_20: AGEMOEA2-greedy_ting-2P to RVEA-random_dense-1P', 'Equivalence_Line_21: AGEMOEA2-random_dense-1P to RVEA-greedy_ting-UX', 'Equivalence_Line_22: SPEA2-random_dense-1P to RVEA-greedy_ting-1P']"
SPEA2-random_dense-1P,0.2396324639558081,"['Equivalence_Line_1: AGEMOEA2-greedy_multi-UX to SPEA2-random_dense-HUX', 'Equivalence_Line_2: NSGA3-greedy_multi-UX to NSGA2-greedy_multi-UX', 'Equivalence_Line_3: UNSGA3-greedy_multi-2P to SMSEMOA-greedy_multi-HUX', 'Equivalence_Line_4: NSGA3-greedy_multi-2P to SMSEMOA-random_dense-2P', 'Equivalence_Line_5: NSGA3-random_dense-HUX to NSGA2-greedy_multi-HUX', 'Equivalence_Line_6: NSGA3-random_dense-UX to SMSEMOA-greedy_multi-2P', 'Equivalence_Line_7: AGEMOEA2-random_dense-UX to AGEMOEA2-random_dense-2P', 'Equivalence_Line_8: AGEMOEA2-random_dense-HUX to UNSGA3-random_dense-2P', 'Equivalence_Line_9: SMSEMOA-greedy_ting-1P to NSGA3-greedy_ting-UX', 'Equivalence_Line_10: AGEMOEA2-greedy_ting-HUX to SPEA2-greedy_ting-UX', 'Equivalence_Line_11: SPEA2-random_dense-UX to AGEMOEA2-greedy_ting-2P', 'Equivalence_Line_12: NSGA2-random_dense-HUX to NSGA3-random_dense-1P', 'Equivalence_Line_13: NSGA2-greedy_multi-UX to SPEA2-greedy_ting-2P', 'Equivalence_Line_14: SMSEMOA-greedy_multi-1P to NSGA2-greedy_multi-1P', 'Equivalence_Line_15: NSGA2-greedy_multi-HUX to NSGA2-greedy_ting-UX', 'Equivalence_Line_16: RVEA-greedy_multi-2P to UNSGA3-greedy_ting-2P', 'Equivalence_Line_17: SPEA2-random_dense-2P to NSGA3-greedy_ting-2P', 'Equivalence_Line_18: RVEA-greedy_multi-UX to NSGA3-greedy_ting-1P', 'Equivalence_Line_19: UNSGA3-greedy_ting-UX to UNSGA3-greedy_ting-1P', 'Equivalence_Line_20: AGEMOEA2-greedy_ting-2P to RVEA-random_dense-1P', 'Equivalence_Line_21: AGEMOEA2-random_dense-1P to RVEA-greedy_ting-UX', 'Equivalence_Line_22: SPEA2-random_dense-1P to RVEA-greedy_ting-1P']"
UNSGA3-random_dense-1P,0.2391931277162122,"['Equivalence_Line_1: AGEMOEA2-greedy_multi-UX to SPEA2-random_dense-HUX', 'Equivalence_Line_2: NSGA3-greedy_multi-UX to NSGA2-greedy_multi-UX', 'Equivalence_Line_3: UNSGA3-greedy_multi-2P to SMSEMOA-greedy_multi-HUX', 'Equivalence_Line_4: NSGA3-greedy_multi-2P to SMSEMOA-random_dense-2P', 'Equivalence_Line_5: NSGA3-random_dense-HUX to NSGA2-greedy_multi-HUX', 'Equivalence_Line_6: NSGA3-random_dense-UX to SMSEMOA-greedy_multi-2P', 'Equivalence_Line_7: AGEMOEA2-random_dense-UX to AGEMOEA2-random_dense-2P', 'Equivalence_Line_8: AGEMOEA2-random_dense-HUX to UNSGA3-random_dense-2P', 'Equivalence_Line_9: SMSEMOA-greedy_ting-1P to NSGA3-greedy_ting-UX', 'Equivalence_Line_10: AGEMOEA2-greedy_ting-HUX to SPEA2-greedy_ting-UX', 'Equivalence_Line_11: SPEA2-random_dense-UX to AGEMOEA2-greedy_ting-2P', 'Equivalence_Line_12: NSGA2-random_dense-HUX to NSGA3-random_dense-1P', 'Equivalence_Line_13: NSGA2-greedy_multi-UX to SPEA2-greedy_ting-2P', 'Equivalence_Line_14: SMSEMOA-greedy_multi-1P to NSGA2-greedy_multi-1P', 'Equivalence_Line_15: NSGA2-greedy_multi-HUX to NSGA2-greedy_ting-UX', 'Equivalence_Line_16: RVEA-greedy_multi-2P to UNSGA3-greedy_ting-2P', 'Equivalence_Line_17: SPEA2-random_dense-2P to NSGA3-greedy_ting-2P', 'Equivalence_Line_18: RVEA-greedy_multi-UX to NSGA3-greedy_ting-1P', 'Equivalence_Line_19: UNSGA3-greedy_ting-UX to UNSGA3-greedy_ting-1P', 'Equivalence_Line_20: AGEMOEA2-greedy_ting-2P to RVEA-random_dense-1P', 'Equivalence_Line_21: AGEMOEA2-random_dense-1P to RVEA-greedy_ting-UX', 'Equivalence_Line_22: SPEA2-random_dense-1P to RVEA-greedy_ting-1P']"
AGEMOEA2-greedy_ting-1P,0.23895480229634392,"['Equivalence_Line_1: AGEMOEA2-greedy_multi-UX to SPEA2-random_dense-HUX', 'Equivalence_Line_2: NSGA3-greedy_multi-UX to NSGA2-greedy_multi-UX', 'Equivalence_Line_3: UNSGA3-greedy_multi-2P to SMSEMOA-greedy_multi-HUX', 'Equivalence_Line_4: NSGA3-greedy_multi-2P to SMSEMOA-random_dense-2P', 'Equivalence_Line_5: NSGA3-random_dense-HUX to NSGA2-greedy_multi-HUX', 'Equivalence_Line_6: NSGA3-random_dense-UX to SMSEMOA-greedy_multi-2P', 'Equivalence_Line_7: AGEMOEA2-random_dense-UX to AGEMOEA2-random_dense-2P', 'Equivalence_Line_8: AGEMOEA2-random_dense-HUX to UNSGA3-random_dense-2P', 'Equivalence_Line_9: SMSEMOA-greedy_ting-1P to NSGA3-greedy_ting-UX', 'Equivalence_Line_10: AGEMOEA2-greedy_ting-HUX to SPEA2-greedy_ting-UX', 'Equivalence_Line_11: SPEA2-random_dense-UX to AGEMOEA2-greedy_ting-2P', 'Equivalence_Line_12: NSGA2-random_dense-HUX to NSGA3-random_dense-1P', 'Equivalence_Line_13: NSGA2-greedy_multi-UX to SPEA2-greedy_ting-2P', 'Equivalence_Line_14: SMSEMOA-greedy_multi-1P to NSGA2-greedy_multi-1P', 'Equivalence_Line_15: NSGA2-greedy_multi-HUX to NSGA2-greedy_ting-UX', 'Equivalence_Line_16: RVEA-greedy_multi-2P to UNSGA3-greedy_ting-2P', 'Equivalence_Line_17: SPEA2-random_dense-2P to NSGA3-greedy_ting-2P', 'Equivalence_Line_18: RVEA-greedy_multi-UX to NSGA3-greedy_ting-1P', 'Equivalence_Line_19: UNSGA3-greedy_ting-UX to UNSGA3-greedy_ting-1P', 'Equivalence_Line_20: AGEMOEA2-greedy_ting-2P to RVEA-random_dense-1P', 'Equivalence_Line_21: AGEMOEA2-random_dense-1P to RVEA-greedy_ting-UX', 'Equivalence_Line_22: SPEA2-random_dense-1P to RVEA-greedy_ting-1P']"
NSGA2-greedy_multi-2P,0.23762704939882878,"['Equivalence_Line_1: AGEMOEA2-greedy_multi-UX to SPEA2-random_dense-HUX', 'Equivalence_Line_2: NSGA3-greedy_multi-UX to NSGA2-greedy_multi-UX', 'Equivalence_Line_3: UNSGA3-greedy_multi-2P to SMSEMOA-greedy_multi-HUX', 'Equivalence_Line_4: NSGA3-greedy_multi-2P to SMSEMOA-random_dense-2P', 'Equivalence_Line_5: NSGA3-random_dense-HUX to NSGA2-greedy_multi-HUX', 'Equivalence_Line_6: NSGA3-random_dense-UX to SMSEMOA-greedy_multi-2P', 'Equivalence_Line_7: AGEMOEA2-random_dense-UX to AGEMOEA2-random_dense-2P', 'Equivalence_Line_8: AGEMOEA2-random_dense-HUX to UNSGA3-random_dense-2P', 'Equivalence_Line_9: SMSEMOA-greedy_ting-1P to NSGA3-greedy_ting-UX', 'Equivalence_Line_10: AGEMOEA2-greedy_ting-HUX to SPEA2-greedy_ting-UX', 'Equivalence_Line_11: SPEA2-random_dense-UX to AGEMOEA2-greedy_ting-2P', 'Equivalence_Line_12: NSGA2-random_dense-HUX to NSGA3-random_dense-1P', 'Equivalence_Line_13: NSGA2-greedy_multi-UX to SPEA2-greedy_ting-2P', 'Equivalence_Line_14: SMSEMOA-greedy_multi-1P to NSGA2-greedy_multi-1P', 'Equivalence_Line_15: NSGA2-greedy_multi-HUX to NSGA2-greedy_ting-UX', 'Equivalence_Line_16: RVEA-greedy_multi-2P to UNSGA3-greedy_ting-2P', 'Equivalence_Line_17: SPEA2-random_dense-2P to NSGA3-greedy_ting-2P', 'Equivalence_Line_18: RVEA-greedy_multi-UX to NSGA3-greedy_ting-1P', 'Equivalence_Line_19: UNSGA3-greedy_ting-UX to UNSGA3-greedy_ting-1P', 'Equivalence_Line_20: AGEMOEA2-greedy_ting-2P to RVEA-random_dense-1P', 'Equivalence_Line_21: AGEMOEA2-random_dense-1P to RVEA-greedy_ting-UX', 'Equivalence_Line_22: SPEA2-random_dense-1P to RVEA-greedy_ting-1P']"
NSGA3-random_dense-1P,0.237544428745326,"['Equivalence_Line_1: AGEMOEA2-greedy_multi-UX to SPEA2-random_dense-HUX', 'Equivalence_Line_2: NSGA3-greedy_multi-UX to NSGA2-greedy_multi-UX', 'Equivalence_Line_3: UNSGA3-greedy_multi-2P to SMSEMOA-greedy_multi-HUX', 'Equivalence_Line_4: NSGA3-greedy_multi-2P to SMSEMOA-random_dense-2P', 'Equivalence_Line_5: NSGA3-random_dense-HUX to NSGA2-greedy_multi-HUX', 'Equivalence_Line_6: NSGA3-random_dense-UX to SMSEMOA-greedy_multi-2P', 'Equivalence_Line_7: AGEMOEA2-random_dense-UX to AGEMOEA2-random_dense-2P', 'Equivalence_Line_8: AGEMOEA2-random_dense-HUX to UNSGA3-random_dense-2P', 'Equivalence_Line_9: SMSEMOA-greedy_ting-1P to NSGA3-greedy_ting-UX', 'Equivalence_Line_10: AGEMOEA2-greedy_ting-HUX to SPEA2-greedy_ting-UX', 'Equivalence_Line_11: SPEA2-random_dense-UX to AGEMOEA2-greedy_ting-2P', 'Equivalence_Line_12: NSGA2-random_dense-HUX to NSGA3-random_dense-1P', 'Equivalence_Line_13: NSGA2-greedy_multi-UX to SPEA2-greedy_ting-2P', 'Equivalence_Line_14: SMSEMOA-greedy_multi-1P to NSGA2-greedy_multi-1P', 'Equivalence_Line_15: NSGA2-greedy_multi-HUX to NSGA2-greedy_ting-UX', 'Equivalence_Line_16: RVEA-greedy_multi-2P to UNSGA3-greedy_ting-2P', 'Equivalence_Line_17: SPEA2-random_dense-2P to NSGA3-greedy_ting-2P', 'Equivalence_Line_18: RVEA-greedy_multi-UX to NSGA3-greedy_ting-1P', 'Equivalence_Line_19: UNSGA3-greedy_ting-UX to UNSGA3-greedy_ting-1P', 'Equivalence_Line_20: AGEMOEA2-greedy_ting-2P to RVEA-random_dense-1P', 'Equivalence_Line_21: AGEMOEA2-random_dense-1P to RVEA-greedy_ting-UX', 'Equivalence_Line_22: SPEA2-random_dense-1P to RVEA-greedy_ting-1P']"
RVEA-random_dense-HUX,0.23642590485704268,"['Equivalence_Line_1: AGEMOEA2-greedy_multi-UX to SPEA2-random_dense-HUX', 'Equivalence_Line_2: NSGA3-greedy_multi-UX to NSGA2-greedy_multi-UX', 'Equivalence_Line_3: UNSGA3-greedy_multi-2P to SMSEMOA-greedy_multi-HUX', 'Equivalence_Line_4: NSGA3-greedy_multi-2P to SMSEMOA-random_dense-2P', 'Equivalence_Line_5: NSGA3-random_dense-HUX to NSGA2-greedy_multi-HUX', 'Equivalence_Line_6: NSGA3-random_dense-UX to SMSEMOA-greedy_multi-2P', 'Equivalence_Line_7: AGEMOEA2-random_dense-UX to AGEMOEA2-random_dense-2P', 'Equivalence_Line_8: AGEMOEA2-random_dense-HUX to UNSGA3-random_dense-2P', 'Equivalence_Line_9: SMSEMOA-greedy_ting-1P to NSGA3-greedy_ting-UX', 'Equivalence_Line_10: AGEMOEA2-greedy_ting-HUX to SPEA2-greedy_ting-UX', 'Equivalence_Line_11: SPEA2-random_dense-UX to AGEMOEA2-greedy_ting-2P', 'Equivalence_Line_12: NSGA2-random_dense-HUX to NSGA3-random_dense-1P', 'Equivalence_Line_13: NSGA2-greedy_multi-UX to SPEA2-greedy_ting-2P', 'Equivalence_Line_14: SMSEMOA-greedy_multi-1P to NSGA2-greedy_multi-1P', 'Equivalence_Line_15: NSGA2-greedy_multi-HUX to NSGA2-greedy_ting-UX', 'Equivalence_Line_16: RVEA-greedy_multi-2P to UNSGA3-greedy_ting-2P', 'Equivalence_Line_17: SPEA2-random_dense-2P to NSGA3-greedy_ting-2P', 'Equivalence_Line_18: RVEA-greedy_multi-UX to NSGA3-greedy_ting-1P', 'Equivalence_Line_19: UNSGA3-greedy_ting-UX to UNSGA3-greedy_ting-1P', 'Equivalence_Line_20: AGEMOEA2-greedy_ting-2P to RVEA-random_dense-1P', 'Equivalence_Line_21: AGEMOEA2-random_dense-1P to RVEA-greedy_ting-UX', 'Equivalence_Line_22: SPEA2-random_dense-1P to RVEA-greedy_ting-1P']"
SPEA2-greedy_ting-2P,0.23636014681030804,"['Equivalence_Line_1: AGEMOEA2-greedy_multi-UX to SPEA2-random_dense-HUX', 'Equivalence_Line_2: NSGA3-greedy_multi-UX to NSGA2-greedy_multi-UX', 'Equivalence_Line_3: UNSGA3-greedy_multi-2P to SMSEMOA-greedy_multi-HUX', 'Equivalence_Line_4: NSGA3-greedy_multi-2P to SMSEMOA-random_dense-2P', 'Equivalence_Line_5: NSGA3-random_dense-HUX to NSGA2-greedy_multi-HUX', 'Equivalence_Line_6: NSGA3-random_dense-UX to SMSEMOA-greedy_multi-2P', 'Equivalence_Line_7: AGEMOEA2-random_dense-UX to AGEMOEA2-random_dense-2P', 'Equivalence_Line_8: AGEMOEA2-random_dense-HUX to UNSGA3-random_dense-2P', 'Equivalence_Line_9: SMSEMOA-greedy_ting-1P to NSGA3-greedy_ting-UX', 'Equivalence_Line_10: AGEMOEA2-greedy_ting-HUX to SPEA2-greedy_ting-UX', 'Equivalence_Line_11: SPEA2-random_dense-UX to AGEMOEA2-greedy_ting-2P', 'Equivalence_Line_12: NSGA2-random_dense-HUX to NSGA3-random_dense-1P', 'Equivalence_Line_13: NSGA2-greedy_multi-UX to SPEA2-greedy_ting-2P', 'Equivalence_Line_14: SMSEMOA-greedy_multi-1P to NSGA2-greedy_multi-1P', 'Equivalence_Line_15: NSGA2-greedy_multi-HUX to NSGA2-greedy_ting-UX', 'Equivalence_Line_16: RVEA-greedy_multi-2P to UNSGA3-greedy_ting-2P', 'Equivalence_Line_17: SPEA2-random_dense-2P to NSGA3-greedy_ting-2P', 'Equivalence_Line_18: RVEA-greedy_multi-UX to NSGA3-greedy_ting-1P', 'Equivalence_Line_19: UNSGA3-greedy_ting-UX to UNSGA3-greedy_ting-1P', 'Equivalence_Line_20: AGEMOEA2-greedy_ting-2P to RVEA-random_dense-1P', 'Equivalence_Line_21: AGEMOEA2-random_dense-1P to RVEA-greedy_ting-UX', 'Equivalence_Line_22: SPEA2-random_dense-1P to RVEA-greedy_ting-1P']"
RVEA-random_dense-UX,0.2351410278267559,"['Equivalence_Line_1: AGEMOEA2-greedy_multi-UX to SPEA2-random_dense-HUX', 'Equivalence_Line_2: NSGA3-greedy_multi-UX to NSGA2-greedy_multi-UX', 'Equivalence_Line_3: UNSGA3-greedy_multi-2P to SMSEMOA-greedy_multi-HUX', 'Equivalence_Line_4: NSGA3-greedy_multi-2P to SMSEMOA-random_dense-2P', 'Equivalence_Line_5: NSGA3-random_dense-HUX to NSGA2-greedy_multi-HUX', 'Equivalence_Line_6: NSGA3-random_dense-UX to SMSEMOA-greedy_multi-2P', 'Equivalence_Line_7: AGEMOEA2-random_dense-UX to AGEMOEA2-random_dense-2P', 'Equivalence_Line_8: AGEMOEA2-random_dense-HUX to UNSGA3-random_dense-2P', 'Equivalence_Line_9: SMSEMOA-greedy_ting-1P to NSGA3-greedy_ting-UX', 'Equivalence_Line_10: AGEMOEA2-greedy_ting-HUX to SPEA2-greedy_ting-UX', 'Equivalence_Line_11: SPEA2-random_dense-UX to AGEMOEA2-greedy_ting-2P', 'Equivalence_Line_12: NSGA2-random_dense-HUX to NSGA3-random_dense-1P', 'Equivalence_Line_13: NSGA2-greedy_multi-UX to SPEA2-greedy_ting-2P', 'Equivalence_Line_14: SMSEMOA-greedy_multi-1P to NSGA2-greedy_multi-1P', 'Equivalence_Line_15: NSGA2-greedy_multi-HUX to NSGA2-greedy_ting-UX', 'Equivalence_Line_16: RVEA-greedy_multi-2P to UNSGA3-greedy_ting-2P', 'Equivalence_Line_17: SPEA2-random_dense-2P to NSGA3-greedy_ting-2P', 'Equivalence_Line_18: RVEA-greedy_multi-UX to NSGA3-greedy_ting-1P', 'Equivalence_Line_19: UNSGA3-greedy_ting-UX to UNSGA3-greedy_ting-1P', 'Equivalence_Line_20: AGEMOEA2-greedy_ting-2P to RVEA-random_dense-1P', 'Equivalence_Line_21: AGEMOEA2-random_dense-1P to RVEA-greedy_ting-UX', 'Equivalence_Line_22: SPEA2-random_dense-1P to RVEA-greedy_ting-1P']"
NSGA2-greedy_multi-1P,0.23357724394525547,"['Equivalence_Line_1: AGEMOEA2-greedy_multi-UX to SPEA2-random_dense-HUX', 'Equivalence_Line_2: NSGA3-greedy_multi-UX to NSGA2-greedy_multi-UX', 'Equivalence_Line_3: UNSGA3-greedy_multi-2P to SMSEMOA-greedy_multi-HUX', 'Equivalence_Line_4: NSGA3-greedy_multi-2P to SMSEMOA-random_dense-2P', 'Equivalence_Line_5: NSGA3-random_dense-HUX to NSGA2-greedy_multi-HUX', 'Equivalence_Line_6: NSGA3-random_dense-UX to SMSEMOA-greedy_multi-2P', 'Equivalence_Line_7: AGEMOEA2-random_dense-UX to AGEMOEA2-random_dense-2P', 'Equivalence_Line_8: AGEMOEA2-random_dense-HUX to UNSGA3-random_dense-2P', 'Equivalence_Line_9: SMSEMOA-greedy_ting-1P to NSGA3-greedy_ting-UX', 'Equivalence_Line_10: AGEMOEA2-greedy_ting-HUX to SPEA2-greedy_ting-UX', 'Equivalence_Line_11: SPEA2-random_dense-UX to AGEMOEA2-greedy_ting-2P', 'Equivalence_Line_12: NSGA2-random_dense-HUX to NSGA3-random_dense-1P', 'Equivalence_Line_13: NSGA2-greedy_multi-UX to SPEA2-greedy_ting-2P', 'Equivalence_Line_14: SMSEMOA-greedy_multi-1P to NSGA2-greedy_multi-1P', 'Equivalence_Line_15: NSGA2-greedy_multi-HUX to NSGA2-greedy_ting-UX', 'Equivalence_Line_16: RVEA-greedy_multi-2P to UNSGA3-greedy_ting-2P', 'Equivalence_Line_17: SPEA2-random_dense-2P to NSGA3-greedy_ting-2P', 'Equivalence_Line_18: RVEA-greedy_multi-UX to NSGA3-greedy_ting-1P', 'Equivalence_Line_19: UNSGA3-greedy_ting-UX to UNSGA3-greedy_ting-1P', 'Equivalence_Line_20: AGEMOEA2-greedy_ting-2P to RVEA-random_dense-1P', 'Equivalence_Line_21: AGEMOEA2-random_dense-1P to RVEA-greedy_ting-UX', 'Equivalence_Line_22: SPEA2-random_dense-1P to RVEA-greedy_ting-1P']"
NSGA2-greedy_ting-UX,0.23310125378056637,"['Equivalence_Line_1: AGEMOEA2-greedy_multi-UX to SPEA2-random_dense-HUX', 'Equivalence_Line_2: NSGA3-greedy_multi-UX to NSGA2-greedy_multi-UX', 'Equivalence_Line_3: UNSGA3-greedy_multi-2P to SMSEMOA-greedy_multi-HUX', 'Equivalence_Line_4: NSGA3-greedy_multi-2P to SMSEMOA-random_dense-2P', 'Equivalence_Line_5: NSGA3-random_dense-HUX to NSGA2-greedy_multi-HUX', 'Equivalence_Line_6: NSGA3-random_dense-UX to SMSEMOA-greedy_multi-2P', 'Equivalence_Line_7: AGEMOEA2-random_dense-UX to AGEMOEA2-random_dense-2P', 'Equivalence_Line_8: AGEMOEA2-random_dense-HUX to UNSGA3-random_dense-2P', 'Equivalence_Line_9: SMSEMOA-greedy_ting-1P to NSGA3-greedy_ting-UX', 'Equivalence_Line_10: AGEMOEA2-greedy_ting-HUX to SPEA2-greedy_ting-UX', 'Equivalence_Line_11: SPEA2-random_dense-UX to AGEMOEA2-greedy_ting-2P', 'Equivalence_Line_12: NSGA2-random_dense-HUX to NSGA3-random_dense-1P', 'Equivalence_Line_13: NSGA2-greedy_multi-UX to SPEA2-greedy_ting-2P', 'Equivalence_Line_14: SMSEMOA-greedy_multi-1P to NSGA2-greedy_multi-1P', 'Equivalence_Line_15: NSGA2-greedy_multi-HUX to NSGA2-greedy_ting-UX', 'Equivalence_Line_16: RVEA-greedy_multi-2P to UNSGA3-greedy_ting-2P', 'Equivalence_Line_17: SPEA2-random_dense-2P to NSGA3-greedy_ting-2P', 'Equivalence_Line_18: RVEA-greedy_multi-UX to NSGA3-greedy_ting-1P', 'Equivalence_Line_19: UNSGA3-greedy_ting-UX to UNSGA3-greedy_ting-1P', 'Equivalence_Line_20: AGEMOEA2-greedy_ting-2P to RVEA-random_dense-1P', 'Equivalence_Line_21: AGEMOEA2-random_dense-1P to RVEA-greedy_ting-UX', 'Equivalence_Line_22: SPEA2-random_dense-1P to RVEA-greedy_ting-1P']"
NSGA2-greedy_ting-HUX,0.23216647949545166,"['Equivalence_Line_1: AGEMOEA2-greedy_multi-UX to SPEA2-random_dense-HUX', 'Equivalence_Line_2: NSGA3-greedy_multi-UX to NSGA2-greedy_multi-UX', 'Equivalence_Line_3: UNSGA3-greedy_multi-2P to SMSEMOA-greedy_multi-HUX', 'Equivalence_Line_4: NSGA3-greedy_multi-2P to SMSEMOA-random_dense-2P', 'Equivalence_Line_5: NSGA3-random_dense-HUX to NSGA2-greedy_multi-HUX', 'Equivalence_Line_6: NSGA3-random_dense-UX to SMSEMOA-greedy_multi-2P', 'Equivalence_Line_7: AGEMOEA2-random_dense-UX to AGEMOEA2-random_dense-2P', 'Equivalence_Line_8: AGEMOEA2-random_dense-HUX to UNSGA3-random_dense-2P', 'Equivalence_Line_9: SMSEMOA-greedy_ting-1P to NSGA3-greedy_ting-UX', 'Equivalence_Line_10: AGEMOEA2-greedy_ting-HUX to SPEA2-greedy_ting-UX', 'Equivalence_Line_11: SPEA2-random_dense-UX to AGEMOEA2-greedy_ting-2P', 'Equivalence_Line_12: NSGA2-random_dense-HUX to NSGA3-random_dense-1P', 'Equivalence_Line_13: NSGA2-greedy_multi-UX to SPEA2-greedy_ting-2P', 'Equivalence_Line_14: SMSEMOA-greedy_multi-1P to NSGA2-greedy_multi-1P', 'Equivalence_Line_15: NSGA2-greedy_multi-HUX to NSGA2-greedy_ting-UX', 'Equivalence_Line_16: RVEA-greedy_multi-2P to UNSGA3-greedy_ting-2P', 'Equivalence_Line_17: SPEA2-random_dense-2P to NSGA3-greedy_ting-2P', 'Equivalence_Line_18: RVEA-greedy_multi-UX to NSGA3-greedy_ting-1P', 'Equivalence_Line_19: UNSGA3-greedy_ting-UX to UNSGA3-greedy_ting-1P', 'Equivalence_Line_20: AGEMOEA2-greedy_ting-2P to RVEA-random_dense-1P', 'Equivalence_Line_21: AGEMOEA2-random_dense-1P to RVEA-greedy_ting-UX', 'Equivalence_Line_22: SPEA2-random_dense-1P to RVEA-greedy_ting-1P']"
SPEA2-greedy_ting-1P,0.2307914163623136,"['Equivalence_Line_1: AGEMOEA2-greedy_multi-UX to SPEA2-random_dense-HUX', 'Equivalence_Line_2: NSGA3-greedy_multi-UX to NSGA2-greedy_multi-UX', 'Equivalence_Line_3: UNSGA3-greedy_multi-2P to SMSEMOA-greedy_multi-HUX', 'Equivalence_Line_4: NSGA3-greedy_multi-2P to SMSEMOA-random_dense-2P', 'Equivalence_Line_5: NSGA3-random_dense-HUX to NSGA2-greedy_multi-HUX', 'Equivalence_Line_6: NSGA3-random_dense-UX to SMSEMOA-greedy_multi-2P', 'Equivalence_Line_7: AGEMOEA2-random_dense-UX to AGEMOEA2-random_dense-2P', 'Equivalence_Line_8: AGEMOEA2-random_dense-HUX to UNSGA3-random_dense-2P', 'Equivalence_Line_9: SMSEMOA-greedy_ting-1P to NSGA3-greedy_ting-UX', 'Equivalence_Line_10: AGEMOEA2-greedy_ting-HUX to SPEA2-greedy_ting-UX', 'Equivalence_Line_11: SPEA2-random_dense-UX to AGEMOEA2-greedy_ting-2P', 'Equivalence_Line_12: NSGA2-random_dense-HUX to NSGA3-random_dense-1P', 'Equivalence_Line_13: NSGA2-greedy_multi-UX to SPEA2-greedy_ting-2P', 'Equivalence_Line_14: SMSEMOA-greedy_multi-1P to NSGA2-greedy_multi-1P', 'Equivalence_Line_15: NSGA2-greedy_multi-HUX to NSGA2-greedy_ting-UX', 'Equivalence_Line_16: RVEA-greedy_multi-2P to UNSGA3-greedy_ting-2P', 'Equivalence_Line_17: SPEA2-random_dense-2P to NSGA3-greedy_ting-2P', 'Equivalence_Line_18: RVEA-greedy_multi-UX to NSGA3-greedy_ting-1P', 'Equivalence_Line_19: UNSGA3-greedy_ting-UX to UNSGA3-greedy_ting-1P', 'Equivalence_Line_20: AGEMOEA2-greedy_ting-2P to RVEA-random_dense-1P', 'Equivalence_Line_21: AGEMOEA2-random_dense-1P to RVEA-greedy_ting-UX', 'Equivalence_Line_22: SPEA2-random_dense-1P to RVEA-greedy_ting-1P']"
NSGA2-greedy_ting-2P,0.23039753912712752,"['Equivalence_Line_1: AGEMOEA2-greedy_multi-UX to SPEA2-random_dense-HUX', 'Equivalence_Line_2: NSGA3-greedy_multi-UX to NSGA2-greedy_multi-UX', 'Equivalence_Line_3: UNSGA3-greedy_multi-2P to SMSEMOA-greedy_multi-HUX', 'Equivalence_Line_4: NSGA3-greedy_multi-2P to SMSEMOA-random_dense-2P', 'Equivalence_Line_5: NSGA3-random_dense-HUX to NSGA2-greedy_multi-HUX', 'Equivalence_Line_6: NSGA3-random_dense-UX to SMSEMOA-greedy_multi-2P', 'Equivalence_Line_7: AGEMOEA2-random_dense-UX to AGEMOEA2-random_dense-2P', 'Equivalence_Line_8: AGEMOEA2-random_dense-HUX to UNSGA3-random_dense-2P', 'Equivalence_Line_9: SMSEMOA-greedy_ting-1P to NSGA3-greedy_ting-UX', 'Equivalence_Line_10: AGEMOEA2-greedy_ting-HUX to SPEA2-greedy_ting-UX', 'Equivalence_Line_11: SPEA2-random_dense-UX to AGEMOEA2-greedy_ting-2P', 'Equivalence_Line_12: NSGA2-random_dense-HUX to NSGA3-random_dense-1P', 'Equivalence_Line_13: NSGA2-greedy_multi-UX to SPEA2-greedy_ting-2P', 'Equivalence_Line_14: SMSEMOA-greedy_multi-1P to NSGA2-greedy_multi-1P', 'Equivalence_Line_15: NSGA2-greedy_multi-HUX to NSGA2-greedy_ting-UX', 'Equivalence_Line_16: RVEA-greedy_multi-2P to UNSGA3-greedy_ting-2P', 'Equivalence_Line_17: SPEA2-random_dense-2P to NSGA3-greedy_ting-2P', 'Equivalence_Line_18: RVEA-greedy_multi-UX to NSGA3-greedy_ting-1P', 'Equivalence_Line_19: UNSGA3-greedy_ting-UX to UNSGA3-greedy_ting-1P', 'Equivalence_Line_20: AGEMOEA2-greedy_ting-2P to RVEA-random_dense-1P', 'Equivalence_Line_21: AGEMOEA2-random_dense-1P to RVEA-greedy_ting-UX', 'Equivalence_Line_22: SPEA2-random_dense-1P to RVEA-greedy_ting-1P']"
NSGA2-greedy_ting-1P,0.22984472763029412,"['Equivalence_Line_1: AGEMOEA2-greedy_multi-UX to SPEA2-random_dense-HUX', 'Equivalence_Line_2: NSGA3-greedy_multi-UX to NSGA2-greedy_multi-UX', 'Equivalence_Line_3: UNSGA3-greedy_multi-2P to SMSEMOA-greedy_multi-HUX', 'Equivalence_Line_4: NSGA3-greedy_multi-2P to SMSEMOA-random_dense-2P', 'Equivalence_Line_5: NSGA3-random_dense-HUX to NSGA2-greedy_multi-HUX', 'Equivalence_Line_6: NSGA3-random_dense-UX to SMSEMOA-greedy_multi-2P', 'Equivalence_Line_7: AGEMOEA2-random_dense-UX to AGEMOEA2-random_dense-2P', 'Equivalence_Line_8: AGEMOEA2-random_dense-HUX to UNSGA3-random_dense-2P', 'Equivalence_Line_9: SMSEMOA-greedy_ting-1P to NSGA3-greedy_ting-UX', 'Equivalence_Line_10: AGEMOEA2-greedy_ting-HUX to SPEA2-greedy_ting-UX', 'Equivalence_Line_11: SPEA2-random_dense-UX to AGEMOEA2-greedy_ting-2P', 'Equivalence_Line_12: NSGA2-random_dense-HUX to NSGA3-random_dense-1P', 'Equivalence_Line_13: NSGA2-greedy_multi-UX to SPEA2-greedy_ting-2P', 'Equivalence_Line_14: SMSEMOA-greedy_multi-1P to NSGA2-greedy_multi-1P', 'Equivalence_Line_15: NSGA2-greedy_multi-HUX to NSGA2-greedy_ting-UX', 'Equivalence_Line_16: RVEA-greedy_multi-2P to UNSGA3-greedy_ting-2P', 'Equivalence_Line_17: SPEA2-random_dense-2P to NSGA3-greedy_ting-2P', 'Equivalence_Line_18: RVEA-greedy_multi-UX to NSGA3-greedy_ting-1P', 'Equivalence_Line_19: UNSGA3-greedy_ting-UX to UNSGA3-greedy_ting-1P', 'Equivalence_Line_20: AGEMOEA2-greedy_ting-2P to RVEA-random_dense-1P', 'Equivalence_Line_21: AGEMOEA2-random_dense-1P to RVEA-greedy_ting-UX', 'Equivalence_Line_22: SPEA2-random_dense-1P to RVEA-greedy_ting-1P']"
UNSGA3-greedy_ting-2P,0.229634701632374,"['Equivalence_Line_1: AGEMOEA2-greedy_multi-UX to SPEA2-random_dense-HUX', 'Equivalence_Line_2: NSGA3-greedy_multi-UX to NSGA2-greedy_multi-UX', 'Equivalence_Line_3: UNSGA3-greedy_multi-2P to SMSEMOA-greedy_multi-HUX', 'Equivalence_Line_4: NSGA3-greedy_multi-2P to SMSEMOA-random_dense-2P', 'Equivalence_Line_5: NSGA3-random_dense-HUX to NSGA2-greedy_multi-HUX', 'Equivalence_Line_6: NSGA3-random_dense-UX to SMSEMOA-greedy_multi-2P', 'Equivalence_Line_7: AGEMOEA2-random_dense-UX to AGEMOEA2-random_dense-2P', 'Equivalence_Line_8: AGEMOEA2-random_dense-HUX to UNSGA3-random_dense-2P', 'Equivalence_Line_9: SMSEMOA-greedy_ting-1P to NSGA3-greedy_ting-UX', 'Equivalence_Line_10: AGEMOEA2-greedy_ting-HUX to SPEA2-greedy_ting-UX', 'Equivalence_Line_11: SPEA2-random_dense-UX to AGEMOEA2-greedy_ting-2P', 'Equivalence_Line_12: NSGA2-random_dense-HUX to NSGA3-random_dense-1P', 'Equivalence_Line_13: NSGA2-greedy_multi-UX to SPEA2-greedy_ting-2P', 'Equivalence_Line_14: SMSEMOA-greedy_multi-1P to NSGA2-greedy_multi-1P', 'Equivalence_Line_15: NSGA2-greedy_multi-HUX to NSGA2-greedy_ting-UX', 'Equivalence_Line_16: RVEA-greedy_multi-2P to UNSGA3-greedy_ting-2P', 'Equivalence_Line_17: SPEA2-random_dense-2P to NSGA3-greedy_ting-2P', 'Equivalence_Line_18: RVEA-greedy_multi-UX to NSGA3-greedy_ting-1P', 'Equivalence_Line_19: UNSGA3-greedy_ting-UX to UNSGA3-greedy_ting-1P', 'Equivalence_Line_20: AGEMOEA2-greedy_ting-2P to RVEA-random_dense-1P', 'Equivalence_Line_21: AGEMOEA2-random_dense-1P to RVEA-greedy_ting-UX', 'Equivalence_Line_22: SPEA2-random_dense-1P to RVEA-greedy_ting-1P']"
NSGA3-greedy_ting-2P,0.22851042325667278,"['Equivalence_Line_1: AGEMOEA2-greedy_multi-UX to SPEA2-random_dense-HUX', 'Equivalence_Line_2: NSGA3-greedy_multi-UX to NSGA2-greedy_multi-UX', 'Equivalence_Line_3: UNSGA3-greedy_multi-2P to SMSEMOA-greedy_multi-HUX', 'Equivalence_Line_4: NSGA3-greedy_multi-2P to SMSEMOA-random_dense-2P', 'Equivalence_Line_5: NSGA3-random_dense-HUX to NSGA2-greedy_multi-HUX', 'Equivalence_Line_6: NSGA3-random_dense-UX to SMSEMOA-greedy_multi-2P', 'Equivalence_Line_7: AGEMOEA2-random_dense-UX to AGEMOEA2-random_dense-2P', 'Equivalence_Line_8: AGEMOEA2-random_dense-HUX to UNSGA3-random_dense-2P', 'Equivalence_Line_9: SMSEMOA-greedy_ting-1P to NSGA3-greedy_ting-UX', 'Equivalence_Line_10: AGEMOEA2-greedy_ting-HUX to SPEA2-greedy_ting-UX', 'Equivalence_Line_11: SPEA2-random_dense-UX to AGEMOEA2-greedy_ting-2P', 'Equivalence_Line_12: NSGA2-random_dense-HUX to NSGA3-random_dense-1P', 'Equivalence_Line_13: NSGA2-greedy_multi-UX to SPEA2-greedy_ting-2P', 'Equivalence_Line_14: SMSEMOA-greedy_multi-1P to NSGA2-greedy_multi-1P', 'Equivalence_Line_15: NSGA2-greedy_multi-HUX to NSGA2-greedy_ting-UX', 'Equivalence_Line_16: RVEA-greedy_multi-2P to UNSGA3-greedy_ting-2P', 'Equivalence_Line_17: SPEA2-random_dense-2P to NSGA3-greedy_ting-2P', 'Equivalence_Line_18: RVEA-greedy_multi-UX to NSGA3-greedy_ting-1P', 'Equivalence_Line_19: UNSGA3-greedy_ting-UX to UNSGA3-greedy_ting-1P', 'Equivalence_Line_20: AGEMOEA2-greedy_ting-2P to RVEA-random_dense-1P', 'Equivalence_Line_21: AGEMOEA2-random_dense-1P to RVEA-greedy_ting-UX', 'Equivalence_Line_22: SPEA2-random_dense-1P to RVEA-greedy_ting-1P']"
NSGA2-random_dense-2P,0.2279233396331647,"['Equivalence_Line_1: AGEMOEA2-greedy_multi-UX to SPEA2-random_dense-HUX', 'Equivalence_Line_2: NSGA3-greedy_multi-UX to NSGA2-greedy_multi-UX', 'Equivalence_Line_3: UNSGA3-greedy_multi-2P to SMSEMOA-greedy_multi-HUX', 'Equivalence_Line_4: NSGA3-greedy_multi-2P to SMSEMOA-random_dense-2P', 'Equivalence_Line_5: NSGA3-random_dense-HUX to NSGA2-greedy_multi-HUX', 'Equivalence_Line_6: NSGA3-random_dense-UX to SMSEMOA-greedy_multi-2P', 'Equivalence_Line_7: AGEMOEA2-random_dense-UX to AGEMOEA2-random_dense-2P', 'Equivalence_Line_8: AGEMOEA2-random_dense-HUX to UNSGA3-random_dense-2P', 'Equivalence_Line_9: SMSEMOA-greedy_ting-1P to NSGA3-greedy_ting-UX', 'Equivalence_Line_10: AGEMOEA2-greedy_ting-HUX to SPEA2-greedy_ting-UX', 'Equivalence_Line_11: SPEA2-random_dense-UX to AGEMOEA2-greedy_ting-2P', 'Equivalence_Line_12: NSGA2-random_dense-HUX to NSGA3-random_dense-1P', 'Equivalence_Line_13: NSGA2-greedy_multi-UX to SPEA2-greedy_ting-2P', 'Equivalence_Line_14: SMSEMOA-greedy_multi-1P to NSGA2-greedy_multi-1P', 'Equivalence_Line_15: NSGA2-greedy_multi-HUX to NSGA2-greedy_ting-UX', 'Equivalence_Line_16: RVEA-greedy_multi-2P to UNSGA3-greedy_ting-2P', 'Equivalence_Line_17: SPEA2-random_dense-2P to NSGA3-greedy_ting-2P', 'Equivalence_Line_18: RVEA-greedy_multi-UX to NSGA3-greedy_ting-1P', 'Equivalence_Line_19: UNSGA3-greedy_ting-UX to UNSGA3-greedy_ting-1P', 'Equivalence_Line_20: AGEMOEA2-greedy_ting-2P to RVEA-random_dense-1P', 'Equivalence_Line_21: AGEMOEA2-random_dense-1P to RVEA-greedy_ting-UX', 'Equivalence_Line_22: SPEA2-random_dense-1P to RVEA-greedy_ting-1P']"
NSGA2-random_dense-1P,0.22436872445018302,"['Equivalence_Line_1: AGEMOEA2-greedy_multi-UX to SPEA2-random_dense-HUX', 'Equivalence_Line_2: NSGA3-greedy_multi-UX to NSGA2-greedy_multi-UX', 'Equivalence_Line_3: UNSGA3-greedy_multi-2P to SMSEMOA-greedy_multi-HUX', 'Equivalence_Line_4: NSGA3-greedy_multi-2P to SMSEMOA-random_dense-2P', 'Equivalence_Line_5: NSGA3-random_dense-HUX to NSGA2-greedy_multi-HUX', 'Equivalence_Line_6: NSGA3-random_dense-UX to SMSEMOA-greedy_multi-2P', 'Equivalence_Line_7: AGEMOEA2-random_dense-UX to AGEMOEA2-random_dense-2P', 'Equivalence_Line_8: AGEMOEA2-random_dense-HUX to UNSGA3-random_dense-2P', 'Equivalence_Line_9: SMSEMOA-greedy_ting-1P to NSGA3-greedy_ting-UX', 'Equivalence_Line_10: AGEMOEA2-greedy_ting-HUX to SPEA2-greedy_ting-UX', 'Equivalence_Line_11: SPEA2-random_dense-UX to AGEMOEA2-greedy_ting-2P', 'Equivalence_Line_12: NSGA2-random_dense-HUX to NSGA3-random_dense-1P', 'Equivalence_Line_13: NSGA2-greedy_multi-UX to SPEA2-greedy_ting-2P', 'Equivalence_Line_14: SMSEMOA-greedy_multi-1P to NSGA2-greedy_multi-1P', 'Equivalence_Line_15: NSGA2-greedy_multi-HUX to NSGA2-greedy_ting-UX', 'Equivalence_Line_16: RVEA-greedy_multi-2P to UNSGA3-greedy_ting-2P', 'Equivalence_Line_17: SPEA2-random_dense-2P to NSGA3-greedy_ting-2P', 'Equivalence_Line_18: RVEA-greedy_multi-UX to NSGA3-greedy_ting-1P', 'Equivalence_Line_19: UNSGA3-greedy_ting-UX to UNSGA3-greedy_ting-1P', 'Equivalence_Line_20: AGEMOEA2-greedy_ting-2P to RVEA-random_dense-1P', 'Equivalence_Line_21: AGEMOEA2-random_dense-1P to RVEA-greedy_ting-UX', 'Equivalence_Line_22: SPEA2-random_dense-1P to RVEA-greedy_ting-1P']"
NSGA3-greedy_ting-1P,0.22432312754291697,"['Equivalence_Line_1: AGEMOEA2-greedy_multi-UX to SPEA2-random_dense-HUX', 'Equivalence_Line_2: NSGA3-greedy_multi-UX to NSGA2-greedy_multi-UX', 'Equivalence_Line_3: UNSGA3-greedy_multi-2P to SMSEMOA-greedy_multi-HUX', 'Equivalence_Line_4: NSGA3-greedy_multi-2P to SMSEMOA-random_dense-2P', 'Equivalence_Line_5: NSGA3-random_dense-HUX to NSGA2-greedy_multi-HUX', 'Equivalence_Line_6: NSGA3-random_dense-UX to SMSEMOA-greedy_multi-2P', 'Equivalence_Line_7: AGEMOEA2-random_dense-UX to AGEMOEA2-random_dense-2P', 'Equivalence_Line_8: AGEMOEA2-random_dense-HUX to UNSGA3-random_dense-2P', 'Equivalence_Line_9: SMSEMOA-greedy_ting-1P to NSGA3-greedy_ting-UX', 'Equivalence_Line_10: AGEMOEA2-greedy_ting-HUX to SPEA2-greedy_ting-UX', 'Equivalence_Line_11: SPEA2-random_dense-UX to AGEMOEA2-greedy_ting-2P', 'Equivalence_Line_12: NSGA2-random_dense-HUX to NSGA3-random_dense-1P', 'Equivalence_Line_13: NSGA2-greedy_multi-UX to SPEA2-greedy_ting-2P', 'Equivalence_Line_14: SMSEMOA-greedy_multi-1P to NSGA2-greedy_multi-1P', 'Equivalence_Line_15: NSGA2-greedy_multi-HUX to NSGA2-greedy_ting-UX', 'Equivalence_Line_16: RVEA-greedy_multi-2P to UNSGA3-greedy_ting-2P', 'Equivalence_Line_17: SPEA2-random_dense-2P to NSGA3-greedy_ting-2P', 'Equivalence_Line_18: RVEA-greedy_multi-UX to NSGA3-greedy_ting-1P', 'Equivalence_Line_19: UNSGA3-greedy_ting-UX to UNSGA3-greedy_ting-1P', 'Equivalence_Line_20: AGEMOEA2-greedy_ting-2P to RVEA-random_dense-1P', 'Equivalence_Line_21: AGEMOEA2-random_dense-1P to RVEA-greedy_ting-UX', 'Equivalence_Line_22: SPEA2-random_dense-1P to RVEA-greedy_ting-1P']"
RVEA-random_dense-2P,0.21987589658821957,"['Equivalence_Line_1: AGEMOEA2-greedy_multi-UX to SPEA2-random_dense-HUX', 'Equivalence_Line_2: NSGA3-greedy_multi-UX to NSGA2-greedy_multi-UX', 'Equivalence_Line_3: UNSGA3-greedy_multi-2P to SMSEMOA-greedy_multi-HUX', 'Equivalence_Line_4: NSGA3-greedy_multi-2P to SMSEMOA-random_dense-2P', 'Equivalence_Line_5: NSGA3-random_dense-HUX to NSGA2-greedy_multi-HUX', 'Equivalence_Line_6: NSGA3-random_dense-UX to SMSEMOA-greedy_multi-2P', 'Equivalence_Line_7: AGEMOEA2-random_dense-UX to AGEMOEA2-random_dense-2P', 'Equivalence_Line_8: AGEMOEA2-random_dense-HUX to UNSGA3-random_dense-2P', 'Equivalence_Line_9: SMSEMOA-greedy_ting-1P to NSGA3-greedy_ting-UX', 'Equivalence_Line_10: AGEMOEA2-greedy_ting-HUX to SPEA2-greedy_ting-UX', 'Equivalence_Line_11: SPEA2-random_dense-UX to AGEMOEA2-greedy_ting-2P', 'Equivalence_Line_12: NSGA2-random_dense-HUX to NSGA3-random_dense-1P', 'Equivalence_Line_13: NSGA2-greedy_multi-UX to SPEA2-greedy_ting-2P', 'Equivalence_Line_14: SMSEMOA-greedy_multi-1P to NSGA2-greedy_multi-1P', 'Equivalence_Line_15: NSGA2-greedy_multi-HUX to NSGA2-greedy_ting-UX', 'Equivalence_Line_16: RVEA-greedy_multi-2P to UNSGA3-greedy_ting-2P', 'Equivalence_Line_17: SPEA2-random_dense-2P to NSGA3-greedy_ting-2P', 'Equivalence_Line_18: RVEA-greedy_multi-UX to NSGA3-greedy_ting-1P', 'Equivalence_Line_19: UNSGA3-greedy_ting-UX to UNSGA3-greedy_ting-1P', 'Equivalence_Line_20: AGEMOEA2-greedy_ting-2P to RVEA-random_dense-1P', 'Equivalence_Line_21: AGEMOEA2-random_dense-1P to RVEA-greedy_ting-UX', 'Equivalence_Line_22: SPEA2-random_dense-1P to RVEA-greedy_ting-1P']"
UNSGA3-greedy_ting-1P,0.21976424548603585,"['Equivalence_Line_1: AGEMOEA2-greedy_multi-UX to SPEA2-random_dense-HUX', 'Equivalence_Line_2: NSGA3-greedy_multi-UX to NSGA2-greedy_multi-UX', 'Equivalence_Line_3: UNSGA3-greedy_multi-2P to SMSEMOA-greedy_multi-HUX', 'Equivalence_Line_4: NSGA3-greedy_multi-2P to SMSEMOA-random_dense-2P', 'Equivalence_Line_5: NSGA3-random_dense-HUX to NSGA2-greedy_multi-HUX', 'Equivalence_Line_6: NSGA3-random_dense-UX to SMSEMOA-greedy_multi-2P', 'Equivalence_Line_7: AGEMOEA2-random_dense-UX to AGEMOEA2-random_dense-2P', 'Equivalence_Line_8: AGEMOEA2-random_dense-HUX to UNSGA3-random_dense-2P', 'Equivalence_Line_9: SMSEMOA-greedy_ting-1P to NSGA3-greedy_ting-UX', 'Equivalence_Line_10: AGEMOEA2-greedy_ting-HUX to SPEA2-greedy_ting-UX', 'Equivalence_Line_11: SPEA2-random_dense-UX to AGEMOEA2-greedy_ting-2P', 'Equivalence_Line_12: NSGA2-random_dense-HUX to NSGA3-random_dense-1P', 'Equivalence_Line_13: NSGA2-greedy_multi-UX to SPEA2-greedy_ting-2P', 'Equivalence_Line_14: SMSEMOA-greedy_multi-1P to NSGA2-greedy_multi-1P', 'Equivalence_Line_15: NSGA2-greedy_multi-HUX to NSGA2-greedy_ting-UX', 'Equivalence_Line_16: RVEA-greedy_multi-2P to UNSGA3-greedy_ting-2P', 'Equivalence_Line_17: SPEA2-random_dense-2P to NSGA3-greedy_ting-2P', 'Equivalence_Line_18: RVEA-greedy_multi-UX to NSGA3-greedy_ting-1P', 'Equivalence_Line_19: UNSGA3-greedy_ting-UX to UNSGA3-greedy_ting-1P', 'Equivalence_Line_20: AGEMOEA2-greedy_ting-2P to RVEA-random_dense-1P', 'Equivalence_Line_21: AGEMOEA2-random_dense-1P to RVEA-greedy_ting-UX', 'Equivalence_Line_22: SPEA2-random_dense-1P to RVEA-greedy_ting-1P']"
RVEA-random_dense-1P,0.215372237319457,"['Equivalence_Line_1: AGEMOEA2-greedy_multi-UX to SPEA2-random_dense-HUX', 'Equivalence_Line_2: NSGA3-greedy_multi-UX to NSGA2-greedy_multi-UX', 'Equivalence_Line_3: UNSGA3-greedy_multi-2P to SMSEMOA-greedy_multi-HUX', 'Equivalence_Line_4: NSGA3-greedy_multi-2P to SMSEMOA-random_dense-2P', 'Equivalence_Line_5: NSGA3-random_dense-HUX to NSGA2-greedy_multi-HUX', 'Equivalence_Line_6: NSGA3-random_dense-UX to SMSEMOA-greedy_multi-2P', 'Equivalence_Line_7: AGEMOEA2-random_dense-UX to AGEMOEA2-random_dense-2P', 'Equivalence_Line_8: AGEMOEA2-random_dense-HUX to UNSGA3-random_dense-2P', 'Equivalence_Line_9: SMSEMOA-greedy_ting-1P to NSGA3-greedy_ting-UX', 'Equivalence_Line_10: AGEMOEA2-greedy_ting-HUX to SPEA2-greedy_ting-UX', 'Equivalence_Line_11: SPEA2-random_dense-UX to AGEMOEA2-greedy_ting-2P', 'Equivalence_Line_12: NSGA2-random_dense-HUX to NSGA3-random_dense-1P', 'Equivalence_Line_13: NSGA2-greedy_multi-UX to SPEA2-greedy_ting-2P', 'Equivalence_Line_14: SMSEMOA-greedy_multi-1P to NSGA2-greedy_multi-1P', 'Equivalence_Line_15: NSGA2-greedy_multi-HUX to NSGA2-greedy_ting-UX', 'Equivalence_Line_16: RVEA-greedy_multi-2P to UNSGA3-greedy_ting-2P', 'Equivalence_Line_17: SPEA2-random_dense-2P to NSGA3-greedy_ting-2P', 'Equivalence_Line_18: RVEA-greedy_multi-UX to NSGA3-greedy_ting-1P', 'Equivalence_Line_19: UNSGA3-greedy_ting-UX to UNSGA3-greedy_ting-1P', 'Equivalence_Line_20: AGEMOEA2-greedy_ting-2P to RVEA-random_dense-1P', 'Equivalence_Line_21: AGEMOEA2-random_dense-1P to RVEA-greedy_ting-UX', 'Equivalence_Line_22: SPEA2-random_dense-1P to RVEA-greedy_ting-1P']"
RVEA-greedy_ting-2P,0.19009235871672428,"['Equivalence_Line_1: AGEMOEA2-greedy_multi-UX to SPEA2-random_dense-HUX', 'Equivalence_Line_2: NSGA3-greedy_multi-UX to NSGA2-greedy_multi-UX', 'Equivalence_Line_3: UNSGA3-greedy_multi-2P to SMSEMOA-greedy_multi-HUX', 'Equivalence_Line_4: NSGA3-greedy_multi-2P to SMSEMOA-random_dense-2P', 'Equivalence_Line_5: NSGA3-random_dense-HUX to NSGA2-greedy_multi-HUX', 'Equivalence_Line_6: NSGA3-random_dense-UX to SMSEMOA-greedy_multi-2P', 'Equivalence_Line_7: AGEMOEA2-random_dense-UX to AGEMOEA2-random_dense-2P', 'Equivalence_Line_8: AGEMOEA2-random_dense-HUX to UNSGA3-random_dense-2P', 'Equivalence_Line_9: SMSEMOA-greedy_ting-1P to NSGA3-greedy_ting-UX', 'Equivalence_Line_10: AGEMOEA2-greedy_ting-HUX to SPEA2-greedy_ting-UX', 'Equivalence_Line_11: SPEA2-random_dense-UX to AGEMOEA2-greedy_ting-2P', 'Equivalence_Line_12: NSGA2-random_dense-HUX to NSGA3-random_dense-1P', 'Equivalence_Line_13: NSGA2-greedy_multi-UX to SPEA2-greedy_ting-2P', 'Equivalence_Line_14: SMSEMOA-greedy_multi-1P to NSGA2-greedy_multi-1P', 'Equivalence_Line_15: NSGA2-greedy_multi-HUX to NSGA2-greedy_ting-UX', 'Equivalence_Line_16: RVEA-greedy_multi-2P to UNSGA3-greedy_ting-2P', 'Equivalence_Line_17: SPEA2-random_dense-2P to NSGA3-greedy_ting-2P', 'Equivalence_Line_18: RVEA-greedy_multi-UX to NSGA3-greedy_ting-1P', 'Equivalence_Line_19: UNSGA3-greedy_ting-UX to UNSGA3-greedy_ting-1P', 'Equivalence_Line_20: AGEMOEA2-greedy_ting-2P to RVEA-random_dense-1P', 'Equivalence_Line_21: AGEMOEA2-random_dense-1P to RVEA-greedy_ting-UX', 'Equivalence_Line_22: SPEA2-random_dense-1P to RVEA-greedy_ting-1P']"
RVEA-greedy_ting-HUX,0.18280039504550627,"['Equivalence_Line_1: AGEMOEA2-greedy_multi-UX to SPEA2-random_dense-HUX', 'Equivalence_Line_2: NSGA3-greedy_multi-UX to NSGA2-greedy_multi-UX', 'Equivalence_Line_3: UNSGA3-greedy_multi-2P to SMSEMOA-greedy_multi-HUX', 'Equivalence_Line_4: NSGA3-greedy_multi-2P to SMSEMOA-random_dense-2P', 'Equivalence_Line_5: NSGA3-random_dense-HUX to NSGA2-greedy_multi-HUX', 'Equivalence_Line_6: NSGA3-random_dense-UX to SMSEMOA-greedy_multi-2P', 'Equivalence_Line_7: AGEMOEA2-random_dense-UX to AGEMOEA2-random_dense-2P', 'Equivalence_Line_8: AGEMOEA2-random_dense-HUX to UNSGA3-random_dense-2P', 'Equivalence_Line_9: SMSEMOA-greedy_ting-1P to NSGA3-greedy_ting-UX', 'Equivalence_Line_10: AGEMOEA2-greedy_ting-HUX to SPEA2-greedy_ting-UX', 'Equivalence_Line_11: SPEA2-random_dense-UX to AGEMOEA2-greedy_ting-2P', 'Equivalence_Line_12: NSGA2-random_dense-HUX to NSGA3-random_dense-1P', 'Equivalence_Line_13: NSGA2-greedy_multi-UX to SPEA2-greedy_ting-2P', 'Equivalence_Line_14: SMSEMOA-greedy_multi-1P to NSGA2-greedy_multi-1P', 'Equivalence_Line_15: NSGA2-greedy_multi-HUX to NSGA2-greedy_ting-UX', 'Equivalence_Line_16: RVEA-greedy_multi-2P to UNSGA3-greedy_ting-2P', 'Equivalence_Line_17: SPEA2-random_dense-2P to NSGA3-greedy_ting-2P', 'Equivalence_Line_18: RVEA-greedy_multi-UX to NSGA3-greedy_ting-1P', 'Equivalence_Line_19: UNSGA3-greedy_ting-UX to UNSGA3-greedy_ting-1P', 'Equivalence_Line_20: AGEMOEA2-greedy_ting-2P to RVEA-random_dense-1P', 'Equivalence_Line_21: AGEMOEA2-random_dense-1P to RVEA-greedy_ting-UX', 'Equivalence_Line_22: SPEA2-random_dense-1P to RVEA-greedy_ting-1P']"
RVEA-greedy_ting-UX,0.18187875594698696,"['Equivalence_Line_1: AGEMOEA2-greedy_multi-UX to SPEA2-random_dense-HUX', 'Equivalence_Line_2: NSGA3-greedy_multi-UX to NSGA2-greedy_multi-UX', 'Equivalence_Line_3: UNSGA3-greedy_multi-2P to SMSEMOA-greedy_multi-HUX', 'Equivalence_Line_4: NSGA3-greedy_multi-2P to SMSEMOA-random_dense-2P', 'Equivalence_Line_5: NSGA3-random_dense-HUX to NSGA2-greedy_multi-HUX', 'Equivalence_Line_6: NSGA3-random_dense-UX to SMSEMOA-greedy_multi-2P', 'Equivalence_Line_7: AGEMOEA2-random_dense-UX to AGEMOEA2-random_dense-2P', 'Equivalence_Line_8: AGEMOEA2-random_dense-HUX to UNSGA3-random_dense-2P', 'Equivalence_Line_9: SMSEMOA-greedy_ting-1P to NSGA3-greedy_ting-UX', 'Equivalence_Line_10: AGEMOEA2-greedy_ting-HUX to SPEA2-greedy_ting-UX', 'Equivalence_Line_11: SPEA2-random_dense-UX to AGEMOEA2-greedy_ting-2P', 'Equivalence_Line_12: NSGA2-random_dense-HUX to NSGA3-random_dense-1P', 'Equivalence_Line_13: NSGA2-greedy_multi-UX to SPEA2-greedy_ting-2P', 'Equivalence_Line_14: SMSEMOA-greedy_multi-1P to NSGA2-greedy_multi-1P', 'Equivalence_Line_15: NSGA2-greedy_multi-HUX to NSGA2-greedy_ting-UX', 'Equivalence_Line_16: RVEA-greedy_multi-2P to UNSGA3-greedy_ting-2P', 'Equivalence_Line_17: SPEA2-random_dense-2P to NSGA3-greedy_ting-2P', 'Equivalence_Line_18: RVEA-greedy_multi-UX to NSGA3-greedy_ting-1P', 'Equivalence_Line_19: UNSGA3-greedy_ting-UX to UNSGA3-greedy_ting-1P', 'Equivalence_Line_20: AGEMOEA2-greedy_ting-2P to RVEA-random_dense-1P', 'Equivalence_Line_21: AGEMOEA2-random_dense-1P to RVEA-greedy_ting-UX', 'Equivalence_Line_22: SPEA2-random_dense-1P to RVEA-greedy_ting-1P']"
RVEA-greedy_ting-1P,0.18042836563001338,"['Equivalence_Line_1: AGEMOEA2-greedy_multi-UX to SPEA2-random_dense-HUX', 'Equivalence_Line_2: NSGA3-greedy_multi-UX to NSGA2-greedy_multi-UX', 'Equivalence_Line_3: UNSGA3-greedy_multi-2P to SMSEMOA-greedy_multi-HUX', 'Equivalence_Line_4: NSGA3-greedy_multi-2P to SMSEMOA-random_dense-2P', 'Equivalence_Line_5: NSGA3-random_dense-HUX to NSGA2-greedy_multi-HUX', 'Equivalence_Line_6: NSGA3-random_dense-UX to SMSEMOA-greedy_multi-2P', 'Equivalence_Line_7: AGEMOEA2-random_dense-UX to AGEMOEA2-random_dense-2P', 'Equivalence_Line_8: AGEMOEA2-random_dense-HUX to UNSGA3-random_dense-2P', 'Equivalence_Line_9: SMSEMOA-greedy_ting-1P to NSGA3-greedy_ting-UX', 'Equivalence_Line_10: AGEMOEA2-greedy_ting-HUX to SPEA2-greedy_ting-UX', 'Equivalence_Line_11: SPEA2-random_dense-UX to AGEMOEA2-greedy_ting-2P', 'Equivalence_Line_12: NSGA2-random_dense-HUX to NSGA3-random_dense-1P', 'Equivalence_Line_13: NSGA2-greedy_multi-UX to SPEA2-greedy_ting-2P', 'Equivalence_Line_14: SMSEMOA-greedy_multi-1P to NSGA2-greedy_multi-1P', 'Equivalence_Line_15: NSGA2-greedy_multi-HUX to NSGA2-greedy_ting-UX', 'Equivalence_Line_16: RVEA-greedy_multi-2P to UNSGA3-greedy_ting-2P', 'Equivalence_Line_17: SPEA2-random_dense-2P to NSGA3-greedy_ting-2P', 'Equivalence_Line_18: RVEA-greedy_multi-UX to NSGA3-greedy_ting-1P', 'Equivalence_Line_19: UNSGA3-greedy_ting-UX to UNSGA3-greedy_ting-1P', 'Equivalence_Line_20: AGEMOEA2-greedy_ting-2P to RVEA-random_dense-1P', 'Equivalence_Line_21: AGEMOEA2-random_dense-1P to RVEA-greedy_ting-UX', 'Equivalence_Line_22: SPEA2-random_dense-1P to RVEA-greedy_ting-1P']"
